g1,g2,n1,n2,kappa_i,kappa_j,kappa_ij,eps_add,rho,eps_growth,growth_i,growth_j,growth_ij,J_support,J_dR,SL,panel,kappaV_i,kappaV_j,kappaV_ij,eps_masked,n_dis_ij,shared_subsystems
b0870,b2551,ltaE,glyA,1.14560243886151e-05,32.189029754157175,32.189029754156266,-1.1456025298173245e-05,0.9999996441016612,2.7933246309341797e-06,0.8769947315394453,0.8656368615614326,0.8656368615614323,0.4166666666666667,0.25980392156862747,False,ISO,0.0,0.0,0.0,0.0,7,;Alanine and Aspartate Metabolism;Alternate Carbon Metabolism
b3916,b1723,pfkA,pfkB,1.8722461476583845,0.0,244.64534369855957,242.77309755090118,130.6694336128168,-0.006579007609428644,0.8769972144269703,0.87699721442697,0.8712274440863864,0.0,0.0,False,TGT,0.0,0.0,0.0,0.0,3,
b2243,b3426,glpC,glpD,0.0,0.0,0.0,0.0,0.5,-1.140254557441267e-09,0.8769972144269701,0.87699721442697,0.87699721442697,0.0,0.0,False,ISO,0.0,0.0,0.0,0.0,3,
b2242,b3426,glpB,glpD,0.0,0.0,0.0,0.0,0.5,-1.140254557441267e-09,0.8769972144269701,0.87699721442697,0.87699721442697,0.0,0.0,False,ISO,0.0,0.0,0.0,0.0,3,
b2242,b0126,glpB,|can|,0.0,0.0,0.0,0.0,0.5,-1.140254335396662e-09,0.8769972144269701,0.87699721442697,0.8769972144269701,0.0,0.0,False,B,0.0,0.0,0.0,0.0,2,
b2242,b3752,glpB,rbsK,0.0,0.0,0.0,0.0,0.5,-1.140254779485872e-09,0.8769972144269701,0.8769972144269703,0.8769972144269701,0.0,0.0,False,B,0.0,0.0,0.0,0.0,3,
b2242,b4232,glpB,fbp,0.0,0.0,0.0,0.0,0.5,-1.140254335396662e-09,0.8769972144269701,0.87699721442697,0.8769972144269701,0.0,0.0,False,B,0.0,0.0,0.0,0.0,2,
b2242,b4025,glpB,pgi,0.0,438.1712989467118,438.17129894679636,8.458300726488233e-11,1.0000000000001907,-1.1307615954692096e-09,0.8769972144269701,0.8696956584514208,0.8696956584514206,0.0,0.0,False,X,0.0,0.0,0.0,0.0,3,
b2242,b3011,glpB,yqhD,0.0,0.0,0.0,0.0,0.5,-1.140254335396662e-09,0.8769972144269701,0.87699721442697,0.8769972144269701,0.0,0.0,False,B,0.0,0.0,0.0,0.0,3,
b2242,b0871,glpB,poxB,0.0,0.0,0.0,0.0,0.5,-1.140254557441267e-09,0.8769972144269701,0.8769972144269703,0.8769972144269703,0.0,0.0,False,B,0.0,0.0,0.0,0.0,3,
b2242,b4015,glpB,aceA,0.0,0.0,0.0,0.0,0.5,-1.140254779485872e-09,0.8769972144269701,0.8769972144269703,0.8769972144269701,0.0,0.0,False,B,0.0,0.0,0.0,0.0,3,
b2242,b3617,glpB,kbl,0.0,0.0,0.0,0.0,0.5,-1.1402550015304769e-09,0.8769972144269701,0.8769972144269703,0.87699721442697,0.0,0.0,False,B,0.0,0.0,0.0,0.0,3,
b2242,b2988,glpB,gss,0.0,0.0,0.0,0.0,0.5,-1.140254335396662e-09,0.8769972144269701,0.87699721442697,0.8769972144269701,0.0,0.0,False,B,0.0,0.0,0.0,0.0,4,
b2242,b1767,glpB,ansA,0.0,0.0,0.0,0.0,0.5,-1.140254335396662e-09,0.8769972144269701,0.87699721442697,0.8769972144269701,0.0,0.0,False,B,0.0,0.0,0.0,0.0,2,
b2242,b2601,glpB,aroF,0.0,0.0,0.0,0.0,0.5,-1.140254335396662e-09,0.8769972144269701,0.87699721442697,0.8769972144269701,0.0,0.0,False,B,0.0,0.0,0.0,0.0,2,
b2242,b0347,glpB,mhpA,0.0,0.0,0.0,0.0,0.5,-1.140254335396662e-09,0.8769972144269701,0.87699721442697,0.8769972144269701,0.0,0.0,False,B,0.0,0.0,0.0,0.0,4,
b2242,b1656,glpB,sodB,0.0,0.0,0.0,0.0,0.5,-1.140254335396662e-09,0.8769972144269701,0.87699721442697,0.8769972144269701,0.0,0.0,False,B,0.0,0.0,0.0,0.0,2,
b2242,b1465,glpB,narV,0.0,0.0,0.0,0.0,0.5,-1.140254335396662e-09,0.8769972144269701,0.87699721442697,0.8769972144269701,0.0,0.0,False,B,0.0,0.0,0.0,0.0,2,
b2242,b2429,glpB,murP,0.0,0.0,0.0,0.0,0.5,-1.140254335396662e-09,0.8769972144269701,0.87699721442697,0.8769972144269701,0.0,0.0,False,B,0.0,0.0,0.0,0.0,4,
b2242,b0861,glpB,artM,0.0,0.0,0.0,0.0,0.5,-1.140254335396662e-09,0.8769972144269701,0.87699721442697,0.8769972144269701,0.0,0.0,False,B,0.0,0.0,0.0,0.0,2,
b2242,b3736,glpB,atpF,0.0,19586.667612014615,19586.667612014622,7.275957614183426e-12,1.0000000000000002,-3.7046421486053305e-10,0.8769972144269701,0.2849329232733675,0.2849329232733675,0.0,0.0,False,X,0.0,19586.667612014615,19586.667612014622,7.275957614183426e-12,3,
b2242,b0341,glpB,cynX,0.0,0.0,0.0,0.0,0.5,-1.140254335396662e-09,0.8769972144269701,0.87699721442697,0.8769972144269701,0.0,0.0,False,B,0.0,0.0,0.0,0.0,3,
b2242,b0934,glpB,ssuC,0.0,0.0,0.0,0.0,0.5,-1.140254335396662e-09,0.8769972144269701,0.87699721442697,0.8769972144269701,0.0,0.0,False,B,0.0,0.0,0.0,0.0,5,
b2242,b1296,glpB,puuP,0.0,0.0,0.0,0.0,0.5,-1.140254335396662e-09,0.8769972144269701,0.87699721442697,0.8769972144269701,0.0,0.0,False,B,0.0,0.0,0.0,0.0,2,
b2242,b3626,glpB,waaJ,0.0,0.0,0.0,0.0,0.5,-1.1402541133520572e-09,0.8769972144269701,0.87699721442697,0.8769972144269702,0.0,0.0,False,B,0.0,0.0,0.0,0.0,3,
b2242,b2871,glpB,ygeX,0.0,0.0,0.0,0.0,0.5,-1.140254335396662e-09,0.8769972144269701,0.87699721442697,0.8769972144269701,0.0,0.0,False,B,0.0,0.0,0.0,0.0,3,
b2242,b3915,glpB,fieF,0.0,0.0,0.0,0.0,0.5,-1.1402550015304769e-09,0.8769972144269701,0.8769972144269703,0.87699721442697,0.0,0.0,False,B,0.0,0.0,0.0,0.0,4,
b2242,b1857,glpB,znuA,0.0,0.0,0.0,0.0,0.5,-1.140254335396662e-09,0.8769972144269701,0.8769972144269703,0.8769972144269705,0.0,0.0,False,B,0.0,0.0,0.0,0.0,3,
b2242,b0696,glpB,kdpC,0.0,0.0,0.0,0.0,0.5,-1.140254779485872e-09,0.8769972144269701,0.8769972144269703,0.8769972144269701,0.0,0.0,False,B,0.0,0.0,0.0,0.0,3,
b2242,b1186,glpB,nhaB,0.0,0.0,0.0,0.0,0.5,-1.140254557441267e-09,0.8769972144269701,0.8769972144269705,0.8769972144269704,0.0,0.0,False,B,0.0,0.0,0.0,0.0,3,
b2242,b3371,glpB,frlB,0.0,0.0,0.0,0.0,0.5,-1.140254335396662e-09,0.8769972144269701,0.87699721442697,0.8769972144269701,0.0,0.0,False,B,0.0,0.0,0.0,0.0,3,
b2242,b3748,glpB,rbsD,0.0,0.0,0.0,0.0,0.5,-1.140254335396662e-09,0.8769972144269701,0.87699721442697,0.8769972144269701,0.0,0.0,False,B,0.0,0.0,0.0,0.0,2,
b2242,b2482,glpB,hyfB,0.0,0.0,0.0,0.0,0.5,-1.140254335396662e-09,0.8769972144269701,0.87699721442697,0.8769972144269701,0.0,0.0,False,B,0.0,0.0,0.0,0.0,2,
b2242,b1640,glpB,anmK,0.0,0.0,0.0,0.0,0.5,-1.140254557441267e-09,0.8769972144269701,0.87699721442697,0.87699721442697,0.0,0.0,False,B,0.0,0.0,0.0,0.0,3,
b2242,b3919,glpB,tpiA,0.0,871.9980214793411,871.9980214793349,-6.252776074688882e-12,0.9999999999999917,-1.0950932383124723e-09,0.8769972144269701,0.8422625567901132,0.8422625567901132,0.0,0.0,False,X,0.0,0.0,0.0,0.0,3,
b2242,b3630,glpB,waaP,0.0,0.0,0.0,0.0,0.5,-1.1402541133520572e-09,0.8769972144269701,0.87699721442697,0.8769972144269702,0.0,0.0,False,B,0.0,0.0,0.0,0.0,3,
b2242,b4394,glpB,yjjX,0.0,0.0,0.0,0.0,0.5,-1.140254335396662e-09,0.8769972144269701,0.87699721442697,0.8769972144269701,0.0,0.0,False,B,0.0,0.0,0.0,0.0,4,
b2242,b2146,glpB,preT,0.0,0.0,0.0,0.0,0.5,-1.140254335396662e-09,0.8769972144269701,0.87699721442697,0.8769972144269701,0.0,0.0,False,B,0.0,0.0,0.0,0.0,3,
b2242,b0832,glpB,gsiD,0.0,0.0,0.0,0.0,0.5,-1.140254779485872e-09,0.8769972144269701,0.8769972144269701,0.87699721442697,0.0,0.0,False,B,0.0,0.0,0.0,0.0,3,
b2242,b3396,glpB,mrcA,0.0,0.0,0.0,0.0,0.5,-1.140254335396662e-09,0.8769972144269701,0.87699721442697,0.8769972144269701,0.0,0.0,False,B,0.0,0.0,0.0,0.0,2,
b2242,b0723,glpB,sdhA,0.0,3719.237820017231,3719.237820016615,-6.161826604511589e-10,0.9999999999998341,-1.0945263584360987e-09,0.8769972144269701,0.8418157926999568,0.8418157926999444,0.0,0.0,False,X,0.0,0.0,0.0,0.0,3,
b2242,b2282,glpB,nuoH,0.0,3294.285861140926,3294.285861140378,-5.479705578181893e-10,0.9999999999998334,-9.863688754663258e-10,0.8769972144269701,0.7586431920374903,0.758643192037494,0.0,0.0,False,X,0.0,3294.285861140926,3294.285861140378,-5.479705578181893e-10,5,
b2242,b2278,glpB,nuoL,0.0,3294.285861140926,3294.285861140378,-5.479705578181893e-10,0.9999999999998334,-9.863688754663258e-10,0.8769972144269701,0.7586431920374903,0.758643192037494,0.0,0.0,False,X,0.0,3294.285861140926,3294.285861140378,-5.479705578181893e-10,5,
b2242,b0681,glpB,chiP,0.0,0.0,0.0,0.0,0.5,-1.140254335396662e-09,0.8769972144269701,0.87699721442697,0.8769972144269701,0.0,0.0,False,B,0.0,0.0,0.0,0.0,2,
b2242,b1473,glpB,yddG,0.0,0.0,0.0,0.0,0.5,-1.140254335396662e-09,0.8769972144269701,0.8769972144269699,0.8769972144269701,0.0,0.0,False,B,0.0,0.0,0.0,0.0,5,
b2242,b0401,glpB,brnQ,0.0,0.0,0.0,0.0,0.5,-1.140254335396662e-09,0.8769972144269701,0.8769972144269699,0.8769972144269701,0.0,0.0,False,B,0.0,0.0,0.0,0.0,5,
b2242,b2842,glpB,kduD,0.0,0.0,0.0,0.0,0.5,-1.140254335396662e-09,0.8769972144269701,0.87699721442697,0.8769972144269701,0.0,0.0,False,B,0.0,0.0,0.0,0.0,2,
b2242,b4101,glpB,phnG,0.0,0.0,0.0,0.0,0.5,-1.140254335396662e-09,0.8769972144269701,0.87699721442697,0.8769972144269701,0.0,0.0,False,B,0.0,0.0,0.0,0.0,3,
b2242,b2682,glpB,ygaZ,0.0,0.0,0.0,0.0,0.5,-1.140254335396662e-09,0.8769972144269701,0.87699721442697,0.8769972144269701,0.0,0.0,False,B,0.0,0.0,0.0,0.0,2,
b2241,b3426,glpA,glpD,0.0,0.0,0.0,0.0,0.5,-1.140254557441267e-09,0.8769972144269701,0.87699721442697,0.87699721442697,0.0,0.0,False,ISO,0.0,0.0,0.0,0.0,3,
b1692,b3281,ydiB,aroE,0.0,0.0,18414.902542344036,18414.902542344036,9207451271172018.0,-1.0000000022805087,0.87699721442697,0.87699721442697,-0.0,0.0,0.0,True,ISO,0.0,0.0,18414.902542344036,18414.902542344036,3,
b0446,b3812,cof,yigB,0.0,0.0,0.0,0.0,0.5,-1.140254335396662e-09,0.87699721442697,0.87699721442697,0.87699721442697,0.0,0.0,False,ISO,0.0,0.0,0.0,0.0,0,
b0446,b0844,cof,ybjI,0.0,0.0,0.0,0.0,0.5,-1.140254335396662e-09,0.87699721442697,0.87699721442697,0.87699721442697,0.0,0.0,False,ISO,0.0,0.0,0.0,0.0,0,
b0446,b1134,cof,nudJ,0.0,0.0,0.0,0.0,0.5,-1.1402541133520572e-09,0.87699721442697,0.8769972144269695,0.8769972144269697,0.0,0.0,False,ISO,0.0,0.0,0.0,0.0,2,
b0446,b2293,cof,yfbT,0.0,0.0,0.0,0.0,0.5,-1.140254335396662e-09,0.87699721442697,0.87699721442697,0.87699721442697,0.0,0.0,False,ISO,0.0,0.0,0.0,0.0,1,
b0446,b0675,cof,umpH,0.0,0.0,0.0,0.0,0.5,-1.140254335396662e-09,0.87699721442697,0.87699721442697,0.87699721442697,0.0,0.0,False,ISO,0.0,0.0,0.0,0.0,0,
b0446,b0766,cof,ybhA,0.0,0.0,0.0,0.0,0.5,-1.140254335396662e-09,0.87699721442697,0.87699721442697,0.87699721442697,0.0,0.0,False,ISO,0.0,0.0,0.0,0.0,1,
b0446,b3826,cof,yigL,0.0,0.0,0.0,0.0,0.5,-1.140254335396662e-09,0.87699721442697,0.87699721442697,0.87699721442697,0.0,0.0,False,ISO,0.0,0.0,0.0,0.0,0,
b0446,b1727,cof,yniC,0.0,0.0,0.0,0.0,0.5,-1.140254335396662e-09,0.87699721442697,0.8769972144269701,0.8769972144269701,0.0,0.0,False,ISO,0.0,0.0,0.0,0.0,1,
b0844,b3812,ybjI,yigB,0.0,0.0,18414.902542344003,18414.902542344003,9207451271172002.0,-1.0000000022805087,0.87699721442697,0.87699721442697,-0.0,0.0,0.0,True,ISO,0.0,0.0,18414.902542344003,18414.902542344003,1,
b4382,b4384,deoA,deoD,0.0,2.6609638263948515e-06,2.6609638061759413e-06,-2.021891023205359e-14,0.9999996165982665,-1.1402515598391005e-09,0.8769972144269701,0.8769949942192896,0.8769949942192897,0.0,0.0,False,ISO,0.0,0.0,0.0,0.0,4,
b0126,b0339,|can|,cynT,0.0,0.0,18414.902542344018,18414.902542344018,9207451271172010.0,-1.0000000022805087,0.87699721442697,0.87699721442697,-0.0,0.0,0.0,True,ISO,0.0,0.0,18414.902542344018,18414.902542344018,1,
b0126,b3752,|can|,rbsK,0.0,0.0,0.0,0.0,0.5,-1.140254335396662e-09,0.87699721442697,0.8769972144269703,0.8769972144269703,0.0,0.0,False,B,0.0,0.0,0.0,0.0,1,
b0126,b4232,|can|,fbp,0.0,0.0,0.0,0.0,0.5,-1.140254335396662e-09,0.87699721442697,0.87699721442697,0.87699721442697,0.0,0.0,False,B,0.0,0.0,0.0,0.0,0,
b0126,b2926,|can|,pgk,0.0,3084.5992339759005,3084.5992339759005,0.0,0.9999999999999997,-9.874124851094734e-10,0.87699721442697,0.7594428152438919,0.7594428152438919,0.0,0.0,False,X,0.0,3084.5992339759005,3084.5992339759005,0.0,1,
b0126,b3011,|can|,yqhD,0.0,0.0,0.0,0.0,0.5,-1.140254335396662e-09,0.87699721442697,0.87699721442697,0.87699721442697,0.0,0.0,False,B,0.0,0.0,0.0,0.0,1,
b0126,b0871,|can|,poxB,0.0,0.0,0.0,0.0,0.5,-1.140254335396662e-09,0.87699721442697,0.8769972144269703,0.8769972144269703,0.0,0.0,False,B,0.0,0.0,0.0,0.0,1,
b0126,b4015,|can|,aceA,0.0,0.0,0.0,0.0,0.5,-1.140254335396662e-09,0.87699721442697,0.8769972144269703,0.8769972144269703,0.0,0.0,False,B,0.0,0.0,0.0,0.0,1,
b0126,b3617,|can|,kbl,0.0,0.0,0.0,0.0,0.5,-1.140254335396662e-09,0.87699721442697,0.8769972144269703,0.8769972144269703,0.0,0.0,False,B,0.0,0.0,0.0,0.0,1,
b0126,b2988,|can|,gss,0.0,0.0,0.0,0.0,0.5,-1.140254335396662e-09,0.87699721442697,0.87699721442697,0.87699721442697,0.0,0.0,False,B,0.0,0.0,0.0,0.0,2,
b0126,b1767,|can|,ansA,0.0,0.0,0.0,0.0,0.5,-1.140254335396662e-09,0.87699721442697,0.87699721442697,0.87699721442697,0.0,0.0,False,B,0.0,0.0,0.0,0.0,0,
b0126,b2601,|can|,aroF,0.0,0.0,0.0,0.0,0.5,-1.140254335396662e-09,0.87699721442697,0.87699721442697,0.87699721442697,0.0,0.0,False,B,0.0,0.0,0.0,0.0,0,
b0126,b0347,|can|,mhpA,0.0,0.0,0.0,0.0,0.5,-1.140254335396662e-09,0.87699721442697,0.87699721442697,0.87699721442697,0.0,0.0,False,B,0.0,0.0,0.0,0.0,2,
b0126,b1656,|can|,sodB,0.0,0.0,0.0,0.0,0.5,-1.140254335396662e-09,0.87699721442697,0.87699721442697,0.87699721442697,0.0,0.0,False,B,0.0,0.0,0.0,0.0,0,
b0126,b1465,|can|,narV,0.0,0.0,0.0,0.0,0.5,-1.140254335396662e-09,0.87699721442697,0.87699721442697,0.87699721442697,0.0,0.0,False,B,0.0,0.0,0.0,0.0,0,
b0126,b2429,|can|,murP,0.0,0.0,0.0,0.0,0.5,-1.140254335396662e-09,0.87699721442697,0.87699721442697,0.87699721442697,0.0,0.0,False,B,0.0,0.0,0.0,0.0,2,
b0126,b0861,|can|,artM,0.0,0.0,0.0,0.0,0.5,-1.140254335396662e-09,0.87699721442697,0.87699721442697,0.87699721442697,0.0,0.0,False,B,0.0,0.0,0.0,0.0,0,
b0126,b3735,|can|,atpH,0.0,19586.667612014615,19586.667612014615,0.0,0.9999999999999998,-3.704641038382306e-10,0.87699721442697,0.2849329232733675,0.2849329232733675,0.0,0.0,False,X,0.0,19586.667612014615,19586.667612014615,0.0,1,
b0126,b0341,|can|,cynX,0.0,0.0,0.0,0.0,0.5,-1.140254335396662e-09,0.87699721442697,0.87699721442697,0.87699721442697,0.0,0.0,False,B,0.0,0.0,0.0,0.0,1,
b0126,b0934,|can|,ssuC,0.0,0.0,0.0,0.0,0.5,-1.140254335396662e-09,0.87699721442697,0.87699721442697,0.87699721442697,0.0,0.0,False,B,0.0,0.0,0.0,0.0,3,
b0126,b1296,|can|,puuP,0.0,0.0,0.0,0.0,0.5,-1.140254335396662e-09,0.87699721442697,0.87699721442697,0.87699721442697,0.0,0.0,False,B,0.0,0.0,0.0,0.0,0,
b0126,b3626,|can|,waaJ,0.0,0.0,0.0,0.0,0.5,-1.140254335396662e-09,0.87699721442697,0.87699721442697,0.87699721442697,0.0,0.0,False,B,0.0,0.0,0.0,0.0,1,
b0126,b2871,|can|,ygeX,0.0,0.0,0.0,0.0,0.5,-1.140254335396662e-09,0.87699721442697,0.87699721442697,0.87699721442697,0.0,0.0,False,B,0.0,0.0,0.0,0.0,1,
b0126,b3915,|can|,fieF,0.0,0.0,0.0,0.0,0.5,-1.140254335396662e-09,0.87699721442697,0.8769972144269703,0.8769972144269703,0.0,0.0,False,B,0.0,0.0,0.0,0.0,2,
b0126,b1857,|can|,znuA,0.0,0.0,0.0,0.0,0.5,-1.140254335396662e-09,0.87699721442697,0.8769972144269703,0.8769972144269703,0.0,0.0,False,B,0.0,0.0,0.0,0.0,1,
b0126,b0696,|can|,kdpC,0.0,0.0,0.0,0.0,0.5,-1.140254335396662e-09,0.87699721442697,0.8769972144269703,0.8769972144269703,0.0,0.0,False,B,0.0,0.0,0.0,0.0,1,
b0126,b1186,|can|,nhaB,0.0,0.0,0.0,0.0,0.5,-1.140254335396662e-09,0.87699721442697,0.8769972144269705,0.8769972144269705,0.0,0.0,False,B,0.0,0.0,0.0,0.0,1,
b0126,b3371,|can|,frlB,0.0,0.0,0.0,0.0,0.5,-1.140254335396662e-09,0.87699721442697,0.87699721442697,0.87699721442697,0.0,0.0,False,B,0.0,0.0,0.0,0.0,1,
b0126,b3748,|can|,rbsD,0.0,0.0,0.0,0.0,0.5,-1.140254335396662e-09,0.87699721442697,0.87699721442697,0.87699721442697,0.0,0.0,False,B,0.0,0.0,0.0,0.0,0,
b0126,b2482,|can|,hyfB,0.0,0.0,0.0,0.0,0.5,-1.140254335396662e-09,0.87699721442697,0.87699721442697,0.87699721442697,0.0,0.0,False,B,0.0,0.0,0.0,0.0,0,
b0126,b1640,|can|,anmK,0.0,0.0,0.0,0.0,0.5,-1.140254335396662e-09,0.87699721442697,0.87699721442697,0.87699721442697,0.0,0.0,False,B,0.0,0.0,0.0,0.0,1,
b0126,b3630,|can|,waaP,0.0,0.0,0.0,0.0,0.5,-1.140254335396662e-09,0.87699721442697,0.87699721442697,0.87699721442697,0.0,0.0,False,B,0.0,0.0,0.0,0.0,1,
b0126,b4394,|can|,yjjX,0.0,0.0,0.0,0.0,0.5,-1.140254335396662e-09,0.87699721442697,0.87699721442697,0.87699721442697,0.0,0.0,False,B,0.0,0.0,0.0,0.0,2,
b0126,b2146,|can|,preT,0.0,0.0,0.0,0.0,0.5,-1.140254335396662e-09,0.87699721442697,0.87699721442697,0.87699721442697,0.0,0.0,False,B,0.0,0.0,0.0,0.0,1,
b0126,b0832,|can|,gsiD,0.0,0.0,0.0,0.0,0.5,-1.140254335396662e-09,0.87699721442697,0.8769972144269701,0.8769972144269701,0.0,0.0,False,B,0.0,0.0,0.0,0.0,1,
b0126,b3396,|can|,mrcA,0.0,0.0,0.0,0.0,0.5,-1.140254335396662e-09,0.87699721442697,0.87699721442697,0.87699721442697,0.0,0.0,False,B,0.0,0.0,0.0,0.0,0,
b0126,b0429,|can|,cyoD,0.0,7798.596633039896,7798.596633039896,0.0,0.9999999999999999,-1.011038586185009e-09,0.87699721442697,0.7776142830847725,0.7776142830847725,0.0,0.0,False,X,0.0,7798.596633039896,7798.596633039896,0.0,1,
b0126,b0432,|can|,cyoA,0.0,7798.596633039896,7798.596633039896,0.0,0.9999999999999999,-1.011038586185009e-09,0.87699721442697,0.7776142830847725,0.7776142830847725,0.0,0.0,False,X,0.0,7798.596633039896,7798.596633039896,0.0,1,
b0126,b0723,|can|,sdhA,0.0,3719.237820017231,3719.237820017231,0.0,0.9999999999999998,-1.0945121475813835e-09,0.87699721442697,0.8418157926999568,0.8418157926999568,0.0,0.0,False,X,0.0,0.0,0.0,0.0,1,
b0126,b2283,|can|,nuoG,0.0,3294.285861140926,3294.285861140926,0.0,0.9999999999999998,-9.86372761246912e-10,0.87699721442697,0.7586431920374903,0.7586431920374903,0.0,0.0,False,X,0.0,3294.285861140926,3294.285861140926,0.0,3,
b0126,b2284,|can|,nuoF,0.0,3294.285861140926,3294.285861140926,0.0,0.9999999999999998,-9.86372761246912e-10,0.87699721442697,0.7586431920374903,0.7586431920374903,0.0,0.0,False,X,0.0,3294.285861140926,3294.285861140926,0.0,3,
b0126,b2278,|can|,nuoL,0.0,3294.285861140926,3294.285861140926,0.0,0.9999999999999998,-9.86372761246912e-10,0.87699721442697,0.7586431920374903,0.7586431920374903,0.0,0.0,False,X,0.0,3294.285861140926,3294.285861140926,0.0,3,
b0126,b0681,|can|,chiP,0.0,0.0,0.0,0.0,0.5,-1.140254335396662e-09,0.87699721442697,0.87699721442697,0.87699721442697,0.0,0.0,False,B,0.0,0.0,0.0,0.0,0,
b0126,b1473,|can|,yddG,0.0,0.0,0.0,0.0,0.5,-1.140254335396662e-09,0.87699721442697,0.8769972144269699,0.8769972144269699,0.0,0.0,False,B,0.0,0.0,0.0,0.0,3,
b0126,b0401,|can|,brnQ,0.0,0.0,0.0,0.0,0.5,-1.140254335396662e-09,0.87699721442697,0.8769972144269699,0.8769972144269699,0.0,0.0,False,B,0.0,0.0,0.0,0.0,3,
b0126,b2842,|can|,kduD,0.0,0.0,0.0,0.0,0.5,-1.140254335396662e-09,0.87699721442697,0.87699721442697,0.87699721442697,0.0,0.0,False,B,0.0,0.0,0.0,0.0,0,
b0126,b4101,|can|,phnG,0.0,0.0,0.0,0.0,0.5,-1.140254335396662e-09,0.87699721442697,0.87699721442697,0.87699721442697,0.0,0.0,False,B,0.0,0.0,0.0,0.0,1,
b0126,b2682,|can|,ygaZ,0.0,0.0,0.0,0.0,0.5,-1.140254335396662e-09,0.87699721442697,0.87699721442697,0.87699721442697,0.0,0.0,False,B,0.0,0.0,0.0,0.0,0,
b2341,b3846,fadJ,fadB,0.0,2.467218794755018,32.04701595077522,29.5797971560202,12.98912606327334,-0.005414670880815486,0.87699721442697,0.8745229204157265,0.8697742701388057,0.0,0.0,False,ISO,0.0,0.0,0.0,0.0,19,
b0125,b0238,hpt,gpt,0.0,0.0,0.0,0.0,0.5,-1.1402538913074522e-09,0.87699721442697,0.8769972144269701,0.8769972144269704,0.0,0.0,False,ISO,0.0,0.0,0.0,0.0,3,
b0474,b2518,adk,ndk,26.473733090728206,0.0,32.25565110234551,5.781918011617304,1.2184020663727568,-1.140251448816798e-09,0.8769949942192898,0.87699721442697,0.8769949942192898,0.0,0.0,False,ISO,0.0,0.0,0.0,0.0,13,
b0351,b1241,mhpF,adhE,0.0,0.0,0.0,0.0,0.5,-1.1402541133520572e-09,0.87699721442697,0.87699721442697,0.8769972144269701,0.0,0.0,False,ISO,0.0,0.0,0.0,0.0,1,
b1241,b1478,adhE,adhP,0.0,0.0,0.0,0.0,0.5,-1.140254335396662e-09,0.87699721442697,0.87699721442697,0.87699721442697,0.0,0.0,False,ISO,0.0,0.0,0.0,0.0,2,
b2502,b4226,ppx,ppa,0.0,0.0,0.0,0.0,0.5,-1.140254335396662e-09,0.87699721442697,0.87699721442697,0.87699721442697,0.0,0.0,False,ISO,0.0,0.0,0.0,0.0,0,
b2502,b2744,ppx,umpG,0.0,0.0,0.0,0.0,0.5,-1.140254779485872e-09,0.87699721442697,0.8769972144269701,0.8769972144269698,0.0,0.0,False,ISO,0.0,0.0,0.0,0.0,2,
b2744,b4226,umpG,ppa,0.0,0.0,0.0,0.0,0.5,-1.140254335396662e-09,0.8769972144269701,0.87699721442697,0.8769972144269701,0.0,0.0,False,ISO,0.0,0.0,0.0,0.0,1,
b2744,b4374,umpG,yjjG,0.0,0.0,0.0,0.0,0.5,-1.140254335396662e-09,0.8769972144269701,0.87699721442697,0.8769972144269701,0.0,0.0,False,ISO,0.0,0.0,0.0,0.0,1,
b2744,b3399,umpG,yrfG,0.0,0.0,0.0,0.0,0.5,-1.140254335396662e-09,0.8769972144269701,0.87699721442697,0.8769972144269701,0.0,0.0,False,ISO,0.0,0.0,0.0,0.0,2,
b1190,b4053,dadX,alr,0.0,0.0,18414.902542344018,18414.902542344018,9207451271172010.0,-1.0000000022805087,0.87699721442697,0.87699721442697,-0.0,0.0,0.0,True,ISO,0.0,0.0,18414.902542344018,18414.902542344018,1,
b2290,b2379,alaA,alaC,0.0,0.0,0.7811434617574928,0.7811434617574928,390571730879.2464,-1.1402538913074522e-09,0.87699721442697,0.87699721442697,0.8769972144269703,0.0,0.0,False,ISO,0.0,0.0,0.0,0.0,1,
b0063,b3564,araB,xylB,0.0,0.0,0.0,0.0,0.5,-1.140254335396662e-09,0.8769972144269703,0.87699721442697,0.8769972144269703,0.0,0.0,False,ISO,0.0,0.0,0.0,0.0,3,
b0063,b3580,araB,lyxK,0.0,0.0,0.0,0.0,0.5,-1.140254335396662e-09,0.8769972144269703,0.87699721442697,0.8769972144269703,0.0,0.0,False,ISO,0.0,0.0,0.0,0.0,3,
b3752,b4232,rbsK,fbp,0.0,0.0,0.0,0.0,0.5,-1.140254335396662e-09,0.8769972144269703,0.87699721442697,0.8769972144269703,0.0,0.0,False,B,0.0,0.0,0.0,0.0,1,
b3752,b2779,rbsK,eno,0.0,1926.6635249317378,1926.6635249317346,-3.183231456205249e-12,0.9999999999999978,-1.0447820386616513e-09,0.8769972144269703,0.803566917277363,0.8035669172773631,0.0,0.0,False,X,0.0,1926.6635249317378,1926.6635249317346,-3.183231456205249e-12,2,
b3752,b4025,rbsK,pgi,0.0,438.1712989467118,438.1712989467081,-3.694822225952521e-12,0.9999999999999893,-1.1307612624023022e-09,0.8769972144269703,0.8696956584514208,0.869695658451421,0.0,0.0,False,X,0.0,0.0,0.0,0.0,2,
b3752,b3011,rbsK,yqhD,0.0,0.0,0.0,0.0,0.5,-1.140254335396662e-09,0.8769972144269703,0.87699721442697,0.8769972144269703,0.0,0.0,False,B,0.0,0.0,0.0,0.0,2,
b3752,b0871,rbsK,poxB,0.0,0.0,0.0,0.0,0.5,-1.1402550015304769e-09,0.8769972144269703,0.8769972144269703,0.8769972144269701,0.0,0.0,False,B,0.0,0.0,0.0,0.0,2,
b3752,b4015,rbsK,aceA,0.0,0.0,0.0,0.0,0.5,-1.1402552235750818e-09,0.8769972144269703,0.8769972144269703,0.87699721442697,0.0,0.0,False,B,0.0,0.0,0.0,0.0,2,
b3752,b3617,rbsK,kbl,0.0,0.0,0.0,0.0,0.5,-1.140254557441267e-09,0.8769972144269703,0.8769972144269703,0.8769972144269704,0.0,0.0,False,B,0.0,0.0,0.0,0.0,2,
b3752,b2988,rbsK,gss,0.0,0.0,0.0,0.0,0.5,-1.140254335396662e-09,0.8769972144269703,0.87699721442697,0.8769972144269703,0.0,0.0,False,B,0.0,0.0,0.0,0.0,3,
b3752,b2415,rbsK,ptsH,0.0,448.4367692909351,448.43676929090634,-2.8762769943568856e-11,0.9999999999999337,-1.1280277822933726e-09,0.8769972144269703,0.867593023657186,0.8675930236571859,0.0,0.0,False,X,0.0,0.0,0.0,0.0,22,
b3752,b1767,rbsK,ansA,0.0,0.0,0.0,0.0,0.5,-1.140254335396662e-09,0.8769972144269703,0.87699721442697,0.8769972144269703,0.0,0.0,False,B,0.0,0.0,0.0,0.0,1,
b3752,b2601,rbsK,aroF,0.0,0.0,0.0,0.0,0.5,-1.140254335396662e-09,0.8769972144269703,0.87699721442697,0.8769972144269703,0.0,0.0,False,B,0.0,0.0,0.0,0.0,1,
b3752,b0347,rbsK,mhpA,0.0,0.0,0.0,0.0,0.5,-1.140254335396662e-09,0.8769972144269703,0.87699721442697,0.8769972144269703,0.0,0.0,False,B,0.0,0.0,0.0,0.0,3,
b3752,b1656,rbsK,sodB,0.0,0.0,0.0,0.0,0.5,-1.140254335396662e-09,0.8769972144269703,0.87699721442697,0.8769972144269703,0.0,0.0,False,B,0.0,0.0,0.0,0.0,1,
b3752,b1465,rbsK,narV,0.0,0.0,0.0,0.0,0.5,-1.140254335396662e-09,0.8769972144269703,0.87699721442697,0.8769972144269703,0.0,0.0,False,B,0.0,0.0,0.0,0.0,1,
b3752,b2429,rbsK,murP,0.0,0.0,0.0,0.0,0.5,-1.140254335396662e-09,0.8769972144269703,0.87699721442697,0.8769972144269703,0.0,0.0,False,B,0.0,0.0,0.0,0.0,3,
b3752,b0861,rbsK,artM,0.0,0.0,0.0,0.0,0.5,-1.140254335396662e-09,0.8769972144269703,0.87699721442697,0.8769972144269703,0.0,0.0,False,B,0.0,0.0,0.0,0.0,1,
b3752,b3735,rbsK,atpH,0.0,19586.667612014615,19586.667612014615,0.0,0.9999999999999998,-3.704642703716843e-10,0.8769972144269703,0.2849329232733675,0.2849329232733675,0.0,0.0,False,X,0.0,19586.667612014615,19586.667612014615,0.0,2,
b3752,b0341,rbsK,cynX,0.0,0.0,0.0,0.0,0.5,-1.140254335396662e-09,0.8769972144269703,0.87699721442697,0.8769972144269703,0.0,0.0,False,B,0.0,0.0,0.0,0.0,2,
b3752,b0934,rbsK,ssuC,0.0,0.0,0.0,0.0,0.5,-1.140254335396662e-09,0.8769972144269703,0.87699721442697,0.8769972144269703,0.0,0.0,False,B,0.0,0.0,0.0,0.0,4,
b3752,b1296,rbsK,puuP,0.0,0.0,0.0,0.0,0.5,-1.140254335396662e-09,0.8769972144269703,0.87699721442697,0.8769972144269703,0.0,0.0,False,B,0.0,0.0,0.0,0.0,1,
b3752,b3626,rbsK,waaJ,0.0,0.0,0.0,0.0,0.5,-1.1402512267721931e-09,0.8769972144269703,0.87699721442697,0.8769972144269731,0.0,0.0,False,B,0.0,0.0,0.0,0.0,2,
b3752,b2871,rbsK,ygeX,0.0,0.0,0.0,0.0,0.5,-1.140254335396662e-09,0.8769972144269703,0.87699721442697,0.8769972144269703,0.0,0.0,False,B,0.0,0.0,0.0,0.0,2,
b3752,b3915,rbsK,fieF,0.0,0.0,0.0,0.0,0.5,-1.1402552235750818e-09,0.8769972144269703,0.8769972144269703,0.87699721442697,0.0,0.0,False,B,0.0,0.0,0.0,0.0,3,
b3752,b1857,rbsK,znuA,0.0,0.0,0.0,0.0,0.5,-1.1402550015304769e-09,0.8769972144269703,0.8769972144269703,0.8769972144269701,0.0,0.0,False,B,0.0,0.0,0.0,0.0,2,
b3752,b0696,rbsK,kdpC,0.0,0.0,0.0,0.0,0.5,-1.1402550015304769e-09,0.8769972144269703,0.8769972144269703,0.8769972144269701,0.0,0.0,False,B,0.0,0.0,0.0,0.0,2,
b3752,b1186,rbsK,nhaB,0.0,0.0,0.0,0.0,0.5,-1.1402556676642916e-09,0.8769972144269703,0.8769972144269705,0.8769972144269698,0.0,0.0,False,B,0.0,0.0,0.0,0.0,2,
b3752,b3371,rbsK,frlB,0.0,0.0,0.0,0.0,0.5,-1.140254335396662e-09,0.8769972144269703,0.87699721442697,0.8769972144269703,0.0,0.0,False,B,0.0,0.0,0.0,0.0,2,
b3752,b3748,rbsK,rbsD,0.0,0.0,0.0,0.0,0.5,-1.140254335396662e-09,0.8769972144269703,0.87699721442697,0.8769972144269703,0.0,0.0,False,B,0.0,0.0,0.0,0.0,1,
b3752,b2482,rbsK,hyfB,0.0,0.0,0.0,0.0,0.5,-1.140254335396662e-09,0.8769972144269703,0.87699721442697,0.8769972144269703,0.0,0.0,False,B,0.0,0.0,0.0,0.0,1,
b3752,b1640,rbsK,anmK,0.0,0.0,0.0,0.0,0.5,-1.140254557441267e-09,0.8769972144269703,0.87699721442697,0.8769972144269701,0.0,0.0,False,B,0.0,0.0,0.0,0.0,2,
b3752,b0114,rbsK,aceE,0.0,569.3957161878707,569.395716187884,1.3301360013429075e-11,1.0000000000000215,-1.115810333018885e-09,0.8769972144269703,0.8581964695522434,0.8581964695522435,0.0,0.0,False,X,0.0,0.0,0.0,0.0,2,
b3752,b3630,rbsK,waaP,0.0,0.0,0.0,0.0,0.5,-1.1402512267721931e-09,0.8769972144269703,0.87699721442697,0.8769972144269731,0.0,0.0,False,B,0.0,0.0,0.0,0.0,2,
b3752,b4394,rbsK,yjjX,0.0,0.0,0.0,0.0,0.5,-1.140254335396662e-09,0.8769972144269703,0.87699721442697,0.8769972144269703,0.0,0.0,False,B,0.0,0.0,0.0,0.0,3,
b3752,b2146,rbsK,preT,0.0,0.0,0.0,0.0,0.5,-1.140254335396662e-09,0.8769972144269703,0.87699721442697,0.8769972144269703,0.0,0.0,False,B,0.0,0.0,0.0,0.0,2,
b3752,b0832,rbsK,gsiD,0.0,0.0,0.0,0.0,0.5,-1.140254557441267e-09,0.8769972144269703,0.8769972144269701,0.8769972144269703,0.0,0.0,False,B,0.0,0.0,0.0,0.0,2,
b3752,b3396,rbsK,mrcA,0.0,0.0,0.0,0.0,0.5,-1.140254335396662e-09,0.8769972144269703,0.87699721442697,0.8769972144269703,0.0,0.0,False,B,0.0,0.0,0.0,0.0,1,
b3752,b0721,rbsK,sdhC,0.0,3719.237820017231,3719.237820016611,-6.202753866091371e-10,0.999999999999833,-1.0945265804807036e-09,0.8769972144269703,0.8418157926999568,0.8418157926999444,0.0,0.0,False,X,0.0,0.0,0.0,0.0,2,
b3752,b0724,rbsK,sdhB,0.0,3719.237820017231,3719.237820016611,-6.202753866091371e-10,0.999999999999833,-1.0945265804807036e-09,0.8769972144269703,0.8418157926999568,0.8418157926999444,0.0,0.0,False,X,0.0,0.0,0.0,0.0,2,
b3752,b2276,rbsK,nuoN,0.0,3294.285861140926,3294.2858611406464,-2.7966962079517543e-10,0.9999999999999148,-9.863715400015849e-10,0.8769972144269703,0.7586431920374903,0.7586431920374918,0.0,0.0,False,X,0.0,3294.285861140926,3294.2858611406464,-2.7966962079517543e-10,4,
b3752,b2285,rbsK,nuoE,0.0,3294.285861140926,3294.2858611406464,-2.7966962079517543e-10,0.9999999999999148,-9.863715400015849e-10,0.8769972144269703,0.7586431920374903,0.7586431920374918,0.0,0.0,False,X,0.0,3294.285861140926,3294.2858611406464,-2.7966962079517543e-10,4,
b3752,b2284,rbsK,nuoF,0.0,3294.285861140926,3294.2858611406464,-2.7966962079517543e-10,0.9999999999999148,-9.863715400015849e-10,0.8769972144269703,0.7586431920374903,0.7586431920374918,0.0,0.0,False,X,0.0,3294.285861140926,3294.2858611406464,-2.7966962079517543e-10,4,
b3752,b2280,rbsK,nuoJ,0.0,3294.285861140926,3294.2858611406464,-2.7966962079517543e-10,0.9999999999999148,-9.863715400015849e-10,0.8769972144269703,0.7586431920374903,0.7586431920374918,0.0,0.0,False,X,0.0,3294.285861140926,3294.2858611406464,-2.7966962079517543e-10,4,
b3752,b2287,rbsK,nuoB,0.0,3294.285861140926,3294.2858611406464,-2.7966962079517543e-10,0.9999999999999148,-9.863715400015849e-10,0.8769972144269703,0.7586431920374903,0.7586431920374918,0.0,0.0,False,X,0.0,3294.285861140926,3294.2858611406464,-2.7966962079517543e-10,4,
b3752,b2286,rbsK,nuoC,0.0,3294.285861140926,3294.2858611406464,-2.7966962079517543e-10,0.9999999999999148,-9.863715400015849e-10,0.8769972144269703,0.7586431920374903,0.7586431920374918,0.0,0.0,False,X,0.0,3294.285861140926,3294.2858611406464,-2.7966962079517543e-10,4,
b3752,b0681,rbsK,chiP,0.0,0.0,0.0,0.0,0.5,-1.140254335396662e-09,0.8769972144269703,0.87699721442697,0.8769972144269703,0.0,0.0,False,B,0.0,0.0,0.0,0.0,1,
b3752,b1473,rbsK,yddG,0.0,0.0,0.0,0.0,0.5,-1.140254335396662e-09,0.8769972144269703,0.8769972144269699,0.8769972144269703,0.0,0.0,False,B,0.0,0.0,0.0,0.0,4,
b3752,b0401,rbsK,brnQ,0.0,0.0,0.0,0.0,0.5,-1.140254557441267e-09,0.8769972144269703,0.8769972144269699,0.8769972144269701,0.0,0.0,False,B,0.0,0.0,0.0,0.0,4,
b3752,b2842,rbsK,kduD,0.0,0.0,0.0,0.0,0.5,-1.140254335396662e-09,0.8769972144269703,0.87699721442697,0.8769972144269703,0.0,0.0,False,B,0.0,0.0,0.0,0.0,1,
b3752,b4101,rbsK,phnG,0.0,0.0,0.0,0.0,0.5,-1.140254335396662e-09,0.8769972144269703,0.87699721442697,0.8769972144269703,0.0,0.0,False,B,0.0,0.0,0.0,0.0,2,
b3752,b2682,rbsK,ygaZ,0.0,0.0,0.0,0.0,0.5,-1.140254335396662e-09,0.8769972144269703,0.87699721442697,0.8769972144269703,0.0,0.0,False,B,0.0,0.0,0.0,0.0,1,
b0928,b4054,aspC,tyrB,0.0,0.0,18414.90254234401,18414.90254234401,9207451271172006.0,-1.0000000022805087,0.87699721442697,0.87699721442697,-0.0,0.0,0.0,True,ISO,0.0,0.0,18414.90254234401,18414.90254234401,2,
b3925,b4232,glpX,fbp,0.0,0.0,0.0,0.0,0.5,-1.140254335396662e-09,0.87699721442697,0.87699721442697,0.87699721442697,0.0,0.0,False,ISO,0.0,0.0,0.0,0.0,0,
b2930,b3925,yggF,glpX,0.0,0.0,0.0,0.0,0.5,-1.140254335396662e-09,0.87699721442697,0.87699721442697,0.87699721442697,0.0,0.0,False,ISO,0.0,0.0,0.0,0.0,0,
b2930,b4232,yggF,fbp,0.0,0.0,0.0,0.0,0.5,-1.140254335396662e-09,0.87699721442697,0.87699721442697,0.87699721442697,0.0,0.0,False,ISO,0.0,0.0,0.0,0.0,0,
b2930,b3697,yggF,yidA,0.0,0.0,0.0,0.0,0.5,-1.140254335396662e-09,0.87699721442697,0.87699721442697,0.87699721442697,0.0,0.0,False,ISO,0.0,0.0,0.0,0.0,0,
b4232,b2926,fbp,pgk,0.0,3084.5992339759005,3084.5992339759005,0.0,0.9999999999999997,-9.874124851094734e-10,0.87699721442697,0.7594428152438919,0.7594428152438919,0.0,0.0,False,X,0.0,3084.5992339759005,3084.5992339759005,0.0,1,
b4232,b3011,fbp,yqhD,0.0,0.0,0.0,0.0,0.5,-1.140254335396662e-09,0.87699721442697,0.87699721442697,0.87699721442697,0.0,0.0,False,B,0.0,0.0,0.0,0.0,1,
b4232,b0871,fbp,poxB,0.0,0.0,0.0,0.0,0.5,-1.140254335396662e-09,0.87699721442697,0.8769972144269703,0.8769972144269703,0.0,0.0,False,B,0.0,0.0,0.0,0.0,1,
b4232,b4015,fbp,aceA,0.0,0.0,0.0,0.0,0.5,-1.140254335396662e-09,0.87699721442697,0.8769972144269703,0.8769972144269703,0.0,0.0,False,B,0.0,0.0,0.0,0.0,1,
b4232,b3617,fbp,kbl,0.0,0.0,0.0,0.0,0.5,-1.140254335396662e-09,0.87699721442697,0.8769972144269703,0.8769972144269703,0.0,0.0,False,B,0.0,0.0,0.0,0.0,1,
b4232,b2988,fbp,gss,0.0,0.0,0.0,0.0,0.5,-1.140254335396662e-09,0.87699721442697,0.87699721442697,0.87699721442697,0.0,0.0,False,B,0.0,0.0,0.0,0.0,2,
b4232,b2416,fbp,ptsI,0.0,448.4367692909351,448.4367692909351,0.0,0.9999999999999979,-1.1280272271818603e-09,0.87699721442697,0.867593023657186,0.867593023657186,0.0,0.0,False,X,0.0,0.0,0.0,0.0,21,
b4232,b1767,fbp,ansA,0.0,0.0,0.0,0.0,0.5,-1.140254335396662e-09,0.87699721442697,0.87699721442697,0.87699721442697,0.0,0.0,False,B,0.0,0.0,0.0,0.0,0,
b4232,b2601,fbp,aroF,0.0,0.0,0.0,0.0,0.5,-1.140254335396662e-09,0.87699721442697,0.87699721442697,0.87699721442697,0.0,0.0,False,B,0.0,0.0,0.0,0.0,0,
b4232,b0347,fbp,mhpA,0.0,0.0,0.0,0.0,0.5,-1.140254335396662e-09,0.87699721442697,0.87699721442697,0.87699721442697,0.0,0.0,False,B,0.0,0.0,0.0,0.0,2,
b4232,b1656,fbp,sodB,0.0,0.0,0.0,0.0,0.5,-1.140254335396662e-09,0.87699721442697,0.87699721442697,0.87699721442697,0.0,0.0,False,B,0.0,0.0,0.0,0.0,0,
b4232,b1465,fbp,narV,0.0,0.0,0.0,0.0,0.5,-1.140254335396662e-09,0.87699721442697,0.87699721442697,0.87699721442697,0.0,0.0,False,B,0.0,0.0,0.0,0.0,0,
b4232,b2429,fbp,murP,0.0,0.0,0.0,0.0,0.5,-1.140254335396662e-09,0.87699721442697,0.87699721442697,0.87699721442697,0.0,0.0,False,B,0.0,0.0,0.0,0.0,2,
b4232,b0861,fbp,artM,0.0,0.0,0.0,0.0,0.5,-1.140254335396662e-09,0.87699721442697,0.87699721442697,0.87699721442697,0.0,0.0,False,B,0.0,0.0,0.0,0.0,0,
b4232,b3734,fbp,atpA,0.0,19586.667612014615,19586.667612014615,0.0,0.9999999999999998,-3.704641038382306e-10,0.87699721442697,0.2849329232733675,0.2849329232733675,0.0,0.0,False,X,0.0,19586.667612014615,19586.667612014615,0.0,1,
b4232,b3738,fbp,atpB,0.0,19586.667612014615,19586.667612014615,0.0,0.9999999999999998,-3.704641038382306e-10,0.87699721442697,0.2849329232733675,0.2849329232733675,0.0,0.0,False,X,0.0,19586.667612014615,19586.667612014615,0.0,1,
b4232,b0341,fbp,cynX,0.0,0.0,0.0,0.0,0.5,-1.140254335396662e-09,0.87699721442697,0.87699721442697,0.87699721442697,0.0,0.0,False,B,0.0,0.0,0.0,0.0,1,
b4232,b0934,fbp,ssuC,0.0,0.0,0.0,0.0,0.5,-1.140254335396662e-09,0.87699721442697,0.87699721442697,0.87699721442697,0.0,0.0,False,B,0.0,0.0,0.0,0.0,3,
b4232,b1296,fbp,puuP,0.0,0.0,0.0,0.0,0.5,-1.140254335396662e-09,0.87699721442697,0.87699721442697,0.87699721442697,0.0,0.0,False,B,0.0,0.0,0.0,0.0,0,
b4232,b3626,fbp,waaJ,0.0,0.0,0.0,0.0,0.5,-1.140254335396662e-09,0.87699721442697,0.87699721442697,0.87699721442697,0.0,0.0,False,B,0.0,0.0,0.0,0.0,1,
b4232,b2871,fbp,ygeX,0.0,0.0,0.0,0.0,0.5,-1.140254335396662e-09,0.87699721442697,0.87699721442697,0.87699721442697,0.0,0.0,False,B,0.0,0.0,0.0,0.0,1,
b4232,b3915,fbp,fieF,0.0,0.0,0.0,0.0,0.5,-1.140254335396662e-09,0.87699721442697,0.8769972144269703,0.8769972144269703,0.0,0.0,False,B,0.0,0.0,0.0,0.0,2,
b4232,b1857,fbp,znuA,0.0,0.0,0.0,0.0,0.5,-1.140254335396662e-09,0.87699721442697,0.8769972144269703,0.8769972144269703,0.0,0.0,False,B,0.0,0.0,0.0,0.0,1,
b4232,b0696,fbp,kdpC,0.0,0.0,0.0,0.0,0.5,-1.140254335396662e-09,0.87699721442697,0.8769972144269703,0.8769972144269703,0.0,0.0,False,B,0.0,0.0,0.0,0.0,1,
b4232,b1186,fbp,nhaB,0.0,0.0,0.0,0.0,0.5,-1.140254335396662e-09,0.87699721442697,0.8769972144269705,0.8769972144269705,0.0,0.0,False,B,0.0,0.0,0.0,0.0,1,
b4232,b3371,fbp,frlB,0.0,0.0,0.0,0.0,0.5,-1.140254335396662e-09,0.87699721442697,0.87699721442697,0.87699721442697,0.0,0.0,False,B,0.0,0.0,0.0,0.0,1,
b4232,b3748,fbp,rbsD,0.0,0.0,0.0,0.0,0.5,-1.140254335396662e-09,0.87699721442697,0.87699721442697,0.87699721442697,0.0,0.0,False,B,0.0,0.0,0.0,0.0,0,
b4232,b2482,fbp,hyfB,0.0,0.0,0.0,0.0,0.5,-1.140254335396662e-09,0.87699721442697,0.87699721442697,0.87699721442697,0.0,0.0,False,B,0.0,0.0,0.0,0.0,0,
b4232,b1640,fbp,anmK,0.0,0.0,0.0,0.0,0.5,-1.140254335396662e-09,0.87699721442697,0.87699721442697,0.87699721442697,0.0,0.0,False,B,0.0,0.0,0.0,0.0,1,
b4232,b3630,fbp,waaP,0.0,0.0,0.0,0.0,0.5,-1.140254335396662e-09,0.87699721442697,0.87699721442697,0.87699721442697,0.0,0.0,False,B,0.0,0.0,0.0,0.0,1,
b4232,b4394,fbp,yjjX,0.0,0.0,0.0,0.0,0.5,-1.140254335396662e-09,0.87699721442697,0.87699721442697,0.87699721442697,0.0,0.0,False,B,0.0,0.0,0.0,0.0,2,
b4232,b2146,fbp,preT,0.0,0.0,0.0,0.0,0.5,-1.140254335396662e-09,0.87699721442697,0.87699721442697,0.87699721442697,0.0,0.0,False,B,0.0,0.0,0.0,0.0,1,
b4232,b0832,fbp,gsiD,0.0,0.0,0.0,0.0,0.5,-1.140254335396662e-09,0.87699721442697,0.8769972144269701,0.8769972144269701,0.0,0.0,False,B,0.0,0.0,0.0,0.0,1,
b4232,b3396,fbp,mrcA,0.0,0.0,0.0,0.0,0.5,-1.140254335396662e-09,0.87699721442697,0.87699721442697,0.87699721442697,0.0,0.0,False,B,0.0,0.0,0.0,0.0,0,
b4232,b2277,fbp,nuoM,0.0,3294.285861140926,3294.285861140926,0.0,0.9999999999999998,-9.86372761246912e-10,0.87699721442697,0.7586431920374903,0.7586431920374903,0.0,0.0,False,X,0.0,3294.285861140926,3294.285861140926,0.0,3,
b4232,b2279,fbp,nuoK,0.0,3294.285861140926,3294.285861140926,0.0,0.9999999999999998,-9.86372761246912e-10,0.87699721442697,0.7586431920374903,0.7586431920374903,0.0,0.0,False,X,0.0,3294.285861140926,3294.285861140926,0.0,3,
b4232,b2286,fbp,nuoC,0.0,3294.285861140926,3294.285861140926,0.0,0.9999999999999998,-9.86372761246912e-10,0.87699721442697,0.7586431920374903,0.7586431920374903,0.0,0.0,False,X,0.0,3294.285861140926,3294.285861140926,0.0,3,
b4232,b0681,fbp,chiP,0.0,0.0,0.0,0.0,0.5,-1.140254335396662e-09,0.87699721442697,0.87699721442697,0.87699721442697,0.0,0.0,False,B,0.0,0.0,0.0,0.0,0,
b4232,b1473,fbp,yddG,0.0,0.0,0.0,0.0,0.5,-1.140254335396662e-09,0.87699721442697,0.8769972144269699,0.8769972144269699,0.0,0.0,False,B,0.0,0.0,0.0,0.0,3,
b4232,b0401,fbp,brnQ,0.0,0.0,0.0,0.0,0.5,-1.140254335396662e-09,0.87699721442697,0.8769972144269699,0.8769972144269699,0.0,0.0,False,B,0.0,0.0,0.0,0.0,3,
b4232,b2842,fbp,kduD,0.0,0.0,0.0,0.0,0.5,-1.140254335396662e-09,0.87699721442697,0.87699721442697,0.87699721442697,0.0,0.0,False,B,0.0,0.0,0.0,0.0,0,
b4232,b4101,fbp,phnG,0.0,0.0,0.0,0.0,0.5,-1.140254335396662e-09,0.87699721442697,0.87699721442697,0.87699721442697,0.0,0.0,False,B,0.0,0.0,0.0,0.0,1,
b4232,b2682,fbp,ygaZ,0.0,0.0,0.0,0.0,0.5,-1.140254335396662e-09,0.87699721442697,0.87699721442697,0.87699721442697,0.0,0.0,False,B,0.0,0.0,0.0,0.0,0,
b3697,b3925,yidA,glpX,0.0,0.0,0.0,0.0,0.5,-1.140254335396662e-09,0.87699721442697,0.87699721442697,0.87699721442697,0.0,0.0,False,ISO,0.0,0.0,0.0,0.0,0,
b3697,b4232,yidA,fbp,0.0,0.0,0.0,0.0,0.5,-1.140254335396662e-09,0.87699721442697,0.87699721442697,0.87699721442697,0.0,0.0,False,ISO,0.0,0.0,0.0,0.0,0,
b3697,b3885,yidA,yihX,0.0,0.0,0.0,0.0,0.5,-1.140254335396662e-09,0.87699721442697,0.87699721442697,0.87699721442697,0.0,0.0,False,ISO,0.0,0.0,0.0,0.0,0,
b3697,b3826,yidA,yigL,0.0,0.0,0.0,0.0,0.5,-1.140254335396662e-09,0.87699721442697,0.87699721442697,0.87699721442697,0.0,0.0,False,ISO,0.0,0.0,0.0,0.0,0,
b1676,b1854,pykF,pykA,0.0,0.18348953136816415,0.18348953136804796,-1.1618483952702263e-13,0.9999999999939169,-1.140254335396662e-09,0.87699721442697,0.8769972144269704,0.8769972144269705,0.0,0.0,False,ISO,0.0,0.0,0.0,0.0,5,
b2708,b3197,gutQ,kdsD,0.0,0.0,18414.902542343996,18414.902542343996,9207451271171998.0,-1.0000000022805087,0.87699721442697,0.87699721442697,-0.0,0.0,0.0,True,ISO,0.0,0.0,18414.902542343996,18414.902542343996,1,
b0078,b3671,ilvH,ilvB,0.0,0.0,18414.902542343993,18414.902542343993,9207451271171996.0,-1.0000000022805087,0.87699721442697,0.87699721442697,-0.0,0.0,0.0,True,ISO,0.0,0.0,18414.902542343993,18414.902542343993,2,
b0078,b3670,ilvH,ilvN,0.0,0.0,18414.902542343993,18414.902542343993,9207451271171996.0,-1.0000000022805087,0.87699721442697,0.87699721442697,-0.0,0.0,0.0,True,ISO,0.0,0.0,18414.902542343993,18414.902542343993,2,
b0077,b3671,ilvI,ilvB,0.0,0.0,18414.902542343993,18414.902542343993,9207451271171996.0,-1.0000000022805087,0.87699721442697,0.87699721442697,-0.0,0.0,0.0,True,ISO,0.0,0.0,18414.902542343993,18414.902542343993,2,
b0077,b3670,ilvI,ilvN,0.0,0.0,18414.902542343993,18414.902542343993,9207451271171996.0,-1.0000000022805087,0.87699721442697,0.87699721442697,-0.0,0.0,0.0,True,ISO,0.0,0.0,18414.902542343993,18414.902542343993,2,
b2779,b4025,eno,pgi,1926.6635249317378,438.1712989467118,1917.827469074018,-447.00735480443166,0.8109773459478589,0.0057981292855957545,0.803566917277363,0.8696956584514208,0.8019616590606266,0.07317073170731707,0.9415887850467289,False,A,1926.6635249317378,0.0,1917.827469074018,-8.836055857719884,2,;Alanine and Aspartate Metabolism;Alternate Carbon Metabolism
b2779,b2926,eno,pgk,1926.6635249317378,3084.5992339759005,3037.196795227629,-1974.0659636800092,0.6060741456490063,0.06833366388049245,0.803566917277363,0.7594428152438919,0.7557836904409623,0.41818181818181815,0.9565217391304348,False,A,1926.6635249317378,3084.5992339759005,3037.196795227629,-1974.0659636800092,2,;Alanine and Aspartate Metabolism;Alternate Carbon Metabolism
b2779,b0116,eno,lpd,1926.6635249317378,1782.1701777090755,4037.0642369766533,328.23053433584005,1.0884996634122819,0.013921780519394744,0.803566917277363,0.8408970721550086,0.7826987755426349,0.23255813953488372,0.9532710280373832,False,A,1926.6635249317378,0.0,4037.0642369766533,2110.4007120449155,4,;Alanine and Aspartate Metabolism;Alternate Carbon Metabolism
b2779,b2416,eno,ptsI,1926.6635249317378,448.4367692909351,1926.6635249317364,-448.43676929093647,0.8111924913732108,0.009825326837851756,0.803566917277363,0.867593023657186,0.8035669172773628,0.13157894736842105,0.9483568075117371,False,A,1926.6635249317378,0.0,1926.6635249317364,-1.3642420526593924e-12,22,;Alanine and Aspartate Metabolism;Alternate Carbon Metabolism
b2779,b2415,eno,ptsH,1926.6635249317378,448.4367692909351,1926.6635249317364,-448.43676929093647,0.8111924913732108,0.009825326837851756,0.803566917277363,0.867593023657186,0.8035669172773628,0.13157894736842105,0.9483568075117371,False,A,1926.6635249317378,0.0,1926.6635249317364,-1.3642420526593924e-12,22,;Alanine and Aspartate Metabolism;Alternate Carbon Metabolism
b2779,b0726,eno,sucA,1926.6635249317378,205.2302357589819,3236.4936691350003,1104.5999084442806,1.5181308416074146,0.009442041659026068,0.803566917277363,0.863370356164474,0.7993616704233402,0.15789473684210525,0.9484777517564403,False,A,1926.6635249317378,0.0,3236.4936691350003,1309.8301442032625,2,;Alanine and Aspartate Metabolism;Alternate Carbon Metabolism
b2779,b1779,eno,gapA,1926.6635249317378,3084.5992339759005,3037.196795227629,-1974.0659636800092,0.6060741456490063,0.06833366388049245,0.803566917277363,0.7594428152438919,0.7557836904409623,0.41818181818181815,0.9565217391304348,False,A,1926.6635249317378,3084.5992339759005,3037.196795227629,-1974.0659636800092,2,;Alanine and Aspartate Metabolism;Alternate Carbon Metabolism
b2779,b1656,eno,sodB,1926.6635249317378,0.0,1926.6635249317378,0.0,0.9999999999999994,-1.044781705594744e-09,0.803566917277363,0.87699721442697,0.803566917277363,0.0,0.0,False,X,1926.6635249317378,0.0,1926.6635249317378,0.0,1,
b2779,b3734,eno,atpA,1926.6635249317378,19586.667612014615,22984.33568146958,1471.004544523228,1.0683764190287093,-0.16511503495923002,0.803566917277363,0.2849329232733675,0.11627028515525595,0.047619047619047616,0.8869565217391304,False,A,1926.6635249317378,19586.667612014615,22984.33568146958,1471.004544523228,2,;Alanine and Aspartate Metabolism;Alternate Carbon Metabolism
b2779,b3735,eno,atpH,1926.6635249317378,19586.667612014615,22984.33568146958,1471.004544523228,1.0683764190287093,-0.16511503495923002,0.803566917277363,0.2849329232733675,0.11627028515525595,0.047619047619047616,0.8869565217391304,False,A,1926.6635249317378,19586.667612014615,22984.33568146958,1471.004544523228,2,;Alanine and Aspartate Metabolism;Alternate Carbon Metabolism
b2779,b3736,eno,atpF,1926.6635249317378,19586.667612014615,22984.33568146958,1471.004544523228,1.0683764190287093,-0.16511503495923002,0.803566917277363,0.2849329232733675,0.11627028515525595,0.047619047619047616,0.8869565217391304,False,A,1926.6635249317378,19586.667612014615,22984.33568146958,1471.004544523228,2,;Alanine and Aspartate Metabolism;Alternate Carbon Metabolism
b2779,b3737,eno,atpE,1926.6635249317378,19586.667612014615,22984.33568146958,1471.004544523228,1.0683764190287093,-0.16511503495923002,0.803566917277363,0.2849329232733675,0.11627028515525595,0.047619047619047616,0.8869565217391304,False,A,1926.6635249317378,19586.667612014615,22984.33568146958,1471.004544523228,2,;Alanine and Aspartate Metabolism;Alternate Carbon Metabolism
b2779,b3731,eno,atpC,1926.6635249317378,19586.667612014615,22984.33568146958,1471.004544523228,1.0683764190287093,-0.16511503495923002,0.803566917277363,0.2849329232733675,0.11627028515525595,0.047619047619047616,0.8869565217391304,False,A,1926.6635249317378,19586.667612014615,22984.33568146958,1471.004544523228,2,;Alanine and Aspartate Metabolism;Alternate Carbon Metabolism
b2779,b3732,eno,atpD,1926.6635249317378,19586.667612014615,22984.33568146958,1471.004544523228,1.0683764190287093,-0.16511503495923002,0.803566917277363,0.2849329232733675,0.11627028515525595,0.047619047619047616,0.8869565217391304,False,A,1926.6635249317378,19586.667612014615,22984.33568146958,1471.004544523228,2,;Alanine and Aspartate Metabolism;Alternate Carbon Metabolism
b2779,b3733,eno,atpG,1926.6635249317378,19586.667612014615,22984.33568146958,1471.004544523228,1.0683764190287093,-0.16511503495923002,0.803566917277363,0.2849329232733675,0.11627028515525595,0.047619047619047616,0.8869565217391304,False,A,1926.6635249317378,19586.667612014615,22984.33568146958,1471.004544523228,2,;Alanine and Aspartate Metabolism;Alternate Carbon Metabolism
b2779,b3738,eno,atpB,1926.6635249317378,19586.667612014615,22984.33568146958,1471.004544523228,1.0683764190287093,-0.16511503495923002,0.803566917277363,0.2849329232733675,0.11627028515525595,0.047619047619047616,0.8869565217391304,False,A,1926.6635249317378,19586.667612014615,22984.33568146958,1471.004544523228,2,;Alanine and Aspartate Metabolism;Alternate Carbon Metabolism
b2779,b1186,eno,nhaB,1926.6635249317378,0.0,1926.6635249317378,0.0,0.9999999999999994,-1.0447823717285587e-09,0.803566917277363,0.8769972144269705,0.803566917277363,0.0,0.0,False,X,1926.6635249317378,0.0,1926.6635249317378,0.0,2,
b2779,b3371,eno,frlB,1926.6635249317378,0.0,1926.6635249317378,0.0,0.9999999999999994,-1.044781705594744e-09,0.803566917277363,0.87699721442697,0.803566917277363,0.0,0.0,False,X,1926.6635249317378,0.0,1926.6635249317378,0.0,2,
b2779,b0115,eno,aceF,1926.6635249317378,569.3957161878707,4013.1378831526217,1517.0786420330132,1.6077895175887431,-0.003958109019647327,0.803566917277363,0.8581964695522434,0.7828690945176308,0.08571428571428572,0.9528301886792453,False,A,1926.6635249317378,0.0,4013.1378831526217,2086.474358220884,2,;Alanine and Aspartate Metabolism;Alternate Carbon Metabolism
b2779,b0114,eno,aceE,1926.6635249317378,569.3957161878707,4013.1378831526217,1517.0786420330132,1.6077895175887431,-0.003958109019647327,0.803566917277363,0.8581964695522434,0.7828690945176308,0.08571428571428572,0.9528301886792453,False,A,1926.6635249317378,0.0,4013.1378831526217,2086.474358220884,2,;Alanine and Aspartate Metabolism;Alternate Carbon Metabolism
b2779,b3919,eno,tpiA,1926.6635249317378,871.9980214793411,1923.2405558782393,-875.4209905328396,0.6872001219098987,0.03622748221310468,0.803566917277363,0.8422625567901132,0.8035119674377451,0.32653061224489793,0.9537037037037037,False,A,1926.6635249317378,0.0,1923.2405558782393,-3.422969053498491,2,;Alanine and Aspartate Metabolism;Alternate Carbon Metabolism
b2779,b3630,eno,waaP,1926.6635249317378,0.0,1926.6635249317392,1.3642420526593924e-12,1.0000000000000002,-1.0447825937731636e-09,0.803566917277363,0.87699721442697,0.8035669172773622,0.0,0.0,False,X,1926.6635249317378,0.0,1926.6635249317392,1.3642420526593924e-12,2,
b2779,b0429,eno,cyoD,1926.6635249317378,7798.596633039896,10989.334583372809,1264.074425401176,1.129978468942554,-0.031093851431693742,0.803566917277363,0.7776142830847725,0.6852360215134324,0.0,0.9508196721311475,False,A,1926.6635249317378,7798.596633039896,10989.334583372809,1264.074425401176,2,;Alanine and Aspartate Metabolism;Alternate Carbon Metabolism
b2779,b0432,eno,cyoA,1926.6635249317378,7798.596633039896,10989.334583372809,1264.074425401176,1.129978468942554,-0.031093851431693742,0.803566917277363,0.7776142830847725,0.6852360215134324,0.0,0.9508196721311475,False,A,1926.6635249317378,7798.596633039896,10989.334583372809,1264.074425401176,2,;Alanine and Aspartate Metabolism;Alternate Carbon Metabolism
b2779,b0430,eno,cyoC,1926.6635249317378,7798.596633039896,10989.334583372809,1264.074425401176,1.129978468942554,-0.031093851431693742,0.803566917277363,0.7776142830847725,0.6852360215134324,0.0,0.9508196721311475,False,A,1926.6635249317378,7798.596633039896,10989.334583372809,1264.074425401176,2,;Alanine and Aspartate Metabolism;Alternate Carbon Metabolism
b2779,b0431,eno,cyoB,1926.6635249317378,7798.596633039896,10989.334583372809,1264.074425401176,1.129978468942554,-0.031093851431693742,0.803566917277363,0.7776142830847725,0.6852360215134324,0.0,0.9508196721311475,False,A,1926.6635249317378,7798.596633039896,10989.334583372809,1264.074425401176,2,;Alanine and Aspartate Metabolism;Alternate Carbon Metabolism
b2779,b0722,eno,sdhD,1926.6635249317378,3719.237820017231,5789.09980467738,143.1984597284113,1.0253632592883546,0.017990753755659394,0.803566917277363,0.8418157926999568,0.7871090505189745,0.39215686274509803,0.9561200923787528,False,A,1926.6635249317378,0.0,5789.09980467738,3862.4362797456424,2,;Alanine and Aspartate Metabolism;Alternate Carbon Metabolism
b2779,b0723,eno,sdhA,1926.6635249317378,3719.237820017231,5789.09980467738,143.1984597284113,1.0253632592883546,0.017990753755659394,0.803566917277363,0.8418157926999568,0.7871090505189745,0.39215686274509803,0.9561200923787528,False,A,1926.6635249317378,0.0,5789.09980467738,3862.4362797456424,2,;Alanine and Aspartate Metabolism;Alternate Carbon Metabolism
b2779,b0721,eno,sdhC,1926.6635249317378,3719.237820017231,5789.09980467738,143.1984597284113,1.0253632592883546,0.017990753755659394,0.803566917277363,0.8418157926999568,0.7871090505189745,0.39215686274509803,0.9561200923787528,False,A,1926.6635249317378,0.0,5789.09980467738,3862.4362797456424,2,;Alanine and Aspartate Metabolism;Alternate Carbon Metabolism
b2779,b0724,eno,sdhB,1926.6635249317378,3719.237820017231,5789.09980467738,143.1984597284113,1.0253632592883546,0.017990753755659394,0.803566917277363,0.8418157926999568,0.7871090505189745,0.39215686274509803,0.9561200923787528,False,A,1926.6635249317378,0.0,5789.09980467738,3862.4362797456424,2,;Alanine and Aspartate Metabolism;Alternate Carbon Metabolism
b2779,b2283,eno,nuoG,1926.6635249317378,3294.285861140926,5525.013279737608,304.0638936649443,1.0582391958206032,-0.03247103060688883,0.803566917277363,0.7586431920374903,0.6666455828993522,0.1276595744680851,0.9533799533799534,False,A,1926.6635249317378,3294.285861140926,5525.013279737608,304.0638936649443,4,;Alanine and Aspartate Metabolism;Alternate Carbon Metabolism
b2779,b2282,eno,nuoH,1926.6635249317378,3294.285861140926,5525.013279737608,304.0638936649443,1.0582391958206032,-0.03247103060688883,0.803566917277363,0.7586431920374903,0.6666455828993522,0.1276595744680851,0.9533799533799534,False,A,1926.6635249317378,3294.285861140926,5525.013279737608,304.0638936649443,4,;Alanine and Aspartate Metabolism;Alternate Carbon Metabolism
b2779,b2281,eno,nuoI,1926.6635249317378,3294.285861140926,5525.013279737608,304.0638936649443,1.0582391958206032,-0.03247103060688883,0.803566917277363,0.7586431920374903,0.6666455828993522,0.1276595744680851,0.9533799533799534,False,A,1926.6635249317378,3294.285861140926,5525.013279737608,304.0638936649443,4,;Alanine and Aspartate Metabolism;Alternate Carbon Metabolism
b2779,b2288,eno,nuoA,1926.6635249317378,3294.285861140926,5525.013279737608,304.0638936649443,1.0582391958206032,-0.03247103060688883,0.803566917277363,0.7586431920374903,0.6666455828993522,0.1276595744680851,0.9533799533799534,False,A,1926.6635249317378,3294.285861140926,5525.013279737608,304.0638936649443,4,;Alanine and Aspartate Metabolism;Alternate Carbon Metabolism
b2779,b2276,eno,nuoN,1926.6635249317378,3294.285861140926,5525.013279737608,304.0638936649443,1.0582391958206032,-0.03247103060688883,0.803566917277363,0.7586431920374903,0.6666455828993522,0.1276595744680851,0.9533799533799534,False,A,1926.6635249317378,3294.285861140926,5525.013279737608,304.0638936649443,4,;Alanine and Aspartate Metabolism;Alternate Carbon Metabolism
b2779,b2277,eno,nuoM,1926.6635249317378,3294.285861140926,5525.013279737608,304.0638936649443,1.0582391958206032,-0.03247103060688883,0.803566917277363,0.7586431920374903,0.6666455828993522,0.1276595744680851,0.9533799533799534,False,A,1926.6635249317378,3294.285861140926,5525.013279737608,304.0638936649443,4,;Alanine and Aspartate Metabolism;Alternate Carbon Metabolism
b2779,b2285,eno,nuoE,1926.6635249317378,3294.285861140926,5525.013279737608,304.0638936649443,1.0582391958206032,-0.03247103060688883,0.803566917277363,0.7586431920374903,0.6666455828993522,0.1276595744680851,0.9533799533799534,False,A,1926.6635249317378,3294.285861140926,5525.013279737608,304.0638936649443,4,;Alanine and Aspartate Metabolism;Alternate Carbon Metabolism
b2779,b2284,eno,nuoF,1926.6635249317378,3294.285861140926,5525.013279737608,304.0638936649443,1.0582391958206032,-0.03247103060688883,0.803566917277363,0.7586431920374903,0.6666455828993522,0.1276595744680851,0.9533799533799534,False,A,1926.6635249317378,3294.285861140926,5525.013279737608,304.0638936649443,4,;Alanine and Aspartate Metabolism;Alternate Carbon Metabolism
b2779,b2278,eno,nuoL,1926.6635249317378,3294.285861140926,5525.013279737608,304.0638936649443,1.0582391958206032,-0.03247103060688883,0.803566917277363,0.7586431920374903,0.6666455828993522,0.1276595744680851,0.9533799533799534,False,A,1926.6635249317378,3294.285861140926,5525.013279737608,304.0638936649443,4,;Alanine and Aspartate Metabolism;Alternate Carbon Metabolism
b2779,b2279,eno,nuoK,1926.6635249317378,3294.285861140926,5525.013279737608,304.0638936649443,1.0582391958206032,-0.03247103060688883,0.803566917277363,0.7586431920374903,0.6666455828993522,0.1276595744680851,0.9533799533799534,False,A,1926.6635249317378,3294.285861140926,5525.013279737608,304.0638936649443,4,;Alanine and Aspartate Metabolism;Alternate Carbon Metabolism
b2779,b2280,eno,nuoJ,1926.6635249317378,3294.285861140926,5525.013279737608,304.0638936649443,1.0582391958206032,-0.03247103060688883,0.803566917277363,0.7586431920374903,0.6666455828993522,0.1276595744680851,0.9533799533799534,False,A,1926.6635249317378,3294.285861140926,5525.013279737608,304.0638936649443,4,;Alanine and Aspartate Metabolism;Alternate Carbon Metabolism
b2779,b2287,eno,nuoB,1926.6635249317378,3294.285861140926,5525.013279737608,304.0638936649443,1.0582391958206032,-0.03247103060688883,0.803566917277363,0.7586431920374903,0.6666455828993522,0.1276595744680851,0.9533799533799534,False,A,1926.6635249317378,3294.285861140926,5525.013279737608,304.0638936649443,4,;Alanine and Aspartate Metabolism;Alternate Carbon Metabolism
b2779,b2286,eno,nuoC,1926.6635249317378,3294.285861140926,5525.013279737608,304.0638936649443,1.0582391958206032,-0.03247103060688883,0.803566917277363,0.7586431920374903,0.6666455828993522,0.1276595744680851,0.9533799533799534,False,A,1926.6635249317378,3294.285861140926,5525.013279737608,304.0638936649443,4,;Alanine and Aspartate Metabolism;Alternate Carbon Metabolism
b2097,b2925,fbaB,fbaA,0.0,1.8722461476583845,244.64534369855346,242.77309755089507,130.66943361281352,-0.0065790076094298655,0.87699721442697,0.8769972144269703,0.8712274440863853,0.0,0.0,False,ISO,0.0,0.0,0.0,0.0,2,
b4025,b2926,pgi,pgk,438.1712989467118,3084.5992339759005,3082.3592970956893,-440.4112358269231,0.874981571546886,0.007209647152114584,0.8696956584514208,0.7594428152438919,0.7594428152438922,0.05660377358490566,0.9221967963386728,False,A,0.0,3084.5992339759005,3082.3592970956893,-2.2399368802111894,2,;Alanine and Aspartate Metabolism;Alternate Carbon Metabolism
b4025,b0116,pgi,lpd,438.1712989467118,1782.1701777090755,1132.5064982630938,-1087.8349783926933,0.5100596057723705,0.006151148270377549,0.8696956584514208,0.8408970721550086,0.83929061351853,0.19230769230769232,0.9641148325358851,False,A,0.0,0.0,0.0,0.0,4,;Alanine and Aspartate Metabolism;Alternate Carbon Metabolism
b4025,b2416,pgi,ptsI,438.1712989467118,448.4367692909351,533.3351422248523,-353.2729260127945,0.6015455547173034,0.008236353609054281,0.8696956584514208,0.867593023657186,0.8675930236571863,0.4,0.9926650366748166,False,A,0.0,0.0,0.0,0.0,22,;Alanine and Aspartate Metabolism;Alternate Carbon Metabolism
b4025,b2415,pgi,ptsH,438.1712989467118,448.4367692909351,533.3351422248523,-353.2729260127945,0.6015455547173034,0.008236353609054281,0.8696956584514208,0.867593023657186,0.8675930236571863,0.4,0.9926650366748166,False,A,0.0,0.0,0.0,0.0,22,;Alanine and Aspartate Metabolism;Alternate Carbon Metabolism
b4025,b1767,pgi,ansA,438.1712989467118,0.0,438.1712989467118,0.0,0.9999999999999978,-1.1307610403576973e-09,0.8696956584514208,0.87699721442697,0.8696956584514208,0.0,0.0,False,X,0.0,0.0,0.0,0.0,1,
b4025,b2601,pgi,aroF,438.1712989467118,0.0,438.1712989467118,0.0,0.9999999999999978,-1.1307610403576973e-09,0.8696956584514208,0.87699721442697,0.8696956584514208,0.0,0.0,False,X,0.0,0.0,0.0,0.0,1,
b4025,b0726,pgi,sucA,438.1712989467118,205.2302357589819,651.339634906777,7.938100201083273,1.012337707905396,0.004757157203735152,0.8696956584514208,0.863370356164474,0.860354266982406,0.0,0.9639423076923077,False,A,0.0,0.0,0.0,0.0,2,;Alanine and Aspartate Metabolism;Alternate Carbon Metabolism
b4025,b1779,pgi,gapA,438.1712989467118,3084.5992339759005,3082.3592970956893,-440.4112358269231,0.874981571546886,0.007209647152114584,0.8696956584514208,0.7594428152438919,0.7594428152438922,0.05660377358490566,0.9221967963386728,False,A,0.0,3084.5992339759005,3082.3592970956893,-2.2399368802111894,2,;Alanine and Aspartate Metabolism;Alternate Carbon Metabolism
b4025,b1852,pgi,zwf,438.1712989467118,58.57163871265266,694.9570033550953,198.21406569573082,1.3990274459254657,-0.0021634796637449716,0.8696956584514208,0.8733978405117964,0.8642288869496922,0.0,0.9097560975609756,False,TGT,0.0,0.0,0.0,0.0,2,;Alanine and Aspartate Metabolism;Alternate Carbon Metabolism
b4025,b3734,pgi,atpA,438.1712989467118,19586.667612014615,19958.982888104736,-65.85602285659115,0.996711283264279,0.002704964478680627,0.8696956584514208,0.2849329232733675,0.2849329232733704,0.0,0.8871681415929203,False,A,0.0,19586.667612014615,19958.982888104736,372.3152760901212,2,;Alanine and Aspartate Metabolism;Alternate Carbon Metabolism
b4025,b3735,pgi,atpH,438.1712989467118,19586.667612014615,19958.982888104736,-65.85602285659115,0.996711283264279,0.002704964478680627,0.8696956584514208,0.2849329232733675,0.2849329232733704,0.0,0.8871681415929203,False,A,0.0,19586.667612014615,19958.982888104736,372.3152760901212,2,;Alanine and Aspartate Metabolism;Alternate Carbon Metabolism
b4025,b3736,pgi,atpF,438.1712989467118,19586.667612014615,19958.982888104736,-65.85602285659115,0.996711283264279,0.002704964478680627,0.8696956584514208,0.2849329232733675,0.2849329232733704,0.0,0.8871681415929203,False,A,0.0,19586.667612014615,19958.982888104736,372.3152760901212,2,;Alanine and Aspartate Metabolism;Alternate Carbon Metabolism
b4025,b3737,pgi,atpE,438.1712989467118,19586.667612014615,19958.982888104736,-65.85602285659115,0.996711283264279,0.002704964478680627,0.8696956584514208,0.2849329232733675,0.2849329232733704,0.0,0.8871681415929203,False,A,0.0,19586.667612014615,19958.982888104736,372.3152760901212,2,;Alanine and Aspartate Metabolism;Alternate Carbon Metabolism
b4025,b3731,pgi,atpC,438.1712989467118,19586.667612014615,19958.982888104736,-65.85602285659115,0.996711283264279,0.002704964478680627,0.8696956584514208,0.2849329232733675,0.2849329232733704,0.0,0.8871681415929203,False,A,0.0,19586.667612014615,19958.982888104736,372.3152760901212,2,;Alanine and Aspartate Metabolism;Alternate Carbon Metabolism
b4025,b3732,pgi,atpD,438.1712989467118,19586.667612014615,19958.982888104736,-65.85602285659115,0.996711283264279,0.002704964478680627,0.8696956584514208,0.2849329232733675,0.2849329232733704,0.0,0.8871681415929203,False,A,0.0,19586.667612014615,19958.982888104736,372.3152760901212,2,;Alanine and Aspartate Metabolism;Alternate Carbon Metabolism
b4025,b3733,pgi,atpG,438.1712989467118,19586.667612014615,19958.982888104736,-65.85602285659115,0.996711283264279,0.002704964478680627,0.8696956584514208,0.2849329232733675,0.2849329232733704,0.0,0.8871681415929203,False,A,0.0,19586.667612014615,19958.982888104736,372.3152760901212,2,;Alanine and Aspartate Metabolism;Alternate Carbon Metabolism
b4025,b3738,pgi,atpB,438.1712989467118,19586.667612014615,19958.982888104736,-65.85602285659115,0.996711283264279,0.002704964478680627,0.8696956584514208,0.2849329232733675,0.2849329232733704,0.0,0.8871681415929203,False,A,0.0,19586.667612014615,19958.982888104736,372.3152760901212,2,;Alanine and Aspartate Metabolism;Alternate Carbon Metabolism
b4025,b1296,pgi,puuP,438.1712989467118,0.0,438.1712989467118,0.0,0.9999999999999978,-1.1307610403576973e-09,0.8696956584514208,0.87699721442697,0.8696956584514208,0.0,0.0,False,X,0.0,0.0,0.0,0.0,1,
b4025,b3626,pgi,waaJ,438.1712989467118,0.0,438.1712989467041,-7.673861546209082e-12,0.9999999999999802,-1.1307610403576973e-09,0.8696956584514208,0.87699721442697,0.8696956584514208,0.0,0.0,False,X,0.0,0.0,0.0,0.0,2,
b4025,b1186,pgi,nhaB,438.1712989467118,0.0,438.17129894671336,1.5916157281026244e-12,1.0000000000000013,-1.1307618175138145e-09,0.8696956584514208,0.8769972144269705,0.8696956584514207,0.0,0.0,False,X,0.0,0.0,0.0,0.0,2,
b4025,b0115,pgi,aceF,438.1712989467118,569.3957161878707,853.8511450419459,-153.71587009263658,0.8474385645980033,-0.000792297377135931,0.8696956584514208,0.8581964695522434,0.8503566000362335,0.0,0.9733009708737864,False,A,0.0,0.0,0.0,0.0,2,;Alanine and Aspartate Metabolism;Alternate Carbon Metabolism
b4025,b0114,pgi,aceE,438.1712989467118,569.3957161878707,853.8511450419459,-153.71587009263658,0.8474385645980033,-0.000792297377135931,0.8696956584514208,0.8581964695522434,0.8503566000362335,0.0,0.9733009708737864,False,A,0.0,0.0,0.0,0.0,2,;Alanine and Aspartate Metabolism;Alternate Carbon Metabolism
b4025,b3919,pgi,tpiA,438.1712989467118,871.9980214793411,880.8143230490406,-429.3549973770123,0.6722904507965497,0.007995882931546183,0.8696956584514208,0.8422625567901132,0.8422625567901127,0.023809523809523808,0.9460093896713615,False,A,0.0,0.0,0.0,0.0,2,;Alanine and Aspartate Metabolism;Alternate Carbon Metabolism
b4025,b0832,pgi,gsiD,438.1712989467118,0.0,438.17129894665186,-5.991296347929165e-11,0.9999999999998611,-1.1307612624023022e-09,0.8696956584514208,0.8769972144269701,0.8696956584514208,0.0,0.0,False,X,0.0,0.0,0.0,0.0,2,
b4025,b0429,pgi,cyoD,438.1712989467118,7798.596633039896,8585.824839505038,349.0569075184303,1.0423778975443638,-0.00471019150984886,0.8696956584514208,0.7776142830847725,0.767009328862142,0.0,0.9616306954436451,False,A,0.0,7798.596633039896,8585.824839505038,787.2282064651417,2,;Alanine and Aspartate Metabolism;Alternate Carbon Metabolism
b4025,b0432,pgi,cyoA,438.1712989467118,7798.596633039896,8585.824839505038,349.0569075184303,1.0423778975443638,-0.00471019150984886,0.8696956584514208,0.7776142830847725,0.767009328862142,0.0,0.9616306954436451,False,A,0.0,7798.596633039896,8585.824839505038,787.2282064651417,2,;Alanine and Aspartate Metabolism;Alternate Carbon Metabolism
b4025,b0430,pgi,cyoC,438.1712989467118,7798.596633039896,8585.824839505038,349.0569075184303,1.0423778975443638,-0.00471019150984886,0.8696956584514208,0.7776142830847725,0.767009328862142,0.0,0.9616306954436451,False,A,0.0,7798.596633039896,8585.824839505038,787.2282064651417,2,;Alanine and Aspartate Metabolism;Alternate Carbon Metabolism
b4025,b0431,pgi,cyoB,438.1712989467118,7798.596633039896,8585.824839505038,349.0569075184303,1.0423778975443638,-0.00471019150984886,0.8696956584514208,0.7776142830847725,0.767009328862142,0.0,0.9616306954436451,False,A,0.0,7798.596633039896,8585.824839505038,787.2282064651417,2,;Alanine and Aspartate Metabolism;Alternate Carbon Metabolism
b4025,b0722,pgi,sdhD,438.1712989467118,3719.237820017231,1594.959925038028,-2562.449193925915,0.38364276389413987,-0.01219233304045364,0.8696956584514208,0.8418157926999568,0.8241145031413016,0.06521739130434782,0.9393939393939394,False,A,0.0,0.0,1594.959925038028,1594.959925038028,2,;Alanine and Aspartate Metabolism;Alternate Carbon Metabolism
b4025,b0723,pgi,sdhA,438.1712989467118,3719.237820017231,1594.959925038028,-2562.449193925915,0.38364276389413987,-0.01219233304045364,0.8696956584514208,0.8418157926999568,0.8241145031413016,0.06521739130434782,0.9393939393939394,False,A,0.0,0.0,1594.959925038028,1594.959925038028,2,;Alanine and Aspartate Metabolism;Alternate Carbon Metabolism
b4025,b0721,pgi,sdhC,438.1712989467118,3719.237820017231,1594.959925038028,-2562.449193925915,0.38364276389413987,-0.01219233304045364,0.8696956584514208,0.8418157926999568,0.8241145031413016,0.06521739130434782,0.9393939393939394,False,A,0.0,0.0,1594.959925038028,1594.959925038028,2,;Alanine and Aspartate Metabolism;Alternate Carbon Metabolism
b4025,b0724,pgi,sdhB,438.1712989467118,3719.237820017231,1594.959925038028,-2562.449193925915,0.38364276389413987,-0.01219233304045364,0.8696956584514208,0.8418157926999568,0.8241145031413016,0.06521739130434782,0.9393939393939394,False,A,0.0,0.0,1594.959925038028,1594.959925038028,2,;Alanine and Aspartate Metabolism;Alternate Carbon Metabolism
b4025,b2283,pgi,nuoG,438.1712989467118,3294.285861140926,4042.4395919053914,309.9824318177534,1.083050499583088,-0.005430614249671284,0.8696956584514208,0.7586431920374903,0.7475643753786987,0.0,0.9502369668246445,False,A,0.0,3294.285861140926,4042.4395919053914,748.1537307644653,4,;Alanine and Aspartate Metabolism;Alternate Carbon Metabolism
b4025,b2282,pgi,nuoH,438.1712989467118,3294.285861140926,4042.4395919053914,309.9824318177534,1.083050499583088,-0.005430614249671284,0.8696956584514208,0.7586431920374903,0.7475643753786987,0.0,0.9502369668246445,False,A,0.0,3294.285861140926,4042.4395919053914,748.1537307644653,4,;Alanine and Aspartate Metabolism;Alternate Carbon Metabolism
b4025,b2281,pgi,nuoI,438.1712989467118,3294.285861140926,4042.4395919053914,309.9824318177534,1.083050499583088,-0.005430614249671284,0.8696956584514208,0.7586431920374903,0.7475643753786987,0.0,0.9502369668246445,False,A,0.0,3294.285861140926,4042.4395919053914,748.1537307644653,4,;Alanine and Aspartate Metabolism;Alternate Carbon Metabolism
b4025,b2288,pgi,nuoA,438.1712989467118,3294.285861140926,4042.4395919053914,309.9824318177534,1.083050499583088,-0.005430614249671284,0.8696956584514208,0.7586431920374903,0.7475643753786987,0.0,0.9502369668246445,False,A,0.0,3294.285861140926,4042.4395919053914,748.1537307644653,4,;Alanine and Aspartate Metabolism;Alternate Carbon Metabolism
b4025,b2276,pgi,nuoN,438.1712989467118,3294.285861140926,4042.4395919053914,309.9824318177534,1.083050499583088,-0.005430614249671284,0.8696956584514208,0.7586431920374903,0.7475643753786987,0.0,0.9502369668246445,False,A,0.0,3294.285861140926,4042.4395919053914,748.1537307644653,4,;Alanine and Aspartate Metabolism;Alternate Carbon Metabolism
b4025,b2277,pgi,nuoM,438.1712989467118,3294.285861140926,4042.4395919053914,309.9824318177534,1.083050499583088,-0.005430614249671284,0.8696956584514208,0.7586431920374903,0.7475643753786987,0.0,0.9502369668246445,False,A,0.0,3294.285861140926,4042.4395919053914,748.1537307644653,4,;Alanine and Aspartate Metabolism;Alternate Carbon Metabolism
b4025,b2285,pgi,nuoE,438.1712989467118,3294.285861140926,4042.4395919053914,309.9824318177534,1.083050499583088,-0.005430614249671284,0.8696956584514208,0.7586431920374903,0.7475643753786987,0.0,0.9502369668246445,False,A,0.0,3294.285861140926,4042.4395919053914,748.1537307644653,4,;Alanine and Aspartate Metabolism;Alternate Carbon Metabolism
b4025,b2284,pgi,nuoF,438.1712989467118,3294.285861140926,4042.4395919053914,309.9824318177534,1.083050499583088,-0.005430614249671284,0.8696956584514208,0.7586431920374903,0.7475643753786987,0.0,0.9502369668246445,False,A,0.0,3294.285861140926,4042.4395919053914,748.1537307644653,4,;Alanine and Aspartate Metabolism;Alternate Carbon Metabolism
b4025,b2278,pgi,nuoL,438.1712989467118,3294.285861140926,4042.4395919053914,309.9824318177534,1.083050499583088,-0.005430614249671284,0.8696956584514208,0.7586431920374903,0.7475643753786987,0.0,0.9502369668246445,False,A,0.0,3294.285861140926,4042.4395919053914,748.1537307644653,4,;Alanine and Aspartate Metabolism;Alternate Carbon Metabolism
b4025,b2279,pgi,nuoK,438.1712989467118,3294.285861140926,4042.4395919053914,309.9824318177534,1.083050499583088,-0.005430614249671284,0.8696956584514208,0.7586431920374903,0.7475643753786987,0.0,0.9502369668246445,False,A,0.0,3294.285861140926,4042.4395919053914,748.1537307644653,4,;Alanine and Aspartate Metabolism;Alternate Carbon Metabolism
b4025,b2280,pgi,nuoJ,438.1712989467118,3294.285861140926,4042.4395919053914,309.9824318177534,1.083050499583088,-0.005430614249671284,0.8696956584514208,0.7586431920374903,0.7475643753786987,0.0,0.9502369668246445,False,A,0.0,3294.285861140926,4042.4395919053914,748.1537307644653,4,;Alanine and Aspartate Metabolism;Alternate Carbon Metabolism
b4025,b2287,pgi,nuoB,438.1712989467118,3294.285861140926,4042.4395919053914,309.9824318177534,1.083050499583088,-0.005430614249671284,0.8696956584514208,0.7586431920374903,0.7475643753786987,0.0,0.9502369668246445,False,A,0.0,3294.285861140926,4042.4395919053914,748.1537307644653,4,;Alanine and Aspartate Metabolism;Alternate Carbon Metabolism
b4025,b2286,pgi,nuoC,438.1712989467118,3294.285861140926,4042.4395919053914,309.9824318177534,1.083050499583088,-0.005430614249671284,0.8696956584514208,0.7586431920374903,0.7475643753786987,0.0,0.9502369668246445,False,A,0.0,3294.285861140926,4042.4395919053914,748.1537307644653,4,;Alanine and Aspartate Metabolism;Alternate Carbon Metabolism
b4025,b0681,pgi,chiP,438.1712989467118,0.0,438.1712989467118,0.0,0.9999999999999978,-1.1307610403576973e-09,0.8696956584514208,0.87699721442697,0.8696956584514208,0.0,0.0,False,X,0.0,0.0,0.0,0.0,1,
b4025,b4101,pgi,phnG,438.1712989467118,0.0,438.1712989467118,0.0,0.9999999999999978,-1.1307610403576973e-09,0.8696956584514208,0.87699721442697,0.8696956584514208,0.0,0.0,False,X,0.0,0.0,0.0,0.0,2,
b2926,b0871,pgk,poxB,3084.5992339759005,0.0,3084.599233975811,-8.958522812463343e-11,0.9999999999999707,-9.87412596131776e-10,0.7594428152438919,0.8769972144269703,0.7594428152438921,0.0,0.0,False,X,3084.5992339759005,0.0,3084.599233975811,-8.958522812463343e-11,2,
b2926,b0116,pgk,lpd,3084.5992339759005,1782.1701777090755,6178.999670202815,1312.2302585178388,1.2696306620501085,0.011801395611791499,0.7594428152438919,0.8408970721550086,0.7385313976099577,0.25,0.9380733944954128,False,A,3084.5992339759005,0.0,6178.999670202815,3094.4004362269143,4,;Alanine and Aspartate Metabolism;Alternate Carbon Metabolism
b2926,b2416,pgk,ptsI,3084.5992339759005,448.4367692909351,3084.5992339757786,-448.436769291057,0.873073252331307,0.009285815174810086,0.7594428152438919,0.867593023657186,0.7594428152438918,0.1,0.9287356321839081,False,A,3084.5992339759005,0.0,3084.5992339757786,-1.2187229003757238e-10,22,;Alanine and Aspartate Metabolism;Alternate Carbon Metabolism
b2926,b2415,pgk,ptsH,3084.5992339759005,448.4367692909351,3084.5992339757786,-448.436769291057,0.873073252331307,0.009285815174810086,0.7594428152438919,0.867593023657186,0.7594428152438918,0.1,0.9287356321839081,False,A,3084.5992339759005,0.0,3084.5992339757786,-1.2187229003757238e-10,22,;Alanine and Aspartate Metabolism;Alternate Carbon Metabolism
b2926,b0726,pgk,sucA,3084.5992339759005,205.2302357589819,4464.474262816836,1174.6447930819536,1.3570533986299944,0.008498545383391676,0.7594428152438919,0.863370356164474,0.7550957288339838,0.05660377358490566,0.9200913242009132,False,A,3084.5992339759005,0.0,4464.474262816836,1379.8750288409356,2,;Alanine and Aspartate Metabolism;Alternate Carbon Metabolism
b2926,b1779,pgk,gapA,3084.5992339759005,3084.5992339759005,3084.5992339759005,-3084.5992339759005,0.5,0.11607469024300432,0.7594428152438919,0.7594428152438919,0.7594428152438919,1.0,1.0,False,A,3084.5992339759005,3084.5992339759005,3084.5992339759005,-3084.5992339759005,2,;Alanine and Aspartate Metabolism;Alternate Carbon Metabolism
b2926,b2429,pgk,murP,3084.5992339759005,0.0,3084.5992339759005,0.0,0.9999999999999997,-9.874124851094734e-10,0.7594428152438919,0.87699721442697,0.7594428152438919,0.0,0.0,False,X,3084.5992339759005,0.0,3084.5992339759005,0.0,3,
b2926,b0861,pgk,artM,3084.5992339759005,0.0,3084.5992339759005,0.0,0.9999999999999997,-9.874124851094734e-10,0.7594428152438919,0.87699721442697,0.7594428152438919,0.0,0.0,False,X,3084.5992339759005,0.0,3084.5992339759005,0.0,1,
b2926,b3734,pgk,atpA,3084.5992339759005,19586.667612014615,25153.73723947938,2482.470393488864,1.109498530027134,-0.2501740603403409,0.7594428152438919,0.2849329232733675,0.027338010822500043,0.05263157894736842,0.8699360341151386,False,A,3084.5992339759005,19586.667612014615,25153.73723947938,2482.470393488864,2,;Alanine and Aspartate Metabolism;Alternate Carbon Metabolism
b2926,b3735,pgk,atpH,3084.5992339759005,19586.667612014615,25153.73723947938,2482.470393488864,1.109498530027134,-0.2501740603403409,0.7594428152438919,0.2849329232733675,0.027338010822500043,0.05263157894736842,0.8699360341151386,False,A,3084.5992339759005,19586.667612014615,25153.73723947938,2482.470393488864,2,;Alanine and Aspartate Metabolism;Alternate Carbon Metabolism
b2926,b3736,pgk,atpF,3084.5992339759005,19586.667612014615,25153.73723947938,2482.470393488864,1.109498530027134,-0.2501740603403409,0.7594428152438919,0.2849329232733675,0.027338010822500043,0.05263157894736842,0.8699360341151386,False,A,3084.5992339759005,19586.667612014615,25153.73723947938,2482.470393488864,2,;Alanine and Aspartate Metabolism;Alternate Carbon Metabolism
b2926,b3737,pgk,atpE,3084.5992339759005,19586.667612014615,25153.73723947938,2482.470393488864,1.109498530027134,-0.2501740603403409,0.7594428152438919,0.2849329232733675,0.027338010822500043,0.05263157894736842,0.8699360341151386,False,A,3084.5992339759005,19586.667612014615,25153.73723947938,2482.470393488864,2,;Alanine and Aspartate Metabolism;Alternate Carbon Metabolism
b2926,b3731,pgk,atpC,3084.5992339759005,19586.667612014615,25153.73723947938,2482.470393488864,1.109498530027134,-0.2501740603403409,0.7594428152438919,0.2849329232733675,0.027338010822500043,0.05263157894736842,0.8699360341151386,False,A,3084.5992339759005,19586.667612014615,25153.73723947938,2482.470393488864,2,;Alanine and Aspartate Metabolism;Alternate Carbon Metabolism
b2926,b3732,pgk,atpD,3084.5992339759005,19586.667612014615,25153.73723947938,2482.470393488864,1.109498530027134,-0.2501740603403409,0.7594428152438919,0.2849329232733675,0.027338010822500043,0.05263157894736842,0.8699360341151386,False,A,3084.5992339759005,19586.667612014615,25153.73723947938,2482.470393488864,2,;Alanine and Aspartate Metabolism;Alternate Carbon Metabolism
b2926,b3733,pgk,atpG,3084.5992339759005,19586.667612014615,25153.73723947938,2482.470393488864,1.109498530027134,-0.2501740603403409,0.7594428152438919,0.2849329232733675,0.027338010822500043,0.05263157894736842,0.8699360341151386,False,A,3084.5992339759005,19586.667612014615,25153.73723947938,2482.470393488864,2,;Alanine and Aspartate Metabolism;Alternate Carbon Metabolism
b2926,b3738,pgk,atpB,3084.5992339759005,19586.667612014615,25153.73723947938,2482.470393488864,1.109498530027134,-0.2501740603403409,0.7594428152438919,0.2849329232733675,0.027338010822500043,0.05263157894736842,0.8699360341151386,False,A,3084.5992339759005,19586.667612014615,25153.73723947938,2482.470393488864,2,;Alanine and Aspartate Metabolism;Alternate Carbon Metabolism
b2926,b0696,pgk,kdpC,3084.5992339759005,0.0,3084.59923397584,-6.048139766789973e-11,0.9999999999999801,-9.874128181763808e-10,0.7594428152438919,0.8769972144269703,0.7594428152438919,0.0,0.0,False,X,3084.5992339759005,0.0,3084.59923397584,-6.048139766789973e-11,2,
b2926,b0115,pgk,aceF,3084.5992339759005,569.3957161878707,6178.999122819761,2525.0041726559903,1.691025632792081,-0.0052802468049029105,0.7594428152438919,0.8581964695522434,0.7385313976099697,0.02040816326530612,0.9285714285714286,False,A,3084.5992339759005,0.0,6178.999122819761,3094.399888843861,2,;Alanine and Aspartate Metabolism;Alternate Carbon Metabolism
b2926,b0114,pgk,aceE,3084.5992339759005,569.3957161878707,6178.999122819761,2525.0041726559903,1.691025632792081,-0.0052802468049029105,0.7594428152438919,0.8581964695522434,0.7385313976099697,0.02040816326530612,0.9285714285714286,False,A,3084.5992339759005,0.0,6178.999122819761,3094.399888843861,2,;Alanine and Aspartate Metabolism;Alternate Carbon Metabolism
b2926,b3919,pgk,tpiA,3084.5992339759005,871.9980214793411,4198.379151310874,241.781895855632,1.0611085435906495,0.03382419983905638,0.7594428152438919,0.8422625567901132,0.7590277879897622,0.6382978723404256,0.9745370370370371,False,A,3084.5992339759005,0.0,4198.379151310874,1113.779917334973,2,;Alanine and Aspartate Metabolism;Alternate Carbon Metabolism
b2926,b2146,pgk,preT,3084.5992339759005,0.0,3084.5992339759005,0.0,0.9999999999999997,-9.874124851094734e-10,0.7594428152438919,0.87699721442697,0.7594428152438919,0.0,0.0,False,X,3084.5992339759005,0.0,3084.5992339759005,0.0,2,
b2926,b0429,pgk,cyoD,3084.5992339759005,7798.596633039896,12927.261028454384,2044.0651614385888,1.1878184667826874,-0.046533662218882776,0.7594428152438919,0.7776142830847725,0.6325714724942632,0.0,0.9311926605504587,False,A,3084.5992339759005,7798.596633039896,12927.261028454384,2044.0651614385888,2,;Alanine and Aspartate Metabolism;Alternate Carbon Metabolism
b2926,b0432,pgk,cyoA,3084.5992339759005,7798.596633039896,12927.261028454384,2044.0651614385888,1.1878184667826874,-0.046533662218882776,0.7594428152438919,0.7776142830847725,0.6325714724942632,0.0,0.9311926605504587,False,A,3084.5992339759005,7798.596633039896,12927.261028454384,2044.0651614385888,2,;Alanine and Aspartate Metabolism;Alternate Carbon Metabolism
b2926,b0430,pgk,cyoC,3084.5992339759005,7798.596633039896,12927.261028454384,2044.0651614385888,1.1878184667826874,-0.046533662218882776,0.7594428152438919,0.7776142830847725,0.6325714724942632,0.0,0.9311926605504587,False,A,3084.5992339759005,7798.596633039896,12927.261028454384,2044.0651614385888,2,;Alanine and Aspartate Metabolism;Alternate Carbon Metabolism
b2926,b0431,pgk,cyoB,3084.5992339759005,7798.596633039896,12927.261028454384,2044.0651614385888,1.1878184667826874,-0.046533662218882776,0.7594428152438919,0.7776142830847725,0.6325714724942632,0.0,0.9311926605504587,False,A,3084.5992339759005,7798.596633039896,12927.261028454384,2044.0651614385888,2,;Alanine and Aspartate Metabolism;Alternate Carbon Metabolism
b2926,b0722,pgk,sdhD,3084.5992339759005,3719.237820017231,8379.090362282248,1575.2533082891164,1.2315242554735508,0.01524245404271174,0.7594428152438919,0.8418157926999568,0.7423447697360392,0.5961538461538461,0.967816091954023,False,A,3084.5992339759005,0.0,8379.090362282248,5294.4911283063475,2,;Alanine and Aspartate Metabolism;Alternate Carbon Metabolism
b2926,b0723,pgk,sdhA,3084.5992339759005,3719.237820017231,8379.090362282248,1575.2533082891164,1.2315242554735508,0.01524245404271174,0.7594428152438919,0.8418157926999568,0.7423447697360392,0.5961538461538461,0.967816091954023,False,A,3084.5992339759005,0.0,8379.090362282248,5294.4911283063475,2,;Alanine and Aspartate Metabolism;Alternate Carbon Metabolism
b2926,b0721,pgk,sdhC,3084.5992339759005,3719.237820017231,8379.090362282248,1575.2533082891164,1.2315242554735508,0.01524245404271174,0.7594428152438919,0.8418157926999568,0.7423447697360392,0.5961538461538461,0.967816091954023,False,A,3084.5992339759005,0.0,8379.090362282248,5294.4911283063475,2,;Alanine and Aspartate Metabolism;Alternate Carbon Metabolism
b2926,b0724,pgk,sdhB,3084.5992339759005,3719.237820017231,8379.090362282248,1575.2533082891164,1.2315242554735508,0.01524245404271174,0.7594428152438919,0.8418157926999568,0.7423447697360392,0.5961538461538461,0.967816091954023,False,A,3084.5992339759005,0.0,8379.090362282248,5294.4911283063475,2,;Alanine and Aspartate Metabolism;Alternate Carbon Metabolism
b2926,b2283,pgk,nuoG,3084.5992339759005,3294.285861140926,8485.882405198066,2106.99731008124,1.330308083413227,-0.026445756052766112,0.7594428152438919,0.7586431920374903,0.6337603408167614,0.06557377049180328,0.929384965831435,False,A,3084.5992339759005,3294.285861140926,8485.882405198066,2106.99731008124,4,;Alanine and Aspartate Metabolism;Alternate Carbon Metabolism
b2926,b2282,pgk,nuoH,3084.5992339759005,3294.285861140926,8485.882405198066,2106.99731008124,1.330308083413227,-0.026445756052766112,0.7594428152438919,0.7586431920374903,0.6337603408167614,0.06557377049180328,0.929384965831435,False,A,3084.5992339759005,3294.285861140926,8485.882405198066,2106.99731008124,4,;Alanine and Aspartate Metabolism;Alternate Carbon Metabolism
b2926,b2281,pgk,nuoI,3084.5992339759005,3294.285861140926,8485.882405198066,2106.99731008124,1.330308083413227,-0.026445756052766112,0.7594428152438919,0.7586431920374903,0.6337603408167614,0.06557377049180328,0.929384965831435,False,A,3084.5992339759005,3294.285861140926,8485.882405198066,2106.99731008124,4,;Alanine and Aspartate Metabolism;Alternate Carbon Metabolism
b2926,b2288,pgk,nuoA,3084.5992339759005,3294.285861140926,8485.882405198066,2106.99731008124,1.330308083413227,-0.026445756052766112,0.7594428152438919,0.7586431920374903,0.6337603408167614,0.06557377049180328,0.929384965831435,False,A,3084.5992339759005,3294.285861140926,8485.882405198066,2106.99731008124,4,;Alanine and Aspartate Metabolism;Alternate Carbon Metabolism
b2926,b2276,pgk,nuoN,3084.5992339759005,3294.285861140926,8485.882405198066,2106.99731008124,1.330308083413227,-0.026445756052766112,0.7594428152438919,0.7586431920374903,0.6337603408167614,0.06557377049180328,0.929384965831435,False,A,3084.5992339759005,3294.285861140926,8485.882405198066,2106.99731008124,4,;Alanine and Aspartate Metabolism;Alternate Carbon Metabolism
b2926,b2277,pgk,nuoM,3084.5992339759005,3294.285861140926,8485.882405198066,2106.99731008124,1.330308083413227,-0.026445756052766112,0.7594428152438919,0.7586431920374903,0.6337603408167614,0.06557377049180328,0.929384965831435,False,A,3084.5992339759005,3294.285861140926,8485.882405198066,2106.99731008124,4,;Alanine and Aspartate Metabolism;Alternate Carbon Metabolism
b2926,b2285,pgk,nuoE,3084.5992339759005,3294.285861140926,8485.882405198066,2106.99731008124,1.330308083413227,-0.026445756052766112,0.7594428152438919,0.7586431920374903,0.6337603408167614,0.06557377049180328,0.929384965831435,False,A,3084.5992339759005,3294.285861140926,8485.882405198066,2106.99731008124,4,;Alanine and Aspartate Metabolism;Alternate Carbon Metabolism
b2926,b2284,pgk,nuoF,3084.5992339759005,3294.285861140926,8485.882405198066,2106.99731008124,1.330308083413227,-0.026445756052766112,0.7594428152438919,0.7586431920374903,0.6337603408167614,0.06557377049180328,0.929384965831435,False,A,3084.5992339759005,3294.285861140926,8485.882405198066,2106.99731008124,4,;Alanine and Aspartate Metabolism;Alternate Carbon Metabolism
b2926,b2278,pgk,nuoL,3084.5992339759005,3294.285861140926,8485.882405198066,2106.99731008124,1.330308083413227,-0.026445756052766112,0.7594428152438919,0.7586431920374903,0.6337603408167614,0.06557377049180328,0.929384965831435,False,A,3084.5992339759005,3294.285861140926,8485.882405198066,2106.99731008124,4,;Alanine and Aspartate Metabolism;Alternate Carbon Metabolism
b2926,b2279,pgk,nuoK,3084.5992339759005,3294.285861140926,8485.882405198066,2106.99731008124,1.330308083413227,-0.026445756052766112,0.7594428152438919,0.7586431920374903,0.6337603408167614,0.06557377049180328,0.929384965831435,False,A,3084.5992339759005,3294.285861140926,8485.882405198066,2106.99731008124,4,;Alanine and Aspartate Metabolism;Alternate Carbon Metabolism
b2926,b2280,pgk,nuoJ,3084.5992339759005,3294.285861140926,8485.882405198066,2106.99731008124,1.330308083413227,-0.026445756052766112,0.7594428152438919,0.7586431920374903,0.6337603408167614,0.06557377049180328,0.929384965831435,False,A,3084.5992339759005,3294.285861140926,8485.882405198066,2106.99731008124,4,;Alanine and Aspartate Metabolism;Alternate Carbon Metabolism
b2926,b2287,pgk,nuoB,3084.5992339759005,3294.285861140926,8485.882405198066,2106.99731008124,1.330308083413227,-0.026445756052766112,0.7594428152438919,0.7586431920374903,0.6337603408167614,0.06557377049180328,0.929384965831435,False,A,3084.5992339759005,3294.285861140926,8485.882405198066,2106.99731008124,4,;Alanine and Aspartate Metabolism;Alternate Carbon Metabolism
b2926,b2286,pgk,nuoC,3084.5992339759005,3294.285861140926,8485.882405198066,2106.99731008124,1.330308083413227,-0.026445756052766112,0.7594428152438919,0.7586431920374903,0.6337603408167614,0.06557377049180328,0.929384965831435,False,A,3084.5992339759005,3294.285861140926,8485.882405198066,2106.99731008124,4,;Alanine and Aspartate Metabolism;Alternate Carbon Metabolism
b3386,b4090,rpe,rpiB,19.178354297608365,0.0,19.178354297608365,0.0,0.9999999999999477,-1.1375971276095243e-09,0.8749534984044419,0.87699721442697,0.8749534984044419,0.0,0.0,False,TGT,0.0,0.0,0.0,0.0,2,
b3386,b2914,rpe,rpiA,19.178354297608365,0.0,19.178354297608365,0.0,0.9999999999999477,-1.1375971276095243e-09,0.8749534984044419,0.87699721442697,0.8749534984044419,0.0,0.0,False,TGT,0.0,0.0,0.0,0.0,1,
b2464,b0008,talA,talB,0.0,0.0,0.0,0.0,0.5,-1.1402538913074522e-09,0.87699721442697,0.87699721442697,0.8769972144269702,0.0,0.0,False,TGT,0.0,0.0,0.0,0.0,1,
b0008,b2464,talB,talA,0.0,0.0,0.0,0.0,0.5,-1.1402538913074522e-09,0.87699721442697,0.87699721442697,0.8769972144269702,0.0,0.0,False,ISO,0.0,0.0,0.0,0.0,1,
b2465,b2935,tktB,tktA,0.0,0.0,18414.902542343993,18414.902542343993,9207451271171996.0,-1.0000000022805087,0.87699721442697,0.87699721442697,-0.0,0.0,0.0,True,ISO,0.0,0.0,18414.902542343993,18414.902542343993,2,
b2935,b2464,tktA,talA,0.0,0.0,0.0,0.0,0.5,-1.140254335396662e-09,0.87699721442697,0.87699721442697,0.87699721442697,0.0,0.0,False,TGT,0.0,0.0,0.0,0.0,0,
b2935,b2465,tktA,tktB,0.0,0.0,18414.902542343993,18414.902542343993,9207451271171996.0,-1.0000000022805087,0.87699721442697,0.87699721442697,-0.0,0.0,0.0,True,ISO+TGT,0.0,0.0,18414.902542343993,18414.902542343993,2,
b3011,b4269,yqhD,ahr,0.0,0.0,0.0,0.0,0.5,-1.140254335396662e-09,0.87699721442697,0.87699721442697,0.87699721442697,0.0,0.0,False,ISO,0.0,0.0,0.0,0.0,1,
b3011,b3588,yqhD,aldB,0.0,0.0,0.0,0.0,0.5,-1.140254335396662e-09,0.87699721442697,0.87699721442697,0.87699721442697,0.0,0.0,False,ISO,0.0,0.0,0.0,0.0,1,
b3011,b0871,yqhD,poxB,0.0,0.0,0.0,0.0,0.5,-1.140254335396662e-09,0.87699721442697,0.8769972144269703,0.8769972144269703,0.0,0.0,False,B,0.0,0.0,0.0,0.0,2,
b3011,b4015,yqhD,aceA,0.0,0.0,0.0,0.0,0.5,-1.140254335396662e-09,0.87699721442697,0.8769972144269703,0.8769972144269703,0.0,0.0,False,B,0.0,0.0,0.0,0.0,2,
b3011,b3617,yqhD,kbl,0.0,0.0,0.0,0.0,0.5,-1.140254335396662e-09,0.87699721442697,0.8769972144269703,0.8769972144269703,0.0,0.0,False,B,0.0,0.0,0.0,0.0,2,
b3011,b2988,yqhD,gss,0.0,0.0,0.0,0.0,0.5,-1.140254335396662e-09,0.87699721442697,0.87699721442697,0.87699721442697,0.0,0.0,False,B,0.0,0.0,0.0,0.0,3,
b3011,b2416,yqhD,ptsI,0.0,448.4367692909351,448.4367692909351,0.0,0.9999999999999979,-1.1280272271818603e-09,0.87699721442697,0.867593023657186,0.867593023657186,0.0,0.0,False,X,0.0,0.0,0.0,0.0,22,
b3011,b1767,yqhD,ansA,0.0,0.0,0.0,0.0,0.5,-1.140254335396662e-09,0.87699721442697,0.87699721442697,0.87699721442697,0.0,0.0,False,B,0.0,0.0,0.0,0.0,1,
b3011,b2601,yqhD,aroF,0.0,0.0,0.0,0.0,0.5,-1.140254335396662e-09,0.87699721442697,0.87699721442697,0.87699721442697,0.0,0.0,False,B,0.0,0.0,0.0,0.0,1,
b3011,b0347,yqhD,mhpA,0.0,0.0,0.0,0.0,0.5,-1.140254335396662e-09,0.87699721442697,0.87699721442697,0.87699721442697,0.0,0.0,False,B,0.0,0.0,0.0,0.0,3,
b3011,b1656,yqhD,sodB,0.0,0.0,0.0,0.0,0.5,-1.140254335396662e-09,0.87699721442697,0.87699721442697,0.87699721442697,0.0,0.0,False,B,0.0,0.0,0.0,0.0,1,
b3011,b1465,yqhD,narV,0.0,0.0,0.0,0.0,0.5,-1.140254335396662e-09,0.87699721442697,0.87699721442697,0.87699721442697,0.0,0.0,False,B,0.0,0.0,0.0,0.0,1,
b3011,b2429,yqhD,murP,0.0,0.0,0.0,0.0,0.5,-1.140254335396662e-09,0.87699721442697,0.87699721442697,0.87699721442697,0.0,0.0,False,B,0.0,0.0,0.0,0.0,3,
b3011,b0861,yqhD,artM,0.0,0.0,0.0,0.0,0.5,-1.140254335396662e-09,0.87699721442697,0.87699721442697,0.87699721442697,0.0,0.0,False,B,0.0,0.0,0.0,0.0,1,
b3011,b3736,yqhD,atpF,0.0,19586.667612014615,19586.667612014615,0.0,0.9999999999999998,-3.704641038382306e-10,0.87699721442697,0.2849329232733675,0.2849329232733675,0.0,0.0,False,X,0.0,19586.667612014615,19586.667612014615,0.0,2,
b3011,b3732,yqhD,atpD,0.0,19586.667612014615,19586.667612014615,0.0,0.9999999999999998,-3.704641038382306e-10,0.87699721442697,0.2849329232733675,0.2849329232733675,0.0,0.0,False,X,0.0,19586.667612014615,19586.667612014615,0.0,2,
b3011,b3733,yqhD,atpG,0.0,19586.667612014615,19586.667612014615,0.0,0.9999999999999998,-3.704641038382306e-10,0.87699721442697,0.2849329232733675,0.2849329232733675,0.0,0.0,False,X,0.0,19586.667612014615,19586.667612014615,0.0,2,
b3011,b0341,yqhD,cynX,0.0,0.0,0.0,0.0,0.5,-1.140254335396662e-09,0.87699721442697,0.87699721442697,0.87699721442697,0.0,0.0,False,B,0.0,0.0,0.0,0.0,2,
b3011,b0934,yqhD,ssuC,0.0,0.0,0.0,0.0,0.5,-1.140254335396662e-09,0.87699721442697,0.87699721442697,0.87699721442697,0.0,0.0,False,B,0.0,0.0,0.0,0.0,4,
b3011,b1296,yqhD,puuP,0.0,0.0,0.0,0.0,0.5,-1.140254335396662e-09,0.87699721442697,0.87699721442697,0.87699721442697,0.0,0.0,False,B,0.0,0.0,0.0,0.0,1,
b3011,b3626,yqhD,waaJ,0.0,0.0,0.0,0.0,0.5,-1.140254335396662e-09,0.87699721442697,0.87699721442697,0.87699721442697,0.0,0.0,False,B,0.0,0.0,0.0,0.0,2,
b3011,b2871,yqhD,ygeX,0.0,0.0,0.0,0.0,0.5,-1.140254335396662e-09,0.87699721442697,0.87699721442697,0.87699721442697,0.0,0.0,False,B,0.0,0.0,0.0,0.0,2,
b3011,b3915,yqhD,fieF,0.0,0.0,0.0,0.0,0.5,-1.140254335396662e-09,0.87699721442697,0.8769972144269703,0.8769972144269703,0.0,0.0,False,B,0.0,0.0,0.0,0.0,3,
b3011,b1857,yqhD,znuA,0.0,0.0,0.0,0.0,0.5,-1.140254335396662e-09,0.87699721442697,0.8769972144269703,0.8769972144269703,0.0,0.0,False,B,0.0,0.0,0.0,0.0,2,
b3011,b0696,yqhD,kdpC,0.0,0.0,0.0,0.0,0.5,-1.140254335396662e-09,0.87699721442697,0.8769972144269703,0.8769972144269703,0.0,0.0,False,B,0.0,0.0,0.0,0.0,2,
b3011,b1186,yqhD,nhaB,0.0,0.0,0.0,0.0,0.5,-1.140254335396662e-09,0.87699721442697,0.8769972144269705,0.8769972144269705,0.0,0.0,False,B,0.0,0.0,0.0,0.0,2,
b3011,b3371,yqhD,frlB,0.0,0.0,0.0,0.0,0.5,-1.140254335396662e-09,0.87699721442697,0.87699721442697,0.87699721442697,0.0,0.0,False,B,0.0,0.0,0.0,0.0,2,
b3011,b3748,yqhD,rbsD,0.0,0.0,0.0,0.0,0.5,-1.140254335396662e-09,0.87699721442697,0.87699721442697,0.87699721442697,0.0,0.0,False,B,0.0,0.0,0.0,0.0,1,
b3011,b2482,yqhD,hyfB,0.0,0.0,0.0,0.0,0.5,-1.140254335396662e-09,0.87699721442697,0.87699721442697,0.87699721442697,0.0,0.0,False,B,0.0,0.0,0.0,0.0,1,
b3011,b1640,yqhD,anmK,0.0,0.0,0.0,0.0,0.5,-1.140254335396662e-09,0.87699721442697,0.87699721442697,0.87699721442697,0.0,0.0,False,B,0.0,0.0,0.0,0.0,2,
b3011,b0115,yqhD,aceF,0.0,569.3957161878707,569.3957161878707,0.0,0.9999999999999982,-1.1158099999519777e-09,0.87699721442697,0.8581964695522434,0.8581964695522434,0.0,0.0,False,X,0.0,0.0,0.0,0.0,2,
b3011,b0114,yqhD,aceE,0.0,569.3957161878707,569.3957161878707,0.0,0.9999999999999982,-1.1158099999519777e-09,0.87699721442697,0.8581964695522434,0.8581964695522434,0.0,0.0,False,X,0.0,0.0,0.0,0.0,2,
b3011,b3630,yqhD,waaP,0.0,0.0,0.0,0.0,0.5,-1.140254335396662e-09,0.87699721442697,0.87699721442697,0.87699721442697,0.0,0.0,False,B,0.0,0.0,0.0,0.0,2,
b3011,b4394,yqhD,yjjX,0.0,0.0,0.0,0.0,0.5,-1.140254335396662e-09,0.87699721442697,0.87699721442697,0.87699721442697,0.0,0.0,False,B,0.0,0.0,0.0,0.0,3,
b3011,b2146,yqhD,preT,0.0,0.0,0.0,0.0,0.5,-1.140254335396662e-09,0.87699721442697,0.87699721442697,0.87699721442697,0.0,0.0,False,B,0.0,0.0,0.0,0.0,2,
b3011,b0832,yqhD,gsiD,0.0,0.0,0.0,0.0,0.5,-1.140254335396662e-09,0.87699721442697,0.8769972144269701,0.8769972144269701,0.0,0.0,False,B,0.0,0.0,0.0,0.0,2,
b3011,b3396,yqhD,mrcA,0.0,0.0,0.0,0.0,0.5,-1.140254335396662e-09,0.87699721442697,0.87699721442697,0.87699721442697,0.0,0.0,False,B,0.0,0.0,0.0,0.0,1,
b3011,b0430,yqhD,cyoC,0.0,7798.596633039896,7798.596633039896,0.0,0.9999999999999999,-1.011038586185009e-09,0.87699721442697,0.7776142830847725,0.7776142830847725,0.0,0.0,False,X,0.0,7798.596633039896,7798.596633039896,0.0,2,
b3011,b0721,yqhD,sdhC,0.0,3719.237820017231,3719.237820017231,0.0,0.9999999999999998,-1.0945121475813835e-09,0.87699721442697,0.8418157926999568,0.8418157926999568,0.0,0.0,False,X,0.0,0.0,0.0,0.0,2,
b3011,b2276,yqhD,nuoN,0.0,3294.285861140926,3294.285861140926,0.0,0.9999999999999998,-9.86372761246912e-10,0.87699721442697,0.7586431920374903,0.7586431920374903,0.0,0.0,False,X,0.0,3294.285861140926,3294.285861140926,0.0,4,
b3011,b2278,yqhD,nuoL,0.0,3294.285861140926,3294.285861140926,0.0,0.9999999999999998,-9.86372761246912e-10,0.87699721442697,0.7586431920374903,0.7586431920374903,0.0,0.0,False,X,0.0,3294.285861140926,3294.285861140926,0.0,4,
b3011,b0681,yqhD,chiP,0.0,0.0,0.0,0.0,0.5,-1.140254335396662e-09,0.87699721442697,0.87699721442697,0.87699721442697,0.0,0.0,False,B,0.0,0.0,0.0,0.0,1,
b3011,b1473,yqhD,yddG,0.0,0.0,0.0,0.0,0.5,-1.140254335396662e-09,0.87699721442697,0.8769972144269699,0.8769972144269699,0.0,0.0,False,B,0.0,0.0,0.0,0.0,4,
b3011,b0401,yqhD,brnQ,0.0,0.0,0.0,0.0,0.5,-1.140254335396662e-09,0.87699721442697,0.8769972144269699,0.8769972144269699,0.0,0.0,False,B,0.0,0.0,0.0,0.0,4,
b3011,b2842,yqhD,kduD,0.0,0.0,0.0,0.0,0.5,-1.140254335396662e-09,0.87699721442697,0.87699721442697,0.87699721442697,0.0,0.0,False,B,0.0,0.0,0.0,0.0,1,
b3011,b4101,yqhD,phnG,0.0,0.0,0.0,0.0,0.5,-1.140254335396662e-09,0.87699721442697,0.87699721442697,0.87699721442697,0.0,0.0,False,B,0.0,0.0,0.0,0.0,2,
b3011,b2682,yqhD,ygaZ,0.0,0.0,0.0,0.0,0.5,-1.140254335396662e-09,0.87699721442697,0.87699721442697,0.87699721442697,0.0,0.0,False,B,0.0,0.0,0.0,0.0,1,
b3003,b3011,yghA,yqhD,0.0,0.0,0.0,0.0,0.5,-1.140254335396662e-09,0.87699721442697,0.87699721442697,0.87699721442697,0.0,0.0,False,ISO,0.0,0.0,0.0,0.0,1,
b3003,b4269,yghA,ahr,0.0,0.0,0.0,0.0,0.5,-1.140254335396662e-09,0.87699721442697,0.87699721442697,0.87699721442697,0.0,0.0,False,ISO,0.0,0.0,0.0,0.0,0,
b3003,b3588,yghA,aldB,0.0,0.0,0.0,0.0,0.5,-1.140254335396662e-09,0.87699721442697,0.87699721442697,0.87699721442697,0.0,0.0,False,ISO,0.0,0.0,0.0,0.0,0,
b0493,b3011,ybbO,yqhD,0.0,0.0,0.0,0.0,0.5,-1.140254335396662e-09,0.87699721442697,0.87699721442697,0.87699721442697,0.0,0.0,False,ISO,0.0,0.0,0.0,0.0,1,
b0493,b3003,ybbO,yghA,0.0,0.0,0.0,0.0,0.5,-1.140254335396662e-09,0.87699721442697,0.87699721442697,0.87699721442697,0.0,0.0,False,ISO,0.0,0.0,0.0,0.0,0,
b0493,b4269,ybbO,ahr,0.0,0.0,0.0,0.0,0.5,-1.140254335396662e-09,0.87699721442697,0.87699721442697,0.87699721442697,0.0,0.0,False,ISO,0.0,0.0,0.0,0.0,0,
b0493,b3588,ybbO,aldB,0.0,0.0,0.0,0.0,0.5,-1.140254335396662e-09,0.87699721442697,0.87699721442697,0.87699721442697,0.0,0.0,False,ISO,0.0,0.0,0.0,0.0,0,
b3588,b4269,aldB,ahr,0.0,0.0,0.0,0.0,0.5,-1.140254335396662e-09,0.87699721442697,0.87699721442697,0.87699721442697,0.0,0.0,False,ISO,0.0,0.0,0.0,0.0,0,
b2411,b3996,ligA,nudC,0.0,0.0,0.0,0.0,0.5,-1.140254335396662e-09,0.87699721442697,0.87699721442697,0.87699721442697,0.0,0.0,False,ISO,0.0,0.0,0.0,0.0,1,
b3008,b3708,metC,tnaA,0.0,0.04042550311489512,0.04042550311447393,-4.2119085996716876e-13,0.9999999999648442,-1.139949690198705e-09,0.87699721442697,0.8767628721873945,0.8767628721873945,0.0,0.0,False,ISO,0.0,0.0,0.0,0.0,2,
b3708,b4471,tnaA,tdcG,0.04042550311489512,0.0,0.04042550311489512,0.0,0.9999999999752631,-1.139949690198705e-09,0.8767628721873945,0.87699721442697,0.8767628721873945,0.0,0.0,False,ISO,0.0,0.0,0.0,0.0,1,
b1134,b3614,nudJ,yibQ,0.0,0.0,0.0,0.0,0.5,-1.1402554456196867e-09,0.8769972144269695,0.8769972144269703,0.8769972144269689,0.0,0.0,False,ISO,0.0,0.0,0.0,0.0,4,
b2293,b3697,yfbT,yidA,0.0,0.0,0.0,0.0,0.5,-1.140254335396662e-09,0.87699721442697,0.87699721442697,0.87699721442697,0.0,0.0,False,ISO,0.0,0.0,0.0,0.0,1,
b2293,b3885,yfbT,yihX,0.0,0.0,0.0,0.0,0.5,-1.140254335396662e-09,0.87699721442697,0.87699721442697,0.87699721442697,0.0,0.0,False,ISO,0.0,0.0,0.0,0.0,1,
b2293,b3826,yfbT,yigL,0.0,0.0,0.0,0.0,0.5,-1.140254335396662e-09,0.87699721442697,0.87699721442697,0.87699721442697,0.0,0.0,False,ISO,0.0,0.0,0.0,0.0,1,
b2293,b2690,yfbT,yqaB,0.0,0.0,0.0,0.0,0.5,-1.140254335396662e-09,0.87699721442697,0.8769972144269703,0.8769972144269703,0.0,0.0,False,ISO,0.0,0.0,0.0,0.0,2,
b3114,b3951,tdcE,pflD,0.0,0.0,0.0,0.0,0.5,-1.140254335396662e-09,0.87699721442697,0.87699721442697,0.87699721442697,0.0,0.0,False,ISO,0.0,0.0,0.0,0.0,0,
b3114,b3952,tdcE,pflC,0.0,0.0,0.0,0.0,0.5,-1.140254335396662e-09,0.87699721442697,0.87699721442697,0.87699721442697,0.0,0.0,False,ISO,0.0,0.0,0.0,0.0,0,
b0902,b3951,pflA,pflD,0.0,0.0,0.0,0.0,0.5,-1.140254557441267e-09,0.8769972144269701,0.87699721442697,0.87699721442697,0.0,0.0,False,ISO,0.0,0.0,0.0,0.0,2,
b0902,b3952,pflA,pflC,0.0,0.0,0.0,0.0,0.5,-1.140254557441267e-09,0.8769972144269701,0.87699721442697,0.87699721442697,0.0,0.0,False,ISO,0.0,0.0,0.0,0.0,2,
b0903,b3114,pflB,tdcE,0.0,0.0,0.0,0.0,0.5,-1.1402541133520572e-09,0.87699721442697,0.87699721442697,0.8769972144269701,0.0,0.0,False,ISO,0.0,0.0,0.0,0.0,1,
b0903,b3951,pflB,pflD,0.0,0.0,0.0,0.0,0.5,-1.140254335396662e-09,0.87699721442697,0.87699721442697,0.87699721442697,0.0,0.0,False,ISO,0.0,0.0,0.0,0.0,0,
b0903,b3952,pflB,pflC,0.0,0.0,0.0,0.0,0.5,-1.140254335396662e-09,0.87699721442697,0.87699721442697,0.87699721442697,0.0,0.0,False,ISO,0.0,0.0,0.0,0.0,0,
b0871,b4015,poxB,aceA,0.0,0.0,0.0,0.0,0.5,-1.1402550015304769e-09,0.8769972144269703,0.8769972144269703,0.8769972144269701,0.0,0.0,False,B,0.0,0.0,0.0,0.0,2,
b0871,b3617,poxB,kbl,0.0,0.0,0.0,0.0,0.5,-1.1402550015304769e-09,0.8769972144269703,0.8769972144269703,0.8769972144269701,0.0,0.0,False,B,0.0,0.0,0.0,0.0,2,
b0871,b2988,poxB,gss,0.0,0.0,0.0,0.0,0.5,-1.140254335396662e-09,0.8769972144269703,0.87699721442697,0.8769972144269703,0.0,0.0,False,B,0.0,0.0,0.0,0.0,3,
b0871,b1767,poxB,ansA,0.0,0.0,0.0,0.0,0.5,-1.140254335396662e-09,0.8769972144269703,0.87699721442697,0.8769972144269703,0.0,0.0,False,B,0.0,0.0,0.0,0.0,1,
b0871,b2601,poxB,aroF,0.0,0.0,0.0,0.0,0.5,-1.140254335396662e-09,0.8769972144269703,0.87699721442697,0.8769972144269703,0.0,0.0,False,B,0.0,0.0,0.0,0.0,1,
b0871,b0347,poxB,mhpA,0.0,0.0,0.0,0.0,0.5,-1.140254335396662e-09,0.8769972144269703,0.87699721442697,0.8769972144269703,0.0,0.0,False,B,0.0,0.0,0.0,0.0,3,
b0871,b1779,poxB,gapA,0.0,3084.5992339759005,3084.599233975811,-8.958522812463343e-11,0.9999999999999707,-9.87412596131776e-10,0.8769972144269703,0.7594428152438919,0.7594428152438921,0.0,0.0,False,X,0.0,3084.5992339759005,3084.599233975811,-8.958522812463343e-11,2,
b0871,b1656,poxB,sodB,0.0,0.0,0.0,0.0,0.5,-1.140254335396662e-09,0.8769972144269703,0.87699721442697,0.8769972144269703,0.0,0.0,False,B,0.0,0.0,0.0,0.0,1,
b0871,b1465,poxB,narV,0.0,0.0,0.0,0.0,0.5,-1.140254335396662e-09,0.8769972144269703,0.87699721442697,0.8769972144269703,0.0,0.0,False,B,0.0,0.0,0.0,0.0,1,
b0871,b2429,poxB,murP,0.0,0.0,0.0,0.0,0.5,-1.140254335396662e-09,0.8769972144269703,0.87699721442697,0.8769972144269703,0.0,0.0,False,B,0.0,0.0,0.0,0.0,3,
b0871,b0861,poxB,artM,0.0,0.0,0.0,0.0,0.5,-1.140254335396662e-09,0.8769972144269703,0.87699721442697,0.8769972144269703,0.0,0.0,False,B,0.0,0.0,0.0,0.0,1,
b0871,b3731,poxB,atpC,0.0,19586.667612014615,19586.66761201545,8.36735125631094e-10,1.0000000000000426,-3.704167528262303e-10,0.8769972144269703,0.2849329232733675,0.28493292327340913,0.0,0.0,False,X,0.0,19586.667612014615,19586.66761201545,8.36735125631094e-10,2,
b0871,b0341,poxB,cynX,0.0,0.0,0.0,0.0,0.5,-1.140254335396662e-09,0.8769972144269703,0.87699721442697,0.8769972144269703,0.0,0.0,False,B,0.0,0.0,0.0,0.0,2,
b0871,b0934,poxB,ssuC,0.0,0.0,0.0,0.0,0.5,-1.140254335396662e-09,0.8769972144269703,0.87699721442697,0.8769972144269703,0.0,0.0,False,B,0.0,0.0,0.0,0.0,4,
b0871,b1296,poxB,puuP,0.0,0.0,0.0,0.0,0.5,-1.140254335396662e-09,0.8769972144269703,0.87699721442697,0.8769972144269703,0.0,0.0,False,B,0.0,0.0,0.0,0.0,1,
b0871,b3626,poxB,waaJ,0.0,0.0,0.0,0.0,0.5,-1.140254335396662e-09,0.8769972144269703,0.87699721442697,0.8769972144269702,0.0,0.0,False,B,0.0,0.0,0.0,0.0,2,
b0871,b2871,poxB,ygeX,0.0,0.0,0.0,0.0,0.5,-1.140254335396662e-09,0.8769972144269703,0.87699721442697,0.8769972144269703,0.0,0.0,False,B,0.0,0.0,0.0,0.0,2,
b0871,b3915,poxB,fieF,0.0,0.0,0.0,0.0,0.5,-1.140254557441267e-09,0.8769972144269703,0.8769972144269703,0.8769972144269704,0.0,0.0,False,B,0.0,0.0,0.0,0.0,3,
b0871,b1857,poxB,znuA,0.0,0.0,0.0,0.0,0.5,-1.140254557441267e-09,0.8769972144269703,0.8769972144269703,0.8769972144269704,0.0,0.0,False,B,0.0,0.0,0.0,0.0,2,
b0871,b0696,poxB,kdpC,0.0,0.0,0.0,0.0,0.5,-1.1402550015304769e-09,0.8769972144269703,0.8769972144269703,0.8769972144269701,0.0,0.0,False,B,0.0,0.0,0.0,0.0,2,
b0871,b1186,poxB,nhaB,0.0,0.0,0.0,0.0,0.5,-1.1402550015304769e-09,0.8769972144269703,0.8769972144269705,0.8769972144269702,0.0,0.0,False,B,0.0,0.0,0.0,0.0,2,
b0871,b3371,poxB,frlB,0.0,0.0,0.0,0.0,0.5,-1.140254335396662e-09,0.8769972144269703,0.87699721442697,0.8769972144269703,0.0,0.0,False,B,0.0,0.0,0.0,0.0,2,
b0871,b3748,poxB,rbsD,0.0,0.0,0.0,0.0,0.5,-1.140254335396662e-09,0.8769972144269703,0.87699721442697,0.8769972144269703,0.0,0.0,False,B,0.0,0.0,0.0,0.0,1,
b0871,b2482,poxB,hyfB,0.0,0.0,0.0,0.0,0.5,-1.140254335396662e-09,0.8769972144269703,0.87699721442697,0.8769972144269703,0.0,0.0,False,B,0.0,0.0,0.0,0.0,1,
b0871,b1640,poxB,anmK,0.0,0.0,0.0,0.0,0.5,-1.1402541133520572e-09,0.8769972144269703,0.87699721442697,0.8769972144269705,0.0,0.0,False,B,0.0,0.0,0.0,0.0,2,
b0871,b3630,poxB,waaP,0.0,0.0,0.0,0.0,0.5,-1.140254335396662e-09,0.8769972144269703,0.87699721442697,0.8769972144269702,0.0,0.0,False,B,0.0,0.0,0.0,0.0,2,
b0871,b4394,poxB,yjjX,0.0,0.0,0.0,0.0,0.5,-1.140254335396662e-09,0.8769972144269703,0.87699721442697,0.8769972144269703,0.0,0.0,False,B,0.0,0.0,0.0,0.0,3,
b0871,b2146,poxB,preT,0.0,0.0,0.0,0.0,0.5,-1.140254335396662e-09,0.8769972144269703,0.87699721442697,0.8769972144269703,0.0,0.0,False,B,0.0,0.0,0.0,0.0,2,
b0871,b0832,poxB,gsiD,0.0,0.0,0.0,0.0,0.5,-1.1402550015304769e-09,0.8769972144269703,0.8769972144269701,0.87699721442697,0.0,0.0,False,B,0.0,0.0,0.0,0.0,2,
b0871,b3396,poxB,mrcA,0.0,0.0,0.0,0.0,0.5,-1.140254335396662e-09,0.8769972144269703,0.87699721442697,0.8769972144269703,0.0,0.0,False,B,0.0,0.0,0.0,0.0,1,
b0871,b0429,poxB,cyoD,0.0,7798.596633039896,7798.5966330398915,-4.547473508864641e-12,0.9999999999999993,-1.0110389192519165e-09,0.8769972144269703,0.7776142830847725,0.7776142830847727,0.0,0.0,False,X,0.0,7798.596633039896,7798.5966330398915,-4.547473508864641e-12,2,
b0871,b0724,poxB,sdhB,0.0,3719.237820017231,3719.2378200168514,-3.7971403799019754e-10,0.9999999999998976,-1.0945195860756485e-09,0.8769972144269703,0.8418157926999568,0.8418157926999505,0.0,0.0,False,X,0.0,0.0,0.0,0.0,2,
b0871,b2276,poxB,nuoN,0.0,3294.285861140926,3294.285861140355,-5.711626727133989e-10,0.9999999999998264,-9.86372983291517e-10,0.8769972144269703,0.7586431920374903,0.7586431920374905,0.0,0.0,False,X,0.0,3294.285861140926,3294.285861140355,-5.711626727133989e-10,4,
b0871,b2284,poxB,nuoF,0.0,3294.285861140926,3294.285861140355,-5.711626727133989e-10,0.9999999999998264,-9.86372983291517e-10,0.8769972144269703,0.7586431920374903,0.7586431920374905,0.0,0.0,False,X,0.0,3294.285861140926,3294.285861140355,-5.711626727133989e-10,4,
b0871,b2280,poxB,nuoJ,0.0,3294.285861140926,3294.285861140355,-5.711626727133989e-10,0.9999999999998264,-9.86372983291517e-10,0.8769972144269703,0.7586431920374903,0.7586431920374905,0.0,0.0,False,X,0.0,3294.285861140926,3294.285861140355,-5.711626727133989e-10,4,
b0871,b0681,poxB,chiP,0.0,0.0,0.0,0.0,0.5,-1.140254335396662e-09,0.8769972144269703,0.87699721442697,0.8769972144269703,0.0,0.0,False,B,0.0,0.0,0.0,0.0,1,
b0871,b1473,poxB,yddG,0.0,0.0,0.0,0.0,0.5,-1.140254557441267e-09,0.8769972144269703,0.8769972144269699,0.8769972144269701,0.0,0.0,False,B,0.0,0.0,0.0,0.0,4,
b0871,b0401,poxB,brnQ,0.0,0.0,0.0,0.0,0.5,-1.140254335396662e-09,0.8769972144269703,0.8769972144269699,0.8769972144269703,0.0,0.0,False,B,0.0,0.0,0.0,0.0,4,
b0871,b2842,poxB,kduD,0.0,0.0,0.0,0.0,0.5,-1.140254335396662e-09,0.8769972144269703,0.87699721442697,0.8769972144269703,0.0,0.0,False,B,0.0,0.0,0.0,0.0,1,
b0871,b4101,poxB,phnG,0.0,0.0,0.0,0.0,0.5,-1.140254335396662e-09,0.8769972144269703,0.87699721442697,0.8769972144269703,0.0,0.0,False,B,0.0,0.0,0.0,0.0,2,
b0871,b2682,poxB,ygaZ,0.0,0.0,0.0,0.0,0.5,-1.140254335396662e-09,0.8769972144269703,0.87699721442697,0.8769972144269703,0.0,0.0,False,B,0.0,0.0,0.0,0.0,1,
b2297,b2458,pta,eutD,0.0,0.0,1.467630613321371,1.467630613321371,733815306661.1855,-0.0021852108268448633,0.8769972144269704,0.87699721442697,0.875080791621077,0.0,0.0,False,ISO,0.0,0.0,0.0,0.0,2,
b2296,b3115,ackA,tdcD,0.0,0.0,0.0,0.0,0.5,-1.140254335396662e-09,0.87699721442697,0.8769972144269704,0.8769972144269704,0.0,0.0,False,ISO,0.0,0.0,0.0,0.0,1,
b1849,b3115,purT,tdcD,1.3883941593113715e-05,0.0,1.3883941593080143e-05,-3.357130383147694e-17,0.9999999279719364,-1.1402550015304769e-09,0.8769972144269702,0.8769972144269704,0.8769972144269702,0.0,0.0,False,ISO,0.0,0.0,0.0,0.0,2,
b1849,b2296,purT,ackA,1.3883941593113715e-05,0.0,1.3883941593113715e-05,0.0,0.9999999279743543,-1.140254335396662e-09,0.8769972144269702,0.87699721442697,0.8769972144269702,0.0,0.0,False,ISO,0.0,0.0,0.0,0.0,1,
b0099,b2781,mutT,mazG,0.0,0.0,0.0,0.0,0.5,-1.1402541133520572e-09,0.87699721442697,0.87699721442697,0.8769972144269701,0.0,0.0,False,ISO,0.0,0.0,0.0,0.0,2,
b0099,b1865,mutT,nudB,0.0,0.0,18414.902542344003,18414.902542344003,9207451271172002.0,-1.0000000022805087,0.87699721442697,0.87699721442697,-0.0,0.0,0.0,True,ISO,0.0,0.0,18414.902542344003,18414.902542344003,1,
b2781,b3248,mazG,yhdE,0.0,0.0,0.0,0.0,0.5,-1.1402541133520572e-09,0.87699721442697,0.87699721442697,0.8769972144269701,0.0,0.0,False,ISO,0.0,0.0,0.0,0.0,1,
b0073,b1800,leuB,dmlA,0.0,0.0,18414.902542344007,18414.902542344007,9207451271172004.0,-1.0000000022805087,0.87699721442697,0.87699721442697,-0.0,0.0,0.0,True,ISO,0.0,0.0,18414.902542344007,18414.902542344007,2,
b2407,b4384,xapA,deoD,0.0,2.6609638263948515e-06,2.660963825610446e-06,-7.844054487166855e-16,0.9999996239018195,-1.140251670861403e-09,0.8769972144269701,0.8769949942192896,0.8769949942192896,0.0,0.0,False,ISO,0.0,0.0,0.0,0.0,7,
b2582,b3781,trxC,trxA,0.0,0.0,0.23553403130513081,0.23553403130513081,117767015653.06541,-1.140254557441267e-09,0.87699721442697,0.87699721442697,0.8769972144269697,0.0,0.0,False,ISO,0.0,0.0,0.0,0.0,9,
b1109,b3713,ndh,yieF,0.0,0.0,0.0,0.0,0.5,-1.140254335396662e-09,0.87699721442697,0.87699721442697,0.87699721442697,0.0,0.0,False,ISO,0.0,0.0,0.0,0.0,0,
b1004,b1109,wrbA,ndh,0.0,0.0,0.0,0.0,0.5,-1.140254335396662e-09,0.87699721442697,0.87699721442697,0.87699721442697,0.0,0.0,False,ISO,0.0,0.0,0.0,0.0,0,
b1004,b3713,wrbA,yieF,0.0,0.0,0.0,0.0,0.5,-1.140254335396662e-09,0.87699721442697,0.87699721442697,0.87699721442697,0.0,0.0,False,ISO,0.0,0.0,0.0,0.0,0,
b0046,b1109,kefF,ndh,0.0,0.0,0.0,0.0,0.5,-1.140254335396662e-09,0.87699721442697,0.87699721442697,0.87699721442697,0.0,0.0,False,ISO,0.0,0.0,0.0,0.0,0,
b0046,b1004,kefF,wrbA,0.0,0.0,0.0,0.0,0.5,-1.140254335396662e-09,0.87699721442697,0.87699721442697,0.87699721442697,0.0,0.0,False,ISO,0.0,0.0,0.0,0.0,0,
b0046,b3713,kefF,yieF,0.0,0.0,0.0,0.0,0.5,-1.140254335396662e-09,0.87699721442697,0.87699721442697,0.87699721442697,0.0,0.0,False,ISO,0.0,0.0,0.0,0.0,0,
b1611,b4122,fumC,fumB,0.0,0.0,0.0,0.0,0.5,-1.140254335396662e-09,0.87699721442697,0.87699721442697,0.87699721442697,0.0,0.0,False,ISO,0.0,0.0,0.0,0.0,1,
b1611,b1612,fumC,fumA,0.0,0.0,0.0,0.0,0.5,-1.140254335396662e-09,0.87699721442697,0.87699721442697,0.87699721442697,0.0,0.0,False,ISO,0.0,0.0,0.0,0.0,0,
b1612,b4122,fumA,fumB,0.0,0.0,0.0,0.0,0.5,-1.140254335396662e-09,0.87699721442697,0.87699721442697,0.87699721442697,0.0,0.0,False,ISO,0.0,0.0,0.0,0.0,1,
b0907,b1302,serC,puuE,76.20213216569447,0.0,76.20213216569447,0.0,0.9999999999999868,-1.117361203561984e-09,0.8593895486743903,0.87699721442697,0.8593895486743903,0.0,0.0,False,ISO,0.0,0.0,0.0,0.0,2,
b0907,b2662,serC,gabT,76.20213216569447,0.0,76.20213216569447,0.0,0.9999999999999868,-1.117361203561984e-09,0.8593895486743903,0.87699721442697,0.8593895486743903,0.0,0.0,False,ISO,0.0,0.0,0.0,0.0,2,
b0907,b1748,serC,astC,76.20213216569447,0.0,76.20213216569437,-9.947598300641403e-14,0.9999999999999855,-1.117360981517379e-09,0.8593895486743903,0.8769972144269698,0.8593895486743903,0.0,0.0,False,ISO,0.0,0.0,0.0,0.0,3,
b0907,b3359,serC,argD,76.20213216569447,0.0,76.20213216569447,0.0,0.9999999999999868,-1.117361203561984e-09,0.8593895486743903,0.87699721442697,0.8593895486743903,0.0,0.0,False,ISO,0.0,0.0,0.0,0.0,2,
b3417,b3428,malP,glgP,0.0,0.0,0.0,0.0,0.5,-1.140254557441267e-09,0.8769972144269701,0.87699721442697,0.87699721442697,0.0,0.0,False,ISO,0.0,0.0,0.0,0.0,5,
b1302,b2662,puuE,gabT,0.0,0.0,0.0,0.0,0.5,-1.1402541133520572e-09,0.87699721442697,0.87699721442697,0.8769972144269701,0.0,0.0,False,ISO,0.0,0.0,0.0,0.0,1,
b1302,b1748,puuE,astC,0.0,0.0,0.0,0.0,0.5,-1.140254335396662e-09,0.87699721442697,0.8769972144269698,0.8769972144269698,0.0,0.0,False,ISO,0.0,0.0,0.0,0.0,1,
b1302,b3359,puuE,argD,0.0,0.0,0.0,0.0,0.5,-1.140254335396662e-09,0.87699721442697,0.87699721442697,0.87699721442697,0.0,0.0,False,ISO,0.0,0.0,0.0,0.0,0,
b2662,b3359,gabT,argD,0.0,0.0,0.0,0.0,0.5,-1.140254335396662e-09,0.87699721442697,0.87699721442697,0.87699721442697,0.0,0.0,False,ISO,0.0,0.0,0.0,0.0,0,
b1525,b2661,sad,gabD,0.0,0.0,0.0,0.0,0.5,-1.140254335396662e-09,0.8769972144269701,0.87699721442697,0.8769972144269701,0.0,0.0,False,ISO,0.0,0.0,0.0,0.0,2,
b3117,b3708,tdcB,tnaA,0.0,0.04042550311489512,0.04042550311489512,0.0,0.9999999999752631,-1.139949690198705e-09,0.87699721442697,0.8767628721873945,0.8767628721873945,0.0,0.0,False,ISO,0.0,0.0,0.0,0.0,1,
b3117,b4471,tdcB,tdcG,0.0,0.0,0.0,0.0,0.5,-1.140254335396662e-09,0.87699721442697,0.87699721442697,0.87699721442697,0.0,0.0,False,ISO,0.0,0.0,0.0,0.0,0,
b3117,b3772,tdcB,ilvA,0.0,0.0,18414.902542344018,18414.902542344018,9207451271172010.0,-1.0000000022805087,0.87699721442697,0.87699721442697,-0.0,0.0,0.0,True,ISO,0.0,0.0,18414.902542344018,18414.902542344018,1,
b2797,b3708,sdaB,tnaA,0.0,0.04042550311489512,0.04042550311489512,0.0,0.9999999999752631,-1.139949690198705e-09,0.87699721442697,0.8767628721873945,0.8767628721873945,0.0,0.0,False,ISO,0.0,0.0,0.0,0.0,1,
b2797,b3117,sdaB,tdcB,0.0,0.0,0.0,0.0,0.5,-1.140254335396662e-09,0.87699721442697,0.87699721442697,0.87699721442697,0.0,0.0,False,ISO,0.0,0.0,0.0,0.0,0,
b2797,b4471,sdaB,tdcG,0.0,0.0,0.0,0.0,0.5,-1.140254335396662e-09,0.87699721442697,0.87699721442697,0.87699721442697,0.0,0.0,False,ISO,0.0,0.0,0.0,0.0,0,
b1814,b3708,sdaA,tnaA,0.0,0.04042550311489512,0.04042550311489512,0.0,0.9999999999752631,-1.139949690198705e-09,0.87699721442697,0.8767628721873945,0.8767628721873945,0.0,0.0,False,ISO,0.0,0.0,0.0,0.0,1,
b1814,b3117,sdaA,tdcB,0.0,0.0,0.0,0.0,0.5,-1.140254335396662e-09,0.87699721442697,0.87699721442697,0.87699721442697,0.0,0.0,False,ISO,0.0,0.0,0.0,0.0,0,
b1814,b2797,sdaA,sdaB,0.0,0.0,0.0,0.0,0.5,-1.140254335396662e-09,0.87699721442697,0.87699721442697,0.87699721442697,0.0,0.0,False,ISO,0.0,0.0,0.0,0.0,0,
b1814,b4471,sdaA,tdcG,0.0,0.0,0.0,0.0,0.5,-1.140254335396662e-09,0.87699721442697,0.87699721442697,0.87699721442697,0.0,0.0,False,ISO,0.0,0.0,0.0,0.0,0,
b3589,b3616,yiaY,tdh,0.0,0.0,0.0,0.0,0.5,-1.1402541133520572e-09,0.87699721442697,0.87699721442697,0.8769972144269701,0.0,0.0,False,ISO,0.0,0.0,0.0,0.0,1,
b0061,b4198,araD,ulaF,0.0,0.0,0.0,0.0,0.5,-1.140254335396662e-09,0.87699721442697,0.87699721442697,0.87699721442697,0.0,0.0,False,ISO,0.0,0.0,0.0,0.0,0,
b0061,b3583,araD,sgbE,0.0,0.0,0.0,0.0,0.5,-1.140254335396662e-09,0.87699721442697,0.87699721442697,0.87699721442697,0.0,0.0,False,ISO,0.0,0.0,0.0,0.0,0,
b3583,b4198,sgbE,ulaF,0.0,0.0,0.0,0.0,0.5,-1.140254335396662e-09,0.87699721442697,0.87699721442697,0.87699721442697,0.0,0.0,False,ISO,0.0,0.0,0.0,0.0,0,
b0675,b2744,umpH,umpG,0.0,0.0,0.0,0.0,0.5,-1.140254335396662e-09,0.87699721442697,0.8769972144269701,0.8769972144269701,0.0,0.0,False,ISO,0.0,0.0,0.0,0.0,2,
b0675,b3697,umpH,yidA,0.0,0.0,0.0,0.0,0.5,-1.140254335396662e-09,0.87699721442697,0.87699721442697,0.87699721442697,0.0,0.0,False,ISO,0.0,0.0,0.0,0.0,0,
b0675,b2293,umpH,yfbT,0.0,0.0,0.0,0.0,0.5,-1.140254335396662e-09,0.87699721442697,0.87699721442697,0.87699721442697,0.0,0.0,False,ISO,0.0,0.0,0.0,0.0,1,
b0675,b4374,umpH,yjjG,0.0,0.0,0.0,0.0,0.5,-1.140254335396662e-09,0.87699721442697,0.87699721442697,0.87699721442697,0.0,0.0,False,ISO,0.0,0.0,0.0,0.0,0,
b0675,b2361,umpH,yfdR,0.0,0.0,0.0,0.0,0.5,-1.140254335396662e-09,0.87699721442697,0.87699721442697,0.87699721442697,0.0,0.0,False,ISO,0.0,0.0,0.0,0.0,0,
b0675,b0766,umpH,ybhA,0.0,0.0,0.0,0.0,0.5,-1.140254335396662e-09,0.87699721442697,0.87699721442697,0.87699721442697,0.0,0.0,False,ISO,0.0,0.0,0.0,0.0,1,
b0675,b3826,umpH,yigL,0.0,0.0,0.0,0.0,0.5,-1.140254335396662e-09,0.87699721442697,0.87699721442697,0.87699721442697,0.0,0.0,False,ISO,0.0,0.0,0.0,0.0,0,
b0675,b0822,umpH,ybiV,0.0,0.0,0.0,0.0,0.5,-1.1402538913074522e-09,0.87699721442697,0.87699721442697,0.8769972144269703,0.0,0.0,False,ISO,0.0,0.0,0.0,0.0,1,
b0675,b3399,umpH,yrfG,0.0,0.0,0.0,0.0,0.5,-1.140254335396662e-09,0.87699721442697,0.87699721442697,0.87699721442697,0.0,0.0,False,ISO,0.0,0.0,0.0,0.0,0,
b0675,b2690,umpH,yqaB,0.0,0.0,0.0,0.0,0.5,-1.140254335396662e-09,0.87699721442697,0.8769972144269703,0.8769972144269703,0.0,0.0,False,ISO,0.0,0.0,0.0,0.0,1,
b2291,b2744,yfbR,umpG,0.0,0.0,0.0,0.0,0.5,-1.140254335396662e-09,0.87699721442697,0.8769972144269701,0.8769972144269701,0.0,0.0,False,ISO,0.0,0.0,0.0,0.0,1,
b2291,b4374,yfbR,yjjG,0.0,0.0,0.0,0.0,0.5,-1.140254335396662e-09,0.87699721442697,0.87699721442697,0.87699721442697,0.0,0.0,False,ISO,0.0,0.0,0.0,0.0,0,
b2291,b2361,yfbR,yfdR,0.0,0.0,0.0,0.0,0.5,-1.140254335396662e-09,0.87699721442697,0.87699721442697,0.87699721442697,0.0,0.0,False,ISO,0.0,0.0,0.0,0.0,0,
b2291,b3399,yfbR,yrfG,0.0,0.0,0.0,0.0,0.5,-1.140254335396662e-09,0.87699721442697,0.87699721442697,0.87699721442697,0.0,0.0,False,ISO,0.0,0.0,0.0,0.0,0,
b2361,b2744,yfdR,umpG,0.0,0.0,0.0,0.0,0.5,-1.140254335396662e-09,0.87699721442697,0.8769972144269701,0.8769972144269701,0.0,0.0,False,ISO,0.0,0.0,0.0,0.0,1,
b2361,b4374,yfdR,yjjG,0.0,0.0,0.0,0.0,0.5,-1.140254335396662e-09,0.87699721442697,0.87699721442697,0.87699721442697,0.0,0.0,False,ISO,0.0,0.0,0.0,0.0,0,
b2361,b3399,yfdR,yrfG,0.0,0.0,0.0,0.0,0.5,-1.140254335396662e-09,0.87699721442697,0.87699721442697,0.87699721442697,0.0,0.0,False,ISO,0.0,0.0,0.0,0.0,0,
b0766,b3826,ybhA,yigL,0.0,0.0,0.0,0.0,0.5,-1.140254335396662e-09,0.87699721442697,0.87699721442697,0.87699721442697,0.0,0.0,False,ISO,0.0,0.0,0.0,0.0,1,
b4015,b0116,aceA,lpd,0.0,1782.1701777090755,1042.683038831381,-739.4871388776944,0.5850636779096582,-0.007636362471314717,0.8769972144269703,0.8408970721550086,0.8342000045057842,0.0,0.0,False,X,0.0,0.0,0.0,0.0,4,
b4015,b3617,aceA,kbl,0.0,0.0,0.0,0.0,0.5,-1.1402552235750818e-09,0.8769972144269703,0.8769972144269703,0.87699721442697,0.0,0.0,False,B,0.0,0.0,0.0,0.0,2,
b4015,b2988,aceA,gss,0.0,0.0,0.0,0.0,0.5,-1.140254335396662e-09,0.8769972144269703,0.87699721442697,0.8769972144269703,0.0,0.0,False,B,0.0,0.0,0.0,0.0,3,
b4015,b2415,aceA,ptsH,0.0,448.4367692909351,448.4367692910406,1.0550138540565968e-10,1.0000000000002331,-1.1280276712710702e-09,0.8769972144269703,0.867593023657186,0.867593023657186,0.0,0.0,False,X,0.0,0.0,0.0,0.0,22,
b4015,b1767,aceA,ansA,0.0,0.0,0.0,0.0,0.5,-1.140254335396662e-09,0.8769972144269703,0.87699721442697,0.8769972144269703,0.0,0.0,False,B,0.0,0.0,0.0,0.0,1,
b4015,b2601,aceA,aroF,0.0,0.0,0.0,0.0,0.5,-1.140254335396662e-09,0.8769972144269703,0.87699721442697,0.8769972144269703,0.0,0.0,False,B,0.0,0.0,0.0,0.0,1,
b4015,b0347,aceA,mhpA,0.0,0.0,0.0,0.0,0.5,-1.140254335396662e-09,0.8769972144269703,0.87699721442697,0.8769972144269703,0.0,0.0,False,B,0.0,0.0,0.0,0.0,3,
b4015,b0726,aceA,sucA,0.0,205.2302357589819,260.18328727262264,54.95305151364073,1.2677629410228566,-0.011449299357554232,0.8769972144269703,0.863370356164474,0.8533293535166699,0.0,0.0,False,X,0.0,0.0,0.0,0.0,2,
b4015,b1656,aceA,sodB,0.0,0.0,0.0,0.0,0.5,-1.140254335396662e-09,0.8769972144269703,0.87699721442697,0.8769972144269703,0.0,0.0,False,B,0.0,0.0,0.0,0.0,1,
b4015,b1465,aceA,narV,0.0,0.0,0.0,0.0,0.5,-1.140254335396662e-09,0.8769972144269703,0.87699721442697,0.8769972144269703,0.0,0.0,False,B,0.0,0.0,0.0,0.0,1,
b4015,b2429,aceA,murP,0.0,0.0,0.0,0.0,0.5,-1.140254335396662e-09,0.8769972144269703,0.87699721442697,0.8769972144269703,0.0,0.0,False,B,0.0,0.0,0.0,0.0,3,
b4015,b0861,aceA,artM,0.0,0.0,0.0,0.0,0.5,-1.140254335396662e-09,0.8769972144269703,0.87699721442697,0.8769972144269703,0.0,0.0,False,B,0.0,0.0,0.0,0.0,1,
b4015,b3735,aceA,atpH,0.0,19586.667612014615,19586.667612014386,-2.2919266484677792e-10,0.9999999999999881,-3.704774265145261e-10,0.8769972144269703,0.2849329232733675,0.28493292327335595,0.0,0.0,False,X,0.0,19586.667612014615,19586.667612014386,-2.2919266484677792e-10,2,
b4015,b3738,aceA,atpB,0.0,19586.667612014615,19586.667612014386,-2.2919266484677792e-10,0.9999999999999881,-3.704774265145261e-10,0.8769972144269703,0.2849329232733675,0.28493292327335595,0.0,0.0,False,X,0.0,19586.667612014615,19586.667612014386,-2.2919266484677792e-10,2,
b4015,b0341,aceA,cynX,0.0,0.0,0.0,0.0,0.5,-1.140254335396662e-09,0.8769972144269703,0.87699721442697,0.8769972144269703,0.0,0.0,False,B,0.0,0.0,0.0,0.0,2,
b4015,b0934,aceA,ssuC,0.0,0.0,0.0,0.0,0.5,-1.140254335396662e-09,0.8769972144269703,0.87699721442697,0.8769972144269703,0.0,0.0,False,B,0.0,0.0,0.0,0.0,4,
b4015,b1296,aceA,puuP,0.0,0.0,0.0,0.0,0.5,-1.140254335396662e-09,0.8769972144269703,0.87699721442697,0.8769972144269703,0.0,0.0,False,B,0.0,0.0,0.0,0.0,1,
b4015,b3626,aceA,waaJ,0.0,0.0,0.0,0.0,0.5,-1.140254779485872e-09,0.8769972144269703,0.87699721442697,0.8769972144269699,0.0,0.0,False,B,0.0,0.0,0.0,0.0,2,
b4015,b2871,aceA,ygeX,0.0,0.0,0.0,0.0,0.5,-1.140254335396662e-09,0.8769972144269703,0.87699721442697,0.8769972144269703,0.0,0.0,False,B,0.0,0.0,0.0,0.0,2,
b4015,b3915,aceA,fieF,0.0,0.0,0.0,0.0,0.5,-1.1402550015304769e-09,0.8769972144269703,0.8769972144269703,0.8769972144269701,0.0,0.0,False,B,0.0,0.0,0.0,0.0,3,
b4015,b1857,aceA,znuA,0.0,0.0,0.0,0.0,0.5,-1.1402552235750818e-09,0.8769972144269703,0.8769972144269703,0.87699721442697,0.0,0.0,False,B,0.0,0.0,0.0,0.0,2,
b4015,b0696,aceA,kdpC,0.0,0.0,0.0,0.0,0.5,-1.140254557441267e-09,0.8769972144269703,0.8769972144269703,0.8769972144269704,0.0,0.0,False,B,0.0,0.0,0.0,0.0,2,
b4015,b1186,aceA,nhaB,0.0,0.0,0.0,0.0,0.5,-1.1402550015304769e-09,0.8769972144269703,0.8769972144269705,0.8769972144269703,0.0,0.0,False,B,0.0,0.0,0.0,0.0,2,
b4015,b3371,aceA,frlB,0.0,0.0,0.0,0.0,0.5,-1.140254335396662e-09,0.8769972144269703,0.87699721442697,0.8769972144269703,0.0,0.0,False,B,0.0,0.0,0.0,0.0,2,
b4015,b3748,aceA,rbsD,0.0,0.0,0.0,0.0,0.5,-1.140254335396662e-09,0.8769972144269703,0.87699721442697,0.8769972144269703,0.0,0.0,False,B,0.0,0.0,0.0,0.0,1,
b4015,b2482,aceA,hyfB,0.0,0.0,0.0,0.0,0.5,-1.140254335396662e-09,0.8769972144269703,0.87699721442697,0.8769972144269703,0.0,0.0,False,B,0.0,0.0,0.0,0.0,1,
b4015,b1640,aceA,anmK,0.0,0.0,0.0,0.0,0.5,-1.140254557441267e-09,0.8769972144269703,0.87699721442697,0.8769972144269701,0.0,0.0,False,B,0.0,0.0,0.0,0.0,2,
b4015,b3630,aceA,waaP,0.0,0.0,0.0,0.0,0.5,-1.140254779485872e-09,0.8769972144269703,0.87699721442697,0.8769972144269699,0.0,0.0,False,B,0.0,0.0,0.0,0.0,2,
b4015,b4394,aceA,yjjX,0.0,0.0,0.0,0.0,0.5,-1.140254335396662e-09,0.8769972144269703,0.87699721442697,0.8769972144269703,0.0,0.0,False,B,0.0,0.0,0.0,0.0,3,
b4015,b2146,aceA,preT,0.0,0.0,0.0,0.0,0.5,-1.140254335396662e-09,0.8769972144269703,0.87699721442697,0.8769972144269703,0.0,0.0,False,B,0.0,0.0,0.0,0.0,2,
b4015,b0832,aceA,gsiD,0.0,0.0,0.0,0.0,0.5,-1.140254779485872e-09,0.8769972144269703,0.8769972144269701,0.8769972144269701,0.0,0.0,False,B,0.0,0.0,0.0,0.0,2,
b4015,b3396,aceA,mrcA,0.0,0.0,0.0,0.0,0.5,-1.140254335396662e-09,0.8769972144269703,0.87699721442697,0.8769972144269703,0.0,0.0,False,B,0.0,0.0,0.0,0.0,1,
b4015,b2285,aceA,nuoE,0.0,3294.285861140926,3294.2858611407682,-1.5779733075760305e-10,0.9999999999999518,-9.863728722692144e-10,0.8769972144269703,0.7586431920374903,0.7586431920374906,0.0,0.0,False,X,0.0,3294.285861140926,3294.2858611407682,-1.5779733075760305e-10,4,
b4015,b2284,aceA,nuoF,0.0,3294.285861140926,3294.2858611407682,-1.5779733075760305e-10,0.9999999999999518,-9.863728722692144e-10,0.8769972144269703,0.7586431920374903,0.7586431920374906,0.0,0.0,False,X,0.0,3294.285861140926,3294.2858611407682,-1.5779733075760305e-10,4,
b4015,b2280,aceA,nuoJ,0.0,3294.285861140926,3294.2858611407682,-1.5779733075760305e-10,0.9999999999999518,-9.863728722692144e-10,0.8769972144269703,0.7586431920374903,0.7586431920374906,0.0,0.0,False,X,0.0,3294.285861140926,3294.2858611407682,-1.5779733075760305e-10,4,
b4015,b2287,aceA,nuoB,0.0,3294.285861140926,3294.2858611407682,-1.5779733075760305e-10,0.9999999999999518,-9.863728722692144e-10,0.8769972144269703,0.7586431920374903,0.7586431920374906,0.0,0.0,False,X,0.0,3294.285861140926,3294.2858611407682,-1.5779733075760305e-10,4,
b4015,b2286,aceA,nuoC,0.0,3294.285861140926,3294.2858611407682,-1.5779733075760305e-10,0.9999999999999518,-9.863728722692144e-10,0.8769972144269703,0.7586431920374903,0.7586431920374906,0.0,0.0,False,X,0.0,3294.285861140926,3294.2858611407682,-1.5779733075760305e-10,4,
b4015,b0681,aceA,chiP,0.0,0.0,0.0,0.0,0.5,-1.140254335396662e-09,0.8769972144269703,0.87699721442697,0.8769972144269703,0.0,0.0,False,B,0.0,0.0,0.0,0.0,1,
b4015,b1473,aceA,yddG,0.0,0.0,0.0,0.0,0.5,-1.140254779485872e-09,0.8769972144269703,0.8769972144269699,0.87699721442697,0.0,0.0,False,B,0.0,0.0,0.0,0.0,4,
b4015,b0401,aceA,brnQ,0.0,0.0,0.0,0.0,0.5,-1.140254335396662e-09,0.8769972144269703,0.8769972144269699,0.8769972144269702,0.0,0.0,False,B,0.0,0.0,0.0,0.0,4,
b4015,b2842,aceA,kduD,0.0,0.0,0.0,0.0,0.5,-1.140254335396662e-09,0.8769972144269703,0.87699721442697,0.8769972144269703,0.0,0.0,False,B,0.0,0.0,0.0,0.0,1,
b4015,b4101,aceA,phnG,0.0,0.0,0.0,0.0,0.5,-1.140254335396662e-09,0.8769972144269703,0.87699721442697,0.8769972144269703,0.0,0.0,False,B,0.0,0.0,0.0,0.0,2,
b4015,b2682,aceA,ygaZ,0.0,0.0,0.0,0.0,0.5,-1.140254335396662e-09,0.8769972144269703,0.87699721442697,0.8769972144269703,0.0,0.0,False,B,0.0,0.0,0.0,0.0,1,
b0116,b2416,lpd,ptsI,1782.1701777090755,448.4367692909351,2287.9199859243304,57.31303892431981,1.025693921110306,-0.0015184271462167498,0.8408970721550086,0.867593023657186,0.8305483339430001,0.2,0.9664268585131894,False,A,0.0,0.0,2287.9199859243304,2287.9199859243304,24,;Alanine and Aspartate Metabolism;Alternate Carbon Metabolism
b0116,b2415,lpd,ptsH,1782.1701777090755,448.4367692909351,2287.9199859243304,57.31303892431981,1.025693921110306,-0.0015184271462167498,0.8408970721550086,0.867593023657186,0.8305483339430001,0.2,0.9664268585131894,False,A,0.0,0.0,2287.9199859243304,2287.9199859243304,24,;Alanine and Aspartate Metabolism;Alternate Carbon Metabolism
b0116,b0726,lpd,sucA,1782.1701777090755,205.2302357589819,1782.1701777090755,-205.2302357589819,0.8967343297464392,0.014898485420729357,0.8408970721550086,0.863370356164474,0.8408970721550086,0.24,0.9712230215827338,False,A,0.0,0.0,0.0,0.0,3,;Alanine and Aspartate Metabolism;Alternate Carbon Metabolism
b0116,b1779,lpd,gapA,1782.1701777090755,3084.5992339759005,6178.999670202815,1312.2302585178386,1.2696306620501085,0.011801395611791499,0.8408970721550086,0.7594428152438919,0.7385313976099577,0.25,0.9380733944954128,False,A,0.0,3084.5992339759005,6178.999670202815,3094.4004362269143,4,;Alanine and Aspartate Metabolism;Alternate Carbon Metabolism
b0116,b0861,lpd,artM,1782.1701777090755,0.0,1782.1701777090755,0.0,0.9999999999999993,-1.0933176586291893e-09,0.8408970721550086,0.87699721442697,0.8408970721550086,0.0,0.0,False,X,0.0,0.0,0.0,0.0,3,
b0116,b3734,lpd,atpA,1782.1701777090755,19586.667612014615,19592.851041118894,-1775.9867486047951,0.9168889405179128,0.013373808749361837,0.8408970721550086,0.2849329232733675,0.2849329232733744,0.07142857142857142,0.8982300884955752,False,A,0.0,19586.667612014615,19592.851041118894,6.183429104279639,4,;Alanine and Aspartate Metabolism;Alternate Carbon Metabolism
b0116,b3735,lpd,atpH,1782.1701777090755,19586.667612014615,19592.851041118894,-1775.9867486047951,0.9168889405179128,0.013373808749361837,0.8408970721550086,0.2849329232733675,0.2849329232733744,0.07142857142857142,0.8982300884955752,False,A,0.0,19586.667612014615,19592.851041118894,6.183429104279639,4,;Alanine and Aspartate Metabolism;Alternate Carbon Metabolism
b0116,b3736,lpd,atpF,1782.1701777090755,19586.667612014615,19592.851041118894,-1775.9867486047951,0.9168889405179128,0.013373808749361837,0.8408970721550086,0.2849329232733675,0.2849329232733744,0.07142857142857142,0.8982300884955752,False,A,0.0,19586.667612014615,19592.851041118894,6.183429104279639,4,;Alanine and Aspartate Metabolism;Alternate Carbon Metabolism
b0116,b3737,lpd,atpE,1782.1701777090755,19586.667612014615,19592.851041118894,-1775.9867486047951,0.9168889405179128,0.013373808749361837,0.8408970721550086,0.2849329232733675,0.2849329232733744,0.07142857142857142,0.8982300884955752,False,A,0.0,19586.667612014615,19592.851041118894,6.183429104279639,4,;Alanine and Aspartate Metabolism;Alternate Carbon Metabolism
b0116,b3731,lpd,atpC,1782.1701777090755,19586.667612014615,19592.851041118894,-1775.9867486047951,0.9168889405179128,0.013373808749361837,0.8408970721550086,0.2849329232733675,0.2849329232733744,0.07142857142857142,0.8982300884955752,False,A,0.0,19586.667612014615,19592.851041118894,6.183429104279639,4,;Alanine and Aspartate Metabolism;Alternate Carbon Metabolism
b0116,b3732,lpd,atpD,1782.1701777090755,19586.667612014615,19592.851041118894,-1775.9867486047951,0.9168889405179128,0.013373808749361837,0.8408970721550086,0.2849329232733675,0.2849329232733744,0.07142857142857142,0.8982300884955752,False,A,0.0,19586.667612014615,19592.851041118894,6.183429104279639,4,;Alanine and Aspartate Metabolism;Alternate Carbon Metabolism
b0116,b3733,lpd,atpG,1782.1701777090755,19586.667612014615,19592.851041118894,-1775.9867486047951,0.9168889405179128,0.013373808749361837,0.8408970721550086,0.2849329232733675,0.2849329232733744,0.07142857142857142,0.8982300884955752,False,A,0.0,19586.667612014615,19592.851041118894,6.183429104279639,4,;Alanine and Aspartate Metabolism;Alternate Carbon Metabolism
b0116,b3738,lpd,atpB,1782.1701777090755,19586.667612014615,19592.851041118894,-1775.9867486047951,0.9168889405179128,0.013373808749361837,0.8408970721550086,0.2849329232733675,0.2849329232733744,0.07142857142857142,0.8982300884955752,False,A,0.0,19586.667612014615,19592.851041118894,6.183429104279639,4,;Alanine and Aspartate Metabolism;Alternate Carbon Metabolism
b0116,b0341,lpd,cynX,1782.1701777090755,0.0,1782.1701777090755,0.0,0.9999999999999993,-1.0933176586291893e-09,0.8408970721550086,0.87699721442697,0.8408970721550086,0.0,0.0,False,X,0.0,0.0,0.0,0.0,4,
b0116,b3748,lpd,rbsD,1782.1701777090755,0.0,1782.1701777090755,0.0,0.9999999999999993,-1.0933176586291893e-09,0.8408970721550086,0.87699721442697,0.8408970721550086,0.0,0.0,False,X,0.0,0.0,0.0,0.0,3,
b0116,b0115,lpd,aceF,1782.1701777090755,569.3957161878707,1782.1701777090755,-569.3957161878707,0.7578652940725019,0.020555187679802356,0.8408970721550086,0.8581964695522434,0.8408970721550086,0.19047619047619047,0.9806295399515739,False,A,0.0,0.0,0.0,0.0,3,;Alanine and Aspartate Metabolism;Alternate Carbon Metabolism
b0116,b0114,lpd,aceE,1782.1701777090755,569.3957161878707,1782.1701777090755,-569.3957161878707,0.7578652940725019,0.020555187679802356,0.8408970721550086,0.8581964695522434,0.8408970721550086,0.19047619047619047,0.9806295399515739,False,A,0.0,0.0,0.0,0.0,3,;Alanine and Aspartate Metabolism;Alternate Carbon Metabolism
b0116,b3919,lpd,tpiA,1782.1701777090755,871.9980214793411,4626.66909090935,1972.5008917209336,1.7431710214612912,0.020895839467846455,0.8408970721550086,0.8422625567901132,0.8259178032537857,0.20930232558139536,0.9531615925058547,False,A,0.0,0.0,4626.66909090935,4626.66909090935,4,;Alanine and Aspartate Metabolism;Alternate Carbon Metabolism
b0116,b0429,lpd,cyoD,1782.1701777090755,7798.596633039896,11872.691016293797,2291.924205544826,1.2392213745327192,-0.02827399844129641,0.8408970721550086,0.7776142830847725,0.7208088580894327,0.0,0.9595238095238096,False,A,0.0,7798.596633039896,11872.691016293797,4074.0943832539006,4,;Alanine and Aspartate Metabolism;Alternate Carbon Metabolism
b0116,b0432,lpd,cyoA,1782.1701777090755,7798.596633039896,11872.691016293797,2291.924205544826,1.2392213745327192,-0.02827399844129641,0.8408970721550086,0.7776142830847725,0.7208088580894327,0.0,0.9595238095238096,False,A,0.0,7798.596633039896,11872.691016293797,4074.0943832539006,4,;Alanine and Aspartate Metabolism;Alternate Carbon Metabolism
b0116,b0430,lpd,cyoC,1782.1701777090755,7798.596633039896,11872.691016293797,2291.924205544826,1.2392213745327192,-0.02827399844129641,0.8408970721550086,0.7776142830847725,0.7208088580894327,0.0,0.9595238095238096,False,A,0.0,7798.596633039896,11872.691016293797,4074.0943832539006,4,;Alanine and Aspartate Metabolism;Alternate Carbon Metabolism
b0116,b0431,lpd,cyoB,1782.1701777090755,7798.596633039896,11872.691016293797,2291.924205544826,1.2392213745327192,-0.02827399844129641,0.8408970721550086,0.7776142830847725,0.7208088580894327,0.0,0.9595238095238096,False,A,0.0,7798.596633039896,11872.691016293797,4074.0943832539006,4,;Alanine and Aspartate Metabolism;Alternate Carbon Metabolism
b0116,b0722,lpd,sdhD,1782.1701777090755,3719.237820017231,3948.6417041899954,-1552.766293536311,0.7177511113194915,0.030825853475159315,0.8408970721550086,0.8418157926999568,0.8341980240829386,0.28888888888888886,0.955607476635514,False,A,0.0,0.0,0.0,0.0,4,;Alanine and Aspartate Metabolism;Alternate Carbon Metabolism
b0116,b0723,lpd,sdhA,1782.1701777090755,3719.237820017231,3948.6417041899954,-1552.766293536311,0.7177511113194915,0.030825853475159315,0.8408970721550086,0.8418157926999568,0.8341980240829386,0.28888888888888886,0.955607476635514,False,A,0.0,0.0,0.0,0.0,4,;Alanine and Aspartate Metabolism;Alternate Carbon Metabolism
b0116,b0721,lpd,sdhC,1782.1701777090755,3719.237820017231,3948.6417041899954,-1552.766293536311,0.7177511113194915,0.030825853475159315,0.8408970721550086,0.8418157926999568,0.8341980240829386,0.28888888888888886,0.955607476635514,False,A,0.0,0.0,0.0,0.0,4,;Alanine and Aspartate Metabolism;Alternate Carbon Metabolism
b0116,b0724,lpd,sdhB,1782.1701777090755,3719.237820017231,3948.6417041899954,-1552.766293536311,0.7177511113194915,0.030825853475159315,0.8408970721550086,0.8418157926999568,0.8341980240829386,0.28888888888888886,0.955607476635514,False,A,0.0,0.0,0.0,0.0,4,;Alanine and Aspartate Metabolism;Alternate Carbon Metabolism
b0116,b2283,lpd,nuoG,1782.1701777090755,3294.285861140926,4039.452091456288,-1037.0039473937136,0.7957228547913059,0.009420584644637797,0.8408970721550086,0.7586431920374903,0.7356767249877799,0.14285714285714285,0.9667458432304038,False,A,0.0,3294.285861140926,4039.452091456288,745.1662303153621,6,;Alanine and Aspartate Metabolism;Alternate Carbon Metabolism
b0116,b2282,lpd,nuoH,1782.1701777090755,3294.285861140926,4039.452091456288,-1037.0039473937136,0.7957228547913059,0.009420584644637797,0.8408970721550086,0.7586431920374903,0.7356767249877799,0.14285714285714285,0.9667458432304038,False,A,0.0,3294.285861140926,4039.452091456288,745.1662303153621,6,;Alanine and Aspartate Metabolism;Alternate Carbon Metabolism
b0116,b2281,lpd,nuoI,1782.1701777090755,3294.285861140926,4039.452091456288,-1037.0039473937136,0.7957228547913059,0.009420584644637797,0.8408970721550086,0.7586431920374903,0.7356767249877799,0.14285714285714285,0.9667458432304038,False,A,0.0,3294.285861140926,4039.452091456288,745.1662303153621,6,;Alanine and Aspartate Metabolism;Alternate Carbon Metabolism
b0116,b2288,lpd,nuoA,1782.1701777090755,3294.285861140926,4039.452091456288,-1037.0039473937136,0.7957228547913059,0.009420584644637797,0.8408970721550086,0.7586431920374903,0.7356767249877799,0.14285714285714285,0.9667458432304038,False,A,0.0,3294.285861140926,4039.452091456288,745.1662303153621,6,;Alanine and Aspartate Metabolism;Alternate Carbon Metabolism
b0116,b2276,lpd,nuoN,1782.1701777090755,3294.285861140926,4039.452091456288,-1037.0039473937136,0.7957228547913059,0.009420584644637797,0.8408970721550086,0.7586431920374903,0.7356767249877799,0.14285714285714285,0.9667458432304038,False,A,0.0,3294.285861140926,4039.452091456288,745.1662303153621,6,;Alanine and Aspartate Metabolism;Alternate Carbon Metabolism
b0116,b2277,lpd,nuoM,1782.1701777090755,3294.285861140926,4039.452091456288,-1037.0039473937136,0.7957228547913059,0.009420584644637797,0.8408970721550086,0.7586431920374903,0.7356767249877799,0.14285714285714285,0.9667458432304038,False,A,0.0,3294.285861140926,4039.452091456288,745.1662303153621,6,;Alanine and Aspartate Metabolism;Alternate Carbon Metabolism
b0116,b2285,lpd,nuoE,1782.1701777090755,3294.285861140926,4039.452091456288,-1037.0039473937136,0.7957228547913059,0.009420584644637797,0.8408970721550086,0.7586431920374903,0.7356767249877799,0.14285714285714285,0.9667458432304038,False,A,0.0,3294.285861140926,4039.452091456288,745.1662303153621,6,;Alanine and Aspartate Metabolism;Alternate Carbon Metabolism
b0116,b2284,lpd,nuoF,1782.1701777090755,3294.285861140926,4039.452091456288,-1037.0039473937136,0.7957228547913059,0.009420584644637797,0.8408970721550086,0.7586431920374903,0.7356767249877799,0.14285714285714285,0.9667458432304038,False,A,0.0,3294.285861140926,4039.452091456288,745.1662303153621,6,;Alanine and Aspartate Metabolism;Alternate Carbon Metabolism
b0116,b2278,lpd,nuoL,1782.1701777090755,3294.285861140926,4039.452091456288,-1037.0039473937136,0.7957228547913059,0.009420584644637797,0.8408970721550086,0.7586431920374903,0.7356767249877799,0.14285714285714285,0.9667458432304038,False,A,0.0,3294.285861140926,4039.452091456288,745.1662303153621,6,;Alanine and Aspartate Metabolism;Alternate Carbon Metabolism
b0116,b2279,lpd,nuoK,1782.1701777090755,3294.285861140926,4039.452091456288,-1037.0039473937136,0.7957228547913059,0.009420584644637797,0.8408970721550086,0.7586431920374903,0.7356767249877799,0.14285714285714285,0.9667458432304038,False,A,0.0,3294.285861140926,4039.452091456288,745.1662303153621,6,;Alanine and Aspartate Metabolism;Alternate Carbon Metabolism
b0116,b2280,lpd,nuoJ,1782.1701777090755,3294.285861140926,4039.452091456288,-1037.0039473937136,0.7957228547913059,0.009420584644637797,0.8408970721550086,0.7586431920374903,0.7356767249877799,0.14285714285714285,0.9667458432304038,False,A,0.0,3294.285861140926,4039.452091456288,745.1662303153621,6,;Alanine and Aspartate Metabolism;Alternate Carbon Metabolism
b0116,b2287,lpd,nuoB,1782.1701777090755,3294.285861140926,4039.452091456288,-1037.0039473937136,0.7957228547913059,0.009420584644637797,0.8408970721550086,0.7586431920374903,0.7356767249877799,0.14285714285714285,0.9667458432304038,False,A,0.0,3294.285861140926,4039.452091456288,745.1662303153621,6,;Alanine and Aspartate Metabolism;Alternate Carbon Metabolism
b0116,b2286,lpd,nuoC,1782.1701777090755,3294.285861140926,4039.452091456288,-1037.0039473937136,0.7957228547913059,0.009420584644637797,0.8408970721550086,0.7586431920374903,0.7356767249877799,0.14285714285714285,0.9667458432304038,False,A,0.0,3294.285861140926,4039.452091456288,745.1662303153621,6,;Alanine and Aspartate Metabolism;Alternate Carbon Metabolism
b0116,b0401,lpd,brnQ,1782.1701777090755,0.0,1782.1701777099147,8.392362360609695e-10,1.0000000000004703,-1.0933193239637262e-09,0.8408970721550086,0.8769972144269699,0.8408970721550072,0.0,0.0,False,X,0.0,0.0,0.0,0.0,6,
b0822,b3697,ybiV,yidA,0.0,0.0,0.0,0.0,0.5,-1.140254335396662e-09,0.87699721442697,0.87699721442697,0.87699721442697,0.0,0.0,False,ISO,0.0,0.0,0.0,0.0,0,
b0822,b2293,ybiV,yfbT,0.0,0.0,0.0,0.0,0.5,-1.140254335396662e-09,0.87699721442697,0.87699721442697,0.87699721442697,0.0,0.0,False,ISO,0.0,0.0,0.0,0.0,1,
b0822,b3826,ybiV,yigL,0.0,0.0,0.0,0.0,0.5,-1.140254335396662e-09,0.87699721442697,0.87699721442697,0.87699721442697,0.0,0.0,False,ISO,0.0,0.0,0.0,0.0,0,
b0822,b2690,ybiV,yqaB,0.0,0.0,0.0,0.0,0.5,-1.140254335396662e-09,0.87699721442697,0.8769972144269703,0.8769972144269703,0.0,0.0,False,ISO,0.0,0.0,0.0,0.0,1,
b0822,b1727,ybiV,yniC,0.0,0.0,0.0,0.0,0.5,-1.140254335396662e-09,0.87699721442697,0.8769972144269701,0.8769972144269701,0.0,0.0,False,ISO,0.0,0.0,0.0,0.0,1,
b1636,b2418,pdxY,pdxK,0.0,0.0,0.0,0.0,0.5,-1.140254335396662e-09,0.87699721442697,0.87699721442697,0.87699721442697,0.0,0.0,False,ISO,0.0,0.0,0.0,0.0,3,
b2096,b3137,gatY,kbaY,0.0,0.0,0.0,0.0,0.5,-1.140254335396662e-09,0.87699721442697,0.87699721442697,0.87699721442697,0.0,0.0,False,ISO,0.0,0.0,0.0,0.0,1,
b2096,b3132,gatY,kbaZ,0.0,0.0,0.0,0.0,0.5,-1.140254335396662e-09,0.87699721442697,0.87699721442697,0.87699721442697,0.0,0.0,False,ISO,0.0,0.0,0.0,0.0,1,
b2095,b3137,gatZ,kbaY,0.0,0.0,0.0,0.0,0.5,-1.140254335396662e-09,0.87699721442697,0.87699721442697,0.87699721442697,0.0,0.0,False,ISO,0.0,0.0,0.0,0.0,1,
b2095,b3132,gatZ,kbaZ,0.0,0.0,0.0,0.0,0.5,-1.140254335396662e-09,0.87699721442697,0.87699721442697,0.87699721442697,0.0,0.0,False,ISO,0.0,0.0,0.0,0.0,1,
b0894,b1589,dmsA,ynfG,0.0,0.0,0.0,0.0,0.5,-1.140254335396662e-09,0.87699721442697,0.87699721442697,0.87699721442697,0.0,0.0,False,ISO,0.0,0.0,0.0,0.0,5,
b0894,b1588,dmsA,ynfF,0.0,0.0,0.0,0.0,0.5,-1.140254335396662e-09,0.87699721442697,0.87699721442697,0.87699721442697,0.0,0.0,False,ISO,0.0,0.0,0.0,0.0,5,
b0894,b1587,dmsA,ynfE,0.0,0.0,0.0,0.0,0.5,-1.140254335396662e-09,0.87699721442697,0.87699721442697,0.87699721442697,0.0,0.0,False,ISO,0.0,0.0,0.0,0.0,5,
b0894,b1590,dmsA,ynfH,0.0,0.0,0.0,0.0,0.5,-1.140254335396662e-09,0.87699721442697,0.87699721442697,0.87699721442697,0.0,0.0,False,ISO,0.0,0.0,0.0,0.0,5,
b0895,b1589,dmsB,ynfG,0.0,0.0,0.0,0.0,0.5,-1.140254335396662e-09,0.87699721442697,0.87699721442697,0.87699721442697,0.0,0.0,False,ISO,0.0,0.0,0.0,0.0,5,
b0895,b1588,dmsB,ynfF,0.0,0.0,0.0,0.0,0.5,-1.140254335396662e-09,0.87699721442697,0.87699721442697,0.87699721442697,0.0,0.0,False,ISO,0.0,0.0,0.0,0.0,5,
b0895,b1587,dmsB,ynfE,0.0,0.0,0.0,0.0,0.5,-1.140254335396662e-09,0.87699721442697,0.87699721442697,0.87699721442697,0.0,0.0,False,ISO,0.0,0.0,0.0,0.0,5,
b0895,b1590,dmsB,ynfH,0.0,0.0,0.0,0.0,0.5,-1.140254335396662e-09,0.87699721442697,0.87699721442697,0.87699721442697,0.0,0.0,False,ISO,0.0,0.0,0.0,0.0,5,
b0896,b1589,dmsC,ynfG,0.0,0.0,0.0,0.0,0.5,-1.140254335396662e-09,0.87699721442697,0.87699721442697,0.87699721442697,0.0,0.0,False,ISO,0.0,0.0,0.0,0.0,5,
b0896,b1588,dmsC,ynfF,0.0,0.0,0.0,0.0,0.5,-1.140254335396662e-09,0.87699721442697,0.87699721442697,0.87699721442697,0.0,0.0,False,ISO,0.0,0.0,0.0,0.0,5,
b0896,b1587,dmsC,ynfE,0.0,0.0,0.0,0.0,0.5,-1.140254335396662e-09,0.87699721442697,0.87699721442697,0.87699721442697,0.0,0.0,False,ISO,0.0,0.0,0.0,0.0,5,
b0896,b1590,dmsC,ynfH,0.0,0.0,0.0,0.0,0.5,-1.140254335396662e-09,0.87699721442697,0.87699721442697,0.87699721442697,0.0,0.0,False,ISO,0.0,0.0,0.0,0.0,5,
b1732,b3942,katE,katG,0.0,0.0,0.0,0.0,0.5,-1.1402541133520572e-09,0.87699721442697,0.87699721442697,0.8769972144269701,0.0,0.0,False,ISO,0.0,0.0,0.0,0.0,1,
b2901,b3721,bglA,bglB,0.0,0.0,0.0,0.0,0.5,-1.140254335396662e-09,0.87699721442697,0.87699721442697,0.87699721442697,0.0,0.0,False,ISO,0.0,0.0,0.0,0.0,0,
b2716,b2901,ascB,bglA,0.0,0.0,0.0,0.0,0.5,-1.140254335396662e-09,0.87699721442697,0.87699721442697,0.87699721442697,0.0,0.0,False,ISO,0.0,0.0,0.0,0.0,0,
b2716,b3721,ascB,bglB,0.0,0.0,0.0,0.0,0.5,-1.140254335396662e-09,0.87699721442697,0.87699721442697,0.87699721442697,0.0,0.0,False,ISO,0.0,0.0,0.0,0.0,0,
b0841,b1278,ybjG,pgpB,0.0,0.0,0.0,0.0,0.5,-1.140254335396662e-09,0.87699721442697,0.87699721442697,0.87699721442697,0.0,0.0,False,ISO,0.0,0.0,0.0,0.0,14,
b0841,b3057,ybjG,bacA,0.0,0.0,0.0,0.0,0.5,-1.140254335396662e-09,0.87699721442697,0.87699721442697,0.87699721442697,0.0,0.0,False,ISO,0.0,0.0,0.0,0.0,0,
b1278,b3057,pgpB,bacA,0.0,0.0,0.0,0.0,0.5,-1.140254335396662e-09,0.87699721442697,0.87699721442697,0.87699721442697,0.0,0.0,False,ISO,0.0,0.0,0.0,0.0,14,
b1694,b2221,ydiF,atoD,0.0,0.0,0.0,0.0,0.5,-1.140254335396662e-09,0.87699721442697,0.8769972144269701,0.8769972144269701,0.0,0.0,False,ISO,0.0,0.0,0.0,0.0,3,
b1694,b2222,ydiF,atoA,0.0,0.0,0.0,0.0,0.5,-1.140254335396662e-09,0.87699721442697,0.8769972144269701,0.8769972144269701,0.0,0.0,False,ISO,0.0,0.0,0.0,0.0,3,
b2039,b3789,rfbA,rffH,0.0,0.0,0.0,0.0,0.5,-1.140254335396662e-09,0.87699721442697,0.87699721442697,0.87699721442697,0.0,0.0,False,ISO,0.0,0.0,0.0,0.0,1,
b2041,b3788,rfbB,rffG,0.0,0.0,0.0,0.0,0.5,-1.140254335396662e-09,0.87699721442697,0.87699721442697,0.87699721442697,0.0,0.0,False,ISO,0.0,0.0,0.0,0.0,1,
b3617,b2988,kbl,gss,0.0,0.0,0.0,0.0,0.5,-1.140254335396662e-09,0.8769972144269703,0.87699721442697,0.8769972144269703,0.0,0.0,False,B,0.0,0.0,0.0,0.0,3,
b3617,b2416,kbl,ptsI,0.0,448.4367692909351,448.436769290926,-9.094947017729282e-12,0.9999999999999776,-1.1280276712710702e-09,0.8769972144269703,0.867593023657186,0.867593023657186,0.0,0.0,False,X,0.0,0.0,0.0,0.0,22,
b3617,b2415,kbl,ptsH,0.0,448.4367692909351,448.436769290926,-9.094947017729282e-12,0.9999999999999776,-1.1280276712710702e-09,0.8769972144269703,0.867593023657186,0.867593023657186,0.0,0.0,False,X,0.0,0.0,0.0,0.0,22,
b3617,b1767,kbl,ansA,0.0,0.0,0.0,0.0,0.5,-1.140254335396662e-09,0.8769972144269703,0.87699721442697,0.8769972144269703,0.0,0.0,False,B,0.0,0.0,0.0,0.0,1,
b3617,b2601,kbl,aroF,0.0,0.0,0.0,0.0,0.5,-1.140254335396662e-09,0.8769972144269703,0.87699721442697,0.8769972144269703,0.0,0.0,False,B,0.0,0.0,0.0,0.0,1,
b3617,b0347,kbl,mhpA,0.0,0.0,0.0,0.0,0.5,-1.140254335396662e-09,0.8769972144269703,0.87699721442697,0.8769972144269703,0.0,0.0,False,B,0.0,0.0,0.0,0.0,3,
b3617,b1656,kbl,sodB,0.0,0.0,0.0,0.0,0.5,-1.140254335396662e-09,0.8769972144269703,0.87699721442697,0.8769972144269703,0.0,0.0,False,B,0.0,0.0,0.0,0.0,1,
b3617,b1465,kbl,narV,0.0,0.0,0.0,0.0,0.5,-1.140254335396662e-09,0.8769972144269703,0.87699721442697,0.8769972144269703,0.0,0.0,False,B,0.0,0.0,0.0,0.0,1,
b3617,b2429,kbl,murP,0.0,0.0,0.0,0.0,0.5,-1.140254335396662e-09,0.8769972144269703,0.87699721442697,0.8769972144269703,0.0,0.0,False,B,0.0,0.0,0.0,0.0,3,
b3617,b0861,kbl,artM,0.0,0.0,0.0,0.0,0.5,-1.140254335396662e-09,0.8769972144269703,0.87699721442697,0.8769972144269703,0.0,0.0,False,B,0.0,0.0,0.0,0.0,1,
b3617,b3734,kbl,atpA,0.0,19586.667612014615,19586.66761201473,1.1641532182693481e-10,1.0000000000000058,-3.704559436989996e-10,0.8769972144269703,0.2849329232733675,0.28493292327337477,0.0,0.0,False,X,0.0,19586.667612014615,19586.66761201473,1.1641532182693481e-10,2,
b3617,b0341,kbl,cynX,0.0,0.0,0.0,0.0,0.5,-1.140254335396662e-09,0.8769972144269703,0.87699721442697,0.8769972144269703,0.0,0.0,False,B,0.0,0.0,0.0,0.0,2,
b3617,b0934,kbl,ssuC,0.0,0.0,0.0,0.0,0.5,-1.140254335396662e-09,0.8769972144269703,0.87699721442697,0.8769972144269703,0.0,0.0,False,B,0.0,0.0,0.0,0.0,4,
b3617,b1296,kbl,puuP,0.0,0.0,0.0,0.0,0.5,-1.140254335396662e-09,0.8769972144269703,0.87699721442697,0.8769972144269703,0.0,0.0,False,B,0.0,0.0,0.0,0.0,1,
b3617,b3626,kbl,waaJ,0.0,0.0,0.0,0.0,0.5,-1.140254335396662e-09,0.8769972144269703,0.87699721442697,0.8769972144269702,0.0,0.0,False,B,0.0,0.0,0.0,0.0,2,
b3617,b2871,kbl,ygeX,0.0,0.0,0.0,0.0,0.5,-1.140254335396662e-09,0.8769972144269703,0.87699721442697,0.8769972144269703,0.0,0.0,False,B,0.0,0.0,0.0,0.0,2,
b3617,b3915,kbl,fieF,0.0,0.0,0.0,0.0,0.5,-1.1402550015304769e-09,0.8769972144269703,0.8769972144269703,0.8769972144269701,0.0,0.0,False,B,0.0,0.0,0.0,0.0,3,
b3617,b1857,kbl,znuA,0.0,0.0,0.0,0.0,0.5,-1.140254779485872e-09,0.8769972144269703,0.8769972144269703,0.8769972144269703,0.0,0.0,False,B,0.0,0.0,0.0,0.0,2,
b3617,b0696,kbl,kdpC,0.0,0.0,0.0,0.0,0.5,-1.140254779485872e-09,0.8769972144269703,0.8769972144269703,0.8769972144269703,0.0,0.0,False,B,0.0,0.0,0.0,0.0,2,
b3617,b1186,kbl,nhaB,0.0,0.0,0.0,0.0,0.5,-1.1402550015304769e-09,0.8769972144269703,0.8769972144269705,0.8769972144269703,0.0,0.0,False,B,0.0,0.0,0.0,0.0,2,
b3617,b3371,kbl,frlB,0.0,0.0,0.0,0.0,0.5,-1.140254335396662e-09,0.8769972144269703,0.87699721442697,0.8769972144269703,0.0,0.0,False,B,0.0,0.0,0.0,0.0,2,
b3617,b3748,kbl,rbsD,0.0,0.0,0.0,0.0,0.5,-1.140254335396662e-09,0.8769972144269703,0.87699721442697,0.8769972144269703,0.0,0.0,False,B,0.0,0.0,0.0,0.0,1,
b3617,b2482,kbl,hyfB,0.0,0.0,0.0,0.0,0.5,-1.140254335396662e-09,0.8769972144269703,0.87699721442697,0.8769972144269703,0.0,0.0,False,B,0.0,0.0,0.0,0.0,1,
b3617,b1640,kbl,anmK,0.0,0.0,0.0,0.0,0.5,-1.140254335396662e-09,0.8769972144269703,0.87699721442697,0.8769972144269703,0.0,0.0,False,B,0.0,0.0,0.0,0.0,2,
b3617,b3630,kbl,waaP,0.0,0.0,0.0,0.0,0.5,-1.140254335396662e-09,0.8769972144269703,0.87699721442697,0.8769972144269702,0.0,0.0,False,B,0.0,0.0,0.0,0.0,2,
b3617,b4394,kbl,yjjX,0.0,0.0,0.0,0.0,0.5,-1.140254335396662e-09,0.8769972144269703,0.87699721442697,0.8769972144269703,0.0,0.0,False,B,0.0,0.0,0.0,0.0,3,
b3617,b2146,kbl,preT,0.0,0.0,0.0,0.0,0.5,-1.140254335396662e-09,0.8769972144269703,0.87699721442697,0.8769972144269703,0.0,0.0,False,B,0.0,0.0,0.0,0.0,2,
b3617,b0832,kbl,gsiD,0.0,0.0,0.0,0.0,0.5,-1.140254779485872e-09,0.8769972144269703,0.8769972144269701,0.8769972144269701,0.0,0.0,False,B,0.0,0.0,0.0,0.0,2,
b3617,b3396,kbl,mrcA,0.0,0.0,0.0,0.0,0.5,-1.140254335396662e-09,0.8769972144269703,0.87699721442697,0.8769972144269703,0.0,0.0,False,B,0.0,0.0,0.0,0.0,1,
b3617,b0722,kbl,sdhD,0.0,3719.237820017231,3719.2378200172143,-1.6825651982799172e-11,0.9999999999999952,-1.0945125916705933e-09,0.8769972144269703,0.8418157926999568,0.8418157926999568,0.0,0.0,False,X,0.0,0.0,0.0,0.0,2,
b3617,b2283,kbl,nuoG,0.0,3294.285861140926,3294.2858611402903,-6.357367965392768e-10,0.9999999999998067,-9.863715400015849e-10,0.8769972144269703,0.7586431920374903,0.7586431920374918,0.0,0.0,False,X,0.0,3294.285861140926,3294.2858611402903,-6.357367965392768e-10,4,
b3617,b2282,kbl,nuoH,0.0,3294.285861140926,3294.2858611402903,-6.357367965392768e-10,0.9999999999998067,-9.863715400015849e-10,0.8769972144269703,0.7586431920374903,0.7586431920374918,0.0,0.0,False,X,0.0,3294.285861140926,3294.2858611402903,-6.357367965392768e-10,4,
b3617,b2280,kbl,nuoJ,0.0,3294.285861140926,3294.2858611402903,-6.357367965392768e-10,0.9999999999998067,-9.863715400015849e-10,0.8769972144269703,0.7586431920374903,0.7586431920374918,0.0,0.0,False,X,0.0,3294.285861140926,3294.2858611402903,-6.357367965392768e-10,4,
b3617,b2287,kbl,nuoB,0.0,3294.285861140926,3294.2858611402903,-6.357367965392768e-10,0.9999999999998067,-9.863715400015849e-10,0.8769972144269703,0.7586431920374903,0.7586431920374918,0.0,0.0,False,X,0.0,3294.285861140926,3294.2858611402903,-6.357367965392768e-10,4,
b3617,b0681,kbl,chiP,0.0,0.0,0.0,0.0,0.5,-1.140254335396662e-09,0.8769972144269703,0.87699721442697,0.8769972144269703,0.0,0.0,False,B,0.0,0.0,0.0,0.0,1,
b3617,b1473,kbl,yddG,0.0,0.0,0.0,0.0,0.5,-1.140254779485872e-09,0.8769972144269703,0.8769972144269699,0.8769972144269699,0.0,0.0,False,B,0.0,0.0,0.0,0.0,4,
b3617,b0401,kbl,brnQ,0.0,0.0,0.0,0.0,0.5,-1.140254557441267e-09,0.8769972144269703,0.8769972144269699,0.8769972144269701,0.0,0.0,False,B,0.0,0.0,0.0,0.0,4,
b3617,b2842,kbl,kduD,0.0,0.0,0.0,0.0,0.5,-1.140254335396662e-09,0.8769972144269703,0.87699721442697,0.8769972144269703,0.0,0.0,False,B,0.0,0.0,0.0,0.0,1,
b3617,b4101,kbl,phnG,0.0,0.0,0.0,0.0,0.5,-1.140254335396662e-09,0.8769972144269703,0.87699721442697,0.8769972144269703,0.0,0.0,False,B,0.0,0.0,0.0,0.0,2,
b3617,b2682,kbl,ygaZ,0.0,0.0,0.0,0.0,0.5,-1.140254335396662e-09,0.8769972144269703,0.87699721442697,0.8769972144269703,0.0,0.0,False,B,0.0,0.0,0.0,0.0,1,
b0030,b2162,rihC,rihB,0.0,0.0,0.0,0.0,0.5,-1.140254335396662e-09,0.8769972144269701,0.87699721442697,0.8769972144269701,0.0,0.0,False,ISO,0.0,0.0,0.0,0.0,3,
b0030,b0651,rihC,rihA,0.0,0.0,0.0,0.0,0.5,-1.140254335396662e-09,0.8769972144269701,0.87699721442697,0.8769972144269701,0.0,0.0,False,ISO,0.0,0.0,0.0,0.0,3,
b2784,b3650,relA,spoT,0.0,0.0,0.0,0.0,0.5,-1.140254335396662e-09,0.87699721442697,0.87699721442697,0.87699721442697,0.0,0.0,False,ISO,0.0,0.0,0.0,0.0,4,
b1019,b2431,efeB,yfeX,0.0,0.0,0.0,0.0,0.5,-1.140254335396662e-09,0.87699721442697,0.87699721442697,0.87699721442697,0.0,0.0,False,ISO,0.0,0.0,0.0,0.0,0,
b0475,b2431,hemH,yfeX,0.0,0.0,0.0,0.0,0.5,-1.140254335396662e-09,0.87699721442697,0.87699721442697,0.87699721442697,0.0,0.0,False,ISO,0.0,0.0,0.0,0.0,0,
b0475,b1019,hemH,efeB,0.0,0.0,0.0,0.0,0.5,-1.140254335396662e-09,0.87699721442697,0.87699721442697,0.87699721442697,0.0,0.0,False,ISO,0.0,0.0,0.0,0.0,0,
b2988,b2415,gss,ptsH,0.0,448.4367692909351,448.4367692909351,0.0,0.9999999999999979,-1.1280272271818603e-09,0.87699721442697,0.867593023657186,0.867593023657186,0.0,0.0,False,X,0.0,0.0,0.0,0.0,23,
b2988,b1767,gss,ansA,0.0,0.0,0.0,0.0,0.5,-1.140254335396662e-09,0.87699721442697,0.87699721442697,0.87699721442697,0.0,0.0,False,B,0.0,0.0,0.0,0.0,2,
b2988,b2601,gss,aroF,0.0,0.0,0.0,0.0,0.5,-1.140254335396662e-09,0.87699721442697,0.87699721442697,0.87699721442697,0.0,0.0,False,B,0.0,0.0,0.0,0.0,2,
b2988,b0347,gss,mhpA,0.0,0.0,0.0,0.0,0.5,-1.140254335396662e-09,0.87699721442697,0.87699721442697,0.87699721442697,0.0,0.0,False,B,0.0,0.0,0.0,0.0,4,
b2988,b1779,gss,gapA,0.0,3084.5992339759005,3084.5992339759005,0.0,0.9999999999999997,-9.874124851094734e-10,0.87699721442697,0.7594428152438919,0.7594428152438919,0.0,0.0,False,X,0.0,3084.5992339759005,3084.5992339759005,0.0,3,
b2988,b1656,gss,sodB,0.0,0.0,0.0,0.0,0.5,-1.140254335396662e-09,0.87699721442697,0.87699721442697,0.87699721442697,0.0,0.0,False,B,0.0,0.0,0.0,0.0,2,
b2988,b1465,gss,narV,0.0,0.0,0.0,0.0,0.5,-1.140254335396662e-09,0.87699721442697,0.87699721442697,0.87699721442697,0.0,0.0,False,B,0.0,0.0,0.0,0.0,2,
b2988,b2429,gss,murP,0.0,0.0,0.0,0.0,0.5,-1.140254335396662e-09,0.87699721442697,0.87699721442697,0.87699721442697,0.0,0.0,False,B,0.0,0.0,0.0,0.0,4,
b2988,b0861,gss,artM,0.0,0.0,0.0,0.0,0.5,-1.140254335396662e-09,0.87699721442697,0.87699721442697,0.87699721442697,0.0,0.0,False,B,0.0,0.0,0.0,0.0,2,
b2988,b0341,gss,cynX,0.0,0.0,0.0,0.0,0.5,-1.140254335396662e-09,0.87699721442697,0.87699721442697,0.87699721442697,0.0,0.0,False,B,0.0,0.0,0.0,0.0,3,
b2988,b0934,gss,ssuC,0.0,0.0,0.0,0.0,0.5,-1.140254335396662e-09,0.87699721442697,0.87699721442697,0.87699721442697,0.0,0.0,False,B,0.0,0.0,0.0,0.0,5,
b2988,b1296,gss,puuP,0.0,0.0,0.0,0.0,0.5,-1.140254335396662e-09,0.87699721442697,0.87699721442697,0.87699721442697,0.0,0.0,False,B,0.0,0.0,0.0,0.0,2,
b2988,b3626,gss,waaJ,0.0,0.0,0.0,0.0,0.5,-1.140254335396662e-09,0.87699721442697,0.87699721442697,0.87699721442697,0.0,0.0,False,B,0.0,0.0,0.0,0.0,3,
b2988,b2871,gss,ygeX,0.0,0.0,0.0,0.0,0.5,-1.140254335396662e-09,0.87699721442697,0.87699721442697,0.87699721442697,0.0,0.0,False,B,0.0,0.0,0.0,0.0,3,
b2988,b3915,gss,fieF,0.0,0.0,0.0,0.0,0.5,-1.140254335396662e-09,0.87699721442697,0.8769972144269703,0.8769972144269703,0.0,0.0,False,B,0.0,0.0,0.0,0.0,4,
b2988,b1857,gss,znuA,0.0,0.0,0.0,0.0,0.5,-1.140254335396662e-09,0.87699721442697,0.8769972144269703,0.8769972144269703,0.0,0.0,False,B,0.0,0.0,0.0,0.0,3,
b2988,b0696,gss,kdpC,0.0,0.0,0.0,0.0,0.5,-1.140254335396662e-09,0.87699721442697,0.8769972144269703,0.8769972144269703,0.0,0.0,False,B,0.0,0.0,0.0,0.0,3,
b2988,b1186,gss,nhaB,0.0,0.0,0.0,0.0,0.5,-1.140254335396662e-09,0.87699721442697,0.8769972144269705,0.8769972144269705,0.0,0.0,False,B,0.0,0.0,0.0,0.0,3,
b2988,b3371,gss,frlB,0.0,0.0,0.0,0.0,0.5,-1.140254335396662e-09,0.87699721442697,0.87699721442697,0.87699721442697,0.0,0.0,False,B,0.0,0.0,0.0,0.0,3,
b2988,b3748,gss,rbsD,0.0,0.0,0.0,0.0,0.5,-1.140254335396662e-09,0.87699721442697,0.87699721442697,0.87699721442697,0.0,0.0,False,B,0.0,0.0,0.0,0.0,2,
b2988,b2482,gss,hyfB,0.0,0.0,0.0,0.0,0.5,-1.140254335396662e-09,0.87699721442697,0.87699721442697,0.87699721442697,0.0,0.0,False,B,0.0,0.0,0.0,0.0,2,
b2988,b1640,gss,anmK,0.0,0.0,0.0,0.0,0.5,-1.140254335396662e-09,0.87699721442697,0.87699721442697,0.87699721442697,0.0,0.0,False,B,0.0,0.0,0.0,0.0,3,
b2988,b0114,gss,aceE,0.0,569.3957161878707,569.3957161878707,0.0,0.9999999999999982,-1.1158099999519777e-09,0.87699721442697,0.8581964695522434,0.8581964695522434,0.0,0.0,False,X,0.0,0.0,0.0,0.0,3,
b2988,b3919,gss,tpiA,0.0,871.9980214793411,871.9980214793411,0.0,0.9999999999999988,-1.0950930162678674e-09,0.87699721442697,0.8422625567901132,0.8422625567901132,0.0,0.0,False,X,0.0,0.0,0.0,0.0,3,
b2988,b3630,gss,waaP,0.0,0.0,0.0,0.0,0.5,-1.140254335396662e-09,0.87699721442697,0.87699721442697,0.87699721442697,0.0,0.0,False,B,0.0,0.0,0.0,0.0,3,
b2988,b4394,gss,yjjX,0.0,0.0,0.0,0.0,0.5,-1.140254335396662e-09,0.87699721442697,0.87699721442697,0.87699721442697,0.0,0.0,False,B,0.0,0.0,0.0,0.0,4,
b2988,b2146,gss,preT,0.0,0.0,0.0,0.0,0.5,-1.140254335396662e-09,0.87699721442697,0.87699721442697,0.87699721442697,0.0,0.0,False,B,0.0,0.0,0.0,0.0,3,
b2988,b0832,gss,gsiD,0.0,0.0,0.0,0.0,0.5,-1.140254335396662e-09,0.87699721442697,0.8769972144269701,0.8769972144269701,0.0,0.0,False,B,0.0,0.0,0.0,0.0,3,
b2988,b3396,gss,mrcA,0.0,0.0,0.0,0.0,0.5,-1.140254335396662e-09,0.87699721442697,0.87699721442697,0.87699721442697,0.0,0.0,False,B,0.0,0.0,0.0,0.0,2,
b2988,b2285,gss,nuoE,0.0,3294.285861140926,3294.285861140926,0.0,0.9999999999999998,-9.86372761246912e-10,0.87699721442697,0.7586431920374903,0.7586431920374903,0.0,0.0,False,X,0.0,3294.285861140926,3294.285861140926,0.0,5,
b2988,b2284,gss,nuoF,0.0,3294.285861140926,3294.285861140926,0.0,0.9999999999999998,-9.86372761246912e-10,0.87699721442697,0.7586431920374903,0.7586431920374903,0.0,0.0,False,X,0.0,3294.285861140926,3294.285861140926,0.0,5,
b2988,b0681,gss,chiP,0.0,0.0,0.0,0.0,0.5,-1.140254335396662e-09,0.87699721442697,0.87699721442697,0.87699721442697,0.0,0.0,False,B,0.0,0.0,0.0,0.0,2,
b2988,b1473,gss,yddG,0.0,0.0,0.0,0.0,0.5,-1.140254335396662e-09,0.87699721442697,0.8769972144269699,0.8769972144269699,0.0,0.0,False,B,0.0,0.0,0.0,0.0,5,
b2988,b0401,gss,brnQ,0.0,0.0,0.0,0.0,0.5,-1.140254335396662e-09,0.87699721442697,0.8769972144269699,0.8769972144269699,0.0,0.0,False,B,0.0,0.0,0.0,0.0,5,
b2988,b2842,gss,kduD,0.0,0.0,0.0,0.0,0.5,-1.140254335396662e-09,0.87699721442697,0.87699721442697,0.87699721442697,0.0,0.0,False,B,0.0,0.0,0.0,0.0,2,
b2988,b4101,gss,phnG,0.0,0.0,0.0,0.0,0.5,-1.140254335396662e-09,0.87699721442697,0.87699721442697,0.87699721442697,0.0,0.0,False,B,0.0,0.0,0.0,0.0,3,
b2988,b2682,gss,ygaZ,0.0,0.0,0.0,0.0,0.5,-1.140254335396662e-09,0.87699721442697,0.87699721442697,0.87699721442697,0.0,0.0,False,B,0.0,0.0,0.0,0.0,2,
b2690,b3697,yqaB,yidA,0.0,0.0,0.0,0.0,0.5,-1.140254335396662e-09,0.8769972144269703,0.87699721442697,0.8769972144269703,0.0,0.0,False,ISO,0.0,0.0,0.0,0.0,1,
b2690,b3826,yqaB,yigL,0.0,0.0,0.0,0.0,0.5,-1.140254335396662e-09,0.8769972144269703,0.87699721442697,0.8769972144269703,0.0,0.0,False,ISO,0.0,0.0,0.0,0.0,1,
b2690,b3715,yqaB,yieH,0.0,0.0,0.0,0.0,0.5,-1.140254779485872e-09,0.8769972144269703,0.87699721442697,0.87699721442697,0.0,0.0,False,ISO,0.0,0.0,0.0,0.0,2,
b0688,b2690,pgm,yqaB,0.0,0.0,0.0,0.0,0.5,-1.140254335396662e-09,0.87699721442697,0.8769972144269703,0.8769972144269703,0.0,0.0,False,ISO,0.0,0.0,0.0,0.0,1,
b0688,b1317,pgm,ycjU,0.0,0.0,0.0,0.0,0.5,-1.140254335396662e-09,0.87699721442697,0.87699721442697,0.87699721442697,0.0,0.0,False,ISO,0.0,0.0,0.0,0.0,0,
b1317,b2690,ycjU,yqaB,0.0,0.0,0.0,0.0,0.5,-1.140254335396662e-09,0.87699721442697,0.8769972144269703,0.8769972144269703,0.0,0.0,False,ISO,0.0,0.0,0.0,0.0,1,
b3581,b4196,sgbH,ulaD,0.0,0.0,0.0,0.0,0.5,-1.140254335396662e-09,0.87699721442697,0.87699721442697,0.87699721442697,0.0,0.0,False,ISO,0.0,0.0,0.0,0.0,1,
b3582,b4197,sgbU,ulaE,0.0,0.0,0.0,0.0,0.5,-1.1402536692628473e-09,0.87699721442697,0.87699721442697,0.8769972144269704,0.0,0.0,False,ISO,0.0,0.0,0.0,0.0,1,
b0207,b3012,dkgB,dkgA,0.0,0.0,0.0,0.0,0.5,-1.140254335396662e-09,0.87699721442697,0.87699721442697,0.87699721442697,0.0,0.0,False,ISO,0.0,0.0,0.0,0.0,1,
b0207,b3001,dkgB,yghZ,0.0,0.0,0.0,0.0,0.5,-1.140254335396662e-09,0.87699721442697,0.87699721442697,0.87699721442697,0.0,0.0,False,ISO,0.0,0.0,0.0,0.0,0,
b0207,b1781,dkgB,yeaE,0.0,0.0,0.0,0.0,0.5,-1.140254335396662e-09,0.87699721442697,0.87699721442697,0.87699721442697,0.0,0.0,False,ISO,0.0,0.0,0.0,0.0,0,
b0937,b3844,ssuE,fre,0.0,16.632130947254705,16.63213094725471,3.552713678800501e-15,0.9999999999999399,-1.1379152065060794e-09,0.87699721442697,0.8751981111051962,0.8751981111051962,0.0,0.0,False,ISO,0.0,0.0,0.0,0.0,4,
b2563,b3475,acpS,acpT,0.0,0.0,0.0,0.0,0.5,-1.140254335396662e-09,0.87699721442697,0.87699721442697,0.87699721442697,0.0,0.0,False,ISO,0.0,0.0,0.0,0.0,1,
b1096,b4039,pabC,ubiC,0.0,0.0,18414.902542344025,18414.902542344025,9207451271172012.0,-1.0000000022805087,0.87699721442697,0.87699721442697,-0.0,0.0,0.0,True,ISO,0.0,0.0,18414.902542344025,18414.902542344025,2,
b2416,b2415,ptsI,ptsH,448.4367692909351,448.4367692909351,448.4367692909351,-448.4367692909351,0.5,0.010608183134958038,0.867593023657186,0.867593023657186,0.867593023657186,1.0,1.0,False,A,0.0,0.0,0.0,0.0,21,;Alanine and Aspartate Metabolism;Alternate Carbon Metabolism
b2416,b1767,ptsI,ansA,448.4367692909351,0.0,448.4367692909351,0.0,0.9999999999999979,-1.1280272271818603e-09,0.867593023657186,0.87699721442697,0.867593023657186,0.0,0.0,False,X,0.0,0.0,0.0,0.0,21,
b2416,b2601,ptsI,aroF,448.4367692909351,0.0,448.4367692909351,0.0,0.9999999999999979,-1.1280272271818603e-09,0.867593023657186,0.87699721442697,0.867593023657186,0.0,0.0,False,X,0.0,0.0,0.0,0.0,21,
b2416,b0726,ptsI,sucA,448.4367692909351,205.2302357589819,730.8769824830254,77.20997743310835,1.118118211316496,-0.0011276238057623678,0.867593023657186,0.863370356164474,0.8531233665594079,0.0,0.9662650602409638,False,A,0.0,0.0,0.0,0.0,22,;Alanine and Aspartate Metabolism;Alternate Carbon Metabolism
b2416,b1779,ptsI,gapA,448.4367692909351,3084.5992339759005,3084.5992339757786,-448.43676929105686,0.873073252331307,0.009285815174810086,0.867593023657186,0.7594428152438919,0.7594428152438918,0.1,0.9287356321839081,False,A,0.0,3084.5992339759005,3084.5992339757786,-1.2187229003757238e-10,22,;Alanine and Aspartate Metabolism;Alternate Carbon Metabolism
b2416,b3734,ptsI,atpA,448.4367692909351,19586.667612014615,19907.05252544547,-128.05185586008156,0.9936086254694252,0.003483915325372733,0.867593023657186,0.2849329232733675,0.28493292327341085,0.0,0.8891352549889135,False,A,0.0,19586.667612014615,19907.05252544547,320.3849134308548,22,;Alanine and Aspartate Metabolism;Alternate Carbon Metabolism
b2416,b3735,ptsI,atpH,448.4367692909351,19586.667612014615,19907.05252544547,-128.05185586008156,0.9936086254694252,0.003483915325372733,0.867593023657186,0.2849329232733675,0.28493292327341085,0.0,0.8891352549889135,False,A,0.0,19586.667612014615,19907.05252544547,320.3849134308548,22,;Alanine and Aspartate Metabolism;Alternate Carbon Metabolism
b2416,b3736,ptsI,atpF,448.4367692909351,19586.667612014615,19907.05252544547,-128.05185586008156,0.9936086254694252,0.003483915325372733,0.867593023657186,0.2849329232733675,0.28493292327341085,0.0,0.8891352549889135,False,A,0.0,19586.667612014615,19907.05252544547,320.3849134308548,22,;Alanine and Aspartate Metabolism;Alternate Carbon Metabolism
b2416,b3737,ptsI,atpE,448.4367692909351,19586.667612014615,19907.05252544547,-128.05185586008156,0.9936086254694252,0.003483915325372733,0.867593023657186,0.2849329232733675,0.28493292327341085,0.0,0.8891352549889135,False,A,0.0,19586.667612014615,19907.05252544547,320.3849134308548,22,;Alanine and Aspartate Metabolism;Alternate Carbon Metabolism
b2416,b3731,ptsI,atpC,448.4367692909351,19586.667612014615,19907.05252544547,-128.05185586008156,0.9936086254694252,0.003483915325372733,0.867593023657186,0.2849329232733675,0.28493292327341085,0.0,0.8891352549889135,False,A,0.0,19586.667612014615,19907.05252544547,320.3849134308548,22,;Alanine and Aspartate Metabolism;Alternate Carbon Metabolism
b2416,b3732,ptsI,atpD,448.4367692909351,19586.667612014615,19907.05252544547,-128.05185586008156,0.9936086254694252,0.003483915325372733,0.867593023657186,0.2849329232733675,0.28493292327341085,0.0,0.8891352549889135,False,A,0.0,19586.667612014615,19907.05252544547,320.3849134308548,22,;Alanine and Aspartate Metabolism;Alternate Carbon Metabolism
b2416,b3733,ptsI,atpG,448.4367692909351,19586.667612014615,19907.05252544547,-128.05185586008156,0.9936086254694252,0.003483915325372733,0.867593023657186,0.2849329232733675,0.28493292327341085,0.0,0.8891352549889135,False,A,0.0,19586.667612014615,19907.05252544547,320.3849134308548,22,;Alanine and Aspartate Metabolism;Alternate Carbon Metabolism
b2416,b3738,ptsI,atpB,448.4367692909351,19586.667612014615,19907.05252544547,-128.05185586008156,0.9936086254694252,0.003483915325372733,0.867593023657186,0.2849329232733675,0.28493292327341085,0.0,0.8891352549889135,False,A,0.0,19586.667612014615,19907.05252544547,320.3849134308548,22,;Alanine and Aspartate Metabolism;Alternate Carbon Metabolism
b2416,b1296,ptsI,puuP,448.4367692909351,0.0,448.4367692909351,0.0,0.9999999999999979,-1.1280272271818603e-09,0.867593023657186,0.87699721442697,0.867593023657186,0.0,0.0,False,X,0.0,0.0,0.0,0.0,21,
b2416,b0115,ptsI,aceF,448.4367692909351,569.3957161878707,1037.0052120771684,19.1727265983626,1.0188368192918722,-0.0005694118610335419,0.867593023657186,0.8581964695522434,0.8484945107303179,0.0,0.975669099756691,False,A,0.0,0.0,0.0,0.0,22,;Alanine and Aspartate Metabolism;Alternate Carbon Metabolism
b2416,b0114,ptsI,aceE,448.4367692909351,569.3957161878707,1037.0052120771684,19.1727265983626,1.0188368192918722,-0.0005694118610335419,0.867593023657186,0.8581964695522434,0.8484945107303179,0.0,0.975669099756691,False,A,0.0,0.0,0.0,0.0,22,;Alanine and Aspartate Metabolism;Alternate Carbon Metabolism
b2416,b3919,ptsI,tpiA,448.4367692909351,871.9980214793411,1131.1583122360487,-189.27647853422752,0.8566559440441478,0.002917322188221494,0.867593023657186,0.8422625567901132,0.835789316060677,0.10526315789473684,0.9528301886792453,False,A,0.0,0.0,0.0,0.0,22,;Alanine and Aspartate Metabolism;Alternate Carbon Metabolism
b2416,b3630,ptsI,waaP,448.4367692909351,0.0,448.43676929091157,-2.3533175408374518e-11,0.9999999999999454,-1.1280272271818603e-09,0.867593023657186,0.87699721442697,0.867593023657186,0.0,0.0,False,X,0.0,0.0,0.0,0.0,22,
b2416,b0429,ptsI,cyoD,448.4367692909351,7798.596633039896,8504.54250648753,257.5091041566993,1.0312244526721477,-0.0032949073049483024,0.867593023657186,0.7776142830847725,0.7663861687974218,0.0,0.9639423076923077,False,A,0.0,7798.596633039896,8504.54250648753,705.9458734476348,22,;Alanine and Aspartate Metabolism;Alternate Carbon Metabolism
b2416,b0432,ptsI,cyoA,448.4367692909351,7798.596633039896,8504.54250648753,257.5091041566993,1.0312244526721477,-0.0032949073049483024,0.867593023657186,0.7776142830847725,0.7663861687974218,0.0,0.9639423076923077,False,A,0.0,7798.596633039896,8504.54250648753,705.9458734476348,22,;Alanine and Aspartate Metabolism;Alternate Carbon Metabolism
b2416,b0430,ptsI,cyoC,448.4367692909351,7798.596633039896,8504.54250648753,257.5091041566993,1.0312244526721477,-0.0032949073049483024,0.867593023657186,0.7776142830847725,0.7663861687974218,0.0,0.9639423076923077,False,A,0.0,7798.596633039896,8504.54250648753,705.9458734476348,22,;Alanine and Aspartate Metabolism;Alternate Carbon Metabolism
b2416,b0431,ptsI,cyoB,448.4367692909351,7798.596633039896,8504.54250648753,257.5091041566993,1.0312244526721477,-0.0032949073049483024,0.867593023657186,0.7776142830847725,0.7663861687974218,0.0,0.9639423076923077,False,A,0.0,7798.596633039896,8504.54250648753,705.9458734476348,22,;Alanine and Aspartate Metabolism;Alternate Carbon Metabolism
b2416,b0722,ptsI,sdhD,448.4367692909351,3719.237820017231,4110.171408614513,-57.50318069365312,0.9862025742505968,0.0031070248890225916,0.867593023657186,0.8418157926999568,0.8355137114375675,0.09090909090909091,0.9461358313817331,False,A,0.0,0.0,0.0,0.0,22,;Alanine and Aspartate Metabolism;Alternate Carbon Metabolism
b2416,b0723,ptsI,sdhA,448.4367692909351,3719.237820017231,4110.171408614513,-57.50318069365312,0.9862025742505968,0.0031070248890225916,0.867593023657186,0.8418157926999568,0.8355137114375675,0.09090909090909091,0.9461358313817331,False,A,0.0,0.0,0.0,0.0,22,;Alanine and Aspartate Metabolism;Alternate Carbon Metabolism
b2416,b0721,ptsI,sdhC,448.4367692909351,3719.237820017231,4110.171408614513,-57.50318069365312,0.9862025742505968,0.0031070248890225916,0.867593023657186,0.8418157926999568,0.8355137114375675,0.09090909090909091,0.9461358313817331,False,A,0.0,0.0,0.0,0.0,22,;Alanine and Aspartate Metabolism;Alternate Carbon Metabolism
b2416,b0724,ptsI,sdhB,448.4367692909351,3719.237820017231,4110.171408614513,-57.50318069365312,0.9862025742505968,0.0031070248890225916,0.867593023657186,0.8418157926999568,0.8355137114375675,0.09090909090909091,0.9461358313817331,False,A,0.0,0.0,0.0,0.0,22,;Alanine and Aspartate Metabolism;Alternate Carbon Metabolism
b2416,b2283,ptsI,nuoG,448.4367692909351,3294.285861140926,3931.044002875175,188.32137244331398,1.0503166788027738,-0.003662909776258272,0.867593023657186,0.7586431920374903,0.7472957708331487,0.0,0.9524940617577197,False,A,0.0,3294.285861140926,3931.044002875175,636.758141734249,24,;Alanine and Aspartate Metabolism;Alternate Carbon Metabolism
b2416,b2282,ptsI,nuoH,448.4367692909351,3294.285861140926,3931.044002875175,188.32137244331398,1.0503166788027738,-0.003662909776258272,0.867593023657186,0.7586431920374903,0.7472957708331487,0.0,0.9524940617577197,False,A,0.0,3294.285861140926,3931.044002875175,636.758141734249,24,;Alanine and Aspartate Metabolism;Alternate Carbon Metabolism
b2416,b2281,ptsI,nuoI,448.4367692909351,3294.285861140926,3931.044002875175,188.32137244331398,1.0503166788027738,-0.003662909776258272,0.867593023657186,0.7586431920374903,0.7472957708331487,0.0,0.9524940617577197,False,A,0.0,3294.285861140926,3931.044002875175,636.758141734249,24,;Alanine and Aspartate Metabolism;Alternate Carbon Metabolism
b2416,b2288,ptsI,nuoA,448.4367692909351,3294.285861140926,3931.044002875175,188.32137244331398,1.0503166788027738,-0.003662909776258272,0.867593023657186,0.7586431920374903,0.7472957708331487,0.0,0.9524940617577197,False,A,0.0,3294.285861140926,3931.044002875175,636.758141734249,24,;Alanine and Aspartate Metabolism;Alternate Carbon Metabolism
b2416,b2276,ptsI,nuoN,448.4367692909351,3294.285861140926,3931.044002875175,188.32137244331398,1.0503166788027738,-0.003662909776258272,0.867593023657186,0.7586431920374903,0.7472957708331487,0.0,0.9524940617577197,False,A,0.0,3294.285861140926,3931.044002875175,636.758141734249,24,;Alanine and Aspartate Metabolism;Alternate Carbon Metabolism
b2416,b2277,ptsI,nuoM,448.4367692909351,3294.285861140926,3931.044002875175,188.32137244331398,1.0503166788027738,-0.003662909776258272,0.867593023657186,0.7586431920374903,0.7472957708331487,0.0,0.9524940617577197,False,A,0.0,3294.285861140926,3931.044002875175,636.758141734249,24,;Alanine and Aspartate Metabolism;Alternate Carbon Metabolism
b2416,b2285,ptsI,nuoE,448.4367692909351,3294.285861140926,3931.044002875175,188.32137244331398,1.0503166788027738,-0.003662909776258272,0.867593023657186,0.7586431920374903,0.7472957708331487,0.0,0.9524940617577197,False,A,0.0,3294.285861140926,3931.044002875175,636.758141734249,24,;Alanine and Aspartate Metabolism;Alternate Carbon Metabolism
b2416,b2284,ptsI,nuoF,448.4367692909351,3294.285861140926,3931.044002875175,188.32137244331398,1.0503166788027738,-0.003662909776258272,0.867593023657186,0.7586431920374903,0.7472957708331487,0.0,0.9524940617577197,False,A,0.0,3294.285861140926,3931.044002875175,636.758141734249,24,;Alanine and Aspartate Metabolism;Alternate Carbon Metabolism
b2416,b2278,ptsI,nuoL,448.4367692909351,3294.285861140926,3931.044002875175,188.32137244331398,1.0503166788027738,-0.003662909776258272,0.867593023657186,0.7586431920374903,0.7472957708331487,0.0,0.9524940617577197,False,A,0.0,3294.285861140926,3931.044002875175,636.758141734249,24,;Alanine and Aspartate Metabolism;Alternate Carbon Metabolism
b2416,b2279,ptsI,nuoK,448.4367692909351,3294.285861140926,3931.044002875175,188.32137244331398,1.0503166788027738,-0.003662909776258272,0.867593023657186,0.7586431920374903,0.7472957708331487,0.0,0.9524940617577197,False,A,0.0,3294.285861140926,3931.044002875175,636.758141734249,24,;Alanine and Aspartate Metabolism;Alternate Carbon Metabolism
b2416,b2280,ptsI,nuoJ,448.4367692909351,3294.285861140926,3931.044002875175,188.32137244331398,1.0503166788027738,-0.003662909776258272,0.867593023657186,0.7586431920374903,0.7472957708331487,0.0,0.9524940617577197,False,A,0.0,3294.285861140926,3931.044002875175,636.758141734249,24,;Alanine and Aspartate Metabolism;Alternate Carbon Metabolism
b2416,b2287,ptsI,nuoB,448.4367692909351,3294.285861140926,3931.044002875175,188.32137244331398,1.0503166788027738,-0.003662909776258272,0.867593023657186,0.7586431920374903,0.7472957708331487,0.0,0.9524940617577197,False,A,0.0,3294.285861140926,3931.044002875175,636.758141734249,24,;Alanine and Aspartate Metabolism;Alternate Carbon Metabolism
b2416,b2286,ptsI,nuoC,448.4367692909351,3294.285861140926,3931.044002875175,188.32137244331398,1.0503166788027738,-0.003662909776258272,0.867593023657186,0.7586431920374903,0.7472957708331487,0.0,0.9524940617577197,False,A,0.0,3294.285861140926,3931.044002875175,636.758141734249,24,;Alanine and Aspartate Metabolism;Alternate Carbon Metabolism
b2415,b2601,ptsH,aroF,448.4367692909351,0.0,448.4367692909351,0.0,0.9999999999999979,-1.1280272271818603e-09,0.867593023657186,0.87699721442697,0.867593023657186,0.0,0.0,False,X,0.0,0.0,0.0,0.0,21,
b2415,b0726,ptsH,sucA,448.4367692909351,205.2302357589819,730.8769824830254,77.20997743310835,1.118118211316496,-0.0011276238057623678,0.867593023657186,0.863370356164474,0.8531233665594079,0.0,0.9662650602409638,False,A,0.0,0.0,0.0,0.0,22,;Alanine and Aspartate Metabolism;Alternate Carbon Metabolism
b2415,b1779,ptsH,gapA,448.4367692909351,3084.5992339759005,3084.5992339757786,-448.43676929105686,0.873073252331307,0.009285815174810086,0.867593023657186,0.7594428152438919,0.7594428152438918,0.1,0.9287356321839081,False,A,0.0,3084.5992339759005,3084.5992339757786,-1.2187229003757238e-10,22,;Alanine and Aspartate Metabolism;Alternate Carbon Metabolism
b2415,b3734,ptsH,atpA,448.4367692909351,19586.667612014615,19907.05252544547,-128.05185586008156,0.9936086254694252,0.003483915325372733,0.867593023657186,0.2849329232733675,0.28493292327341085,0.0,0.8891352549889135,False,A,0.0,19586.667612014615,19907.05252544547,320.3849134308548,22,;Alanine and Aspartate Metabolism;Alternate Carbon Metabolism
b2415,b3735,ptsH,atpH,448.4367692909351,19586.667612014615,19907.05252544547,-128.05185586008156,0.9936086254694252,0.003483915325372733,0.867593023657186,0.2849329232733675,0.28493292327341085,0.0,0.8891352549889135,False,A,0.0,19586.667612014615,19907.05252544547,320.3849134308548,22,;Alanine and Aspartate Metabolism;Alternate Carbon Metabolism
b2415,b3736,ptsH,atpF,448.4367692909351,19586.667612014615,19907.05252544547,-128.05185586008156,0.9936086254694252,0.003483915325372733,0.867593023657186,0.2849329232733675,0.28493292327341085,0.0,0.8891352549889135,False,A,0.0,19586.667612014615,19907.05252544547,320.3849134308548,22,;Alanine and Aspartate Metabolism;Alternate Carbon Metabolism
b2415,b3737,ptsH,atpE,448.4367692909351,19586.667612014615,19907.05252544547,-128.05185586008156,0.9936086254694252,0.003483915325372733,0.867593023657186,0.2849329232733675,0.28493292327341085,0.0,0.8891352549889135,False,A,0.0,19586.667612014615,19907.05252544547,320.3849134308548,22,;Alanine and Aspartate Metabolism;Alternate Carbon Metabolism
b2415,b3731,ptsH,atpC,448.4367692909351,19586.667612014615,19907.05252544547,-128.05185586008156,0.9936086254694252,0.003483915325372733,0.867593023657186,0.2849329232733675,0.28493292327341085,0.0,0.8891352549889135,False,A,0.0,19586.667612014615,19907.05252544547,320.3849134308548,22,;Alanine and Aspartate Metabolism;Alternate Carbon Metabolism
b2415,b3732,ptsH,atpD,448.4367692909351,19586.667612014615,19907.05252544547,-128.05185586008156,0.9936086254694252,0.003483915325372733,0.867593023657186,0.2849329232733675,0.28493292327341085,0.0,0.8891352549889135,False,A,0.0,19586.667612014615,19907.05252544547,320.3849134308548,22,;Alanine and Aspartate Metabolism;Alternate Carbon Metabolism
b2415,b3733,ptsH,atpG,448.4367692909351,19586.667612014615,19907.05252544547,-128.05185586008156,0.9936086254694252,0.003483915325372733,0.867593023657186,0.2849329232733675,0.28493292327341085,0.0,0.8891352549889135,False,A,0.0,19586.667612014615,19907.05252544547,320.3849134308548,22,;Alanine and Aspartate Metabolism;Alternate Carbon Metabolism
b2415,b3738,ptsH,atpB,448.4367692909351,19586.667612014615,19907.05252544547,-128.05185586008156,0.9936086254694252,0.003483915325372733,0.867593023657186,0.2849329232733675,0.28493292327341085,0.0,0.8891352549889135,False,A,0.0,19586.667612014615,19907.05252544547,320.3849134308548,22,;Alanine and Aspartate Metabolism;Alternate Carbon Metabolism
b2415,b2871,ptsH,ygeX,448.4367692909351,0.0,448.4367692909351,0.0,0.9999999999999979,-1.1280272271818603e-09,0.867593023657186,0.87699721442697,0.867593023657186,0.0,0.0,False,X,0.0,0.0,0.0,0.0,22,
b2415,b2482,ptsH,hyfB,448.4367692909351,0.0,448.4367692909351,0.0,0.9999999999999979,-1.1280272271818603e-09,0.867593023657186,0.87699721442697,0.867593023657186,0.0,0.0,False,X,0.0,0.0,0.0,0.0,21,
b2415,b0115,ptsH,aceF,448.4367692909351,569.3957161878707,1037.0052120771684,19.1727265983626,1.0188368192918722,-0.0005694118610335419,0.867593023657186,0.8581964695522434,0.8484945107303179,0.0,0.975669099756691,False,A,0.0,0.0,0.0,0.0,22,;Alanine and Aspartate Metabolism;Alternate Carbon Metabolism
b2415,b0114,ptsH,aceE,448.4367692909351,569.3957161878707,1037.0052120771684,19.1727265983626,1.0188368192918722,-0.0005694118610335419,0.867593023657186,0.8581964695522434,0.8484945107303179,0.0,0.975669099756691,False,A,0.0,0.0,0.0,0.0,22,;Alanine and Aspartate Metabolism;Alternate Carbon Metabolism
b2415,b3919,ptsH,tpiA,448.4367692909351,871.9980214793411,1131.1583122360487,-189.27647853422752,0.8566559440441478,0.002917322188221494,0.867593023657186,0.8422625567901132,0.835789316060677,0.10526315789473684,0.9528301886792453,False,A,0.0,0.0,0.0,0.0,22,;Alanine and Aspartate Metabolism;Alternate Carbon Metabolism
b2415,b3396,ptsH,mrcA,448.4367692909351,0.0,448.4367692909351,0.0,0.9999999999999979,-1.1280272271818603e-09,0.867593023657186,0.87699721442697,0.867593023657186,0.0,0.0,False,X,0.0,0.0,0.0,0.0,21,
b2415,b0429,ptsH,cyoD,448.4367692909351,7798.596633039896,8504.54250648753,257.5091041566993,1.0312244526721477,-0.0032949073049483024,0.867593023657186,0.7776142830847725,0.7663861687974218,0.0,0.9639423076923077,False,A,0.0,7798.596633039896,8504.54250648753,705.9458734476348,22,;Alanine and Aspartate Metabolism;Alternate Carbon Metabolism
b2415,b0432,ptsH,cyoA,448.4367692909351,7798.596633039896,8504.54250648753,257.5091041566993,1.0312244526721477,-0.0032949073049483024,0.867593023657186,0.7776142830847725,0.7663861687974218,0.0,0.9639423076923077,False,A,0.0,7798.596633039896,8504.54250648753,705.9458734476348,22,;Alanine and Aspartate Metabolism;Alternate Carbon Metabolism
b2415,b0430,ptsH,cyoC,448.4367692909351,7798.596633039896,8504.54250648753,257.5091041566993,1.0312244526721477,-0.0032949073049483024,0.867593023657186,0.7776142830847725,0.7663861687974218,0.0,0.9639423076923077,False,A,0.0,7798.596633039896,8504.54250648753,705.9458734476348,22,;Alanine and Aspartate Metabolism;Alternate Carbon Metabolism
b2415,b0431,ptsH,cyoB,448.4367692909351,7798.596633039896,8504.54250648753,257.5091041566993,1.0312244526721477,-0.0032949073049483024,0.867593023657186,0.7776142830847725,0.7663861687974218,0.0,0.9639423076923077,False,A,0.0,7798.596633039896,8504.54250648753,705.9458734476348,22,;Alanine and Aspartate Metabolism;Alternate Carbon Metabolism
b2415,b0722,ptsH,sdhD,448.4367692909351,3719.237820017231,4110.171408614513,-57.50318069365312,0.9862025742505968,0.0031070248890225916,0.867593023657186,0.8418157926999568,0.8355137114375675,0.09090909090909091,0.9461358313817331,False,A,0.0,0.0,0.0,0.0,22,;Alanine and Aspartate Metabolism;Alternate Carbon Metabolism
b2415,b0723,ptsH,sdhA,448.4367692909351,3719.237820017231,4110.171408614513,-57.50318069365312,0.9862025742505968,0.0031070248890225916,0.867593023657186,0.8418157926999568,0.8355137114375675,0.09090909090909091,0.9461358313817331,False,A,0.0,0.0,0.0,0.0,22,;Alanine and Aspartate Metabolism;Alternate Carbon Metabolism
b2415,b0721,ptsH,sdhC,448.4367692909351,3719.237820017231,4110.171408614513,-57.50318069365312,0.9862025742505968,0.0031070248890225916,0.867593023657186,0.8418157926999568,0.8355137114375675,0.09090909090909091,0.9461358313817331,False,A,0.0,0.0,0.0,0.0,22,;Alanine and Aspartate Metabolism;Alternate Carbon Metabolism
b2415,b0724,ptsH,sdhB,448.4367692909351,3719.237820017231,4110.171408614513,-57.50318069365312,0.9862025742505968,0.0031070248890225916,0.867593023657186,0.8418157926999568,0.8355137114375675,0.09090909090909091,0.9461358313817331,False,A,0.0,0.0,0.0,0.0,22,;Alanine and Aspartate Metabolism;Alternate Carbon Metabolism
b2415,b2283,ptsH,nuoG,448.4367692909351,3294.285861140926,3931.044002875175,188.32137244331398,1.0503166788027738,-0.003662909776258272,0.867593023657186,0.7586431920374903,0.7472957708331487,0.0,0.9524940617577197,False,A,0.0,3294.285861140926,3931.044002875175,636.758141734249,24,;Alanine and Aspartate Metabolism;Alternate Carbon Metabolism
b2415,b2282,ptsH,nuoH,448.4367692909351,3294.285861140926,3931.044002875175,188.32137244331398,1.0503166788027738,-0.003662909776258272,0.867593023657186,0.7586431920374903,0.7472957708331487,0.0,0.9524940617577197,False,A,0.0,3294.285861140926,3931.044002875175,636.758141734249,24,;Alanine and Aspartate Metabolism;Alternate Carbon Metabolism
b2415,b2281,ptsH,nuoI,448.4367692909351,3294.285861140926,3931.044002875175,188.32137244331398,1.0503166788027738,-0.003662909776258272,0.867593023657186,0.7586431920374903,0.7472957708331487,0.0,0.9524940617577197,False,A,0.0,3294.285861140926,3931.044002875175,636.758141734249,24,;Alanine and Aspartate Metabolism;Alternate Carbon Metabolism
b2415,b2288,ptsH,nuoA,448.4367692909351,3294.285861140926,3931.044002875175,188.32137244331398,1.0503166788027738,-0.003662909776258272,0.867593023657186,0.7586431920374903,0.7472957708331487,0.0,0.9524940617577197,False,A,0.0,3294.285861140926,3931.044002875175,636.758141734249,24,;Alanine and Aspartate Metabolism;Alternate Carbon Metabolism
b2415,b2276,ptsH,nuoN,448.4367692909351,3294.285861140926,3931.044002875175,188.32137244331398,1.0503166788027738,-0.003662909776258272,0.867593023657186,0.7586431920374903,0.7472957708331487,0.0,0.9524940617577197,False,A,0.0,3294.285861140926,3931.044002875175,636.758141734249,24,;Alanine and Aspartate Metabolism;Alternate Carbon Metabolism
b2415,b2277,ptsH,nuoM,448.4367692909351,3294.285861140926,3931.044002875175,188.32137244331398,1.0503166788027738,-0.003662909776258272,0.867593023657186,0.7586431920374903,0.7472957708331487,0.0,0.9524940617577197,False,A,0.0,3294.285861140926,3931.044002875175,636.758141734249,24,;Alanine and Aspartate Metabolism;Alternate Carbon Metabolism
b2415,b2285,ptsH,nuoE,448.4367692909351,3294.285861140926,3931.044002875175,188.32137244331398,1.0503166788027738,-0.003662909776258272,0.867593023657186,0.7586431920374903,0.7472957708331487,0.0,0.9524940617577197,False,A,0.0,3294.285861140926,3931.044002875175,636.758141734249,24,;Alanine and Aspartate Metabolism;Alternate Carbon Metabolism
b2415,b2284,ptsH,nuoF,448.4367692909351,3294.285861140926,3931.044002875175,188.32137244331398,1.0503166788027738,-0.003662909776258272,0.867593023657186,0.7586431920374903,0.7472957708331487,0.0,0.9524940617577197,False,A,0.0,3294.285861140926,3931.044002875175,636.758141734249,24,;Alanine and Aspartate Metabolism;Alternate Carbon Metabolism
b2415,b2278,ptsH,nuoL,448.4367692909351,3294.285861140926,3931.044002875175,188.32137244331398,1.0503166788027738,-0.003662909776258272,0.867593023657186,0.7586431920374903,0.7472957708331487,0.0,0.9524940617577197,False,A,0.0,3294.285861140926,3931.044002875175,636.758141734249,24,;Alanine and Aspartate Metabolism;Alternate Carbon Metabolism
b2415,b2279,ptsH,nuoK,448.4367692909351,3294.285861140926,3931.044002875175,188.32137244331398,1.0503166788027738,-0.003662909776258272,0.867593023657186,0.7586431920374903,0.7472957708331487,0.0,0.9524940617577197,False,A,0.0,3294.285861140926,3931.044002875175,636.758141734249,24,;Alanine and Aspartate Metabolism;Alternate Carbon Metabolism
b2415,b2280,ptsH,nuoJ,448.4367692909351,3294.285861140926,3931.044002875175,188.32137244331398,1.0503166788027738,-0.003662909776258272,0.867593023657186,0.7586431920374903,0.7472957708331487,0.0,0.9524940617577197,False,A,0.0,3294.285861140926,3931.044002875175,636.758141734249,24,;Alanine and Aspartate Metabolism;Alternate Carbon Metabolism
b2415,b2287,ptsH,nuoB,448.4367692909351,3294.285861140926,3931.044002875175,188.32137244331398,1.0503166788027738,-0.003662909776258272,0.867593023657186,0.7586431920374903,0.7472957708331487,0.0,0.9524940617577197,False,A,0.0,3294.285861140926,3931.044002875175,636.758141734249,24,;Alanine and Aspartate Metabolism;Alternate Carbon Metabolism
b2415,b2286,ptsH,nuoC,448.4367692909351,3294.285861140926,3931.044002875175,188.32137244331398,1.0503166788027738,-0.003662909776258272,0.867593023657186,0.7586431920374903,0.7472957708331487,0.0,0.9524940617577197,False,A,0.0,3294.285861140926,3931.044002875175,636.758141734249,24,;Alanine and Aspartate Metabolism;Alternate Carbon Metabolism
b2415,b0681,ptsH,chiP,448.4367692909351,0.0,448.4367692909351,0.0,0.9999999999999979,-1.1280272271818603e-09,0.867593023657186,0.87699721442697,0.867593023657186,0.0,0.0,False,X,0.0,0.0,0.0,0.0,21,
b2415,b4101,ptsH,phnG,448.4367692909351,0.0,448.4367692909351,0.0,0.9999999999999979,-1.1280272271818603e-09,0.867593023657186,0.87699721442697,0.867593023657186,0.0,0.0,False,X,0.0,0.0,0.0,0.0,22,
b0171,b0910,pyrH,cmk,0.0,0.45837977444987826,18414.902542344018,18414.44416256957,40173.898519768256,-0.9980595787718202,0.87699721442697,0.8752954684189223,-0.0,0.0,0.0,True,ISO,0.0,0.0,18414.902542344018,18414.902542344018,3,
b0825,b3946,fsaA,fsaB,0.0,0.0,19.83717605757424,19.83717605757424,9918588028787.62,-1.1402541133520572e-09,0.87699721442697,0.87699721442697,0.8769972144269701,0.0,0.0,False,ISO,0.0,0.0,0.0,0.0,1,
b1033,b3553,ghrA,ghrB,0.0,0.0,0.0,0.0,0.5,-1.1402541133520572e-09,0.87699721442697,0.87699721442697,0.8769972144269701,0.0,0.0,False,ISO,0.0,0.0,0.0,0.0,10,
b0828,b1767,iaaA,ansA,0.0,0.0,0.0,0.0,0.5,-1.1402538913074522e-09,0.87699721442697,0.87699721442697,0.8769972144269703,0.0,0.0,False,ISO,0.0,0.0,0.0,0.0,1,
b1767,b2601,ansA,aroF,0.0,0.0,0.0,0.0,0.5,-1.140254335396662e-09,0.87699721442697,0.87699721442697,0.87699721442697,0.0,0.0,False,B,0.0,0.0,0.0,0.0,0,
b1767,b0347,ansA,mhpA,0.0,0.0,0.0,0.0,0.5,-1.140254335396662e-09,0.87699721442697,0.87699721442697,0.87699721442697,0.0,0.0,False,B,0.0,0.0,0.0,0.0,2,
b1767,b0726,ansA,sucA,0.0,205.2302357589819,205.2302357589819,0.0,0.9999999999999951,-1.122536952280484e-09,0.87699721442697,0.863370356164474,0.863370356164474,0.0,0.0,False,X,0.0,0.0,0.0,0.0,1,
b1767,b1779,ansA,gapA,0.0,3084.5992339759005,3084.5992339759005,0.0,0.9999999999999997,-9.874124851094734e-10,0.87699721442697,0.7594428152438919,0.7594428152438919,0.0,0.0,False,X,0.0,3084.5992339759005,3084.5992339759005,0.0,1,
b1767,b1656,ansA,sodB,0.0,0.0,0.0,0.0,0.5,-1.140254335396662e-09,0.87699721442697,0.87699721442697,0.87699721442697,0.0,0.0,False,B,0.0,0.0,0.0,0.0,0,
b1767,b1465,ansA,narV,0.0,0.0,0.0,0.0,0.5,-1.140254335396662e-09,0.87699721442697,0.87699721442697,0.87699721442697,0.0,0.0,False,B,0.0,0.0,0.0,0.0,0,
b1767,b2429,ansA,murP,0.0,0.0,0.0,0.0,0.5,-1.140254335396662e-09,0.87699721442697,0.87699721442697,0.87699721442697,0.0,0.0,False,B,0.0,0.0,0.0,0.0,2,
b1767,b0861,ansA,artM,0.0,0.0,0.0,0.0,0.5,-1.140254335396662e-09,0.87699721442697,0.87699721442697,0.87699721442697,0.0,0.0,False,B,0.0,0.0,0.0,0.0,0,
b1767,b3736,ansA,atpF,0.0,19586.667612014615,19586.667612014615,0.0,0.9999999999999998,-3.704641038382306e-10,0.87699721442697,0.2849329232733675,0.2849329232733675,0.0,0.0,False,X,0.0,19586.667612014615,19586.667612014615,0.0,1,
b1767,b3731,ansA,atpC,0.0,19586.667612014615,19586.667612014615,0.0,0.9999999999999998,-3.704641038382306e-10,0.87699721442697,0.2849329232733675,0.2849329232733675,0.0,0.0,False,X,0.0,19586.667612014615,19586.667612014615,0.0,1,
b1767,b0341,ansA,cynX,0.0,0.0,0.0,0.0,0.5,-1.140254335396662e-09,0.87699721442697,0.87699721442697,0.87699721442697,0.0,0.0,False,B,0.0,0.0,0.0,0.0,1,
b1767,b0934,ansA,ssuC,0.0,0.0,0.0,0.0,0.5,-1.140254335396662e-09,0.87699721442697,0.87699721442697,0.87699721442697,0.0,0.0,False,B,0.0,0.0,0.0,0.0,3,
b1767,b1296,ansA,puuP,0.0,0.0,0.0,0.0,0.5,-1.140254335396662e-09,0.87699721442697,0.87699721442697,0.87699721442697,0.0,0.0,False,B,0.0,0.0,0.0,0.0,0,
b1767,b3626,ansA,waaJ,0.0,0.0,0.0,0.0,0.5,-1.140254335396662e-09,0.87699721442697,0.87699721442697,0.87699721442697,0.0,0.0,False,B,0.0,0.0,0.0,0.0,1,
b1767,b2871,ansA,ygeX,0.0,0.0,0.0,0.0,0.5,-1.140254335396662e-09,0.87699721442697,0.87699721442697,0.87699721442697,0.0,0.0,False,B,0.0,0.0,0.0,0.0,1,
b1767,b3915,ansA,fieF,0.0,0.0,0.0,0.0,0.5,-1.140254335396662e-09,0.87699721442697,0.8769972144269703,0.8769972144269703,0.0,0.0,False,B,0.0,0.0,0.0,0.0,2,
b1767,b1857,ansA,znuA,0.0,0.0,0.0,0.0,0.5,-1.140254335396662e-09,0.87699721442697,0.8769972144269703,0.8769972144269703,0.0,0.0,False,B,0.0,0.0,0.0,0.0,1,
b1767,b0696,ansA,kdpC,0.0,0.0,0.0,0.0,0.5,-1.140254335396662e-09,0.87699721442697,0.8769972144269703,0.8769972144269703,0.0,0.0,False,B,0.0,0.0,0.0,0.0,1,
b1767,b1186,ansA,nhaB,0.0,0.0,0.0,0.0,0.5,-1.140254335396662e-09,0.87699721442697,0.8769972144269705,0.8769972144269705,0.0,0.0,False,B,0.0,0.0,0.0,0.0,1,
b1767,b3371,ansA,frlB,0.0,0.0,0.0,0.0,0.5,-1.140254335396662e-09,0.87699721442697,0.87699721442697,0.87699721442697,0.0,0.0,False,B,0.0,0.0,0.0,0.0,1,
b1767,b3748,ansA,rbsD,0.0,0.0,0.0,0.0,0.5,-1.140254335396662e-09,0.87699721442697,0.87699721442697,0.87699721442697,0.0,0.0,False,B,0.0,0.0,0.0,0.0,0,
b1767,b2482,ansA,hyfB,0.0,0.0,0.0,0.0,0.5,-1.140254335396662e-09,0.87699721442697,0.87699721442697,0.87699721442697,0.0,0.0,False,B,0.0,0.0,0.0,0.0,0,
b1767,b1640,ansA,anmK,0.0,0.0,0.0,0.0,0.5,-1.140254335396662e-09,0.87699721442697,0.87699721442697,0.87699721442697,0.0,0.0,False,B,0.0,0.0,0.0,0.0,1,
b1767,b0115,ansA,aceF,0.0,569.3957161878707,569.3957161878707,0.0,0.9999999999999982,-1.1158099999519777e-09,0.87699721442697,0.8581964695522434,0.8581964695522434,0.0,0.0,False,X,0.0,0.0,0.0,0.0,1,
b1767,b3630,ansA,waaP,0.0,0.0,0.0,0.0,0.5,-1.140254335396662e-09,0.87699721442697,0.87699721442697,0.87699721442697,0.0,0.0,False,B,0.0,0.0,0.0,0.0,1,
b1767,b4394,ansA,yjjX,0.0,0.0,0.0,0.0,0.5,-1.140254335396662e-09,0.87699721442697,0.87699721442697,0.87699721442697,0.0,0.0,False,B,0.0,0.0,0.0,0.0,2,
b1767,b2146,ansA,preT,0.0,0.0,0.0,0.0,0.5,-1.140254335396662e-09,0.87699721442697,0.87699721442697,0.87699721442697,0.0,0.0,False,B,0.0,0.0,0.0,0.0,1,
b1767,b0832,ansA,gsiD,0.0,0.0,0.0,0.0,0.5,-1.140254335396662e-09,0.87699721442697,0.8769972144269701,0.8769972144269701,0.0,0.0,False,B,0.0,0.0,0.0,0.0,1,
b1767,b3396,ansA,mrcA,0.0,0.0,0.0,0.0,0.5,-1.140254335396662e-09,0.87699721442697,0.87699721442697,0.87699721442697,0.0,0.0,False,B,0.0,0.0,0.0,0.0,0,
b1767,b0431,ansA,cyoB,0.0,7798.596633039896,7798.596633039896,0.0,0.9999999999999999,-1.011038586185009e-09,0.87699721442697,0.7776142830847725,0.7776142830847725,0.0,0.0,False,X,0.0,7798.596633039896,7798.596633039896,0.0,1,
b1767,b2288,ansA,nuoA,0.0,3294.285861140926,3294.285861140926,0.0,0.9999999999999998,-9.86372761246912e-10,0.87699721442697,0.7586431920374903,0.7586431920374903,0.0,0.0,False,X,0.0,3294.285861140926,3294.285861140926,0.0,3,
b1767,b2280,ansA,nuoJ,0.0,3294.285861140926,3294.285861140926,0.0,0.9999999999999998,-9.86372761246912e-10,0.87699721442697,0.7586431920374903,0.7586431920374903,0.0,0.0,False,X,0.0,3294.285861140926,3294.285861140926,0.0,3,
b1767,b2286,ansA,nuoC,0.0,3294.285861140926,3294.285861140926,0.0,0.9999999999999998,-9.86372761246912e-10,0.87699721442697,0.7586431920374903,0.7586431920374903,0.0,0.0,False,X,0.0,3294.285861140926,3294.285861140926,0.0,3,
b1767,b0681,ansA,chiP,0.0,0.0,0.0,0.0,0.5,-1.140254335396662e-09,0.87699721442697,0.87699721442697,0.87699721442697,0.0,0.0,False,B,0.0,0.0,0.0,0.0,0,
b1767,b1473,ansA,yddG,0.0,0.0,0.0,0.0,0.5,-1.140254335396662e-09,0.87699721442697,0.8769972144269699,0.8769972144269699,0.0,0.0,False,B,0.0,0.0,0.0,0.0,3,
b1767,b0401,ansA,brnQ,0.0,0.0,0.0,0.0,0.5,-1.140254335396662e-09,0.87699721442697,0.8769972144269699,0.8769972144269699,0.0,0.0,False,B,0.0,0.0,0.0,0.0,3,
b1767,b2842,ansA,kduD,0.0,0.0,0.0,0.0,0.5,-1.140254335396662e-09,0.87699721442697,0.87699721442697,0.87699721442697,0.0,0.0,False,B,0.0,0.0,0.0,0.0,0,
b1767,b4101,ansA,phnG,0.0,0.0,0.0,0.0,0.5,-1.140254335396662e-09,0.87699721442697,0.87699721442697,0.87699721442697,0.0,0.0,False,B,0.0,0.0,0.0,0.0,1,
b1767,b2682,ansA,ygaZ,0.0,0.0,0.0,0.0,0.5,-1.140254335396662e-09,0.87699721442697,0.87699721442697,0.87699721442697,0.0,0.0,False,B,0.0,0.0,0.0,0.0,0,
b0674,b3744,asnB,asnA,0.0,0.0,18414.90254234401,18414.90254234401,9207451271172006.0,-1.000000002280509,0.8769972144269701,0.87699721442697,-0.0,0.0,0.0,True,ISO,0.0,0.0,18414.90254234401,18414.90254234401,2,
b1748,b2662,astC,gabT,0.0,0.0,0.0,0.0,0.5,-1.140254335396662e-09,0.8769972144269698,0.87699721442697,0.8769972144269698,0.0,0.0,False,ISO,0.0,0.0,0.0,0.0,1,
b1748,b3359,astC,argD,0.0,0.0,0.0,0.0,0.5,-1.140254335396662e-09,0.8769972144269698,0.87699721442697,0.8769972144269698,0.0,0.0,False,ISO,0.0,0.0,0.0,0.0,1,
b1704,b2601,aroH,aroF,0.0,0.0,0.0,0.0,0.5,-1.140254335396662e-09,0.87699721442697,0.87699721442697,0.87699721442697,0.0,0.0,False,ISO,0.0,0.0,0.0,0.0,0,
b2601,b0347,aroF,mhpA,0.0,0.0,0.0,0.0,0.5,-1.140254335396662e-09,0.87699721442697,0.87699721442697,0.87699721442697,0.0,0.0,False,B,0.0,0.0,0.0,0.0,2,
b2601,b1656,aroF,sodB,0.0,0.0,0.0,0.0,0.5,-1.140254335396662e-09,0.87699721442697,0.87699721442697,0.87699721442697,0.0,0.0,False,B,0.0,0.0,0.0,0.0,0,
b2601,b1465,aroF,narV,0.0,0.0,0.0,0.0,0.5,-1.140254335396662e-09,0.87699721442697,0.87699721442697,0.87699721442697,0.0,0.0,False,B,0.0,0.0,0.0,0.0,0,
b2601,b2429,aroF,murP,0.0,0.0,0.0,0.0,0.5,-1.140254335396662e-09,0.87699721442697,0.87699721442697,0.87699721442697,0.0,0.0,False,B,0.0,0.0,0.0,0.0,2,
b2601,b0861,aroF,artM,0.0,0.0,0.0,0.0,0.5,-1.140254335396662e-09,0.87699721442697,0.87699721442697,0.87699721442697,0.0,0.0,False,B,0.0,0.0,0.0,0.0,0,
b2601,b3738,aroF,atpB,0.0,19586.667612014615,19586.667612014615,0.0,0.9999999999999998,-3.704641038382306e-10,0.87699721442697,0.2849329232733675,0.2849329232733675,0.0,0.0,False,X,0.0,19586.667612014615,19586.667612014615,0.0,1,
b2601,b0341,aroF,cynX,0.0,0.0,0.0,0.0,0.5,-1.140254335396662e-09,0.87699721442697,0.87699721442697,0.87699721442697,0.0,0.0,False,B,0.0,0.0,0.0,0.0,1,
b2601,b0934,aroF,ssuC,0.0,0.0,0.0,0.0,0.5,-1.140254335396662e-09,0.87699721442697,0.87699721442697,0.87699721442697,0.0,0.0,False,B,0.0,0.0,0.0,0.0,3,
b2601,b1296,aroF,puuP,0.0,0.0,0.0,0.0,0.5,-1.140254335396662e-09,0.87699721442697,0.87699721442697,0.87699721442697,0.0,0.0,False,B,0.0,0.0,0.0,0.0,0,
b2601,b3626,aroF,waaJ,0.0,0.0,0.0,0.0,0.5,-1.140254335396662e-09,0.87699721442697,0.87699721442697,0.87699721442697,0.0,0.0,False,B,0.0,0.0,0.0,0.0,1,
b2601,b2871,aroF,ygeX,0.0,0.0,0.0,0.0,0.5,-1.140254335396662e-09,0.87699721442697,0.87699721442697,0.87699721442697,0.0,0.0,False,B,0.0,0.0,0.0,0.0,1,
b2601,b3915,aroF,fieF,0.0,0.0,0.0,0.0,0.5,-1.140254335396662e-09,0.87699721442697,0.8769972144269703,0.8769972144269703,0.0,0.0,False,B,0.0,0.0,0.0,0.0,2,
b2601,b1857,aroF,znuA,0.0,0.0,0.0,0.0,0.5,-1.140254335396662e-09,0.87699721442697,0.8769972144269703,0.8769972144269703,0.0,0.0,False,B,0.0,0.0,0.0,0.0,1,
b2601,b0696,aroF,kdpC,0.0,0.0,0.0,0.0,0.5,-1.140254335396662e-09,0.87699721442697,0.8769972144269703,0.8769972144269703,0.0,0.0,False,B,0.0,0.0,0.0,0.0,1,
b2601,b1186,aroF,nhaB,0.0,0.0,0.0,0.0,0.5,-1.140254335396662e-09,0.87699721442697,0.8769972144269705,0.8769972144269705,0.0,0.0,False,B,0.0,0.0,0.0,0.0,1,
b2601,b3371,aroF,frlB,0.0,0.0,0.0,0.0,0.5,-1.140254335396662e-09,0.87699721442697,0.87699721442697,0.87699721442697,0.0,0.0,False,B,0.0,0.0,0.0,0.0,1,
b2601,b3748,aroF,rbsD,0.0,0.0,0.0,0.0,0.5,-1.140254335396662e-09,0.87699721442697,0.87699721442697,0.87699721442697,0.0,0.0,False,B,0.0,0.0,0.0,0.0,0,
b2601,b2482,aroF,hyfB,0.0,0.0,0.0,0.0,0.5,-1.140254335396662e-09,0.87699721442697,0.87699721442697,0.87699721442697,0.0,0.0,False,B,0.0,0.0,0.0,0.0,0,
b2601,b1640,aroF,anmK,0.0,0.0,0.0,0.0,0.5,-1.140254335396662e-09,0.87699721442697,0.87699721442697,0.87699721442697,0.0,0.0,False,B,0.0,0.0,0.0,0.0,1,
b2601,b3630,aroF,waaP,0.0,0.0,0.0,0.0,0.5,-1.140254335396662e-09,0.87699721442697,0.87699721442697,0.87699721442697,0.0,0.0,False,B,0.0,0.0,0.0,0.0,1,
b2601,b4394,aroF,yjjX,0.0,0.0,0.0,0.0,0.5,-1.140254335396662e-09,0.87699721442697,0.87699721442697,0.87699721442697,0.0,0.0,False,B,0.0,0.0,0.0,0.0,2,
b2601,b2146,aroF,preT,0.0,0.0,0.0,0.0,0.5,-1.140254335396662e-09,0.87699721442697,0.87699721442697,0.87699721442697,0.0,0.0,False,B,0.0,0.0,0.0,0.0,1,
b2601,b0832,aroF,gsiD,0.0,0.0,0.0,0.0,0.5,-1.140254335396662e-09,0.87699721442697,0.8769972144269701,0.8769972144269701,0.0,0.0,False,B,0.0,0.0,0.0,0.0,1,
b2601,b3396,aroF,mrcA,0.0,0.0,0.0,0.0,0.5,-1.140254335396662e-09,0.87699721442697,0.87699721442697,0.87699721442697,0.0,0.0,False,B,0.0,0.0,0.0,0.0,0,
b2601,b2282,aroF,nuoH,0.0,3294.285861140926,3294.285861140926,0.0,0.9999999999999998,-9.86372761246912e-10,0.87699721442697,0.7586431920374903,0.7586431920374903,0.0,0.0,False,X,0.0,3294.285861140926,3294.285861140926,0.0,3,
b2601,b2278,aroF,nuoL,0.0,3294.285861140926,3294.285861140926,0.0,0.9999999999999998,-9.86372761246912e-10,0.87699721442697,0.7586431920374903,0.7586431920374903,0.0,0.0,False,X,0.0,3294.285861140926,3294.285861140926,0.0,3,
b2601,b2279,aroF,nuoK,0.0,3294.285861140926,3294.285861140926,0.0,0.9999999999999998,-9.86372761246912e-10,0.87699721442697,0.7586431920374903,0.7586431920374903,0.0,0.0,False,X,0.0,3294.285861140926,3294.285861140926,0.0,3,
b2601,b0681,aroF,chiP,0.0,0.0,0.0,0.0,0.5,-1.140254335396662e-09,0.87699721442697,0.87699721442697,0.87699721442697,0.0,0.0,False,B,0.0,0.0,0.0,0.0,0,
b2601,b1473,aroF,yddG,0.0,0.0,0.0,0.0,0.5,-1.140254335396662e-09,0.87699721442697,0.8769972144269699,0.8769972144269699,0.0,0.0,False,B,0.0,0.0,0.0,0.0,3,
b2601,b0401,aroF,brnQ,0.0,0.0,0.0,0.0,0.5,-1.140254335396662e-09,0.87699721442697,0.8769972144269699,0.8769972144269699,0.0,0.0,False,B,0.0,0.0,0.0,0.0,3,
b2601,b2842,aroF,kduD,0.0,0.0,0.0,0.0,0.5,-1.140254335396662e-09,0.87699721442697,0.87699721442697,0.87699721442697,0.0,0.0,False,B,0.0,0.0,0.0,0.0,0,
b2601,b4101,aroF,phnG,0.0,0.0,0.0,0.0,0.5,-1.140254335396662e-09,0.87699721442697,0.87699721442697,0.87699721442697,0.0,0.0,False,B,0.0,0.0,0.0,0.0,1,
b2601,b2682,aroF,ygaZ,0.0,0.0,0.0,0.0,0.5,-1.140254335396662e-09,0.87699721442697,0.87699721442697,0.87699721442697,0.0,0.0,False,B,0.0,0.0,0.0,0.0,0,
b0754,b1704,aroG,aroH,0.0,0.0,0.0,0.0,0.5,-1.140254335396662e-09,0.87699721442697,0.87699721442697,0.87699721442697,0.0,0.0,False,ISO,0.0,0.0,0.0,0.0,0,
b0754,b2601,aroG,aroF,0.0,0.0,0.0,0.0,0.5,-1.140254335396662e-09,0.87699721442697,0.87699721442697,0.87699721442697,0.0,0.0,False,ISO,0.0,0.0,0.0,0.0,0,
b2976,b4014,glcB,aceB,0.0,0.0,0.0,0.0,0.5,-1.1402536692628473e-09,0.87699721442697,0.87699721442697,0.8769972144269705,0.0,0.0,False,ISO,0.0,0.0,0.0,0.0,1,
b3034,b3397,nudF,nudE,0.0,0.0,0.0,0.0,0.5,-1.1402541133520572e-09,0.87699721442697,0.87699721442697,0.8769972144269701,0.0,0.0,False,ISO,0.0,0.0,0.0,0.0,1,
b2738,b2800,ygbL,fucA,0.0,0.0,0.0,0.0,0.5,-1.140254335396662e-09,0.87699721442697,0.87699721442697,0.87699721442697,0.0,0.0,False,ISO,0.0,0.0,0.0,0.0,1,
b0335,b4069,prpE,acs,0.0,0.0,0.0,0.0,0.5,-1.1402538913074522e-09,0.87699721442697,0.8769972144269701,0.8769972144269705,0.0,0.0,False,ISO,0.0,0.0,0.0,0.0,2,
b0347,b1779,mhpA,gapA,0.0,3084.5992339759005,3084.5992339759005,0.0,0.9999999999999997,-9.874124851094734e-10,0.87699721442697,0.7594428152438919,0.7594428152438919,0.0,0.0,False,X,0.0,3084.5992339759005,3084.5992339759005,0.0,3,
b0347,b1656,mhpA,sodB,0.0,0.0,0.0,0.0,0.5,-1.140254335396662e-09,0.87699721442697,0.87699721442697,0.87699721442697,0.0,0.0,False,B,0.0,0.0,0.0,0.0,2,
b0347,b1465,mhpA,narV,0.0,0.0,0.0,0.0,0.5,-1.140254335396662e-09,0.87699721442697,0.87699721442697,0.87699721442697,0.0,0.0,False,B,0.0,0.0,0.0,0.0,2,
b0347,b2429,mhpA,murP,0.0,0.0,0.0,0.0,0.5,-1.140254335396662e-09,0.87699721442697,0.87699721442697,0.87699721442697,0.0,0.0,False,B,0.0,0.0,0.0,0.0,4,
b0347,b0861,mhpA,artM,0.0,0.0,0.0,0.0,0.5,-1.140254335396662e-09,0.87699721442697,0.87699721442697,0.87699721442697,0.0,0.0,False,B,0.0,0.0,0.0,0.0,2,
b0347,b3737,mhpA,atpE,0.0,19586.667612014615,19586.667612014615,0.0,0.9999999999999998,-3.704641038382306e-10,0.87699721442697,0.2849329232733675,0.2849329232733675,0.0,0.0,False,X,0.0,19586.667612014615,19586.667612014615,0.0,3,
b0347,b3738,mhpA,atpB,0.0,19586.667612014615,19586.667612014615,0.0,0.9999999999999998,-3.704641038382306e-10,0.87699721442697,0.2849329232733675,0.2849329232733675,0.0,0.0,False,X,0.0,19586.667612014615,19586.667612014615,0.0,3,
b0347,b0341,mhpA,cynX,0.0,0.0,0.0,0.0,0.5,-1.140254335396662e-09,0.87699721442697,0.87699721442697,0.87699721442697,0.0,0.0,False,B,0.0,0.0,0.0,0.0,3,
b0347,b0934,mhpA,ssuC,0.0,0.0,0.0,0.0,0.5,-1.140254335396662e-09,0.87699721442697,0.87699721442697,0.87699721442697,0.0,0.0,False,B,0.0,0.0,0.0,0.0,5,
b0347,b1296,mhpA,puuP,0.0,0.0,0.0,0.0,0.5,-1.140254335396662e-09,0.87699721442697,0.87699721442697,0.87699721442697,0.0,0.0,False,B,0.0,0.0,0.0,0.0,2,
b0347,b3626,mhpA,waaJ,0.0,0.0,0.0,0.0,0.5,-1.140254335396662e-09,0.87699721442697,0.87699721442697,0.87699721442697,0.0,0.0,False,B,0.0,0.0,0.0,0.0,3,
b0347,b2871,mhpA,ygeX,0.0,0.0,0.0,0.0,0.5,-1.140254335396662e-09,0.87699721442697,0.87699721442697,0.87699721442697,0.0,0.0,False,B,0.0,0.0,0.0,0.0,3,
b0347,b3915,mhpA,fieF,0.0,0.0,0.0,0.0,0.5,-1.140254335396662e-09,0.87699721442697,0.8769972144269703,0.8769972144269703,0.0,0.0,False,B,0.0,0.0,0.0,0.0,4,
b0347,b1857,mhpA,znuA,0.0,0.0,0.0,0.0,0.5,-1.140254335396662e-09,0.87699721442697,0.8769972144269703,0.8769972144269703,0.0,0.0,False,B,0.0,0.0,0.0,0.0,3,
b0347,b0696,mhpA,kdpC,0.0,0.0,0.0,0.0,0.5,-1.140254335396662e-09,0.87699721442697,0.8769972144269703,0.8769972144269703,0.0,0.0,False,B,0.0,0.0,0.0,0.0,3,
b0347,b1186,mhpA,nhaB,0.0,0.0,0.0,0.0,0.5,-1.140254335396662e-09,0.87699721442697,0.8769972144269705,0.8769972144269705,0.0,0.0,False,B,0.0,0.0,0.0,0.0,3,
b0347,b3371,mhpA,frlB,0.0,0.0,0.0,0.0,0.5,-1.140254335396662e-09,0.87699721442697,0.87699721442697,0.87699721442697,0.0,0.0,False,B,0.0,0.0,0.0,0.0,3,
b0347,b3748,mhpA,rbsD,0.0,0.0,0.0,0.0,0.5,-1.140254335396662e-09,0.87699721442697,0.87699721442697,0.87699721442697,0.0,0.0,False,B,0.0,0.0,0.0,0.0,2,
b0347,b2482,mhpA,hyfB,0.0,0.0,0.0,0.0,0.5,-1.140254335396662e-09,0.87699721442697,0.87699721442697,0.87699721442697,0.0,0.0,False,B,0.0,0.0,0.0,0.0,2,
b0347,b1640,mhpA,anmK,0.0,0.0,0.0,0.0,0.5,-1.140254335396662e-09,0.87699721442697,0.87699721442697,0.87699721442697,0.0,0.0,False,B,0.0,0.0,0.0,0.0,3,
b0347,b3630,mhpA,waaP,0.0,0.0,0.0,0.0,0.5,-1.140254335396662e-09,0.87699721442697,0.87699721442697,0.87699721442697,0.0,0.0,False,B,0.0,0.0,0.0,0.0,3,
b0347,b4394,mhpA,yjjX,0.0,0.0,0.0,0.0,0.5,-1.140254335396662e-09,0.87699721442697,0.87699721442697,0.87699721442697,0.0,0.0,False,B,0.0,0.0,0.0,0.0,4,
b0347,b2146,mhpA,preT,0.0,0.0,0.0,0.0,0.5,-1.140254335396662e-09,0.87699721442697,0.87699721442697,0.87699721442697,0.0,0.0,False,B,0.0,0.0,0.0,0.0,3,
b0347,b0832,mhpA,gsiD,0.0,0.0,0.0,0.0,0.5,-1.140254335396662e-09,0.87699721442697,0.8769972144269701,0.8769972144269701,0.0,0.0,False,B,0.0,0.0,0.0,0.0,3,
b0347,b3396,mhpA,mrcA,0.0,0.0,0.0,0.0,0.5,-1.140254335396662e-09,0.87699721442697,0.87699721442697,0.87699721442697,0.0,0.0,False,B,0.0,0.0,0.0,0.0,2,
b0347,b0429,mhpA,cyoD,0.0,7798.596633039896,7798.596633039896,0.0,0.9999999999999999,-1.011038586185009e-09,0.87699721442697,0.7776142830847725,0.7776142830847725,0.0,0.0,False,X,0.0,7798.596633039896,7798.596633039896,0.0,3,
b0347,b0431,mhpA,cyoB,0.0,7798.596633039896,7798.596633039896,0.0,0.9999999999999999,-1.011038586185009e-09,0.87699721442697,0.7776142830847725,0.7776142830847725,0.0,0.0,False,X,0.0,7798.596633039896,7798.596633039896,0.0,3,
b0347,b2282,mhpA,nuoH,0.0,3294.285861140926,3294.285861140926,0.0,0.9999999999999998,-9.86372761246912e-10,0.87699721442697,0.7586431920374903,0.7586431920374903,0.0,0.0,False,X,0.0,3294.285861140926,3294.285861140926,0.0,5,
b0347,b2286,mhpA,nuoC,0.0,3294.285861140926,3294.285861140926,0.0,0.9999999999999998,-9.86372761246912e-10,0.87699721442697,0.7586431920374903,0.7586431920374903,0.0,0.0,False,X,0.0,3294.285861140926,3294.285861140926,0.0,5,
b0347,b0681,mhpA,chiP,0.0,0.0,0.0,0.0,0.5,-1.140254335396662e-09,0.87699721442697,0.87699721442697,0.87699721442697,0.0,0.0,False,B,0.0,0.0,0.0,0.0,2,
b0347,b1473,mhpA,yddG,0.0,0.0,0.0,0.0,0.5,-1.140254335396662e-09,0.87699721442697,0.8769972144269699,0.8769972144269699,0.0,0.0,False,B,0.0,0.0,0.0,0.0,5,
b0347,b0401,mhpA,brnQ,0.0,0.0,0.0,0.0,0.5,-1.140254335396662e-09,0.87699721442697,0.8769972144269699,0.8769972144269699,0.0,0.0,False,B,0.0,0.0,0.0,0.0,5,
b0347,b2842,mhpA,kduD,0.0,0.0,0.0,0.0,0.5,-1.140254335396662e-09,0.87699721442697,0.87699721442697,0.87699721442697,0.0,0.0,False,B,0.0,0.0,0.0,0.0,2,
b0347,b4101,mhpA,phnG,0.0,0.0,0.0,0.0,0.5,-1.140254335396662e-09,0.87699721442697,0.87699721442697,0.87699721442697,0.0,0.0,False,B,0.0,0.0,0.0,0.0,3,
b0347,b2682,mhpA,ygaZ,0.0,0.0,0.0,0.0,0.5,-1.140254335396662e-09,0.87699721442697,0.87699721442697,0.87699721442697,0.0,0.0,False,B,0.0,0.0,0.0,0.0,2,
b0726,b1779,sucA,gapA,205.2302357589819,3084.5992339759005,4464.474262816836,1174.644793081954,1.3570533986299944,0.008498545383391676,0.863370356164474,0.7594428152438919,0.7550957288339838,0.05660377358490566,0.9200913242009132,False,A,0.0,3084.5992339759005,4464.474262816836,1379.8750288409356,2,;Alanine and Aspartate Metabolism;Alternate Carbon Metabolism
b0726,b3734,sucA,atpA,205.2302357589819,19586.667612014615,19586.66761201465,-205.23023575894695,0.9896305934207297,0.005048262318712804,0.863370356164474,0.2849329232733675,0.2849329232733695,0.03125,0.8893805309734514,False,A,0.0,19586.667612014615,19586.66761201465,3.637978807091713e-11,2,;Alanine and Aspartate Metabolism;Alternate Carbon Metabolism
b0726,b3735,sucA,atpH,205.2302357589819,19586.667612014615,19586.66761201465,-205.23023575894695,0.9896305934207297,0.005048262318712804,0.863370356164474,0.2849329232733675,0.2849329232733695,0.03125,0.8893805309734514,False,A,0.0,19586.667612014615,19586.66761201465,3.637978807091713e-11,2,;Alanine and Aspartate Metabolism;Alternate Carbon Metabolism
b0726,b3736,sucA,atpF,205.2302357589819,19586.667612014615,19586.66761201465,-205.23023575894695,0.9896305934207297,0.005048262318712804,0.863370356164474,0.2849329232733675,0.2849329232733695,0.03125,0.8893805309734514,False,A,0.0,19586.667612014615,19586.66761201465,3.637978807091713e-11,2,;Alanine and Aspartate Metabolism;Alternate Carbon Metabolism
b0726,b3737,sucA,atpE,205.2302357589819,19586.667612014615,19586.66761201465,-205.23023575894695,0.9896305934207297,0.005048262318712804,0.863370356164474,0.2849329232733675,0.2849329232733695,0.03125,0.8893805309734514,False,A,0.0,19586.667612014615,19586.66761201465,3.637978807091713e-11,2,;Alanine and Aspartate Metabolism;Alternate Carbon Metabolism
b0726,b3731,sucA,atpC,205.2302357589819,19586.667612014615,19586.66761201465,-205.23023575894695,0.9896305934207297,0.005048262318712804,0.863370356164474,0.2849329232733675,0.2849329232733695,0.03125,0.8893805309734514,False,A,0.0,19586.667612014615,19586.66761201465,3.637978807091713e-11,2,;Alanine and Aspartate Metabolism;Alternate Carbon Metabolism
b0726,b3732,sucA,atpD,205.2302357589819,19586.667612014615,19586.66761201465,-205.23023575894695,0.9896305934207297,0.005048262318712804,0.863370356164474,0.2849329232733675,0.2849329232733695,0.03125,0.8893805309734514,False,A,0.0,19586.667612014615,19586.66761201465,3.637978807091713e-11,2,;Alanine and Aspartate Metabolism;Alternate Carbon Metabolism
b0726,b3733,sucA,atpG,205.2302357589819,19586.667612014615,19586.66761201465,-205.23023575894695,0.9896305934207297,0.005048262318712804,0.863370356164474,0.2849329232733675,0.2849329232733695,0.03125,0.8893805309734514,False,A,0.0,19586.667612014615,19586.66761201465,3.637978807091713e-11,2,;Alanine and Aspartate Metabolism;Alternate Carbon Metabolism
b0726,b3738,sucA,atpB,205.2302357589819,19586.667612014615,19586.66761201465,-205.23023575894695,0.9896305934207297,0.005048262318712804,0.863370356164474,0.2849329232733675,0.2849329232733695,0.03125,0.8893805309734514,False,A,0.0,19586.667612014615,19586.66761201465,3.637978807091713e-11,2,;Alanine and Aspartate Metabolism;Alternate Carbon Metabolism
b0726,b0934,sucA,ssuC,205.2302357589819,0.0,205.2302357589819,0.0,0.9999999999999951,-1.122536952280484e-09,0.863370356164474,0.87699721442697,0.863370356164474,0.0,0.0,False,X,0.0,0.0,0.0,0.0,4,
b0726,b3626,sucA,waaJ,205.2302357589819,0.0,205.2302357582554,-7.265157364599872e-10,0.9999999999964552,-1.1225447238416564e-09,0.863370356164474,0.87699721442697,0.8633703561644672,0.0,0.0,False,X,0.0,0.0,0.0,0.0,2,
b0726,b0115,sucA,aceF,205.2302357589819,569.3957161878707,1759.7069680478917,985.081016101039,2.2716860487636,-0.0043006525405597795,0.863370356164474,0.8581964695522434,0.8410900795524799,0.23076923076923078,0.9805352798053528,False,A,0.0,0.0,0.0,0.0,2,;Alanine and Aspartate Metabolism;Alternate Carbon Metabolism
b0726,b0114,sucA,aceE,205.2302357589819,569.3957161878707,1759.7069680478917,985.081016101039,2.2716860487636,-0.0043006525405597795,0.863370356164474,0.8581964695522434,0.8410900795524799,0.23076923076923078,0.9805352798053528,False,A,0.0,0.0,0.0,0.0,2,;Alanine and Aspartate Metabolism;Alternate Carbon Metabolism
b0726,b3919,sucA,tpiA,205.2302357589819,871.9980214793411,2390.0467829707213,1312.8185257323983,2.2187004164725974,0.009560897708487337,0.863370356164474,0.8422625567901132,0.8375602902237043,0.075,0.9437939110070258,False,A,0.0,0.0,0.0,0.0,2,;Alanine and Aspartate Metabolism;Alternate Carbon Metabolism
b0726,b3630,sucA,waaP,205.2302357589819,0.0,205.2302357582554,-7.265157364599872e-10,0.9999999999964552,-1.1225447238416564e-09,0.863370356164474,0.87699721442697,0.8633703561644672,0.0,0.0,False,X,0.0,0.0,0.0,0.0,2,
b0726,b3396,sucA,mrcA,205.2302357589819,0.0,205.2302357589819,0.0,0.9999999999999951,-1.122536952280484e-09,0.863370356164474,0.87699721442697,0.863370356164474,0.0,0.0,False,X,0.0,0.0,0.0,0.0,1,
b0726,b0429,sucA,cyoD,205.2302357589819,7798.596633039896,8444.899996855278,441.0731280564005,1.0551077797266986,-0.018797339747749664,0.863370356164474,0.7776142830847725,0.7490464316646233,0.0,0.9593301435406698,False,A,0.0,7798.596633039896,8444.899996855278,646.303363815382,2,;Alanine and Aspartate Metabolism;Alternate Carbon Metabolism
b0726,b0432,sucA,cyoA,205.2302357589819,7798.596633039896,8444.899996855278,441.0731280564005,1.0551077797266986,-0.018797339747749664,0.863370356164474,0.7776142830847725,0.7490464316646233,0.0,0.9593301435406698,False,A,0.0,7798.596633039896,8444.899996855278,646.303363815382,2,;Alanine and Aspartate Metabolism;Alternate Carbon Metabolism
b0726,b0430,sucA,cyoC,205.2302357589819,7798.596633039896,8444.899996855278,441.0731280564005,1.0551077797266986,-0.018797339747749664,0.863370356164474,0.7776142830847725,0.7490464316646233,0.0,0.9593301435406698,False,A,0.0,7798.596633039896,8444.899996855278,646.303363815382,2,;Alanine and Aspartate Metabolism;Alternate Carbon Metabolism
b0726,b0431,sucA,cyoB,205.2302357589819,7798.596633039896,8444.899996855278,441.0731280564005,1.0551077797266986,-0.018797339747749664,0.863370356164474,0.7776142830847725,0.7490464316646233,0.0,0.9593301435406698,False,A,0.0,7798.596633039896,8444.899996855278,646.303363815382,2,;Alanine and Aspartate Metabolism;Alternate Carbon Metabolism
b0726,b0722,sucA,sdhD,205.2302357589819,3719.237820017231,3719.237820016752,-205.23023575946127,0.9477049544441075,0.01491476273348502,0.863370356164474,0.8418157926999568,0.8418157926999505,0.13953488372093023,0.9462616822429907,False,A,0.0,0.0,0.0,0.0,2,;Alanine and Aspartate Metabolism;Alternate Carbon Metabolism
b0726,b0723,sucA,sdhA,205.2302357589819,3719.237820017231,3719.237820016752,-205.23023575946127,0.9477049544441075,0.01491476273348502,0.863370356164474,0.8418157926999568,0.8418157926999505,0.13953488372093023,0.9462616822429907,False,A,0.0,0.0,0.0,0.0,2,;Alanine and Aspartate Metabolism;Alternate Carbon Metabolism
b0726,b0721,sucA,sdhC,205.2302357589819,3719.237820017231,3719.237820016752,-205.23023575946127,0.9477049544441075,0.01491476273348502,0.863370356164474,0.8418157926999568,0.8418157926999505,0.13953488372093023,0.9462616822429907,False,A,0.0,0.0,0.0,0.0,2,;Alanine and Aspartate Metabolism;Alternate Carbon Metabolism
b0726,b0724,sucA,sdhB,205.2302357589819,3719.237820017231,3719.237820016752,-205.23023575946127,0.9477049544441075,0.01491476273348502,0.863370356164474,0.8418157926999568,0.8418157926999505,0.13953488372093023,0.9462616822429907,False,A,0.0,0.0,0.0,0.0,2,;Alanine and Aspartate Metabolism;Alternate Carbon Metabolism
b0726,b2283,sucA,nuoG,205.2302357589819,3294.285861140926,4031.599292705993,532.0831958060849,1.1520447916434609,-0.012515456586177365,0.863370356164474,0.7586431920374903,0.7358793090706846,0.10714285714285714,0.9572446555819477,False,A,0.0,3294.285861140926,4031.599292705993,737.3134315650668,4,;Alanine and Aspartate Metabolism;Alternate Carbon Metabolism
b0726,b2282,sucA,nuoH,205.2302357589819,3294.285861140926,4031.599292705993,532.0831958060849,1.1520447916434609,-0.012515456586177365,0.863370356164474,0.7586431920374903,0.7358793090706846,0.10714285714285714,0.9572446555819477,False,A,0.0,3294.285861140926,4031.599292705993,737.3134315650668,4,;Alanine and Aspartate Metabolism;Alternate Carbon Metabolism
b0726,b2281,sucA,nuoI,205.2302357589819,3294.285861140926,4031.599292705993,532.0831958060849,1.1520447916434609,-0.012515456586177365,0.863370356164474,0.7586431920374903,0.7358793090706846,0.10714285714285714,0.9572446555819477,False,A,0.0,3294.285861140926,4031.599292705993,737.3134315650668,4,;Alanine and Aspartate Metabolism;Alternate Carbon Metabolism
b0726,b2288,sucA,nuoA,205.2302357589819,3294.285861140926,4031.599292705993,532.0831958060849,1.1520447916434609,-0.012515456586177365,0.863370356164474,0.7586431920374903,0.7358793090706846,0.10714285714285714,0.9572446555819477,False,A,0.0,3294.285861140926,4031.599292705993,737.3134315650668,4,;Alanine and Aspartate Metabolism;Alternate Carbon Metabolism
b0726,b2276,sucA,nuoN,205.2302357589819,3294.285861140926,4031.599292705993,532.0831958060849,1.1520447916434609,-0.012515456586177365,0.863370356164474,0.7586431920374903,0.7358793090706846,0.10714285714285714,0.9572446555819477,False,A,0.0,3294.285861140926,4031.599292705993,737.3134315650668,4,;Alanine and Aspartate Metabolism;Alternate Carbon Metabolism
b0726,b2277,sucA,nuoM,205.2302357589819,3294.285861140926,4031.599292705993,532.0831958060849,1.1520447916434609,-0.012515456586177365,0.863370356164474,0.7586431920374903,0.7358793090706846,0.10714285714285714,0.9572446555819477,False,A,0.0,3294.285861140926,4031.599292705993,737.3134315650668,4,;Alanine and Aspartate Metabolism;Alternate Carbon Metabolism
b0726,b2285,sucA,nuoE,205.2302357589819,3294.285861140926,4031.599292705993,532.0831958060849,1.1520447916434609,-0.012515456586177365,0.863370356164474,0.7586431920374903,0.7358793090706846,0.10714285714285714,0.9572446555819477,False,A,0.0,3294.285861140926,4031.599292705993,737.3134315650668,4,;Alanine and Aspartate Metabolism;Alternate Carbon Metabolism
b0726,b2284,sucA,nuoF,205.2302357589819,3294.285861140926,4031.599292705993,532.0831958060849,1.1520447916434609,-0.012515456586177365,0.863370356164474,0.7586431920374903,0.7358793090706846,0.10714285714285714,0.9572446555819477,False,A,0.0,3294.285861140926,4031.599292705993,737.3134315650668,4,;Alanine and Aspartate Metabolism;Alternate Carbon Metabolism
b0726,b2278,sucA,nuoL,205.2302357589819,3294.285861140926,4031.599292705993,532.0831958060849,1.1520447916434609,-0.012515456586177365,0.863370356164474,0.7586431920374903,0.7358793090706846,0.10714285714285714,0.9572446555819477,False,A,0.0,3294.285861140926,4031.599292705993,737.3134315650668,4,;Alanine and Aspartate Metabolism;Alternate Carbon Metabolism
b0726,b2279,sucA,nuoK,205.2302357589819,3294.285861140926,4031.599292705993,532.0831958060849,1.1520447916434609,-0.012515456586177365,0.863370356164474,0.7586431920374903,0.7358793090706846,0.10714285714285714,0.9572446555819477,False,A,0.0,3294.285861140926,4031.599292705993,737.3134315650668,4,;Alanine and Aspartate Metabolism;Alternate Carbon Metabolism
b0726,b2280,sucA,nuoJ,205.2302357589819,3294.285861140926,4031.599292705993,532.0831958060849,1.1520447916434609,-0.012515456586177365,0.863370356164474,0.7586431920374903,0.7358793090706846,0.10714285714285714,0.9572446555819477,False,A,0.0,3294.285861140926,4031.599292705993,737.3134315650668,4,;Alanine and Aspartate Metabolism;Alternate Carbon Metabolism
b0726,b2287,sucA,nuoB,205.2302357589819,3294.285861140926,4031.599292705993,532.0831958060849,1.1520447916434609,-0.012515456586177365,0.863370356164474,0.7586431920374903,0.7358793090706846,0.10714285714285714,0.9572446555819477,False,A,0.0,3294.285861140926,4031.599292705993,737.3134315650668,4,;Alanine and Aspartate Metabolism;Alternate Carbon Metabolism
b0726,b2286,sucA,nuoC,205.2302357589819,3294.285861140926,4031.599292705993,532.0831958060849,1.1520447916434609,-0.012515456586177365,0.863370356164474,0.7586431920374903,0.7358793090706846,0.10714285714285714,0.9572446555819477,False,A,0.0,3294.285861140926,4031.599292705993,737.3134315650668,4,;Alanine and Aspartate Metabolism;Alternate Carbon Metabolism
b0726,b4101,sucA,phnG,205.2302357589819,0.0,205.2302357589819,0.0,0.9999999999999951,-1.122536952280484e-09,0.863370356164474,0.87699721442697,0.863370356164474,0.0,0.0,False,X,0.0,0.0,0.0,0.0,2,
b2414,b2421,cysK,cysM,0.0,0.0,18414.902542344003,18414.902542344003,9207451271172002.0,-1.0000000022805087,0.87699721442697,0.87699721442697,-0.0,0.0,0.0,True,ISO,0.0,0.0,18414.902542344003,18414.902542344003,1,
b0002,b4024,thrA,lysC,0.0,0.0,0.0,0.0,0.5,-1.140254335396662e-09,0.87699721442697,0.87699721442697,0.87699721442697,0.0,0.0,False,ISO,0.0,0.0,0.0,0.0,0,
b0002,b3940,thrA,metL,0.0,0.0,18414.902542344003,18414.902542344003,9207451271172002.0,-1.0000000022805087,0.87699721442697,0.87699721442697,-0.0,0.0,0.0,True,ISO,0.0,0.0,18414.902542344003,18414.902542344003,1,
b3940,b4024,metL,lysC,0.0,0.0,0.0,0.0,0.5,-1.140254335396662e-09,0.87699721442697,0.87699721442697,0.87699721442697,0.0,0.0,False,ISO,0.0,0.0,0.0,0.0,0,
b0651,b2162,rihA,rihB,0.0,0.0,0.0,0.0,0.5,-1.140254335396662e-09,0.87699721442697,0.87699721442697,0.87699721442697,0.0,0.0,False,ISO,0.0,0.0,0.0,0.0,0,
b1779,b1656,gapA,sodB,3084.5992339759005,0.0,3084.5992339759005,0.0,0.9999999999999997,-9.874124851094734e-10,0.7594428152438919,0.87699721442697,0.7594428152438919,0.0,0.0,False,X,3084.5992339759005,0.0,3084.5992339759005,0.0,1,
b1779,b3734,gapA,atpA,3084.5992339759005,19586.667612014615,25153.73723947938,2482.470393488864,1.109498530027134,-0.2501740603403409,0.7594428152438919,0.2849329232733675,0.027338010822500043,0.05263157894736842,0.8699360341151386,False,A,3084.5992339759005,19586.667612014615,25153.73723947938,2482.470393488864,2,;Alanine and Aspartate Metabolism;Alternate Carbon Metabolism
b1779,b3735,gapA,atpH,3084.5992339759005,19586.667612014615,25153.73723947938,2482.470393488864,1.109498530027134,-0.2501740603403409,0.7594428152438919,0.2849329232733675,0.027338010822500043,0.05263157894736842,0.8699360341151386,False,A,3084.5992339759005,19586.667612014615,25153.73723947938,2482.470393488864,2,;Alanine and Aspartate Metabolism;Alternate Carbon Metabolism
b1779,b3736,gapA,atpF,3084.5992339759005,19586.667612014615,25153.73723947938,2482.470393488864,1.109498530027134,-0.2501740603403409,0.7594428152438919,0.2849329232733675,0.027338010822500043,0.05263157894736842,0.8699360341151386,False,A,3084.5992339759005,19586.667612014615,25153.73723947938,2482.470393488864,2,;Alanine and Aspartate Metabolism;Alternate Carbon Metabolism
b1779,b3737,gapA,atpE,3084.5992339759005,19586.667612014615,25153.73723947938,2482.470393488864,1.109498530027134,-0.2501740603403409,0.7594428152438919,0.2849329232733675,0.027338010822500043,0.05263157894736842,0.8699360341151386,False,A,3084.5992339759005,19586.667612014615,25153.73723947938,2482.470393488864,2,;Alanine and Aspartate Metabolism;Alternate Carbon Metabolism
b1779,b3731,gapA,atpC,3084.5992339759005,19586.667612014615,25153.73723947938,2482.470393488864,1.109498530027134,-0.2501740603403409,0.7594428152438919,0.2849329232733675,0.027338010822500043,0.05263157894736842,0.8699360341151386,False,A,3084.5992339759005,19586.667612014615,25153.73723947938,2482.470393488864,2,;Alanine and Aspartate Metabolism;Alternate Carbon Metabolism
b1779,b3732,gapA,atpD,3084.5992339759005,19586.667612014615,25153.73723947938,2482.470393488864,1.109498530027134,-0.2501740603403409,0.7594428152438919,0.2849329232733675,0.027338010822500043,0.05263157894736842,0.8699360341151386,False,A,3084.5992339759005,19586.667612014615,25153.73723947938,2482.470393488864,2,;Alanine and Aspartate Metabolism;Alternate Carbon Metabolism
b1779,b3733,gapA,atpG,3084.5992339759005,19586.667612014615,25153.73723947938,2482.470393488864,1.109498530027134,-0.2501740603403409,0.7594428152438919,0.2849329232733675,0.027338010822500043,0.05263157894736842,0.8699360341151386,False,A,3084.5992339759005,19586.667612014615,25153.73723947938,2482.470393488864,2,;Alanine and Aspartate Metabolism;Alternate Carbon Metabolism
b1779,b3738,gapA,atpB,3084.5992339759005,19586.667612014615,25153.73723947938,2482.470393488864,1.109498530027134,-0.2501740603403409,0.7594428152438919,0.2849329232733675,0.027338010822500043,0.05263157894736842,0.8699360341151386,False,A,3084.5992339759005,19586.667612014615,25153.73723947938,2482.470393488864,2,;Alanine and Aspartate Metabolism;Alternate Carbon Metabolism
b1779,b0341,gapA,cynX,3084.5992339759005,0.0,3084.5992339759005,0.0,0.9999999999999997,-9.874124851094734e-10,0.7594428152438919,0.87699721442697,0.7594428152438919,0.0,0.0,False,X,3084.5992339759005,0.0,3084.5992339759005,0.0,2,
b1779,b3915,gapA,fieF,3084.5992339759005,0.0,3084.59923397582,-8.049028110690415e-11,0.9999999999999736,-9.874122630648685e-10,0.7594428152438919,0.8769972144269703,0.7594428152438923,0.0,0.0,False,X,3084.5992339759005,0.0,3084.59923397582,-8.049028110690415e-11,3,
b1779,b2927,gapA,epd,3084.5992339759005,0.0,3084.664173056545,0.06493908064476273,1.000021052680014,-1.625153500772747e-06,0.7594428152438919,0.87699721442697,0.7594413908547584,0.0,0.0,False,ISO,3084.5992339759005,0.0,3084.664173056545,0.06493908064476273,2,
b1779,b0115,gapA,aceF,3084.5992339759005,569.3957161878707,6178.999122819761,2525.0041726559903,1.691025632792081,-0.0052802468049029105,0.7594428152438919,0.8581964695522434,0.7385313976099697,0.02040816326530612,0.9285714285714286,False,A,3084.5992339759005,0.0,6178.999122819761,3094.399888843861,2,;Alanine and Aspartate Metabolism;Alternate Carbon Metabolism
b1779,b0114,gapA,aceE,3084.5992339759005,569.3957161878707,6178.999122819761,2525.0041726559903,1.691025632792081,-0.0052802468049029105,0.7594428152438919,0.8581964695522434,0.7385313976099697,0.02040816326530612,0.9285714285714286,False,A,3084.5992339759005,0.0,6178.999122819761,3094.399888843861,2,;Alanine and Aspartate Metabolism;Alternate Carbon Metabolism
b1779,b3919,gapA,tpiA,3084.5992339759005,871.9980214793411,4198.379151310874,241.781895855632,1.0611085435906495,0.03382419983905638,0.7594428152438919,0.8422625567901132,0.7590277879897622,0.6382978723404256,0.9745370370370371,False,A,3084.5992339759005,0.0,4198.379151310874,1113.779917334973,2,;Alanine and Aspartate Metabolism;Alternate Carbon Metabolism
b1779,b0429,gapA,cyoD,3084.5992339759005,7798.596633039896,12927.261028454384,2044.0651614385888,1.1878184667826874,-0.046533662218882776,0.7594428152438919,0.7776142830847725,0.6325714724942632,0.0,0.9311926605504587,False,A,3084.5992339759005,7798.596633039896,12927.261028454384,2044.0651614385888,2,;Alanine and Aspartate Metabolism;Alternate Carbon Metabolism
b1779,b0432,gapA,cyoA,3084.5992339759005,7798.596633039896,12927.261028454384,2044.0651614385888,1.1878184667826874,-0.046533662218882776,0.7594428152438919,0.7776142830847725,0.6325714724942632,0.0,0.9311926605504587,False,A,3084.5992339759005,7798.596633039896,12927.261028454384,2044.0651614385888,2,;Alanine and Aspartate Metabolism;Alternate Carbon Metabolism
b1779,b0430,gapA,cyoC,3084.5992339759005,7798.596633039896,12927.261028454384,2044.0651614385888,1.1878184667826874,-0.046533662218882776,0.7594428152438919,0.7776142830847725,0.6325714724942632,0.0,0.9311926605504587,False,A,3084.5992339759005,7798.596633039896,12927.261028454384,2044.0651614385888,2,;Alanine and Aspartate Metabolism;Alternate Carbon Metabolism
b1779,b0431,gapA,cyoB,3084.5992339759005,7798.596633039896,12927.261028454384,2044.0651614385888,1.1878184667826874,-0.046533662218882776,0.7594428152438919,0.7776142830847725,0.6325714724942632,0.0,0.9311926605504587,False,A,3084.5992339759005,7798.596633039896,12927.261028454384,2044.0651614385888,2,;Alanine and Aspartate Metabolism;Alternate Carbon Metabolism
b1779,b0722,gapA,sdhD,3084.5992339759005,3719.237820017231,8379.090362282248,1575.2533082891164,1.2315242554735508,0.01524245404271174,0.7594428152438919,0.8418157926999568,0.7423447697360392,0.5961538461538461,0.967816091954023,False,A,3084.5992339759005,0.0,8379.090362282248,5294.4911283063475,2,;Alanine and Aspartate Metabolism;Alternate Carbon Metabolism
b1779,b0723,gapA,sdhA,3084.5992339759005,3719.237820017231,8379.090362282248,1575.2533082891164,1.2315242554735508,0.01524245404271174,0.7594428152438919,0.8418157926999568,0.7423447697360392,0.5961538461538461,0.967816091954023,False,A,3084.5992339759005,0.0,8379.090362282248,5294.4911283063475,2,;Alanine and Aspartate Metabolism;Alternate Carbon Metabolism
b1779,b0721,gapA,sdhC,3084.5992339759005,3719.237820017231,8379.090362282248,1575.2533082891164,1.2315242554735508,0.01524245404271174,0.7594428152438919,0.8418157926999568,0.7423447697360392,0.5961538461538461,0.967816091954023,False,A,3084.5992339759005,0.0,8379.090362282248,5294.4911283063475,2,;Alanine and Aspartate Metabolism;Alternate Carbon Metabolism
b1779,b0724,gapA,sdhB,3084.5992339759005,3719.237820017231,8379.090362282248,1575.2533082891164,1.2315242554735508,0.01524245404271174,0.7594428152438919,0.8418157926999568,0.7423447697360392,0.5961538461538461,0.967816091954023,False,A,3084.5992339759005,0.0,8379.090362282248,5294.4911283063475,2,;Alanine and Aspartate Metabolism;Alternate Carbon Metabolism
b1779,b2283,gapA,nuoG,3084.5992339759005,3294.285861140926,8485.882405198066,2106.99731008124,1.330308083413227,-0.026445756052766112,0.7594428152438919,0.7586431920374903,0.6337603408167614,0.06557377049180328,0.929384965831435,False,A,3084.5992339759005,3294.285861140926,8485.882405198066,2106.99731008124,4,;Alanine and Aspartate Metabolism;Alternate Carbon Metabolism
b1779,b2282,gapA,nuoH,3084.5992339759005,3294.285861140926,8485.882405198066,2106.99731008124,1.330308083413227,-0.026445756052766112,0.7594428152438919,0.7586431920374903,0.6337603408167614,0.06557377049180328,0.929384965831435,False,A,3084.5992339759005,3294.285861140926,8485.882405198066,2106.99731008124,4,;Alanine and Aspartate Metabolism;Alternate Carbon Metabolism
b1779,b2281,gapA,nuoI,3084.5992339759005,3294.285861140926,8485.882405198066,2106.99731008124,1.330308083413227,-0.026445756052766112,0.7594428152438919,0.7586431920374903,0.6337603408167614,0.06557377049180328,0.929384965831435,False,A,3084.5992339759005,3294.285861140926,8485.882405198066,2106.99731008124,4,;Alanine and Aspartate Metabolism;Alternate Carbon Metabolism
b1779,b2288,gapA,nuoA,3084.5992339759005,3294.285861140926,8485.882405198066,2106.99731008124,1.330308083413227,-0.026445756052766112,0.7594428152438919,0.7586431920374903,0.6337603408167614,0.06557377049180328,0.929384965831435,False,A,3084.5992339759005,3294.285861140926,8485.882405198066,2106.99731008124,4,;Alanine and Aspartate Metabolism;Alternate Carbon Metabolism
b1779,b2276,gapA,nuoN,3084.5992339759005,3294.285861140926,8485.882405198066,2106.99731008124,1.330308083413227,-0.026445756052766112,0.7594428152438919,0.7586431920374903,0.6337603408167614,0.06557377049180328,0.929384965831435,False,A,3084.5992339759005,3294.285861140926,8485.882405198066,2106.99731008124,4,;Alanine and Aspartate Metabolism;Alternate Carbon Metabolism
b1779,b2277,gapA,nuoM,3084.5992339759005,3294.285861140926,8485.882405198066,2106.99731008124,1.330308083413227,-0.026445756052766112,0.7594428152438919,0.7586431920374903,0.6337603408167614,0.06557377049180328,0.929384965831435,False,A,3084.5992339759005,3294.285861140926,8485.882405198066,2106.99731008124,4,;Alanine and Aspartate Metabolism;Alternate Carbon Metabolism
b1779,b2285,gapA,nuoE,3084.5992339759005,3294.285861140926,8485.882405198066,2106.99731008124,1.330308083413227,-0.026445756052766112,0.7594428152438919,0.7586431920374903,0.6337603408167614,0.06557377049180328,0.929384965831435,False,A,3084.5992339759005,3294.285861140926,8485.882405198066,2106.99731008124,4,;Alanine and Aspartate Metabolism;Alternate Carbon Metabolism
b1779,b2284,gapA,nuoF,3084.5992339759005,3294.285861140926,8485.882405198066,2106.99731008124,1.330308083413227,-0.026445756052766112,0.7594428152438919,0.7586431920374903,0.6337603408167614,0.06557377049180328,0.929384965831435,False,A,3084.5992339759005,3294.285861140926,8485.882405198066,2106.99731008124,4,;Alanine and Aspartate Metabolism;Alternate Carbon Metabolism
b1779,b2278,gapA,nuoL,3084.5992339759005,3294.285861140926,8485.882405198066,2106.99731008124,1.330308083413227,-0.026445756052766112,0.7594428152438919,0.7586431920374903,0.6337603408167614,0.06557377049180328,0.929384965831435,False,A,3084.5992339759005,3294.285861140926,8485.882405198066,2106.99731008124,4,;Alanine and Aspartate Metabolism;Alternate Carbon Metabolism
b1779,b2279,gapA,nuoK,3084.5992339759005,3294.285861140926,8485.882405198066,2106.99731008124,1.330308083413227,-0.026445756052766112,0.7594428152438919,0.7586431920374903,0.6337603408167614,0.06557377049180328,0.929384965831435,False,A,3084.5992339759005,3294.285861140926,8485.882405198066,2106.99731008124,4,;Alanine and Aspartate Metabolism;Alternate Carbon Metabolism
b1779,b2280,gapA,nuoJ,3084.5992339759005,3294.285861140926,8485.882405198066,2106.99731008124,1.330308083413227,-0.026445756052766112,0.7594428152438919,0.7586431920374903,0.6337603408167614,0.06557377049180328,0.929384965831435,False,A,3084.5992339759005,3294.285861140926,8485.882405198066,2106.99731008124,4,;Alanine and Aspartate Metabolism;Alternate Carbon Metabolism
b1779,b2287,gapA,nuoB,3084.5992339759005,3294.285861140926,8485.882405198066,2106.99731008124,1.330308083413227,-0.026445756052766112,0.7594428152438919,0.7586431920374903,0.6337603408167614,0.06557377049180328,0.929384965831435,False,A,3084.5992339759005,3294.285861140926,8485.882405198066,2106.99731008124,4,;Alanine and Aspartate Metabolism;Alternate Carbon Metabolism
b1779,b2286,gapA,nuoC,3084.5992339759005,3294.285861140926,8485.882405198066,2106.99731008124,1.330308083413227,-0.026445756052766112,0.7594428152438919,0.7586431920374903,0.6337603408167614,0.06557377049180328,0.929384965831435,False,A,3084.5992339759005,3294.285861140926,8485.882405198066,2106.99731008124,4,;Alanine and Aspartate Metabolism;Alternate Carbon Metabolism
b1779,b2842,gapA,kduD,3084.5992339759005,0.0,3084.5992339759005,0.0,0.9999999999999997,-9.874124851094734e-10,0.7594428152438919,0.87699721442697,0.7594428152438919,0.0,0.0,False,X,3084.5992339759005,0.0,3084.5992339759005,0.0,1,
b1656,b3908,sodB,sodA,0.0,0.0,1.0685676386289026e-05,1.0685676386289026e-05,5342838.693144512,-4.588483473177973e-06,0.87699721442697,0.87699721442697,0.87699319133975,0.0,0.0,False,ISO,0.0,0.0,0.0,0.0,1,
b1656,b1465,sodB,narV,0.0,0.0,0.0,0.0,0.5,-1.140254335396662e-09,0.87699721442697,0.87699721442697,0.87699721442697,0.0,0.0,False,B,0.0,0.0,0.0,0.0,0,
b1656,b2429,sodB,murP,0.0,0.0,0.0,0.0,0.5,-1.140254335396662e-09,0.87699721442697,0.87699721442697,0.87699721442697,0.0,0.0,False,B,0.0,0.0,0.0,0.0,2,
b1656,b0861,sodB,artM,0.0,0.0,0.0,0.0,0.5,-1.140254335396662e-09,0.87699721442697,0.87699721442697,0.87699721442697,0.0,0.0,False,B,0.0,0.0,0.0,0.0,0,
b1656,b3737,sodB,atpE,0.0,19586.667612014615,19586.667612014615,0.0,0.9999999999999998,-3.704641038382306e-10,0.87699721442697,0.2849329232733675,0.2849329232733675,0.0,0.0,False,X,0.0,19586.667612014615,19586.667612014615,0.0,1,
b1656,b0341,sodB,cynX,0.0,0.0,0.0,0.0,0.5,-1.140254335396662e-09,0.87699721442697,0.87699721442697,0.87699721442697,0.0,0.0,False,B,0.0,0.0,0.0,0.0,1,
b1656,b0934,sodB,ssuC,0.0,0.0,0.0,0.0,0.5,-1.140254335396662e-09,0.87699721442697,0.87699721442697,0.87699721442697,0.0,0.0,False,B,0.0,0.0,0.0,0.0,3,
b1656,b1296,sodB,puuP,0.0,0.0,0.0,0.0,0.5,-1.140254335396662e-09,0.87699721442697,0.87699721442697,0.87699721442697,0.0,0.0,False,B,0.0,0.0,0.0,0.0,0,
b1656,b3626,sodB,waaJ,0.0,0.0,0.0,0.0,0.5,-1.140254335396662e-09,0.87699721442697,0.87699721442697,0.87699721442697,0.0,0.0,False,B,0.0,0.0,0.0,0.0,1,
b1656,b2871,sodB,ygeX,0.0,0.0,0.0,0.0,0.5,-1.140254335396662e-09,0.87699721442697,0.87699721442697,0.87699721442697,0.0,0.0,False,B,0.0,0.0,0.0,0.0,1,
b1656,b3915,sodB,fieF,0.0,0.0,0.0,0.0,0.5,-1.140254335396662e-09,0.87699721442697,0.8769972144269703,0.8769972144269703,0.0,0.0,False,B,0.0,0.0,0.0,0.0,2,
b1656,b1857,sodB,znuA,0.0,0.0,0.0,0.0,0.5,-1.140254335396662e-09,0.87699721442697,0.8769972144269703,0.8769972144269703,0.0,0.0,False,B,0.0,0.0,0.0,0.0,1,
b1656,b0696,sodB,kdpC,0.0,0.0,0.0,0.0,0.5,-1.140254335396662e-09,0.87699721442697,0.8769972144269703,0.8769972144269703,0.0,0.0,False,B,0.0,0.0,0.0,0.0,1,
b1656,b1186,sodB,nhaB,0.0,0.0,0.0,0.0,0.5,-1.140254335396662e-09,0.87699721442697,0.8769972144269705,0.8769972144269705,0.0,0.0,False,B,0.0,0.0,0.0,0.0,1,
b1656,b3371,sodB,frlB,0.0,0.0,0.0,0.0,0.5,-1.140254335396662e-09,0.87699721442697,0.87699721442697,0.87699721442697,0.0,0.0,False,B,0.0,0.0,0.0,0.0,1,
b1656,b3748,sodB,rbsD,0.0,0.0,0.0,0.0,0.5,-1.140254335396662e-09,0.87699721442697,0.87699721442697,0.87699721442697,0.0,0.0,False,B,0.0,0.0,0.0,0.0,0,
b1656,b2482,sodB,hyfB,0.0,0.0,0.0,0.0,0.5,-1.140254335396662e-09,0.87699721442697,0.87699721442697,0.87699721442697,0.0,0.0,False,B,0.0,0.0,0.0,0.0,0,
b1656,b1640,sodB,anmK,0.0,0.0,0.0,0.0,0.5,-1.140254335396662e-09,0.87699721442697,0.87699721442697,0.87699721442697,0.0,0.0,False,B,0.0,0.0,0.0,0.0,1,
b1656,b3630,sodB,waaP,0.0,0.0,0.0,0.0,0.5,-1.140254335396662e-09,0.87699721442697,0.87699721442697,0.87699721442697,0.0,0.0,False,B,0.0,0.0,0.0,0.0,1,
b1656,b4394,sodB,yjjX,0.0,0.0,0.0,0.0,0.5,-1.140254335396662e-09,0.87699721442697,0.87699721442697,0.87699721442697,0.0,0.0,False,B,0.0,0.0,0.0,0.0,2,
b1656,b2146,sodB,preT,0.0,0.0,0.0,0.0,0.5,-1.140254335396662e-09,0.87699721442697,0.87699721442697,0.87699721442697,0.0,0.0,False,B,0.0,0.0,0.0,0.0,1,
b1656,b0832,sodB,gsiD,0.0,0.0,0.0,0.0,0.5,-1.140254335396662e-09,0.87699721442697,0.8769972144269701,0.8769972144269701,0.0,0.0,False,B,0.0,0.0,0.0,0.0,1,
b1656,b3396,sodB,mrcA,0.0,0.0,0.0,0.0,0.5,-1.140254335396662e-09,0.87699721442697,0.87699721442697,0.87699721442697,0.0,0.0,False,B,0.0,0.0,0.0,0.0,0,
b1656,b0681,sodB,chiP,0.0,0.0,0.0,0.0,0.5,-1.140254335396662e-09,0.87699721442697,0.87699721442697,0.87699721442697,0.0,0.0,False,B,0.0,0.0,0.0,0.0,0,
b1656,b1473,sodB,yddG,0.0,0.0,0.0,0.0,0.5,-1.140254335396662e-09,0.87699721442697,0.8769972144269699,0.8769972144269699,0.0,0.0,False,B,0.0,0.0,0.0,0.0,3,
b1656,b0401,sodB,brnQ,0.0,0.0,0.0,0.0,0.5,-1.140254335396662e-09,0.87699721442697,0.8769972144269699,0.8769972144269699,0.0,0.0,False,B,0.0,0.0,0.0,0.0,3,
b1656,b2842,sodB,kduD,0.0,0.0,0.0,0.0,0.5,-1.140254335396662e-09,0.87699721442697,0.87699721442697,0.87699721442697,0.0,0.0,False,B,0.0,0.0,0.0,0.0,0,
b1656,b4101,sodB,phnG,0.0,0.0,0.0,0.0,0.5,-1.140254335396662e-09,0.87699721442697,0.87699721442697,0.87699721442697,0.0,0.0,False,B,0.0,0.0,0.0,0.0,1,
b1656,b2682,sodB,ygaZ,0.0,0.0,0.0,0.0,0.5,-1.140254335396662e-09,0.87699721442697,0.87699721442697,0.87699721442697,0.0,0.0,False,B,0.0,0.0,0.0,0.0,0,
b1759,b2781,nudG,mazG,0.0,0.0,0.0,0.0,0.5,-1.1402541133520572e-09,0.87699721442697,0.87699721442697,0.8769972144269701,0.0,0.0,False,ISO,0.0,0.0,0.0,0.0,1,
b1759,b2251,nudG,nudI,0.0,0.0,0.0,0.0,0.5,-1.140254335396662e-09,0.87699721442697,0.87699721442697,0.87699721442697,0.0,0.0,False,ISO,0.0,0.0,0.0,0.0,0,
b2251,b2781,nudI,mazG,0.0,0.0,0.0,0.0,0.5,-1.140254335396662e-09,0.87699721442697,0.87699721442697,0.87699721442697,0.0,0.0,False,ISO,0.0,0.0,0.0,0.0,0,
b2251,b3248,nudI,yhdE,0.0,0.0,0.0,0.0,0.5,-1.140254335396662e-09,0.87699721442697,0.87699721442697,0.87699721442697,0.0,0.0,False,ISO,0.0,0.0,0.0,0.0,0,
b2251,b3640,nudI,dut,0.0,0.0,0.00895199895199662,0.00895199895199662,4475999476.49831,-1.140254557441267e-09,0.87699721442697,0.87699721442697,0.8769972144269698,0.0,0.0,False,ISO,0.0,0.0,0.0,0.0,1,
b0905,b2781,ycaO,mazG,0.0,0.0,0.0,0.0,0.5,-1.140254335396662e-09,0.87699721442697,0.87699721442697,0.87699721442697,0.0,0.0,False,ISO,0.0,0.0,0.0,0.0,1,
b2668,b3425,ygaP,glpE,0.0,0.0,0.0,0.0,0.5,-1.140254335396662e-09,0.87699721442697,0.87699721442697,0.87699721442697,0.0,0.0,False,ISO,0.0,0.0,0.0,0.0,0,
b2521,b3425,sseA,glpE,0.0,0.0,0.0,0.0,0.5,-1.140254335396662e-09,0.87699721442697,0.87699721442697,0.87699721442697,0.0,0.0,False,ISO,0.0,0.0,0.0,0.0,1,
b2521,b2668,sseA,ygaP,0.0,0.0,0.0,0.0,0.5,-1.140254335396662e-09,0.87699721442697,0.87699721442697,0.87699721442697,0.0,0.0,False,ISO,0.0,0.0,0.0,0.0,1,
b0485,b1524,ybaS,yneH,0.0,0.0,0.0,0.0,0.5,-1.1402541133520572e-09,0.87699721442697,0.87699721442697,0.8769972144269701,0.0,0.0,False,ISO,0.0,0.0,0.0,0.0,1,
b0273,b4254,argF,argI,0.0,0.0,18414.902542344014,18414.902542344014,9207451271172008.0,-1.0000000022805087,0.87699721442697,0.87699721442697,-0.0,0.0,0.0,True,ISO,0.0,0.0,18414.902542344014,18414.902542344014,1,
b3590,b4173,selB,hflX,0.0,0.0,0.0,0.0,0.5,-1.140254335396662e-09,0.87699721442697,0.87699721442697,0.87699721442697,0.0,0.0,False,ISO,0.0,0.0,0.0,0.0,0,
b3590,b4352,selB,yjiA,0.0,0.0,0.0,0.0,0.5,-1.140254335396662e-09,0.87699721442697,0.87699721442697,0.87699721442697,0.0,0.0,False,ISO,0.0,0.0,0.0,0.0,0,
b3590,b4161,selB,rsgA,0.0,0.0,0.0,0.0,0.5,-1.140254335396662e-09,0.87699721442697,0.8769972144269701,0.8769972144269701,0.0,0.0,False,ISO,0.0,0.0,0.0,0.0,1,
b2173,b3590,yeiR,selB,0.0,0.0,0.0,0.0,0.5,-1.140254335396662e-09,0.87699721442697,0.87699721442697,0.87699721442697,0.0,0.0,False,ISO,0.0,0.0,0.0,0.0,0,
b2173,b2918,yeiR,argK,0.0,0.0,0.0,0.0,0.5,-1.140254335396662e-09,0.87699721442697,0.87699721442697,0.87699721442697,0.0,0.0,False,ISO,0.0,0.0,0.0,0.0,0,
b2173,b2727,yeiR,hypB,0.0,0.0,0.0,0.0,0.5,-1.140254335396662e-09,0.87699721442697,0.87699721442697,0.87699721442697,0.0,0.0,False,ISO,0.0,0.0,0.0,0.0,0,
b2173,b4173,yeiR,hflX,0.0,0.0,0.0,0.0,0.5,-1.140254335396662e-09,0.87699721442697,0.87699721442697,0.87699721442697,0.0,0.0,False,ISO,0.0,0.0,0.0,0.0,0,
b2173,b4352,yeiR,yjiA,0.0,0.0,0.0,0.0,0.5,-1.140254335396662e-09,0.87699721442697,0.87699721442697,0.87699721442697,0.0,0.0,False,ISO,0.0,0.0,0.0,0.0,0,
b2173,b4161,yeiR,rsgA,0.0,0.0,0.0,0.0,0.5,-1.140254335396662e-09,0.87699721442697,0.8769972144269701,0.8769972144269701,0.0,0.0,False,ISO,0.0,0.0,0.0,0.0,1,
b2918,b3590,argK,selB,0.0,0.0,0.0,0.0,0.5,-1.140254335396662e-09,0.87699721442697,0.87699721442697,0.87699721442697,0.0,0.0,False,ISO,0.0,0.0,0.0,0.0,0,
b2918,b4173,argK,hflX,0.0,0.0,0.0,0.0,0.5,-1.140254335396662e-09,0.87699721442697,0.87699721442697,0.87699721442697,0.0,0.0,False,ISO,0.0,0.0,0.0,0.0,0,
b2918,b4352,argK,yjiA,0.0,0.0,0.0,0.0,0.5,-1.140254335396662e-09,0.87699721442697,0.87699721442697,0.87699721442697,0.0,0.0,False,ISO,0.0,0.0,0.0,0.0,0,
b2918,b4161,argK,rsgA,0.0,0.0,0.0,0.0,0.5,-1.140254335396662e-09,0.87699721442697,0.8769972144269701,0.8769972144269701,0.0,0.0,False,ISO,0.0,0.0,0.0,0.0,1,
b2727,b3590,hypB,selB,0.0,0.0,0.0,0.0,0.5,-1.140254335396662e-09,0.87699721442697,0.87699721442697,0.87699721442697,0.0,0.0,False,ISO,0.0,0.0,0.0,0.0,0,
b2727,b2918,hypB,argK,0.0,0.0,0.0,0.0,0.5,-1.140254335396662e-09,0.87699721442697,0.87699721442697,0.87699721442697,0.0,0.0,False,ISO,0.0,0.0,0.0,0.0,0,
b2727,b4173,hypB,hflX,0.0,0.0,0.0,0.0,0.5,-1.140254335396662e-09,0.87699721442697,0.87699721442697,0.87699721442697,0.0,0.0,False,ISO,0.0,0.0,0.0,0.0,0,
b2727,b4352,hypB,yjiA,0.0,0.0,0.0,0.0,0.5,-1.140254335396662e-09,0.87699721442697,0.87699721442697,0.87699721442697,0.0,0.0,False,ISO,0.0,0.0,0.0,0.0,0,
b2727,b4161,hypB,rsgA,0.0,0.0,0.0,0.0,0.5,-1.140254335396662e-09,0.87699721442697,0.8769972144269701,0.8769972144269701,0.0,0.0,False,ISO,0.0,0.0,0.0,0.0,1,
b4173,b4352,hflX,yjiA,0.0,0.0,0.0,0.0,0.5,-1.140254335396662e-09,0.87699721442697,0.87699721442697,0.87699721442697,0.0,0.0,False,ISO,0.0,0.0,0.0,0.0,0,
b4161,b4173,rsgA,hflX,0.0,0.0,0.0,0.0,0.5,-1.140254335396662e-09,0.8769972144269701,0.87699721442697,0.8769972144269701,0.0,0.0,False,ISO,0.0,0.0,0.0,0.0,1,
b4161,b4352,rsgA,yjiA,0.0,0.0,0.0,0.0,0.5,-1.140254335396662e-09,0.8769972144269701,0.87699721442697,0.8769972144269701,0.0,0.0,False,ISO,0.0,0.0,0.0,0.0,1,
b4161,b4394,rsgA,yjjX,0.0,0.0,0.0,0.0,0.5,-1.140254335396662e-09,0.8769972144269701,0.87699721442697,0.8769972144269701,0.0,0.0,False,ISO,0.0,0.0,0.0,0.0,4,
b1852,b2029,zwf,gnd,58.57163871265266,58.57163871265266,58.57163871265273,-58.571638712652586,0.5000000000000006,0.004087356618775795,0.8733978405117964,0.8733978405117964,0.8733978405117964,1.0,1.0,False,TGT,0.0,0.0,0.0,0.0,2,;Alanine and Aspartate Metabolism;Alternate Carbon Metabolism
b2787,b2788,gudD,gudX,0.0,0.0,0.0,0.0,0.5,-1.140254335396662e-09,0.87699721442697,0.87699721442697,0.87699721442697,0.0,0.0,False,ISO,0.0,0.0,0.0,0.0,1,
b1493,b3517,gadB,gadA,0.0,0.0,0.0,0.0,0.5,-1.1402536692628473e-09,0.87699721442697,0.87699721442697,0.8769972144269704,0.0,0.0,False,ISO,0.0,0.0,0.0,0.0,1,
b3551,b4219,bisC,msrA,0.0,0.0,0.0,0.0,0.5,-1.140254335396662e-09,0.87699721442697,0.87699721442697,0.87699721442697,0.0,0.0,False,ISO,0.0,0.0,0.0,0.0,3,
b1622,b3008,malY,metC,0.0,0.0,18414.902542344014,18414.902542344014,9207451271172008.0,-1.0000000022805087,0.87699721442697,0.87699721442697,-0.0,0.0,0.0,True,ISO,0.0,0.0,18414.902542344014,18414.902542344014,1,
b0241,b2215,phoE,ompC,0.0,0.0,0.0,0.0,0.5,-1.140254335396662e-09,0.87699721442697,0.87699721442697,0.87699721442697,0.0,0.0,False,ISO,0.0,0.0,0.0,0.0,0,
b0241,b0929,phoE,ompF,0.0,0.0,0.0,0.0,0.5,-1.140254335396662e-09,0.87699721442697,0.87699721442697,0.87699721442697,0.0,0.0,False,ISO,0.0,0.0,0.0,0.0,0,
b0241,b1377,phoE,ompN,0.0,0.0,0.0,0.0,0.5,-1.140254335396662e-09,0.87699721442697,0.87699721442697,0.87699721442697,0.0,0.0,False,ISO,0.0,0.0,0.0,0.0,0,
b0241,b1319,phoE,ompG,0.0,0.0,0.0,0.0,0.5,-1.140254335396662e-09,0.87699721442697,0.87699721442697,0.87699721442697,0.0,0.0,False,ISO,0.0,0.0,0.0,0.0,0,
b0241,b3875,phoE,ompL,0.0,0.0,0.0,0.0,0.5,-1.140254335396662e-09,0.87699721442697,0.87699721442697,0.87699721442697,0.0,0.0,False,ISO,0.0,0.0,0.0,0.0,2,
b0241,b0957,phoE,ompA,0.0,0.0,0.0,0.0,0.5,-1.140254335396662e-09,0.87699721442697,0.87699721442697,0.87699721442697,0.0,0.0,False,ISO,0.0,0.0,0.0,0.0,0,
b0241,b0681,phoE,chiP,0.0,0.0,0.0,0.0,0.5,-1.140254335396662e-09,0.87699721442697,0.87699721442697,0.87699721442697,0.0,0.0,False,ISO,0.0,0.0,0.0,0.0,0,
b2215,b3875,ompC,ompL,0.0,0.0,0.0,0.0,0.5,-1.140254335396662e-09,0.87699721442697,0.87699721442697,0.87699721442697,0.0,0.0,False,ISO,0.0,0.0,0.0,0.0,2,
b2215,b4311,ompC,nanC,0.0,0.0,0.0,0.0,0.5,-1.140254335396662e-09,0.87699721442697,0.87699721442697,0.87699721442697,0.0,0.0,False,ISO,0.0,0.0,0.0,0.0,0,
b0929,b2215,ompF,ompC,0.0,0.0,0.0,0.0,0.5,-1.140254335396662e-09,0.87699721442697,0.87699721442697,0.87699721442697,0.0,0.0,False,ISO,0.0,0.0,0.0,0.0,0,
b0929,b1377,ompF,ompN,0.0,0.0,0.0,0.0,0.5,-1.140254335396662e-09,0.87699721442697,0.87699721442697,0.87699721442697,0.0,0.0,False,ISO,0.0,0.0,0.0,0.0,0,
b0929,b1319,ompF,ompG,0.0,0.0,0.0,0.0,0.5,-1.140254335396662e-09,0.87699721442697,0.87699721442697,0.87699721442697,0.0,0.0,False,ISO,0.0,0.0,0.0,0.0,0,
b0929,b3875,ompF,ompL,0.0,0.0,0.0,0.0,0.5,-1.140254335396662e-09,0.87699721442697,0.87699721442697,0.87699721442697,0.0,0.0,False,ISO,0.0,0.0,0.0,0.0,2,
b0929,b0957,ompF,ompA,0.0,0.0,0.0,0.0,0.5,-1.140254335396662e-09,0.87699721442697,0.87699721442697,0.87699721442697,0.0,0.0,False,ISO,0.0,0.0,0.0,0.0,0,
b0929,b4311,ompF,nanC,0.0,0.0,0.0,0.0,0.5,-1.140254335396662e-09,0.87699721442697,0.87699721442697,0.87699721442697,0.0,0.0,False,ISO,0.0,0.0,0.0,0.0,0,
b1377,b2215,ompN,ompC,0.0,0.0,0.0,0.0,0.5,-1.140254335396662e-09,0.87699721442697,0.87699721442697,0.87699721442697,0.0,0.0,False,ISO,0.0,0.0,0.0,0.0,0,
b1377,b3875,ompN,ompL,0.0,0.0,0.0,0.0,0.5,-1.140254335396662e-09,0.87699721442697,0.87699721442697,0.87699721442697,0.0,0.0,False,ISO,0.0,0.0,0.0,0.0,2,
b1319,b2215,ompG,ompC,0.0,0.0,0.0,0.0,0.5,-1.140254335396662e-09,0.87699721442697,0.87699721442697,0.87699721442697,0.0,0.0,False,ISO,0.0,0.0,0.0,0.0,0,
b1319,b1377,ompG,ompN,0.0,0.0,0.0,0.0,0.5,-1.140254335396662e-09,0.87699721442697,0.87699721442697,0.87699721442697,0.0,0.0,False,ISO,0.0,0.0,0.0,0.0,0,
b1319,b3875,ompG,ompL,0.0,0.0,0.0,0.0,0.5,-1.140254335396662e-09,0.87699721442697,0.87699721442697,0.87699721442697,0.0,0.0,False,ISO,0.0,0.0,0.0,0.0,2,
b0957,b2215,ompA,ompC,0.0,0.0,0.0,0.0,0.5,-1.140254335396662e-09,0.87699721442697,0.87699721442697,0.87699721442697,0.0,0.0,False,ISO,0.0,0.0,0.0,0.0,0,
b0957,b1377,ompA,ompN,0.0,0.0,0.0,0.0,0.5,-1.140254335396662e-09,0.87699721442697,0.87699721442697,0.87699721442697,0.0,0.0,False,ISO,0.0,0.0,0.0,0.0,0,
b0957,b1319,ompA,ompG,0.0,0.0,0.0,0.0,0.5,-1.140254335396662e-09,0.87699721442697,0.87699721442697,0.87699721442697,0.0,0.0,False,ISO,0.0,0.0,0.0,0.0,0,
b0957,b3875,ompA,ompL,0.0,0.0,0.0,0.0,0.5,-1.140254335396662e-09,0.87699721442697,0.87699721442697,0.87699721442697,0.0,0.0,False,ISO,0.0,0.0,0.0,0.0,2,
b1701,b1805,fadK,fadD,0.0,0.0,0.0,0.0,0.5,-1.140254779485872e-09,0.87699721442697,0.87699721442697,0.8769972144269695,0.0,0.0,False,ISO,0.0,0.0,0.0,0.0,10,
b0383,b0480,phoA,ushA,0.0,0.0,0.0,0.0,0.5,-1.140254335396662e-09,0.87699721442697,0.87699721442697,0.87699721442697,0.0,0.0,False,ISO,0.0,0.0,0.0,0.0,7,
b0383,b4055,phoA,aphA,0.0,0.0,0.0,0.0,0.5,-1.140254335396662e-09,0.87699721442697,0.87699721442697,0.87699721442697,0.0,0.0,False,ISO,0.0,0.0,0.0,0.0,7,
b0383,b4213,phoA,cpdB,0.0,0.0,0.0,0.0,0.5,-1.140254335396662e-09,0.87699721442697,0.87699721442697,0.87699721442697,0.0,0.0,False,ISO,0.0,0.0,0.0,0.0,10,
b0383,b1002,phoA,agp,0.0,0.0,0.0,0.0,0.5,-1.140254335396662e-09,0.87699721442697,0.87699721442697,0.87699721442697,0.0,0.0,False,ISO,0.0,0.0,0.0,0.0,4,
b1224,b1468,narG,narZ,0.0,0.0,0.0,0.0,0.5,-1.140254335396662e-09,0.87699721442697,0.87699721442697,0.87699721442697,0.0,0.0,False,ISO,0.0,0.0,0.0,0.0,2,
b1224,b1466,narG,narW,0.0,0.0,0.0,0.0,0.5,-1.140254335396662e-09,0.87699721442697,0.87699721442697,0.87699721442697,0.0,0.0,False,ISO,0.0,0.0,0.0,0.0,2,
b1224,b1467,narG,narY,0.0,0.0,0.0,0.0,0.5,-1.140254335396662e-09,0.87699721442697,0.87699721442697,0.87699721442697,0.0,0.0,False,ISO,0.0,0.0,0.0,0.0,2,
b1224,b1465,narG,narV,0.0,0.0,0.0,0.0,0.5,-1.140254335396662e-09,0.87699721442697,0.87699721442697,0.87699721442697,0.0,0.0,False,ISO,0.0,0.0,0.0,0.0,2,
b1225,b1468,narH,narZ,0.0,0.0,0.0,0.0,0.5,-1.140254335396662e-09,0.87699721442697,0.87699721442697,0.87699721442697,0.0,0.0,False,ISO,0.0,0.0,0.0,0.0,2,
b1225,b1466,narH,narW,0.0,0.0,0.0,0.0,0.5,-1.140254335396662e-09,0.87699721442697,0.87699721442697,0.87699721442697,0.0,0.0,False,ISO,0.0,0.0,0.0,0.0,2,
b1225,b1467,narH,narY,0.0,0.0,0.0,0.0,0.5,-1.140254335396662e-09,0.87699721442697,0.87699721442697,0.87699721442697,0.0,0.0,False,ISO,0.0,0.0,0.0,0.0,2,
b1225,b1465,narH,narV,0.0,0.0,0.0,0.0,0.5,-1.140254335396662e-09,0.87699721442697,0.87699721442697,0.87699721442697,0.0,0.0,False,ISO,0.0,0.0,0.0,0.0,2,
b1226,b1468,narJ,narZ,0.0,0.0,0.0,0.0,0.5,-1.140254335396662e-09,0.87699721442697,0.87699721442697,0.87699721442697,0.0,0.0,False,ISO,0.0,0.0,0.0,0.0,2,
b1226,b1466,narJ,narW,0.0,0.0,0.0,0.0,0.5,-1.140254335396662e-09,0.87699721442697,0.87699721442697,0.87699721442697,0.0,0.0,False,ISO,0.0,0.0,0.0,0.0,2,
b1226,b1467,narJ,narY,0.0,0.0,0.0,0.0,0.5,-1.140254335396662e-09,0.87699721442697,0.87699721442697,0.87699721442697,0.0,0.0,False,ISO,0.0,0.0,0.0,0.0,2,
b1226,b1465,narJ,narV,0.0,0.0,0.0,0.0,0.5,-1.140254335396662e-09,0.87699721442697,0.87699721442697,0.87699721442697,0.0,0.0,False,ISO,0.0,0.0,0.0,0.0,2,
b1227,b1468,narI,narZ,0.0,0.0,0.0,0.0,0.5,-1.140254335396662e-09,0.87699721442697,0.87699721442697,0.87699721442697,0.0,0.0,False,ISO,0.0,0.0,0.0,0.0,2,
b1227,b1466,narI,narW,0.0,0.0,0.0,0.0,0.5,-1.140254335396662e-09,0.87699721442697,0.87699721442697,0.87699721442697,0.0,0.0,False,ISO,0.0,0.0,0.0,0.0,2,
b1227,b1467,narI,narY,0.0,0.0,0.0,0.0,0.5,-1.140254335396662e-09,0.87699721442697,0.87699721442697,0.87699721442697,0.0,0.0,False,ISO,0.0,0.0,0.0,0.0,2,
b1227,b1465,narI,narV,0.0,0.0,0.0,0.0,0.5,-1.140254335396662e-09,0.87699721442697,0.87699721442697,0.87699721442697,0.0,0.0,False,ISO,0.0,0.0,0.0,0.0,2,
b1465,b2429,narV,murP,0.0,0.0,0.0,0.0,0.5,-1.140254335396662e-09,0.87699721442697,0.87699721442697,0.87699721442697,0.0,0.0,False,B,0.0,0.0,0.0,0.0,2,
b1465,b0861,narV,artM,0.0,0.0,0.0,0.0,0.5,-1.140254335396662e-09,0.87699721442697,0.87699721442697,0.87699721442697,0.0,0.0,False,B,0.0,0.0,0.0,0.0,0,
b1465,b3736,narV,atpF,0.0,19586.667612014615,19586.667612014615,0.0,0.9999999999999998,-3.704641038382306e-10,0.87699721442697,0.2849329232733675,0.2849329232733675,0.0,0.0,False,X,0.0,19586.667612014615,19586.667612014615,0.0,1,
b1465,b3732,narV,atpD,0.0,19586.667612014615,19586.667612014615,0.0,0.9999999999999998,-3.704641038382306e-10,0.87699721442697,0.2849329232733675,0.2849329232733675,0.0,0.0,False,X,0.0,19586.667612014615,19586.667612014615,0.0,1,
b1465,b3738,narV,atpB,0.0,19586.667612014615,19586.667612014615,0.0,0.9999999999999998,-3.704641038382306e-10,0.87699721442697,0.2849329232733675,0.2849329232733675,0.0,0.0,False,X,0.0,19586.667612014615,19586.667612014615,0.0,1,
b1465,b0341,narV,cynX,0.0,0.0,0.0,0.0,0.5,-1.140254335396662e-09,0.87699721442697,0.87699721442697,0.87699721442697,0.0,0.0,False,B,0.0,0.0,0.0,0.0,1,
b1465,b0934,narV,ssuC,0.0,0.0,0.0,0.0,0.5,-1.140254335396662e-09,0.87699721442697,0.87699721442697,0.87699721442697,0.0,0.0,False,B,0.0,0.0,0.0,0.0,3,
b1465,b1296,narV,puuP,0.0,0.0,0.0,0.0,0.5,-1.140254335396662e-09,0.87699721442697,0.87699721442697,0.87699721442697,0.0,0.0,False,B,0.0,0.0,0.0,0.0,0,
b1465,b3626,narV,waaJ,0.0,0.0,0.0,0.0,0.5,-1.140254335396662e-09,0.87699721442697,0.87699721442697,0.87699721442697,0.0,0.0,False,B,0.0,0.0,0.0,0.0,1,
b1465,b2871,narV,ygeX,0.0,0.0,0.0,0.0,0.5,-1.140254335396662e-09,0.87699721442697,0.87699721442697,0.87699721442697,0.0,0.0,False,B,0.0,0.0,0.0,0.0,1,
b1465,b3915,narV,fieF,0.0,0.0,0.0,0.0,0.5,-1.140254335396662e-09,0.87699721442697,0.8769972144269703,0.8769972144269703,0.0,0.0,False,B,0.0,0.0,0.0,0.0,2,
b1465,b1857,narV,znuA,0.0,0.0,0.0,0.0,0.5,-1.140254335396662e-09,0.87699721442697,0.8769972144269703,0.8769972144269703,0.0,0.0,False,B,0.0,0.0,0.0,0.0,1,
b1465,b0696,narV,kdpC,0.0,0.0,0.0,0.0,0.5,-1.140254335396662e-09,0.87699721442697,0.8769972144269703,0.8769972144269703,0.0,0.0,False,B,0.0,0.0,0.0,0.0,1,
b1465,b1186,narV,nhaB,0.0,0.0,0.0,0.0,0.5,-1.140254335396662e-09,0.87699721442697,0.8769972144269705,0.8769972144269705,0.0,0.0,False,B,0.0,0.0,0.0,0.0,1,
b1465,b3371,narV,frlB,0.0,0.0,0.0,0.0,0.5,-1.140254335396662e-09,0.87699721442697,0.87699721442697,0.87699721442697,0.0,0.0,False,B,0.0,0.0,0.0,0.0,1,
b1465,b3748,narV,rbsD,0.0,0.0,0.0,0.0,0.5,-1.140254335396662e-09,0.87699721442697,0.87699721442697,0.87699721442697,0.0,0.0,False,B,0.0,0.0,0.0,0.0,0,
b1465,b2482,narV,hyfB,0.0,0.0,0.0,0.0,0.5,-1.140254335396662e-09,0.87699721442697,0.87699721442697,0.87699721442697,0.0,0.0,False,B,0.0,0.0,0.0,0.0,0,
b1465,b1640,narV,anmK,0.0,0.0,0.0,0.0,0.5,-1.140254335396662e-09,0.87699721442697,0.87699721442697,0.87699721442697,0.0,0.0,False,B,0.0,0.0,0.0,0.0,1,
b1465,b3919,narV,tpiA,0.0,871.9980214793411,871.9980214793411,0.0,0.9999999999999988,-1.0950930162678674e-09,0.87699721442697,0.8422625567901132,0.8422625567901132,0.0,0.0,False,X,0.0,0.0,0.0,0.0,1,
b1465,b3630,narV,waaP,0.0,0.0,0.0,0.0,0.5,-1.140254335396662e-09,0.87699721442697,0.87699721442697,0.87699721442697,0.0,0.0,False,B,0.0,0.0,0.0,0.0,1,
b1465,b4394,narV,yjjX,0.0,0.0,0.0,0.0,0.5,-1.140254335396662e-09,0.87699721442697,0.87699721442697,0.87699721442697,0.0,0.0,False,B,0.0,0.0,0.0,0.0,2,
b1465,b2146,narV,preT,0.0,0.0,0.0,0.0,0.5,-1.140254335396662e-09,0.87699721442697,0.87699721442697,0.87699721442697,0.0,0.0,False,B,0.0,0.0,0.0,0.0,1,
b1465,b0832,narV,gsiD,0.0,0.0,0.0,0.0,0.5,-1.140254335396662e-09,0.87699721442697,0.8769972144269701,0.8769972144269701,0.0,0.0,False,B,0.0,0.0,0.0,0.0,1,
b1465,b3396,narV,mrcA,0.0,0.0,0.0,0.0,0.5,-1.140254335396662e-09,0.87699721442697,0.87699721442697,0.87699721442697,0.0,0.0,False,B,0.0,0.0,0.0,0.0,0,
b1465,b0431,narV,cyoB,0.0,7798.596633039896,7798.596633039896,0.0,0.9999999999999999,-1.011038586185009e-09,0.87699721442697,0.7776142830847725,0.7776142830847725,0.0,0.0,False,X,0.0,7798.596633039896,7798.596633039896,0.0,1,
b1465,b0724,narV,sdhB,0.0,3719.237820017231,3719.237820017231,0.0,0.9999999999999998,-1.0945121475813835e-09,0.87699721442697,0.8418157926999568,0.8418157926999568,0.0,0.0,False,X,0.0,0.0,0.0,0.0,1,
b1465,b2285,narV,nuoE,0.0,3294.285861140926,3294.285861140926,0.0,0.9999999999999998,-9.86372761246912e-10,0.87699721442697,0.7586431920374903,0.7586431920374903,0.0,0.0,False,X,0.0,3294.285861140926,3294.285861140926,0.0,3,
b1465,b0681,narV,chiP,0.0,0.0,0.0,0.0,0.5,-1.140254335396662e-09,0.87699721442697,0.87699721442697,0.87699721442697,0.0,0.0,False,B,0.0,0.0,0.0,0.0,0,
b1465,b1473,narV,yddG,0.0,0.0,0.0,0.0,0.5,-1.140254335396662e-09,0.87699721442697,0.8769972144269699,0.8769972144269699,0.0,0.0,False,B,0.0,0.0,0.0,0.0,3,
b1465,b0401,narV,brnQ,0.0,0.0,0.0,0.0,0.5,-1.140254335396662e-09,0.87699721442697,0.8769972144269699,0.8769972144269699,0.0,0.0,False,B,0.0,0.0,0.0,0.0,3,
b1465,b2842,narV,kduD,0.0,0.0,0.0,0.0,0.5,-1.140254335396662e-09,0.87699721442697,0.87699721442697,0.87699721442697,0.0,0.0,False,B,0.0,0.0,0.0,0.0,0,
b1465,b4101,narV,phnG,0.0,0.0,0.0,0.0,0.5,-1.140254335396662e-09,0.87699721442697,0.87699721442697,0.87699721442697,0.0,0.0,False,B,0.0,0.0,0.0,0.0,1,
b1465,b2682,narV,ygaZ,0.0,0.0,0.0,0.0,0.5,-1.140254335396662e-09,0.87699721442697,0.87699721442697,0.87699721442697,0.0,0.0,False,B,0.0,0.0,0.0,0.0,0,
b0997,b1873,torA,torY,0.0,0.0,0.0,0.0,0.5,-1.140254335396662e-09,0.87699721442697,0.87699721442697,0.87699721442697,0.0,0.0,False,ISO,0.0,0.0,0.0,0.0,4,
b0997,b1872,torA,torZ,0.0,0.0,0.0,0.0,0.5,-1.140254335396662e-09,0.87699721442697,0.87699721442697,0.87699721442697,0.0,0.0,False,ISO,0.0,0.0,0.0,0.0,4,
b0996,b1873,torC,torY,0.0,0.0,0.0,0.0,0.5,-1.140254335396662e-09,0.87699721442697,0.87699721442697,0.87699721442697,0.0,0.0,False,ISO,0.0,0.0,0.0,0.0,4,
b0996,b1872,torC,torZ,0.0,0.0,0.0,0.0,0.5,-1.140254335396662e-09,0.87699721442697,0.87699721442697,0.87699721442697,0.0,0.0,False,ISO,0.0,0.0,0.0,0.0,4,
b2342,b3845,fadI,fadA,0.0,0.0,32.04701595076057,32.04701595076057,16023507975380.785,-0.008235995710794253,0.87699721442697,0.87699721442697,0.8697742701388067,0.0,0.0,False,ISO,0.0,0.0,0.0,0.0,7,
b0010,b3528,satP,dctA,0.0,0.0,0.0,0.0,0.5,-1.1402541133520572e-09,0.8769972144269701,0.8769972144269701,0.8769972144269705,0.0,0.0,False,ISO,0.0,0.0,0.0,0.0,7,
b4123,b4138,dcuB,dcuA,0.0,0.0,0.0,0.0,0.5,-1.1402541133520572e-09,0.87699721442697,0.87699721442697,0.8769972144269701,0.0,0.0,False,ISO,0.0,0.0,0.0,0.0,5,
b0621,b4123,dcuC,dcuB,0.0,0.0,0.0,0.0,0.5,-1.140254335396662e-09,0.87699721442697,0.87699721442697,0.87699721442697,0.0,0.0,False,ISO,0.0,0.0,0.0,0.0,2,
b0621,b4138,dcuC,dcuA,0.0,0.0,0.0,0.0,0.5,-1.140254335396662e-09,0.87699721442697,0.87699721442697,0.87699721442697,0.0,0.0,False,ISO,0.0,0.0,0.0,0.0,0,
b2429,b0861,murP,artM,0.0,0.0,0.0,0.0,0.5,-1.140254335396662e-09,0.87699721442697,0.87699721442697,0.87699721442697,0.0,0.0,False,B,0.0,0.0,0.0,0.0,2,
b2429,b3735,murP,atpH,0.0,19586.667612014615,19586.667612014615,0.0,0.9999999999999998,-3.704641038382306e-10,0.87699721442697,0.2849329232733675,0.2849329232733675,0.0,0.0,False,X,0.0,19586.667612014615,19586.667612014615,0.0,3,
b2429,b0341,murP,cynX,0.0,0.0,0.0,0.0,0.5,-1.140254335396662e-09,0.87699721442697,0.87699721442697,0.87699721442697,0.0,0.0,False,B,0.0,0.0,0.0,0.0,3,
b2429,b0934,murP,ssuC,0.0,0.0,0.0,0.0,0.5,-1.140254335396662e-09,0.87699721442697,0.87699721442697,0.87699721442697,0.0,0.0,False,B,0.0,0.0,0.0,0.0,5,
b2429,b1296,murP,puuP,0.0,0.0,0.0,0.0,0.5,-1.140254335396662e-09,0.87699721442697,0.87699721442697,0.87699721442697,0.0,0.0,False,B,0.0,0.0,0.0,0.0,2,
b2429,b3626,murP,waaJ,0.0,0.0,0.0,0.0,0.5,-1.140254335396662e-09,0.87699721442697,0.87699721442697,0.87699721442697,0.0,0.0,False,B,0.0,0.0,0.0,0.0,3,
b2429,b2871,murP,ygeX,0.0,0.0,0.0,0.0,0.5,-1.140254335396662e-09,0.87699721442697,0.87699721442697,0.87699721442697,0.0,0.0,False,B,0.0,0.0,0.0,0.0,3,
b2429,b3915,murP,fieF,0.0,0.0,0.0,0.0,0.5,-1.140254335396662e-09,0.87699721442697,0.8769972144269703,0.8769972144269703,0.0,0.0,False,B,0.0,0.0,0.0,0.0,4,
b2429,b1857,murP,znuA,0.0,0.0,0.0,0.0,0.5,-1.140254335396662e-09,0.87699721442697,0.8769972144269703,0.8769972144269703,0.0,0.0,False,B,0.0,0.0,0.0,0.0,3,
b2429,b0696,murP,kdpC,0.0,0.0,0.0,0.0,0.5,-1.140254335396662e-09,0.87699721442697,0.8769972144269703,0.8769972144269703,0.0,0.0,False,B,0.0,0.0,0.0,0.0,3,
b2429,b1186,murP,nhaB,0.0,0.0,0.0,0.0,0.5,-1.140254335396662e-09,0.87699721442697,0.8769972144269705,0.8769972144269705,0.0,0.0,False,B,0.0,0.0,0.0,0.0,3,
b2429,b3371,murP,frlB,0.0,0.0,0.0,0.0,0.5,-1.140254335396662e-09,0.87699721442697,0.87699721442697,0.87699721442697,0.0,0.0,False,B,0.0,0.0,0.0,0.0,3,
b2429,b3748,murP,rbsD,0.0,0.0,0.0,0.0,0.5,-1.140254335396662e-09,0.87699721442697,0.87699721442697,0.87699721442697,0.0,0.0,False,B,0.0,0.0,0.0,0.0,2,
b2429,b2482,murP,hyfB,0.0,0.0,0.0,0.0,0.5,-1.140254335396662e-09,0.87699721442697,0.87699721442697,0.87699721442697,0.0,0.0,False,B,0.0,0.0,0.0,0.0,2,
b2429,b1640,murP,anmK,0.0,0.0,0.0,0.0,0.5,-1.140254335396662e-09,0.87699721442697,0.87699721442697,0.87699721442697,0.0,0.0,False,B,0.0,0.0,0.0,0.0,3,
b2429,b3630,murP,waaP,0.0,0.0,0.0,0.0,0.5,-1.140254335396662e-09,0.87699721442697,0.87699721442697,0.87699721442697,0.0,0.0,False,B,0.0,0.0,0.0,0.0,3,
b2429,b4394,murP,yjjX,0.0,0.0,0.0,0.0,0.5,-1.140254335396662e-09,0.87699721442697,0.87699721442697,0.87699721442697,0.0,0.0,False,B,0.0,0.0,0.0,0.0,4,
b2429,b2146,murP,preT,0.0,0.0,0.0,0.0,0.5,-1.140254335396662e-09,0.87699721442697,0.87699721442697,0.87699721442697,0.0,0.0,False,B,0.0,0.0,0.0,0.0,3,
b2429,b0832,murP,gsiD,0.0,0.0,0.0,0.0,0.5,-1.140254335396662e-09,0.87699721442697,0.8769972144269701,0.8769972144269701,0.0,0.0,False,B,0.0,0.0,0.0,0.0,3,
b2429,b3396,murP,mrcA,0.0,0.0,0.0,0.0,0.5,-1.140254335396662e-09,0.87699721442697,0.87699721442697,0.87699721442697,0.0,0.0,False,B,0.0,0.0,0.0,0.0,2,
b2429,b0432,murP,cyoA,0.0,7798.596633039896,7798.596633039896,0.0,0.9999999999999999,-1.011038586185009e-09,0.87699721442697,0.7776142830847725,0.7776142830847725,0.0,0.0,False,X,0.0,7798.596633039896,7798.596633039896,0.0,3,
b2429,b2281,murP,nuoI,0.0,3294.285861140926,3294.285861140926,0.0,0.9999999999999998,-9.86372761246912e-10,0.87699721442697,0.7586431920374903,0.7586431920374903,0.0,0.0,False,X,0.0,3294.285861140926,3294.285861140926,0.0,5,
b2429,b2287,murP,nuoB,0.0,3294.285861140926,3294.285861140926,0.0,0.9999999999999998,-9.86372761246912e-10,0.87699721442697,0.7586431920374903,0.7586431920374903,0.0,0.0,False,X,0.0,3294.285861140926,3294.285861140926,0.0,5,
b2429,b0681,murP,chiP,0.0,0.0,0.0,0.0,0.5,-1.140254335396662e-09,0.87699721442697,0.87699721442697,0.87699721442697,0.0,0.0,False,B,0.0,0.0,0.0,0.0,2,
b2429,b1473,murP,yddG,0.0,0.0,0.0,0.0,0.5,-1.140254335396662e-09,0.87699721442697,0.8769972144269699,0.8769972144269699,0.0,0.0,False,B,0.0,0.0,0.0,0.0,5,
b2429,b0401,murP,brnQ,0.0,0.0,0.0,0.0,0.5,-1.140254335396662e-09,0.87699721442697,0.8769972144269699,0.8769972144269699,0.0,0.0,False,B,0.0,0.0,0.0,0.0,5,
b2429,b2842,murP,kduD,0.0,0.0,0.0,0.0,0.5,-1.140254335396662e-09,0.87699721442697,0.87699721442697,0.87699721442697,0.0,0.0,False,B,0.0,0.0,0.0,0.0,2,
b2429,b4101,murP,phnG,0.0,0.0,0.0,0.0,0.5,-1.140254335396662e-09,0.87699721442697,0.87699721442697,0.87699721442697,0.0,0.0,False,B,0.0,0.0,0.0,0.0,3,
b2429,b2682,murP,ygaZ,0.0,0.0,0.0,0.0,0.5,-1.140254335396662e-09,0.87699721442697,0.87699721442697,0.87699721442697,0.0,0.0,False,B,0.0,0.0,0.0,0.0,2,
b0764,b2423,modB,cysW,0.0,0.0,18414.902542343993,18414.902542343993,9207451271171996.0,-1.0000000022805087,0.87699721442697,0.87699721442697,-0.0,0.0,0.0,True,ISO,0.0,0.0,18414.902542343993,18414.902542343993,6,
b0764,b2422,modB,cysA,0.0,0.0,18414.902542343993,18414.902542343993,9207451271171996.0,-1.0000000022805087,0.87699721442697,0.87699721442697,-0.0,0.0,0.0,True,ISO,0.0,0.0,18414.902542343993,18414.902542343993,6,
b0764,b2425,modB,cysP,0.0,0.0,0.0,0.0,0.5,-1.140254335396662e-09,0.87699721442697,0.87699721442697,0.87699721442697,0.0,0.0,False,ISO,0.0,0.0,0.0,0.0,1,
b0764,b2424,modB,cysU,0.0,0.0,18414.902542343993,18414.902542343993,9207451271171996.0,-1.0000000022805087,0.87699721442697,0.87699721442697,-0.0,0.0,0.0,True,ISO,0.0,0.0,18414.902542343993,18414.902542343993,6,
b0764,b3917,modB,sbp,0.0,0.0,0.0,0.0,0.5,-1.140254335396662e-09,0.87699721442697,0.87699721442697,0.87699721442697,0.0,0.0,False,ISO,0.0,0.0,0.0,0.0,1,
b0765,b2423,modC,cysW,0.0,0.0,18414.902542343993,18414.902542343993,9207451271171996.0,-1.0000000022805087,0.87699721442697,0.87699721442697,-0.0,0.0,0.0,True,ISO,0.0,0.0,18414.902542343993,18414.902542343993,6,
b0765,b2422,modC,cysA,0.0,0.0,18414.902542343993,18414.902542343993,9207451271171996.0,-1.0000000022805087,0.87699721442697,0.87699721442697,-0.0,0.0,0.0,True,ISO,0.0,0.0,18414.902542343993,18414.902542343993,6,
b0765,b2425,modC,cysP,0.0,0.0,0.0,0.0,0.5,-1.140254335396662e-09,0.87699721442697,0.87699721442697,0.87699721442697,0.0,0.0,False,ISO,0.0,0.0,0.0,0.0,1,
b0765,b2424,modC,cysU,0.0,0.0,18414.902542343993,18414.902542343993,9207451271171996.0,-1.0000000022805087,0.87699721442697,0.87699721442697,-0.0,0.0,0.0,True,ISO,0.0,0.0,18414.902542343993,18414.902542343993,6,
b0765,b3917,modC,sbp,0.0,0.0,0.0,0.0,0.5,-1.140254335396662e-09,0.87699721442697,0.87699721442697,0.87699721442697,0.0,0.0,False,ISO,0.0,0.0,0.0,0.0,1,
b0763,b2423,modA,cysW,0.0,0.0,18414.902542343993,18414.902542343993,9207451271171996.0,-1.0000000022805087,0.87699721442697,0.87699721442697,-0.0,0.0,0.0,True,ISO,0.0,0.0,18414.902542343993,18414.902542343993,6,
b0763,b2422,modA,cysA,0.0,0.0,18414.902542343993,18414.902542343993,9207451271171996.0,-1.0000000022805087,0.87699721442697,0.87699721442697,-0.0,0.0,0.0,True,ISO,0.0,0.0,18414.902542343993,18414.902542343993,6,
b0763,b2425,modA,cysP,0.0,0.0,0.0,0.0,0.5,-1.140254335396662e-09,0.87699721442697,0.87699721442697,0.87699721442697,0.0,0.0,False,ISO,0.0,0.0,0.0,0.0,1,
b0763,b2424,modA,cysU,0.0,0.0,18414.902542343993,18414.902542343993,9207451271171996.0,-1.0000000022805087,0.87699721442697,0.87699721442697,-0.0,0.0,0.0,True,ISO,0.0,0.0,18414.902542343993,18414.902542343993,6,
b0763,b3917,modA,sbp,0.0,0.0,0.0,0.0,0.5,-1.140254335396662e-09,0.87699721442697,0.87699721442697,0.87699721442697,0.0,0.0,False,ISO,0.0,0.0,0.0,0.0,1,
b2425,b3917,cysP,sbp,0.0,0.0,0.0,0.0,0.5,-1.140254335396662e-09,0.87699721442697,0.87699721442697,0.87699721442697,0.0,0.0,False,ISO,0.0,0.0,0.0,0.0,3,
b0366,b0933,tauB,ssuB,0.0,0.0,0.0,0.0,0.5,-1.140254335396662e-09,0.87699721442697,0.87699721442697,0.87699721442697,0.0,0.0,False,ISO,0.0,0.0,0.0,0.0,6,
b0366,b0936,tauB,ssuA,0.0,0.0,0.0,0.0,0.5,-1.140254335396662e-09,0.87699721442697,0.87699721442697,0.87699721442697,0.0,0.0,False,ISO,0.0,0.0,0.0,0.0,6,
b0366,b0934,tauB,ssuC,0.0,0.0,0.0,0.0,0.5,-1.140254335396662e-09,0.87699721442697,0.87699721442697,0.87699721442697,0.0,0.0,False,ISO,0.0,0.0,0.0,0.0,6,
b0367,b0933,tauC,ssuB,0.0,0.0,0.0,0.0,0.5,-1.140254335396662e-09,0.87699721442697,0.87699721442697,0.87699721442697,0.0,0.0,False,ISO,0.0,0.0,0.0,0.0,6,
b0367,b0936,tauC,ssuA,0.0,0.0,0.0,0.0,0.5,-1.140254335396662e-09,0.87699721442697,0.87699721442697,0.87699721442697,0.0,0.0,False,ISO,0.0,0.0,0.0,0.0,6,
b0367,b0934,tauC,ssuC,0.0,0.0,0.0,0.0,0.5,-1.140254335396662e-09,0.87699721442697,0.87699721442697,0.87699721442697,0.0,0.0,False,ISO,0.0,0.0,0.0,0.0,6,
b0365,b0933,tauA,ssuB,0.0,0.0,0.0,0.0,0.5,-1.140254335396662e-09,0.87699721442697,0.87699721442697,0.87699721442697,0.0,0.0,False,ISO,0.0,0.0,0.0,0.0,6,
b0365,b0936,tauA,ssuA,0.0,0.0,0.0,0.0,0.5,-1.140254335396662e-09,0.87699721442697,0.87699721442697,0.87699721442697,0.0,0.0,False,ISO,0.0,0.0,0.0,0.0,6,
b0365,b0934,tauA,ssuC,0.0,0.0,0.0,0.0,0.5,-1.140254335396662e-09,0.87699721442697,0.87699721442697,0.87699721442697,0.0,0.0,False,ISO,0.0,0.0,0.0,0.0,6,
b2393,b2964,nupC,nupG,0.0,0.0,0.0,0.0,0.5,-1.140254779485872e-09,0.87699721442697,0.8769972144269704,0.8769972144269701,0.0,0.0,False,ISO,0.0,0.0,0.0,0.0,10,
b2393,b2406,nupC,xapB,0.0,0.0,0.0,0.0,0.5,-1.140254335396662e-09,0.87699721442697,0.8769972144269701,0.8769972144269701,0.0,0.0,False,ISO,0.0,0.0,0.0,0.0,5,
b1291,b3747,sapD,kup,0.0,0.0,0.0,0.0,0.5,-1.140254335396662e-09,0.87699721442697,0.87699721442697,0.87699721442697,0.0,0.0,False,ISO,0.0,0.0,0.0,0.0,0,
b1250,b1291,kch,sapD,0.0,0.0,0.0,0.0,0.5,-1.140254335396662e-09,0.87699721442697,0.87699721442697,0.87699721442697,0.0,0.0,False,ISO,0.0,0.0,0.0,0.0,0,
b1250,b1363,kch,trkG,0.0,0.0,0.0,0.0,0.5,-1.140254335396662e-09,0.87699721442697,0.87699721442697,0.87699721442697,0.0,0.0,False,ISO,0.0,0.0,0.0,0.0,0,
b1250,b3290,kch,trkA,0.0,0.0,0.0,0.0,0.5,-1.140254335396662e-09,0.87699721442697,0.87699721442697,0.87699721442697,0.0,0.0,False,ISO,0.0,0.0,0.0,0.0,0,
b1250,b3747,kch,kup,0.0,0.0,0.0,0.0,0.5,-1.140254335396662e-09,0.87699721442697,0.87699721442697,0.87699721442697,0.0,0.0,False,ISO,0.0,0.0,0.0,0.0,0,
b1250,b3849,kch,trkH,0.0,0.0,0.0,0.0,0.5,-1.140254335396662e-09,0.87699721442697,0.87699721442697,0.87699721442697,0.0,0.0,False,ISO,0.0,0.0,0.0,0.0,0,
b1363,b3747,trkG,kup,0.0,0.0,0.0,0.0,0.5,-1.140254335396662e-09,0.87699721442697,0.87699721442697,0.87699721442697,0.0,0.0,False,ISO,0.0,0.0,0.0,0.0,0,
b1363,b3849,trkG,trkH,0.0,0.0,0.0,0.0,0.5,-1.140254335396662e-09,0.87699721442697,0.87699721442697,0.87699721442697,0.0,0.0,False,ISO,0.0,0.0,0.0,0.0,0,
b3290,b3747,trkA,kup,0.0,0.0,0.0,0.0,0.5,-1.140254335396662e-09,0.87699721442697,0.87699721442697,0.87699721442697,0.0,0.0,False,ISO,0.0,0.0,0.0,0.0,0,
b3747,b3849,kup,trkH,0.0,0.0,0.0,0.0,0.5,-1.140254335396662e-09,0.87699721442697,0.87699721442697,0.87699721442697,0.0,0.0,False,ISO,0.0,0.0,0.0,0.0,0,
b2406,b2964,xapB,nupG,0.0,0.0,0.0,0.0,0.5,-1.1402550015304769e-09,0.8769972144269701,0.8769972144269704,0.8769972144269701,0.0,0.0,False,ISO,0.0,0.0,0.0,0.0,8,
b3161,b3709,mtr,tnaB,0.0,0.0,0.0,0.0,0.5,-1.140254335396662e-09,0.8769972144269704,0.87699721442697,0.8769972144269704,0.0,0.0,False,ISO,0.0,0.0,0.0,0.0,1,
b0112,b3161,aroP,mtr,0.0,0.0,0.0,0.0,0.5,-1.1402550015304769e-09,0.8769972144269703,0.8769972144269704,0.8769972144269703,0.0,0.0,False,ISO,0.0,0.0,0.0,0.0,2,
b0112,b3709,aroP,tnaB,0.0,0.0,0.0,0.0,0.5,-1.140254335396662e-09,0.8769972144269703,0.87699721442697,0.8769972144269703,0.0,0.0,False,ISO,0.0,0.0,0.0,0.0,1,
b0112,b1907,aroP,tyrP,0.0,0.0,0.0,0.0,0.5,-1.140254557441267e-09,0.8769972144269703,0.87699721442697,0.8769972144269701,0.0,0.0,False,ISO,0.0,0.0,0.0,0.0,2,
b0112,b0576,aroP,pheP,0.0,0.0,0.0,0.0,0.5,-1.140254557441267e-09,0.8769972144269703,0.87699721442697,0.8769972144269701,0.0,0.0,False,ISO,0.0,0.0,0.0,0.0,2,
b1101,b1817,ptsG,manX,0.0,0.0,0.0,0.0,0.5,-1.140254335396662e-09,0.87699721442697,0.87699721442697,0.87699721442697,0.0,0.0,False,ISO,0.0,0.0,0.0,0.0,5,
b1101,b1819,ptsG,manZ,0.0,0.0,0.0,0.0,0.5,-1.140254335396662e-09,0.87699721442697,0.87699721442697,0.87699721442697,0.0,0.0,False,ISO,0.0,0.0,0.0,0.0,5,
b1101,b1818,ptsG,manY,0.0,0.0,0.0,0.0,0.5,-1.140254335396662e-09,0.87699721442697,0.87699721442697,0.87699721442697,0.0,0.0,False,ISO,0.0,0.0,0.0,0.0,5,
b1101,b1621,ptsG,malX,0.0,0.0,0.0,0.0,0.5,-1.140254335396662e-09,0.87699721442697,0.87699721442697,0.87699721442697,0.0,0.0,False,ISO,0.0,0.0,0.0,0.0,1,
b0679,b2417,nagE,crr,0.0,0.0,0.0,0.0,0.5,-1.140254335396662e-09,0.87699721442697,0.87699721442697,0.87699721442697,0.0,0.0,False,ISO,0.0,0.0,0.0,0.0,5,
b0679,b1101,nagE,ptsG,0.0,0.0,0.0,0.0,0.5,-1.140254335396662e-09,0.87699721442697,0.87699721442697,0.87699721442697,0.0,0.0,False,ISO,0.0,0.0,0.0,0.0,1,
b1817,b2417,manX,crr,0.0,0.0,450.187987813884,450.187987813884,225093993906942.5,-0.01072317177957216,0.87699721442697,0.87699721442697,0.8675930236571863,0.0,0.0,False,ISO,0.0,0.0,0.0,0.0,10,
b1819,b2417,manZ,crr,0.0,0.0,450.187987813884,450.187987813884,225093993906942.5,-0.01072317177957216,0.87699721442697,0.87699721442697,0.8675930236571863,0.0,0.0,False,ISO,0.0,0.0,0.0,0.0,10,
b1818,b2417,manY,crr,0.0,0.0,450.187987813884,450.187987813884,225093993906942.5,-0.01072317177957216,0.87699721442697,0.87699721442697,0.8675930236571863,0.0,0.0,False,ISO,0.0,0.0,0.0,0.0,10,
b0864,b2310,artP,argT,0.0,0.0,0.0,0.0,0.5,-1.140254779485872e-09,0.87699721442697,0.8769972144269703,0.87699721442697,0.0,0.0,False,ISO,0.0,0.0,0.0,0.0,3,
b0864,b2306,artP,hisP,0.0,0.0,0.0,0.0,0.5,-1.140254557441267e-09,0.87699721442697,0.8769972144269704,0.8769972144269703,0.0,0.0,False,ISO,0.0,0.0,0.0,0.0,4,
b0864,b2307,artP,hisM,0.0,0.0,0.0,0.0,0.5,-1.140254557441267e-09,0.87699721442697,0.8769972144269704,0.8769972144269703,0.0,0.0,False,ISO,0.0,0.0,0.0,0.0,4,
b0864,b2308,artP,hisQ,0.0,0.0,0.0,0.0,0.5,-1.140254557441267e-09,0.87699721442697,0.8769972144269704,0.8769972144269703,0.0,0.0,False,ISO,0.0,0.0,0.0,0.0,4,
b0861,b2310,artM,argT,0.0,0.0,0.0,0.0,0.5,-1.140254779485872e-09,0.87699721442697,0.8769972144269703,0.87699721442697,0.0,0.0,False,ISO,0.0,0.0,0.0,0.0,3,
b0861,b2306,artM,hisP,0.0,0.0,0.0,0.0,0.5,-1.140254557441267e-09,0.87699721442697,0.8769972144269704,0.8769972144269703,0.0,0.0,False,ISO,0.0,0.0,0.0,0.0,4,
b0861,b2307,artM,hisM,0.0,0.0,0.0,0.0,0.5,-1.140254557441267e-09,0.87699721442697,0.8769972144269704,0.8769972144269703,0.0,0.0,False,ISO,0.0,0.0,0.0,0.0,4,
b0861,b2308,artM,hisQ,0.0,0.0,0.0,0.0,0.5,-1.140254557441267e-09,0.87699721442697,0.8769972144269704,0.8769972144269703,0.0,0.0,False,ISO,0.0,0.0,0.0,0.0,4,
b0861,b3734,artM,atpA,0.0,19586.667612014615,19586.667612014615,0.0,0.9999999999999998,-3.704641038382306e-10,0.87699721442697,0.2849329232733675,0.2849329232733675,0.0,0.0,False,X,0.0,19586.667612014615,19586.667612014615,0.0,1,
b0861,b0341,artM,cynX,0.0,0.0,0.0,0.0,0.5,-1.140254335396662e-09,0.87699721442697,0.87699721442697,0.87699721442697,0.0,0.0,False,B,0.0,0.0,0.0,0.0,1,
b0861,b0934,artM,ssuC,0.0,0.0,0.0,0.0,0.5,-1.140254335396662e-09,0.87699721442697,0.87699721442697,0.87699721442697,0.0,0.0,False,B,0.0,0.0,0.0,0.0,3,
b0861,b1296,artM,puuP,0.0,0.0,0.0,0.0,0.5,-1.140254335396662e-09,0.87699721442697,0.87699721442697,0.87699721442697,0.0,0.0,False,B,0.0,0.0,0.0,0.0,0,
b0861,b3626,artM,waaJ,0.0,0.0,0.0,0.0,0.5,-1.140254335396662e-09,0.87699721442697,0.87699721442697,0.87699721442697,0.0,0.0,False,B,0.0,0.0,0.0,0.0,1,
b0861,b2871,artM,ygeX,0.0,0.0,0.0,0.0,0.5,-1.140254335396662e-09,0.87699721442697,0.87699721442697,0.87699721442697,0.0,0.0,False,B,0.0,0.0,0.0,0.0,1,
b0861,b3915,artM,fieF,0.0,0.0,0.0,0.0,0.5,-1.140254335396662e-09,0.87699721442697,0.8769972144269703,0.8769972144269703,0.0,0.0,False,B,0.0,0.0,0.0,0.0,2,
b0861,b1857,artM,znuA,0.0,0.0,0.0,0.0,0.5,-1.140254335396662e-09,0.87699721442697,0.8769972144269703,0.8769972144269703,0.0,0.0,False,B,0.0,0.0,0.0,0.0,1,
b0861,b0696,artM,kdpC,0.0,0.0,0.0,0.0,0.5,-1.140254335396662e-09,0.87699721442697,0.8769972144269703,0.8769972144269703,0.0,0.0,False,B,0.0,0.0,0.0,0.0,1,
b0861,b1186,artM,nhaB,0.0,0.0,0.0,0.0,0.5,-1.140254335396662e-09,0.87699721442697,0.8769972144269705,0.8769972144269705,0.0,0.0,False,B,0.0,0.0,0.0,0.0,1,
b0861,b3371,artM,frlB,0.0,0.0,0.0,0.0,0.5,-1.140254335396662e-09,0.87699721442697,0.87699721442697,0.87699721442697,0.0,0.0,False,B,0.0,0.0,0.0,0.0,1,
b0861,b3748,artM,rbsD,0.0,0.0,0.0,0.0,0.5,-1.140254335396662e-09,0.87699721442697,0.87699721442697,0.87699721442697,0.0,0.0,False,B,0.0,0.0,0.0,0.0,0,
b0861,b2482,artM,hyfB,0.0,0.0,0.0,0.0,0.5,-1.140254335396662e-09,0.87699721442697,0.87699721442697,0.87699721442697,0.0,0.0,False,B,0.0,0.0,0.0,0.0,0,
b0861,b1640,artM,anmK,0.0,0.0,0.0,0.0,0.5,-1.140254335396662e-09,0.87699721442697,0.87699721442697,0.87699721442697,0.0,0.0,False,B,0.0,0.0,0.0,0.0,1,
b0861,b0115,artM,aceF,0.0,569.3957161878707,569.3957161878707,0.0,0.9999999999999982,-1.1158099999519777e-09,0.87699721442697,0.8581964695522434,0.8581964695522434,0.0,0.0,False,X,0.0,0.0,0.0,0.0,1,
b0861,b3630,artM,waaP,0.0,0.0,0.0,0.0,0.5,-1.140254335396662e-09,0.87699721442697,0.87699721442697,0.87699721442697,0.0,0.0,False,B,0.0,0.0,0.0,0.0,1,
b0861,b4394,artM,yjjX,0.0,0.0,0.0,0.0,0.5,-1.140254335396662e-09,0.87699721442697,0.87699721442697,0.87699721442697,0.0,0.0,False,B,0.0,0.0,0.0,0.0,2,
b0861,b2146,artM,preT,0.0,0.0,0.0,0.0,0.5,-1.140254335396662e-09,0.87699721442697,0.87699721442697,0.87699721442697,0.0,0.0,False,B,0.0,0.0,0.0,0.0,1,
b0861,b0832,artM,gsiD,0.0,0.0,0.0,0.0,0.5,-1.140254335396662e-09,0.87699721442697,0.8769972144269701,0.8769972144269701,0.0,0.0,False,B,0.0,0.0,0.0,0.0,1,
b0861,b3396,artM,mrcA,0.0,0.0,0.0,0.0,0.5,-1.140254335396662e-09,0.87699721442697,0.87699721442697,0.87699721442697,0.0,0.0,False,B,0.0,0.0,0.0,0.0,0,
b0861,b2276,artM,nuoN,0.0,3294.285861140926,3294.285861140926,0.0,0.9999999999999998,-9.86372761246912e-10,0.87699721442697,0.7586431920374903,0.7586431920374903,0.0,0.0,False,X,0.0,3294.285861140926,3294.285861140926,0.0,3,
b0861,b2278,artM,nuoL,0.0,3294.285861140926,3294.285861140926,0.0,0.9999999999999998,-9.86372761246912e-10,0.87699721442697,0.7586431920374903,0.7586431920374903,0.0,0.0,False,X,0.0,3294.285861140926,3294.285861140926,0.0,3,
b0861,b2279,artM,nuoK,0.0,3294.285861140926,3294.285861140926,0.0,0.9999999999999998,-9.86372761246912e-10,0.87699721442697,0.7586431920374903,0.7586431920374903,0.0,0.0,False,X,0.0,3294.285861140926,3294.285861140926,0.0,3,
b0861,b0681,artM,chiP,0.0,0.0,0.0,0.0,0.5,-1.140254335396662e-09,0.87699721442697,0.87699721442697,0.87699721442697,0.0,0.0,False,B,0.0,0.0,0.0,0.0,0,
b0861,b1473,artM,yddG,0.0,0.0,0.0,0.0,0.5,-1.140254335396662e-09,0.87699721442697,0.8769972144269699,0.8769972144269699,0.0,0.0,False,B,0.0,0.0,0.0,0.0,3,
b0861,b0401,artM,brnQ,0.0,0.0,0.0,0.0,0.5,-1.140254335396662e-09,0.87699721442697,0.8769972144269699,0.8769972144269699,0.0,0.0,False,B,0.0,0.0,0.0,0.0,3,
b0861,b2842,artM,kduD,0.0,0.0,0.0,0.0,0.5,-1.140254335396662e-09,0.87699721442697,0.87699721442697,0.87699721442697,0.0,0.0,False,B,0.0,0.0,0.0,0.0,0,
b0861,b4101,artM,phnG,0.0,0.0,0.0,0.0,0.5,-1.140254335396662e-09,0.87699721442697,0.87699721442697,0.87699721442697,0.0,0.0,False,B,0.0,0.0,0.0,0.0,1,
b0861,b2682,artM,ygaZ,0.0,0.0,0.0,0.0,0.5,-1.140254335396662e-09,0.87699721442697,0.87699721442697,0.87699721442697,0.0,0.0,False,B,0.0,0.0,0.0,0.0,0,
b0860,b2310,artJ,argT,0.0,0.0,0.0,0.0,0.5,-1.140254779485872e-09,0.87699721442697,0.8769972144269703,0.87699721442697,0.0,0.0,False,ISO,0.0,0.0,0.0,0.0,3,
b0860,b2306,artJ,hisP,0.0,0.0,0.0,0.0,0.5,-1.140254557441267e-09,0.87699721442697,0.8769972144269704,0.8769972144269703,0.0,0.0,False,ISO,0.0,0.0,0.0,0.0,4,
b0860,b2307,artJ,hisM,0.0,0.0,0.0,0.0,0.5,-1.140254557441267e-09,0.87699721442697,0.8769972144269704,0.8769972144269703,0.0,0.0,False,ISO,0.0,0.0,0.0,0.0,4,
b0860,b2308,artJ,hisQ,0.0,0.0,0.0,0.0,0.5,-1.140254557441267e-09,0.87699721442697,0.8769972144269704,0.8769972144269703,0.0,0.0,False,ISO,0.0,0.0,0.0,0.0,4,
b0863,b2310,artI,argT,0.0,0.0,0.0,0.0,0.5,-1.140254779485872e-09,0.87699721442697,0.8769972144269703,0.87699721442697,0.0,0.0,False,ISO,0.0,0.0,0.0,0.0,3,
b0863,b2306,artI,hisP,0.0,0.0,0.0,0.0,0.5,-1.140254557441267e-09,0.87699721442697,0.8769972144269704,0.8769972144269703,0.0,0.0,False,ISO,0.0,0.0,0.0,0.0,4,
b0863,b2307,artI,hisM,0.0,0.0,0.0,0.0,0.5,-1.140254557441267e-09,0.87699721442697,0.8769972144269704,0.8769972144269703,0.0,0.0,False,ISO,0.0,0.0,0.0,0.0,4,
b0863,b2308,artI,hisQ,0.0,0.0,0.0,0.0,0.5,-1.140254557441267e-09,0.87699721442697,0.8769972144269704,0.8769972144269703,0.0,0.0,False,ISO,0.0,0.0,0.0,0.0,4,
b0862,b2310,artQ,argT,0.0,0.0,0.0,0.0,0.5,-1.140254779485872e-09,0.87699721442697,0.8769972144269703,0.87699721442697,0.0,0.0,False,ISO,0.0,0.0,0.0,0.0,3,
b0862,b2306,artQ,hisP,0.0,0.0,0.0,0.0,0.5,-1.140254557441267e-09,0.87699721442697,0.8769972144269704,0.8769972144269703,0.0,0.0,False,ISO,0.0,0.0,0.0,0.0,4,
b0862,b2307,artQ,hisM,0.0,0.0,0.0,0.0,0.5,-1.140254557441267e-09,0.87699721442697,0.8769972144269704,0.8769972144269703,0.0,0.0,False,ISO,0.0,0.0,0.0,0.0,4,
b0862,b2308,artQ,hisQ,0.0,0.0,0.0,0.0,0.5,-1.140254557441267e-09,0.87699721442697,0.8769972144269704,0.8769972144269703,0.0,0.0,False,ISO,0.0,0.0,0.0,0.0,4,
b0480,b4055,ushA,aphA,0.0,0.0,0.0,0.0,0.5,-1.140254335396662e-09,0.87699721442697,0.87699721442697,0.87699721442697,0.0,0.0,False,ISO,0.0,0.0,0.0,0.0,14,
b2789,b3127,gudP,garP,0.0,0.0,0.0,0.0,0.5,-1.1402536692628473e-09,0.87699721442697,0.87699721442697,0.8769972144269705,0.0,0.0,False,ISO,0.0,0.0,0.0,0.0,3,
b2704,b2933,srlB,cmtA,0.0,0.0,0.0,0.0,0.5,-1.140254335396662e-09,0.87699721442697,0.87699721442697,0.87699721442697,0.0,0.0,False,ISO,0.0,0.0,0.0,0.0,1,
b2704,b2934,srlB,cmtB,0.0,0.0,0.0,0.0,0.5,-1.140254335396662e-09,0.87699721442697,0.87699721442697,0.87699721442697,0.0,0.0,False,ISO,0.0,0.0,0.0,0.0,1,
b2704,b3599,srlB,mtlA,0.0,0.0,0.0,0.0,0.5,-1.140254335396662e-09,0.87699721442697,0.87699721442697,0.87699721442697,0.0,0.0,False,ISO,0.0,0.0,0.0,0.0,1,
b2702,b2933,srlA,cmtA,0.0,0.0,0.0,0.0,0.5,-1.140254335396662e-09,0.87699721442697,0.87699721442697,0.87699721442697,0.0,0.0,False,ISO,0.0,0.0,0.0,0.0,1,
b2702,b2934,srlA,cmtB,0.0,0.0,0.0,0.0,0.5,-1.140254335396662e-09,0.87699721442697,0.87699721442697,0.87699721442697,0.0,0.0,False,ISO,0.0,0.0,0.0,0.0,1,
b2702,b3599,srlA,mtlA,0.0,0.0,0.0,0.0,0.5,-1.140254335396662e-09,0.87699721442697,0.87699721442697,0.87699721442697,0.0,0.0,False,ISO,0.0,0.0,0.0,0.0,1,
b2703,b2933,srlE,cmtA,0.0,0.0,0.0,0.0,0.5,-1.140254335396662e-09,0.87699721442697,0.87699721442697,0.87699721442697,0.0,0.0,False,ISO,0.0,0.0,0.0,0.0,1,
b2703,b2934,srlE,cmtB,0.0,0.0,0.0,0.0,0.5,-1.140254335396662e-09,0.87699721442697,0.87699721442697,0.87699721442697,0.0,0.0,False,ISO,0.0,0.0,0.0,0.0,1,
b2703,b3599,srlE,mtlA,0.0,0.0,0.0,0.0,0.5,-1.140254335396662e-09,0.87699721442697,0.87699721442697,0.87699721442697,0.0,0.0,False,ISO,0.0,0.0,0.0,0.0,1,
b0733,b0979,cydA,appB,0.0,0.0,0.0,0.0,0.5,-1.140254557441267e-09,0.87699721442697,0.8769972144269701,0.87699721442697,0.0,0.0,False,ISO,0.0,0.0,0.0,0.0,2,
b0733,b0978,cydA,appC,0.0,0.0,0.0,0.0,0.5,-1.140254557441267e-09,0.87699721442697,0.8769972144269701,0.87699721442697,0.0,0.0,False,ISO,0.0,0.0,0.0,0.0,2,
b0734,b0979,cydB,appB,0.0,0.0,0.0,0.0,0.5,-1.140254557441267e-09,0.87699721442697,0.8769972144269701,0.87699721442697,0.0,0.0,False,ISO,0.0,0.0,0.0,0.0,2,
b0734,b0978,cydB,appC,0.0,0.0,0.0,0.0,0.5,-1.140254557441267e-09,0.87699721442697,0.8769972144269701,0.87699721442697,0.0,0.0,False,ISO,0.0,0.0,0.0,0.0,2,
b0979,b4515,appB,cydX,0.0,0.0,0.0,0.0,0.5,-1.140254557441267e-09,0.8769972144269701,0.87699721442697,0.87699721442697,0.0,0.0,False,ISO,0.0,0.0,0.0,0.0,2,
b0978,b4515,appC,cydX,0.0,0.0,0.0,0.0,0.5,-1.140254557441267e-09,0.8769972144269701,0.87699721442697,0.87699721442697,0.0,0.0,False,ISO,0.0,0.0,0.0,0.0,2,
b3734,b3735,atpA,atpH,19586.667612014615,19586.667612014615,19586.667612014615,-19586.667612014615,0.5,0.21933860380724476,0.2849329232733675,0.2849329232733675,0.2849329232733675,1.0,1.0,False,A,19586.667612014615,19586.667612014615,19586.667612014615,-19586.667612014615,1,;Alanine and Aspartate Metabolism;Alternate Carbon Metabolism
b3734,b3736,atpA,atpF,19586.667612014615,19586.667612014615,19586.667612014615,-19586.667612014615,0.5,0.21933860380724476,0.2849329232733675,0.2849329232733675,0.2849329232733675,1.0,1.0,False,A,19586.667612014615,19586.667612014615,19586.667612014615,-19586.667612014615,1,;Alanine and Aspartate Metabolism;Alternate Carbon Metabolism
b3734,b3737,atpA,atpE,19586.667612014615,19586.667612014615,19586.667612014615,-19586.667612014615,0.5,0.21933860380724476,0.2849329232733675,0.2849329232733675,0.2849329232733675,1.0,1.0,False,A,19586.667612014615,19586.667612014615,19586.667612014615,-19586.667612014615,1,;Alanine and Aspartate Metabolism;Alternate Carbon Metabolism
b3734,b3731,atpA,atpC,19586.667612014615,19586.667612014615,19586.667612014615,-19586.667612014615,0.5,0.21933860380724476,0.2849329232733675,0.2849329232733675,0.2849329232733675,1.0,1.0,False,A,19586.667612014615,19586.667612014615,19586.667612014615,-19586.667612014615,1,;Alanine and Aspartate Metabolism;Alternate Carbon Metabolism
b3734,b3732,atpA,atpD,19586.667612014615,19586.667612014615,19586.667612014615,-19586.667612014615,0.5,0.21933860380724476,0.2849329232733675,0.2849329232733675,0.2849329232733675,1.0,1.0,False,A,19586.667612014615,19586.667612014615,19586.667612014615,-19586.667612014615,1,;Alanine and Aspartate Metabolism;Alternate Carbon Metabolism
b3734,b3733,atpA,atpG,19586.667612014615,19586.667612014615,19586.667612014615,-19586.667612014615,0.5,0.21933860380724476,0.2849329232733675,0.2849329232733675,0.2849329232733675,1.0,1.0,False,A,19586.667612014615,19586.667612014615,19586.667612014615,-19586.667612014615,1,;Alanine and Aspartate Metabolism;Alternate Carbon Metabolism
b3734,b3738,atpA,atpB,19586.667612014615,19586.667612014615,19586.667612014615,-19586.667612014615,0.5,0.21933860380724476,0.2849329232733675,0.2849329232733675,0.2849329232733675,1.0,1.0,False,A,19586.667612014615,19586.667612014615,19586.667612014615,-19586.667612014615,1,;Alanine and Aspartate Metabolism;Alternate Carbon Metabolism
b3734,b0934,atpA,ssuC,19586.667612014615,0.0,19586.667612014615,0.0,0.9999999999999998,-3.704641038382306e-10,0.2849329232733675,0.87699721442697,0.2849329232733675,0.0,0.0,False,X,19586.667612014615,0.0,19586.667612014615,0.0,4,
b3734,b1857,atpA,znuA,19586.667612014615,0.0,19586.667612014615,0.0,0.9999999999999998,-3.704642703716843e-10,0.2849329232733675,0.8769972144269703,0.2849329232733675,0.0,0.0,False,X,19586.667612014615,0.0,19586.667612014615,0.0,2,
b3734,b0115,atpA,aceF,19586.667612014615,569.3957161878707,19592.85104115508,-563.2122870474041,0.9720574262009111,0.00696500191043492,0.2849329232733675,0.8581964695522434,0.2849329232733675,0.034482758620689655,0.905829596412556,False,A,19586.667612014615,0.0,19592.85104115508,6.183429140466615,2,;Alanine and Aspartate Metabolism;Alternate Carbon Metabolism
b3734,b0114,atpA,aceE,19586.667612014615,569.3957161878707,19592.85104115508,-563.2122870474041,0.9720574262009111,0.00696500191043492,0.2849329232733675,0.8581964695522434,0.2849329232733675,0.034482758620689655,0.905829596412556,False,A,19586.667612014615,0.0,19592.85104115508,6.183429140466615,2,;Alanine and Aspartate Metabolism;Alternate Carbon Metabolism
b3734,b3919,atpA,tpiA,19586.667612014615,871.9980214793411,21352.104655442814,893.439021948858,1.043670444493025,-0.08318023501057334,0.2849329232733675,0.8422625567901132,0.20069893650382944,0.04819277108433735,0.8704103671706264,False,A,19586.667612014615,0.0,21352.104655442814,1765.437043428199,2,;Alanine and Aspartate Metabolism;Alternate Carbon Metabolism
b3734,b0832,atpA,gsiD,19586.667612014615,0.0,19586.66761201461,-3.637978807091713e-12,0.9999999999999997,-3.7046421486053305e-10,0.2849329232733675,0.8769972144269701,0.2849329232733675,0.0,0.0,False,X,19586.667612014615,0.0,19586.66761201461,-3.637978807091713e-12,2,
b3734,b0429,atpA,cyoD,19586.667612014615,7798.596633039896,20221.517092083144,-7163.747152971367,0.7384086898389134,0.03681781446044441,0.2849329232733675,0.7776142830847725,0.28493292327336717,0.016129032258064516,0.9042316258351893,False,A,19586.667612014615,7798.596633039896,20221.517092083144,-7163.747152971367,2,;Alanine and Aspartate Metabolism;Alternate Carbon Metabolism
b3734,b0432,atpA,cyoA,19586.667612014615,7798.596633039896,20221.517092083144,-7163.747152971367,0.7384086898389134,0.03681781446044441,0.2849329232733675,0.7776142830847725,0.28493292327336717,0.016129032258064516,0.9042316258351893,False,A,19586.667612014615,7798.596633039896,20221.517092083144,-7163.747152971367,2,;Alanine and Aspartate Metabolism;Alternate Carbon Metabolism
b3734,b0430,atpA,cyoC,19586.667612014615,7798.596633039896,20221.517092083144,-7163.747152971367,0.7384086898389134,0.03681781446044441,0.2849329232733675,0.7776142830847725,0.28493292327336717,0.016129032258064516,0.9042316258351893,False,A,19586.667612014615,7798.596633039896,20221.517092083144,-7163.747152971367,2,;Alanine and Aspartate Metabolism;Alternate Carbon Metabolism
b3734,b0431,atpA,cyoB,19586.667612014615,7798.596633039896,20221.517092083144,-7163.747152971367,0.7384086898389134,0.03681781446044441,0.2849329232733675,0.7776142830847725,0.28493292327336717,0.016129032258064516,0.9042316258351893,False,A,19586.667612014615,7798.596633039896,20221.517092083144,-7163.747152971367,2,;Alanine and Aspartate Metabolism;Alternate Carbon Metabolism
b3734,b0722,atpA,sdhD,19586.667612014615,3719.237820017231,19586.66761201494,-3719.2378200169073,0.8404165059854247,0.01303345570837866,0.2849329232733675,0.8418157926999568,0.28493292327338415,0.06896551724137931,0.8728448275862069,False,A,19586.667612014615,0.0,19586.66761201494,3.2378011383116245e-10,2,;Alanine and Aspartate Metabolism;Alternate Carbon Metabolism
b3734,b0723,atpA,sdhA,19586.667612014615,3719.237820017231,19586.66761201494,-3719.2378200169073,0.8404165059854247,0.01303345570837866,0.2849329232733675,0.8418157926999568,0.28493292327338415,0.06896551724137931,0.8728448275862069,False,A,19586.667612014615,0.0,19586.66761201494,3.2378011383116245e-10,2,;Alanine and Aspartate Metabolism;Alternate Carbon Metabolism
b3734,b0721,atpA,sdhC,19586.667612014615,3719.237820017231,19586.66761201494,-3719.2378200169073,0.8404165059854247,0.01303345570837866,0.2849329232733675,0.8418157926999568,0.28493292327338415,0.06896551724137931,0.8728448275862069,False,A,19586.667612014615,0.0,19586.66761201494,3.2378011383116245e-10,2,;Alanine and Aspartate Metabolism;Alternate Carbon Metabolism
b3734,b0724,atpA,sdhB,19586.667612014615,3719.237820017231,19586.66761201494,-3719.2378200169073,0.8404165059854247,0.01303345570837866,0.2849329232733675,0.8418157926999568,0.28493292327338415,0.06896551724137931,0.8728448275862069,False,A,19586.667612014615,0.0,19586.66761201494,3.2378011383116245e-10,2,;Alanine and Aspartate Metabolism;Alternate Carbon Metabolism
b3734,b2283,atpA,nuoG,19586.667612014615,3294.285861140926,19640.20173594378,-3240.7517372117595,0.8583646550824954,0.043845923894187955,0.2849329232733675,0.7586431920374903,0.2849329232733675,0.19047619047619047,0.9153674832962138,False,A,19586.667612014615,3294.285861140926,19640.20173594378,-3240.7517372117595,4,;Alanine and Aspartate Metabolism;Alternate Carbon Metabolism
b3734,b2282,atpA,nuoH,19586.667612014615,3294.285861140926,19640.20173594378,-3240.7517372117595,0.8583646550824954,0.043845923894187955,0.2849329232733675,0.7586431920374903,0.2849329232733675,0.19047619047619047,0.9153674832962138,False,A,19586.667612014615,3294.285861140926,19640.20173594378,-3240.7517372117595,4,;Alanine and Aspartate Metabolism;Alternate Carbon Metabolism
b3734,b2281,atpA,nuoI,19586.667612014615,3294.285861140926,19640.20173594378,-3240.7517372117595,0.8583646550824954,0.043845923894187955,0.2849329232733675,0.7586431920374903,0.2849329232733675,0.19047619047619047,0.9153674832962138,False,A,19586.667612014615,3294.285861140926,19640.20173594378,-3240.7517372117595,4,;Alanine and Aspartate Metabolism;Alternate Carbon Metabolism
b3734,b2288,atpA,nuoA,19586.667612014615,3294.285861140926,19640.20173594378,-3240.7517372117595,0.8583646550824954,0.043845923894187955,0.2849329232733675,0.7586431920374903,0.2849329232733675,0.19047619047619047,0.9153674832962138,False,A,19586.667612014615,3294.285861140926,19640.20173594378,-3240.7517372117595,4,;Alanine and Aspartate Metabolism;Alternate Carbon Metabolism
b3734,b2276,atpA,nuoN,19586.667612014615,3294.285861140926,19640.20173594378,-3240.7517372117595,0.8583646550824954,0.043845923894187955,0.2849329232733675,0.7586431920374903,0.2849329232733675,0.19047619047619047,0.9153674832962138,False,A,19586.667612014615,3294.285861140926,19640.20173594378,-3240.7517372117595,4,;Alanine and Aspartate Metabolism;Alternate Carbon Metabolism
b3734,b2277,atpA,nuoM,19586.667612014615,3294.285861140926,19640.20173594378,-3240.7517372117595,0.8583646550824954,0.043845923894187955,0.2849329232733675,0.7586431920374903,0.2849329232733675,0.19047619047619047,0.9153674832962138,False,A,19586.667612014615,3294.285861140926,19640.20173594378,-3240.7517372117595,4,;Alanine and Aspartate Metabolism;Alternate Carbon Metabolism
b3734,b2285,atpA,nuoE,19586.667612014615,3294.285861140926,19640.20173594378,-3240.7517372117595,0.8583646550824954,0.043845923894187955,0.2849329232733675,0.7586431920374903,0.2849329232733675,0.19047619047619047,0.9153674832962138,False,A,19586.667612014615,3294.285861140926,19640.20173594378,-3240.7517372117595,4,;Alanine and Aspartate Metabolism;Alternate Carbon Metabolism
b3734,b2284,atpA,nuoF,19586.667612014615,3294.285861140926,19640.20173594378,-3240.7517372117595,0.8583646550824954,0.043845923894187955,0.2849329232733675,0.7586431920374903,0.2849329232733675,0.19047619047619047,0.9153674832962138,False,A,19586.667612014615,3294.285861140926,19640.20173594378,-3240.7517372117595,4,;Alanine and Aspartate Metabolism;Alternate Carbon Metabolism
b3734,b2278,atpA,nuoL,19586.667612014615,3294.285861140926,19640.20173594378,-3240.7517372117595,0.8583646550824954,0.043845923894187955,0.2849329232733675,0.7586431920374903,0.2849329232733675,0.19047619047619047,0.9153674832962138,False,A,19586.667612014615,3294.285861140926,19640.20173594378,-3240.7517372117595,4,;Alanine and Aspartate Metabolism;Alternate Carbon Metabolism
b3734,b2279,atpA,nuoK,19586.667612014615,3294.285861140926,19640.20173594378,-3240.7517372117595,0.8583646550824954,0.043845923894187955,0.2849329232733675,0.7586431920374903,0.2849329232733675,0.19047619047619047,0.9153674832962138,False,A,19586.667612014615,3294.285861140926,19640.20173594378,-3240.7517372117595,4,;Alanine and Aspartate Metabolism;Alternate Carbon Metabolism
b3734,b2280,atpA,nuoJ,19586.667612014615,3294.285861140926,19640.20173594378,-3240.7517372117595,0.8583646550824954,0.043845923894187955,0.2849329232733675,0.7586431920374903,0.2849329232733675,0.19047619047619047,0.9153674832962138,False,A,19586.667612014615,3294.285861140926,19640.20173594378,-3240.7517372117595,4,;Alanine and Aspartate Metabolism;Alternate Carbon Metabolism
b3734,b2287,atpA,nuoB,19586.667612014615,3294.285861140926,19640.20173594378,-3240.7517372117595,0.8583646550824954,0.043845923894187955,0.2849329232733675,0.7586431920374903,0.2849329232733675,0.19047619047619047,0.9153674832962138,False,A,19586.667612014615,3294.285861140926,19640.20173594378,-3240.7517372117595,4,;Alanine and Aspartate Metabolism;Alternate Carbon Metabolism
b3734,b2286,atpA,nuoC,19586.667612014615,3294.285861140926,19640.20173594378,-3240.7517372117595,0.8583646550824954,0.043845923894187955,0.2849329232733675,0.7586431920374903,0.2849329232733675,0.19047619047619047,0.9153674832962138,False,A,19586.667612014615,3294.285861140926,19640.20173594378,-3240.7517372117595,4,;Alanine and Aspartate Metabolism;Alternate Carbon Metabolism
b3734,b2842,atpA,kduD,19586.667612014615,0.0,19586.667612014615,0.0,0.9999999999999998,-3.704641038382306e-10,0.2849329232733675,0.87699721442697,0.2849329232733675,0.0,0.0,False,X,19586.667612014615,0.0,19586.667612014615,0.0,1,
b3735,b3736,atpH,atpF,19586.667612014615,19586.667612014615,19586.667612014615,-19586.667612014615,0.5,0.21933860380724476,0.2849329232733675,0.2849329232733675,0.2849329232733675,1.0,1.0,False,A,19586.667612014615,19586.667612014615,19586.667612014615,-19586.667612014615,1,;Alanine and Aspartate Metabolism;Alternate Carbon Metabolism
b3735,b3737,atpH,atpE,19586.667612014615,19586.667612014615,19586.667612014615,-19586.667612014615,0.5,0.21933860380724476,0.2849329232733675,0.2849329232733675,0.2849329232733675,1.0,1.0,False,A,19586.667612014615,19586.667612014615,19586.667612014615,-19586.667612014615,1,;Alanine and Aspartate Metabolism;Alternate Carbon Metabolism
b3735,b3731,atpH,atpC,19586.667612014615,19586.667612014615,19586.667612014615,-19586.667612014615,0.5,0.21933860380724476,0.2849329232733675,0.2849329232733675,0.2849329232733675,1.0,1.0,False,A,19586.667612014615,19586.667612014615,19586.667612014615,-19586.667612014615,1,;Alanine and Aspartate Metabolism;Alternate Carbon Metabolism
b3735,b3732,atpH,atpD,19586.667612014615,19586.667612014615,19586.667612014615,-19586.667612014615,0.5,0.21933860380724476,0.2849329232733675,0.2849329232733675,0.2849329232733675,1.0,1.0,False,A,19586.667612014615,19586.667612014615,19586.667612014615,-19586.667612014615,1,;Alanine and Aspartate Metabolism;Alternate Carbon Metabolism
b3735,b3733,atpH,atpG,19586.667612014615,19586.667612014615,19586.667612014615,-19586.667612014615,0.5,0.21933860380724476,0.2849329232733675,0.2849329232733675,0.2849329232733675,1.0,1.0,False,A,19586.667612014615,19586.667612014615,19586.667612014615,-19586.667612014615,1,;Alanine and Aspartate Metabolism;Alternate Carbon Metabolism
b3735,b3738,atpH,atpB,19586.667612014615,19586.667612014615,19586.667612014615,-19586.667612014615,0.5,0.21933860380724476,0.2849329232733675,0.2849329232733675,0.2849329232733675,1.0,1.0,False,A,19586.667612014615,19586.667612014615,19586.667612014615,-19586.667612014615,1,;Alanine and Aspartate Metabolism;Alternate Carbon Metabolism
b3735,b0115,atpH,aceF,19586.667612014615,569.3957161878707,19592.85104115508,-563.2122870474041,0.9720574262009111,0.00696500191043492,0.2849329232733675,0.8581964695522434,0.2849329232733675,0.034482758620689655,0.905829596412556,False,A,19586.667612014615,0.0,19592.85104115508,6.183429140466615,2,;Alanine and Aspartate Metabolism;Alternate Carbon Metabolism
b3735,b0114,atpH,aceE,19586.667612014615,569.3957161878707,19592.85104115508,-563.2122870474041,0.9720574262009111,0.00696500191043492,0.2849329232733675,0.8581964695522434,0.2849329232733675,0.034482758620689655,0.905829596412556,False,A,19586.667612014615,0.0,19592.85104115508,6.183429140466615,2,;Alanine and Aspartate Metabolism;Alternate Carbon Metabolism
b3735,b3919,atpH,tpiA,19586.667612014615,871.9980214793411,21352.104655442814,893.439021948858,1.043670444493025,-0.08318023501057334,0.2849329232733675,0.8422625567901132,0.20069893650382944,0.04819277108433735,0.8704103671706264,False,A,19586.667612014615,0.0,21352.104655442814,1765.437043428199,2,;Alanine and Aspartate Metabolism;Alternate Carbon Metabolism
b3735,b0429,atpH,cyoD,19586.667612014615,7798.596633039896,20221.517092083144,-7163.747152971367,0.7384086898389134,0.03681781446044441,0.2849329232733675,0.7776142830847725,0.28493292327336717,0.016129032258064516,0.9042316258351893,False,A,19586.667612014615,7798.596633039896,20221.517092083144,-7163.747152971367,2,;Alanine and Aspartate Metabolism;Alternate Carbon Metabolism
b3735,b0432,atpH,cyoA,19586.667612014615,7798.596633039896,20221.517092083144,-7163.747152971367,0.7384086898389134,0.03681781446044441,0.2849329232733675,0.7776142830847725,0.28493292327336717,0.016129032258064516,0.9042316258351893,False,A,19586.667612014615,7798.596633039896,20221.517092083144,-7163.747152971367,2,;Alanine and Aspartate Metabolism;Alternate Carbon Metabolism
b3735,b0430,atpH,cyoC,19586.667612014615,7798.596633039896,20221.517092083144,-7163.747152971367,0.7384086898389134,0.03681781446044441,0.2849329232733675,0.7776142830847725,0.28493292327336717,0.016129032258064516,0.9042316258351893,False,A,19586.667612014615,7798.596633039896,20221.517092083144,-7163.747152971367,2,;Alanine and Aspartate Metabolism;Alternate Carbon Metabolism
b3735,b0431,atpH,cyoB,19586.667612014615,7798.596633039896,20221.517092083144,-7163.747152971367,0.7384086898389134,0.03681781446044441,0.2849329232733675,0.7776142830847725,0.28493292327336717,0.016129032258064516,0.9042316258351893,False,A,19586.667612014615,7798.596633039896,20221.517092083144,-7163.747152971367,2,;Alanine and Aspartate Metabolism;Alternate Carbon Metabolism
b3735,b0722,atpH,sdhD,19586.667612014615,3719.237820017231,19586.66761201494,-3719.2378200169073,0.8404165059854247,0.01303345570837866,0.2849329232733675,0.8418157926999568,0.28493292327338415,0.06896551724137931,0.8728448275862069,False,A,19586.667612014615,0.0,19586.66761201494,3.2378011383116245e-10,2,;Alanine and Aspartate Metabolism;Alternate Carbon Metabolism
b3735,b0723,atpH,sdhA,19586.667612014615,3719.237820017231,19586.66761201494,-3719.2378200169073,0.8404165059854247,0.01303345570837866,0.2849329232733675,0.8418157926999568,0.28493292327338415,0.06896551724137931,0.8728448275862069,False,A,19586.667612014615,0.0,19586.66761201494,3.2378011383116245e-10,2,;Alanine and Aspartate Metabolism;Alternate Carbon Metabolism
b3735,b0721,atpH,sdhC,19586.667612014615,3719.237820017231,19586.66761201494,-3719.2378200169073,0.8404165059854247,0.01303345570837866,0.2849329232733675,0.8418157926999568,0.28493292327338415,0.06896551724137931,0.8728448275862069,False,A,19586.667612014615,0.0,19586.66761201494,3.2378011383116245e-10,2,;Alanine and Aspartate Metabolism;Alternate Carbon Metabolism
b3735,b0724,atpH,sdhB,19586.667612014615,3719.237820017231,19586.66761201494,-3719.2378200169073,0.8404165059854247,0.01303345570837866,0.2849329232733675,0.8418157926999568,0.28493292327338415,0.06896551724137931,0.8728448275862069,False,A,19586.667612014615,0.0,19586.66761201494,3.2378011383116245e-10,2,;Alanine and Aspartate Metabolism;Alternate Carbon Metabolism
b3735,b2283,atpH,nuoG,19586.667612014615,3294.285861140926,19640.20173594378,-3240.7517372117595,0.8583646550824954,0.043845923894187955,0.2849329232733675,0.7586431920374903,0.2849329232733675,0.19047619047619047,0.9153674832962138,False,A,19586.667612014615,3294.285861140926,19640.20173594378,-3240.7517372117595,4,;Alanine and Aspartate Metabolism;Alternate Carbon Metabolism
b3735,b2282,atpH,nuoH,19586.667612014615,3294.285861140926,19640.20173594378,-3240.7517372117595,0.8583646550824954,0.043845923894187955,0.2849329232733675,0.7586431920374903,0.2849329232733675,0.19047619047619047,0.9153674832962138,False,A,19586.667612014615,3294.285861140926,19640.20173594378,-3240.7517372117595,4,;Alanine and Aspartate Metabolism;Alternate Carbon Metabolism
b3735,b2281,atpH,nuoI,19586.667612014615,3294.285861140926,19640.20173594378,-3240.7517372117595,0.8583646550824954,0.043845923894187955,0.2849329232733675,0.7586431920374903,0.2849329232733675,0.19047619047619047,0.9153674832962138,False,A,19586.667612014615,3294.285861140926,19640.20173594378,-3240.7517372117595,4,;Alanine and Aspartate Metabolism;Alternate Carbon Metabolism
b3735,b2288,atpH,nuoA,19586.667612014615,3294.285861140926,19640.20173594378,-3240.7517372117595,0.8583646550824954,0.043845923894187955,0.2849329232733675,0.7586431920374903,0.2849329232733675,0.19047619047619047,0.9153674832962138,False,A,19586.667612014615,3294.285861140926,19640.20173594378,-3240.7517372117595,4,;Alanine and Aspartate Metabolism;Alternate Carbon Metabolism
b3735,b2276,atpH,nuoN,19586.667612014615,3294.285861140926,19640.20173594378,-3240.7517372117595,0.8583646550824954,0.043845923894187955,0.2849329232733675,0.7586431920374903,0.2849329232733675,0.19047619047619047,0.9153674832962138,False,A,19586.667612014615,3294.285861140926,19640.20173594378,-3240.7517372117595,4,;Alanine and Aspartate Metabolism;Alternate Carbon Metabolism
b3735,b2277,atpH,nuoM,19586.667612014615,3294.285861140926,19640.20173594378,-3240.7517372117595,0.8583646550824954,0.043845923894187955,0.2849329232733675,0.7586431920374903,0.2849329232733675,0.19047619047619047,0.9153674832962138,False,A,19586.667612014615,3294.285861140926,19640.20173594378,-3240.7517372117595,4,;Alanine and Aspartate Metabolism;Alternate Carbon Metabolism
b3735,b2285,atpH,nuoE,19586.667612014615,3294.285861140926,19640.20173594378,-3240.7517372117595,0.8583646550824954,0.043845923894187955,0.2849329232733675,0.7586431920374903,0.2849329232733675,0.19047619047619047,0.9153674832962138,False,A,19586.667612014615,3294.285861140926,19640.20173594378,-3240.7517372117595,4,;Alanine and Aspartate Metabolism;Alternate Carbon Metabolism
b3735,b2284,atpH,nuoF,19586.667612014615,3294.285861140926,19640.20173594378,-3240.7517372117595,0.8583646550824954,0.043845923894187955,0.2849329232733675,0.7586431920374903,0.2849329232733675,0.19047619047619047,0.9153674832962138,False,A,19586.667612014615,3294.285861140926,19640.20173594378,-3240.7517372117595,4,;Alanine and Aspartate Metabolism;Alternate Carbon Metabolism
b3735,b2278,atpH,nuoL,19586.667612014615,3294.285861140926,19640.20173594378,-3240.7517372117595,0.8583646550824954,0.043845923894187955,0.2849329232733675,0.7586431920374903,0.2849329232733675,0.19047619047619047,0.9153674832962138,False,A,19586.667612014615,3294.285861140926,19640.20173594378,-3240.7517372117595,4,;Alanine and Aspartate Metabolism;Alternate Carbon Metabolism
b3735,b2279,atpH,nuoK,19586.667612014615,3294.285861140926,19640.20173594378,-3240.7517372117595,0.8583646550824954,0.043845923894187955,0.2849329232733675,0.7586431920374903,0.2849329232733675,0.19047619047619047,0.9153674832962138,False,A,19586.667612014615,3294.285861140926,19640.20173594378,-3240.7517372117595,4,;Alanine and Aspartate Metabolism;Alternate Carbon Metabolism
b3735,b2280,atpH,nuoJ,19586.667612014615,3294.285861140926,19640.20173594378,-3240.7517372117595,0.8583646550824954,0.043845923894187955,0.2849329232733675,0.7586431920374903,0.2849329232733675,0.19047619047619047,0.9153674832962138,False,A,19586.667612014615,3294.285861140926,19640.20173594378,-3240.7517372117595,4,;Alanine and Aspartate Metabolism;Alternate Carbon Metabolism
b3735,b2287,atpH,nuoB,19586.667612014615,3294.285861140926,19640.20173594378,-3240.7517372117595,0.8583646550824954,0.043845923894187955,0.2849329232733675,0.7586431920374903,0.2849329232733675,0.19047619047619047,0.9153674832962138,False,A,19586.667612014615,3294.285861140926,19640.20173594378,-3240.7517372117595,4,;Alanine and Aspartate Metabolism;Alternate Carbon Metabolism
b3735,b2286,atpH,nuoC,19586.667612014615,3294.285861140926,19640.20173594378,-3240.7517372117595,0.8583646550824954,0.043845923894187955,0.2849329232733675,0.7586431920374903,0.2849329232733675,0.19047619047619047,0.9153674832962138,False,A,19586.667612014615,3294.285861140926,19640.20173594378,-3240.7517372117595,4,;Alanine and Aspartate Metabolism;Alternate Carbon Metabolism
b3735,b2682,atpH,ygaZ,19586.667612014615,0.0,19586.667612014615,0.0,0.9999999999999998,-3.704641038382306e-10,0.2849329232733675,0.87699721442697,0.2849329232733675,0.0,0.0,False,X,19586.667612014615,0.0,19586.667612014615,0.0,1,
b3736,b3737,atpF,atpE,19586.667612014615,19586.667612014615,19586.667612014615,-19586.667612014615,0.5,0.21933860380724476,0.2849329232733675,0.2849329232733675,0.2849329232733675,1.0,1.0,False,A,19586.667612014615,19586.667612014615,19586.667612014615,-19586.667612014615,1,;Alanine and Aspartate Metabolism;Alternate Carbon Metabolism
b3736,b3731,atpF,atpC,19586.667612014615,19586.667612014615,19586.667612014615,-19586.667612014615,0.5,0.21933860380724476,0.2849329232733675,0.2849329232733675,0.2849329232733675,1.0,1.0,False,A,19586.667612014615,19586.667612014615,19586.667612014615,-19586.667612014615,1,;Alanine and Aspartate Metabolism;Alternate Carbon Metabolism
b3736,b3732,atpF,atpD,19586.667612014615,19586.667612014615,19586.667612014615,-19586.667612014615,0.5,0.21933860380724476,0.2849329232733675,0.2849329232733675,0.2849329232733675,1.0,1.0,False,A,19586.667612014615,19586.667612014615,19586.667612014615,-19586.667612014615,1,;Alanine and Aspartate Metabolism;Alternate Carbon Metabolism
b3736,b3733,atpF,atpG,19586.667612014615,19586.667612014615,19586.667612014615,-19586.667612014615,0.5,0.21933860380724476,0.2849329232733675,0.2849329232733675,0.2849329232733675,1.0,1.0,False,A,19586.667612014615,19586.667612014615,19586.667612014615,-19586.667612014615,1,;Alanine and Aspartate Metabolism;Alternate Carbon Metabolism
b3736,b3738,atpF,atpB,19586.667612014615,19586.667612014615,19586.667612014615,-19586.667612014615,0.5,0.21933860380724476,0.2849329232733675,0.2849329232733675,0.2849329232733675,1.0,1.0,False,A,19586.667612014615,19586.667612014615,19586.667612014615,-19586.667612014615,1,;Alanine and Aspartate Metabolism;Alternate Carbon Metabolism
b3736,b0115,atpF,aceF,19586.667612014615,569.3957161878707,19592.85104115508,-563.2122870474041,0.9720574262009111,0.00696500191043492,0.2849329232733675,0.8581964695522434,0.2849329232733675,0.034482758620689655,0.905829596412556,False,A,19586.667612014615,0.0,19592.85104115508,6.183429140466615,2,;Alanine and Aspartate Metabolism;Alternate Carbon Metabolism
b3736,b0114,atpF,aceE,19586.667612014615,569.3957161878707,19592.85104115508,-563.2122870474041,0.9720574262009111,0.00696500191043492,0.2849329232733675,0.8581964695522434,0.2849329232733675,0.034482758620689655,0.905829596412556,False,A,19586.667612014615,0.0,19592.85104115508,6.183429140466615,2,;Alanine and Aspartate Metabolism;Alternate Carbon Metabolism
b3736,b3919,atpF,tpiA,19586.667612014615,871.9980214793411,21352.104655442814,893.439021948858,1.043670444493025,-0.08318023501057334,0.2849329232733675,0.8422625567901132,0.20069893650382944,0.04819277108433735,0.8704103671706264,False,A,19586.667612014615,0.0,21352.104655442814,1765.437043428199,2,;Alanine and Aspartate Metabolism;Alternate Carbon Metabolism
b3736,b0429,atpF,cyoD,19586.667612014615,7798.596633039896,20221.517092083144,-7163.747152971367,0.7384086898389134,0.03681781446044441,0.2849329232733675,0.7776142830847725,0.28493292327336717,0.016129032258064516,0.9042316258351893,False,A,19586.667612014615,7798.596633039896,20221.517092083144,-7163.747152971367,2,;Alanine and Aspartate Metabolism;Alternate Carbon Metabolism
b3736,b0432,atpF,cyoA,19586.667612014615,7798.596633039896,20221.517092083144,-7163.747152971367,0.7384086898389134,0.03681781446044441,0.2849329232733675,0.7776142830847725,0.28493292327336717,0.016129032258064516,0.9042316258351893,False,A,19586.667612014615,7798.596633039896,20221.517092083144,-7163.747152971367,2,;Alanine and Aspartate Metabolism;Alternate Carbon Metabolism
b3736,b0430,atpF,cyoC,19586.667612014615,7798.596633039896,20221.517092083144,-7163.747152971367,0.7384086898389134,0.03681781446044441,0.2849329232733675,0.7776142830847725,0.28493292327336717,0.016129032258064516,0.9042316258351893,False,A,19586.667612014615,7798.596633039896,20221.517092083144,-7163.747152971367,2,;Alanine and Aspartate Metabolism;Alternate Carbon Metabolism
b3736,b0431,atpF,cyoB,19586.667612014615,7798.596633039896,20221.517092083144,-7163.747152971367,0.7384086898389134,0.03681781446044441,0.2849329232733675,0.7776142830847725,0.28493292327336717,0.016129032258064516,0.9042316258351893,False,A,19586.667612014615,7798.596633039896,20221.517092083144,-7163.747152971367,2,;Alanine and Aspartate Metabolism;Alternate Carbon Metabolism
b3736,b0722,atpF,sdhD,19586.667612014615,3719.237820017231,19586.66761201494,-3719.2378200169073,0.8404165059854247,0.01303345570837866,0.2849329232733675,0.8418157926999568,0.28493292327338415,0.06896551724137931,0.8728448275862069,False,A,19586.667612014615,0.0,19586.66761201494,3.2378011383116245e-10,2,;Alanine and Aspartate Metabolism;Alternate Carbon Metabolism
b3736,b0723,atpF,sdhA,19586.667612014615,3719.237820017231,19586.66761201494,-3719.2378200169073,0.8404165059854247,0.01303345570837866,0.2849329232733675,0.8418157926999568,0.28493292327338415,0.06896551724137931,0.8728448275862069,False,A,19586.667612014615,0.0,19586.66761201494,3.2378011383116245e-10,2,;Alanine and Aspartate Metabolism;Alternate Carbon Metabolism
b3736,b0721,atpF,sdhC,19586.667612014615,3719.237820017231,19586.66761201494,-3719.2378200169073,0.8404165059854247,0.01303345570837866,0.2849329232733675,0.8418157926999568,0.28493292327338415,0.06896551724137931,0.8728448275862069,False,A,19586.667612014615,0.0,19586.66761201494,3.2378011383116245e-10,2,;Alanine and Aspartate Metabolism;Alternate Carbon Metabolism
b3736,b0724,atpF,sdhB,19586.667612014615,3719.237820017231,19586.66761201494,-3719.2378200169073,0.8404165059854247,0.01303345570837866,0.2849329232733675,0.8418157926999568,0.28493292327338415,0.06896551724137931,0.8728448275862069,False,A,19586.667612014615,0.0,19586.66761201494,3.2378011383116245e-10,2,;Alanine and Aspartate Metabolism;Alternate Carbon Metabolism
b3736,b2283,atpF,nuoG,19586.667612014615,3294.285861140926,19640.20173594378,-3240.7517372117595,0.8583646550824954,0.043845923894187955,0.2849329232733675,0.7586431920374903,0.2849329232733675,0.19047619047619047,0.9153674832962138,False,A,19586.667612014615,3294.285861140926,19640.20173594378,-3240.7517372117595,4,;Alanine and Aspartate Metabolism;Alternate Carbon Metabolism
b3736,b2282,atpF,nuoH,19586.667612014615,3294.285861140926,19640.20173594378,-3240.7517372117595,0.8583646550824954,0.043845923894187955,0.2849329232733675,0.7586431920374903,0.2849329232733675,0.19047619047619047,0.9153674832962138,False,A,19586.667612014615,3294.285861140926,19640.20173594378,-3240.7517372117595,4,;Alanine and Aspartate Metabolism;Alternate Carbon Metabolism
b3736,b2281,atpF,nuoI,19586.667612014615,3294.285861140926,19640.20173594378,-3240.7517372117595,0.8583646550824954,0.043845923894187955,0.2849329232733675,0.7586431920374903,0.2849329232733675,0.19047619047619047,0.9153674832962138,False,A,19586.667612014615,3294.285861140926,19640.20173594378,-3240.7517372117595,4,;Alanine and Aspartate Metabolism;Alternate Carbon Metabolism
b3736,b2288,atpF,nuoA,19586.667612014615,3294.285861140926,19640.20173594378,-3240.7517372117595,0.8583646550824954,0.043845923894187955,0.2849329232733675,0.7586431920374903,0.2849329232733675,0.19047619047619047,0.9153674832962138,False,A,19586.667612014615,3294.285861140926,19640.20173594378,-3240.7517372117595,4,;Alanine and Aspartate Metabolism;Alternate Carbon Metabolism
b3736,b2276,atpF,nuoN,19586.667612014615,3294.285861140926,19640.20173594378,-3240.7517372117595,0.8583646550824954,0.043845923894187955,0.2849329232733675,0.7586431920374903,0.2849329232733675,0.19047619047619047,0.9153674832962138,False,A,19586.667612014615,3294.285861140926,19640.20173594378,-3240.7517372117595,4,;Alanine and Aspartate Metabolism;Alternate Carbon Metabolism
b3736,b2277,atpF,nuoM,19586.667612014615,3294.285861140926,19640.20173594378,-3240.7517372117595,0.8583646550824954,0.043845923894187955,0.2849329232733675,0.7586431920374903,0.2849329232733675,0.19047619047619047,0.9153674832962138,False,A,19586.667612014615,3294.285861140926,19640.20173594378,-3240.7517372117595,4,;Alanine and Aspartate Metabolism;Alternate Carbon Metabolism
b3736,b2285,atpF,nuoE,19586.667612014615,3294.285861140926,19640.20173594378,-3240.7517372117595,0.8583646550824954,0.043845923894187955,0.2849329232733675,0.7586431920374903,0.2849329232733675,0.19047619047619047,0.9153674832962138,False,A,19586.667612014615,3294.285861140926,19640.20173594378,-3240.7517372117595,4,;Alanine and Aspartate Metabolism;Alternate Carbon Metabolism
b3736,b2284,atpF,nuoF,19586.667612014615,3294.285861140926,19640.20173594378,-3240.7517372117595,0.8583646550824954,0.043845923894187955,0.2849329232733675,0.7586431920374903,0.2849329232733675,0.19047619047619047,0.9153674832962138,False,A,19586.667612014615,3294.285861140926,19640.20173594378,-3240.7517372117595,4,;Alanine and Aspartate Metabolism;Alternate Carbon Metabolism
b3736,b2278,atpF,nuoL,19586.667612014615,3294.285861140926,19640.20173594378,-3240.7517372117595,0.8583646550824954,0.043845923894187955,0.2849329232733675,0.7586431920374903,0.2849329232733675,0.19047619047619047,0.9153674832962138,False,A,19586.667612014615,3294.285861140926,19640.20173594378,-3240.7517372117595,4,;Alanine and Aspartate Metabolism;Alternate Carbon Metabolism
b3736,b2279,atpF,nuoK,19586.667612014615,3294.285861140926,19640.20173594378,-3240.7517372117595,0.8583646550824954,0.043845923894187955,0.2849329232733675,0.7586431920374903,0.2849329232733675,0.19047619047619047,0.9153674832962138,False,A,19586.667612014615,3294.285861140926,19640.20173594378,-3240.7517372117595,4,;Alanine and Aspartate Metabolism;Alternate Carbon Metabolism
b3736,b2280,atpF,nuoJ,19586.667612014615,3294.285861140926,19640.20173594378,-3240.7517372117595,0.8583646550824954,0.043845923894187955,0.2849329232733675,0.7586431920374903,0.2849329232733675,0.19047619047619047,0.9153674832962138,False,A,19586.667612014615,3294.285861140926,19640.20173594378,-3240.7517372117595,4,;Alanine and Aspartate Metabolism;Alternate Carbon Metabolism
b3736,b2287,atpF,nuoB,19586.667612014615,3294.285861140926,19640.20173594378,-3240.7517372117595,0.8583646550824954,0.043845923894187955,0.2849329232733675,0.7586431920374903,0.2849329232733675,0.19047619047619047,0.9153674832962138,False,A,19586.667612014615,3294.285861140926,19640.20173594378,-3240.7517372117595,4,;Alanine and Aspartate Metabolism;Alternate Carbon Metabolism
b3736,b2286,atpF,nuoC,19586.667612014615,3294.285861140926,19640.20173594378,-3240.7517372117595,0.8583646550824954,0.043845923894187955,0.2849329232733675,0.7586431920374903,0.2849329232733675,0.19047619047619047,0.9153674832962138,False,A,19586.667612014615,3294.285861140926,19640.20173594378,-3240.7517372117595,4,;Alanine and Aspartate Metabolism;Alternate Carbon Metabolism
b3737,b3731,atpE,atpC,19586.667612014615,19586.667612014615,19586.667612014615,-19586.667612014615,0.5,0.21933860380724476,0.2849329232733675,0.2849329232733675,0.2849329232733675,1.0,1.0,False,A,19586.667612014615,19586.667612014615,19586.667612014615,-19586.667612014615,1,;Alanine and Aspartate Metabolism;Alternate Carbon Metabolism
b3737,b3732,atpE,atpD,19586.667612014615,19586.667612014615,19586.667612014615,-19586.667612014615,0.5,0.21933860380724476,0.2849329232733675,0.2849329232733675,0.2849329232733675,1.0,1.0,False,A,19586.667612014615,19586.667612014615,19586.667612014615,-19586.667612014615,1,;Alanine and Aspartate Metabolism;Alternate Carbon Metabolism
b3737,b3733,atpE,atpG,19586.667612014615,19586.667612014615,19586.667612014615,-19586.667612014615,0.5,0.21933860380724476,0.2849329232733675,0.2849329232733675,0.2849329232733675,1.0,1.0,False,A,19586.667612014615,19586.667612014615,19586.667612014615,-19586.667612014615,1,;Alanine and Aspartate Metabolism;Alternate Carbon Metabolism
b3737,b3738,atpE,atpB,19586.667612014615,19586.667612014615,19586.667612014615,-19586.667612014615,0.5,0.21933860380724476,0.2849329232733675,0.2849329232733675,0.2849329232733675,1.0,1.0,False,A,19586.667612014615,19586.667612014615,19586.667612014615,-19586.667612014615,1,;Alanine and Aspartate Metabolism;Alternate Carbon Metabolism
b3737,b0934,atpE,ssuC,19586.667612014615,0.0,19586.667612014615,0.0,0.9999999999999998,-3.704641038382306e-10,0.2849329232733675,0.87699721442697,0.2849329232733675,0.0,0.0,False,X,19586.667612014615,0.0,19586.667612014615,0.0,4,
b3737,b1857,atpE,znuA,19586.667612014615,0.0,19586.667612014615,0.0,0.9999999999999998,-3.704642703716843e-10,0.2849329232733675,0.8769972144269703,0.2849329232733675,0.0,0.0,False,X,19586.667612014615,0.0,19586.667612014615,0.0,2,
b3737,b3371,atpE,frlB,19586.667612014615,0.0,19586.667612014615,0.0,0.9999999999999998,-3.704641038382306e-10,0.2849329232733675,0.87699721442697,0.2849329232733675,0.0,0.0,False,X,19586.667612014615,0.0,19586.667612014615,0.0,2,
b3737,b0115,atpE,aceF,19586.667612014615,569.3957161878707,19592.85104115508,-563.2122870474041,0.9720574262009111,0.00696500191043492,0.2849329232733675,0.8581964695522434,0.2849329232733675,0.034482758620689655,0.905829596412556,False,A,19586.667612014615,0.0,19592.85104115508,6.183429140466615,2,;Alanine and Aspartate Metabolism;Alternate Carbon Metabolism
b3737,b0114,atpE,aceE,19586.667612014615,569.3957161878707,19592.85104115508,-563.2122870474041,0.9720574262009111,0.00696500191043492,0.2849329232733675,0.8581964695522434,0.2849329232733675,0.034482758620689655,0.905829596412556,False,A,19586.667612014615,0.0,19592.85104115508,6.183429140466615,2,;Alanine and Aspartate Metabolism;Alternate Carbon Metabolism
b3737,b3919,atpE,tpiA,19586.667612014615,871.9980214793411,21352.104655442814,893.439021948858,1.043670444493025,-0.08318023501057334,0.2849329232733675,0.8422625567901132,0.20069893650382944,0.04819277108433735,0.8704103671706264,False,A,19586.667612014615,0.0,21352.104655442814,1765.437043428199,2,;Alanine and Aspartate Metabolism;Alternate Carbon Metabolism
b3737,b0832,atpE,gsiD,19586.667612014615,0.0,19586.66761201461,-3.637978807091713e-12,0.9999999999999997,-3.7046421486053305e-10,0.2849329232733675,0.8769972144269701,0.2849329232733675,0.0,0.0,False,X,19586.667612014615,0.0,19586.66761201461,-3.637978807091713e-12,2,
b3737,b0429,atpE,cyoD,19586.667612014615,7798.596633039896,20221.517092083144,-7163.747152971367,0.7384086898389134,0.03681781446044441,0.2849329232733675,0.7776142830847725,0.28493292327336717,0.016129032258064516,0.9042316258351893,False,A,19586.667612014615,7798.596633039896,20221.517092083144,-7163.747152971367,2,;Alanine and Aspartate Metabolism;Alternate Carbon Metabolism
b3737,b0432,atpE,cyoA,19586.667612014615,7798.596633039896,20221.517092083144,-7163.747152971367,0.7384086898389134,0.03681781446044441,0.2849329232733675,0.7776142830847725,0.28493292327336717,0.016129032258064516,0.9042316258351893,False,A,19586.667612014615,7798.596633039896,20221.517092083144,-7163.747152971367,2,;Alanine and Aspartate Metabolism;Alternate Carbon Metabolism
b3737,b0430,atpE,cyoC,19586.667612014615,7798.596633039896,20221.517092083144,-7163.747152971367,0.7384086898389134,0.03681781446044441,0.2849329232733675,0.7776142830847725,0.28493292327336717,0.016129032258064516,0.9042316258351893,False,A,19586.667612014615,7798.596633039896,20221.517092083144,-7163.747152971367,2,;Alanine and Aspartate Metabolism;Alternate Carbon Metabolism
b3737,b0431,atpE,cyoB,19586.667612014615,7798.596633039896,20221.517092083144,-7163.747152971367,0.7384086898389134,0.03681781446044441,0.2849329232733675,0.7776142830847725,0.28493292327336717,0.016129032258064516,0.9042316258351893,False,A,19586.667612014615,7798.596633039896,20221.517092083144,-7163.747152971367,2,;Alanine and Aspartate Metabolism;Alternate Carbon Metabolism
b3737,b0722,atpE,sdhD,19586.667612014615,3719.237820017231,19586.66761201494,-3719.2378200169073,0.8404165059854247,0.01303345570837866,0.2849329232733675,0.8418157926999568,0.28493292327338415,0.06896551724137931,0.8728448275862069,False,A,19586.667612014615,0.0,19586.66761201494,3.2378011383116245e-10,2,;Alanine and Aspartate Metabolism;Alternate Carbon Metabolism
b3737,b0723,atpE,sdhA,19586.667612014615,3719.237820017231,19586.66761201494,-3719.2378200169073,0.8404165059854247,0.01303345570837866,0.2849329232733675,0.8418157926999568,0.28493292327338415,0.06896551724137931,0.8728448275862069,False,A,19586.667612014615,0.0,19586.66761201494,3.2378011383116245e-10,2,;Alanine and Aspartate Metabolism;Alternate Carbon Metabolism
b3737,b0721,atpE,sdhC,19586.667612014615,3719.237820017231,19586.66761201494,-3719.2378200169073,0.8404165059854247,0.01303345570837866,0.2849329232733675,0.8418157926999568,0.28493292327338415,0.06896551724137931,0.8728448275862069,False,A,19586.667612014615,0.0,19586.66761201494,3.2378011383116245e-10,2,;Alanine and Aspartate Metabolism;Alternate Carbon Metabolism
b3737,b0724,atpE,sdhB,19586.667612014615,3719.237820017231,19586.66761201494,-3719.2378200169073,0.8404165059854247,0.01303345570837866,0.2849329232733675,0.8418157926999568,0.28493292327338415,0.06896551724137931,0.8728448275862069,False,A,19586.667612014615,0.0,19586.66761201494,3.2378011383116245e-10,2,;Alanine and Aspartate Metabolism;Alternate Carbon Metabolism
b3737,b2283,atpE,nuoG,19586.667612014615,3294.285861140926,19640.20173594378,-3240.7517372117595,0.8583646550824954,0.043845923894187955,0.2849329232733675,0.7586431920374903,0.2849329232733675,0.19047619047619047,0.9153674832962138,False,A,19586.667612014615,3294.285861140926,19640.20173594378,-3240.7517372117595,4,;Alanine and Aspartate Metabolism;Alternate Carbon Metabolism
b3737,b2282,atpE,nuoH,19586.667612014615,3294.285861140926,19640.20173594378,-3240.7517372117595,0.8583646550824954,0.043845923894187955,0.2849329232733675,0.7586431920374903,0.2849329232733675,0.19047619047619047,0.9153674832962138,False,A,19586.667612014615,3294.285861140926,19640.20173594378,-3240.7517372117595,4,;Alanine and Aspartate Metabolism;Alternate Carbon Metabolism
b3737,b2281,atpE,nuoI,19586.667612014615,3294.285861140926,19640.20173594378,-3240.7517372117595,0.8583646550824954,0.043845923894187955,0.2849329232733675,0.7586431920374903,0.2849329232733675,0.19047619047619047,0.9153674832962138,False,A,19586.667612014615,3294.285861140926,19640.20173594378,-3240.7517372117595,4,;Alanine and Aspartate Metabolism;Alternate Carbon Metabolism
b3737,b2288,atpE,nuoA,19586.667612014615,3294.285861140926,19640.20173594378,-3240.7517372117595,0.8583646550824954,0.043845923894187955,0.2849329232733675,0.7586431920374903,0.2849329232733675,0.19047619047619047,0.9153674832962138,False,A,19586.667612014615,3294.285861140926,19640.20173594378,-3240.7517372117595,4,;Alanine and Aspartate Metabolism;Alternate Carbon Metabolism
b3737,b2276,atpE,nuoN,19586.667612014615,3294.285861140926,19640.20173594378,-3240.7517372117595,0.8583646550824954,0.043845923894187955,0.2849329232733675,0.7586431920374903,0.2849329232733675,0.19047619047619047,0.9153674832962138,False,A,19586.667612014615,3294.285861140926,19640.20173594378,-3240.7517372117595,4,;Alanine and Aspartate Metabolism;Alternate Carbon Metabolism
b3737,b2277,atpE,nuoM,19586.667612014615,3294.285861140926,19640.20173594378,-3240.7517372117595,0.8583646550824954,0.043845923894187955,0.2849329232733675,0.7586431920374903,0.2849329232733675,0.19047619047619047,0.9153674832962138,False,A,19586.667612014615,3294.285861140926,19640.20173594378,-3240.7517372117595,4,;Alanine and Aspartate Metabolism;Alternate Carbon Metabolism
b3737,b2285,atpE,nuoE,19586.667612014615,3294.285861140926,19640.20173594378,-3240.7517372117595,0.8583646550824954,0.043845923894187955,0.2849329232733675,0.7586431920374903,0.2849329232733675,0.19047619047619047,0.9153674832962138,False,A,19586.667612014615,3294.285861140926,19640.20173594378,-3240.7517372117595,4,;Alanine and Aspartate Metabolism;Alternate Carbon Metabolism
b3737,b2284,atpE,nuoF,19586.667612014615,3294.285861140926,19640.20173594378,-3240.7517372117595,0.8583646550824954,0.043845923894187955,0.2849329232733675,0.7586431920374903,0.2849329232733675,0.19047619047619047,0.9153674832962138,False,A,19586.667612014615,3294.285861140926,19640.20173594378,-3240.7517372117595,4,;Alanine and Aspartate Metabolism;Alternate Carbon Metabolism
b3737,b2278,atpE,nuoL,19586.667612014615,3294.285861140926,19640.20173594378,-3240.7517372117595,0.8583646550824954,0.043845923894187955,0.2849329232733675,0.7586431920374903,0.2849329232733675,0.19047619047619047,0.9153674832962138,False,A,19586.667612014615,3294.285861140926,19640.20173594378,-3240.7517372117595,4,;Alanine and Aspartate Metabolism;Alternate Carbon Metabolism
b3737,b2279,atpE,nuoK,19586.667612014615,3294.285861140926,19640.20173594378,-3240.7517372117595,0.8583646550824954,0.043845923894187955,0.2849329232733675,0.7586431920374903,0.2849329232733675,0.19047619047619047,0.9153674832962138,False,A,19586.667612014615,3294.285861140926,19640.20173594378,-3240.7517372117595,4,;Alanine and Aspartate Metabolism;Alternate Carbon Metabolism
b3737,b2280,atpE,nuoJ,19586.667612014615,3294.285861140926,19640.20173594378,-3240.7517372117595,0.8583646550824954,0.043845923894187955,0.2849329232733675,0.7586431920374903,0.2849329232733675,0.19047619047619047,0.9153674832962138,False,A,19586.667612014615,3294.285861140926,19640.20173594378,-3240.7517372117595,4,;Alanine and Aspartate Metabolism;Alternate Carbon Metabolism
b3737,b2287,atpE,nuoB,19586.667612014615,3294.285861140926,19640.20173594378,-3240.7517372117595,0.8583646550824954,0.043845923894187955,0.2849329232733675,0.7586431920374903,0.2849329232733675,0.19047619047619047,0.9153674832962138,False,A,19586.667612014615,3294.285861140926,19640.20173594378,-3240.7517372117595,4,;Alanine and Aspartate Metabolism;Alternate Carbon Metabolism
b3737,b2286,atpE,nuoC,19586.667612014615,3294.285861140926,19640.20173594378,-3240.7517372117595,0.8583646550824954,0.043845923894187955,0.2849329232733675,0.7586431920374903,0.2849329232733675,0.19047619047619047,0.9153674832962138,False,A,19586.667612014615,3294.285861140926,19640.20173594378,-3240.7517372117595,4,;Alanine and Aspartate Metabolism;Alternate Carbon Metabolism
b3731,b3732,atpC,atpD,19586.667612014615,19586.667612014615,19586.667612014615,-19586.667612014615,0.5,0.21933860380724476,0.2849329232733675,0.2849329232733675,0.2849329232733675,1.0,1.0,False,A,19586.667612014615,19586.667612014615,19586.667612014615,-19586.667612014615,1,;Alanine and Aspartate Metabolism;Alternate Carbon Metabolism
b3731,b3733,atpC,atpG,19586.667612014615,19586.667612014615,19586.667612014615,-19586.667612014615,0.5,0.21933860380724476,0.2849329232733675,0.2849329232733675,0.2849329232733675,1.0,1.0,False,A,19586.667612014615,19586.667612014615,19586.667612014615,-19586.667612014615,1,;Alanine and Aspartate Metabolism;Alternate Carbon Metabolism
b3731,b3738,atpC,atpB,19586.667612014615,19586.667612014615,19586.667612014615,-19586.667612014615,0.5,0.21933860380724476,0.2849329232733675,0.2849329232733675,0.2849329232733675,1.0,1.0,False,A,19586.667612014615,19586.667612014615,19586.667612014615,-19586.667612014615,1,;Alanine and Aspartate Metabolism;Alternate Carbon Metabolism
b3731,b0934,atpC,ssuC,19586.667612014615,0.0,19586.667612014615,0.0,0.9999999999999998,-3.704641038382306e-10,0.2849329232733675,0.87699721442697,0.2849329232733675,0.0,0.0,False,X,19586.667612014615,0.0,19586.667612014615,0.0,4,
b3731,b1296,atpC,puuP,19586.667612014615,0.0,19586.667612014615,0.0,0.9999999999999998,-3.704641038382306e-10,0.2849329232733675,0.87699721442697,0.2849329232733675,0.0,0.0,False,X,19586.667612014615,0.0,19586.667612014615,0.0,1,
b3731,b2871,atpC,ygeX,19586.667612014615,0.0,19586.667612014615,0.0,0.9999999999999998,-3.704641038382306e-10,0.2849329232733675,0.87699721442697,0.2849329232733675,0.0,0.0,False,X,19586.667612014615,0.0,19586.667612014615,0.0,2,
b3731,b0696,atpC,kdpC,19586.667612014615,0.0,19586.667612014553,-6.184563972055912e-11,0.9999999999999967,-3.7046615775082614e-10,0.2849329232733675,0.8769972144269703,0.28493292327336583,0.0,0.0,False,X,19586.667612014615,0.0,19586.667612014553,-6.184563972055912e-11,2,
b3731,b0115,atpC,aceF,19586.667612014615,569.3957161878707,19592.85104115508,-563.2122870474041,0.9720574262009111,0.00696500191043492,0.2849329232733675,0.8581964695522434,0.2849329232733675,0.034482758620689655,0.905829596412556,False,A,19586.667612014615,0.0,19592.85104115508,6.183429140466615,2,;Alanine and Aspartate Metabolism;Alternate Carbon Metabolism
b3731,b0114,atpC,aceE,19586.667612014615,569.3957161878707,19592.85104115508,-563.2122870474041,0.9720574262009111,0.00696500191043492,0.2849329232733675,0.8581964695522434,0.2849329232733675,0.034482758620689655,0.905829596412556,False,A,19586.667612014615,0.0,19592.85104115508,6.183429140466615,2,;Alanine and Aspartate Metabolism;Alternate Carbon Metabolism
b3731,b3919,atpC,tpiA,19586.667612014615,871.9980214793411,21352.104655442814,893.439021948858,1.043670444493025,-0.08318023501057334,0.2849329232733675,0.8422625567901132,0.20069893650382944,0.04819277108433735,0.8704103671706264,False,A,19586.667612014615,0.0,21352.104655442814,1765.437043428199,2,;Alanine and Aspartate Metabolism;Alternate Carbon Metabolism
b3731,b2146,atpC,preT,19586.667612014615,0.0,19586.667612014615,0.0,0.9999999999999998,-3.704641038382306e-10,0.2849329232733675,0.87699721442697,0.2849329232733675,0.0,0.0,False,X,19586.667612014615,0.0,19586.667612014615,0.0,2,
b3731,b0429,atpC,cyoD,19586.667612014615,7798.596633039896,20221.517092083144,-7163.747152971367,0.7384086898389134,0.03681781446044441,0.2849329232733675,0.7776142830847725,0.28493292327336717,0.016129032258064516,0.9042316258351893,False,A,19586.667612014615,7798.596633039896,20221.517092083144,-7163.747152971367,2,;Alanine and Aspartate Metabolism;Alternate Carbon Metabolism
b3731,b0432,atpC,cyoA,19586.667612014615,7798.596633039896,20221.517092083144,-7163.747152971367,0.7384086898389134,0.03681781446044441,0.2849329232733675,0.7776142830847725,0.28493292327336717,0.016129032258064516,0.9042316258351893,False,A,19586.667612014615,7798.596633039896,20221.517092083144,-7163.747152971367,2,;Alanine and Aspartate Metabolism;Alternate Carbon Metabolism
b3731,b0430,atpC,cyoC,19586.667612014615,7798.596633039896,20221.517092083144,-7163.747152971367,0.7384086898389134,0.03681781446044441,0.2849329232733675,0.7776142830847725,0.28493292327336717,0.016129032258064516,0.9042316258351893,False,A,19586.667612014615,7798.596633039896,20221.517092083144,-7163.747152971367,2,;Alanine and Aspartate Metabolism;Alternate Carbon Metabolism
b3731,b0431,atpC,cyoB,19586.667612014615,7798.596633039896,20221.517092083144,-7163.747152971367,0.7384086898389134,0.03681781446044441,0.2849329232733675,0.7776142830847725,0.28493292327336717,0.016129032258064516,0.9042316258351893,False,A,19586.667612014615,7798.596633039896,20221.517092083144,-7163.747152971367,2,;Alanine and Aspartate Metabolism;Alternate Carbon Metabolism
b3731,b0722,atpC,sdhD,19586.667612014615,3719.237820017231,19586.66761201494,-3719.2378200169073,0.8404165059854247,0.01303345570837866,0.2849329232733675,0.8418157926999568,0.28493292327338415,0.06896551724137931,0.8728448275862069,False,A,19586.667612014615,0.0,19586.66761201494,3.2378011383116245e-10,2,;Alanine and Aspartate Metabolism;Alternate Carbon Metabolism
b3731,b0723,atpC,sdhA,19586.667612014615,3719.237820017231,19586.66761201494,-3719.2378200169073,0.8404165059854247,0.01303345570837866,0.2849329232733675,0.8418157926999568,0.28493292327338415,0.06896551724137931,0.8728448275862069,False,A,19586.667612014615,0.0,19586.66761201494,3.2378011383116245e-10,2,;Alanine and Aspartate Metabolism;Alternate Carbon Metabolism
b3731,b0721,atpC,sdhC,19586.667612014615,3719.237820017231,19586.66761201494,-3719.2378200169073,0.8404165059854247,0.01303345570837866,0.2849329232733675,0.8418157926999568,0.28493292327338415,0.06896551724137931,0.8728448275862069,False,A,19586.667612014615,0.0,19586.66761201494,3.2378011383116245e-10,2,;Alanine and Aspartate Metabolism;Alternate Carbon Metabolism
b3731,b0724,atpC,sdhB,19586.667612014615,3719.237820017231,19586.66761201494,-3719.2378200169073,0.8404165059854247,0.01303345570837866,0.2849329232733675,0.8418157926999568,0.28493292327338415,0.06896551724137931,0.8728448275862069,False,A,19586.667612014615,0.0,19586.66761201494,3.2378011383116245e-10,2,;Alanine and Aspartate Metabolism;Alternate Carbon Metabolism
b3731,b2283,atpC,nuoG,19586.667612014615,3294.285861140926,19640.20173594378,-3240.7517372117595,0.8583646550824954,0.043845923894187955,0.2849329232733675,0.7586431920374903,0.2849329232733675,0.19047619047619047,0.9153674832962138,False,A,19586.667612014615,3294.285861140926,19640.20173594378,-3240.7517372117595,4,;Alanine and Aspartate Metabolism;Alternate Carbon Metabolism
b3731,b2282,atpC,nuoH,19586.667612014615,3294.285861140926,19640.20173594378,-3240.7517372117595,0.8583646550824954,0.043845923894187955,0.2849329232733675,0.7586431920374903,0.2849329232733675,0.19047619047619047,0.9153674832962138,False,A,19586.667612014615,3294.285861140926,19640.20173594378,-3240.7517372117595,4,;Alanine and Aspartate Metabolism;Alternate Carbon Metabolism
b3731,b2281,atpC,nuoI,19586.667612014615,3294.285861140926,19640.20173594378,-3240.7517372117595,0.8583646550824954,0.043845923894187955,0.2849329232733675,0.7586431920374903,0.2849329232733675,0.19047619047619047,0.9153674832962138,False,A,19586.667612014615,3294.285861140926,19640.20173594378,-3240.7517372117595,4,;Alanine and Aspartate Metabolism;Alternate Carbon Metabolism
b3731,b2288,atpC,nuoA,19586.667612014615,3294.285861140926,19640.20173594378,-3240.7517372117595,0.8583646550824954,0.043845923894187955,0.2849329232733675,0.7586431920374903,0.2849329232733675,0.19047619047619047,0.9153674832962138,False,A,19586.667612014615,3294.285861140926,19640.20173594378,-3240.7517372117595,4,;Alanine and Aspartate Metabolism;Alternate Carbon Metabolism
b3731,b2276,atpC,nuoN,19586.667612014615,3294.285861140926,19640.20173594378,-3240.7517372117595,0.8583646550824954,0.043845923894187955,0.2849329232733675,0.7586431920374903,0.2849329232733675,0.19047619047619047,0.9153674832962138,False,A,19586.667612014615,3294.285861140926,19640.20173594378,-3240.7517372117595,4,;Alanine and Aspartate Metabolism;Alternate Carbon Metabolism
b3731,b2277,atpC,nuoM,19586.667612014615,3294.285861140926,19640.20173594378,-3240.7517372117595,0.8583646550824954,0.043845923894187955,0.2849329232733675,0.7586431920374903,0.2849329232733675,0.19047619047619047,0.9153674832962138,False,A,19586.667612014615,3294.285861140926,19640.20173594378,-3240.7517372117595,4,;Alanine and Aspartate Metabolism;Alternate Carbon Metabolism
b3731,b2285,atpC,nuoE,19586.667612014615,3294.285861140926,19640.20173594378,-3240.7517372117595,0.8583646550824954,0.043845923894187955,0.2849329232733675,0.7586431920374903,0.2849329232733675,0.19047619047619047,0.9153674832962138,False,A,19586.667612014615,3294.285861140926,19640.20173594378,-3240.7517372117595,4,;Alanine and Aspartate Metabolism;Alternate Carbon Metabolism
b3731,b2284,atpC,nuoF,19586.667612014615,3294.285861140926,19640.20173594378,-3240.7517372117595,0.8583646550824954,0.043845923894187955,0.2849329232733675,0.7586431920374903,0.2849329232733675,0.19047619047619047,0.9153674832962138,False,A,19586.667612014615,3294.285861140926,19640.20173594378,-3240.7517372117595,4,;Alanine and Aspartate Metabolism;Alternate Carbon Metabolism
b3731,b2278,atpC,nuoL,19586.667612014615,3294.285861140926,19640.20173594378,-3240.7517372117595,0.8583646550824954,0.043845923894187955,0.2849329232733675,0.7586431920374903,0.2849329232733675,0.19047619047619047,0.9153674832962138,False,A,19586.667612014615,3294.285861140926,19640.20173594378,-3240.7517372117595,4,;Alanine and Aspartate Metabolism;Alternate Carbon Metabolism
b3731,b2279,atpC,nuoK,19586.667612014615,3294.285861140926,19640.20173594378,-3240.7517372117595,0.8583646550824954,0.043845923894187955,0.2849329232733675,0.7586431920374903,0.2849329232733675,0.19047619047619047,0.9153674832962138,False,A,19586.667612014615,3294.285861140926,19640.20173594378,-3240.7517372117595,4,;Alanine and Aspartate Metabolism;Alternate Carbon Metabolism
b3731,b2280,atpC,nuoJ,19586.667612014615,3294.285861140926,19640.20173594378,-3240.7517372117595,0.8583646550824954,0.043845923894187955,0.2849329232733675,0.7586431920374903,0.2849329232733675,0.19047619047619047,0.9153674832962138,False,A,19586.667612014615,3294.285861140926,19640.20173594378,-3240.7517372117595,4,;Alanine and Aspartate Metabolism;Alternate Carbon Metabolism
b3731,b2287,atpC,nuoB,19586.667612014615,3294.285861140926,19640.20173594378,-3240.7517372117595,0.8583646550824954,0.043845923894187955,0.2849329232733675,0.7586431920374903,0.2849329232733675,0.19047619047619047,0.9153674832962138,False,A,19586.667612014615,3294.285861140926,19640.20173594378,-3240.7517372117595,4,;Alanine and Aspartate Metabolism;Alternate Carbon Metabolism
b3731,b2286,atpC,nuoC,19586.667612014615,3294.285861140926,19640.20173594378,-3240.7517372117595,0.8583646550824954,0.043845923894187955,0.2849329232733675,0.7586431920374903,0.2849329232733675,0.19047619047619047,0.9153674832962138,False,A,19586.667612014615,3294.285861140926,19640.20173594378,-3240.7517372117595,4,;Alanine and Aspartate Metabolism;Alternate Carbon Metabolism
b3731,b1473,atpC,yddG,19586.667612014615,0.0,19586.66761201551,8.949427865445614e-10,1.0000000000000455,-3.704136997129126e-10,0.2849329232733675,0.8769972144269699,0.2849329232734117,0.0,0.0,False,X,19586.667612014615,0.0,19586.66761201551,8.949427865445614e-10,4,
b3732,b3733,atpD,atpG,19586.667612014615,19586.667612014615,19586.667612014615,-19586.667612014615,0.5,0.21933860380724476,0.2849329232733675,0.2849329232733675,0.2849329232733675,1.0,1.0,False,A,19586.667612014615,19586.667612014615,19586.667612014615,-19586.667612014615,1,;Alanine and Aspartate Metabolism;Alternate Carbon Metabolism
b3732,b3738,atpD,atpB,19586.667612014615,19586.667612014615,19586.667612014615,-19586.667612014615,0.5,0.21933860380724476,0.2849329232733675,0.2849329232733675,0.2849329232733675,1.0,1.0,False,A,19586.667612014615,19586.667612014615,19586.667612014615,-19586.667612014615,1,;Alanine and Aspartate Metabolism;Alternate Carbon Metabolism
b3732,b1296,atpD,puuP,19586.667612014615,0.0,19586.667612014615,0.0,0.9999999999999998,-3.704641038382306e-10,0.2849329232733675,0.87699721442697,0.2849329232733675,0.0,0.0,False,X,19586.667612014615,0.0,19586.667612014615,0.0,1,
b3732,b1857,atpD,znuA,19586.667612014615,0.0,19586.667612014615,0.0,0.9999999999999998,-3.704642703716843e-10,0.2849329232733675,0.8769972144269703,0.2849329232733675,0.0,0.0,False,X,19586.667612014615,0.0,19586.667612014615,0.0,2,
b3732,b3371,atpD,frlB,19586.667612014615,0.0,19586.667612014615,0.0,0.9999999999999998,-3.704641038382306e-10,0.2849329232733675,0.87699721442697,0.2849329232733675,0.0,0.0,False,X,19586.667612014615,0.0,19586.667612014615,0.0,2,
b3732,b0115,atpD,aceF,19586.667612014615,569.3957161878707,19592.85104115508,-563.2122870474041,0.9720574262009111,0.00696500191043492,0.2849329232733675,0.8581964695522434,0.2849329232733675,0.034482758620689655,0.905829596412556,False,A,19586.667612014615,0.0,19592.85104115508,6.183429140466615,2,;Alanine and Aspartate Metabolism;Alternate Carbon Metabolism
b3732,b0114,atpD,aceE,19586.667612014615,569.3957161878707,19592.85104115508,-563.2122870474041,0.9720574262009111,0.00696500191043492,0.2849329232733675,0.8581964695522434,0.2849329232733675,0.034482758620689655,0.905829596412556,False,A,19586.667612014615,0.0,19592.85104115508,6.183429140466615,2,;Alanine and Aspartate Metabolism;Alternate Carbon Metabolism
b3732,b3919,atpD,tpiA,19586.667612014615,871.9980214793411,21352.104655442814,893.439021948858,1.043670444493025,-0.08318023501057334,0.2849329232733675,0.8422625567901132,0.20069893650382944,0.04819277108433735,0.8704103671706264,False,A,19586.667612014615,0.0,21352.104655442814,1765.437043428199,2,;Alanine and Aspartate Metabolism;Alternate Carbon Metabolism
b3732,b0429,atpD,cyoD,19586.667612014615,7798.596633039896,20221.517092083144,-7163.747152971367,0.7384086898389134,0.03681781446044441,0.2849329232733675,0.7776142830847725,0.28493292327336717,0.016129032258064516,0.9042316258351893,False,A,19586.667612014615,7798.596633039896,20221.517092083144,-7163.747152971367,2,;Alanine and Aspartate Metabolism;Alternate Carbon Metabolism
b3732,b0432,atpD,cyoA,19586.667612014615,7798.596633039896,20221.517092083144,-7163.747152971367,0.7384086898389134,0.03681781446044441,0.2849329232733675,0.7776142830847725,0.28493292327336717,0.016129032258064516,0.9042316258351893,False,A,19586.667612014615,7798.596633039896,20221.517092083144,-7163.747152971367,2,;Alanine and Aspartate Metabolism;Alternate Carbon Metabolism
b3732,b0430,atpD,cyoC,19586.667612014615,7798.596633039896,20221.517092083144,-7163.747152971367,0.7384086898389134,0.03681781446044441,0.2849329232733675,0.7776142830847725,0.28493292327336717,0.016129032258064516,0.9042316258351893,False,A,19586.667612014615,7798.596633039896,20221.517092083144,-7163.747152971367,2,;Alanine and Aspartate Metabolism;Alternate Carbon Metabolism
b3732,b0431,atpD,cyoB,19586.667612014615,7798.596633039896,20221.517092083144,-7163.747152971367,0.7384086898389134,0.03681781446044441,0.2849329232733675,0.7776142830847725,0.28493292327336717,0.016129032258064516,0.9042316258351893,False,A,19586.667612014615,7798.596633039896,20221.517092083144,-7163.747152971367,2,;Alanine and Aspartate Metabolism;Alternate Carbon Metabolism
b3732,b0722,atpD,sdhD,19586.667612014615,3719.237820017231,19586.66761201494,-3719.2378200169073,0.8404165059854247,0.01303345570837866,0.2849329232733675,0.8418157926999568,0.28493292327338415,0.06896551724137931,0.8728448275862069,False,A,19586.667612014615,0.0,19586.66761201494,3.2378011383116245e-10,2,;Alanine and Aspartate Metabolism;Alternate Carbon Metabolism
b3732,b0723,atpD,sdhA,19586.667612014615,3719.237820017231,19586.66761201494,-3719.2378200169073,0.8404165059854247,0.01303345570837866,0.2849329232733675,0.8418157926999568,0.28493292327338415,0.06896551724137931,0.8728448275862069,False,A,19586.667612014615,0.0,19586.66761201494,3.2378011383116245e-10,2,;Alanine and Aspartate Metabolism;Alternate Carbon Metabolism
b3732,b0721,atpD,sdhC,19586.667612014615,3719.237820017231,19586.66761201494,-3719.2378200169073,0.8404165059854247,0.01303345570837866,0.2849329232733675,0.8418157926999568,0.28493292327338415,0.06896551724137931,0.8728448275862069,False,A,19586.667612014615,0.0,19586.66761201494,3.2378011383116245e-10,2,;Alanine and Aspartate Metabolism;Alternate Carbon Metabolism
b3732,b0724,atpD,sdhB,19586.667612014615,3719.237820017231,19586.66761201494,-3719.2378200169073,0.8404165059854247,0.01303345570837866,0.2849329232733675,0.8418157926999568,0.28493292327338415,0.06896551724137931,0.8728448275862069,False,A,19586.667612014615,0.0,19586.66761201494,3.2378011383116245e-10,2,;Alanine and Aspartate Metabolism;Alternate Carbon Metabolism
b3732,b2283,atpD,nuoG,19586.667612014615,3294.285861140926,19640.20173594378,-3240.7517372117595,0.8583646550824954,0.043845923894187955,0.2849329232733675,0.7586431920374903,0.2849329232733675,0.19047619047619047,0.9153674832962138,False,A,19586.667612014615,3294.285861140926,19640.20173594378,-3240.7517372117595,4,;Alanine and Aspartate Metabolism;Alternate Carbon Metabolism
b3732,b2282,atpD,nuoH,19586.667612014615,3294.285861140926,19640.20173594378,-3240.7517372117595,0.8583646550824954,0.043845923894187955,0.2849329232733675,0.7586431920374903,0.2849329232733675,0.19047619047619047,0.9153674832962138,False,A,19586.667612014615,3294.285861140926,19640.20173594378,-3240.7517372117595,4,;Alanine and Aspartate Metabolism;Alternate Carbon Metabolism
b3732,b2281,atpD,nuoI,19586.667612014615,3294.285861140926,19640.20173594378,-3240.7517372117595,0.8583646550824954,0.043845923894187955,0.2849329232733675,0.7586431920374903,0.2849329232733675,0.19047619047619047,0.9153674832962138,False,A,19586.667612014615,3294.285861140926,19640.20173594378,-3240.7517372117595,4,;Alanine and Aspartate Metabolism;Alternate Carbon Metabolism
b3732,b2288,atpD,nuoA,19586.667612014615,3294.285861140926,19640.20173594378,-3240.7517372117595,0.8583646550824954,0.043845923894187955,0.2849329232733675,0.7586431920374903,0.2849329232733675,0.19047619047619047,0.9153674832962138,False,A,19586.667612014615,3294.285861140926,19640.20173594378,-3240.7517372117595,4,;Alanine and Aspartate Metabolism;Alternate Carbon Metabolism
b3732,b2276,atpD,nuoN,19586.667612014615,3294.285861140926,19640.20173594378,-3240.7517372117595,0.8583646550824954,0.043845923894187955,0.2849329232733675,0.7586431920374903,0.2849329232733675,0.19047619047619047,0.9153674832962138,False,A,19586.667612014615,3294.285861140926,19640.20173594378,-3240.7517372117595,4,;Alanine and Aspartate Metabolism;Alternate Carbon Metabolism
b3732,b2277,atpD,nuoM,19586.667612014615,3294.285861140926,19640.20173594378,-3240.7517372117595,0.8583646550824954,0.043845923894187955,0.2849329232733675,0.7586431920374903,0.2849329232733675,0.19047619047619047,0.9153674832962138,False,A,19586.667612014615,3294.285861140926,19640.20173594378,-3240.7517372117595,4,;Alanine and Aspartate Metabolism;Alternate Carbon Metabolism
b3732,b2285,atpD,nuoE,19586.667612014615,3294.285861140926,19640.20173594378,-3240.7517372117595,0.8583646550824954,0.043845923894187955,0.2849329232733675,0.7586431920374903,0.2849329232733675,0.19047619047619047,0.9153674832962138,False,A,19586.667612014615,3294.285861140926,19640.20173594378,-3240.7517372117595,4,;Alanine and Aspartate Metabolism;Alternate Carbon Metabolism
b3732,b2284,atpD,nuoF,19586.667612014615,3294.285861140926,19640.20173594378,-3240.7517372117595,0.8583646550824954,0.043845923894187955,0.2849329232733675,0.7586431920374903,0.2849329232733675,0.19047619047619047,0.9153674832962138,False,A,19586.667612014615,3294.285861140926,19640.20173594378,-3240.7517372117595,4,;Alanine and Aspartate Metabolism;Alternate Carbon Metabolism
b3732,b2278,atpD,nuoL,19586.667612014615,3294.285861140926,19640.20173594378,-3240.7517372117595,0.8583646550824954,0.043845923894187955,0.2849329232733675,0.7586431920374903,0.2849329232733675,0.19047619047619047,0.9153674832962138,False,A,19586.667612014615,3294.285861140926,19640.20173594378,-3240.7517372117595,4,;Alanine and Aspartate Metabolism;Alternate Carbon Metabolism
b3732,b2279,atpD,nuoK,19586.667612014615,3294.285861140926,19640.20173594378,-3240.7517372117595,0.8583646550824954,0.043845923894187955,0.2849329232733675,0.7586431920374903,0.2849329232733675,0.19047619047619047,0.9153674832962138,False,A,19586.667612014615,3294.285861140926,19640.20173594378,-3240.7517372117595,4,;Alanine and Aspartate Metabolism;Alternate Carbon Metabolism
b3732,b2280,atpD,nuoJ,19586.667612014615,3294.285861140926,19640.20173594378,-3240.7517372117595,0.8583646550824954,0.043845923894187955,0.2849329232733675,0.7586431920374903,0.2849329232733675,0.19047619047619047,0.9153674832962138,False,A,19586.667612014615,3294.285861140926,19640.20173594378,-3240.7517372117595,4,;Alanine and Aspartate Metabolism;Alternate Carbon Metabolism
b3732,b2287,atpD,nuoB,19586.667612014615,3294.285861140926,19640.20173594378,-3240.7517372117595,0.8583646550824954,0.043845923894187955,0.2849329232733675,0.7586431920374903,0.2849329232733675,0.19047619047619047,0.9153674832962138,False,A,19586.667612014615,3294.285861140926,19640.20173594378,-3240.7517372117595,4,;Alanine and Aspartate Metabolism;Alternate Carbon Metabolism
b3732,b2286,atpD,nuoC,19586.667612014615,3294.285861140926,19640.20173594378,-3240.7517372117595,0.8583646550824954,0.043845923894187955,0.2849329232733675,0.7586431920374903,0.2849329232733675,0.19047619047619047,0.9153674832962138,False,A,19586.667612014615,3294.285861140926,19640.20173594378,-3240.7517372117595,4,;Alanine and Aspartate Metabolism;Alternate Carbon Metabolism
b3732,b0681,atpD,chiP,19586.667612014615,0.0,19586.667612014615,0.0,0.9999999999999998,-3.704641038382306e-10,0.2849329232733675,0.87699721442697,0.2849329232733675,0.0,0.0,False,X,19586.667612014615,0.0,19586.667612014615,0.0,1,
b3733,b3738,atpG,atpB,19586.667612014615,19586.667612014615,19586.667612014615,-19586.667612014615,0.5,0.21933860380724476,0.2849329232733675,0.2849329232733675,0.2849329232733675,1.0,1.0,False,A,19586.667612014615,19586.667612014615,19586.667612014615,-19586.667612014615,1,;Alanine and Aspartate Metabolism;Alternate Carbon Metabolism
b3733,b0341,atpG,cynX,19586.667612014615,0.0,19586.667612014615,0.0,0.9999999999999998,-3.704641038382306e-10,0.2849329232733675,0.87699721442697,0.2849329232733675,0.0,0.0,False,X,19586.667612014615,0.0,19586.667612014615,0.0,2,
b3733,b3626,atpG,waaJ,19586.667612014615,0.0,19586.667612014462,-1.5279510989785194e-10,0.999999999999992,-3.7047237499976404e-10,0.2849329232733675,0.87699721442697,0.28493292327336023,0.0,0.0,False,X,19586.667612014615,0.0,19586.667612014462,-1.5279510989785194e-10,2,
b3733,b2871,atpG,ygeX,19586.667612014615,0.0,19586.667612014615,0.0,0.9999999999999998,-3.704641038382306e-10,0.2849329232733675,0.87699721442697,0.2849329232733675,0.0,0.0,False,X,19586.667612014615,0.0,19586.667612014615,0.0,2,
b3733,b0696,atpG,kdpC,19586.667612014615,0.0,19586.667612014553,-6.184563972055912e-11,0.9999999999999967,-3.7046615775082614e-10,0.2849329232733675,0.8769972144269703,0.28493292327336583,0.0,0.0,False,X,19586.667612014615,0.0,19586.667612014553,-6.184563972055912e-11,2,
b3733,b3748,atpG,rbsD,19586.667612014615,0.0,19586.667612014615,0.0,0.9999999999999998,-3.704641038382306e-10,0.2849329232733675,0.87699721442697,0.2849329232733675,0.0,0.0,False,X,19586.667612014615,0.0,19586.667612014615,0.0,1,
b3733,b0115,atpG,aceF,19586.667612014615,569.3957161878707,19592.85104115508,-563.2122870474041,0.9720574262009111,0.00696500191043492,0.2849329232733675,0.8581964695522434,0.2849329232733675,0.034482758620689655,0.905829596412556,False,A,19586.667612014615,0.0,19592.85104115508,6.183429140466615,2,;Alanine and Aspartate Metabolism;Alternate Carbon Metabolism
b3733,b0114,atpG,aceE,19586.667612014615,569.3957161878707,19592.85104115508,-563.2122870474041,0.9720574262009111,0.00696500191043492,0.2849329232733675,0.8581964695522434,0.2849329232733675,0.034482758620689655,0.905829596412556,False,A,19586.667612014615,0.0,19592.85104115508,6.183429140466615,2,;Alanine and Aspartate Metabolism;Alternate Carbon Metabolism
b3733,b3919,atpG,tpiA,19586.667612014615,871.9980214793411,21352.104655442814,893.439021948858,1.043670444493025,-0.08318023501057334,0.2849329232733675,0.8422625567901132,0.20069893650382944,0.04819277108433735,0.8704103671706264,False,A,19586.667612014615,0.0,21352.104655442814,1765.437043428199,2,;Alanine and Aspartate Metabolism;Alternate Carbon Metabolism
b3733,b0429,atpG,cyoD,19586.667612014615,7798.596633039896,20221.517092083144,-7163.747152971367,0.7384086898389134,0.03681781446044441,0.2849329232733675,0.7776142830847725,0.28493292327336717,0.016129032258064516,0.9042316258351893,False,A,19586.667612014615,7798.596633039896,20221.517092083144,-7163.747152971367,2,;Alanine and Aspartate Metabolism;Alternate Carbon Metabolism
b3733,b0432,atpG,cyoA,19586.667612014615,7798.596633039896,20221.517092083144,-7163.747152971367,0.7384086898389134,0.03681781446044441,0.2849329232733675,0.7776142830847725,0.28493292327336717,0.016129032258064516,0.9042316258351893,False,A,19586.667612014615,7798.596633039896,20221.517092083144,-7163.747152971367,2,;Alanine and Aspartate Metabolism;Alternate Carbon Metabolism
b3733,b0430,atpG,cyoC,19586.667612014615,7798.596633039896,20221.517092083144,-7163.747152971367,0.7384086898389134,0.03681781446044441,0.2849329232733675,0.7776142830847725,0.28493292327336717,0.016129032258064516,0.9042316258351893,False,A,19586.667612014615,7798.596633039896,20221.517092083144,-7163.747152971367,2,;Alanine and Aspartate Metabolism;Alternate Carbon Metabolism
b3733,b0431,atpG,cyoB,19586.667612014615,7798.596633039896,20221.517092083144,-7163.747152971367,0.7384086898389134,0.03681781446044441,0.2849329232733675,0.7776142830847725,0.28493292327336717,0.016129032258064516,0.9042316258351893,False,A,19586.667612014615,7798.596633039896,20221.517092083144,-7163.747152971367,2,;Alanine and Aspartate Metabolism;Alternate Carbon Metabolism
b3733,b0722,atpG,sdhD,19586.667612014615,3719.237820017231,19586.66761201494,-3719.2378200169073,0.8404165059854247,0.01303345570837866,0.2849329232733675,0.8418157926999568,0.28493292327338415,0.06896551724137931,0.8728448275862069,False,A,19586.667612014615,0.0,19586.66761201494,3.2378011383116245e-10,2,;Alanine and Aspartate Metabolism;Alternate Carbon Metabolism
b3733,b0723,atpG,sdhA,19586.667612014615,3719.237820017231,19586.66761201494,-3719.2378200169073,0.8404165059854247,0.01303345570837866,0.2849329232733675,0.8418157926999568,0.28493292327338415,0.06896551724137931,0.8728448275862069,False,A,19586.667612014615,0.0,19586.66761201494,3.2378011383116245e-10,2,;Alanine and Aspartate Metabolism;Alternate Carbon Metabolism
b3733,b0721,atpG,sdhC,19586.667612014615,3719.237820017231,19586.66761201494,-3719.2378200169073,0.8404165059854247,0.01303345570837866,0.2849329232733675,0.8418157926999568,0.28493292327338415,0.06896551724137931,0.8728448275862069,False,A,19586.667612014615,0.0,19586.66761201494,3.2378011383116245e-10,2,;Alanine and Aspartate Metabolism;Alternate Carbon Metabolism
b3733,b0724,atpG,sdhB,19586.667612014615,3719.237820017231,19586.66761201494,-3719.2378200169073,0.8404165059854247,0.01303345570837866,0.2849329232733675,0.8418157926999568,0.28493292327338415,0.06896551724137931,0.8728448275862069,False,A,19586.667612014615,0.0,19586.66761201494,3.2378011383116245e-10,2,;Alanine and Aspartate Metabolism;Alternate Carbon Metabolism
b3733,b2283,atpG,nuoG,19586.667612014615,3294.285861140926,19640.20173594378,-3240.7517372117595,0.8583646550824954,0.043845923894187955,0.2849329232733675,0.7586431920374903,0.2849329232733675,0.19047619047619047,0.9153674832962138,False,A,19586.667612014615,3294.285861140926,19640.20173594378,-3240.7517372117595,4,;Alanine and Aspartate Metabolism;Alternate Carbon Metabolism
b3733,b2282,atpG,nuoH,19586.667612014615,3294.285861140926,19640.20173594378,-3240.7517372117595,0.8583646550824954,0.043845923894187955,0.2849329232733675,0.7586431920374903,0.2849329232733675,0.19047619047619047,0.9153674832962138,False,A,19586.667612014615,3294.285861140926,19640.20173594378,-3240.7517372117595,4,;Alanine and Aspartate Metabolism;Alternate Carbon Metabolism
b3733,b2281,atpG,nuoI,19586.667612014615,3294.285861140926,19640.20173594378,-3240.7517372117595,0.8583646550824954,0.043845923894187955,0.2849329232733675,0.7586431920374903,0.2849329232733675,0.19047619047619047,0.9153674832962138,False,A,19586.667612014615,3294.285861140926,19640.20173594378,-3240.7517372117595,4,;Alanine and Aspartate Metabolism;Alternate Carbon Metabolism
b3733,b2288,atpG,nuoA,19586.667612014615,3294.285861140926,19640.20173594378,-3240.7517372117595,0.8583646550824954,0.043845923894187955,0.2849329232733675,0.7586431920374903,0.2849329232733675,0.19047619047619047,0.9153674832962138,False,A,19586.667612014615,3294.285861140926,19640.20173594378,-3240.7517372117595,4,;Alanine and Aspartate Metabolism;Alternate Carbon Metabolism
b3733,b2276,atpG,nuoN,19586.667612014615,3294.285861140926,19640.20173594378,-3240.7517372117595,0.8583646550824954,0.043845923894187955,0.2849329232733675,0.7586431920374903,0.2849329232733675,0.19047619047619047,0.9153674832962138,False,A,19586.667612014615,3294.285861140926,19640.20173594378,-3240.7517372117595,4,;Alanine and Aspartate Metabolism;Alternate Carbon Metabolism
b3733,b2277,atpG,nuoM,19586.667612014615,3294.285861140926,19640.20173594378,-3240.7517372117595,0.8583646550824954,0.043845923894187955,0.2849329232733675,0.7586431920374903,0.2849329232733675,0.19047619047619047,0.9153674832962138,False,A,19586.667612014615,3294.285861140926,19640.20173594378,-3240.7517372117595,4,;Alanine and Aspartate Metabolism;Alternate Carbon Metabolism
b3733,b2285,atpG,nuoE,19586.667612014615,3294.285861140926,19640.20173594378,-3240.7517372117595,0.8583646550824954,0.043845923894187955,0.2849329232733675,0.7586431920374903,0.2849329232733675,0.19047619047619047,0.9153674832962138,False,A,19586.667612014615,3294.285861140926,19640.20173594378,-3240.7517372117595,4,;Alanine and Aspartate Metabolism;Alternate Carbon Metabolism
b3733,b2284,atpG,nuoF,19586.667612014615,3294.285861140926,19640.20173594378,-3240.7517372117595,0.8583646550824954,0.043845923894187955,0.2849329232733675,0.7586431920374903,0.2849329232733675,0.19047619047619047,0.9153674832962138,False,A,19586.667612014615,3294.285861140926,19640.20173594378,-3240.7517372117595,4,;Alanine and Aspartate Metabolism;Alternate Carbon Metabolism
b3733,b2278,atpG,nuoL,19586.667612014615,3294.285861140926,19640.20173594378,-3240.7517372117595,0.8583646550824954,0.043845923894187955,0.2849329232733675,0.7586431920374903,0.2849329232733675,0.19047619047619047,0.9153674832962138,False,A,19586.667612014615,3294.285861140926,19640.20173594378,-3240.7517372117595,4,;Alanine and Aspartate Metabolism;Alternate Carbon Metabolism
b3733,b2279,atpG,nuoK,19586.667612014615,3294.285861140926,19640.20173594378,-3240.7517372117595,0.8583646550824954,0.043845923894187955,0.2849329232733675,0.7586431920374903,0.2849329232733675,0.19047619047619047,0.9153674832962138,False,A,19586.667612014615,3294.285861140926,19640.20173594378,-3240.7517372117595,4,;Alanine and Aspartate Metabolism;Alternate Carbon Metabolism
b3733,b2280,atpG,nuoJ,19586.667612014615,3294.285861140926,19640.20173594378,-3240.7517372117595,0.8583646550824954,0.043845923894187955,0.2849329232733675,0.7586431920374903,0.2849329232733675,0.19047619047619047,0.9153674832962138,False,A,19586.667612014615,3294.285861140926,19640.20173594378,-3240.7517372117595,4,;Alanine and Aspartate Metabolism;Alternate Carbon Metabolism
b3733,b2287,atpG,nuoB,19586.667612014615,3294.285861140926,19640.20173594378,-3240.7517372117595,0.8583646550824954,0.043845923894187955,0.2849329232733675,0.7586431920374903,0.2849329232733675,0.19047619047619047,0.9153674832962138,False,A,19586.667612014615,3294.285861140926,19640.20173594378,-3240.7517372117595,4,;Alanine and Aspartate Metabolism;Alternate Carbon Metabolism
b3733,b2286,atpG,nuoC,19586.667612014615,3294.285861140926,19640.20173594378,-3240.7517372117595,0.8583646550824954,0.043845923894187955,0.2849329232733675,0.7586431920374903,0.2849329232733675,0.19047619047619047,0.9153674832962138,False,A,19586.667612014615,3294.285861140926,19640.20173594378,-3240.7517372117595,4,;Alanine and Aspartate Metabolism;Alternate Carbon Metabolism
b3738,b0341,atpB,cynX,19586.667612014615,0.0,19586.667612014615,0.0,0.9999999999999998,-3.704641038382306e-10,0.2849329232733675,0.87699721442697,0.2849329232733675,0.0,0.0,False,X,19586.667612014615,0.0,19586.667612014615,0.0,2,
b3738,b3371,atpB,frlB,19586.667612014615,0.0,19586.667612014615,0.0,0.9999999999999998,-3.704641038382306e-10,0.2849329232733675,0.87699721442697,0.2849329232733675,0.0,0.0,False,X,19586.667612014615,0.0,19586.667612014615,0.0,2,
b3738,b3748,atpB,rbsD,19586.667612014615,0.0,19586.667612014615,0.0,0.9999999999999998,-3.704641038382306e-10,0.2849329232733675,0.87699721442697,0.2849329232733675,0.0,0.0,False,X,19586.667612014615,0.0,19586.667612014615,0.0,1,
b3738,b0115,atpB,aceF,19586.667612014615,569.3957161878707,19592.85104115508,-563.2122870474041,0.9720574262009111,0.00696500191043492,0.2849329232733675,0.8581964695522434,0.2849329232733675,0.034482758620689655,0.905829596412556,False,A,19586.667612014615,0.0,19592.85104115508,6.183429140466615,2,;Alanine and Aspartate Metabolism;Alternate Carbon Metabolism
b3738,b0114,atpB,aceE,19586.667612014615,569.3957161878707,19592.85104115508,-563.2122870474041,0.9720574262009111,0.00696500191043492,0.2849329232733675,0.8581964695522434,0.2849329232733675,0.034482758620689655,0.905829596412556,False,A,19586.667612014615,0.0,19592.85104115508,6.183429140466615,2,;Alanine and Aspartate Metabolism;Alternate Carbon Metabolism
b3738,b3919,atpB,tpiA,19586.667612014615,871.9980214793411,21352.104655442814,893.439021948858,1.043670444493025,-0.08318023501057334,0.2849329232733675,0.8422625567901132,0.20069893650382944,0.04819277108433735,0.8704103671706264,False,A,19586.667612014615,0.0,21352.104655442814,1765.437043428199,2,;Alanine and Aspartate Metabolism;Alternate Carbon Metabolism
b3738,b0832,atpB,gsiD,19586.667612014615,0.0,19586.66761201461,-3.637978807091713e-12,0.9999999999999997,-3.7046421486053305e-10,0.2849329232733675,0.8769972144269701,0.2849329232733675,0.0,0.0,False,X,19586.667612014615,0.0,19586.66761201461,-3.637978807091713e-12,2,
b3738,b0429,atpB,cyoD,19586.667612014615,7798.596633039896,20221.517092083144,-7163.747152971367,0.7384086898389134,0.03681781446044441,0.2849329232733675,0.7776142830847725,0.28493292327336717,0.016129032258064516,0.9042316258351893,False,A,19586.667612014615,7798.596633039896,20221.517092083144,-7163.747152971367,2,;Alanine and Aspartate Metabolism;Alternate Carbon Metabolism
b3738,b0432,atpB,cyoA,19586.667612014615,7798.596633039896,20221.517092083144,-7163.747152971367,0.7384086898389134,0.03681781446044441,0.2849329232733675,0.7776142830847725,0.28493292327336717,0.016129032258064516,0.9042316258351893,False,A,19586.667612014615,7798.596633039896,20221.517092083144,-7163.747152971367,2,;Alanine and Aspartate Metabolism;Alternate Carbon Metabolism
b3738,b0430,atpB,cyoC,19586.667612014615,7798.596633039896,20221.517092083144,-7163.747152971367,0.7384086898389134,0.03681781446044441,0.2849329232733675,0.7776142830847725,0.28493292327336717,0.016129032258064516,0.9042316258351893,False,A,19586.667612014615,7798.596633039896,20221.517092083144,-7163.747152971367,2,;Alanine and Aspartate Metabolism;Alternate Carbon Metabolism
b3738,b0431,atpB,cyoB,19586.667612014615,7798.596633039896,20221.517092083144,-7163.747152971367,0.7384086898389134,0.03681781446044441,0.2849329232733675,0.7776142830847725,0.28493292327336717,0.016129032258064516,0.9042316258351893,False,A,19586.667612014615,7798.596633039896,20221.517092083144,-7163.747152971367,2,;Alanine and Aspartate Metabolism;Alternate Carbon Metabolism
b3738,b0722,atpB,sdhD,19586.667612014615,3719.237820017231,19586.66761201494,-3719.2378200169073,0.8404165059854247,0.01303345570837866,0.2849329232733675,0.8418157926999568,0.28493292327338415,0.06896551724137931,0.8728448275862069,False,A,19586.667612014615,0.0,19586.66761201494,3.2378011383116245e-10,2,;Alanine and Aspartate Metabolism;Alternate Carbon Metabolism
b3738,b0723,atpB,sdhA,19586.667612014615,3719.237820017231,19586.66761201494,-3719.2378200169073,0.8404165059854247,0.01303345570837866,0.2849329232733675,0.8418157926999568,0.28493292327338415,0.06896551724137931,0.8728448275862069,False,A,19586.667612014615,0.0,19586.66761201494,3.2378011383116245e-10,2,;Alanine and Aspartate Metabolism;Alternate Carbon Metabolism
b3738,b0721,atpB,sdhC,19586.667612014615,3719.237820017231,19586.66761201494,-3719.2378200169073,0.8404165059854247,0.01303345570837866,0.2849329232733675,0.8418157926999568,0.28493292327338415,0.06896551724137931,0.8728448275862069,False,A,19586.667612014615,0.0,19586.66761201494,3.2378011383116245e-10,2,;Alanine and Aspartate Metabolism;Alternate Carbon Metabolism
b3738,b0724,atpB,sdhB,19586.667612014615,3719.237820017231,19586.66761201494,-3719.2378200169073,0.8404165059854247,0.01303345570837866,0.2849329232733675,0.8418157926999568,0.28493292327338415,0.06896551724137931,0.8728448275862069,False,A,19586.667612014615,0.0,19586.66761201494,3.2378011383116245e-10,2,;Alanine and Aspartate Metabolism;Alternate Carbon Metabolism
b3738,b2283,atpB,nuoG,19586.667612014615,3294.285861140926,19640.20173594378,-3240.7517372117595,0.8583646550824954,0.043845923894187955,0.2849329232733675,0.7586431920374903,0.2849329232733675,0.19047619047619047,0.9153674832962138,False,A,19586.667612014615,3294.285861140926,19640.20173594378,-3240.7517372117595,4,;Alanine and Aspartate Metabolism;Alternate Carbon Metabolism
b3738,b2282,atpB,nuoH,19586.667612014615,3294.285861140926,19640.20173594378,-3240.7517372117595,0.8583646550824954,0.043845923894187955,0.2849329232733675,0.7586431920374903,0.2849329232733675,0.19047619047619047,0.9153674832962138,False,A,19586.667612014615,3294.285861140926,19640.20173594378,-3240.7517372117595,4,;Alanine and Aspartate Metabolism;Alternate Carbon Metabolism
b3738,b2281,atpB,nuoI,19586.667612014615,3294.285861140926,19640.20173594378,-3240.7517372117595,0.8583646550824954,0.043845923894187955,0.2849329232733675,0.7586431920374903,0.2849329232733675,0.19047619047619047,0.9153674832962138,False,A,19586.667612014615,3294.285861140926,19640.20173594378,-3240.7517372117595,4,;Alanine and Aspartate Metabolism;Alternate Carbon Metabolism
b3738,b2288,atpB,nuoA,19586.667612014615,3294.285861140926,19640.20173594378,-3240.7517372117595,0.8583646550824954,0.043845923894187955,0.2849329232733675,0.7586431920374903,0.2849329232733675,0.19047619047619047,0.9153674832962138,False,A,19586.667612014615,3294.285861140926,19640.20173594378,-3240.7517372117595,4,;Alanine and Aspartate Metabolism;Alternate Carbon Metabolism
b3738,b2276,atpB,nuoN,19586.667612014615,3294.285861140926,19640.20173594378,-3240.7517372117595,0.8583646550824954,0.043845923894187955,0.2849329232733675,0.7586431920374903,0.2849329232733675,0.19047619047619047,0.9153674832962138,False,A,19586.667612014615,3294.285861140926,19640.20173594378,-3240.7517372117595,4,;Alanine and Aspartate Metabolism;Alternate Carbon Metabolism
b3738,b2277,atpB,nuoM,19586.667612014615,3294.285861140926,19640.20173594378,-3240.7517372117595,0.8583646550824954,0.043845923894187955,0.2849329232733675,0.7586431920374903,0.2849329232733675,0.19047619047619047,0.9153674832962138,False,A,19586.667612014615,3294.285861140926,19640.20173594378,-3240.7517372117595,4,;Alanine and Aspartate Metabolism;Alternate Carbon Metabolism
b3738,b2285,atpB,nuoE,19586.667612014615,3294.285861140926,19640.20173594378,-3240.7517372117595,0.8583646550824954,0.043845923894187955,0.2849329232733675,0.7586431920374903,0.2849329232733675,0.19047619047619047,0.9153674832962138,False,A,19586.667612014615,3294.285861140926,19640.20173594378,-3240.7517372117595,4,;Alanine and Aspartate Metabolism;Alternate Carbon Metabolism
b3738,b2284,atpB,nuoF,19586.667612014615,3294.285861140926,19640.20173594378,-3240.7517372117595,0.8583646550824954,0.043845923894187955,0.2849329232733675,0.7586431920374903,0.2849329232733675,0.19047619047619047,0.9153674832962138,False,A,19586.667612014615,3294.285861140926,19640.20173594378,-3240.7517372117595,4,;Alanine and Aspartate Metabolism;Alternate Carbon Metabolism
b3738,b2278,atpB,nuoL,19586.667612014615,3294.285861140926,19640.20173594378,-3240.7517372117595,0.8583646550824954,0.043845923894187955,0.2849329232733675,0.7586431920374903,0.2849329232733675,0.19047619047619047,0.9153674832962138,False,A,19586.667612014615,3294.285861140926,19640.20173594378,-3240.7517372117595,4,;Alanine and Aspartate Metabolism;Alternate Carbon Metabolism
b3738,b2279,atpB,nuoK,19586.667612014615,3294.285861140926,19640.20173594378,-3240.7517372117595,0.8583646550824954,0.043845923894187955,0.2849329232733675,0.7586431920374903,0.2849329232733675,0.19047619047619047,0.9153674832962138,False,A,19586.667612014615,3294.285861140926,19640.20173594378,-3240.7517372117595,4,;Alanine and Aspartate Metabolism;Alternate Carbon Metabolism
b3738,b2280,atpB,nuoJ,19586.667612014615,3294.285861140926,19640.20173594378,-3240.7517372117595,0.8583646550824954,0.043845923894187955,0.2849329232733675,0.7586431920374903,0.2849329232733675,0.19047619047619047,0.9153674832962138,False,A,19586.667612014615,3294.285861140926,19640.20173594378,-3240.7517372117595,4,;Alanine and Aspartate Metabolism;Alternate Carbon Metabolism
b3738,b2287,atpB,nuoB,19586.667612014615,3294.285861140926,19640.20173594378,-3240.7517372117595,0.8583646550824954,0.043845923894187955,0.2849329232733675,0.7586431920374903,0.2849329232733675,0.19047619047619047,0.9153674832962138,False,A,19586.667612014615,3294.285861140926,19640.20173594378,-3240.7517372117595,4,;Alanine and Aspartate Metabolism;Alternate Carbon Metabolism
b3738,b2286,atpB,nuoC,19586.667612014615,3294.285861140926,19640.20173594378,-3240.7517372117595,0.8583646550824954,0.043845923894187955,0.2849329232733675,0.7586431920374903,0.2849329232733675,0.19047619047619047,0.9153674832962138,False,A,19586.667612014615,3294.285861140926,19640.20173594378,-3240.7517372117595,4,;Alanine and Aspartate Metabolism;Alternate Carbon Metabolism
b3738,b4101,atpB,phnG,19586.667612014615,0.0,19586.667612014615,0.0,0.9999999999999998,-3.704641038382306e-10,0.2849329232733675,0.87699721442697,0.2849329232733675,0.0,0.0,False,X,19586.667612014615,0.0,19586.667612014615,0.0,2,
b3654,b3714,xanP,adeP,0.0,0.0,0.0,0.0,0.5,-1.140254335396662e-09,0.8769972144269703,0.87699721442697,0.8769972144269703,0.0,0.0,False,ISO,0.0,0.0,0.0,0.0,1,
b3654,b3664,xanP,adeQ,0.0,0.0,0.0,0.0,0.5,-1.140254335396662e-09,0.8769972144269703,0.87699721442697,0.8769972144269703,0.0,0.0,False,ISO,0.0,0.0,0.0,0.0,1,
b3664,b3714,adeQ,adeP,0.0,0.0,0.0,0.0,0.5,-1.140254335396662e-09,0.87699721442697,0.87699721442697,0.87699721442697,0.0,0.0,False,ISO,0.0,0.0,0.0,0.0,0,
b4088,b4230,alsB,ytfT,0.0,0.0,0.0,0.0,0.5,-1.140254335396662e-09,0.87699721442697,0.87699721442697,0.87699721442697,0.0,0.0,False,ISO,0.0,0.0,0.0,0.0,1,
b4088,b4231,alsB,yjfF,0.0,0.0,0.0,0.0,0.5,-1.140254335396662e-09,0.87699721442697,0.87699721442697,0.87699721442697,0.0,0.0,False,ISO,0.0,0.0,0.0,0.0,1,
b4088,b4485,alsB,ytfR,0.0,0.0,0.0,0.0,0.5,-1.140254335396662e-09,0.87699721442697,0.87699721442697,0.87699721442697,0.0,0.0,False,ISO,0.0,0.0,0.0,0.0,1,
b4088,b4227,alsB,ytfQ,0.0,0.0,0.0,0.0,0.5,-1.140254335396662e-09,0.87699721442697,0.87699721442697,0.87699721442697,0.0,0.0,False,ISO,0.0,0.0,0.0,0.0,1,
b4087,b4230,alsA,ytfT,0.0,0.0,0.0,0.0,0.5,-1.140254335396662e-09,0.87699721442697,0.87699721442697,0.87699721442697,0.0,0.0,False,ISO,0.0,0.0,0.0,0.0,1,
b4087,b4231,alsA,yjfF,0.0,0.0,0.0,0.0,0.5,-1.140254335396662e-09,0.87699721442697,0.87699721442697,0.87699721442697,0.0,0.0,False,ISO,0.0,0.0,0.0,0.0,1,
b4087,b4485,alsA,ytfR,0.0,0.0,0.0,0.0,0.5,-1.140254335396662e-09,0.87699721442697,0.87699721442697,0.87699721442697,0.0,0.0,False,ISO,0.0,0.0,0.0,0.0,1,
b4087,b4227,alsA,ytfQ,0.0,0.0,0.0,0.0,0.5,-1.140254335396662e-09,0.87699721442697,0.87699721442697,0.87699721442697,0.0,0.0,False,ISO,0.0,0.0,0.0,0.0,1,
b4086,b4230,alsC,ytfT,0.0,0.0,0.0,0.0,0.5,-1.140254335396662e-09,0.87699721442697,0.87699721442697,0.87699721442697,0.0,0.0,False,ISO,0.0,0.0,0.0,0.0,1,
b4086,b4231,alsC,yjfF,0.0,0.0,0.0,0.0,0.5,-1.140254335396662e-09,0.87699721442697,0.87699721442697,0.87699721442697,0.0,0.0,False,ISO,0.0,0.0,0.0,0.0,1,
b4086,b4485,alsC,ytfR,0.0,0.0,0.0,0.0,0.5,-1.140254335396662e-09,0.87699721442697,0.87699721442697,0.87699721442697,0.0,0.0,False,ISO,0.0,0.0,0.0,0.0,1,
b4086,b4227,alsC,ytfQ,0.0,0.0,0.0,0.0,0.5,-1.140254335396662e-09,0.87699721442697,0.87699721442697,0.87699721442697,0.0,0.0,False,ISO,0.0,0.0,0.0,0.0,1,
b0124,b0837,gcd,yliI,0.0,0.0,0.0,0.0,0.5,-1.1402541133520572e-09,0.87699721442697,0.87699721442697,0.8769972144269701,0.0,0.0,False,ISO,0.0,0.0,0.0,0.0,1,
b4064,b4464,ghxP,ghxQ,0.0,0.0,0.0,0.0,0.5,-1.1402538913074522e-09,0.87699721442697,0.87699721442697,0.8769972144269703,0.0,0.0,False,ISO,0.0,0.0,0.0,0.0,2,
b0974,b2997,hyaC,hybO,0.0,0.0,0.0,0.0,0.5,-1.140254335396662e-09,0.87699721442697,0.87699721442697,0.87699721442697,0.0,0.0,False,ISO,0.0,0.0,0.0,0.0,2,
b0974,b2996,hyaC,hybA,0.0,0.0,0.0,0.0,0.5,-1.140254335396662e-09,0.87699721442697,0.87699721442697,0.87699721442697,0.0,0.0,False,ISO,0.0,0.0,0.0,0.0,2,
b0974,b2995,hyaC,hybB,0.0,0.0,0.0,0.0,0.5,-1.140254335396662e-09,0.87699721442697,0.87699721442697,0.87699721442697,0.0,0.0,False,ISO,0.0,0.0,0.0,0.0,2,
b0974,b2994,hyaC,hybC,0.0,0.0,0.0,0.0,0.5,-1.140254335396662e-09,0.87699721442697,0.87699721442697,0.87699721442697,0.0,0.0,False,ISO,0.0,0.0,0.0,0.0,2,
b0974,b2724,hyaC,hycB,0.0,0.0,0.0,0.0,0.5,-1.140254335396662e-09,0.87699721442697,0.87699721442697,0.87699721442697,0.0,0.0,False,ISO,0.0,0.0,0.0,0.0,0,
b0974,b2719,hyaC,hycG,0.0,0.0,0.0,0.0,0.5,-1.140254335396662e-09,0.87699721442697,0.87699721442697,0.87699721442697,0.0,0.0,False,ISO,0.0,0.0,0.0,0.0,0,
b0974,b2720,hyaC,hycF,0.0,0.0,0.0,0.0,0.5,-1.140254335396662e-09,0.87699721442697,0.87699721442697,0.87699721442697,0.0,0.0,False,ISO,0.0,0.0,0.0,0.0,0,
b0974,b2721,hyaC,hycE,0.0,0.0,0.0,0.0,0.5,-1.140254335396662e-09,0.87699721442697,0.87699721442697,0.87699721442697,0.0,0.0,False,ISO,0.0,0.0,0.0,0.0,0,
b0974,b2722,hyaC,hycD,0.0,0.0,0.0,0.0,0.5,-1.140254335396662e-09,0.87699721442697,0.87699721442697,0.87699721442697,0.0,0.0,False,ISO,0.0,0.0,0.0,0.0,0,
b0974,b2723,hyaC,hycC,0.0,0.0,0.0,0.0,0.5,-1.140254335396662e-09,0.87699721442697,0.87699721442697,0.87699721442697,0.0,0.0,False,ISO,0.0,0.0,0.0,0.0,0,
b0973,b2997,hyaB,hybO,0.0,0.0,0.0,0.0,0.5,-1.140254335396662e-09,0.87699721442697,0.87699721442697,0.87699721442697,0.0,0.0,False,ISO,0.0,0.0,0.0,0.0,2,
b0973,b2996,hyaB,hybA,0.0,0.0,0.0,0.0,0.5,-1.140254335396662e-09,0.87699721442697,0.87699721442697,0.87699721442697,0.0,0.0,False,ISO,0.0,0.0,0.0,0.0,2,
b0973,b2995,hyaB,hybB,0.0,0.0,0.0,0.0,0.5,-1.140254335396662e-09,0.87699721442697,0.87699721442697,0.87699721442697,0.0,0.0,False,ISO,0.0,0.0,0.0,0.0,2,
b0973,b2994,hyaB,hybC,0.0,0.0,0.0,0.0,0.5,-1.140254335396662e-09,0.87699721442697,0.87699721442697,0.87699721442697,0.0,0.0,False,ISO,0.0,0.0,0.0,0.0,2,
b0973,b2724,hyaB,hycB,0.0,0.0,0.0,0.0,0.5,-1.140254335396662e-09,0.87699721442697,0.87699721442697,0.87699721442697,0.0,0.0,False,ISO,0.0,0.0,0.0,0.0,0,
b0973,b2719,hyaB,hycG,0.0,0.0,0.0,0.0,0.5,-1.140254335396662e-09,0.87699721442697,0.87699721442697,0.87699721442697,0.0,0.0,False,ISO,0.0,0.0,0.0,0.0,0,
b0973,b2720,hyaB,hycF,0.0,0.0,0.0,0.0,0.5,-1.140254335396662e-09,0.87699721442697,0.87699721442697,0.87699721442697,0.0,0.0,False,ISO,0.0,0.0,0.0,0.0,0,
b0973,b2721,hyaB,hycE,0.0,0.0,0.0,0.0,0.5,-1.140254335396662e-09,0.87699721442697,0.87699721442697,0.87699721442697,0.0,0.0,False,ISO,0.0,0.0,0.0,0.0,0,
b0973,b2722,hyaB,hycD,0.0,0.0,0.0,0.0,0.5,-1.140254335396662e-09,0.87699721442697,0.87699721442697,0.87699721442697,0.0,0.0,False,ISO,0.0,0.0,0.0,0.0,0,
b0973,b2723,hyaB,hycC,0.0,0.0,0.0,0.0,0.5,-1.140254335396662e-09,0.87699721442697,0.87699721442697,0.87699721442697,0.0,0.0,False,ISO,0.0,0.0,0.0,0.0,0,
b0972,b2997,hyaA,hybO,0.0,0.0,0.0,0.0,0.5,-1.140254335396662e-09,0.87699721442697,0.87699721442697,0.87699721442697,0.0,0.0,False,ISO,0.0,0.0,0.0,0.0,2,
b0972,b2996,hyaA,hybA,0.0,0.0,0.0,0.0,0.5,-1.140254335396662e-09,0.87699721442697,0.87699721442697,0.87699721442697,0.0,0.0,False,ISO,0.0,0.0,0.0,0.0,2,
b0972,b2995,hyaA,hybB,0.0,0.0,0.0,0.0,0.5,-1.140254335396662e-09,0.87699721442697,0.87699721442697,0.87699721442697,0.0,0.0,False,ISO,0.0,0.0,0.0,0.0,2,
b0972,b2994,hyaA,hybC,0.0,0.0,0.0,0.0,0.5,-1.140254335396662e-09,0.87699721442697,0.87699721442697,0.87699721442697,0.0,0.0,False,ISO,0.0,0.0,0.0,0.0,2,
b0972,b2724,hyaA,hycB,0.0,0.0,0.0,0.0,0.5,-1.140254335396662e-09,0.87699721442697,0.87699721442697,0.87699721442697,0.0,0.0,False,ISO,0.0,0.0,0.0,0.0,0,
b0972,b2719,hyaA,hycG,0.0,0.0,0.0,0.0,0.5,-1.140254335396662e-09,0.87699721442697,0.87699721442697,0.87699721442697,0.0,0.0,False,ISO,0.0,0.0,0.0,0.0,0,
b0972,b2720,hyaA,hycF,0.0,0.0,0.0,0.0,0.5,-1.140254335396662e-09,0.87699721442697,0.87699721442697,0.87699721442697,0.0,0.0,False,ISO,0.0,0.0,0.0,0.0,0,
b0972,b2721,hyaA,hycE,0.0,0.0,0.0,0.0,0.5,-1.140254335396662e-09,0.87699721442697,0.87699721442697,0.87699721442697,0.0,0.0,False,ISO,0.0,0.0,0.0,0.0,0,
b0972,b2722,hyaA,hycD,0.0,0.0,0.0,0.0,0.5,-1.140254335396662e-09,0.87699721442697,0.87699721442697,0.87699721442697,0.0,0.0,False,ISO,0.0,0.0,0.0,0.0,0,
b0972,b2723,hyaA,hycC,0.0,0.0,0.0,0.0,0.5,-1.140254335396662e-09,0.87699721442697,0.87699721442697,0.87699721442697,0.0,0.0,False,ISO,0.0,0.0,0.0,0.0,0,
b2131,b2677,osmF,proV,0.0,0.0,0.0,0.0,0.5,-1.140254335396662e-09,0.8769972144269701,0.8769972144269701,0.8769972144269702,0.0,0.0,False,ISO,0.0,0.0,0.0,0.0,6,
b2131,b2678,osmF,proW,0.0,0.0,0.0,0.0,0.5,-1.140254335396662e-09,0.8769972144269701,0.8769972144269701,0.8769972144269702,0.0,0.0,False,ISO,0.0,0.0,0.0,0.0,6,
b2131,b2679,osmF,proX,0.0,0.0,0.0,0.0,0.5,-1.140254335396662e-09,0.8769972144269701,0.8769972144269701,0.8769972144269702,0.0,0.0,False,ISO,0.0,0.0,0.0,0.0,6,
b2130,b2677,yehY,proV,0.0,0.0,0.0,0.0,0.5,-1.140254335396662e-09,0.8769972144269701,0.8769972144269701,0.8769972144269702,0.0,0.0,False,ISO,0.0,0.0,0.0,0.0,6,
b2130,b2678,yehY,proW,0.0,0.0,0.0,0.0,0.5,-1.140254335396662e-09,0.8769972144269701,0.8769972144269701,0.8769972144269702,0.0,0.0,False,ISO,0.0,0.0,0.0,0.0,6,
b2130,b2679,yehY,proX,0.0,0.0,0.0,0.0,0.5,-1.140254335396662e-09,0.8769972144269701,0.8769972144269701,0.8769972144269702,0.0,0.0,False,ISO,0.0,0.0,0.0,0.0,6,
b2128,b2677,yehW,proV,0.0,0.0,0.0,0.0,0.5,-1.140254335396662e-09,0.8769972144269701,0.8769972144269701,0.8769972144269702,0.0,0.0,False,ISO,0.0,0.0,0.0,0.0,6,
b2128,b2678,yehW,proW,0.0,0.0,0.0,0.0,0.5,-1.140254335396662e-09,0.8769972144269701,0.8769972144269701,0.8769972144269702,0.0,0.0,False,ISO,0.0,0.0,0.0,0.0,6,
b2128,b2679,yehW,proX,0.0,0.0,0.0,0.0,0.5,-1.140254335396662e-09,0.8769972144269701,0.8769972144269701,0.8769972144269702,0.0,0.0,False,ISO,0.0,0.0,0.0,0.0,6,
b2129,b2677,yehX,proV,0.0,0.0,0.0,0.0,0.5,-1.140254335396662e-09,0.8769972144269701,0.8769972144269701,0.8769972144269702,0.0,0.0,False,ISO,0.0,0.0,0.0,0.0,6,
b2129,b2678,yehX,proW,0.0,0.0,0.0,0.0,0.5,-1.140254335396662e-09,0.8769972144269701,0.8769972144269701,0.8769972144269702,0.0,0.0,False,ISO,0.0,0.0,0.0,0.0,6,
b2129,b2679,yehX,proX,0.0,0.0,0.0,0.0,0.5,-1.140254335396662e-09,0.8769972144269701,0.8769972144269701,0.8769972144269702,0.0,0.0,False,ISO,0.0,0.0,0.0,0.0,6,
b0341,b0934,cynX,ssuC,0.0,0.0,0.0,0.0,0.5,-1.140254335396662e-09,0.87699721442697,0.87699721442697,0.87699721442697,0.0,0.0,False,B,0.0,0.0,0.0,0.0,4,
b0341,b1296,cynX,puuP,0.0,0.0,0.0,0.0,0.5,-1.140254335396662e-09,0.87699721442697,0.87699721442697,0.87699721442697,0.0,0.0,False,B,0.0,0.0,0.0,0.0,1,
b0341,b3626,cynX,waaJ,0.0,0.0,0.0,0.0,0.5,-1.140254335396662e-09,0.87699721442697,0.87699721442697,0.87699721442697,0.0,0.0,False,B,0.0,0.0,0.0,0.0,2,
b0341,b2871,cynX,ygeX,0.0,0.0,0.0,0.0,0.5,-1.140254335396662e-09,0.87699721442697,0.87699721442697,0.87699721442697,0.0,0.0,False,B,0.0,0.0,0.0,0.0,2,
b0341,b3915,cynX,fieF,0.0,0.0,0.0,0.0,0.5,-1.140254335396662e-09,0.87699721442697,0.8769972144269703,0.8769972144269703,0.0,0.0,False,B,0.0,0.0,0.0,0.0,3,
b0341,b1857,cynX,znuA,0.0,0.0,0.0,0.0,0.5,-1.140254335396662e-09,0.87699721442697,0.8769972144269703,0.8769972144269703,0.0,0.0,False,B,0.0,0.0,0.0,0.0,2,
b0341,b0696,cynX,kdpC,0.0,0.0,0.0,0.0,0.5,-1.140254335396662e-09,0.87699721442697,0.8769972144269703,0.8769972144269703,0.0,0.0,False,B,0.0,0.0,0.0,0.0,2,
b0341,b1186,cynX,nhaB,0.0,0.0,0.0,0.0,0.5,-1.140254335396662e-09,0.87699721442697,0.8769972144269705,0.8769972144269705,0.0,0.0,False,B,0.0,0.0,0.0,0.0,2,
b0341,b3371,cynX,frlB,0.0,0.0,0.0,0.0,0.5,-1.140254335396662e-09,0.87699721442697,0.87699721442697,0.87699721442697,0.0,0.0,False,B,0.0,0.0,0.0,0.0,2,
b0341,b3748,cynX,rbsD,0.0,0.0,0.0,0.0,0.5,-1.140254335396662e-09,0.87699721442697,0.87699721442697,0.87699721442697,0.0,0.0,False,B,0.0,0.0,0.0,0.0,1,
b0341,b2482,cynX,hyfB,0.0,0.0,0.0,0.0,0.5,-1.140254335396662e-09,0.87699721442697,0.87699721442697,0.87699721442697,0.0,0.0,False,B,0.0,0.0,0.0,0.0,1,
b0341,b1640,cynX,anmK,0.0,0.0,0.0,0.0,0.5,-1.140254335396662e-09,0.87699721442697,0.87699721442697,0.87699721442697,0.0,0.0,False,B,0.0,0.0,0.0,0.0,2,
b0341,b3630,cynX,waaP,0.0,0.0,0.0,0.0,0.5,-1.140254335396662e-09,0.87699721442697,0.87699721442697,0.87699721442697,0.0,0.0,False,B,0.0,0.0,0.0,0.0,2,
b0341,b4394,cynX,yjjX,0.0,0.0,0.0,0.0,0.5,-1.140254335396662e-09,0.87699721442697,0.87699721442697,0.87699721442697,0.0,0.0,False,B,0.0,0.0,0.0,0.0,3,
b0341,b2146,cynX,preT,0.0,0.0,0.0,0.0,0.5,-1.140254335396662e-09,0.87699721442697,0.87699721442697,0.87699721442697,0.0,0.0,False,B,0.0,0.0,0.0,0.0,2,
b0341,b0832,cynX,gsiD,0.0,0.0,0.0,0.0,0.5,-1.140254335396662e-09,0.87699721442697,0.8769972144269701,0.8769972144269701,0.0,0.0,False,B,0.0,0.0,0.0,0.0,2,
b0341,b3396,cynX,mrcA,0.0,0.0,0.0,0.0,0.5,-1.140254335396662e-09,0.87699721442697,0.87699721442697,0.87699721442697,0.0,0.0,False,B,0.0,0.0,0.0,0.0,1,
b0341,b0722,cynX,sdhD,0.0,3719.237820017231,3719.237820017231,0.0,0.9999999999999998,-1.0945121475813835e-09,0.87699721442697,0.8418157926999568,0.8418157926999568,0.0,0.0,False,X,0.0,0.0,0.0,0.0,2,
b0341,b0724,cynX,sdhB,0.0,3719.237820017231,3719.237820017231,0.0,0.9999999999999998,-1.0945121475813835e-09,0.87699721442697,0.8418157926999568,0.8418157926999568,0.0,0.0,False,X,0.0,0.0,0.0,0.0,2,
b0341,b2288,cynX,nuoA,0.0,3294.285861140926,3294.285861140926,0.0,0.9999999999999998,-9.86372761246912e-10,0.87699721442697,0.7586431920374903,0.7586431920374903,0.0,0.0,False,X,0.0,3294.285861140926,3294.285861140926,0.0,4,
b0341,b2276,cynX,nuoN,0.0,3294.285861140926,3294.285861140926,0.0,0.9999999999999998,-9.86372761246912e-10,0.87699721442697,0.7586431920374903,0.7586431920374903,0.0,0.0,False,X,0.0,3294.285861140926,3294.285861140926,0.0,4,
b0341,b2279,cynX,nuoK,0.0,3294.285861140926,3294.285861140926,0.0,0.9999999999999998,-9.86372761246912e-10,0.87699721442697,0.7586431920374903,0.7586431920374903,0.0,0.0,False,X,0.0,3294.285861140926,3294.285861140926,0.0,4,
b0341,b2286,cynX,nuoC,0.0,3294.285861140926,3294.285861140926,0.0,0.9999999999999998,-9.86372761246912e-10,0.87699721442697,0.7586431920374903,0.7586431920374903,0.0,0.0,False,X,0.0,3294.285861140926,3294.285861140926,0.0,4,
b0341,b0681,cynX,chiP,0.0,0.0,0.0,0.0,0.5,-1.140254335396662e-09,0.87699721442697,0.87699721442697,0.87699721442697,0.0,0.0,False,B,0.0,0.0,0.0,0.0,1,
b0341,b1473,cynX,yddG,0.0,0.0,0.0,0.0,0.5,-1.140254335396662e-09,0.87699721442697,0.8769972144269699,0.8769972144269699,0.0,0.0,False,B,0.0,0.0,0.0,0.0,4,
b0341,b0401,cynX,brnQ,0.0,0.0,0.0,0.0,0.5,-1.140254335396662e-09,0.87699721442697,0.8769972144269699,0.8769972144269699,0.0,0.0,False,B,0.0,0.0,0.0,0.0,4,
b0341,b2842,cynX,kduD,0.0,0.0,0.0,0.0,0.5,-1.140254335396662e-09,0.87699721442697,0.87699721442697,0.87699721442697,0.0,0.0,False,B,0.0,0.0,0.0,0.0,1,
b0341,b4101,cynX,phnG,0.0,0.0,0.0,0.0,0.5,-1.140254335396662e-09,0.87699721442697,0.87699721442697,0.87699721442697,0.0,0.0,False,B,0.0,0.0,0.0,0.0,2,
b0341,b2682,cynX,ygaZ,0.0,0.0,0.0,0.0,0.5,-1.140254335396662e-09,0.87699721442697,0.87699721442697,0.87699721442697,0.0,0.0,False,B,0.0,0.0,0.0,0.0,1,
b3829,b4019,metE,metH,0.0,0.0,18414.90254234409,18414.90254234409,9207451271172046.0,-1.0000000022805087,0.87699721442697,0.87699721442697,-0.0,0.0,0.0,True,ISO,0.0,0.0,18414.90254234409,18414.90254234409,1,
b0509,b3125,glxR,garR,0.0,0.0,0.0,0.0,0.5,-1.1402541133520572e-09,0.87699721442697,0.87699721442697,0.8769972144269701,0.0,0.0,False,ISO,0.0,0.0,0.0,0.0,1,
b0306,b3605,ykgE,lldD,0.0,0.0,0.0,0.0,0.5,-1.1402536692628473e-09,0.87699721442697,0.87699721442697,0.8769972144269704,0.0,0.0,False,ISO,0.0,0.0,0.0,0.0,2,
b0307,b3605,ykgF,lldD,0.0,0.0,0.0,0.0,0.5,-1.1402536692628473e-09,0.87699721442697,0.87699721442697,0.8769972144269704,0.0,0.0,False,ISO,0.0,0.0,0.0,0.0,2,
b0308,b3605,ykgG,lldD,0.0,0.0,0.0,0.0,0.5,-1.1402536692628473e-09,0.87699721442697,0.87699721442697,0.8769972144269704,0.0,0.0,False,ISO,0.0,0.0,0.0,0.0,2,
b0904,b2492,focA,focB,0.0,0.0,0.0,0.0,0.5,-1.1402541133520572e-09,0.87699721442697,0.87699721442697,0.8769972144269701,0.0,0.0,False,ISO,0.0,0.0,0.0,0.0,2,
b0934,b1296,ssuC,puuP,0.0,0.0,0.0,0.0,0.5,-1.140254335396662e-09,0.87699721442697,0.87699721442697,0.87699721442697,0.0,0.0,False,B,0.0,0.0,0.0,0.0,3,
b0934,b3626,ssuC,waaJ,0.0,0.0,0.0,0.0,0.5,-1.140254335396662e-09,0.87699721442697,0.87699721442697,0.87699721442697,0.0,0.0,False,B,0.0,0.0,0.0,0.0,4,
b0934,b2871,ssuC,ygeX,0.0,0.0,0.0,0.0,0.5,-1.140254335396662e-09,0.87699721442697,0.87699721442697,0.87699721442697,0.0,0.0,False,B,0.0,0.0,0.0,0.0,4,
b0934,b3915,ssuC,fieF,0.0,0.0,0.0,0.0,0.5,-1.140254335396662e-09,0.87699721442697,0.8769972144269703,0.8769972144269703,0.0,0.0,False,B,0.0,0.0,0.0,0.0,5,
b0934,b1857,ssuC,znuA,0.0,0.0,0.0,0.0,0.5,-1.140254335396662e-09,0.87699721442697,0.8769972144269703,0.8769972144269703,0.0,0.0,False,B,0.0,0.0,0.0,0.0,4,
b0934,b0696,ssuC,kdpC,0.0,0.0,0.0,0.0,0.5,-1.140254335396662e-09,0.87699721442697,0.8769972144269703,0.8769972144269703,0.0,0.0,False,B,0.0,0.0,0.0,0.0,4,
b0934,b1186,ssuC,nhaB,0.0,0.0,0.0,0.0,0.5,-1.140254335396662e-09,0.87699721442697,0.8769972144269705,0.8769972144269705,0.0,0.0,False,B,0.0,0.0,0.0,0.0,4,
b0934,b3371,ssuC,frlB,0.0,0.0,0.0,0.0,0.5,-1.140254335396662e-09,0.87699721442697,0.87699721442697,0.87699721442697,0.0,0.0,False,B,0.0,0.0,0.0,0.0,4,
b0934,b3748,ssuC,rbsD,0.0,0.0,0.0,0.0,0.5,-1.140254335396662e-09,0.87699721442697,0.87699721442697,0.87699721442697,0.0,0.0,False,B,0.0,0.0,0.0,0.0,3,
b0934,b2482,ssuC,hyfB,0.0,0.0,0.0,0.0,0.5,-1.140254335396662e-09,0.87699721442697,0.87699721442697,0.87699721442697,0.0,0.0,False,B,0.0,0.0,0.0,0.0,3,
b0934,b1640,ssuC,anmK,0.0,0.0,0.0,0.0,0.5,-1.140254335396662e-09,0.87699721442697,0.87699721442697,0.87699721442697,0.0,0.0,False,B,0.0,0.0,0.0,0.0,4,
b0934,b0115,ssuC,aceF,0.0,569.3957161878707,569.3957161878707,0.0,0.9999999999999982,-1.1158099999519777e-09,0.87699721442697,0.8581964695522434,0.8581964695522434,0.0,0.0,False,X,0.0,0.0,0.0,0.0,4,
b0934,b3630,ssuC,waaP,0.0,0.0,0.0,0.0,0.5,-1.140254335396662e-09,0.87699721442697,0.87699721442697,0.87699721442697,0.0,0.0,False,B,0.0,0.0,0.0,0.0,4,
b0934,b4394,ssuC,yjjX,0.0,0.0,0.0,0.0,0.5,-1.140254335396662e-09,0.87699721442697,0.87699721442697,0.87699721442697,0.0,0.0,False,B,0.0,0.0,0.0,0.0,5,
b0934,b2146,ssuC,preT,0.0,0.0,0.0,0.0,0.5,-1.140254335396662e-09,0.87699721442697,0.87699721442697,0.87699721442697,0.0,0.0,False,B,0.0,0.0,0.0,0.0,4,
b0934,b0832,ssuC,gsiD,0.0,0.0,0.0,0.0,0.5,-1.140254335396662e-09,0.87699721442697,0.8769972144269701,0.8769972144269701,0.0,0.0,False,B,0.0,0.0,0.0,0.0,4,
b0934,b3396,ssuC,mrcA,0.0,0.0,0.0,0.0,0.5,-1.140254335396662e-09,0.87699721442697,0.87699721442697,0.87699721442697,0.0,0.0,False,B,0.0,0.0,0.0,0.0,3,
b0934,b0721,ssuC,sdhC,0.0,3719.237820017231,3719.237820017231,0.0,0.9999999999999998,-1.0945121475813835e-09,0.87699721442697,0.8418157926999568,0.8418157926999568,0.0,0.0,False,X,0.0,0.0,0.0,0.0,4,
b0934,b2280,ssuC,nuoJ,0.0,3294.285861140926,3294.285861140926,0.0,0.9999999999999998,-9.86372761246912e-10,0.87699721442697,0.7586431920374903,0.7586431920374903,0.0,0.0,False,X,0.0,3294.285861140926,3294.285861140926,0.0,6,
b0934,b0681,ssuC,chiP,0.0,0.0,0.0,0.0,0.5,-1.140254335396662e-09,0.87699721442697,0.87699721442697,0.87699721442697,0.0,0.0,False,B,0.0,0.0,0.0,0.0,3,
b0934,b1473,ssuC,yddG,0.0,0.0,0.0,0.0,0.5,-1.140254335396662e-09,0.87699721442697,0.8769972144269699,0.8769972144269699,0.0,0.0,False,B,0.0,0.0,0.0,0.0,6,
b0934,b0401,ssuC,brnQ,0.0,0.0,0.0,0.0,0.5,-1.140254335396662e-09,0.87699721442697,0.8769972144269699,0.8769972144269699,0.0,0.0,False,B,0.0,0.0,0.0,0.0,6,
b0934,b2842,ssuC,kduD,0.0,0.0,0.0,0.0,0.5,-1.140254335396662e-09,0.87699721442697,0.87699721442697,0.87699721442697,0.0,0.0,False,B,0.0,0.0,0.0,0.0,3,
b0934,b4101,ssuC,phnG,0.0,0.0,0.0,0.0,0.5,-1.140254335396662e-09,0.87699721442697,0.87699721442697,0.87699721442697,0.0,0.0,False,B,0.0,0.0,0.0,0.0,4,
b0934,b2682,ssuC,ygaZ,0.0,0.0,0.0,0.0,0.5,-1.140254335396662e-09,0.87699721442697,0.87699721442697,0.87699721442697,0.0,0.0,False,B,0.0,0.0,0.0,0.0,3,
b0692,b2014,potE,plaP,0.0,0.0,0.0,0.0,0.5,-1.140254335396662e-09,0.8769972144269726,0.87699721442697,0.8769972144269726,0.0,0.0,False,ISO,0.0,0.0,0.0,0.0,1,
b0692,b1296,potE,puuP,0.0,0.0,0.0,0.0,0.5,-1.140254335396662e-09,0.8769972144269726,0.87699721442697,0.8769972144269726,0.0,0.0,False,ISO,0.0,0.0,0.0,0.0,1,
b1296,b2014,puuP,plaP,0.0,0.0,0.0,0.0,0.5,-1.140254335396662e-09,0.87699721442697,0.87699721442697,0.87699721442697,0.0,0.0,False,ISO,0.0,0.0,0.0,0.0,0,
b1296,b3626,puuP,waaJ,0.0,0.0,0.0,0.0,0.5,-1.140254335396662e-09,0.87699721442697,0.87699721442697,0.87699721442697,0.0,0.0,False,B,0.0,0.0,0.0,0.0,1,
b1296,b2871,puuP,ygeX,0.0,0.0,0.0,0.0,0.5,-1.140254335396662e-09,0.87699721442697,0.87699721442697,0.87699721442697,0.0,0.0,False,B,0.0,0.0,0.0,0.0,1,
b1296,b3915,puuP,fieF,0.0,0.0,0.0,0.0,0.5,-1.140254335396662e-09,0.87699721442697,0.8769972144269703,0.8769972144269703,0.0,0.0,False,B,0.0,0.0,0.0,0.0,2,
b1296,b1857,puuP,znuA,0.0,0.0,0.0,0.0,0.5,-1.140254335396662e-09,0.87699721442697,0.8769972144269703,0.8769972144269703,0.0,0.0,False,B,0.0,0.0,0.0,0.0,1,
b1296,b0696,puuP,kdpC,0.0,0.0,0.0,0.0,0.5,-1.140254335396662e-09,0.87699721442697,0.8769972144269703,0.8769972144269703,0.0,0.0,False,B,0.0,0.0,0.0,0.0,1,
b1296,b1186,puuP,nhaB,0.0,0.0,0.0,0.0,0.5,-1.140254335396662e-09,0.87699721442697,0.8769972144269705,0.8769972144269705,0.0,0.0,False,B,0.0,0.0,0.0,0.0,1,
b1296,b3371,puuP,frlB,0.0,0.0,0.0,0.0,0.5,-1.140254335396662e-09,0.87699721442697,0.87699721442697,0.87699721442697,0.0,0.0,False,B,0.0,0.0,0.0,0.0,1,
b1296,b3748,puuP,rbsD,0.0,0.0,0.0,0.0,0.5,-1.140254335396662e-09,0.87699721442697,0.87699721442697,0.87699721442697,0.0,0.0,False,B,0.0,0.0,0.0,0.0,0,
b1296,b2482,puuP,hyfB,0.0,0.0,0.0,0.0,0.5,-1.140254335396662e-09,0.87699721442697,0.87699721442697,0.87699721442697,0.0,0.0,False,B,0.0,0.0,0.0,0.0,0,
b1296,b1640,puuP,anmK,0.0,0.0,0.0,0.0,0.5,-1.140254335396662e-09,0.87699721442697,0.87699721442697,0.87699721442697,0.0,0.0,False,B,0.0,0.0,0.0,0.0,1,
b1296,b3630,puuP,waaP,0.0,0.0,0.0,0.0,0.5,-1.140254335396662e-09,0.87699721442697,0.87699721442697,0.87699721442697,0.0,0.0,False,B,0.0,0.0,0.0,0.0,1,
b1296,b4394,puuP,yjjX,0.0,0.0,0.0,0.0,0.5,-1.140254335396662e-09,0.87699721442697,0.87699721442697,0.87699721442697,0.0,0.0,False,B,0.0,0.0,0.0,0.0,2,
b1296,b2146,puuP,preT,0.0,0.0,0.0,0.0,0.5,-1.140254335396662e-09,0.87699721442697,0.87699721442697,0.87699721442697,0.0,0.0,False,B,0.0,0.0,0.0,0.0,1,
b1296,b0832,puuP,gsiD,0.0,0.0,0.0,0.0,0.5,-1.140254335396662e-09,0.87699721442697,0.8769972144269701,0.8769972144269701,0.0,0.0,False,B,0.0,0.0,0.0,0.0,1,
b1296,b3396,puuP,mrcA,0.0,0.0,0.0,0.0,0.5,-1.140254335396662e-09,0.87699721442697,0.87699721442697,0.87699721442697,0.0,0.0,False,B,0.0,0.0,0.0,0.0,0,
b1296,b0722,puuP,sdhD,0.0,3719.237820017231,3719.237820017231,0.0,0.9999999999999998,-1.0945121475813835e-09,0.87699721442697,0.8418157926999568,0.8418157926999568,0.0,0.0,False,X,0.0,0.0,0.0,0.0,1,
b1296,b2277,puuP,nuoM,0.0,3294.285861140926,3294.285861140926,0.0,0.9999999999999998,-9.86372761246912e-10,0.87699721442697,0.7586431920374903,0.7586431920374903,0.0,0.0,False,X,0.0,3294.285861140926,3294.285861140926,0.0,3,
b1296,b2280,puuP,nuoJ,0.0,3294.285861140926,3294.285861140926,0.0,0.9999999999999998,-9.86372761246912e-10,0.87699721442697,0.7586431920374903,0.7586431920374903,0.0,0.0,False,X,0.0,3294.285861140926,3294.285861140926,0.0,3,
b1296,b0681,puuP,chiP,0.0,0.0,0.0,0.0,0.5,-1.140254335396662e-09,0.87699721442697,0.87699721442697,0.87699721442697,0.0,0.0,False,B,0.0,0.0,0.0,0.0,0,
b1296,b1473,puuP,yddG,0.0,0.0,0.0,0.0,0.5,-1.140254335396662e-09,0.87699721442697,0.8769972144269699,0.8769972144269699,0.0,0.0,False,B,0.0,0.0,0.0,0.0,3,
b1296,b0401,puuP,brnQ,0.0,0.0,0.0,0.0,0.5,-1.140254335396662e-09,0.87699721442697,0.8769972144269699,0.8769972144269699,0.0,0.0,False,B,0.0,0.0,0.0,0.0,3,
b1296,b2842,puuP,kduD,0.0,0.0,0.0,0.0,0.5,-1.140254335396662e-09,0.87699721442697,0.87699721442697,0.87699721442697,0.0,0.0,False,B,0.0,0.0,0.0,0.0,0,
b1296,b4101,puuP,phnG,0.0,0.0,0.0,0.0,0.5,-1.140254335396662e-09,0.87699721442697,0.87699721442697,0.87699721442697,0.0,0.0,False,B,0.0,0.0,0.0,0.0,1,
b1296,b2682,puuP,ygaZ,0.0,0.0,0.0,0.0,0.5,-1.140254335396662e-09,0.87699721442697,0.87699721442697,0.87699721442697,0.0,0.0,False,B,0.0,0.0,0.0,0.0,0,
b3626,b2871,waaJ,ygeX,0.0,0.0,0.0,0.0,0.5,-1.140254335396662e-09,0.87699721442697,0.87699721442697,0.87699721442697,0.0,0.0,False,B,0.0,0.0,0.0,0.0,2,
b3626,b3915,waaJ,fieF,0.0,0.0,0.0,0.0,0.5,-1.140254779485872e-09,0.87699721442697,0.8769972144269703,0.87699721442697,0.0,0.0,False,B,0.0,0.0,0.0,0.0,3,
b3626,b1857,waaJ,znuA,0.0,0.0,0.0,0.0,0.5,-1.140254779485872e-09,0.87699721442697,0.8769972144269703,0.87699721442697,0.0,0.0,False,B,0.0,0.0,0.0,0.0,2,
b3626,b0696,waaJ,kdpC,0.0,0.0,0.0,0.0,0.5,-1.140254557441267e-09,0.87699721442697,0.8769972144269703,0.8769972144269701,0.0,0.0,False,B,0.0,0.0,0.0,0.0,2,
b3626,b1186,waaJ,nhaB,0.0,0.0,0.0,0.0,0.5,-1.140254557441267e-09,0.87699721442697,0.8769972144269705,0.8769972144269702,0.0,0.0,False,B,0.0,0.0,0.0,0.0,2,
b3626,b3371,waaJ,frlB,0.0,0.0,0.0,0.0,0.5,-1.140254335396662e-09,0.87699721442697,0.87699721442697,0.87699721442697,0.0,0.0,False,B,0.0,0.0,0.0,0.0,2,
b3626,b3748,waaJ,rbsD,0.0,0.0,0.0,0.0,0.5,-1.140254335396662e-09,0.87699721442697,0.87699721442697,0.87699721442697,0.0,0.0,False,B,0.0,0.0,0.0,0.0,1,
b3626,b2482,waaJ,hyfB,0.0,0.0,0.0,0.0,0.5,-1.140254335396662e-09,0.87699721442697,0.87699721442697,0.87699721442697,0.0,0.0,False,B,0.0,0.0,0.0,0.0,1,
b3626,b1640,waaJ,anmK,0.0,0.0,0.0,0.0,0.5,-1.1402556676642916e-09,0.87699721442697,0.87699721442697,0.8769972144269688,0.0,0.0,False,B,0.0,0.0,0.0,0.0,2,
b3626,b0115,waaJ,aceF,0.0,569.3957161878707,569.3957161878748,4.092726157978177e-12,1.0000000000000053,-1.1158102219965826e-09,0.87699721442697,0.8581964695522434,0.8581964695522432,0.0,0.0,False,X,0.0,0.0,0.0,0.0,2,
b3626,b3630,waaJ,waaP,0.0,0.0,0.0,0.0,0.5,-1.1402503385937734e-09,0.87699721442697,0.87699721442697,0.8769972144269734,0.0,0.0,False,B,0.0,0.0,0.0,0.0,2,
b3626,b4394,waaJ,yjjX,0.0,0.0,0.0,0.0,0.5,-1.140254335396662e-09,0.87699721442697,0.87699721442697,0.87699721442697,0.0,0.0,False,B,0.0,0.0,0.0,0.0,3,
b3626,b2146,waaJ,preT,0.0,0.0,0.0,0.0,0.5,-1.140254335396662e-09,0.87699721442697,0.87699721442697,0.87699721442697,0.0,0.0,False,B,0.0,0.0,0.0,0.0,2,
b3626,b0832,waaJ,gsiD,0.0,0.0,0.0,0.0,0.5,-1.1402541133520572e-09,0.87699721442697,0.8769972144269701,0.8769972144269702,0.0,0.0,False,B,0.0,0.0,0.0,0.0,2,
b3626,b3396,waaJ,mrcA,0.0,0.0,0.0,0.0,0.5,-1.140254335396662e-09,0.87699721442697,0.87699721442697,0.87699721442697,0.0,0.0,False,B,0.0,0.0,0.0,0.0,1,
b3626,b0431,waaJ,cyoB,0.0,7798.596633039896,7798.596633039891,-5.4569682106375694e-12,0.9999999999999992,-1.0110374759619845e-09,0.87699721442697,0.7776142830847725,0.7776142830847735,0.0,0.0,False,X,0.0,7798.596633039896,7798.596633039891,-5.4569682106375694e-12,2,
b3626,b0722,waaJ,sdhD,0.0,3719.237820017231,3719.2378200163703,-8.608367352280766e-10,0.9999999999997683,-1.0945400141793016e-09,0.87699721442697,0.8418157926999568,0.8418157926999322,0.0,0.0,False,X,0.0,0.0,0.0,0.0,2,
b3626,b2283,waaJ,nuoG,0.0,3294.285861140926,3294.2858611406054,-3.205968823749572e-10,0.9999999999999024,-9.863722061353997e-10,0.87699721442697,0.7586431920374903,0.7586431920374909,0.0,0.0,False,X,0.0,3294.285861140926,3294.2858611406054,-3.205968823749572e-10,4,
b3626,b2281,waaJ,nuoI,0.0,3294.285861140926,3294.2858611406054,-3.205968823749572e-10,0.9999999999999024,-9.863722061353997e-10,0.87699721442697,0.7586431920374903,0.7586431920374909,0.0,0.0,False,X,0.0,3294.285861140926,3294.2858611406054,-3.205968823749572e-10,4,
b3626,b0681,waaJ,chiP,0.0,0.0,0.0,0.0,0.5,-1.140254335396662e-09,0.87699721442697,0.87699721442697,0.87699721442697,0.0,0.0,False,B,0.0,0.0,0.0,0.0,1,
b3626,b1473,waaJ,yddG,0.0,0.0,0.0,0.0,0.5,-1.1402554456196867e-09,0.87699721442697,0.8769972144269699,0.876997214426969,0.0,0.0,False,B,0.0,0.0,0.0,0.0,4,
b3626,b0401,waaJ,brnQ,0.0,0.0,0.0,0.0,0.5,-1.1402541133520572e-09,0.87699721442697,0.8769972144269699,0.8769972144269701,0.0,0.0,False,B,0.0,0.0,0.0,0.0,4,
b3626,b2842,waaJ,kduD,0.0,0.0,0.0,0.0,0.5,-1.140254335396662e-09,0.87699721442697,0.87699721442697,0.87699721442697,0.0,0.0,False,B,0.0,0.0,0.0,0.0,1,
b3626,b4101,waaJ,phnG,0.0,0.0,0.0,0.0,0.5,-1.140254335396662e-09,0.87699721442697,0.87699721442697,0.87699721442697,0.0,0.0,False,B,0.0,0.0,0.0,0.0,2,
b3626,b2682,waaJ,ygaZ,0.0,0.0,0.0,0.0,0.5,-1.140254335396662e-09,0.87699721442697,0.87699721442697,0.87699721442697,0.0,0.0,False,B,0.0,0.0,0.0,0.0,1,
b1778,b1832,msrB,msrC,0.0,0.0,0.0,0.0,0.5,-1.140254335396662e-09,0.87699721442697,0.87699721442697,0.87699721442697,0.0,0.0,False,ISO,0.0,0.0,0.0,0.0,1,
b2871,b3915,ygeX,fieF,0.0,0.0,0.0,0.0,0.5,-1.140254335396662e-09,0.87699721442697,0.8769972144269703,0.8769972144269703,0.0,0.0,False,B,0.0,0.0,0.0,0.0,3,
b2871,b1857,ygeX,znuA,0.0,0.0,0.0,0.0,0.5,-1.140254335396662e-09,0.87699721442697,0.8769972144269703,0.8769972144269703,0.0,0.0,False,B,0.0,0.0,0.0,0.0,2,
b2871,b0696,ygeX,kdpC,0.0,0.0,0.0,0.0,0.5,-1.140254335396662e-09,0.87699721442697,0.8769972144269703,0.8769972144269703,0.0,0.0,False,B,0.0,0.0,0.0,0.0,2,
b2871,b1186,ygeX,nhaB,0.0,0.0,0.0,0.0,0.5,-1.140254335396662e-09,0.87699721442697,0.8769972144269705,0.8769972144269705,0.0,0.0,False,B,0.0,0.0,0.0,0.0,2,
b2871,b3371,ygeX,frlB,0.0,0.0,0.0,0.0,0.5,-1.140254335396662e-09,0.87699721442697,0.87699721442697,0.87699721442697,0.0,0.0,False,B,0.0,0.0,0.0,0.0,2,
b2871,b3748,ygeX,rbsD,0.0,0.0,0.0,0.0,0.5,-1.140254335396662e-09,0.87699721442697,0.87699721442697,0.87699721442697,0.0,0.0,False,B,0.0,0.0,0.0,0.0,1,
b2871,b2482,ygeX,hyfB,0.0,0.0,0.0,0.0,0.5,-1.140254335396662e-09,0.87699721442697,0.87699721442697,0.87699721442697,0.0,0.0,False,B,0.0,0.0,0.0,0.0,1,
b2871,b1640,ygeX,anmK,0.0,0.0,0.0,0.0,0.5,-1.140254335396662e-09,0.87699721442697,0.87699721442697,0.87699721442697,0.0,0.0,False,B,0.0,0.0,0.0,0.0,2,
b2871,b3630,ygeX,waaP,0.0,0.0,0.0,0.0,0.5,-1.140254335396662e-09,0.87699721442697,0.87699721442697,0.87699721442697,0.0,0.0,False,B,0.0,0.0,0.0,0.0,2,
b2871,b4394,ygeX,yjjX,0.0,0.0,0.0,0.0,0.5,-1.140254335396662e-09,0.87699721442697,0.87699721442697,0.87699721442697,0.0,0.0,False,B,0.0,0.0,0.0,0.0,3,
b2871,b2146,ygeX,preT,0.0,0.0,0.0,0.0,0.5,-1.140254335396662e-09,0.87699721442697,0.87699721442697,0.87699721442697,0.0,0.0,False,B,0.0,0.0,0.0,0.0,2,
b2871,b0832,ygeX,gsiD,0.0,0.0,0.0,0.0,0.5,-1.140254335396662e-09,0.87699721442697,0.8769972144269701,0.8769972144269701,0.0,0.0,False,B,0.0,0.0,0.0,0.0,2,
b2871,b3396,ygeX,mrcA,0.0,0.0,0.0,0.0,0.5,-1.140254335396662e-09,0.87699721442697,0.87699721442697,0.87699721442697,0.0,0.0,False,B,0.0,0.0,0.0,0.0,1,
b2871,b0429,ygeX,cyoD,0.0,7798.596633039896,7798.596633039896,0.0,0.9999999999999999,-1.011038586185009e-09,0.87699721442697,0.7776142830847725,0.7776142830847725,0.0,0.0,False,X,0.0,7798.596633039896,7798.596633039896,0.0,2,
b2871,b0431,ygeX,cyoB,0.0,7798.596633039896,7798.596633039896,0.0,0.9999999999999999,-1.011038586185009e-09,0.87699721442697,0.7776142830847725,0.7776142830847725,0.0,0.0,False,X,0.0,7798.596633039896,7798.596633039896,0.0,2,
b2871,b0723,ygeX,sdhA,0.0,3719.237820017231,3719.237820017231,0.0,0.9999999999999998,-1.0945121475813835e-09,0.87699721442697,0.8418157926999568,0.8418157926999568,0.0,0.0,False,X,0.0,0.0,0.0,0.0,2,
b2871,b0721,ygeX,sdhC,0.0,3719.237820017231,3719.237820017231,0.0,0.9999999999999998,-1.0945121475813835e-09,0.87699721442697,0.8418157926999568,0.8418157926999568,0.0,0.0,False,X,0.0,0.0,0.0,0.0,2,
b2871,b0681,ygeX,chiP,0.0,0.0,0.0,0.0,0.5,-1.140254335396662e-09,0.87699721442697,0.87699721442697,0.87699721442697,0.0,0.0,False,B,0.0,0.0,0.0,0.0,1,
b2871,b1473,ygeX,yddG,0.0,0.0,0.0,0.0,0.5,-1.140254335396662e-09,0.87699721442697,0.8769972144269699,0.8769972144269699,0.0,0.0,False,B,0.0,0.0,0.0,0.0,4,
b2871,b0401,ygeX,brnQ,0.0,0.0,0.0,0.0,0.5,-1.140254335396662e-09,0.87699721442697,0.8769972144269699,0.8769972144269699,0.0,0.0,False,B,0.0,0.0,0.0,0.0,4,
b2871,b2842,ygeX,kduD,0.0,0.0,0.0,0.0,0.5,-1.140254335396662e-09,0.87699721442697,0.87699721442697,0.87699721442697,0.0,0.0,False,B,0.0,0.0,0.0,0.0,1,
b2871,b4101,ygeX,phnG,0.0,0.0,0.0,0.0,0.5,-1.140254335396662e-09,0.87699721442697,0.87699721442697,0.87699721442697,0.0,0.0,False,B,0.0,0.0,0.0,0.0,2,
b2871,b2682,ygeX,ygaZ,0.0,0.0,0.0,0.0,0.5,-1.140254335396662e-09,0.87699721442697,0.87699721442697,0.87699721442697,0.0,0.0,False,B,0.0,0.0,0.0,0.0,1,
b0932,b4260,pepN,pepA,0.0,0.0,0.0,0.0,0.5,-1.140254335396662e-09,0.87699721442697,0.87699721442697,0.87699721442697,0.0,0.0,False,ISO,0.0,0.0,0.0,0.0,0,
b0932,b2523,pepN,pepB,0.0,0.0,0.0,0.0,0.5,-1.140254335396662e-09,0.87699721442697,0.87699721442697,0.87699721442697,0.0,0.0,False,ISO,0.0,0.0,0.0,0.0,0,
b2523,b4260,pepB,pepA,0.0,0.0,0.0,0.0,0.5,-1.140254335396662e-09,0.87699721442697,0.87699721442697,0.87699721442697,0.0,0.0,False,ISO,0.0,0.0,0.0,0.0,0,
b0237,b0932,pepD,pepN,0.0,0.0,0.0,0.0,0.5,-1.140254335396662e-09,0.8769972144269701,0.87699721442697,0.8769972144269701,0.0,0.0,False,ISO,0.0,0.0,0.0,0.0,1,
b0237,b4260,pepD,pepA,0.0,0.0,0.0,0.0,0.5,-1.140254335396662e-09,0.8769972144269701,0.87699721442697,0.8769972144269701,0.0,0.0,False,ISO,0.0,0.0,0.0,0.0,1,
b0237,b2523,pepD,pepB,0.0,0.0,0.0,0.0,0.5,-1.140254335396662e-09,0.8769972144269701,0.87699721442697,0.8769972144269701,0.0,0.0,False,ISO,0.0,0.0,0.0,0.0,1,
b2435,b2817,amiA,amiC,0.0,0.0,0.0,0.0,0.5,-1.140254335396662e-09,0.87699721442697,0.87699721442697,0.87699721442697,0.0,0.0,False,ISO,0.0,0.0,0.0,0.0,0,
b2435,b4169,amiA,amiB,0.0,0.0,0.0,0.0,0.5,-1.140254335396662e-09,0.87699721442697,0.87699721442697,0.87699721442697,0.0,0.0,False,ISO,0.0,0.0,0.0,0.0,0,
b0867,b2435,amiD,amiA,0.0,0.0,0.0,0.0,0.5,-1.140254335396662e-09,0.87699721442697,0.87699721442697,0.87699721442697,0.0,0.0,False,ISO,0.0,0.0,0.0,0.0,0,
b0867,b2817,amiD,amiC,0.0,0.0,0.0,0.0,0.5,-1.140254335396662e-09,0.87699721442697,0.87699721442697,0.87699721442697,0.0,0.0,False,ISO,0.0,0.0,0.0,0.0,0,
b0867,b4169,amiD,amiB,0.0,0.0,0.0,0.0,0.5,-1.140254335396662e-09,0.87699721442697,0.87699721442697,0.87699721442697,0.0,0.0,False,ISO,0.0,0.0,0.0,0.0,0,
b2817,b4169,amiC,amiB,0.0,0.0,0.0,0.0,0.5,-1.140254335396662e-09,0.87699721442697,0.87699721442697,0.87699721442697,0.0,0.0,False,ISO,0.0,0.0,0.0,0.0,0,
b1064,b3610,grxB,grxC,0.0,0.0,0.0,0.0,0.5,-1.140254335396662e-09,0.87699721442697,0.87699721442697,0.87699721442697,0.0,0.0,False,ISO,0.0,0.0,0.0,0.0,1,
b1064,b1654,grxB,grxD,0.0,0.0,0.0,0.0,0.5,-1.140254335396662e-09,0.87699721442697,0.87699721442697,0.87699721442697,0.0,0.0,False,ISO,0.0,0.0,0.0,0.0,1,
b0849,b3610,grxA,grxC,0.0,0.0,0.0,0.0,0.5,-1.140254335396662e-09,0.87699721442697,0.87699721442697,0.87699721442697,0.0,0.0,False,ISO,0.0,0.0,0.0,0.0,0,
b0849,b1064,grxA,grxB,0.0,0.0,0.0,0.0,0.5,-1.140254335396662e-09,0.87699721442697,0.87699721442697,0.87699721442697,0.0,0.0,False,ISO,0.0,0.0,0.0,0.0,1,
b0849,b1654,grxA,grxD,0.0,0.0,0.0,0.0,0.5,-1.140254335396662e-09,0.87699721442697,0.87699721442697,0.87699721442697,0.0,0.0,False,ISO,0.0,0.0,0.0,0.0,0,
b1654,b3610,grxD,grxC,0.0,0.0,0.0,0.0,0.5,-1.140254335396662e-09,0.87699721442697,0.87699721442697,0.87699721442697,0.0,0.0,False,ISO,0.0,0.0,0.0,0.0,0,
b0123,b3336,cueO,bfr,0.0,0.0,0.0,0.0,0.5,-1.1402554456196867e-09,0.87699721442697,0.87699721442697,0.8769972144269689,0.0,0.0,False,ISO,0.0,0.0,0.0,0.0,2,
b1246,b2180,oppD,yejF,0.0,0.0,0.0,0.0,0.5,-1.1402536692628473e-09,0.87699721442697,0.87699721442697,0.8769972144269704,0.0,0.0,False,ISO,0.0,0.0,0.0,0.0,2,
b1246,b2179,oppD,yejE,0.0,0.0,0.0,0.0,0.5,-1.1402536692628473e-09,0.87699721442697,0.87699721442697,0.8769972144269704,0.0,0.0,False,ISO,0.0,0.0,0.0,0.0,2,
b1246,b2177,oppD,yejA,0.0,0.0,0.0,0.0,0.5,-1.1402536692628473e-09,0.87699721442697,0.87699721442697,0.8769972144269704,0.0,0.0,False,ISO,0.0,0.0,0.0,0.0,2,
b1246,b2178,oppD,yejB,0.0,0.0,0.0,0.0,0.5,-1.1402536692628473e-09,0.87699721442697,0.87699721442697,0.8769972144269704,0.0,0.0,False,ISO,0.0,0.0,0.0,0.0,2,
b1247,b2180,oppF,yejF,0.0,0.0,0.0,0.0,0.5,-1.1402536692628473e-09,0.87699721442697,0.87699721442697,0.8769972144269704,0.0,0.0,False,ISO,0.0,0.0,0.0,0.0,2,
b1247,b2179,oppF,yejE,0.0,0.0,0.0,0.0,0.5,-1.1402536692628473e-09,0.87699721442697,0.87699721442697,0.8769972144269704,0.0,0.0,False,ISO,0.0,0.0,0.0,0.0,2,
b1247,b2177,oppF,yejA,0.0,0.0,0.0,0.0,0.5,-1.1402536692628473e-09,0.87699721442697,0.87699721442697,0.8769972144269704,0.0,0.0,False,ISO,0.0,0.0,0.0,0.0,2,
b1247,b2178,oppF,yejB,0.0,0.0,0.0,0.0,0.5,-1.1402536692628473e-09,0.87699721442697,0.87699721442697,0.8769972144269704,0.0,0.0,False,ISO,0.0,0.0,0.0,0.0,2,
b1244,b2180,oppB,yejF,0.0,0.0,0.0,0.0,0.5,-1.1402536692628473e-09,0.87699721442697,0.87699721442697,0.8769972144269704,0.0,0.0,False,ISO,0.0,0.0,0.0,0.0,2,
b1244,b2179,oppB,yejE,0.0,0.0,0.0,0.0,0.5,-1.1402536692628473e-09,0.87699721442697,0.87699721442697,0.8769972144269704,0.0,0.0,False,ISO,0.0,0.0,0.0,0.0,2,
b1244,b2177,oppB,yejA,0.0,0.0,0.0,0.0,0.5,-1.1402536692628473e-09,0.87699721442697,0.87699721442697,0.8769972144269704,0.0,0.0,False,ISO,0.0,0.0,0.0,0.0,2,
b1244,b2178,oppB,yejB,0.0,0.0,0.0,0.0,0.5,-1.1402536692628473e-09,0.87699721442697,0.87699721442697,0.8769972144269704,0.0,0.0,False,ISO,0.0,0.0,0.0,0.0,2,
b1245,b2180,oppC,yejF,0.0,0.0,0.0,0.0,0.5,-1.1402536692628473e-09,0.87699721442697,0.87699721442697,0.8769972144269704,0.0,0.0,False,ISO,0.0,0.0,0.0,0.0,2,
b1245,b2179,oppC,yejE,0.0,0.0,0.0,0.0,0.5,-1.1402536692628473e-09,0.87699721442697,0.87699721442697,0.8769972144269704,0.0,0.0,False,ISO,0.0,0.0,0.0,0.0,2,
b1245,b2177,oppC,yejA,0.0,0.0,0.0,0.0,0.5,-1.1402536692628473e-09,0.87699721442697,0.87699721442697,0.8769972144269704,0.0,0.0,False,ISO,0.0,0.0,0.0,0.0,2,
b1245,b2178,oppC,yejB,0.0,0.0,0.0,0.0,0.5,-1.1402536692628473e-09,0.87699721442697,0.87699721442697,0.8769972144269704,0.0,0.0,False,ISO,0.0,0.0,0.0,0.0,2,
b1243,b2180,oppA,yejF,0.0,0.0,0.0,0.0,0.5,-1.1402538913074522e-09,0.87699721442697,0.87699721442697,0.8769972144269703,0.0,0.0,False,ISO,0.0,0.0,0.0,0.0,1,
b1243,b2179,oppA,yejE,0.0,0.0,0.0,0.0,0.5,-1.1402538913074522e-09,0.87699721442697,0.87699721442697,0.8769972144269703,0.0,0.0,False,ISO,0.0,0.0,0.0,0.0,1,
b1243,b1329,oppA,mppA,0.0,0.0,0.0,0.0,0.5,-1.140254335396662e-09,0.87699721442697,0.87699721442697,0.87699721442697,0.0,0.0,False,ISO,0.0,0.0,0.0,0.0,0,
b1243,b2177,oppA,yejA,0.0,0.0,0.0,0.0,0.5,-1.1402538913074522e-09,0.87699721442697,0.87699721442697,0.8769972144269703,0.0,0.0,False,ISO,0.0,0.0,0.0,0.0,1,
b1243,b2178,oppA,yejB,0.0,0.0,0.0,0.0,0.5,-1.1402538913074522e-09,0.87699721442697,0.87699721442697,0.8769972144269703,0.0,0.0,False,ISO,0.0,0.0,0.0,0.0,1,
b1329,b2180,mppA,yejF,0.0,0.0,0.0,0.0,0.5,-1.140254335396662e-09,0.87699721442697,0.87699721442697,0.87699721442697,0.0,0.0,False,ISO,0.0,0.0,0.0,0.0,0,
b1329,b2179,mppA,yejE,0.0,0.0,0.0,0.0,0.5,-1.140254335396662e-09,0.87699721442697,0.87699721442697,0.87699721442697,0.0,0.0,False,ISO,0.0,0.0,0.0,0.0,0,
b1329,b2177,mppA,yejA,0.0,0.0,0.0,0.0,0.5,-1.140254335396662e-09,0.87699721442697,0.87699721442697,0.87699721442697,0.0,0.0,False,ISO,0.0,0.0,0.0,0.0,0,
b1329,b2178,mppA,yejB,0.0,0.0,0.0,0.0,0.5,-1.140254335396662e-09,0.87699721442697,0.87699721442697,0.87699721442697,0.0,0.0,False,ISO,0.0,0.0,0.0,0.0,0,
b3915,b1857,fieF,znuA,0.0,0.0,0.0,0.0,0.5,-1.140254779485872e-09,0.8769972144269703,0.8769972144269703,0.8769972144269703,0.0,0.0,False,B,0.0,0.0,0.0,0.0,3,
b3915,b0696,fieF,kdpC,0.0,0.0,0.0,0.0,0.5,-1.140254779485872e-09,0.8769972144269703,0.8769972144269703,0.8769972144269702,0.0,0.0,False,B,0.0,0.0,0.0,0.0,3,
b3915,b1186,fieF,nhaB,0.0,0.0,0.0,0.0,0.5,-1.140254779485872e-09,0.8769972144269703,0.8769972144269705,0.8769972144269704,0.0,0.0,False,B,0.0,0.0,0.0,0.0,3,
b3915,b3371,fieF,frlB,0.0,0.0,0.0,0.0,0.5,-1.140254335396662e-09,0.8769972144269703,0.87699721442697,0.8769972144269703,0.0,0.0,False,B,0.0,0.0,0.0,0.0,3,
b3915,b3748,fieF,rbsD,0.0,0.0,0.0,0.0,0.5,-1.140254335396662e-09,0.8769972144269703,0.87699721442697,0.8769972144269703,0.0,0.0,False,B,0.0,0.0,0.0,0.0,2,
b3915,b2482,fieF,hyfB,0.0,0.0,0.0,0.0,0.5,-1.140254335396662e-09,0.8769972144269703,0.87699721442697,0.8769972144269703,0.0,0.0,False,B,0.0,0.0,0.0,0.0,2,
b3915,b1640,fieF,anmK,0.0,0.0,0.0,0.0,0.5,-1.1402541133520572e-09,0.8769972144269703,0.87699721442697,0.8769972144269705,0.0,0.0,False,B,0.0,0.0,0.0,0.0,3,
b3915,b3919,fieF,tpiA,0.0,871.9980214793411,871.9980214793349,-6.252776074688882e-12,0.9999999999999917,-1.0950934603570772e-09,0.8769972144269703,0.8422625567901132,0.8422625567901132,0.0,0.0,False,X,0.0,0.0,0.0,0.0,3,
b3915,b3630,fieF,waaP,0.0,0.0,0.0,0.0,0.5,-1.140254779485872e-09,0.8769972144269703,0.87699721442697,0.87699721442697,0.0,0.0,False,B,0.0,0.0,0.0,0.0,3,
b3915,b4394,fieF,yjjX,0.0,0.0,0.0,0.0,0.5,-1.140254335396662e-09,0.8769972144269703,0.87699721442697,0.8769972144269703,0.0,0.0,False,B,0.0,0.0,0.0,0.0,4,
b3915,b2146,fieF,preT,0.0,0.0,0.0,0.0,0.5,-1.140254335396662e-09,0.8769972144269703,0.87699721442697,0.8769972144269703,0.0,0.0,False,B,0.0,0.0,0.0,0.0,3,
b3915,b0832,fieF,gsiD,0.0,0.0,0.0,0.0,0.5,-1.140254779485872e-09,0.8769972144269703,0.8769972144269701,0.8769972144269701,0.0,0.0,False,B,0.0,0.0,0.0,0.0,3,
b3915,b3396,fieF,mrcA,0.0,0.0,0.0,0.0,0.5,-1.140254335396662e-09,0.8769972144269703,0.87699721442697,0.8769972144269703,0.0,0.0,False,B,0.0,0.0,0.0,0.0,2,
b3915,b0429,fieF,cyoD,0.0,7798.596633039896,7798.596633039904,8.185452315956354e-12,1.0000000000000009,-1.011039030274219e-09,0.8769972144269703,0.7776142830847725,0.7776142830847725,0.0,0.0,False,X,0.0,7798.596633039896,7798.596633039904,8.185452315956354e-12,3,
b3915,b0431,fieF,cyoB,0.0,7798.596633039896,7798.596633039904,8.185452315956354e-12,1.0000000000000009,-1.011039030274219e-09,0.8769972144269703,0.7776142830847725,0.7776142830847725,0.0,0.0,False,X,0.0,7798.596633039896,7798.596633039904,8.185452315956354e-12,3,
b3915,b0724,fieF,sdhB,0.0,3719.237820017231,3719.2378200167504,-4.806679498869926e-10,0.9999999999998705,-1.0945195860756485e-09,0.8769972144269703,0.8418157926999568,0.8418157926999505,0.0,0.0,False,X,0.0,0.0,0.0,0.0,3,
b3915,b2276,fieF,nuoN,0.0,3294.285861140926,3294.2858611405954,-3.306013240944594e-10,0.9999999999998994,-9.863715400015849e-10,0.8769972144269703,0.7586431920374903,0.7586431920374918,0.0,0.0,False,X,0.0,3294.285861140926,3294.2858611405954,-3.306013240944594e-10,5,
b3915,b2285,fieF,nuoE,0.0,3294.285861140926,3294.2858611405954,-3.306013240944594e-10,0.9999999999998994,-9.863715400015849e-10,0.8769972144269703,0.7586431920374903,0.7586431920374918,0.0,0.0,False,X,0.0,3294.285861140926,3294.2858611405954,-3.306013240944594e-10,5,
b3915,b0681,fieF,chiP,0.0,0.0,0.0,0.0,0.5,-1.140254335396662e-09,0.8769972144269703,0.87699721442697,0.8769972144269703,0.0,0.0,False,B,0.0,0.0,0.0,0.0,2,
b3915,b1473,fieF,yddG,0.0,0.0,0.0,0.0,0.5,-1.140254335396662e-09,0.8769972144269703,0.8769972144269699,0.8769972144269703,0.0,0.0,False,B,0.0,0.0,0.0,0.0,5,
b3915,b0401,fieF,brnQ,0.0,0.0,0.0,0.0,0.5,-1.140254557441267e-09,0.8769972144269703,0.8769972144269699,0.8769972144269701,0.0,0.0,False,B,0.0,0.0,0.0,0.0,5,
b3915,b2842,fieF,kduD,0.0,0.0,0.0,0.0,0.5,-1.140254335396662e-09,0.8769972144269703,0.87699721442697,0.8769972144269703,0.0,0.0,False,B,0.0,0.0,0.0,0.0,2,
b3915,b4101,fieF,phnG,0.0,0.0,0.0,0.0,0.5,-1.140254335396662e-09,0.8769972144269703,0.87699721442697,0.8769972144269703,0.0,0.0,False,B,0.0,0.0,0.0,0.0,3,
b3915,b2682,fieF,ygaZ,0.0,0.0,0.0,0.0,0.5,-1.140254335396662e-09,0.8769972144269703,0.87699721442697,0.8769972144269703,0.0,0.0,False,B,0.0,0.0,0.0,0.0,2,
b0752,b3915,zitB,fieF,0.0,0.0,0.0,0.0,0.5,-1.140254335396662e-09,0.87699721442697,0.8769972144269703,0.8769972144269702,0.0,0.0,False,ISO,0.0,0.0,0.0,0.0,7,
b1857,b0696,znuA,kdpC,0.0,0.0,0.0,0.0,0.5,-1.1402550015304769e-09,0.8769972144269703,0.8769972144269703,0.8769972144269701,0.0,0.0,False,B,0.0,0.0,0.0,0.0,2,
b1857,b1186,znuA,nhaB,0.0,0.0,0.0,0.0,0.5,-1.1402554456196867e-09,0.8769972144269703,0.8769972144269705,0.87699721442697,0.0,0.0,False,B,0.0,0.0,0.0,0.0,2,
b1857,b3371,znuA,frlB,0.0,0.0,0.0,0.0,0.5,-1.140254335396662e-09,0.8769972144269703,0.87699721442697,0.8769972144269703,0.0,0.0,False,B,0.0,0.0,0.0,0.0,2,
b1857,b3748,znuA,rbsD,0.0,0.0,0.0,0.0,0.5,-1.140254335396662e-09,0.8769972144269703,0.87699721442697,0.8769972144269703,0.0,0.0,False,B,0.0,0.0,0.0,0.0,1,
b1857,b2482,znuA,hyfB,0.0,0.0,0.0,0.0,0.5,-1.140254335396662e-09,0.8769972144269703,0.87699721442697,0.8769972144269703,0.0,0.0,False,B,0.0,0.0,0.0,0.0,1,
b1857,b1640,znuA,anmK,0.0,0.0,0.0,0.0,0.5,-1.140254335396662e-09,0.8769972144269703,0.87699721442697,0.8769972144269703,0.0,0.0,False,B,0.0,0.0,0.0,0.0,2,
b1857,b3919,znuA,tpiA,0.0,871.9980214793411,871.9980214793349,-6.252776074688882e-12,0.9999999999999917,-1.0950934603570772e-09,0.8769972144269703,0.8422625567901132,0.8422625567901132,0.0,0.0,False,X,0.0,0.0,0.0,0.0,2,
b1857,b3630,znuA,waaP,0.0,0.0,0.0,0.0,0.5,-1.140254779485872e-09,0.8769972144269703,0.87699721442697,0.87699721442697,0.0,0.0,False,B,0.0,0.0,0.0,0.0,2,
b1857,b4394,znuA,yjjX,0.0,0.0,0.0,0.0,0.5,-1.140254335396662e-09,0.8769972144269703,0.87699721442697,0.8769972144269703,0.0,0.0,False,B,0.0,0.0,0.0,0.0,3,
b1857,b2146,znuA,preT,0.0,0.0,0.0,0.0,0.5,-1.140254335396662e-09,0.8769972144269703,0.87699721442697,0.8769972144269703,0.0,0.0,False,B,0.0,0.0,0.0,0.0,2,
b1857,b0832,znuA,gsiD,0.0,0.0,0.0,0.0,0.5,-1.1402550015304769e-09,0.8769972144269703,0.8769972144269701,0.87699721442697,0.0,0.0,False,B,0.0,0.0,0.0,0.0,2,
b1857,b3396,znuA,mrcA,0.0,0.0,0.0,0.0,0.5,-1.140254335396662e-09,0.8769972144269703,0.87699721442697,0.8769972144269703,0.0,0.0,False,B,0.0,0.0,0.0,0.0,1,
b1857,b0431,znuA,cyoB,0.0,7798.596633039896,7798.596633039891,-5.4569682106375694e-12,0.9999999999999992,-1.0110389192519165e-09,0.8769972144269703,0.7776142830847725,0.7776142830847727,0.0,0.0,False,X,0.0,7798.596633039896,7798.596633039891,-5.4569682106375694e-12,2,
b1857,b0722,znuA,sdhD,0.0,3719.237820017231,3719.2378200166113,-6.198206392582506e-10,0.9999999999998331,-1.0945265804807036e-09,0.8769972144269703,0.8418157926999568,0.8418157926999444,0.0,0.0,False,X,0.0,0.0,0.0,0.0,2,
b1857,b0724,znuA,sdhB,0.0,3719.237820017231,3719.2378200166113,-6.198206392582506e-10,0.9999999999998331,-1.0945265804807036e-09,0.8769972144269703,0.8418157926999568,0.8418157926999444,0.0,0.0,False,X,0.0,0.0,0.0,0.0,2,
b1857,b2286,znuA,nuoC,0.0,3294.285861140926,3294.285861140808,-1.1823431123048067e-10,0.9999999999999638,-9.863723171577021e-10,0.8769972144269703,0.7586431920374903,0.7586431920374911,0.0,0.0,False,X,0.0,3294.285861140926,3294.285861140808,-1.1823431123048067e-10,4,
b1857,b0681,znuA,chiP,0.0,0.0,0.0,0.0,0.5,-1.140254335396662e-09,0.8769972144269703,0.87699721442697,0.8769972144269703,0.0,0.0,False,B,0.0,0.0,0.0,0.0,1,
b1857,b1473,znuA,yddG,0.0,0.0,0.0,0.0,0.5,-1.140254557441267e-09,0.8769972144269703,0.8769972144269699,0.8769972144269701,0.0,0.0,False,B,0.0,0.0,0.0,0.0,4,
b1857,b0401,znuA,brnQ,0.0,0.0,0.0,0.0,0.5,-1.140254557441267e-09,0.8769972144269703,0.8769972144269699,0.8769972144269701,0.0,0.0,False,B,0.0,0.0,0.0,0.0,4,
b1857,b2842,znuA,kduD,0.0,0.0,0.0,0.0,0.5,-1.140254335396662e-09,0.8769972144269703,0.87699721442697,0.8769972144269703,0.0,0.0,False,B,0.0,0.0,0.0,0.0,1,
b1857,b4101,znuA,phnG,0.0,0.0,0.0,0.0,0.5,-1.140254335396662e-09,0.8769972144269703,0.87699721442697,0.8769972144269703,0.0,0.0,False,B,0.0,0.0,0.0,0.0,2,
b1857,b2682,znuA,ygaZ,0.0,0.0,0.0,0.0,0.5,-1.140254335396662e-09,0.8769972144269703,0.87699721442697,0.8769972144269703,0.0,0.0,False,B,0.0,0.0,0.0,0.0,1,
b1727,b3697,yniC,yidA,0.0,0.0,0.0,0.0,0.5,-1.140254335396662e-09,0.8769972144269701,0.87699721442697,0.8769972144269701,0.0,0.0,False,ISO,0.0,0.0,0.0,0.0,1,
b1727,b2293,yniC,yfbT,0.0,0.0,0.0,0.0,0.5,-1.140254335396662e-09,0.8769972144269701,0.87699721442697,0.8769972144269701,0.0,0.0,False,ISO,0.0,0.0,0.0,0.0,2,
b1727,b3826,yniC,yigL,0.0,0.0,0.0,0.0,0.5,-1.140254335396662e-09,0.8769972144269701,0.87699721442697,0.8769972144269701,0.0,0.0,False,ISO,0.0,0.0,0.0,0.0,1,
b1727,b2690,yniC,yqaB,0.0,0.0,0.0,0.0,0.5,-1.140254779485872e-09,0.8769972144269701,0.8769972144269703,0.8769972144269701,0.0,0.0,False,ISO,0.0,0.0,0.0,0.0,2,
b4265,b4321,idnT,gntP,0.0,0.0,0.0,0.0,0.5,-1.140254335396662e-09,0.8769972144269701,0.87699721442697,0.8769972144269701,0.0,0.0,False,ISO,0.0,0.0,0.0,0.0,3,
b4265,b4476,idnT,gntU,0.0,0.0,0.0,0.0,0.5,-1.140254335396662e-09,0.8769972144269701,0.87699721442697,0.8769972144269701,0.0,0.0,False,ISO,0.0,0.0,0.0,0.0,2,
b3477,b4242,nikB,mgtA,0.0,0.0,0.0,0.0,0.5,-1.140254557441267e-09,0.87699721442697,0.8769972144269701,0.8769972144269699,0.0,0.0,False,ISO,0.0,0.0,0.0,0.0,2,
b3476,b4242,nikA,mgtA,0.0,0.0,0.0,0.0,0.5,-1.140254557441267e-09,0.87699721442697,0.8769972144269701,0.8769972144269699,0.0,0.0,False,ISO,0.0,0.0,0.0,0.0,2,
b3480,b4242,nikE,mgtA,0.0,0.0,0.0,0.0,0.5,-1.140254557441267e-09,0.87699721442697,0.8769972144269701,0.8769972144269699,0.0,0.0,False,ISO,0.0,0.0,0.0,0.0,2,
b3478,b4242,nikC,mgtA,0.0,0.0,0.0,0.0,0.5,-1.140254557441267e-09,0.87699721442697,0.8769972144269701,0.8769972144269699,0.0,0.0,False,ISO,0.0,0.0,0.0,0.0,2,
b3479,b4242,nikD,mgtA,0.0,0.0,0.0,0.0,0.5,-1.140254557441267e-09,0.87699721442697,0.8769972144269701,0.8769972144269699,0.0,0.0,False,ISO,0.0,0.0,0.0,0.0,2,
b0696,b1186,kdpC,nhaB,0.0,0.0,0.0,0.0,0.5,-1.1402552235750818e-09,0.8769972144269703,0.8769972144269705,0.8769972144269701,0.0,0.0,False,B,0.0,0.0,0.0,0.0,2,
b0696,b3371,kdpC,frlB,0.0,0.0,0.0,0.0,0.5,-1.140254335396662e-09,0.8769972144269703,0.87699721442697,0.8769972144269703,0.0,0.0,False,B,0.0,0.0,0.0,0.0,2,
b0696,b3748,kdpC,rbsD,0.0,0.0,0.0,0.0,0.5,-1.140254335396662e-09,0.8769972144269703,0.87699721442697,0.8769972144269703,0.0,0.0,False,B,0.0,0.0,0.0,0.0,1,
b0696,b2482,kdpC,hyfB,0.0,0.0,0.0,0.0,0.5,-1.140254335396662e-09,0.8769972144269703,0.87699721442697,0.8769972144269703,0.0,0.0,False,B,0.0,0.0,0.0,0.0,1,
b0696,b1640,kdpC,anmK,0.0,0.0,0.0,0.0,0.5,-1.140254557441267e-09,0.8769972144269703,0.87699721442697,0.8769972144269701,0.0,0.0,False,B,0.0,0.0,0.0,0.0,2,
b0696,b3919,kdpC,tpiA,0.0,871.9980214793411,871.9980214793411,0.0,0.9999999999999988,-1.0950934603570772e-09,0.8769972144269703,0.8422625567901132,0.8422625567901132,0.0,0.0,False,X,0.0,0.0,0.0,0.0,2,
b0696,b3630,kdpC,waaP,0.0,0.0,0.0,0.0,0.5,-1.140254557441267e-09,0.8769972144269703,0.87699721442697,0.8769972144269701,0.0,0.0,False,B,0.0,0.0,0.0,0.0,2,
b0696,b4394,kdpC,yjjX,0.0,0.0,0.0,0.0,0.5,-1.140254335396662e-09,0.8769972144269703,0.87699721442697,0.8769972144269703,0.0,0.0,False,B,0.0,0.0,0.0,0.0,3,
b0696,b2146,kdpC,preT,0.0,0.0,0.0,0.0,0.5,-1.140254335396662e-09,0.8769972144269703,0.87699721442697,0.8769972144269703,0.0,0.0,False,B,0.0,0.0,0.0,0.0,2,
b0696,b0832,kdpC,gsiD,0.0,0.0,0.0,0.0,0.5,-1.140254335396662e-09,0.8769972144269703,0.8769972144269701,0.8769972144269704,0.0,0.0,False,B,0.0,0.0,0.0,0.0,2,
b0696,b3396,kdpC,mrcA,0.0,0.0,0.0,0.0,0.5,-1.140254335396662e-09,0.8769972144269703,0.87699721442697,0.8769972144269703,0.0,0.0,False,B,0.0,0.0,0.0,0.0,1,
b0696,b0429,kdpC,cyoD,0.0,7798.596633039896,7798.596633039904,8.185452315956354e-12,1.0000000000000009,-1.011039030274219e-09,0.8769972144269703,0.7776142830847725,0.7776142830847725,0.0,0.0,False,X,0.0,7798.596633039896,7798.596633039904,8.185452315956354e-12,2,
b0696,b2283,kdpC,nuoG,0.0,3294.285861140926,3294.2858611406427,-2.8330759960226715e-10,0.9999999999999137,-9.863728722692144e-10,0.8769972144269703,0.7586431920374903,0.7586431920374906,0.0,0.0,False,X,0.0,3294.285861140926,3294.2858611406427,-2.8330759960226715e-10,4,
b0696,b2279,kdpC,nuoK,0.0,3294.285861140926,3294.2858611406427,-2.8330759960226715e-10,0.9999999999999137,-9.863728722692144e-10,0.8769972144269703,0.7586431920374903,0.7586431920374906,0.0,0.0,False,X,0.0,3294.285861140926,3294.2858611406427,-2.8330759960226715e-10,4,
b0696,b0681,kdpC,chiP,0.0,0.0,0.0,0.0,0.5,-1.140254335396662e-09,0.8769972144269703,0.87699721442697,0.8769972144269703,0.0,0.0,False,B,0.0,0.0,0.0,0.0,1,
b0696,b1473,kdpC,yddG,0.0,0.0,0.0,0.0,0.5,-1.140254779485872e-09,0.8769972144269703,0.8769972144269699,0.87699721442697,0.0,0.0,False,B,0.0,0.0,0.0,0.0,4,
b0696,b0401,kdpC,brnQ,0.0,0.0,0.0,0.0,0.5,-1.140254557441267e-09,0.8769972144269703,0.8769972144269699,0.8769972144269701,0.0,0.0,False,B,0.0,0.0,0.0,0.0,4,
b0696,b2842,kdpC,kduD,0.0,0.0,0.0,0.0,0.5,-1.140254335396662e-09,0.8769972144269703,0.87699721442697,0.8769972144269703,0.0,0.0,False,B,0.0,0.0,0.0,0.0,1,
b0696,b4101,kdpC,phnG,0.0,0.0,0.0,0.0,0.5,-1.140254335396662e-09,0.8769972144269703,0.87699721442697,0.8769972144269703,0.0,0.0,False,B,0.0,0.0,0.0,0.0,2,
b0696,b2682,kdpC,ygaZ,0.0,0.0,0.0,0.0,0.5,-1.140254335396662e-09,0.8769972144269703,0.87699721442697,0.8769972144269703,0.0,0.0,False,B,0.0,0.0,0.0,0.0,1,
b3458,b3460,livK,livJ,0.0,0.0,0.0,0.0,0.5,-1.1402550015304769e-09,0.87699721442697,0.8769972144269704,0.87699721442697,0.0,0.0,False,ISO,0.0,0.0,0.0,0.0,5,
b2975,b3603,glcA,lldP,0.0,0.0,0.0,0.0,0.5,-1.1402541133520572e-09,0.87699721442697,0.87699721442697,0.8769972144269701,0.0,0.0,False,ISO,0.0,0.0,0.0,0.0,3,
b0343,b4120,lacY,melB,0.0,0.0,0.0,0.0,0.5,-1.140254779485872e-09,0.8769972144269702,0.87699721442697,0.87699721442697,0.0,0.0,False,ISO,0.0,0.0,0.0,0.0,2,
b2933,b3599,cmtA,mtlA,0.0,0.0,0.0,0.0,0.5,-1.140254335396662e-09,0.87699721442697,0.87699721442697,0.87699721442697,0.0,0.0,False,ISO,0.0,0.0,0.0,0.0,0,
b2934,b3599,cmtB,mtlA,0.0,0.0,0.0,0.0,0.5,-1.140254335396662e-09,0.87699721442697,0.87699721442697,0.87699721442697,0.0,0.0,False,ISO,0.0,0.0,0.0,0.0,0,
b1186,b3371,nhaB,frlB,0.0,0.0,0.0,0.0,0.5,-1.140254335396662e-09,0.8769972144269705,0.87699721442697,0.8769972144269705,0.0,0.0,False,B,0.0,0.0,0.0,0.0,2,
b1186,b3748,nhaB,rbsD,0.0,0.0,0.0,0.0,0.5,-1.140254335396662e-09,0.8769972144269705,0.87699721442697,0.8769972144269705,0.0,0.0,False,B,0.0,0.0,0.0,0.0,1,
b1186,b2482,nhaB,hyfB,0.0,0.0,0.0,0.0,0.5,-1.140254335396662e-09,0.8769972144269705,0.87699721442697,0.8769972144269705,0.0,0.0,False,B,0.0,0.0,0.0,0.0,1,
b1186,b1640,nhaB,anmK,0.0,0.0,0.0,0.0,0.5,-1.140254779485872e-09,0.8769972144269705,0.87699721442697,0.8769972144269701,0.0,0.0,False,B,0.0,0.0,0.0,0.0,2,
b1186,b3630,nhaB,waaP,0.0,0.0,0.0,0.0,0.5,-1.140254557441267e-09,0.8769972144269705,0.87699721442697,0.8769972144269702,0.0,0.0,False,B,0.0,0.0,0.0,0.0,2,
b1186,b4394,nhaB,yjjX,0.0,0.0,0.0,0.0,0.5,-1.140254335396662e-09,0.8769972144269705,0.87699721442697,0.8769972144269705,0.0,0.0,False,B,0.0,0.0,0.0,0.0,3,
b1186,b2146,nhaB,preT,0.0,0.0,0.0,0.0,0.5,-1.140254335396662e-09,0.8769972144269705,0.87699721442697,0.8769972144269705,0.0,0.0,False,B,0.0,0.0,0.0,0.0,2,
b1186,b0832,nhaB,gsiD,0.0,0.0,0.0,0.0,0.5,-1.1402552235750818e-09,0.8769972144269705,0.8769972144269701,0.87699721442697,0.0,0.0,False,B,0.0,0.0,0.0,0.0,2,
b1186,b3396,nhaB,mrcA,0.0,0.0,0.0,0.0,0.5,-1.140254335396662e-09,0.8769972144269705,0.87699721442697,0.8769972144269705,0.0,0.0,False,B,0.0,0.0,0.0,0.0,1,
b1186,b0722,nhaB,sdhD,0.0,3719.237820017231,3719.2378200166113,-6.198206392582506e-10,0.9999999999998331,-1.0945268025253085e-09,0.8769972144269705,0.8418157926999568,0.8418157926999444,0.0,0.0,False,X,0.0,0.0,0.0,0.0,2,
b1186,b0723,nhaB,sdhA,0.0,3719.237820017231,3719.2378200166113,-6.198206392582506e-10,0.9999999999998331,-1.0945268025253085e-09,0.8769972144269705,0.8418157926999568,0.8418157926999444,0.0,0.0,False,X,0.0,0.0,0.0,0.0,2,
b1186,b0724,nhaB,sdhB,0.0,3719.237820017231,3719.2378200166113,-6.198206392582506e-10,0.9999999999998331,-1.0945268025253085e-09,0.8769972144269705,0.8418157926999568,0.8418157926999444,0.0,0.0,False,X,0.0,0.0,0.0,0.0,2,
b1186,b2283,nhaB,nuoG,0.0,3294.285861140926,3294.285861141241,3.1513991416431963e-10,1.0000000000000955,-9.86369652622443e-10,0.8769972144269705,0.7586431920374903,0.7586431920374935,0.0,0.0,False,X,0.0,3294.285861140926,3294.285861141241,3.1513991416431963e-10,4,
b1186,b2281,nhaB,nuoI,0.0,3294.285861140926,3294.285861141241,3.1513991416431963e-10,1.0000000000000955,-9.86369652622443e-10,0.8769972144269705,0.7586431920374903,0.7586431920374935,0.0,0.0,False,X,0.0,3294.285861140926,3294.285861141241,3.1513991416431963e-10,4,
b1186,b2288,nhaB,nuoA,0.0,3294.285861140926,3294.285861141241,3.1513991416431963e-10,1.0000000000000955,-9.86369652622443e-10,0.8769972144269705,0.7586431920374903,0.7586431920374935,0.0,0.0,False,X,0.0,3294.285861140926,3294.285861141241,3.1513991416431963e-10,4,
b1186,b2277,nhaB,nuoM,0.0,3294.285861140926,3294.285861141241,3.1513991416431963e-10,1.0000000000000955,-9.86369652622443e-10,0.8769972144269705,0.7586431920374903,0.7586431920374935,0.0,0.0,False,X,0.0,3294.285861140926,3294.285861141241,3.1513991416431963e-10,4,
b1186,b2284,nhaB,nuoF,0.0,3294.285861140926,3294.285861141241,3.1513991416431963e-10,1.0000000000000955,-9.86369652622443e-10,0.8769972144269705,0.7586431920374903,0.7586431920374935,0.0,0.0,False,X,0.0,3294.285861140926,3294.285861141241,3.1513991416431963e-10,4,
b1186,b2287,nhaB,nuoB,0.0,3294.285861140926,3294.285861141241,3.1513991416431963e-10,1.0000000000000955,-9.86369652622443e-10,0.8769972144269705,0.7586431920374903,0.7586431920374935,0.0,0.0,False,X,0.0,3294.285861140926,3294.285861141241,3.1513991416431963e-10,4,
b1186,b2286,nhaB,nuoC,0.0,3294.285861140926,3294.285861141241,3.1513991416431963e-10,1.0000000000000955,-9.86369652622443e-10,0.8769972144269705,0.7586431920374903,0.7586431920374935,0.0,0.0,False,X,0.0,3294.285861140926,3294.285861141241,3.1513991416431963e-10,4,
b1186,b0681,nhaB,chiP,0.0,0.0,0.0,0.0,0.5,-1.140254335396662e-09,0.8769972144269705,0.87699721442697,0.8769972144269705,0.0,0.0,False,B,0.0,0.0,0.0,0.0,1,
b1186,b1473,nhaB,yddG,0.0,0.0,0.0,0.0,0.5,-1.140254779485872e-09,0.8769972144269705,0.8769972144269699,0.8769972144269701,0.0,0.0,False,B,0.0,0.0,0.0,0.0,4,
b1186,b0401,nhaB,brnQ,0.0,0.0,0.0,0.0,0.5,-1.140254557441267e-09,0.8769972144269705,0.8769972144269699,0.8769972144269703,0.0,0.0,False,B,0.0,0.0,0.0,0.0,4,
b1186,b2842,nhaB,kduD,0.0,0.0,0.0,0.0,0.5,-1.140254335396662e-09,0.8769972144269705,0.87699721442697,0.8769972144269705,0.0,0.0,False,B,0.0,0.0,0.0,0.0,1,
b1186,b4101,nhaB,phnG,0.0,0.0,0.0,0.0,0.5,-1.140254335396662e-09,0.8769972144269705,0.87699721442697,0.8769972144269705,0.0,0.0,False,B,0.0,0.0,0.0,0.0,2,
b1186,b2682,nhaB,ygaZ,0.0,0.0,0.0,0.0,0.5,-1.140254335396662e-09,0.8769972144269705,0.87699721442697,0.8769972144269705,0.0,0.0,False,B,0.0,0.0,0.0,0.0,1,
b1223,b3367,narK,nirC,0.0,0.0,0.0,0.0,0.5,-1.140254335396662e-09,0.87699721442697,0.87699721442697,0.87699721442697,0.0,0.0,False,ISO,0.0,0.0,0.0,0.0,1,
b1223,b1469,narK,narU,0.0,0.0,0.0,0.0,0.5,-1.140254335396662e-09,0.87699721442697,0.87699721442697,0.87699721442697,0.0,0.0,False,ISO,0.0,0.0,0.0,0.0,1,
b3371,b3748,frlB,rbsD,0.0,0.0,0.0,0.0,0.5,-1.140254335396662e-09,0.87699721442697,0.87699721442697,0.87699721442697,0.0,0.0,False,B,0.0,0.0,0.0,0.0,1,
b3371,b2482,frlB,hyfB,0.0,0.0,0.0,0.0,0.5,-1.140254335396662e-09,0.87699721442697,0.87699721442697,0.87699721442697,0.0,0.0,False,B,0.0,0.0,0.0,0.0,1,
b3371,b1640,frlB,anmK,0.0,0.0,0.0,0.0,0.5,-1.140254335396662e-09,0.87699721442697,0.87699721442697,0.87699721442697,0.0,0.0,False,B,0.0,0.0,0.0,0.0,2,
b3371,b3630,frlB,waaP,0.0,0.0,0.0,0.0,0.5,-1.140254335396662e-09,0.87699721442697,0.87699721442697,0.87699721442697,0.0,0.0,False,B,0.0,0.0,0.0,0.0,2,
b3371,b4394,frlB,yjjX,0.0,0.0,0.0,0.0,0.5,-1.140254335396662e-09,0.87699721442697,0.87699721442697,0.87699721442697,0.0,0.0,False,B,0.0,0.0,0.0,0.0,3,
b3371,b2146,frlB,preT,0.0,0.0,0.0,0.0,0.5,-1.140254335396662e-09,0.87699721442697,0.87699721442697,0.87699721442697,0.0,0.0,False,B,0.0,0.0,0.0,0.0,2,
b3371,b0832,frlB,gsiD,0.0,0.0,0.0,0.0,0.5,-1.140254335396662e-09,0.87699721442697,0.8769972144269701,0.8769972144269701,0.0,0.0,False,B,0.0,0.0,0.0,0.0,2,
b3371,b3396,frlB,mrcA,0.0,0.0,0.0,0.0,0.5,-1.140254335396662e-09,0.87699721442697,0.87699721442697,0.87699721442697,0.0,0.0,False,B,0.0,0.0,0.0,0.0,1,
b3371,b2281,frlB,nuoI,0.0,3294.285861140926,3294.285861140926,0.0,0.9999999999999998,-9.86372761246912e-10,0.87699721442697,0.7586431920374903,0.7586431920374903,0.0,0.0,False,X,0.0,3294.285861140926,3294.285861140926,0.0,4,
b3371,b2277,frlB,nuoM,0.0,3294.285861140926,3294.285861140926,0.0,0.9999999999999998,-9.86372761246912e-10,0.87699721442697,0.7586431920374903,0.7586431920374903,0.0,0.0,False,X,0.0,3294.285861140926,3294.285861140926,0.0,4,
b3371,b2280,frlB,nuoJ,0.0,3294.285861140926,3294.285861140926,0.0,0.9999999999999998,-9.86372761246912e-10,0.87699721442697,0.7586431920374903,0.7586431920374903,0.0,0.0,False,X,0.0,3294.285861140926,3294.285861140926,0.0,4,
b3371,b2286,frlB,nuoC,0.0,3294.285861140926,3294.285861140926,0.0,0.9999999999999998,-9.86372761246912e-10,0.87699721442697,0.7586431920374903,0.7586431920374903,0.0,0.0,False,X,0.0,3294.285861140926,3294.285861140926,0.0,4,
b3371,b0681,frlB,chiP,0.0,0.0,0.0,0.0,0.5,-1.140254335396662e-09,0.87699721442697,0.87699721442697,0.87699721442697,0.0,0.0,False,B,0.0,0.0,0.0,0.0,1,
b3371,b1473,frlB,yddG,0.0,0.0,0.0,0.0,0.5,-1.140254335396662e-09,0.87699721442697,0.8769972144269699,0.8769972144269699,0.0,0.0,False,B,0.0,0.0,0.0,0.0,4,
b3371,b0401,frlB,brnQ,0.0,0.0,0.0,0.0,0.5,-1.140254335396662e-09,0.87699721442697,0.8769972144269699,0.8769972144269699,0.0,0.0,False,B,0.0,0.0,0.0,0.0,4,
b3371,b2842,frlB,kduD,0.0,0.0,0.0,0.0,0.5,-1.140254335396662e-09,0.87699721442697,0.87699721442697,0.87699721442697,0.0,0.0,False,B,0.0,0.0,0.0,0.0,1,
b3371,b4101,frlB,phnG,0.0,0.0,0.0,0.0,0.5,-1.140254335396662e-09,0.87699721442697,0.87699721442697,0.87699721442697,0.0,0.0,False,B,0.0,0.0,0.0,0.0,2,
b3371,b2682,frlB,ygaZ,0.0,0.0,0.0,0.0,0.5,-1.140254335396662e-09,0.87699721442697,0.87699721442697,0.87699721442697,0.0,0.0,False,B,0.0,0.0,0.0,0.0,1,
b0402,b4111,proY,proP,0.0,0.0,0.0,0.0,0.5,-1.1402541133520572e-09,0.87699721442697,0.87699721442697,0.8769972144269701,0.0,0.0,False,ISO,0.0,0.0,0.0,0.0,4,
b0854,b1440,potF,ydcS,0.0,0.0,0.0,0.0,0.5,-1.140254335396662e-09,0.87699721442697,0.87699721442697,0.87699721442697,0.0,0.0,False,ISO,0.0,0.0,0.0,0.0,0,
b0854,b1441,potF,ydcT,0.0,0.0,0.0,0.0,0.5,-1.140254335396662e-09,0.87699721442697,0.87699721442697,0.87699721442697,0.0,0.0,False,ISO,0.0,0.0,0.0,0.0,0,
b0854,b1442,potF,ydcU,0.0,0.0,0.0,0.0,0.5,-1.140254335396662e-09,0.87699721442697,0.87699721442697,0.87699721442697,0.0,0.0,False,ISO,0.0,0.0,0.0,0.0,0,
b0854,b1443,potF,ydcV,0.0,0.0,0.0,0.0,0.5,-1.140254335396662e-09,0.87699721442697,0.87699721442697,0.87699721442697,0.0,0.0,False,ISO,0.0,0.0,0.0,0.0,0,
b0854,b1126,potF,potA,0.0,0.0,0.0,0.0,0.5,-1.140254335396662e-09,0.87699721442697,0.87699721442697,0.87699721442697,0.0,0.0,False,ISO,0.0,0.0,0.0,0.0,0,
b0854,b1125,potF,potB,0.0,0.0,0.0,0.0,0.5,-1.140254335396662e-09,0.87699721442697,0.87699721442697,0.87699721442697,0.0,0.0,False,ISO,0.0,0.0,0.0,0.0,0,
b0854,b1124,potF,potC,0.0,0.0,0.0,0.0,0.5,-1.140254335396662e-09,0.87699721442697,0.87699721442697,0.87699721442697,0.0,0.0,False,ISO,0.0,0.0,0.0,0.0,0,
b0854,b1123,potF,potD,0.0,0.0,0.0,0.0,0.5,-1.140254335396662e-09,0.87699721442697,0.87699721442697,0.87699721442697,0.0,0.0,False,ISO,0.0,0.0,0.0,0.0,0,
b0855,b1440,potG,ydcS,0.0,0.0,0.0,0.0,0.5,-1.140254335396662e-09,0.87699721442697,0.87699721442697,0.87699721442697,0.0,0.0,False,ISO,0.0,0.0,0.0,0.0,0,
b0855,b1441,potG,ydcT,0.0,0.0,0.0,0.0,0.5,-1.140254335396662e-09,0.87699721442697,0.87699721442697,0.87699721442697,0.0,0.0,False,ISO,0.0,0.0,0.0,0.0,0,
b0855,b1442,potG,ydcU,0.0,0.0,0.0,0.0,0.5,-1.140254335396662e-09,0.87699721442697,0.87699721442697,0.87699721442697,0.0,0.0,False,ISO,0.0,0.0,0.0,0.0,0,
b0855,b1443,potG,ydcV,0.0,0.0,0.0,0.0,0.5,-1.140254335396662e-09,0.87699721442697,0.87699721442697,0.87699721442697,0.0,0.0,False,ISO,0.0,0.0,0.0,0.0,0,
b0855,b1126,potG,potA,0.0,0.0,0.0,0.0,0.5,-1.140254335396662e-09,0.87699721442697,0.87699721442697,0.87699721442697,0.0,0.0,False,ISO,0.0,0.0,0.0,0.0,0,
b0855,b1125,potG,potB,0.0,0.0,0.0,0.0,0.5,-1.140254335396662e-09,0.87699721442697,0.87699721442697,0.87699721442697,0.0,0.0,False,ISO,0.0,0.0,0.0,0.0,0,
b0855,b1124,potG,potC,0.0,0.0,0.0,0.0,0.5,-1.140254335396662e-09,0.87699721442697,0.87699721442697,0.87699721442697,0.0,0.0,False,ISO,0.0,0.0,0.0,0.0,0,
b0855,b1123,potG,potD,0.0,0.0,0.0,0.0,0.5,-1.140254335396662e-09,0.87699721442697,0.87699721442697,0.87699721442697,0.0,0.0,False,ISO,0.0,0.0,0.0,0.0,0,
b0856,b1440,potH,ydcS,0.0,0.0,0.0,0.0,0.5,-1.140254335396662e-09,0.87699721442697,0.87699721442697,0.87699721442697,0.0,0.0,False,ISO,0.0,0.0,0.0,0.0,0,
b0856,b1441,potH,ydcT,0.0,0.0,0.0,0.0,0.5,-1.140254335396662e-09,0.87699721442697,0.87699721442697,0.87699721442697,0.0,0.0,False,ISO,0.0,0.0,0.0,0.0,0,
b0856,b1442,potH,ydcU,0.0,0.0,0.0,0.0,0.5,-1.140254335396662e-09,0.87699721442697,0.87699721442697,0.87699721442697,0.0,0.0,False,ISO,0.0,0.0,0.0,0.0,0,
b0856,b1443,potH,ydcV,0.0,0.0,0.0,0.0,0.5,-1.140254335396662e-09,0.87699721442697,0.87699721442697,0.87699721442697,0.0,0.0,False,ISO,0.0,0.0,0.0,0.0,0,
b0856,b1126,potH,potA,0.0,0.0,0.0,0.0,0.5,-1.140254335396662e-09,0.87699721442697,0.87699721442697,0.87699721442697,0.0,0.0,False,ISO,0.0,0.0,0.0,0.0,0,
b0856,b1125,potH,potB,0.0,0.0,0.0,0.0,0.5,-1.140254335396662e-09,0.87699721442697,0.87699721442697,0.87699721442697,0.0,0.0,False,ISO,0.0,0.0,0.0,0.0,0,
b0856,b1124,potH,potC,0.0,0.0,0.0,0.0,0.5,-1.140254335396662e-09,0.87699721442697,0.87699721442697,0.87699721442697,0.0,0.0,False,ISO,0.0,0.0,0.0,0.0,0,
b0856,b1123,potH,potD,0.0,0.0,0.0,0.0,0.5,-1.140254335396662e-09,0.87699721442697,0.87699721442697,0.87699721442697,0.0,0.0,False,ISO,0.0,0.0,0.0,0.0,0,
b0857,b1440,potI,ydcS,0.0,0.0,0.0,0.0,0.5,-1.140254335396662e-09,0.87699721442697,0.87699721442697,0.87699721442697,0.0,0.0,False,ISO,0.0,0.0,0.0,0.0,0,
b0857,b1441,potI,ydcT,0.0,0.0,0.0,0.0,0.5,-1.140254335396662e-09,0.87699721442697,0.87699721442697,0.87699721442697,0.0,0.0,False,ISO,0.0,0.0,0.0,0.0,0,
b0857,b1442,potI,ydcU,0.0,0.0,0.0,0.0,0.5,-1.140254335396662e-09,0.87699721442697,0.87699721442697,0.87699721442697,0.0,0.0,False,ISO,0.0,0.0,0.0,0.0,0,
b0857,b1443,potI,ydcV,0.0,0.0,0.0,0.0,0.5,-1.140254335396662e-09,0.87699721442697,0.87699721442697,0.87699721442697,0.0,0.0,False,ISO,0.0,0.0,0.0,0.0,0,
b0857,b1126,potI,potA,0.0,0.0,0.0,0.0,0.5,-1.140254335396662e-09,0.87699721442697,0.87699721442697,0.87699721442697,0.0,0.0,False,ISO,0.0,0.0,0.0,0.0,0,
b0857,b1125,potI,potB,0.0,0.0,0.0,0.0,0.5,-1.140254335396662e-09,0.87699721442697,0.87699721442697,0.87699721442697,0.0,0.0,False,ISO,0.0,0.0,0.0,0.0,0,
b0857,b1124,potI,potC,0.0,0.0,0.0,0.0,0.5,-1.140254335396662e-09,0.87699721442697,0.87699721442697,0.87699721442697,0.0,0.0,False,ISO,0.0,0.0,0.0,0.0,0,
b0857,b1123,potI,potD,0.0,0.0,0.0,0.0,0.5,-1.140254335396662e-09,0.87699721442697,0.87699721442697,0.87699721442697,0.0,0.0,False,ISO,0.0,0.0,0.0,0.0,0,
b1126,b1440,potA,ydcS,0.0,0.0,0.0,0.0,0.5,-1.140254335396662e-09,0.87699721442697,0.87699721442697,0.87699721442697,0.0,0.0,False,ISO,0.0,0.0,0.0,0.0,1,
b1126,b1441,potA,ydcT,0.0,0.0,0.0,0.0,0.5,-1.140254335396662e-09,0.87699721442697,0.87699721442697,0.87699721442697,0.0,0.0,False,ISO,0.0,0.0,0.0,0.0,1,
b1126,b1442,potA,ydcU,0.0,0.0,0.0,0.0,0.5,-1.140254335396662e-09,0.87699721442697,0.87699721442697,0.87699721442697,0.0,0.0,False,ISO,0.0,0.0,0.0,0.0,1,
b1126,b1443,potA,ydcV,0.0,0.0,0.0,0.0,0.5,-1.140254335396662e-09,0.87699721442697,0.87699721442697,0.87699721442697,0.0,0.0,False,ISO,0.0,0.0,0.0,0.0,1,
b1125,b1440,potB,ydcS,0.0,0.0,0.0,0.0,0.5,-1.140254335396662e-09,0.87699721442697,0.87699721442697,0.87699721442697,0.0,0.0,False,ISO,0.0,0.0,0.0,0.0,1,
b1125,b1441,potB,ydcT,0.0,0.0,0.0,0.0,0.5,-1.140254335396662e-09,0.87699721442697,0.87699721442697,0.87699721442697,0.0,0.0,False,ISO,0.0,0.0,0.0,0.0,1,
b1125,b1442,potB,ydcU,0.0,0.0,0.0,0.0,0.5,-1.140254335396662e-09,0.87699721442697,0.87699721442697,0.87699721442697,0.0,0.0,False,ISO,0.0,0.0,0.0,0.0,1,
b1125,b1443,potB,ydcV,0.0,0.0,0.0,0.0,0.5,-1.140254335396662e-09,0.87699721442697,0.87699721442697,0.87699721442697,0.0,0.0,False,ISO,0.0,0.0,0.0,0.0,1,
b1124,b1440,potC,ydcS,0.0,0.0,0.0,0.0,0.5,-1.140254335396662e-09,0.87699721442697,0.87699721442697,0.87699721442697,0.0,0.0,False,ISO,0.0,0.0,0.0,0.0,1,
b1124,b1441,potC,ydcT,0.0,0.0,0.0,0.0,0.5,-1.140254335396662e-09,0.87699721442697,0.87699721442697,0.87699721442697,0.0,0.0,False,ISO,0.0,0.0,0.0,0.0,1,
b1124,b1442,potC,ydcU,0.0,0.0,0.0,0.0,0.5,-1.140254335396662e-09,0.87699721442697,0.87699721442697,0.87699721442697,0.0,0.0,False,ISO,0.0,0.0,0.0,0.0,1,
b1124,b1443,potC,ydcV,0.0,0.0,0.0,0.0,0.5,-1.140254335396662e-09,0.87699721442697,0.87699721442697,0.87699721442697,0.0,0.0,False,ISO,0.0,0.0,0.0,0.0,1,
b1123,b1440,potD,ydcS,0.0,0.0,0.0,0.0,0.5,-1.140254335396662e-09,0.87699721442697,0.87699721442697,0.87699721442697,0.0,0.0,False,ISO,0.0,0.0,0.0,0.0,1,
b1123,b1441,potD,ydcT,0.0,0.0,0.0,0.0,0.5,-1.140254335396662e-09,0.87699721442697,0.87699721442697,0.87699721442697,0.0,0.0,False,ISO,0.0,0.0,0.0,0.0,1,
b1123,b1442,potD,ydcU,0.0,0.0,0.0,0.0,0.5,-1.140254335396662e-09,0.87699721442697,0.87699721442697,0.87699721442697,0.0,0.0,False,ISO,0.0,0.0,0.0,0.0,1,
b1123,b1443,potD,ydcV,0.0,0.0,0.0,0.0,0.5,-1.140254335396662e-09,0.87699721442697,0.87699721442697,0.87699721442697,0.0,0.0,False,ISO,0.0,0.0,0.0,0.0,1,
b1865,b2781,nudB,mazG,0.0,0.0,0.0,0.0,0.5,-1.1402541133520572e-09,0.87699721442697,0.87699721442697,0.8769972144269701,0.0,0.0,False,ISO,0.0,0.0,0.0,0.0,1,
b3750,b4088,rbsC,alsB,0.0,0.0,0.0,0.0,0.5,-1.140254335396662e-09,0.87699721442697,0.87699721442697,0.87699721442697,0.0,0.0,False,ISO,0.0,0.0,0.0,0.0,1,
b3750,b4087,rbsC,alsA,0.0,0.0,0.0,0.0,0.5,-1.140254335396662e-09,0.87699721442697,0.87699721442697,0.87699721442697,0.0,0.0,False,ISO,0.0,0.0,0.0,0.0,1,
b3750,b4086,rbsC,alsC,0.0,0.0,0.0,0.0,0.5,-1.140254335396662e-09,0.87699721442697,0.87699721442697,0.87699721442697,0.0,0.0,False,ISO,0.0,0.0,0.0,0.0,1,
b3750,b4230,rbsC,ytfT,0.0,0.0,0.0,0.0,0.5,-1.140254335396662e-09,0.87699721442697,0.87699721442697,0.87699721442697,0.0,0.0,False,ISO,0.0,0.0,0.0,0.0,0,
b3750,b4231,rbsC,yjfF,0.0,0.0,0.0,0.0,0.5,-1.140254335396662e-09,0.87699721442697,0.87699721442697,0.87699721442697,0.0,0.0,False,ISO,0.0,0.0,0.0,0.0,0,
b3750,b4485,rbsC,ytfR,0.0,0.0,0.0,0.0,0.5,-1.140254335396662e-09,0.87699721442697,0.87699721442697,0.87699721442697,0.0,0.0,False,ISO,0.0,0.0,0.0,0.0,0,
b3750,b4227,rbsC,ytfQ,0.0,0.0,0.0,0.0,0.5,-1.140254335396662e-09,0.87699721442697,0.87699721442697,0.87699721442697,0.0,0.0,False,ISO,0.0,0.0,0.0,0.0,0,
b3751,b4088,rbsB,alsB,0.0,0.0,0.0,0.0,0.5,-1.140254335396662e-09,0.87699721442697,0.87699721442697,0.87699721442697,0.0,0.0,False,ISO,0.0,0.0,0.0,0.0,1,
b3751,b4087,rbsB,alsA,0.0,0.0,0.0,0.0,0.5,-1.140254335396662e-09,0.87699721442697,0.87699721442697,0.87699721442697,0.0,0.0,False,ISO,0.0,0.0,0.0,0.0,1,
b3751,b4086,rbsB,alsC,0.0,0.0,0.0,0.0,0.5,-1.140254335396662e-09,0.87699721442697,0.87699721442697,0.87699721442697,0.0,0.0,False,ISO,0.0,0.0,0.0,0.0,1,
b3751,b4230,rbsB,ytfT,0.0,0.0,0.0,0.0,0.5,-1.140254335396662e-09,0.87699721442697,0.87699721442697,0.87699721442697,0.0,0.0,False,ISO,0.0,0.0,0.0,0.0,0,
b3751,b4231,rbsB,yjfF,0.0,0.0,0.0,0.0,0.5,-1.140254335396662e-09,0.87699721442697,0.87699721442697,0.87699721442697,0.0,0.0,False,ISO,0.0,0.0,0.0,0.0,0,
b3751,b4485,rbsB,ytfR,0.0,0.0,0.0,0.0,0.5,-1.140254335396662e-09,0.87699721442697,0.87699721442697,0.87699721442697,0.0,0.0,False,ISO,0.0,0.0,0.0,0.0,0,
b3751,b4227,rbsB,ytfQ,0.0,0.0,0.0,0.0,0.5,-1.140254335396662e-09,0.87699721442697,0.87699721442697,0.87699721442697,0.0,0.0,False,ISO,0.0,0.0,0.0,0.0,0,
b3749,b4088,rbsA,alsB,0.0,0.0,0.0,0.0,0.5,-1.140254335396662e-09,0.87699721442697,0.87699721442697,0.87699721442697,0.0,0.0,False,ISO,0.0,0.0,0.0,0.0,1,
b3749,b4087,rbsA,alsA,0.0,0.0,0.0,0.0,0.5,-1.140254335396662e-09,0.87699721442697,0.87699721442697,0.87699721442697,0.0,0.0,False,ISO,0.0,0.0,0.0,0.0,1,
b3749,b4086,rbsA,alsC,0.0,0.0,0.0,0.0,0.5,-1.140254335396662e-09,0.87699721442697,0.87699721442697,0.87699721442697,0.0,0.0,False,ISO,0.0,0.0,0.0,0.0,1,
b3749,b4230,rbsA,ytfT,0.0,0.0,0.0,0.0,0.5,-1.140254335396662e-09,0.87699721442697,0.87699721442697,0.87699721442697,0.0,0.0,False,ISO,0.0,0.0,0.0,0.0,0,
b3749,b4231,rbsA,yjfF,0.0,0.0,0.0,0.0,0.5,-1.140254335396662e-09,0.87699721442697,0.87699721442697,0.87699721442697,0.0,0.0,False,ISO,0.0,0.0,0.0,0.0,0,
b3749,b4485,rbsA,ytfR,0.0,0.0,0.0,0.0,0.5,-1.140254335396662e-09,0.87699721442697,0.87699721442697,0.87699721442697,0.0,0.0,False,ISO,0.0,0.0,0.0,0.0,0,
b3749,b4227,rbsA,ytfQ,0.0,0.0,0.0,0.0,0.5,-1.140254335396662e-09,0.87699721442697,0.87699721442697,0.87699721442697,0.0,0.0,False,ISO,0.0,0.0,0.0,0.0,0,
b3748,b4088,rbsD,alsB,0.0,0.0,0.0,0.0,0.5,-1.140254335396662e-09,0.87699721442697,0.87699721442697,0.87699721442697,0.0,0.0,False,ISO,0.0,0.0,0.0,0.0,1,
b3748,b4087,rbsD,alsA,0.0,0.0,0.0,0.0,0.5,-1.140254335396662e-09,0.87699721442697,0.87699721442697,0.87699721442697,0.0,0.0,False,ISO,0.0,0.0,0.0,0.0,1,
b3748,b4086,rbsD,alsC,0.0,0.0,0.0,0.0,0.5,-1.140254335396662e-09,0.87699721442697,0.87699721442697,0.87699721442697,0.0,0.0,False,ISO,0.0,0.0,0.0,0.0,1,
b3748,b4230,rbsD,ytfT,0.0,0.0,0.0,0.0,0.5,-1.140254335396662e-09,0.87699721442697,0.87699721442697,0.87699721442697,0.0,0.0,False,ISO,0.0,0.0,0.0,0.0,0,
b3748,b4231,rbsD,yjfF,0.0,0.0,0.0,0.0,0.5,-1.140254335396662e-09,0.87699721442697,0.87699721442697,0.87699721442697,0.0,0.0,False,ISO,0.0,0.0,0.0,0.0,0,
b3748,b4485,rbsD,ytfR,0.0,0.0,0.0,0.0,0.5,-1.140254335396662e-09,0.87699721442697,0.87699721442697,0.87699721442697,0.0,0.0,False,ISO,0.0,0.0,0.0,0.0,0,
b3748,b4227,rbsD,ytfQ,0.0,0.0,0.0,0.0,0.5,-1.140254335396662e-09,0.87699721442697,0.87699721442697,0.87699721442697,0.0,0.0,False,ISO,0.0,0.0,0.0,0.0,0,
b3748,b2482,rbsD,hyfB,0.0,0.0,0.0,0.0,0.5,-1.140254335396662e-09,0.87699721442697,0.87699721442697,0.87699721442697,0.0,0.0,False,B,0.0,0.0,0.0,0.0,0,
b3748,b1640,rbsD,anmK,0.0,0.0,0.0,0.0,0.5,-1.140254335396662e-09,0.87699721442697,0.87699721442697,0.87699721442697,0.0,0.0,False,B,0.0,0.0,0.0,0.0,1,
b3748,b3630,rbsD,waaP,0.0,0.0,0.0,0.0,0.5,-1.140254335396662e-09,0.87699721442697,0.87699721442697,0.87699721442697,0.0,0.0,False,B,0.0,0.0,0.0,0.0,1,
b3748,b4394,rbsD,yjjX,0.0,0.0,0.0,0.0,0.5,-1.140254335396662e-09,0.87699721442697,0.87699721442697,0.87699721442697,0.0,0.0,False,B,0.0,0.0,0.0,0.0,2,
b3748,b2146,rbsD,preT,0.0,0.0,0.0,0.0,0.5,-1.140254335396662e-09,0.87699721442697,0.87699721442697,0.87699721442697,0.0,0.0,False,B,0.0,0.0,0.0,0.0,1,
b3748,b0832,rbsD,gsiD,0.0,0.0,0.0,0.0,0.5,-1.140254335396662e-09,0.87699721442697,0.8769972144269701,0.8769972144269701,0.0,0.0,False,B,0.0,0.0,0.0,0.0,1,
b3748,b3396,rbsD,mrcA,0.0,0.0,0.0,0.0,0.5,-1.140254335396662e-09,0.87699721442697,0.87699721442697,0.87699721442697,0.0,0.0,False,B,0.0,0.0,0.0,0.0,0,
b3748,b2288,rbsD,nuoA,0.0,3294.285861140926,3294.285861140926,0.0,0.9999999999999998,-9.86372761246912e-10,0.87699721442697,0.7586431920374903,0.7586431920374903,0.0,0.0,False,X,0.0,3294.285861140926,3294.285861140926,0.0,3,
b3748,b2285,rbsD,nuoE,0.0,3294.285861140926,3294.285861140926,0.0,0.9999999999999998,-9.86372761246912e-10,0.87699721442697,0.7586431920374903,0.7586431920374903,0.0,0.0,False,X,0.0,3294.285861140926,3294.285861140926,0.0,3,
b3748,b2278,rbsD,nuoL,0.0,3294.285861140926,3294.285861140926,0.0,0.9999999999999998,-9.86372761246912e-10,0.87699721442697,0.7586431920374903,0.7586431920374903,0.0,0.0,False,X,0.0,3294.285861140926,3294.285861140926,0.0,3,
b3748,b0681,rbsD,chiP,0.0,0.0,0.0,0.0,0.5,-1.140254335396662e-09,0.87699721442697,0.87699721442697,0.87699721442697,0.0,0.0,False,B,0.0,0.0,0.0,0.0,0,
b3748,b1473,rbsD,yddG,0.0,0.0,0.0,0.0,0.5,-1.140254335396662e-09,0.87699721442697,0.8769972144269699,0.8769972144269699,0.0,0.0,False,B,0.0,0.0,0.0,0.0,3,
b3748,b0401,rbsD,brnQ,0.0,0.0,0.0,0.0,0.5,-1.140254335396662e-09,0.87699721442697,0.8769972144269699,0.8769972144269699,0.0,0.0,False,B,0.0,0.0,0.0,0.0,3,
b3748,b2842,rbsD,kduD,0.0,0.0,0.0,0.0,0.5,-1.140254335396662e-09,0.87699721442697,0.87699721442697,0.87699721442697,0.0,0.0,False,B,0.0,0.0,0.0,0.0,0,
b3748,b4101,rbsD,phnG,0.0,0.0,0.0,0.0,0.5,-1.140254335396662e-09,0.87699721442697,0.87699721442697,0.87699721442697,0.0,0.0,False,B,0.0,0.0,0.0,0.0,1,
b3748,b2682,rbsD,ygaZ,0.0,0.0,0.0,0.0,0.5,-1.140254335396662e-09,0.87699721442697,0.87699721442697,0.87699721442697,0.0,0.0,False,B,0.0,0.0,0.0,0.0,0,
b1528,b2170,ydeA,setB,0.0,0.0,0.0,0.0,0.5,-1.140254335396662e-09,0.8769972144269702,0.87699721442697,0.8769972144269702,0.0,0.0,False,ISO,0.0,0.0,0.0,0.0,2,
b0070,b1528,setA,ydeA,0.0,0.0,0.0,0.0,0.5,-1.140254335396662e-09,0.87699721442697,0.8769972144269702,0.8769972144269702,0.0,0.0,False,ISO,0.0,0.0,0.0,0.0,2,
b0070,b2170,setA,setB,0.0,0.0,0.0,0.0,0.5,-1.140254335396662e-09,0.87699721442697,0.87699721442697,0.87699721442697,0.0,0.0,False,ISO,0.0,0.0,0.0,0.0,0,
b4321,b4476,gntP,gntU,0.0,0.0,0.0,0.0,0.5,-1.140254335396662e-09,0.87699721442697,0.87699721442697,0.87699721442697,0.0,0.0,False,ISO,0.0,0.0,0.0,0.0,1,
b2175,b3182,mepS,dacB,0.0,0.0,0.0,0.0,0.5,-1.140254335396662e-09,0.8769972144269703,0.87699721442697,0.8769972144269703,0.0,0.0,False,ISO,0.0,0.0,0.0,0.0,2,
b2175,b2328,mepS,mepA,0.0,0.0,0.0,0.0,0.5,-1.140254557441267e-09,0.8769972144269703,0.8769972144269701,0.8769972144269703,0.0,0.0,False,ISO,0.0,0.0,0.0,0.0,4,
b3093,b3909,exuT,kdgT,0.0,0.0,0.0,0.0,0.5,-1.140254335396662e-09,0.87699721442697,0.87699721442697,0.87699721442697,0.0,0.0,False,ISO,0.0,0.0,0.0,0.0,3,
b3415,b4265,gntT,idnT,0.0,0.0,0.0,0.0,0.5,-1.140254335396662e-09,0.87699721442697,0.8769972144269701,0.8769972144269701,0.0,0.0,False,ISO,0.0,0.0,0.0,0.0,2,
b3415,b4321,gntT,gntP,0.0,0.0,0.0,0.0,0.5,-1.140254335396662e-09,0.87699721442697,0.87699721442697,0.87699721442697,0.0,0.0,False,ISO,0.0,0.0,0.0,0.0,1,
b3415,b4476,gntT,gntU,0.0,0.0,0.0,0.0,0.5,-1.140254335396662e-09,0.87699721442697,0.87699721442697,0.87699721442697,0.0,0.0,False,ISO,0.0,0.0,0.0,0.0,0,
b1621,b1817,malX,manX,0.0,0.0,0.0,0.0,0.5,-1.140254335396662e-09,0.87699721442697,0.87699721442697,0.87699721442697,0.0,0.0,False,ISO,0.0,0.0,0.0,0.0,6,
b1621,b1819,malX,manZ,0.0,0.0,0.0,0.0,0.5,-1.140254335396662e-09,0.87699721442697,0.87699721442697,0.87699721442697,0.0,0.0,False,ISO,0.0,0.0,0.0,0.0,6,
b1621,b1818,malX,manY,0.0,0.0,0.0,0.0,0.5,-1.140254335396662e-09,0.87699721442697,0.87699721442697,0.87699721442697,0.0,0.0,False,ISO,0.0,0.0,0.0,0.0,6,
b3437,b4268,gntK,idnK,0.0,0.0,0.0,0.0,0.5,-1.1402538913074522e-09,0.87699721442697,0.87699721442697,0.8769972144269703,0.0,0.0,False,ISO,0.0,0.0,0.0,0.0,1,
b2486,b2724,hyfF,hycB,0.0,0.0,0.0,0.0,0.5,-1.140254335396662e-09,0.87699721442697,0.87699721442697,0.87699721442697,0.0,0.0,False,ISO,0.0,0.0,0.0,0.0,1,
b2486,b2719,hyfF,hycG,0.0,0.0,0.0,0.0,0.5,-1.140254335396662e-09,0.87699721442697,0.87699721442697,0.87699721442697,0.0,0.0,False,ISO,0.0,0.0,0.0,0.0,1,
b2486,b2720,hyfF,hycF,0.0,0.0,0.0,0.0,0.5,-1.140254335396662e-09,0.87699721442697,0.87699721442697,0.87699721442697,0.0,0.0,False,ISO,0.0,0.0,0.0,0.0,1,
b2486,b2721,hyfF,hycE,0.0,0.0,0.0,0.0,0.5,-1.140254335396662e-09,0.87699721442697,0.87699721442697,0.87699721442697,0.0,0.0,False,ISO,0.0,0.0,0.0,0.0,1,
b2486,b2722,hyfF,hycD,0.0,0.0,0.0,0.0,0.5,-1.140254335396662e-09,0.87699721442697,0.87699721442697,0.87699721442697,0.0,0.0,False,ISO,0.0,0.0,0.0,0.0,1,
b2486,b2723,hyfF,hycC,0.0,0.0,0.0,0.0,0.5,-1.140254335396662e-09,0.87699721442697,0.87699721442697,0.87699721442697,0.0,0.0,False,ISO,0.0,0.0,0.0,0.0,1,
b2490,b2724,hyfJ,hycB,0.0,0.0,0.0,0.0,0.5,-1.140254335396662e-09,0.87699721442697,0.87699721442697,0.87699721442697,0.0,0.0,False,ISO,0.0,0.0,0.0,0.0,1,
b2490,b2719,hyfJ,hycG,0.0,0.0,0.0,0.0,0.5,-1.140254335396662e-09,0.87699721442697,0.87699721442697,0.87699721442697,0.0,0.0,False,ISO,0.0,0.0,0.0,0.0,1,
b2490,b2720,hyfJ,hycF,0.0,0.0,0.0,0.0,0.5,-1.140254335396662e-09,0.87699721442697,0.87699721442697,0.87699721442697,0.0,0.0,False,ISO,0.0,0.0,0.0,0.0,1,
b2490,b2721,hyfJ,hycE,0.0,0.0,0.0,0.0,0.5,-1.140254335396662e-09,0.87699721442697,0.87699721442697,0.87699721442697,0.0,0.0,False,ISO,0.0,0.0,0.0,0.0,1,
b2490,b2722,hyfJ,hycD,0.0,0.0,0.0,0.0,0.5,-1.140254335396662e-09,0.87699721442697,0.87699721442697,0.87699721442697,0.0,0.0,False,ISO,0.0,0.0,0.0,0.0,1,
b2490,b2723,hyfJ,hycC,0.0,0.0,0.0,0.0,0.5,-1.140254335396662e-09,0.87699721442697,0.87699721442697,0.87699721442697,0.0,0.0,False,ISO,0.0,0.0,0.0,0.0,1,
b2724,b2997,hycB,hybO,0.0,0.0,0.0,0.0,0.5,-1.140254335396662e-09,0.87699721442697,0.87699721442697,0.87699721442697,0.0,0.0,False,ISO,0.0,0.0,0.0,0.0,0,
b2724,b2996,hycB,hybA,0.0,0.0,0.0,0.0,0.5,-1.140254335396662e-09,0.87699721442697,0.87699721442697,0.87699721442697,0.0,0.0,False,ISO,0.0,0.0,0.0,0.0,0,
b2724,b2995,hycB,hybB,0.0,0.0,0.0,0.0,0.5,-1.140254335396662e-09,0.87699721442697,0.87699721442697,0.87699721442697,0.0,0.0,False,ISO,0.0,0.0,0.0,0.0,0,
b2724,b2994,hycB,hybC,0.0,0.0,0.0,0.0,0.5,-1.140254335396662e-09,0.87699721442697,0.87699721442697,0.87699721442697,0.0,0.0,False,ISO,0.0,0.0,0.0,0.0,0,
b2719,b2997,hycG,hybO,0.0,0.0,0.0,0.0,0.5,-1.140254335396662e-09,0.87699721442697,0.87699721442697,0.87699721442697,0.0,0.0,False,ISO,0.0,0.0,0.0,0.0,0,
b2719,b2996,hycG,hybA,0.0,0.0,0.0,0.0,0.5,-1.140254335396662e-09,0.87699721442697,0.87699721442697,0.87699721442697,0.0,0.0,False,ISO,0.0,0.0,0.0,0.0,0,
b2719,b2995,hycG,hybB,0.0,0.0,0.0,0.0,0.5,-1.140254335396662e-09,0.87699721442697,0.87699721442697,0.87699721442697,0.0,0.0,False,ISO,0.0,0.0,0.0,0.0,0,
b2719,b2994,hycG,hybC,0.0,0.0,0.0,0.0,0.5,-1.140254335396662e-09,0.87699721442697,0.87699721442697,0.87699721442697,0.0,0.0,False,ISO,0.0,0.0,0.0,0.0,0,
b2720,b2997,hycF,hybO,0.0,0.0,0.0,0.0,0.5,-1.140254335396662e-09,0.87699721442697,0.87699721442697,0.87699721442697,0.0,0.0,False,ISO,0.0,0.0,0.0,0.0,0,
b2720,b2996,hycF,hybA,0.0,0.0,0.0,0.0,0.5,-1.140254335396662e-09,0.87699721442697,0.87699721442697,0.87699721442697,0.0,0.0,False,ISO,0.0,0.0,0.0,0.0,0,
b2720,b2995,hycF,hybB,0.0,0.0,0.0,0.0,0.5,-1.140254335396662e-09,0.87699721442697,0.87699721442697,0.87699721442697,0.0,0.0,False,ISO,0.0,0.0,0.0,0.0,0,
b2720,b2994,hycF,hybC,0.0,0.0,0.0,0.0,0.5,-1.140254335396662e-09,0.87699721442697,0.87699721442697,0.87699721442697,0.0,0.0,False,ISO,0.0,0.0,0.0,0.0,0,
b2721,b2997,hycE,hybO,0.0,0.0,0.0,0.0,0.5,-1.140254335396662e-09,0.87699721442697,0.87699721442697,0.87699721442697,0.0,0.0,False,ISO,0.0,0.0,0.0,0.0,0,
b2721,b2996,hycE,hybA,0.0,0.0,0.0,0.0,0.5,-1.140254335396662e-09,0.87699721442697,0.87699721442697,0.87699721442697,0.0,0.0,False,ISO,0.0,0.0,0.0,0.0,0,
b2721,b2995,hycE,hybB,0.0,0.0,0.0,0.0,0.5,-1.140254335396662e-09,0.87699721442697,0.87699721442697,0.87699721442697,0.0,0.0,False,ISO,0.0,0.0,0.0,0.0,0,
b2721,b2994,hycE,hybC,0.0,0.0,0.0,0.0,0.5,-1.140254335396662e-09,0.87699721442697,0.87699721442697,0.87699721442697,0.0,0.0,False,ISO,0.0,0.0,0.0,0.0,0,
b2722,b2997,hycD,hybO,0.0,0.0,0.0,0.0,0.5,-1.140254335396662e-09,0.87699721442697,0.87699721442697,0.87699721442697,0.0,0.0,False,ISO,0.0,0.0,0.0,0.0,0,
b2722,b2996,hycD,hybA,0.0,0.0,0.0,0.0,0.5,-1.140254335396662e-09,0.87699721442697,0.87699721442697,0.87699721442697,0.0,0.0,False,ISO,0.0,0.0,0.0,0.0,0,
b2722,b2995,hycD,hybB,0.0,0.0,0.0,0.0,0.5,-1.140254335396662e-09,0.87699721442697,0.87699721442697,0.87699721442697,0.0,0.0,False,ISO,0.0,0.0,0.0,0.0,0,
b2722,b2994,hycD,hybC,0.0,0.0,0.0,0.0,0.5,-1.140254335396662e-09,0.87699721442697,0.87699721442697,0.87699721442697,0.0,0.0,False,ISO,0.0,0.0,0.0,0.0,0,
b2723,b2997,hycC,hybO,0.0,0.0,0.0,0.0,0.5,-1.140254335396662e-09,0.87699721442697,0.87699721442697,0.87699721442697,0.0,0.0,False,ISO,0.0,0.0,0.0,0.0,0,
b2723,b2996,hycC,hybA,0.0,0.0,0.0,0.0,0.5,-1.140254335396662e-09,0.87699721442697,0.87699721442697,0.87699721442697,0.0,0.0,False,ISO,0.0,0.0,0.0,0.0,0,
b2723,b2995,hycC,hybB,0.0,0.0,0.0,0.0,0.5,-1.140254335396662e-09,0.87699721442697,0.87699721442697,0.87699721442697,0.0,0.0,False,ISO,0.0,0.0,0.0,0.0,0,
b2723,b2994,hycC,hybC,0.0,0.0,0.0,0.0,0.5,-1.140254335396662e-09,0.87699721442697,0.87699721442697,0.87699721442697,0.0,0.0,False,ISO,0.0,0.0,0.0,0.0,0,
b2485,b2724,hyfE,hycB,0.0,0.0,0.0,0.0,0.5,-1.140254335396662e-09,0.87699721442697,0.87699721442697,0.87699721442697,0.0,0.0,False,ISO,0.0,0.0,0.0,0.0,1,
b2485,b2719,hyfE,hycG,0.0,0.0,0.0,0.0,0.5,-1.140254335396662e-09,0.87699721442697,0.87699721442697,0.87699721442697,0.0,0.0,False,ISO,0.0,0.0,0.0,0.0,1,
b2485,b2720,hyfE,hycF,0.0,0.0,0.0,0.0,0.5,-1.140254335396662e-09,0.87699721442697,0.87699721442697,0.87699721442697,0.0,0.0,False,ISO,0.0,0.0,0.0,0.0,1,
b2485,b2721,hyfE,hycE,0.0,0.0,0.0,0.0,0.5,-1.140254335396662e-09,0.87699721442697,0.87699721442697,0.87699721442697,0.0,0.0,False,ISO,0.0,0.0,0.0,0.0,1,
b2485,b2722,hyfE,hycD,0.0,0.0,0.0,0.0,0.5,-1.140254335396662e-09,0.87699721442697,0.87699721442697,0.87699721442697,0.0,0.0,False,ISO,0.0,0.0,0.0,0.0,1,
b2485,b2723,hyfE,hycC,0.0,0.0,0.0,0.0,0.5,-1.140254335396662e-09,0.87699721442697,0.87699721442697,0.87699721442697,0.0,0.0,False,ISO,0.0,0.0,0.0,0.0,1,
b2484,b2724,hyfD,hycB,0.0,0.0,0.0,0.0,0.5,-1.140254335396662e-09,0.87699721442697,0.87699721442697,0.87699721442697,0.0,0.0,False,ISO,0.0,0.0,0.0,0.0,1,
b2484,b2719,hyfD,hycG,0.0,0.0,0.0,0.0,0.5,-1.140254335396662e-09,0.87699721442697,0.87699721442697,0.87699721442697,0.0,0.0,False,ISO,0.0,0.0,0.0,0.0,1,
b2484,b2720,hyfD,hycF,0.0,0.0,0.0,0.0,0.5,-1.140254335396662e-09,0.87699721442697,0.87699721442697,0.87699721442697,0.0,0.0,False,ISO,0.0,0.0,0.0,0.0,1,
b2484,b2721,hyfD,hycE,0.0,0.0,0.0,0.0,0.5,-1.140254335396662e-09,0.87699721442697,0.87699721442697,0.87699721442697,0.0,0.0,False,ISO,0.0,0.0,0.0,0.0,1,
b2484,b2722,hyfD,hycD,0.0,0.0,0.0,0.0,0.5,-1.140254335396662e-09,0.87699721442697,0.87699721442697,0.87699721442697,0.0,0.0,False,ISO,0.0,0.0,0.0,0.0,1,
b2484,b2723,hyfD,hycC,0.0,0.0,0.0,0.0,0.5,-1.140254335396662e-09,0.87699721442697,0.87699721442697,0.87699721442697,0.0,0.0,False,ISO,0.0,0.0,0.0,0.0,1,
b2487,b2724,hyfG,hycB,0.0,0.0,0.0,0.0,0.5,-1.140254335396662e-09,0.87699721442697,0.87699721442697,0.87699721442697,0.0,0.0,False,ISO,0.0,0.0,0.0,0.0,1,
b2487,b2719,hyfG,hycG,0.0,0.0,0.0,0.0,0.5,-1.140254335396662e-09,0.87699721442697,0.87699721442697,0.87699721442697,0.0,0.0,False,ISO,0.0,0.0,0.0,0.0,1,
b2487,b2720,hyfG,hycF,0.0,0.0,0.0,0.0,0.5,-1.140254335396662e-09,0.87699721442697,0.87699721442697,0.87699721442697,0.0,0.0,False,ISO,0.0,0.0,0.0,0.0,1,
b2487,b2721,hyfG,hycE,0.0,0.0,0.0,0.0,0.5,-1.140254335396662e-09,0.87699721442697,0.87699721442697,0.87699721442697,0.0,0.0,False,ISO,0.0,0.0,0.0,0.0,1,
b2487,b2722,hyfG,hycD,0.0,0.0,0.0,0.0,0.5,-1.140254335396662e-09,0.87699721442697,0.87699721442697,0.87699721442697,0.0,0.0,False,ISO,0.0,0.0,0.0,0.0,1,
b2487,b2723,hyfG,hycC,0.0,0.0,0.0,0.0,0.5,-1.140254335396662e-09,0.87699721442697,0.87699721442697,0.87699721442697,0.0,0.0,False,ISO,0.0,0.0,0.0,0.0,1,
b2481,b2724,hyfA,hycB,0.0,0.0,0.0,0.0,0.5,-1.140254335396662e-09,0.87699721442697,0.87699721442697,0.87699721442697,0.0,0.0,False,ISO,0.0,0.0,0.0,0.0,1,
b2481,b2719,hyfA,hycG,0.0,0.0,0.0,0.0,0.5,-1.140254335396662e-09,0.87699721442697,0.87699721442697,0.87699721442697,0.0,0.0,False,ISO,0.0,0.0,0.0,0.0,1,
b2481,b2720,hyfA,hycF,0.0,0.0,0.0,0.0,0.5,-1.140254335396662e-09,0.87699721442697,0.87699721442697,0.87699721442697,0.0,0.0,False,ISO,0.0,0.0,0.0,0.0,1,
b2481,b2721,hyfA,hycE,0.0,0.0,0.0,0.0,0.5,-1.140254335396662e-09,0.87699721442697,0.87699721442697,0.87699721442697,0.0,0.0,False,ISO,0.0,0.0,0.0,0.0,1,
b2481,b2722,hyfA,hycD,0.0,0.0,0.0,0.0,0.5,-1.140254335396662e-09,0.87699721442697,0.87699721442697,0.87699721442697,0.0,0.0,False,ISO,0.0,0.0,0.0,0.0,1,
b2481,b2723,hyfA,hycC,0.0,0.0,0.0,0.0,0.5,-1.140254335396662e-09,0.87699721442697,0.87699721442697,0.87699721442697,0.0,0.0,False,ISO,0.0,0.0,0.0,0.0,1,
b2483,b2724,hyfC,hycB,0.0,0.0,0.0,0.0,0.5,-1.140254335396662e-09,0.87699721442697,0.87699721442697,0.87699721442697,0.0,0.0,False,ISO,0.0,0.0,0.0,0.0,1,
b2483,b2719,hyfC,hycG,0.0,0.0,0.0,0.0,0.5,-1.140254335396662e-09,0.87699721442697,0.87699721442697,0.87699721442697,0.0,0.0,False,ISO,0.0,0.0,0.0,0.0,1,
b2483,b2720,hyfC,hycF,0.0,0.0,0.0,0.0,0.5,-1.140254335396662e-09,0.87699721442697,0.87699721442697,0.87699721442697,0.0,0.0,False,ISO,0.0,0.0,0.0,0.0,1,
b2483,b2721,hyfC,hycE,0.0,0.0,0.0,0.0,0.5,-1.140254335396662e-09,0.87699721442697,0.87699721442697,0.87699721442697,0.0,0.0,False,ISO,0.0,0.0,0.0,0.0,1,
b2483,b2722,hyfC,hycD,0.0,0.0,0.0,0.0,0.5,-1.140254335396662e-09,0.87699721442697,0.87699721442697,0.87699721442697,0.0,0.0,False,ISO,0.0,0.0,0.0,0.0,1,
b2483,b2723,hyfC,hycC,0.0,0.0,0.0,0.0,0.5,-1.140254335396662e-09,0.87699721442697,0.87699721442697,0.87699721442697,0.0,0.0,False,ISO,0.0,0.0,0.0,0.0,1,
b2482,b2724,hyfB,hycB,0.0,0.0,0.0,0.0,0.5,-1.140254335396662e-09,0.87699721442697,0.87699721442697,0.87699721442697,0.0,0.0,False,ISO,0.0,0.0,0.0,0.0,1,
b2482,b2719,hyfB,hycG,0.0,0.0,0.0,0.0,0.5,-1.140254335396662e-09,0.87699721442697,0.87699721442697,0.87699721442697,0.0,0.0,False,ISO,0.0,0.0,0.0,0.0,1,
b2482,b2720,hyfB,hycF,0.0,0.0,0.0,0.0,0.5,-1.140254335396662e-09,0.87699721442697,0.87699721442697,0.87699721442697,0.0,0.0,False,ISO,0.0,0.0,0.0,0.0,1,
b2482,b2721,hyfB,hycE,0.0,0.0,0.0,0.0,0.5,-1.140254335396662e-09,0.87699721442697,0.87699721442697,0.87699721442697,0.0,0.0,False,ISO,0.0,0.0,0.0,0.0,1,
b2482,b2722,hyfB,hycD,0.0,0.0,0.0,0.0,0.5,-1.140254335396662e-09,0.87699721442697,0.87699721442697,0.87699721442697,0.0,0.0,False,ISO,0.0,0.0,0.0,0.0,1,
b2482,b2723,hyfB,hycC,0.0,0.0,0.0,0.0,0.5,-1.140254335396662e-09,0.87699721442697,0.87699721442697,0.87699721442697,0.0,0.0,False,ISO,0.0,0.0,0.0,0.0,1,
b2482,b1640,hyfB,anmK,0.0,0.0,0.0,0.0,0.5,-1.140254335396662e-09,0.87699721442697,0.87699721442697,0.87699721442697,0.0,0.0,False,B,0.0,0.0,0.0,0.0,1,
b2482,b3630,hyfB,waaP,0.0,0.0,0.0,0.0,0.5,-1.140254335396662e-09,0.87699721442697,0.87699721442697,0.87699721442697,0.0,0.0,False,B,0.0,0.0,0.0,0.0,1,
b2482,b4394,hyfB,yjjX,0.0,0.0,0.0,0.0,0.5,-1.140254335396662e-09,0.87699721442697,0.87699721442697,0.87699721442697,0.0,0.0,False,B,0.0,0.0,0.0,0.0,2,
b2482,b2146,hyfB,preT,0.0,0.0,0.0,0.0,0.5,-1.140254335396662e-09,0.87699721442697,0.87699721442697,0.87699721442697,0.0,0.0,False,B,0.0,0.0,0.0,0.0,1,
b2482,b0832,hyfB,gsiD,0.0,0.0,0.0,0.0,0.5,-1.140254335396662e-09,0.87699721442697,0.8769972144269701,0.8769972144269701,0.0,0.0,False,B,0.0,0.0,0.0,0.0,1,
b2482,b3396,hyfB,mrcA,0.0,0.0,0.0,0.0,0.5,-1.140254335396662e-09,0.87699721442697,0.87699721442697,0.87699721442697,0.0,0.0,False,B,0.0,0.0,0.0,0.0,0,
b2482,b0722,hyfB,sdhD,0.0,3719.237820017231,3719.237820017231,0.0,0.9999999999999998,-1.0945121475813835e-09,0.87699721442697,0.8418157926999568,0.8418157926999568,0.0,0.0,False,X,0.0,0.0,0.0,0.0,1,
b2482,b2279,hyfB,nuoK,0.0,3294.285861140926,3294.285861140926,0.0,0.9999999999999998,-9.86372761246912e-10,0.87699721442697,0.7586431920374903,0.7586431920374903,0.0,0.0,False,X,0.0,3294.285861140926,3294.285861140926,0.0,3,
b2482,b2286,hyfB,nuoC,0.0,3294.285861140926,3294.285861140926,0.0,0.9999999999999998,-9.86372761246912e-10,0.87699721442697,0.7586431920374903,0.7586431920374903,0.0,0.0,False,X,0.0,3294.285861140926,3294.285861140926,0.0,3,
b2482,b0681,hyfB,chiP,0.0,0.0,0.0,0.0,0.5,-1.140254335396662e-09,0.87699721442697,0.87699721442697,0.87699721442697,0.0,0.0,False,B,0.0,0.0,0.0,0.0,0,
b2482,b1473,hyfB,yddG,0.0,0.0,0.0,0.0,0.5,-1.140254335396662e-09,0.87699721442697,0.8769972144269699,0.8769972144269699,0.0,0.0,False,B,0.0,0.0,0.0,0.0,3,
b2482,b0401,hyfB,brnQ,0.0,0.0,0.0,0.0,0.5,-1.140254335396662e-09,0.87699721442697,0.8769972144269699,0.8769972144269699,0.0,0.0,False,B,0.0,0.0,0.0,0.0,3,
b2482,b2842,hyfB,kduD,0.0,0.0,0.0,0.0,0.5,-1.140254335396662e-09,0.87699721442697,0.87699721442697,0.87699721442697,0.0,0.0,False,B,0.0,0.0,0.0,0.0,0,
b2482,b4101,hyfB,phnG,0.0,0.0,0.0,0.0,0.5,-1.140254335396662e-09,0.87699721442697,0.87699721442697,0.87699721442697,0.0,0.0,False,B,0.0,0.0,0.0,0.0,1,
b2482,b2682,hyfB,ygaZ,0.0,0.0,0.0,0.0,0.5,-1.140254335396662e-09,0.87699721442697,0.87699721442697,0.87699721442697,0.0,0.0,False,B,0.0,0.0,0.0,0.0,0,
b2489,b2724,hyfI,hycB,0.0,0.0,0.0,0.0,0.5,-1.140254335396662e-09,0.87699721442697,0.87699721442697,0.87699721442697,0.0,0.0,False,ISO,0.0,0.0,0.0,0.0,1,
b2489,b2719,hyfI,hycG,0.0,0.0,0.0,0.0,0.5,-1.140254335396662e-09,0.87699721442697,0.87699721442697,0.87699721442697,0.0,0.0,False,ISO,0.0,0.0,0.0,0.0,1,
b2489,b2720,hyfI,hycF,0.0,0.0,0.0,0.0,0.5,-1.140254335396662e-09,0.87699721442697,0.87699721442697,0.87699721442697,0.0,0.0,False,ISO,0.0,0.0,0.0,0.0,1,
b2489,b2721,hyfI,hycE,0.0,0.0,0.0,0.0,0.5,-1.140254335396662e-09,0.87699721442697,0.87699721442697,0.87699721442697,0.0,0.0,False,ISO,0.0,0.0,0.0,0.0,1,
b2489,b2722,hyfI,hycD,0.0,0.0,0.0,0.0,0.5,-1.140254335396662e-09,0.87699721442697,0.87699721442697,0.87699721442697,0.0,0.0,False,ISO,0.0,0.0,0.0,0.0,1,
b2489,b2723,hyfI,hycC,0.0,0.0,0.0,0.0,0.5,-1.140254335396662e-09,0.87699721442697,0.87699721442697,0.87699721442697,0.0,0.0,False,ISO,0.0,0.0,0.0,0.0,1,
b2488,b2724,hyfH,hycB,0.0,0.0,0.0,0.0,0.5,-1.140254335396662e-09,0.87699721442697,0.87699721442697,0.87699721442697,0.0,0.0,False,ISO,0.0,0.0,0.0,0.0,1,
b2488,b2719,hyfH,hycG,0.0,0.0,0.0,0.0,0.5,-1.140254335396662e-09,0.87699721442697,0.87699721442697,0.87699721442697,0.0,0.0,False,ISO,0.0,0.0,0.0,0.0,1,
b2488,b2720,hyfH,hycF,0.0,0.0,0.0,0.0,0.5,-1.140254335396662e-09,0.87699721442697,0.87699721442697,0.87699721442697,0.0,0.0,False,ISO,0.0,0.0,0.0,0.0,1,
b2488,b2721,hyfH,hycE,0.0,0.0,0.0,0.0,0.5,-1.140254335396662e-09,0.87699721442697,0.87699721442697,0.87699721442697,0.0,0.0,False,ISO,0.0,0.0,0.0,0.0,1,
b2488,b2722,hyfH,hycD,0.0,0.0,0.0,0.0,0.5,-1.140254335396662e-09,0.87699721442697,0.87699721442697,0.87699721442697,0.0,0.0,False,ISO,0.0,0.0,0.0,0.0,1,
b2488,b2723,hyfH,hycC,0.0,0.0,0.0,0.0,0.5,-1.140254335396662e-09,0.87699721442697,0.87699721442697,0.87699721442697,0.0,0.0,False,ISO,0.0,0.0,0.0,0.0,1,
b1761,b3213,gdhA,gltD,0.0,0.0,18414.90254234401,18414.90254234401,9207451271172006.0,-1.000000002280509,0.87699721442697,0.8769972144269701,-0.0,0.0,0.0,True,ISO,0.0,0.0,18414.90254234401,18414.90254234401,2,
b1761,b3212,gdhA,gltB,0.0,0.0,18414.90254234401,18414.90254234401,9207451271172006.0,-1.000000002280509,0.87699721442697,0.8769972144269701,-0.0,0.0,0.0,True,ISO,0.0,0.0,18414.90254234401,18414.90254234401,2,
b0186,b4131,ldcC,cadA,0.0,0.0,0.0,0.0,0.5,-1.1402541133520572e-09,0.87699721442697,0.87699721442697,0.8769972144269701,0.0,0.0,False,ISO,0.0,0.0,0.0,0.0,1,
b2888,b3654,uacT,xanP,0.0,0.0,0.0,0.0,0.5,-1.140254335396662e-09,0.87699721442697,0.8769972144269703,0.8769972144269703,0.0,0.0,False,ISO,0.0,0.0,0.0,0.0,2,
b2882,b3654,xanQ,xanP,0.0,0.0,0.0,0.0,0.5,-1.140254335396662e-09,0.87699721442697,0.8769972144269703,0.8769972144269703,0.0,0.0,False,ISO,0.0,0.0,0.0,0.0,1,
b2882,b2888,xanQ,uacT,0.0,0.0,0.0,0.0,0.5,-1.140254335396662e-09,0.87699721442697,0.87699721442697,0.87699721442697,0.0,0.0,False,ISO,0.0,0.0,0.0,0.0,1,
b2150,b4230,mglB,ytfT,0.0,0.0,0.0,0.0,0.5,-1.140254335396662e-09,0.8769972144269701,0.87699721442697,0.8769972144269701,0.0,0.0,False,ISO,0.0,0.0,0.0,0.0,2,
b2150,b4231,mglB,yjfF,0.0,0.0,0.0,0.0,0.5,-1.140254335396662e-09,0.8769972144269701,0.87699721442697,0.8769972144269701,0.0,0.0,False,ISO,0.0,0.0,0.0,0.0,2,
b2150,b4485,mglB,ytfR,0.0,0.0,0.0,0.0,0.5,-1.140254335396662e-09,0.8769972144269701,0.87699721442697,0.8769972144269701,0.0,0.0,False,ISO,0.0,0.0,0.0,0.0,2,
b2150,b4227,mglB,ytfQ,0.0,0.0,0.0,0.0,0.5,-1.140254335396662e-09,0.8769972144269701,0.87699721442697,0.8769972144269701,0.0,0.0,False,ISO,0.0,0.0,0.0,0.0,2,
b2148,b4230,mglC,ytfT,0.0,0.0,0.0,0.0,0.5,-1.140254335396662e-09,0.8769972144269701,0.87699721442697,0.8769972144269701,0.0,0.0,False,ISO,0.0,0.0,0.0,0.0,2,
b2148,b4231,mglC,yjfF,0.0,0.0,0.0,0.0,0.5,-1.140254335396662e-09,0.8769972144269701,0.87699721442697,0.8769972144269701,0.0,0.0,False,ISO,0.0,0.0,0.0,0.0,2,
b2148,b4485,mglC,ytfR,0.0,0.0,0.0,0.0,0.5,-1.140254335396662e-09,0.8769972144269701,0.87699721442697,0.8769972144269701,0.0,0.0,False,ISO,0.0,0.0,0.0,0.0,2,
b2148,b4227,mglC,ytfQ,0.0,0.0,0.0,0.0,0.5,-1.140254335396662e-09,0.8769972144269701,0.87699721442697,0.8769972144269701,0.0,0.0,False,ISO,0.0,0.0,0.0,0.0,2,
b2149,b4230,mglA,ytfT,0.0,0.0,0.0,0.0,0.5,-1.140254335396662e-09,0.8769972144269701,0.87699721442697,0.8769972144269701,0.0,0.0,False,ISO,0.0,0.0,0.0,0.0,2,
b2149,b4231,mglA,yjfF,0.0,0.0,0.0,0.0,0.5,-1.140254335396662e-09,0.8769972144269701,0.87699721442697,0.8769972144269701,0.0,0.0,False,ISO,0.0,0.0,0.0,0.0,2,
b2149,b4485,mglA,ytfR,0.0,0.0,0.0,0.0,0.5,-1.140254335396662e-09,0.8769972144269701,0.87699721442697,0.8769972144269701,0.0,0.0,False,ISO,0.0,0.0,0.0,0.0,2,
b2149,b4227,mglA,ytfQ,0.0,0.0,0.0,0.0,0.5,-1.140254335396662e-09,0.8769972144269701,0.87699721442697,0.8769972144269701,0.0,0.0,False,ISO,0.0,0.0,0.0,0.0,2,
b1640,b3630,anmK,waaP,0.0,0.0,0.0,0.0,0.5,-1.1402556676642916e-09,0.87699721442697,0.87699721442697,0.8769972144269688,0.0,0.0,False,B,0.0,0.0,0.0,0.0,2,
b1640,b4394,anmK,yjjX,0.0,0.0,0.0,0.0,0.5,-1.140254335396662e-09,0.87699721442697,0.87699721442697,0.87699721442697,0.0,0.0,False,B,0.0,0.0,0.0,0.0,3,
b1640,b2146,anmK,preT,0.0,0.0,0.0,0.0,0.5,-1.140254335396662e-09,0.87699721442697,0.87699721442697,0.87699721442697,0.0,0.0,False,B,0.0,0.0,0.0,0.0,2,
b1640,b0832,anmK,gsiD,0.0,0.0,0.0,0.0,0.5,-1.140254335396662e-09,0.87699721442697,0.8769972144269701,0.8769972144269701,0.0,0.0,False,B,0.0,0.0,0.0,0.0,2,
b1640,b3396,anmK,mrcA,0.0,0.0,0.0,0.0,0.5,-1.140254335396662e-09,0.87699721442697,0.87699721442697,0.87699721442697,0.0,0.0,False,B,0.0,0.0,0.0,0.0,1,
b1640,b2288,anmK,nuoA,0.0,3294.285861140926,3294.285861139671,-1.255102688446641e-09,0.9999999999996187,-9.86368209332511e-10,0.87699721442697,0.7586431920374903,0.7586431920374943,0.0,0.0,False,X,0.0,3294.285861140926,3294.285861139671,-1.255102688446641e-09,4,
b1640,b2276,anmK,nuoN,0.0,3294.285861140926,3294.285861139671,-1.255102688446641e-09,0.9999999999996187,-9.86368209332511e-10,0.87699721442697,0.7586431920374903,0.7586431920374943,0.0,0.0,False,X,0.0,3294.285861140926,3294.285861139671,-1.255102688446641e-09,4,
b1640,b2284,anmK,nuoF,0.0,3294.285861140926,3294.285861139671,-1.255102688446641e-09,0.9999999999996187,-9.86368209332511e-10,0.87699721442697,0.7586431920374903,0.7586431920374943,0.0,0.0,False,X,0.0,3294.285861140926,3294.285861139671,-1.255102688446641e-09,4,
b1640,b0681,anmK,chiP,0.0,0.0,0.0,0.0,0.5,-1.140254335396662e-09,0.87699721442697,0.87699721442697,0.87699721442697,0.0,0.0,False,B,0.0,0.0,0.0,0.0,1,
b1640,b1473,anmK,yddG,0.0,0.0,0.0,0.0,0.5,-1.1402541133520572e-09,0.87699721442697,0.8769972144269699,0.8769972144269701,0.0,0.0,False,B,0.0,0.0,0.0,0.0,4,
b1640,b0401,anmK,brnQ,0.0,0.0,0.0,0.0,0.5,-1.1402536692628473e-09,0.87699721442697,0.8769972144269699,0.8769972144269704,0.0,0.0,False,B,0.0,0.0,0.0,0.0,4,
b1640,b2842,anmK,kduD,0.0,0.0,0.0,0.0,0.5,-1.140254335396662e-09,0.87699721442697,0.87699721442697,0.87699721442697,0.0,0.0,False,B,0.0,0.0,0.0,0.0,1,
b1640,b4101,anmK,phnG,0.0,0.0,0.0,0.0,0.5,-1.140254335396662e-09,0.87699721442697,0.87699721442697,0.87699721442697,0.0,0.0,False,B,0.0,0.0,0.0,0.0,2,
b1640,b2682,anmK,ygaZ,0.0,0.0,0.0,0.0,0.5,-1.140254335396662e-09,0.87699721442697,0.87699721442697,0.87699721442697,0.0,0.0,False,B,0.0,0.0,0.0,0.0,1,
b0048,b1606,folA,folM,0.0,0.0,18414.902542344014,18414.902542344014,9207451271172008.0,-1.0000000022805087,0.87699721442697,0.87699721442697,-0.0,0.0,0.0,True,ISO,0.0,0.0,18414.902542344014,18414.902542344014,2,
b0388,b3390,aroL,aroK,0.0,0.0,18414.902542344036,18414.902542344036,9207451271172018.0,-1.0000000022805087,0.87699721442697,0.87699721442697,-0.0,0.0,0.0,True,ISO,0.0,0.0,18414.902542344036,18414.902542344036,1,
b0115,b0114,aceF,aceE,569.3957161878707,569.3957161878707,569.3957161878707,-569.3957161878707,0.5,0.020978060314304825,0.8581964695522434,0.8581964695522434,0.8581964695522434,1.0,1.0,False,A,0.0,0.0,0.0,0.0,1,;Alanine and Aspartate Metabolism;Alternate Carbon Metabolism
b0115,b3919,aceF,tpiA,569.3957161878707,871.9980214793411,4626.66838874832,3185.2746510811075,3.2098574232993626,0.0019513876575407707,0.8581964695522434,0.8422625567901132,0.8259178032537859,0.0,0.9481132075471698,False,A,0.0,0.0,4626.66838874832,4626.66838874832,2,;Alanine and Aspartate Metabolism;Alternate Carbon Metabolism
b0115,b0429,aceF,cyoD,569.3957161878707,7798.596633039896,7896.830612354015,-471.1617368737516,0.9436947696400281,-0.011055823877230808,0.8581964695522434,0.7776142830847725,0.7512481472047976,0.0,0.9733656174334141,False,A,0.0,7798.596633039896,7896.830612354015,98.2339793141191,2,;Alanine and Aspartate Metabolism;Alternate Carbon Metabolism
b0115,b0432,aceF,cyoA,569.3957161878707,7798.596633039896,7896.830612354015,-471.1617368737516,0.9436947696400281,-0.011055823877230808,0.8581964695522434,0.7776142830847725,0.7512481472047976,0.0,0.9733656174334141,False,A,0.0,7798.596633039896,7896.830612354015,98.2339793141191,2,;Alanine and Aspartate Metabolism;Alternate Carbon Metabolism
b0115,b0430,aceF,cyoC,569.3957161878707,7798.596633039896,7896.830612354015,-471.1617368737516,0.9436947696400281,-0.011055823877230808,0.8581964695522434,0.7776142830847725,0.7512481472047976,0.0,0.9733656174334141,False,A,0.0,7798.596633039896,7896.830612354015,98.2339793141191,2,;Alanine and Aspartate Metabolism;Alternate Carbon Metabolism
b0115,b0431,aceF,cyoB,569.3957161878707,7798.596633039896,7896.830612354015,-471.1617368737516,0.9436947696400281,-0.011055823877230808,0.8581964695522434,0.7776142830847725,0.7512481472047976,0.0,0.9733656174334141,False,A,0.0,7798.596633039896,7896.830612354015,98.2339793141191,2,;Alanine and Aspartate Metabolism;Alternate Carbon Metabolism
b0115,b0722,aceF,sdhD,569.3957161878707,3719.237820017231,3899.4239971632583,-389.2095390418435,0.9092462585678875,0.012110734329805917,0.8581964695522434,0.8418157926999568,0.8343903354497776,0.075,0.9505882352941176,False,A,0.0,0.0,0.0,0.0,2,;Alanine and Aspartate Metabolism;Alternate Carbon Metabolism
b0115,b0723,aceF,sdhA,569.3957161878707,3719.237820017231,3899.4239971632583,-389.2095390418435,0.9092462585678875,0.012110734329805917,0.8581964695522434,0.8418157926999568,0.8343903354497776,0.075,0.9505882352941176,False,A,0.0,0.0,0.0,0.0,2,;Alanine and Aspartate Metabolism;Alternate Carbon Metabolism
b0115,b0721,aceF,sdhC,569.3957161878707,3719.237820017231,3899.4239971632583,-389.2095390418435,0.9092462585678875,0.012110734329805917,0.8581964695522434,0.8418157926999568,0.8343903354497776,0.075,0.9505882352941176,False,A,0.0,0.0,0.0,0.0,2,;Alanine and Aspartate Metabolism;Alternate Carbon Metabolism
b0115,b0724,aceF,sdhB,569.3957161878707,3719.237820017231,3899.4239971632583,-389.2095390418435,0.9092462585678875,0.012110734329805917,0.8581964695522434,0.8418157926999568,0.8343903354497776,0.075,0.9505882352941176,False,A,0.0,0.0,0.0,0.0,2,;Alanine and Aspartate Metabolism;Alternate Carbon Metabolism
b0115,b2283,aceF,nuoG,569.3957161878707,3294.285861140926,3294.2858611404486,-569.3957161883482,0.8526287156971131,0.018544544523595108,0.8581964695522434,0.7586431920374903,0.7586431920374949,0.25,0.9759036144578314,False,A,0.0,3294.285861140926,3294.2858611404486,-4.774847184307873e-10,4,;Alanine and Aspartate Metabolism;Alternate Carbon Metabolism
b0115,b2282,aceF,nuoH,569.3957161878707,3294.285861140926,3294.2858611404486,-569.3957161883482,0.8526287156971131,0.018544544523595108,0.8581964695522434,0.7586431920374903,0.7586431920374949,0.25,0.9759036144578314,False,A,0.0,3294.285861140926,3294.2858611404486,-4.774847184307873e-10,4,;Alanine and Aspartate Metabolism;Alternate Carbon Metabolism
b0115,b2281,aceF,nuoI,569.3957161878707,3294.285861140926,3294.2858611404486,-569.3957161883482,0.8526287156971131,0.018544544523595108,0.8581964695522434,0.7586431920374903,0.7586431920374949,0.25,0.9759036144578314,False,A,0.0,3294.285861140926,3294.2858611404486,-4.774847184307873e-10,4,;Alanine and Aspartate Metabolism;Alternate Carbon Metabolism
b0115,b2288,aceF,nuoA,569.3957161878707,3294.285861140926,3294.2858611404486,-569.3957161883482,0.8526287156971131,0.018544544523595108,0.8581964695522434,0.7586431920374903,0.7586431920374949,0.25,0.9759036144578314,False,A,0.0,3294.285861140926,3294.2858611404486,-4.774847184307873e-10,4,;Alanine and Aspartate Metabolism;Alternate Carbon Metabolism
b0115,b2276,aceF,nuoN,569.3957161878707,3294.285861140926,3294.2858611404486,-569.3957161883482,0.8526287156971131,0.018544544523595108,0.8581964695522434,0.7586431920374903,0.7586431920374949,0.25,0.9759036144578314,False,A,0.0,3294.285861140926,3294.2858611404486,-4.774847184307873e-10,4,;Alanine and Aspartate Metabolism;Alternate Carbon Metabolism
b0115,b2277,aceF,nuoM,569.3957161878707,3294.285861140926,3294.2858611404486,-569.3957161883482,0.8526287156971131,0.018544544523595108,0.8581964695522434,0.7586431920374903,0.7586431920374949,0.25,0.9759036144578314,False,A,0.0,3294.285861140926,3294.2858611404486,-4.774847184307873e-10,4,;Alanine and Aspartate Metabolism;Alternate Carbon Metabolism
b0115,b2285,aceF,nuoE,569.3957161878707,3294.285861140926,3294.2858611404486,-569.3957161883482,0.8526287156971131,0.018544544523595108,0.8581964695522434,0.7586431920374903,0.7586431920374949,0.25,0.9759036144578314,False,A,0.0,3294.285861140926,3294.2858611404486,-4.774847184307873e-10,4,;Alanine and Aspartate Metabolism;Alternate Carbon Metabolism
b0115,b2284,aceF,nuoF,569.3957161878707,3294.285861140926,3294.2858611404486,-569.3957161883482,0.8526287156971131,0.018544544523595108,0.8581964695522434,0.7586431920374903,0.7586431920374949,0.25,0.9759036144578314,False,A,0.0,3294.285861140926,3294.2858611404486,-4.774847184307873e-10,4,;Alanine and Aspartate Metabolism;Alternate Carbon Metabolism
b0115,b2278,aceF,nuoL,569.3957161878707,3294.285861140926,3294.2858611404486,-569.3957161883482,0.8526287156971131,0.018544544523595108,0.8581964695522434,0.7586431920374903,0.7586431920374949,0.25,0.9759036144578314,False,A,0.0,3294.285861140926,3294.2858611404486,-4.774847184307873e-10,4,;Alanine and Aspartate Metabolism;Alternate Carbon Metabolism
b0115,b2279,aceF,nuoK,569.3957161878707,3294.285861140926,3294.2858611404486,-569.3957161883482,0.8526287156971131,0.018544544523595108,0.8581964695522434,0.7586431920374903,0.7586431920374949,0.25,0.9759036144578314,False,A,0.0,3294.285861140926,3294.2858611404486,-4.774847184307873e-10,4,;Alanine and Aspartate Metabolism;Alternate Carbon Metabolism
b0115,b2280,aceF,nuoJ,569.3957161878707,3294.285861140926,3294.2858611404486,-569.3957161883482,0.8526287156971131,0.018544544523595108,0.8581964695522434,0.7586431920374903,0.7586431920374949,0.25,0.9759036144578314,False,A,0.0,3294.285861140926,3294.2858611404486,-4.774847184307873e-10,4,;Alanine and Aspartate Metabolism;Alternate Carbon Metabolism
b0115,b2287,aceF,nuoB,569.3957161878707,3294.285861140926,3294.2858611404486,-569.3957161883482,0.8526287156971131,0.018544544523595108,0.8581964695522434,0.7586431920374903,0.7586431920374949,0.25,0.9759036144578314,False,A,0.0,3294.285861140926,3294.2858611404486,-4.774847184307873e-10,4,;Alanine and Aspartate Metabolism;Alternate Carbon Metabolism
b0115,b2286,aceF,nuoC,569.3957161878707,3294.285861140926,3294.2858611404486,-569.3957161883482,0.8526287156971131,0.018544544523595108,0.8581964695522434,0.7586431920374903,0.7586431920374949,0.25,0.9759036144578314,False,A,0.0,3294.285861140926,3294.2858611404486,-4.774847184307873e-10,4,;Alanine and Aspartate Metabolism;Alternate Carbon Metabolism
b0114,b3919,aceE,tpiA,569.3957161878707,871.9980214793411,4626.66838874832,3185.2746510811075,3.2098574232993626,0.0019513876575407707,0.8581964695522434,0.8422625567901132,0.8259178032537859,0.0,0.9481132075471698,False,A,0.0,0.0,4626.66838874832,4626.66838874832,2,;Alanine and Aspartate Metabolism;Alternate Carbon Metabolism
b0114,b3396,aceE,mrcA,569.3957161878707,0.0,569.3957161878707,0.0,0.9999999999999982,-1.1158099999519777e-09,0.8581964695522434,0.87699721442697,0.8581964695522434,0.0,0.0,False,X,0.0,0.0,0.0,0.0,1,
b0114,b0429,aceE,cyoD,569.3957161878707,7798.596633039896,7896.830612354015,-471.1617368737516,0.9436947696400281,-0.011055823877230808,0.8581964695522434,0.7776142830847725,0.7512481472047976,0.0,0.9733656174334141,False,A,0.0,7798.596633039896,7896.830612354015,98.2339793141191,2,;Alanine and Aspartate Metabolism;Alternate Carbon Metabolism
b0114,b0432,aceE,cyoA,569.3957161878707,7798.596633039896,7896.830612354015,-471.1617368737516,0.9436947696400281,-0.011055823877230808,0.8581964695522434,0.7776142830847725,0.7512481472047976,0.0,0.9733656174334141,False,A,0.0,7798.596633039896,7896.830612354015,98.2339793141191,2,;Alanine and Aspartate Metabolism;Alternate Carbon Metabolism
b0114,b0430,aceE,cyoC,569.3957161878707,7798.596633039896,7896.830612354015,-471.1617368737516,0.9436947696400281,-0.011055823877230808,0.8581964695522434,0.7776142830847725,0.7512481472047976,0.0,0.9733656174334141,False,A,0.0,7798.596633039896,7896.830612354015,98.2339793141191,2,;Alanine and Aspartate Metabolism;Alternate Carbon Metabolism
b0114,b0431,aceE,cyoB,569.3957161878707,7798.596633039896,7896.830612354015,-471.1617368737516,0.9436947696400281,-0.011055823877230808,0.8581964695522434,0.7776142830847725,0.7512481472047976,0.0,0.9733656174334141,False,A,0.0,7798.596633039896,7896.830612354015,98.2339793141191,2,;Alanine and Aspartate Metabolism;Alternate Carbon Metabolism
b0114,b0722,aceE,sdhD,569.3957161878707,3719.237820017231,3899.4239971632583,-389.2095390418435,0.9092462585678875,0.012110734329805917,0.8581964695522434,0.8418157926999568,0.8343903354497776,0.075,0.9505882352941176,False,A,0.0,0.0,0.0,0.0,2,;Alanine and Aspartate Metabolism;Alternate Carbon Metabolism
b0114,b0723,aceE,sdhA,569.3957161878707,3719.237820017231,3899.4239971632583,-389.2095390418435,0.9092462585678875,0.012110734329805917,0.8581964695522434,0.8418157926999568,0.8343903354497776,0.075,0.9505882352941176,False,A,0.0,0.0,0.0,0.0,2,;Alanine and Aspartate Metabolism;Alternate Carbon Metabolism
b0114,b0721,aceE,sdhC,569.3957161878707,3719.237820017231,3899.4239971632583,-389.2095390418435,0.9092462585678875,0.012110734329805917,0.8581964695522434,0.8418157926999568,0.8343903354497776,0.075,0.9505882352941176,False,A,0.0,0.0,0.0,0.0,2,;Alanine and Aspartate Metabolism;Alternate Carbon Metabolism
b0114,b0724,aceE,sdhB,569.3957161878707,3719.237820017231,3899.4239971632583,-389.2095390418435,0.9092462585678875,0.012110734329805917,0.8581964695522434,0.8418157926999568,0.8343903354497776,0.075,0.9505882352941176,False,A,0.0,0.0,0.0,0.0,2,;Alanine and Aspartate Metabolism;Alternate Carbon Metabolism
b0114,b2283,aceE,nuoG,569.3957161878707,3294.285861140926,3294.2858611404486,-569.3957161883482,0.8526287156971131,0.018544544523595108,0.8581964695522434,0.7586431920374903,0.7586431920374949,0.25,0.9759036144578314,False,A,0.0,3294.285861140926,3294.2858611404486,-4.774847184307873e-10,4,;Alanine and Aspartate Metabolism;Alternate Carbon Metabolism
b0114,b2282,aceE,nuoH,569.3957161878707,3294.285861140926,3294.2858611404486,-569.3957161883482,0.8526287156971131,0.018544544523595108,0.8581964695522434,0.7586431920374903,0.7586431920374949,0.25,0.9759036144578314,False,A,0.0,3294.285861140926,3294.2858611404486,-4.774847184307873e-10,4,;Alanine and Aspartate Metabolism;Alternate Carbon Metabolism
b0114,b2281,aceE,nuoI,569.3957161878707,3294.285861140926,3294.2858611404486,-569.3957161883482,0.8526287156971131,0.018544544523595108,0.8581964695522434,0.7586431920374903,0.7586431920374949,0.25,0.9759036144578314,False,A,0.0,3294.285861140926,3294.2858611404486,-4.774847184307873e-10,4,;Alanine and Aspartate Metabolism;Alternate Carbon Metabolism
b0114,b2288,aceE,nuoA,569.3957161878707,3294.285861140926,3294.2858611404486,-569.3957161883482,0.8526287156971131,0.018544544523595108,0.8581964695522434,0.7586431920374903,0.7586431920374949,0.25,0.9759036144578314,False,A,0.0,3294.285861140926,3294.2858611404486,-4.774847184307873e-10,4,;Alanine and Aspartate Metabolism;Alternate Carbon Metabolism
b0114,b2276,aceE,nuoN,569.3957161878707,3294.285861140926,3294.2858611404486,-569.3957161883482,0.8526287156971131,0.018544544523595108,0.8581964695522434,0.7586431920374903,0.7586431920374949,0.25,0.9759036144578314,False,A,0.0,3294.285861140926,3294.2858611404486,-4.774847184307873e-10,4,;Alanine and Aspartate Metabolism;Alternate Carbon Metabolism
b0114,b2277,aceE,nuoM,569.3957161878707,3294.285861140926,3294.2858611404486,-569.3957161883482,0.8526287156971131,0.018544544523595108,0.8581964695522434,0.7586431920374903,0.7586431920374949,0.25,0.9759036144578314,False,A,0.0,3294.285861140926,3294.2858611404486,-4.774847184307873e-10,4,;Alanine and Aspartate Metabolism;Alternate Carbon Metabolism
b0114,b2285,aceE,nuoE,569.3957161878707,3294.285861140926,3294.2858611404486,-569.3957161883482,0.8526287156971131,0.018544544523595108,0.8581964695522434,0.7586431920374903,0.7586431920374949,0.25,0.9759036144578314,False,A,0.0,3294.285861140926,3294.2858611404486,-4.774847184307873e-10,4,;Alanine and Aspartate Metabolism;Alternate Carbon Metabolism
b0114,b2284,aceE,nuoF,569.3957161878707,3294.285861140926,3294.2858611404486,-569.3957161883482,0.8526287156971131,0.018544544523595108,0.8581964695522434,0.7586431920374903,0.7586431920374949,0.25,0.9759036144578314,False,A,0.0,3294.285861140926,3294.2858611404486,-4.774847184307873e-10,4,;Alanine and Aspartate Metabolism;Alternate Carbon Metabolism
b0114,b2278,aceE,nuoL,569.3957161878707,3294.285861140926,3294.2858611404486,-569.3957161883482,0.8526287156971131,0.018544544523595108,0.8581964695522434,0.7586431920374903,0.7586431920374949,0.25,0.9759036144578314,False,A,0.0,3294.285861140926,3294.2858611404486,-4.774847184307873e-10,4,;Alanine and Aspartate Metabolism;Alternate Carbon Metabolism
b0114,b2279,aceE,nuoK,569.3957161878707,3294.285861140926,3294.2858611404486,-569.3957161883482,0.8526287156971131,0.018544544523595108,0.8581964695522434,0.7586431920374903,0.7586431920374949,0.25,0.9759036144578314,False,A,0.0,3294.285861140926,3294.2858611404486,-4.774847184307873e-10,4,;Alanine and Aspartate Metabolism;Alternate Carbon Metabolism
b0114,b2280,aceE,nuoJ,569.3957161878707,3294.285861140926,3294.2858611404486,-569.3957161883482,0.8526287156971131,0.018544544523595108,0.8581964695522434,0.7586431920374903,0.7586431920374949,0.25,0.9759036144578314,False,A,0.0,3294.285861140926,3294.2858611404486,-4.774847184307873e-10,4,;Alanine and Aspartate Metabolism;Alternate Carbon Metabolism
b0114,b2287,aceE,nuoB,569.3957161878707,3294.285861140926,3294.2858611404486,-569.3957161883482,0.8526287156971131,0.018544544523595108,0.8581964695522434,0.7586431920374903,0.7586431920374949,0.25,0.9759036144578314,False,A,0.0,3294.285861140926,3294.2858611404486,-4.774847184307873e-10,4,;Alanine and Aspartate Metabolism;Alternate Carbon Metabolism
b0114,b2286,aceE,nuoC,569.3957161878707,3294.285861140926,3294.2858611404486,-569.3957161883482,0.8526287156971131,0.018544544523595108,0.8581964695522434,0.7586431920374903,0.7586431920374949,0.25,0.9759036144578314,False,A,0.0,3294.285861140926,3294.2858611404486,-4.774847184307873e-10,4,;Alanine and Aspartate Metabolism;Alternate Carbon Metabolism
b1489,b3032,dosP,cpdA,0.0,0.0,0.0,0.0,0.5,-1.140254335396662e-09,0.87699721442697,0.87699721442697,0.87699721442697,0.0,0.0,False,ISO,0.0,0.0,0.0,0.0,2,
b1489,b3525,dosP,yhjH,0.0,0.0,0.0,0.0,0.5,-1.140254335396662e-09,0.87699721442697,0.87699721442697,0.87699721442697,0.0,0.0,False,ISO,0.0,0.0,0.0,0.0,1,
b1489,b2503,dosP,yfgF,0.0,0.0,0.0,0.0,0.5,-1.140254335396662e-09,0.87699721442697,0.87699721442697,0.87699721442697,0.0,0.0,False,ISO,0.0,0.0,0.0,0.0,1,
b0092,b0381,ddlB,ddlA,0.0,0.0,18414.902542344058,18414.902542344058,9207451271172030.0,-1.0000000022805087,0.87699721442697,0.87699721442697,-0.0,0.0,0.0,True,ISO,0.0,0.0,18414.902542344058,18414.902542344058,1,
b2715,b3722,ascF,bglF,0.0,0.0,0.0,0.0,0.5,-1.140254335396662e-09,0.87699721442697,0.87699721442697,0.87699721442697,0.0,0.0,False,ISO,0.0,0.0,0.0,0.0,1,
b1738,b2715,chbB,ascF,0.0,0.0,0.0,0.0,0.5,-1.140254335396662e-09,0.87699721442697,0.87699721442697,0.87699721442697,0.0,0.0,False,ISO,0.0,0.0,0.0,0.0,2,
b1736,b2715,chbA,ascF,0.0,0.0,0.0,0.0,0.5,-1.140254335396662e-09,0.87699721442697,0.87699721442697,0.87699721442697,0.0,0.0,False,ISO,0.0,0.0,0.0,0.0,2,
b1737,b2715,chbC,ascF,0.0,0.0,0.0,0.0,0.5,-1.140254335396662e-09,0.87699721442697,0.87699721442697,0.87699721442697,0.0,0.0,False,ISO,0.0,0.0,0.0,0.0,2,
b2224,b3845,atoB,fadA,0.0,0.0,0.0,0.0,0.5,-1.140254335396662e-09,0.87699721442697,0.87699721442697,0.87699721442697,0.0,0.0,False,ISO,0.0,0.0,0.0,0.0,0,
b2224,b2342,atoB,fadI,0.0,0.0,0.0,0.0,0.5,-1.140254335396662e-09,0.87699721442697,0.87699721442697,0.87699721442697,0.0,0.0,False,ISO,0.0,0.0,0.0,0.0,0,
b0842,b3350,mdfA,kefB,0.0,0.0,0.0,0.0,0.5,-1.140254335396662e-09,0.87699721442697,0.87699721442697,0.87699721442697,0.0,0.0,False,ISO,0.0,0.0,0.0,0.0,0,
b0842,b1216,mdfA,chaA,0.0,0.0,0.0,0.0,0.5,-1.140257444021131e-09,0.87699721442697,0.8769972144269726,0.8769972144269699,0.0,0.0,False,ISO,0.0,0.0,0.0,0.0,2,
b0047,b0842,kefC,mdfA,0.0,0.0,0.0,0.0,0.5,-1.140254335396662e-09,0.87699721442697,0.87699721442697,0.87699721442697,0.0,0.0,False,ISO,0.0,0.0,0.0,0.0,0,
b0047,b3350,kefC,kefB,0.0,0.0,0.0,0.0,0.5,-1.140254335396662e-09,0.87699721442697,0.87699721442697,0.87699721442697,0.0,0.0,False,ISO,0.0,0.0,0.0,0.0,0,
b0047,b1216,kefC,chaA,0.0,0.0,0.0,0.0,0.5,-1.140254335396662e-09,0.87699721442697,0.8769972144269726,0.8769972144269726,0.0,0.0,False,ISO,0.0,0.0,0.0,0.0,1,
b1216,b3350,chaA,kefB,0.0,0.0,0.0,0.0,0.5,-1.140254335396662e-09,0.8769972144269726,0.87699721442697,0.8769972144269726,0.0,0.0,False,ISO,0.0,0.0,0.0,0.0,1,
b0650,b4161,hscC,rsgA,0.0,0.0,0.0,0.0,0.5,-1.140254335396662e-09,0.87699721442697,0.8769972144269701,0.8769972144269701,0.0,0.0,False,ISO,0.0,0.0,0.0,0.0,2,
b1723,b3916,pfkB,pfkA,0.0,1.8722461476583845,244.64534369855957,242.77309755090118,130.6694336128168,-0.006579007609428644,0.87699721442697,0.8769972144269703,0.8712274440863864,0.0,0.0,False,ISO,0.0,0.0,0.0,0.0,3,
b0755,b3612,gpmA,gpmM,0.0,0.0,1127.7210036254337,1127.7210036254337,563860501812717.4,-0.06889891325853903,0.87699721442697,0.87699721442697,0.8165730604910845,0.0,0.0,False,ISO,0.0,0.0,1127.7210036254337,1127.7210036254337,1,
b3919,b4394,tpiA,yjjX,871.9980214793411,0.0,871.9980214793411,0.0,0.9999999999999988,-1.0950930162678674e-09,0.8422625567901132,0.87699721442697,0.8422625567901132,0.0,0.0,False,X,0.0,0.0,0.0,0.0,3,
b3919,b0429,tpiA,cyoD,871.9980214793411,7798.596633039896,9243.655845298705,573.0611907794673,1.0660924900324777,-0.0160083902155026,0.8422625567901132,0.7776142830847725,0.7327765077399718,0.0,0.9370629370629371,False,A,0.0,7798.596633039896,9243.655845298705,1445.0592122588087,2,;Alanine and Aspartate Metabolism;Alternate Carbon Metabolism
b3919,b0432,tpiA,cyoA,871.9980214793411,7798.596633039896,9243.655845298705,573.0611907794673,1.0660924900324777,-0.0160083902155026,0.8422625567901132,0.7776142830847725,0.7327765077399718,0.0,0.9370629370629371,False,A,0.0,7798.596633039896,9243.655845298705,1445.0592122588087,2,;Alanine and Aspartate Metabolism;Alternate Carbon Metabolism
b3919,b0430,tpiA,cyoC,871.9980214793411,7798.596633039896,9243.655845298705,573.0611907794673,1.0660924900324777,-0.0160083902155026,0.8422625567901132,0.7776142830847725,0.7327765077399718,0.0,0.9370629370629371,False,A,0.0,7798.596633039896,9243.655845298705,1445.0592122588087,2,;Alanine and Aspartate Metabolism;Alternate Carbon Metabolism
b3919,b0431,tpiA,cyoB,871.9980214793411,7798.596633039896,9243.655845298705,573.0611907794673,1.0660924900324777,-0.0160083902155026,0.8422625567901132,0.7776142830847725,0.7327765077399718,0.0,0.9370629370629371,False,A,0.0,7798.596633039896,9243.655845298705,1445.0592122588087,2,;Alanine and Aspartate Metabolism;Alternate Carbon Metabolism
b3919,b0722,tpiA,sdhD,871.9980214793411,3719.237820017231,4454.654111728328,-136.5817297682447,0.9702516415005759,0.027640419774923042,0.8422625567901132,0.8418157926999568,0.8327151147683588,0.5555555555555556,0.9835680751173709,False,A,0.0,0.0,4454.654111728328,4454.654111728328,2,;Alanine and Aspartate Metabolism;Alternate Carbon Metabolism
b3919,b0723,tpiA,sdhA,871.9980214793411,3719.237820017231,4454.654111728328,-136.5817297682447,0.9702516415005759,0.027640419774923042,0.8422625567901132,0.8418157926999568,0.8327151147683588,0.5555555555555556,0.9835680751173709,False,A,0.0,0.0,4454.654111728328,4454.654111728328,2,;Alanine and Aspartate Metabolism;Alternate Carbon Metabolism
b3919,b0721,tpiA,sdhC,871.9980214793411,3719.237820017231,4454.654111728328,-136.5817297682447,0.9702516415005759,0.027640419774923042,0.8422625567901132,0.8418157926999568,0.8327151147683588,0.5555555555555556,0.9835680751173709,False,A,0.0,0.0,4454.654111728328,4454.654111728328,2,;Alanine and Aspartate Metabolism;Alternate Carbon Metabolism
b3919,b0724,tpiA,sdhB,871.9980214793411,3719.237820017231,4454.654111728328,-136.5817297682447,0.9702516415005759,0.027640419774923042,0.8422625567901132,0.8418157926999568,0.8327151147683588,0.5555555555555556,0.9835680751173709,False,A,0.0,0.0,4454.654111728328,4454.654111728328,2,;Alanine and Aspartate Metabolism;Alternate Carbon Metabolism
b3919,b2283,tpiA,nuoG,871.9980214793411,3294.285861140926,4495.367129200312,329.0832465800445,1.0789872355920875,-0.005674697301084497,0.8422625567901132,0.7586431920374903,0.7236194122128241,0.061224489795918366,0.930715935334873,False,A,0.0,3294.285861140926,4495.367129200312,1201.0812680593858,4,;Alanine and Aspartate Metabolism;Alternate Carbon Metabolism
b3919,b2282,tpiA,nuoH,871.9980214793411,3294.285861140926,4495.367129200312,329.0832465800445,1.0789872355920875,-0.005674697301084497,0.8422625567901132,0.7586431920374903,0.7236194122128241,0.061224489795918366,0.930715935334873,False,A,0.0,3294.285861140926,4495.367129200312,1201.0812680593858,4,;Alanine and Aspartate Metabolism;Alternate Carbon Metabolism
b3919,b2281,tpiA,nuoI,871.9980214793411,3294.285861140926,4495.367129200312,329.0832465800445,1.0789872355920875,-0.005674697301084497,0.8422625567901132,0.7586431920374903,0.7236194122128241,0.061224489795918366,0.930715935334873,False,A,0.0,3294.285861140926,4495.367129200312,1201.0812680593858,4,;Alanine and Aspartate Metabolism;Alternate Carbon Metabolism
b3919,b2288,tpiA,nuoA,871.9980214793411,3294.285861140926,4495.367129200312,329.0832465800445,1.0789872355920875,-0.005674697301084497,0.8422625567901132,0.7586431920374903,0.7236194122128241,0.061224489795918366,0.930715935334873,False,A,0.0,3294.285861140926,4495.367129200312,1201.0812680593858,4,;Alanine and Aspartate Metabolism;Alternate Carbon Metabolism
b3919,b2276,tpiA,nuoN,871.9980214793411,3294.285861140926,4495.367129200312,329.0832465800445,1.0789872355920875,-0.005674697301084497,0.8422625567901132,0.7586431920374903,0.7236194122128241,0.061224489795918366,0.930715935334873,False,A,0.0,3294.285861140926,4495.367129200312,1201.0812680593858,4,;Alanine and Aspartate Metabolism;Alternate Carbon Metabolism
b3919,b2277,tpiA,nuoM,871.9980214793411,3294.285861140926,4495.367129200312,329.0832465800445,1.0789872355920875,-0.005674697301084497,0.8422625567901132,0.7586431920374903,0.7236194122128241,0.061224489795918366,0.930715935334873,False,A,0.0,3294.285861140926,4495.367129200312,1201.0812680593858,4,;Alanine and Aspartate Metabolism;Alternate Carbon Metabolism
b3919,b2285,tpiA,nuoE,871.9980214793411,3294.285861140926,4495.367129200312,329.0832465800445,1.0789872355920875,-0.005674697301084497,0.8422625567901132,0.7586431920374903,0.7236194122128241,0.061224489795918366,0.930715935334873,False,A,0.0,3294.285861140926,4495.367129200312,1201.0812680593858,4,;Alanine and Aspartate Metabolism;Alternate Carbon Metabolism
b3919,b2284,tpiA,nuoF,871.9980214793411,3294.285861140926,4495.367129200312,329.0832465800445,1.0789872355920875,-0.005674697301084497,0.8422625567901132,0.7586431920374903,0.7236194122128241,0.061224489795918366,0.930715935334873,False,A,0.0,3294.285861140926,4495.367129200312,1201.0812680593858,4,;Alanine and Aspartate Metabolism;Alternate Carbon Metabolism
b3919,b2278,tpiA,nuoL,871.9980214793411,3294.285861140926,4495.367129200312,329.0832465800445,1.0789872355920875,-0.005674697301084497,0.8422625567901132,0.7586431920374903,0.7236194122128241,0.061224489795918366,0.930715935334873,False,A,0.0,3294.285861140926,4495.367129200312,1201.0812680593858,4,;Alanine and Aspartate Metabolism;Alternate Carbon Metabolism
b3919,b2279,tpiA,nuoK,871.9980214793411,3294.285861140926,4495.367129200312,329.0832465800445,1.0789872355920875,-0.005674697301084497,0.8422625567901132,0.7586431920374903,0.7236194122128241,0.061224489795918366,0.930715935334873,False,A,0.0,3294.285861140926,4495.367129200312,1201.0812680593858,4,;Alanine and Aspartate Metabolism;Alternate Carbon Metabolism
b3919,b2280,tpiA,nuoJ,871.9980214793411,3294.285861140926,4495.367129200312,329.0832465800445,1.0789872355920875,-0.005674697301084497,0.8422625567901132,0.7586431920374903,0.7236194122128241,0.061224489795918366,0.930715935334873,False,A,0.0,3294.285861140926,4495.367129200312,1201.0812680593858,4,;Alanine and Aspartate Metabolism;Alternate Carbon Metabolism
b3919,b2287,tpiA,nuoB,871.9980214793411,3294.285861140926,4495.367129200312,329.0832465800445,1.0789872355920875,-0.005674697301084497,0.8422625567901132,0.7586431920374903,0.7236194122128241,0.061224489795918366,0.930715935334873,False,A,0.0,3294.285861140926,4495.367129200312,1201.0812680593858,4,;Alanine and Aspartate Metabolism;Alternate Carbon Metabolism
b3919,b2286,tpiA,nuoC,871.9980214793411,3294.285861140926,4495.367129200312,329.0832465800445,1.0789872355920875,-0.005674697301084497,0.8422625567901132,0.7586431920374903,0.7236194122128241,0.061224489795918366,0.930715935334873,False,A,0.0,3294.285861140926,4495.367129200312,1201.0812680593858,4,;Alanine and Aspartate Metabolism;Alternate Carbon Metabolism
b3919,b0401,tpiA,brnQ,871.9980214793411,0.0,871.9980214793345,-6.59383658785373e-12,0.9999999999999912,-1.0950930162678674e-09,0.8422625567901132,0.8769972144269699,0.8422625567901132,0.0,0.0,False,X,0.0,0.0,0.0,0.0,4,
b3919,b2682,tpiA,ygaZ,871.9980214793411,0.0,871.9980214793411,0.0,0.9999999999999988,-1.0950930162678674e-09,0.8422625567901132,0.87699721442697,0.8422625567901132,0.0,0.0,False,X,0.0,0.0,0.0,0.0,1,
b2914,b4090,rpiA,rpiB,0.0,0.0,4454.1151601174515,4454.1151601174515,2227057580058726.2,-0.6410487722829697,0.87699721442697,0.87699721442697,0.314799228464025,0.0,0.0,False,ISO,0.0,0.0,4454.1151601174515,4454.1151601174515,2,
b0813,b3823,rhtA,rhtC,0.0,0.0,0.0,0.0,0.5,-1.1402541133520572e-09,0.87699721442697,0.87699721442697,0.8769972144269701,0.0,0.0,False,ISO,0.0,0.0,0.0,0.0,1,
b0813,b3824,rhtA,rhtB,0.0,0.0,0.0,0.0,0.5,-1.1402541133520572e-09,0.87699721442697,0.87699721442697,0.8769972144269701,0.0,0.0,False,ISO,0.0,0.0,0.0,0.0,1,
b3001,b3012,yghZ,dkgA,0.0,0.0,0.0,0.0,0.5,-1.140254335396662e-09,0.87699721442697,0.87699721442697,0.87699721442697,0.0,0.0,False,ISO,0.0,0.0,0.0,0.0,0,
b1781,b3012,yeaE,dkgA,0.0,0.0,0.0,0.0,0.5,-1.140254335396662e-09,0.87699721442697,0.87699721442697,0.87699721442697,0.0,0.0,False,ISO,0.0,0.0,0.0,0.0,0,
b1781,b3001,yeaE,yghZ,0.0,0.0,0.0,0.0,0.5,-1.140254335396662e-09,0.87699721442697,0.87699721442697,0.87699721442697,0.0,0.0,False,ISO,0.0,0.0,0.0,0.0,0,
b3630,b4394,waaP,yjjX,0.0,0.0,0.0,0.0,0.5,-1.140254335396662e-09,0.87699721442697,0.87699721442697,0.87699721442697,0.0,0.0,False,B,0.0,0.0,0.0,0.0,3,
b3630,b2146,waaP,preT,0.0,0.0,0.0,0.0,0.5,-1.140254335396662e-09,0.87699721442697,0.87699721442697,0.87699721442697,0.0,0.0,False,B,0.0,0.0,0.0,0.0,2,
b3630,b0832,waaP,gsiD,0.0,0.0,0.0,0.0,0.5,-1.1402541133520572e-09,0.87699721442697,0.8769972144269701,0.8769972144269702,0.0,0.0,False,B,0.0,0.0,0.0,0.0,2,
b3630,b3396,waaP,mrcA,0.0,0.0,0.0,0.0,0.5,-1.140254335396662e-09,0.87699721442697,0.87699721442697,0.87699721442697,0.0,0.0,False,B,0.0,0.0,0.0,0.0,1,
b3630,b0722,waaP,sdhD,0.0,3719.237820017231,3719.2378200163703,-8.608367352280766e-10,0.9999999999997683,-1.0945400141793016e-09,0.87699721442697,0.8418157926999568,0.8418157926999322,0.0,0.0,False,X,0.0,0.0,0.0,0.0,2,
b3630,b0681,waaP,chiP,0.0,0.0,0.0,0.0,0.5,-1.140254335396662e-09,0.87699721442697,0.87699721442697,0.87699721442697,0.0,0.0,False,B,0.0,0.0,0.0,0.0,1,
b3630,b1473,waaP,yddG,0.0,0.0,0.0,0.0,0.5,-1.1402554456196867e-09,0.87699721442697,0.8769972144269699,0.876997214426969,0.0,0.0,False,B,0.0,0.0,0.0,0.0,4,
b3630,b0401,waaP,brnQ,0.0,0.0,0.0,0.0,0.5,-1.1402541133520572e-09,0.87699721442697,0.8769972144269699,0.8769972144269701,0.0,0.0,False,B,0.0,0.0,0.0,0.0,4,
b3630,b2842,waaP,kduD,0.0,0.0,0.0,0.0,0.5,-1.140254335396662e-09,0.87699721442697,0.87699721442697,0.87699721442697,0.0,0.0,False,B,0.0,0.0,0.0,0.0,1,
b3630,b4101,waaP,phnG,0.0,0.0,0.0,0.0,0.5,-1.140254335396662e-09,0.87699721442697,0.87699721442697,0.87699721442697,0.0,0.0,False,B,0.0,0.0,0.0,0.0,2,
b3630,b2682,waaP,ygaZ,0.0,0.0,0.0,0.0,0.5,-1.140254335396662e-09,0.87699721442697,0.87699721442697,0.87699721442697,0.0,0.0,False,B,0.0,0.0,0.0,0.0,1,
b1680,b2810,sufS,csdA,0.0,0.0,0.0,0.0,0.5,-1.140254335396662e-09,0.8769972144269701,0.87699721442697,0.8769972144269701,0.0,0.0,False,ISO,0.0,0.0,0.0,0.0,5,
b1533,b2578,eamA,eamB,0.0,0.0,0.0,0.0,0.5,-1.1402538913074522e-09,0.8769972144269701,0.87699721442697,0.8769972144269705,0.0,0.0,False,ISO,0.0,0.0,0.0,0.0,3,
b4394,b2146,yjjX,preT,0.0,0.0,0.0,0.0,0.5,-1.140254335396662e-09,0.87699721442697,0.87699721442697,0.87699721442697,0.0,0.0,False,B,0.0,0.0,0.0,0.0,3,
b4394,b0832,yjjX,gsiD,0.0,0.0,0.0,0.0,0.5,-1.140254335396662e-09,0.87699721442697,0.8769972144269701,0.8769972144269701,0.0,0.0,False,B,0.0,0.0,0.0,0.0,3,
b4394,b3396,yjjX,mrcA,0.0,0.0,0.0,0.0,0.5,-1.140254335396662e-09,0.87699721442697,0.87699721442697,0.87699721442697,0.0,0.0,False,B,0.0,0.0,0.0,0.0,2,
b4394,b0432,yjjX,cyoA,0.0,7798.596633039896,7798.596633039896,0.0,0.9999999999999999,-1.011038586185009e-09,0.87699721442697,0.7776142830847725,0.7776142830847725,0.0,0.0,False,X,0.0,7798.596633039896,7798.596633039896,0.0,3,
b4394,b2278,yjjX,nuoL,0.0,3294.285861140926,3294.285861140926,0.0,0.9999999999999998,-9.86372761246912e-10,0.87699721442697,0.7586431920374903,0.7586431920374903,0.0,0.0,False,X,0.0,3294.285861140926,3294.285861140926,0.0,5,
b4394,b2287,yjjX,nuoB,0.0,3294.285861140926,3294.285861140926,0.0,0.9999999999999998,-9.86372761246912e-10,0.87699721442697,0.7586431920374903,0.7586431920374903,0.0,0.0,False,X,0.0,3294.285861140926,3294.285861140926,0.0,5,
b4394,b0681,yjjX,chiP,0.0,0.0,0.0,0.0,0.5,-1.140254335396662e-09,0.87699721442697,0.87699721442697,0.87699721442697,0.0,0.0,False,B,0.0,0.0,0.0,0.0,2,
b4394,b1473,yjjX,yddG,0.0,0.0,0.0,0.0,0.5,-1.140254335396662e-09,0.87699721442697,0.8769972144269699,0.8769972144269699,0.0,0.0,False,B,0.0,0.0,0.0,0.0,5,
b4394,b0401,yjjX,brnQ,0.0,0.0,0.0,0.0,0.5,-1.140254335396662e-09,0.87699721442697,0.8769972144269699,0.8769972144269699,0.0,0.0,False,B,0.0,0.0,0.0,0.0,5,
b4394,b2842,yjjX,kduD,0.0,0.0,0.0,0.0,0.5,-1.140254335396662e-09,0.87699721442697,0.87699721442697,0.87699721442697,0.0,0.0,False,B,0.0,0.0,0.0,0.0,2,
b4394,b4101,yjjX,phnG,0.0,0.0,0.0,0.0,0.5,-1.140254335396662e-09,0.87699721442697,0.87699721442697,0.87699721442697,0.0,0.0,False,B,0.0,0.0,0.0,0.0,3,
b4394,b2682,yjjX,ygaZ,0.0,0.0,0.0,0.0,0.5,-1.140254335396662e-09,0.87699721442697,0.87699721442697,0.87699721442697,0.0,0.0,False,B,0.0,0.0,0.0,0.0,2,
b2146,b0832,preT,gsiD,0.0,0.0,0.0,0.0,0.5,-1.140254335396662e-09,0.87699721442697,0.8769972144269701,0.8769972144269701,0.0,0.0,False,B,0.0,0.0,0.0,0.0,2,
b2146,b3396,preT,mrcA,0.0,0.0,0.0,0.0,0.5,-1.140254335396662e-09,0.87699721442697,0.87699721442697,0.87699721442697,0.0,0.0,False,B,0.0,0.0,0.0,0.0,1,
b2146,b0429,preT,cyoD,0.0,7798.596633039896,7798.596633039896,0.0,0.9999999999999999,-1.011038586185009e-09,0.87699721442697,0.7776142830847725,0.7776142830847725,0.0,0.0,False,X,0.0,7798.596633039896,7798.596633039896,0.0,2,
b2146,b0722,preT,sdhD,0.0,3719.237820017231,3719.237820017231,0.0,0.9999999999999998,-1.0945121475813835e-09,0.87699721442697,0.8418157926999568,0.8418157926999568,0.0,0.0,False,X,0.0,0.0,0.0,0.0,2,
b2146,b2285,preT,nuoE,0.0,3294.285861140926,3294.285861140926,0.0,0.9999999999999998,-9.86372761246912e-10,0.87699721442697,0.7586431920374903,0.7586431920374903,0.0,0.0,False,X,0.0,3294.285861140926,3294.285861140926,0.0,4,
b2146,b2279,preT,nuoK,0.0,3294.285861140926,3294.285861140926,0.0,0.9999999999999998,-9.86372761246912e-10,0.87699721442697,0.7586431920374903,0.7586431920374903,0.0,0.0,False,X,0.0,3294.285861140926,3294.285861140926,0.0,4,
b2146,b0681,preT,chiP,0.0,0.0,0.0,0.0,0.5,-1.140254335396662e-09,0.87699721442697,0.87699721442697,0.87699721442697,0.0,0.0,False,B,0.0,0.0,0.0,0.0,1,
b2146,b1473,preT,yddG,0.0,0.0,0.0,0.0,0.5,-1.140254335396662e-09,0.87699721442697,0.8769972144269699,0.8769972144269699,0.0,0.0,False,B,0.0,0.0,0.0,0.0,4,
b2146,b0401,preT,brnQ,0.0,0.0,0.0,0.0,0.5,-1.140254335396662e-09,0.87699721442697,0.8769972144269699,0.8769972144269699,0.0,0.0,False,B,0.0,0.0,0.0,0.0,4,
b2146,b2842,preT,kduD,0.0,0.0,0.0,0.0,0.5,-1.140254335396662e-09,0.87699721442697,0.87699721442697,0.87699721442697,0.0,0.0,False,B,0.0,0.0,0.0,0.0,1,
b2146,b4101,preT,phnG,0.0,0.0,0.0,0.0,0.5,-1.140254335396662e-09,0.87699721442697,0.87699721442697,0.87699721442697,0.0,0.0,False,B,0.0,0.0,0.0,0.0,2,
b2146,b2682,preT,ygaZ,0.0,0.0,0.0,0.0,0.5,-1.140254335396662e-09,0.87699721442697,0.87699721442697,0.87699721442697,0.0,0.0,False,B,0.0,0.0,0.0,0.0,1,
b0693,b2965,speF,speC,0.0,0.0,0.0,0.0,0.5,-1.1402541133520572e-09,0.87699721442697,0.87699721442697,0.8769972144269701,0.0,0.0,False,ISO,0.0,0.0,0.0,0.0,1,
b1006,b2497,rutG,uraA,0.0,0.0,0.0,0.0,0.5,-1.1402541133520572e-09,0.87699721442697,0.87699721442697,0.8769972144269701,0.0,0.0,False,ISO,0.0,0.0,0.0,0.0,1,
b1484,b3543,ddpD,dppB,0.0,0.0,0.0,0.0,0.5,-1.140254335396662e-09,0.87699721442697,0.87699721442697,0.87699721442697,0.0,0.0,False,ISO,0.0,0.0,0.0,0.0,3,
b1484,b3542,ddpD,dppC,0.0,0.0,0.0,0.0,0.5,-1.140254335396662e-09,0.87699721442697,0.87699721442697,0.87699721442697,0.0,0.0,False,ISO,0.0,0.0,0.0,0.0,3,
b1484,b3541,ddpD,dppD,0.0,0.0,0.0,0.0,0.5,-1.140254335396662e-09,0.87699721442697,0.87699721442697,0.87699721442697,0.0,0.0,False,ISO,0.0,0.0,0.0,0.0,3,
b1484,b3540,ddpD,dppF,0.0,0.0,0.0,0.0,0.5,-1.140254335396662e-09,0.87699721442697,0.87699721442697,0.87699721442697,0.0,0.0,False,ISO,0.0,0.0,0.0,0.0,3,
b1484,b3544,ddpD,dppA,0.0,0.0,0.0,0.0,0.5,-1.140254335396662e-09,0.87699721442697,0.87699721442697,0.87699721442697,0.0,0.0,False,ISO,0.0,0.0,0.0,0.0,3,
b1485,b3543,ddpC,dppB,0.0,0.0,0.0,0.0,0.5,-1.140254335396662e-09,0.87699721442697,0.87699721442697,0.87699721442697,0.0,0.0,False,ISO,0.0,0.0,0.0,0.0,3,
b1485,b3542,ddpC,dppC,0.0,0.0,0.0,0.0,0.5,-1.140254335396662e-09,0.87699721442697,0.87699721442697,0.87699721442697,0.0,0.0,False,ISO,0.0,0.0,0.0,0.0,3,
b1485,b3541,ddpC,dppD,0.0,0.0,0.0,0.0,0.5,-1.140254335396662e-09,0.87699721442697,0.87699721442697,0.87699721442697,0.0,0.0,False,ISO,0.0,0.0,0.0,0.0,3,
b1485,b3540,ddpC,dppF,0.0,0.0,0.0,0.0,0.5,-1.140254335396662e-09,0.87699721442697,0.87699721442697,0.87699721442697,0.0,0.0,False,ISO,0.0,0.0,0.0,0.0,3,
b1485,b3544,ddpC,dppA,0.0,0.0,0.0,0.0,0.5,-1.140254335396662e-09,0.87699721442697,0.87699721442697,0.87699721442697,0.0,0.0,False,ISO,0.0,0.0,0.0,0.0,3,
b1486,b3543,ddpB,dppB,0.0,0.0,0.0,0.0,0.5,-1.140254335396662e-09,0.87699721442697,0.87699721442697,0.87699721442697,0.0,0.0,False,ISO,0.0,0.0,0.0,0.0,3,
b1486,b3542,ddpB,dppC,0.0,0.0,0.0,0.0,0.5,-1.140254335396662e-09,0.87699721442697,0.87699721442697,0.87699721442697,0.0,0.0,False,ISO,0.0,0.0,0.0,0.0,3,
b1486,b3541,ddpB,dppD,0.0,0.0,0.0,0.0,0.5,-1.140254335396662e-09,0.87699721442697,0.87699721442697,0.87699721442697,0.0,0.0,False,ISO,0.0,0.0,0.0,0.0,3,
b1486,b3540,ddpB,dppF,0.0,0.0,0.0,0.0,0.5,-1.140254335396662e-09,0.87699721442697,0.87699721442697,0.87699721442697,0.0,0.0,False,ISO,0.0,0.0,0.0,0.0,3,
b1486,b3544,ddpB,dppA,0.0,0.0,0.0,0.0,0.5,-1.140254335396662e-09,0.87699721442697,0.87699721442697,0.87699721442697,0.0,0.0,False,ISO,0.0,0.0,0.0,0.0,3,
b1487,b3543,ddpA,dppB,0.0,0.0,0.0,0.0,0.5,-1.140254335396662e-09,0.87699721442697,0.87699721442697,0.87699721442697,0.0,0.0,False,ISO,0.0,0.0,0.0,0.0,3,
b1487,b3542,ddpA,dppC,0.0,0.0,0.0,0.0,0.5,-1.140254335396662e-09,0.87699721442697,0.87699721442697,0.87699721442697,0.0,0.0,False,ISO,0.0,0.0,0.0,0.0,3,
b1487,b3541,ddpA,dppD,0.0,0.0,0.0,0.0,0.5,-1.140254335396662e-09,0.87699721442697,0.87699721442697,0.87699721442697,0.0,0.0,False,ISO,0.0,0.0,0.0,0.0,3,
b1487,b3540,ddpA,dppF,0.0,0.0,0.0,0.0,0.5,-1.140254335396662e-09,0.87699721442697,0.87699721442697,0.87699721442697,0.0,0.0,False,ISO,0.0,0.0,0.0,0.0,3,
b1487,b3544,ddpA,dppA,0.0,0.0,0.0,0.0,0.5,-1.140254335396662e-09,0.87699721442697,0.87699721442697,0.87699721442697,0.0,0.0,False,ISO,0.0,0.0,0.0,0.0,3,
b1483,b3543,ddpF,dppB,0.0,0.0,0.0,0.0,0.5,-1.140254335396662e-09,0.87699721442697,0.87699721442697,0.87699721442697,0.0,0.0,False,ISO,0.0,0.0,0.0,0.0,3,
b1483,b3542,ddpF,dppC,0.0,0.0,0.0,0.0,0.5,-1.140254335396662e-09,0.87699721442697,0.87699721442697,0.87699721442697,0.0,0.0,False,ISO,0.0,0.0,0.0,0.0,3,
b1483,b3541,ddpF,dppD,0.0,0.0,0.0,0.0,0.5,-1.140254335396662e-09,0.87699721442697,0.87699721442697,0.87699721442697,0.0,0.0,False,ISO,0.0,0.0,0.0,0.0,3,
b1483,b3540,ddpF,dppF,0.0,0.0,0.0,0.0,0.5,-1.140254335396662e-09,0.87699721442697,0.87699721442697,0.87699721442697,0.0,0.0,False,ISO,0.0,0.0,0.0,0.0,3,
b1483,b3544,ddpF,dppA,0.0,0.0,0.0,0.0,0.5,-1.140254335396662e-09,0.87699721442697,0.87699721442697,0.87699721442697,0.0,0.0,False,ISO,0.0,0.0,0.0,0.0,3,
b0832,b3396,gsiD,mrcA,0.0,0.0,0.0,0.0,0.5,-1.140254335396662e-09,0.8769972144269701,0.87699721442697,0.8769972144269701,0.0,0.0,False,B,0.0,0.0,0.0,0.0,1,
b0832,b0722,gsiD,sdhD,0.0,3719.237820017231,3719.2378200168514,-3.7971403799019754e-10,0.9999999999998976,-1.0945193640310436e-09,0.8769972144269701,0.8418157926999568,0.8418157926999505,0.0,0.0,False,X,0.0,0.0,0.0,0.0,2,
b0832,b0721,gsiD,sdhC,0.0,3719.237820017231,3719.2378200168514,-3.7971403799019754e-10,0.9999999999998976,-1.0945193640310436e-09,0.8769972144269701,0.8418157926999568,0.8418157926999505,0.0,0.0,False,X,0.0,0.0,0.0,0.0,2,
b0832,b2279,gsiD,nuoK,0.0,3294.285861140926,3294.285861140381,-5.452420737128705e-10,0.9999999999998342,-9.86372761246912e-10,0.8769972144269701,0.7586431920374903,0.7586431920374905,0.0,0.0,False,X,0.0,3294.285861140926,3294.285861140381,-5.452420737128705e-10,4,
b0832,b0681,gsiD,chiP,0.0,0.0,0.0,0.0,0.5,-1.140254335396662e-09,0.8769972144269701,0.87699721442697,0.8769972144269701,0.0,0.0,False,B,0.0,0.0,0.0,0.0,1,
b0832,b1473,gsiD,yddG,0.0,0.0,0.0,0.0,0.5,-1.140254779485872e-09,0.8769972144269701,0.8769972144269699,0.8769972144269698,0.0,0.0,False,B,0.0,0.0,0.0,0.0,4,
b0832,b0401,gsiD,brnQ,0.0,0.0,0.0,0.0,0.5,-1.1402541133520572e-09,0.8769972144269701,0.8769972144269699,0.8769972144269703,0.0,0.0,False,B,0.0,0.0,0.0,0.0,4,
b0832,b2842,gsiD,kduD,0.0,0.0,0.0,0.0,0.5,-1.140254335396662e-09,0.8769972144269701,0.87699721442697,0.8769972144269701,0.0,0.0,False,B,0.0,0.0,0.0,0.0,1,
b0832,b4101,gsiD,phnG,0.0,0.0,0.0,0.0,0.5,-1.140254335396662e-09,0.8769972144269701,0.87699721442697,0.8769972144269701,0.0,0.0,False,B,0.0,0.0,0.0,0.0,2,
b0832,b2682,gsiD,ygaZ,0.0,0.0,0.0,0.0,0.5,-1.140254335396662e-09,0.8769972144269701,0.87699721442697,0.8769972144269701,0.0,0.0,False,B,0.0,0.0,0.0,0.0,1,
b0789,b1249,clsB,clsA,0.0,0.0,0.0,0.0,0.5,-1.1402541133520572e-09,0.87699721442697,0.87699721442697,0.8769972144269701,0.0,0.0,False,ISO,0.0,0.0,0.0,0.0,7,
b0418,b1278,pgpA,pgpB,0.0,0.0,0.0,0.0,0.5,-1.140254557441267e-09,0.87699721442697,0.87699721442697,0.8769972144269697,0.0,0.0,False,ISO,0.0,0.0,0.0,0.0,28,
b0805,b2155,fiu,cirA,0.0,0.0,0.0,0.0,0.5,-1.140254335396662e-09,0.87699721442697,0.87699721442697,0.87699721442697,0.0,0.0,False,ISO,0.0,0.0,0.0,0.0,1,
b2010,b3182,dacD,dacB,0.0,0.0,0.0,0.0,0.5,-1.140254335396662e-09,0.87699721442697,0.87699721442697,0.87699721442697,0.0,0.0,False,ISO,0.0,0.0,0.0,0.0,0,
b2010,b2430,dacD,yfeW,0.0,0.0,0.0,0.0,0.5,-1.140254335396662e-09,0.87699721442697,0.87699721442697,0.87699721442697,0.0,0.0,False,ISO,0.0,0.0,0.0,0.0,0,
b0839,b3182,dacC,dacB,0.0,0.0,0.0,0.0,0.5,-1.140254335396662e-09,0.87699721442697,0.87699721442697,0.87699721442697,0.0,0.0,False,ISO,0.0,0.0,0.0,0.0,0,
b0839,b2010,dacC,dacD,0.0,0.0,0.0,0.0,0.5,-1.140254335396662e-09,0.87699721442697,0.87699721442697,0.87699721442697,0.0,0.0,False,ISO,0.0,0.0,0.0,0.0,0,
b0839,b2430,dacC,yfeW,0.0,0.0,0.0,0.0,0.5,-1.140254335396662e-09,0.87699721442697,0.87699721442697,0.87699721442697,0.0,0.0,False,ISO,0.0,0.0,0.0,0.0,0,
b2430,b3182,yfeW,dacB,0.0,0.0,0.0,0.0,0.5,-1.140254335396662e-09,0.87699721442697,0.87699721442697,0.87699721442697,0.0,0.0,False,ISO,0.0,0.0,0.0,0.0,0,
b0632,b3182,dacA,dacB,0.0,0.0,0.0,0.0,0.5,-1.140254335396662e-09,0.87699721442697,0.87699721442697,0.87699721442697,0.0,0.0,False,ISO,0.0,0.0,0.0,0.0,0,
b0632,b2010,dacA,dacD,0.0,0.0,0.0,0.0,0.5,-1.140254335396662e-09,0.87699721442697,0.87699721442697,0.87699721442697,0.0,0.0,False,ISO,0.0,0.0,0.0,0.0,0,
b0632,b0839,dacA,dacC,0.0,0.0,0.0,0.0,0.5,-1.140254335396662e-09,0.87699721442697,0.87699721442697,0.87699721442697,0.0,0.0,False,ISO,0.0,0.0,0.0,0.0,0,
b0632,b2430,dacA,yfeW,0.0,0.0,0.0,0.0,0.5,-1.140254335396662e-09,0.87699721442697,0.87699721442697,0.87699721442697,0.0,0.0,False,ISO,0.0,0.0,0.0,0.0,0,
b0376,b2175,ampH,mepS,0.0,0.0,0.0,0.0,0.5,-1.140254335396662e-09,0.87699721442697,0.8769972144269703,0.8769972144269703,0.0,0.0,False,ISO,0.0,0.0,0.0,0.0,2,
b0376,b3182,ampH,dacB,0.0,0.0,0.0,0.0,0.5,-1.140254335396662e-09,0.87699721442697,0.87699721442697,0.87699721442697,0.0,0.0,False,ISO,0.0,0.0,0.0,0.0,0,
b0376,b2010,ampH,dacD,0.0,0.0,0.0,0.0,0.5,-1.140254335396662e-09,0.87699721442697,0.87699721442697,0.87699721442697,0.0,0.0,False,ISO,0.0,0.0,0.0,0.0,0,
b0376,b0839,ampH,dacC,0.0,0.0,0.0,0.0,0.5,-1.140254335396662e-09,0.87699721442697,0.87699721442697,0.87699721442697,0.0,0.0,False,ISO,0.0,0.0,0.0,0.0,0,
b0376,b2430,ampH,yfeW,0.0,0.0,0.0,0.0,0.5,-1.140254335396662e-09,0.87699721442697,0.87699721442697,0.87699721442697,0.0,0.0,False,ISO,0.0,0.0,0.0,0.0,0,
b0376,b0632,ampH,dacA,0.0,0.0,0.0,0.0,0.5,-1.140254335396662e-09,0.87699721442697,0.87699721442697,0.87699721442697,0.0,0.0,False,ISO,0.0,0.0,0.0,0.0,0,
b0376,b2328,ampH,mepA,0.0,0.0,0.0,0.0,0.5,-1.140254335396662e-09,0.87699721442697,0.8769972144269701,0.8769972144269701,0.0,0.0,False,ISO,0.0,0.0,0.0,0.0,2,
b0376,b2134,ampH,pbpG,0.0,0.0,0.0,0.0,0.5,-1.140254335396662e-09,0.87699721442697,0.87699721442697,0.87699721442697,0.0,0.0,False,ISO,0.0,0.0,0.0,0.0,0,
b0376,b1655,ampH,mepH,0.0,0.0,0.0,0.0,0.5,-1.140254335396662e-09,0.87699721442697,0.87699721442697,0.87699721442697,0.0,0.0,False,ISO,0.0,0.0,0.0,0.0,0,
b0376,b1856,ampH,mepM,0.0,0.0,0.0,0.0,0.5,-1.140254335396662e-09,0.87699721442697,0.87699721442697,0.87699721442697,0.0,0.0,False,ISO,0.0,0.0,0.0,0.0,0,
b2519,b3396,pbpC,mrcA,0.0,0.0,0.0,0.0,0.5,-1.140254335396662e-09,0.87699721442697,0.87699721442697,0.87699721442697,0.0,0.0,False,ISO,0.0,0.0,0.0,0.0,0,
b2519,b3208,pbpC,mtgA,0.0,0.0,0.0,0.0,0.5,-1.140254335396662e-09,0.87699721442697,0.87699721442697,0.87699721442697,0.0,0.0,False,ISO,0.0,0.0,0.0,0.0,0,
b3396,b2279,mrcA,nuoK,0.0,3294.285861140926,3294.285861140926,0.0,0.9999999999999998,-9.86372761246912e-10,0.87699721442697,0.7586431920374903,0.7586431920374903,0.0,0.0,False,X,0.0,3294.285861140926,3294.285861140926,0.0,3,
b3396,b2287,mrcA,nuoB,0.0,3294.285861140926,3294.285861140926,0.0,0.9999999999999998,-9.86372761246912e-10,0.87699721442697,0.7586431920374903,0.7586431920374903,0.0,0.0,False,X,0.0,3294.285861140926,3294.285861140926,0.0,3,
b3396,b0681,mrcA,chiP,0.0,0.0,0.0,0.0,0.5,-1.140254335396662e-09,0.87699721442697,0.87699721442697,0.87699721442697,0.0,0.0,False,B,0.0,0.0,0.0,0.0,0,
b3396,b1473,mrcA,yddG,0.0,0.0,0.0,0.0,0.5,-1.140254335396662e-09,0.87699721442697,0.8769972144269699,0.8769972144269699,0.0,0.0,False,B,0.0,0.0,0.0,0.0,3,
b3396,b0401,mrcA,brnQ,0.0,0.0,0.0,0.0,0.5,-1.140254335396662e-09,0.87699721442697,0.8769972144269699,0.8769972144269699,0.0,0.0,False,B,0.0,0.0,0.0,0.0,3,
b3396,b2842,mrcA,kduD,0.0,0.0,0.0,0.0,0.5,-1.140254335396662e-09,0.87699721442697,0.87699721442697,0.87699721442697,0.0,0.0,False,B,0.0,0.0,0.0,0.0,0,
b3396,b4101,mrcA,phnG,0.0,0.0,0.0,0.0,0.5,-1.140254335396662e-09,0.87699721442697,0.87699721442697,0.87699721442697,0.0,0.0,False,B,0.0,0.0,0.0,0.0,1,
b3396,b2682,mrcA,ygaZ,0.0,0.0,0.0,0.0,0.5,-1.140254335396662e-09,0.87699721442697,0.87699721442697,0.87699721442697,0.0,0.0,False,B,0.0,0.0,0.0,0.0,0,
b3208,b3396,mtgA,mrcA,0.0,0.0,0.0,0.0,0.5,-1.140254335396662e-09,0.87699721442697,0.87699721442697,0.87699721442697,0.0,0.0,False,ISO,0.0,0.0,0.0,0.0,0,
b0149,b2519,mrcB,pbpC,0.0,0.0,0.0,0.0,0.5,-1.140254335396662e-09,0.87699721442697,0.87699721442697,0.87699721442697,0.0,0.0,False,ISO,0.0,0.0,0.0,0.0,0,
b0149,b3396,mrcB,mrcA,0.0,0.0,18414.902542344003,18414.902542344003,9207451271172002.0,-1.0000000022805087,0.87699721442697,0.87699721442697,-0.0,0.0,0.0,True,ISO,0.0,0.0,18414.902542344003,18414.902542344003,2,
b0149,b3208,mrcB,mtgA,0.0,0.0,0.0,0.0,0.5,-1.140254335396662e-09,0.87699721442697,0.87699721442697,0.87699721442697,0.0,0.0,False,ISO,0.0,0.0,0.0,0.0,0,
b0925,b1678,ldtD,ldtE,0.0,0.0,0.0,0.0,0.5,-1.1402541133520572e-09,0.87699721442697,0.87699721442697,0.8769972144269701,0.0,0.0,False,ISO,0.0,0.0,0.0,0.0,1,
b0925,b1990,ldtD,ldtA,0.0,0.0,0.0,0.0,0.5,-1.140254335396662e-09,0.87699721442697,0.87699721442697,0.87699721442697,0.0,0.0,False,ISO,0.0,0.0,0.0,0.0,0,
b0925,b1113,ldtD,ldtC,0.0,0.0,0.0,0.0,0.5,-1.140254335396662e-09,0.87699721442697,0.87699721442697,0.87699721442697,0.0,0.0,False,ISO,0.0,0.0,0.0,0.0,0,
b1678,b1990,ldtE,ldtA,0.0,0.0,0.0,0.0,0.5,-1.140254335396662e-09,0.87699721442697,0.87699721442697,0.87699721442697,0.0,0.0,False,ISO,0.0,0.0,0.0,0.0,0,
b0355,b2154,frmB,yeiG,0.0,0.0,0.0,0.0,0.5,-1.140254335396662e-09,0.87699721442697,0.87699721442697,0.87699721442697,0.0,0.0,False,ISO,0.0,0.0,0.0,0.0,1,
b1710,b3781,btuE,trxA,0.0,0.0,0.0,0.0,0.5,-1.140254335396662e-09,0.8769972144269701,0.87699721442697,0.8769972144269701,0.0,0.0,False,ISO,0.0,0.0,0.0,0.0,1,
b1710,b2582,btuE,trxC,0.0,0.0,0.0,0.0,0.5,-1.140254335396662e-09,0.8769972144269701,0.87699721442697,0.8769972144269701,0.0,0.0,False,ISO,0.0,0.0,0.0,0.0,1,
b1710,b2480,btuE,bcp,0.0,0.0,0.0,0.0,0.5,-1.140254335396662e-09,0.8769972144269701,0.87699721442697,0.8769972144269701,0.0,0.0,False,ISO,0.0,0.0,0.0,0.0,2,
b0429,b0432,cyoD,cyoA,7798.596633039896,7798.596633039896,7798.596633039896,-7798.596633039896,0.5,0.10047999391400253,0.7776142830847725,0.7776142830847725,0.7776142830847725,1.0,1.0,False,A,7798.596633039896,7798.596633039896,7798.596633039896,-7798.596633039896,1,;Alanine and Aspartate Metabolism;Alternate Carbon Metabolism
b0429,b0430,cyoD,cyoC,7798.596633039896,7798.596633039896,7798.596633039896,-7798.596633039896,0.5,0.10047999391400253,0.7776142830847725,0.7776142830847725,0.7776142830847725,1.0,1.0,False,A,7798.596633039896,7798.596633039896,7798.596633039896,-7798.596633039896,1,;Alanine and Aspartate Metabolism;Alternate Carbon Metabolism
b0429,b0431,cyoD,cyoB,7798.596633039896,7798.596633039896,7798.596633039896,-7798.596633039896,0.5,0.10047999391400253,0.7776142830847725,0.7776142830847725,0.7776142830847725,1.0,1.0,False,A,7798.596633039896,7798.596633039896,7798.596633039896,-7798.596633039896,1,;Alanine and Aspartate Metabolism;Alternate Carbon Metabolism
b0429,b0722,cyoD,sdhD,7798.596633039896,3719.237820017231,16201.698391760063,4683.863938702936,1.4066618562536917,-0.029387752158761438,0.7776142830847725,0.8418157926999568,0.7206467086330386,0.0,0.9305555555555556,False,A,7798.596633039896,0.0,16201.698391760063,8403.101758720168,2,;Alanine and Aspartate Metabolism;Alternate Carbon Metabolism
b0429,b0723,cyoD,sdhA,7798.596633039896,3719.237820017231,16201.698391760063,4683.863938702936,1.4066618562536917,-0.029387752158761438,0.7776142830847725,0.8418157926999568,0.7206467086330386,0.0,0.9305555555555556,False,A,7798.596633039896,0.0,16201.698391760063,8403.101758720168,2,;Alanine and Aspartate Metabolism;Alternate Carbon Metabolism
b0429,b0721,cyoD,sdhC,7798.596633039896,3719.237820017231,16201.698391760063,4683.863938702936,1.4066618562536917,-0.029387752158761438,0.7776142830847725,0.8418157926999568,0.7206467086330386,0.0,0.9305555555555556,False,A,7798.596633039896,0.0,16201.698391760063,8403.101758720168,2,;Alanine and Aspartate Metabolism;Alternate Carbon Metabolism
b0429,b0724,cyoD,sdhB,7798.596633039896,3719.237820017231,16201.698391760063,4683.863938702936,1.4066618562536917,-0.029387752158761438,0.7776142830847725,0.8418157926999568,0.7206467086330386,0.0,0.9305555555555556,False,A,7798.596633039896,0.0,16201.698391760063,8403.101758720168,2,;Alanine and Aspartate Metabolism;Alternate Carbon Metabolism
b0429,b2283,cyoD,nuoG,7798.596633039896,3294.285861140926,10911.343600760918,-181.53889341990407,0.9836346510012041,-0.0819659097208777,0.7776142830847725,0.7586431920374903,0.6007884817293221,0.07692307692307693,0.9689737470167065,False,A,7798.596633039896,3294.285861140926,10911.343600760918,-181.53889341990407,4,;Alanine and Aspartate Metabolism;Alternate Carbon Metabolism
b0429,b2282,cyoD,nuoH,7798.596633039896,3294.285861140926,10911.343600760918,-181.53889341990407,0.9836346510012041,-0.0819659097208777,0.7776142830847725,0.7586431920374903,0.6007884817293221,0.07692307692307693,0.9689737470167065,False,A,7798.596633039896,3294.285861140926,10911.343600760918,-181.53889341990407,4,;Alanine and Aspartate Metabolism;Alternate Carbon Metabolism
b0429,b2281,cyoD,nuoI,7798.596633039896,3294.285861140926,10911.343600760918,-181.53889341990407,0.9836346510012041,-0.0819659097208777,0.7776142830847725,0.7586431920374903,0.6007884817293221,0.07692307692307693,0.9689737470167065,False,A,7798.596633039896,3294.285861140926,10911.343600760918,-181.53889341990407,4,;Alanine and Aspartate Metabolism;Alternate Carbon Metabolism
b0429,b2288,cyoD,nuoA,7798.596633039896,3294.285861140926,10911.343600760918,-181.53889341990407,0.9836346510012041,-0.0819659097208777,0.7776142830847725,0.7586431920374903,0.6007884817293221,0.07692307692307693,0.9689737470167065,False,A,7798.596633039896,3294.285861140926,10911.343600760918,-181.53889341990407,4,;Alanine and Aspartate Metabolism;Alternate Carbon Metabolism
b0429,b2276,cyoD,nuoN,7798.596633039896,3294.285861140926,10911.343600760918,-181.53889341990407,0.9836346510012041,-0.0819659097208777,0.7776142830847725,0.7586431920374903,0.6007884817293221,0.07692307692307693,0.9689737470167065,False,A,7798.596633039896,3294.285861140926,10911.343600760918,-181.53889341990407,4,;Alanine and Aspartate Metabolism;Alternate Carbon Metabolism
b0429,b2277,cyoD,nuoM,7798.596633039896,3294.285861140926,10911.343600760918,-181.53889341990407,0.9836346510012041,-0.0819659097208777,0.7776142830847725,0.7586431920374903,0.6007884817293221,0.07692307692307693,0.9689737470167065,False,A,7798.596633039896,3294.285861140926,10911.343600760918,-181.53889341990407,4,;Alanine and Aspartate Metabolism;Alternate Carbon Metabolism
b0429,b2285,cyoD,nuoE,7798.596633039896,3294.285861140926,10911.343600760918,-181.53889341990407,0.9836346510012041,-0.0819659097208777,0.7776142830847725,0.7586431920374903,0.6007884817293221,0.07692307692307693,0.9689737470167065,False,A,7798.596633039896,3294.285861140926,10911.343600760918,-181.53889341990407,4,;Alanine and Aspartate Metabolism;Alternate Carbon Metabolism
b0429,b2284,cyoD,nuoF,7798.596633039896,3294.285861140926,10911.343600760918,-181.53889341990407,0.9836346510012041,-0.0819659097208777,0.7776142830847725,0.7586431920374903,0.6007884817293221,0.07692307692307693,0.9689737470167065,False,A,7798.596633039896,3294.285861140926,10911.343600760918,-181.53889341990407,4,;Alanine and Aspartate Metabolism;Alternate Carbon Metabolism
b0429,b2278,cyoD,nuoL,7798.596633039896,3294.285861140926,10911.343600760918,-181.53889341990407,0.9836346510012041,-0.0819659097208777,0.7776142830847725,0.7586431920374903,0.6007884817293221,0.07692307692307693,0.9689737470167065,False,A,7798.596633039896,3294.285861140926,10911.343600760918,-181.53889341990407,4,;Alanine and Aspartate Metabolism;Alternate Carbon Metabolism
b0429,b2279,cyoD,nuoK,7798.596633039896,3294.285861140926,10911.343600760918,-181.53889341990407,0.9836346510012041,-0.0819659097208777,0.7776142830847725,0.7586431920374903,0.6007884817293221,0.07692307692307693,0.9689737470167065,False,A,7798.596633039896,3294.285861140926,10911.343600760918,-181.53889341990407,4,;Alanine and Aspartate Metabolism;Alternate Carbon Metabolism
b0429,b2280,cyoD,nuoJ,7798.596633039896,3294.285861140926,10911.343600760918,-181.53889341990407,0.9836346510012041,-0.0819659097208777,0.7776142830847725,0.7586431920374903,0.6007884817293221,0.07692307692307693,0.9689737470167065,False,A,7798.596633039896,3294.285861140926,10911.343600760918,-181.53889341990407,4,;Alanine and Aspartate Metabolism;Alternate Carbon Metabolism
b0429,b2287,cyoD,nuoB,7798.596633039896,3294.285861140926,10911.343600760918,-181.53889341990407,0.9836346510012041,-0.0819659097208777,0.7776142830847725,0.7586431920374903,0.6007884817293221,0.07692307692307693,0.9689737470167065,False,A,7798.596633039896,3294.285861140926,10911.343600760918,-181.53889341990407,4,;Alanine and Aspartate Metabolism;Alternate Carbon Metabolism
b0429,b2286,cyoD,nuoC,7798.596633039896,3294.285861140926,10911.343600760918,-181.53889341990407,0.9836346510012041,-0.0819659097208777,0.7776142830847725,0.7586431920374903,0.6007884817293221,0.07692307692307693,0.9689737470167065,False,A,7798.596633039896,3294.285861140926,10911.343600760918,-181.53889341990407,4,;Alanine and Aspartate Metabolism;Alternate Carbon Metabolism
b0429,b0681,cyoD,chiP,7798.596633039896,0.0,7798.596633039896,0.0,0.9999999999999999,-1.011038586185009e-09,0.7776142830847725,0.87699721442697,0.7776142830847725,0.0,0.0,False,X,7798.596633039896,0.0,7798.596633039896,0.0,1,
b0429,b2682,cyoD,ygaZ,7798.596633039896,0.0,7798.596633039896,0.0,0.9999999999999999,-1.011038586185009e-09,0.7776142830847725,0.87699721442697,0.7776142830847725,0.0,0.0,False,X,7798.596633039896,0.0,7798.596633039896,0.0,1,
b0432,b0430,cyoA,cyoC,7798.596633039896,7798.596633039896,7798.596633039896,-7798.596633039896,0.5,0.10047999391400253,0.7776142830847725,0.7776142830847725,0.7776142830847725,1.0,1.0,False,A,7798.596633039896,7798.596633039896,7798.596633039896,-7798.596633039896,1,;Alanine and Aspartate Metabolism;Alternate Carbon Metabolism
b0432,b0431,cyoA,cyoB,7798.596633039896,7798.596633039896,7798.596633039896,-7798.596633039896,0.5,0.10047999391400253,0.7776142830847725,0.7776142830847725,0.7776142830847725,1.0,1.0,False,A,7798.596633039896,7798.596633039896,7798.596633039896,-7798.596633039896,1,;Alanine and Aspartate Metabolism;Alternate Carbon Metabolism
b0432,b0722,cyoA,sdhD,7798.596633039896,3719.237820017231,16201.698391760063,4683.863938702936,1.4066618562536917,-0.029387752158761438,0.7776142830847725,0.8418157926999568,0.7206467086330386,0.0,0.9305555555555556,False,A,7798.596633039896,0.0,16201.698391760063,8403.101758720168,2,;Alanine and Aspartate Metabolism;Alternate Carbon Metabolism
b0432,b0723,cyoA,sdhA,7798.596633039896,3719.237820017231,16201.698391760063,4683.863938702936,1.4066618562536917,-0.029387752158761438,0.7776142830847725,0.8418157926999568,0.7206467086330386,0.0,0.9305555555555556,False,A,7798.596633039896,0.0,16201.698391760063,8403.101758720168,2,;Alanine and Aspartate Metabolism;Alternate Carbon Metabolism
b0432,b0721,cyoA,sdhC,7798.596633039896,3719.237820017231,16201.698391760063,4683.863938702936,1.4066618562536917,-0.029387752158761438,0.7776142830847725,0.8418157926999568,0.7206467086330386,0.0,0.9305555555555556,False,A,7798.596633039896,0.0,16201.698391760063,8403.101758720168,2,;Alanine and Aspartate Metabolism;Alternate Carbon Metabolism
b0432,b0724,cyoA,sdhB,7798.596633039896,3719.237820017231,16201.698391760063,4683.863938702936,1.4066618562536917,-0.029387752158761438,0.7776142830847725,0.8418157926999568,0.7206467086330386,0.0,0.9305555555555556,False,A,7798.596633039896,0.0,16201.698391760063,8403.101758720168,2,;Alanine and Aspartate Metabolism;Alternate Carbon Metabolism
b0432,b2283,cyoA,nuoG,7798.596633039896,3294.285861140926,10911.343600760918,-181.53889341990407,0.9836346510012041,-0.0819659097208777,0.7776142830847725,0.7586431920374903,0.6007884817293221,0.07692307692307693,0.9689737470167065,False,A,7798.596633039896,3294.285861140926,10911.343600760918,-181.53889341990407,4,;Alanine and Aspartate Metabolism;Alternate Carbon Metabolism
b0432,b2282,cyoA,nuoH,7798.596633039896,3294.285861140926,10911.343600760918,-181.53889341990407,0.9836346510012041,-0.0819659097208777,0.7776142830847725,0.7586431920374903,0.6007884817293221,0.07692307692307693,0.9689737470167065,False,A,7798.596633039896,3294.285861140926,10911.343600760918,-181.53889341990407,4,;Alanine and Aspartate Metabolism;Alternate Carbon Metabolism
b0432,b2281,cyoA,nuoI,7798.596633039896,3294.285861140926,10911.343600760918,-181.53889341990407,0.9836346510012041,-0.0819659097208777,0.7776142830847725,0.7586431920374903,0.6007884817293221,0.07692307692307693,0.9689737470167065,False,A,7798.596633039896,3294.285861140926,10911.343600760918,-181.53889341990407,4,;Alanine and Aspartate Metabolism;Alternate Carbon Metabolism
b0432,b2288,cyoA,nuoA,7798.596633039896,3294.285861140926,10911.343600760918,-181.53889341990407,0.9836346510012041,-0.0819659097208777,0.7776142830847725,0.7586431920374903,0.6007884817293221,0.07692307692307693,0.9689737470167065,False,A,7798.596633039896,3294.285861140926,10911.343600760918,-181.53889341990407,4,;Alanine and Aspartate Metabolism;Alternate Carbon Metabolism
b0432,b2276,cyoA,nuoN,7798.596633039896,3294.285861140926,10911.343600760918,-181.53889341990407,0.9836346510012041,-0.0819659097208777,0.7776142830847725,0.7586431920374903,0.6007884817293221,0.07692307692307693,0.9689737470167065,False,A,7798.596633039896,3294.285861140926,10911.343600760918,-181.53889341990407,4,;Alanine and Aspartate Metabolism;Alternate Carbon Metabolism
b0432,b2277,cyoA,nuoM,7798.596633039896,3294.285861140926,10911.343600760918,-181.53889341990407,0.9836346510012041,-0.0819659097208777,0.7776142830847725,0.7586431920374903,0.6007884817293221,0.07692307692307693,0.9689737470167065,False,A,7798.596633039896,3294.285861140926,10911.343600760918,-181.53889341990407,4,;Alanine and Aspartate Metabolism;Alternate Carbon Metabolism
b0432,b2285,cyoA,nuoE,7798.596633039896,3294.285861140926,10911.343600760918,-181.53889341990407,0.9836346510012041,-0.0819659097208777,0.7776142830847725,0.7586431920374903,0.6007884817293221,0.07692307692307693,0.9689737470167065,False,A,7798.596633039896,3294.285861140926,10911.343600760918,-181.53889341990407,4,;Alanine and Aspartate Metabolism;Alternate Carbon Metabolism
b0432,b2284,cyoA,nuoF,7798.596633039896,3294.285861140926,10911.343600760918,-181.53889341990407,0.9836346510012041,-0.0819659097208777,0.7776142830847725,0.7586431920374903,0.6007884817293221,0.07692307692307693,0.9689737470167065,False,A,7798.596633039896,3294.285861140926,10911.343600760918,-181.53889341990407,4,;Alanine and Aspartate Metabolism;Alternate Carbon Metabolism
b0432,b2278,cyoA,nuoL,7798.596633039896,3294.285861140926,10911.343600760918,-181.53889341990407,0.9836346510012041,-0.0819659097208777,0.7776142830847725,0.7586431920374903,0.6007884817293221,0.07692307692307693,0.9689737470167065,False,A,7798.596633039896,3294.285861140926,10911.343600760918,-181.53889341990407,4,;Alanine and Aspartate Metabolism;Alternate Carbon Metabolism
b0432,b2279,cyoA,nuoK,7798.596633039896,3294.285861140926,10911.343600760918,-181.53889341990407,0.9836346510012041,-0.0819659097208777,0.7776142830847725,0.7586431920374903,0.6007884817293221,0.07692307692307693,0.9689737470167065,False,A,7798.596633039896,3294.285861140926,10911.343600760918,-181.53889341990407,4,;Alanine and Aspartate Metabolism;Alternate Carbon Metabolism
b0432,b2280,cyoA,nuoJ,7798.596633039896,3294.285861140926,10911.343600760918,-181.53889341990407,0.9836346510012041,-0.0819659097208777,0.7776142830847725,0.7586431920374903,0.6007884817293221,0.07692307692307693,0.9689737470167065,False,A,7798.596633039896,3294.285861140926,10911.343600760918,-181.53889341990407,4,;Alanine and Aspartate Metabolism;Alternate Carbon Metabolism
b0432,b2287,cyoA,nuoB,7798.596633039896,3294.285861140926,10911.343600760918,-181.53889341990407,0.9836346510012041,-0.0819659097208777,0.7776142830847725,0.7586431920374903,0.6007884817293221,0.07692307692307693,0.9689737470167065,False,A,7798.596633039896,3294.285861140926,10911.343600760918,-181.53889341990407,4,;Alanine and Aspartate Metabolism;Alternate Carbon Metabolism
b0432,b2286,cyoA,nuoC,7798.596633039896,3294.285861140926,10911.343600760918,-181.53889341990407,0.9836346510012041,-0.0819659097208777,0.7776142830847725,0.7586431920374903,0.6007884817293221,0.07692307692307693,0.9689737470167065,False,A,7798.596633039896,3294.285861140926,10911.343600760918,-181.53889341990407,4,;Alanine and Aspartate Metabolism;Alternate Carbon Metabolism
b0430,b0431,cyoC,cyoB,7798.596633039896,7798.596633039896,7798.596633039896,-7798.596633039896,0.5,0.10047999391400253,0.7776142830847725,0.7776142830847725,0.7776142830847725,1.0,1.0,False,A,7798.596633039896,7798.596633039896,7798.596633039896,-7798.596633039896,1,;Alanine and Aspartate Metabolism;Alternate Carbon Metabolism
b0430,b0722,cyoC,sdhD,7798.596633039896,3719.237820017231,16201.698391760063,4683.863938702936,1.4066618562536917,-0.029387752158761438,0.7776142830847725,0.8418157926999568,0.7206467086330386,0.0,0.9305555555555556,False,A,7798.596633039896,0.0,16201.698391760063,8403.101758720168,2,;Alanine and Aspartate Metabolism;Alternate Carbon Metabolism
b0430,b0723,cyoC,sdhA,7798.596633039896,3719.237820017231,16201.698391760063,4683.863938702936,1.4066618562536917,-0.029387752158761438,0.7776142830847725,0.8418157926999568,0.7206467086330386,0.0,0.9305555555555556,False,A,7798.596633039896,0.0,16201.698391760063,8403.101758720168,2,;Alanine and Aspartate Metabolism;Alternate Carbon Metabolism
b0430,b0721,cyoC,sdhC,7798.596633039896,3719.237820017231,16201.698391760063,4683.863938702936,1.4066618562536917,-0.029387752158761438,0.7776142830847725,0.8418157926999568,0.7206467086330386,0.0,0.9305555555555556,False,A,7798.596633039896,0.0,16201.698391760063,8403.101758720168,2,;Alanine and Aspartate Metabolism;Alternate Carbon Metabolism
b0430,b0724,cyoC,sdhB,7798.596633039896,3719.237820017231,16201.698391760063,4683.863938702936,1.4066618562536917,-0.029387752158761438,0.7776142830847725,0.8418157926999568,0.7206467086330386,0.0,0.9305555555555556,False,A,7798.596633039896,0.0,16201.698391760063,8403.101758720168,2,;Alanine and Aspartate Metabolism;Alternate Carbon Metabolism
b0430,b2283,cyoC,nuoG,7798.596633039896,3294.285861140926,10911.343600760918,-181.53889341990407,0.9836346510012041,-0.0819659097208777,0.7776142830847725,0.7586431920374903,0.6007884817293221,0.07692307692307693,0.9689737470167065,False,A,7798.596633039896,3294.285861140926,10911.343600760918,-181.53889341990407,4,;Alanine and Aspartate Metabolism;Alternate Carbon Metabolism
b0430,b2282,cyoC,nuoH,7798.596633039896,3294.285861140926,10911.343600760918,-181.53889341990407,0.9836346510012041,-0.0819659097208777,0.7776142830847725,0.7586431920374903,0.6007884817293221,0.07692307692307693,0.9689737470167065,False,A,7798.596633039896,3294.285861140926,10911.343600760918,-181.53889341990407,4,;Alanine and Aspartate Metabolism;Alternate Carbon Metabolism
b0430,b2281,cyoC,nuoI,7798.596633039896,3294.285861140926,10911.343600760918,-181.53889341990407,0.9836346510012041,-0.0819659097208777,0.7776142830847725,0.7586431920374903,0.6007884817293221,0.07692307692307693,0.9689737470167065,False,A,7798.596633039896,3294.285861140926,10911.343600760918,-181.53889341990407,4,;Alanine and Aspartate Metabolism;Alternate Carbon Metabolism
b0430,b2288,cyoC,nuoA,7798.596633039896,3294.285861140926,10911.343600760918,-181.53889341990407,0.9836346510012041,-0.0819659097208777,0.7776142830847725,0.7586431920374903,0.6007884817293221,0.07692307692307693,0.9689737470167065,False,A,7798.596633039896,3294.285861140926,10911.343600760918,-181.53889341990407,4,;Alanine and Aspartate Metabolism;Alternate Carbon Metabolism
b0430,b2276,cyoC,nuoN,7798.596633039896,3294.285861140926,10911.343600760918,-181.53889341990407,0.9836346510012041,-0.0819659097208777,0.7776142830847725,0.7586431920374903,0.6007884817293221,0.07692307692307693,0.9689737470167065,False,A,7798.596633039896,3294.285861140926,10911.343600760918,-181.53889341990407,4,;Alanine and Aspartate Metabolism;Alternate Carbon Metabolism
b0430,b2277,cyoC,nuoM,7798.596633039896,3294.285861140926,10911.343600760918,-181.53889341990407,0.9836346510012041,-0.0819659097208777,0.7776142830847725,0.7586431920374903,0.6007884817293221,0.07692307692307693,0.9689737470167065,False,A,7798.596633039896,3294.285861140926,10911.343600760918,-181.53889341990407,4,;Alanine and Aspartate Metabolism;Alternate Carbon Metabolism
b0430,b2285,cyoC,nuoE,7798.596633039896,3294.285861140926,10911.343600760918,-181.53889341990407,0.9836346510012041,-0.0819659097208777,0.7776142830847725,0.7586431920374903,0.6007884817293221,0.07692307692307693,0.9689737470167065,False,A,7798.596633039896,3294.285861140926,10911.343600760918,-181.53889341990407,4,;Alanine and Aspartate Metabolism;Alternate Carbon Metabolism
b0430,b2284,cyoC,nuoF,7798.596633039896,3294.285861140926,10911.343600760918,-181.53889341990407,0.9836346510012041,-0.0819659097208777,0.7776142830847725,0.7586431920374903,0.6007884817293221,0.07692307692307693,0.9689737470167065,False,A,7798.596633039896,3294.285861140926,10911.343600760918,-181.53889341990407,4,;Alanine and Aspartate Metabolism;Alternate Carbon Metabolism
b0430,b2278,cyoC,nuoL,7798.596633039896,3294.285861140926,10911.343600760918,-181.53889341990407,0.9836346510012041,-0.0819659097208777,0.7776142830847725,0.7586431920374903,0.6007884817293221,0.07692307692307693,0.9689737470167065,False,A,7798.596633039896,3294.285861140926,10911.343600760918,-181.53889341990407,4,;Alanine and Aspartate Metabolism;Alternate Carbon Metabolism
b0430,b2279,cyoC,nuoK,7798.596633039896,3294.285861140926,10911.343600760918,-181.53889341990407,0.9836346510012041,-0.0819659097208777,0.7776142830847725,0.7586431920374903,0.6007884817293221,0.07692307692307693,0.9689737470167065,False,A,7798.596633039896,3294.285861140926,10911.343600760918,-181.53889341990407,4,;Alanine and Aspartate Metabolism;Alternate Carbon Metabolism
b0430,b2280,cyoC,nuoJ,7798.596633039896,3294.285861140926,10911.343600760918,-181.53889341990407,0.9836346510012041,-0.0819659097208777,0.7776142830847725,0.7586431920374903,0.6007884817293221,0.07692307692307693,0.9689737470167065,False,A,7798.596633039896,3294.285861140926,10911.343600760918,-181.53889341990407,4,;Alanine and Aspartate Metabolism;Alternate Carbon Metabolism
b0430,b2287,cyoC,nuoB,7798.596633039896,3294.285861140926,10911.343600760918,-181.53889341990407,0.9836346510012041,-0.0819659097208777,0.7776142830847725,0.7586431920374903,0.6007884817293221,0.07692307692307693,0.9689737470167065,False,A,7798.596633039896,3294.285861140926,10911.343600760918,-181.53889341990407,4,;Alanine and Aspartate Metabolism;Alternate Carbon Metabolism
b0430,b2286,cyoC,nuoC,7798.596633039896,3294.285861140926,10911.343600760918,-181.53889341990407,0.9836346510012041,-0.0819659097208777,0.7776142830847725,0.7586431920374903,0.6007884817293221,0.07692307692307693,0.9689737470167065,False,A,7798.596633039896,3294.285861140926,10911.343600760918,-181.53889341990407,4,;Alanine and Aspartate Metabolism;Alternate Carbon Metabolism
b0430,b0401,cyoC,brnQ,7798.596633039896,0.0,7798.596633039914,1.8189894035458565e-11,1.0000000000000022,-1.011038586185009e-09,0.7776142830847725,0.8769972144269699,0.7776142830847725,0.0,0.0,False,X,7798.596633039896,0.0,7798.596633039914,1.8189894035458565e-11,4,
b0430,b2682,cyoC,ygaZ,7798.596633039896,0.0,7798.596633039896,0.0,0.9999999999999999,-1.011038586185009e-09,0.7776142830847725,0.87699721442697,0.7776142830847725,0.0,0.0,False,X,7798.596633039896,0.0,7798.596633039896,0.0,1,
b0431,b0722,cyoB,sdhD,7798.596633039896,3719.237820017231,16201.698391760063,4683.863938702936,1.4066618562536917,-0.029387752158761438,0.7776142830847725,0.8418157926999568,0.7206467086330386,0.0,0.9305555555555556,False,A,7798.596633039896,0.0,16201.698391760063,8403.101758720168,2,;Alanine and Aspartate Metabolism;Alternate Carbon Metabolism
b0431,b0723,cyoB,sdhA,7798.596633039896,3719.237820017231,16201.698391760063,4683.863938702936,1.4066618562536917,-0.029387752158761438,0.7776142830847725,0.8418157926999568,0.7206467086330386,0.0,0.9305555555555556,False,A,7798.596633039896,0.0,16201.698391760063,8403.101758720168,2,;Alanine and Aspartate Metabolism;Alternate Carbon Metabolism
b0431,b0721,cyoB,sdhC,7798.596633039896,3719.237820017231,16201.698391760063,4683.863938702936,1.4066618562536917,-0.029387752158761438,0.7776142830847725,0.8418157926999568,0.7206467086330386,0.0,0.9305555555555556,False,A,7798.596633039896,0.0,16201.698391760063,8403.101758720168,2,;Alanine and Aspartate Metabolism;Alternate Carbon Metabolism
b0431,b0724,cyoB,sdhB,7798.596633039896,3719.237820017231,16201.698391760063,4683.863938702936,1.4066618562536917,-0.029387752158761438,0.7776142830847725,0.8418157926999568,0.7206467086330386,0.0,0.9305555555555556,False,A,7798.596633039896,0.0,16201.698391760063,8403.101758720168,2,;Alanine and Aspartate Metabolism;Alternate Carbon Metabolism
b0431,b2283,cyoB,nuoG,7798.596633039896,3294.285861140926,10911.343600760918,-181.53889341990407,0.9836346510012041,-0.0819659097208777,0.7776142830847725,0.7586431920374903,0.6007884817293221,0.07692307692307693,0.9689737470167065,False,A,7798.596633039896,3294.285861140926,10911.343600760918,-181.53889341990407,4,;Alanine and Aspartate Metabolism;Alternate Carbon Metabolism
b0431,b2282,cyoB,nuoH,7798.596633039896,3294.285861140926,10911.343600760918,-181.53889341990407,0.9836346510012041,-0.0819659097208777,0.7776142830847725,0.7586431920374903,0.6007884817293221,0.07692307692307693,0.9689737470167065,False,A,7798.596633039896,3294.285861140926,10911.343600760918,-181.53889341990407,4,;Alanine and Aspartate Metabolism;Alternate Carbon Metabolism
b0431,b2281,cyoB,nuoI,7798.596633039896,3294.285861140926,10911.343600760918,-181.53889341990407,0.9836346510012041,-0.0819659097208777,0.7776142830847725,0.7586431920374903,0.6007884817293221,0.07692307692307693,0.9689737470167065,False,A,7798.596633039896,3294.285861140926,10911.343600760918,-181.53889341990407,4,;Alanine and Aspartate Metabolism;Alternate Carbon Metabolism
b0431,b2288,cyoB,nuoA,7798.596633039896,3294.285861140926,10911.343600760918,-181.53889341990407,0.9836346510012041,-0.0819659097208777,0.7776142830847725,0.7586431920374903,0.6007884817293221,0.07692307692307693,0.9689737470167065,False,A,7798.596633039896,3294.285861140926,10911.343600760918,-181.53889341990407,4,;Alanine and Aspartate Metabolism;Alternate Carbon Metabolism
b0431,b2276,cyoB,nuoN,7798.596633039896,3294.285861140926,10911.343600760918,-181.53889341990407,0.9836346510012041,-0.0819659097208777,0.7776142830847725,0.7586431920374903,0.6007884817293221,0.07692307692307693,0.9689737470167065,False,A,7798.596633039896,3294.285861140926,10911.343600760918,-181.53889341990407,4,;Alanine and Aspartate Metabolism;Alternate Carbon Metabolism
b0431,b2277,cyoB,nuoM,7798.596633039896,3294.285861140926,10911.343600760918,-181.53889341990407,0.9836346510012041,-0.0819659097208777,0.7776142830847725,0.7586431920374903,0.6007884817293221,0.07692307692307693,0.9689737470167065,False,A,7798.596633039896,3294.285861140926,10911.343600760918,-181.53889341990407,4,;Alanine and Aspartate Metabolism;Alternate Carbon Metabolism
b0431,b2285,cyoB,nuoE,7798.596633039896,3294.285861140926,10911.343600760918,-181.53889341990407,0.9836346510012041,-0.0819659097208777,0.7776142830847725,0.7586431920374903,0.6007884817293221,0.07692307692307693,0.9689737470167065,False,A,7798.596633039896,3294.285861140926,10911.343600760918,-181.53889341990407,4,;Alanine and Aspartate Metabolism;Alternate Carbon Metabolism
b0431,b2284,cyoB,nuoF,7798.596633039896,3294.285861140926,10911.343600760918,-181.53889341990407,0.9836346510012041,-0.0819659097208777,0.7776142830847725,0.7586431920374903,0.6007884817293221,0.07692307692307693,0.9689737470167065,False,A,7798.596633039896,3294.285861140926,10911.343600760918,-181.53889341990407,4,;Alanine and Aspartate Metabolism;Alternate Carbon Metabolism
b0431,b2278,cyoB,nuoL,7798.596633039896,3294.285861140926,10911.343600760918,-181.53889341990407,0.9836346510012041,-0.0819659097208777,0.7776142830847725,0.7586431920374903,0.6007884817293221,0.07692307692307693,0.9689737470167065,False,A,7798.596633039896,3294.285861140926,10911.343600760918,-181.53889341990407,4,;Alanine and Aspartate Metabolism;Alternate Carbon Metabolism
b0431,b2279,cyoB,nuoK,7798.596633039896,3294.285861140926,10911.343600760918,-181.53889341990407,0.9836346510012041,-0.0819659097208777,0.7776142830847725,0.7586431920374903,0.6007884817293221,0.07692307692307693,0.9689737470167065,False,A,7798.596633039896,3294.285861140926,10911.343600760918,-181.53889341990407,4,;Alanine and Aspartate Metabolism;Alternate Carbon Metabolism
b0431,b2280,cyoB,nuoJ,7798.596633039896,3294.285861140926,10911.343600760918,-181.53889341990407,0.9836346510012041,-0.0819659097208777,0.7776142830847725,0.7586431920374903,0.6007884817293221,0.07692307692307693,0.9689737470167065,False,A,7798.596633039896,3294.285861140926,10911.343600760918,-181.53889341990407,4,;Alanine and Aspartate Metabolism;Alternate Carbon Metabolism
b0431,b2287,cyoB,nuoB,7798.596633039896,3294.285861140926,10911.343600760918,-181.53889341990407,0.9836346510012041,-0.0819659097208777,0.7776142830847725,0.7586431920374903,0.6007884817293221,0.07692307692307693,0.9689737470167065,False,A,7798.596633039896,3294.285861140926,10911.343600760918,-181.53889341990407,4,;Alanine and Aspartate Metabolism;Alternate Carbon Metabolism
b0431,b2286,cyoB,nuoC,7798.596633039896,3294.285861140926,10911.343600760918,-181.53889341990407,0.9836346510012041,-0.0819659097208777,0.7776142830847725,0.7586431920374903,0.6007884817293221,0.07692307692307693,0.9689737470167065,False,A,7798.596633039896,3294.285861140926,10911.343600760918,-181.53889341990407,4,;Alanine and Aspartate Metabolism;Alternate Carbon Metabolism
b0431,b0681,cyoB,chiP,7798.596633039896,0.0,7798.596633039896,0.0,0.9999999999999999,-1.011038586185009e-09,0.7776142830847725,0.87699721442697,0.7776142830847725,0.0,0.0,False,X,7798.596633039896,0.0,7798.596633039896,0.0,1,
b0431,b0401,cyoB,brnQ,7798.596633039896,0.0,7798.596633039914,1.8189894035458565e-11,1.0000000000000022,-1.011038586185009e-09,0.7776142830847725,0.8769972144269699,0.7776142830847725,0.0,0.0,False,X,7798.596633039896,0.0,7798.596633039914,1.8189894035458565e-11,4,
b0722,b0723,sdhD,sdhA,3719.237820017231,3719.237820017231,3719.237820017231,-3719.237820017231,0.5,0.03850649732823641,0.8418157926999568,0.8418157926999568,0.8418157926999568,1.0,1.0,False,A,0.0,0.0,0.0,0.0,1,;Alanine and Aspartate Metabolism;Alternate Carbon Metabolism
b0722,b0721,sdhD,sdhC,3719.237820017231,3719.237820017231,3719.237820017231,-3719.237820017231,0.5,0.03850649732823641,0.8418157926999568,0.8418157926999568,0.8418157926999568,1.0,1.0,False,A,0.0,0.0,0.0,0.0,1,;Alanine and Aspartate Metabolism;Alternate Carbon Metabolism
b0722,b0724,sdhD,sdhB,3719.237820017231,3719.237820017231,3719.237820017231,-3719.237820017231,0.5,0.03850649732823641,0.8418157926999568,0.8418157926999568,0.8418157926999568,1.0,1.0,False,A,0.0,0.0,0.0,0.0,1,;Alanine and Aspartate Metabolism;Alternate Carbon Metabolism
b0722,b2283,sdhD,nuoG,3719.237820017231,3294.285861140926,16806.3535383416,9792.82985718344,2.3962781481000612,-0.020243500505533363,0.8418157926999568,0.7586431920374903,0.7104561407776917,0.07407407407407407,0.9331797235023042,False,A,0.0,3294.285861140926,16806.3535383416,13512.067677200672,4,;Alanine and Aspartate Metabolism;Alternate Carbon Metabolism
b0722,b2282,sdhD,nuoH,3719.237820017231,3294.285861140926,16806.3535383416,9792.82985718344,2.3962781481000612,-0.020243500505533363,0.8418157926999568,0.7586431920374903,0.7104561407776917,0.07407407407407407,0.9331797235023042,False,A,0.0,3294.285861140926,16806.3535383416,13512.067677200672,4,;Alanine and Aspartate Metabolism;Alternate Carbon Metabolism
b0722,b2281,sdhD,nuoI,3719.237820017231,3294.285861140926,16806.3535383416,9792.82985718344,2.3962781481000612,-0.020243500505533363,0.8418157926999568,0.7586431920374903,0.7104561407776917,0.07407407407407407,0.9331797235023042,False,A,0.0,3294.285861140926,16806.3535383416,13512.067677200672,4,;Alanine and Aspartate Metabolism;Alternate Carbon Metabolism
b0722,b2288,sdhD,nuoA,3719.237820017231,3294.285861140926,16806.3535383416,9792.82985718344,2.3962781481000612,-0.020243500505533363,0.8418157926999568,0.7586431920374903,0.7104561407776917,0.07407407407407407,0.9331797235023042,False,A,0.0,3294.285861140926,16806.3535383416,13512.067677200672,4,;Alanine and Aspartate Metabolism;Alternate Carbon Metabolism
b0722,b2276,sdhD,nuoN,3719.237820017231,3294.285861140926,16806.3535383416,9792.82985718344,2.3962781481000612,-0.020243500505533363,0.8418157926999568,0.7586431920374903,0.7104561407776917,0.07407407407407407,0.9331797235023042,False,A,0.0,3294.285861140926,16806.3535383416,13512.067677200672,4,;Alanine and Aspartate Metabolism;Alternate Carbon Metabolism
b0722,b2277,sdhD,nuoM,3719.237820017231,3294.285861140926,16806.3535383416,9792.82985718344,2.3962781481000612,-0.020243500505533363,0.8418157926999568,0.7586431920374903,0.7104561407776917,0.07407407407407407,0.9331797235023042,False,A,0.0,3294.285861140926,16806.3535383416,13512.067677200672,4,;Alanine and Aspartate Metabolism;Alternate Carbon Metabolism
b0722,b2285,sdhD,nuoE,3719.237820017231,3294.285861140926,16806.3535383416,9792.82985718344,2.3962781481000612,-0.020243500505533363,0.8418157926999568,0.7586431920374903,0.7104561407776917,0.07407407407407407,0.9331797235023042,False,A,0.0,3294.285861140926,16806.3535383416,13512.067677200672,4,;Alanine and Aspartate Metabolism;Alternate Carbon Metabolism
b0722,b2284,sdhD,nuoF,3719.237820017231,3294.285861140926,16806.3535383416,9792.82985718344,2.3962781481000612,-0.020243500505533363,0.8418157926999568,0.7586431920374903,0.7104561407776917,0.07407407407407407,0.9331797235023042,False,A,0.0,3294.285861140926,16806.3535383416,13512.067677200672,4,;Alanine and Aspartate Metabolism;Alternate Carbon Metabolism
b0722,b2278,sdhD,nuoL,3719.237820017231,3294.285861140926,16806.3535383416,9792.82985718344,2.3962781481000612,-0.020243500505533363,0.8418157926999568,0.7586431920374903,0.7104561407776917,0.07407407407407407,0.9331797235023042,False,A,0.0,3294.285861140926,16806.3535383416,13512.067677200672,4,;Alanine and Aspartate Metabolism;Alternate Carbon Metabolism
b0722,b2279,sdhD,nuoK,3719.237820017231,3294.285861140926,16806.3535383416,9792.82985718344,2.3962781481000612,-0.020243500505533363,0.8418157926999568,0.7586431920374903,0.7104561407776917,0.07407407407407407,0.9331797235023042,False,A,0.0,3294.285861140926,16806.3535383416,13512.067677200672,4,;Alanine and Aspartate Metabolism;Alternate Carbon Metabolism
b0722,b2280,sdhD,nuoJ,3719.237820017231,3294.285861140926,16806.3535383416,9792.82985718344,2.3962781481000612,-0.020243500505533363,0.8418157926999568,0.7586431920374903,0.7104561407776917,0.07407407407407407,0.9331797235023042,False,A,0.0,3294.285861140926,16806.3535383416,13512.067677200672,4,;Alanine and Aspartate Metabolism;Alternate Carbon Metabolism
b0722,b2287,sdhD,nuoB,3719.237820017231,3294.285861140926,16806.3535383416,9792.82985718344,2.3962781481000612,-0.020243500505533363,0.8418157926999568,0.7586431920374903,0.7104561407776917,0.07407407407407407,0.9331797235023042,False,A,0.0,3294.285861140926,16806.3535383416,13512.067677200672,4,;Alanine and Aspartate Metabolism;Alternate Carbon Metabolism
b0722,b2286,sdhD,nuoC,3719.237820017231,3294.285861140926,16806.3535383416,9792.82985718344,2.3962781481000612,-0.020243500505533363,0.8418157926999568,0.7586431920374903,0.7104561407776917,0.07407407407407407,0.9331797235023042,False,A,0.0,3294.285861140926,16806.3535383416,13512.067677200672,4,;Alanine and Aspartate Metabolism;Alternate Carbon Metabolism
b0722,b4101,sdhD,phnG,3719.237820017231,0.0,3719.237820017231,0.0,0.9999999999999998,-1.0945121475813835e-09,0.8418157926999568,0.87699721442697,0.8418157926999568,0.0,0.0,False,X,0.0,0.0,0.0,0.0,2,
b0723,b0721,sdhA,sdhC,3719.237820017231,3719.237820017231,3719.237820017231,-3719.237820017231,0.5,0.03850649732823641,0.8418157926999568,0.8418157926999568,0.8418157926999568,1.0,1.0,False,A,0.0,0.0,0.0,0.0,1,;Alanine and Aspartate Metabolism;Alternate Carbon Metabolism
b0723,b0724,sdhA,sdhB,3719.237820017231,3719.237820017231,3719.237820017231,-3719.237820017231,0.5,0.03850649732823641,0.8418157926999568,0.8418157926999568,0.8418157926999568,1.0,1.0,False,A,0.0,0.0,0.0,0.0,1,;Alanine and Aspartate Metabolism;Alternate Carbon Metabolism
b0723,b2283,sdhA,nuoG,3719.237820017231,3294.285861140926,16806.3535383416,9792.82985718344,2.3962781481000612,-0.020243500505533363,0.8418157926999568,0.7586431920374903,0.7104561407776917,0.07407407407407407,0.9331797235023042,False,A,0.0,3294.285861140926,16806.3535383416,13512.067677200672,4,;Alanine and Aspartate Metabolism;Alternate Carbon Metabolism
b0723,b2282,sdhA,nuoH,3719.237820017231,3294.285861140926,16806.3535383416,9792.82985718344,2.3962781481000612,-0.020243500505533363,0.8418157926999568,0.7586431920374903,0.7104561407776917,0.07407407407407407,0.9331797235023042,False,A,0.0,3294.285861140926,16806.3535383416,13512.067677200672,4,;Alanine and Aspartate Metabolism;Alternate Carbon Metabolism
b0723,b2281,sdhA,nuoI,3719.237820017231,3294.285861140926,16806.3535383416,9792.82985718344,2.3962781481000612,-0.020243500505533363,0.8418157926999568,0.7586431920374903,0.7104561407776917,0.07407407407407407,0.9331797235023042,False,A,0.0,3294.285861140926,16806.3535383416,13512.067677200672,4,;Alanine and Aspartate Metabolism;Alternate Carbon Metabolism
b0723,b2288,sdhA,nuoA,3719.237820017231,3294.285861140926,16806.3535383416,9792.82985718344,2.3962781481000612,-0.020243500505533363,0.8418157926999568,0.7586431920374903,0.7104561407776917,0.07407407407407407,0.9331797235023042,False,A,0.0,3294.285861140926,16806.3535383416,13512.067677200672,4,;Alanine and Aspartate Metabolism;Alternate Carbon Metabolism
b0723,b2276,sdhA,nuoN,3719.237820017231,3294.285861140926,16806.3535383416,9792.82985718344,2.3962781481000612,-0.020243500505533363,0.8418157926999568,0.7586431920374903,0.7104561407776917,0.07407407407407407,0.9331797235023042,False,A,0.0,3294.285861140926,16806.3535383416,13512.067677200672,4,;Alanine and Aspartate Metabolism;Alternate Carbon Metabolism
b0723,b2277,sdhA,nuoM,3719.237820017231,3294.285861140926,16806.3535383416,9792.82985718344,2.3962781481000612,-0.020243500505533363,0.8418157926999568,0.7586431920374903,0.7104561407776917,0.07407407407407407,0.9331797235023042,False,A,0.0,3294.285861140926,16806.3535383416,13512.067677200672,4,;Alanine and Aspartate Metabolism;Alternate Carbon Metabolism
b0723,b2285,sdhA,nuoE,3719.237820017231,3294.285861140926,16806.3535383416,9792.82985718344,2.3962781481000612,-0.020243500505533363,0.8418157926999568,0.7586431920374903,0.7104561407776917,0.07407407407407407,0.9331797235023042,False,A,0.0,3294.285861140926,16806.3535383416,13512.067677200672,4,;Alanine and Aspartate Metabolism;Alternate Carbon Metabolism
b0723,b2284,sdhA,nuoF,3719.237820017231,3294.285861140926,16806.3535383416,9792.82985718344,2.3962781481000612,-0.020243500505533363,0.8418157926999568,0.7586431920374903,0.7104561407776917,0.07407407407407407,0.9331797235023042,False,A,0.0,3294.285861140926,16806.3535383416,13512.067677200672,4,;Alanine and Aspartate Metabolism;Alternate Carbon Metabolism
b0723,b2278,sdhA,nuoL,3719.237820017231,3294.285861140926,16806.3535383416,9792.82985718344,2.3962781481000612,-0.020243500505533363,0.8418157926999568,0.7586431920374903,0.7104561407776917,0.07407407407407407,0.9331797235023042,False,A,0.0,3294.285861140926,16806.3535383416,13512.067677200672,4,;Alanine and Aspartate Metabolism;Alternate Carbon Metabolism
b0723,b2279,sdhA,nuoK,3719.237820017231,3294.285861140926,16806.3535383416,9792.82985718344,2.3962781481000612,-0.020243500505533363,0.8418157926999568,0.7586431920374903,0.7104561407776917,0.07407407407407407,0.9331797235023042,False,A,0.0,3294.285861140926,16806.3535383416,13512.067677200672,4,;Alanine and Aspartate Metabolism;Alternate Carbon Metabolism
b0723,b2280,sdhA,nuoJ,3719.237820017231,3294.285861140926,16806.3535383416,9792.82985718344,2.3962781481000612,-0.020243500505533363,0.8418157926999568,0.7586431920374903,0.7104561407776917,0.07407407407407407,0.9331797235023042,False,A,0.0,3294.285861140926,16806.3535383416,13512.067677200672,4,;Alanine and Aspartate Metabolism;Alternate Carbon Metabolism
b0723,b2287,sdhA,nuoB,3719.237820017231,3294.285861140926,16806.3535383416,9792.82985718344,2.3962781481000612,-0.020243500505533363,0.8418157926999568,0.7586431920374903,0.7104561407776917,0.07407407407407407,0.9331797235023042,False,A,0.0,3294.285861140926,16806.3535383416,13512.067677200672,4,;Alanine and Aspartate Metabolism;Alternate Carbon Metabolism
b0723,b2286,sdhA,nuoC,3719.237820017231,3294.285861140926,16806.3535383416,9792.82985718344,2.3962781481000612,-0.020243500505533363,0.8418157926999568,0.7586431920374903,0.7104561407776917,0.07407407407407407,0.9331797235023042,False,A,0.0,3294.285861140926,16806.3535383416,13512.067677200672,4,;Alanine and Aspartate Metabolism;Alternate Carbon Metabolism
b0723,b2842,sdhA,kduD,3719.237820017231,0.0,3719.237820017231,0.0,0.9999999999999998,-1.0945121475813835e-09,0.8418157926999568,0.87699721442697,0.8418157926999568,0.0,0.0,False,X,0.0,0.0,0.0,0.0,1,
b0721,b0724,sdhC,sdhB,3719.237820017231,3719.237820017231,3719.237820017231,-3719.237820017231,0.5,0.03850649732823641,0.8418157926999568,0.8418157926999568,0.8418157926999568,1.0,1.0,False,A,0.0,0.0,0.0,0.0,1,;Alanine and Aspartate Metabolism;Alternate Carbon Metabolism
b0721,b2283,sdhC,nuoG,3719.237820017231,3294.285861140926,16806.3535383416,9792.82985718344,2.3962781481000612,-0.020243500505533363,0.8418157926999568,0.7586431920374903,0.7104561407776917,0.07407407407407407,0.9331797235023042,False,A,0.0,3294.285861140926,16806.3535383416,13512.067677200672,4,;Alanine and Aspartate Metabolism;Alternate Carbon Metabolism
b0721,b2282,sdhC,nuoH,3719.237820017231,3294.285861140926,16806.3535383416,9792.82985718344,2.3962781481000612,-0.020243500505533363,0.8418157926999568,0.7586431920374903,0.7104561407776917,0.07407407407407407,0.9331797235023042,False,A,0.0,3294.285861140926,16806.3535383416,13512.067677200672,4,;Alanine and Aspartate Metabolism;Alternate Carbon Metabolism
b0721,b2281,sdhC,nuoI,3719.237820017231,3294.285861140926,16806.3535383416,9792.82985718344,2.3962781481000612,-0.020243500505533363,0.8418157926999568,0.7586431920374903,0.7104561407776917,0.07407407407407407,0.9331797235023042,False,A,0.0,3294.285861140926,16806.3535383416,13512.067677200672,4,;Alanine and Aspartate Metabolism;Alternate Carbon Metabolism
b0721,b2288,sdhC,nuoA,3719.237820017231,3294.285861140926,16806.3535383416,9792.82985718344,2.3962781481000612,-0.020243500505533363,0.8418157926999568,0.7586431920374903,0.7104561407776917,0.07407407407407407,0.9331797235023042,False,A,0.0,3294.285861140926,16806.3535383416,13512.067677200672,4,;Alanine and Aspartate Metabolism;Alternate Carbon Metabolism
b0721,b2276,sdhC,nuoN,3719.237820017231,3294.285861140926,16806.3535383416,9792.82985718344,2.3962781481000612,-0.020243500505533363,0.8418157926999568,0.7586431920374903,0.7104561407776917,0.07407407407407407,0.9331797235023042,False,A,0.0,3294.285861140926,16806.3535383416,13512.067677200672,4,;Alanine and Aspartate Metabolism;Alternate Carbon Metabolism
b0721,b2277,sdhC,nuoM,3719.237820017231,3294.285861140926,16806.3535383416,9792.82985718344,2.3962781481000612,-0.020243500505533363,0.8418157926999568,0.7586431920374903,0.7104561407776917,0.07407407407407407,0.9331797235023042,False,A,0.0,3294.285861140926,16806.3535383416,13512.067677200672,4,;Alanine and Aspartate Metabolism;Alternate Carbon Metabolism
b0721,b2285,sdhC,nuoE,3719.237820017231,3294.285861140926,16806.3535383416,9792.82985718344,2.3962781481000612,-0.020243500505533363,0.8418157926999568,0.7586431920374903,0.7104561407776917,0.07407407407407407,0.9331797235023042,False,A,0.0,3294.285861140926,16806.3535383416,13512.067677200672,4,;Alanine and Aspartate Metabolism;Alternate Carbon Metabolism
b0721,b2284,sdhC,nuoF,3719.237820017231,3294.285861140926,16806.3535383416,9792.82985718344,2.3962781481000612,-0.020243500505533363,0.8418157926999568,0.7586431920374903,0.7104561407776917,0.07407407407407407,0.9331797235023042,False,A,0.0,3294.285861140926,16806.3535383416,13512.067677200672,4,;Alanine and Aspartate Metabolism;Alternate Carbon Metabolism
b0721,b2278,sdhC,nuoL,3719.237820017231,3294.285861140926,16806.3535383416,9792.82985718344,2.3962781481000612,-0.020243500505533363,0.8418157926999568,0.7586431920374903,0.7104561407776917,0.07407407407407407,0.9331797235023042,False,A,0.0,3294.285861140926,16806.3535383416,13512.067677200672,4,;Alanine and Aspartate Metabolism;Alternate Carbon Metabolism
b0721,b2279,sdhC,nuoK,3719.237820017231,3294.285861140926,16806.3535383416,9792.82985718344,2.3962781481000612,-0.020243500505533363,0.8418157926999568,0.7586431920374903,0.7104561407776917,0.07407407407407407,0.9331797235023042,False,A,0.0,3294.285861140926,16806.3535383416,13512.067677200672,4,;Alanine and Aspartate Metabolism;Alternate Carbon Metabolism
b0721,b2280,sdhC,nuoJ,3719.237820017231,3294.285861140926,16806.3535383416,9792.82985718344,2.3962781481000612,-0.020243500505533363,0.8418157926999568,0.7586431920374903,0.7104561407776917,0.07407407407407407,0.9331797235023042,False,A,0.0,3294.285861140926,16806.3535383416,13512.067677200672,4,;Alanine and Aspartate Metabolism;Alternate Carbon Metabolism
b0721,b2287,sdhC,nuoB,3719.237820017231,3294.285861140926,16806.3535383416,9792.82985718344,2.3962781481000612,-0.020243500505533363,0.8418157926999568,0.7586431920374903,0.7104561407776917,0.07407407407407407,0.9331797235023042,False,A,0.0,3294.285861140926,16806.3535383416,13512.067677200672,4,;Alanine and Aspartate Metabolism;Alternate Carbon Metabolism
b0721,b2286,sdhC,nuoC,3719.237820017231,3294.285861140926,16806.3535383416,9792.82985718344,2.3962781481000612,-0.020243500505533363,0.8418157926999568,0.7586431920374903,0.7104561407776917,0.07407407407407407,0.9331797235023042,False,A,0.0,3294.285861140926,16806.3535383416,13512.067677200672,4,;Alanine and Aspartate Metabolism;Alternate Carbon Metabolism
b0721,b0681,sdhC,chiP,3719.237820017231,0.0,3719.237820017231,0.0,0.9999999999999998,-1.0945121475813835e-09,0.8418157926999568,0.87699721442697,0.8418157926999568,0.0,0.0,False,X,0.0,0.0,0.0,0.0,1,
b0721,b0401,sdhC,brnQ,3719.237820017231,0.0,3719.2378200168514,-3.7971403799019754e-10,0.9999999999998976,-1.0945191419864386e-09,0.8418157926999568,0.8769972144269699,0.8418157926999505,0.0,0.0,False,X,0.0,0.0,0.0,0.0,4,
b0721,b2682,sdhC,ygaZ,3719.237820017231,0.0,3719.237820017231,0.0,0.9999999999999998,-1.0945121475813835e-09,0.8418157926999568,0.87699721442697,0.8418157926999568,0.0,0.0,False,X,0.0,0.0,0.0,0.0,1,
b0724,b2283,sdhB,nuoG,3719.237820017231,3294.285861140926,16806.3535383416,9792.82985718344,2.3962781481000612,-0.020243500505533363,0.8418157926999568,0.7586431920374903,0.7104561407776917,0.07407407407407407,0.9331797235023042,False,A,0.0,3294.285861140926,16806.3535383416,13512.067677200672,4,;Alanine and Aspartate Metabolism;Alternate Carbon Metabolism
b0724,b2282,sdhB,nuoH,3719.237820017231,3294.285861140926,16806.3535383416,9792.82985718344,2.3962781481000612,-0.020243500505533363,0.8418157926999568,0.7586431920374903,0.7104561407776917,0.07407407407407407,0.9331797235023042,False,A,0.0,3294.285861140926,16806.3535383416,13512.067677200672,4,;Alanine and Aspartate Metabolism;Alternate Carbon Metabolism
b0724,b2281,sdhB,nuoI,3719.237820017231,3294.285861140926,16806.3535383416,9792.82985718344,2.3962781481000612,-0.020243500505533363,0.8418157926999568,0.7586431920374903,0.7104561407776917,0.07407407407407407,0.9331797235023042,False,A,0.0,3294.285861140926,16806.3535383416,13512.067677200672,4,;Alanine and Aspartate Metabolism;Alternate Carbon Metabolism
b0724,b2288,sdhB,nuoA,3719.237820017231,3294.285861140926,16806.3535383416,9792.82985718344,2.3962781481000612,-0.020243500505533363,0.8418157926999568,0.7586431920374903,0.7104561407776917,0.07407407407407407,0.9331797235023042,False,A,0.0,3294.285861140926,16806.3535383416,13512.067677200672,4,;Alanine and Aspartate Metabolism;Alternate Carbon Metabolism
b0724,b2276,sdhB,nuoN,3719.237820017231,3294.285861140926,16806.3535383416,9792.82985718344,2.3962781481000612,-0.020243500505533363,0.8418157926999568,0.7586431920374903,0.7104561407776917,0.07407407407407407,0.9331797235023042,False,A,0.0,3294.285861140926,16806.3535383416,13512.067677200672,4,;Alanine and Aspartate Metabolism;Alternate Carbon Metabolism
b0724,b2277,sdhB,nuoM,3719.237820017231,3294.285861140926,16806.3535383416,9792.82985718344,2.3962781481000612,-0.020243500505533363,0.8418157926999568,0.7586431920374903,0.7104561407776917,0.07407407407407407,0.9331797235023042,False,A,0.0,3294.285861140926,16806.3535383416,13512.067677200672,4,;Alanine and Aspartate Metabolism;Alternate Carbon Metabolism
b0724,b2285,sdhB,nuoE,3719.237820017231,3294.285861140926,16806.3535383416,9792.82985718344,2.3962781481000612,-0.020243500505533363,0.8418157926999568,0.7586431920374903,0.7104561407776917,0.07407407407407407,0.9331797235023042,False,A,0.0,3294.285861140926,16806.3535383416,13512.067677200672,4,;Alanine and Aspartate Metabolism;Alternate Carbon Metabolism
b0724,b2284,sdhB,nuoF,3719.237820017231,3294.285861140926,16806.3535383416,9792.82985718344,2.3962781481000612,-0.020243500505533363,0.8418157926999568,0.7586431920374903,0.7104561407776917,0.07407407407407407,0.9331797235023042,False,A,0.0,3294.285861140926,16806.3535383416,13512.067677200672,4,;Alanine and Aspartate Metabolism;Alternate Carbon Metabolism
b0724,b2278,sdhB,nuoL,3719.237820017231,3294.285861140926,16806.3535383416,9792.82985718344,2.3962781481000612,-0.020243500505533363,0.8418157926999568,0.7586431920374903,0.7104561407776917,0.07407407407407407,0.9331797235023042,False,A,0.0,3294.285861140926,16806.3535383416,13512.067677200672,4,;Alanine and Aspartate Metabolism;Alternate Carbon Metabolism
b0724,b2279,sdhB,nuoK,3719.237820017231,3294.285861140926,16806.3535383416,9792.82985718344,2.3962781481000612,-0.020243500505533363,0.8418157926999568,0.7586431920374903,0.7104561407776917,0.07407407407407407,0.9331797235023042,False,A,0.0,3294.285861140926,16806.3535383416,13512.067677200672,4,;Alanine and Aspartate Metabolism;Alternate Carbon Metabolism
b0724,b2280,sdhB,nuoJ,3719.237820017231,3294.285861140926,16806.3535383416,9792.82985718344,2.3962781481000612,-0.020243500505533363,0.8418157926999568,0.7586431920374903,0.7104561407776917,0.07407407407407407,0.9331797235023042,False,A,0.0,3294.285861140926,16806.3535383416,13512.067677200672,4,;Alanine and Aspartate Metabolism;Alternate Carbon Metabolism
b0724,b2287,sdhB,nuoB,3719.237820017231,3294.285861140926,16806.3535383416,9792.82985718344,2.3962781481000612,-0.020243500505533363,0.8418157926999568,0.7586431920374903,0.7104561407776917,0.07407407407407407,0.9331797235023042,False,A,0.0,3294.285861140926,16806.3535383416,13512.067677200672,4,;Alanine and Aspartate Metabolism;Alternate Carbon Metabolism
b0724,b2286,sdhB,nuoC,3719.237820017231,3294.285861140926,16806.3535383416,9792.82985718344,2.3962781481000612,-0.020243500505533363,0.8418157926999568,0.7586431920374903,0.7104561407776917,0.07407407407407407,0.9331797235023042,False,A,0.0,3294.285861140926,16806.3535383416,13512.067677200672,4,;Alanine and Aspartate Metabolism;Alternate Carbon Metabolism
b0118,b1276,acnB,acnA,0.0,0.0,18884.133038132593,18884.133038132593,9442066519066296.0,-1.0000000022805087,0.8769972144269699,0.87699721442697,-0.0,0.0,0.0,True,ISO,0.0,0.0,18884.133038132593,18884.133038132593,3,
b0819,b0925,ldtB,ldtD,0.0,0.0,0.0,0.0,0.5,-1.140254335396662e-09,0.87699721442697,0.87699721442697,0.87699721442697,0.0,0.0,False,ISO,0.0,0.0,0.0,0.0,0,
b0819,b1678,ldtB,ldtE,0.0,0.0,0.0,0.0,0.5,-1.140254335396662e-09,0.87699721442697,0.87699721442697,0.87699721442697,0.0,0.0,False,ISO,0.0,0.0,0.0,0.0,0,
b0819,b1990,ldtB,ldtA,0.0,0.0,0.0,0.0,0.5,-1.140254335396662e-09,0.87699721442697,0.87699721442697,0.87699721442697,0.0,0.0,False,ISO,0.0,0.0,0.0,0.0,0,
b0819,b1113,ldtB,ldtC,0.0,0.0,0.0,0.0,0.5,-1.140254335396662e-09,0.87699721442697,0.87699721442697,0.87699721442697,0.0,0.0,False,ISO,0.0,0.0,0.0,0.0,0,
b1113,b1678,ldtC,ldtE,0.0,0.0,0.0,0.0,0.5,-1.140254335396662e-09,0.87699721442697,0.87699721442697,0.87699721442697,0.0,0.0,False,ISO,0.0,0.0,0.0,0.0,0,
b1113,b1990,ldtC,ldtA,0.0,0.0,0.0,0.0,0.5,-1.140254335396662e-09,0.87699721442697,0.87699721442697,0.87699721442697,0.0,0.0,False,ISO,0.0,0.0,0.0,0.0,0,
b1097,b2813,yceG,mltA,0.0,0.0,0.0,0.0,0.5,-1.140254335396662e-09,0.87699721442697,0.87699721442697,0.87699721442697,0.0,0.0,False,ISO,0.0,0.0,0.0,0.0,0,
b1097,b2701,yceG,mltB,0.0,0.0,0.0,0.0,0.5,-1.140254335396662e-09,0.87699721442697,0.87699721442697,0.87699721442697,0.0,0.0,False,ISO,0.0,0.0,0.0,0.0,0,
b1097,b4392,yceG,slt,0.0,0.0,0.0,0.0,0.5,-1.140254335396662e-09,0.87699721442697,0.87699721442697,0.87699721442697,0.0,0.0,False,ISO,0.0,0.0,0.0,0.0,0,
b1097,b2558,yceG,mltF,0.0,0.0,0.0,0.0,0.5,-1.140254335396662e-09,0.87699721442697,0.87699721442697,0.87699721442697,0.0,0.0,False,ISO,0.0,0.0,0.0,0.0,0,
b1097,b1193,yceG,emtA,0.0,0.0,0.0,0.0,0.5,-1.140254335396662e-09,0.87699721442697,0.87699721442697,0.87699721442697,0.0,0.0,False,ISO,0.0,0.0,0.0,0.0,0,
b1097,b2963,yceG,mltC,0.0,0.0,0.0,0.0,0.5,-1.140254335396662e-09,0.87699721442697,0.87699721442697,0.87699721442697,0.0,0.0,False,ISO,0.0,0.0,0.0,0.0,0,
b2813,b4392,mltA,slt,0.0,0.0,0.0,0.0,0.5,-1.140254335396662e-09,0.87699721442697,0.87699721442697,0.87699721442697,0.0,0.0,False,ISO,0.0,0.0,0.0,0.0,0,
b2813,b2963,mltA,mltC,0.0,0.0,0.0,0.0,0.5,-1.140254335396662e-09,0.87699721442697,0.87699721442697,0.87699721442697,0.0,0.0,False,ISO,0.0,0.0,0.0,0.0,0,
b2701,b2813,mltB,mltA,0.0,0.0,0.0,0.0,0.5,-1.140254335396662e-09,0.87699721442697,0.87699721442697,0.87699721442697,0.0,0.0,False,ISO,0.0,0.0,0.0,0.0,0,
b2701,b4392,mltB,slt,0.0,0.0,0.0,0.0,0.5,-1.140254335396662e-09,0.87699721442697,0.87699721442697,0.87699721442697,0.0,0.0,False,ISO,0.0,0.0,0.0,0.0,0,
b2701,b2963,mltB,mltC,0.0,0.0,0.0,0.0,0.5,-1.140254335396662e-09,0.87699721442697,0.87699721442697,0.87699721442697,0.0,0.0,False,ISO,0.0,0.0,0.0,0.0,0,
b0211,b1097,mltD,yceG,0.0,0.0,0.0,0.0,0.5,-1.140254335396662e-09,0.87699721442697,0.87699721442697,0.87699721442697,0.0,0.0,False,ISO,0.0,0.0,0.0,0.0,0,
b0211,b2813,mltD,mltA,0.0,0.0,0.0,0.0,0.5,-1.140254335396662e-09,0.87699721442697,0.87699721442697,0.87699721442697,0.0,0.0,False,ISO,0.0,0.0,0.0,0.0,0,
b0211,b2701,mltD,mltB,0.0,0.0,0.0,0.0,0.5,-1.140254335396662e-09,0.87699721442697,0.87699721442697,0.87699721442697,0.0,0.0,False,ISO,0.0,0.0,0.0,0.0,0,
b0211,b4392,mltD,slt,0.0,0.0,0.0,0.0,0.5,-1.140254335396662e-09,0.87699721442697,0.87699721442697,0.87699721442697,0.0,0.0,False,ISO,0.0,0.0,0.0,0.0,0,
b0211,b2558,mltD,mltF,0.0,0.0,0.0,0.0,0.5,-1.140254335396662e-09,0.87699721442697,0.87699721442697,0.87699721442697,0.0,0.0,False,ISO,0.0,0.0,0.0,0.0,0,
b0211,b1193,mltD,emtA,0.0,0.0,0.0,0.0,0.5,-1.140254335396662e-09,0.87699721442697,0.87699721442697,0.87699721442697,0.0,0.0,False,ISO,0.0,0.0,0.0,0.0,0,
b0211,b2963,mltD,mltC,0.0,0.0,0.0,0.0,0.5,-1.140254335396662e-09,0.87699721442697,0.87699721442697,0.87699721442697,0.0,0.0,False,ISO,0.0,0.0,0.0,0.0,0,
b2558,b2813,mltF,mltA,0.0,0.0,0.0,0.0,0.5,-1.140254335396662e-09,0.87699721442697,0.87699721442697,0.87699721442697,0.0,0.0,False,ISO,0.0,0.0,0.0,0.0,0,
b2558,b2701,mltF,mltB,0.0,0.0,0.0,0.0,0.5,-1.140254335396662e-09,0.87699721442697,0.87699721442697,0.87699721442697,0.0,0.0,False,ISO,0.0,0.0,0.0,0.0,0,
b2558,b4392,mltF,slt,0.0,0.0,0.0,0.0,0.5,-1.140254335396662e-09,0.87699721442697,0.87699721442697,0.87699721442697,0.0,0.0,False,ISO,0.0,0.0,0.0,0.0,0,
b2558,b2963,mltF,mltC,0.0,0.0,0.0,0.0,0.5,-1.140254335396662e-09,0.87699721442697,0.87699721442697,0.87699721442697,0.0,0.0,False,ISO,0.0,0.0,0.0,0.0,0,
b1193,b2813,emtA,mltA,0.0,0.0,0.0,0.0,0.5,-1.140254335396662e-09,0.87699721442697,0.87699721442697,0.87699721442697,0.0,0.0,False,ISO,0.0,0.0,0.0,0.0,0,
b1193,b2701,emtA,mltB,0.0,0.0,0.0,0.0,0.5,-1.140254335396662e-09,0.87699721442697,0.87699721442697,0.87699721442697,0.0,0.0,False,ISO,0.0,0.0,0.0,0.0,0,
b1193,b4392,emtA,slt,0.0,0.0,0.0,0.0,0.5,-1.140254335396662e-09,0.87699721442697,0.87699721442697,0.87699721442697,0.0,0.0,False,ISO,0.0,0.0,0.0,0.0,0,
b1193,b2558,emtA,mltF,0.0,0.0,0.0,0.0,0.5,-1.140254335396662e-09,0.87699721442697,0.87699721442697,0.87699721442697,0.0,0.0,False,ISO,0.0,0.0,0.0,0.0,0,
b1193,b2963,emtA,mltC,0.0,0.0,0.0,0.0,0.5,-1.140254335396662e-09,0.87699721442697,0.87699721442697,0.87699721442697,0.0,0.0,False,ISO,0.0,0.0,0.0,0.0,0,
b2963,b4392,mltC,slt,0.0,0.0,0.0,0.0,0.5,-1.140254335396662e-09,0.87699721442697,0.87699721442697,0.87699721442697,0.0,0.0,False,ISO,0.0,0.0,0.0,0.0,0,
b2328,b3182,mepA,dacB,0.0,0.0,0.0,0.0,0.5,-1.140254335396662e-09,0.8769972144269701,0.87699721442697,0.8769972144269701,0.0,0.0,False,ISO,0.0,0.0,0.0,0.0,2,
b2134,b2175,pbpG,mepS,0.0,0.0,0.0,0.0,0.5,-1.140254335396662e-09,0.87699721442697,0.8769972144269703,0.8769972144269703,0.0,0.0,False,ISO,0.0,0.0,0.0,0.0,2,
b2134,b3182,pbpG,dacB,0.0,0.0,0.0,0.0,0.5,-1.140254335396662e-09,0.87699721442697,0.87699721442697,0.87699721442697,0.0,0.0,False,ISO,0.0,0.0,0.0,0.0,0,
b2134,b2328,pbpG,mepA,0.0,0.0,0.0,0.0,0.5,-1.140254335396662e-09,0.87699721442697,0.8769972144269701,0.8769972144269701,0.0,0.0,False,ISO,0.0,0.0,0.0,0.0,2,
b1655,b2175,mepH,mepS,0.0,0.0,0.0,0.0,0.5,-1.140254335396662e-09,0.87699721442697,0.8769972144269703,0.8769972144269703,0.0,0.0,False,ISO,0.0,0.0,0.0,0.0,2,
b1655,b3182,mepH,dacB,0.0,0.0,0.0,0.0,0.5,-1.140254335396662e-09,0.87699721442697,0.87699721442697,0.87699721442697,0.0,0.0,False,ISO,0.0,0.0,0.0,0.0,0,
b1655,b2328,mepH,mepA,0.0,0.0,0.0,0.0,0.5,-1.140254335396662e-09,0.87699721442697,0.8769972144269701,0.8769972144269701,0.0,0.0,False,ISO,0.0,0.0,0.0,0.0,2,
b1655,b2134,mepH,pbpG,0.0,0.0,0.0,0.0,0.5,-1.140254335396662e-09,0.87699721442697,0.87699721442697,0.87699721442697,0.0,0.0,False,ISO,0.0,0.0,0.0,0.0,0,
b1655,b1856,mepH,mepM,0.0,0.0,0.0,0.0,0.5,-1.140254335396662e-09,0.87699721442697,0.87699721442697,0.87699721442697,0.0,0.0,False,ISO,0.0,0.0,0.0,0.0,0,
b1856,b2175,mepM,mepS,0.0,0.0,0.0,0.0,0.5,-1.140254335396662e-09,0.87699721442697,0.8769972144269703,0.8769972144269703,0.0,0.0,False,ISO,0.0,0.0,0.0,0.0,2,
b1856,b3182,mepM,dacB,0.0,0.0,0.0,0.0,0.5,-1.140254335396662e-09,0.87699721442697,0.87699721442697,0.87699721442697,0.0,0.0,False,ISO,0.0,0.0,0.0,0.0,0,
b1856,b2328,mepM,mepA,0.0,0.0,0.0,0.0,0.5,-1.140254335396662e-09,0.87699721442697,0.8769972144269701,0.8769972144269701,0.0,0.0,False,ISO,0.0,0.0,0.0,0.0,2,
b1856,b2134,mepM,pbpG,0.0,0.0,0.0,0.0,0.5,-1.140254335396662e-09,0.87699721442697,0.87699721442697,0.87699721442697,0.0,0.0,False,ISO,0.0,0.0,0.0,0.0,0,
b2283,b2282,nuoG,nuoH,3294.285861140926,3294.285861140926,3294.285861140926,-3294.285861140926,0.5,0.11674120097734841,0.7586431920374903,0.7586431920374903,0.7586431920374903,1.0,1.0,False,A,3294.285861140926,3294.285861140926,3294.285861140926,-3294.285861140926,3,;Alanine and Aspartate Metabolism;Alternate Carbon Metabolism
b2283,b2281,nuoG,nuoI,3294.285861140926,3294.285861140926,3294.285861140926,-3294.285861140926,0.5,0.11674120097734841,0.7586431920374903,0.7586431920374903,0.7586431920374903,1.0,1.0,False,A,3294.285861140926,3294.285861140926,3294.285861140926,-3294.285861140926,3,;Alanine and Aspartate Metabolism;Alternate Carbon Metabolism
b2283,b2288,nuoG,nuoA,3294.285861140926,3294.285861140926,3294.285861140926,-3294.285861140926,0.5,0.11674120097734841,0.7586431920374903,0.7586431920374903,0.7586431920374903,1.0,1.0,False,A,3294.285861140926,3294.285861140926,3294.285861140926,-3294.285861140926,3,;Alanine and Aspartate Metabolism;Alternate Carbon Metabolism
b2283,b2276,nuoG,nuoN,3294.285861140926,3294.285861140926,3294.285861140926,-3294.285861140926,0.5,0.11674120097734841,0.7586431920374903,0.7586431920374903,0.7586431920374903,1.0,1.0,False,A,3294.285861140926,3294.285861140926,3294.285861140926,-3294.285861140926,3,;Alanine and Aspartate Metabolism;Alternate Carbon Metabolism
b2283,b2277,nuoG,nuoM,3294.285861140926,3294.285861140926,3294.285861140926,-3294.285861140926,0.5,0.11674120097734841,0.7586431920374903,0.7586431920374903,0.7586431920374903,1.0,1.0,False,A,3294.285861140926,3294.285861140926,3294.285861140926,-3294.285861140926,3,;Alanine and Aspartate Metabolism;Alternate Carbon Metabolism
b2283,b2285,nuoG,nuoE,3294.285861140926,3294.285861140926,3294.285861140926,-3294.285861140926,0.5,0.11674120097734841,0.7586431920374903,0.7586431920374903,0.7586431920374903,1.0,1.0,False,A,3294.285861140926,3294.285861140926,3294.285861140926,-3294.285861140926,3,;Alanine and Aspartate Metabolism;Alternate Carbon Metabolism
b2283,b2284,nuoG,nuoF,3294.285861140926,3294.285861140926,3294.285861140926,-3294.285861140926,0.5,0.11674120097734841,0.7586431920374903,0.7586431920374903,0.7586431920374903,1.0,1.0,False,A,3294.285861140926,3294.285861140926,3294.285861140926,-3294.285861140926,3,;Alanine and Aspartate Metabolism;Alternate Carbon Metabolism
b2283,b2278,nuoG,nuoL,3294.285861140926,3294.285861140926,3294.285861140926,-3294.285861140926,0.5,0.11674120097734841,0.7586431920374903,0.7586431920374903,0.7586431920374903,1.0,1.0,False,A,3294.285861140926,3294.285861140926,3294.285861140926,-3294.285861140926,3,;Alanine and Aspartate Metabolism;Alternate Carbon Metabolism
b2283,b2279,nuoG,nuoK,3294.285861140926,3294.285861140926,3294.285861140926,-3294.285861140926,0.5,0.11674120097734841,0.7586431920374903,0.7586431920374903,0.7586431920374903,1.0,1.0,False,A,3294.285861140926,3294.285861140926,3294.285861140926,-3294.285861140926,3,;Alanine and Aspartate Metabolism;Alternate Carbon Metabolism
b2283,b2280,nuoG,nuoJ,3294.285861140926,3294.285861140926,3294.285861140926,-3294.285861140926,0.5,0.11674120097734841,0.7586431920374903,0.7586431920374903,0.7586431920374903,1.0,1.0,False,A,3294.285861140926,3294.285861140926,3294.285861140926,-3294.285861140926,3,;Alanine and Aspartate Metabolism;Alternate Carbon Metabolism
b2283,b2287,nuoG,nuoB,3294.285861140926,3294.285861140926,3294.285861140926,-3294.285861140926,0.5,0.11674120097734841,0.7586431920374903,0.7586431920374903,0.7586431920374903,1.0,1.0,False,A,3294.285861140926,3294.285861140926,3294.285861140926,-3294.285861140926,3,;Alanine and Aspartate Metabolism;Alternate Carbon Metabolism
b2283,b2286,nuoG,nuoC,3294.285861140926,3294.285861140926,3294.285861140926,-3294.285861140926,0.5,0.11674120097734841,0.7586431920374903,0.7586431920374903,0.7586431920374903,1.0,1.0,False,A,3294.285861140926,3294.285861140926,3294.285861140926,-3294.285861140926,3,;Alanine and Aspartate Metabolism;Alternate Carbon Metabolism
b2282,b2281,nuoH,nuoI,3294.285861140926,3294.285861140926,3294.285861140926,-3294.285861140926,0.5,0.11674120097734841,0.7586431920374903,0.7586431920374903,0.7586431920374903,1.0,1.0,False,A,3294.285861140926,3294.285861140926,3294.285861140926,-3294.285861140926,3,;Alanine and Aspartate Metabolism;Alternate Carbon Metabolism
b2282,b2288,nuoH,nuoA,3294.285861140926,3294.285861140926,3294.285861140926,-3294.285861140926,0.5,0.11674120097734841,0.7586431920374903,0.7586431920374903,0.7586431920374903,1.0,1.0,False,A,3294.285861140926,3294.285861140926,3294.285861140926,-3294.285861140926,3,;Alanine and Aspartate Metabolism;Alternate Carbon Metabolism
b2282,b2276,nuoH,nuoN,3294.285861140926,3294.285861140926,3294.285861140926,-3294.285861140926,0.5,0.11674120097734841,0.7586431920374903,0.7586431920374903,0.7586431920374903,1.0,1.0,False,A,3294.285861140926,3294.285861140926,3294.285861140926,-3294.285861140926,3,;Alanine and Aspartate Metabolism;Alternate Carbon Metabolism
b2282,b2277,nuoH,nuoM,3294.285861140926,3294.285861140926,3294.285861140926,-3294.285861140926,0.5,0.11674120097734841,0.7586431920374903,0.7586431920374903,0.7586431920374903,1.0,1.0,False,A,3294.285861140926,3294.285861140926,3294.285861140926,-3294.285861140926,3,;Alanine and Aspartate Metabolism;Alternate Carbon Metabolism
b2282,b2285,nuoH,nuoE,3294.285861140926,3294.285861140926,3294.285861140926,-3294.285861140926,0.5,0.11674120097734841,0.7586431920374903,0.7586431920374903,0.7586431920374903,1.0,1.0,False,A,3294.285861140926,3294.285861140926,3294.285861140926,-3294.285861140926,3,;Alanine and Aspartate Metabolism;Alternate Carbon Metabolism
b2282,b2284,nuoH,nuoF,3294.285861140926,3294.285861140926,3294.285861140926,-3294.285861140926,0.5,0.11674120097734841,0.7586431920374903,0.7586431920374903,0.7586431920374903,1.0,1.0,False,A,3294.285861140926,3294.285861140926,3294.285861140926,-3294.285861140926,3,;Alanine and Aspartate Metabolism;Alternate Carbon Metabolism
b2282,b2278,nuoH,nuoL,3294.285861140926,3294.285861140926,3294.285861140926,-3294.285861140926,0.5,0.11674120097734841,0.7586431920374903,0.7586431920374903,0.7586431920374903,1.0,1.0,False,A,3294.285861140926,3294.285861140926,3294.285861140926,-3294.285861140926,3,;Alanine and Aspartate Metabolism;Alternate Carbon Metabolism
b2282,b2279,nuoH,nuoK,3294.285861140926,3294.285861140926,3294.285861140926,-3294.285861140926,0.5,0.11674120097734841,0.7586431920374903,0.7586431920374903,0.7586431920374903,1.0,1.0,False,A,3294.285861140926,3294.285861140926,3294.285861140926,-3294.285861140926,3,;Alanine and Aspartate Metabolism;Alternate Carbon Metabolism
b2282,b2280,nuoH,nuoJ,3294.285861140926,3294.285861140926,3294.285861140926,-3294.285861140926,0.5,0.11674120097734841,0.7586431920374903,0.7586431920374903,0.7586431920374903,1.0,1.0,False,A,3294.285861140926,3294.285861140926,3294.285861140926,-3294.285861140926,3,;Alanine and Aspartate Metabolism;Alternate Carbon Metabolism
b2282,b2287,nuoH,nuoB,3294.285861140926,3294.285861140926,3294.285861140926,-3294.285861140926,0.5,0.11674120097734841,0.7586431920374903,0.7586431920374903,0.7586431920374903,1.0,1.0,False,A,3294.285861140926,3294.285861140926,3294.285861140926,-3294.285861140926,3,;Alanine and Aspartate Metabolism;Alternate Carbon Metabolism
b2282,b2286,nuoH,nuoC,3294.285861140926,3294.285861140926,3294.285861140926,-3294.285861140926,0.5,0.11674120097734841,0.7586431920374903,0.7586431920374903,0.7586431920374903,1.0,1.0,False,A,3294.285861140926,3294.285861140926,3294.285861140926,-3294.285861140926,3,;Alanine and Aspartate Metabolism;Alternate Carbon Metabolism
b2281,b2288,nuoI,nuoA,3294.285861140926,3294.285861140926,3294.285861140926,-3294.285861140926,0.5,0.11674120097734841,0.7586431920374903,0.7586431920374903,0.7586431920374903,1.0,1.0,False,A,3294.285861140926,3294.285861140926,3294.285861140926,-3294.285861140926,3,;Alanine and Aspartate Metabolism;Alternate Carbon Metabolism
b2281,b2276,nuoI,nuoN,3294.285861140926,3294.285861140926,3294.285861140926,-3294.285861140926,0.5,0.11674120097734841,0.7586431920374903,0.7586431920374903,0.7586431920374903,1.0,1.0,False,A,3294.285861140926,3294.285861140926,3294.285861140926,-3294.285861140926,3,;Alanine and Aspartate Metabolism;Alternate Carbon Metabolism
b2281,b2277,nuoI,nuoM,3294.285861140926,3294.285861140926,3294.285861140926,-3294.285861140926,0.5,0.11674120097734841,0.7586431920374903,0.7586431920374903,0.7586431920374903,1.0,1.0,False,A,3294.285861140926,3294.285861140926,3294.285861140926,-3294.285861140926,3,;Alanine and Aspartate Metabolism;Alternate Carbon Metabolism
b2281,b2285,nuoI,nuoE,3294.285861140926,3294.285861140926,3294.285861140926,-3294.285861140926,0.5,0.11674120097734841,0.7586431920374903,0.7586431920374903,0.7586431920374903,1.0,1.0,False,A,3294.285861140926,3294.285861140926,3294.285861140926,-3294.285861140926,3,;Alanine and Aspartate Metabolism;Alternate Carbon Metabolism
b2281,b2284,nuoI,nuoF,3294.285861140926,3294.285861140926,3294.285861140926,-3294.285861140926,0.5,0.11674120097734841,0.7586431920374903,0.7586431920374903,0.7586431920374903,1.0,1.0,False,A,3294.285861140926,3294.285861140926,3294.285861140926,-3294.285861140926,3,;Alanine and Aspartate Metabolism;Alternate Carbon Metabolism
b2281,b2278,nuoI,nuoL,3294.285861140926,3294.285861140926,3294.285861140926,-3294.285861140926,0.5,0.11674120097734841,0.7586431920374903,0.7586431920374903,0.7586431920374903,1.0,1.0,False,A,3294.285861140926,3294.285861140926,3294.285861140926,-3294.285861140926,3,;Alanine and Aspartate Metabolism;Alternate Carbon Metabolism
b2281,b2279,nuoI,nuoK,3294.285861140926,3294.285861140926,3294.285861140926,-3294.285861140926,0.5,0.11674120097734841,0.7586431920374903,0.7586431920374903,0.7586431920374903,1.0,1.0,False,A,3294.285861140926,3294.285861140926,3294.285861140926,-3294.285861140926,3,;Alanine and Aspartate Metabolism;Alternate Carbon Metabolism
b2281,b2280,nuoI,nuoJ,3294.285861140926,3294.285861140926,3294.285861140926,-3294.285861140926,0.5,0.11674120097734841,0.7586431920374903,0.7586431920374903,0.7586431920374903,1.0,1.0,False,A,3294.285861140926,3294.285861140926,3294.285861140926,-3294.285861140926,3,;Alanine and Aspartate Metabolism;Alternate Carbon Metabolism
b2281,b2287,nuoI,nuoB,3294.285861140926,3294.285861140926,3294.285861140926,-3294.285861140926,0.5,0.11674120097734841,0.7586431920374903,0.7586431920374903,0.7586431920374903,1.0,1.0,False,A,3294.285861140926,3294.285861140926,3294.285861140926,-3294.285861140926,3,;Alanine and Aspartate Metabolism;Alternate Carbon Metabolism
b2281,b2286,nuoI,nuoC,3294.285861140926,3294.285861140926,3294.285861140926,-3294.285861140926,0.5,0.11674120097734841,0.7586431920374903,0.7586431920374903,0.7586431920374903,1.0,1.0,False,A,3294.285861140926,3294.285861140926,3294.285861140926,-3294.285861140926,3,;Alanine and Aspartate Metabolism;Alternate Carbon Metabolism
b2281,b4101,nuoI,phnG,3294.285861140926,0.0,3294.285861140926,0.0,0.9999999999999998,-9.86372761246912e-10,0.7586431920374903,0.87699721442697,0.7586431920374903,0.0,0.0,False,X,3294.285861140926,0.0,3294.285861140926,0.0,4,
b2288,b2276,nuoA,nuoN,3294.285861140926,3294.285861140926,3294.285861140926,-3294.285861140926,0.5,0.11674120097734841,0.7586431920374903,0.7586431920374903,0.7586431920374903,1.0,1.0,False,A,3294.285861140926,3294.285861140926,3294.285861140926,-3294.285861140926,3,;Alanine and Aspartate Metabolism;Alternate Carbon Metabolism
b2288,b2277,nuoA,nuoM,3294.285861140926,3294.285861140926,3294.285861140926,-3294.285861140926,0.5,0.11674120097734841,0.7586431920374903,0.7586431920374903,0.7586431920374903,1.0,1.0,False,A,3294.285861140926,3294.285861140926,3294.285861140926,-3294.285861140926,3,;Alanine and Aspartate Metabolism;Alternate Carbon Metabolism
b2288,b2285,nuoA,nuoE,3294.285861140926,3294.285861140926,3294.285861140926,-3294.285861140926,0.5,0.11674120097734841,0.7586431920374903,0.7586431920374903,0.7586431920374903,1.0,1.0,False,A,3294.285861140926,3294.285861140926,3294.285861140926,-3294.285861140926,3,;Alanine and Aspartate Metabolism;Alternate Carbon Metabolism
b2288,b2284,nuoA,nuoF,3294.285861140926,3294.285861140926,3294.285861140926,-3294.285861140926,0.5,0.11674120097734841,0.7586431920374903,0.7586431920374903,0.7586431920374903,1.0,1.0,False,A,3294.285861140926,3294.285861140926,3294.285861140926,-3294.285861140926,3,;Alanine and Aspartate Metabolism;Alternate Carbon Metabolism
b2288,b2278,nuoA,nuoL,3294.285861140926,3294.285861140926,3294.285861140926,-3294.285861140926,0.5,0.11674120097734841,0.7586431920374903,0.7586431920374903,0.7586431920374903,1.0,1.0,False,A,3294.285861140926,3294.285861140926,3294.285861140926,-3294.285861140926,3,;Alanine and Aspartate Metabolism;Alternate Carbon Metabolism
b2288,b2279,nuoA,nuoK,3294.285861140926,3294.285861140926,3294.285861140926,-3294.285861140926,0.5,0.11674120097734841,0.7586431920374903,0.7586431920374903,0.7586431920374903,1.0,1.0,False,A,3294.285861140926,3294.285861140926,3294.285861140926,-3294.285861140926,3,;Alanine and Aspartate Metabolism;Alternate Carbon Metabolism
b2288,b2280,nuoA,nuoJ,3294.285861140926,3294.285861140926,3294.285861140926,-3294.285861140926,0.5,0.11674120097734841,0.7586431920374903,0.7586431920374903,0.7586431920374903,1.0,1.0,False,A,3294.285861140926,3294.285861140926,3294.285861140926,-3294.285861140926,3,;Alanine and Aspartate Metabolism;Alternate Carbon Metabolism
b2288,b2287,nuoA,nuoB,3294.285861140926,3294.285861140926,3294.285861140926,-3294.285861140926,0.5,0.11674120097734841,0.7586431920374903,0.7586431920374903,0.7586431920374903,1.0,1.0,False,A,3294.285861140926,3294.285861140926,3294.285861140926,-3294.285861140926,3,;Alanine and Aspartate Metabolism;Alternate Carbon Metabolism
b2288,b2286,nuoA,nuoC,3294.285861140926,3294.285861140926,3294.285861140926,-3294.285861140926,0.5,0.11674120097734841,0.7586431920374903,0.7586431920374903,0.7586431920374903,1.0,1.0,False,A,3294.285861140926,3294.285861140926,3294.285861140926,-3294.285861140926,3,;Alanine and Aspartate Metabolism;Alternate Carbon Metabolism
b2276,b2277,nuoN,nuoM,3294.285861140926,3294.285861140926,3294.285861140926,-3294.285861140926,0.5,0.11674120097734841,0.7586431920374903,0.7586431920374903,0.7586431920374903,1.0,1.0,False,A,3294.285861140926,3294.285861140926,3294.285861140926,-3294.285861140926,3,;Alanine and Aspartate Metabolism;Alternate Carbon Metabolism
b2276,b2285,nuoN,nuoE,3294.285861140926,3294.285861140926,3294.285861140926,-3294.285861140926,0.5,0.11674120097734841,0.7586431920374903,0.7586431920374903,0.7586431920374903,1.0,1.0,False,A,3294.285861140926,3294.285861140926,3294.285861140926,-3294.285861140926,3,;Alanine and Aspartate Metabolism;Alternate Carbon Metabolism
b2276,b2284,nuoN,nuoF,3294.285861140926,3294.285861140926,3294.285861140926,-3294.285861140926,0.5,0.11674120097734841,0.7586431920374903,0.7586431920374903,0.7586431920374903,1.0,1.0,False,A,3294.285861140926,3294.285861140926,3294.285861140926,-3294.285861140926,3,;Alanine and Aspartate Metabolism;Alternate Carbon Metabolism
b2276,b2278,nuoN,nuoL,3294.285861140926,3294.285861140926,3294.285861140926,-3294.285861140926,0.5,0.11674120097734841,0.7586431920374903,0.7586431920374903,0.7586431920374903,1.0,1.0,False,A,3294.285861140926,3294.285861140926,3294.285861140926,-3294.285861140926,3,;Alanine and Aspartate Metabolism;Alternate Carbon Metabolism
b2276,b2279,nuoN,nuoK,3294.285861140926,3294.285861140926,3294.285861140926,-3294.285861140926,0.5,0.11674120097734841,0.7586431920374903,0.7586431920374903,0.7586431920374903,1.0,1.0,False,A,3294.285861140926,3294.285861140926,3294.285861140926,-3294.285861140926,3,;Alanine and Aspartate Metabolism;Alternate Carbon Metabolism
b2276,b2280,nuoN,nuoJ,3294.285861140926,3294.285861140926,3294.285861140926,-3294.285861140926,0.5,0.11674120097734841,0.7586431920374903,0.7586431920374903,0.7586431920374903,1.0,1.0,False,A,3294.285861140926,3294.285861140926,3294.285861140926,-3294.285861140926,3,;Alanine and Aspartate Metabolism;Alternate Carbon Metabolism
b2276,b2287,nuoN,nuoB,3294.285861140926,3294.285861140926,3294.285861140926,-3294.285861140926,0.5,0.11674120097734841,0.7586431920374903,0.7586431920374903,0.7586431920374903,1.0,1.0,False,A,3294.285861140926,3294.285861140926,3294.285861140926,-3294.285861140926,3,;Alanine and Aspartate Metabolism;Alternate Carbon Metabolism
b2276,b2286,nuoN,nuoC,3294.285861140926,3294.285861140926,3294.285861140926,-3294.285861140926,0.5,0.11674120097734841,0.7586431920374903,0.7586431920374903,0.7586431920374903,1.0,1.0,False,A,3294.285861140926,3294.285861140926,3294.285861140926,-3294.285861140926,3,;Alanine and Aspartate Metabolism;Alternate Carbon Metabolism
b2276,b2682,nuoN,ygaZ,3294.285861140926,0.0,3294.285861140926,0.0,0.9999999999999998,-9.86372761246912e-10,0.7586431920374903,0.87699721442697,0.7586431920374903,0.0,0.0,False,X,3294.285861140926,0.0,3294.285861140926,0.0,3,
b2277,b2285,nuoM,nuoE,3294.285861140926,3294.285861140926,3294.285861140926,-3294.285861140926,0.5,0.11674120097734841,0.7586431920374903,0.7586431920374903,0.7586431920374903,1.0,1.0,False,A,3294.285861140926,3294.285861140926,3294.285861140926,-3294.285861140926,3,;Alanine and Aspartate Metabolism;Alternate Carbon Metabolism
b2277,b2284,nuoM,nuoF,3294.285861140926,3294.285861140926,3294.285861140926,-3294.285861140926,0.5,0.11674120097734841,0.7586431920374903,0.7586431920374903,0.7586431920374903,1.0,1.0,False,A,3294.285861140926,3294.285861140926,3294.285861140926,-3294.285861140926,3,;Alanine and Aspartate Metabolism;Alternate Carbon Metabolism
b2277,b2278,nuoM,nuoL,3294.285861140926,3294.285861140926,3294.285861140926,-3294.285861140926,0.5,0.11674120097734841,0.7586431920374903,0.7586431920374903,0.7586431920374903,1.0,1.0,False,A,3294.285861140926,3294.285861140926,3294.285861140926,-3294.285861140926,3,;Alanine and Aspartate Metabolism;Alternate Carbon Metabolism
b2277,b2279,nuoM,nuoK,3294.285861140926,3294.285861140926,3294.285861140926,-3294.285861140926,0.5,0.11674120097734841,0.7586431920374903,0.7586431920374903,0.7586431920374903,1.0,1.0,False,A,3294.285861140926,3294.285861140926,3294.285861140926,-3294.285861140926,3,;Alanine and Aspartate Metabolism;Alternate Carbon Metabolism
b2277,b2280,nuoM,nuoJ,3294.285861140926,3294.285861140926,3294.285861140926,-3294.285861140926,0.5,0.11674120097734841,0.7586431920374903,0.7586431920374903,0.7586431920374903,1.0,1.0,False,A,3294.285861140926,3294.285861140926,3294.285861140926,-3294.285861140926,3,;Alanine and Aspartate Metabolism;Alternate Carbon Metabolism
b2277,b2287,nuoM,nuoB,3294.285861140926,3294.285861140926,3294.285861140926,-3294.285861140926,0.5,0.11674120097734841,0.7586431920374903,0.7586431920374903,0.7586431920374903,1.0,1.0,False,A,3294.285861140926,3294.285861140926,3294.285861140926,-3294.285861140926,3,;Alanine and Aspartate Metabolism;Alternate Carbon Metabolism
b2277,b2286,nuoM,nuoC,3294.285861140926,3294.285861140926,3294.285861140926,-3294.285861140926,0.5,0.11674120097734841,0.7586431920374903,0.7586431920374903,0.7586431920374903,1.0,1.0,False,A,3294.285861140926,3294.285861140926,3294.285861140926,-3294.285861140926,3,;Alanine and Aspartate Metabolism;Alternate Carbon Metabolism
b2277,b0401,nuoM,brnQ,3294.285861140926,0.0,3294.2858611403362,-5.89807314099744e-10,0.9999999999998207,-9.86372761246912e-10,0.7586431920374903,0.8769972144269699,0.7586431920374903,0.0,0.0,False,X,3294.285861140926,0.0,3294.2858611403362,-5.89807314099744e-10,6,
b2277,b4101,nuoM,phnG,3294.285861140926,0.0,3294.285861140926,0.0,0.9999999999999998,-9.86372761246912e-10,0.7586431920374903,0.87699721442697,0.7586431920374903,0.0,0.0,False,X,3294.285861140926,0.0,3294.285861140926,0.0,4,
b2285,b2284,nuoE,nuoF,3294.285861140926,3294.285861140926,3294.285861140926,-3294.285861140926,0.5,0.11674120097734841,0.7586431920374903,0.7586431920374903,0.7586431920374903,1.0,1.0,False,A,3294.285861140926,3294.285861140926,3294.285861140926,-3294.285861140926,3,;Alanine and Aspartate Metabolism;Alternate Carbon Metabolism
b2285,b2278,nuoE,nuoL,3294.285861140926,3294.285861140926,3294.285861140926,-3294.285861140926,0.5,0.11674120097734841,0.7586431920374903,0.7586431920374903,0.7586431920374903,1.0,1.0,False,A,3294.285861140926,3294.285861140926,3294.285861140926,-3294.285861140926,3,;Alanine and Aspartate Metabolism;Alternate Carbon Metabolism
b2285,b2279,nuoE,nuoK,3294.285861140926,3294.285861140926,3294.285861140926,-3294.285861140926,0.5,0.11674120097734841,0.7586431920374903,0.7586431920374903,0.7586431920374903,1.0,1.0,False,A,3294.285861140926,3294.285861140926,3294.285861140926,-3294.285861140926,3,;Alanine and Aspartate Metabolism;Alternate Carbon Metabolism
b2285,b2280,nuoE,nuoJ,3294.285861140926,3294.285861140926,3294.285861140926,-3294.285861140926,0.5,0.11674120097734841,0.7586431920374903,0.7586431920374903,0.7586431920374903,1.0,1.0,False,A,3294.285861140926,3294.285861140926,3294.285861140926,-3294.285861140926,3,;Alanine and Aspartate Metabolism;Alternate Carbon Metabolism
b2285,b2287,nuoE,nuoB,3294.285861140926,3294.285861140926,3294.285861140926,-3294.285861140926,0.5,0.11674120097734841,0.7586431920374903,0.7586431920374903,0.7586431920374903,1.0,1.0,False,A,3294.285861140926,3294.285861140926,3294.285861140926,-3294.285861140926,3,;Alanine and Aspartate Metabolism;Alternate Carbon Metabolism
b2285,b2286,nuoE,nuoC,3294.285861140926,3294.285861140926,3294.285861140926,-3294.285861140926,0.5,0.11674120097734841,0.7586431920374903,0.7586431920374903,0.7586431920374903,1.0,1.0,False,A,3294.285861140926,3294.285861140926,3294.285861140926,-3294.285861140926,3,;Alanine and Aspartate Metabolism;Alternate Carbon Metabolism
b2285,b1473,nuoE,yddG,3294.285861140926,0.0,3294.285861140348,-5.779838829766959e-10,0.9999999999998243,-9.863722061353997e-10,0.7586431920374903,0.8769972144269699,0.7586431920374909,0.0,0.0,False,X,3294.285861140926,0.0,3294.285861140348,-5.779838829766959e-10,6,
b2284,b2278,nuoF,nuoL,3294.285861140926,3294.285861140926,3294.285861140926,-3294.285861140926,0.5,0.11674120097734841,0.7586431920374903,0.7586431920374903,0.7586431920374903,1.0,1.0,False,A,3294.285861140926,3294.285861140926,3294.285861140926,-3294.285861140926,3,;Alanine and Aspartate Metabolism;Alternate Carbon Metabolism
b2284,b2279,nuoF,nuoK,3294.285861140926,3294.285861140926,3294.285861140926,-3294.285861140926,0.5,0.11674120097734841,0.7586431920374903,0.7586431920374903,0.7586431920374903,1.0,1.0,False,A,3294.285861140926,3294.285861140926,3294.285861140926,-3294.285861140926,3,;Alanine and Aspartate Metabolism;Alternate Carbon Metabolism
b2284,b2280,nuoF,nuoJ,3294.285861140926,3294.285861140926,3294.285861140926,-3294.285861140926,0.5,0.11674120097734841,0.7586431920374903,0.7586431920374903,0.7586431920374903,1.0,1.0,False,A,3294.285861140926,3294.285861140926,3294.285861140926,-3294.285861140926,3,;Alanine and Aspartate Metabolism;Alternate Carbon Metabolism
b2284,b2287,nuoF,nuoB,3294.285861140926,3294.285861140926,3294.285861140926,-3294.285861140926,0.5,0.11674120097734841,0.7586431920374903,0.7586431920374903,0.7586431920374903,1.0,1.0,False,A,3294.285861140926,3294.285861140926,3294.285861140926,-3294.285861140926,3,;Alanine and Aspartate Metabolism;Alternate Carbon Metabolism
b2284,b2286,nuoF,nuoC,3294.285861140926,3294.285861140926,3294.285861140926,-3294.285861140926,0.5,0.11674120097734841,0.7586431920374903,0.7586431920374903,0.7586431920374903,1.0,1.0,False,A,3294.285861140926,3294.285861140926,3294.285861140926,-3294.285861140926,3,;Alanine and Aspartate Metabolism;Alternate Carbon Metabolism
b2284,b4101,nuoF,phnG,3294.285861140926,0.0,3294.285861140926,0.0,0.9999999999999998,-9.86372761246912e-10,0.7586431920374903,0.87699721442697,0.7586431920374903,0.0,0.0,False,X,3294.285861140926,0.0,3294.285861140926,0.0,4,
b2278,b2279,nuoL,nuoK,3294.285861140926,3294.285861140926,3294.285861140926,-3294.285861140926,0.5,0.11674120097734841,0.7586431920374903,0.7586431920374903,0.7586431920374903,1.0,1.0,False,A,3294.285861140926,3294.285861140926,3294.285861140926,-3294.285861140926,3,;Alanine and Aspartate Metabolism;Alternate Carbon Metabolism
b2278,b2280,nuoL,nuoJ,3294.285861140926,3294.285861140926,3294.285861140926,-3294.285861140926,0.5,0.11674120097734841,0.7586431920374903,0.7586431920374903,0.7586431920374903,1.0,1.0,False,A,3294.285861140926,3294.285861140926,3294.285861140926,-3294.285861140926,3,;Alanine and Aspartate Metabolism;Alternate Carbon Metabolism
b2278,b2287,nuoL,nuoB,3294.285861140926,3294.285861140926,3294.285861140926,-3294.285861140926,0.5,0.11674120097734841,0.7586431920374903,0.7586431920374903,0.7586431920374903,1.0,1.0,False,A,3294.285861140926,3294.285861140926,3294.285861140926,-3294.285861140926,3,;Alanine and Aspartate Metabolism;Alternate Carbon Metabolism
b2278,b2286,nuoL,nuoC,3294.285861140926,3294.285861140926,3294.285861140926,-3294.285861140926,0.5,0.11674120097734841,0.7586431920374903,0.7586431920374903,0.7586431920374903,1.0,1.0,False,A,3294.285861140926,3294.285861140926,3294.285861140926,-3294.285861140926,3,;Alanine and Aspartate Metabolism;Alternate Carbon Metabolism
b2278,b0681,nuoL,chiP,3294.285861140926,0.0,3294.285861140926,0.0,0.9999999999999998,-9.86372761246912e-10,0.7586431920374903,0.87699721442697,0.7586431920374903,0.0,0.0,False,X,3294.285861140926,0.0,3294.285861140926,0.0,3,
b2278,b0401,nuoL,brnQ,3294.285861140926,0.0,3294.2858611403362,-5.89807314099744e-10,0.9999999999998207,-9.86372761246912e-10,0.7586431920374903,0.8769972144269699,0.7586431920374903,0.0,0.0,False,X,3294.285861140926,0.0,3294.2858611403362,-5.89807314099744e-10,6,
b2278,b4101,nuoL,phnG,3294.285861140926,0.0,3294.285861140926,0.0,0.9999999999999998,-9.86372761246912e-10,0.7586431920374903,0.87699721442697,0.7586431920374903,0.0,0.0,False,X,3294.285861140926,0.0,3294.285861140926,0.0,4,
b2279,b2280,nuoK,nuoJ,3294.285861140926,3294.285861140926,3294.285861140926,-3294.285861140926,0.5,0.11674120097734841,0.7586431920374903,0.7586431920374903,0.7586431920374903,1.0,1.0,False,A,3294.285861140926,3294.285861140926,3294.285861140926,-3294.285861140926,3,;Alanine and Aspartate Metabolism;Alternate Carbon Metabolism
b2279,b2287,nuoK,nuoB,3294.285861140926,3294.285861140926,3294.285861140926,-3294.285861140926,0.5,0.11674120097734841,0.7586431920374903,0.7586431920374903,0.7586431920374903,1.0,1.0,False,A,3294.285861140926,3294.285861140926,3294.285861140926,-3294.285861140926,3,;Alanine and Aspartate Metabolism;Alternate Carbon Metabolism
b2279,b2286,nuoK,nuoC,3294.285861140926,3294.285861140926,3294.285861140926,-3294.285861140926,0.5,0.11674120097734841,0.7586431920374903,0.7586431920374903,0.7586431920374903,1.0,1.0,False,A,3294.285861140926,3294.285861140926,3294.285861140926,-3294.285861140926,3,;Alanine and Aspartate Metabolism;Alternate Carbon Metabolism
b2280,b2287,nuoJ,nuoB,3294.285861140926,3294.285861140926,3294.285861140926,-3294.285861140926,0.5,0.11674120097734841,0.7586431920374903,0.7586431920374903,0.7586431920374903,1.0,1.0,False,A,3294.285861140926,3294.285861140926,3294.285861140926,-3294.285861140926,3,;Alanine and Aspartate Metabolism;Alternate Carbon Metabolism
b2280,b2286,nuoJ,nuoC,3294.285861140926,3294.285861140926,3294.285861140926,-3294.285861140926,0.5,0.11674120097734841,0.7586431920374903,0.7586431920374903,0.7586431920374903,1.0,1.0,False,A,3294.285861140926,3294.285861140926,3294.285861140926,-3294.285861140926,3,;Alanine and Aspartate Metabolism;Alternate Carbon Metabolism
b2280,b2842,nuoJ,kduD,3294.285861140926,0.0,3294.285861140926,0.0,0.9999999999999998,-9.86372761246912e-10,0.7586431920374903,0.87699721442697,0.7586431920374903,0.0,0.0,False,X,3294.285861140926,0.0,3294.285861140926,0.0,3,
b2287,b2286,nuoB,nuoC,3294.285861140926,3294.285861140926,3294.285861140926,-3294.285861140926,0.5,0.11674120097734841,0.7586431920374903,0.7586431920374903,0.7586431920374903,1.0,1.0,False,A,3294.285861140926,3294.285861140926,3294.285861140926,-3294.285861140926,3,;Alanine and Aspartate Metabolism;Alternate Carbon Metabolism
b2287,b2682,nuoB,ygaZ,3294.285861140926,0.0,3294.285861140926,0.0,0.9999999999999998,-9.86372761246912e-10,0.7586431920374903,0.87699721442697,0.7586431920374903,0.0,0.0,False,X,3294.285861140926,0.0,3294.285861140926,0.0,3,
b2286,b0681,nuoC,chiP,3294.285861140926,0.0,3294.285861140926,0.0,0.9999999999999998,-9.86372761246912e-10,0.7586431920374903,0.87699721442697,0.7586431920374903,0.0,0.0,False,X,3294.285861140926,0.0,3294.285861140926,0.0,3,
b1801,b4111,yeaV,proP,0.0,0.0,0.0,0.0,0.5,-1.1402541133520572e-09,0.87699721442697,0.87699721442697,0.8769972144269701,0.0,0.0,False,ISO,0.0,0.0,0.0,0.0,4,
b1801,b4208,yeaV,cycA,0.0,0.007196756342227526,0.007196756342193781,-3.374557577817683e-14,0.9999999998563596,-1.1395842047789984e-09,0.87699721442697,0.8764818621822209,0.876481862182221,0.0,0.0,False,ISO,0.0,0.0,0.0,0.0,4,
b0874,b2923,lysO,argO,0.0,0.0,0.0,0.0,0.5,-1.140254335396662e-09,0.87699721442697,0.8769972144269701,0.8769972144269701,0.0,0.0,False,ISO,0.0,0.0,0.0,0.0,2,
b1734,b3721,chbF,bglB,0.0,0.0,0.0,0.0,0.5,-1.140254335396662e-09,0.87699721442697,0.87699721442697,0.87699721442697,0.0,0.0,False,ISO,0.0,0.0,0.0,0.0,1,
b1734,b2716,chbF,ascB,0.0,0.0,0.0,0.0,0.5,-1.140254335396662e-09,0.87699721442697,0.87699721442697,0.87699721442697,0.0,0.0,False,ISO,0.0,0.0,0.0,0.0,1,
b0314,b1801,betT,yeaV,0.0,0.0,0.0,0.0,0.5,-1.1402541133520572e-09,0.87699721442697,0.87699721442697,0.8769972144269701,0.0,0.0,False,ISO,0.0,0.0,0.0,0.0,1,
b4130,b4208,dtpC,cycA,0.0,0.007196756342227526,0.007196756342219783,-7.742938235022478e-15,0.9999999998599727,-1.1395843158013008e-09,0.87699721442697,0.8764818621822209,0.8764818621822209,0.0,0.0,False,ISO,0.0,0.0,0.0,0.0,4,
b0684,b2895,fldA,fldB,0.0,0.0,18414.902542344007,18414.902542344007,9207451271172004.0,-1.0000000022805087,0.87699721442697,0.87699721442697,-0.0,0.0,0.0,True,ISO,0.0,0.0,18414.902542344007,18414.902542344007,7,
b1535,b1794,dgcZ,yeaP,0.0,0.0,0.0,0.0,0.5,-1.140254335396662e-09,0.87699721442697,0.87699721442697,0.87699721442697,0.0,0.0,False,ISO,0.0,0.0,0.0,0.0,0,
b1490,b1535,dosC,dgcZ,0.0,0.0,0.0,0.0,0.5,-1.140254335396662e-09,0.87699721442697,0.87699721442697,0.87699721442697,0.0,0.0,False,ISO,0.0,0.0,0.0,0.0,0,
b1490,b1794,dosC,yeaP,0.0,0.0,0.0,0.0,0.5,-1.140254335396662e-09,0.87699721442697,0.87699721442697,0.87699721442697,0.0,0.0,False,ISO,0.0,0.0,0.0,0.0,0,
b1341,b1535,ydaM,dgcZ,0.0,0.0,0.0,0.0,0.5,-1.140254335396662e-09,0.87699721442697,0.87699721442697,0.87699721442697,0.0,0.0,False,ISO,0.0,0.0,0.0,0.0,0,
b1341,b1490,ydaM,dosC,0.0,0.0,0.0,0.0,0.5,-1.140254335396662e-09,0.87699721442697,0.87699721442697,0.87699721442697,0.0,0.0,False,ISO,0.0,0.0,0.0,0.0,0,
b1341,b1794,ydaM,yeaP,0.0,0.0,0.0,0.0,0.5,-1.140254335396662e-09,0.87699721442697,0.87699721442697,0.87699721442697,0.0,0.0,False,ISO,0.0,0.0,0.0,0.0,0,
b1025,b1535,ycdT,dgcZ,0.0,0.0,0.0,0.0,0.5,-1.140254335396662e-09,0.87699721442697,0.87699721442697,0.87699721442697,0.0,0.0,False,ISO,0.0,0.0,0.0,0.0,0,
b1025,b1490,ycdT,dosC,0.0,0.0,0.0,0.0,0.5,-1.140254335396662e-09,0.87699721442697,0.87699721442697,0.87699721442697,0.0,0.0,False,ISO,0.0,0.0,0.0,0.0,0,
b1025,b1794,ycdT,yeaP,0.0,0.0,0.0,0.0,0.5,-1.140254335396662e-09,0.87699721442697,0.87699721442697,0.87699721442697,0.0,0.0,False,ISO,0.0,0.0,0.0,0.0,0,
b1025,b1341,ycdT,ydaM,0.0,0.0,0.0,0.0,0.5,-1.140254335396662e-09,0.87699721442697,0.87699721442697,0.87699721442697,0.0,0.0,False,ISO,0.0,0.0,0.0,0.0,0,
b1285,b1489,gmr,dosP,0.0,0.0,0.0,0.0,0.5,-1.140254335396662e-09,0.87699721442697,0.87699721442697,0.87699721442697,0.0,0.0,False,ISO,0.0,0.0,0.0,0.0,2,
b1285,b3525,gmr,yhjH,0.0,0.0,0.0,0.0,0.5,-1.140254335396662e-09,0.87699721442697,0.87699721442697,0.87699721442697,0.0,0.0,False,ISO,0.0,0.0,0.0,0.0,1,
b1285,b2503,gmr,yfgF,0.0,0.0,0.0,0.0,0.5,-1.140254335396662e-09,0.87699721442697,0.87699721442697,0.87699721442697,0.0,0.0,False,ISO,0.0,0.0,0.0,0.0,1,
b0315,b1489,yahA,dosP,0.0,0.0,0.0,0.0,0.5,-1.140254335396662e-09,0.87699721442697,0.87699721442697,0.87699721442697,0.0,0.0,False,ISO,0.0,0.0,0.0,0.0,1,
b0315,b1285,yahA,gmr,0.0,0.0,0.0,0.0,0.5,-1.140254335396662e-09,0.87699721442697,0.87699721442697,0.87699721442697,0.0,0.0,False,ISO,0.0,0.0,0.0,0.0,1,
b0315,b3525,yahA,yhjH,0.0,0.0,0.0,0.0,0.5,-1.140254335396662e-09,0.87699721442697,0.87699721442697,0.87699721442697,0.0,0.0,False,ISO,0.0,0.0,0.0,0.0,0,
b0315,b2503,yahA,yfgF,0.0,0.0,0.0,0.0,0.5,-1.140254335396662e-09,0.87699721442697,0.87699721442697,0.87699721442697,0.0,0.0,False,ISO,0.0,0.0,0.0,0.0,0,
b2503,b3525,yfgF,yhjH,0.0,0.0,0.0,0.0,0.5,-1.140254335396662e-09,0.87699721442697,0.87699721442697,0.87699721442697,0.0,0.0,False,ISO,0.0,0.0,0.0,0.0,0,
b0462,b2470,acrB,acrD,0.0,0.0,0.0,0.0,0.5,-1.140254335396662e-09,0.87699721442697,0.87699721442697,0.87699721442697,0.0,0.0,False,ISO,0.0,0.0,0.0,0.0,7,
b0709,b4130,dtpD,dtpC,0.0,0.0,0.0,0.0,0.5,-1.140254335396662e-09,0.87699721442697,0.87699721442697,0.87699721442697,0.0,0.0,False,ISO,0.0,0.0,0.0,0.0,0,
b0709,b3496,dtpD,dtpB,0.0,0.0,0.0,0.0,0.5,-1.140254335396662e-09,0.87699721442697,0.87699721442697,0.87699721442697,0.0,0.0,False,ISO,0.0,0.0,0.0,0.0,0,
b0709,b1634,dtpD,dtpA,0.0,0.0,0.0,0.0,0.5,-1.140254335396662e-09,0.87699721442697,0.87699721442697,0.87699721442697,0.0,0.0,False,ISO,0.0,0.0,0.0,0.0,0,
b3496,b4130,dtpB,dtpC,0.0,0.0,0.0,0.0,0.5,-1.140254335396662e-09,0.87699721442697,0.87699721442697,0.87699721442697,0.0,0.0,False,ISO,0.0,0.0,0.0,0.0,0,
b1634,b4130,dtpA,dtpC,0.0,0.0,0.0,0.0,0.5,-1.140254335396662e-09,0.87699721442697,0.87699721442697,0.87699721442697,0.0,0.0,False,ISO,0.0,0.0,0.0,0.0,0,
b1634,b3496,dtpA,dtpB,0.0,0.0,0.0,0.0,0.5,-1.140254335396662e-09,0.87699721442697,0.87699721442697,0.87699721442697,0.0,0.0,False,ISO,0.0,0.0,0.0,0.0,0,
b1008,b1539,rutE,ydfG,0.0,0.0,0.0,0.0,0.5,-1.140254557441267e-09,0.87699721442697,0.8769972144269705,0.8769972144269703,0.0,0.0,False,ISO,0.0,0.0,0.0,0.0,4,
b1475,b3893,fdnH,fdoH,0.0,0.0,0.0,0.0,0.5,-1.1402541133520572e-09,0.87699721442697,0.87699721442697,0.8769972144269701,0.0,0.0,False,ISO,0.0,0.0,0.0,0.0,2,
b1475,b3892,fdnH,fdoI,0.0,0.0,0.0,0.0,0.5,-1.1402541133520572e-09,0.87699721442697,0.87699721442697,0.8769972144269701,0.0,0.0,False,ISO,0.0,0.0,0.0,0.0,2,
b1475,b3894,fdnH,fdoG,0.0,0.0,0.0,0.0,0.5,-1.1402541133520572e-09,0.87699721442697,0.87699721442697,0.8769972144269701,0.0,0.0,False,ISO,0.0,0.0,0.0,0.0,2,
b1474,b3893,fdnG,fdoH,0.0,0.0,0.0,0.0,0.5,-1.1402541133520572e-09,0.87699721442697,0.87699721442697,0.8769972144269701,0.0,0.0,False,ISO,0.0,0.0,0.0,0.0,2,
b1474,b3892,fdnG,fdoI,0.0,0.0,0.0,0.0,0.5,-1.1402541133520572e-09,0.87699721442697,0.87699721442697,0.8769972144269701,0.0,0.0,False,ISO,0.0,0.0,0.0,0.0,2,
b1474,b3894,fdnG,fdoG,0.0,0.0,0.0,0.0,0.5,-1.1402541133520572e-09,0.87699721442697,0.87699721442697,0.8769972144269701,0.0,0.0,False,ISO,0.0,0.0,0.0,0.0,2,
b1476,b3893,fdnI,fdoH,0.0,0.0,0.0,0.0,0.5,-1.1402541133520572e-09,0.87699721442697,0.87699721442697,0.8769972144269701,0.0,0.0,False,ISO,0.0,0.0,0.0,0.0,2,
b1476,b3892,fdnI,fdoI,0.0,0.0,0.0,0.0,0.5,-1.1402541133520572e-09,0.87699721442697,0.87699721442697,0.8769972144269701,0.0,0.0,False,ISO,0.0,0.0,0.0,0.0,2,
b1476,b3894,fdnI,fdoG,0.0,0.0,0.0,0.0,0.5,-1.1402541133520572e-09,0.87699721442697,0.87699721442697,0.8769972144269701,0.0,0.0,False,ISO,0.0,0.0,0.0,0.0,2,
b0681,b2215,chiP,ompC,0.0,0.0,0.0,0.0,0.5,-1.140254335396662e-09,0.87699721442697,0.87699721442697,0.87699721442697,0.0,0.0,False,ISO,0.0,0.0,0.0,0.0,0,
b0681,b0929,chiP,ompF,0.0,0.0,0.0,0.0,0.5,-1.140254335396662e-09,0.87699721442697,0.87699721442697,0.87699721442697,0.0,0.0,False,ISO,0.0,0.0,0.0,0.0,0,
b0681,b1377,chiP,ompN,0.0,0.0,0.0,0.0,0.5,-1.140254335396662e-09,0.87699721442697,0.87699721442697,0.87699721442697,0.0,0.0,False,ISO,0.0,0.0,0.0,0.0,0,
b0681,b1473,chiP,yddG,0.0,0.0,0.0,0.0,0.5,-1.140254335396662e-09,0.87699721442697,0.8769972144269699,0.8769972144269699,0.0,0.0,False,B,0.0,0.0,0.0,0.0,3,
b0681,b0401,chiP,brnQ,0.0,0.0,0.0,0.0,0.5,-1.140254335396662e-09,0.87699721442697,0.8769972144269699,0.8769972144269699,0.0,0.0,False,B,0.0,0.0,0.0,0.0,3,
b0681,b2842,chiP,kduD,0.0,0.0,0.0,0.0,0.5,-1.140254335396662e-09,0.87699721442697,0.87699721442697,0.87699721442697,0.0,0.0,False,B,0.0,0.0,0.0,0.0,0,
b0681,b4101,chiP,phnG,0.0,0.0,0.0,0.0,0.5,-1.140254335396662e-09,0.87699721442697,0.87699721442697,0.87699721442697,0.0,0.0,False,B,0.0,0.0,0.0,0.0,1,
b0681,b2682,chiP,ygaZ,0.0,0.0,0.0,0.0,0.5,-1.140254335396662e-09,0.87699721442697,0.87699721442697,0.87699721442697,0.0,0.0,False,B,0.0,0.0,0.0,0.0,0,
b1473,b0401,yddG,brnQ,0.0,0.0,0.0,0.0,0.5,-1.140254335396662e-09,0.8769972144269699,0.8769972144269699,0.87699721442697,0.0,0.0,False,B,0.0,0.0,0.0,0.0,6,
b1473,b2842,yddG,kduD,0.0,0.0,0.0,0.0,0.5,-1.140254335396662e-09,0.8769972144269699,0.87699721442697,0.8769972144269699,0.0,0.0,False,B,0.0,0.0,0.0,0.0,3,
b1473,b4101,yddG,phnG,0.0,0.0,0.0,0.0,0.5,-1.140254335396662e-09,0.8769972144269699,0.87699721442697,0.8769972144269699,0.0,0.0,False,B,0.0,0.0,0.0,0.0,4,
b1473,b2682,yddG,ygaZ,0.0,0.0,0.0,0.0,0.5,-1.140254335396662e-09,0.8769972144269699,0.87699721442697,0.8769972144269699,0.0,0.0,False,B,0.0,0.0,0.0,0.0,3,
b0269,b4297,yagF,yjhG,0.0,0.0,0.0,0.0,0.5,-1.140254335396662e-09,0.87699721442697,0.87699721442697,0.87699721442697,0.0,0.0,False,ISO,0.0,0.0,0.0,0.0,1,
b0268,b4298,yagE,yjhH,0.0,0.0,0.0,0.0,0.5,-1.140254335396662e-09,0.87699721442697,0.87699721442697,0.87699721442697,0.0,0.0,False,ISO,0.0,0.0,0.0,0.0,1,
b2302,b2989,yfcG,yghU,0.0,0.0,0.0,0.0,0.5,-1.140254335396662e-09,0.87699721442697,0.87699721442697,0.87699721442697,0.0,0.0,False,ISO,0.0,0.0,0.0,0.0,1,
b2987,b3493,pitB,pitA,0.0,0.0,1.888060099039364,1.888060099039364,944030049520.182,-0.002714016868974989,0.87699721442697,0.87699721442697,0.8746170301956849,0.0,0.0,False,ISO,0.0,0.0,0.0,0.0,1,
b0401,b2842,brnQ,kduD,0.0,0.0,0.0,0.0,0.5,-1.140254335396662e-09,0.8769972144269699,0.87699721442697,0.8769972144269699,0.0,0.0,False,B,0.0,0.0,0.0,0.0,3,
b0401,b4101,brnQ,phnG,0.0,0.0,0.0,0.0,0.5,-1.140254335396662e-09,0.8769972144269699,0.87699721442697,0.8769972144269699,0.0,0.0,False,B,0.0,0.0,0.0,0.0,4,
b0401,b2682,brnQ,ygaZ,0.0,0.0,0.0,0.0,0.5,-1.140254335396662e-09,0.8769972144269699,0.87699721442697,0.8769972144269699,0.0,0.0,False,B,0.0,0.0,0.0,0.0,3,
b1798,b4141,leuE,yjeH,0.0,0.0,0.0,0.0,0.5,-1.140254335396662e-09,0.87699721442697,0.8769972144269701,0.8769972144269701,0.0,0.0,False,ISO,0.0,0.0,0.0,0.0,3,
b2842,b4266,kduD,idnO,0.0,0.0,0.0,0.0,0.5,-1.140254557441267e-09,0.87699721442697,0.8769972144269703,0.8769972144269701,0.0,0.0,False,ISO,0.0,0.0,0.0,0.0,2,
b2842,b4101,kduD,phnG,0.0,0.0,0.0,0.0,0.5,-1.140254335396662e-09,0.87699721442697,0.87699721442697,0.87699721442697,0.0,0.0,False,B,0.0,0.0,0.0,0.0,1,
b2842,b2682,kduD,ygaZ,0.0,0.0,0.0,0.0,0.5,-1.140254335396662e-09,0.87699721442697,0.87699721442697,0.87699721442697,0.0,0.0,False,B,0.0,0.0,0.0,0.0,0,
b4101,b2682,phnG,ygaZ,0.0,0.0,0.0,0.0,0.5,-1.140254335396662e-09,0.87699721442697,0.87699721442697,0.87699721442697,0.0,0.0,False,B,0.0,0.0,0.0,0.0,1,
b2683,b4141,ygaH,yjeH,0.0,0.0,0.0,0.0,0.5,-1.1402538913074522e-09,0.87699721442697,0.8769972144269701,0.8769972144269705,0.0,0.0,False,ISO,0.0,0.0,0.0,0.0,2,
b2682,b4141,ygaZ,yjeH,0.0,0.0,0.0,0.0,0.5,-1.1402538913074522e-09,0.87699721442697,0.8769972144269701,0.8769972144269705,0.0,0.0,False,ISO,0.0,0.0,0.0,0.0,2,
b0577,b2924,ybdG,mscS,0.0,0.0,0.0,0.0,0.5,-1.140254335396662e-09,0.87699721442697,0.87699721442697,0.87699721442697,0.0,0.0,False,ISO,0.0,0.0,0.0,0.0,0,
b0577,b1330,ybdG,ynaI,0.0,0.0,0.0,0.0,0.5,-1.140254335396662e-09,0.87699721442697,0.87699721442697,0.87699721442697,0.0,0.0,False,ISO,0.0,0.0,0.0,0.0,0,
b0577,b0808,ybdG,ybiO,0.0,0.0,0.0,0.0,0.5,-1.140254335396662e-09,0.87699721442697,0.87699721442697,0.87699721442697,0.0,0.0,False,ISO,0.0,0.0,0.0,0.0,0,
b0577,b3291,ybdG,mscL,0.0,0.0,0.0,0.0,0.5,-1.140254335396662e-09,0.87699721442697,0.87699721442697,0.87699721442697,0.0,0.0,False,ISO,0.0,0.0,0.0,0.0,0,
b0577,b4159,ybdG,mscM,0.0,0.0,0.0,0.0,0.5,-1.140254335396662e-09,0.87699721442697,0.87699721442697,0.87699721442697,0.0,0.0,False,ISO,0.0,0.0,0.0,0.0,0,
b2924,b3291,mscS,mscL,0.0,0.0,0.0,0.0,0.5,-1.140254335396662e-09,0.87699721442697,0.87699721442697,0.87699721442697,0.0,0.0,False,ISO,0.0,0.0,0.0,0.0,0,
b2924,b4159,mscS,mscM,0.0,0.0,0.0,0.0,0.5,-1.140254335396662e-09,0.87699721442697,0.87699721442697,0.87699721442697,0.0,0.0,False,ISO,0.0,0.0,0.0,0.0,0,
b1330,b2924,ynaI,mscS,0.0,0.0,0.0,0.0,0.5,-1.140254335396662e-09,0.87699721442697,0.87699721442697,0.87699721442697,0.0,0.0,False,ISO,0.0,0.0,0.0,0.0,0,
b1330,b3291,ynaI,mscL,0.0,0.0,0.0,0.0,0.5,-1.140254335396662e-09,0.87699721442697,0.87699721442697,0.87699721442697,0.0,0.0,False,ISO,0.0,0.0,0.0,0.0,0,
b1330,b4159,ynaI,mscM,0.0,0.0,0.0,0.0,0.5,-1.140254335396662e-09,0.87699721442697,0.87699721442697,0.87699721442697,0.0,0.0,False,ISO,0.0,0.0,0.0,0.0,0,
b0808,b2924,ybiO,mscS,0.0,0.0,0.0,0.0,0.5,-1.140254335396662e-09,0.87699721442697,0.87699721442697,0.87699721442697,0.0,0.0,False,ISO,0.0,0.0,0.0,0.0,0,
b0808,b1330,ybiO,ynaI,0.0,0.0,0.0,0.0,0.5,-1.140254335396662e-09,0.87699721442697,0.87699721442697,0.87699721442697,0.0,0.0,False,ISO,0.0,0.0,0.0,0.0,0,
b0808,b3291,ybiO,mscL,0.0,0.0,0.0,0.0,0.5,-1.140254335396662e-09,0.87699721442697,0.87699721442697,0.87699721442697,0.0,0.0,False,ISO,0.0,0.0,0.0,0.0,0,
b0808,b4159,ybiO,mscM,0.0,0.0,0.0,0.0,0.5,-1.140254335396662e-09,0.87699721442697,0.87699721442697,0.87699721442697,0.0,0.0,False,ISO,0.0,0.0,0.0,0.0,0,
b0465,b0577,mscK,ybdG,0.0,0.0,0.0,0.0,0.5,-1.140254335396662e-09,0.87699721442697,0.87699721442697,0.87699721442697,0.0,0.0,False,ISO,0.0,0.0,0.0,0.0,0,
b0465,b2924,mscK,mscS,0.0,0.0,0.0,0.0,0.5,-1.140254335396662e-09,0.87699721442697,0.87699721442697,0.87699721442697,0.0,0.0,False,ISO,0.0,0.0,0.0,0.0,0,
b0465,b1330,mscK,ynaI,0.0,0.0,0.0,0.0,0.5,-1.140254335396662e-09,0.87699721442697,0.87699721442697,0.87699721442697,0.0,0.0,False,ISO,0.0,0.0,0.0,0.0,0,
b0465,b0808,mscK,ybiO,0.0,0.0,0.0,0.0,0.5,-1.140254335396662e-09,0.87699721442697,0.87699721442697,0.87699721442697,0.0,0.0,False,ISO,0.0,0.0,0.0,0.0,0,
b0465,b3291,mscK,mscL,0.0,0.0,0.0,0.0,0.5,-1.140254335396662e-09,0.87699721442697,0.87699721442697,0.87699721442697,0.0,0.0,False,ISO,0.0,0.0,0.0,0.0,0,
b0465,b4159,mscK,mscM,0.0,0.0,0.0,0.0,0.5,-1.140254335396662e-09,0.87699721442697,0.87699721442697,0.87699721442697,0.0,0.0,False,ISO,0.0,0.0,0.0,0.0,0,
b3291,b4159,mscL,mscM,0.0,0.0,0.0,0.0,0.5,-1.140254335396662e-09,0.87699721442697,0.87699721442697,0.87699721442697,0.0,0.0,False,ISO,0.0,0.0,0.0,0.0,0,
b2796,b3116,sdaC,tdcC,0.0,0.0,0.0,0.0,0.5,-1.1402541133520572e-09,0.87699721442697,0.87699721442697,0.8769972144269701,0.0,0.0,False,ISO,0.0,0.0,0.0,0.0,2,
