"RegDbId"	"Gene"	"Strand"	"Start"	"End"	"Length"	"Sample"	"mRNARaw"	"mRNATPM"	"asRNARaw"	"asRNALen"	"asRNARPK"	"mRNACoverage"	"Gamma"	"TrMode"	"PeptideRaw"	"NPPH"
"ECK120000001"	"alr"	"+"	4263805	4264884	1080	"HS30'"	391	21.8089608982706	1	56	0	1	-Inf	"SD"	6	15.3846153846154
"ECK120000002"	"modB"	"+"	795085	795774	690	"HS30'"	47	4.10327608583052	1	65	0	0.981159420289855	-Inf	"SD"	NA	NA
"ECK120000005"	"dcuB"	"-"	4345427	4346767	1341	"HS30'"	38	1.70701285116658	12	165	42.4242424242424	0.431021625652498	-0.286047092498575	"SD"	NA	NA
"ECK120000006"	"hisM"	"-"	2422539	2423255	717	"HS30'"	126	10.5860358735305	10	184	32.6086956521739	1	-3.14105613709392	"SD"	NA	NA
"ECK120000008"	"rhsE"	"+"	1525914	1527962	2049	"HS30'"	49	1.44057572933273	1	100	0	0.268911664226452	-Inf	"SD"	NA	NA
"ECK120000010"	"cydC"	"-"	926697	928418	1722	"HS30'"	70	2.44876362153871	3	47	0	0.555168408826945	-Inf	"SD"	3	4.76190476190476
"ECK120000011"	"mepM"	"-"	1938337	1939659	1323	"HS30'"	110	5.00858228260299	5	126	0	0.950113378684807	-Inf	"SD"	NA	NA
"ECK120000013"	"rodZ"	"-"	2639853	2640866	1014	"HS30'"	447	26.5553200544023	5	141	0	1	-Inf	"SD"	8	22.2222222222222
"ECK120000014"	"garL"	"-"	3270809	3271579	771	"HS30'"	8	0.625054060595095	0	0	0	0.299610894941634	-Inf	"SD"	10	37.037037037037
"ECK120000019"	"aceA"	"+"	4215132	4216436	1305	"HS30'"	144	6.64712663060439	8	163	0	0.881226053639847	-Inf	"SD"	69	143.75
"ECK120000020"	"aceB"	"+"	4213501	4215102	1602	"HS30'"	1933	72.6860911227743	19	201	69.6517412935323	0.949438202247191	-4.69818059076199	"SD"	35	58.3333333333333
"ECK120000021"	"aceE"	"+"	123017	125680	2664	"HS30'"	517	11.6906401994946	9	83	0	0.993993993993994	-Inf	"SD"	289	289
"ECK120000022"	"aceF"	"+"	125695	127587	1893	"HS30'"	84	2.67307192157823	3	73	0	0.912308505018489	-Inf	"SD"	169	256.060606060606
"ECK120000026"	"ada"	"-"	2307363	2308427	1065	"HS30'"	18	1.01813383250455	0	0	0	0.495774647887324	-Inf	"SD"	NA	NA
"ECK120000029"	"adk"	"+"	496399	497043	645	"HS30'"	684	63.8819786069131	0	0	0	1	-Inf	"SD"	28	116.666666666667
"ECK120000031"	"alaS"	"-"	2817403	2820033	2631	"HS30'"	560	12.8218045041115	2	100	0	0.986316989737742	-Inf	"SD"	105	109.375
"ECK120000033"	"puuC"	"+"	1360767	1362254	1488	"HS30'"	40	1.61934368521108	2	106	0	0.672715053763441	-Inf	"SD"	NA	NA
"ECK120000034"	"alkB"	"-"	2306713	2307363	651	"HS30'"	4	0	3	144	0	0.133640552995392	NA	"NO"	NA	NA
"ECK120000035"	"amn"	"+"	2053085	2054539	1455	"HS30'"	96	3.97457056262943	8	134	0	0.696219931271478	-Inf	"SD"	8	14.8148148148148
"ECK120000036"	"ampC"	"-"	4375834	4376967	1134	"HS30'"	22	1.16866919927403	20	207	96.6183574879227	0.677248677248677	1.77513337817522	"AD"	1	2.38095238095238
"ECK120000041"	"ansA"	"+"	1848884	1849900	1017	"HS30'"	105	6.21942618921779	33	410	75.609756097561	0.997050147492625	-0.00451326643881786	"SD"	4	10.8108108108108
"ECK120000042"	"ansB"	"-"	3097704	3098750	1047	"HS30'"	37	2.12881055236345	26	237	59.0717299578059	0.575931232091691	0.395379260342394	"AD"	38	102.702702702703
"ECK120000043"	"apaG"	"-"	51229	51606	378	"HS30'"	79	12.5897545558157	15	158	69.620253164557	0.743386243386243	-2.5166747283358	"SD"	NA	NA
"ECK120000047"	"apt"	"+"	490636	491187	552	"HS30'"	199	21.7168069436243	2	123	0	1	-Inf	"SD"	14	70
"ECK120000048"	"araA"	"-"	66835	68337	1503	"HS30'"	10	0.400795642647055	7	123	0	0.312707917498337	-Inf	"SD"	NA	NA
"ECK120000051"	"araD"	"-"	65855	66550	696	"HS30'"	7	0.605857896018629	1	55	0	0.28448275862069	-Inf	"SD"	NA	NA
"ECK120000052"	"araE"	"-"	2978786	2980204	1419	"HS30'"	275	11.6743381957078	6	87	0	0.928823114869627	-Inf	"SD"	NA	NA
"ECK120000054"	"araG"	"-"	1981579	1983093	1515	"HS30'"	5	0	13	198	35.3535353535354	0.248184818481848	Inf	"AD"	NA	NA
"ECK120000055"	"araH"	"-"	1980578	1981567	990	"HS30'"	13	0.791024854715232	13	131	61.0687022900763	0.61010101010101	1.01627697380881	"AD"	NA	NA
"ECK120000058"	"arcB"	"-"	3348711	3351047	2337	"HS30'"	161	4.15000992702876	7	222	0	0.883611467693624	-Inf	"SD"	5	5.68181818181818
"ECK120000060"	"argB"	"+"	4154039	4154812	774	"HS30'"	1418	110.361410410091	0	0	0	1	-Inf	"SD"	18	66.6666666666667
"ECK120000063"	"argF"	"-"	288525	289529	1005	"HS30'"	2849	170.768734249741	0	0	0	1	-Inf	"SD"	13	35.1351351351351
"ECK120000068"	"argT"	"-"	2425031	2425813	783	"HS30'"	60	4.61606016014194	0	0	0	1	-Inf	"SD"	8	28.5714285714286
"ECK120000069"	"aroA"	"+"	958035	959318	1284	"HS30'"	44	2.06428484731581	15	254	51.1811023622047	0.418224299065421	0.332869563609028	"AD"	9	19.5652173913043
"ECK120000070"	"aroB"	"-"	3515420	3516508	1089	"HS30'"	705	38.998078501695	1	100	0	1	-Inf	"SD"	7	17.9487179487179
"ECK120000071"	"aroC"	"-"	2444410	2445495	1086	"HS30'"	152	8.43132314333108	1	52	0	0.999079189686924	-Inf	"SD"	10	25.6410256410256
"ECK120000072"	"aroD"	"+"	1772710	1773468	759	"HS30'"	29	2.30164422609449	0	0	0	0.881422924901186	-Inf	"SD"	7	25.9259259259259
"ECK120000073"	"aroE"	"-"	3428042	3428860	819	"HS30'"	123	9.04697065451994	3	100	0	0.969474969474969	-Inf	"SD"	4	13.7931034482759
"ECK120000076"	"aroH"	"+"	1786459	1787505	1047	"HS30'"	1704	98.0403562493871	9	130	69.2307692307692	1	-5.76730691486979	"SD"	2	5.12820512820513
"ECK120000077"	"aroK"	"-"	3516565	3517086	522	"HS30'"	3285	379.093940651657	0	0	0	1	-Inf	"SD"	35	175
"ECK120000078"	"aroL"	"+"	405629	406153	525	"HS30'"	227	26.0464491721838	111	689	161.103047895501	1	-0.230527031404397	"SD"	3	15.7894736842105
"ECK120000079"	"aroM"	"+"	406652	407329	678	"HS30'"	89	7.90755615486262	4	49	0	1	-Inf	"SD"	NA	NA
"ECK120000088"	"asnB"	"-"	696736	698400	1665	"HS30'"	119	4.30541178720266	3	79	0	0.964564564564565	-Inf	"SD"	16	25.3968253968254
"ECK120000090"	"asnS"	"-"	986808	988208	1401	"HS30'"	2478	106.547959923379	18	471	33.9702760084926	1	-5.05728725472685	"SD"	40	75.4716981132076
"ECK120000094"	"atpA"	"-"	3916339	3917880	1542	"HS30'"	574	22.423814423849	13	203	39.4088669950739	1	-3.80888789977772	"SD"	146	265.454545454545
"ECK120000095"	"atpB"	"-"	3919259	3920074	816	"HS30'"	1984	146.464873551798	30	228	74.5614035087719	1	-5.42887615018211	"SD"	NA	NA
"ECK120000096"	"atpC"	"-"	3913576	3913995	420	"HS30'"	115	16.4941721079357	0	0	0	1	-Inf	"SD"	1	6.66666666666667
"ECK120000097"	"atpD"	"-"	3914016	3915398	1383	"HS30'"	375	16.3339438963808	17	126	95.2380952380952	1	-2.76676686652866	"SD"	95	190
"ECK120000098"	"atpE"	"-"	3918973	3919212	240	"HS30'"	919	230.667411239893	0	0	0	1	-Inf	"SD"	NA	NA
"ECK120000099"	"atpF"	"-"	3918441	3918911	471	"HS30'"	1546	197.729083967965	1	41	0	1	-Inf	"SD"	2	11.7647058823529
"ECK120000100"	"atpG"	"-"	3915425	3916288	864	"HS30'"	211	14.7112875624524	3	100	0	1	-Inf	"SD"	18	56.25
"ECK120000101"	"atpH"	"-"	3917893	3918426	534	"HS30'"	700	78.9657482451247	0	0	0	1	-Inf	"SD"	10	52.6315789473684
"ECK120000102"	"atpI"	"-"	3920083	3920463	381	"HS30'"	555	87.7505767056904	16	103	155.339805825243	1	-4.77726479676122	"SD"	NA	NA
"ECK120000104"	"bcp"	"+"	2598500	2598970	471	"HS30'"	605	77.3778109965194	34	382	68.0628272251309	1	-3.89533638742515	"SD"	12	66.6666666666667
"ECK120000105"	"betA"	"-"	324801	326471	1671	"HS30'"	97	3.49685203693338	4	43	0	0.642728904847397	-Inf	"SD"	NA	NA
"ECK120000106"	"betB"	"-"	326485	327957	1473	"HS30'"	116	4.74391844563671	2	74	0	0.993890020366599	-Inf	"SD"	1	1.88679245283019
"ECK120000110"	"bglB"	"-"	3900312	3901724	1413	"HS30'"	3	0	7	155	0	0.185421089879689	NA	"NO"	NA	NA
"ECK120000111"	"bglF"	"-"	3901743	3903620	1878	"HS30'"	9	0	29	260	84.6153846153846	0.148562300319489	Inf	"AD"	NA	NA
"ECK120000112"	"bglG"	"-"	3903754	3904590	837	"HS30'"	10	0.719708304538259	2	102	0	0.397849462365591	-Inf	"SD"	NA	NA
"ECK120000115"	"bioC"	"+"	810745	811500	756	"HS30'"	8	0.637455926876744	5	153	0	0.474867724867725	-Inf	"SD"	NA	NA
"ECK120000117"	"bioF"	"+"	809604	810758	1155	"HS30'"	59	3.07717361065046	5	102	0	0.739393939393939	-Inf	"SD"	NA	NA
"ECK120000123"	"btuC"	"-"	1792196	1793176	981	"HS30'"	184	11.2987600984025	0	0	0	0.952089704383282	-Inf	"SD"	NA	NA
"ECK120000124"	"btuD"	"-"	1790833	1791582	750	"HS30'"	46	3.69469455217761	1	76	0	0.96	-Inf	"SD"	NA	NA
"ECK120000125"	"btuE"	"-"	1791582	1792133	552	"HS30'"	77	8.40298560130186	0	0	0	0.898550724637681	-Inf	"SD"	4	20
"ECK120000127"	"cadA"	"-"	4354493	4356640	2148	"HS30'"	17	0.476756492796783	65	390	69.2307692307692	0.367783985102421	3.50163491588147	"AD"	10	12.3456790123457
"ECK120000128"	"cadB"	"-"	4356720	4358054	1335	"HS30'"	3	0	4	56	0	0.0614232209737828	NA	"NO"	NA	NA
"ECK120000129"	"cadC"	"-"	4358419	4359957	1539	"HS30'"	21	0.821982642551591	61	358	145.251396648045	0.369070825211176	3.66133178867347	"AD"	NA	NA
"ECK120000130"	"carA"	"+"	29651	30799	1149	"HS30'"	1592	83.4651170261487	0	0	0	0.998259355961706	-Inf	"SD"	14	34.1463414634146
"ECK120000131"	"carB"	"+"	30817	34038	3222	"HS30'"	671	12.5452394771232	4	107	0	0.969584109248914	-Inf	"SD"	54	45.7627118644068
"ECK120000133"	"cdd"	"+"	2229866	2230750	885	"HS30'"	179	12.1840516735407	1	100	0	1	-Inf	"SD"	94	293.75
"ECK120000135"	"cdsA"	"+"	195677	196534	858	"HS30'"	229	16.0779312186203	0	0	0	1	-Inf	"SD"	NA	NA
"ECK120000136"	"chbB"	"-"	1819323	1819643	321	"HS30'"	11	2.06428484731581	0	0	0	0.803738317757009	-Inf	"SD"	NA	NA
"ECK120000137"	"chbC"	"-"	1817880	1819238	1359	"HS30'"	20	0.886528110225935	1	48	0	0.535688005886681	-Inf	"SD"	NA	NA
"ECK120000138"	"chbA"	"-"	1817479	1817829	351	"HS30'"	12	2.05947299452487	2	100	0	0.535612535612536	-Inf	"SD"	NA	NA
"ECK120000139"	"chbR"	"-"	1816629	1817471	843	"HS30'"	91	6.50273101207184	2	100	0	0.922894424673784	-Inf	"SD"	NA	NA
"ECK120000140"	"chbF"	"-"	1815172	1816524	1353	"HS30'"	101	4.49682046864381	1	49	0	0.697708795269771	-Inf	"SD"	NA	NA
"ECK120000142"	"cheA"	"-"	1971384	1973348	1965	"HS30'"	96	2.94300263034393	2	46	0	0.786259541984733	-Inf	"SD"	6	8.45070422535211
"ECK120000143"	"cheB"	"-"	1965476	1966525	1050	"HS30'"	6	0.344226200513442	0	0	0	0.266666666666667	-Inf	"SD"	2	5.40540540540541
"ECK120000144"	"cheR"	"-"	1966528	1967388	861	"HS30'"	14	0.979505448615485	2	134	0	0.462253193960511	-Inf	"SD"	NA	NA
"ECK120000145"	"cheW"	"-"	1970860	1971363	504	"HS30'"	29	3.4661666023923	0	0	0	0.890873015873016	-Inf	"SD"	4	22.2222222222222
"ECK120000146"	"cheY"	"-"	1965072	1965461	390	"HS30'"	39	6.02395850898523	0	0	0	0.974358974358974	-Inf	"SD"	7	50
"ECK120000147"	"cheZ"	"-"	1964417	1965061	645	"HS30'"	34	3.17541998923252	1	47	0	0.967441860465116	-Inf	"SD"	5	20.8333333333333
"ECK120000153"	"clpB"	"-"	2729622	2732195	2574	"HS30'"	23432	548.381490996666	9	167	0	1	-Inf	"SD"	162	168.75
"ECK120000154"	"clpP"	"+"	455901	456524	624	"HS30'"	4078	393.681134609644	0	0	0	1	-Inf	"SD"	15	65.2173913043478
"ECK120000155"	"clpX"	"+"	456650	457924	1275	"HS30'"	4176	197.302358694293	5	93	0	1	-Inf	"SD"	26	56.5217391304348
"ECK120000157"	"cpsB"	"-"	2121108	2122544	1437	"HS30'"	12	0.503044551898558	0	0	0	0.388308977035491	-Inf	"SD"	NA	NA
"ECK120000158"	"cpsG"	"-"	2119633	2121003	1371	"HS30'"	12	0.527261138642033	7	195	0	0.336250911743253	-Inf	"SD"	NA	NA
"ECK120000163"	"cstA"	"+"	629117	631222	2106	"HS30'"	1112	31.8074162487729	2	62	0	0.965337132003799	-Inf	"SD"	2	2.66666666666667
"ECK120000164"	"lnt"	"-"	688566	690104	1539	"HS30'"	476	18.6316065645027	11	185	32.4324324324324	0.996751137102014	-3.95664576927565	"SD"	NA	NA
"ECK120000165"	"cvpA"	"-"	2428297	2428785	489	"HS30'"	1741	214.472633213564	0	0	0	1	-Inf	"SD"	NA	NA
"ECK120000168"	"cydA"	"+"	770681	772249	1569	"HS30'"	393	15.0886914852211	3	206	0	1	-Inf	"SD"	34	58.6206896551724
"ECK120000169"	"cydB"	"+"	772265	773404	1140	"HS30'"	229	12.1007587592773	7	287	20.9059233449477	1	-3.33399120134075	"SD"	1	2.38095238095238
"ECK120000170"	"cynS"	"+"	358713	359183	471	"HS30'"	14	1.79056091562194	4	116	0	0.67515923566879	-Inf	"SD"	NA	NA
"ECK120000173"	"cyoA"	"-"	449887	450834	948	"HS30'"	1742	110.69341479591	3	142	0	0.982067510548523	-Inf	"SD"	20	57.1428571428571
"ECK120000174"	"cyoB"	"-"	447874	449865	1992	"HS30'"	240	7.25778133612678	8	206	0	0.911646586345382	-Inf	"SD"	5	6.75675675675676
"ECK120000175"	"cyoC"	"-"	447270	447884	615	"HS30'"	95	9.3053017618471	10	206	29.126213592233	1	-2.95501853040026	"SD"	NA	NA
"ECK120000176"	"cyoD"	"-"	446941	447270	330	"HS30'"	106	19.3496849076495	1	100	0	1	-Inf	"SD"	NA	NA
"ECK120000177"	"cyoE"	"-"	446039	446929	891	"HS30'"	236	15.9557150181876	6	77	0	0.994388327721661	-Inf	"SD"	NA	NA
"ECK120000178"	"cysA"	"-"	2537739	2538836	1098	"HS30'"	91	4.99253391910433	2	100	0	0.870673952641166	-Inf	"SD"	0	0
"ECK120000179"	"cysB"	"+"	1331879	1332853	975	"HS30'"	460	28.4207273244431	24	433	55.4272517321016	0.975384615384615	-2.56583716460331	"SD"	2	5.55555555555556
"ECK120000180"	"cysC"	"-"	2871409	2872014	606	"HS30'"	26	2.58453665402007	3	40	0	0.704620462046205	-Inf	"SD"	0	0
"ECK120000183"	"cysG"	"+"	3495850	3497223	1374	"HS30'"	222	9.7330333987971	12	140	0	0.967976710334789	-Inf	"SD"	4	8
"ECK120000184"	"cysH"	"-"	2885600	2886334	735	"HS30'"	52	4.26184819683309	1	81	0	1	-Inf	"SD"	5	17.8571428571429
"ECK120000185"	"cysI"	"-"	2886409	2888121	1713	"HS30'"	30	1.05498397705521	1	53	0	0.560420315236427	-Inf	"SD"	13	20.3125
"ECK120000187"	"cysK"	"+"	2530431	2531402	972	"HS30'"	177	10.969554075004	6	202	0	0.979423868312757	-Inf	"SD"	59	173.529411764706
"ECK120000189"	"cysN"	"-"	2872014	2873441	1428	"HS30'"	39	1.64519875245395	0	0	0	0.530112044817927	-Inf	"SD"	11	20.7547169811321
"ECK120000190"	"cysP"	"-"	2540534	2541550	1017	"HS30'"	40	2.36930521494011	2	142	0	0.633235004916421	-Inf	"SD"	8	21.0526315789474
"ECK120000192"	"cysU"	"-"	2539701	2540534	834	"HS30'"	15	1.08344577499734	0	0	0	0.570743405275779	-Inf	"SD"	NA	NA
"ECK120000193"	"cysW"	"-"	2538826	2539701	876	"HS30'"	72	4.95119877450841	3	51	0	0.90296803652968	-Inf	"SD"	NA	NA
"ECK120000194"	"cytR"	"-"	4121454	4122479	1026	"HS30'"	251	14.7369745200321	5	100	0	0.815789473684211	-Inf	"SD"	NA	NA
"ECK120000195"	"dacA"	"-"	661975	663186	1212	"HS30'"	579	28.7778215899542	7	199	30.1507537688442	1	-4.5838510768122	"SD"	30	68.1818181818182
"ECK120000198"	"dam"	"-"	3513099	3513935	837	"HS30'"	67	4.82204564040634	38	686	55.3935860058309	0.939068100358423	0.656354112519086	"AD"	2	6.25
"ECK120000200"	"dapB"	"+"	28374	29195	822	"HS30'"	116	8.50096334601322	1	95	0	0.982968369829684	-Inf	"SD"	11	37.9310344827586
"ECK120000201"	"dapD"	"-"	185123	185947	825	"HS30'"	859	62.7221861723432	1	100	0	1	-Inf	"SD"	44	146.666666666667
"ECK120000202"	"dapE"	"+"	2589629	2590756	1128	"HS30'"	104	5.5540042990644	1	43	0	0.889184397163121	-Inf	"SD"	8	19.5121951219512
"ECK120000203"	"dapF"	"+"	3992785	3993609	825	"HS30'"	398	29.0610362009227	3	79	0	1	-Inf	"SD"	8	26.6666666666667
"ECK120000205"	"dcm"	"-"	2028923	2030341	1419	"HS30'"	143	6.07065586176806	1	54	0	0.93446088794926	-Inf	"SD"	0	0
"ECK120000208"	"ddlB"	"+"	102233	103153	921	"HS30'"	469	30.6757496277315	1	100	0	1	-Inf	"SD"	2	6.06060606060606
"ECK120000209"	"deaD"	"-"	3303993	3305882	1890	"HS30'"	434	13.8327936132253	12	97	0	0.972486772486773	-Inf	"SD"	27	38.0281690140845
"ECK120000210"	"dedA"	"-"	2432104	2432763	660	"HS30'"	181	16.5202498503989	10	359	22.2841225626741	1	-3.36809169585446	"SD"	NA	NA
"ECK120000211"	"accD"	"-"	2431034	2431948	915	"HS30'"	1927	126.86522455535	0	0	0	1	-Inf	"SD"	7	21.2121212121212
"ECK120000212"	"dedD"	"-"	2429044	2429706	663	"HS30'"	157	14.2648791238413	0	0	0	1	-Inf	"SD"	0	0
"ECK120000213"	"deoA"	"+"	4616252	4617574	1323	"HS30'"	63	2.86855167094535	11	219	31.9634703196347	0.934996220710506	-1.03489567818071	"SD"	71	151.063829787234
"ECK120000214"	"deoB"	"+"	4617626	4618849	1224	"HS30'"	523	25.739626635615	0	0	0	1	-Inf	"SD"	74	168.181818181818
"ECK120000216"	"deoD"	"+"	4618906	4619625	720	"HS30'"	95	7.9482785882444	6	188	0	1	-Inf	"SD"	202	776.923076923077
"ECK120000221"	"dicB"	"+"	1647633	1647821	189	"HS30'"	4	1.27491185375349	9	350	25.7142857142857	0.825396825396825	0.497599402646312	"AD"	NA	NA
"ECK120000224"	"dksA"	"-"	160149	160604	456	"HS30'"	6097	805.44024187024	0	0	0	1	-Inf	"SD"	38	211.111111111111
"ECK120000226"	"dmsA"	"+"	940182	942626	2445	"HS30'"	32	0.788411747597249	14	281	39.1459074733096	0.442535787321063	1.48048234545982	"AD"	15	16.6666666666667
"ECK120000227"	"dmsB"	"+"	942637	943254	618	"HS30'"	10	0.974750567796963	0	0	0	0.517799352750809	-Inf	"SD"	1	4.34782608695652
"ECK120000231"	"dnaC"	"-"	4598261	4598998	738	"HS30'"	599	48.8936469767229	0	0	0	0.994579945799458	-Inf	"SD"	2	7.14285714285714
"ECK120000232"	"dnaE"	"+"	205126	208608	3483	"HS30'"	1002	17.329906477184	12	137	51.0948905109489	0.877691645133506	-3.62976513656795	"SD"	5	3.84615384615385
"ECK120000233"	"dnaG"	"+"	3209129	3210874	1746	"HS30'"	960	33.1214213552453	9	131	0	0.937571592210767	-Inf	"SD"	4	6.06060606060606
"ECK120000234"	"dnaJ"	"+"	14168	15298	1131	"HS30'"	3952	210.492343302472	1	100	0	1	-Inf	"SD"	12	29.2682926829268
"ECK120000236"	"dnaN"	"-"	3879244	3880344	1101	"HS30'"	433	23.690953990832	14	100	90	1	-3.71826748273711	"SD"	6	14.6341463414634
"ECK120000238"	"dnaT"	"-"	4599001	4599540	540	"HS30'"	568	63.3631191315484	1	74	0	1	-Inf	"SD"	4	21.0526315789474
"ECK120000239"	"dnaX"	"+"	491316	493247	1932	"HS30'"	184	5.7371033418907	3	37	0	0.796583850931677	-Inf	"SD"	2	2.8169014084507
"ECK120000241"	"acpS"	"-"	2698640	2699020	381	"HS30'"	50	7.90545736087301	0	0	0	0.908136482939633	-Inf	"SD"	NA	NA
"ECK120000242"	"dppA"	"-"	3704121	3705728	1608	"HS30'"	329	12.3251389891551	12	132	0	1	-Inf	"SD"	14	23.3333333333333
"ECK120000245"	"dut"	"+"	3811955	3812410	456	"HS30'"	1544	203.969121444588	0	0	0	1	-Inf	"SD"	NA	NA
"ECK120000246"	"ebgA"	"+"	3220655	3223747	3093	"HS30'"	16	0	33	201	89.5522388059701	0.228257355318461	Inf	"AD"	NA	NA
"ECK120000247"	"ebgC"	"+"	3223744	3224193	450	"HS30'"	4	0.535462978576465	3	115	0	0.493333333333333	-Inf	"SD"	NA	NA
"ECK120000251"	"edd"	"-"	1930817	1932628	1812	"HS30'"	364	12.101108704584	7	122	49.1803278688525	0.41832229580574	-3.33403292244837	"SD"	NA	NA
"ECK120000253"	"entA"	"+"	627774	628520	747	"HS30'"	16	1.29027223753365	2	70	0	0.544846050870147	-Inf	"SD"	NA	NA
"ECK120000254"	"entB"	"+"	626917	627774	858	"HS30'"	14	0.982930292841413	1	96	0	0.607226107226107	-Inf	"SD"	NA	NA
"ECK120000257"	"entE"	"+"	625293	626903	1611	"HS30'"	7	0	1	100	0	0.212911235257604	NA	"NO"	NA	NA
"ECK120000258"	"entF"	"+"	613380	617261	3882	"HS30'"	39	0.605189031041793	6	62	0	0.310664605873261	-Inf	"SD"	NA	NA
"ECK120000259"	"lpxC"	"+"	106557	107474	918	"HS30'"	11595	760.869269190455	2	100	0	1	-Inf	"SD"	NA	NA
"ECK120000261"	"acrF"	"+"	3413055	3416159	3105	"HS30'"	30	0.582024976713549	21	110	81.8181818181818	0.401610305958132	1.62884393592457	"AD"	NA	NA
"ECK120000262"	"envY"	"-"	585370	586131	762	"HS30'"	4	0.31621829443492	17	319	34.4827586206897	0.258530183727034	2.79851078311355	"AD"	NA	NA
"ECK120000264"	"era"	"-"	2700503	2701408	906	"HS30'"	229	15.2261202931304	0	0	0	1	-Inf	"SD"	1	2.94117647058824
"ECK120000265"	"exbB"	"-"	3149272	3150006	735	"HS30'"	45	3.68813786264402	18	121	148.760330578512	0.77687074829932	-0.0348956781807066	"SD"	6	23.0769230769231
"ECK120000270"	"accC"	"+"	3403939	3405288	1350	"HS30'"	1391	62.0690835999886	2	100	0	1	-Inf	"SD"	25	51.0204081632653
"ECK120000271"	"fabH"	"+"	1147982	1148935	954	"HS30'"	738	46.6004337487537	0	0	0	1	-Inf	"SD"	15	44.1176470588235
"ECK120000276"	"fbaA"	"-"	3068187	3069266	1080	"HS30'"	139	7.7530577106384	7	92	0	1	-Inf	"SD"	48	123.076923076923
"ECK120000279"	"fdhF"	"-"	4295242	4297389	2148	"HS30'"	163	4.57125343093386	25	411	34.0632603406326	0.921322160148976	-0.707162977205132	"SD"	NA	NA
"ECK120000280"	"fecA"	"-"	4512376	4514700	2325	"HS30'"	40	1.03637995853509	3	59	0	0.473548387096774	-Inf	"SD"	1	1.17647058823529
"ECK120000281"	"fecB"	"-"	4511429	4512331	903	"HS30'"	36	2.40157814311703	10	189	0	0.826135105204873	-Inf	"SD"	4	12.1212121212121
"ECK120000282"	"fecC"	"-"	4510434	4511432	999	"HS30'"	11	0.663298734723098	0	0	0	0.37037037037037	-Inf	"SD"	NA	NA
"ECK120000283"	"fecD"	"-"	4509481	4510437	957	"HS30'"	8	0.503570199288212	1	100	0	0.490073145245559	-Inf	"SD"	NA	NA
"ECK120000286"	"fecR"	"-"	4514787	4515740	954	"HS30'"	7	0.442009534202271	0	0	0	0.310272536687631	-Inf	"SD"	NA	NA
"ECK120000292"	"fepG"	"-"	619419	620411	993	"HS30'"	10	0.606642347329832	4	115	0	0.444108761329305	-Inf	"SD"	NA	NA
"ECK120000296"	"fhuA"	"+"	167484	169727	2244	"HS30'"	150	4.0267102332789	14	100	0	0.463458110516934	-Inf	"SD"	NA	NA
"ECK120000298"	"fhuC"	"+"	169778	170575	798	"HS30'"	47	3.54794548774819	1	62	0	0.906015037593985	-Inf	"SD"	0	0
"ECK120000299"	"fhuD"	"+"	170575	171465	891	"HS30'"	23	1.55500612465388	0	0	0	0.836139169472503	-Inf	"SD"	NA	NA
"ECK120000301"	"fic"	"-"	3488883	3489485	603	"HS30'"	8	0.799198475487261	0	0	0	0.643449419568823	-Inf	"SD"	NA	NA
"ECK120000302"	"fimA"	"+"	4541138	4541686	549	"HS30'"	2989	327.971074378085	5	127	0	1	-Inf	"SD"	NA	NA
"ECK120000304"	"fimC"	"+"	4542327	4543052	726	"HS30'"	155	12.8610684420484	0	0	0	1	-Inf	"SD"	12	44.4444444444444
"ECK120000305"	"fimD"	"+"	4543119	4545755	2637	"HS30'"	1054	24.0775588489588	31	278	86.3309352517986	0.706105422828972	-2.32658281806857	"SD"	NA	NA
"ECK120000306"	"fimE"	"+"	4540060	4540656	597	"HS30'"	71	7.16417176110471	0	0	0	0.917922948073702	-Inf	"SD"	NA	NA
"ECK120000307"	"fimF"	"+"	4545765	4546295	531	"HS30'"	21	2.38235647248003	0	0	0	0.757062146892655	-Inf	"SD"	NA	NA
"ECK120000308"	"fimG"	"+"	4546308	4546811	504	"HS30'"	12	1.43427583547267	6	163	0	0.654761904761905	-Inf	"SD"	NA	NA
"ECK120000310"	"lpxD"	"+"	200971	201996	1026	"HS30'"	498	29.239096856478	4	209	0	1	-Inf	"SD"	9	25
"ECK120000311"	"fis"	"+"	3409293	3409589	297	"HS30'"	1036	210.128653714098	0	0	0	1	-Inf	"SD"	NA	NA
"ECK120000312"	"fldA"	"-"	710158	710688	531	"HS30'"	420	47.6471294496007	0	0	0	1	-Inf	"SD"	12	60
"ECK120000313"	"flhC"	"-"	1975290	1975868	579	"HS30'"	254	26.4263464815587	9	56	0	0.810017271157167	-Inf	"SD"	NA	NA
"ECK120000314"	"flhD"	"-"	1975871	1976221	351	"HS30'"	21	3.60407774041851	3	64	0	0.618233618233618	-Inf	"SD"	NA	NA
"ECK120000316"	"fliL"	"+"	2017642	2018106	465	"HS30'"	9	1.16592745335198	2	105	0	0.636559139784946	-Inf	"SD"	3	17.6470588235294
"ECK120000317"	"fliM"	"+"	2018111	2019115	1005	"HS30'"	49	2.93705439741568	6	151	0	0.724378109452736	-Inf	"SD"	7	18.4210526315789
"ECK120000318"	"fliN"	"+"	2019112	2019525	414	"HS30'"	33	4.80170605788678	3	151	0	0.830917874396135	-Inf	"SD"	NA	NA
"ECK120000319"	"fnr"	"-"	1396798	1397550	753	"HS30'"	1030	82.3994324602229	23	207	72.463768115942	0.911022576361222	-4.7795999948072	"SD"	8	28.5714285714286
"ECK120000321"	"folC"	"-"	2429696	2430964	1269	"HS30'"	122	5.79135491013553	2	61	0	0.851851851851852	-Inf	"SD"	8	17.7777777777778
"ECK120000325"	"frdB"	"-"	4377806	4378540	735	"HS30'"	39	3.19638614762482	2	120	0	0.922448979591837	-Inf	"SD"	20	74.0740740740741
"ECK120000326"	"frdC"	"-"	4377400	4377795	396	"HS30'"	83	12.6259736425701	2	120	0	1	-Inf	"SD"	1	6.66666666666667
"ECK120000327"	"frdD"	"-"	4377030	4377389	360	"HS30'"	48	8.03194467864697	1	100	0	0.905555555555556	-Inf	"SD"	NA	NA
"ECK120000329"	"frr"	"+"	192872	193429	558	"HS30'"	2746	296.447850639309	0	0	0	1	-Inf	"SD"	16	76.1904761904762
"ECK120000330"	"fruA"	"-"	2257741	2259432	1692	"HS30'"	60	2.13615549964015	1	53	0	0.781323877068558	-Inf	"SD"	6	10.3448275862069
"ECK120000331"	"fruK"	"-"	2259449	2260387	939	"HS30'"	5	0.320764563843729	0	0	0	0.321618743343983	-Inf	"SD"	3	8.82352941176471
"ECK120000332"	"cra"	"+"	88028	89032	1005	"HS30'"	317	19.0009437547096	2	62	0	1	-Inf	"SD"	10	26.3157894736842
"ECK120000333"	"ftsA"	"+"	103982	105244	1263	"HS30'"	3402	162.260545111384	2	52	0	1	-Inf	"SD"	4	8.88888888888889
"ECK120000334"	"ftsE"	"-"	3600102	3600770	669	"HS30'"	474	42.6809616331689	0	0	0	1	-Inf	"SD"	5	20.8333333333333
"ECK120000335"	"ftsI"	"+"	91413	93179	1767	"HS30'"	622	21.2048794147641	5	158	0	0.88058856819468	-Inf	"SD"	3	4.6875
"ECK120000336"	"ftsQ"	"+"	103155	103985	831	"HS30'"	2889	209.424983543422	1	75	0	1	-Inf	"SD"	NA	NA
"ECK120000338"	"ftsW"	"+"	98403	99647	1245	"HS30'"	59	2.8547273255432	2	94	0	0.927710843373494	-Inf	"SD"	NA	NA
"ECK120000339"	"ftsX"	"-"	3599051	3600109	1059	"HS30'"	399	22.6965008978764	4	155	0	1	-Inf	"SD"	7	17.9487179487179
"ECK120000341"	"ftsZ"	"+"	105305	106456	1152	"HS30'"	3227	168.744046080689	4	124	0	1	-Inf	"SD"	53	132.5
"ECK120000343"	"fucI"	"+"	2933606	2935381	1776	"HS30'"	19	0.644455020668465	5	112	0	0.538851351351351	-Inf	"SD"	14	21.5384615384615
"ECK120000344"	"fucK"	"+"	2935460	2936908	1449	"HS30'"	121	5.03035872730996	11	270	29.6296296296296	0.490683229813665	-1.65258938073474	"SD"	NA	NA
"ECK120000348"	"fucU"	"+"	2936910	2937332	423	"HS30'"	173	24.6369934291831	3	58	0	1	-Inf	"SD"	NA	NA
"ECK120000350"	"fumB"	"-"	4343703	4345349	1647	"HS30'"	21	0.768082141400667	10	150	0	0.35397692774742	-Inf	"SD"	20	33.3333333333333
"ECK120000353"	"fusA"	"-"	3469422	3471536	2115	"HS30'"	11991	341.528541282468	4	85	0	1	-Inf	"SD"	325	416.666666666667
"ECK120000354"	"gabT"	"+"	2790757	2792037	1281	"HS30'"	7	0	1	100	0	0.21935987509758	NA	"NO"	NA	NA
"ECK120000355"	"galE"	"-"	790262	791278	1017	"HS30'"	49	2.90239888830163	5	100	0	0.792527040314651	-Inf	"SD"	10	27.027027027027
"ECK120000356"	"galK"	"-"	788054	789202	1149	"HS30'"	564	29.5693002529823	1	100	0	0.821583986074848	-Inf	"SD"	6	14.6341463414634
"ECK120000358"	"galS"	"-"	2238650	2239690	1041	"HS30'"	8	0.462936292717405	8	151	52.9801324503311	0.331412103746398	1.78918633028235	"AD"	NA	NA
"ECK120000359"	"galT"	"-"	789206	790252	1047	"HS30'"	14	0.805495884678063	14	112	0	0.433619866284623	-Inf	"SD"	3	7.5
"ECK120000361"	"epd"	"-"	3070694	3071713	1020	"HS30'"	661	39.0376134748945	26	483	53.8302277432712	0.991176470588235	-2.90828132952481	"SD"	3	8.10810810810811
"ECK120000363"	"ispG"	"-"	2638708	2639826	1119	"HS30'"	482	25.9477033184172	6	181	0	1	-Inf	"SD"	21	51.219512195122
"ECK120000364"	"gcvH"	"-"	3047182	3047571	390	"HS30'"	61	9.42208894995126	0	0	0	1	-Inf	"SD"	NA	NA
"ECK120000368"	"mnmG"	"-"	3921767	3923656	1890	"HS30'"	1729	55.1080648784945	3	172	0	1	-Inf	"SD"	12	17.1428571428571
"ECK120000369"	"rsmG"	"-"	3921080	3921703	624	"HS30'"	76	7.33687254299483	40	411	80.2919708029197	0.958333333333333	-0.152699198239954	"SD"	4	17.3913043478261
"ECK120000370"	"glgA"	"-"	3564623	3566056	1434	"HS30'"	85	3.57068670337339	5	100	0	0.96513249651325	-Inf	"SD"	NA	NA
"ECK120000371"	"glgB"	"-"	3569339	3571525	2187	"HS30'"	63	1.73529668983114	9	164	0	0.659350708733425	-Inf	"SD"	NA	NA
"ECK120000372"	"glgC"	"-"	3566056	3567351	1296	"HS30'"	115	5.3453335534977	4	100	0	0.902777777777778	-Inf	"SD"	5	10.2040816326531
"ECK120000374"	"glgX"	"-"	3567369	3569342	1974	"HS30'"	56	1.70892439971212	7	147	0	0.691995947315096	-Inf	"SD"	0	0
"ECK120000375"	"glmS"	"-"	3909862	3911691	1830	"HS30'"	1267	41.7068602780562	5	93	0	1	-Inf	"SD"	75	111.940298507463
"ECK120000378"	"glnG"	"-"	4051892	4053301	1410	"HS30'"	134	5.72489673903561	5	129	0	0.739007092198582	-Inf	"SD"	4	7.69230769230769
"ECK120000379"	"glnH"	"-"	846481	847227	747	"HS30'"	683	55.0784961397177	3	94	0	1	-Inf	"SD"	55	203.703703703704
"ECK120000380"	"glnL"	"-"	4053313	4054362	1050	"HS30'"	34	1.95061513624284	42	263	152.091254752852	0.74	2.03607084317344	"AD"	2	5.12820512820513
"ECK120000381"	"glnP"	"-"	845683	846342	660	"HS30'"	152	13.8733589903902	0	0	0	1	-Inf	"SD"	0	0
"ECK120000382"	"glnQ"	"-"	844964	845686	723	"HS30'"	165	13.7476231532858	1	70	0	1	-Inf	"SD"	8	29.6296296296296
"ECK120000383"	"glnS"	"+"	705316	706980	1665	"HS30'"	1200	43.4159171818755	3	130	0	1	-Inf	"SD"	31	49.2063492063492
"ECK120000385"	"glpB"	"+"	2352287	2353546	1260	"HS30'"	59	2.82074247642959	6	60	0	0.723809523809524	-Inf	"SD"	29	64.4444444444444
"ECK120000386"	"glpC"	"+"	2353543	2354733	1191	"HS30'"	28	1.41621190807377	3	234	0	0.638958858102435	-Inf	"SD"	5	11.3636363636364
"ECK120000390"	"glpG"	"-"	3558645	3559475	831	"HS30'"	200	14.4980950878104	3	168	0	1	-Inf	"SD"	NA	NA
"ECK120000391"	"glpK"	"-"	4113737	4115245	1509	"HS30'"	50	1.9960101090077	7	128	0	0.785288270377734	-Inf	"SD"	5	8.92857142857143
"ECK120000396"	"gltB"	"+"	3352654	3357207	4554	"HS30'"	220	2.91012488356774	12	100	0	0.578392621870883	-Inf	"SD"	80	49.079754601227
"ECK120000397"	"gltD"	"+"	3357220	3358638	1419	"HS30'"	66	2.80184116696987	56	483	107.660455486542	0.923890063424947	1.89213644982612	"AD"	13	25
"ECK120000402"	"glyQ"	"-"	3722430	3723341	912	"HS30'"	336	22.193531348893	1	100	0	0.986842105263158	-Inf	"SD"	10	28.5714285714286
"ECK120000404"	"gnd"	"-"	2097886	2099292	1407	"HS30'"	1330	56.9428913784674	8	177	0	1	-Inf	"SD"	78	152.941176470588
"ECK120000411"	"gshA"	"-"	2812905	2814461	1557	"HS30'"	277	10.716997475844	4	115	0	0.94990366088632	-Inf	"SD"	12	20.6896551724138
"ECK120000412"	"gshB"	"+"	3089900	3090850	951	"HS30'"	317	20.0798616966174	2	90	0	1	-Inf	"SD"	10	27.7777777777778
"ECK120000417"	"gyrB"	"-"	3875728	3878142	2415	"HS30'"	1429	35.6448725024426	30	237	105.485232067511	0.984265010351967	-2.83369456061503	"SD"	49	54.4444444444444
"ECK120000418"	"hdhA"	"-"	1695297	1696064	768	"HS30'"	820	64.3183069969777	10	253	39.5256916996047	1	-5.007157526914	"SD"	6	22.2222222222222
"ECK120000423"	"hemD"	"-"	3987111	3987851	741	"HS30'"	110	8.94244852885797	5	137	0	0.936572199730094	-Inf	"SD"	NA	NA
"ECK120000426"	"hemX"	"-"	3985908	3987089	1182	"HS30'"	146	7.44076093326433	3	151	0	0.999153976311337	-Inf	"SD"	2	4.65116279069767
"ECK120000427"	"hemY"	"-"	3984709	3985905	1197	"HS30'"	223	11.2225793442248	9	97	0	0.908103592314119	-Inf	"SD"	NA	NA
"ECK120000428"	"hflC"	"+"	4401323	4402327	1005	"HS30'"	600	35.9639313969267	5	148	0	1	-Inf	"SD"	11	28.9473684210526
"ECK120000429"	"hflK"	"+"	4400061	4401320	1260	"HS30'"	377	18.0240663324399	2	54	0	0.975396825396825	-Inf	"SD"	27	58.695652173913
"ECK120000430"	"hflX"	"+"	4398695	4399975	1281	"HS30'"	1126	52.9506423194174	2	58	0	1	-Inf	"SD"	9	18.75
"ECK120000431"	"hfq"	"+"	4398311	4398619	309	"HS30'"	434	84.6083492847764	1	50	0	1	-Inf	"SD"	4	36.3636363636364
"ECK120000432"	"hha"	"-"	479314	479532	219	"HS30'"	230	63.2653176742741	3	170	0	1	-Inf	"SD"	NA	NA
"ECK120000433"	"ihfA"	"-"	1793277	1793576	300	"HS30'"	831	166.863650698891	0	0	0	1	-Inf	"SD"	2	18.1818181818182
"ECK120000434"	"ihfB"	"+"	963051	963335	285	"HS30'"	1324	279.849861961279	1	94	0	1	-Inf	"SD"	2	18.1818181818182
"ECK120000435"	"hipB"	"-"	1590200	1590466	267	"HS30'"	49	11.0552047543175	10	371	26.9541778975741	1	-2.46665384055737	"SD"	NA	NA
"ECK120000436"	"hipA"	"-"	1588878	1590200	1323	"HS30'"	67	3.05068193576727	2	39	0	0.778533635676493	-Inf	"SD"	NA	NA
"ECK120000437"	"hisA"	"+"	2093149	2093886	738	"HS30'"	27	2.20388725938484	0	0	0	0.823848238482385	-Inf	"SD"	3	11.5384615384615
"ECK120000438"	"hisB"	"+"	2091492	2092559	1068	"HS30'"	94	5.30198595360123	2	40	0	0.963483146067416	-Inf	"SD"	9	22.5
"ECK120000439"	"hisC"	"+"	2090422	2091492	1071	"HS30'"	51	2.86855167094535	1	100	0	0.255835667600373	-Inf	"SD"	6	15.3846153846154
"ECK120000440"	"hisD"	"+"	2089121	2090425	1305	"HS30'"	10	0.461606016014194	6	181	0	0.345593869731801	-Inf	"SD"	7	15.2173913043478
"ECK120000441"	"hisF"	"+"	2093868	2094644	777	"HS30'"	27	2.09326743555471	4	100	0	0.664092664092664	-Inf	"SD"	6	21.4285714285714
"ECK120000442"	"hisG"	"+"	2088216	2089115	900	"HS30'"	29	1.94105329733969	2	181	0	0.566666666666667	-Inf	"SD"	9	27.2727272727273
"ECK120000443"	"hisH"	"+"	2092559	2093149	591	"HS30'"	20	2.0385646392505	0	0	0	0.800338409475465	-Inf	"SD"	6	27.2727272727273
"ECK120000445"	"hisP"	"-"	2421758	2422531	774	"HS30'"	79	6.14848478307278	0	0	0	0.856589147286822	-Inf	"SD"	NA	NA
"ECK120000446"	"hisS"	"-"	2637323	2638597	1275	"HS30'"	681	32.1750254479917	1	96	0	1	-Inf	"SD"	34	72.3404255319149
"ECK120000447"	"truA"	"-"	2432846	2433658	813	"HS30'"	649	48.0879344690211	12	107	102.803738317757	0.943419434194342	-4.45009953030388	"SD"	4	13.3333333333333
"ECK120000448"	"hlpA"	"+"	200482	200967	486	"HS30'"	135	16.7332180805145	1	72	0	1	-Inf	"SD"	14	77.7777777777778
"ECK120000451"	"hsdM"	"-"	4579482	4581071	1590	"HS30'"	363	13.7528109356078	8	98	0	0.836477987421384	-Inf	"SD"	10	16.9491525423729
"ECK120000453"	"hsdS"	"-"	4578091	4579485	1395	"HS30'"	4	0	94	340	238.235294117647	0.205017921146953	Inf	"AD"	3	5.88235294117647
"ECK120000454"	"htpG"	"+"	494344	496218	1875	"HS30'"	5914	190.003683318073	4	100	0	1	-Inf	"SD"	125	176.056338028169
"ECK120000456"	"degP"	"+"	180884	182308	1425	"HS30'"	1630	68.9056306641819	4	121	0	1	-Inf	"SD"	19	38.7755102040816
"ECK120000459"	"hupA"	"+"	4198304	4198576	273	"HS30'"	2642	582.977962664431	0	0	0	1	-Inf	"SD"	28	280
"ECK120000460"	"hupB"	"+"	460675	460947	273	"HS30'"	1391	306.935028791152	0	0	0	1	-Inf	"SD"	27	300
"ECK120000462"	"hyaB"	"+"	1032477	1034270	1794	"HS30'"	13	0.436518732535162	5	45	0	0.375696767001115	-Inf	"SD"	NA	NA
"ECK120000463"	"hyaC"	"+"	1034289	1034996	708	"HS30'"	12	1.02100991677716	0	0	0	0.529661016949153	-Inf	"SD"	NA	NA
"ECK120000464"	"hyaD"	"+"	1034993	1035580	588	"HS30'"	25	2.56120684905835	0	0	0	0.722789115646258	-Inf	"SD"	NA	NA
"ECK120000465"	"hyaE"	"+"	1035577	1035975	399	"HS30'"	2	0.301952807467931	1	55	0	0.416040100250627	-Inf	"SD"	NA	NA
"ECK120000466"	"hyaF"	"+"	1035972	1036829	858	"HS30'"	4	0	1	48	0	0.185314685314685	NA	"NO"	NA	NA
"ECK120000468"	"hycB"	"-"	2847260	2847871	612	"HS30'"	4	0.393722778365048	7	104	0	0.272875816993464	-Inf	"SD"	NA	NA
"ECK120000469"	"hycC"	"-"	2845437	2847263	1827	"HS30'"	5	0	3	75	0	0.218938149972633	NA	"NO"	NA	NA
"ECK120000470"	"hycD"	"-"	2844511	2845434	924	"HS30'"	4	0	1	100	0	0.239177489177489	NA	"NO"	NA	NA
"ECK120000471"	"hycE"	"-"	2842784	2844493	1710	"HS30'"	8	0.281822620303403	9	187	32.0855614973262	0.278362573099415	2.09017508747734	"AD"	NA	NA
"ECK120000472"	"hycF"	"-"	2842232	2842774	543	"HS30'"	0	0	2	127	0	0	NA	"NO"	NA	NA
"ECK120000473"	"hycG"	"-"	2841465	2842232	768	"HS30'"	50	3.92184798762059	4	100	0	0.6796875	-Inf	"SD"	NA	NA
"ECK120000474"	"hycH"	"-"	2841058	2841468	411	"HS30'"	122	17.8813366933382	3	100	0	1	-Inf	"SD"	NA	NA
"ECK120000477"	"hypB"	"+"	2849023	2849895	873	"HS30'"	7	0.483020728097327	21	208	96.1538461538462	0.356242840778923	3.04984299344213	"AD"	2	6.25
"ECK120000478"	"hypC"	"+"	2849886	2850158	273	"HS30'"	4	0.882631283367799	0	0	0	0.446886446886447	-Inf	"SD"	NA	NA
"ECK120000479"	"hypD"	"+"	2850158	2851279	1122	"HS30'"	13	0.697963107101676	4	128	0	0.453654188948307	-Inf	"SD"	NA	NA
"ECK120000480"	"hypE"	"+"	2851318	2852286	969	"HS30'"	34	2.11366965227552	14	336	29.7619047619048	0.680082559339525	-0.0797499139649667	"SD"	0	0
"ECK120000485"	"ileS"	"+"	22391	25207	2817	"HS30'"	3010	64.3667558113083	4	100	0	0.995740149094782	-Inf	"SD"	75	72.1153846153846
"ECK120000487"	"ilvB"	"-"	3849119	3850807	1689	"HS30'"	78	2.78193465779069	5	99	0	0.580224985198342	-Inf	"SD"	10	16.6666666666667
"ECK120000489"	"ilvD"	"+"	3951501	3953351	1851	"HS30'"	79	2.57100336147938	11	254	27.5590551181102	0.81955699621826	-0.876904669265995	"SD"	8	12.1212121212121
"ECK120000490"	"ilvE"	"+"	3950507	3951436	930	"HS30'"	48	3.10913987560528	2	100	0	0.840860215053763	-Inf	"SD"	3	8.82352941176471
"ECK120000491"	"ilvG_2"	"+"	3949646	3950227	582	"HS30'"	125	12.9380552168927	46	515	85.4368932038835	0.994845360824742	-0.556045346133579	"SD"	NA	NA
"ECK120000492"	"ilvH"	"+"	87357	87848	492	"HS30'"	8	0.979505448615485	0	0	0	0.475609756097561	-Inf	"SD"	1	5.55555555555556
"ECK120000493"	"ilvI"	"+"	85630	87354	1725	"HS30'"	76	2.65403389381378	5	120	0	0.659130434782609	-Inf	"SD"	7	11.1111111111111
"ECK120000494"	"ilvM"	"+"	3950224	3950487	264	"HS30'"	9	2.05362221897224	0	0	0	0.84469696969697	-Inf	"SD"	NA	NA
"ECK120000495"	"ilvN"	"-"	3848825	3849115	291	"HS30'"	7	1.44906218429198	0	0	0	0.549828178694158	-Inf	"SD"	NA	NA
"ECK120000497"	"infA"	"-"	925448	925666	219	"HS30'"	3757	1033.42521087934	0	0	0	1	-Inf	"SD"	3	37.5
"ECK120000498"	"infB"	"-"	3311364	3314036	2673	"HS30'"	986	22.2208121580974	11	105	57.1428571428571	1	-4.21080523643075	"SD"	89	91.7525773195876
"ECK120000499"	"infC"	"-"	1798120	1798662	543	"HS30'"	5211	578.10032763024	0	0	0	1	-Inf	"SD"	85	404.761904761905
"ECK120000501"	"ispA"	"-"	439426	440325	900	"HS30'"	343	22.9579752064659	8	332	0	1	-Inf	"SD"	4	12.5
"ECK120000504"	"katG"	"+"	4131858	4134038	2181	"HS30'"	449	12.4014551606344	11	100	60	1	-3.36940310239631	"SD"	154	192.5
"ECK120000505"	"kbl"	"-"	3789378	3790574	1197	"HS30'"	272	13.6885272718796	1	47	0	0.974101921470342	-Inf	"SD"	23	53.4883720930233
"ECK120000506"	"kdpA"	"-"	726282	727955	1674	"HS30'"	15	0.539781228403694	1	92	0	0.360812425328554	-Inf	"SD"	NA	NA
"ECK120000507"	"kdpB"	"-"	724211	726259	2049	"HS30'"	34	0.999583159128833	3	80	0	0.585651537335286	-Inf	"SD"	NA	NA
"ECK120000508"	"kdpC"	"-"	723630	724202	573	"HS30'"	599	62.9729694045751	2	66	0	0.68586387434555	-Inf	"SD"	NA	NA
"ECK120000509"	"kdpD"	"-"	720953	723637	2685	"HS30'"	825	18.5093697203457	9	265	22.6415094339623	0.937057728119181	-3.94714945855632	"SD"	NA	NA
"ECK120000512"	"kdsB"	"+"	970075	970821	747	"HS30'"	213	17.1767491621667	4	90	0	1	-Inf	"SD"	7	25
"ECK120000514"	"kefC"	"+"	47769	49631	1863	"HS30'"	155	5.01188174392223	5	79	0	0.777777777777778	-Inf	"SD"	NA	NA
"ECK120000516"	"rsmA"	"-"	51609	52430	822	"HS30'"	226	16.5622216913706	13	158	69.620253164557	1	-2.91232078311328	"SD"	7	23.3333333333333
"ECK120000518"	"lacI"	"-"	365652	366734	1083	"HS30'"	45	2.5030298513789	15	275	54.5454545454545	0.788550323176362	0.261287003870103	"AD"	1	2.56410256410256
"ECK120000519"	"lacY"	"-"	361150	362403	1254	"HS30'"	21	1.00879687949513	23	313	63.8977635782748	0.523125996810207	1.98736428189358	"AD"	NA	NA
"ECK120000520"	"lacZ"	"-"	362455	365529	3075	"HS30'"	11	0	7	82	0	0.15479674796748	NA	"NO"	4	3.44827586206897
"ECK120000521"	"lamB"	"+"	4245994	4247334	1341	"HS30'"	36	1.61717006952624	8	180	33.3333333333333	0.659209545115585	-0.430437001833756	"SD"	9	18
"ECK120000522"	"lepA"	"-"	2703347	2705146	1800	"HS30'"	1230	41.1637164780657	2	60	0	0.985	-Inf	"SD"	32	47.7611940298507
"ECK120000523"	"lepB"	"-"	2702357	2703331	975	"HS30'"	160	9.88547037371935	4	107	0	0.975384615384615	-Inf	"SD"	2	5.55555555555556
"ECK120000526"	"lexA"	"+"	4255138	4255746	609	"HS30'"	1525	150.846251661781	1	36	0	1	-Inf	"SD"	6	27.2727272727273
"ECK120000527"	"ligA"	"-"	2526183	2528198	2016	"HS30'"	193	5.76698408846304	1	65	0	0.915178571428571	-Inf	"SD"	7	9.45945945945946
"ECK120000529"	"livF"	"-"	3590747	3591460	714	"HS30'"	20	1.6873833358502	4	113	0	0.869747899159664	-Inf	"SD"	NA	NA
"ECK120000530"	"livG"	"-"	3591462	3592229	768	"HS30'"	43	3.37278926935371	1	51	0	0.830729166666667	-Inf	"SD"	NA	NA
"ECK120000531"	"livH"	"-"	3593500	3594426	927	"HS30'"	88	5.71853666440885	0	0	0	0.997842502696872	-Inf	"SD"	NA	NA
"ECK120000534"	"livM"	"-"	3592226	3593503	1278	"HS30'"	66	3.11096448820834	0	0	0	0.878716744913928	-Inf	"SD"	NA	NA
"ECK120000535"	"lon"	"+"	458112	460466	2355	"HS30'"	11819	302.323420881938	4	75	0	1	-Inf	"SD"	55	63.2183908045977
"ECK120000538"	"lpxA"	"+"	202560	203348	789	"HS30'"	778	59.3997429656592	3	100	0	1	-Inf	"SD"	2	7.14285714285714
"ECK120000539"	"lpxB"	"+"	203348	204496	1149	"HS30'"	217	11.3768407001723	0	0	0	0.88946910356832	-Inf	"SD"	2	4.76190476190476
"ECK120000541"	"lspA"	"+"	25207	25701	495	"HS30'"	231	28.1118063752644	3	143	0	1	-Inf	"SD"	NA	NA
"ECK120000543"	"lysC"	"-"	4229907	4231256	1350	"HS30'"	176	7.85345701912148	5	175	0	0.957037037037037	-Inf	"SD"	0	0
"ECK120000548"	"malF"	"-"	4241554	4243098	1545	"HS30'"	18	0.701820408813813	7	128	0	0.439482200647249	-Inf	"SD"	1	1.75438596491228
"ECK120000549"	"malG"	"-"	4240649	4241539	891	"HS30'"	6	0	4	133	0	0.227833894500561	NA	"NO"	NA	NA
"ECK120000552"	"malM"	"+"	4247577	4248497	921	"HS30'"	13	0.850287303114093	27	303	42.9042904290429	0.441910966340934	1.61248932307427	"AD"	5	15.625
"ECK120000557"	"malY"	"+"	1698981	1700153	1173	"HS30'"	58	2.97859841023993	2	62	0	0.537084398976982	-Inf	"SD"	2	4.54545454545455
"ECK120000561"	"manY"	"+"	1901106	1901906	801	"HS30'"	209	15.7179441745058	11	305	36.0655737704918	1	-2.83683710405195	"SD"	10	35.7142857142857
"ECK120000562"	"manZ"	"+"	1901919	1902770	852	"HS30'"	297	20.9990102954063	14	305	36.0655737704918	1	-3.2547459049547	"SD"	19	61.2903225806452
"ECK120000564"	"mazE"	"-"	2909113	2909361	249	"HS30'"	258	62.4169194906903	0	0	0	1	-Inf	"SD"	NA	NA
"ECK120000565"	"mazG"	"-"	2907916	2908707	792	"HS30'"	250	19.0150205460392	0	0	0	1	-Inf	"SD"	0	0
"ECK120000566"	"mcrA"	"+"	1209569	1210402	834	"HS30'"	62	4.47824253665569	2	100	0	0.756594724220623	-Inf	"SD"	NA	NA
"ECK120000567"	"mcrB"	"-"	4575981	4577360	1380	"HS30'"	37	1.6151193103801	43	172	116.279069767442	0.502173913043478	1.30835925790687	"AD"	0	0
"ECK120000572"	"menD"	"-"	2375611	2377281	1671	"HS30'"	16	0.576800335989011	1	100	0	0.381208856971873	-Inf	"SD"	3	4.91803278688525
"ECK120000573"	"mepA"	"-"	2443582	2444406	825	"HS30'"	40	2.92070715587163	2	94	0	0.946666666666667	-Inf	"SD"	NA	NA
"ECK120000578"	"metF"	"+"	4130639	4131529	891	"HS30'"	44	2.9747943254248	6	45	0	0.682379349046016	-Inf	"SD"	1	3.03030303030303
"ECK120000583"	"metL"	"+"	4127858	4130290	2433	"HS30'"	155	3.83770476322528	6	104	0	0.873818331278257	-Inf	"SD"	5	5.61797752808989
"ECK120000585"	"mglA"	"-"	2235791	2237311	1521	"HS30'"	13	0.514868248631216	33	416	74.5192307692308	0.316239316239316	3.58999300695321	"AD"	6	10.7142857142857
"ECK120000586"	"mglB"	"-"	2237372	2238370	999	"HS30'"	55	3.31649367361549	3	105	0	0.755755755755756	-Inf	"SD"	25	69.4444444444444
"ECK120000588"	"miaA"	"+"	4397275	4398225	951	"HS30'"	2647	167.67001233737	1	71	0	1	-Inf	"SD"	2	5.71428571428571
"ECK120000590"	"minD"	"-"	1223772	1224584	813	"HS30'"	1206	89.3590893214783	9	219	41.0958904109589	1	-5.63354567139981	"SD"	16	53.3333333333333
"ECK120000592"	"groL"	"+"	4369048	4370694	1647	"HS30'"	25240	923.161583283468	2	66	0	1	-Inf	"SD"	711	1247.36842105263
"ECK120000594"	"motA"	"-"	1974276	1975163	888	"HS30'"	165	11.1931661484523	2	100	0	1	-Inf	"SD"	1	3.125
"ECK120000595"	"motB"	"-"	1973353	1974279	927	"HS30'"	78	5.06870295254421	2	145	0	0.877022653721683	-Inf	"SD"	1	2.94117647058824
"ECK120000596"	"mprA"	"+"	2808792	2809322	531	"HS30'"	115	13.0462378254859	17	323	49.5356037151703	1	-2.02749002315729	"SD"	7	33.3333333333333
"ECK120000597"	"mraY"	"+"	96002	97084	1083	"HS30'"	38	2.11366965227552	1	76	0	0.802400738688827	-Inf	"SD"	NA	NA
"ECK120000598"	"mrcB"	"+"	164730	167264	2535	"HS30'"	661	15.7074421082416	3	85	0	0.972781065088757	-Inf	"SD"	14	14.8936170212766
"ECK120000599"	"mrdA"	"-"	665539	667440	1902	"HS30'"	130	4.11732179899096	5	41	0	0.855941114616193	-Inf	"SD"	NA	NA
"ECK120000600"	"mrdB"	"-"	664424	665536	1113	"HS30'"	66	3.57215868457345	2	122	0	0.763701707097934	-Inf	"SD"	NA	NA
"ECK120000601"	"mreB"	"-"	3398066	3399109	1044	"HS30'"	822	47.4300181454584	0	0	0	1	-Inf	"SD"	26	70.2702702702703
"ECK120000602"	"mreC"	"-"	3396897	3398000	1104	"HS30'"	295	16.0966282622341	4	155	0	0.874094202898551	-Inf	"SD"	3	7.5
"ECK120000603"	"mreD"	"-"	3396409	3396897	489	"HS30'"	115	14.1667735896381	4	100	0	0.934560327198364	-Inf	"SD"	NA	NA
"ECK120000606"	"msbA"	"+"	965844	967592	1749	"HS30'"	664	22.8696881072967	7	264	0	1	-Inf	"SD"	9	14.0625
"ECK120000609"	"mtlD"	"+"	3772447	3773595	1149	"HS30'"	392	20.5517122325693	0	0	0	0.984334203655353	-Inf	"SD"	9	21.9512195121951
"ECK120000611"	"mukB"	"+"	975549	980009	4461	"HS30'"	604	8.15617785121515	22	146	75.3424657534247	0.98767092580139	-1.89038971093128	"SD"	50	29.4117647058824
"ECK120000612"	"murC"	"+"	100765	102240	1476	"HS30'"	177	7.2238526835392	2	56	0	0.964092140921409	-Inf	"SD"	11	20.3703703703704
"ECK120000613"	"murD"	"+"	97087	98403	1317	"HS30'"	78	3.56772030144911	1	100	0	0.962034927866363	-Inf	"SD"	4	8.51063829787234
"ECK120000614"	"murE"	"+"	93166	94653	1488	"HS30'"	80	3.23868737042217	0	0	0	0.749327956989247	-Inf	"SD"	5	9.43396226415094
"ECK120000615"	"murF"	"+"	94650	96008	1359	"HS30'"	59	2.61525792516651	1	99	0	0.643119941133186	-Inf	"SD"	3	6.38297872340426
"ECK120000616"	"murG"	"+"	99644	100711	1068	"HS30'"	51	2.87660940035812	0	0	0	0.867977528089888	-Inf	"SD"	6	15.7894736842105
"ECK120000622"	"emrE"	"+"	567538	567870	333	"HS30'"	188	34.0091351258025	4	139	0	1	-Inf	"SD"	NA	NA
"ECK120000623"	"nadA"	"+"	781308	782351	1044	"HS30'"	158	9.11671881628033	15	355	28.169014084507	1	-2.18851467973693	"SD"	NA	NA
"ECK120000625"	"nagA"	"-"	700826	701974	1149	"HS30'"	390	20.4468565579133	8	93	64.5161290322581	0.825935596170583	-4.09077275339941	"SD"	7	17.0731707317073
"ECK120000627"	"umpH"	"-"	698797	699549	753	"HS30'"	456	36.4797487396715	1	64	0	1	-Inf	"SD"	5	18.5185185185185
"ECK120000629"	"nagC"	"-"	699597	700817	1221	"HS30'"	481	23.730745641457	6	134	0	0.897624897624898	-Inf	"SD"	10	22.2222222222222
"ECK120000630"	"nanA"	"-"	3370705	3371598	894	"HS30'"	25	1.6845521557565	0	0	0	0.711409395973154	-Inf	"SD"	9	27.2727272727273
"ECK120000631"	"narG"	"+"	1279087	1282830	3744	"HS30'"	42	0.675764576328471	4	100	0	0.342147435897436	-Inf	"SD"	67	47.8571428571429
"ECK120000632"	"narH"	"+"	1282827	1284365	1539	"HS30'"	42	1.64396528510318	4	142	0	0.738791423001949	-Inf	"SD"	56	96.551724137931
"ECK120000633"	"narI"	"+"	1285072	1285749	678	"HS30'"	61	5.4197856791755	0	0	0	0.910029498525074	-Inf	"SD"	4	16
"ECK120000634"	"narJ"	"+"	1284362	1285072	711	"HS30'"	21	1.77922825159901	4	100	0	0.759493670886076	-Inf	"SD"	4	15.3846153846154
"ECK120000637"	"narV"	"-"	1533961	1534641	681	"HS30'"	7	0.619202783596132	3	100	0	0.632892804698972	-Inf	"SD"	NA	NA
"ECK120000638"	"narW"	"-"	1534638	1535333	696	"HS30'"	0	0	2	59	0	0	NA	"NO"	NA	NA
"ECK120000640"	"narY"	"-"	1535333	1536877	1545	"HS30'"	4	0	5	116	0	0.0938511326860841	NA	"NO"	NA	NA
"ECK120000641"	"narZ"	"-"	1536874	1540614	3741	"HS30'"	20	0.322050708847112	9	100	0	0.284950547981823	-Inf	"SD"	NA	NA
"ECK120000642"	"ndh"	"+"	1165308	1166612	1305	"HS30'"	202	9.32444152348672	3	68	0	1	-Inf	"SD"	22	46.8085106382979
"ECK120000643"	"ndk"	"-"	2642455	2642886	432	"HS30'"	1191	166.077189449107	0	0	0	1	-Inf	"SD"	2	13.3333333333333
"ECK120000644"	"nfo"	"+"	2248862	2249719	858	"HS30'"	58	4.07213978462871	0	0	0	0.933566433566434	-Inf	"SD"	3	9.67741935483871
"ECK120000645"	"nhaA"	"+"	17489	18655	1167	"HS30'"	167	8.62040335047586	3	137	0	0.988860325621251	-Inf	"SD"	NA	NA
"ECK120000646"	"nirB"	"+"	3492033	3494576	2544	"HS30'"	34	0.80508879443985	5	122	0	0.404088050314465	-Inf	"SD"	0	0
"ECK120000647"	"nirC"	"+"	3495025	3495831	807	"HS30'"	125	9.33079075121628	1	79	0	0.418835192069393	-Inf	"SD"	NA	NA
"ECK120000648"	"nirD"	"+"	3494573	3494899	327	"HS30'"	12	0	0	0	0	0.220183486238532	NA	"NO"	NA	NA
"ECK120000651"	"bamC"	"-"	2595853	2596887	1035	"HS30'"	1580	91.9599463207407	2	62	0	1	-Inf	"SD"	6	16.2162162162162
"ECK120000654"	"nrdB"	"+"	2345406	2346536	1131	"HS30'"	205	10.9187576864896	21	244	73.7704918032787	1	-1.60073990709039	"SD"	5	11.3636363636364
"ECK120000655"	"nth"	"+"	1709547	1710182	636	"HS30'"	17	1.6101775888797	2	70	0	0.844339622641509	-Inf	"SD"	2	8.33333333333333
"ECK120000658"	"nusA"	"-"	3314061	3315548	1488	"HS30'"	447	18.0961656822339	5	242	0	1	-Inf	"SD"	44	80
"ECK120000659"	"nusB"	"+"	434361	434780	420	"HS30'"	844	121.052880513894	1	66	0	1	-Inf	"SD"	7	43.75
"ECK120000660"	"nusG"	"+"	4175766	4176311	546	"HS30'"	922	101.723255408139	7	155	0	1	-Inf	"SD"	16	76.1904761904762
"ECK120000661"	"ogt"	"-"	1397745	1398260	516	"HS30'"	71	8.28878011895254	1	100	0	0.87015503875969	-Inf	"SD"	NA	NA
"ECK120000664"	"ompF"	"-"	985117	986205	1089	"HS30'"	2700	149.354343197981	27	188	122.340425531915	1	-5.02096152018134	"SD"	32	82.0512820512821
"ECK120000667"	"oppA"	"+"	1299206	1300837	1632	"HS30'"	503	18.5664897672768	20	328	36.5853658536585	0.96875	-2.95159477012995	"SD"	51	83.6065573770492
"ECK120000668"	"oppB"	"+"	1300923	1301843	921	"HS30'"	22	1.43894774373154	9	308	29.2207792207792	0.714440825190011	0.322982705879283	"AD"	5	15.1515151515152
"ECK120000669"	"oppC"	"+"	1301858	1302766	909	"HS30'"	18	1.19286307108618	3	120	0	0.677667766776678	-Inf	"SD"	NA	NA
"ECK120000670"	"oppD"	"+"	1302778	1303791	1014	"HS30'"	40	2.37631499368254	0	0	0	0.872781065088757	-Inf	"SD"	7	18.9189189189189
"ECK120000675"	"pabA"	"-"	3488288	3488851	564	"HS30'"	38	4.05869544931629	0	0	0	0.859929078014184	-Inf	"SD"	1	4.76190476190476
"ECK120000677"	"pal"	"+"	778290	778811	522	"HS30'"	1221	140.905236388333	0	0	0	1	-Inf	"SD"	3	15.7894736842105
"ECK120000678"	"panF"	"+"	3405629	3407080	1452	"HS30'"	67	2.77965027618465	21	197	86.2944162436548	0.833333333333333	0.290631365771245	"AD"	NA	NA
"ECK120000679"	"parC"	"-"	3161737	3163995	2259	"HS30'"	451	12.026583831573	2	100	0	0.980522355024347	-Inf	"SD"	15	17.8571428571429
"ECK120000682"	"pcm"	"-"	2866915	2867541	627	"HS30'"	123	11.8173348740859	0	0	0	1	-Inf	"SD"	3	13.0434782608696
"ECK120000683"	"pcnB"	"-"	157729	159126	1398	"HS30'"	832	35.8507401965358	3	73	0	1	-Inf	"SD"	12	22.2222222222222
"ECK120000684"	"pdxA"	"-"	52427	53416	990	"HS30'"	108	6.57159110071116	1	100	0	0.562626262626263	-Inf	"SD"	0	0
"ECK120000685"	"pdxJ"	"-"	2699020	2699751	732	"HS30'"	111	9.13469118165793	0	0	0	1	-Inf	"SD"	1	3.84615384615385
"ECK120000689"	"pepP"	"-"	3051537	3052862	1326	"HS30'"	152	6.90529180517161	1	43	0	0.986425339366516	-Inf	"SD"	8	16
"ECK120000691"	"pfkA"	"+"	4105575	4106537	963	"HS30'"	1254	78.4428241980008	0	0	0	1	-Inf	"SD"	20	57.1428571428571
"ECK120000693"	"pflB"	"-"	950495	952777	2283	"HS30'"	343	9.05045014709564	16	134	0	1	-Inf	"SD"	284	334.117647058824
"ECK120000695"	"pgk"	"-"	3069481	3070644	1164	"HS30'"	849	43.9376355165675	0	0	0	1	-Inf	"SD"	181	441.463414634146
"ECK120000698"	"pgsA"	"-"	1990293	1990841	549	"HS30'"	164	17.9950673128156	2	100	0	1	-Inf	"SD"	2	9.52380952380952
"ECK120000701"	"pheS"	"-"	1795983	1796966	984	"HS30'"	506	30.9768598124647	0	0	0	1	-Inf	"SD"	24	64.8648648648649
"ECK120000702"	"pheT"	"-"	1793581	1795968	2388	"HS30'"	924	23.3087841804956	0	0	0	1	-Inf	"SD"	71	81.6091954022989
"ECK120000704"	"yjdN"	"-"	4323321	4323764	444	"HS30'"	7	0.949723188353527	7	104	0	0.403153153153153	-Inf	"SD"	NA	NA
"ECK120000705"	"phnC"	"-"	4322400	4323188	789	"HS30'"	3	0	1	100	0	0.243346007604563	NA	"NO"	NA	NA
"ECK120000706"	"phnD"	"-"	4321359	4322375	1017	"HS30'"	1	0	0	0	0	0.0983284169124877	NA	"NO"	NA	NA
"ECK120000707"	"phnF"	"-"	4319720	4320445	726	"HS30'"	1	0	1	100	0	0.0826446280991736	NA	"NO"	NA	NA
"ECK120000708"	"phnG"	"-"	4319267	4319719	453	"HS30'"	0	0	0	0	0	0	NA	"NO"	NA	NA
"ECK120000709"	"phnH"	"-"	4318686	4319270	585	"HS30'"	0	0	1	37	0	0	NA	"NO"	NA	NA
"ECK120000710"	"phnI"	"-"	4317622	4318686	1065	"HS30'"	2	0	1	62	0	0.141784037558685	NA	"NO"	NA	NA
"ECK120000711"	"phnJ"	"-"	4316784	4317629	846	"HS30'"	2	0	1	100	0	0.178486997635934	NA	"NO"	NA	NA
"ECK120000712"	"phnK"	"-"	4316029	4316787	759	"HS30'"	0	0	7	188	37.2340425531915	0	Inf	"AD"	NA	NA
"ECK120000713"	"phnL"	"-"	4315238	4315918	681	"HS30'"	1	0	18	343	49.5626822157434	0.142437591776799	Inf	"AD"	NA	NA
"ECK120000714"	"phnM"	"-"	4314105	4315241	1137	"HS30'"	2	0	3	186	0	0.0914687774846086	NA	"NO"	NA	NA
"ECK120000715"	"phnN"	"-"	4313548	4314105	558	"HS30'"	8	0.863649965445911	0	0	0	0.614695340501792	-Inf	"SD"	NA	NA
"ECK120000716"	"phnO"	"-"	4313127	4313561	435	"HS30'"	8	1.10785443843407	0	0	0	0.590804597701149	-Inf	"SD"	NA	NA
"ECK120000718"	"phoA"	"+"	400971	402386	1416	"HS30'"	221	9.40179965032299	2	68	0	0.693502824858757	-Inf	"SD"	2	4.08163265306122
"ECK120000721"	"creC"	"+"	4634719	4636143	1425	"HS30'"	35	1.47956875659286	3	100	0	0.743859649122807	-Inf	"SD"	NA	NA
"ECK120000722"	"phoP"	"-"	1188999	1189670	672	"HS30'"	259	23.2173400867139	28	318	78.6163522012579	0.995535714285714	-2.21520269815014	"SD"	19	73.0769230769231
"ECK120000723"	"phoQ"	"-"	1187539	1188999	1461	"HS30'"	146	6.01983533409886	5	100	0	0.880903490759754	-Inf	"SD"	1	1.81818181818182
"ECK120000724"	"phoR"	"+"	417113	418408	1296	"HS30'"	339	15.7571136924845	15	256	58.59375	1	-2.39296888766027	"SD"	NA	NA
"ECK120000725"	"pstS"	"-"	3908508	3909548	1041	"HS30'"	1951	112.898588386457	16	231	64.9350649350649	1	-5.23392113671816	"SD"	29	78.3783783783784
"ECK120000726"	"phoU"	"-"	3904876	3905601	726	"HS30'"	194	16.0970792113379	3	164	0	1	-Inf	"SD"	12	44.4444444444444
"ECK120000734"	"pnp"	"-"	3307055	3309190	2136	"HS30'"	1920	54.1479416537998	9	108	0	1	-Inf	"SD"	117	151.948051948052
"ECK120000738"	"polB"	"-"	63429	65780	2352	"HS30'"	104	2.66365512302068	13	198	30.3030303030303	0.433248299319728	-1.15037289560064	"SD"	NA	NA
"ECK120000741"	"potB"	"-"	1182840	1183667	828	"HS30'"	170	12.3680307551629	5	127	0	1	-Inf	"SD"	1	3.2258064516129
"ECK120000742"	"potC"	"-"	1182049	1182843	795	"HS30'"	135	10.229363505824	7	239	29.2887029288703	0.875471698113208	-2.86921764783858	"SD"	NA	NA
"ECK120000743"	"potD"	"-"	1181006	1182052	1047	"HS30'"	193	11.1043361244904	7	194	0	1	-Inf	"SD"	18	46.1538461538462
"ECK120000744"	"potE"	"-"	716169	717488	1320	"HS30'"	45	2.05362221897224	1	100	0	0.687121212121212	-Inf	"SD"	NA	NA
"ECK120000745"	"poxB"	"-"	908554	910272	1719	"HS30'"	12	0.420520663803506	5	128	0	0.304246655031995	-Inf	"SD"	NA	NA
"ECK120000747"	"ppc"	"-"	4148470	4151121	2652	"HS30'"	545	12.3795527428241	122	861	128.919860627178	0.749622926093514	0.842600483781334	"AD"	41	41.4141414141414
"ECK120000751"	"prc"	"-"	1910792	1912840	2049	"HS30'"	445	13.0827795827156	23	194	72.1649484536082	0.979502196193265	-2.22417035780198	"SD"	13	16.8831168831169
"ECK120000752"	"prfA"	"+"	1264235	1265317	1083	"HS30'"	76	4.22733930455104	2	100	0	0.865189289012004	-Inf	"SD"	2	4.8780487804878
"ECK120000753"	"prfB"	"-"	3033206	3034304	1099	"HS30'"	1023	56.0737903065686	2	101	0	1	-Inf	"SD"	10	24.390243902439
"ECK120000755"	"priB"	"+"	4423543	4423857	315	"HS30'"	2234	427.222962192794	9	340	26.4705882352941	1	-7.89084847367079	"SD"	NA	NA
"ECK120000757"	"secY"	"-"	3440788	3442119	1332	"HS30'"	26601	1203.02793016153	27	315	44.4444444444444	1	-8.74702759480033	"SD"	11	22.4489795918367
"ECK120000758"	"proA"	"+"	260727	261980	1254	"HS30'"	302	14.5074598860729	240	592	402.027027027027	0.991228070175439	1.71416663376783	"AD"	10	22.2222222222222
"ECK120000761"	"proS"	"-"	217057	218775	1719	"HS30'"	823	28.8407088591905	3	115	0	1	-Inf	"SD"	77	120.3125
"ECK120000762"	"proV"	"+"	2802837	2804039	1203	"HS30'"	173	8.66288297634618	1	36	0	0.971737323358271	-Inf	"SD"	7	15.9090909090909
"ECK120000763"	"proW"	"+"	2804032	2805096	1065	"HS30'"	78	4.41191327418637	17	721	22.1914008321775	0.87981220657277	-0.463332526766119	"SD"	5	13.1578947368421
"ECK120000764"	"proX"	"+"	2805154	2806146	993	"HS30'"	15	0.909963520994748	8	205	0	0.569989929506546	-Inf	"SD"	6	16.6666666666667
"ECK120000765"	"prs"	"-"	1260151	1261098	948	"HS30'"	2495	158.541945990698	6	147	0	1	-Inf	"SD"	27	79.4117647058823
"ECK120000766"	"psd"	"-"	4387415	4388383	969	"HS30'"	61	3.7921720232002	7	130	0	0.859649122807018	-Inf	"SD"	11	30.5555555555556
"ECK120000768"	"pspB"	"+"	1366825	1367049	225	"HS30'"	94	25.1667599930939	0	0	0	1	-Inf	"SD"	NA	NA
"ECK120000769"	"pspC"	"+"	1367049	1367408	360	"HS30'"	66	11.0439239331396	0	0	0	1	-Inf	"SD"	NA	NA
"ECK120000770"	"pspD"	"+"	1367417	1367638	222	"HS30'"	28	7.59778550682822	0	0	0	0.873873873873874	-Inf	"SD"	NA	NA
"ECK120000771"	"pspE"	"+"	1367713	1368027	315	"HS30'"	222	42.4545647299911	1	37	0	1	-Inf	"SD"	NA	NA
"ECK120000773"	"pstA"	"-"	3906572	3907462	891	"HS30'"	277	18.727682457788	0	0	0	1	-Inf	"SD"	NA	NA
"ECK120000774"	"pstB"	"-"	3905616	3906389	774	"HS30'"	530	41.2493282915009	5	129	0	1	-Inf	"SD"	10	34.4827586206897
"ECK120000775"	"pstC"	"-"	3907462	3908421	960	"HS30'"	760	47.6896715294664	1	36	0	1	-Inf	"SD"	NA	NA
"ECK120000777"	"ptrA"	"-"	2954018	2956906	2889	"HS30'"	166	3.46132610762045	8	201	0	0.715818622360678	-Inf	"SD"	2	1.85185185185185
"ECK120000779"	"ptsH"	"+"	2531786	2532043	258	"HS30'"	310	72.3808968133884	1	38	0	1	-Inf	"SD"	38	422.222222222222
"ECK120000780"	"ptsI"	"+"	2532088	2533815	1728	"HS30'"	1608	56.0562805697237	14	100	0	1	-Inf	"SD"	100	156.25
"ECK120000781"	"purA"	"+"	4402710	4404008	1299	"HS30'"	2378	110.276930980499	20	259	61.7760617760618	1	-5.10691530731484	"SD"	76	161.702127659574
"ECK120000782"	"purC"	"-"	2594927	2595640	714	"HS30'"	959	80.9100309540173	53	281	185.053380782918	1	-2.95973504586501	"SD"	15	55.5555555555556
"ECK120000784"	"purE"	"-"	551814	552323	510	"HS30'"	364	42.9945273974632	0	0	0	1	-Inf	"SD"	5	27.7777777777778
"ECK120000785"	"purF"	"-"	2426743	2428260	1518	"HS30'"	828	32.8579555035558	9	92	0	1	-Inf	"SD"	9	16.0714285714286
"ECK120000790"	"purN"	"+"	2620256	2620894	639	"HS30'"	506	47.7014554858611	5	99	0	1	-Inf	"SD"	2	8.69565217391304
"ECK120000797"	"pyrC"	"-"	1120784	1121830	1047	"HS30'"	299	17.2030906799101	8	118	0	1	-Inf	"SD"	11	28.2051282051282
"ECK120000798"	"pyrD"	"+"	1003991	1005001	1011	"HS30'"	98	5.83924761504008	4	193	0	0.930761622156281	-Inf	"SD"	11	29.7297297297297
"ECK120000800"	"pyrF"	"+"	1339945	1340682	738	"HS30'"	153	12.4886944698474	2	115	0	1	-Inf	"SD"	19	73.0769230769231
"ECK120000801"	"pyrG"	"-"	2906051	2907688	1638	"HS30'"	1464	53.8405082854358	17	442	27.1493212669683	1	-4.48758571893895	"SD"	34	56.6666666666667
"ECK120000802"	"pyrI"	"-"	4469009	4469470	462	"HS30'"	268	34.944174900607	2	149	0	1	-Inf	"SD"	11	64.7058823529412
"ECK120000804"	"racC"	"-"	1415512	1415787	276	"HS30'"	19	4.14692795908404	4074	421	9676.95961995249	0.898550724637681	7.6182591852834	"AD"	NA	NA
"ECK120000805"	"rbsA"	"+"	3931801	3933306	1506	"HS30'"	8	0	2	49	0	0.233067729083665	NA	"NO"	13	23.6363636363636
"ECK120000806"	"rbsB"	"+"	3934301	3935191	891	"HS30'"	88	5.94958865084961	40	376	103.723404255319	0.744107744107744	0.390684198729803	"AD"	27	87.0967741935484
"ECK120000807"	"rbsC"	"+"	3933311	3934276	966	"HS30'"	34	2.12023384374221	6	102	0	0.401656314699793	-Inf	"SD"	1	3.03030303030303
"ECK120000808"	"rbsD"	"+"	3931374	3931793	420	"HS30'"	51	7.31480676091064	5	187	0	0.764285714285714	-Inf	"SD"	NA	NA
"ECK120000809"	"rbsK"	"+"	3935317	3936246	930	"HS30'"	54	3.49778236005594	39	376	103.723404255319	0.832258064516129	1.1570335996771	"AD"	5	15.625
"ECK120000814"	"recA"	"-"	2820730	2821791	1062	"HS30'"	2061	116.905635470985	0	0	0	1	-Inf	"SD"	32	84.2105263157895
"ECK120000815"	"recB"	"-"	2950483	2954025	3543	"HS30'"	79	1.343191425938	8	125	0	0.507479537115439	-Inf	"SD"	0	0
"ECK120000816"	"recC"	"-"	2957082	2960450	3369	"HS30'"	119	2.12778587880452	37	521	55.6621880998081	0.569902048085485	1.44669992192431	"AD"	1	0.775193798449612
"ECK120000818"	"recE"	"-"	1412810	1415410	2601	"HS30'"	39	0.903246373896286	4080	421	9676.95961995249	0.461745482506728	9.81711070702956	"AD"	NA	NA
"ECK120000819"	"recF"	"-"	3878171	3879244	1074	"HS30'"	464	26.0252956067891	49	171	269.005847953216	0.910614525139665	-1.50020878410222	"SD"	NA	NA
"ECK120000821"	"recJ"	"-"	3034395	3036128	1734	"HS30'"	307	10.6652552610061	1	100	0	0.981545559400231	-Inf	"SD"	3	4.76190476190476
"ECK120000822"	"recN"	"+"	2749817	2751478	1662	"HS30'"	191	6.92284040442948	10	174	0	0.779783393501805	-Inf	"SD"	NA	NA
"ECK120000823"	"recO"	"-"	2699763	2700491	729	"HS30'"	75	6.19748817796834	4	209	0	0.65843621399177	-Inf	"SD"	NA	NA
"ECK120000824"	"recQ"	"+"	4003887	4005716	1830	"HS30'"	171	5.62894483626489	10	251	23.9043824701195	0.888524590163934	-2.22983010401041	"SD"	0	0
"ECK120000825"	"recR"	"+"	493629	494234	606	"HS30'"	123	12.2268464786334	0	0	0	1	-Inf	"SD"	1	4.54545454545455
"ECK120000826"	"relA"	"-"	2909439	2911673	2235	"HS30'"	278	7.49288798880489	10	140	0	0.826845637583893	-Inf	"SD"	0	0
"ECK120000831"	"rfe"	"+"	3965939	3967042	1104	"HS30'"	374	20.4072507460188	13	464	28.0172413793103	1	-2.97249830798545	"SD"	NA	NA
"ECK120000836"	"rho"	"+"	3964440	3965699	1260	"HS30'"	940	44.9406428448104	6	157	0	1	-Inf	"SD"	60	127.659574468085
"ECK120000838"	"rhsB"	"+"	3617215	3621450	4236	"HS30'"	20	0	2	99	0	0.117799811142587	NA	"NO"	NA	NA
"ECK120000839"	"rhsC"	"+"	728806	732999	4194	"HS30'"	19	0	0	0	0	0.131139723414402	NA	"NO"	NA	NA
"ECK120000840"	"rhsD"	"+"	522485	526765	4281	"HS30'"	88	1.23828159026092	2	100	0	0.36837187572997	-Inf	"SD"	NA	NA
"ECK120000841"	"rimI"	"+"	4606208	4606654	447	"HS30'"	107	14.4197664532756	0	0	0	1	-Inf	"SD"	NA	NA
"ECK120000843"	"rimK"	"+"	891190	892092	903	"HS30'"	61	4.06934074250387	6	147	40.8163265306122	0.910299003322259	-1.76176068237794	"SD"	NA	NA
"ECK120000845"	"rlpA"	"-"	663325	664413	1089	"HS30'"	45	2.48923905329968	58	852	66.9014084507042	0.583103764921947	2.1952571335349	"AD"	NA	NA
"ECK120000846"	"lptE"	"-"	670828	671409	582	"HS30'"	179	18.5272950705903	8	100	70	1	-3.72615353531544	"SD"	2	9.52380952380952
"ECK120000848"	"rnc"	"-"	2701405	2702085	681	"HS30'"	236	20.875979561241	0	0	0	1	-Inf	"SD"	6	23.0769230769231
"ECK120000852"	"rnhB"	"+"	204493	205089	597	"HS30'"	69	6.96236410586233	0	0	0	0.914572864321608	-Inf	"SD"	NA	NA
"ECK120000853"	"rnpA"	"+"	3882516	3882875	360	"HS30'"	458	76.6381388087565	1	71	0	1	-Inf	"SD"	NA	NA
"ECK120000855"	"rplA"	"+"	4176902	4177606	705	"HS30'"	4452	380.406571375918	20	127	149.606299212598	1	-6.64539893962929	"SD"	236	944
"ECK120000856"	"rplB"	"-"	3448565	3449386	822	"HS30'"	4830	353.962525527964	7	78	0	1	-Inf	"SD"	88	293.333333333333
"ECK120000857"	"rplC"	"-"	3450319	3450948	630	"HS30'"	7390	706.619894942871	0	0	0	1	-Inf	"SD"	29	131.818181818182
"ECK120000858"	"rplD"	"-"	3449703	3450308	606	"HS30'"	5323	529.134177282646	0	0	0	1	-Inf	"SD"	44	200
"ECK120000859"	"rplE"	"-"	3444921	3445460	540	"HS30'"	7712	860.310518912854	2	83	0	1	-Inf	"SD"	157	785
"ECK120000860"	"rplF"	"-"	3443629	3444162	534	"HS30'"	3304	372.718331716989	0	0	0	1	-Inf	"SD"	142	747.368421052632
"ECK120000862"	"rplJ"	"+"	4178019	4178516	498	"HS30'"	6130	741.50332650762	2	52	0	1	-Inf	"SD"	23	127.777777777778
"ECK120000863"	"rplK"	"+"	4176470	4176898	429	"HS30'"	742	104.19061104119	4	37	0	1	-Inf	"SD"	9	60
"ECK120000864"	"rplL"	"+"	4178583	4178948	366	"HS30'"	6477	1066.04314925403	0	0	0	1	-Inf	"SD"	85	708.333333333333
"ECK120000865"	"rplM"	"-"	3376245	3376673	429	"HS30'"	5083	713.747811216129	1	83	0	1	-Inf	"SD"	25	156.25
"ECK120000866"	"rplN"	"-"	3445800	3446171	372	"HS30'"	6418	1039.29477716847	7	122	57.3770491803279	1	-9.53596236413324	"SD"	7	50
"ECK120000867"	"rplO"	"-"	3442127	3442561	435	"HS30'"	10670	1477.60085726143	0	0	0	1	-Inf	"SD"	49	326.666666666667
"ECK120000868"	"rplP"	"-"	3446781	3447191	411	"HS30'"	3787	555.054279161243	1	100	0	1	-Inf	"SD"	30	200
"ECK120000869"	"rplQ"	"-"	3437638	3438021	384	"HS30'"	4511	707.65825088626	27	171	152.046783625731	1	-7.08839737487418	"SD"	13	92.8571428571429
"ECK120000870"	"rplR"	"-"	3443266	3443619	354	"HS30'"	3468	590.143731897197	1	100	0	1	-Inf	"SD"	NA	NA
"ECK120000872"	"rplT"	"-"	1797417	1797773	357	"HS30'"	4497	758.816286131837	0	0	0	1	-Inf	"SD"	16	123.076923076923
"ECK120000873"	"rplV"	"-"	3447923	3448255	333	"HS30'"	4799	868.137443982586	1	100	0	1	-Inf	"SD"	14	116.666666666667
"ECK120000874"	"rplW"	"-"	3449404	3449706	303	"HS30'"	3994	794.049184319703	0	0	0	1	-Inf	"SD"	NA	NA
"ECK120000875"	"rplX"	"-"	3445475	3445789	315	"HS30'"	1951	373.102954000958	8	122	57.3770491803279	1	-8.05800314518121	"SD"	64	581.818181818182
"ECK120000877"	"rpmB"	"-"	3809461	3809697	237	"HS30'"	4113	1045.42368554668	0	0	0	1	-Inf	"SD"	11	122.222222222222
"ECK120000878"	"rpmC"	"-"	3446590	3446781	192	"HS30'"	6704	2103.36551272068	0	0	0	1	-Inf	"SD"	0	0
"ECK120000879"	"rpmD"	"-"	3442565	3442744	180	"HS30'"	1909	638.874266314045	0	0	0	1	-Inf	"SD"	7	100
"ECK120000881"	"rpmF"	"+"	1146590	1146763	174	"HS30'"	868	300.50551642524	0	0	0	1	-Inf	"SD"	NA	NA
"ECK120000882"	"rpmG"	"-"	3809273	3809440	168	"HS30'"	1153	413.430009574998	0	0	0	1	-Inf	"SD"	NA	NA
"ECK120000884"	"rpoA"	"-"	3438062	3439051	990	"HS30'"	15749	958.29618745463	3	100	0	1	-Inf	"SD"	113	305.405405405405
"ECK120000885"	"rpoB"	"+"	4179268	4183296	4029	"HS30'"	3541	52.9432541085051	9	118	0	0.99801439563167	-Inf	"SD"	198	131.12582781457
"ECK120000886"	"rpoC"	"+"	4183373	4187596	4224	"HS30'"	941	13.4198507503672	11	156	0	1	-Inf	"SD"	235	151.612903225806
"ECK120000888"	"rpoH"	"-"	3597952	3598806	855	"HS30'"	6471	455.91854399583	1	47	0	1	-Inf	"SD"	NA	NA
"ECK120000889"	"rpoN"	"+"	3342739	3344172	1434	"HS30'"	479	20.1218697754807	20	284	21.1267605633803	0.982566248256625	-4.06765805933019	"SD"	3	5.55555555555556
"ECK120000890"	"rpoZ"	"+"	3820129	3820404	276	"HS30'"	6008	1311.30227253563	0	0	0	1	-Inf	"SD"	8	80
"ECK120000891"	"rpsA"	"+"	961218	962891	1674	"HS30'"	6884	247.723598422069	10	101	89.1089108910891	1	-7.10459059106462	"SD"	471	772.131147540984
"ECK120000892"	"rpsB"	"+"	189874	190599	726	"HS30'"	8621	715.324329283219	1	58	0	1	-Inf	"SD"	99	366.666666666667
"ECK120000893"	"rpsC"	"-"	3447204	3447905	702	"HS30'"	4712	404.343197925049	1	35	0	1	-Inf	"SD"	104	400
"ECK120000894"	"rpsD"	"-"	3439077	3439697	621	"HS30'"	7327	710.749500730029	1	100	0	1	-Inf	"SD"	85	369.565217391304
"ECK120000895"	"rpsE"	"-"	3442748	3443251	504	"HS30'"	5045	602.99346582997	2	45	0	1	-Inf	"SD"	92	511.111111111111
"ECK120000897"	"rpsG"	"-"	3471564	3472103	540	"HS30'"	8862	988.598524196798	0	0	0	1	-Inf	"SD"	57	285
"ECK120000898"	"rpsH"	"-"	3444175	3444567	393	"HS30'"	1866	286.023068136551	0	0	0	1	-Inf	"SD"	76	542.857142857143
"ECK120000899"	"rpsI"	"-"	3375837	3376229	393	"HS30'"	4998	766.100372211404	1	100	0	1	-Inf	"SD"	11	73.3333333333333
"ECK120000900"	"rpsJ"	"-"	3450981	3451292	312	"HS30'"	6256	1207.88091128883	0	0	0	1	-Inf	"SD"	44	366.666666666667
"ECK120000901"	"rpsK"	"-"	3439731	3440120	390	"HS30'"	4315	666.496947853109	0	0	0	1	-Inf	"SD"	10	71.4285714285714
"ECK120000902"	"rpsL"	"-"	3472200	3472574	375	"HS30'"	969	155.659087872178	1	100	0	1	-Inf	"SD"	NA	NA
"ECK120000903"	"rpsM"	"-"	3440137	3440493	357	"HS30'"	3894	657.06707098007	4	180	0	1	-Inf	"SD"	83	638.461538461538
"ECK120000904"	"rpsN"	"-"	3444601	3444906	306	"HS30'"	2617	515.186255490665	13	167	77.8443113772455	1	-7.63043867123136	"SD"	1	8.33333333333333
"ECK120000905"	"rpsO"	"-"	3309437	3309706	270	"HS30'"	4033	899.800913582868	0	0	0	1	-Inf	"SD"	1	10
"ECK120000906"	"rpsP"	"-"	2743959	2744207	249	"HS30'"	1068	258.377015566113	0	0	0	1	-Inf	"SD"	7	77.7777777777778
"ECK120000907"	"rpsQ"	"-"	3446336	3446590	255	"HS30'"	9906	2340.1307054905	1	68	0	1	-Inf	"SD"	NA	NA
"ECK120000908"	"rpsR"	"+"	4423862	4424089	228	"HS30'"	1215	321.013578439344	15	340	26.4705882352941	1	-7.47849360590316	"SD"	47	522.222222222222
"ECK120000909"	"rpsS"	"-"	3448270	3448548	279	"HS30'"	1628	351.505535936486	1	53	0	1	-Inf	"SD"	7	70
"ECK120000916"	"sbcC"	"-"	411831	414977	3147	"HS30'"	43	0.823102052387559	6	56	0	0.387353034636161	-Inf	"SD"	0	0
"ECK120000918"	"sbp"	"+"	4106857	4107846	990	"HS30'"	81	4.92869332553337	2	54	0	0.868686868686869	-Inf	"SD"	15	40.5405405405405
"ECK120000919"	"sdaA"	"+"	1894956	1896320	1365	"HS30'"	3438	151.724317610925	5	120	0	1	-Inf	"SD"	5	10.2040816326531
"ECK120000920"	"sdhA"	"+"	755130	756896	1767	"HS30'"	454	15.4775164860175	1	48	0	1	-Inf	"SD"	63	98.4375
"ECK120000921"	"sdhB"	"+"	756912	757628	717	"HS30'"	789	66.2887484461555	15	266	52.6315789473684	1	-4.56526528227102	"SD"	38	140.740740740741
"ECK120000923"	"sdhD"	"+"	754783	755130	348	"HS30'"	100	17.3102256005323	5	100	0	1	-Inf	"SD"	NA	NA
"ECK120000925"	"secA"	"+"	108279	110984	2706	"HS30'"	189	4.20742113155288	5	210	0	0.900960827790096	-Inf	"SD"	67	65.6862745098039
"ECK120000926"	"secB"	"-"	3781684	3782151	468	"HS30'"	528	67.9626088193206	2	100	0	1	-Inf	"SD"	7	41.1764705882353
"ECK120000927"	"secD"	"+"	426871	428718	1848	"HS30'"	2238	72.9524845406328	10	189	0	1	-Inf	"SD"	27	40.2985074626866
"ECK120000928"	"secE"	"+"	4175381	4175764	384	"HS30'"	939	147.304610415029	2	151	0	1	-Inf	"SD"	NA	NA
"ECK120000929"	"secF"	"+"	428729	429700	972	"HS30'"	407	25.2237768843312	4	138	0	1	-Inf	"SD"	NA	NA
"ECK120000930"	"selA"	"-"	3757881	3759272	1392	"HS30'"	133	5.75565001217698	2	100	0	0.935344827586207	-Inf	"SD"	3	5.88235294117647
"ECK120000931"	"selB"	"-"	3756040	3757884	1845	"HS30'"	62	2.024311260472	0	0	0	0.796747967479675	-Inf	"SD"	20	28.9855072463768
"ECK120000932"	"selD"	"-"	1844989	1846032	1044	"HS30'"	392	22.6186947846955	2	88	0	1	-Inf	"SD"	23	62.1621621621622
"ECK120000935"	"serC"	"+"	956876	957964	1089	"HS30'"	448	24.7817576861835	5	55	0	1	-Inf	"SD"	28	70
"ECK120000936"	"serS"	"+"	938651	939943	1293	"HS30'"	1102	51.3410848948316	25	280	89.2857142857143	1	-3.36011378200325	"SD"	33	68.75
"ECK120000937"	"maeA"	"-"	1551996	1553693	1698	"HS30'"	127	4.50555200613147	6	160	0	0.871613663133098	-Inf	"SD"	27	42.8571428571429
"ECK120000938"	"sfsA"	"-"	160782	161486	705	"HS30'"	156	13.3296103177546	3	221	0	0.84113475177305	-Inf	"SD"	1	3.84615384615385
"ECK120000944"	"prlF"	"+"	3275024	3275359	336	"HS30'"	778	139.483324999718	2	68	0	1	-Inf	"SD"	NA	NA
"ECK120000948"	"speA"	"-"	3081957	3083933	1977	"HS30'"	569	17.3375437107364	7	74	0	0.995447647951442	-Inf	"SD"	21	28.3783783783784
"ECK120000952"	"speE"	"-"	135598	136464	867	"HS30'"	183	12.7149297248477	9	218	0	0.964244521337947	-Inf	"SD"	8	25
"ECK120000955"	"spoT"	"+"	3820423	3822531	2109	"HS30'"	637	18.1946968716149	5	106	0	0.944997629208156	-Inf	"SD"	0	0
"ECK120000956"	"trmH"	"+"	3822538	3823227	690	"HS30'"	49	4.27788357884458	3	107	0	0.86231884057971	-Inf	"SD"	2	8
"ECK120000958"	"srlE"	"+"	2824414	2825373	960	"HS30'"	12	0	0	0	0	0.192708333333333	NA	"NO"	19	57.5757575757576
"ECK120000959"	"srlB"	"+"	2825384	2825755	372	"HS30'"	3	0	0	0	0	0.126344086021505	NA	"NO"	6	46.1538461538462
"ECK120000960"	"srlD"	"+"	2825759	2826538	780	"HS30'"	18	1.39014427130428	2	69	0	0.61025641025641	-Inf	"SD"	8	28.5714285714286
"ECK120000961"	"gutM"	"+"	2826643	2827002	360	"HS30'"	3	0	0	0	0	0.194444444444444	NA	"NO"	NA	NA
"ECK120000963"	"srlR"	"+"	2827069	2827842	774	"HS30'"	93	7.23808968133884	18	597	25.1256281407035	0.590439276485788	-1.27064648237217	"SD"	NA	NA
"ECK120000966"	"sspA"	"-"	3374804	3375442	639	"HS30'"	637	60.0510417875366	0	0	0	1	-Inf	"SD"	33	137.5
"ECK120000968"	"sucA"	"+"	757929	760730	2802	"HS30'"	155	3.33231109526306	13	158	0	0.825838686652391	-Inf	"SD"	49	46.6666666666667
"ECK120000969"	"sucB"	"+"	760745	761962	1218	"HS30'"	119	5.88547670418097	7	95	0	0.872742200328407	-Inf	"SD"	42	95.4545454545455
"ECK120000970"	"sucC"	"+"	762237	763403	1167	"HS30'"	60	3.09715090436259	0	0	0	0.787489288774636	-Inf	"SD"	232	565.853658536585
"ECK120000973"	"sulA"	"-"	1019633	1020142	510	"HS30'"	107	24.2313638239548	NA	661	69.5915279878971	1	-1.39716984059876	"SD"	NA	NA
"ECK120000974"	"surA"	"-"	53416	54702	1287	"HS30'"	304	14.22908614399	6	91	0	1	-Inf	"SD"	24	51.063829787234
"ECK120000976"	"tap"	"-"	1967407	1969008	1602	"HS30'"	53	1.99294507475791	5	105	0	0.769038701622971	-Inf	"SD"	7	12.0689655172414
"ECK120000977"	"tar"	"-"	1969054	1970715	1662	"HS30'"	127	4.60314519037981	3	100	0	0.825511432009627	-Inf	"SD"	21	35
"ECK120000979"	"tdcB"	"-"	3263061	3264050	990	"HS30'"	14	0.851872920462558	1	54	0	0.478787878787879	-Inf	"SD"	3	8.57142857142857
"ECK120000980"	"tdcC"	"-"	3261708	3263039	1332	"HS30'"	53	2.39692042774938	5	127	0	0.802552552552553	-Inf	"SD"	NA	NA
"ECK120000982"	"tdh"	"-"	3788343	3789368	1026	"HS30'"	170	9.98121780241217	1	97	0	0.873294346978557	-Inf	"SD"	14	37.8378378378378
"ECK120000985"	"tgt"	"+"	425361	426488	1128	"HS30'"	952	50.8405008914356	3	122	0	1	-Inf	"SD"	10	23.2558139534884
"ECK120000986"	"mnmE"	"+"	3884851	3886215	1365	"HS30'"	201	8.87044439784638	6	111	0	0.945787545787546	-Inf	"SD"	1	2.04081632653061
"ECK120000987"	"thrA"	"+"	337	2799	2463	"HS30'"	266	6.50577735846558	9	100	0	0.824198132358912	-Inf	"SD"	42	47.1910112359551
"ECK120000988"	"thrB"	"+"	2801	3733	933	"HS30'"	98	6.32741622594376	0	0	0	0.95069667738478	-Inf	"SD"	NA	NA
"ECK120000989"	"thrC"	"+"	3734	5020	1287	"HS30'"	110	5.14868248631216	4	73	0	0.925407925407925	-Inf	"SD"	13	27.6595744680851
"ECK120000991"	"thyA"	"-"	2962383	2963177	795	"HS30'"	63	4.77370296938452	8	257	0	0.874213836477987	-Inf	"SD"	7	23.3333333333333
"ECK120000992"	"tig"	"+"	454357	455655	1299	"HS30'"	3798	176.127747629915	6	100	0	1	-Inf	"SD"	212	441.666666666667
"ECK120000994"	"tnaA"	"+"	3886753	3888168	1416	"HS30'"	403	17.1444581858831	4	137	0	0.955508474576271	-Inf	"SD"	773	1458.49056603774
"ECK120000995"	"tnaB"	"+"	3888259	3889506	1248	"HS30'"	34	1.641142542512	19	625	25.6	0.741185897435897	0.96337135459484	"AD"	NA	NA
"ECK120000996"	"tolA"	"+"	775565	776830	1266	"HS30'"	254	12.0859831064949	0	0	0	0.853080568720379	-Inf	"SD"	NA	NA
"ECK120000997"	"tolB"	"+"	776963	778255	1293	"HS30'"	2671	124.43923571152	4	100	0	1	-Inf	"SD"	17	36.9565217391304
"ECK120000999"	"tolQ"	"+"	774376	775068	693	"HS30'"	409	35.5526555580802	11	196	0	1	-Inf	"SD"	6	23.0769230769231
"ECK120001000"	"tolR"	"+"	775072	775500	429	"HS30'"	101	14.182279939569	0	0	0	1	-Inf	"SD"	NA	NA
"ECK120001003"	"topB"	"-"	1843023	1844984	1962	"HS30'"	68	2.08781436600915	5	100	0	0.616207951070336	-Inf	"SD"	0	0
"ECK120001008"	"trkA"	"+"	3434540	3435916	1377	"HS30'"	72	3.14978222692038	7	341	17.5953079178886	0.746550472040668	-1.39221767960326	"SD"	1	2
"ECK120001009"	"trkG"	"+"	1421806	1423263	1458	"HS30'"	78	3.22269385254354	7	114	0	0.64883401920439	-Inf	"SD"	NA	NA
"ECK120001010"	"trkH"	"+"	4031168	4032619	1452	"HS30'"	324	13.4418908878183	3	235	0	0.955922865013774	-Inf	"SD"	NA	NA
"ECK120001012"	"trmD"	"-"	2742594	2743361	768	"HS30'"	11518	903.43690242828	1	48	0	1	-Inf	"SD"	6	21.4285714285714
"ECK120001013"	"trpA"	"-"	1314440	1315246	807	"HS30'"	93	6.94210831890491	1	54	0	0.856257744733581	-Inf	"SD"	34	117.241379310345
"ECK120001014"	"trpB"	"-"	1315246	1316439	1194	"HS30'"	121	6.10468157108219	1	100	0	0.984924623115578	-Inf	"SD"	30	69.7674418604651
"ECK120001015"	"trpC"	"-"	1316451	1317809	1359	"HS30'"	163	7.22520409834137	3	70	0	0.884473877851361	-Inf	"SD"	7	14.2857142857143
"ECK120001016"	"trpD"	"-"	1317813	1319408	1596	"HS30'"	240	9.05858422403794	10	90	0	0.99937343358396	-Inf	"SD"	25	43.859649122807
"ECK120001017"	"trpE"	"-"	1319408	1320970	1563	"HS30'"	2273	87.6036960391774	6	223	0	1	-Inf	"SD"	27	47.3684210526316
"ECK120001019"	"trpS"	"-"	3510656	3511660	1005	"HS30'"	220	13.1867748455398	5	100	0	1	-Inf	"SD"	22	59.4594594594595
"ECK120001022"	"tsf"	"+"	190857	191708	852	"HS30'"	6480	458.160224627046	2	139	0	1	-Inf	"SD"	147	490
"ECK120001025"	"tufA"	"-"	3468167	3469351	1185	"HS30'"	340	17.2839315869618	0	0	0	0.236286919831224	-Inf	"SD"	844	1962.79069767442
"ECK120001026"	"tufB"	"+"	4173967	4175151	1185	"HS30'"	1895	96.3325010508609	0	0	0	0.294514767932489	-Inf	"SD"	NA	NA
"ECK120001032"	"tyrS"	"-"	1713972	1715246	1275	"HS30'"	1069	50.5067580086683	1	50	0	1	-Inf	"SD"	31	64.5833333333333
"ECK120001033"	"ubiX"	"-"	2426079	2426648	570	"HS30'"	119	12.5763344310393	13	133	0	0.919298245614035	-Inf	"SD"	2	9.52380952380952
"ECK120001035"	"ugpA"	"-"	3588047	3588934	888	"HS30'"	3	0	4	91	0	0.227477477477477	NA	"NO"	NA	NA
"ECK120001036"	"ugpB"	"-"	3589032	3590348	1317	"HS30'"	41	1.87534015845402	42	484	80.5785123966942	0.657555049354594	2.05632182148361	"AD"	NA	NA
"ECK120001037"	"ugpC"	"-"	3586133	3587203	1071	"HS30'"	49	2.75605944855533	0	0	0	0.42296918767507	-Inf	"SD"	NA	NA
"ECK120001038"	"ugpE"	"-"	3587205	3588050	846	"HS30'"	0	0	4	215	0	0	NA	"NO"	NA	NA
"ECK120001040"	"uhpA"	"-"	3848159	3848749	591	"HS30'"	359	36.5922352745465	1	100	0	1	-Inf	"SD"	NA	NA
"ECK120001041"	"uhpB"	"-"	3846657	3848159	1503	"HS30'"	250	10.0198910661764	0	0	0	0.983366600133067	-Inf	"SD"	NA	NA
"ECK120001042"	"uhpC"	"-"	3845328	3846647	1320	"HS30'"	70	3.19452345173459	0	0	0	0.91969696969697	-Inf	"SD"	NA	NA
"ECK120001044"	"uidA"	"-"	1692284	1694095	1812	"HS30'"	39	1.29654736120543	4	139	0	0.606512141280353	-Inf	"SD"	2	2.94117647058824
"ECK120001046"	"umuD"	"+"	1229990	1230409	420	"HS30'"	8	1.14742066837814	0	0	0	0.626190476190476	-Inf	"SD"	NA	NA
"ECK120001048"	"usg"	"-"	2433658	2434671	1014	"HS30'"	199	11.8221670935706	2	92	0	0.933925049309665	-Inf	"SD"	8	22.2222222222222
"ECK120001052"	"uvrC"	"-"	1990898	1992730	1833	"HS30'"	102	3.35212093789686	12	170	52.9411764705882	0.787234042553192	-0.89707729300637	"SD"	8	11.7647058823529
"ECK120001054"	"uxaB"	"-"	1607253	1608704	1452	"HS30'"	24	0.995695621319873	5	112	0	0.620523415977961	-Inf	"SD"	7	12.7272727272727
"ECK120001058"	"xerC"	"+"	3994310	3995206	897	"HS30'"	45	3.02205276370497	0	0	0	0.760312151616499	-Inf	"SD"	0	0
"ECK120001059"	"dsbC"	"-"	3036134	3036844	711	"HS30'"	173	14.6574517869823	4	100	0	1	-Inf	"SD"	11	42.3076923076923
"ECK120001064"	"xylB"	"-"	3725940	3727394	1455	"HS30'"	101	4.18157944609971	11	332	27.1084337349398	0.494158075601375	-1.21605106653091	"SD"	NA	NA
"ECK120001067"	"ribF"	"+"	21407	22348	942	"HS30'"	3945	252.277243290305	7	313	22.3642172523962	1	-7.4934394362475	"SD"	0	0
"ECK120001068"	"fkpB"	"+"	25826	26275	450	"HS30'"	82	10.9769910608175	3	109	0	0.94	-Inf	"SD"	NA	NA
"ECK120001069"	"ispH"	"+"	26277	27227	951	"HS30'"	233	14.7590150640753	0	0	0	1	-Inf	"SD"	0	0
"ECK120001070"	"rihC"	"+"	27293	28207	915	"HS30'"	28	1.8433971393616	7	144	0	0.59344262295082	-Inf	"SD"	5	15.1515151515152
"ECK120001071"	"hepA"	"-"	60358	63264	2907	"HS30'"	464	9.61512469270432	8	152	39.4736842105263	0.864121087031304	-3.00227116128725	"SD"	8	7.27272727272727
"ECK120001072"	"mraZ"	"+"	89634	90092	459	"HS30'"	1216	159.588966163966	0	0	0	1	-Inf	"SD"	NA	NA
"ECK120001073"	"rsmH"	"+"	90094	91035	942	"HS30'"	758	48.473041930051	0	0	0	1	-Inf	"SD"	5	14.2857142857143
"ECK120001074"	"ftsL"	"+"	91032	91397	366	"HS30'"	503	82.7882822409719	2	158	0	1	-Inf	"SD"	NA	NA
"ECK120001075"	"secM"	"+"	107705	108217	513	"HS30'"	269	31.5876186923397	21	351	59.8290598290598	0.781676413255361	-2.91089794718788	"SD"	NA	NA
"ECK120001079"	"frsA"	"+"	256527	257771	1245	"HS30'"	167	8.08032988755449	34	483	68.3229813664596	0.950200803212851	-0.291948169177227	"SD"	4	8.51063829787234
"ECK120001081"	"yaiA"	"+"	406203	406394	192	"HS30'"	289	90.6731254737881	111	689	161.103047895501	1	-2.03011533844649	"SD"	NA	NA
"ECK120001084"	"yajC"	"+"	426511	426843	333	"HS30'"	495	89.5453291876183	0	0	0	1	-Inf	"SD"	1	8.33333333333333
"ECK120001088"	"ybaB"	"+"	493300	493629	330	"HS30'"	383	69.9144275436771	0	0	0	1	-Inf	"SD"	4	33.3333333333333
"ECK120001093"	"entH"	"+"	628523	628936	414	"HS30'"	18	2.61911239521097	0	0	0	0.920289855072464	-Inf	"SD"	NA	NA
"ECK120001094"	"ybgA"	"+"	738224	738733	510	"HS30'"	9	1.06305150158563	5	114	0	0.327450980392157	-Inf	"SD"	NA	NA
"ECK120001096"	"ybgC"	"+"	773975	774379	405	"HS30'"	932	138.625415564796	57	473	114.164904862579	1	-3.6820885677359	"SD"	NA	NA
"ECK120001098"	"aat"	"-"	925951	926655	705	"HS30'"	37	3.16151013946743	0	0	0	0.812765957446808	-Inf	"SD"	NA	NA
"ECK120001099"	"yccA"	"-"	1029982	1030641	660	"HS30'"	7069	645.202465151767	0	0	0	1	-Inf	"SD"	NA	NA
"ECK120001101"	"yceB"	"-"	1121936	1122496	561	"HS30'"	608	65.2863952488952	1	45	0	0.982174688057041	-Inf	"SD"	7	33.3333333333333
"ECK120001106"	"yciB"	"-"	1310375	1310914	540	"HS30'"	170	18.9643138245831	3	100	0	1	-Inf	"SD"	NA	NA
"ECK120001110"	"yciF"	"-"	1313294	1313794	501	"HS30'"	7	0.841670849558815	1	100	0	0.716566866267465	-Inf	"SD"	NA	NA
"ECK120001111"	"yciG"	"-"	1313880	1314059	180	"HS30'"	0	0	1	73	0	0	NA	"NO"	NA	NA
"ECK120001113"	"rem"	"-"	1642675	1642926	252	"HS30'"	97	23.1874593401416	0	0	0	1	-Inf	"SD"	NA	NA
"ECK120001114"	"hokD"	"-"	1643143	1643298	156	"HS30'"	1521	587.33595462606	0	0	0	1	-Inf	"SD"	NA	NA
"ECK120001115"	"relE"	"-"	1643370	1643657	288	"HS30'"	1076	225.06178318292	0	0	0	1	-Inf	"SD"	NA	NA
"ECK120001117"	"nlpC"	"-"	1790291	1790755	465	"HS30'"	2272	294.331908223966	0	0	0	1	-Inf	"SD"	NA	NA
"ECK120001121"	"yebC"	"-"	1945435	1946175	741	"HS30'"	61	4.95899418418487	1	71	0	1	-Inf	"SD"	1	3.84615384615385
"ECK120001122"	"nudB"	"-"	1946204	1946656	453	"HS30'"	82	10.904295755779	1	70	0	1	-Inf	"SD"	NA	NA
"ECK120001126"	"yfaA"	"-"	2332978	2334666	1689	"HS30'"	10	0.356658289460345	5	100	0	0.310834813499112	-Inf	"SD"	NA	NA
"ECK120001128"	"yfcA"	"-"	2442773	2443582	810	"HS30'"	25	1.8592464533905	1	49	0	0.522222222222222	-Inf	"SD"	NA	NA
"ECK120001133"	"hyfA"	"+"	2599223	2599840	618	"HS30'"	0	0	0	0	0	0	NA	"NO"	NA	NA
"ECK120001134"	"raiA"	"+"	2735176	2735517	342	"HS30'"	14082	2480.39133694532	26	182	76.9230769230769	1	-9.79092521331789	"SD"	2	15.3846153846154
"ECK120001136"	"rimM"	"-"	2743392	2743940	549	"HS30'"	3787	415.532438497761	7	186	0	1	-Inf	"SD"	8	38.0952380952381
"ECK120001137"	"ppdC"	"-"	2960463	2960786	324	"HS30'"	35	6.50736258686676	2	72	0	0.688271604938272	-Inf	"SD"	NA	NA
"ECK120001138"	"ygdB"	"-"	2960771	2961178	408	"HS30'"	10	1.47646041886893	1	67	0	0.593137254901961	-Inf	"SD"	NA	NA
"ECK120001139"	"ppdB"	"-"	2961175	2961738	564	"HS30'"	11	1.17488552480208	0	0	0	0.693262411347518	-Inf	"SD"	NA	NA
"ECK120001142"	"argO"	"-"	3066195	3066830	636	"HS30'"	80	7.57730630061035	5	188	0	0.885220125786163	-Inf	"SD"	NA	NA
"ECK120001143"	"mscS"	"-"	3066969	3067829	861	"HS30'"	1185	82.9081397578107	8	100	60	1	-6.11040743868469	"SD"	13	41.9354838709677
"ECK120001144"	"yggC"	"-"	3071998	3072711	714	"HS30'"	146	12.3178983517065	5	105	0	0.997198879551821	-Inf	"SD"	NA	NA
"ECK120001145"	"yggD"	"-"	3072708	3073217	510	"HS30'"	369	43.5851115650108	1	75	0	1	-Inf	"SD"	NA	NA
"ECK120001146"	"ygiA"	"+"	3177618	3177878	261	"HS30'"	204	47.0838136334478	0	0	0	0.896551724137931	-Inf	"SD"	NA	NA
"ECK120001147"	"ygiB"	"+"	3177862	3178437	576	"HS30'"	203	21.2302704396528	0	0	0	0.998263888888889	-Inf	"SD"	NA	NA
"ECK120001152"	"ttdB"	"+"	3205393	3205998	606	"HS30'"	5	0.497026279619243	3	78	0	0.326732673267327	-Inf	"SD"	NA	NA
"ECK120001154"	"tdcD"	"-"	3260474	3261694	1221	"HS30'"	79	3.89756529246383	4	109	0	0.846027846027846	-Inf	"SD"	2	4.65116279069767
"ECK120001155"	"yhaB"	"+"	3265876	3266415	540	"HS30'"	3	0	12	100	120	0.227777777777778	Inf	"AD"	NA	NA
"ECK120001157"	"garK"	"-"	3268647	3269873	1227	"HS30'"	50	2.45475081865739	2	47	0	0.971475142624287	-Inf	"SD"	5	12.8205128205128
"ECK120001158"	"garR"	"-"	3269889	3270779	891	"HS30'"	20	1.35217923882946	1	77	0	0.720538720538721	-Inf	"SD"	67	223.333333333333
"ECK120001159"	"truB"	"-"	3309855	3310799	945	"HS30'"	58	3.69724437588511	2	88	0	0.875132275132275	-Inf	"SD"	0	0
"ECK120001160"	"rbfA"	"-"	3310799	3311200	402	"HS30'"	47	7.04293656523149	3	99	0	0.955223880597015	-Inf	"SD"	7	46.6666666666667
"ECK120001161"	"rimP"	"-"	3315576	3316028	453	"HS30'"	130	17.2872981494057	0	0	0	1	-Inf	"SD"	38	223.529411764706
"ECK120001163"	"bfd"	"-"	3464819	3465013	195	"HS30'"	3	0.926762847536189	0	0	0	0.574358974358974	-Inf	"SD"	NA	NA
"ECK120001165"	"damX"	"-"	3514042	3515328	1287	"HS30'"	765	35.80674638208	1	40	0	1	-Inf	"SD"	8	17.3913043478261
"ECK120001168"	"yibA"	"+"	3764360	3765202	843	"HS30'"	50	3.572929127512	21	175	114.285714285714	0.505338078291815	0.162892703037649	"AD"	NA	NA
"ECK120001170"	"waaC"	"+"	3794002	3794961	960	"HS30'"	43	2.69823141548297	7	219	0	0.621875	-Inf	"SD"	1	2.77777777777778
"ECK120001174"	"dinD"	"+"	3815783	3816607	825	"HS30'"	29	2.11751268800693	5	67	0	0.326060606060606	-Inf	"SD"	NA	NA
"ECK120001177"	"yidB"	"-"	3875090	3875488	399	"HS30'"	105	15.8525223920664	1	100	0	1	-Inf	"SD"	NA	NA
"ECK120001178"	"yidC"	"+"	3883099	3884745	1647	"HS30'"	1147	41.9519150565031	5	125	0	1	-Inf	"SD"	16	25.8064516129032
"ECK120001179"	"glmU"	"-"	3911853	3913223	1371	"HS30'"	1437	63.1395213523835	6	172	0	1	-Inf	"SD"	4	8.16326530612245
"ECK120001180"	"mioC"	"-"	3924035	3924478	444	"HS30'"	864	117.222976391064	0	0	0	1	-Inf	"SD"	NA	NA
"ECK120001181"	"yigA"	"+"	3993606	3994313	708	"HS30'"	182	15.4853170711202	1	61	0	1	-Inf	"SD"	2	7.40740740740741
"ECK120001182"	"yigB"	"+"	3995206	3995922	717	"HS30'"	25	2.10040394316082	4	288	0	0.606694560669456	-Inf	"SD"	3	11.1111111111111
"ECK120001184"	"murI"	"+"	4163451	4164308	858	"HS30'"	297	20.8521640695643	1	67	0	0.962703962703963	-Inf	"SD"	3	9.67741935483871
"ECK120001185"	"murB"	"+"	4170080	4171108	1029	"HS30'"	385	22.5386202717134	28	347	77.8097982708934	0.985422740524781	-2.06136788954189	"SD"	4	10.5263157894737
"ECK120001192"	"nsrR"	"+"	4404213	4404638	426	"HS30'"	277	39.1698710560777	4	124	0	1	-Inf	"SD"	NA	NA
"ECK120001194"	"yjjA"	"-"	4597718	4598212	495	"HS30'"	434	52.8161210686786	1	44	0	1	-Inf	"SD"	NA	NA
"ECK120001195"	"yjjB"	"-"	4599647	4599973	327	"HS30'"	0	0	1	60	0	0	NA	"NO"	NA	NA
"ECK120001197"	"creB"	"+"	4634030	4634719	690	"HS30'"	165	14.4051181736603	4	38	0	0.914492753623188	-Inf	"SD"	NA	NA
"ECK120001201"	"argH"	"+"	4154873	4156246	1374	"HS30'"	2319	101.670740773921	3	41	0	1	-Inf	"SD"	11	22
"ECK120001202"	"fliO"	"+"	2019528	2019893	366	"HS30'"	5	0.822945151500715	0	0	0	0.475409836065574	-Inf	"SD"	NA	NA
"ECK120001203"	"dcuA"	"-"	4363495	4364796	1302	"HS30'"	880	40.7149269424501	18	297	43.7710437710438	1	-3.968974285235	"SD"	6	13.0434782608696
"ECK120001204"	"leuA"	"-"	81958	83529	1572	"HS30'"	70	2.68242427244889	14	274	36.4963503649635	0.760178117048346	-0.423537442816066	"SD"	NA	NA
"ECK120001206"	"fdnH"	"+"	1548485	1549369	885	"HS30'"	75	5.10504958388579	0	0	0	0.969491525423729	-Inf	"SD"	NA	NA
"ECK120001207"	"fdnI"	"+"	1549362	1550015	654	"HS30'"	118	10.8689159642241	4	83	0	1	-Inf	"SD"	NA	NA
"ECK120001209"	"rpmI"	"-"	1797826	1798023	198	"HS30'"	853	259.517000412344	0	0	0	1	-Inf	"SD"	NA	NA
"ECK120001210"	"rpmJ"	"-"	3440640	3440756	117	"HS30'"	2008	1033.85544325148	0	0	0	1	-Inf	"SD"	NA	NA
"ECK120001211"	"rstB"	"+"	1680906	1682207	1302	"HS30'"	67	3.09988648311836	6	69	0	0.833333333333333	-Inf	"SD"	NA	NA
"ECK120001212"	"ydiB"	"+"	1771813	1772679	867	"HS30'"	13	0.903246373896286	2	77	0	0.350634371395617	-Inf	"SD"	NA	NA
"ECK120001215"	"chiA"	"-"	3465182	3467875	2694	"HS30'"	53	1.18511433176027	82	392	181.122448979592	0.450259836674091	3.58279277738672	"AD"	NA	NA
"ECK120001216"	"ybhB"	"-"	806656	807132	477	"HS30'"	52	6.5669987938623	18	185	81.0810810810811	0.949685534591195	-1.13027168954413	"SD"	NA	NA
"ECK120001221"	"yggF"	"-"	3073239	3074204	966	"HS30'"	186	11.5989263216486	1	72	0	0.567287784679089	-Inf	"SD"	NA	NA
"ECK120001224"	"mazF"	"-"	2908778	2909113	336	"HS30'"	187	33.5261976541737	1	88	0	1	-Inf	"SD"	NA	NA
"ECK120001226"	"ychA"	"+"	1266543	1267352	810	"HS30'"	302	22.4596971569573	2	153	0	1	-Inf	"SD"	NA	NA
"ECK120001227"	"mukE"	"+"	974872	975549	678	"HS30'"	252	22.389934281184	17	221	76.9230769230769	1	-2.7192436421303	"SD"	4	14.8148148148148
"ECK120001228"	"ycbB"	"+"	980270	982117	1848	"HS30'"	162	5.28074284878575	18	318	28.3018867924528	0.850649350649351	-1.55274398304332	"SD"	2	2.94117647058824
"ECK120001229"	"rlmH"	"-"	667471	667938	468	"HS30'"	542	69.7646476895298	0	0	0	1	-Inf	"SD"	0	0
"ECK120001230"	"rsfS"	"-"	667942	668259	318	"HS30'"	564	106.840018838606	0	0	0	1	-Inf	"SD"	0	0
"ECK120001233"	"focA"	"-"	952832	953689	858	"HS30'"	117	8.21448887588895	11	240	37.5	0.967365967365967	-2.19017390365862	"SD"	NA	NA
"ECK120001234"	"rnr"	"+"	4404677	4407118	2442	"HS30'"	588	14.5048632403084	21	194	103.092783505155	0.952088452088452	-1.85846478797867	"SD"	22	23.9130434782609
"ECK120001236"	"nfsA"	"+"	890407	891129	723	"HS30'"	42	3.49939498447275	5	158	0	0.911479944674965	-Inf	"SD"	6	22.2222222222222
"ECK120001238"	"gspB"	"-"	3451530	3451949	420	"HS30'"	54	7.74508951155244	4	127	0	0.692857142857143	-Inf	"SD"	NA	NA
"ECK120001239"	"cmk"	"+"	960424	961107	684	"HS30'"	397	34.9636188313909	1	40	0	1	-Inf	"SD"	6	24
"ECK120001241"	"yiaB"	"-"	3725430	3725771	342	"HS30'"	17	2.99436534072365	0	0	0	0.710526315789474	-Inf	"SD"	NA	NA
"ECK120001242"	"fmt"	"+"	3432236	3433183	948	"HS30'"	428	27.1967747030135	25	254	47.244094488189	1	-3.5023292597988	"SD"	7	20.5882352941176
"ECK120001245"	"pheL"	"+"	2735621	2735668	48	"HS30'"	206	258.52821934395	0	0	0	1	-Inf	"SD"	NA	NA
"ECK120001246"	"pheM"	"-"	1797250	1797294	45	"HS30'"	177	236.942368020086	0	0	0	1	-Inf	"SD"	NA	NA
"ECK120001247"	"fruL"	"+"	87860	87946	87	"HS30'"	0	0	0	0	0	0	NA	"NO"	NA	NA
"ECK120001249"	"ivbL"	"-"	3850913	3851011	99	"HS30'"	141	85.795772703729	0	0	0	1	-Inf	"SD"	NA	NA
"ECK120001250"	"tnaC"	"+"	3886458	3886532	75	"HS30'"	17	13.6543059536999	0	0	0	1	-Inf	"SD"	NA	NA
"ECK120001251"	"thrL"	"+"	190	255	66	"HS30'"	698	637.079248374499	0	0	0	1	-Inf	"SD"	NA	NA
"ECK120001254"	"mutL"	"+"	4395435	4397282	1848	"HS30'"	805	26.2407283535341	5	103	0	0.871753246753247	-Inf	"SD"	4	5.88235294117647
"ECK120001255"	"hyfB"	"+"	2599840	2601858	2019	"HS30'"	15	0	8	60	0	0.246161466072313	NA	"NO"	NA	NA
"ECK120001256"	"phnE_1"	"-"	4320684	4321304	621	"HS30'"	0	0	4	108	0	0	NA	"NO"	NA	NA
"ECK120001257"	"fabZ"	"+"	202101	202556	456	"HS30'"	1580	208.724878162208	1	65	0	1	-Inf	"SD"	14	82.3529411764706
"ECK120001258"	"glrR"	"-"	2685491	2686825	1335	"HS30'"	39	1.75980810374849	1	76	0	0.260674157303371	-Inf	"SD"	NA	NA
"ECK120001263"	"yeiB"	"-"	2239832	2240989	1158	"HS30'"	45	2.34091651903571	0	0	0	0.785837651122625	-Inf	"SD"	NA	NA
"ECK120001267"	"ispE"	"-"	1261249	1262100	852	"HS30'"	726	51.3309140554375	5	96	0	0.995305164319249	-Inf	"SD"	1	3.2258064516129
"ECK120001268"	"wzzE"	"+"	3967054	3968100	1047	"HS30'"	333	19.1592949712711	4	191	0	1	-Inf	"SD"	9	23.0769230769231
"ECK120001269"	"radA"	"+"	4623935	4625317	1383	"HS30'"	37	1.61161579777624	1	61	0	0.668112798264642	-Inf	"SD"	5	10.2040816326531
"ECK120001270"	"dsbA"	"+"	4041441	4042067	627	"HS30'"	1484	142.576625635312	0	0	0	1	-Inf	"SD"	21	91.304347826087
"ECK120001271"	"yhdE"	"-"	3395807	3396400	594	"HS30'"	174	17.6459390667244	5	213	0	1	-Inf	"SD"	2	9.09090909090909
"ECK120001272"	"rng"	"-"	3394348	3395817	1470	"HS30'"	391	16.022910047709	2	97	0	1	-Inf	"SD"	8	14.5454545454545
"ECK120001273"	"ydfA"	"+"	1646532	1646687	156	"HS30'"	5	1.93075593236706	2	120	0	1	-Inf	"SD"	NA	NA
"ECK120001274"	"ydfB"	"+"	1646689	1646817	129	"HS30'"	8	3.7357882226265	1	100	0	1	-Inf	"SD"	NA	NA
"ECK120001275"	"ydfC"	"+"	1646847	1647065	219	"HS30'"	10	2.750665985838	17	270	59.2592592592593	0.643835616438356	0.218290941696743	"AD"	NA	NA
"ECK120001276"	"ydfD"	"+"	1647818	1648009	192	"HS30'"	4	1.25499135603859	9	350	25.7142857142857	0.838541666666667	0.520319479146398	"AD"	NA	NA
"ECK120001277"	"ydfE"	"+"	1648102	1649022	921	"HS30'"	9	0.588660440617449	3	100	0	0.454940282301846	-Inf	"SD"	NA	NA
"ECK120001280"	"ydbC"	"+"	1472245	1473105	861	"HS30'"	16	1.1194347984177	1	100	0	0.414634146341463	-Inf	"SD"	8	25.8064516129032
"ECK120001281"	"ydbD"	"+"	1473168	1475474	2307	"HS30'"	40	1.04446614806853	13	228	30.7017543859649	0.576072821846554	0.42266109283615	"AD"	NA	NA
"ECK120001282"	"dusB"	"+"	3408302	3409267	966	"HS30'"	2212	137.939919481111	6	143	41.958041958042	1	-6.84486181369485	"SD"	NA	NA
"ECK120001285"	"purB"	"-"	1189839	1191209	1371	"HS30'"	26	1.14239913372441	1	47	0	0.486506199854121	-Inf	"SD"	10	19.2307692307692
"ECK120001288"	"fabD"	"+"	1148951	1149880	930	"HS30'"	681	44.1109219851499	0	0	0	1	-Inf	"SD"	20	62.5
"ECK120001289"	"fabG"	"+"	1149893	1150627	735	"HS30'"	394	32.2916959529276	6	207	0	1	-Inf	"SD"	61	234.615384615385
"ECK120001292"	"ribD"	"+"	432679	433782	1104	"HS30'"	501	27.3369856250145	1	40	0	0.971014492753623	-Inf	"SD"	8	20
"ECK120001293"	"ribE"	"+"	433871	434341	471	"HS30'"	681	87.0979988241813	0	0	0	1	-Inf	"SD"	15	93.75
"ECK120001295"	"ubiH"	"-"	3050362	3051540	1179	"HS30'"	106	5.41594234056348	0	0	0	0.997455470737914	-Inf	"SD"	3	7.14285714285714
"ECK120001298"	"codB"	"+"	354146	355405	1260	"HS30'"	187	8.94031937444633	1	100	0	1	-Inf	"SD"	NA	NA
"ECK120001299"	"fdx"	"-"	2654770	2655105	336	"HS30'"	631	113.128506522907	0	0	0	1	-Inf	"SD"	NA	NA
"ECK120001300"	"gabD"	"+"	2789295	2790743	1449	"HS30'"	3	0	1	56	0	0.082815734989648	NA	"NO"	1	1.92307692307692
"ECK120001301"	"gabP"	"+"	2792275	2793675	1401	"HS30'"	24	0	5	61	0	0.249107780157031	NA	"NO"	NA	NA
"ECK120001304"	"ubiI"	"-"	3049137	3050339	1203	"HS30'"	32	1.60238297828369	7	299	23.4113712374582	0.476309226932668	-0.194792173783394	"SD"	3	6.81818181818182
"ECK120001307"	"endA"	"+"	3088369	3089076	708	"HS30'"	33	2.80777727113718	3	47	0	0.885593220338983	-Inf	"SD"	NA	NA
"ECK120001308"	"lysP"	"-"	2245085	2246554	1470	"HS30'"	184	7.54019296362777	11	247	36.4372469635627	1	-2.06660453790804	"SD"	NA	NA
"ECK120001310"	"waaG"	"-"	3803966	3805090	1125	"HS30'"	194	10.3879817843834	50	132	287.878787878788	0.910222222222222	-0.45084406565621	"SD"	2	4.76190476190476
"ECK120001311"	"waaP"	"-"	3803176	3803973	798	"HS30'"	77	5.81259154375768	1	67	0	0.93859649122807	-Inf	"SD"	1	3.2258064516129
"ECK120001314"	"mdtG"	"-"	1113487	1114713	1227	"HS30'"	20	0.981900327462955	9	100	0	0.309698451507742	-Inf	"SD"	NA	NA
"ECK120001315"	"mnmA"	"-"	1191890	1192996	1107	"HS30'"	964	52.4579584702959	2	83	0	0.91869918699187	-Inf	"SD"	10	24.390243902439
"ECK120001316"	"hflD"	"-"	1191213	1191854	642	"HS30'"	18	1.68896032962203	6	180	0	0.872274143302181	-Inf	"SD"	2	8.69565217391304
"ECK120001319"	"waaS"	"-"	3802204	3803139	936	"HS30'"	173	11.1340258766501	16	164	79.2682926829268	0.952991452991453	-2.0983918129293	"SD"	2	5.40540540540541
"ECK120001320"	"waaB"	"-"	3801081	3802190	1110	"HS30'"	254	13.7845537052455	1	35	0	1	-Inf	"SD"	0	0
"ECK120001321"	"waaI"	"-"	3800062	3801081	1020	"HS30'"	176	10.3942813488373	1	52	0	0.950980392156863	-Inf	"SD"	2	5.12820512820513
"ECK120001322"	"waaJ"	"-"	3799006	3800022	1017	"HS30'"	155	9.18105770789293	3	100	0	0.815142576204523	-Inf	"SD"	NA	NA
"ECK120001323"	"emrA"	"+"	2809449	2810621	1173	"HS30'"	52	2.67046754021511	3	51	0	0.631713554987212	-Inf	"SD"	4	9.30232558139535
"ECK120001324"	"fliA"	"-"	1999094	1999813	720	"HS30'"	90	7.52994813623154	7	269	22.3048327137546	0.968055555555556	-2.64960552229591	"SD"	12	42.8571428571429
"ECK120001325"	"fliZ"	"-"	1998497	1999048	552	"HS30'"	18	1.96433429640823	24	209	86.1244019138756	0.719202898550725	0.873956433761097	"AD"	0	0
"ECK120001331"	"gluQ"	"-"	159186	160112	927	"HS30'"	527	34.2462366152666	8	115	0	0.840345199568501	-Inf	"SD"	NA	NA
"ECK120001332"	"amiB"	"+"	4394088	4395425	1338	"HS30'"	321	14.4520977681933	3	46	0	0.971599402092676	-Inf	"SD"	NA	NA
"ECK120001333"	"bglH"	"-"	3898627	3900243	1617	"HS30'"	82	3.05482125996777	11	231	0	0.685837971552257	-Inf	"SD"	NA	NA
"ECK120001336"	"menB"	"-"	2373984	2374841	858	"HS30'"	117	8.21448887588895	0	0	0	0.993006993006993	-Inf	"SD"	8	25
"ECK120001337"	"ubiC"	"+"	4250529	4251026	498	"HS30'"	324	39.1920192150846	0	0	0	1	-Inf	"SD"	0	0
"ECK120001342"	"folK"	"-"	157253	157732	480	"HS30'"	11	1.38049049164245	2	100	0	0.760416666666667	-Inf	"SD"	0	0
"ECK120001344"	"ftsP"	"-"	3159279	3160691	1413	"HS30'"	213	9.08070178636839	3	100	0	0.966737438075018	-Inf	"SD"	3	5.76923076923077
"ECK120001345"	"plsC"	"-"	3160766	3161503	738	"HS30'"	213	17.3862217129249	23	274	58.3941605839416	1	-2.44180063718252	"SD"	3	11.1111111111111
"ECK120001346"	"sufA"	"-"	1762042	1762410	369	"HS30'"	9	1.46925817292323	0	0	0	0.658536585365854	-Inf	"SD"	NA	NA
"ECK120001347"	"appB"	"+"	1038519	1039655	1137	"HS30'"	34	1.80135962449866	10	173	52.0231213872832	0.64028144239226	-0.0010893239328482	"SD"	NA	NA
"ECK120001348"	"appC"	"+"	1036963	1038507	1545	"HS30'"	12	0.467880272542542	3	119	0	0.410355987055016	-Inf	"SD"	NA	NA
"ECK120001350"	"elbB"	"-"	3347828	3348481	654	"HS30'"	72	6.63188092732319	2	75	0	0.889908256880734	-Inf	"SD"	5	21.7391304347826
"ECK120001355"	"fliS"	"+"	2003327	2003737	411	"HS30'"	78	11.4323300170523	0	0	0	0.985401459854015	-Inf	"SD"	NA	NA
"ECK120001356"	"fliT"	"+"	2003737	2004102	366	"HS30'"	71	11.6858211513101	4	165	0	0.620218579234973	-Inf	"SD"	NA	NA
"ECK120001358"	"osmY"	"+"	4609419	4610024	606	"HS30'"	110	10.9345781516234	4	107	0	0.933993399339934	-Inf	"SD"	3	14.2857142857143
"ECK120001365"	"hdeB"	"-"	3653989	3654315	327	"HS30'"	88	16.2112644890122	0	0	0	1	-Inf	"SD"	NA	NA
"ECK120001367"	"psiF"	"+"	402505	402825	321	"HS30'"	16	3.00259614155027	29	376	77.1276595744681	0.91588785046729	0.949842459232805	"AD"	NA	NA
"ECK120001368"	"treC"	"-"	4461077	4462732	1656	"HS30'"	11	0.400142171490565	6	151	0	0.317632850241546	-Inf	"SD"	48	75
"ECK120001370"	"ychF"	"-"	1255944	1257035	1092	"HS30'"	600	33.0986731262925	3	43	0	1	-Inf	"SD"	13	32.5
"ECK120001371"	"cydD"	"-"	928419	930185	1767	"HS30'"	153	5.21599123867991	6	96	0	0.952461799660441	-Inf	"SD"	4	6.15384615384615
"ECK120001375"	"lpxK"	"+"	967589	968575	987	"HS30'"	64	3.90611291362771	0	0	0	0.899696048632219	-Inf	"SD"	NA	NA
"ECK120001377"	"glnD"	"-"	185978	188650	2673	"HS30'"	164	3.69595658613385	30	465	23.6559139784946	0.461653572764684	-0.748444286754779	"SD"	6	5.88235294117647
"ECK120001378"	"holA"	"-"	669797	670828	1032	"HS30'"	70	4.08601836849773	19	197	91.3705583756345	0.864341085271318	-0.182698783096469	"SD"	NA	NA
"ECK120001379"	"holC"	"-"	4481860	4482303	444	"HS30'"	1700	230.647060028714	11	122	73.7704918032787	1	-7.00154618624972	"SD"	NA	NA
"ECK120001381"	"dps"	"-"	847631	848134	504	"HS30'"	442	52.8291599399102	3	100	0	1	-Inf	"SD"	14	73.6842105263158
"ECK120001382"	"nrdD"	"-"	4458545	4460683	2139	"HS30'"	298	8.3924246642244	7	268	0	0.947639083683964	-Inf	"SD"	18	22.5
"ECK120001383"	"dcd"	"-"	2139658	2140239	582	"HS30'"	509	52.683760843187	19	245	77.5510204081633	1	-3.7932870127409	"SD"	7	33.3333333333333
"ECK120001384"	"bcr"	"-"	2276592	2277782	1191	"HS30'"	152	7.68800750097191	38	222	148.648648648649	0.950461796809404	-0.220143719238087	"SD"	NA	NA
"ECK120001389"	"waaY"	"-"	3798290	3798988	699	"HS30'"	25	2.15449159834951	4	100	0	0.931330472103004	-Inf	"SD"	7	25.9259259259259
"ECK120001390"	"waaZ"	"-"	3797368	3798219	852	"HS30'"	70	4.94926168578599	4	170	0	0.910798122065728	-Inf	"SD"	NA	NA
"ECK120001401"	"plsX"	"+"	1146844	1147914	1071	"HS30'"	417	23.4546283683178	7	128	0	0.985060690943044	-Inf	"SD"	2	5.26315789473684
"ECK120001406"	"gcvT"	"-"	3047595	3048689	1095	"HS30'"	106	5.83141188997657	1	100	0	0.794520547945205	-Inf	"SD"	30	75
"ECK120001407"	"rpiA"	"-"	3056688	3057347	660	"HS30'"	438	39.9771791959929	0	0	0	1	-Inf	"SD"	15	65.2173913043478
"ECK120001408"	"scpA"	"+"	3058872	3061016	2145	"HS30'"	14	0.393172117136565	23	145	82.7586206896552	0.366433566433566	2.60980148803339	"AD"	NA	NA
"ECK120001409"	"argK"	"+"	3061009	3062004	996	"HS30'"	2	0	5	203	0	0.151606425702811	NA	"NO"	NA	NA
"ECK120001410"	"csrA"	"-"	2816983	2817168	186	"HS30'"	640	207.275991707019	0	0	0	1	-Inf	"SD"	NA	NA
"ECK120001414"	"rffE"	"+"	3968156	3969286	1131	"HS30'"	229	12.1970512692981	8	366	16.3934426229508	0.931034482758621	-3.34542609640303	"SD"	2	4.76190476190476
"ECK120001415"	"rffD"	"+"	3969283	3970545	1263	"HS30'"	63	3.00482490947007	3	94	0	0.907363420427553	-Inf	"SD"	2	4.34782608695652
"ECK120001416"	"rffG"	"+"	3970545	3971612	1068	"HS30'"	72	4.06109562403499	1	53	0	0.962546816479401	-Inf	"SD"	5	12.5
"ECK120001417"	"rffH"	"+"	3971631	3972512	882	"HS30'"	17	1.16108043823978	1	54	0	0.819727891156463	-Inf	"SD"	3	9.09090909090909
"ECK120001418"	"rffC"	"+"	3972619	3973164	546	"HS30'"	28	3.0892094917873	1	62	0	0.782051282051282	-Inf	"SD"	NA	NA
"ECK120001419"	"rffA"	"+"	3973169	3974299	1131	"HS30'"	37	1.97070260682983	4	130	0	0.686118479221927	-Inf	"SD"	2	4.76190476190476
"ECK120001420"	"wzyE"	"+"	3976624	3977976	1353	"HS30'"	87	3.87349881952487	5	100	0	0.46119733924612	-Inf	"SD"	NA	NA
"ECK120001421"	"rffM"	"+"	3977979	3978719	741	"HS30'"	96	7.80431871609423	19	406	41.871921182266	0.805668016194332	-1.19873795018205	"SD"	3	10.7142857142857
"ECK120001422"	"yifK"	"+"	3978910	3980295	1386	"HS30'"	138	5.99788076652209	5	201	0	0.941558441558442	-Inf	"SD"	NA	NA
"ECK120001428"	"rarD"	"-"	4001311	4002201	891	"HS30'"	62	4.19175564037132	7	116	0	0.955106621773288	-Inf	"SD"	NA	NA
"ECK120001432"	"yigL"	"+"	4008223	4009023	801	"HS30'"	86	6.46767080864831	24	297	53.8720538720539	0.923845193508115	-1.01517434531046	"SD"	7	23.3333333333333
"ECK120001434"	"rmuC"	"+"	4015356	4016783	1428	"HS30'"	54	2.27796750339778	4	123	0	0.757002801120448	-Inf	"SD"	1	1.81818181818182
"ECK120001435"	"ubiE"	"+"	4016878	4017633	756	"HS30'"	250	19.9204977148982	9	95	0	1	-Inf	"SD"	12	42.8571428571429
"ECK120001436"	"ubiJ"	"+"	4017647	4018252	606	"HS30'"	75	7.45539419428865	0	0	0	0.919141914191419	-Inf	"SD"	3	13.6363636363636
"ECK120001437"	"ubiB"	"+"	4018249	4019889	1641	"HS30'"	135	4.95572455035348	49	168	142.857142857143	0.933577087141987	-0.0460615958330322	"SD"	3	4.76190476190476
"ECK120001438"	"tatC"	"+"	4020759	4021535	777	"HS30'"	296	22.9484133675628	0	0	0	0.85971685971686	-Inf	"SD"	NA	NA
"ECK120001440"	"yigZ"	"+"	4030515	4031129	615	"HS30'"	48	4.70162615335433	1	68	0	1	-Inf	"SD"	NA	NA
"ECK120001441"	"hemG"	"+"	4032631	4033176	546	"HS30'"	37	4.08216968557607	2	132	0	0.899267399267399	-Inf	"SD"	3	14.2857142857143
"ECK120001442"	"wzxE"	"+"	3974301	3975551	1251	"HS30'"	40	1.9261258222175	3	175	0	0.629096722621903	-Inf	"SD"	NA	NA
"ECK120001443"	"pdxH"	"-"	1715375	1716031	657	"HS30'"	47	4.30937671114621	10	195	41.025641025641	0.767123287671233	-1.42940731437238	"SD"	7	26.9230769230769
"ECK120001444"	"mliC"	"-"	1716090	1716419	330	"HS30'"	252	46.0011377049781	1	53	0	1	-Inf	"SD"	NA	NA
"ECK120001445"	"csgA"	"+"	1103670	1104125	456	"HS30'"	43	5.68048719049046	3	119	0	0.971491228070175	-Inf	"SD"	NA	NA
"ECK120001446"	"gadB"	"-"	1568669	1570069	1401	"HS30'"	5	0	0	0	0	0.124197002141328	NA	"NO"	NA	NA
"ECK120001447"	"dinF"	"+"	4255765	4257144	1380	"HS30'"	255	11.1312276796466	1	35	0	0.739130434782609	-Inf	"SD"	NA	NA
"ECK120001449"	"pabC"	"+"	1152523	1153332	810	"HS30'"	73	5.42899964390027	1	73	0	0.960493827160494	-Inf	"SD"	NA	NA
"ECK120001450"	"yceG"	"+"	1153335	1154357	1023	"HS30'"	160	9.42163598668267	8	170	0	0.96871945259042	-Inf	"SD"	4	10.5263157894737
"ECK120001453"	"prmA"	"+"	3407092	3407973	882	"HS30'"	77	5.25901139673314	26	197	86.2944162436548	0.793650793650794	-0.629256876904112	"SD"	NA	NA
"ECK120001454"	"yhdJ"	"+"	3409675	3410559	885	"HS30'"	13	0.88487526120687	8	254	0	0.52090395480226	-Inf	"SD"	NA	NA
"ECK120001455"	"yhbE"	"-"	3329792	3330757	966	"HS30'"	479	29.8703532691918	21	194	108.247422680412	1	-2.83025306713872	"SD"	NA	NA
"ECK120001456"	"holB"	"+"	1154985	1155989	1005	"HS30'"	42	2.51747519778487	5	154	0	0.774129353233831	-Inf	"SD"	5	13.5135135135135
"ECK120001457"	"adiA"	"-"	4336277	4338544	2268	"HS30'"	14	0.371849290678101	12	36	166.666666666667	0.294973544973545	1.69024448058871	"AD"	NA	NA
"ECK120001458"	"rcsF"	"-"	219591	219995	405	"HS30'"	179	26.624409212552	2	95	0	1	-Inf	"SD"	NA	NA
"ECK120001459"	"yaeB"	"-"	218887	219594	708	"HS30'"	3	0	4	153	0	0.21045197740113	NA	"NO"	NA	NA
"ECK120001460"	"metQ"	"-"	220113	220928	816	"HS30'"	866	63.9307361370246	6	166	0	1	-Inf	"SD"	16	55.1724137931034
"ECK120001462"	"ftsH"	"-"	3323023	3324957	1935	"HS30'"	5848	182.057412715998	13	183	0	1	-Inf	"SD"	41	57.7464788732394
"ECK120001464"	"sra"	"-"	1553850	1553987	138	"HS30'"	87	37.9771297305591	0	0	0	1	-Inf	"SD"	NA	NA
"ECK120001466"	"ppk"	"+"	2621066	2623132	2067	"HS30'"	103	3.00177903447256	40	384	83.3333333333333	0.678277697145622	1.09225412322516	"AD"	16	20
"ECK120001469"	"gltF"	"+"	3359198	3359962	765	"HS30'"	19	1.49614655778718	5	108	0	0.802614379084967	-Inf	"SD"	NA	NA
"ECK120001470"	"yhcA"	"+"	3360134	3360808	675	"HS30'"	0	0	5	104	0	0	NA	"NO"	NA	NA
"ECK120001472"	"glpX"	"-"	4112592	4113602	1011	"HS30'"	211	12.5722576201373	1	38	0	0.960435212660732	-Inf	"SD"	6	16.6666666666667
"ECK120001473"	"nikR"	"+"	3616611	3617012	402	"HS30'"	32	4.79519085292357	44	378	100.529100529101	1	0.664411181605443	"AD"	NA	NA
"ECK120001474"	"yhhH"	"+"	3621422	3621805	384	"HS30'"	13	2.03936095356271	0	0	0	0.622395833333333	-Inf	"SD"	NA	NA
"ECK120001476"	"ybfB"	"+"	732999	733325	327	"HS30'"	19	3.50015937830946	0	0	0	0.966360856269113	-Inf	"SD"	NA	NA
"ECK120001477"	"ybfC"	"+"	734873	735442	570	"HS30'"	9	0.951151343523984	4	121	0	0.5	-Inf	"SD"	NA	NA
"ECK120001478"	"ybfD"	"+"	737315	738076	762	"HS30'"	0	0	0	0	0	0	NA	"NO"	NA	NA
"ECK120001480"	"ydcC"	"+"	1529840	1530976	1137	"HS30'"	0	0	1	93	0	0	NA	"NO"	NA	NA
"ECK120001482"	"fabI"	"-"	1348275	1349063	789	"HS30'"	1183	90.3212029927697	8	199	30.1507537688442	1	-6.23395839062224	"SD"	35	125
"ECK120001483"	"ftsN"	"-"	4120403	4121362	960	"HS30'"	445	27.9235576718586	16	230	52.1739130434783	1	-3.54037645254115	"SD"	1	2.77777777777778
"ECK120001484"	"fadD"	"-"	1886085	1887770	1686	"HS30'"	160	5.7166866040192	4	51	0	0.858244365361803	-Inf	"SD"	3	4.83870967741935
"ECK120001486"	"menC"	"-"	2373022	2373984	963	"HS30'"	56	3.50302883180865	0	0	0	0.893042575285566	-Inf	"SD"	0	0
"ECK120001489"	"ibpB"	"-"	3864492	3864920	429	"HS30'"	119855	16829.8728926439	1	35	0	1	-Inf	"SD"	3	18.75
"ECK120001491"	"yceH"	"+"	1125380	1126027	648	"HS30'"	58	5.39181471483246	4	128	0	0.973765432098765	-Inf	"SD"	21	87.5
"ECK120001493"	"pyrH"	"+"	191855	192580	726	"HS30'"	391	32.4430823280059	1	38	0	0.986225895316804	-Inf	"SD"	11	42.3076923076923
"ECK120001497"	"hemE"	"+"	4195739	4196803	1065	"HS30'"	176	9.95508636226667	7	100	0	1	-Inf	"SD"	8	20.5128205128205
"ECK120001498"	"gadE"	"+"	3656389	3656916	528	"HS30'"	2	0	0	0	0	0.0151515151515152	NA	"NO"	NA	NA
"ECK120001501"	"rnt"	"+"	1726371	1727018	648	"HS30'"	81	7.52994813623154	1	100	0	1	-Inf	"SD"	2	8.33333333333333
"ECK120001505"	"hydN"	"-"	2835600	2836127	528	"HS30'"	42	4.79178517760189	2	100	0	0.715909090909091	-Inf	"SD"	NA	NA
"ECK120001506"	"glmM"	"-"	3320755	3322092	1338	"HS30'"	163	7.33860416266512	1	70	0	0.943946188340807	-Inf	"SD"	22	45.8333333333333
"ECK120001510"	"caiD"	"-"	35377	36162	786	"HS30'"	7	0.536484854489779	1	37	0	0.360050890585242	-Inf	"SD"	NA	NA
"ECK120001511"	"caiC"	"-"	36271	37824	1554	"HS30'"	8	0	9	100	0	0.187902187902188	NA	"NO"	NA	NA
"ECK120001512"	"caiB"	"-"	37898	39115	1218	"HS30'"	17	0.840782386311567	0	0	0	0.44991789819376	-Inf	"SD"	NA	NA
"ECK120001513"	"caiA"	"-"	39244	40386	1143	"HS30'"	51	2.68785550269682	0	0	0	0.772528433945757	-Inf	"SD"	NA	NA
"ECK120001516"	"fixB"	"+"	43188	44129	942	"HS30'"	1	0	4	65	0	0.0530785562632696	NA	"NO"	NA	NA
"ECK120001517"	"fixC"	"+"	44180	45466	1287	"HS30'"	6	0.280837226526118	1	46	0	0.268065268065268	-Inf	"SD"	NA	NA
"ECK120001518"	"fixX"	"+"	45463	45750	288	"HS30'"	1	0	0	0	0	0.0138888888888889	NA	"NO"	NA	NA
"ECK120001519"	"yaaU"	"+"	45807	47138	1332	"HS30'"	31	1.40197232566473	3	60	0	0.571321321321321	-Inf	"SD"	NA	NA
"ECK120001520"	"kefF"	"+"	47246	47776	531	"HS30'"	57	6.46639613958867	1	100	0	0.990583804143126	-Inf	"SD"	NA	NA
"ECK120001525"	"thiP"	"-"	72911	74521	1611	"HS30'"	10	0.373926661017084	4	100	0	0.302917442582247	-Inf	"SD"	NA	NA
"ECK120001526"	"tbpA"	"-"	74497	75480	984	"HS30'"	91	5.57093723900057	0	0	0	0.770325203252033	-Inf	"SD"	1	2.77777777777778
"ECK120001528"	"leuC"	"-"	79464	80864	1401	"HS30'"	62	2.66584887621045	1	83	0	0.850820842255532	-Inf	"SD"	0	0
"ECK120001529"	"leuB"	"-"	80867	81958	1092	"HS30'"	51	2.81338721573486	4	139	0	0.934981684981685	-Inf	"SD"	3	7.5
"ECK120001532"	"ybiB"	"+"	834471	835433	963	"HS30'"	51	3.19025840039716	2	100	0	0.857736240913811	-Inf	"SD"	5	14.2857142857143
"ECK120001534"	"gcl"	"+"	533140	534921	1782	"HS30'"	3	0	3	124	0	0.0791245791245791	NA	"NO"	NA	NA
"ECK120001535"	"thiC"	"-"	4192227	4194122	1896	"HS30'"	34	1.08024572418511	2	54	0	0.5	-Inf	"SD"	NA	NA
"ECK120001536"	"thiE"	"-"	4191592	4192227	636	"HS30'"	1	0	2	37	0	0.0408805031446541	NA	"NO"	NA	NA
"ECK120001537"	"thiF"	"-"	4190844	4191599	756	"HS30'"	8	0.637455926876744	1	60	0	0.666666666666667	-Inf	"SD"	NA	NA
"ECK120001538"	"thiG"	"-"	4189888	4190658	771	"HS30'"	18	1.40637163633896	0	0	0	0.699092088197147	-Inf	"SD"	NA	NA
"ECK120001539"	"thiH"	"-"	4188758	4189891	1134	"HS30'"	7	0.371849290678101	3	100	0	0.300705467372134	-Inf	"SD"	NA	NA
"ECK120001540"	"lipB"	"-"	660860	661501	642	"HS30'"	86	8.06947713041635	6	98	0	1	-Inf	"SD"	1	4.16666666666667
"ECK120001541"	"ybeD"	"-"	661602	661865	264	"HS30'"	2110	481.460320225713	3	68	0	1	-Inf	"SD"	2	20
"ECK120001542"	"ybeF"	"-"	659648	660601	954	"HS30'"	5	0	90	981	91.743119266055	0.220125786163522	Inf	"AD"	NA	NA
"ECK120001544"	"moaB"	"+"	817278	817790	513	"HS30'"	46	5.40160022248188	1	98	0	0.996101364522417	-Inf	"SD"	15	78.9473684210526
"ECK120001545"	"moaD"	"+"	818271	818516	246	"HS30'"	15	3.67314543230807	0	0	0	1	-Inf	"SD"	NA	NA
"ECK120001546"	"moaE"	"+"	818518	818970	453	"HS30'"	33	4.38831414561838	0	0	0	1	-Inf	"SD"	3	17.6470588235294
"ECK120001549"	"sseB"	"-"	2652179	2652955	777	"HS30'"	146	11.3191498367033	2	35	0	1	-Inf	"SD"	NA	NA
"ECK120001550"	"glnE"	"-"	3194823	3197663	2841	"HS30'"	57	1.20860835977528	5	103	0	0.625483984512496	-Inf	"SD"	4	3.7037037037037
"ECK120001553"	"smg"	"-"	3430013	3430486	474	"HS30'"	366	46.5141100060885	2	102	0	1	-Inf	"SD"	NA	NA
"ECK120001561"	"eptA"	"-"	4331970	4333613	1644	"HS30'"	67	2.4550195869952	15	341	26.3929618768328	0.706812652068126	-0.447737628350849	"SD"	NA	NA
"ECK120001563"	"basR"	"-"	4331305	4331973	669	"HS30'"	61	5.49269759414199	1	98	0	1	-Inf	"SD"	NA	NA
"ECK120001565"	"baeS"	"+"	2160900	2162303	1404	"HS30'"	39	1.67332180805145	2	219	0	0.464387464387464	-Inf	"SD"	NA	NA
"ECK120001566"	"baeR"	"+"	2162300	2163022	723	"HS30'"	68	5.66568711771778	13	211	33.175355450237	0.852005532503458	-2.01682410525869	"SD"	4	14.2857142857143
"ECK120001567"	"mfd"	"-"	1169741	1173187	3447	"HS30'"	674	11.7787874530201	5	100	0	0.770815201624601	-Inf	"SD"	19	14.6153846153846
"ECK120001568"	"rnb"	"-"	1345002	1346936	1935	"HS30'"	239	7.44044487673111	3	149	0	0.960723514211886	-Inf	"SD"	31	43.0555555555556
"ECK120001570"	"mdlB"	"+"	469860	471641	1782	"HS30'"	28	0.94652546718062	6	162	37.037037037037	0.705387205387205	0.342321177168403	"AD"	1	1.53846153846154
"ECK120001571"	"sdaB"	"+"	2927598	2928965	1368	"HS30'"	55	2.42191314323237	0	0	0	0.77046783625731	-Inf	"SD"	1	2.04081632653061
"ECK120001572"	"artP"	"-"	902229	902957	729	"HS30'"	2881	238.066179209691	0	0	0	1	-Inf	"SD"	5	18.5185185185185
"ECK120001573"	"artI"	"-"	901480	902211	732	"HS30'"	3893	320.372547479228	1	69	0	1	-Inf	"SD"	18	66.6666666666667
"ECK120001574"	"artQ"	"-"	900757	901473	717	"HS30'"	406	34.1105600369317	1	58	0	1	-Inf	"SD"	NA	NA
"ECK120001575"	"artM"	"-"	900089	900757	669	"HS30'"	237	21.3404808165844	0	0	0	1	-Inf	"SD"	NA	NA
"ECK120001577"	"potF"	"+"	893007	894119	1113	"HS30'"	627	33.9355075034478	3	100	0	0.987421383647799	-Inf	"SD"	3	7.31707317073171
"ECK120001578"	"potG"	"+"	894214	895347	1134	"HS30'"	81	4.30282750641802	0	0	0	0.961199294532628	-Inf	"SD"	NA	NA
"ECK120001579"	"potH"	"+"	895357	896310	954	"HS30'"	24	1.51546126012207	2	100	0	0.838574423480084	-Inf	"SD"	NA	NA
"ECK120001580"	"potI"	"+"	896307	897152	846	"HS30'"	47	3.34664361610291	0	0	0	0.872340425531915	-Inf	"SD"	NA	NA
"ECK120001590"	"psuK"	"-"	2256377	2257318	942	"HS30'"	12	0.767383249552259	0	0	0	0.40552016985138	-Inf	"SD"	NA	NA
"ECK120001591"	"accA"	"+"	208621	209580	960	"HS30'"	1156	72.5385003790305	4	100	0	1	-Inf	"SD"	19	54.2857142857143
"ECK120001598"	"fliG"	"+"	2012904	2013899	996	"HS30'"	36	2.17733440083803	4	86	0	0.52710843373494	-Inf	"SD"	9	24.3243243243243
"ECK120001599"	"fliH"	"+"	2013892	2014578	687	"HS30'"	6	0.526109913448492	0	0	0	0.301310043668122	-Inf	"SD"	2	8
"ECK120001601"	"uidB"	"-"	1690914	1692287	1374	"HS30'"	9	0.394582435086369	5	151	0	0.302765647743814	-Inf	"SD"	NA	NA
"ECK120001604"	"yedF"	"+"	2007503	2007736	234	"HS30'"	3	0	15	273	54.9450549450549	0.226495726495726	Inf	"AD"	NA	NA
"ECK120001605"	"yedK"	"+"	2007845	2008513	669	"HS30'"	8	0.720353782838294	0	0	0	0.490284005979073	-Inf	"SD"	NA	NA
"ECK120001609"	"moaC"	"+"	817793	818278	486	"HS30'"	18	2.2310957440686	0	0	0	0.773662551440329	-Inf	"SD"	NA	NA
"ECK120001611"	"atoC"	"+"	2319888	2321273	1386	"HS30'"	28	1.21696131494651	21	370	40.5405405405405	0.461760461760462	1.30167919267106	"AD"	2	3.84615384615385
"ECK120001612"	"atoD"	"+"	2321469	2322131	663	"HS30'"	3	0.272577308098879	5	100	0	0.374057315233786	-Inf	"SD"	NA	NA
"ECK120001613"	"atoA"	"+"	2322131	2322781	651	"HS30'"	0	0	1	49	0	0	NA	"NO"	NA	NA
"ECK120001614"	"atoE"	"+"	2322778	2324100	1323	"HS30'"	5	0	13	168	35.7142857142857	0.219198790627362	Inf	"AD"	NA	NA
"ECK120001618"	"panB"	"-"	148807	149601	795	"HS30'"	175	13.2602860260681	0	0	0	1	-Inf	"SD"	7	25
"ECK120001619"	"hslV"	"-"	4119780	4120310	531	"HS30'"	3694	419.067848063869	0	0	0	1	-Inf	"SD"	8	42.1052631578947
"ECK120001620"	"modF"	"-"	791539	793011	1473	"HS30'"	105	4.2940641102746	4	103	0	0.896130346232179	-Inf	"SD"	NA	NA
"ECK120001621"	"yadC"	"-"	149715	150953	1239	"HS30'"	16	0.777912317544501	98	453	183.222958057395	0.474576271186441	4.41543188047046	"AD"	NA	NA
"ECK120001622"	"aas"	"-"	2971877	2974036	2160	"HS30'"	52	1.45021223364459	17	117	0	0.531018518518519	-Inf	"SD"	4	4.93827160493827
"ECK120001623"	"lptB"	"+"	3341966	3342691	726	"HS30'"	184	15.267332860238	2	75	0	1	-Inf	"SD"	8	29.6296296296296
"ECK120001624"	"hpf"	"+"	3344195	3344482	288	"HS30'"	85	17.7790442105467	1	38	0	1	-Inf	"SD"	2	18.1818181818182
"ECK120001625"	"ptsN"	"+"	3344600	3345091	492	"HS30'"	81	9.91749266723178	4	105	0	1	-Inf	"SD"	4	22.2222222222222
"ECK120001630"	"setC"	"+"	3834976	3836160	1185	"HS30'"	37	1.88089843740467	5	185	0	0.637974683544304	-Inf	"SD"	NA	NA
"ECK120001633"	"yicN"	"-"	3839973	3840425	453	"HS30'"	90	11.9681294880501	0	0	0	0.905077262693157	-Inf	"SD"	NA	NA
"ECK120001638"	"yidG"	"-"	3853631	3853993	363	"HS30'"	68	11.2845503749586	4	143	0	1	-Inf	"SD"	NA	NA
"ECK120001641"	"galM"	"-"	787020	788060	1041	"HS30'"	775	44.8469533569986	28	461	47.7223427331887	0.976945244956772	-3.34943455124196	"SD"	17	44.7368421052632
"ECK120001647"	"acrB"	"-"	480478	483627	3150	"HS30'"	735	14.0559031876322	9	100	0	0.987301587301587	-Inf	"SD"	14	12.280701754386
"ECK120001652"	"glvB"	"-"	3860010	3860495	486	"HS30'"	0	0	7	232	0	0	NA	"NO"	NA	NA
"ECK120001659"	"mdtL"	"+"	3889638	3890813	1176	"HS30'"	52	2.66365512302068	7	132	0	0.284013605442177	-Inf	"SD"	NA	NA
"ECK120001660"	"yidZ"	"+"	3890788	3891747	960	"HS30'"	56	3.51397579690805	36	471	76.4331210191083	0.885416666666667	1.03489265197616	"AD"	NA	NA
"ECK120001661"	"yieE"	"+"	3891892	3892653	762	"HS30'"	55	4.34800154848015	2	100	0	0.602362204724409	-Inf	"SD"	NA	NA
"ECK120001665"	"cbrB"	"+"	3895529	3895996	468	"HS30'"	24	3.0892094917873	149	693	215.007215007215	0.972222222222222	3.27000271630734	"AD"	NA	NA
"ECK120001668"	"yieL"	"-"	3897431	3898627	1197	"HS30'"	19	0.956183890315116	5	188	0	0.586466165413534	-Inf	"SD"	NA	NA
"ECK120001674"	"efeB"	"+"	1082599	1083870	1272	"HS30'"	9	0.426223479409332	4	131	0	0.340408805031447	-Inf	"SD"	NA	NA
"ECK120001676"	"metI"	"-"	220968	221621	654	"HS30'"	118	10.8689159642241	0	0	0	1	-Inf	"SD"	NA	NA
"ECK120001678"	"nfrB"	"-"	590164	592401	2238	"HS30'"	146	3.92983888432459	19	363	44.0771349862259	0.65638963360143	-0.296398260920693	"SD"	NA	NA
"ECK120001679"	"nfrA"	"-"	587205	590177	2973	"HS30'"	101	2.04648439087625	14	206	33.9805825242718	0.613185334678776	-0.547720835803619	"SD"	NA	NA
"ECK120001681"	"yddA"	"-"	1575681	1577366	1686	"HS30'"	28	1.00042015570336	10	90	0	0.348754448398576	-Inf	"SD"	NA	NA
"ECK120001682"	"yddB"	"-"	1573271	1575643	2373	"HS30'"	35	0.888489455602541	16	134	52.2388059701493	0.535187526337969	0.656000267289516	"AD"	NA	NA
"ECK120001683"	"pqqL"	"-"	1570431	1573226	2796	"HS30'"	71	1.52968903482815	33	214	46.7289719626168	0.638054363376252	0.386761597741048	"AD"	1	0.952380952380952
"ECK120001690"	"otsB"	"-"	1979611	1980411	801	"HS30'"	20	1.50410949038333	1	38	0	0.765293383270911	-Inf	"SD"	NA	NA
"ECK120001693"	"tsaE"	"+"	4393608	4394069	462	"HS30'"	176	22.9484133675628	3	178	0	0.917748917748918	-Inf	"SD"	NA	NA
"ECK120001696"	"ydcD"	"+"	1527946	1528428	483	"HS30'"	31	3.86630877388286	3	121	0	1	-Inf	"SD"	NA	NA
"ECK120001699"	"yibG"	"+"	3766200	3766661	462	"HS30'"	7	0.912720986209883	1	38	0	0.640692640692641	-Inf	"SD"	NA	NA
"ECK120001702"	"yibJ"	"+"	3765244	3765945	702	"HS30'"	44	3.77570048996225	3	174	0	0.522792022792023	-Inf	"SD"	NA	NA
"ECK120001704"	"ybbB"	"-"	529356	530450	1095	"HS30'"	139	7.64685144062965	0	0	0	0.982648401826484	-Inf	"SD"	NA	NA
"ECK120001705"	"ybbC"	"+"	526805	527173	369	"HS30'"	41	6.69328723220581	0	0	0	1	-Inf	"SD"	NA	NA
"ECK120001706"	"ybbD"	"+"	527864	528124	261	"HS30'"	6	1.38481804804258	0	0	0	0.555555555555556	-Inf	"SD"	NA	NA
"ECK120001707"	"nuoM"	"-"	2389534	2391063	1530	"HS30'"	51	2.00798616966174	8	137	0	0.777777777777778	-Inf	"SD"	NA	NA
"ECK120001708"	"nuoF"	"-"	2398240	2399577	1338	"HS30'"	26	1.17057489711223	2	100	0	0.588191330343797	-Inf	"SD"	11	22.4489795918367
"ECK120001709"	"ybfE"	"-"	710828	711121	294	"HS30'"	152	31.1442752845495	3	90	0	0.972789115646258	-Inf	"SD"	2	18.1818181818182
"ECK120001712"	"ybfH"	"-"	715611	715820	210	"HS30'"	3	0.860565501283604	3	125	0	0.795238095238095	-Inf	"SD"	NA	NA
"ECK120001714"	"ydeK"	"-"	1592133	1596110	3978	"HS30'"	153	2.31690711884047	10	197	0	0.713172448466566	-Inf	"SD"	NA	NA
"ECK120001721"	"gmd"	"-"	2125217	2126338	1122	"HS30'"	4	0	12	156	57.6923076923077	0.188057040998217	Inf	"AD"	NA	NA
"ECK120001722"	"fcl"	"-"	2124249	2125214	966	"HS30'"	6	0.374158913601567	1	69	0	0.295031055900621	-Inf	"SD"	NA	NA
"ECK120001723"	"gmm"	"-"	2123767	2124246	480	"HS30'"	2	0	16	103	145.631067961165	0.195833333333333	Inf	"AD"	NA	NA
"ECK120001724"	"wcaI"	"-"	2122547	2123770	1224	"HS30'"	12	0.590584167547572	0	0	0	0.371732026143791	-Inf	"SD"	NA	NA
"ECK120001725"	"cmtB"	"-"	3076909	3077352	444	"HS30'"	4	0.542698964773444	2	122	0	0.373873873873874	-Inf	"SD"	NA	NA
"ECK120001726"	"cmtA"	"-"	3075493	3076881	1389	"HS30'"	11	0.477059349163697	1	43	0	0.370050395968323	-Inf	"SD"	NA	NA
"ECK120001727"	"ygdD"	"-"	2939258	2939653	396	"HS30'"	93	14.1471752862532	0	0	0	1	-Inf	"SD"	NA	NA
"ECK120001729"	"gcvA"	"-"	2939672	2940589	918	"HS30'"	233	15.289567893176	2	39	0	0.959694989106754	-Inf	"SD"	NA	NA
"ECK120001733"	"hybA"	"-"	3142176	3143162	987	"HS30'"	10	0.610330142754329	1	100	0	0.479229989868288	-Inf	"SD"	3	8.33333333333333
"ECK120001734"	"hybB"	"-"	3141008	3142186	1179	"HS30'"	32	1.63500146130218	2	136	0	0.483460559796438	-Inf	"SD"	NA	NA
"ECK120001735"	"hybC"	"-"	3139308	3141011	1704	"HS30'"	87	3.07561261902415	6	52	0	0.82981220657277	-Inf	"SD"	29	46.7741935483871
"ECK120001736"	"hybD"	"-"	3138814	3139308	495	"HS30'"	95	11.5611324919919	0	0	0	0.894949494949495	-Inf	"SD"	NA	NA
"ECK120001737"	"hybE"	"-"	3138333	3138821	489	"HS30'"	19	2.34059737567933	2	73	0	0.959100204498977	-Inf	"SD"	NA	NA
"ECK120001738"	"hybF"	"-"	3137999	3138340	342	"HS30'"	16	2.81822620303403	1	73	0	0.470760233918129	-Inf	"SD"	NA	NA
"ECK120001740"	"yebE"	"-"	1927072	1927731	660	"HS30'"	327	29.8459762490632	3	201	0	1	-Inf	"SD"	0	0
"ECK120001741"	"yebF"	"-"	1928058	1928414	357	"HS30'"	145	24.467058369828	2	78	0	1	-Inf	"SD"	NA	NA
"ECK120001744"	"gcvP"	"-"	3044190	3047063	2874	"HS30'"	74	1.55105403502055	3	100	0	0.717814892136395	-Inf	"SD"	81	77.8846153846154
"ECK120001746"	"yjfC"	"+"	4411051	4412214	1164	"HS30'"	14	0.72453109214599	3	100	0	0.420962199312715	-Inf	"SD"	NA	NA
"ECK120001747"	"torA"	"+"	1058479	1061025	2547	"HS30'"	23	0.54397740756443	7	108	0	0.352964271692187	-Inf	"SD"	NA	NA
"ECK120001749"	"ispF"	"-"	2869323	2869802	480	"HS30'"	67	8.40844208545855	1	36	0	1	-Inf	"SD"	1	5.88235294117647
"ECK120001750"	"umpG"	"-"	2867535	2868296	762	"HS30'"	202	15.9690238689635	0	0	0	1	-Inf	"SD"	2	7.40740740740741
"ECK120001751"	"purU"	"-"	1287005	1287847	843	"HS30'"	138	9.86128439193312	11	204	34.3137254901961	1	-2.81634873679555	"SD"	8	25
"ECK120001754"	"puuB"	"+"	1362256	1363536	1281	"HS30'"	12	0.564305246743347	3	100	0	0.381733021077283	-Inf	"SD"	NA	NA
"ECK120001763"	"rdoA"	"+"	4040438	4041424	987	"HS30'"	2216	135.249159634359	4	64	0	1	-Inf	"SD"	5	13.1578947368421
"ECK120001766"	"yihI"	"+"	4049370	4049879	510	"HS30'"	519	61.3026365914379	0	0	0	1	-Inf	"SD"	NA	NA
"ECK120001768"	"typA"	"+"	4056430	4058253	1824	"HS30'"	3698	122.130474595545	7	236	0	1	-Inf	"SD"	28	41.7910447761194
"ECK120001769"	"yihL"	"+"	4058470	4059180	711	"HS30'"	1	0	16	484	30.9917355371901	0.140646976090014	Inf	"AD"	NA	NA
"ECK120001770"	"yihM"	"+"	4059188	4060168	981	"HS30'"	16	0.982500878121954	1	100	0	0.411824668705403	-Inf	"SD"	0	0
"ECK120001772"	"yihO"	"-"	4062386	4063789	1404	"HS30'"	49	2.1023786819108	12	105	66.6666666666667	0.635327635327635	-0.586595724770114	"SD"	NA	NA
"ECK120001773"	"yihP"	"-"	4063832	4065238	1407	"HS30'"	9	0	16	315	44.4444444444444	0.211087420042644	Inf	"AD"	NA	NA
"ECK120001774"	"yihQ"	"-"	4065263	4067299	2037	"HS30'"	13	0.384445069301954	10	316	0	0.29945999018164	-Inf	"SD"	NA	NA
"ECK120001775"	"yihR"	"-"	4067498	4068424	927	"HS30'"	4	0.259933484745857	17	357	39.2156862745098	0.285868392664509	3.42921242766606	"AD"	NA	NA
"ECK120001776"	"yihS"	"-"	4068538	4069779	1242	"HS30'"	15	0.727531220891936	15	100	90	0.520933977455717	1.30691584103721	"AD"	NA	NA
"ECK120001777"	"yihT"	"-"	4069796	4070674	879	"HS30'"	6	0.411191707097968	6	339	17.6991150442478	0.288964732650739	1.54515133212633	"AD"	NA	NA
"ECK120001780"	"yihW"	"+"	4072692	4073477	786	"HS30'"	125	9.58008668731748	1	100	0	0.989821882951654	-Inf	"SD"	7	24.1379310344828
"ECK120001781"	"yihX"	"+"	4073576	4074175	600	"HS30'"	104	10.4415280822411	3	95	0	1	-Inf	"SD"	8	34.7826086956522
"ECK120001782"	"yihY"	"+"	4074169	4075041	873	"HS30'"	304	20.9769001916553	29	235	63.8297872340426	0.81786941580756	-2.8057670972227	"SD"	NA	NA
"ECK120001783"	"dtd"	"+"	4075038	4075475	438	"HS30'"	158	21.7302612881202	0	0	0	0.831050228310502	-Inf	"SD"	NA	NA
"ECK120001784"	"yiiD"	"+"	4075472	4076461	990	"HS30'"	56	3.40749168185023	6	53	0	0.966666666666667	-Inf	"SD"	0	0
"ECK120001785"	"yiiE"	"+"	4077314	4077532	219	"HS30'"	6	1.6503995915028	0	0	0	0.73972602739726	-Inf	"SD"	NA	NA
"ECK120001787"	"fdoI"	"-"	4079248	4079883	636	"HS30'"	121	11.4606757796732	3	100	0	0.823899371069182	-Inf	"SD"	3	12
"ECK120001788"	"fdoH"	"-"	4079880	4080782	903	"HS30'"	79	5.27012981406238	6	210	0	0.903654485049834	-Inf	"SD"	2	6.06060606060606
"ECK120001793"	"frvX"	"-"	4087878	4088948	1071	"HS30'"	12	0.674953334340082	0	0	0	0.470588235294118	-Inf	"SD"	NA	NA
"ECK120001794"	"frvB"	"-"	4088938	4090389	1452	"HS30'"	5	0	0	0	0	0.150826446280992	NA	"NO"	NA	NA
"ECK120001795"	"frvA"	"-"	4090400	4090846	447	"HS30'"	1	0	9	236	33.8983050847458	0.0805369127516778	Inf	"AD"	NA	NA
"ECK120001796"	"rhaM"	"-"	4091147	4091461	315	"HS30'"	0	0	1	41	0	0	NA	"NO"	NA	NA
"ECK120001797"	"rhaD"	"-"	4091471	4092295	825	"HS30'"	2	0	22	242	82.6446280991736	0.123636363636364	Inf	"AD"	NA	NA
"ECK120001798"	"rhaA"	"-"	4092746	4094005	1260	"HS30'"	5	0	2	98	0	0.226984126984127	NA	"NO"	NA	NA
"ECK120001800"	"kdgT"	"+"	4099713	4100696	984	"HS30'"	28	1.7141345350771	9	111	63.0630630630631	0.727642276422764	-0.292053517677832	"SD"	NA	NA
"ECK120001802"	"gph"	"-"	3511653	3512411	759	"HS30'"	63	5.00012366358458	0	0	0	0.986824769433465	-Inf	"SD"	7	25.9259259259259
"ECK120001803"	"fieF"	"+"	4104492	4105394	903	"HS30'"	285	19.0124936330099	8	96	72.9166666666667	0.996677740863787	-3.76344903253071	"SD"	NA	NA
"ECK120001806"	"yiiS"	"+"	4110990	4111289	300	"HS30'"	103	20.682257547516	1	38	0	1	-Inf	"SD"	NA	NA
"ECK120001810"	"menA"	"-"	4117446	4118372	927	"HS30'"	50	3.24916855932321	3	111	0	0.787486515641855	-Inf	"SD"	NA	NA
"ECK120001811"	"hslU"	"-"	4118439	4119770	1332	"HS30'"	1987	89.8619035837361	24	642	34.2679127725857	1	-4.35213419455818	"SD"	24	48
"ECK120001814"	"tehB"	"+"	1499586	1500179	594	"HS30'"	50	5.07067214561046	6	309	19.4174757281553	0.856902356902357	-2.07914259126987	"SD"	5	21.7391304347826
"ECK120001816"	"opgH"	"+"	1110086	1112629	2544	"HS30'"	122	2.8888480271077	4	82	0	0.737421383647799	-Inf	"SD"	9	9.27835051546392
"ECK120001820"	"slp"	"+"	3651984	3652550	567	"HS30'"	14	1.4873971627124	1	98	0	0.825396825396825	-Inf	"SD"	NA	NA
"ECK120001821"	"yeeA"	"-"	2077557	2078615	1059	"HS30'"	31	1.76338728780493	10	268	22.3880597014925	0.636449480642115	-0.555314958690452	"SD"	NA	NA
"ECK120001822"	"sbmC"	"-"	2078813	2079286	474	"HS30'"	96	12.2004222966789	4	100	0	1	-Inf	"SD"	NA	NA
"ECK120001825"	"yeeE"	"-"	2082491	2083549	1059	"HS30'"	107	6.08653031597186	1	35	0	0.98300283286119	-Inf	"SD"	NA	NA
"ECK120001826"	"plaP"	"-"	2083728	2085086	1359	"HS30'"	701	31.072810263419	14	116	86.2068965517241	1	-3.95758082137294	"SD"	NA	NA
"ECK120001828"	"recT"	"-"	1412008	1412817	810	"HS30'"	30	2.2310957440686	11	260	38.4615384615385	0.640740740740741	-0.157752425966237	"SD"	NA	NA
"ECK120001829"	"lar"	"-"	1411757	1411951	195	"HS30'"	9	2.78028854260857	0	0	0	1	-Inf	"SD"	NA	NA
"ECK120001830"	"rcbA"	"-"	1411555	1411764	210	"HS30'"	13	3.72911717222895	0	0	0	0.60952380952381	-Inf	"SD"	NA	NA
"ECK120001833"	"gldA"	"-"	4135955	4137058	1104	"HS30'"	72	3.92866859281645	0	0	0	0.879528985507246	-Inf	"SD"	35	89.7435897435897
"ECK120001834"	"fsaB"	"-"	4137069	4137731	663	"HS30'"	32	2.90749128638805	0	0	0	0.776772247360483	-Inf	"SD"	2	8.33333333333333
"ECK120001837"	"frwB"	"+"	4141647	4141967	321	"HS30'"	4	0.750649035387568	0	0	0	0.53582554517134	-Inf	"SD"	NA	NA
"ECK120001838"	"pflD"	"+"	4142018	4144315	2298	"HS30'"	22	0.576706210607811	13	129	85.2713178294574	0.459530026109661	1.93159505962904	"AD"	NA	NA
"ECK120001839"	"pflC"	"+"	4144281	4145159	879	"HS30'"	14	0.959447316561925	0	0	0	0.55745164960182	-Inf	"SD"	NA	NA
"ECK120001842"	"eptC"	"-"	4146555	4148288	1734	"HS30'"	139	4.82889407583014	156	861	128.919860627178	0.918685121107266	2.20079495383136	"AD"	8	11.9402985074627
"ECK120001843"	"nfi"	"+"	4196813	4197484	672	"HS30'"	32	2.86855167094535	2	80	0	0.678571428571429	-Inf	"SD"	4	16
"ECK120001844"	"yjaG"	"+"	4197527	4198117	591	"HS30'"	380	38.7327281457595	12	354	31.0734463276836	1	-4.13797769253319	"SD"	5	21.7391304347826
"ECK120001851"	"yjbE"	"+"	4233929	4234171	243	"HS30'"	9	2.2310957440686	1	67	0	0.97119341563786	-Inf	"SD"	NA	NA
"ECK120001852"	"yjbF"	"+"	4234285	4234923	639	"HS30'"	5	0.471358255789142	0	0	0	0.455399061032864	-Inf	"SD"	NA	NA
"ECK120001853"	"yjbG"	"+"	4234920	4235657	738	"HS30'"	4	0.326501816205162	0	0	0	0.296747967479675	-Inf	"SD"	NA	NA
"ECK120001855"	"yjbI"	"+"	4248978	4250306	1329	"HS30'"	22	0	59	256	210.9375	0.185854025583145	Inf	"AD"	NA	NA
"ECK120001859"	"yjbM"	"+"	4258622	4259329	708	"HS30'"	10	0.850841597314298	0	0	0	0.518361581920904	-Inf	"SD"	NA	NA
"ECK120001860"	"dusA"	"+"	4259692	4260729	1038	"HS30'"	120	6.96411388321992	2	114	0	0.808285163776493	-Inf	"SD"	4	10.8108108108108
"ECK120001863"	"yjbQ"	"+"	4268261	4268677	417	"HS30'"	66	9.53432281997662	18	104	173.076923076923	1	-1.40513356748855	"SD"	NA	NA
"ECK120001867"	"ghxP"	"+"	4276502	4277851	1350	"HS30'"	489	21.8201163769909	5	100	0	0.988888888888889	-Inf	"SD"	NA	NA
"ECK120001870"	"actP"	"-"	4281276	4282925	1650	"HS30'"	35	1.27780938069384	13	302	26.4900662251656	0.556969696969697	0.324399269171138	"AD"	NA	NA
"ECK120001871"	"yjcH"	"-"	4282922	4283236	315	"HS30'"	16	3.05978844900837	0	0	0	0.558730158730159	-Inf	"SD"	NA	NA
"ECK120001872"	"nrfB"	"+"	4287268	4287834	567	"HS30'"	8	0.849941235835659	0	0	0	0.580246913580247	-Inf	"SD"	NA	NA
"ECK120001873"	"nrfC"	"+"	4287831	4288502	672	"HS30'"	1	0	0	0	0	0.00148809523809524	NA	"NO"	NA	NA
"ECK120001874"	"nrfD"	"+"	4288499	4289455	957	"HS30'"	5	0.314731374555132	0	0	0	0.266457680250784	-Inf	"SD"	NA	NA
"ECK120001875"	"nrfE"	"+"	4289535	4291193	1659	"HS30'"	13	0.472040148383412	2	65	0	0.327305605786618	-Inf	"SD"	NA	NA
"ECK120001876"	"nrfF"	"+"	4291186	4291569	384	"HS30'"	1	0	1	53	0	0.0989583333333333	NA	"NO"	NA	NA
"ECK120001877"	"nrfG"	"+"	4291566	4292162	597	"HS30'"	7	0.706326793348352	3	47	0	0.375209380234506	-Inf	"SD"	NA	NA
"ECK120001879"	"mdtP"	"-"	4297587	4299053	1467	"HS30'"	7	0	3	154	0	0.187457396046353	NA	"NO"	NA	NA
"ECK120001880"	"mdtO"	"-"	4299050	4301101	2052	"HS30'"	6	0	5	100	0	0.157407407407407	NA	"NO"	NA	NA
"ECK120001881"	"mdtN"	"-"	4301101	4302132	1032	"HS30'"	0	0	3	100	0	0	NA	"NO"	NA	NA
"ECK120001882"	"yjcS"	"-"	4302635	4304620	1986	"HS30'"	8	0.242656938931933	12	106	0	0.302114803625378	-Inf	"SD"	NA	NA
"ECK120001883"	"alsK"	"-"	4304893	4305822	930	"HS30'"	13	0.842058716309763	34	618	55.0161812297735	0.487096774193548	3.01354200608757	"AD"	NA	NA
"ECK120001884"	"alsE"	"-"	4305806	4306501	696	"HS30'"	41	3.54859624810912	1	68	0	0.599137931034483	-Inf	"SD"	NA	NA
"ECK120001885"	"alsC"	"-"	4306512	4307492	981	"HS30'"	3	0	2	59	0	0.232415902140673	NA	"NO"	NA	NA
"ECK120001886"	"alsA"	"-"	4307471	4309003	1533	"HS30'"	2	0	17	143	0	0.0782778864970646	NA	"NO"	NA	NA
"ECK120001887"	"lldP"	"+"	3775422	3777077	1656	"HS30'"	48	1.74607493014065	7	58	0	0.565821256038647	-Inf	"SD"	NA	NA
"ECK120001888"	"lldR"	"+"	3777077	3777853	777	"HS30'"	4	0	2	39	0	0.222651222651223	NA	"NO"	NA	NA
"ECK120001889"	"lldD"	"+"	3777850	3779040	1191	"HS30'"	21	1.06215893105533	3	116	0	0.418975650713686	-Inf	"SD"	15	34.8837209302326
"ECK120001892"	"adiY"	"-"	4335191	4335952	762	"HS30'"	0	0	4	100	0	0	NA	"NO"	NA	NA
"ECK120001893"	"flgK"	"+"	1137601	1139244	1644	"HS30'"	92	3.3710716716949	12	288	27.7777777777778	0.93978102189781	-1.0751353953924	"SD"	1	1.72413793103448
"ECK120001894"	"zntR"	"-"	3436727	3437152	426	"HS30'"	212	29.9783850681894	12	101	118.811881188119	1	-3.64281635663327	"SD"	NA	NA
"ECK120001895"	"yhdN"	"-"	3437163	3437531	369	"HS30'"	340	55.5053087548775	1	50	0	1	-Inf	"SD"	NA	NA
"ECK120001897"	"htrE"	"-"	152829	155426	2598	"HS30'"	23	0.533298867231179	69	264	193.181818181818	0.430715935334873	4.25748107834529	"AD"	NA	NA
"ECK120001898"	"yadV"	"-"	155461	156201	741	"HS30'"	2	0	49	288	166.666666666667	0.110661268556005	Inf	"AD"	NA	NA
"ECK120001899"	"fimI"	"+"	4541751	4542290	540	"HS30'"	123	13.7212388260219	1	53	0	1	-Inf	"SD"	NA	NA
"ECK120001900"	"fliP"	"+"	2019893	2020630	738	"HS30'"	10	0.816254540512904	4	86	0	0.321138211382114	-Inf	"SD"	0	0
"ECK120001901"	"fliQ"	"+"	2020640	2020909	270	"HS30'"	5	1.1155478720343	2	100	0	0.562962962962963	-Inf	"SD"	NA	NA
"ECK120001902"	"fliR"	"+"	2020917	2021702	786	"HS30'"	10	0.766406934985398	4	232	0	0.624681933842239	-Inf	"SD"	NA	NA
"ECK120001903"	"rfbA"	"-"	2108162	2109043	882	"HS30'"	180	12.2937928754801	1	50	0	0.954648526077097	-Inf	"SD"	18	54.5454545454545
"ECK120001904"	"rfbC"	"-"	2107605	2108162	558	"HS30'"	179	19.3241679768523	8	223	31.390134529148	1	-3.78690756639454	"SD"	3	14.2857142857143
"ECK120001905"	"rfbX"	"-"	2106361	2107608	1248	"HS30'"	167	8.06090601763248	10	153	52.2875816993464	0.943108974358974	-2.33287009662887	"SD"	NA	NA
"ECK120001906"	"glf"	"-"	2105250	2106353	1104	"HS30'"	226	12.3316541941183	1	49	0	0.96286231884058	-Inf	"SD"	18	41.8604651162791
"ECK120001907"	"wbbH"	"-"	2104084	2105250	1167	"HS30'"	152	7.84611562438522	2	54	0	0.97172236503856	-Inf	"SD"	NA	NA
"ECK120001908"	"wbbI"	"-"	2103089	2104081	993	"HS30'"	254	15.4087156221777	5	103	0	1	-Inf	"SD"	8	21.0526315789474
"ECK120001909"	"wbbJ"	"-"	2102518	2103108	591	"HS30'"	160	16.308517114004	2	100	0	1	-Inf	"SD"	2	9.09090909090909
"ECK120001910"	"wbbK"	"-"	2101415	2102533	1119	"HS30'"	185	9.95918073424725	6	137	43.7956204379562	1	-3.05299266183583	"SD"	6	13.953488372093
"ECK120001911"	"wbbL_1"	"-"	2100940	2101413	474	"HS30'"	97	12.327510028936	3	89	0	1	-Inf	"SD"	NA	NA
"ECK120001913"	"yehB"	"-"	2186452	2188932	2481	"HS30'"	40	0.971214592339416	5	140	0	0.567916162837566	-Inf	"SD"	NA	NA
"ECK120001914"	"yehC"	"-"	2188948	2189667	720	"HS30'"	1	0	0	0	0	0.00694444444444444	NA	"NO"	NA	NA
"ECK120001915"	"yehD"	"-"	2189702	2190244	543	"HS30'"	2	0	0	0	0	0.213627992633518	NA	"NO"	NA	NA
"ECK120001916"	"yehE"	"-"	2190537	2190818	282	"HS30'"	12	2.56338659956818	0	0	0	0.677304964539007	-Inf	"SD"	NA	NA
"ECK120001917"	"molR_1"	"+"	2194496	2195320	825	"HS30'"	29	2.11751268800693	12	178	50.561797752809	0.330909090909091	-0.234373707569152	"SD"	NA	NA
"ECK120001918"	"yehI"	"+"	2198301	2201933	3633	"HS30'"	77	1.27675421192365	37	370	35.1351351351351	0.37682356179466	1.02603080484461	"AD"	NA	NA
"ECK120001919"	"yehL"	"+"	2202618	2203706	1089	"HS30'"	1	0	3	48	0	0.046831955922865	NA	"NO"	NA	NA
"ECK120001920"	"yehM"	"+"	2203717	2205996	2280	"HS30'"	9	0	7	109	0	0.174561403508772	NA	"NO"	NA	NA
"ECK120001921"	"yehP"	"+"	2205989	2207125	1137	"HS30'"	2	0	11	170	52.9411764705882	0.0562884784520668	Inf	"AD"	NA	NA
"ECK120001922"	"yehQ"	"+"	2207122	2208966	1845	"HS30'"	17	0.555053087548775	2	71	0	0.402710027100271	-Inf	"SD"	NA	NA
"ECK120001925"	"yehT"	"-"	2210265	2210984	720	"HS30'"	63	5.27096369536208	1	75	0	0.880555555555556	-Inf	"SD"	4	14.8148148148148
"ECK120001929"	"yehX"	"-"	2214503	2215429	927	"HS30'"	23	1.49461753728868	0	0	0	0.535059331175836	-Inf	"SD"	NA	NA
"ECK120001930"	"yehY"	"-"	2215422	2216579	1158	"HS30'"	10	0.520203670896825	1	63	0	0.355785837651123	-Inf	"SD"	NA	NA
"ECK120001931"	"osmF"	"-"	2216586	2217503	918	"HS30'"	13	0.853066019790937	0	0	0	0.301742919389978	-Inf	"SD"	NA	NA
"ECK120001937"	"mdtQ"	"-"	2225345	2226433	1089	"HS30'"	0	0	0	0	0	0	NA	"NO"	NA	NA
"ECK120001941"	"yohK"	"+"	2229041	2229736	696	"HS30'"	38	3.28894286410113	3	101	0	0.959770114942529	-Inf	"SD"	NA	NA
"ECK120001942"	"sanA"	"+"	2230900	2231619	720	"HS30'"	66	5.52196196656979	20	304	29.6052631578947	0.716666666666667	-1.61718404460354	"SD"	0	0
"ECK120001950"	"psuG"	"-"	2255451	2256389	939	"HS30'"	6	0	0	0	0	0.215122470713525	NA	"NO"	NA	NA
"ECK120001953"	"yeiQ"	"+"	2264267	2265733	1467	"HS30'"	26	1.06764090820461	2	100	0	0.396728016359918	-Inf	"SD"	NA	NA
"ECK120001954"	"yejA"	"+"	2270386	2272200	1815	"HS30'"	54	1.79225211837577	16	263	30.4182509505703	0.696418732782369	-0.163701692297425	"SD"	5	7.14285714285714
"ECK120001955"	"yejB"	"+"	2272201	2273295	1095	"HS30'"	8	0.440106557734081	1	70	0	0.322374429223744	-Inf	"SD"	NA	NA
"ECK120001956"	"yejE"	"+"	2273295	2274320	1026	"HS30'"	9	0.52841741306888	1	81	0	0.293372319688109	-Inf	"SD"	NA	NA
"ECK120001963"	"yejM"	"+"	2282398	2284158	1761	"HS30'"	130	4.44698810998342	34	489	57.2597137014315	0.879045996592845	0.332598279843287	"AD"	NA	NA
"ECK120001966"	"ccmG"	"-"	2290429	2290986	558	"HS30'"	16	1.72729993089182	0	0	0	0.722222222222222	-Inf	"SD"	NA	NA
"ECK120001967"	"ccmF"	"-"	2290983	2292926	1944	"HS30'"	22	0.681723699576518	1	67	0	0.411522633744856	-Inf	"SD"	NA	NA
"ECK120001968"	"ccmE"	"-"	2292923	2293402	480	"HS30'"	14	1.75698789845403	0	0	0	0.866666666666667	-Inf	"SD"	NA	NA
"ECK120001969"	"ccmC"	"-"	2293605	2294342	738	"HS30'"	33	2.69363998369258	0	0	0	0.802168021680217	-Inf	"SD"	NA	NA
"ECK120001970"	"ccmB"	"-"	2294384	2295046	663	"HS30'"	15	1.3628865404944	0	0	0	0.580693815987934	-Inf	"SD"	NA	NA
"ECK120001971"	"ccmA"	"-"	2295043	2295666	624	"HS30'"	91	8.78493949227013	2	99	0	0.879807692307692	-Inf	"SD"	NA	NA
"ECK120001972"	"napC"	"-"	2295679	2296281	603	"HS30'"	77	7.69228532656489	2	40	0	0.761194029850746	-Inf	"SD"	NA	NA
"ECK120001973"	"napB"	"-"	2296291	2296740	450	"HS30'"	5	0	0	0	0	0.228888888888889	NA	"NO"	NA	NA
"ECK120001974"	"napH"	"-"	2296737	2297600	864	"HS30'"	5	0.348608710010719	1	56	0	0.296296296296296	-Inf	"SD"	NA	NA
"ECK120001975"	"napG"	"-"	2297587	2298282	696	"HS30'"	7	0.605857896018629	3	124	0	0.53735632183908	-Inf	"SD"	NA	NA
"ECK120001976"	"napA"	"-"	2298289	2300775	2487	"HS30'"	40	0.968871493202289	15	207	33.8164251207729	0.649778850020104	0.531049596370078	"AD"	18	19.3548387096774
"ECK120001979"	"yojI"	"-"	2304994	2306637	1644	"HS30'"	24	0.879410001311712	13	117	0	0.41970802919708	-Inf	"SD"	NA	NA
"ECK120001980"	"apbE"	"-"	2308501	2309556	1056	"HS30'"	21	1.19794629440047	0	0	0	0.517045454545455	-Inf	"SD"	NA	NA
"ECK120001981"	"nikA"	"+"	3611690	3613264	1575	"HS30'"	2	0	7	98	0	0.0628571428571429	NA	"NO"	12	20.3389830508475
"ECK120001982"	"nikB"	"+"	3613264	3614208	945	"HS30'"	4	0.254982370750698	7	100	0	0.285714285714286	-Inf	"SD"	3	8.57142857142857
"ECK120001983"	"nikC"	"+"	3614205	3615038	834	"HS30'"	4	0	0	0	0	0.247002398081535	NA	"NO"	NA	NA
"ECK120001984"	"nikD"	"+"	3615038	3615802	765	"HS30'"	14	1.10242377942213	2	65	0	0.517647058823529	-Inf	"SD"	NA	NA
"ECK120001985"	"nikE"	"+"	3615799	3616605	807	"HS30'"	20	1.4929265201946	8	251	23.9043824701195	0.346964064436183	-0.315108753905492	"SD"	0	0
"ECK120001986"	"recX"	"-"	2820161	2820661	501	"HS30'"	17	2.04405777749998	1	53	0	0.471057884231537	-Inf	"SD"	NA	NA
"ECK120001987"	"ppdA"	"-"	2961729	2962199	471	"HS30'"	4	0.511588833034839	1	47	0	0.286624203821656	-Inf	"SD"	NA	NA
"ECK120001988"	"nuoA"	"-"	2402651	2403094	444	"HS30'"	149	20.2155364378108	18	478	37.6569037656904	1	-2.48939567568681	"SD"	2	12.5
"ECK120001989"	"nuoB"	"-"	2401973	2402635	663	"HS30'"	192	17.4449477183283	19	478	37.6569037656904	1	-2.27674046218333	"SD"	14	56
"ECK120001990"	"nuoC"	"-"	2400077	2401867	1791	"HS30'"	250	8.40865230176609	8	150	0	0.858179787828029	-Inf	"SD"	49	72.0588235294118
"ECK120001991"	"nuoE"	"-"	2399574	2400074	501	"HS30'"	82	9.85957280911754	9	166	54.2168674698795	0.788423153692615	-2.45352823299763	"SD"	3	15.7894736842105
"ECK120001992"	"nuoG"	"-"	2395461	2398187	2727	"HS30'"	48	1.06032272985439	4	63	0	0.442977631096443	-Inf	"SD"	51	51
"ECK120001993"	"nuoH"	"-"	2394487	2395464	978	"HS30'"	43	2.64857071458451	2	100	0	0.687116564417178	-Inf	"SD"	6	16.6666666666667
"ECK120001994"	"nuoI"	"-"	2393930	2394472	543	"HS30'"	23	2.55158463548177	1	80	0	0.85451197053407	-Inf	"SD"	11	52.3809523809524
"ECK120001995"	"nuoJ"	"-"	2393364	2393918	555	"HS30'"	4	0	1	75	0	0.209009009009009	NA	"NO"	NA	NA
"ECK120001996"	"nuoK"	"-"	2393065	2393367	303	"HS30'"	15	2.98215767771546	2	100	0	0.834983498349835	-Inf	"SD"	0	0
"ECK120001997"	"nuoL"	"-"	2391227	2393068	1842	"HS30'"	83	2.71437869840268	7	100	0	0.726384364820847	-Inf	"SD"	5	7.57575757575758
"ECK120002000"	"secG"	"-"	3320195	3320527	333	"HS30'"	2294	414.98380839676	0	0	0	1	-Inf	"SD"	1	9.09090909090909
"ECK120002002"	"yfiH"	"-"	2732325	2733056	732	"HS30'"	84	6.912739272606	0	0	0	0.85655737704918	-Inf	"SD"	1	3.84615384615385
"ECK120002006"	"feoA"	"+"	3538185	3538412	228	"HS30'"	12	3.17050447841328	1	100	0	0.890350877192982	-Inf	"SD"	NA	NA
"ECK120002007"	"feoB"	"+"	3538429	3540750	2322	"HS30'"	161	4.17681877668657	7	100	0	0.795865633074935	-Inf	"SD"	NA	NA
"ECK120002009"	"yeiR"	"+"	2265851	2266837	987	"HS30'"	67	4.08921195645401	0	0	0	0.715298885511651	-Inf	"SD"	4	11.1111111111111
"ECK120002011"	"hofB"	"-"	115714	117099	1386	"HS30'"	11	0.478091945157558	5	211	0	0.37950937950938	-Inf	"SD"	NA	NA
"ECK120002012"	"ppdD"	"-"	117109	117549	441	"HS30'"	0	0	0	0	0	0	NA	"NO"	NA	NA
"ECK120002014"	"ydcF"	"+"	1485259	1486059	801	"HS30'"	188	14.1386292096033	7	173	40.4624277456647	0.997503121098627	-3.33614352022839	"SD"	3	10
"ECK120002015"	"nlpD"	"-"	2865636	2866775	1140	"HS30'"	1195	63.1458808617311	5	100	0	0.987719298245614	-Inf	"SD"	2	5
"ECK120002017"	"hofQ"	"-"	3517487	3518725	1239	"HS30'"	20	0.972390396930626	2	221	0	0.374495560936239	-Inf	"SD"	NA	NA
"ECK120002018"	"prfC"	"+"	4607437	4609026	1590	"HS30'"	650	24.6262454769836	4	36	0	0.99622641509434	-Inf	"SD"	16	26.6666666666667
"ECK120002019"	"yjjG"	"+"	4606669	4607346	678	"HS30'"	84	7.46331142706135	10	480	20.8333333333333	0.988200589970501	-1.89981588777212	"SD"	NA	NA
"ECK120002024"	"rssB"	"+"	1289465	1290478	1014	"HS30'"	155	9.20822060051983	2	99	0	0.94181459566075	-Inf	"SD"	NA	NA
"ECK120002025"	"yggI"	"+"	3087777	3088274	498	"HS30'"	57	6.89489226932044	4	75	0	1	-Inf	"SD"	NA	NA
"ECK120002027"	"hisJ"	"-"	2424028	2424810	783	"HS30'"	907	69.7794427541456	0	0	0	1	-Inf	"SD"	22	78.5714285714286
"ECK120002028"	"hisQ"	"-"	2423252	2423938	687	"HS30'"	179	15.69561241788	3	100	0	1	-Inf	"SD"	NA	NA
"ECK120002029"	"treB"	"-"	4462782	4464203	1422	"HS30'"	23	0.974339280637555	4	282	0	0.559071729957806	-Inf	"SD"	42	82.3529411764706
"ECK120002030"	"lgt"	"-"	2963184	2964059	876	"HS30'"	126	8.66459785538972	4	48	0	0.973744292237443	-Inf	"SD"	4	12.1212121212121
"ECK120002031"	"uraA"	"-"	2616893	2618182	1290	"HS30'"	153	7.14469497577318	9	284	31.6901408450704	0.934108527131783	-1.98887551395679	"SD"	NA	NA
"ECK120002032"	"hscA"	"-"	2655107	2656957	1851	"HS30'"	1873	60.9555607095048	1	49	0	1	-Inf	"SD"	21	31.8181818181818
"ECK120002033"	"hscB"	"-"	2656974	2657489	516	"HS30'"	426	49.7326807137153	0	0	0	1	-Inf	"SD"	5	25
"ECK120002034"	"iscA"	"-"	2657585	2657908	324	"HS30'"	2583	480.243358910767	0	0	0	1	-Inf	"SD"	NA	NA
"ECK120002035"	"ucpA"	"-"	2541854	2542645	792	"HS30'"	356	27.0773892575599	0	0	0	1	-Inf	"SD"	20	71.4285714285714
"ECK120002037"	"mdtD"	"+"	2159488	2160903	1416	"HS30'"	24	1.02100991677716	1	40	0	0.719632768361582	-Inf	"SD"	NA	NA
"ECK120002040"	"yfhG"	"-"	2686815	2687528	714	"HS30'"	51	4.30282750641802	6	283	0	0.887955182072829	-Inf	"SD"	NA	NA
"ECK120002043"	"sdaC"	"+"	2926251	2927540	1290	"HS30'"	613	28.6254772558756	15	171	58.4795321637427	1	-3.83922784150988	"SD"	1	2.12765957446809
"ECK120002044"	"napD"	"-"	2300772	2301035	264	"HS30'"	10	2.28180246552471	0	0	0	0.712121212121212	-Inf	"SD"	NA	NA
"ECK120002045"	"pgm"	"+"	712781	714421	1641	"HS30'"	1146	42.0685950718895	4	66	0	1	-Inf	"SD"	29	50
"ECK120002046"	"rapZ"	"+"	3345137	3345991	855	"HS30'"	42	2.95913751318573	6	73	0	0.624561403508772	-Inf	"SD"	2	6.25
"ECK120002047"	"npr"	"+"	3345988	3346260	273	"HS30'"	10	2.2065782084195	21	453	46.3576158940397	0.725274725274725	0.928578445794179	"AD"	NA	NA
"ECK120002048"	"galP"	"+"	3086306	3087700	1395	"HS30'"	108	4.66370981340792	1	60	0	0.847311827956989	-Inf	"SD"	NA	NA
"ECK120002049"	"cobS"	"-"	2062503	2063246	744	"HS30'"	280	22.6708115929552	0	0	0	1	-Inf	"SD"	1	3.84615384615385
"ECK120002050"	"cobT"	"-"	2061412	2062491	1080	"HS30'"	120	6.69328723220581	3	100	0	1	-Inf	"SD"	2	5.40540540540541
"ECK120002052"	"narU"	"-"	1540696	1542084	1389	"HS30'"	3	0	26	143	132.867132867133	0.0784737221022318	Inf	"AD"	NA	NA
"ECK120002056"	"yaiE"	"+"	407401	407685	285	"HS30'"	24	5.07280716546125	12	181	66.2983425414365	0.933333333333333	-1.07974991396497	"SD"	NA	NA
"ECK120002059"	"rsmB"	"+"	3433229	3434518	1290	"HS30'"	46	2.14807822801024	31	679	26.5095729013255	0.745736434108527	0.744950372678844	"AD"	3	6.25
"ECK120002061"	"mukF"	"+"	973542	974864	1323	"HS30'"	558	25.4071719426588	20	221	76.9230769230769	0.979591836734694	-2.90162914731724	"SD"	4	7.84313725490196
"ECK120002064"	"brnQ"	"+"	418815	420134	1320	"HS30'"	320	14.6035357793581	3	45	0	0.952272727272727	-Inf	"SD"	2	4.34782608695652
"ECK120002065"	"ccmD"	"-"	2293399	2293608	210	"HS30'"	7	2.00798616966174	0	0	0	0.728571428571429	-Inf	"SD"	NA	NA
"ECK120002068"	"gspM"	"+"	3463104	3463565	462	"HS30'"	7	0.912720986209883	7	141	42.5531914893617	0.445887445887446	0.39478859706254	"AD"	NA	NA
"ECK120002069"	"yjdC"	"-"	4360756	4361331	576	"HS30'"	64	6.69328723220581	0	0	0	1	-Inf	"SD"	0	0
"ECK120002070"	"cutA"	"-"	4363041	4363379	339	"HS30'"	13	2.31007258456661	4	66	0	0.905604719764012	-Inf	"SD"	NA	NA
"ECK120002071"	"dipZ"	"-"	4361368	4363065	1698	"HS30'"	26	0.922396473696207	7	115	0	0.277974087161366	-Inf	"SD"	NA	NA
"ECK120002076"	"ampG"	"-"	451294	452769	1476	"HS30'"	50	2.04063635128226	5	145	0	0.718834688346883	-Inf	"SD"	NA	NA
"ECK120002077"	"ptsP"	"-"	2964210	2966456	2247	"HS30'"	264	7.07754804793992	4	100	0	0.673342234089898	-Inf	"SD"	7	8.33333333333333
"ECK120002080"	"glnK"	"+"	471822	472160	339	"HS30'"	7	1.24388523784356	0	0	0	0.557522123893805	-Inf	"SD"	NA	NA
"ECK120002092"	"cspC"	"-"	1905250	1905459	210	"HS30'"	1051	301.484780616356	1	101	0	1	-Inf	"SD"	NA	NA
"ECK120002097"	"waaF"	"+"	3792952	3793998	1047	"HS30'"	66	3.79733774205373	3	60	0	0.518624641833811	-Inf	"SD"	2	5.12820512820513
"ECK120002107"	"acpT"	"+"	3610992	3611579	588	"HS30'"	103	10.5521722181204	3	161	0	0.833333333333333	-Inf	"SD"	NA	NA
"ECK120002108"	"rbbA"	"-"	3624826	3627561	2736	"HS30'"	85	1.87147833795228	6	92	0	0.463450292397661	-Inf	"SD"	NA	NA
"ECK120002109"	"yhiI"	"-"	3627558	3628625	1068	"HS30'"	330	18.6133549434937	3	68	0	1	-Inf	"SD"	7	17.9487179487179
"ECK120002110"	"yhiJ"	"-"	3628991	3630613	1623	"HS30'"	34	1.26195064267097	13	125	72	0.382624768946396	0.51234142172287	"AD"	NA	NA
"ECK120002111"	"yhiK"	"-"	3630875	3631267	393	"HS30'"	0	0	4	136	0	0	NA	"NO"	NA	NA
"ECK120002119"	"arsR"	"+"	3646551	3646904	354	"HS30'"	40	6.80673277851438	11	222	45.045045045045	1	-1.76696247293407	"SD"	NA	NA
"ECK120002120"	"arsB"	"+"	3646958	3648247	1290	"HS30'"	14	0.653762938959637	0	0	0	0.541085271317829	-Inf	"SD"	NA	NA
"ECK120002121"	"arsC"	"+"	3648260	3648685	426	"HS30'"	17	2.40392710452462	0	0	0	0.734741784037559	-Inf	"SD"	NA	NA
"ECK120002123"	"mdtE"	"+"	3657255	3658412	1158	"HS30'"	3	0	9	236	0	0.132987910189983	NA	"NO"	NA	NA
"ECK120002126"	"gadX"	"-"	3663009	3663833	825	"HS30'"	91	6.64460877960795	3	103	0	0.962424242424242	-Inf	"SD"	NA	NA
"ECK120002131"	"yhjD"	"+"	3671385	3672398	1014	"HS30'"	144	8.55473397725713	11	268	22.3880597014925	0.899408284023669	-2.83368858673489	"SD"	NA	NA
"ECK120002137"	"yhjK"	"-"	3681653	3683602	1950	"HS30'"	123	3.79972767489838	9	111	0	0.868717948717949	-Inf	"SD"	5	6.75675675675676
"ECK120002138"	"bcsC"	"-"	3683723	3687196	3474	"HS30'"	76	1.31784929960529	10	199	0	0.55929763960852	-Inf	"SD"	NA	NA
"ECK120002139"	"bcsZ"	"-"	3687178	3688284	1107	"HS30'"	5	0	1	63	0	0.20776874435411	NA	"NO"	NA	NA
"ECK120002140"	"bcsB"	"-"	3688291	3690630	2340	"HS30'"	16	0.411894598904973	7	257	0	0.321794871794872	-Inf	"SD"	NA	NA
"ECK120002141"	"bcsA"	"-"	3690641	3693259	2619	"HS30'"	31	0.713030598619863	13	171	0	0.478808705612829	-Inf	"SD"	NA	NA
"ECK120002142"	"bcsQ"	"-"	3693256	3693984	729	"HS30'"	55	4.54482466384345	0	0	0	0.986282578875171	-Inf	"SD"	NA	NA
"ECK120002145"	"bcsF"	"+"	3696049	3696240	192	"HS30'"	1	0	0	0	0	0.104166666666667	NA	"NO"	NA	NA
"ECK120002148"	"eptB"	"-"	3706807	3708498	1692	"HS30'"	41	1.45970625808744	19	194	36.0824742268041	0.75354609929078	-0.0602512524576026	"SD"	2	3.125
"ECK120002149"	"yhjX"	"-"	3708822	3710030	1209	"HS30'"	8	0.398607676359651	7	100	0	0.263854425144748	-Inf	"SD"	NA	NA
"ECK120002156"	"xylG"	"+"	3730224	3731765	1542	"HS30'"	54	2.10955745450845	313	640	481.25	0.379377431906615	4.86791806542939	"AD"	NA	NA
"ECK120002157"	"xylH"	"+"	3731743	3732924	1182	"HS30'"	21	1.07024643560651	1	82	0	0.472081218274112	-Inf	"SD"	NA	NA
"ECK120002161"	"yiaL"	"+"	3741766	3742233	468	"HS30'"	5	0.64358531078902	0	0	0	0.401709401709402	-Inf	"SD"	NA	NA
"ECK120002162"	"yiaM"	"+"	3742351	3742824	474	"HS30'"	7	0.889614125799507	1	92	0	0.39873417721519	-Inf	"SD"	NA	NA
"ECK120002163"	"yiaN"	"+"	3742827	3744104	1278	"HS30'"	4	0	15	126	79.3650793650794	0.116588419405321	Inf	"AD"	NA	NA
"ECK120002164"	"yiaO"	"+"	3744117	3745103	987	"HS30'"	4	0.244132057101732	2	52	0	0.253292806484296	-Inf	"SD"	NA	NA
"ECK120002165"	"lyxK"	"+"	3745107	3746603	1497	"HS30'"	16	0.643843260813385	0	0	0	0.334001336005344	-Inf	"SD"	NA	NA
"ECK120002166"	"sgbH"	"+"	3746600	3747262	663	"HS30'"	1	0	0	0	0	0.0904977375565611	NA	"NO"	NA	NA
"ECK120002167"	"sgbU"	"+"	3747255	3748115	861	"HS30'"	11	0	2	100	0	0.227642276422764	NA	"NO"	NA	NA
"ECK120002172"	"yiaW"	"-"	3752128	3752451	324	"HS30'"	2	0.371849290678101	0	0	0	0.314814814814815	-Inf	"SD"	NA	NA
"ECK120002173"	"aldB"	"-"	3752996	3754534	1539	"HS30'"	8	0	1	44	0	0.241065627030539	NA	"NO"	0	0
"ECK120002174"	"yiaY"	"-"	3754699	3755850	1152	"HS30'"	2	0	8	149	46.9798657718121	0.0572916666666667	Inf	"AD"	NA	NA
"ECK120002175"	"grxC"	"-"	3782214	3782465	252	"HS30'"	152	36.3349878319744	12	214	42.0560747663551	1	-4.33529061151843	"SD"	1	11.1111111111111
"ECK120002178"	"envC"	"+"	3784861	3786120	1260	"HS30'"	355	16.9722640530933	3	95	0	0.83015873015873	-Inf	"SD"	NA	NA
"ECK120002181"	"tmk"	"+"	1154347	1154988	642	"HS30'"	223	20.9243418614284	2	60	0	1	-Inf	"SD"	8	33.3333333333333
"ECK120002182"	"ycfH"	"+"	1156000	1156797	798	"HS30'"	14	1.05683482613776	21	660	30.3030303030303	0.676691729323308	1.92025008603503	"AD"	2	6.66666666666667
"ECK120002183"	"sapD"	"-"	1350660	1351652	993	"HS30'"	13	0.788635051528781	4	104	0	0.362537764350453	-Inf	"SD"	1	2.63157894736842
"ECK120002184"	"sapF"	"-"	1349852	1350658	807	"HS30'"	9	0.671816934087572	10	164	0	0.614622057001239	-Inf	"SD"	4	12.9032258064516
"ECK120002186"	"yjtD"	"+"	4638965	4639651	687	"HS30'"	31	2.71823455281721	4	119	0	0.797671033478894	-Inf	"SD"	NA	NA
"ECK120002187"	"pepB"	"-"	2653097	2654380	1284	"HS30'"	265	12.4326246486066	16	308	51.9480519480519	1	-1.95798708534533	"SD"	29	63.0434782608696
"ECK120002188"	"iscX"	"-"	2654558	2654758	201	"HS30'"	2016	604.194047468369	0	0	0	1	-Inf	"SD"	NA	NA
"ECK120002190"	"zapD"	"-"	111856	112599	744	"HS30'"	306	24.7759583837296	1	62	0	1	-Inf	"SD"	12	42.8571428571429
"ECK120002197"	"yadH"	"+"	143702	144472	771	"HS30'"	55	4.29724666659128	4	102	0	0.913099870298314	-Inf	"SD"	NA	NA
"ECK120002198"	"yadI"	"+"	144577	145017	441	"HS30'"	41	5.60050564327425	10	212	0	0.877551020408163	-Inf	"SD"	NA	NA
"ECK120002199"	"yfaD"	"+"	2354926	2355825	900	"HS30'"	51	3.41357648842496	6	211	0	0.408888888888889	-Inf	"SD"	NA	NA
"ECK120002200"	"yadK"	"-"	151003	151599	597	"HS30'"	18	1.81626889718148	3	140	0	0.541038525963149	-Inf	"SD"	NA	NA
"ECK120002201"	"yadL"	"-"	151626	152231	606	"HS30'"	10	0.994052559238487	14	107	65.4205607476636	0.318481848184819	0.494032787626122	"AD"	NA	NA
"ECK120002202"	"yadM"	"-"	152243	152812	570	"HS30'"	30	3.17050447841328	55	264	193.181818181818	0.978947368421053	1.68578483239801	"AD"	NA	NA
"ECK120002203"	"yadN"	"-"	156299	156883	585	"HS30'"	3	0	3	171	0	0.0974358974358974	NA	"NO"	NA	NA
"ECK120002209"	"btuF"	"-"	177662	178462	801	"HS30'"	45	3.38424635336249	3	36	0	0.265917602996255	-Inf	"SD"	2	6.89655172413793
"ECK120002212"	"yaeI"	"-"	184257	185069	813	"HS30'"	3	0	7	252	23.8095238095238	0.116851168511685	Inf	"AD"	NA	NA
"ECK120002214"	"yagB"	"-"	279609	279959	351	"HS30'"	196	33.6380589105728	1	36	0	1	-Inf	"SD"	NA	NA
"ECK120002216"	"rseA"	"-"	2706776	2707426	651	"HS30'"	726	67.1796294550427	9	196	40.8163265306122	1	-5.39188002784719	"SD"	2	8.33333333333333
"ECK120002223"	"arfB"	"+"	214833	215255	423	"HS30'"	82	11.6776500646995	1	38	0	0.900709219858156	-Inf	"SD"	NA	NA
"ECK120002227"	"ybgD"	"-"	751452	752018	567	"HS30'"	3	0.318727963438372	2	62	0	0.2663139329806	-Inf	"SD"	NA	NA
"ECK120002229"	"kduD"	"-"	2980519	2981280	762	"HS30'"	33	2.60880092908809	18	296	47.2972972972973	0.884514435695538	0.102039967175403	"AD"	0	0
"ECK120002230"	"menF"	"-"	2377370	2378665	1296	"HS30'"	109	5.06644658548912	6	112	0	0.809413580246914	-Inf	"SD"	NA	NA
"ECK120002231"	"ygiL"	"+"	3183436	3183987	552	"HS30'"	4	0.436518732535162	10	234	38.4615384615385	0.432971014492754	2.04388143520341	"AD"	NA	NA
"ECK120002232"	"intB"	"+"	4494773	4495963	1191	"HS30'"	228	11.5320112514579	17	245	28.5714285714286	0.958858102434929	-3.0421454172601	"SD"	NA	NA
"ECK120002234"	"rsmE"	"+"	3089156	3089887	732	"HS30'"	314	25.8404777571224	1	100	0	1	-Inf	"SD"	9	33.3333333333333
"ECK120002235"	"cusA"	"+"	597937	601080	3144	"HS30'"	38	0.728086588236128	1	71	0	0.475190839694656	-Inf	"SD"	NA	NA
"ECK120002239"	"nlpI"	"-"	3306062	3306946	885	"HS30'"	1337	91.0060172487373	22	178	84.2696629213483	1	-4.92292753253154	"SD"	NA	NA
"ECK120002241"	"ygdH"	"+"	2924330	2925694	1365	"HS30'"	87	3.83944608264993	42	349	88.8252148997135	0.61025641025641	0.69137002732829	"AD"	22	43.1372549019608
"ECK120002242"	"yhfG"	"-"	3489475	3489642	168	"HS30'"	3	1.07570687660451	0	0	0	0.642857142857143	-Inf	"SD"	NA	NA
"ECK120002243"	"ycaI"	"+"	963543	965807	2265	"HS30'"	64	1.7021339716338	77	423	134.751773049645	0.607505518763797	2.74361732608127	"AD"	NA	NA
"ECK120002246"	"yecE"	"+"	1949419	1950237	819	"HS30'"	4	0.294210427789266	25	177	96.045197740113	0.297924297924298	3.53061445987428	"AD"	1	3.2258064516129
"ECK120002248"	"nrdF"	"+"	2801524	2802483	960	"HS30'"	14	0.878493949227013	9	519	17.3410404624277	0.333333333333333	1.03489265197616	"AD"	NA	NA
"ECK120002250"	"rcsD"	"+"	2311510	2314182	2673	"HS30'"	457	10.299098535751	23	155	45.1612903225806	0.732884399551066	-2.87901933377445	"SD"	10	10
"ECK120002252"	"lhgO"	"+"	2788004	2789272	1269	"HS30'"	10	0.474701222142256	0	0	0	0.289204097714736	-Inf	"SD"	NA	NA
"ECK120002258"	"ybgE"	"+"	773532	773825	294	"HS30'"	106	21.7190340800148	0	0	0	1	-Inf	"SD"	NA	NA
"ECK120002260"	"ycbF"	"+"	1003170	1003880	711	"HS30'"	32	2.71120495481754	9	162	0	0.752461322081575	-Inf	"SD"	NA	NA
"ECK120002261"	"dhaM"	"-"	1246919	1248337	1419	"HS30'"	54	2.29241550024808	21	236	29.6610169491525	0.720225510923185	-0.711441729062384	"SD"	5	9.80392156862745
"ECK120002263"	"rlmN"	"-"	2641151	2642305	1155	"HS30'"	482	25.1389437344665	6	151	0	1	-Inf	"SD"	4	9.30232558139535
"ECK120002271"	"nudK"	"-"	2580925	2581500	576	"HS30'"	106	11.0857569783409	2	73	0	0.96875	-Inf	"SD"	6	27.2727272727273
"ECK120002272"	"rfbD"	"-"	2109101	2110000	900	"HS30'"	162	10.8431253161734	10	228	43.859649122807	1	-2.43870873979729	"SD"	2	6.06060606060606
"ECK120002273"	"rfbB"	"-"	2110000	2111085	1086	"HS30'"	528	29.2877540768343	11	292	20.5479452054795	0.992633517495396	-4.60919125385001	"SD"	29	70.7317073170732
"ECK120002274"	"gatA"	"-"	2172619	2173071	453	"HS30'"	77	10.2393996731096	3	100	0	1	-Inf	"SD"	5	29.4117647058824
"ECK120002275"	"gatB"	"-"	2172304	2172588	285	"HS30'"	29	6.12964199159901	1	72	0	1	-Inf	"SD"	NA	NA
"ECK120002276"	"gatC"	"-"	2170945	2172300	1356	"HS30'"	113	5.01996542415436	1	76	0	0.926253687315634	-Inf	"SD"	NA	NA
"ECK120002277"	"gatD"	"-"	2169857	2170897	1041	"HS30'"	99	5.72883662237788	3	67	0	0.856868395773295	-Inf	"SD"	11	29.7297297297297
"ECK120002278"	"gatY"	"-"	2174372	2175226	855	"HS30'"	556	39.173344222173	1	100	0	1	-Inf	"SD"	55	177.41935483871
"ECK120002279"	"ybiI"	"-"	837413	837679	267	"HS30'"	5	0	0	0	0	0.161048689138577	NA	"NO"	NA	NA
"ECK120002282"	"prmC"	"+"	1265317	1266150	834	"HS30'"	28	2.02243211332837	15	118	67.7966101694915	0.720623501199041	-0.338019371630008	"SD"	2	6.45161290322581
"ECK120002283"	"modA"	"+"	794312	795085	774	"HS30'"	36	2.80184116696987	5	76	0	0.908268733850129	-Inf	"SD"	18	66.6666666666667
"ECK120002285"	"tomB"	"-"	479558	479932	375	"HS30'"	693	111.322753246047	15	233	60.0858369098712	1	-5.31317785771344	"SD"	NA	NA
"ECK120002286"	"puuR"	"+"	1359935	1360492	558	"HS30'"	213	22.9946803299974	2	42	0	1	-Inf	"SD"	0	0
"ECK120002287"	"ydiF"	"+"	1773611	1775206	1596	"HS30'"	13	0.490673312135388	2	100	0	0.427318295739348	-Inf	"SD"	NA	NA
"ECK120002290"	"rseP"	"+"	196546	197898	1353	"HS30'"	378	16.8296845262115	2	42	0	1	-Inf	"SD"	NA	NA
"ECK120002291"	"menE"	"-"	2371670	2373025	1356	"HS30'"	14	0.621942618921779	2	100	0	0.252212389380531	-Inf	"SD"	NA	NA
"ECK120002292"	"menH"	"-"	2374856	2375614	759	"HS30'"	26	2.06354309925713	7	108	0	0.472990777338603	-Inf	"SD"	NA	NA
"ECK120002296"	"yggL"	"-"	3099829	3100155	327	"HS30'"	2699	497.206850634591	0	0	0	1	-Inf	"SD"	2	15.3846153846154
"ECK120002300"	"ybcH"	"-"	586314	587204	891	"HS30'"	22	1.4873971627124	11	212	47.1698113207547	0.524130190796857	0.427210074754919	"AD"	NA	NA
"ECK120002305"	"alsB"	"-"	4309130	4310065	936	"HS30'"	11	0.707943841867922	6	110	0	0.394230769230769	-Inf	"SD"	8	24.2424242424242
"ECK120002306"	"adiC"	"-"	4333717	4335054	1338	"HS30'"	7	0	1	59	0	0.18609865470852	NA	"NO"	NA	NA
"ECK120002307"	"yjdL"	"-"	4352977	4354434	1458	"HS30'"	24	0.991598108474935	29	184	119.565217391304	0.633058984910837	2.14967609922601	"AD"	NA	NA
"ECK120002308"	"yjeM"	"+"	4381862	4383364	1503	"HS30'"	36	1.4428643135294	1	47	0	0.625415834996673	-Inf	"SD"	NA	NA
"ECK120002309"	"ulaB"	"+"	4419416	4419721	306	"HS30'"	2	0.393722778365048	1	47	0	0.26797385620915	-Inf	"SD"	NA	NA
"ECK120002310"	"ulaC"	"+"	4419731	4420195	465	"HS30'"	14	1.81366492743641	1	49	0	0.694623655913978	-Inf	"SD"	NA	NA
"ECK120002313"	"ytfR"	"+"	4449081	4450583	1503	"HS30'"	7	0	1	68	0	0.23020625415835	NA	"NO"	NA	NA
"ECK120002314"	"ytfT"	"+"	4450597	4451619	1023	"HS30'"	9	0.5299670242509	1	100	0	0.371456500488759	-Inf	"SD"	NA	NA
"ECK120002317"	"idnT"	"-"	4489229	4490548	1320	"HS30'"	53	2.41871061345619	6	131	0	0.513636363636364	-Inf	"SD"	NA	NA
"ECK120002319"	"yjhF"	"-"	4518694	4520043	1350	"HS30'"	28	1.24941361667842	107	747	131.191432396252	0.46962962962963	3.97153059097873	"AD"	NA	NA
"ECK120002320"	"sgcA"	"-"	4525572	4526003	432	"HS30'"	5	0.697217420021439	0	0	0	0.703703703703704	-Inf	"SD"	NA	NA
"ECK120002321"	"sgcC"	"-"	4526953	4528266	1314	"HS30'"	8	0.366755464778401	4	62	0	0.317351598173516	-Inf	"SD"	NA	NA
"ECK120002322"	"sgcX"	"-"	4528553	4529674	1122	"HS30'"	7	0	16	240	29.1666666666667	0.246880570409982	Inf	"AD"	NA	NA
"ECK120002329"	"fabF"	"+"	1151162	1152403	1242	"HS30'"	2247	108.984176889612	29	179	145.251396648045	1	-4.3894632558354	"SD"	15	34.8837209302326
"ECK120002332"	"yabP"	"+"	58474	59124	651	"HS30'"	95	8.79072286257445	17	185	91.8918918918919	1	-1.37044705693204	"SD"	NA	NA
"ECK120002337"	"dppB"	"-"	3702794	3703813	1020	"HS30'"	20	1.18116833509514	18	100	100	0.744117647058824	0.759785413841791	"AD"	NA	NA
"ECK120002338"	"dppC"	"-"	3701882	3702784	903	"HS30'"	20	1.33421007950946	0	0	0	0.431893687707641	-Inf	"SD"	NA	NA
"ECK120002339"	"dppD"	"-"	3700888	3701871	984	"HS30'"	10	0.612190905384678	0	0	0	0.372967479674797	-Inf	"SD"	NA	NA
"ECK120002341"	"gntK"	"-"	3575088	3575615	528	"HS30'"	18	2.05362221897224	5	111	0	0.579545454545455	-Inf	"SD"	1	5
"ECK120002342"	"gntR"	"-"	3575754	3576749	996	"HS30'"	292	17.6606012512418	2	100	0	0.997991967871486	-Inf	"SD"	5	13.8888888888889
"ECK120002345"	"cas3"	"-"	2882575	2885241	2667	"HS30'"	71	1.60367849320567	31	330	66.6666666666667	0.623547056617923	1.45611858566647	"AD"	NA	NA
"ECK120002349"	"gltJ"	"-"	685152	685892	741	"HS30'"	22	1.78848970577159	13	204	53.921568627451	0.592442645074224	0.298761709288766	"AD"	1	3.57142857142857
"ECK120002350"	"gltK"	"-"	684478	685152	675	"HS30'"	11	0.981682127390186	0	0	0	0.364444444444444	-Inf	"SD"	NA	NA
"ECK120002351"	"gltL"	"-"	683753	684478	726	"HS30'"	25	2.07436587774973	0	0	0	0.692837465564738	-Inf	"SD"	NA	NA
"ECK120002352"	"lpxH"	"-"	552441	553163	723	"HS30'"	47	3.91598962548141	1	63	0	0.673582295988935	-Inf	"SD"	NA	NA
"ECK120002353"	"grxB"	"-"	1122630	1123277	648	"HS30'"	46	4.27626684279816	5	137	0	0.993827160493827	-Inf	"SD"	17	70.8333333333333
"ECK120002355"	"rarA"	"+"	937217	938560	1344	"HS30'"	740	33.1676286953056	1	55	0	0.865327380952381	-Inf	"SD"	NA	NA
"ECK120002356"	"yciM"	"+"	1338582	1339751	1170	"HS30'"	264	13.5925217638641	0	0	0	1	-Inf	"SD"	2	4.44444444444444
"ECK120002358"	"nudL"	"+"	1894194	1894772	579	"HS30'"	112	11.6525622280889	7	143	0	0.920552677029361	-Inf	"SD"	NA	NA
"ECK120002364"	"yggN"	"-"	3098926	3099645	720	"HS30'"	198	16.5658858997094	12	392	28.0612244897959	1	-2.91263992812971	"SD"	1	3.84615384615385
"ECK120002365"	"ygbE"	"-"	2871036	2871359	324	"HS30'"	16	2.9747943254248	0	0	0	0.574074074074074	-Inf	"SD"	NA	NA
"ECK120002368"	"yedJ"	"-"	2030408	2031103	696	"HS30'"	1459	126.278095755883	2	138	0	1	-Inf	"SD"	NA	NA
"ECK120002371"	"dxr"	"+"	193521	194717	1197	"HS30'"	204	10.2663954539097	7	159	0	1	-Inf	"SD"	NA	NA
"ECK120002373"	"ygjI"	"+"	3224256	3225689	1434	"HS30'"	14	0.588113104085029	10	250	36	0.258019525801953	1.61383136506954	"AD"	NA	NA
"ECK120002375"	"uxaA"	"-"	3239849	3241336	1488	"HS30'"	63	2.55046630420746	0	0	0	0.874327956989247	-Inf	"SD"	0	0
"ECK120002377"	"exuR"	"+"	3244674	3245450	777	"HS30'"	323	25.0416808031175	35	528	53.030303030303	1	-2.16083266724568	"SD"	5	16.6666666666667
"ECK120002378"	"yhaO"	"-"	3254701	3255969	1269	"HS30'"	19	0.901932322070287	4	81	0	0.43892828999212	-Inf	"SD"	NA	NA
"ECK120002380"	"agaA"	"+"	3279144	3279647	504	"HS30'"	5	0.597614931446947	0	0	0	0.503968253968254	-Inf	"SD"	NA	NA
"ECK120002381"	"kbaY"	"+"	3281165	3282025	861	"HS30'"	1	0	8	256	27.34375	0.104529616724739	Inf	"AD"	NA	NA
"ECK120002382"	"agaB"	"+"	3282192	3282668	477	"HS30'"	3	0.378865315030518	0	0	0	0.394129979035639	-Inf	"SD"	NA	NA
"ECK120002383"	"agaC"	"+"	3282707	3283510	804	"HS30'"	2	0	3	123	0	0.123134328358209	NA	"NO"	NA	NA
"ECK120002384"	"diaA"	"+"	3293831	3294421	591	"HS30'"	74	7.54268916522685	8	128	46.875	1	-2.65204456774733	"SD"	0	0
"ECK120002386"	"mlaD"	"-"	3335932	3336483	552	"HS30'"	413	45.0705591342554	1	100	0	1	-Inf	"SD"	11	55
"ECK120002387"	"mlaE"	"-"	3336488	3337270	783	"HS30'"	285	21.9262857606742	1	54	0	1	-Inf	"SD"	NA	NA
"ECK120002391"	"yhdW"	"+"	3417171	3418088	918	"HS30'"	12	0.787445556730095	9	242	24.7933884297521	0.61437908496732	0.607782320396739	"AD"	NA	NA
"ECK120002392"	"yhdX"	"+"	3418156	3419337	1182	"HS30'"	6	0	20	242	24.7933884297521	0.126903553299492	Inf	"AD"	NA	NA
"ECK120002393"	"yhdY"	"+"	3419347	3420450	1104	"HS30'"	7	0	11	218	0	0.216485507246377	NA	"NO"	NA	NA
"ECK120002401"	"abgT"	"-"	1398271	1399797	1527	"HS30'"	51	0	2	100	0	0.223968565815324	NA	"NO"	NA	NA
"ECK120002402"	"ybgF"	"+"	778821	779612	792	"HS30'"	557	42.3654657765754	8	111	63.0630630630631	1	-4.91938999821989	"SD"	4	14.2857142857143
"ECK120002409"	"proQ"	"-"	1912860	1913558	699	"HS30'"	487	41.9694963358485	4	120	0	1	-Inf	"SD"	17	65.3846153846154
"ECK120002412"	"ycjF"	"+"	1383535	1384596	1062	"HS30'"	639	36.2458520455891	0	0	0	0.999058380414313	-Inf	"SD"	1	2.56410256410256
"ECK120002416"	"ycfK"	"+"	1206724	1207353	630	"HS30'"	1	0	0	0	0	0.0936507936507937	NA	"NO"	NA	NA
"ECK120002418"	"ybcJ"	"-"	555884	556096	213	"HS30'"	221	62.5021047176402	1	100	0	1	-Inf	"SD"	NA	NA
"ECK120002424"	"frlA"	"+"	3497932	3499269	1338	"HS30'"	1	0	12	244	0	0.0769805680119581	NA	"NO"	NA	NA
"ECK120002425"	"feoC"	"+"	3540750	3540986	237	"HS30'"	7	1.77922825159901	12	368	32.6086956521739	0.915611814345992	0.431782804544743	"AD"	NA	NA
"ECK120002428"	"xapB"	"-"	2520751	2522007	1257	"HS30'"	36	1.72523871379052	9	266	26.3157894736842	0.858392999204455	-0.301369167981272	"SD"	NA	NA
"ECK120002433"	"mngB"	"+"	767201	769834	2634	"HS30'"	119	2.72153022995157	25	376	55.8510638297872	0.859149582384207	0.625971266710259	"AD"	NA	NA
"ECK120002434"	"cobU"	"-"	2063243	2063788	546	"HS30'"	421	46.4484712872304	0	0	0	1	-Inf	"SD"	0	0
"ECK120002437"	"dctA"	"-"	3680184	3681470	1287	"HS30'"	85	3.97852737578667	5	118	0	0.992229992229992	-Inf	"SD"	NA	NA
"ECK120002438"	"dgoA"	"-"	3871018	3871635	618	"HS30'"	2	0	1	100	0	0.129449838187702	NA	"NO"	NA	NA
"ECK120002439"	"dgoK"	"-"	3871619	3872497	879	"HS30'"	13	0.890915365378931	9	363	24.7933884297521	0.497155858930603	1.01463661542755	"AD"	NA	NA
"ECK120002441"	"glcB"	"-"	3119656	3121827	2172	"HS30'"	146	4.04925387804716	4	88	0	0.846685082872928	-Inf	"SD"	35	43.75
"ECK120002442"	"gpsA"	"-"	3780665	3781684	1020	"HS30'"	537	31.7143697973046	2	57	0	0.704901960784314	-Inf	"SD"	3	8.33333333333333
"ECK120002444"	"kefB"	"-"	3476824	3478629	1806	"HS30'"	119	3.96927498654066	7	384	15.625	0.863233665559247	-1.725841108123	"SD"	NA	NA
"ECK120002445"	"pta"	"+"	2412769	2414913	2145	"HS30'"	310	8.70595402230966	9	181	33.1491712707182	0.998601398601399	-2.85896799518324	"SD"	79	102.597402597403
"ECK120002446"	"uxuB"	"+"	4550924	4552384	1461	"HS30'"	60	2.47390493182145	4	109	0	0.600958247775496	-Inf	"SD"	9	16.6666666666667
"ECK120002450"	"nrdE"	"+"	2799370	2801514	2145	"HS30'"	74	2.07819547629327	35	101	217.821782178218	0.559440559440559	1.08217216237819	"AD"	NA	NA
"ECK120002451"	"alaT"	"+"	4035283	4035358	76	"HS30'"	0	0	0	0	0	0	NA	"NO"	NA	NA
"ECK120002452"	"alaU"	"-"	3424980	3425055	76	"HS30'"	0	0	0	0	0	0	NA	"NO"	NA	NA
"ECK120002453"	"alaV"	"+"	225500	225575	76	"HS30'"	3	2.37787835880996	0	0	0	0.907894736842105	-Inf	"SD"	NA	NA
"ECK120002455"	"alaX"	"-"	2516063	2516138	76	"HS30'"	2336	1851.57461539336	0	0	0	1	-Inf	"SD"	NA	NA
"ECK120002456"	"argQ"	"-"	2815806	2815882	77	"HS30'"	15	11.7349841084128	0	0	0	1	-Inf	"SD"	NA	NA
"ECK120002458"	"argV"	"-"	2816495	2816571	77	"HS30'"	446	348.920194156807	0	0	0	1	-Inf	"SD"	NA	NA
"ECK120002459"	"argW"	"+"	2464331	2464405	75	"HS30'"	478	383.926955639325	1	100	0	1	-Inf	"SD"	NA	NA
"ECK120002460"	"argX"	"+"	3980398	3980474	77	"HS30'"	2308	1805.62288814778	0	0	0	1	-Inf	"SD"	NA	NA
"ECK120002461"	"argY"	"-"	2816220	2816296	77	"HS30'"	252	197.147733021335	0	0	0	1	-Inf	"SD"	NA	NA
"ECK120002462"	"argZ"	"-"	2816081	2816157	77	"HS30'"	21	16.4289777517779	1	36	0	1	-Inf	"SD"	NA	NA
"ECK120002463"	"asnT"	"+"	2042573	2042648	76	"HS30'"	179	141.880075408994	0	0	0	0.894736842105263	-Inf	"SD"	NA	NA
"ECK120002467"	"aspU"	"+"	228928	229004	77	"HS30'"	82	64.1512464593232	0	0	0	1	-Inf	"SD"	NA	NA
"ECK120002468"	"aspV"	"+"	236931	237007	77	"HS30'"	1531	1197.750711332	0	0	0	1	-Inf	"SD"	NA	NA
"ECK120002470"	"glnU"	"-"	696088	696162	75	"HS30'"	653	524.485987515647	0	0	0	1	-Inf	"SD"	NA	NA
"ECK120002472"	"glnW"	"-"	695979	696053	75	"HS30'"	620	497.980570076112	1	54	0	1	-Inf	"SD"	NA	NA
"ECK120002474"	"gltT"	"+"	4166395	4166470	76	"HS30'"	0	0	0	0	0	0	NA	"NO"	NA	NA
"ECK120002475"	"gltU"	"+"	3941458	3941533	76	"HS30'"	2	1.58525223920664	0	0	0	0.355263157894737	-Inf	"SD"	NA	NA
"ECK120002476"	"gltV"	"+"	4207797	4207872	76	"HS30'"	2	0	0	0	0	0.0263157894736842	NA	"NO"	NA	NA
"ECK120002477"	"gltW"	"-"	2727391	2727466	76	"HS30'"	16	12.6820179136531	0	0	0	0.0657894736842105	-Inf	"SD"	NA	NA
"ECK120002478"	"glyT"	"+"	4173696	4173770	75	"HS30'"	42562	34185.5629412573	0	0	0	1	-Inf	"SD"	NA	NA
"ECK120002479"	"glyU"	"-"	2997006	2997079	74	"HS30'"	46433	37798.711546988	4	137	0	1	-Inf	"SD"	NA	NA
"ECK120002480"	"glyV"	"+"	4390383	4390458	76	"HS30'"	474	375.704780691974	0	0	0	1	-Inf	"SD"	NA	NA
"ECK120002481"	"glyW"	"-"	1990066	1990141	76	"HS30'"	1247	988.40477114534	0	0	0	1	-Inf	"SD"	NA	NA
"ECK120002482"	"glyX"	"+"	4390495	4390570	76	"HS30'"	14	11.0967656744465	0	0	0	1	-Inf	"SD"	NA	NA
"ECK120002484"	"hisR"	"+"	3980532	3980608	77	"HS30'"	16108	12601.8082678875	0	0	0	1	-Inf	"SD"	NA	NA
"ECK120002485"	"ileT"	"+"	4035164	4035240	77	"HS30'"	0	0	0	0	0	0	NA	"NO"	NA	NA
"ECK120002486"	"ileU"	"-"	3425098	3425174	77	"HS30'"	0	0	0	0	0	0	NA	"NO"	NA	NA
"ECK120002487"	"ileV"	"+"	225381	225457	77	"HS30'"	0	0	0	0	0	0	NA	"NO"	NA	NA
"ECK120002490"	"leuQ"	"-"	4604338	4604424	87	"HS30'"	1003	694.486251093355	0	0	0	1	-Inf	"SD"	NA	NA
"ECK120002491"	"leuT"	"+"	3980629	3980715	87	"HS30'"	1818	1258.79960567071	0	0	0	1	-Inf	"SD"	NA	NA
"ECK120002492"	"leuU"	"-"	3320094	3320180	87	"HS30'"	160521	111146.188944922	0	0	0	1	-Inf	"SD"	NA	NA
"ECK120002494"	"leuW"	"-"	696186	696270	85	"HS30'"	19585	13879.909105703	2	72	0	1	-Inf	"SD"	NA	NA
"ECK120002496"	"leuZ"	"-"	1989839	1989925	87	"HS30'"	20858	14442.2674230361	0	0	0	1	-Inf	"SD"	NA	NA
"ECK120002497"	"lysT"	"+"	779777	779852	76	"HS30'"	463	366.985893376337	0	0	0	1	-Inf	"SD"	NA	NA
"ECK120002499"	"lysW"	"+"	780066	780141	76	"HS30'"	6	4.75575671761992	0	0	0	1	-Inf	"SD"	NA	NA
"ECK120002500"	"metT"	"-"	696280	696356	77	"HS30'"	1207	944.275054590282	0	0	0	1	-Inf	"SD"	NA	NA
"ECK120002501"	"metU"	"-"	695887	695963	77	"HS30'"	2066	1616.29847786539	0	0	0	1	-Inf	"SD"	NA	NA
"ECK120002506"	"pheU"	"-"	4360574	4360649	76	"HS30'"	300	237.787835880996	9	128	70.3125	1	-7.04553419862705	"SD"	NA	NA
"ECK120002508"	"proK"	"-"	3706639	3706715	77	"HS30'"	1400	1095.26518345186	0	0	0	1	-Inf	"SD"	NA	NA
"ECK120002510"	"proM"	"+"	3980758	3980834	77	"HS30'"	19807	15495.6553490221	0	0	0	1	-Inf	"SD"	NA	NA
"ECK120002513"	"rrfB"	"+"	4169660	4169779	120	"HS30'"	57	28.6138029176798	0	0	0	0.75	-Inf	"SD"	NA	NA
"ECK120002514"	"rrfC"	"+"	3944723	3944842	120	"HS30'"	20	10.0399308483087	0	0	0	0.625	-Inf	"SD"	NA	NA
"ECK120002515"	"rrfD"	"-"	3421690	3421809	120	"HS30'"	525	263.548184768104	0	0	0	0.766666666666667	-Inf	"SD"	NA	NA
"ECK120002516"	"rrfE"	"+"	4211063	4211182	120	"HS30'"	49	24.5978305783564	0	0	0	0.766666666666667	-Inf	"SD"	NA	NA
"ECK120002517"	"rrfG"	"-"	2724091	2724210	120	"HS30'"	502	252.002264292549	0	0	0	0.75	-Inf	"SD"	NA	NA
"ECK120002518"	"rrfH"	"+"	228756	228875	120	"HS30'"	1	0	0	0	0	0.00833333333333333	NA	"NO"	NA	NA
"ECK120002519"	"rrlA"	"+"	4035542	4038446	2905	"HS30'"	822	17.0454178808463	0	0	0	0.207917383820998	-Inf	"SD"	NA	NA
"ECK120002520"	"rrlB"	"+"	4166664	4169567	2904	"HS30'"	1	0	0	0	0	0.0337465564738292	NA	"NO"	NA	NA
"ECK120002521"	"rrlC"	"+"	3941727	3944630	2904	"HS30'"	1139	23.6270273475695	0	0	0	0.299931129476584	-Inf	"SD"	NA	NA
"ECK120002522"	"rrlD"	"-"	3421902	3424805	2904	"HS30'"	88	0	0	0	0	0.121900826446281	NA	"NO"	NA	NA
"ECK120002523"	"rrlE"	"+"	4208066	4210969	2904	"HS30'"	6	0	0	0	0	0.0265151515151515	NA	"NO"	NA	NA
"ECK120002524"	"rrlG"	"-"	2724303	2727206	2904	"HS30'"	2	0	0	0	0	0.0568181818181818	NA	"NO"	NA	NA
"ECK120002525"	"rrlH"	"+"	225759	228662	2904	"HS30'"	1626	33.7291891722107	0	0	0	0.296487603305785	-Inf	"SD"	NA	NA
"ECK120002526"	"rrsA"	"+"	4033554	4035095	1542	"HS30'"	34	0	0	0	0	0.121919584954604	NA	"NO"	NA	NA
"ECK120002527"	"rrsB"	"+"	4164682	4166223	1542	"HS30'"	5	0	0	0	0	0.00648508430609598	NA	"NO"	NA	NA
"ECK120002531"	"rrsG"	"-"	2727638	2729179	1542	"HS30'"	2141	83.6400464833812	0	0	0	0.189364461738003	-Inf	"SD"	NA	NA
"ECK120002532"	"rrsH"	"+"	223771	225312	1542	"HS30'"	2629	102.704195331532	0	0	0	0.169260700389105	-Inf	"SD"	NA	NA
"ECK120002537"	"serV"	"-"	2816575	2816667	93	"HS30'"	17406	11274.5184739136	0	0	0	1	-Inf	"SD"	NA	NA
"ECK120002541"	"ssrS"	"+"	3054005	3054187	183	"HS30'"	34302	11291.465834711	4	160	0	1	-Inf	"SD"	NA	NA
"ECK120002542"	"ssrA"	"+"	2753615	2753977	363	"HS30'"	1653650	274422.010699268	0	0	0	1	-Inf	"SD"	NA	NA
"ECK120002543"	"thrT"	"+"	4173777	4173852	76	"HS30'"	1093	866.340348726428	0	0	0	1	-Inf	"SD"	NA	NA
"ECK120002545"	"thrV"	"-"	3421602	3421677	76	"HS30'"	1237	980.478509949307	0	0	0	1	-Inf	"SD"	NA	NA
"ECK120002548"	"tyrT"	"-"	1286761	1286845	85	"HS30'"	214	151.662014226216	0	0	0	1	-Inf	"SD"	NA	NA
"ECK120002550"	"tyrV"	"-"	1286467	1286551	85	"HS30'"	69	48.9003690729389	1	95	0	1	-Inf	"SD"	NA	NA
"ECK120002551"	"valT"	"+"	779988	780063	76	"HS30'"	184	145.843206007011	0	0	0	1	-Inf	"SD"	NA	NA
"ECK120002554"	"valW"	"+"	1744540	1744616	77	"HS30'"	397	310.585912735992	0	0	0	1	-Inf	"SD"	NA	NA
"ECK120002555"	"valX"	"+"	2519073	2519148	76	"HS30'"	1326	1051.022234594	0	0	0	1	-Inf	"SD"	NA	NA
"ECK120002556"	"valY"	"+"	2519195	2519270	76	"HS30'"	245	194.193399302813	0	0	0	1	-Inf	"SD"	NA	NA
"ECK120002557"	"dicF"	"+"	1647406	1647458	53	"HS30'"	55	62.5127769800354	0	0	0	1	-Inf	"SD"	NA	NA
"ECK120002561"	"rpmA"	"-"	3330884	3331141	258	"HS30'"	2151	502.23002917935	0	0	0	1	-Inf	"SD"	59	655.555555555556
"ECK120002562"	"acpP"	"+"	1150838	1151074	237	"HS30'"	13720	3487.28737313407	0	0	0	1	-Inf	"SD"	4	44.4444444444444
"ECK120002564"	"nfsB"	"-"	603994	604647	654	"HS30'"	107	9.85571193366085	12	330	36.3636363636364	0.821100917431193	-2.03792568319898	"SD"	15	62.5
"ECK120002566"	"eutC"	"-"	2554432	2555319	888	"HS30'"	18	1.22107267074025	18	101	168.316831683168	0.783783783783784	1.47738568314106	"AD"	NA	NA
"ECK120002568"	"gadA"	"-"	3664203	3665603	1401	"HS30'"	5	0	2	100	0	0.0749464668094218	NA	"NO"	NA	NA
"ECK120002569"	"frmA"	"-"	377686	378795	1110	"HS30'"	533	28.9258548224246	3	58	0	1	-Inf	"SD"	4	10.2564102564103
"ECK120002570"	"folP"	"-"	3322085	3322933	849	"HS30'"	135	9.57873261146061	1	75	0	0.837455830388693	-Inf	"SD"	8	25.8064516129032
"ECK120002572"	"glcF"	"-"	3122258	3123481	1224	"HS30'"	41	2.01782923912087	4	96	0	0.496732026143791	-Inf	"SD"	NA	NA
"ECK120002581"	"sraF"	"+"	3236396	3236583	188	"HS30'"	756	242.240033659193	0	0	0	1	-Inf	"SD"	NA	NA
"ECK120002628"	"ydaE"	"-"	1415862	1416032	171	"HS30'"	11	3.87506102917179	0	0	0	0.502923976608187	-Inf	"SD"	NA	NA
"ECK120002629"	"yoeB"	"-"	2087235	2087489	255	"HS30'"	357	84.3354191257932	5	118	0	1	-Inf	"SD"	NA	NA
"ECK120002651"	"ecnB"	"+"	4374576	4374722	147	"HS30'"	19	7.78606882113737	0	0	0	1	-Inf	"SD"	NA	NA
"ECK120002669"	"tisB"	"+"	3851576	3851665	90	"HS30'"	26	17.4025468037351	12	383	31.331592689295	1	-2.85819214410733	"SD"	NA	NA
"ECK120002671"	"thiS"	"-"	4190660	4190860	201	"HS30'"	1	0.299699428307723	0	0	0	0.402985074626866	-Inf	"SD"	NA	NA
"ECK120002674"	"sapC"	"-"	1351652	1352542	891	"HS30'"	37	2.5015315918345	1	72	0	0.851851851851852	-Inf	"SD"	NA	NA
"ECK120002675"	"sapB"	"-"	1352529	1353494	966	"HS30'"	29	1.80843474907424	20	102	196.078431372549	0.831262939958592	1.14525845557849	"AD"	NA	NA
"ECK120002676"	"sapA"	"-"	1353491	1355134	1644	"HS30'"	143	5.23981792448229	9	235	0	0.748783454987834	-Inf	"SD"	8	12.9032258064516
"ECK120002680"	"flgC"	"+"	1130661	1131065	405	"HS30'"	8	1.18991773016992	3	69	0	0.298765432098765	-Inf	"SD"	NA	NA
"ECK120002682"	"flgD"	"+"	1131077	1131772	696	"HS30'"	20	1.73102256005323	1	101	0	0.617816091954023	-Inf	"SD"	1	4.16666666666667
"ECK120002683"	"flgE"	"+"	1131797	1133005	1209	"HS30'"	42	2.09269030088817	12	102	78.4313725490196	0.694789081885856	-0.387286916546708	"SD"	6	14.2857142857143
"ECK120002684"	"flgF"	"+"	1133025	1133780	756	"HS30'"	3	0.239045972578779	2	100	0	0.349206349206349	-Inf	"SD"	NA	NA
"ECK120002685"	"flgG"	"+"	1133952	1134734	783	"HS30'"	20	1.53868672004731	0	0	0	0.770114942528736	-Inf	"SD"	2	7.14285714285714
"ECK120002686"	"flgH"	"+"	1134787	1135485	699	"HS30'"	9	0.775616975405824	1	37	0	0.513590844062947	-Inf	"SD"	7	28
"ECK120002687"	"flgI"	"+"	1135497	1136594	1098	"HS30'"	11	0.603493111100524	0	0	0	0.275956284153005	-Inf	"SD"	3	7.89473684210526
"ECK120002688"	"flgJ"	"+"	1136594	1137535	942	"HS30'"	17	1.08712627019903	10	288	27.7777777777778	0.438428874734607	0.557552385345378	"AD"	NA	NA
"ECK120002689"	"flgM"	"-"	1129058	1129351	294	"HS30'"	213	43.6429647079542	4	168	0	1	-Inf	"SD"	NA	NA
"ECK120002690"	"flhA"	"-"	1960996	1963074	2079	"HS30'"	26	0.753357004490697	3	178	0	0.414622414622415	-Inf	"SD"	3	4
"ECK120002692"	"fliI"	"+"	2014578	2015951	1374	"HS30'"	6	0	3	95	0	0.208879184861718	NA	"NO"	NA	NA
"ECK120002693"	"fliJ"	"+"	2015970	2016413	444	"HS30'"	3	0.407024223580083	0	0	0	0.367117117117117	-Inf	"SD"	NA	NA
"ECK120002694"	"fliK"	"+"	2016410	2017537	1128	"HS30'"	13	0.69425053738305	8	107	0	0.313829787234043	-Inf	"SD"	NA	NA
"ECK120002695"	"nanT"	"-"	3369106	3370596	1491	"HS30'"	9	0.363619225894481	7	100	0	0.287726358148893	-Inf	"SD"	0	0
"ECK120002699"	"maa"	"-"	478591	479142	552	"HS30'"	68	7.42081845309775	34	403	84.3672456575682	0.929347826086957	-0.126043566238902	"SD"	1	5
"ECK120002706"	"insA-1"	"-"	20233	20508	276	"HS30'"	0	0	0	0	0	0	NA	"NO"	NA	NA
"ECK120002711"	"b0165"	"-"	184987	185118	132	"HS30'"	19	8.67084936899389	6	252	23.8095238095238	0.348484848484849	-2.85313891638105	"SD"	NA	NA
"ECK120002712"	"ispU"	"+"	194903	195664	762	"HS30'"	608	48.0651807541079	0	0	0	1	-Inf	"SD"	NA	NA
"ECK120002713"	"bamA"	"+"	197928	200360	2433	"HS30'"	551	13.6424214486266	29	318	37.7358490566038	0.995889847924373	-2.50699342592864	"SD"	10	10.989010989011
"ECK120002714"	"ldcC"	"+"	209679	211820	2142	"HS30'"	57	1.60301416905769	7	96	0	0.579365079365079	-Inf	"SD"	0	0
"ECK120002715"	"yaeR"	"+"	211877	212266	390	"HS30'"	61	9.42208894995126	0	0	0	1	-Inf	"SD"	NA	NA
"ECK120002729"	"yafQ"	"-"	245961	246239	279	"HS30'"	1225	264.49280191781	2	150	0	1	-Inf	"SD"	NA	NA
"ECK120002735"	"dinB"	"+"	250898	251953	1056	"HS30'"	52	2.96634320518212	5	142	0	0.601325757575758	-Inf	"SD"	NA	NA
"ECK120002736"	"yafN"	"+"	252005	252298	294	"HS30'"	22	4.50772405434269	0	0	0	1	-Inf	"SD"	NA	NA
"ECK120002737"	"yafO"	"+"	252301	252699	399	"HS30'"	117	17.664239236874	0	0	0	0.987468671679198	-Inf	"SD"	NA	NA
"ECK120002738"	"yafP"	"+"	252709	253161	453	"HS30'"	15	1.99468824800835	0	0	0	0.313465783664459	-Inf	"SD"	NA	NA
"ECK120002739"	"ykfJ"	"+"	253467	253733	267	"HS30'"	1	0.225616423557499	1	96	0	0.374531835205993	-Inf	"SD"	NA	NA
"ECK120002742"	"ykfG"	"-"	263480	263956	477	"HS30'"	0	0	1	67	0	0	NA	"NO"	NA	NA
"ECK120002743"	"yafX"	"-"	263972	264430	459	"HS30'"	0	0	11	268	41.044776119403	0	Inf	"AD"	NA	NA
"ECK120002744"	"ykfF"	"-"	264528	264767	240	"HS30'"	0	0	2	100	0	0	NA	"NO"	NA	NA
"ECK120002745"	"ykfB"	"-"	264844	265311	468	"HS30'"	45	5.79226779710118	21	506	41.501976284585	0.794871794871795	-0.463738976984579	"SD"	NA	NA
"ECK120002746"	"yafY"	"-"	265334	265777	444	"HS30'"	13	1.76377163551369	1	57	0	0.268018018018018	-Inf	"SD"	NA	NA
"ECK120002747"	"yafZ"	"-"	266408	267229	822	"HS30'"	0	0	12	337	32.6409495548961	0	Inf	"AD"	NA	NA
"ECK120002748"	"ykfA"	"-"	267321	268184	864	"HS30'"	14	0.976104388030014	10	397	22.6700251889169	0.546296296296296	0.882889558531107	"AD"	NA	NA
"ECK120002751"	"insI-1"	"+"	269827	270978	1152	"HS30'"	5	0	0	0	0	0.0260416666666667	NA	"NO"	NA	NA
"ECK120002752"	"insO-1"	"+"	271054	271479	426	"HS30'"	26	3.6765943951553	3	200	0	0.596244131455399	-Inf	"SD"	NA	NA
"ECK120002757"	"afuB"	"-"	278038	278400	363	"HS30'"	5	0.829746351099894	3	70	0	0.512396694214876	-Inf	"SD"	NA	NA
"ECK120002758"	"insB-2"	"-"	278402	278905	504	"HS30'"	4	0	0	0	0	0.0694444444444444	NA	"NO"	NA	NA
"ECK120002759"	"insA-2"	"-"	278824	279099	276	"HS30'"	0	0	0	0	0	0	NA	"NO"	NA	NA
"ECK120002761"	"yagF"	"+"	282425	284392	1968	"HS30'"	44	1.34681999184629	2	100	0	0.671747967479675	-Inf	"SD"	NA	NA
"ECK120002762"	"yagG"	"+"	284619	286001	1383	"HS30'"	11	0	1	100	0	0.130151843817787	NA	"NO"	NA	NA
"ECK120002765"	"insB-3"	"-"	289873	290376	504	"HS30'"	0	0	0	0	0	0	NA	"NO"	NA	NA
"ECK120002770"	"yagM"	"-"	293169	294023	855	"HS30'"	5	0	9	254	23.6220472440945	0.134502923976608	Inf	"AD"	NA	NA
"ECK120002771"	"yagN"	"-"	294363	294803	441	"HS30'"	248	33.8762292568784	39	579	67.3575129533679	0.913832199546485	-2.11872726898418	"SD"	NA	NA
"ECK120002772"	"intF"	"-"	294920	296320	1401	"HS30'"	448	19.2629080087465	54	633	55.2922590837283	0.997858672376874	-1.46039868769889	"SD"	NA	NA
"ECK120002773"	"yagP"	"-"	296605	297015	411	"HS30'"	2	0.293136667103904	312	700	445.714285714286	0.306569343065693	7.73382877952686	"AD"	NA	NA
"ECK120002774"	"paoD"	"-"	296994	297950	957	"HS30'"	14	0.88124784875437	3	269	0	0.61337513061651	-Inf	"SD"	NA	NA
"ECK120002775"	"paoC"	"-"	297960	300158	2199	"HS30'"	17	0.465699384505452	2	43	0	0.335607094133697	-Inf	"SD"	NA	NA
"ECK120002776"	"paoB"	"-"	300155	301111	957	"HS30'"	4	0	0	0	0	0.152560083594566	NA	"NO"	NA	NA
"ECK120002780"	"ecpE"	"-"	303719	304429	711	"HS30'"	13	1.10142701289463	12	317	37.8548895899054	0.668073136427567	1.12366050918241	"AD"	NA	NA
"ECK120002781"	"ecpD"	"-"	304398	306041	1644	"HS30'"	14	0.512989167431832	29	257	38.9105058365759	0.459245742092457	1.96299973349437	"AD"	NA	NA
"ECK120002782"	"ecpC"	"-"	306031	308556	2526	"HS30'"	17	0.405412884611041	12	214	42.0560747663551	0.328978622327791	2.15053306096245	"AD"	NA	NA
"ECK120002783"	"ecpB"	"-"	308582	309250	669	"HS30'"	4	0	0	0	0	0.162929745889387	NA	"NO"	NA	NA
"ECK120002784"	"ecpA"	"-"	309308	309895	588	"HS30'"	12	0	7	350	20	0.238095238095238	Inf	"AD"	NA	NA
"ECK120002788"	"insE-1"	"+"	314506	314814	309	"HS30'"	0	0	0	0	0	0	NA	"NO"	NA	NA
"ECK120002792"	"rclB"	"-"	317555	317791	237	"HS30'"	2	0.508350929028289	1	92	0	0.447257383966245	-Inf	"SD"	NA	NA
"ECK120002795"	"ykgE"	"+"	320832	321551	720	"HS30'"	19	1.58965571764888	1	100	0	0.729166666666667	-Inf	"SD"	9	34.6153846153846
"ECK120002796"	"ykgF"	"+"	321562	322989	1428	"HS30'"	41	1.72956791924646	6	84	0	0.579131652661064	-Inf	"SD"	12	22.6415094339623
"ECK120002799"	"ykgH"	"-"	323920	324588	669	"HS30'"	29	2.61128246278881	6	146	41.0958904109589	0.328849028400598	-1.12172411678202	"SD"	NA	NA
"ECK120002803"	"yahE"	"+"	335149	336012	864	"HS30'"	1	0	1	43	0	0.115740740740741	NA	"NO"	NA	NA
"ECK120002804"	"yahF"	"+"	336002	337549	1548	"HS30'"	18	0.700460291742469	2	100	0	0.384366925064599	-Inf	"SD"	NA	NA
"ECK120002805"	"yahG"	"+"	337549	338967	1419	"HS30'"	3	0	1	43	0	0.134601832276251	NA	"NO"	NA	NA
"ECK120002806"	"yahI"	"+"	339389	340339	951	"HS30'"	13	0.823464359798191	3	59	0	0.427970557308097	-Inf	"SD"	NA	NA
"ECK120002807"	"yahJ"	"+"	340349	341731	1383	"HS30'"	86	3.74591780023666	0	0	0	0.956616052060738	-Inf	"SD"	NA	NA
"ECK120002808"	"yahK"	"+"	342108	343157	1050	"HS30'"	40	2.29484133675628	0	0	0	0.658095238095238	-Inf	"SD"	0	0
"ECK120002809"	"yahL"	"+"	343400	344215	816	"HS30'"	10	0.738230209434464	5	202	0	0.638480392156863	-Inf	"SD"	NA	NA
"ECK120002815"	"prpC"	"+"	349236	350405	1170	"HS30'"	6	0.30892094917873	4	111	0	0.252136752136752	-Inf	"SD"	NA	NA
"ECK120002816"	"prpD"	"+"	350439	351890	1452	"HS30'"	8	0	5	239	0	0.227961432506887	NA	"NO"	NA	NA
"ECK120002817"	"prpE"	"+"	351930	353816	1887	"HS30'"	15	0.478852027741274	1	59	0	0.325384207737149	-Inf	"SD"	NA	NA
"ECK120002819"	"mhpE"	"+"	373092	374105	1014	"HS30'"	63	3.74269611505	0	0	0	0.768244575936884	-Inf	"SD"	NA	NA
"ECK120002820"	"mhpT"	"+"	374683	375894	1212	"HS30'"	11	0.546728907581168	0	0	0	0.330858085808581	-Inf	"SD"	NA	NA
"ECK120002823"	"frmR"	"-"	378830	379105	276	"HS30'"	161	35.1397579690805	2	100	0	1	-Inf	"SD"	2	20
"ECK120002824"	"yaiO"	"-"	379293	380066	774	"HS30'"	64	4.981050963502	4	139	0	0.874677002583979	-Inf	"SD"	NA	NA
"ECK120002832"	"tauB"	"+"	385431	386198	768	"HS30'"	11	0.86280655727653	2	68	0	0.546875	-Inf	"SD"	NA	NA
"ECK120002833"	"tauC"	"+"	386195	387022	828	"HS30'"	15	1.0912968313379	1	55	0	0.309178743961353	-Inf	"SD"	NA	NA
"ECK120002845"	"proY"	"+"	420210	421583	1374	"HS30'"	77	3.37587194462782	14	100	60	0.786754002911208	-1.49222577417271	"SD"	NA	NA
"ECK120002846"	"thiL"	"+"	434858	435835	978	"HS30'"	168	10.3479041872139	4	82	0	0.962167689161554	-Inf	"SD"	2	5.71428571428571
"ECK120002848"	"dxs"	"-"	437539	439401	1863	"HS30'"	176	5.69091088342137	14	270	25.9259259259259	0.886741814278046	-2.02323276065513	"SD"	20	29.4117647058824
"ECK120002853"	"ppiD"	"+"	461139	463010	1872	"HS30'"	651	20.9487018661826	1	100	0	0.979700854700855	-Inf	"SD"	38	55.8823529411765
"ECK120002854"	"ybaV"	"+"	463161	463532	372	"HS30'"	28	4.53416231859103	0	0	0	1	-Inf	"SD"	NA	NA
"ECK120002858"	"ybaO"	"+"	467607	468065	459	"HS30'"	29	3.80598685752879	1	53	0	0.721132897603486	-Inf	"SD"	NA	NA
"ECK120002859"	"mdlA"	"+"	468095	469867	1773	"HS30'"	59	2.00458856192966	2	142	0	0.667230682459109	-Inf	"SD"	NA	NA
"ECK120002863"	"ylaC"	"-"	478005	478475	471	"HS30'"	413	52.8215470108471	6	181	0	1	-Inf	"SD"	NA	NA
"ECK120002870"	"ybaT"	"+"	511800	513092	1293	"HS30'"	22	1.02495813764637	2	116	0	0.556844547563805	-Inf	"SD"	NA	NA
"ECK120002877"	"ybbO"	"-"	517564	518373	810	"HS30'"	62	4.61093120440845	0	0	0	0.822222222222222	-Inf	"SD"	6	20.6896551724138
"ECK120002878"	"ybbP"	"+"	519640	522054	2415	"HS30'"	103	2.56922454006409	0	0	0	0.60952380952381	-Inf	"SD"	NA	NA
"ECK120002879"	"ylbH"	"+"	527173	527883	711	"HS30'"	46	3.89735712255022	8	121	49.5867768595041	0.829817158931083	-1.69946172873351	"SD"	NA	NA
"ECK120002884"	"allR"	"+"	532235	533050	816	"HS30'"	664	49.0184859064484	1	50	0	1	-Inf	"SD"	4	13.7931034482759
"ECK120002885"	"hyi"	"+"	534934	535710	777	"HS30'"	7	0	0	0	0	0.239382239382239	NA	"NO"	NA	NA
"ECK120002886"	"glxR"	"+"	535810	536688	879	"HS30'"	6	0.411191707097968	4	102	0	0.37542662116041	-Inf	"SD"	NA	NA
"ECK120002888"	"ybbW"	"+"	536857	538311	1455	"HS30'"	4	0	2	76	0	0.142955326460481	NA	"NO"	NA	NA
"ECK120002889"	"allB"	"+"	538371	539732	1362	"HS30'"	6	0.2653726215412	1	43	0	0.26798825256975	-Inf	"SD"	NA	NA
"ECK120002890"	"ybbY"	"+"	539789	541090	1302	"HS30'"	5	0	1	71	0	0.237327188940092	NA	"NO"	NA	NA
"ECK120002893"	"allC"	"-"	543281	544516	1236	"HS30'"	103	5.01996542415436	6	83	0	0.643203883495146	-Inf	"SD"	NA	NA
"ECK120002896"	"ylbE_2"	"+"	547838	548839	1002	"HS30'"	6	0	0	0	0	0.104790419161677	NA	"NO"	NA	NA
"ECK120002897"	"ylbF"	"+"	548850	549665	816	"HS30'"	1	0	0	0	0	0.122549019607843	NA	"NO"	NA	NA
"ECK120002899"	"sfmC"	"+"	558197	558889	693	"HS30'"	0	0	20	522	38.3141762452107	0	Inf	"AD"	NA	NA
"ECK120002900"	"sfmD"	"+"	558920	561523	2604	"HS30'"	65	1.50367627912458	5	53	0	0.538402457757296	-Inf	"SD"	NA	NA
"ECK120002901"	"sfmH"	"+"	561565	562542	978	"HS30'"	20	1.2318933556207	5	102	0	0.505112474437628	-Inf	"SD"	NA	NA
"ECK120002904"	"insE-3"	"+"	566056	566364	309	"HS30'"	0	0	0	0	0	0	NA	"NO"	NA	NA
"ECK120002905"	"insF-3"	"+"	566361	567227	867	"HS30'"	6	0	0	0	0	0.0461361014994233	NA	"NO"	NA	NA
"ECK120002906"	"renD"	"+"	567285	567470	186	"HS30'"	42	13.6024869557731	0	0	0	1	-Inf	"SD"	NA	NA
"ECK120002908"	"ybcK"	"+"	568125	569651	1527	"HS30'"	21	0.828442231098165	3	144	0	0.590045841519319	-Inf	"SD"	NA	NA
"ECK120002909"	"ybcL"	"+"	570116	570667	552	"HS30'"	72	7.85733718563291	2	150	0	0.846014492753623	-Inf	"SD"	NA	NA
"ECK120002910"	"ybcM"	"+"	570677	571474	798	"HS30'"	127	9.58700163710682	23	458	50.2183406113537	0.931077694235589	-1.05944581750988	"SD"	NA	NA
"ECK120002911"	"ybcN"	"+"	571689	572144	456	"HS30'"	3	0.39631305980166	2	64	0	0.287280701754386	-Inf	"SD"	NA	NA
"ECK120002912"	"ninE"	"+"	572144	572314	171	"HS30'"	5	1.76139137689627	2	89	0	0.760233918128655	-Inf	"SD"	NA	NA
"ECK120002913"	"ybcO"	"+"	572307	572597	291	"HS30'"	1	0	0	0	0	0.202749140893471	NA	"NO"	NA	NA
"ECK120002914"	"rusA"	"+"	572594	572956	363	"HS30'"	1	0	0	0	0	0.212121212121212	NA	"NO"	NA	NA
"ECK120002916"	"insH-2"	"-"	573960	574976	1017	"HS30'"	1	0	0	0	0	0.0314650934119961	NA	"NO"	NA	NA
"ECK120002918"	"rrrD"	"+"	576836	577333	498	"HS30'"	10	1.2096302226878	3	174	0	0.751004016064257	-Inf	"SD"	NA	NA
"ECK120002926"	"cusS"	"-"	592551	593993	1443	"HS30'"	51	2.12904978488043	23	398	32.6633165829146	0.753291753291753	0.288301937643728	"AD"	NA	NA
"ECK120002929"	"cusF"	"+"	596354	596686	333	"HS30'"	19	3.43709344356515	1	100	0	0.846846846846847	-Inf	"SD"	NA	NA
"ECK120002930"	"cusB"	"+"	596702	597925	1224	"HS30'"	32	1.57489111346019	7	188	0	0.522875816993464	-Inf	"SD"	NA	NA
"ECK120002932"	"ybdF"	"-"	604741	605109	369	"HS30'"	89	14.5293308211297	3	219	0	0.37940379403794	-Inf	"SD"	NA	NA
"ECK120002933"	"ybdJ"	"-"	605174	605422	249	"HS30'"	138	33.3857941461832	0	0	0	1	-Inf	"SD"	NA	NA
"ECK120002934"	"ybdK"	"-"	605488	606606	1119	"HS30'"	14	0.753667731240333	10	393	22.9007633587786	0.541554959785523	1.25599637734403	"AD"	NA	NA
"ECK120002938"	"ybdN"	"-"	634572	635792	1221	"HS30'"	23	1.13473419907175	8	285	0	0.588861588861589	-Inf	"SD"	NA	NA
"ECK120002939"	"ybdO"	"-"	635939	636841	903	"HS30'"	15	1.0006575596321	100	373	268.096514745308	0.394241417497231	4.32097974862999	"AD"	NA	NA
"ECK120002945"	"citT"	"-"	644340	645803	1464	"HS30'"	29	1.19327046967604	6	230	26.0869565217391	0.258196721311475	0.00811332086055154	"AD"	NA	NA
"ECK120002946"	"citG"	"-"	645854	646732	879	"HS30'"	2	0	28	175	137.142857142857	0.202502844141069	Inf	"AD"	NA	NA
"ECK120002947"	"citX"	"-"	646707	647258	552	"HS30'"	1	0	3	100	0	0.0760869565217391	NA	"NO"	NA	NA
"ECK120002948"	"citF"	"-"	647262	648794	1533	"HS30'"	2	0	6	128	0	0.0893672537508154	NA	"NO"	NA	NA
"ECK120002949"	"citE"	"-"	648805	649713	909	"HS30'"	1	0	46	127	314.96062992126	0.11001100110011	Inf	"AD"	NA	NA
"ECK120002950"	"citD"	"-"	649710	650006	297	"HS30'"	1	0.202826885824419	1	57	0	0.333333333333333	-Inf	"SD"	NA	NA
"ECK120002955"	"ybeM_2"	"+"	657478	658041	564	"HS30'"	24	2.56338659956818	0	0	0	0.898936170212766	-Inf	"SD"	NA	NA
"ECK120002956"	"cobC"	"-"	668519	669130	612	"HS30'"	9	0.885876251321357	4	57	0	0.418300653594771	-Inf	"SD"	NA	NA
"ECK120002957"	"nadD"	"-"	669154	669795	642	"HS30'"	30	2.81493388270338	0	0	0	0.699376947040498	-Inf	"SD"	NA	NA
"ECK120002965"	"rihA"	"-"	682700	683635	936	"HS30'"	39	2.50998271207718	2	41	0	0.803418803418803	-Inf	"SD"	2	5.88235294117647
"ECK120002966"	"gltI"	"-"	686062	686970	909	"HS30'"	2693	178.465569468616	4	142	0	1	-Inf	"SD"	4	12.1212121212121
"ECK120002967"	"insH-3"	"-"	687220	688236	1017	"HS30'"	0	0	0	0	0	0	NA	"NO"	NA	NA
"ECK120002968"	"ybeX"	"-"	690129	691007	879	"HS30'"	2422	165.984385765213	1	99	0	1	-Inf	"SD"	11	33.3333333333333
"ECK120002969"	"ybeY"	"-"	691097	691564	468	"HS30'"	351	45.1796888173892	1	100	0	1	-Inf	"SD"	NA	NA
"ECK120002970"	"ybeZ"	"-"	691561	692640	1080	"HS30'"	1221	68.1041975876941	0	0	0	1	-Inf	"SD"	36	92.3076923076923
"ECK120002973"	"chiP"	"+"	707557	708963	1407	"HS30'"	7	0.299699428307723	4	36	0	0.255863539445629	-Inf	"SD"	NA	NA
"ECK120002976"	"ybfO"	"+"	733443	734876	1434	"HS30'"	33	0	9	160	56.25	0.246861924686192	Inf	"AD"	NA	NA
"ECK120002977"	"ybfL"	"+"	736123	737184	1062	"HS30'"	1	0	0	0	0	0.0188323917137476	NA	"NO"	NA	NA
"ECK120002980"	"ybgJ"	"+"	742816	743472	657	"HS30'"	158	14.4868408587468	0	0	0	1	-Inf	"SD"	3	12.5
"ECK120002981"	"ybgK"	"+"	743466	744398	933	"HS30'"	243	15.6894096214728	4	178	0	1	-Inf	"SD"	1	2.94117647058824
"ECK120002982"	"ybgL"	"+"	744388	745122	735	"HS30'"	159	13.0314204480089	12	456	24.1228070175439	0.866666666666667	-2.56641891994041	"SD"	NA	NA
"ECK120002985"	"ybgO"	"-"	747144	748205	1062	"HS30'"	10	0.567227731542865	39	389	69.4087403598972	0.441619585687382	3.25095943506319	"AD"	NA	NA
"ECK120002986"	"ybgP"	"-"	748202	748930	729	"HS30'"	5	0.413165878531223	10	161	0	0.279835390946502	-Inf	"SD"	NA	NA
"ECK120002987"	"ybgQ"	"-"	748945	751392	2448	"HS30'"	6	0	10	102	0	0.0980392156862745	NA	"NO"	NA	NA
"ECK120002988"	"b0725"	"+"	757687	757947	261	"HS30'"	90	20.7722707206387	2	54	0	0.701149425287356	-Inf	"SD"	NA	NA
"ECK120002989"	"valZ"	"+"	780291	780366	76	"HS30'"	126	99.8708910700183	0	0	0	1	-Inf	"SD"	NA	NA
"ECK120002990"	"lysY"	"+"	780370	780445	76	"HS30'"	5	3.9631305980166	0	0	0	1	-Inf	"SD"	NA	NA
"ECK120002991"	"lysZ"	"+"	780592	780667	76	"HS30'"	339	268.700254545525	0	0	0	1	-Inf	"SD"	NA	NA
"ECK120002992"	"lysQ"	"+"	780800	780875	76	"HS30'"	129	102.248769428828	0	0	0	0.960526315789474	-Inf	"SD"	NA	NA
"ECK120003000"	"ybhI"	"+"	801110	802543	1434	"HS30'"	5	0	1	95	0	0.180613668061367	NA	"NO"	NA	NA
"ECK120003003"	"ybhL"	"+"	819107	819811	705	"HS30'"	718	61.3503859496652	2	155	0	1	-Inf	"SD"	NA	NA
"ECK120003006"	"clsB"	"-"	821721	822962	1242	"HS30'"	16	0.776033302284732	10	75	80	0.493558776167472	0.628843935924567	"AD"	NA	NA
"ECK120003010"	"ybhS"	"-"	825342	826475	1134	"HS30'"	15	0.79681990859593	3	323	0	0.468253968253968	-Inf	"SD"	NA	NA
"ECK120003011"	"ybhF"	"-"	826468	828204	1737	"HS30'"	52	1.80337272577566	1	37	0	0.804260218767991	-Inf	"SD"	NA	NA
"ECK120003012"	"ybhG"	"-"	828197	829195	999	"HS30'"	31	1.86929643421964	1	100	0	0.802802802802803	-Inf	"SD"	2	5.55555555555556
"ECK120003013"	"ybiX"	"-"	837753	838430	678	"HS30'"	17	1.51043207452432	20	418	43.0622009569378	0.572271386430678	1.25303560031125	"AD"	NA	NA
"ECK120003014"	"fiu"	"-"	838472	840754	2283	"HS30'"	9	0	31	245	53.0612244897959	0.151992991677617	Inf	"AD"	NA	NA
"ECK120003025"	"ybiV"	"-"	858436	859251	816	"HS30'"	121	8.93258553415702	4	67	0	0.883578431372549	-Inf	"SD"	2	6.66666666666667
"ECK120003026"	"ybiW"	"-"	859397	861829	2433	"HS30'"	22	0.544706482522298	13	161	0	0.313604603370325	-Inf	"SD"	NA	NA
"ECK120003029"	"gsiA"	"+"	866776	868614	1839	"HS30'"	95	3.11188721236322	5	127	0	0.799891245241979	-Inf	"SD"	2	2.89855072463768
"ECK120003030"	"gsiB"	"+"	868634	870172	1539	"HS30'"	69	2.70080011124094	10	133	60.1503759398496	0.827160493827161	-0.755314963467029	"SD"	3	5.35714285714286
"ECK120003031"	"gsiC"	"+"	870190	871110	921	"HS30'"	31	2.02760818434899	6	100	0	0.931596091205212	-Inf	"SD"	1	2.94117647058824
"ECK120003032"	"gsiD"	"+"	871113	872024	912	"HS30'"	11	0.72657394296971	2	97	0	0.509868421052632	-Inf	"SD"	NA	NA
"ECK120003033"	"yliE"	"+"	872202	874550	2349	"HS30'"	279	7.15489324822001	1	46	0	0.763303533418476	-Inf	"SD"	NA	NA
"ECK120003042"	"ybjI"	"-"	884539	885354	816	"HS30'"	83	6.12731073830605	1	57	0	0.920343137254902	-Inf	"SD"	0	0
"ECK120003047"	"ybjN"	"+"	892180	892656	477	"HS30'"	116	14.6494588478467	2	83	0	1	-Inf	"SD"	NA	NA
"ECK120003048"	"ybjO"	"+"	897212	897700	489	"HS30'"	24	2.95654405348968	15	198	65.6565656565657	0.946830265848671	-0.185400150644899	"SD"	NA	NA
"ECK120003054"	"ybjT"	"-"	906075	907505	1431	"HS30'"	81	3.40978783527466	16	101	59.4059405940594	0.776380153738644	-1.50664756845387	"SD"	NA	NA
"ECK120003055"	"ltaE"	"-"	907516	908517	1002	"HS30'"	269	16.1721041808087	2	60	0	0.957085828343313	-Inf	"SD"	5	13.8888888888889
"ECK120003056"	"hcr"	"-"	910405	911373	969	"HS30'"	47	2.92183746049851	41	128	320.3125	0.784313725490196	1.48874798533846	"AD"	0	0
"ECK120003057"	"hcp"	"-"	911385	913037	1653	"HS30'"	30	1.09327740634941	2	130	0	0.359951603145795	-Inf	"SD"	NA	NA
"ECK120003058"	"ybjE"	"-"	913181	914080	900	"HS30'"	92	6.15782425362935	21	444	38.2882882882883	0.993333333333333	-0.856885946606708	"SD"	NA	NA
"ECK120003064"	"ftsK"	"+"	932447	936436	3990	"HS30'"	347	5.23888120956861	16	121	57.8512396694215	0.791228070175439	-1.90383192242802	"SD"	0	0
"ECK120003065"	"lolA"	"+"	936592	937206	615	"HS30'"	1058	103.631676463518	3	37	0	1	-Inf	"SD"	16	72.7272727272727
"ECK120003070"	"ycaL"	"+"	959487	960251	765	"HS30'"	40	3.14978222692038	9	205	34.1463414634146	0.824836601307189	-1.16982525826681	"SD"	NA	NA
"ECK120003071"	"ycaQ"	"+"	968612	969844	1233	"HS30'"	59	2.88251055985506	0	0	0	0.752635847526358	-Inf	"SD"	NA	NA
"ECK120003072"	"ycaR"	"+"	969896	970078	183	"HS30'"	463	152.409442057932	1	98	0	1	-Inf	"SD"	NA	NA
"ECK120003074"	"ycbK"	"+"	982298	982846	549	"HS30'"	623	68.3593105846594	7	202	0	0.996357012750455	-Inf	"SD"	NA	NA
"ECK120003076"	"ssuC"	"-"	993264	994055	792	"HS30'"	8	0.608480657473256	0	0	0	0.5	-Inf	"SD"	NA	NA
"ECK120003077"	"ssuD"	"-"	994066	995211	1146	"HS30'"	4	0.210260331901753	2	76	0	0.260907504363002	-Inf	"SD"	NA	NA
"ECK120003078"	"ssuA"	"-"	995208	996167	960	"HS30'"	3	0	8	152	39.4736842105263	0.059375	Inf	"AD"	NA	NA
"ECK120003081"	"elfD"	"+"	997713	998414	702	"HS30'"	3	0.257434124315608	3	204	0	0.262108262108262	-Inf	"SD"	NA	NA
"ECK120003082"	"elfC"	"+"	998439	1001039	2601	"HS30'"	39	0.903246373896286	12	121	0	0.515955401768551	-Inf	"SD"	NA	NA
"ECK120003083"	"elfG"	"+"	1001030	1002100	1071	"HS30'"	18	1.01243000151012	9	198	0	0.596638655462185	-Inf	"SD"	NA	NA
"ECK120003084"	"ycbU"	"+"	1002112	1002654	543	"HS30'"	19	2.10783078583277	2	165	0	0.755064456721915	-Inf	"SD"	NA	NA
"ECK120003085"	"ycbV"	"+"	1002662	1003177	516	"HS30'"	19	2.21812425718448	6	162	0	0.63953488372093	-Inf	"SD"	NA	NA
"ECK120003089"	"uup"	"+"	1009187	1011094	1908	"HS30'"	89	2.80991775314301	0	0	0	0.756813417190776	-Inf	"SD"	18	25
"ECK120003090"	"pqiA"	"+"	1011224	1012477	1254	"HS30'"	129	6.19689511689868	2	100	0	0.949760765550239	-Inf	"SD"	NA	NA
"ECK120003091"	"pqiB"	"+"	1012482	1014122	1641	"HS30'"	152	5.57977875299058	2	46	0	0.896404631322364	-Inf	"SD"	1	1.63934426229508
"ECK120003092"	"ymbA"	"+"	1014134	1014682	549	"HS30'"	33	3.62095866660314	1	35	0	0.876138433515483	-Inf	"SD"	NA	NA
"ECK120003103"	"etp"	"-"	1043453	1043899	447	"HS30'"	8	1.07811337968416	3	129	0	0.527964205816555	-Inf	"SD"	NA	NA
"ECK120003104"	"gfcE"	"-"	1043887	1045026	1140	"HS30'"	49	2.58924532403751	5	159	0	0.590350877192982	-Inf	"SD"	NA	NA
"ECK120003105"	"gfcD"	"-"	1045072	1047168	2097	"HS30'"	28	0.804343530050484	12	170	0	0.407725321888412	-Inf	"SD"	NA	NA
"ECK120003106"	"gfcC"	"-"	1047168	1047914	747	"HS30'"	39	3.14503857898827	3	84	0	0.898259705488621	-Inf	"SD"	NA	NA
"ECK120003107"	"gfcB"	"-"	1047911	1048555	645	"HS30'"	26	2.42826234470722	1	100	0	0.550387596899225	-Inf	"SD"	NA	NA
"ECK120003112"	"ymcE"	"+"	1051070	1051300	231	"HS30'"	73	19.0367519980919	1	37	0	0.852813852813853	-Inf	"SD"	NA	NA
"ECK120003118"	"rutF"	"-"	1069083	1069577	495	"HS30'"	0	0	1	54	0	0	NA	"NO"	NA	NA
"ECK120003119"	"rutE"	"-"	1069588	1070178	591	"HS30'"	1	0	4	106	0	0.0879864636209814	NA	"NO"	NA	NA
"ECK120003120"	"rutD"	"-"	1070188	1070988	801	"HS30'"	4	0	6	101	0	0.239700374531835	NA	"NO"	NA	NA
"ECK120003121"	"rutC"	"-"	1070996	1071382	387	"HS30'"	3	0.466973527828312	0	0	0	0.467700258397933	-Inf	"SD"	NA	NA
"ECK120003122"	"rutB"	"-"	1071394	1072086	693	"HS30'"	2	0.17385161642093	3	77	0	0.261183261183261	-Inf	"SD"	NA	NA
"ECK120003124"	"efeU_1"	"+"	1080579	1080689	111	"HS30'"	5	2.71349482386722	0	0	0	1	-Inf	"SD"	NA	NA
"ECK120003125"	"efeO"	"+"	1081466	1082593	1128	"HS30'"	23	1.22828941229309	1	90	0	0.754432624113475	-Inf	"SD"	4	9.75609756097561
"ECK120003127"	"pgaC"	"-"	1085744	1087069	1326	"HS30'"	192	8.72247385916413	4	188	0	0.855957767722474	-Inf	"SD"	NA	NA
"ECK120003128"	"pgaB"	"-"	1087062	1089080	2019	"HS30'"	35	1.04427215361309	15	165	42.4242424242424	0.365032194155523	0.422929077427042	"AD"	NA	NA
"ECK120003136"	"ycdX"	"+"	1098102	1098839	738	"HS30'"	96	7.83604358892388	10	166	54.2168674698795	1	-2.12212851623552	"SD"	7	25.9259259259259
"ECK120003137"	"ycdY"	"+"	1098863	1099417	555	"HS30'"	181	19.6457025247987	18	297	60.6060606060606	1	-2.4481449474205	"SD"	3	14.2857142857143
"ECK120003140"	"csgF"	"-"	1100934	1101350	417	"HS30'"	2	0	10	327	24.4648318042813	0.158273381294964	Inf	"AD"	NA	NA
"ECK120003141"	"csgE"	"-"	1101375	1101764	390	"HS30'"	6	0.926762847536189	0	0	0	0.469230769230769	-Inf	"SD"	NA	NA
"ECK120003144"	"csgC"	"+"	1104184	1104516	333	"HS30'"	0	0	12	544	22.0588235294118	0	Inf	"AD"	NA	NA
"ECK120003145"	"ymdA"	"+"	1104637	1104948	312	"HS30'"	26	5.01996542415436	0	0	0	0.862179487179487	-Inf	"SD"	NA	NA
"ECK120003146"	"ymdB"	"+"	1105043	1105576	534	"HS30'"	21	2.36897244735374	4	175	0	1	-Inf	"SD"	NA	NA
"ECK120003149"	"b1052"	"-"	1113434	1113532	99	"HS30'"	19	11.5611324919919	0	0	0	0.0303030303030303	-Inf	"SD"	NA	NA
"ECK120003150"	"yceJ"	"-"	1117703	1118269	567	"HS30'"	35	3.71849290678101	15	193	41.4507772020725	0.758377425044092	-1.21664611501981	"SD"	NA	NA
"ECK120003151"	"yceO"	"-"	1118530	1118670	141	"HS30'"	0	0	1	100	0	0	NA	"NO"	NA	NA
"ECK120003152"	"solA"	"-"	1118691	1119809	1119	"HS30'"	91	4.89884025306216	3	60	0	0.801608579088472	-Inf	"SD"	10	24.390243902439
"ECK120003153"	"bssS"	"-"	1119924	1120178	255	"HS30'"	1082	255.604827714589	1	100	0	1	-Inf	"SD"	NA	NA
"ECK120003154"	"dinI"	"-"	1120465	1120710	246	"HS30'"	43	10.5296835726165	1	49	0	1	-Inf	"SD"	NA	NA
"ECK120003156"	"yceM"	"+"	1126029	1126952	924	"HS30'"	41	2.6729686024718	0	0	0	0.902597402597403	-Inf	"SD"	NA	NA
"ECK120003160"	"ycfL"	"+"	1161470	1161847	378	"HS30'"	61	9.72120288487035	1	70	0	1	-Inf	"SD"	NA	NA
"ECK120003161"	"lpoB"	"+"	1161861	1162502	642	"HS30'"	123	11.5412289190839	12	374	24.0641711229947	0.968847352024922	-2.6807280397917	"SD"	7	30.4347826086957
"ECK120003162"	"thiK"	"+"	1162483	1163307	825	"HS30'"	44	3.21277787145879	10	374	24.0641711229947	0.939393939393939	-0.835824331078877	"SD"	NA	NA
"ECK120003163"	"nagZ"	"+"	1163318	1164343	1026	"HS30'"	587	34.4645579412703	6	188	0	1	-Inf	"SD"	7	18.4210526315789
"ECK120003164"	"ycfP"	"+"	1164366	1164908	543	"HS30'"	720	79.8756929368207	4	156	0	1	-Inf	"SD"	6	28.5714285714286
"ECK120003170"	"lolD"	"+"	1175842	1176543	702	"HS30'"	34	2.91758674224356	1	100	0	0.816239316239316	-Inf	"SD"	3	12
"ECK120003171"	"lolE"	"+"	1176543	1177787	1245	"HS30'"	66	3.19342378789578	2	44	0	0.955020080321285	-Inf	"SD"	0	0
"ECK120003172"	"nagK"	"+"	1177816	1178727	912	"HS30'"	104	6.86942636989544	1	101	0	1	-Inf	"SD"	3	9.09090909090909
"ECK120003175"	"ymfA"	"-"	1180487	1180948	462	"HS30'"	4	0.52155484926279	1	48	0	0.305194805194805	-Inf	"SD"	NA	NA
"ECK120003176"	"nudJ"	"-"	1193050	1193511	462	"HS30'"	13	1.69505326010407	4	120	0	0.683982683982684	-Inf	"SD"	NA	NA
"ECK120003180"	"xisE"	"-"	1200010	1200255	246	"HS30'"	25	6.12190905384678	7	293	23.8907849829352	0.869918699186992	-2.12855478539495	"SD"	NA	NA
"ECK120003186"	"ymfL"	"+"	1202479	1203048	570	"HS30'"	17	1.79661920443419	1074	333	3225.22522522523	0.842105263157895	6.90156552277011	"AD"	NA	NA
"ECK120003187"	"ymfM"	"+"	1203045	1203383	339	"HS30'"	2	0	1	60	0	0.23598820058997	NA	"NO"	NA	NA
"ECK120003188"	"ymfN"	"+"	1203393	1204760	1368	"HS30'"	9	0.39631305980166	1	100	0	0.369152046783626	-Inf	"SD"	NA	NA
"ECK120003189"	"ymfR"	"+"	1204772	1204954	183	"HS30'"	0	0	0	0	0	0	NA	"NO"	NA	NA
"ECK120003190"	"ymfO"	"+"	1204954	1205427	474	"HS30'"	5	0.635438661285362	0	0	0	0.348101265822785	-Inf	"SD"	NA	NA
"ECK120003191"	"ymfP"	"+"	1205483	1206145	663	"HS30'"	4	0.363436410798506	0	0	0	0.262443438914027	-Inf	"SD"	NA	NA
"ECK120003192"	"ymfQ"	"+"	1206136	1206720	585	"HS30'"	3	0	0	0	0	0.215384615384615	NA	"NO"	NA	NA
"ECK120003196"	"ycgX"	"-"	1211926	1212330	405	"HS30'"	127	18.8899439664475	5	207	0	0.982716049382716	-Inf	"SD"	NA	NA
"ECK120003197"	"bluR"	"-"	1212551	1213282	732	"HS30'"	313	25.7581832419724	1	65	0	0.853825136612022	-Inf	"SD"	NA	NA
"ECK120003200"	"ymgA"	"+"	1215291	1215563	273	"HS30'"	116	25.5963072176662	1	100	0	1	-Inf	"SD"	NA	NA
"ECK120003201"	"ariR"	"+"	1215592	1215858	267	"HS30'"	14	3.15862992980499	0	0	0	0.913857677902622	-Inf	"SD"	NA	NA
"ECK120003202"	"ymgC"	"+"	1215971	1216219	249	"HS30'"	5	1.2096302226878	1	66	0	0.381526104417671	-Inf	"SD"	NA	NA
"ECK120003203"	"ycgG"	"+"	1216551	1218074	1524	"HS30'"	30	1.18581860413095	31	405	37.037037037037	0.53740157480315	1.33907916447625	"AD"	NA	NA
"ECK120003204"	"ycgH_1"	"+"	1220024	1220344	321	"HS30'"	13	2.43960936500959	1	61	0	0.763239875389408	-Inf	"SD"	NA	NA
"ECK120003207"	"ymgG"	"-"	1221867	1222142	276	"HS30'"	99	21.6076772604905	1	100	0	1	-Inf	"SD"	NA	NA
"ECK120003212"	"ycgM"	"+"	1227302	1227961	660	"HS30'"	227	20.7187663869644	3	148	0	1	-Inf	"SD"	NA	NA
"ECK120003221"	"dhaL"	"-"	1248348	1248980	633	"HS30'"	25	2.37913053277458	2	106	0	0.767772511848341	-Inf	"SD"	3	13.0434782608696
"ECK120003225"	"ychQ"	"+"	1266147	1266539	393	"HS30'"	162	24.8315846935269	5	171	0	0.651399491094148	-Inf	"SD"	NA	NA
"ECK120003227"	"ychG_1"	"-"	1294191	1294421	231	"HS30'"	5	1.30388712315698	7	263	26.615969581749	1	0.102607845569225	"AD"	NA	NA
"ECK120003230"	"yciO"	"+"	1322122	1322742	621	"HS30'"	116	11.2524828831286	10	154	0	0.927536231884058	-Inf	"SD"	13	56.5217391304348
"ECK120003231"	"yciQ"	"+"	1322770	1324665	1896	"HS30'"	58	1.84277211772755	7	243	0	0.489451476793249	-Inf	"SD"	NA	NA
"ECK120003232"	"yciS"	"+"	1338267	1338575	309	"HS30'"	440	85.7780499661327	0	0	0	1	-Inf	"SD"	NA	NA
"ECK120003233"	"yciT"	"-"	1341621	1342370	750	"HS30'"	200	16.0638893572939	5	142	0	1	-Inf	"SD"	4	14.2857142857143
"ECK120003234"	"gmr"	"-"	1342781	1344766	1986	"HS30'"	61	1.85025915935599	28	310	48.3870967741936	0.680765357502518	0.697235142556934	"AD"	NA	NA
"ECK120003235"	"yciW"	"-"	1347004	1348131	1128	"HS30'"	33	1.76232828720313	4	114	0	0.474290780141844	-Inf	"SD"	NA	NA
"ECK120003236"	"ycjD"	"-"	1349431	1349784	354	"HS30'"	17	2.89286143086861	0	0	0	0.65819209039548	-Inf	"SD"	NA	NA
"ECK120003237"	"ymjA"	"-"	1355447	1355692	246	"HS30'"	22	5.38727996738517	2	153	0	1	-Inf	"SD"	NA	NA
"ECK120003238"	"puuP"	"-"	1355826	1357211	1386	"HS30'"	30	1.30388712315698	1	100	0	0.564935064935065	-Inf	"SD"	NA	NA
"ECK120003242"	"ycjM"	"+"	1368240	1369919	1680	"HS30'"	9	0	2	43	0	0.180952380952381	NA	"NO"	NA	NA
"ECK120003243"	"ycjN"	"+"	1369933	1371225	1293	"HS30'"	5	0	0	0	0	0.208816705336427	NA	"NO"	NA	NA
"ECK120003244"	"ycjO"	"+"	1371246	1372127	882	"HS30'"	1	0	16	307	48.8599348534202	0.113378684807256	Inf	"AD"	NA	NA
"ECK120003245"	"ycjP"	"+"	1372114	1372956	843	"HS30'"	1	0	0	0	0	0.0462633451957295	NA	"NO"	NA	NA
"ECK120003246"	"ycjQ"	"+"	1372987	1374039	1053	"HS30'"	5	0	0	0	0	0.239316239316239	NA	"NO"	NA	NA
"ECK120003247"	"ycjR"	"+"	1374058	1374846	789	"HS30'"	12	0.916191408210681	5	144	0	0.432192648922687	-Inf	"SD"	NA	NA
"ECK120003248"	"ycjS"	"+"	1374856	1375911	1056	"HS30'"	1	0	4	146	0	0.0653409090909091	NA	"NO"	NA	NA
"ECK120003249"	"ycjT"	"+"	1375908	1378175	2268	"HS30'"	11	0.292167299818508	7	101	69.3069306930693	0.279541446208113	2.26056020534546	"AD"	NA	NA
"ECK120003250"	"ycjU"	"+"	1378172	1378831	660	"HS30'"	2	0	6	44	0	0.151515151515152	NA	"NO"	NA	NA
"ECK120003251"	"ycjV"	"+"	1378845	1379813	969	"HS30'"	6	0	2	149	0	0.232198142414861	NA	"NO"	NA	NA
"ECK120003264"	"abgB"	"-"	1399834	1401279	1446	"HS30'"	16	0.666551425613857	19	486	32.9218106995885	0.381742738589212	2.26328381393405	"AD"	NA	NA
"ECK120003271"	"intR"	"-"	1410024	1411259	1236	"HS30'"	206	10.0399308483087	3	71	0	0.744336569579288	-Inf	"SD"	NA	NA
"ECK120003272"	"ydaQ"	"-"	1411261	1411476	216	"HS30'"	2	0	9	313	28.7539936102236	0.0972222222222222	Inf	"AD"	NA	NA
"ECK120003277"	"ydaT"	"+"	1418708	1419130	423	"HS30'"	7	0.996872566498738	10	322	31.055900621118	0.394799054373522	1.00451900293264	"AD"	NA	NA
"ECK120003278"	"ydaU"	"+"	1419143	1420000	858	"HS30'"	7	0.491465146420706	3	145	0	0.407925407925408	-Inf	"SD"	NA	NA
"ECK120003279"	"ydaV"	"+"	1420007	1420753	747	"HS30'"	7	0.564494103920972	0	0	0	0.457831325301205	-Inf	"SD"	NA	NA
"ECK120003280"	"ydaW"	"+"	1420776	1421336	561	"HS30'"	17	1.82544197241977	1	89	0	0.716577540106952	-Inf	"SD"	NA	NA
"ECK120003281"	"rzpR"	"+"	1421369	1421668	300	"HS30'"	1	0	8	229	34.9344978165939	0.0133333333333333	Inf	"AD"	NA	NA
"ECK120003282"	"b1364"	"+"	1423202	1423483	282	"HS30'"	22	4.69954209920833	6	128	0	0.858156028368794	-Inf	"SD"	NA	NA
"ECK120003283"	"ynaK"	"+"	1423401	1423664	264	"HS30'"	9	2.05362221897224	1	100	0	0.84469696969697	-Inf	"SD"	NA	NA
"ECK120003284"	"ydaY"	"+"	1423645	1424004	360	"HS30'"	7	1.17132526563602	5	114	0	0.566666666666667	-Inf	"SD"	NA	NA
"ECK120003285"	""	"+"	1424079	1424312	234	"HS30'"	2	0.514868248631216	1	94	0	0.61965811965812	-Inf	"SD"	NA	NA
"ECK120003286"	"ynaA"	"+"	1424478	1425506	1029	"HS30'"	86	5.03460089186326	10	167	59.8802395209581	0.682215743440233	-1.33187741593784	"SD"	NA	NA
"ECK120003290"	"stfR"	"+"	1427073	1430435	3363	"HS30'"	22	0	14	180	50	0.246803449301219	Inf	"AD"	NA	NA
"ECK120003293"	"ynaE"	"-"	1432015	1432248	234	"HS30'"	0	0	0	0	0	0	NA	"NO"	NA	NA
"ECK120003294"	"uspF"	"-"	1433209	1433643	435	"HS30'"	64	8.86283550747252	171	1235	138.461538461538	0.958620689655172	1.94815608260492	"AD"	NA	NA
"ECK120003295"	"ompN"	"-"	1433784	1434917	1134	"HS30'"	38	2.01861043510969	0	0	0	0.504409171075838	-Inf	"SD"	NA	NA
"ECK120003299"	"ynbE"	"+"	1443711	1443896	186	"HS30'"	28	9.06832463718207	0	0	0	1	-Inf	"SD"	NA	NA
"ECK120003304"	"paaB"	"+"	1452892	1453179	288	"HS30'"	1	0.209165226006432	0	0	0	0.274305555555556	-Inf	"SD"	NA	NA
"ECK120003305"	"paaC"	"+"	1453188	1453934	747	"HS30'"	5	0.403210074229266	2	46	0	0.287817938420348	-Inf	"SD"	NA	NA
"ECK120003306"	"paaD"	"+"	1453949	1454446	498	"HS30'"	7	0.846741155881458	3	100	0	0.303212851405622	-Inf	"SD"	NA	NA
"ECK120003307"	"paaE"	"+"	1454454	1455524	1071	"HS30'"	4	0	2	100	0	0.237161531279178	NA	"NO"	NA	NA
"ECK120003308"	"paaF"	"+"	1455521	1456288	768	"HS30'"	1	0	2	37	0	0.0611979166666667	NA	"NO"	NA	NA
"ECK120003309"	"paaG"	"+"	1456288	1457076	789	"HS30'"	2	0	3	81	0	0.126742712294043	NA	"NO"	NA	NA
"ECK120003310"	"paaH"	"+"	1457078	1458505	1428	"HS30'"	15	0.632768750943827	0	0	0	0.59593837535014	-Inf	"SD"	NA	NA
"ECK120003311"	"paaI"	"+"	1458495	1458917	423	"HS30'"	4	0	1	62	0	0.24113475177305	NA	"NO"	NA	NA
"ECK120003312"	"paaJ"	"+"	1458917	1460122	1206	"HS30'"	24	1.19879771323089	4	42	0	0.840796019900497	-Inf	"SD"	NA	NA
"ECK120003313"	"paaK"	"+"	1460149	1461462	1314	"HS30'"	33	1.5128662922109	24	118	127.118644067797	0.736681887366819	0.987678013555327	"AD"	NA	NA
"ECK120003314"	"paaX"	"+"	1461563	1462513	951	"HS30'"	99	6.27099781692469	1	40	0	0.911671924290221	-Inf	"SD"	2	5.71428571428571
"ECK120003320"	"ynbA"	"+"	1475645	1476250	606	"HS30'"	2	0	1	47	0	0.151815181518152	NA	"NO"	NA	NA
"ECK120003321"	"ynbB"	"+"	1476250	1477146	897	"HS30'"	11	0.738724008905658	0	0	0	0.32329988851728	-Inf	"SD"	NA	NA
"ECK120003322"	"ynbC"	"+"	1477162	1478919	1758	"HS30'"	39	1.3363730480684	4	63	0	0.676905574516496	-Inf	"SD"	NA	NA
"ECK120003339"	"ydcR"	"+"	1508027	1509433	1407	"HS30'"	126	5.39458970953901	3	64	0	0.878464818763326	-Inf	"SD"	NA	NA
"ECK120003340"	"ydcS"	"+"	1509678	1510823	1146	"HS30'"	10	0.525650829754383	1	100	0	0.325479930191972	-Inf	"SD"	NA	NA
"ECK120003341"	"ydcT"	"+"	1510841	1511854	1014	"HS30'"	7	0	2	59	0	0.168639053254438	NA	"NO"	NA	NA
"ECK120003342"	"ydcU"	"+"	1511855	1512796	942	"HS30'"	15	0.959229061940323	22	296	70.945945945946	0.544585987261146	2.13044205376596	"AD"	NA	NA
"ECK120003343"	"ydcV"	"+"	1512786	1513580	795	"HS30'"	7	0.530411441042725	0	0	0	0.452830188679245	-Inf	"SD"	NA	NA
"ECK120003355"	"yncH"	"+"	1524964	1525176	213	"HS30'"	0	0	0	0	0	0	NA	"NO"	NA	NA
"ECK120003356"	"yncI"	"+"	1528610	1529356	747	"HS30'"	6	0.483852089075119	2	44	0	0.461847389558233	-Inf	"SD"	NA	NA
"ECK120003357"	"yncM"	"+"	1529400	1529600	201	"HS30'"	2	0.599398856615446	1	44	0	0.616915422885572	-Inf	"SD"	NA	NA
"ECK120003360"	"yddJ"	"-"	1542408	1542743	336	"HS30'"	15	2.68926719151126	5	102	0	0.449404761904762	-Inf	"SD"	NA	NA
"ECK120003361"	"yddK"	"-"	1542782	1543738	957	"HS30'"	0	0	3	147	0	0	NA	"NO"	NA	NA
"ECK120003362"	"yddL"	"-"	1543762	1544052	291	"HS30'"	0	0	0	0	0	0	NA	"NO"	NA	NA
"ECK120003364"	"adhP"	"-"	1550852	1551862	1011	"HS30'"	3	0	0	0	0	0.192878338278932	NA	"NO"	NA	NA
"ECK120003367"	"ddpD"	"-"	1556055	1557041	987	"HS30'"	2	0	3	91	0	0.170212765957447	NA	"NO"	NA	NA
"ECK120003368"	"ddpC"	"-"	1557038	1557934	897	"HS30'"	8	0.53725382465866	1	100	0	0.535117056856187	-Inf	"SD"	NA	NA
"ECK120003369"	"ddpB"	"-"	1557931	1558953	1023	"HS30'"	6	0	1	58	0	0.240469208211144	NA	"NO"	NA	NA
"ECK120003370"	"ddpA"	"-"	1558955	1560505	1551	"HS30'"	6	0	10	296	23.6486486486486	0.223081882656351	Inf	"AD"	NA	NA
"ECK120003371"	"ddpX"	"-"	1560519	1561100	582	"HS30'"	6	0.621026650410848	0	0	0	0.549828178694158	-Inf	"SD"	NA	NA
"ECK120003372"	"dosP"	"-"	1561358	1563757	2400	"HS30'"	13	0	7	186	0	0.21375	NA	"NO"	NA	NA
"ECK120003373"	"dosC"	"-"	1563782	1565164	1383	"HS30'"	13	0.566243388407867	7	146	0	0.360809833694866	-Inf	"SD"	NA	NA
"ECK120003374"	"yddW"	"-"	1565528	1566847	1320	"HS30'"	302	13.7820868917692	7	58	0	0.656818181818182	-Inf	"SD"	NA	NA
"ECK120003375"	"gadC"	"-"	1566978	1568513	1536	"HS30'"	9	0.352966318885853	14	199	45.2261306532663	0.299479166666667	2.35039447770409	"AD"	NA	NA
"ECK120003376"	"ydeM"	"-"	1577657	1578814	1158	"HS30'"	14	0	30	113	70.7964601769911	0.239205526770294	Inf	"AD"	NA	NA
"ECK120003377"	"ydeN"	"-"	1578866	1580548	1683	"HS30'"	24	0.859031516432831	40	93	236.559139784946	0.279857397504456	2.35672055622902	"AD"	16	25.3968253968254
"ECK120003378"	"ydeO"	"-"	1580950	1581711	762	"HS30'"	4	0	2	58	0	0.248031496062992	NA	"NO"	NA	NA
"ECK120003379"	"safA"	"-"	1581786	1581983	198	"HS30'"	1	0	0	0	0	0.191919191919192	NA	"NO"	NA	NA
"ECK120003380"	"ydeP"	"-"	1582231	1584510	2280	"HS30'"	117	3.09124186645295	16	235	59.5744680851064	0.695614035087719	-0.142759711490768	"SD"	NA	NA
"ECK120003381"	"ydeQ"	"-"	1584844	1585758	915	"HS30'"	11	0.724191733320629	18	215	51.1627906976744	0.385792349726776	1.60305991015433	"AD"	NA	NA
"ECK120003382"	"ydeR"	"-"	1585817	1586320	504	"HS30'"	6	0.717137917736337	9	192	46.875	0.708333333333333	1.327674401204	"AD"	NA	NA
"ECK120003383"	"ydeS"	"-"	1586333	1586863	531	"HS30'"	21	2.38235647248003	72	443	162.528216704289	0.870056497175141	2.59560760645064	"AD"	NA	NA
"ECK120003384"	"ydeT"	"-"	1586877	1588025	1149	"HS30'"	58	3.04081456502301	81	443	162.528216704289	0.919930374238468	2.24353906594378	"AD"	NA	NA
"ECK120003385"	"yneL"	"-"	1588381	1588560	180	"HS30'"	14	4.68530106254407	1	100	0	1	-Inf	"SD"	NA	NA
"ECK120003386"	"ydeU"	"-"	1590689	1592089	1401	"HS30'"	120	5.15970750234281	1	57	0	0.930049964311206	-Inf	"SD"	NA	NA
"ECK120003387"	"lsrK"	"-"	1596641	1598233	1593	"HS30'"	53	2.00420465145146	7	102	0	0.530445699937225	-Inf	"SD"	NA	NA
"ECK120003390"	"lsrC"	"+"	1601043	1602071	1029	"HS30'"	12	0.702502450027432	0	0	0	0.540330417881438	-Inf	"SD"	NA	NA
"ECK120003391"	"lsrD"	"+"	1602071	1603063	993	"HS30'"	11	0.667306582062815	8	96	0	0.550855991943605	-Inf	"SD"	NA	NA
"ECK120003392"	"lsrB"	"+"	1603075	1604097	1023	"HS30'"	7	0.412196574417367	4	64	0	0.251221896383187	-Inf	"SD"	NA	NA
"ECK120003393"	"lsrF"	"+"	1604124	1604999	876	"HS30'"	27	1.85669954044065	6	149	40.2684563758389	0.808219178082192	-0.629705964858207	"SD"	NA	NA
"ECK120003394"	"lsrG"	"+"	1605023	1605313	291	"HS30'"	7	1.44906218429198	2	83	0	0.463917525773196	-Inf	"SD"	NA	NA
"ECK120003397"	"yneF"	"-"	1608931	1609878	948	"HS30'"	31	1.96985984998462	14	254	55.1181102362205	0.530590717299578	0.507333837551919	"AD"	NA	NA
"ECK120003398"	"yneG"	"-"	1609990	1610349	360	"HS30'"	11	1.8406539888566	17	269	33.457249070632	0.6	-0.0322215438823821	"SD"	NA	NA
"ECK120003399"	"yneH"	"-"	1610349	1611275	927	"HS30'"	90	5.84850340678178	10	218	36.697247706422	0.944983818770227	-1.86999559072121	"SD"	0	0
"ECK120003402"	"yneK"	"+"	1613787	1614902	1116	"HS30'"	8	0.431824982722956	20	231	73.5930735930736	0.28494623655914	2.97701613006246	"AD"	NA	NA
"ECK120003403"	"ydfH"	"+"	1626376	1627062	687	"HS30'"	235	20.6059716100659	4	144	0	0.972343522561863	-Inf	"SD"	2	7.40740740740741
"ECK120003410"	"ydfN"	"-"	1632909	1633871	963	"HS30'"	0	0	4	100	0	0	NA	"NO"	NA	NA
"ECK120003413"	"ynfN"	"-"	1635978	1636133	156	"HS30'"	0	0	0	0	0	0	NA	"NO"	NA	NA
"ECK120003414"	"cspI"	"-"	1636479	1636691	213	"HS30'"	2	0	0	0	0	0.234741784037559	NA	"NO"	NA	NA
"ECK120003415"	"ydfP"	"-"	1637054	1637551	498	"HS30'"	6	0.725778133612678	0	0	0	0.463855421686747	-Inf	"SD"	NA	NA
"ECK120003416"	"rrrQ"	"-"	1637548	1638081	534	"HS30'"	2	0	2	126	0	0.226591760299625	NA	"NO"	NA	NA
"ECK120003417"	"ydfR"	"-"	1638078	1638389	312	"HS30'"	7	1.35152915265694	1	72	0	0.365384615384615	-Inf	"SD"	NA	NA
"ECK120003418"	"essQ"	"-"	1638394	1638609	216	"HS30'"	6	1.67332180805145	0	0	0	0.49537037037037	-Inf	"SD"	NA	NA
"ECK120003420"	"ydfU"	"-"	1641279	1642328	1050	"HS30'"	6	0.344226200513442	1	49	0	0.301904761904762	-Inf	"SD"	NA	NA
"ECK120003425"	"insD"	"+"	1648905	1649561	657	"HS30'"	2	0	0	0	0	0.0837138508371385	NA	"NO"	NA	NA
"ECK120003428"	"rspA"	"-"	1651951	1653165	1215	"HS30'"	2	0	9	100	60	0.100411522633745	Inf	"AD"	NA	NA
"ECK120003434"	"ynfE"	"+"	1656093	1658519	2427	"HS30'"	11	0.273026549644984	18	358	22.3463687150838	0.274412855377009	2.55095875149676	"AD"	8	8.88888888888889
"ECK120003435"	"ynfF"	"+"	1658580	1661003	2424	"HS30'"	28	0.695836791466941	22	215	79.0697674418605	0.469884488448845	2.28871387964862	"AD"	12	13.3333333333333
"ECK120003436"	"ynfG"	"+"	1661014	1661631	618	"HS30'"	4	0.389900227118785	1	82	0	0.451456310679612	-Inf	"SD"	4	17.3913043478261
"ECK120003437"	"ynfH"	"+"	1661633	1662487	855	"HS30'"	102	7.18647681773677	0	0	0	0.893567251461988	-Inf	"SD"	NA	NA
"ECK120003438"	"dmsD"	"+"	1662530	1663144	615	"HS30'"	113	11.068411569355	0	0	0	1	-Inf	"SD"	6	26.0869565217391
"ECK120003441"	"mlc"	"-"	1665368	1666588	1221	"HS30'"	141	6.95641400300506	13	260	26.9230769230769	0.931203931203931	-2.31291696837086	"SD"	NA	NA
"ECK120003450"	"ydgI"	"+"	1677581	1678963	1383	"HS30'"	1254	54.6207083894973	4	95	0	1	-Inf	"SD"	NA	NA
"ECK120003456"	"uidR"	"-"	1694486	1695076	591	"HS30'"	196	19.9779334646549	6	172	34.8837209302326	1	-4.05730104623359	"SD"	5	22.7272727272727
"ECK120003458"	"cnu"	"+"	1702973	1703188	216	"HS30'"	192	53.5462978576465	7	284	24.6478873239437	1	-5.25728809951715	"SD"	NA	NA
"ECK120003459"	"ydgK"	"+"	1703274	1703714	441	"HS30'"	785	107.229193413909	0	0	0	1	-Inf	"SD"	NA	NA
"ECK120003460"	"rsxA"	"+"	1703791	1704372	582	"HS30'"	307	31.7758636126884	1	100	0	1	-Inf	"SD"	NA	NA
"ECK120003461"	"rsxB"	"+"	1704372	1704950	579	"HS30'"	122	12.6929695698825	0	0	0	0.937823834196891	-Inf	"SD"	NA	NA
"ECK120003462"	"rsxC"	"+"	1704943	1707165	2223	"HS30'"	44	1.1923264705144	59	226	238.938053097345	0.44174538911381	3.17918009353609	"AD"	NA	NA
"ECK120003463"	"rsxD"	"+"	1707166	1708224	1059	"HS30'"	6	0.341300765381599	4	100	0	0.353163361661945	-Inf	"SD"	NA	NA
"ECK120003464"	"rsxG"	"+"	1708228	1708848	621	"HS30'"	3	0.291012488356774	1	45	0	0.27536231884058	-Inf	"SD"	2	9.09090909090909
"ECK120003465"	"rsxE"	"+"	1708852	1709547	696	"HS30'"	15	1.29826692003992	2	75	0	0.586206896551724	-Inf	"SD"	NA	NA
"ECK120003466"	"tppB"	"+"	1710793	1712295	1503	"HS30'"	383	15.3504731133822	62	392	140.30612244898	1	-0.480779597501004	"SD"	NA	NA
"ECK120003473"	"ydhJ"	"+"	1719288	1720145	858	"HS30'"	122	8.5655354090466	10	170	58.8235294117647	1	-2.09854342819305	"SD"	5	16.1290322580645
"ECK120003476"	"ydhF"	"-"	1722760	1723656	897	"HS30'"	29	1.94754511438764	0	0	0	0.663322185061315	-Inf	"SD"	2	5.88235294117647
"ECK120003479"	"nemA"	"+"	1724683	1725780	1098	"HS30'"	71	3.89527371710338	0	0	0	0.793260473588342	-Inf	"SD"	5	12.5
"ECK120003480"	"gloA"	"+"	1725861	1726268	408	"HS30'"	588	86.815872629493	0	0	0	1	-Inf	"SD"	2	13.3333333333333
"ECK120003484"	"ydhR"	"+"	1744724	1745029	306	"HS30'"	70	13.7802972427767	12	332	36.144578313253	0.941176470588235	-2.52150069654823	"SD"	1	9.09090909090909
"ECK120003487"	"ydhU"	"-"	1747587	1748372	786	"HS30'"	16	1.22625109597664	0	0	0	0.468193384223919	-Inf	"SD"	NA	NA
"ECK120003488"	"ydhX"	"-"	1748369	1749088	720	"HS30'"	18	1.50598962724631	15	316	47.4683544303797	0.469444444444444	0.994250667478808	"AD"	NA	NA
"ECK120003489"	"ydhW"	"-"	1749101	1749748	648	"HS30'"	9	0.836660904025726	2	43	0	0.753086419753086	-Inf	"SD"	NA	NA
"ECK120003490"	"ydhV"	"-"	1749752	1751854	2103	"HS30'"	28	0.802048684030368	17	135	44.4444444444444	0.472658107465525	0.581272690378262	"AD"	0	0
"ECK120003491"	"ydhY"	"-"	1751875	1752501	627	"HS30'"	18	1.72936607913452	2	100	0	0.5311004784689	-Inf	"SD"	NA	NA
"ECK120003494"	"sufE"	"-"	1756898	1757314	417	"HS30'"	13	1.87797267666206	8	321	21.8068535825545	0.573141486810552	-0.423749245655893	"SD"	NA	NA
"ECK120003495"	"sufS"	"-"	1757327	1758547	1221	"HS30'"	20	0.986725390497171	9	301	19.9335548172757	0.615069615069615	0.282313867804127	"AD"	NA	NA
"ECK120003496"	"sufD"	"-"	1758544	1759815	1272	"HS30'"	6	0.284148986272888	7	116	0	0.314465408805031	-Inf	"SD"	NA	NA
"ECK120003497"	"sufC"	"-"	1759790	1760536	747	"HS30'"	7	0.564494103920972	2	92	0	0.342704149933066	-Inf	"SD"	2	7.14285714285714
"ECK120003498"	"sufB"	"-"	1760546	1762033	1488	"HS30'"	19	0.769188250475265	5	50	0	0.391801075268817	-Inf	"SD"	NA	NA
"ECK120003499"	"ydiH"	"-"	1762958	1763227	270	"HS30'"	42	9.37060212508814	0	0	0	0.788888888888889	-Inf	"SD"	NA	NA
"ECK120003500"	"menI"	"-"	1763246	1763656	411	"HS30'"	60	8.79410001311712	1	79	0	0.965936739659367	-Inf	"SD"	0	0
"ECK120003503"	"ydiL"	"+"	1768639	1768995	357	"HS30'"	5	0.843691667925102	2	98	0	0.411764705882353	-Inf	"SD"	NA	NA
"ECK120003504"	"ydiM"	"+"	1769095	1770309	1215	"HS30'"	8	0	11	472	16.9491525423729	0.168724279835391	Inf	"AD"	NA	NA
"ECK120003505"	"ydiN"	"+"	1770536	1771801	1266	"HS30'"	6	0	6	125	0	0.185624012638231	NA	"NO"	NA	NA
"ECK120003509"	"ydiR"	"+"	1778425	1779363	939	"HS30'"	11	0.705682040456204	2	146	0	0.357827476038339	-Inf	"SD"	NA	NA
"ECK120003510"	"ydiS"	"+"	1779419	1780708	1290	"HS30'"	10	0	3	100	0	0.234108527131783	NA	"NO"	NA	NA
"ECK120003511"	"ydiT"	"+"	1780705	1780998	294	"HS30'"	10	2.04896547924668	3	104	0	0.812925170068027	-Inf	"SD"	NA	NA
"ECK120003513"	"ydiV"	"-"	1789331	1790044	714	"HS30'"	59	4.9777808407581	0	0	0	0.750700280112045	-Inf	"SD"	NA	NA
"ECK120003515"	"arpB_2"	"+"	1801602	1803017	1416	"HS30'"	6	0.255252479194289	15	269	29.7397769516729	0.252118644067797	2.64807502634477	"AD"	NA	NA
"ECK120003517"	"ydiZ"	"+"	1805424	1805714	291	"HS30'"	22	4.55419543634622	6	158	37.9746835443038	0.804123711340206	-1.92416179802493	"SD"	NA	NA
"ECK120003521"	"ydjM"	"+"	1808235	1808825	591	"HS30'"	22	2.24242110317555	0	0	0	0.676818950930626	-Inf	"SD"	NA	NA
"ECK120003527"	"spy"	"-"	1823164	1823649	486	"HS30'"	1206	149.483414852596	8	84	83.3333333333333	1	-6.73841478925377	"SD"	NA	NA
"ECK120003528"	"astE"	"-"	1823979	1824947	969	"HS30'"	15	0.932501317180376	0	0	0	0.476780185758514	-Inf	"SD"	NA	NA
"ECK120003529"	"astB"	"-"	1824940	1826283	1344	"HS30'"	2	0	1	65	0	0.0706845238095238	NA	"NO"	NA	NA
"ECK120003530"	"astD"	"-"	1826280	1827758	1479	"HS30'"	15	0.610949138842315	0	0	0	0.339418526031102	-Inf	"SD"	NA	NA
"ECK120003531"	"astA"	"-"	1827755	1828789	1035	"HS30'"	4	0	3	111	0	0.209661835748792	NA	"NO"	NA	NA
"ECK120003533"	"ydjX"	"+"	1831425	1832135	711	"HS30'"	7	0.593076083866338	7	206	29.126213592233	0.340365682137834	1.0167453052659	"AD"	NA	NA
"ECK120003534"	"ydjY"	"+"	1832140	1832817	678	"HS30'"	20	1.77697891120508	2	51	0	0.820058997050148	-Inf	"SD"	6	25
"ECK120003535"	"ydjZ"	"+"	1832832	1833539	708	"HS30'"	38	3.23319806979433	0	0	0	0.614406779661017	-Inf	"SD"	NA	NA
"ECK120003536"	"ynjA"	"+"	1833539	1834087	549	"HS30'"	19	2.08479438380181	0	0	0	0.790528233151184	-Inf	"SD"	2	9.52380952380952
"ECK120003537"	"ynjB"	"+"	1834097	1835263	1167	"HS30'"	14	0.72266854435127	2	99	0	0.500428449014567	-Inf	"SD"	2	4.65116279069767
"ECK120003538"	"ynjC"	"+"	1835281	1836771	1491	"HS30'"	23	0	0	0	0	0.146881287726358	NA	"NO"	NA	NA
"ECK120003539"	"ynjD"	"+"	1836771	1837424	654	"HS30'"	49	4.51336340887273	7	162	0	0.409785932721713	-Inf	"SD"	2	8.33333333333333
"ECK120003545"	"ydjF"	"-"	1852120	1852878	759	"HS30'"	67	5.31759183270106	3	80	0	0.99604743083004	-Inf	"SD"	3	10.7142857142857
"ECK120003546"	"ydjG"	"-"	1853015	1853995	981	"HS30'"	40	2.45625219530489	5	53	0	0.871559633027523	-Inf	"SD"	NA	NA
"ECK120003547"	"ydjH"	"-"	1854005	1854952	948	"HS30'"	11	0	0	0	0	0.130801687763713	NA	"NO"	NA	NA
"ECK120003548"	"ydjI"	"-"	1854957	1855793	837	"HS30'"	29	2.08715408316095	2	91	0	0.58183990442055	-Inf	"SD"	NA	NA
"ECK120003549"	"ydjJ"	"-"	1855814	1856857	1044	"HS30'"	21	1.21171579203726	1	50	0	0.492337164750958	-Inf	"SD"	NA	NA
"ECK120003550"	"ydjK"	"-"	1856874	1858253	1380	"HS30'"	3	0	1	100	0	0.0521739130434783	NA	"NO"	NA	NA
"ECK120003551"	"ydjL"	"-"	1858280	1859356	1077	"HS30'"	6	0.335596574316726	5	93	0	0.348189415041783	-Inf	"SD"	NA	NA
"ECK120003552"	"yeaC"	"-"	1859726	1859998	273	"HS30'"	276	60.9015585523781	0	0	0	1	-Inf	"SD"	NA	NA
"ECK120003557"	"yeaH"	"+"	1866979	1868262	1284	"HS30'"	17	0.797564600099291	14	187	64.1711229946524	0.402647975077882	1.58936112357605	"AD"	NA	NA
"ECK120003558"	"yeaI"	"+"	1868409	1869884	1476	"HS30'"	15	0.612190905384678	19	136	0	0.390243902439024	-Inf	"SD"	NA	NA
"ECK120003569"	"yoaG"	"-"	1877427	1877609	183	"HS30'"	7	2.304246424202	0	0	0	0.923497267759563	-Inf	"SD"	NA	NA
"ECK120003570"	"yeaR"	"-"	1877613	1877972	360	"HS30'"	4	0.669328723220581	0	0	0	0.55	-Inf	"SD"	NA	NA
"ECK120003571"	"leuE"	"-"	1878145	1878783	639	"HS30'"	124	11.6896847435707	8	329	21.2765957446809	0.945226917057903	-3.06173729039935	"SD"	NA	NA
"ECK120003574"	"yeaV"	"+"	1881212	1882657	1446	"HS30'"	3	0	7	104	0	0.0954356846473029	NA	"NO"	NA	NA
"ECK120003575"	"yeaW"	"+"	1882689	1883813	1125	"HS30'"	3	0	4	159	0	0.186666666666667	NA	"NO"	NA	NA
"ECK120003577"	"yeaY"	"-"	1887975	1888556	582	"HS30'"	55	5.69274429543278	2	93	0	0.905498281786942	-Inf	"SD"	NA	NA
"ECK120003578"	"tsaB"	"-"	1888596	1889291	696	"HS30'"	304	26.3115429128091	0	0	0	0.847701149425287	-Inf	"SD"	4	16
"ECK120003585"	"yobD"	"+"	1902825	1903283	459	"HS30'"	35	4.59343241425889	8	131	0	0.928104575163399	-Inf	"SD"	NA	NA
"ECK120003587"	"yobF"	"-"	1905472	1905615	144	"HS30'"	491	205.400251938316	21	293	71.6723549488055	1	-5.61190481311069	"SD"	NA	NA
"ECK120003588"	"yebO"	"-"	1906285	1906572	288	"HS30'"	621	129.891605349994	24	256	93.75	1	-4.75812997907408	"SD"	NA	NA
"ECK120003594"	"yebT"	"+"	1915534	1918167	2634	"HS30'"	33	0.754710063768081	45	108	388.888888888889	0.506833712984055	3.47639491065975	"AD"	NA	NA
"ECK120003595"	"rsmF"	"+"	1918247	1919686	1440	"HS30'"	48	2.00798616966174	10	143	55.9440559440559	0.456944444444444	-0.327677427408549	"SD"	2	3.77358490566038
"ECK120003596"	"yebV"	"+"	1919804	1920040	237	"HS30'"	9	2.2875791806273	1	101	0	0.856540084388186	-Inf	"SD"	NA	NA
"ECK120003599"	"yebY"	"-"	1921389	1921730	342	"HS30'"	1156	203.616843169208	221	530	416.981132075472	1	-2.20373863124042	"SD"	NA	NA
"ECK120003600"	"yebZ"	"-"	1921743	1922615	873	"HS30'"	353	24.3580452883366	1	67	0	0.997709049255441	-Inf	"SD"	NA	NA
"ECK120003602"	"yobB"	"+"	1923464	1924120	657	"HS30'"	85	7.79355362654101	10	221	27.1493212669683	0.873668188736682	-2.69924689811129	"SD"	NA	NA
"ECK120003606"	"yecN"	"+"	1950290	1950685	396	"HS30'"	154	23.4265053127203	0	0	0	1	-Inf	"SD"	NA	NA
"ECK120003607"	"cmoA"	"+"	1950726	1951469	744	"HS30'"	115	9.31122618996373	4	47	0	1	-Inf	"SD"	7	25
"ECK120003610"	"torY"	"-"	1955056	1956156	1101	"HS30'"	12	0	6	227	26.431718061674	0.209809264305177	Inf	"AD"	NA	NA
"ECK120003611"	"cutC"	"-"	1956544	1956984	441	"HS30'"	106	14.4793560533432	0	0	0	0.952380952380952	-Inf	"SD"	8	29.6296296296296
"ECK120003615"	"flhB"	"-"	1963067	1964215	1149	"HS30'"	20	1.04855674655966	0	0	0	0.399477806788512	-Inf	"SD"	NA	NA
"ECK120003616"	"insB-5"	"-"	1976542	1977045	504	"HS30'"	0	0	0	0	0	0	NA	"NO"	NA	NA
"ECK120003623"	"yecS"	"-"	1995835	1996503	669	"HS30'"	73	6.57322826839943	3	73	0	0.869955156950673	-Inf	"SD"	NA	NA
"ECK120003624"	"dcyD"	"-"	1996518	1997504	987	"HS30'"	108	6.59156554174676	0	0	0	1	-Inf	"SD"	7	20
"ECK120003625"	"fliY"	"-"	1997609	1998409	801	"HS30'"	247	18.5757522062341	0	0	0	1	-Inf	"SD"	67	231.034482758621
"ECK120003628"	"yedN_1"	"-"	2009573	2009893	321	"HS30'"	3	0	1	100	0	0.246105919003115	NA	"NO"	NA	NA
"ECK120003636"	"yodC"	"-"	2026212	2026394	183	"HS30'"	66	21.7257519996189	0	0	0	1	-Inf	"SD"	NA	NA
"ECK120003638"	"yedS_1"	"+"	2032075	2032560	486	"HS30'"	23	2.85084456186544	3	100	0	0.886831275720165	-Inf	"SD"	NA	NA
"ECK120003639"	"yedS_2"	"+"	2032570	2032779	210	"HS30'"	9	2.58169650385081	3	133	0	0.766666666666667	-Inf	"SD"	NA	NA
"ECK120003640"	"yedS_3"	"+"	2032863	2033267	405	"HS30'"	30	4.46219148813721	20	376	53.1914893617021	0.849382716049383	-0.15775242596624	"SD"	NA	NA
"ECK120003645"	"yedY"	"+"	2037502	2038506	1005	"HS30'"	140	8.39158399261624	2	96	0	0.808955223880597	-Inf	"SD"	NA	NA
"ECK120003646"	"yedZ"	"+"	2038507	2039142	636	"HS30'"	48	4.54638378036621	5	100	0	0.908805031446541	-Inf	"SD"	NA	NA
"ECK120003647"	"zinT"	"+"	2039399	2040049	651	"HS30'"	27	2.49841597146853	3	186	0	0.612903225806452	-Inf	"SD"	NA	NA
"ECK120003665"	"yeeP"	"+"	2068810	2069235	426	"HS30'"	12	1.69688972084091	39	388	90.2061855670103	0.699530516431925	2.04446211343258	"AD"	NA	NA
"ECK120003666"	"flu"	"+"	2069563	2072682	3120	"HS30'"	1913	36.9353609861819	17	222	58.5585585585586	1	-3.82841914947248	"SD"	35	32.7102803738318
"ECK120003667"	"yeeR"	"+"	2072803	2074335	1533	"HS30'"	70	2.750665985838	2	133	0	0.915198956294847	-Inf	"SD"	0	0
"ECK120003668"	"yeeS"	"+"	2074332	2074778	447	"HS30'"	28	3.77339682889455	1	100	0	0.718120805369127	-Inf	"SD"	NA	NA
"ECK120003669"	"yeeT"	"+"	2074841	2075062	222	"HS30'"	1	0.271349482386722	15	308	32.4675324675325	0.423423423423423	2.8817759382204	"AD"	NA	NA
"ECK120003670"	"cbeA"	"+"	2075136	2075504	369	"HS30'"	0	0	27	264	64.3939393939394	0	Inf	"AD"	NA	NA
"ECK120003671"	"cbtA"	"+"	2075593	2075967	375	"HS30'"	1	0	10	190	52.6315789473684	0.0826666666666667	Inf	"AD"	NA	NA
"ECK120003672"	"yeeW"	"+"	2075964	2076158	195	"HS30'"	71	21.9333873916898	0	0	0	0.805128205128205	-Inf	"SD"	NA	NA
"ECK120003674"	"yeeY"	"-"	2085353	2086282	930	"HS30'"	55	3.56255610746438	4	50	0	0.847311827956989	-Inf	"SD"	NA	NA
"ECK120003675"	"yeeZ"	"-"	2086328	2087152	825	"HS30'"	208	15.1876772105325	1	42	0	1	-Inf	"SD"	3	10
"ECK120003677"	"ugd"	"-"	2096471	2097637	1167	"HS30'"	49	2.52933990522945	68	343	113.702623906706	0.832047986289632	1.62471319743732	"AD"	NA	NA
"ECK120003678"	"insH-7"	"-"	2099919	2100935	1017	"HS30'"	1	0	0	0	0	0.0373647984267453	NA	"NO"	NA	NA
"ECK120003679"	"galF"	"-"	2111458	2112351	894	"HS30'"	2054	138.402805116954	5	130	0	1	-Inf	"SD"	5	15.1515151515152
"ECK120003680"	"wcaM"	"-"	2112526	2113920	1395	"HS30'"	48	2.07275991707019	7	178	0	0.603584229390681	-Inf	"SD"	NA	NA
"ECK120003681"	"wcaL"	"-"	2113931	2115151	1221	"HS30'"	6	0.296017617149151	2	35	0	0.337428337428337	-Inf	"SD"	NA	NA
"ECK120003682"	"wcaK"	"-"	2115148	2116428	1281	"HS30'"	2	0	7	150	0	0.0819672131147541	NA	"NO"	NA	NA
"ECK120003683"	"wzxC"	"-"	2116704	2118182	1479	"HS30'"	0	0	1	91	0	0	NA	"NO"	NA	NA
"ECK120003684"	"wcaJ"	"-"	2118184	2119578	1395	"HS30'"	3	0	0	0	0	0.160573476702509	NA	"NO"	NA	NA
"ECK120003685"	"wcaF"	"-"	2126364	2126912	549	"HS30'"	0	0	3	254	0	0	NA	"NO"	NA	NA
"ECK120003686"	"wcaE"	"-"	2126928	2127674	747	"HS30'"	5	0.403210074229266	2	175	0	0.377510040160643	-Inf	"SD"	NA	NA
"ECK120003687"	"wcaD"	"-"	2127685	2128902	1218	"HS30'"	10	0.494577874300922	1	65	0	0.389983579638752	-Inf	"SD"	NA	NA
"ECK120003688"	"wcaC"	"-"	2128877	2130094	1218	"HS30'"	7	0.346204512010645	6	127	0	0.409688013136289	-Inf	"SD"	NA	NA
"ECK120003689"	"wcaB"	"-"	2130091	2130579	489	"HS30'"	2	0	3	38	0	0.18200408997955	NA	"NO"	NA	NA
"ECK120003690"	"wcaA"	"-"	2130582	2131421	840	"HS30'"	5	0.358568958868168	13	183	32.7868852459016	0.307142857142857	1.74271190048285	"AD"	NA	NA
"ECK120003691"	"wzc"	"-"	2131514	2133676	2163	"HS30'"	6	0	0	0	0	0.224225612575127	NA	"NO"	NA	NA
"ECK120003692"	"wzb"	"-"	2133679	2134122	444	"HS30'"	3	0.407024223580083	0	0	0	0.344594594594595	-Inf	"SD"	NA	NA
"ECK120003698"	"yegL"	"-"	2150493	2151152	660	"HS30'"	17	1.5516256765568	0	0	0	0.643939393939394	-Inf	"SD"	NA	NA
"ECK120003700"	"mdtB"	"+"	2153287	2156409	3123	"HS30'"	32	0.617248390289873	17	151	0	0.41402497598463	-Inf	"SD"	NA	NA
"ECK120003701"	"mdtC"	"+"	2156410	2159487	3078	"HS30'"	33	0.645843504861964	5	100	0	0.401234567901235	-Inf	"SD"	NA	NA
"ECK120003702"	"yegP"	"+"	2163213	2163545	333	"HS30'"	12	2.17079585909378	4	163	0	0.672672672672673	-Inf	"SD"	NA	NA
"ECK120003703"	"yegQ"	"+"	2163692	2165053	1362	"HS30'"	921	40.7346974065741	16	373	29.4906166219839	1	-4.21068276245904	"SD"	11	21.5686274509804
"ECK120003705"	"yegZ"	"-"	2165626	2165844	219	"HS30'"	4	1.1002663943352	1	100	0	0.657534246575342	-Inf	"SD"	NA	NA
"ECK120003706"	""	"-"	2165759	2166025	267	"HS30'"	12	2.70739708268999	1	100	0	0.647940074906367	-Inf	"SD"	NA	NA
"ECK120003711"	"gatZ"	"-"	2173081	2174343	1263	"HS30'"	164	7.82208389131891	4	103	0	1	-Inf	"SD"	3	6.38297872340426
"ECK120003714"	"yegU"	"+"	2178117	2179121	1005	"HS30'"	7	0.419579199630812	2	63	0	0.426865671641791	-Inf	"SD"	NA	NA
"ECK120003717"	"yegX"	"-"	2180855	2181673	819	"HS30'"	24	1.7652625667356	2	67	0	0.598290598290598	-Inf	"SD"	NA	NA
"ECK120003718"	"thiD"	"-"	2181738	2182538	801	"HS30'"	43	3.23383540432416	0	0	0	0.880149812734082	-Inf	"SD"	NA	NA
"ECK120003722"	"yeiS"	"+"	2231622	2231861	240	"HS30'"	3	0.752994813623154	3	116	0	0.625	-Inf	"SD"	NA	NA
"ECK120003723"	"preT"	"+"	2232055	2233293	1239	"HS30'"	19	0.923770877084095	13	139	43.1654676258993	0.521388216303471	0.377427436401102	"AD"	9	20.4545454545455
"ECK120003724"	"lpxT"	"+"	2266876	2267589	714	"HS30'"	19	1.60301416905769	1	94	0	0.656862745098039	-Inf	"SD"	2	7.40740740740741
"ECK120003725"	"mepS"	"+"	2268001	2268567	567	"HS30'"	547	58.1147320002632	15	344	43.6046511627907	1	-4.27586952525888	"SD"	NA	NA
"ECK120003726"	"rtn"	"+"	2268748	2270304	1557	"HS30'"	35	1.35413325507054	2	100	0	0.49582530507386	-Inf	"SD"	NA	NA
"ECK120003730"	"yfaQ"	"-"	2326170	2327819	1650	"HS30'"	17	0.620650270622721	5	42	0	0.444242424242424	-Inf	"SD"	NA	NA
"ECK120003731"	"yfaS_2"	"-"	2327820	2328305	486	"HS30'"	6	0.743698581356201	0	0	0	0.353909465020576	-Inf	"SD"	NA	NA
"ECK120003732"	"yfaS_1"	"-"	2328321	2332424	4104	"HS30'"	13	0	63	138	398.550724637681	0.149853801169591	Inf	"AD"	NA	NA
"ECK120003733"	"yfaT"	"-"	2332358	2332981	624	"HS30'"	2	0	1	99	0	0.198717948717949	NA	"NO"	NA	NA
"ECK120003735"	"yfaV"	"-"	2356885	2358174	1290	"HS30'"	13	0.607065586176806	0	0	0	0.364341085271318	-Inf	"SD"	NA	NA
"ECK120003736"	"yfaW"	"-"	2358231	2359448	1218	"HS30'"	4	0	4	133	0	0.0960591133004926	NA	"NO"	NA	NA
"ECK120003737"	"yfaX"	"-"	2359451	2360233	783	"HS30'"	3	0.230803008007097	1	43	0	0.348659003831418	-Inf	"SD"	NA	NA
"ECK120003738"	"yfaY"	"-"	2360453	2361655	1203	"HS30'"	75	3.75558510535239	0	0	0	0.990856192851205	-Inf	"SD"	4	9.09090909090909
"ECK120003743"	"arnC"	"+"	2365093	2366061	969	"HS30'"	5	0.310833772393459	7	102	0	0.285861713106295	-Inf	"SD"	NA	NA
"ECK120003744"	"arnA"	"+"	2366061	2368043	1983	"HS30'"	43	1.30625424047587	38	156	166.666666666667	0.54059505799294	1.99307590265077	"AD"	NA	NA
"ECK120003745"	"arnD"	"+"	2368040	2368930	891	"HS30'"	22	1.4873971627124	1	40	0	0.655443322109989	-Inf	"SD"	NA	NA
"ECK120003746"	"arnT"	"+"	2368930	2370582	1653	"HS30'"	5	0	3	94	0	0.0955837870538415	NA	"NO"	NA	NA
"ECK120003749"	"elaB"	"-"	2378744	2379049	306	"HS30'"	157	30.9072381016562	1	90	0	1	-Inf	"SD"	NA	NA
"ECK120003762"	"yfbT"	"-"	2409461	2410111	651	"HS30'"	93	8.60565501283604	4	164	0	1	-Inf	"SD"	3	13.0434782608696
"ECK120003763"	"yfbU"	"-"	2410122	2410616	495	"HS30'"	201	24.4609224304249	0	0	0	1	-Inf	"SD"	23	115
"ECK120003767"	"yfcE"	"-"	2417256	2417810	555	"HS30'"	285	30.9338409920863	2	69	0	1	-Inf	"SD"	1	5
"ECK120003770"	"folX"	"+"	2419347	2419709	363	"HS30'"	1259	208.930131206953	16	225	66.6666666666667	1	-6.12191425713182	"SD"	NA	NA
"ECK120003776"	"epmC"	"-"	2442225	2442773	549	"HS30'"	201	22.0549300602191	0	0	0	1	-Inf	"SD"	NA	NA
"ECK120003779"	"yfcP"	"-"	2448073	2448612	540	"HS30'"	4	0.446219148813721	26	300	86.6666666666667	0.294444444444444	3.54268729217485	"AD"	NA	NA
"ECK120003780"	"yfcQ"	"-"	2448609	2449097	489	"HS30'"	19	2.34059737567933	2	59	0	0.503067484662577	-Inf	"SD"	NA	NA
"ECK120003781"	"yfcR"	"-"	2449094	2449606	513	"HS30'"	7	0.821982642551591	1	54	0	0.557504873294347	-Inf	"SD"	NA	NA
"ECK120003782"	"yfcS"	"-"	2449606	2450358	753	"HS30'"	1	0	3	100	0	0.104913678618858	NA	"NO"	NA	NA
"ECK120003783"	"yfcT"	"-"	2450378	2451274	897	"HS30'"	6	0.402940368493995	1	74	0	0.268673355629877	-Inf	"SD"	NA	NA
"ECK120003784"	"yfcU"	"-"	2451287	2453023	1737	"HS30'"	21	0.728285139255555	15	149	0	0.482440990213011	-Inf	"SD"	NA	NA
"ECK120003785"	"yfcV"	"-"	2453105	2453668	564	"HS30'"	0	0	5	221	0	0	NA	"NO"	NA	NA
"ECK120003786"	"sixA"	"-"	2454349	2454834	486	"HS30'"	1367	169.439326785655	5	174	0	1	-Inf	"SD"	NA	NA
"ECK120003787"	"fadJ"	"-"	2455037	2457181	2145	"HS30'"	32	0.898679124883577	5	221	0	0.610722610722611	-Inf	"SD"	0	0
"ECK120003788"	"fadI"	"-"	2457181	2458491	1311	"HS30'"	17	0.781138784536605	2	122	0	0.614797864225782	-Inf	"SD"	NA	NA
"ECK120003793"	"intS"	"+"	2464567	2465724	1158	"HS30'"	127	6.60658662038967	69	313	214.05750798722	0.892918825561313	1.02025601865777	"AD"	NA	NA
"ECK120003794"	"yfdG"	"+"	2465877	2466239	363	"HS30'"	94	15.599231400678	26	116	206.896551724138	1	-1.7003686359778	"SD"	NA	NA
"ECK120003795"	"yfdH"	"+"	2466236	2467156	921	"HS30'"	127	8.30665288426845	15	311	45.016077170418	0.996742671009772	-1.5688404416403	"SD"	5	14.2857142857143
"ECK120003796"	"yfdI"	"+"	2467153	2468484	1332	"HS30'"	29	0	308	404	757.425742574257	0.0975975975975976	Inf	"AD"	NA	NA
"ECK120003799"	"yfdL"	"-"	2469566	2470084	519	"HS30'"	4	0	1	42	0	0.10019267822736	NA	"NO"	NA	NA
"ECK120003800"	"yfdM"	"-"	2470134	2470409	276	"HS30'"	1	0	0	0	0	0.192028985507246	NA	"NO"	NA	NA
"ECK120003801"	"yfdN"	"-"	2470409	2470903	495	"HS30'"	0	0	0	0	0	0	NA	"NO"	NA	NA
"ECK120003804"	"yfdQ"	"+"	2472054	2472878	825	"HS30'"	21	1.5333712568326	4	100	0	0.469090909090909	-Inf	"SD"	NA	NA
"ECK120003805"	"yfdR"	"+"	2473006	2473542	537	"HS30'"	0	0	3	81	0	0	NA	"NO"	NA	NA
"ECK120003806"	"yfdS"	"+"	2473533	2473895	363	"HS30'"	4	0	0	0	0	0.132231404958678	NA	"NO"	NA	NA
"ECK120003807"	"yfdT"	"+"	2473895	2474200	306	"HS30'"	13	2.55919805937281	1	50	0	0.869281045751634	-Inf	"SD"	NA	NA
"ECK120003810"	"yfdV"	"-"	2487264	2488208	945	"HS30'"	14	0.892438297627442	9	181	0	0.462433862433862	-Inf	"SD"	NA	NA
"ECK120003811"	"oxc"	"-"	2488278	2489972	1695	"HS30'"	49	1.74143933298098	9	155	0	0.607079646017699	-Inf	"SD"	NA	NA
"ECK120003812"	"frc"	"-"	2490026	2491276	1251	"HS30'"	11	0.529684601109812	6	98	0	0.437250199840128	-Inf	"SD"	NA	NA
"ECK120003819"	"ypdB"	"+"	2498405	2499139	735	"HS30'"	99	8.11390329781684	24	299	63.5451505016722	0.972789115646258	-1.09439668992937	"SD"	NA	NA
"ECK120003822"	"ypdE"	"-"	2502532	2503569	1038	"HS30'"	5	0	8	361	22.1606648199446	0.226396917148362	Inf	"AD"	NA	NA
"ECK120003823"	"ypdF"	"-"	2503569	2504654	1086	"HS30'"	6	0.332815387236753	3	35	0	0.348066298342541	-Inf	"SD"	NA	NA
"ECK120003824"	"fryC"	"-"	2504669	2505916	1248	"HS30'"	2	0	2	35	0	0.0809294871794872	NA	"NO"	NA	NA
"ECK120003825"	"fryB"	"-"	2505938	2506264	327	"HS30'"	1	0	0	0	0	0.0978593272171254	NA	"NO"	NA	NA
"ECK120003832"	"zipA"	"-"	2528269	2529255	987	"HS30'"	1124	68.6011080455866	2	67	0	1	-Inf	"SD"	NA	NA
"ECK120003838"	"murP"	"+"	2544695	2546119	1425	"HS30'"	40	1.69093572182042	13	155	38.7096774193548	0.27859649122807	-0.494787413243814	"SD"	NA	NA
"ECK120003841"	"yfeY"	"-"	2548663	2549238	576	"HS30'"	245	25.6227401857879	2	67	0	1	-Inf	"SD"	3	14.2857142857143
"ECK120003842"	"yfeZ"	"-"	2549299	2549748	450	"HS30'"	99	13.2527087197675	0	0	0	1	-Inf	"SD"	NA	NA
"ECK120003844"	"eutK"	"-"	2553250	2553750	501	"HS30'"	23	2.76548993426468	1	36	0	0.798403193612774	-Inf	"SD"	NA	NA
"ECK120003845"	"eutL"	"-"	2553763	2554422	660	"HS30'"	5	0.456360493104942	7	130	0	0.448484848484848	-Inf	"SD"	1	4.34782608695652
"ECK120003847"	"yffL"	"+"	2558279	2558920	642	"HS30'"	459	43.0684884053617	11	154	71.4285714285714	1	-4.29105726067128	"SD"	NA	NA
"ECK120003848"	"yffM"	"+"	2559390	2559635	246	"HS30'"	0	0	0	0	0	0	NA	"NO"	NA	NA
"ECK120003849"	"yffN"	"+"	2559632	2560015	384	"HS30'"	10	1.56873919504824	4	80	0	0.7109375	-Inf	"SD"	NA	NA
"ECK120003850"	"yffO"	"+"	2560133	2560549	417	"HS30'"	6	0.866756619997875	0	0	0	0.724220623501199	-Inf	"SD"	NA	NA
"ECK120003851"	"yffP"	"+"	2560546	2561139	594	"HS30'"	15	1.52120164368314	1	100	0	0.82996632996633	-Inf	"SD"	NA	NA
"ECK120003852"	"yffQ"	"+"	2561599	2561991	393	"HS30'"	23	3.52547190093283	2	63	0	0.61323155216285	-Inf	"SD"	NA	NA
"ECK120003853"	"yffR"	"+"	2562002	2562394	393	"HS30'"	164	25.1381474675211	1	100	0	1	-Inf	"SD"	NA	NA
"ECK120003856"	"eutH"	"-"	2564903	2566129	1227	"HS30'"	13	0.638235212850921	5	70	0	0.545232273838631	-Inf	"SD"	NA	NA
"ECK120003857"	"eutG"	"-"	2566346	2567533	1188	"HS30'"	3	0	0	0	0	0.127104377104377	NA	"NO"	NA	NA
"ECK120003858"	"eutJ"	"-"	2567523	2568359	837	"HS30'"	1	0	0	0	0	0.0728793309438471	NA	"NO"	NA	NA
"ECK120003859"	"eutE"	"-"	2568370	2569773	1404	"HS30'"	5	0	0	0	0	0.173789173789174	NA	"NO"	NA	NA
"ECK120003860"	"eutN"	"-"	2569785	2570072	288	"HS30'"	1	0	0	0	0	0.0104166666666667	NA	"NO"	NA	NA
"ECK120003861"	"eutM"	"-"	2570179	2570472	294	"HS30'"	5	1.02448273962334	7	174	40.2298850574713	0.476190476190476	0.450531148989534	"AD"	NA	NA
"ECK120003862"	"eutD"	"-"	2570511	2571527	1017	"HS30'"	7	0.414628412614519	2	100	0	0.39724680432645	-Inf	"SD"	NA	NA
"ECK120003863"	"eutT"	"-"	2571524	2572327	804	"HS30'"	7	0.524473999538515	0	0	0	0.420398009950249	-Inf	"SD"	NA	NA
"ECK120003864"	"eutQ"	"-"	2572324	2573025	702	"HS30'"	3	0.257434124315608	2	37	0	0.294871794871795	-Inf	"SD"	NA	NA
"ECK120003865"	"eutP"	"-"	2573000	2573479	480	"HS30'"	2	0	1	100	0	0.13125	NA	"NO"	NA	NA
"ECK120003866"	"eutS"	"-"	2573492	2573827	336	"HS30'"	1	0	0	0	0	0.145833333333333	NA	"NO"	NA	NA
"ECK120003870"	"tmcA"	"-"	2591866	2593881	2016	"HS30'"	56	1.67332180805145	3	142	0	0.54265873015873	-Inf	"SD"	0	0
"ECK120003871"	"ypfJ"	"-"	2593896	2594759	864	"HS30'"	92	6.41440026419724	3	78	0	0.975694444444444	-Inf	"SD"	NA	NA
"ECK120003872"	"hyfC"	"+"	2601869	2602816	948	"HS30'"	4	0	8	233	30.0429184549356	0.228902953586498	Inf	"AD"	NA	NA
"ECK120003873"	"hyfD"	"+"	2602833	2604272	1440	"HS30'"	4	0	2	100	0	0.0888888888888889	NA	"NO"	NA	NA
"ECK120003874"	"hyfE"	"+"	2604284	2604934	651	"HS30'"	0	0	1	100	0	0	NA	"NO"	NA	NA
"ECK120003875"	"hyfF"	"+"	2604939	2606519	1581	"HS30'"	5	0	5	185	0	0.127134724857685	NA	"NO"	NA	NA
"ECK120003876"	"hyfG"	"+"	2606509	2608176	1668	"HS30'"	16	0.57783774666525	4	61	0	0.442446043165468	-Inf	"SD"	NA	NA
"ECK120003877"	"hyfH"	"+"	2608186	2608731	546	"HS30'"	0	0	3	139	0	0	NA	"NO"	NA	NA
"ECK120003878"	"hyfI"	"+"	2608728	2609486	759	"HS30'"	2	0	7	75	0	0.187088274044796	NA	"NO"	NA	NA
"ECK120003879"	"hyfJ"	"+"	2609479	2609892	414	"HS30'"	9	1.30955619760548	0	0	0	0.731884057971015	-Inf	"SD"	NA	NA
"ECK120003880"	"hyfR"	"+"	2609922	2611934	2013	"HS30'"	18	0.538655008255013	29	333	39.039039039039	0.28166915052161	2.27107815060305	"AD"	NA	NA
"ECK120003888"	"yfgH"	"+"	2627814	2628332	519	"HS30'"	9	1.04461708248299	10	90	100	0.58766859344894	0.785022705340808	"AD"	NA	NA
"ECK120003892"	"bamB"	"-"	2635496	2636674	1179	"HS30'"	827	42.2545690155283	6	224	0	1	-Inf	"SD"	12	28.5714285714286
"ECK120003893"	"yfgM"	"-"	2636685	2637305	621	"HS30'"	470	45.591956509228	0	0	0	1	-Inf	"SD"	14	63.6363636363636
"ECK120003894"	"pbpC"	"-"	2643035	2645347	2313	"HS30'"	34	0.885493252509718	2	68	0	0.436662343277129	-Inf	"SD"	NA	NA
"ECK120003896"	"iscU"	"-"	2657925	2658311	387	"HS30'"	3773	587.297040165408	0	0	0	1	-Inf	"SD"	1	7.14285714285714
"ECK120003897"	"iscS"	"-"	2658339	2659553	1215	"HS30'"	13340	661.395938352782	6	186	0	1	-Inf	"SD"	72	160
"ECK120003898"	"iscR"	"-"	2659665	2660153	489	"HS30'"	7657	943.260742398771	0	0	0	1	-Inf	"SD"	1	5.88235294117647
"ECK120003900"	"yfhR"	"+"	2662385	2663266	882	"HS30'"	15	0	14	350	17.1428571428571	0.158730158730159	Inf	"AD"	NA	NA
"ECK120003904"	"hcaC"	"+"	2668930	2669250	321	"HS30'"	4	0.750649035387568	1	58	0	0.510903426791277	-Inf	"SD"	NA	NA
"ECK120003905"	"hcaB"	"+"	2669247	2670059	813	"HS30'"	14	1.03733602860754	5	120	0	0.80319803198032	-Inf	"SD"	NA	NA
"ECK120003906"	"hcaD"	"+"	2670069	2671271	1203	"HS30'"	43	2.1532021270687	2	52	0	0.420615128844555	-Inf	"SD"	NA	NA
"ECK120003909"	"yphC"	"-"	2672722	2673783	1062	"HS30'"	34	1.92857428724574	0	0	0	0.813559322033898	-Inf	"SD"	NA	NA
"ECK120003910"	"yphD"	"-"	2673849	2674847	999	"HS30'"	22	1.3265974694462	1	100	0	0.552552552552553	-Inf	"SD"	NA	NA
"ECK120003911"	"yphE"	"-"	2674872	2676383	1512	"HS30'"	29	1.1553888674641	6	100	0	0.658730158730159	-Inf	"SD"	NA	NA
"ECK120003912"	"yphF"	"-"	2676406	2677389	984	"HS30'"	4	0	5	168	0	0.220528455284553	NA	"NO"	NA	NA
"ECK120003915"	"glrK"	"-"	2687693	2689120	1428	"HS30'"	242	10.2086691818937	1	100	0	0.931372549019608	-Inf	"SD"	NA	NA
"ECK120003917"	"rseC"	"-"	2705344	2705823	480	"HS30'"	19	2.38448357647332	0	0	0	0.772916666666667	-Inf	"SD"	NA	NA
"ECK120003918"	"rseB"	"-"	2705820	2706776	957	"HS30'"	517	32.5432241290007	10	387	20.671834625323	1	-4.34621337884598	"SD"	1	2.77777777777778
"ECK120003919"	"yfiP"	"+"	2717245	2717943	699	"HS30'"	53	4.56752218850096	16	641	24.9609984399376	0.620886981402003	-0.513339832204833	"SD"	NA	NA
"ECK120003920"	"pka"	"+"	2717975	2720635	2661	"HS30'"	83	1.87894985436217	7	144	0	0.627959413754228	-Inf	"SD"	4	4.08163265306122
"ECK120003928"	"yfjI"	"+"	2757007	2758416	1410	"HS30'"	9	0	0	0	0	0.219148936170213	NA	"NO"	NA	NA
"ECK120003931"	"yfjL"	"-"	2761559	2763175	1617	"HS30'"	186	6.92922871163422	53	704	66.7613636363636	0.685219542362399	0.439965981026196	"AD"	NA	NA
"ECK120003934"	"rnlB"	"+"	2765006	2765377	372	"HS30'"	299	48.4183761878114	68	392	170.918367346939	1	-1.85332169564937	"SD"	NA	NA
"ECK120003935"	"yfjP"	"+"	2765732	2766595	864	"HS30'"	15	1.04582613003216	1	40	0	0.461805555555556	-Inf	"SD"	NA	NA
"ECK120003936"	"yfjQ"	"+"	2766687	2767508	822	"HS30'"	6	0.439705000655856	0	0	0	0.44647201946472	-Inf	"SD"	NA	NA
"ECK120003937"	"yfjR"	"+"	2767725	2768426	702	"HS30'"	6	0.514868248631216	11	306	22.8758169934641	0.404558404558405	1.44315161862394	"AD"	NA	NA
"ECK120003938"	"ypjK"	"+"	2768467	2768703	237	"HS30'"	4	1.01670185805658	0	0	0	0.594936708860759	-Inf	"SD"	NA	NA
"ECK120003939"	"yfjS"	"+"	2768703	2769146	444	"HS30'"	8	1.08539792954689	1	40	0	0.416666666666667	-Inf	"SD"	NA	NA
"ECK120003942"	"ypjM_3"	"-"	2770189	2770707	519	"HS30'"	30	3.48205694160996	5	161	0	1	-Inf	"SD"	NA	NA
"ECK120003943"	"ypjM_2"	"-"	2770858	2771058	201	"HS30'"	9	2.69729485476951	1	55	0	0.293532338308458	-Inf	"SD"	NA	NA
"ECK120003946"	"yfjX"	"+"	2773941	2774399	459	"HS30'"	1	0	11	154	0	0.217864923747277	NA	"NO"	NA	NA
"ECK120003947"	"yfjY"	"+"	2774408	2774890	483	"HS30'"	1	0	0	0	0	0.0786749482401656	NA	"NO"	NA	NA
"ECK120003948"	"yfjZ"	"+"	2775137	2775454	318	"HS30'"	2	0	2	72	0	0.157232704402516	NA	"NO"	NA	NA
"ECK120003951"	"pinH"	"-"	2781087	2781230	144	"HS30'"	1	0.418330452012863	14	267	52.4344569288389	0.444444444444444	2.74271190048285	"AD"	NA	NA
"ECK120003952"	"ypjB"	"-"	2781660	2782451	792	"HS30'"	17	1.29302139713067	11	164	67.0731707317073	0.416666666666667	0.766757374449495	"AD"	NA	NA
"ECK120003958"	"ygaQ_2"	"+"	2784770	2785456	687	"HS30'"	5	0.438424927873743	7	128	0	0.333333333333333	-Inf	"SD"	NA	NA
"ECK120003959"	"ygaQ_3"	"+"	2785664	2786260	597	"HS30'"	1	0	3	110	0	0.0954773869346734	NA	"NO"	NA	NA
"ECK120003960"	"ygaQ_4"	"+"	2786399	2786671	273	"HS30'"	3	0.66197346252585	0	0	0	0.421245421245421	-Inf	"SD"	NA	NA
"ECK120003961"	"csiD"	"+"	2787007	2787984	978	"HS30'"	6	0.36956800668621	1	80	0	0.367075664621677	-Inf	"SD"	NA	NA
"ECK120003968"	"nrdH"	"+"	2798745	2798990	246	"HS30'"	47	11.5091890212319	0	0	0	0.894308943089431	-Inf	"SD"	NA	NA
"ECK120003969"	"nrdI"	"+"	2798987	2799397	411	"HS30'"	68	9.96664668153274	1	54	0	1	-Inf	"SD"	NA	NA
"ECK120003970"	"ygaX"	"+"	2806338	2806604	267	"HS30'"	3	0.676849270672498	25	195	123.076923076923	0.51685393258427	2.82612790867048	"AD"	NA	NA
"ECK120003971"	"ygaY"	"+"	2806634	2807515	882	"HS30'"	9	0.614689643774003	68	195	123.076923076923	0.374149659863946	2.96510432181929	"AD"	NA	NA
"ECK120003972"	"ygaZ"	"+"	2807639	2808376	738	"HS30'"	145	11.8356908374371	5	100	0	0.780487804878049	-Inf	"SD"	NA	NA
"ECK120003973"	"ygaH"	"+"	2808366	2808701	336	"HS30'"	6	1.07570687660451	12	332	36.144578313253	0.488095238095238	1.15774939976168	"AD"	NA	NA
"ECK120003974"	"yqaA"	"-"	2814534	2814962	429	"HS30'"	75	10.5313959947294	0	0	0	1	-Inf	"SD"	NA	NA
"ECK120003975"	"yqaB"	"-"	2814959	2815525	567	"HS30'"	99	10.5180227934663	0	0	0	1	-Inf	"SD"	0	0
"ECK120003976"	"pncC"	"-"	2821871	2822368	498	"HS30'"	138	16.6928970730916	0	0	0	0.921686746987952	-Inf	"SD"	4	22.2222222222222
"ECK120003983"	"ygbK"	"+"	2860357	2861523	1167	"HS30'"	4	0	6	68	0	0.18337617823479	NA	"NO"	NA	NA
"ECK120003984"	"ygbL"	"+"	2861615	2862253	639	"HS30'"	11	1.03698816273611	6	347	17.2910662824208	0.577464788732394	0.210634980013785	"AD"	NA	NA
"ECK120003985"	"ygbM"	"+"	2862258	2863034	777	"HS30'"	20	1.55056847078127	6	100	60	0.719433719433719	-0.369762828775567	"SD"	NA	NA
"ECK120003987"	"truD"	"-"	2868277	2869326	1050	"HS30'"	289	16.5802286580641	1	99	0	0.975238095238095	-Inf	"SD"	11	28.2051282051282
"ECK120003988"	"ispD"	"-"	2869802	2870512	711	"HS30'"	278	23.5535930449774	0	0	0	1	-Inf	"SD"	2	7.69230769230769
"ECK120003989"	"ftsB"	"-"	2870531	2870842	312	"HS30'"	317	61.2049630560358	5	97	0	1	-Inf	"SD"	NA	NA
"ECK120003990"	"cas1"	"-"	2876877	2877794	918	"HS30'"	50	3.28102315304206	0	0	0	0.857298474945534	-Inf	"SD"	NA	NA
"ECK120003991"	"casE"	"-"	2877810	2878409	600	"HS30'"	12	1.20479170179705	30	136	169.117647058824	0.646666666666667	1.93285012281466	"AD"	NA	NA
"ECK120003992"	"casD"	"-"	2878396	2879070	675	"HS30'"	59	5.2653859560019	15	197	40.6091370558376	0.983703703703704	-1.71846738044072	"SD"	NA	NA
"ECK120003993"	"casC"	"-"	2879073	2880164	1092	"HS30'"	14	0.772302372946824	6	107	0	0.507326007326007	-Inf	"SD"	NA	NA
"ECK120003994"	"casB"	"-"	2880177	2880659	483	"HS30'"	11	1.37191601653908	0	0	0	0.579710144927536	-Inf	"SD"	NA	NA
"ECK120003995"	"casA"	"-"	2880652	2882160	1509	"HS30'"	19	0.758483841422925	6	171	35.0877192982456	0.379058979456594	0.661844054787184	"AD"	NA	NA
"ECK120003997"	"ygcN"	"+"	2890679	2891950	1272	"HS30'"	43	2.03640106828903	6	104	0	0.272012578616352	-Inf	"SD"	NA	NA
"ECK120003998"	"ygcO"	"+"	2891941	2892201	261	"HS30'"	5	1.15401504003548	0	0	0	0.383141762452107	-Inf	"SD"	NA	NA
"ECK120004001"	"ygcR"	"-"	2893798	2894577	780	"HS30'"	5	0.386151186473412	0	0	0	0.251282051282051	-Inf	"SD"	NA	NA
"ECK120004002"	"ygcS"	"-"	2894555	2895892	1338	"HS30'"	23	1.03550856283005	0	0	0	0.473094170403587	-Inf	"SD"	NA	NA
"ECK120004003"	"ygcU"	"-"	2895986	2897440	1455	"HS30'"	41	1.69747284445632	4	238	0	0.615807560137457	-Inf	"SD"	NA	NA
"ECK120004009"	"gudX"	"-"	2917428	2918768	1341	"HS30'"	31	1.39256311542537	1	37	0	0.74123788217748	-Inf	"SD"	NA	NA
"ECK120004010"	"gudP"	"-"	2918770	2920122	1353	"HS30'"	17	0.756890573930147	3	100	0	0.371027346637103	-Inf	"SD"	NA	NA
"ECK120004011"	"yqcA"	"-"	2920557	2921006	450	"HS30'"	135	18.0718755269557	2	110	0	1	-Inf	"SD"	NA	NA
"ECK120004012"	"truC"	"-"	2921024	2921806	783	"HS30'"	70	5.3854035201656	0	0	0	0.933588761174968	-Inf	"SD"	NA	NA
"ECK120004013"	"yqcC"	"-"	2921806	2922135	330	"HS30'"	34	6.20650270622721	0	0	0	1	-Inf	"SD"	1	7.69230769230769
"ECK120004022"	"rppH"	"-"	2966469	2966999	531	"HS30'"	193	21.8949904375546	2	76	0	1	-Inf	"SD"	1	4.76190476190476
"ECK120004023"	"ygdQ"	"+"	2968442	2969155	714	"HS30'"	266	22.4421983668077	2	211	0	0.976190476190476	-Inf	"SD"	NA	NA
"ECK120004024"	"ygdR"	"+"	2969293	2969511	219	"HS30'"	993	273.141132393714	1	78	0	1	-Inf	"SD"	NA	NA
"ECK120004026"	"kduI"	"-"	2981310	2982146	837	"HS30'"	6	0.431824982722956	3	139	0	0.405017921146953	-Inf	"SD"	4	12.9032258064516
"ECK120004029"	"yqeH"	"+"	2985558	2986190	633	"HS30'"	21	0	0	0	0	0.175355450236967	NA	"NO"	NA	NA
"ECK120004030"	"yqeI"	"+"	2986524	2987333	810	"HS30'"	87	0	7	293	23.8907849829352	0.12962962962963	Inf	"AD"	NA	NA
"ECK120004034"	"ygeG"	"+"	2989290	2989781	492	"HS30'"	0	0	3	100	0	0	NA	"NO"	NA	NA
"ECK120004035"	"ygeH"	"+"	2990116	2991492	1377	"HS30'"	13	0.568710679860625	6	199	0	0.341321713870733	-Inf	"SD"	NA	NA
"ECK120004036"	"ygeI"	"+"	2991660	2991878	219	"HS30'"	1	0	6	100	0	0.0365296803652968	NA	"NO"	NA	NA
"ECK120004039"	"ygeL"	"-"	2992959	2993114	156	"HS30'"	9	3.47536067826071	0	0	0	0.961538461538462	-Inf	"SD"	NA	NA
"ECK120004040"	"ygeM"	"-"	2993336	2993767	432	"HS30'"	30	4.18330452012863	0	0	0	0.571759259259259	-Inf	"SD"	NA	NA
"ECK120004041"	"ygeN"	"-"	2993770	2994042	273	"HS30'"	3	0	1	96	0	0.249084249084249	NA	"NO"	NA	NA
"ECK120004042"	"ygeO"	"-"	2993984	2994409	426	"HS30'"	0	0	0	0	0	0	NA	"NO"	NA	NA
"ECK120004043"	"insD-4"	"-"	2994394	2995299	906	"HS30'"	0	0	0	0	0	0	NA	"NO"	NA	NA
"ECK120004044"	"insC-4"	"-"	2995257	2995667	411	"HS30'"	3	0	0	0	0	0.0535279805352798	NA	"NO"	NA	NA
"ECK120004045"	"ygeP"	"-"	2995711	2996010	300	"HS30'"	33	6.62635435988375	4	100	0	0.876666666666667	-Inf	"SD"	NA	NA
"ECK120004046"	"ygeQ"	"-"	2996056	2996850	795	"HS30'"	31	2.34896495318921	31	186	86.0215053763441	0.922012578616352	0.446046716767772	"AD"	NA	NA
"ECK120004049"	"xdhB"	"+"	3000636	3001514	879	"HS30'"	3	0.205595853548984	3	43	0	0.254835039817975	-Inf	"SD"	NA	NA
"ECK120004053"	"ygeX"	"+"	3005532	3006728	1197	"HS30'"	4	0	33	273	69.5970695970696	0.182121971595656	Inf	"AD"	1	2.32558139534884
"ECK120004054"	"ygeY"	"+"	3006786	3007997	1212	"HS30'"	32	1.59048409478158	2	62	0	0.523102310231023	-Inf	"SD"	8	17.7777777777778
"ECK120004055"	"hyuA"	"+"	3008050	3009435	1386	"HS30'"	3	0	5	100	0	0.0945165945165945	NA	"NO"	NA	NA
"ECK120004060"	"ygfK"	"+"	3014082	3017180	3099	"HS30'"	39	0.758097392224666	23	151	52.9801324503311	0.421748951274605	1.0776167977069	"AD"	1	0.862068965517241
"ECK120004061"	"ssnA"	"+"	3017183	3018511	1329	"HS30'"	4	0	1	100	0	0.115876598946576	NA	"NO"	NA	NA
"ECK120004062"	"ygfM"	"+"	3018562	3019341	780	"HS30'"	9	0.695072135652142	7	134	52.2388059701493	0.453846153846154	1.01019221134783	"AD"	NA	NA
"ECK120004063"	"xdhD"	"+"	3019338	3022208	2871	"HS30'"	60	1.25892549822053	22	264	37.8787878787879	0.549634273772205	0.667807091468954	"AD"	NA	NA
"ECK120004064"	"xanQ"	"+"	3022373	3023773	1401	"HS30'"	9	0.386978062675711	6	236	0	0.299785867237687	-Inf	"SD"	NA	NA
"ECK120004065"	"guaD"	"+"	3023788	3025107	1320	"HS30'"	36	1.64289777517779	11	119	50.4201680672269	0.542424242424242	-0.453208309492411	"SD"	NA	NA
"ECK120004078"	"scpB"	"+"	3062015	3062800	786	"HS30'"	3	0	7	203	0	0.189567430025445	NA	"NO"	NA	NA
"ECK120004081"	"yggP"	"-"	3074201	3075478	1278	"HS30'"	5	0.235679127894571	4	107	0	0.291079812206573	-Inf	"SD"	NA	NA
"ECK120004085"	"yqgE"	"+"	3090959	3091522	564	"HS30'"	238	25.4202504457178	0	0	0	0.99113475177305	-Inf	"SD"	9	42.8571428571429
"ECK120004089"	"yggT"	"+"	3093842	3094408	567	"HS30'"	152	16.1488834808775	3	137	0	0.989417989417989	-Inf	"SD"	2	9.52380952380952
"ECK120004090"	"yggU"	"+"	3094405	3094695	291	"HS30'"	39	8.07334645534103	1	74	0	0.769759450171821	-Inf	"SD"	NA	NA
"ECK120004091"	"rdgB"	"+"	3094703	3095296	594	"HS30'"	71	7.20035444676686	0	0	0	1	-Inf	"SD"	5	23.8095238095238
"ECK120004093"	"yggX"	"+"	3102115	3102390	276	"HS30'"	814	177.663124141811	0	0	0	1	-Inf	"SD"	5	45.4545454545455
"ECK120004094"	"mltC"	"+"	3102455	3103534	1080	"HS30'"	53	2.9562018608909	11	122	49.1803278688525	0.700925925925926	-1.30071037980828	"SD"	NA	NA
"ECK120004097"	"yghE"	"-"	3109150	3110010	861	"HS30'"	35	2.44876362153871	401	529	758.034026465028	0.747967479674797	5.03347681388973	"AD"	NA	NA
"ECK120004098"	"yghF"	"-"	3110076	3110942	867	"HS30'"	30	2.08441470899143	3	97	0	0.509803921568627	-Inf	"SD"	NA	NA
"ECK120004099"	"yghG"	"-"	3111089	3111499	411	"HS30'"	34	4.98332334076637	3	180	0	0.698296836982968	-Inf	"SD"	NA	NA
"ECK120004100"	"pppA"	"-"	3111565	3112374	810	"HS30'"	96	7.13950638101953	10	149	60.4026845637584	0.62962962962963	-1.98782742452393	"SD"	NA	NA
"ECK120004101"	"yghJ"	"-"	3112572	3117134	4563	"HS30'"	348	4.59420898778624	10	150	0	0.765066841989919	-Inf	"SD"	6	3.59281437125748
"ECK120004102"	"glcA"	"-"	3117619	3119301	1683	"HS30'"	106	3.79405586424501	1	35	0	0.500297088532383	-Inf	"SD"	NA	NA
"ECK120004103"	"glcG"	"-"	3121849	3122253	405	"HS30'"	48	7.13950638101953	0	0	0	0.869135802469136	-Inf	"SD"	NA	NA
"ECK120004104"	"glcE"	"-"	3123492	3124544	1053	"HS30'"	6	0	1	55	0	0.178537511870845	NA	"NO"	NA	NA
"ECK120004110"	"yghR"	"-"	3130476	3131234	759	"HS30'"	6	0.476202253674722	2	132	0	0.411067193675889	-Inf	"SD"	NA	NA
"ECK120004114"	"hybO"	"-"	3143165	3144283	1119	"HS30'"	31	1.66883569060359	2	45	0	0.586237712243074	-Inf	"SD"	4	10
"ECK120004115"	"yghW"	"-"	3144472	3144759	288	"HS30'"	27	5.64746110217365	11	135	51.8518518518519	0.885416666666667	-2.01217560168062	"SD"	NA	NA
"ECK120004116"	"yghX_1"	"-"	3144878	3145288	411	"HS30'"	9	1.31911500196757	5	137	0	1	-Inf	"SD"	NA	NA
"ECK120004124"	"dkgA"	"+"	3154645	3155472	828	"HS30'"	20	1.45506244178387	63	438	139.269406392694	0.530193236714976	3.06772817715778	"AD"	4	12.9032258064516
"ECK120004125"	"yqhG"	"+"	3155672	3156598	927	"HS30'"	24	1.55960090847514	6	284	21.1267605633803	0.633225458468177	-0.378142494391539	"SD"	NA	NA
"ECK120004128"	"ygiS"	"-"	3164133	3165740	1608	"HS30'"	40	1.49849714153861	24	254	31.496062992126	0.603233830845771	0.0945555732745006	"AD"	10	16.3934426229508
"ECK120004129"	"mqsA"	"-"	3165873	3166268	396	"HS30'"	2074	315.497220899883	1	54	0	1	-Inf	"SD"	NA	NA
"ECK120004130"	"mqsR"	"-"	3166270	3166566	297	"HS30'"	1696	343.994398358214	1	100	0	1	-Inf	"SD"	NA	NA
"ECK120004131"	"ygiV"	"-"	3166771	3167253	483	"HS30'"	16	1.99551420587502	4	139	0	0.697722567287785	-Inf	"SD"	NA	NA
"ECK120004135"	"yqiA"	"-"	3173447	3174028	582	"HS30'"	235	24.3235438077582	5	104	0	1	-Inf	"SD"	NA	NA
"ECK120004136"	"cpdA"	"-"	3174028	3174855	828	"HS30'"	367	26.7003958067341	2	71	0	1	-Inf	"SD"	3	9.67741935483871
"ECK120004137"	"yqiB"	"-"	3174880	3175302	423	"HS30'"	336	47.8498831919394	11	180	50	1	-4.73244659123357	"SD"	NA	NA
"ECK120004139"	"insC-5"	"+"	3184164	3184574	411	"HS30'"	2	0	0	0	0	0.0656934306569343	NA	"NO"	NA	NA
"ECK120004140"	"insD-5"	"+"	3184532	3185437	906	"HS30'"	1	0	0	0	0	0.00441501103752759	NA	"NO"	NA	NA
"ECK120004141"	"yqiG"	"+"	3185422	3187887	2466	"HS30'"	57	1.39239916874354	47	358	61.4525139664804	0.560827250608273	1.65993066585833	"AD"	NA	NA
"ECK120004142"	"yqiH"	"+"	3187903	3188652	750	"HS30'"	10	0.803194467864697	17	336	47.6190476190476	0.309333333333333	1.99425066747881	"AD"	NA	NA
"ECK120004145"	"yqiK"	"+"	3190886	3192547	1662	"HS30'"	13	0.471188090353839	6	100	0	0.312876052948255	-Inf	"SD"	NA	NA
"ECK120004152"	"ygjJ"	"+"	3225823	3226893	1071	"HS30'"	4	0	0	0	0	0.186741363211951	NA	"NO"	NA	NA
"ECK120004153"	"ygjK"	"+"	3226910	3229261	2352	"HS30'"	21	0.537853438302253	9	115	0	0.259353741496599	-Inf	"SD"	NA	NA
"ECK120004155"	"higB"	"-"	3232163	3232477	315	"HS30'"	477	91.2199431360621	0	0	0	0.980952380952381	-Inf	"SD"	NA	NA
"ECK120004158"	"ygjQ"	"+"	3234562	3235254	693	"HS30'"	5	0.434629041052325	7	119	0	0.376623376623377	-Inf	"SD"	NA	NA
"ECK120004159"	"ygjR"	"+"	3235315	3236319	1005	"HS30'"	27	1.6183769128617	7	246	28.4552845528455	0.675621890547264	-0.209120817056641	"SD"	2	5.55555555555556
"ECK120004160"	"alx"	"+"	3236602	3237567	966	"HS30'"	42	2.61911239521097	3	101	0	0.732919254658385	-Inf	"SD"	NA	NA
"ECK120004162"	"yqjA"	"+"	3245795	3246457	663	"HS30'"	976	88.6784842348354	2	69	0	1	-Inf	"SD"	0	0
"ECK120004163"	"mzrA"	"+"	3246461	3246844	384	"HS30'"	80	12.5499135603859	4	129	0	0.921875	-Inf	"SD"	NA	NA
"ECK120004164"	"yqjC"	"+"	3246991	3247359	369	"HS30'"	167	27.262901653131	0	0	0	1	-Inf	"SD"	NA	NA
"ECK120004165"	"yqjD"	"+"	3247397	3247702	306	"HS30'"	190	37.4036639446795	0	0	0	1	-Inf	"SD"	NA	NA
"ECK120004166"	"yqjE"	"+"	3247705	3248109	405	"HS30'"	139	20.6748205617024	0	0	0	1	-Inf	"SD"	NA	NA
"ECK120004167"	"yqjK"	"+"	3248099	3248398	300	"HS30'"	215	43.1717026477275	6	298	20.1342281879195	1	-5.16897968138949	"SD"	NA	NA
"ECK120004168"	"yqjF"	"+"	3248584	3248976	393	"HS30'"	4	0.613125547988319	0	0	0	0.559796437659033	-Inf	"SD"	NA	NA
"ECK120004169"	"yqjG"	"+"	3249046	3250032	987	"HS30'"	15	0.915495214131494	6	158	0	0.350557244174265	-Inf	"SD"	2	5.40540540540541
"ECK120004170"	"yhaH"	"+"	3250326	3250691	366	"HS30'"	330	54.3143799990472	2	70	0	1	-Inf	"SD"	NA	NA
"ECK120004176"	"tdcG"	"-"	3256307	3257671	1365	"HS30'"	4298	189.67746279574	2	100	0	0.946520146520146	-Inf	"SD"	3	6.12244897959184
"ECK120004177"	"tdcF"	"-"	3257743	3258132	390	"HS30'"	31	4.78827471227031	1	53	0	1	-Inf	"SD"	9	64.2857142857143
"ECK120004178"	"tdcE"	"-"	3258146	3260440	2295	"HS30'"	146	3.83223504275313	2	50	0	0.873202614379085	-Inf	"SD"	42	48.8372093023256
"ECK120004182"	"agaV"	"+"	3278239	3278712	474	"HS30'"	5	0.635438661285362	2	93	0	0.784810126582278	-Inf	"SD"	NA	NA
"ECK120004183"	"agaW"	"+"	3278723	3279124	402	"HS30'"	3	0.449549142461584	1	96	0	0.251243781094527	-Inf	"SD"	NA	NA
"ECK120004184"	"agaS"	"+"	3279998	3281152	1155	"HS30'"	4	0.208621939705116	2	47	0	0.271861471861472	-Inf	"SD"	NA	NA
"ECK120004185"	"agaD"	"+"	3283500	3284291	792	"HS30'"	13	0.98878106839404	4	96	0	0.516414141414141	-Inf	"SD"	NA	NA
"ECK120004186"	"agaI"	"+"	3284292	3285047	756	"HS30'"	5	0.398409954297965	3	157	0	0.313492063492063	-Inf	"SD"	NA	NA
"ECK120004187"	"yraH"	"+"	3285448	3286032	585	"HS30'"	13	1.33865744644116	2	94	0	0.678632478632479	-Inf	"SD"	NA	NA
"ECK120004188"	"yraI"	"+"	3286112	3286807	696	"HS30'"	1	0	22	196	56.1224489795918	0.0818965517241379	Inf	"AD"	NA	NA
"ECK120004193"	"yraN"	"+"	3293416	3293811	396	"HS30'"	55	8.36660904025726	0	0	0	0.977272727272727	-Inf	"SD"	NA	NA
"ECK120004203"	"yhbV"	"+"	3300511	3301389	879	"HS30'"	16	1.09651121892791	1	47	0	0.650739476678043	-Inf	"SD"	0	0
"ECK120004207"	"ibaG"	"-"	3334571	3334825	255	"HS30'"	315	74.413605110994	0	0	0	1	-Inf	"SD"	NA	NA
"ECK120004208"	"mlaB"	"-"	3334985	3335278	294	"HS30'"	140	28.6855167094535	1	62	0	1	-Inf	"SD"	NA	NA
"ECK120004209"	"mlaC"	"-"	3335278	3335913	636	"HS30'"	560	53.0411441042725	1	100	0	1	-Inf	"SD"	15	62.5
"ECK120004210"	"kdsD"	"+"	3339288	3340274	987	"HS30'"	554	33.8122899085898	4	105	0	0.977710233029382	-Inf	"SD"	3	8.57142857142857
"ECK120004211"	"kdsC"	"+"	3340295	3340861	567	"HS30'"	278	29.5354579452891	1	100	0	1	-Inf	"SD"	2	10
"ECK120004212"	"lptC"	"+"	3340858	3341433	576	"HS30'"	124	12.9682440123988	7	267	26.2172284644195	1	-3.21148440990403	"SD"	1	4.54545454545455
"ECK120004213"	"lptA"	"+"	3341402	3341959	558	"HS30'"	115	12.414968253285	5	226	0	1	-Inf	"SD"	5	25
"ECK120004217"	"yhcD"	"+"	3360829	3363210	2382	"HS30'"	42	1.06215893105533	96	638	57.9937304075235	0.626784214945424	2.80052561769723	"AD"	NA	NA
"ECK120004223"	"nanK"	"-"	3367497	3368372	876	"HS30'"	8	0.550133197167601	0	0	0	0.422374429223744	-Inf	"SD"	3	10
"ECK120004224"	"nanE"	"-"	3368369	3369058	690	"HS30'"	9	0.785733718563291	0	0	0	0.666666666666667	-Inf	"SD"	8	33.3333333333333
"ECK120004229"	"degQ"	"+"	3378765	3380132	1368	"HS30'"	170	7.48591335180913	2	100	0	0.95906432748538	-Inf	"SD"	9	19.1489361702128
"ECK120004232"	"aaeB"	"-"	3384243	3386210	1968	"HS30'"	59	1.8059631708848	7	74	0	0.712906504065041	-Inf	"SD"	NA	NA
"ECK120004233"	"aaeA"	"-"	3386216	3387148	933	"HS30'"	51	3.29283905635849	3	123	0	0.818863879957128	-Inf	"SD"	NA	NA
"ECK120004237"	"yhdP"	"-"	3390480	3394280	3801	"HS30'"	81	1.28371649362748	25	137	87.5912408759124	0.64141015522231	0.902707784681422	"AD"	3	2.15827338129496
"ECK120004239"	"yhdT"	"+"	3405397	3405639	243	"HS30'"	12	2.9747943254248	0	0	0	0.934156378600823	-Inf	"SD"	NA	NA
"ECK120004241"	"yhdV"	"+"	3416412	3416633	222	"HS30'"	96	26.0495503091253	3	114	0	1	-Inf	"SD"	NA	NA
"ECK120004244"	"tsaC"	"-"	3428865	3429437	573	"HS30'"	15	1.57695248926315	4	163	0	0.663176265270506	-Inf	"SD"	4	19.047619047619
"ECK120004245"	"yrdD"	"-"	3429442	3429984	543	"HS30'"	153	16.9735847490744	7	191	36.6492146596859	1	-3.59979255584776	"SD"	NA	NA
"ECK120004248"	"gspD"	"+"	3454399	3456351	1953	"HS30'"	23	0.70942675733057	45	519	48.1695568400771	0.414746543778802	2.81720244458743	"AD"	NA	NA
"ECK120004249"	"gspE"	"+"	3456361	3457842	1482	"HS30'"	4	0	20	481	31.1850311850312	0.131578947368421	Inf	"AD"	NA	NA
"ECK120004250"	"gspF"	"+"	3457839	3459035	1197	"HS30'"	4	0	10	199	0	0.229741019214703	NA	"NO"	NA	NA
"ECK120004251"	"gspG"	"+"	3459045	3459482	438	"HS30'"	3	0.412599897875701	2	100	0	0.351598173515982	-Inf	"SD"	NA	NA
"ECK120004252"	"gspH"	"+"	3459490	3459999	510	"HS30'"	1	0	0	0	0	0.0588235294117647	NA	"NO"	NA	NA
"ECK120004253"	"gspI"	"+"	3459996	3460373	378	"HS30'"	0	0	0	0	0	0	NA	"NO"	NA	NA
"ECK120004254"	"gspJ"	"+"	3460366	3460953	588	"HS30'"	0	0	7	153	0	0	NA	"NO"	NA	NA
"ECK120004255"	"gspK"	"+"	3460946	3461929	984	"HS30'"	2	0	10	217	27.6497695852535	0.0833333333333333	Inf	"AD"	NA	NA
"ECK120004256"	"gspL"	"+"	3461944	3463107	1164	"HS30'"	31	1.60431884689469	39	218	133.02752293578	0.56872852233677	1.85409200463191	"AD"	NA	NA
"ECK120004257"	"tusB"	"-"	3472700	3472987	288	"HS30'"	517	108.138421845325	5	101	0	0.711805555555556	-Inf	"SD"	2	18.1818181818182
"ECK120004258"	"tusC"	"-"	3472995	3473354	360	"HS30'"	11	1.8406539888566	3	68	0	0.847222222222222	-Inf	"SD"	NA	NA
"ECK120004259"	"tusD"	"-"	3473354	3473740	387	"HS30'"	57	8.87249702873794	3	68	0	0.888888888888889	-Inf	"SD"	NA	NA
"ECK120004260"	"yheO"	"-"	3473740	3474462	723	"HS30'"	75	6.24891961512991	2	57	0	1	-Inf	"SD"	2	7.40740740740741
"ECK120004263"	"yheT"	"+"	3481224	3482246	1023	"HS30'"	8	0	2	54	0	0.15347018572825	NA	"NO"	NA	NA
"ECK120004264"	"yheU"	"+"	3482240	3482458	219	"HS30'"	44	12.1029303376872	0	0	0	1	-Inf	"SD"	NA	NA
"ECK120004266"	"yhfL"	"+"	3497470	3497637	168	"HS30'"	100	35.8568958868169	0	0	0	1	-Inf	"SD"	NA	NA
"ECK120004267"	"frlB"	"+"	3499290	3500312	1023	"HS30'"	9	0.5299670242509	10	195	0	0.357771260997067	-Inf	"SD"	NA	NA
"ECK120004268"	"frlC"	"+"	3500362	3501192	831	"HS30'"	22	1.59479045965915	0	0	0	0.513838748495788	-Inf	"SD"	NA	NA
"ECK120004269"	"frlD"	"+"	3501189	3501974	786	"HS30'"	23	1.76273595046642	2	77	0	0.861323155216285	-Inf	"SD"	NA	NA
"ECK120004272"	"yhfT"	"-"	3504054	3505358	1305	"HS30'"	21	0.969372633629807	4	54	0	0.590038314176245	-Inf	"SD"	NA	NA
"ECK120004273"	"yhfU"	"-"	3505370	3505723	354	"HS30'"	4	0.680673277851438	35	544	64.3382352941177	0.350282485875706	3.36232054401089	"AD"	NA	NA
"ECK120004274"	"php"	"-"	3505734	3506612	879	"HS30'"	4	0.274127804731979	36	544	64.3382352941177	0.277588168373151	4.6744343490713	"AD"	NA	NA
"ECK120004275"	"yhfW"	"-"	3506609	3507835	1227	"HS30'"	4	0	3	53	0	0.0562347188264059	NA	"NO"	NA	NA
"ECK120004276"	"yhfX"	"-"	3507835	3508998	1164	"HS30'"	11	0.569274429543278	0	0	0	0.435567010309278	-Inf	"SD"	NA	NA
"ECK120004277"	"yhfY"	"-"	3509082	3509444	363	"HS30'"	11	1.82544197241977	0	0	0	0.84297520661157	-Inf	"SD"	NA	NA
"ECK120004278"	"yhfZ"	"-"	3509461	3510366	906	"HS30'"	56	3.72341806294893	1	79	0	0.952538631346578	-Inf	"SD"	NA	NA
"ECK120004279"	"hofP"	"-"	3518637	3519041	405	"HS30'"	6	0.892438297627442	0	0	0	0.592592592592593	-Inf	"SD"	NA	NA
"ECK120004280"	"hofO"	"-"	3519031	3519471	441	"HS30'"	0	0	0	0	0	0	NA	"NO"	NA	NA
"ECK120004281"	"hofN"	"-"	3519455	3519994	540	"HS30'"	0	0	0	0	0	0	NA	"NO"	NA	NA
"ECK120004285"	"yrfG"	"+"	3526691	3527359	669	"HS30'"	1020	91.8451073118824	1	100	0	0.937219730941704	-Inf	"SD"	0	0
"ECK120004286"	"hslR"	"+"	3527370	3527771	402	"HS30'"	1982	297.002133452953	4	115	0	1	-Inf	"SD"	NA	NA
"ECK120004289"	"yhgF"	"+"	3535407	3537728	2322	"HS30'"	319	8.27580863206843	2	100	0	0.693367786391042	-Inf	"SD"	10	11.7647058823529
"ECK120004291"	"nfuA"	"+"	3543646	3544221	576	"HS30'"	1449	151.54020624166	1	100	0	1	-Inf	"SD"	8	38.0952380952381
"ECK120004296"	"yhhW"	"-"	3576973	3577668	696	"HS30'"	24	2.07722707206387	5	63	0	0.824712643678161	-Inf	"SD"	3	11.5384615384615
"ECK120004297"	"yhhX"	"-"	3577791	3578828	1038	"HS30'"	27	1.56692562372448	4	66	0	0.925818882466281	-Inf	"SD"	7	17.9487179487179
"ECK120004299"	"yhhZ"	"+"	3579886	3581064	1179	"HS30'"	10	0	3	53	0	0.232400339270568	NA	"NO"	NA	NA
"ECK120004300"	"yrhA"	"+"	3581064	3581477	414	"HS30'"	0	0	10	205	48.780487804878	0	Inf	"AD"	NA	NA
"ECK120004301"	"insA-6"	"+"	3581506	3581781	276	"HS30'"	0	0	0	0	0	0	NA	"NO"	NA	NA
"ECK120004302"	"insB-6"	"+"	3581700	3582203	504	"HS30'"	1	0	0	0	0	0.0952380952380952	NA	"NO"	NA	NA
"ECK120004307"	"insK"	"+"	3719177	3720072	896	"HS30'"	101	6.79039965856594	15	439	27.3348519362187	0.892857142857143	-1.5004620829901	"SD"	NA	NA
"ECK120004311"	"rffT"	"+"	3975548	3976627	1080	"HS30'"	107	5.96818111538351	2	155	0	0.981481481481482	-Inf	"SD"	2	4.8780487804878
"ECK120004314"	"tatA"	"+"	4019968	4020237	270	"HS30'"	599	133.642635069709	3	65	0	1	-Inf	"SD"	1	10
"ECK120004315"	"tatB"	"+"	4020241	4020756	516	"HS30'"	251	29.3025888712266	5	166	0	1	-Inf	"SD"	0	0
"ECK120004320"	"phnE_2"	"-"	4320466	4320834	369	"HS30'"	0	0	3	102	0	0	NA	"NO"	NA	NA
"ECK120004321"	"yjcZ"	"+"	4327383	4328261	879	"HS30'"	27	1.85036268194086	6	149	0	0.783845278725825	-Inf	"SD"	0	0
"ECK120004323"	"dcuR"	"-"	4347338	4348057	720	"HS30'"	43	3.59764188731062	10	257	35.0194552529183	0.673611111111111	-0.999054679947179	"SD"	0	0
"ECK120004326"	"yjdJ"	"+"	4350108	4350380	273	"HS30'"	29	6.39907680441654	0	0	0	0.908424908424908	-Inf	"SD"	NA	NA
"ECK120004327"	"ghoS"	"+"	4350607	4350903	297	"HS30'"	12	2.43392262989302	5	193	0	0.740740740740741	-Inf	"SD"	NA	NA
"ECK120004334"	"yjeN"	"+"	4383416	4383730	315	"HS30'"	7	1.33865744644116	0	0	0	0.698412698412698	-Inf	"SD"	NA	NA
"ECK120004340"	"yjeT"	"+"	4402409	4402606	198	"HS30'"	53	16.1247374230413	0	0	0	1	-Inf	"SD"	NA	NA
"ECK120004341"	"rlmB"	"+"	4407298	4408029	732	"HS30'"	128	10.5336979392091	5	206	0	0.971311475409836	-Inf	"SD"	5	18.5185185185185
"ECK120004342"	"yjfI"	"+"	4408156	4408557	402	"HS30'"	19	2.84714456892337	2	100	0	0.694029850746269	-Inf	"SD"	NA	NA
"ECK120004343"	"yjfJ"	"+"	4408576	4409274	699	"HS30'"	8	0.689437311471843	1	36	0	0.399141630901288	-Inf	"SD"	NA	NA
"ECK120004344"	"yjfK"	"+"	4409325	4409984	660	"HS30'"	3	0.273816295862965	1	96	0	0.254545454545455	-Inf	"SD"	NA	NA
"ECK120004345"	"yjfL"	"+"	4410002	4410400	399	"HS30'"	0	0	2	100	0	0	NA	"NO"	NA	NA
"ECK120004346"	"yjfM"	"+"	4410410	4411048	639	"HS30'"	27	2.54533458126136	0	0	0	0.69170579029734	-Inf	"SD"	NA	NA
"ECK120004353"	"ulaD"	"+"	4420209	4420859	651	"HS30'"	12	1.11040709843046	0	0	0	0.50384024577573	-Inf	"SD"	NA	NA
"ECK120004354"	"ulaE"	"+"	4420869	4421723	855	"HS30'"	33	2.32503661750307	0	0	0	0.821052631578947	-Inf	"SD"	NA	NA
"ECK120004362"	"ytfF"	"-"	4430114	4431088	975	"HS30'"	52	3.21277787145879	3	100	0	0.779487179487179	-Inf	"SD"	NA	NA
"ECK120004378"	"tabA"	"+"	4472885	4473337	453	"HS30'"	158	21.0107162123547	3	266	0	0.984547461368653	-Inf	"SD"	5	29.4117647058824
"ECK120004386"	"idnR"	"-"	4488164	4489162	999	"HS30'"	59	3.5576932135148	144	322	232.919254658385	0.8998998998999	2.07594848590939	"AD"	NA	NA
"ECK120004387"	"idnO"	"-"	4490610	4491374	765	"HS30'"	46	3.62224956095844	0	0	0	0.796078431372549	-Inf	"SD"	0	0
"ECK120004389"	"insC-6"	"+"	4496250	4496660	411	"HS30'"	2	0	0	0	0	0.0462287104622871	NA	"NO"	NA	NA
"ECK120004396"	"yjhC"	"+"	4503310	4504428	1119	"HS30'"	48	2.58400364996686	4	70	0	0.61751563896336	-Inf	"SD"	10	24.390243902439
"ECK120004405"	"yjhG"	"-"	4520150	4522117	1968	"HS30'"	56	1.7141345350771	38	165	78.7878787878788	0.635670731707317	0.601031278405656	"AD"	0	0
"ECK120004406"	"yjhH"	"-"	4522128	4523033	906	"HS30'"	10	0.664896082669452	9	133	0	0.428256070640177	-Inf	"SD"	NA	NA
"ECK120004407"	"yjhI"	"-"	4523038	4523826	789	"HS30'"	7	0.534444988122898	2	40	0	0.362484157160963	-Inf	"SD"	NA	NA
"ECK120004408"	"sgcR"	"-"	4524129	4524911	783	"HS30'"	16	1.23094937603785	22	248	80.6451612903226	0.720306513409962	1.70022856916133	"AD"	NA	NA
"ECK120004409"	"sgcE"	"-"	4524928	4525560	633	"HS30'"	9	0.856486991798848	1	100	0	0.345971563981043	-Inf	"SD"	NA	NA
"ECK120004410"	"sgcQ"	"-"	4526134	4526940	807	"HS30'"	5	0	619	378	1595.2380952381	0.182156133828996	Inf	"AD"	NA	NA
"ECK120004411"	"yjhP"	"-"	4530460	4531206	747	"HS30'"	4	0.322568059383413	1	82	0	0.309236947791165	-Inf	"SD"	NA	NA
"ECK120004412"	"yjhQ"	"-"	4531262	4531807	546	"HS30'"	10	1.10328910420975	1	100	0	0.730769230769231	-Inf	"SD"	NA	NA
"ECK120004415"	"nanM"	"-"	4535682	4536788	1107	"HS30'"	92	5.00636118181248	0	0	0	0.93676603432701	-Inf	"SD"	8	20
"ECK120004420"	"iadA"	"-"	4556377	4557549	1173	"HS30'"	97	4.98144906540126	2	74	0	0.942881500426258	-Inf	"SD"	12	29.2682926829268
"ECK120004421"	"yjiG"	"-"	4557562	4558023	462	"HS30'"	12	1.56466454778837	2	100	0	0.5995670995671	-Inf	"SD"	NA	NA
"ECK120004425"	"yjiK"	"-"	4560766	4561734	969	"HS30'"	32	1.98933614331814	22	108	83.3333333333333	0.664602683178535	-0.14429016615968	"SD"	NA	NA
"ECK120004426"	"yjiL"	"-"	4561945	4562712	768	"HS30'"	9	0.705932637771707	3	65	0	0.373697916666667	-Inf	"SD"	NA	NA
"ECK120004427"	"yjiM"	"-"	4562722	4563873	1152	"HS30'"	22	1.15040874303537	3	125	0	0.677951388888889	-Inf	"SD"	NA	NA
"ECK120004428"	"yjiN"	"-"	4563989	4565269	1281	"HS30'"	25	1.17563593071531	4	119	0	0.551131928181108	-Inf	"SD"	NA	NA
"ECK120004433"	"yjiT"	"+"	4570437	4571954	1518	"HS30'"	90	3.57151690256041	9	147	0	0.83399209486166	-Inf	"SD"	NA	NA
"ECK120004434"	"symE"	"-"	4577522	4577863	342	"HS30'"	15	2.6420870653444	1	41	0	1	-Inf	"SD"	NA	NA
"ECK120004435"	"yjiX"	"-"	4586899	4587102	204	"HS30'"	61	18.0128171102009	7	158	44.3037974683544	0.906862745098039	-3.68552509655085	"SD"	NA	NA
"ECK120004444"	"yjjU"	"+"	4610434	4611507	1074	"HS30'"	47	2.63618296017045	5	97	0	0.864990689013035	-Inf	"SD"	NA	NA
"ECK120004450"	"cysT"	"-"	1989938	1990011	74	"HS30'"	3551	2890.68603586575	0	0	0	1	-Inf	"SD"	NA	NA
"ECK120004454"	""	"+"	732593	732814	222	"HS30'"	9	2.4421453414805	0	0	0	0.684684684684685	-Inf	"SD"	NA	NA
"ECK120004455"	"ydbA_2"	"+"	1468714	1472037	3324	"HS30'"	999	18.1044962409033	17	117	59.8290598290598	1	-3.69284930198154	"SD"	NA	NA
"ECK120004458"	"molR_2"	"+"	2195432	2197369	1938	"HS30'"	71	2.20691978399356	30	490	42.8571428571429	0.383384932920537	0.928355135672087	"AD"	NA	NA
"ECK120004459"	"molR_3"	"+"	2197344	2198291	948	"HS30'"	0	0	2	100	0	0	NA	"NO"	NA	NA
"ECK120004461"	"ilvG_1"	"+"	3948583	3949566	984	"HS30'"	1525	93.3591130711634	1	74	0	1	-Inf	"SD"	NA	NA
"ECK120004465"	"dgoD"	"-"	3869873	3871021	1149	"HS30'"	6	0.314567023967897	1	38	0	0.44473455178416	-Inf	"SD"	NA	NA
"ECK120004466"	"rpe"	"-"	3512404	3513081	678	"HS30'"	108	9.59568612050744	1	43	0	1	-Inf	"SD"	17	68
"ECK120004467"	"thiM"	"-"	2182535	2183323	789	"HS30'"	29	2.21412923650915	0	0	0	0.560202788339671	-Inf	"SD"	NA	NA
"ECK120004470"	"mhpB"	"+"	369501	370445	945	"HS30'"	5	0	2	60	0	0.144973544973545	NA	"NO"	NA	NA
"ECK120004471"	"mhpC"	"+"	370463	371329	867	"HS30'"	2	0	15	171	46.7836257309942	0.146482122260669	Inf	"AD"	NA	NA
"ECK120004472"	"mhpD"	"+"	371339	372148	810	"HS30'"	2	0	0	0	0	0.122222222222222	NA	"NO"	NA	NA
"ECK120004473"	"mhpF"	"+"	372145	373095	951	"HS30'"	11	0.696777535213854	3	101	0	0.532071503680337	-Inf	"SD"	NA	NA
"ECK120004474"	"hcaF"	"+"	2668412	2668930	519	"HS30'"	10	1.16068564720332	0	0	0	0.631984585741811	-Inf	"SD"	NA	NA
"ECK120004475"	"ruvA"	"-"	1943389	1944000	612	"HS30'"	210	20.670445864165	1	97	0	1	-Inf	"SD"	3	13.6363636363636
"ECK120015144"	"sgcB"	"-"	4528278	4528556	279	"HS30'"	0	0	7	240	29.1666666666667	0	Inf	"AD"	NA	NA
"ECK120015304"	"ymgF"	"+"	1218206	1218424	219	"HS30'"	7	1.9254661900866	0	0	0	0.493150684931507	-Inf	"SD"	NA	NA
"ECK120016284"	"ykfH"	"-"	263250	263471	222	"HS30'"	0	0	2	100	0	0	NA	"NO"	NA	NA
"ECK120016285"	"ykgN"	"-"	279248	279586	339	"HS30'"	43	7.64100931818186	39	322	121.11801242236	0.952802359882006	0.0297109042794233	"AD"	NA	NA
"ECK120016287"	"ylcG"	"+"	572953	573093	141	"HS30'"	4	1.70892439971212	0	0	0	0.51063829787234	-Inf	"SD"	NA	NA
"ECK120016289"	"ybdZ"	"+"	613165	613383	219	"HS30'"	2	0.550133197167601	0	0	0	0.264840182648402	-Inf	"SD"	NA	NA
"ECK120016292"	"ybfQ"	"+"	735668	735922	255	"HS30'"	0	0	0	0	0	0	NA	"NO"	NA	NA
"ECK120016293"	"cydX"	"+"	773419	773532	114	"HS30'"	115	60.7680025029212	0	0	0	1	-Inf	"SD"	NA	NA
"ECK120016296"	"ymgH"	"+"	1222688	1222909	222	"HS30'"	0	0	2	92	0	0	NA	"NO"	NA	NA
"ECK120016297"	"ymjB"	"+"	1379813	1379926	114	"HS30'"	0	0	0	0	0	0	NA	"NO"	NA	NA
"ECK120016301"	"rzoR"	"+"	1421424	1421609	186	"HS30'"	0	0	8	229	34.9344978165939	0	Inf	"AD"	NA	NA
"ECK120016310"	"yehK"	"+"	2201994	2202311	318	"HS30'"	2	0.378865315030518	0	0	0	0.367924528301887	-Inf	"SD"	NA	NA
"ECK120016312"	"arnE"	"+"	2370579	2370914	336	"HS30'"	4	0.717137917736337	0	0	0	0.395833333333333	-Inf	"SD"	NA	NA
"ECK120016313"	"ypdJ"	"+"	2474116	2474256	141	"HS30'"	17	7.26292869877652	2	100	0	1	-Inf	"SD"	NA	NA
"ECK120016316"	"ypjJ"	"+"	2774899	2775099	201	"HS30'"	2	0.599398856615446	0	0	0	0.263681592039801	-Inf	"SD"	NA	NA
"ECK120016318"	"yheV"	"-"	3476614	3476814	201	"HS30'"	62	18.5813645550788	1	48	0	1	-Inf	"SD"	NA	NA
"ECK120016322"	"yidD"	"+"	3882839	3883096	258	"HS30'"	242	56.5037968672258	1	100	0	1	-Inf	"SD"	NA	NA
"ECK120016323"	"yifL"	"+"	3992545	3992748	204	"HS30'"	143	42.2267679796514	11	207	53.1400966183575	1	-4.26258239918667	"SD"	NA	NA
"ECK120016327"	"ytjA"	"+"	4610133	4610312	180	"HS30'"	51	17.0678824421248	1	73	0	1	-Inf	"SD"	NA	NA
"ECK120016545"	"efeU_2"	"+"	1080677	1081408	732	"HS30'"	8	0.658356121200572	1	97	0	0.543715846994536	-Inf	"SD"	NA	NA
"ECK120016922"	"ymiA"	"+"	1333184	1333312	129	"HS30'"	341	159.237972989455	0	0	0	1	-Inf	"SD"	NA	NA
"ECK120016923"	"yciX"	"+"	1333315	1333482	168	"HS30'"	497	178.20877255748	0	0	0	1	-Inf	"SD"	NA	NA
"ECK120016925"	"yjhW"	"+"	4507574	4507816	243	"HS30'"	16	3.96639243389974	5	211	0	0.868312757201646	-Inf	"SD"	NA	NA
"ECK120023909"	"insEF-3"	"+"	566056	567227	1172	"HS30'"	6	0	0	0	0	0.0341296928327645	NA	"NO"	NA	NA
"ECK120023913"	"insAB-2"	"-"	278402	279099	698	"HS30'"	4	0	0	0	0	0.0501432664756447	NA	"NO"	NA	NA
"ECK120023915"	"insAB-5"	"-"	1976542	1977239	698	"HS30'"	0	0	0	0	0	0	NA	"NO"	NA	NA
"ECK120023916"	"insAB-6"	"+"	3581506	3582203	698	"HS30'"	1	0	0	0	0	0.0687679083094556	NA	"NO"	NA	NA
"ECK120023920"	"insCD-4"	"-"	2994394	2995667	1274	"HS30'"	3	0	0	0	0	0.0172684458398744	NA	"NO"	NA	NA
"ECK120023921"	"insCD-5"	"+"	3184164	3185437	1274	"HS30'"	3	0	0	0	0	0.0243328100470958	NA	"NO"	NA	NA
"ECK120026444"	"yahH"	"+"	339017	339313	297	"HS30'"	3	0	2	117	0	0.0909090909090909	NA	"NO"	NA	NA
"ECK120026445"	"ylbE_1"	"+"	547581	547841	261	"HS30'"	3	0	0	0	0	0.218390804597701	NA	"NO"	NA	NA
"ECK120026451"	"wbbL_2"	"-"	2099420	2099701	282	"HS30'"	35	7.47654424874053	12	227	48.4581497797357	0.964539007092199	-1.76486806892595	"SD"	NA	NA
"ECK120026454"	"yrhC"	"+"	3621910	3622155	246	"HS30'"	2	0	0	0	0	0.215447154471545	NA	"NO"	NA	NA
"ECK120026458"	"insB-7_1"	"+"	4516744	4517037	294	"HS30'"	1	0	0	0	0	0.0646258503401361	NA	"NO"	NA	NA
"ECK120029856"	"uof"	"-"	709862	709948	87	"HS30'"	503	348.281739082709	0	0	0	1	-Inf	"SD"	NA	NA
"ECK120030068"	"ylcH"	"+"	571591	571692	102	"HS30'"	11	6.49642584302329	3	103	0	1	-Inf	"SD"	NA	NA
"ECK120030072"	"appX"	"+"	1039668	1039760	93	"HS30'"	34	22.0230741188707	0	0	0	1	-Inf	"SD"	NA	NA
"ECK120030075"	"yciZ"	"-"	1342460	1342633	174	"HS30'"	321	111.131648355417	56	578	96.8858131487889	1	-3.31069909223304	"SD"	NA	NA
"ECK120030077"	"ydgU"	"+"	1669801	1669884	84	"HS30'"	2	1.43427583547267	32	230	139.130434782609	0.916666666666667	2.15774939976169	"AD"	NA	NA
"ECK120030086"	"yrhD"	"+"	3582427	3582582	156	"HS30'"	4	1.54460474589365	6	183	32.7868852459016	0.685897435897436	-0.364203303433667	"SD"	NA	NA
"ECK120030091"	"ytcA"	"-"	4302151	4302426	276	"HS30'"	0	0	0	0	0	0	NA	"NO"	NA	NA
"ECK120033231"	"ykfL"	"-"	265777	265998	222	"HS30'"	1	0	5	154	0	0.247747747747748	NA	"NO"	NA	NA
"ECK120033232"	"ykfK"	"-"	266000	266191	192	"HS30'"	1	0	5	154	0	0.0729166666666667	NA	"NO"	NA	NA
"ECK120035075"	"ibsA"	"-"	2151373	2151432	60	"HS30'"	14	14.0559031876322	13	155	83.8709677419355	1	-2.43459263132506	"SD"	NA	NA
"ECK120048853"	"ilvX"	"+"	3948530	3948580	51	"HS30'"	1028	1214.24104847781	0	0	0	1	-Inf	"SD"	NA	NA
"ECK120048855"	"yoeI"	"-"	2085076	2085138	63	"HS30'"	57	54.5024817479616	0	0	0	1	-Inf	"SD"	NA	NA
"ECK120048857"	"ymjD"	"-"	1388892	1388957	66	"HS30'"	3	2.73816295862965	5	206	0	1	-Inf	"SD"	NA	NA
"ECK120048863"	"yrbN"	"-"	3305875	3305955	81	"HS30'"	86	63.9580779966333	0	0	0	1	-Inf	"SD"	NA	NA
"ECK120048868"	"yqfG"	"+"	3030839	3030964	126	"HS30'"	17	8.12756306767849	1	76	0	1	-Inf	"SD"	NA	NA
"ECK125121987"	"rpsP5"	"-"	2744205	2744454	250	"HS30'"	801	193.007630627887	1	97	0	1	-Inf	"SD"	NA	NA
"ECK125121997"	"fimA3"	"+"	4541230	4541277	48	"HS30'"	217	272.333124260374	0	0	0	1	-Inf	"SD"	NA	NA
"ECK125121999"	"spy3"	"-"	1823084	1823131	48	"HS30'"	253	317.512813077763	0	0	0	1	-Inf	"SD"	NA	NA
"ECK125122001"	"rpsI3"	"-"	3375389	3375473	85	"HS30'"	275	194.892775290699	0	0	0	1	-Inf	"SD"	NA	NA
"ECK125122003"	"glnA3"	"-"	4054007	4054201	195	"HS30'"	7	2.16244664425111	1	46	0	0.851282051282051	-Inf	"SD"	NA	NA
"ECK125122010"	"ryeF"	"-"	1956157	1956543	387	"HS30'"	82	12.7639430939739	1	55	0	0.24031007751938	-Inf	"SD"	NA	NA
"ECK125135293"	""	"+"	1298697	1298951	255	"HS30'"	220	51.9714067441863	0	0	0	0.949019607843137	-Inf	"SD"	NA	NA
"ECK125135299"	""	"-"	2276280	2276520	241	"HS30'"	534	133.476922979175	0	0	0	0.995850622406639	-Inf	"SD"	NA	NA
"ECK125135311"	""	"-"	4439248	4439353	106	"HS30'"	23	13.0708533685529	35	473	73.9957716701903	1	-0.900926507565922	"SD"	NA	NA
"ECK125145757"	"esrE"	"+"	4018001	4018252	252	"HS30'"	24	5.7371033418907	0	0	0	0.805555555555556	-Inf	"SD"	NA	NA
"ECK125146691"	"nc1"	"-"	296361	296528	168	"HS30'"	3	0	312	700	445.714285714286	0.0892857142857143	Inf	"AD"	NA	NA
"ECK125158035"	"agrB"	"+"	3646317	3646400	84	"HS30'"	74	53.0682059124889	6	85	70.5882352941177	1	-5.4667414651461	"SD"	NA	NA
