"RegDbId"	"Gene"	"Strand"	"Start"	"End"	"Length"	"Sample"	"mRNARaw"	"mRNATPM"	"asRNARaw"	"asRNALen"	"asRNARPK"	"mRNACoverage"	"Gamma"	"TrMode"	"PeptideRaw"	"NPPH"
"ECK120000001"	"alr"	"+"	4263805	4264884	1080	"LB 3.0"	125	13.5804285101099	0	0	0	0.989814814814815	-Inf	"SD"	0	0
"ECK120000002"	"modB"	"+"	795085	795774	690	"LB 3.0"	57	9.69288323573756	1	100	0	0.994202898550725	-Inf	"SD"	NA	NA
"ECK120000005"	"dcuB"	"-"	4345427	4346767	1341	"LB 3.0"	17	1.4874670690268	2	35	0	0.494407158836689	-Inf	"SD"	0	0
"ECK120000006"	"hisM"	"-"	2422539	2423255	717	"LB 3.0"	189	30.9292838770837	3	79	0	1	-Inf	"SD"	NA	NA
"ECK120000008"	"rhsE"	"+"	1525914	1527962	2049	"LB 3.0"	7	0	1	52	0	0.179599804782821	NA	"NO"	NA	NA
"ECK120000010"	"cydC"	"-"	926697	928418	1722	"LB 3.0"	103	7.01828974431881	0	0	0	0.93205574912892	-Inf	"SD"	2	3.17460317460317
"ECK120000011"	"mepM"	"-"	1938337	1939659	1323	"LB 3.0"	190	16.8508174166261	2	93	0	1	-Inf	"SD"	NA	NA
"ECK120000013"	"rodZ"	"-"	2639853	2640866	1014	"LB 3.0"	289	33.4416043122327	4	134	0	1	-Inf	"SD"	6	16.6666666666667
"ECK120000014"	"garL"	"-"	3270809	3271579	771	"LB 3.0"	16	2.43496554764927	0	0	0	0.723735408560311	-Inf	"SD"	5	18.5185185185185
"ECK120000019"	"aceA"	"+"	4215132	4216436	1305	"LB 3.0"	6225	559.700970871839	0	0	0	1	-Inf	"SD"	645	1343.75
"ECK120000020"	"aceB"	"+"	4213501	4215102	1602	"LB 3.0"	12098	886.09091657695	3	90	0	1	-Inf	"SD"	124	206.666666666667
"ECK120000021"	"aceE"	"+"	123017	125680	2664	"LB 3.0"	2590	114.075599484923	4	127	0	1	-Inf	"SD"	124	124
"ECK120000022"	"aceF"	"+"	125695	127587	1893	"LB 3.0"	1182	73.2645824357776	0	0	0	1	-Inf	"SD"	138	209.090909090909
"ECK120000026"	"ada"	"-"	2307363	2308427	1065	"LB 3.0"	23	2.53399319580191	1	100	0	0.551173708920188	-Inf	"SD"	NA	NA
"ECK120000029"	"adk"	"+"	496399	497043	645	"LB 3.0"	226	41.1126944588852	0	0	0	1	-Inf	"SD"	25	104.166666666667
"ECK120000031"	"alaS"	"-"	2817403	2820033	2631	"LB 3.0"	534	23.8148376445475	0	0	0	1	-Inf	"SD"	81	84.375
"ECK120000033"	"puuC"	"+"	1360767	1362254	1488	"LB 3.0"	44	3.46958044516356	0	0	0	0.809811827956989	-Inf	"SD"	NA	NA
"ECK120000034"	"alkB"	"-"	2306713	2307363	651	"LB 3.0"	9	1.62214150682972	2	77	0	0.462365591397849	-Inf	"SD"	0	0
"ECK120000035"	"amn"	"+"	2053085	2054539	1455	"LB 3.0"	148	11.9350965941221	4	40	0	0.958762886597938	-Inf	"SD"	13	24.0740740740741
"ECK120000036"	"ampC"	"-"	4375834	4376967	1134	"LB 3.0"	7	0.724289520539194	8	356	19.6629213483146	0.291887125220459	0.950788420393681	"AD"	1	2.38095238095238
"ECK120000041"	"ansA"	"+"	1848884	1849900	1017	"LB 3.0"	50	5.76867759721482	22	424	44.811320754717	0.902654867256637	-0.602241217022187	"SD"	0	0
"ECK120000042"	"ansB"	"-"	3097704	3098750	1047	"LB 3.0"	17	1.90515123167616	7	137	0	0.59694364851958	-Inf	"SD"	13	35.1351351351351
"ECK120000043"	"apaG"	"-"	51229	51606	378	"LB 3.0"	57	17.6933582874575	2	40	0	0.923280423280423	-Inf	"SD"	NA	NA
"ECK120000047"	"apt"	"+"	490636	491187	552	"LB 3.0"	46	9.77790852727912	4	247	0	1	-Inf	"SD"	24	120
"ECK120000048"	"araA"	"-"	66835	68337	1503	"LB 3.0"	80	6.24537071602658	3	53	0	0.920159680638723	-Inf	"SD"	4	7.14285714285714
"ECK120000051"	"araD"	"-"	65855	66550	696	"LB 3.0"	14	2.36018481692944	0	0	0	0.541666666666667	-Inf	"SD"	NA	NA
"ECK120000052"	"araE"	"-"	2978786	2980204	1419	"LB 3.0"	103	8.51690975314798	0	0	0	0.910500352360817	-Inf	"SD"	NA	NA
"ECK120000054"	"araG"	"-"	1981579	1983093	1515	"LB 3.0"	75	5.8086585310569	7	137	0	0.873267326732673	-Inf	"SD"	1	1.81818181818182
"ECK120000055"	"araH"	"-"	1980578	1981567	990	"LB 3.0"	47	5.57044485796508	5	179	0	0.97979797979798	-Inf	"SD"	NA	NA
"ECK120000058"	"arcB"	"-"	3348711	3351047	2337	"LB 3.0"	207	10.3929502703301	2	39	0	0.954214805305948	-Inf	"SD"	5	5.68181818181818
"ECK120000060"	"argB"	"+"	4154039	4154812	774	"LB 3.0"	1114	168.877365881999	0	0	0	1	-Inf	"SD"	2	7.40740740740741
"ECK120000063"	"argF"	"-"	288525	289529	1005	"LB 3.0"	2408	281.136760999261	0	0	0	1	-Inf	"SD"	1	2.7027027027027
"ECK120000068"	"argT"	"-"	2425031	2425813	783	"LB 3.0"	894	133.968585799043	0	0	0	1	-Inf	"SD"	90	321.428571428571
"ECK120000069"	"aroA"	"+"	958035	959318	1284	"LB 3.0"	40	3.65529290739406	5	286	0	0.775700934579439	-Inf	"SD"	4	8.69565217391304
"ECK120000070"	"aroB"	"-"	3515420	3516508	1089	"LB 3.0"	160	17.239287761594	5	110	0	1	-Inf	"SD"	7	17.9487179487179
"ECK120000071"	"aroC"	"-"	2444410	2445495	1086	"LB 3.0"	151	16.3145214101563	0	0	0	1	-Inf	"SD"	7	17.9487179487179
"ECK120000072"	"aroD"	"+"	1772710	1773468	759	"LB 3.0"	31	4.79233461416052	1	38	0	0.893280632411067	-Inf	"SD"	3	11.1111111111111
"ECK120000073"	"aroE"	"-"	3428042	3428860	819	"LB 3.0"	115	16.4755967858916	0	0	0	0.978021978021978	-Inf	"SD"	4	13.7931034482759
"ECK120000076"	"aroH"	"+"	1786459	1787505	1047	"LB 3.0"	59	6.61199545111138	8	184	0	0.829990448901624	-Inf	"SD"	1	2.56410256410256
"ECK120000077"	"aroK"	"-"	3516565	3517086	522	"LB 3.0"	410	92.1595976134354	0	0	0	1	-Inf	"SD"	20	100
"ECK120000078"	"aroL"	"+"	405629	406153	525	"LB 3.0"	71	15.8681486956987	2	69	0	1	-Inf	"SD"	5	26.3157894736842
"ECK120000079"	"aroM"	"+"	406652	407329	678	"LB 3.0"	30	5.19180983749334	1	39	0	0.915929203539823	-Inf	"SD"	0	0
"ECK120000088"	"asnB"	"-"	696736	698400	1665	"LB 3.0"	146	10.288826270146	2	95	0	1	-Inf	"SD"	15	23.8095238095238
"ECK120000090"	"asnS"	"-"	986808	988208	1401	"LB 3.0"	465	38.9441324641096	2	58	0	1	-Inf	"SD"	31	58.4905660377358
"ECK120000094"	"atpA"	"-"	3916339	3917880	1542	"LB 3.0"	798	60.7219533445038	6	130	0	1	-Inf	"SD"	86	156.363636363636
"ECK120000095"	"atpB"	"-"	3919259	3920074	816	"LB 3.0"	706	101.517697356751	14	413	19.3704600484261	1	-5.98751553584824	"SD"	4	13.3333333333333
"ECK120000096"	"atpC"	"-"	3913576	3913995	420	"LB 3.0"	201	56.1531318280887	0	0	0	1	-Inf	"SD"	3	20
"ECK120000097"	"atpD"	"-"	3914016	3915398	1383	"LB 3.0"	894	75.8477242810198	4	59	0	1	-Inf	"SD"	86	172
"ECK120000098"	"atpE"	"-"	3918973	3919212	240	"LB 3.0"	573	280.137079306547	0	0	0	1	-Inf	"SD"	NA	NA
"ECK120000099"	"atpF"	"-"	3918441	3918911	471	"LB 3.0"	705	175.628675458134	0	0	0	1	-Inf	"SD"	66	388.235294117647
"ECK120000100"	"atpG"	"-"	3915425	3916288	864	"LB 3.0"	506	68.716968261156	0	0	0	1	-Inf	"SD"	10	31.25
"ECK120000101"	"atpH"	"-"	3917893	3918426	534	"LB 3.0"	424	93.1647913610415	0	0	0	1	-Inf	"SD"	6	31.5789473684211
"ECK120000102"	"atpI"	"-"	3920083	3920463	381	"LB 3.0"	141	43.4231528298065	1	44	0	1	-Inf	"SD"	NA	NA
"ECK120000104"	"bcp"	"+"	2598500	2598970	471	"LB 3.0"	153	38.1151593547441	0	0	0	1	-Inf	"SD"	10	55.5555555555556
"ECK120000105"	"betA"	"-"	324801	326471	1671	"LB 3.0"	42	2.94917169224936	0	0	0	0.596648713345302	-Inf	"SD"	0	0
"ECK120000106"	"betB"	"-"	326485	327957	1473	"LB 3.0"	74	5.89462509994831	0	0	0	0.922606924643585	-Inf	"SD"	10	18.8679245283019
"ECK120000110"	"bglB"	"-"	3900312	3901724	1413	"LB 3.0"	3	0	1	100	0	0.0912951167728238	NA	"NO"	NA	NA
"ECK120000111"	"bglF"	"-"	3901743	3903620	1878	"LB 3.0"	3	0	11	144	55.5555555555556	0.0830670926517572	Inf	"AD"	NA	NA
"ECK120000112"	"bglG"	"-"	3903754	3904590	837	"LB 3.0"	6	0.841110410948742	0	0	0	0.299880525686977	-Inf	"SD"	NA	NA
"ECK120000115"	"bioC"	"+"	810745	811500	756	"LB 3.0"	9	1.39684407532559	0	0	0	0.458994708994709	-Inf	"SD"	NA	NA
"ECK120000117"	"bioF"	"+"	809604	810758	1155	"LB 3.0"	40	4.06354640094717	0	0	0	0.691774891774892	-Inf	"SD"	NA	NA
"ECK120000123"	"btuC"	"-"	1792196	1793176	981	"LB 3.0"	45	5.38233496914447	0	0	0	0.794087665647299	-Inf	"SD"	NA	NA
"ECK120000124"	"btuD"	"-"	1790833	1791582	750	"LB 3.0"	34	5.31918223883984	0	0	0	0.856	-Inf	"SD"	0	0
"ECK120000125"	"btuE"	"-"	1791582	1792133	552	"LB 3.0"	93	19.7683802834121	0	0	0	1	-Inf	"SD"	6	30
"ECK120000127"	"cadA"	"-"	4354493	4356640	2148	"LB 3.0"	3	0	11	182	0	0.123836126629423	NA	"NO"	1	1.23456790123457
"ECK120000128"	"cadB"	"-"	4356720	4358054	1335	"LB 3.0"	1	0	0	0	0	0.0749063670411985	NA	"NO"	NA	NA
"ECK120000129"	"cadC"	"-"	4358419	4359957	1539	"LB 3.0"	3	0	22	417	47.9616306954436	0.115659519168291	Inf	"AD"	NA	NA
"ECK120000130"	"carA"	"+"	29651	30799	1149	"LB 3.0"	103	10.5182723583264	1	51	0	0.927763272410792	-Inf	"SD"	0	0
"ECK120000131"	"carB"	"+"	30817	34038	3222	"LB 3.0"	479	17.4436431454998	0	0	0	0.982309124767225	-Inf	"SD"	15	12.7118644067797
"ECK120000133"	"cdd"	"+"	2229866	2230750	885	"LB 3.0"	7342	973.415652980113	0	0	0	1	-Inf	"SD"	128	400
"ECK120000135"	"cdsA"	"+"	195677	196534	858	"LB 3.0"	154	21.0601106741396	0	0	0	1	-Inf	"SD"	NA	NA
"ECK120000136"	"chbB"	"-"	1819323	1819643	321	"LB 3.0"	38	13.8901130480974	0	0	0	1	-Inf	"SD"	2	18.1818181818182
"ECK120000137"	"chbC"	"-"	1817880	1819238	1359	"LB 3.0"	35	3.02187018503107	1	62	0	0.585724797645327	-Inf	"SD"	NA	NA
"ECK120000138"	"chbA"	"-"	1817479	1817829	351	"LB 3.0"	21	7.02003689137988	0	0	0	0.974358974358974	-Inf	"SD"	NA	NA
"ECK120000139"	"chbR"	"-"	1816629	1817471	843	"LB 3.0"	38	5.28911777988052	2	194	0	0.778173190984579	-Inf	"SD"	NA	NA
"ECK120000140"	"chbF"	"-"	1815172	1816524	1353	"LB 3.0"	29	2.51493877863498	0	0	0	0.526237989652624	-Inf	"SD"	NA	NA
"ECK120000142"	"cheA"	"-"	1971384	1973348	1965	"LB 3.0"	31	1.85108497310322	0	0	0	0.663613231552163	-Inf	"SD"	10	14.0845070422535
"ECK120000143"	"cheB"	"-"	1965476	1966525	1050	"LB 3.0"	1	0	0	0	0	0.06	NA	"NO"	3	8.10810810810811
"ECK120000144"	"cheR"	"-"	1966528	1967388	861	"LB 3.0"	3	0	0	0	0	0.227642276422764	NA	"NO"	0	0
"ECK120000145"	"cheW"	"-"	1970860	1971363	504	"LB 3.0"	17	3.95772488008917	0	0	0	0.841269841269841	-Inf	"SD"	5	27.7777777777778
"ECK120000146"	"cheY"	"-"	1965072	1965461	390	"LB 3.0"	9	2.70772851524653	0	0	0	0.515384615384615	-Inf	"SD"	13	92.8571428571429
"ECK120000147"	"cheZ"	"-"	1964417	1965061	645	"LB 3.0"	14	2.54680408152386	0	0	0	0.730232558139535	-Inf	"SD"	3	12.5
"ECK120000153"	"clpB"	"-"	2729622	2732195	2574	"LB 3.0"	11586	528.143814438489	3	120	0	1	-Inf	"SD"	118	122.916666666667
"ECK120000154"	"clpP"	"+"	455901	456524	624	"LB 3.0"	1173	220.567051971123	0	0	0	1	-Inf	"SD"	12	52.1739130434783
"ECK120000155"	"clpX"	"+"	456650	457924	1275	"LB 3.0"	1523	140.157691172199	2	59	0	1	-Inf	"SD"	12	26.0869565217391
"ECK120000157"	"cpsB"	"-"	2121108	2122544	1437	"LB 3.0"	3	0	2	100	0	0.177453027139875	NA	"NO"	NA	NA
"ECK120000158"	"cpsG"	"-"	2119633	2121003	1371	"LB 3.0"	2	0	3	109	0	0.0940919037199125	NA	"NO"	NA	NA
"ECK120000163"	"cstA"	"+"	629117	631222	2106	"LB 3.0"	11934	664.89777985498	0	0	0	1	-Inf	"SD"	40	53.3333333333333
"ECK120000164"	"lnt"	"-"	688566	690104	1539	"LB 3.0"	153	11.6648733307891	38	380	60.5263157894737	0.925925925925926	-1.34246487485597	"SD"	1	1.75438596491228
"ECK120000165"	"cvpA"	"-"	2428297	2428785	489	"LB 3.0"	86	20.6355860943805	0	0	0	1	-Inf	"SD"	0	0
"ECK120000168"	"cydA"	"+"	770681	772249	1569	"LB 3.0"	529	39.5603335444027	3	145	0	1	-Inf	"SD"	14	24.1379310344828
"ECK120000169"	"cydB"	"+"	772265	773404	1140	"LB 3.0"	405	41.6847679320847	3	37	0	1	-Inf	"SD"	1	2.38095238095238
"ECK120000170"	"cynS"	"+"	358713	359183	471	"LB 3.0"	5	1.24559344296549	1	81	0	0.503184713375796	-Inf	"SD"	NA	NA
"ECK120000173"	"cyoA"	"-"	449887	450834	948	"LB 3.0"	2107	260.785484392115	0	0	0	1	-Inf	"SD"	30	85.7142857142857
"ECK120000174"	"cyoB"	"-"	447874	449865	1992	"LB 3.0"	2090	123.107402542249	1	48	0	1	-Inf	"SD"	3	4.05405405405405
"ECK120000175"	"cyoC"	"-"	447270	447884	615	"LB 3.0"	1019	194.413439791169	1	100	0	1	-Inf	"SD"	NA	NA
"ECK120000176"	"cyoD"	"-"	446941	447270	330	"LB 3.0"	559	198.758213336328	0	0	0	1	-Inf	"SD"	NA	NA
"ECK120000177"	"cyoE"	"-"	446039	446929	891	"LB 3.0"	1274	167.771790757624	1	53	0	1	-Inf	"SD"	NA	NA
"ECK120000178"	"cysA"	"-"	2537739	2538836	1098	"LB 3.0"	92	9.83133972141726	0	0	0	0.999089253187614	-Inf	"SD"	NA	NA
"ECK120000179"	"cysB"	"+"	1331879	1332853	975	"LB 3.0"	216	25.9941937463666	17	324	46.2962962962963	1	-3.11515500246652	"SD"	1	2.77777777777778
"ECK120000180"	"cysC"	"-"	2871409	2872014	606	"LB 3.0"	84	16.2642438869593	2	80	0	1	-Inf	"SD"	NA	NA
"ECK120000183"	"cysG"	"+"	3495850	3497223	1374	"LB 3.0"	102	8.71045126447572	0	0	0	0.939592430858806	-Inf	"SD"	2	4
"ECK120000184"	"cysH"	"-"	2885600	2886334	735	"LB 3.0"	102	16.283210935224	0	0	0	1	-Inf	"SD"	8	28.5714285714286
"ECK120000185"	"cysI"	"-"	2886409	2888121	1713	"LB 3.0"	174	11.9184314097833	0	0	0	0.995329830706363	-Inf	"SD"	18	28.125
"ECK120000187"	"cysK"	"+"	2530431	2531402	972	"LB 3.0"	862	104.056261117464	13	111	108.108108108108	1	-5.43818555931071	"SD"	169	497.058823529412
"ECK120000189"	"cysN"	"-"	2872014	2873441	1428	"LB 3.0"	167	13.7219388576102	0	0	0	0.995798319327731	-Inf	"SD"	16	30.188679245283
"ECK120000190"	"cysP"	"-"	2540534	2541550	1017	"LB 3.0"	73	8.42226929193364	0	0	0	0.946902654867257	-Inf	"SD"	15	39.4736842105263
"ECK120000192"	"cysU"	"-"	2539701	2540534	834	"LB 3.0"	32	4.50205860248823	0	0	0	0.851318944844125	-Inf	"SD"	0	0
"ECK120000193"	"cysW"	"-"	2538826	2539701	876	"LB 3.0"	51	6.83114157385254	3	105	0	0.970319634703196	-Inf	"SD"	NA	NA
"ECK120000194"	"cytR"	"-"	4121454	4122479	1026	"LB 3.0"	189	21.6143241129328	6	70	0	0.962962962962963	-Inf	"SD"	0	0
"ECK120000195"	"dacA"	"-"	661975	663186	1212	"LB 3.0"	111	10.7460182824553	1	42	0	0.945544554455445	-Inf	"SD"	15	34.0909090909091
"ECK120000198"	"dam"	"-"	3513099	3513935	837	"LB 3.0"	23	3.22425657530351	3	179	0	0.891278375149343	-Inf	"SD"	2	6.25
"ECK120000200"	"dapB"	"+"	28374	29195	822	"LB 3.0"	366	52.2440076056081	2	48	0	1	-Inf	"SD"	7	24.1379310344828
"ECK120000201"	"dapD"	"-"	185123	185947	825	"LB 3.0"	443	63.0052869466858	0	0	0	1	-Inf	"SD"	44	146.666666666667
"ECK120000202"	"dapE"	"+"	2589629	2590756	1128	"LB 3.0"	95	9.88192883076081	0	0	0	0.965425531914894	-Inf	"SD"	5	12.1951219512195
"ECK120000203"	"dapF"	"+"	3992785	3993609	825	"LB 3.0"	441	62.7208386986195	3	59	0	1	-Inf	"SD"	2	6.66666666666667
"ECK120000205"	"dcm"	"-"	2028923	2030341	1419	"LB 3.0"	130	10.7494977466916	0	0	0	0.878787878787879	-Inf	"SD"	1	1.88679245283019
"ECK120000208"	"ddlB"	"+"	102233	103153	921	"LB 3.0"	191	24.3332967910138	0	0	0	0.965255157437568	-Inf	"SD"	6	18.1818181818182
"ECK120000209"	"deaD"	"-"	3303993	3305882	1890	"LB 3.0"	1210	75.119170273065	9	137	0	1	-Inf	"SD"	0	0
"ECK120000210"	"dedA"	"-"	2432104	2432763	660	"LB 3.0"	101	17.9557956591853	1	79	0	1	-Inf	"SD"	NA	NA
"ECK120000211"	"accD"	"-"	2431034	2431948	915	"LB 3.0"	662	84.8914812466725	0	0	0	1	-Inf	"SD"	9	27.2727272727273
"ECK120000212"	"dedD"	"-"	2429044	2429706	663	"LB 3.0"	170	30.0858723916281	0	0	0	1	-Inf	"SD"	0	0
"ECK120000213"	"deoA"	"+"	4616252	4617574	1323	"LB 3.0"	2772	245.844557257304	2	100	0	1	-Inf	"SD"	62	131.914893617021
"ECK120000214"	"deoB"	"+"	4617626	4618849	1224	"LB 3.0"	3560	341.268179971703	0	0	0	1	-Inf	"SD"	53	120.454545454545
"ECK120000216"	"deoD"	"+"	4618906	4619625	720	"LB 3.0"	1130	184.15061059709	0	0	0	1	-Inf	"SD"	140	538.461538461538
"ECK120000221"	"dicB"	"+"	1647633	1647821	189	"LB 3.0"	1	0	2	137	0	0.201058201058201	NA	"NO"	NA	NA
"ECK120000224"	"dksA"	"-"	160149	160604	456	"LB 3.0"	1833	471.655429750069	0	0	0	1	-Inf	"SD"	8	44.4444444444444
"ECK120000226"	"dmsA"	"+"	940182	942626	2445	"LB 3.0"	24	1.15175364247705	5	136	0	0.461349693251534	-Inf	"SD"	0	0
"ECK120000227"	"dmsB"	"+"	942637	943254	618	"LB 3.0"	8	1.51889841200452	0	0	0	0.572815533980582	-Inf	"SD"	0	0
"ECK120000231"	"dnaC"	"-"	4598261	4598998	738	"LB 3.0"	60	9.53942295344304	0	0	0	0.914634146341463	-Inf	"SD"	0	0
"ECK120000232"	"dnaE"	"+"	205126	208608	3483	"LB 3.0"	314	10.5779957883399	0	0	0	0.860178007464829	-Inf	"SD"	2	1.53846153846154
"ECK120000233"	"dnaG"	"+"	3209129	3210874	1746	"LB 3.0"	377	25.3351994143246	2	66	0	0.949599083619702	-Inf	"SD"	3	4.54545454545455
"ECK120000234"	"dnaJ"	"+"	14168	15298	1131	"LB 3.0"	1548	160.596311938759	0	0	0	1	-Inf	"SD"	4	9.75609756097561
"ECK120000236"	"dnaN"	"-"	3879244	3880344	1101	"LB 3.0"	349	37.193352327198	7	300	20	1	-4.95393847647268	"SD"	5	12.1951219512195
"ECK120000238"	"dnaT"	"-"	4599001	4599540	540	"LB 3.0"	61	13.2544982258673	0	0	0	1	-Inf	"SD"	NA	NA
"ECK120000239"	"dnaX"	"+"	491316	493247	1932	"LB 3.0"	189	11.4784143581103	1	65	0	0.972049689440994	-Inf	"SD"	2	2.8169014084507
"ECK120000241"	"acpS"	"-"	2698640	2699020	381	"LB 3.0"	58	17.8620061285729	1	46	0	0.934383202099738	-Inf	"SD"	0	0
"ECK120000242"	"dppA"	"-"	3704121	3705728	1608	"LB 3.0"	1852	135.139452182992	0	0	0	1	-Inf	"SD"	50	83.3333333333333
"ECK120000245"	"dut"	"+"	3811955	3812410	456	"LB 3.0"	275	70.7611801316252	0	0	0	1	-Inf	"SD"	2	12.5
"ECK120000246"	"ebgA"	"+"	3220655	3223747	3093	"LB 3.0"	4	0	5	263	0	0.055286129970902	NA	"NO"	NA	NA
"ECK120000247"	"ebgC"	"+"	3223744	3224193	450	"LB 3.0"	2	0	1	56	0	0.0711111111111111	NA	"NO"	NA	NA
"ECK120000251"	"edd"	"-"	1930817	1932628	1812	"LB 3.0"	91	5.8926468608106	3	59	0	0.327262693156733	-Inf	"SD"	0	0
"ECK120000253"	"entA"	"+"	627774	628520	747	"LB 3.0"	27	4.24102056604877	1	72	0	0.957161981258367	-Inf	"SD"	NA	NA
"ECK120000254"	"entB"	"+"	626917	627774	858	"LB 3.0"	46	6.29068240915859	0	0	0	1	-Inf	"SD"	3	9.09090909090909
"ECK120000257"	"entE"	"+"	625293	626903	1611	"LB 3.0"	49	3.56884557047804	3	39	0	0.777777777777778	-Inf	"SD"	3	5.08474576271186
"ECK120000258"	"entF"	"+"	613380	617261	3882	"LB 3.0"	120	3.62704489419936	5	59	0	0.785677485832045	-Inf	"SD"	11	7.74647887323944
"ECK120000259"	"lpxC"	"+"	106557	107474	918	"LB 3.0"	4277	546.668166943435	2	56	0	1	-Inf	"SD"	NA	NA
"ECK120000261"	"acrF"	"+"	3413055	3416159	3105	"LB 3.0"	18	0.680202332332461	5	100	0	0.277616747181965	-Inf	"SD"	NA	NA
"ECK120000262"	"envY"	"-"	585370	586131	762	"LB 3.0"	3	0.461948434359643	5	108	0	0.283464566929134	-Inf	"SD"	NA	NA
"ECK120000264"	"era"	"-"	2700503	2701408	906	"LB 3.0"	132	17.0951513324615	0	0	0	1	-Inf	"SD"	2	5.88235294117647
"ECK120000265"	"exbB"	"-"	3149272	3150006	735	"LB 3.0"	81	12.9307851544426	0	0	0	0.919727891156463	-Inf	"SD"	3	11.5384615384615
"ECK120000270"	"accC"	"+"	3403939	3405288	1350	"LB 3.0"	836	72.660724700492	0	0	0	1	-Inf	"SD"	18	36.734693877551
"ECK120000271"	"fabH"	"+"	1147982	1148935	954	"LB 3.0"	409	50.3039570774486	1	100	0	1	-Inf	"SD"	13	38.2352941176471
"ECK120000276"	"fbaA"	"-"	3068187	3069266	1080	"LB 3.0"	412	44.7610923693222	1	100	0	1	-Inf	"SD"	31	79.4871794871795
"ECK120000279"	"fdhF"	"-"	4295242	4297389	2148	"LB 3.0"	52	2.84050973976824	11	317	25.2365930599369	0.71927374301676	-0.82807794470423	"SD"	NA	NA
"ECK120000280"	"fecA"	"-"	4512376	4514700	2325	"LB 3.0"	26	1.31213224108004	0	0	0	0.47741935483871	-Inf	"SD"	3	3.52941176470588
"ECK120000281"	"fecB"	"-"	4511429	4512331	903	"LB 3.0"	17	2.2089627237707	0	0	0	0.685492801771872	-Inf	"SD"	4	12.1212121212121
"ECK120000282"	"fecC"	"-"	4510434	4511432	999	"LB 3.0"	4	0	0	0	0	0.196196196196196	NA	"NO"	NA	NA
"ECK120000283"	"fecD"	"-"	4509481	4510437	957	"LB 3.0"	7	0.858249024337979	0	0	0	0.457680250783699	-Inf	"SD"	NA	NA
"ECK120000286"	"fecR"	"-"	4514787	4515740	954	"LB 3.0"	11	1.35291816100717	0	0	0	0.465408805031447	-Inf	"SD"	NA	NA
"ECK120000292"	"fepG"	"-"	619419	620411	993	"LB 3.0"	4	0.472648146333734	1	54	0	0.26686807653575	-Inf	"SD"	NA	NA
"ECK120000296"	"fhuA"	"+"	167484	169727	2244	"LB 3.0"	141	7.37264760613025	6	153	0	0.928698752228164	-Inf	"SD"	4	4.8780487804878
"ECK120000298"	"fhuC"	"+"	169778	170575	798	"LB 3.0"	20	2.9407243691065	2	44	0	0.780701754385965	-Inf	"SD"	0	0
"ECK120000299"	"fhuD"	"+"	170575	171465	891	"LB 3.0"	9	1.18520103360959	0	0	0	0.390572390572391	-Inf	"SD"	NA	NA
"ECK120000301"	"fic"	"-"	3488883	3489485	603	"LB 3.0"	51	9.92384746052209	0	0	0	0.961857379767827	-Inf	"SD"	NA	NA
"ECK120000302"	"fimA"	"+"	4541138	4541686	549	"LB 3.0"	1675	357.98900072552	0	0	0	1	-Inf	"SD"	5	27.7777777777778
"ECK120000304"	"fimC"	"+"	4542327	4543052	726	"LB 3.0"	90	14.545649048845	1	100	0	1	-Inf	"SD"	2	7.40740740740741
"ECK120000305"	"fimD"	"+"	4543119	4545755	2637	"LB 3.0"	138	6.14039306832545	0	0	0	0.519529768676526	-Inf	"SD"	1	1.04166666666667
"ECK120000306"	"fimE"	"+"	4540060	4540656	597	"LB 3.0"	11	2.16194962412202	1	38	0	0.636515912897823	-Inf	"SD"	NA	NA
"ECK120000307"	"fimF"	"+"	4545765	4546295	531	"LB 3.0"	19	4.19842400041363	0	0	0	0.902071563088512	-Inf	"SD"	1	5.26315789473684
"ECK120000308"	"fimG"	"+"	4546308	4546811	504	"LB 3.0"	13	3.02649549653878	0	0	0	0.555555555555556	-Inf	"SD"	1	5.88235294117647
"ECK120000310"	"lpxD"	"+"	200971	201996	1026	"LB 3.0"	465	53.1780990080092	4	168	0	1	-Inf	"SD"	10	27.7777777777778
"ECK120000311"	"fis"	"+"	3409293	3409589	297	"LB 3.0"	218	86.1246084422969	0	0	0	1	-Inf	"SD"	0	0
"ECK120000312"	"fldA"	"-"	710158	710688	531	"LB 3.0"	347	76.6764804286069	0	0	0	1	-Inf	"SD"	7	35
"ECK120000313"	"flhC"	"-"	1975290	1975868	579	"LB 3.0"	90	18.2385858539921	2	52	0	1	-Inf	"SD"	0	0
"ECK120000314"	"flhD"	"-"	1975871	1976221	351	"LB 3.0"	54	18.0515234349768	2	183	0	1	-Inf	"SD"	NA	NA
"ECK120000316"	"fliL"	"+"	2017642	2018106	465	"LB 3.0"	3	0.756999369853867	3	100	0	0.316129032258064	-Inf	"SD"	5	29.4117647058824
"ECK120000317"	"fliM"	"+"	2018111	2019115	1005	"LB 3.0"	6	0.700506879566265	1	100	0	0.418905472636816	-Inf	"SD"	5	13.1578947368421
"ECK120000318"	"fliN"	"+"	2019112	2019525	414	"LB 3.0"	5	1.41708819235929	0	0	0	0.524154589371981	-Inf	"SD"	0	0
"ECK120000319"	"fnr"	"-"	1396798	1397550	753	"LB 3.0"	755	117.646548814275	7	132	0	1	-Inf	"SD"	6	21.4285714285714
"ECK120000321"	"folC"	"-"	2429696	2430964	1269	"LB 3.0"	225	20.8040606963386	1	100	0	0.920409771473601	-Inf	"SD"	8	17.7777777777778
"ECK120000325"	"frdB"	"-"	4377806	4378540	735	"LB 3.0"	361	57.6297955648614	1	67	0	1	-Inf	"SD"	8	29.6296296296296
"ECK120000326"	"frdC"	"-"	4377400	4377795	396	"LB 3.0"	342	101.33468837362	0	0	0	1	-Inf	"SD"	1	6.66666666666667
"ECK120000327"	"frdD"	"-"	4377030	4377389	360	"LB 3.0"	110	35.8523312666901	2	111	0	1	-Inf	"SD"	NA	NA
"ECK120000329"	"frr"	"+"	192872	193429	558	"LB 3.0"	1146	240.978132736814	0	0	0	1	-Inf	"SD"	14	66.6666666666667
"ECK120000330"	"fruA"	"-"	2257741	2259432	1692	"LB 3.0"	78	5.40905578104802	16	57	263.157894736842	0.980496453900709	-0.850414274682328	"SD"	5	8.62068965517241
"ECK120000331"	"fruK"	"-"	2259449	2260387	939	"LB 3.0"	36	4.49846270903576	1	100	0	0.87220447284345	-Inf	"SD"	1	2.94117647058824
"ECK120000332"	"cra"	"+"	88028	89032	1005	"LB 3.0"	593	69.2334299304659	0	0	0	1	-Inf	"SD"	10	26.3157894736842
"ECK120000333"	"ftsA"	"+"	103982	105244	1263	"LB 3.0"	576	53.5114043868197	0	0	0	1	-Inf	"SD"	4	8.88888888888889
"ECK120000334"	"ftsE"	"-"	3600102	3600770	669	"LB 3.0"	179	31.3945403835509	0	0	0	1	-Inf	"SD"	3	12.5
"ECK120000335"	"ftsI"	"+"	91413	93179	1767	"LB 3.0"	840	55.7789009366008	1	100	0	0.967176004527448	-Inf	"SD"	1	1.5625
"ECK120000336"	"ftsQ"	"+"	103155	103985	831	"LB 3.0"	293	41.3707898699319	2	57	0	1	-Inf	"SD"	0	0
"ECK120000338"	"ftsW"	"+"	98403	99647	1245	"LB 3.0"	95	8.9532656394363	3	66	0	0.980722891566265	-Inf	"SD"	0	0
"ECK120000339"	"ftsX"	"-"	3599051	3600109	1059	"LB 3.0"	137	15.1793027562293	0	0	0	1	-Inf	"SD"	5	12.8205128205128
"ECK120000341"	"ftsZ"	"+"	105305	106456	1152	"LB 3.0"	1557	158.585453926808	0	0	0	1	-Inf	"SD"	30	75
"ECK120000343"	"fucI"	"+"	2933606	2935381	1776	"LB 3.0"	67	4.42648561707906	2	73	0	0.899774774774775	-Inf	"SD"	10	15.3846153846154
"ECK120000344"	"fucK"	"+"	2935460	2936908	1449	"LB 3.0"	59	4.77761161995419	1	100	0	0.949620427881297	-Inf	"SD"	NA	NA
"ECK120000348"	"fucU"	"+"	2936910	2937332	423	"LB 3.0"	52	14.4241487494614	0	0	0	1	-Inf	"SD"	2	13.3333333333333
"ECK120000350"	"fumB"	"-"	4343703	4345349	1647	"LB 3.0"	15	1.06862388276275	7	135	0	0.368548876745598	-Inf	"SD"	3	5
"ECK120000353"	"fusA"	"-"	3469422	3471536	2115	"LB 3.0"	7045	390.838953615214	9	81	0	1	-Inf	"SD"	323	414.102564102564
"ECK120000354"	"gabT"	"+"	2790757	2792037	1281	"LB 3.0"	422	38.6536524450753	0	0	0	1	-Inf	"SD"	8	17.3913043478261
"ECK120000355"	"galE"	"-"	790262	791278	1017	"LB 3.0"	68	7.84540153221215	0	0	0	0.87708947885939	-Inf	"SD"	9	24.3243243243243
"ECK120000356"	"galK"	"-"	788054	789202	1149	"LB 3.0"	308	31.4526979258691	0	0	0	0.848563968668407	-Inf	"SD"	2	4.8780487804878
"ECK120000358"	"galS"	"-"	2238650	2239690	1041	"LB 3.0"	283	31.8979609593083	6	245	0	1	-Inf	"SD"	0	0
"ECK120000359"	"galT"	"-"	789206	790252	1047	"LB 3.0"	52	5.82752141453885	1	100	0	0.822349570200573	-Inf	"SD"	2	5
"ECK120000361"	"epd"	"-"	3070694	3071713	1020	"LB 3.0"	414	47.6241662387477	6	365	16.4383561643836	1	-5.31058752446786	"SD"	3	8.10810810810811
"ECK120000363"	"ispG"	"-"	2638708	2639826	1119	"LB 3.0"	351	36.804781695174	1	100	0	1	-Inf	"SD"	6	14.6341463414634
"ECK120000364"	"gcvH"	"-"	3047182	3047571	390	"LB 3.0"	43	12.9369251284001	0	0	0	1	-Inf	"SD"	NA	NA
"ECK120000368"	"mnmG"	"-"	3921767	3923656	1890	"LB 3.0"	239	14.8375881779029	0	0	0	0.987301587301587	-Inf	"SD"	6	8.57142857142857
"ECK120000369"	"rsmG"	"-"	3921080	3921703	624	"LB 3.0"	35	6.58128458566864	10	272	22.0588235294118	0.959935897435897	-2.45533480191011	"SD"	2	8.69565217391304
"ECK120000370"	"glgA"	"-"	3564623	3566056	1434	"LB 3.0"	1087	88.9421470221958	3	100	0	1	-Inf	"SD"	1	1.88679245283019
"ECK120000371"	"glgB"	"-"	3569339	3571525	2187	"LB 3.0"	1375	73.7702289438068	0	0	0	1	-Inf	"SD"	7	8.33333333333333
"ECK120000372"	"glgC"	"-"	3566056	3567351	1296	"LB 3.0"	1873	169.574283996239	1	87	0	1	-Inf	"SD"	6	12.2448979591837
"ECK120000374"	"glgX"	"-"	3567369	3569342	1974	"LB 3.0"	935	55.576562145933	0	0	0	1	-Inf	"SD"	2	2.7027027027027
"ECK120000375"	"glmS"	"-"	3909862	3911691	1830	"LB 3.0"	539	34.5592963685472	0	0	0	0.999453551912568	-Inf	"SD"	42	62.6865671641791
"ECK120000378"	"glnG"	"-"	4051892	4053301	1410	"LB 3.0"	65	5.40905578104802	1	100	0	0.815602836879433	-Inf	"SD"	2	3.84615384615385
"ECK120000379"	"glnH"	"-"	846481	847227	747	"LB 3.0"	1843	289.488922341774	0	0	0	1	-Inf	"SD"	126	466.666666666667
"ECK120000380"	"glnL"	"-"	4053313	4054362	1050	"LB 3.0"	23	2.57019309859908	11	247	32.3886639676113	0.80952380952381	-0.683804848052075	"SD"	0	0
"ECK120000381"	"glnP"	"-"	845683	846342	660	"LB 3.0"	571	101.512468528661	0	0	0	1	-Inf	"SD"	3	12.5
"ECK120000382"	"glnQ"	"-"	844964	845686	723	"LB 3.0"	572	92.8292726573221	3	44	0	1	-Inf	"SD"	11	40.7407407407407
"ECK120000383"	"glnS"	"+"	705316	706980	1665	"LB 3.0"	465	32.7692069562868	1	100	0	1	-Inf	"SD"	16	25.3968253968254
"ECK120000385"	"glpB"	"+"	2352287	2353546	1260	"LB 3.0"	3067	285.608051934905	0	0	0	1	-Inf	"SD"	18	40
"ECK120000386"	"glpC"	"+"	2353543	2354733	1191	"LB 3.0"	1621	159.697629448055	0	0	0	1	-Inf	"SD"	3	6.81818181818182
"ECK120000390"	"glpG"	"-"	3558645	3559475	831	"LB 3.0"	36	5.08310046183463	0	0	0	0.908543922984356	-Inf	"SD"	0	0
"ECK120000391"	"glpK"	"-"	4113737	4115245	1509	"LB 3.0"	606	47.1205770777825	1	100	0	1	-Inf	"SD"	6	10.7142857142857
"ECK120000396"	"gltB"	"+"	3352654	3357207	4554	"LB 3.0"	955	24.6058040673295	4	133	0	1	-Inf	"SD"	64	39.2638036809816
"ECK120000397"	"gltD"	"+"	3357220	3358638	1419	"LB 3.0"	433	35.8040963409037	4	87	0	1	-Inf	"SD"	11	21.1538461538462
"ECK120000402"	"glyQ"	"-"	3722430	3723341	912	"LB 3.0"	369	47.4743190337631	0	0	0	1	-Inf	"SD"	15	42.8571428571429
"ECK120000404"	"gnd"	"-"	2097886	2099292	1407	"LB 3.0"	591	49.2856625980551	2	76	0	1	-Inf	"SD"	54	105.882352941176
"ECK120000411"	"gshA"	"-"	2812905	2814461	1557	"LB 3.0"	294	22.15572336817	1	59	0	1	-Inf	"SD"	11	18.9655172413793
"ECK120000412"	"gshB"	"+"	3089900	3090850	951	"LB 3.0"	279	34.4231732379921	0	0	0	1	-Inf	"SD"	18	50
"ECK120000417"	"gyrB"	"-"	3875728	3878142	2415	"LB 3.0"	599	29.1029426476531	3	74	0	0.993788819875776	-Inf	"SD"	27	30
"ECK120000418"	"hdhA"	"-"	1695297	1696064	768	"LB 3.0"	187	28.5698264781437	0	0	0	1	-Inf	"SD"	8	29.6296296296296
"ECK120000423"	"hemD"	"-"	3987111	3987851	741	"LB 3.0"	231	36.5780869603478	1	66	0	1	-Inf	"SD"	1	3.57142857142857
"ECK120000426"	"hemX"	"-"	3985908	3987089	1182	"LB 3.0"	221	21.9382516195806	0	0	0	1	-Inf	"SD"	5	11.6279069767442
"ECK120000427"	"hemY"	"-"	3984709	3985905	1197	"LB 3.0"	140	13.7233803891637	2	100	0	1	-Inf	"SD"	1	2.22222222222222
"ECK120000428"	"hflC"	"+"	4401323	4402327	1005	"LB 3.0"	325	37.9441226431727	2	58	0	1	-Inf	"SD"	9	23.6842105263158
"ECK120000429"	"hflK"	"+"	4400061	4401320	1260	"LB 3.0"	404	37.6216670954359	1	62	0	1	-Inf	"SD"	17	36.9565217391304
"ECK120000430"	"hflX"	"+"	4398695	4399975	1281	"LB 3.0"	503	46.0729554025424	0	0	0	1	-Inf	"SD"	7	14.5833333333333
"ECK120000431"	"hfq"	"+"	4398311	4398619	309	"LB 3.0"	369	140.118378507417	1	44	0	1	-Inf	"SD"	65	590.909090909091
"ECK120000432"	"hha"	"-"	479314	479532	219	"LB 3.0"	100	53.5775809713924	0	0	0	1	-Inf	"SD"	0	0
"ECK120000433"	"ihfA"	"-"	1793277	1793576	300	"LB 3.0"	1660	649.253126211334	0	0	0	1	-Inf	"SD"	7	63.6363636363636
"ECK120000434"	"ihfB"	"+"	963051	963335	285	"LB 3.0"	1452	597.79044975197	0	0	0	1	-Inf	"SD"	12	109.090909090909
"ECK120000435"	"hipB"	"-"	1590200	1590466	267	"LB 3.0"	13	5.71293531930915	0	0	0	0.764044943820225	-Inf	"SD"	NA	NA
"ECK120000436"	"hipA"	"-"	1588878	1590200	1323	"LB 3.0"	33	2.9267209197298	2	45	0	0.72411186696901	-Inf	"SD"	NA	NA
"ECK120000437"	"hisA"	"+"	2093149	2093886	738	"LB 3.0"	107	17.0119709336401	0	0	0	1	-Inf	"SD"	3	11.5384615384615
"ECK120000438"	"hisB"	"+"	2091492	2092559	1068	"LB 3.0"	248	27.2463069074744	0	0	0	1	-Inf	"SD"	9	22.5
"ECK120000439"	"hisC"	"+"	2090422	2091492	1071	"LB 3.0"	170	18.6245876710078	1	53	0	1	-Inf	"SD"	10	25.6410256410256
"ECK120000440"	"hisD"	"+"	2089121	2090425	1305	"LB 3.0"	176	15.824477248746	0	0	0	0.986973180076628	-Inf	"SD"	4	8.69565217391304
"ECK120000441"	"hisF"	"+"	2093868	2094644	777	"LB 3.0"	124	18.7252611178782	1	100	0	0.992277992277992	-Inf	"SD"	6	21.4285714285714
"ECK120000442"	"hisG"	"+"	2088216	2089115	900	"LB 3.0"	117	15.2535373025554	2	157	0	1	-Inf	"SD"	20	60.6060606060606
"ECK120000443"	"hisH"	"+"	2092559	2093149	591	"LB 3.0"	104	20.6477662301935	0	0	0	1	-Inf	"SD"	5	22.7272727272727
"ECK120000445"	"hisP"	"-"	2421758	2422531	774	"LB 3.0"	204	30.9254781327898	0	0	0	1	-Inf	"SD"	1	3.44827586206897
"ECK120000446"	"hisS"	"-"	2637323	2638597	1275	"LB 3.0"	617	56.7808899889997	0	0	0	1	-Inf	"SD"	18	38.2978723404255
"ECK120000447"	"truA"	"-"	2432846	2433658	813	"LB 3.0"	218	31.4624953350088	0	0	0	1	-Inf	"SD"	1	3.33333333333333
"ECK120000448"	"hlpA"	"+"	200482	200967	486	"LB 3.0"	310	74.8432504557167	1	100	0	1	-Inf	"SD"	75	416.666666666667
"ECK120000451"	"hsdM"	"-"	4579482	4581071	1590	"LB 3.0"	72	5.31327859595545	0	0	0	0.855974842767296	-Inf	"SD"	9	15.2542372881356
"ECK120000453"	"hsdS"	"-"	4578091	4579485	1395	"LB 3.0"	8	0.672888328758993	1	100	0	0.269534050179211	-Inf	"SD"	0	0
"ECK120000454"	"htpG"	"+"	494344	496218	1875	"LB 3.0"	2823	176.659428944057	1	48	0	1	-Inf	"SD"	68	95.7746478873239
"ECK120000456"	"degP"	"+"	180884	182308	1425	"LB 3.0"	545	44.8754538725652	1	52	0	1	-Inf	"SD"	43	87.7551020408163
"ECK120000459"	"hupA"	"+"	4198304	4198576	273	"LB 3.0"	1408	605.155833248747	0	0	0	1	-Inf	"SD"	101	1010
"ECK120000460"	"hupB"	"+"	460675	460947	273	"LB 3.0"	2772	1191.40054670847	0	0	0	1	-Inf	"SD"	101	1122.22222222222
"ECK120000462"	"hyaB"	"+"	1032477	1034270	1794	"LB 3.0"	13	0.850252915415576	0	0	0	0.506688963210702	-Inf	"SD"	NA	NA
"ECK120000463"	"hyaC"	"+"	1034289	1034996	708	"LB 3.0"	3	0.497181789522667	0	0	0	0.251412429378531	-Inf	"SD"	NA	NA
"ECK120000464"	"hyaD"	"+"	1034993	1035580	588	"LB 3.0"	10	1.99549153617941	0	0	0	0.678571428571429	-Inf	"SD"	NA	NA
"ECK120000465"	"hyaE"	"+"	1035577	1035975	399	"LB 3.0"	4	1.1762897476426	0	0	0	0.406015037593985	-Inf	"SD"	NA	NA
"ECK120000466"	"hyaF"	"+"	1035972	1036829	858	"LB 3.0"	5	0	0	0	0	0.210955710955711	NA	"NO"	NA	NA
"ECK120000468"	"hycB"	"-"	2847260	2847871	612	"LB 3.0"	1	0	0	0	0	0.0849673202614379	NA	"NO"	NA	NA
"ECK120000469"	"hycC"	"-"	2845437	2847263	1827	"LB 3.0"	0	0	0	0	0	0	NA	"NO"	NA	NA
"ECK120000470"	"hycD"	"-"	2844511	2845434	924	"LB 3.0"	0	0	0	0	0	0	NA	"NO"	NA	NA
"ECK120000471"	"hycE"	"-"	2842784	2844493	1710	"LB 3.0"	2	0	0	0	0	0.115789473684211	NA	"NO"	NA	NA
"ECK120000472"	"hycF"	"-"	2842232	2842774	543	"LB 3.0"	1	0	1	100	0	0.184162062615101	NA	"NO"	NA	NA
"ECK120000473"	"hycG"	"-"	2841465	2842232	768	"LB 3.0"	9	1.37501838664863	0	0	0	0.546875	-Inf	"SD"	NA	NA
"ECK120000474"	"hycH"	"-"	2841058	2841468	411	"LB 3.0"	40	11.4194552143406	1	100	0	0.880778588807786	-Inf	"SD"	NA	NA
"ECK120000477"	"hypB"	"+"	2849023	2849895	873	"LB 3.0"	53	7.12342476901434	0	0	0	0.90950744558992	-Inf	"SD"	2	6.25
"ECK120000478"	"hypC"	"+"	2849886	2850158	273	"LB 3.0"	19	8.1661653634419	0	0	0	0.871794871794872	-Inf	"SD"	0	0
"ECK120000479"	"hypD"	"+"	2850158	2851279	1122	"LB 3.0"	36	3.76475622440693	4	210	0	0.859180035650624	-Inf	"SD"	1	2.4390243902439
"ECK120000480"	"hypE"	"+"	2851318	2852286	969	"LB 3.0"	29	3.511570864286	0	0	0	0.777089783281734	-Inf	"SD"	0	0
"ECK120000485"	"ileS"	"+"	22391	25207	2817	"LB 3.0"	1478	61.5622952218042	0	0	0	1	-Inf	"SD"	69	66.3461538461538
"ECK120000487"	"ilvB"	"-"	3849119	3850807	1689	"LB 3.0"	1558	108.234326717591	5	188	0	1	-Inf	"SD"	23	38.3333333333333
"ECK120000489"	"ilvD"	"+"	3951501	3953351	1851	"LB 3.0"	470	29.7933031301211	0	0	0	1	-Inf	"SD"	9	13.6363636363636
"ECK120000490"	"ilvE"	"+"	3950507	3951436	930	"LB 3.0"	384	48.4479596706475	1	38	0	1	-Inf	"SD"	6	17.6470588235294
"ECK120000491"	"ilvG_2"	"+"	3949646	3950227	582	"LB 3.0"	540	108.867435149087	1	68	0	1	-Inf	"SD"	NA	NA
"ECK120000492"	"ilvH"	"+"	87357	87848	492	"LB 3.0"	62	14.7861055778367	0	0	0	1	-Inf	"SD"	4	22.2222222222222
"ECK120000493"	"ilvI"	"+"	85630	87354	1725	"LB 3.0"	213	14.4883096786814	2	166	0	0.990144927536232	-Inf	"SD"	2	3.17460317460317
"ECK120000494"	"ilvM"	"+"	3950224	3950487	264	"LB 3.0"	70	31.1115271322517	1	41	0	1	-Inf	"SD"	NA	NA
"ECK120000495"	"ilvN"	"-"	3848825	3849115	291	"LB 3.0"	383	154.430472822594	1	48	0	1	-Inf	"SD"	0	0
"ECK120000497"	"infA"	"-"	925448	925666	219	"LB 3.0"	206	110.369816801068	0	0	0	1	-Inf	"SD"	0	0
"ECK120000498"	"infB"	"-"	3311364	3314036	2673	"LB 3.0"	1002	43.9841272472892	0	0	0	1	-Inf	"SD"	89	91.7525773195876
"ECK120000499"	"infC"	"-"	1798120	1798662	543	"LB 3.0"	2480	535.894213207784	0	0	0	1	-Inf	"SD"	14	66.6666666666667
"ECK120000501"	"ispA"	"-"	439426	440325	900	"LB 3.0"	319	41.5887042693605	3	100	0	1	-Inf	"SD"	4	12.5
"ECK120000504"	"katG"	"+"	4131858	4134038	2181	"LB 3.0"	1262	67.8939233090853	0	0	0	1	-Inf	"SD"	203	253.75
"ECK120000505"	"kbl"	"-"	3789378	3790574	1197	"LB 3.0"	291	28.5250263803331	0	0	0	1	-Inf	"SD"	22	51.1627906976744
"ECK120000506"	"kdpA"	"-"	726282	727955	1674	"LB 3.0"	2	0	0	0	0	0.0866188769414576	NA	"NO"	NA	NA
"ECK120000507"	"kdpB"	"-"	724211	726259	2049	"LB 3.0"	5	0	1	37	0	0.187896534895071	NA	"NO"	NA	NA
"ECK120000508"	"kdpC"	"-"	723630	724202	573	"LB 3.0"	43	8.80523699838748	1	58	0	0.62303664921466	-Inf	"SD"	NA	NA
"ECK120000509"	"kdpD"	"-"	720953	723637	2685	"LB 3.0"	187	8.171928020564	1	37	0	0.959404096834264	-Inf	"SD"	0	0
"ECK120000512"	"kdsB"	"+"	970075	970821	747	"LB 3.0"	124	19.4772796366684	3	64	0	1	-Inf	"SD"	3	10.7142857142857
"ECK120000514"	"kefC"	"+"	47769	49631	1863	"LB 3.0"	82	5.16449918993164	1	36	0	0.859366612989801	-Inf	"SD"	NA	NA
"ECK120000516"	"rsmA"	"-"	51609	52430	822	"LB 3.0"	114	16.2727236804353	2	77	0	0.94647201946472	-Inf	"SD"	6	20
"ECK120000518"	"lacI"	"-"	365652	366734	1083	"LB 3.0"	369	39.9783739231689	1	100	0	0.954755309325946	-Inf	"SD"	NA	NA
"ECK120000519"	"lacY"	"-"	361150	362403	1254	"LB 3.0"	13	1.21639053449405	6	253	0	0.589314194577352	-Inf	"SD"	NA	NA
"ECK120000520"	"lacZ"	"-"	362455	365529	3075	"LB 3.0"	35	1.33551921348203	3	177	0	0.462113821138211	-Inf	"SD"	4	3.44827586206897
"ECK120000521"	"lamB"	"+"	4245994	4247334	1341	"LB 3.0"	266	23.2744847271252	1	48	0	1	-Inf	"SD"	9	18
"ECK120000522"	"lepA"	"-"	2703347	2705146	1800	"LB 3.0"	312	20.3380497367406	0	0	0	1	-Inf	"SD"	15	22.3880597014925
"ECK120000523"	"lepB"	"-"	2702357	2703331	975	"LB 3.0"	172	20.6990802054401	1	58	0	1	-Inf	"SD"	2	5.55555555555556
"ECK120000526"	"lexA"	"+"	4255138	4255746	609	"LB 3.0"	486	93.6367200838946	0	0	0	1	-Inf	"SD"	3	13.6363636363636
"ECK120000527"	"ligA"	"-"	2526183	2528198	2016	"LB 3.0"	124	7.21702772251554	1	63	0	0.881944444444444	-Inf	"SD"	9	12.1621621621622
"ECK120000529"	"livF"	"-"	3590747	3591460	714	"LB 3.0"	130	21.3634976226266	1	63	0	0.985994397759104	-Inf	"SD"	NA	NA
"ECK120000530"	"livG"	"-"	3591462	3592229	768	"LB 3.0"	331	50.5701206645217	1	100	0	1	-Inf	"SD"	NA	NA
"ECK120000531"	"livH"	"-"	3593500	3594426	927	"LB 3.0"	302	38.2256100354472	0	0	0	1	-Inf	"SD"	NA	NA
"ECK120000534"	"livM"	"-"	3592226	3593503	1278	"LB 3.0"	372	34.1538213347214	0	0	0	1	-Inf	"SD"	0	0
"ECK120000535"	"lon"	"+"	458112	460466	2355	"LB 3.0"	2021	100.69377392933	2	100	0	1	-Inf	"SD"	48	55.1724137931034
"ECK120000538"	"lpxA"	"+"	202560	203348	789	"LB 3.0"	342	50.8599956856191	0	0	0	1	-Inf	"SD"	3	10.7142857142857
"ECK120000539"	"lpxB"	"+"	203348	204496	1149	"LB 3.0"	119	12.1521787440858	1	35	0	0.974760661444734	-Inf	"SD"	0	0
"ECK120000541"	"lspA"	"+"	25207	25701	495	"LB 3.0"	119	28.2077845999082	2	50	0	1	-Inf	"SD"	2	11.1111111111111
"ECK120000543"	"lysC"	"-"	4229907	4231256	1350	"LB 3.0"	1771	153.92600890499	0	0	0	1	-Inf	"SD"	0	0
"ECK120000548"	"malF"	"-"	4241554	4243098	1545	"LB 3.0"	91	6.91098777462058	2	42	0	0.970873786407767	-Inf	"SD"	0	0
"ECK120000549"	"malG"	"-"	4240649	4241539	891	"LB 3.0"	40	5.26756014937596	4	123	0	0.907968574635241	-Inf	"SD"	0	0
"ECK120000552"	"malM"	"+"	4247577	4248497	921	"LB 3.0"	83	10.5741551500217	6	196	0	0.86970684039088	-Inf	"SD"	14	43.75
"ECK120000557"	"malY"	"+"	1698981	1700153	1173	"LB 3.0"	57	5.7016960210221	0	0	0	0.860187553282182	-Inf	"SD"	2	4.54545454545455
"ECK120000561"	"manY"	"+"	1901106	1901906	801	"LB 3.0"	207	30.3225028486409	8	310	25.8064516129032	1	-4.24424502963917	"SD"	1	3.57142857142857
"ECK120000562"	"manZ"	"+"	1901919	1902770	852	"LB 3.0"	337	46.4106362491981	8	310	25.8064516129032	1	-4.85831166550457	"SD"	7	22.5806451612903
"ECK120000564"	"mazE"	"-"	2909113	2909361	249	"LB 3.0"	82	38.6404096017777	0	0	0	1	-Inf	"SD"	NA	NA
"ECK120000565"	"mazG"	"-"	2907916	2908707	792	"LB 3.0"	114	16.8891147289367	0	0	0	0.96969696969697	-Inf	"SD"	0	0
"ECK120000566"	"mcrA"	"+"	1209569	1210402	834	"LB 3.0"	9	1.26620398194981	0	0	0	0.398081534772182	-Inf	"SD"	NA	NA
"ECK120000567"	"mcrB"	"-"	4575981	4577360	1380	"LB 3.0"	16	1.36040466466492	7	186	0	0.513768115942029	-Inf	"SD"	0	0
"ECK120000572"	"menD"	"-"	2375611	2377281	1671	"LB 3.0"	35	2.45764307687446	1	40	0	0.73967684021544	-Inf	"SD"	1	1.63934426229508
"ECK120000573"	"mepA"	"-"	2443582	2444406	825	"LB 3.0"	52	7.39565444972384	0	0	0	0.95030303030303	-Inf	"SD"	NA	NA
"ECK120000578"	"metF"	"+"	4130639	4131529	891	"LB 3.0"	22	2.89715808215678	5	59	0	0.790123456790123	-Inf	"SD"	1	3.03030303030303
"ECK120000583"	"metL"	"+"	4127858	4130290	2433	"LB 3.0"	86	4.14747291416032	2	100	0	0.867653103164817	-Inf	"SD"	5	5.61797752808989
"ECK120000585"	"mglA"	"-"	2235791	2237311	1521	"LB 3.0"	681	52.5345617915352	2	42	0	1	-Inf	"SD"	19	33.9285714285714
"ECK120000586"	"mglB"	"-"	2237372	2238370	999	"LB 3.0"	4459	523.720049527178	0	0	0	1	-Inf	"SD"	169	469.444444444444
"ECK120000588"	"miaA"	"+"	4397275	4398225	951	"LB 3.0"	1322	163.109086095432	0	0	0	1	-Inf	"SD"	3	8.57142857142857
"ECK120000590"	"minD"	"-"	1223772	1224584	813	"LB 3.0"	985	142.158522499925	3	157	0	1	-Inf	"SD"	10	33.3333333333333
"ECK120000592"	"groL"	"+"	4369048	4370694	1647	"LB 3.0"	11848	844.0703841982	1	35	0	1	-Inf	"SD"	532	933.333333333333
"ECK120000594"	"motA"	"-"	1974276	1975163	888	"LB 3.0"	22	2.90694577838028	1	72	0	0.653153153153153	-Inf	"SD"	3	9.375
"ECK120000595"	"motB"	"-"	1973353	1974279	927	"LB 3.0"	13	1.64547327967157	0	0	0	0.559870550161812	-Inf	"SD"	0	0
"ECK120000596"	"mprA"	"+"	2808792	2809322	531	"LB 3.0"	65	14.3630294750993	4	70	0	1	-Inf	"SD"	7	33.3333333333333
"ECK120000597"	"mraY"	"+"	96002	97084	1083	"LB 3.0"	135	14.626234362135	1	60	0	0.959372114496768	-Inf	"SD"	1	2.5
"ECK120000598"	"mrcB"	"+"	164730	167264	2535	"LB 3.0"	253	11.7103472539722	5	128	0	0.975147928994083	-Inf	"SD"	6	6.38297872340426
"ECK120000599"	"mrdA"	"-"	665539	667440	1902	"LB 3.0"	29	1.78901796398167	1	73	0	0.57465825446898	-Inf	"SD"	1	1.40845070422535
"ECK120000600"	"mrdB"	"-"	664424	665536	1113	"LB 3.0"	35	3.68977680274684	0	0	0	0.482479784366577	-Inf	"SD"	NA	NA
"ECK120000601"	"mreB"	"-"	3398066	3399109	1044	"LB 3.0"	208	23.3770686629202	1	35	0	0.99904214559387	-Inf	"SD"	10	27.027027027027
"ECK120000602"	"mreC"	"-"	3396897	3398000	1104	"LB 3.0"	81	8.60881076858271	1	53	0	0.913949275362319	-Inf	"SD"	1	2.5
"ECK120000603"	"mreD"	"-"	3396409	3396897	489	"LB 3.0"	25	5.9987168879013	2	100	0	0.570552147239264	-Inf	"SD"	1	5.26315789473684
"ECK120000606"	"msbA"	"+"	965844	967592	1749	"LB 3.0"	251	16.8387995907174	2	202	0	0.992567181246427	-Inf	"SD"	11	17.1875
"ECK120000609"	"mtlD"	"+"	3772447	3773595	1149	"LB 3.0"	351	35.8438213375976	0	0	0	1	-Inf	"SD"	6	14.6341463414634
"ECK120000611"	"mukB"	"+"	975549	980009	4461	"LB 3.0"	684	17.9908256426602	10	101	0	0.997085855189419	-Inf	"SD"	51	30
"ECK120000612"	"murC"	"+"	100765	102240	1476	"LB 3.0"	149	11.8447835005251	3	186	0	0.94579945799458	-Inf	"SD"	6	11.1111111111111
"ECK120000613"	"murD"	"+"	97087	98403	1317	"LB 3.0"	192	17.1057716377001	0	0	0	1	-Inf	"SD"	3	6.38297872340426
"ECK120000614"	"murE"	"+"	93166	94653	1488	"LB 3.0"	203	16.0073825083682	1	96	0	0.99260752688172	-Inf	"SD"	7	13.2075471698113
"ECK120000615"	"murF"	"+"	94650	96008	1359	"LB 3.0"	165	14.2459594437179	0	0	0	0.977189109639441	-Inf	"SD"	2	4.25531914893617
"ECK120000616"	"murG"	"+"	99644	100711	1068	"LB 3.0"	48	5.27347875628537	0	0	0	0.807116104868914	-Inf	"SD"	5	13.1578947368421
"ECK120000622"	"emrE"	"+"	567538	567870	333	"LB 3.0"	8	2.81885651236876	1	100	0	0.66966966966967	-Inf	"SD"	NA	NA
"ECK120000623"	"nadA"	"+"	781308	782351	1044	"LB 3.0"	84	9.44073926771777	2	100	0	0.926245210727969	-Inf	"SD"	NA	NA
"ECK120000625"	"nagA"	"-"	700826	701974	1149	"LB 3.0"	151	15.4199915156047	4	100	0	0.928633594429939	-Inf	"SD"	2	4.8780487804878
"ECK120000627"	"umpH"	"-"	698797	699549	753	"LB 3.0"	143	22.282723815154	4	167	0	1	-Inf	"SD"	8	29.6296296296296
"ECK120000629"	"nagC"	"-"	699597	700817	1221	"LB 3.0"	160	15.3755809765568	2	48	0	0.892710892710893	-Inf	"SD"	8	17.7777777777778
"ECK120000630"	"nanA"	"-"	3370705	3371598	894	"LB 3.0"	18	2.3624476978661	1	41	0	0.529082774049217	-Inf	"SD"	16	48.4848484848485
"ECK120000631"	"narG"	"+"	1279087	1282830	3744	"LB 3.0"	15	0.470091756119188	5	60	0	0.252136752136752	-Inf	"SD"	28	20
"ECK120000632"	"narH"	"+"	1282827	1284365	1539	"LB 3.0"	19	1.44857904107839	3	159	0	0.589993502274204	-Inf	"SD"	11	18.9655172413793
"ECK120000633"	"narI"	"+"	1285072	1285749	678	"LB 3.0"	14	2.42284459083022	0	0	0	0.668141592920354	-Inf	"SD"	0	0
"ECK120000634"	"narJ"	"+"	1284362	1285072	711	"LB 3.0"	9	1.4852519281943	0	0	0	0.682137834036568	-Inf	"SD"	0	0
"ECK120000637"	"narV"	"-"	1533961	1534641	681	"LB 3.0"	2	0	1	55	0	0.246696035242291	NA	"NO"	NA	NA
"ECK120000638"	"narW"	"-"	1534638	1535333	696	"LB 3.0"	2	0.337169259561349	0	0	0	0.254310344827586	-Inf	"SD"	NA	NA
"ECK120000640"	"narY"	"-"	1535333	1536877	1545	"LB 3.0"	10	0.759449206002262	2	81	0	0.333980582524272	-Inf	"SD"	NA	NA
"ECK120000641"	"narZ"	"-"	1536874	1540614	3741	"LB 3.0"	20	0.627291645695533	2	79	0	0.296444800855386	-Inf	"SD"	1	0.714285714285714
"ECK120000642"	"ndh"	"+"	1165308	1166612	1305	"LB 3.0"	67	6.02409077082944	0	0	0	0.989272030651341	-Inf	"SD"	5	10.6382978723404
"ECK120000643"	"ndk"	"-"	2642455	2642886	432	"LB 3.0"	497	134.989459390492	0	0	0	1	-Inf	"SD"	30	200
"ECK120000644"	"nfo"	"+"	2248862	2249719	858	"LB 3.0"	97	13.2651346453996	0	0	0	1	-Inf	"SD"	4	12.9032258064516
"ECK120000645"	"nhaA"	"+"	17489	18655	1167	"LB 3.0"	119	11.9647415398068	1	100	0	0.950299914310197	-Inf	"SD"	NA	NA
"ECK120000646"	"nirB"	"+"	3492033	3494576	2544	"LB 3.0"	7	0	2	52	0	0.213050314465409	NA	"NO"	0	0
"ECK120000647"	"nirC"	"+"	3495025	3495831	807	"LB 3.0"	19	0	2	48	0	0.125154894671623	NA	"NO"	NA	NA
"ECK120000648"	"nirD"	"+"	3494573	3494899	327	"LB 3.0"	1	0	0	0	0	0.119266055045872	NA	"NO"	NA	NA
"ECK120000651"	"bamC"	"-"	2595853	2596887	1035	"LB 3.0"	734	83.2114186553377	0	0	0	1	-Inf	"SD"	4	10.8108108108108
"ECK120000654"	"nrdB"	"+"	2345406	2346536	1131	"LB 3.0"	108	11.2043938561925	3	160	0	0.95579133510168	-Inf	"SD"	10	22.7272727272727
"ECK120000655"	"nth"	"+"	1709547	1710182	636	"LB 3.0"	22	4.05875448302152	6	162	0	0.683962264150943	-Inf	"SD"	1	4.16666666666667
"ECK120000658"	"nusA"	"-"	3314061	3315548	1488	"LB 3.0"	330	26.0218533387267	1	75	0	1	-Inf	"SD"	26	47.2727272727273
"ECK120000659"	"nusB"	"+"	434361	434780	420	"LB 3.0"	194	54.1975501226328	1	94	0	1	-Inf	"SD"	4	25
"ECK120000660"	"nusG"	"+"	4175766	4176311	546	"LB 3.0"	368	79.0828645722795	0	0	0	1	-Inf	"SD"	15	71.4285714285714
"ECK120000661"	"ogt"	"-"	1397745	1398260	516	"LB 3.0"	27	6.13961698224503	2	71	0	0.674418604651163	-Inf	"SD"	NA	NA
"ECK120000664"	"ompF"	"-"	985117	986205	1089	"LB 3.0"	7526	810.89299808598	2	76	0	1	-Inf	"SD"	148	379.48717948718
"ECK120000667"	"oppA"	"+"	1299206	1300837	1632	"LB 3.0"	3386	243.441163774758	1	96	0	1	-Inf	"SD"	83	136.065573770492
"ECK120000668"	"oppB"	"+"	1300923	1301843	921	"LB 3.0"	251	31.9772643693428	3	145	0	1	-Inf	"SD"	11	33.3333333333333
"ECK120000669"	"oppC"	"+"	1301858	1302766	909	"LB 3.0"	252	32.5284877739187	0	0	0	1	-Inf	"SD"	3	9.09090909090909
"ECK120000670"	"oppD"	"+"	1302778	1303791	1014	"LB 3.0"	465	53.8074256234887	0	0	0	1	-Inf	"SD"	10	27.027027027027
"ECK120000675"	"pabA"	"-"	3488288	3488851	564	"LB 3.0"	14	2.9125684974874	0	0	0	0.829787234042553	-Inf	"SD"	0	0
"ECK120000677"	"pal"	"+"	778290	778811	522	"LB 3.0"	1129	253.776062696509	0	0	0	1	-Inf	"SD"	17	89.4736842105263
"ECK120000678"	"panF"	"+"	3405629	3407080	1452	"LB 3.0"	31	2.50508400285663	12	275	36.3636363636364	0.542699724517906	-0.324858982052308	"SD"	NA	NA
"ECK120000679"	"parC"	"-"	3161737	3163995	2259	"LB 3.0"	181	9.40133568891113	1	100	0	0.951748561310314	-Inf	"SD"	12	14.2857142857143
"ECK120000682"	"pcm"	"-"	2866915	2867541	627	"LB 3.0"	104	19.4622485519048	0	0	0	1	-Inf	"SD"	0	0
"ECK120000683"	"pcnB"	"-"	157729	159126	1398	"LB 3.0"	90	7.55374907686799	2	49	0	0.949213161659514	-Inf	"SD"	4	7.40740740740741
"ECK120000684"	"pdxA"	"-"	52427	53416	990	"LB 3.0"	67	7.94084692518426	0	0	0	0.875757575757576	-Inf	"SD"	2	5.71428571428571
"ECK120000685"	"pdxJ"	"-"	2699020	2699751	732	"LB 3.0"	171	27.4102025928644	0	0	0	1	-Inf	"SD"	1	3.84615384615385
"ECK120000689"	"pepP"	"-"	3051537	3052862	1326	"LB 3.0"	323	28.5815787720467	0	0	0	1	-Inf	"SD"	12	24
"ECK120000691"	"pfkA"	"+"	4105575	4106537	963	"LB 3.0"	291	35.4563412017224	0	0	0	1	-Inf	"SD"	19	54.2857142857143
"ECK120000693"	"pflB"	"-"	950495	952777	2283	"LB 3.0"	2090	107.415657408743	3	107	0	1	-Inf	"SD"	82	96.4705882352941
"ECK120000695"	"pgk"	"-"	3069481	3070644	1164	"LB 3.0"	581	58.5666479829811	1	66	0	1	-Inf	"SD"	205	500
"ECK120000698"	"pgsA"	"-"	1990293	1990841	549	"LB 3.0"	97	20.7313033255973	0	0	0	1	-Inf	"SD"	2	9.52380952380952
"ECK120000701"	"pheS"	"-"	1795983	1796966	984	"LB 3.0"	352	41.9734609951494	0	0	0	1	-Inf	"SD"	9	24.3243243243243
"ECK120000702"	"pheT"	"-"	1793581	1795968	2388	"LB 3.0"	1416	69.5754697217449	1	61	0	1	-Inf	"SD"	37	42.5287356321839
"ECK120000704"	"yjdN"	"-"	4323321	4323764	444	"LB 3.0"	20	5.28535596069142	2	138	0	0.966216216216216	-Inf	"SD"	NA	NA
"ECK120000705"	"phnC"	"-"	4322400	4323188	789	"LB 3.0"	1	0	1	100	0	0.00253485424588086	NA	"NO"	NA	NA
"ECK120000706"	"phnD"	"-"	4321359	4322375	1017	"LB 3.0"	1	0	0	0	0	0.0953785644051131	NA	"NO"	NA	NA
"ECK120000707"	"phnF"	"-"	4319720	4320445	726	"LB 3.0"	0	0	1	100	0	0	NA	"NO"	NA	NA
"ECK120000708"	"phnG"	"-"	4319267	4319719	453	"LB 3.0"	0	0	0	0	0	0	NA	"NO"	NA	NA
"ECK120000709"	"phnH"	"-"	4318686	4319270	585	"LB 3.0"	1	0	0	0	0	0.0752136752136752	NA	"NO"	NA	NA
"ECK120000710"	"phnI"	"-"	4317622	4318686	1065	"LB 3.0"	0	0	0	0	0	0	NA	"NO"	NA	NA
"ECK120000711"	"phnJ"	"-"	4316784	4317629	846	"LB 3.0"	0	0	2	189	0	0	NA	"NO"	NA	NA
"ECK120000712"	"phnK"	"-"	4316029	4316787	759	"LB 3.0"	0	0	0	0	0	0	NA	"NO"	NA	NA
"ECK120000713"	"phnL"	"-"	4315238	4315918	681	"LB 3.0"	0	0	5	262	0	0	NA	"NO"	NA	NA
"ECK120000714"	"phnM"	"-"	4314105	4315241	1137	"LB 3.0"	0	0	0	0	0	0	NA	"NO"	NA	NA
"ECK120000715"	"phnN"	"-"	4313548	4314105	558	"LB 3.0"	1	0	0	0	0	0.168458781362007	NA	"NO"	NA	NA
"ECK120000716"	"phnO"	"-"	4313127	4313561	435	"LB 3.0"	2	0	0	0	0	0.0482758620689655	NA	"NO"	NA	NA
"ECK120000718"	"phoA"	"+"	400971	402386	1416	"LB 3.0"	230	19.0586352650356	1	68	0	0.963276836158192	-Inf	"SD"	2	4.08163265306122
"ECK120000721"	"creC"	"+"	4634719	4636143	1425	"LB 3.0"	31	2.55254875238444	2	36	0	0.644912280701754	-Inf	"SD"	1	1.92307692307692
"ECK120000722"	"phoP"	"-"	1188999	1189670	672	"LB 3.0"	139	24.2701658087821	15	303	49.5049504950495	0.96875	-3.01614955888478	"SD"	25	96.1538461538462
"ECK120000723"	"phoQ"	"-"	1187539	1188999	1461	"LB 3.0"	104	8.35238182207005	1	82	0	0.858316221765914	-Inf	"SD"	1	1.81818181818182
"ECK120000724"	"phoR"	"+"	417113	418408	1296	"LB 3.0"	34	3.07823046229157	0	0	0	0.841049382716049	-Inf	"SD"	NA	NA
"ECK120000725"	"pstS"	"-"	3908508	3909548	1041	"LB 3.0"	19	2.14155921634932	4	70	0	0.62536023054755	-Inf	"SD"	11	29.7297297297297
"ECK120000726"	"phoU"	"-"	3904876	3905601	726	"LB 3.0"	76	12.2829925301358	0	0	0	1	-Inf	"SD"	4	14.8148148148148
"ECK120000734"	"pnp"	"-"	3307055	3309190	2136	"LB 3.0"	1374	75.4766646993343	0	0	0	1	-Inf	"SD"	103	133.766233766234
"ECK120000738"	"polB"	"-"	63429	65780	2352	"LB 3.0"	103	5.13839070566199	3	115	0	0.735119047619048	-Inf	"SD"	NA	NA
"ECK120000741"	"potB"	"-"	1182840	1183667	828	"LB 3.0"	36	5.10151749249345	4	108	0	0.841787439613527	-Inf	"SD"	NA	NA
"ECK120000742"	"potC"	"-"	1182049	1182843	795	"LB 3.0"	67	9.88860183136152	1	100	0	0.811320754716981	-Inf	"SD"	0	0
"ECK120000743"	"potD"	"-"	1181006	1182052	1047	"LB 3.0"	146	16.3618870485129	1	100	0	1	-Inf	"SD"	25	64.1025641025641
"ECK120000744"	"potE"	"-"	716169	717488	1320	"LB 3.0"	19	1.68891147289367	1	100	0	0.603787878787879	-Inf	"SD"	NA	NA
"ECK120000745"	"poxB"	"-"	908554	910272	1719	"LB 3.0"	66	4.50500497591918	0	0	0	0.796974985456661	-Inf	"SD"	1	1.61290322580645
"ECK120000747"	"ppc"	"-"	4148470	4151121	2652	"LB 3.0"	695	30.7495313414434	1	100	0	0.992081447963801	-Inf	"SD"	39	39.3939393939394
"ECK120000751"	"prc"	"-"	1910792	1912840	2049	"LB 3.0"	470	26.9143016563466	2	140	0	1	-Inf	"SD"	14	18.1818181818182
"ECK120000752"	"prfA"	"+"	1264235	1265317	1083	"LB 3.0"	74	8.01734327998509	1	100	0	1	-Inf	"SD"	1	2.4390243902439
"ECK120000753"	"prfB"	"-"	3033206	3034304	1099	"LB 3.0"	447	47.7240230576207	0	0	0	1	-Inf	"SD"	4	9.75609756097561
"ECK120000755"	"priB"	"+"	4423543	4423857	315	"LB 3.0"	346	128.882146683374	1	60	0	1	-Inf	"SD"	0	0
"ECK120000757"	"secY"	"-"	3440788	3442119	1332	"LB 3.0"	6910	608.696828139628	6	300	0	1	-Inf	"SD"	9	18.3673469387755
"ECK120000758"	"proA"	"+"	260727	261980	1254	"LB 3.0"	199	18.6201320280244	3	189	0	1	-Inf	"SD"	8	17.7777777777778
"ECK120000761"	"proS"	"-"	217057	218775	1719	"LB 3.0"	338	23.0710860887982	1	63	0	1	-Inf	"SD"	60	93.75
"ECK120000762"	"proV"	"+"	2802837	2804039	1203	"LB 3.0"	88	8.58310174963155	0	0	0	0.98669991687448	-Inf	"SD"	6	13.6363636363636
"ECK120000763"	"proW"	"+"	2804032	2805096	1065	"LB 3.0"	28	3.08486128184581	3	154	0	0.860093896713615	-Inf	"SD"	2	5.26315789473684
"ECK120000764"	"proX"	"+"	2805154	2806146	993	"LB 3.0"	16	1.89059258533494	3	45	0	0.660624370594159	-Inf	"SD"	17	47.2222222222222
"ECK120000765"	"prs"	"-"	1260151	1261098	948	"LB 3.0"	685	84.7831309010911	8	486	16.4609053497942	1	-5.72763343349818	"SD"	31	91.1764705882353
"ECK120000766"	"psd"	"-"	4387415	4388383	969	"LB 3.0"	117	14.1673721076366	0	0	0	1	-Inf	"SD"	9	25
"ECK120000768"	"pspB"	"+"	1366825	1367049	225	"LB 3.0"	69	35.9827033803872	0	0	0	1	-Inf	"SD"	NA	NA
"ECK120000769"	"pspC"	"+"	1367049	1367408	360	"LB 3.0"	90	29.3337255818374	0	0	0	1	-Inf	"SD"	0	0
"ECK120000770"	"pspD"	"+"	1367417	1367638	222	"LB 3.0"	47	24.8411730152497	0	0	0	1	-Inf	"SD"	NA	NA
"ECK120000771"	"pspE"	"+"	1367713	1368027	315	"LB 3.0"	1564	582.577102349125	1	49	0	1	-Inf	"SD"	3	27.2727272727273
"ECK120000773"	"pstA"	"-"	3906572	3907462	891	"LB 3.0"	19	2.50209107095358	0	0	0	0.861952861952862	-Inf	"SD"	0	0
"ECK120000774"	"pstB"	"-"	3905616	3906389	774	"LB 3.0"	83	12.5824249265762	1	64	0	0.956072351421189	-Inf	"SD"	3	10.3448275862069
"ECK120000775"	"pstC"	"-"	3907462	3908421	960	"LB 3.0"	20	2.44447713181978	2	75	0	0.692708333333333	-Inf	"SD"	0	0
"ECK120000777"	"ptrA"	"-"	2954018	2956906	2889	"LB 3.0"	89	3.61467854175635	0	0	0	0.779854620976116	-Inf	"SD"	6	5.55555555555556
"ECK120000779"	"ptsH"	"+"	2531786	2532043	258	"LB 3.0"	226	102.781736147213	0	0	0	1	-Inf	"SD"	100	1111.11111111111
"ECK120000780"	"ptsI"	"+"	2532088	2533815	1728	"LB 3.0"	1128	76.5936167970198	6	160	0	1	-Inf	"SD"	51	79.6875
"ECK120000781"	"purA"	"+"	4402710	4404008	1299	"LB 3.0"	3524	318.312698846481	0	0	0	1	-Inf	"SD"	56	119.148936170213
"ECK120000782"	"purC"	"-"	2594927	2595640	714	"LB 3.0"	224	36.8109497497567	30	290	100	1	-2.66601016744948	"SD"	6	22.2222222222222
"ECK120000784"	"purE"	"-"	551814	552323	510	"LB 3.0"	32	7.36218994995134	0	0	0	0.813725490196078	-Inf	"SD"	0	0
"ECK120000785"	"purF"	"-"	2426743	2428260	1518	"LB 3.0"	158	12.212723694151	5	222	0	0.965085638998682	-Inf	"SD"	1	1.78571428571429
"ECK120000790"	"purN"	"+"	2620256	2620894	639	"LB 3.0"	54	9.91562554879009	1	40	0	0.942097026604069	-Inf	"SD"	0	0
"ECK120000797"	"pyrC"	"-"	1120784	1121830	1047	"LB 3.0"	42	4.70684421943522	7	214	0	0.875835721107927	-Inf	"SD"	3	7.69230769230769
"ECK120000798"	"pyrD"	"+"	1003991	1005001	1011	"LB 3.0"	4	0	2	100	0	0.233432245301681	NA	"NO"	6	16.2162162162162
"ECK120000800"	"pyrF"	"+"	1339945	1340682	738	"LB 3.0"	18	2.86182688603291	1	100	0	0.791327913279133	-Inf	"SD"	4	15.3846153846154
"ECK120000801"	"pyrG"	"-"	2906051	2907688	1638	"LB 3.0"	270	19.3409179660466	6	166	0	0.999389499389499	-Inf	"SD"	9	15
"ECK120000802"	"pyrI"	"-"	4469009	4469470	462	"LB 3.0"	13	3.30163145076957	1	50	0	0.714285714285714	-Inf	"SD"	1	5.88235294117647
"ECK120000804"	"racC"	"-"	1415512	1415787	276	"LB 3.0"	4	1.70050583083115	0	0	0	0.550724637681159	-Inf	"SD"	NA	NA
"ECK120000805"	"rbsA"	"+"	3931801	3933306	1506	"LB 3.0"	384	29.9180627448222	1	36	0	1	-Inf	"SD"	8	14.5454545454545
"ECK120000806"	"rbsB"	"+"	3934301	3935191	891	"LB 3.0"	1586	208.858759922757	1	100	0	1	-Inf	"SD"	29	93.5483870967742
"ECK120000807"	"rbsC"	"+"	3933311	3934276	966	"LB 3.0"	718	87.2116561811976	0	0	0	1	-Inf	"SD"	1	3.03030303030303
"ECK120000808"	"rbsD"	"+"	3931374	3931793	420	"LB 3.0"	1796	501.746391856951	1	100	0	1	-Inf	"SD"	2	13.3333333333333
"ECK120000809"	"rbsK"	"+"	3935317	3936246	930	"LB 3.0"	247	31.1631407256509	2	121	0	1	-Inf	"SD"	5	15.625
"ECK120000814"	"recA"	"-"	2820730	2821791	1062	"LB 3.0"	609	67.2852688487343	0	0	0	1	-Inf	"SD"	17	44.7368421052632
"ECK120000815"	"recB"	"-"	2950483	2954025	3543	"LB 3.0"	50	1.65586935262983	1	79	0	0.468529494778436	-Inf	"SD"	3	2.23880597014925
"ECK120000816"	"recC"	"-"	2957082	2960450	3369	"LB 3.0"	91	3.16933099192306	15	325	30.7692307692308	0.777678836449985	-0.664178336738124	"SD"	3	2.32558139534884
"ECK120000818"	"recE"	"-"	1412810	1415410	2601	"LB 3.0"	13	0.586448954346614	4	97	0	0.2879661668589	-Inf	"SD"	NA	NA
"ECK120000819"	"recF"	"-"	3878171	3879244	1074	"LB 3.0"	131	14.3117990734477	9	138	50.7246376811594	0.813780260707635	-3.35370630604299	"SD"	NA	NA
"ECK120000821"	"recJ"	"-"	3034395	3036128	1734	"LB 3.0"	114	7.71405932255931	1	37	0	0.927912341407151	-Inf	"SD"	0	0
"ECK120000822"	"recN"	"+"	2749817	2751478	1662	"LB 3.0"	89	6.28327695976781	2	76	0	0.877858002406739	-Inf	"SD"	NA	NA
"ECK120000823"	"recO"	"-"	2699763	2700491	729	"LB 3.0"	79	12.7153049161325	0	0	0	0.647462277091907	-Inf	"SD"	NA	NA
"ECK120000824"	"recQ"	"+"	4003887	4005716	1830	"LB 3.0"	28	1.79528812304141	2	94	0	0.614207650273224	-Inf	"SD"	0	0
"ECK120000825"	"recR"	"+"	493629	494234	606	"LB 3.0"	78	15.1025121807479	0	0	0	1	-Inf	"SD"	1	4.54545454545455
"ECK120000826"	"relA"	"-"	2909439	2911673	2235	"LB 3.0"	238	12.4947233798251	2	100	0	0.815659955257271	-Inf	"SD"	0	0
"ECK120000831"	"rfe"	"+"	3965939	3967042	1104	"LB 3.0"	74	7.86483946759408	2	94	0	0.914855072463768	-Inf	"SD"	0	0
"ECK120000836"	"rho"	"+"	3964440	3965699	1260	"LB 3.0"	561	52.241968417177	3	69	0	1	-Inf	"SD"	30	63.8297872340426
"ECK120000838"	"rhsB"	"+"	3617215	3621450	4236	"LB 3.0"	6	0	0	0	0	0.0481586402266289	NA	"NO"	NA	NA
"ECK120000839"	"rhsC"	"+"	728806	732999	4194	"LB 3.0"	10	0	0	0	0	0.0639008106819266	NA	"NO"	NA	NA
"ECK120000840"	"rhsD"	"+"	522485	526765	4281	"LB 3.0"	38	1.04151513394984	0	0	0	0.296893249240832	-Inf	"SD"	NA	NA
"ECK120000841"	"rimI"	"+"	4606208	4606654	447	"LB 3.0"	34	8.92480241416081	1	94	0	0.92841163310962	-Inf	"SD"	0	0
"ECK120000843"	"rimK"	"+"	891190	892092	903	"LB 3.0"	52	6.75682715506331	1	100	0	0.947951273532669	-Inf	"SD"	0	0
"ECK120000845"	"rlpA"	"-"	663325	664413	1089	"LB 3.0"	35	3.7710941978487	23	560	41.0714285714286	0.757575757575758	0.286650673280404	"AD"	1	2.63157894736842
"ECK120000846"	"lptE"	"-"	670828	671409	582	"LB 3.0"	161	32.4586241833389	1	100	0	1	-Inf	"SD"	4	19.047619047619
"ECK120000848"	"rnc"	"-"	2701405	2702085	681	"LB 3.0"	66	11.3716645427387	0	0	0	1	-Inf	"SD"	5	19.2307692307692
"ECK120000852"	"rnhB"	"+"	204493	205089	597	"LB 3.0"	78	15.3301882437743	0	0	0	0.892797319932998	-Inf	"SD"	0	0
"ECK120000853"	"rnpA"	"+"	3882516	3882875	360	"LB 3.0"	51	16.6224444963745	0	0	0	0.966666666666667	-Inf	"SD"	0	0
"ECK120000855"	"rplA"	"+"	4176902	4177606	705	"LB 3.0"	2479	412.586131729786	7	146	47.9452054794521	1	-8.20312469129151	"SD"	156	624
"ECK120000856"	"rplB"	"-"	3448565	3449386	822	"LB 3.0"	1255	179.142703674968	7	105	0	1	-Inf	"SD"	39	130
"ECK120000857"	"rplC"	"-"	3450319	3450948	630	"LB 3.0"	1566	291.661042927983	0	0	0	1	-Inf	"SD"	23	104.545454545455
"ECK120000858"	"rplD"	"-"	3449703	3450308	606	"LB 3.0"	1547	299.533158251501	0	0	0	1	-Inf	"SD"	19	86.3636363636364
"ECK120000859"	"rplE"	"-"	3444921	3445460	540	"LB 3.0"	3226	700.967397977832	17	230	65.2173913043478	1	-7.86824103504484	"SD"	60	300
"ECK120000860"	"rplF"	"-"	3443629	3444162	534	"LB 3.0"	1829	401.883026885247	0	0	0	1	-Inf	"SD"	45	236.842105263158
"ECK120000862"	"rplJ"	"+"	4178019	4178516	498	"LB 3.0"	1948	458.972670147945	5	160	0	1	-Inf	"SD"	11	61.1111111111111
"ECK120000863"	"rplK"	"+"	4176470	4176898	429	"LB 3.0"	702	192.002567444754	1	100	0	1	-Inf	"SD"	16	106.666666666667
"ECK120000864"	"rplL"	"+"	4178583	4178948	366	"LB 3.0"	2790	894.438189872418	0	0	0	1	-Inf	"SD"	120	1000
"ECK120000865"	"rplM"	"-"	3376245	3376673	429	"LB 3.0"	491	134.292394038994	0	0	0	1	-Inf	"SD"	13	81.25
"ECK120000866"	"rplN"	"-"	3445800	3446171	372	"LB 3.0"	2793	880.958016667438	4	100	0	1	-Inf	"SD"	9	64.2857142857143
"ECK120000867"	"rplO"	"-"	3442127	3442561	435	"LB 3.0"	3336	899.837319917328	0	0	0	1	-Inf	"SD"	11	73.3333333333333
"ECK120000868"	"rplP"	"-"	3446781	3447191	411	"LB 3.0"	1299	370.84680808571	0	0	0	1	-Inf	"SD"	14	93.3333333333333
"ECK120000869"	"rplQ"	"-"	3437638	3438021	384	"LB 3.0"	1327	405.477644240606	4	141	0	1	-Inf	"SD"	17	121.428571428571
"ECK120000870"	"rplR"	"-"	3443266	3443619	354	"LB 3.0"	2158	715.278867859944	0	0	0	1	-Inf	"SD"	6	46.1538461538462
"ECK120000872"	"rplT"	"-"	1797417	1797773	357	"LB 3.0"	2003	658.324395971095	5	358	0	1	-Inf	"SD"	1	7.69230769230769
"ECK120000873"	"rplV"	"-"	3447923	3448255	333	"LB 3.0"	1567	552.14351936023	1	94	0	1	-Inf	"SD"	16	133.333333333333
"ECK120000874"	"rplW"	"-"	3449404	3449706	303	"LB 3.0"	1046	405.057121565701	0	0	0	1	-Inf	"SD"	0	0
"ECK120000875"	"rplX"	"-"	3445475	3445789	315	"LB 3.0"	1388	517.018553747178	1	85	0	1	-Inf	"SD"	134	1218.18181818182
"ECK120000877"	"rpmB"	"-"	3809461	3809697	237	"LB 3.0"	550	272.296186835621	0	0	0	1	-Inf	"SD"	0	0
"ECK120000878"	"rpmC"	"-"	3446590	3446781	192	"LB 3.0"	2171	1326.73996329519	0	0	0	1	-Inf	"SD"	4	57.1428571428571
"ECK120000879"	"rpmD"	"-"	3442565	3442744	180	"LB 3.0"	1205	785.491985024756	0	0	0	1	-Inf	"SD"	1	14.2857142857143
"ECK120000881"	"rpmF"	"+"	1146590	1146763	174	"LB 3.0"	243	163.864260146816	0	0	0	1	-Inf	"SD"	NA	NA
"ECK120000882"	"rpmG"	"-"	3809273	3809440	168	"LB 3.0"	203	141.779673645547	0	0	0	1	-Inf	"SD"	NA	NA
"ECK120000884"	"rpoA"	"-"	3438062	3439051	990	"LB 3.0"	5637	668.097822645726	1	50	0	1	-Inf	"SD"	73	197.297297297297
"ECK120000885"	"rpoB"	"+"	4179268	4183296	4029	"LB 3.0"	3922	114.218785536824	4	97	0	1	-Inf	"SD"	216	143.046357615894
"ECK120000886"	"rpoC"	"+"	4183373	4187596	4224	"LB 3.0"	4767	132.418437356647	5	100	0	1	-Inf	"SD"	313	201.935483870968
"ECK120000888"	"rpoH"	"-"	3597952	3598806	855	"LB 3.0"	2291	314.40264471574	1	49	0	1	-Inf	"SD"	NA	NA
"ECK120000889"	"rpoN"	"+"	3342739	3344172	1434	"LB 3.0"	653	53.4307470151738	7	237	0	1	-Inf	"SD"	5	9.25925925925926
"ECK120000890"	"rpoZ"	"+"	3820129	3820404	276	"LB 3.0"	665	282.709094375679	0	0	0	1	-Inf	"SD"	3	30
"ECK120000891"	"rpsA"	"+"	961218	962891	1674	"LB 3.0"	4730	331.537686982296	3	74	0	1	-Inf	"SD"	281	460.655737704918
"ECK120000892"	"rpsB"	"+"	189874	190599	726	"LB 3.0"	1031	166.628490770657	0	0	0	1	-Inf	"SD"	32	118.518518518519
"ECK120000893"	"rpsC"	"-"	3447204	3447905	702	"LB 3.0"	1759	294.00583076041	0	0	0	1	-Inf	"SD"	73	280.769230769231
"ECK120000894"	"rpsD"	"-"	3439077	3439697	621	"LB 3.0"	2845	537.548787634958	0	0	0	1	-Inf	"SD"	62	269.565217391304
"ECK120000895"	"rpsE"	"-"	3442748	3443251	504	"LB 3.0"	2458	572.240456191716	2	102	0	1	-Inf	"SD"	78	433.333333333333
"ECK120000897"	"rpsG"	"-"	3471564	3472103	540	"LB 3.0"	3282	713.13546192289	0	0	0	1	-Inf	"SD"	51	255
"ECK120000898"	"rpsH"	"-"	3444175	3444567	393	"LB 3.0"	1558	465.159740015294	0	0	0	1	-Inf	"SD"	45	321.428571428571
"ECK120000899"	"rpsI"	"-"	3375837	3376229	393	"LB 3.0"	597	178.241569184294	8	373	21.4477211796247	1	-6.79961812355475	"SD"	8	53.3333333333333
"ECK120000900"	"rpsJ"	"-"	3450981	3451292	312	"LB 3.0"	1170	440.00588372756	0	0	0	1	-Inf	"SD"	26	216.666666666667
"ECK120000901"	"rpsK"	"-"	3439731	3440120	390	"LB 3.0"	2320	697.992239485771	0	0	0	1	-Inf	"SD"	4	28.5714285714286
"ECK120000902"	"rpsL"	"-"	3472200	3472574	375	"LB 3.0"	410	128.286159877902	1	100	0	1	-Inf	"SD"	2	14.2857142857143
"ECK120000903"	"rpsM"	"-"	3440137	3440493	357	"LB 3.0"	2032	667.855802602728	0	0	0	1	-Inf	"SD"	57	438.461538461538
"ECK120000904"	"rpsN"	"-"	3444601	3444906	306	"LB 3.0"	1701	652.244015878501	7	211	33.175355450237	1	-8.86384116546168	"SD"	1	8.33333333333333
"ECK120000905"	"rpsO"	"-"	3309437	3309706	270	"LB 3.0"	343	149.058783326966	0	0	0	1	-Inf	"SD"	5	50
"ECK120000906"	"rpsP"	"-"	2743959	2744207	249	"LB 3.0"	240	113.093881761301	0	0	0	1	-Inf	"SD"	6	66.6666666666667
"ECK120000907"	"rpsQ"	"-"	3446336	3446590	255	"LB 3.0"	2992	1376.7295206409	0	0	0	1	-Inf	"SD"	1	10
"ECK120000908"	"rpsR"	"+"	4423862	4424089	228	"LB 3.0"	200	102.925352918728	1	100	0	1	-Inf	"SD"	5	55.5555555555556
"ECK120000909"	"rpsS"	"-"	3448270	3448548	279	"LB 3.0"	679	285.556984517098	0	0	0	1	-Inf	"SD"	9	90
"ECK120000916"	"sbcC"	"-"	411831	414977	3147	"LB 3.0"	38	1.41681801348563	2	116	0	0.539561487130601	-Inf	"SD"	0	0
"ECK120000918"	"sbp"	"+"	4106857	4107846	990	"LB 3.0"	14	1.65928144705343	0	0	0	0.6	-Inf	"SD"	11	29.7297297297297
"ECK120000919"	"sdaA"	"+"	1894956	1896320	1365	"LB 3.0"	284	24.4125364549211	0	0	0	1	-Inf	"SD"	2	4.08163265306122
"ECK120000920"	"sdhA"	"+"	755130	756896	1767	"LB 3.0"	6189	410.970973686455	2	44	0	1	-Inf	"SD"	74	115.625
"ECK120000921"	"sdhB"	"+"	756912	757628	717	"LB 3.0"	4407	721.192349451365	0	0	0	1	-Inf	"SD"	35	129.62962962963
"ECK120000923"	"sdhD"	"+"	754783	755130	348	"LB 3.0"	900	303.452333605214	4	106	0	1	-Inf	"SD"	1	7.69230769230769
"ECK120000925"	"secA"	"+"	108279	110984	2706	"LB 3.0"	609	26.4068571756673	2	61	0	0.99519586104952	-Inf	"SD"	58	56.8627450980392
"ECK120000926"	"secB"	"-"	3781684	3782151	468	"LB 3.0"	699	175.250206681233	0	0	0	1	-Inf	"SD"	12	70.5882352941177
"ECK120000927"	"secD"	"+"	426871	428718	1848	"LB 3.0"	1027	65.2072211526991	1	100	0	1	-Inf	"SD"	20	29.8507462686567
"ECK120000928"	"secE"	"+"	4175381	4175764	384	"LB 3.0"	319	97.4735256313137	0	0	0	1	-Inf	"SD"	1	7.14285714285714
"ECK120000929"	"secF"	"+"	428729	429700	972	"LB 3.0"	317	38.2666296684874	0	0	0	1	-Inf	"SD"	4	11.4285714285714
"ECK120000930"	"selA"	"-"	3757881	3759272	1392	"LB 3.0"	99	8.34493917414339	1	37	0	0.96264367816092	-Inf	"SD"	3	5.88235294117647
"ECK120000931"	"selB"	"-"	3756040	3757884	1845	"LB 3.0"	97	6.1688268432265	1	98	0	0.902981029810298	-Inf	"SD"	8	11.5942028985507
"ECK120000932"	"selD"	"-"	1844989	1846032	1044	"LB 3.0"	876	98.4534237919139	0	0	0	1	-Inf	"SD"	8	21.6216216216216
"ECK120000935"	"serC"	"+"	956876	957964	1089	"LB 3.0"	290	31.2462090678892	0	0	0	1	-Inf	"SD"	12	30
"ECK120000936"	"serS"	"+"	938651	939943	1293	"LB 3.0"	897	81.3993869973955	0	0	0	1	-Inf	"SD"	21	43.75
"ECK120000937"	"maeA"	"-"	1551996	1553693	1698	"LB 3.0"	230	15.8934202210191	1	100	0	0.981743227326266	-Inf	"SD"	14	22.2222222222222
"ECK120000938"	"sfsA"	"-"	160782	161486	705	"LB 3.0"	440	73.2302936511117	1	64	0	1	-Inf	"SD"	2	7.69230769230769
"ECK120000944"	"prlF"	"+"	3275024	3275359	336	"LB 3.0"	327	114.192003157867	2	63	0	1	-Inf	"SD"	NA	NA
"ECK120000948"	"speA"	"-"	3081957	3083933	1977	"LB 3.0"	291	17.2708429829331	1	71	0	1	-Inf	"SD"	26	35.1351351351351
"ECK120000952"	"speE"	"-"	135598	136464	867	"LB 3.0"	59	7.98472807071928	2	100	0	0.951557093425606	-Inf	"SD"	7	21.875
"ECK120000955"	"spoT"	"+"	3820423	3822531	2109	"LB 3.0"	204	11.349606484011	0	0	0	0.893314366998578	-Inf	"SD"	1	1.26582278481013
"ECK120000956"	"trmH"	"+"	3822538	3823227	690	"LB 3.0"	8	1.36040466466492	0	0	0	0.298550724637681	-Inf	"SD"	1	4
"ECK120000958"	"srlE"	"+"	2824414	2825373	960	"LB 3.0"	23	2.81114870159275	0	0	0	0.765625	-Inf	"SD"	4	12.1212121212121
"ECK120000959"	"srlB"	"+"	2825384	2825755	372	"LB 3.0"	4	1.26166561642311	0	0	0	0.529569892473118	-Inf	"SD"	0	0
"ECK120000960"	"srlD"	"+"	2825759	2826538	780	"LB 3.0"	22	3.30944596307909	0	0	0	0.825641025641026	-Inf	"SD"	9	32.1428571428571
"ECK120000961"	"gutM"	"+"	2826643	2827002	360	"LB 3.0"	16	5.2148845478822	2	85	0	0.533333333333333	-Inf	"SD"	0	0
"ECK120000963"	"srlR"	"+"	2827069	2827842	774	"LB 3.0"	164	24.8616588910663	2	83	0	1	-Inf	"SD"	0	0
"ECK120000966"	"sspA"	"-"	3374804	3375442	639	"LB 3.0"	504	92.5458384553742	0	0	0	1	-Inf	"SD"	22	91.6666666666667
"ECK120000968"	"sucA"	"+"	757929	760730	2802	"LB 3.0"	6205	259.836926816989	0	0	0	1	-Inf	"SD"	222	211.428571428571
"ECK120000969"	"sucB"	"+"	760745	761962	1218	"LB 3.0"	3368	324.453161772178	0	0	0	1	-Inf	"SD"	73	165.909090909091
"ECK120000970"	"sucC"	"+"	762237	763403	1167	"LB 3.0"	2641	265.536826946469	0	0	0	1	-Inf	"SD"	285	695.121951219512
"ECK120000973"	"sulA"	"-"	1019633	1020142	510	"LB 3.0"	64	14.7243798999027	NA	695	126.618705035971	0.976470588235294	0.257368550947604	"AD"	NA	NA
"ECK120000974"	"surA"	"-"	53416	54702	1287	"LB 3.0"	639	58.2571892674252	2	100	0	1	-Inf	"SD"	17	36.1702127659574
"ECK120000976"	"tap"	"-"	1967407	1969008	1602	"LB 3.0"	23	1.68458349159116	1	57	0	0.531210986267166	-Inf	"SD"	3	5.17241379310345
"ECK120000977"	"tar"	"-"	1969054	1970715	1662	"LB 3.0"	20	1.41197235050962	0	0	0	0.439831528279182	-Inf	"SD"	19	31.6666666666667
"ECK120000979"	"tdcB"	"-"	3263061	3264050	990	"LB 3.0"	20	2.37040206721918	0	0	0	0.616161616161616	-Inf	"SD"	0	0
"ECK120000980"	"tdcC"	"-"	3261708	3263039	1332	"LB 3.0"	38	3.3473921084379	0	0	0	0.746246246246246	-Inf	"SD"	NA	NA
"ECK120000982"	"tdh"	"-"	3788343	3789368	1026	"LB 3.0"	347	39.6834416253316	1	36	0	1	-Inf	"SD"	18	48.6486486486486
"ECK120000985"	"tgt"	"+"	425361	426488	1128	"LB 3.0"	186	19.3477764475949	1	83	0	0.995567375886525	-Inf	"SD"	2	4.65116279069767
"ECK120000986"	"mnmE"	"+"	3884851	3886215	1365	"LB 3.0"	79	6.79081119696748	0	0	0	0.998534798534799	-Inf	"SD"	5	10.2040816326531
"ECK120000987"	"thrA"	"+"	337	2799	2463	"LB 3.0"	141	6.71710159486653	7	164	42.6829268292683	0.930978481526594	-2.26241202239078	"SD"	57	64.0449438202247
"ECK120000988"	"thrB"	"+"	2801	3733	933	"LB 3.0"	284	35.716090311862	2	36	0	1	-Inf	"SD"	2	5.88235294117647
"ECK120000989"	"thrC"	"+"	3734	5020	1287	"LB 3.0"	190	17.3221689527555	2	83	0	1	-Inf	"SD"	18	38.2978723404255
"ECK120000991"	"thyA"	"-"	2962383	2963177	795	"LB 3.0"	63	9.29823754292203	4	181	0	0.929559748427673	-Inf	"SD"	6	20
"ECK120000992"	"tig"	"+"	454357	455655	1299	"LB 3.0"	727	65.6678013795096	0	0	0	1	-Inf	"SD"	168	350
"ECK120000994"	"tnaA"	"+"	3886753	3888168	1416	"LB 3.0"	4095	339.32657134922	0	0	0	1	-Inf	"SD"	380	716.981132075472
"ECK120000995"	"tnaB"	"+"	3888259	3889506	1248	"LB 3.0"	242	22.7524409961687	7	108	0	1	-Inf	"SD"	4	8.88888888888889
"ECK120000996"	"tolA"	"+"	775565	776830	1266	"LB 3.0"	92	8.52670696217705	0	0	0	0.73696682464455	-Inf	"SD"	1	2.32558139534884
"ECK120000997"	"tolB"	"+"	776963	778255	1293	"LB 3.0"	900	81.6716257498952	4	128	0	1	-Inf	"SD"	15	32.6086956521739
"ECK120000999"	"tolQ"	"+"	774376	775068	693	"LB 3.0"	89	15.0689845701791	4	59	0	1	-Inf	"SD"	2	7.69230769230769
"ECK120001000"	"tolR"	"+"	775072	775500	429	"LB 3.0"	34	9.2992696483214	0	0	0	1	-Inf	"SD"	2	13.3333333333333
"ECK120001003"	"topB"	"-"	1843023	1844984	1962	"LB 3.0"	242	14.4725006948107	2	192	0	0.952089704383282	-Inf	"SD"	1	1.36986301369863
"ECK120001008"	"trkA"	"+"	3434540	3435916	1377	"LB 3.0"	59	5.02742137786029	2	166	0	0.893972403776325	-Inf	"SD"	2	4
"ECK120001009"	"trkG"	"+"	1421806	1423263	1458	"LB 3.0"	33	2.65572824197704	2	88	0	0.59122085048011	-Inf	"SD"	NA	NA
"ECK120001010"	"trkH"	"+"	4031168	4032619	1452	"LB 3.0"	118	9.5354810431317	1	47	0	0.919421487603306	-Inf	"SD"	NA	NA
"ECK120001012"	"trmD"	"-"	2742594	2743361	768	"LB 3.0"	1409	215.266767420879	1	74	0	1	-Inf	"SD"	2	7.14285714285714
"ECK120001013"	"trpA"	"-"	1314440	1315246	807	"LB 3.0"	57	8.28759533167152	1	53	0	0.892193308550186	-Inf	"SD"	10	34.4827586206897
"ECK120001014"	"trpB"	"-"	1315246	1316439	1194	"LB 3.0"	102	10.0235846209294	0	0	0	0.980737018425461	-Inf	"SD"	9	20.9302325581395
"ECK120001015"	"trpC"	"-"	1316451	1317809	1359	"LB 3.0"	94	8.11587992551203	0	0	0	0.977924944812362	-Inf	"SD"	2	4.08163265306122
"ECK120001016"	"trpD"	"-"	1317813	1319408	1596	"LB 3.0"	69	5.07274953670872	5	93	0	0.87531328320802	-Inf	"SD"	NA	NA
"ECK120001017"	"trpE"	"-"	1319408	1320970	1563	"LB 3.0"	54	4.05379700939019	4	54	0	0.751119641714651	-Inf	"SD"	5	8.7719298245614
"ECK120001019"	"trpS"	"-"	3510656	3511660	1005	"LB 3.0"	219	25.5685011041687	0	0	0	1	-Inf	"SD"	16	43.2432432432432
"ECK120001022"	"tsf"	"+"	190857	191708	852	"LB 3.0"	740	101.91059591812	0	0	0	1	-Inf	"SD"	155	516.666666666667
"ECK120001025"	"tufA"	"-"	3468167	3469351	1185	"LB 3.0"	469	46.438876954875	0	0	0	0.262447257383966	-Inf	"SD"	461	1072.09302325581
"ECK120001026"	"tufB"	"+"	4173967	4175151	1185	"LB 3.0"	200	19.8033590425906	0	0	0	0.210126582278481	-Inf	"SD"	NA	NA
"ECK120001032"	"tyrS"	"-"	1713972	1715246	1275	"LB 3.0"	572	52.6396581421521	1	100	0	1	-Inf	"SD"	17	35.4166666666667
"ECK120001033"	"ubiX"	"-"	2426079	2426648	570	"LB 3.0"	25	5.14626764593638	3	46	0	0.689473684210526	-Inf	"SD"	6	28.5714285714286
"ECK120001035"	"ugpA"	"-"	3588047	3588934	888	"LB 3.0"	39	5.15322206167413	1	59	0	0.859234234234234	-Inf	"SD"	NA	NA
"ECK120001036"	"ugpB"	"-"	3589032	3590348	1317	"LB 3.0"	512	45.6153910338671	0	0	0	1	-Inf	"SD"	5	10.4166666666667
"ECK120001037"	"ugpC"	"-"	3586133	3587203	1071	"LB 3.0"	119	13.0372113697055	0	0	0	0.944911297852474	-Inf	"SD"	0	0
"ECK120001038"	"ugpE"	"-"	3587205	3588050	846	"LB 3.0"	80	11.0954990380472	1	50	0	0.567375886524823	-Inf	"SD"	NA	NA
"ECK120001040"	"uhpA"	"-"	3848159	3848749	591	"LB 3.0"	184	36.5306633303423	0	0	0	1	-Inf	"SD"	2	9.52380952380952
"ECK120001041"	"uhpB"	"-"	3846657	3848159	1503	"LB 3.0"	76	5.93310218022525	0	0	0	0.919494344644045	-Inf	"SD"	NA	NA
"ECK120001042"	"uhpC"	"-"	3845328	3846647	1320	"LB 3.0"	21	1.8666916279351	0	0	0	0.524242424242424	-Inf	"SD"	NA	NA
"ECK120001044"	"uidA"	"-"	1692284	1694095	1812	"LB 3.0"	135	8.74183874955418	0	0	0	0.976269315673289	-Inf	"SD"	5	7.35294117647059
"ECK120001046"	"umuD"	"+"	1229990	1230409	420	"LB 3.0"	13	3.63179459584653	0	0	0	0.84047619047619	-Inf	"SD"	NA	NA
"ECK120001048"	"usg"	"-"	2433658	2434671	1014	"LB 3.0"	158	18.2829532226047	0	0	0	1	-Inf	"SD"	3	8.33333333333333
"ECK120001052"	"uvrC"	"-"	1990898	1992730	1833	"LB 3.0"	92	5.88914948942507	3	167	0	0.870703764320786	-Inf	"SD"	1	1.47058823529412
"ECK120001054"	"uxaB"	"-"	1607253	1608704	1452	"LB 3.0"	42	3.39398477806383	3	100	0	0.756198347107438	-Inf	"SD"	1	1.81818181818182
"ECK120001058"	"xerC"	"+"	3994310	3995206	897	"LB 3.0"	60	7.84848844998993	0	0	0	0.916387959866221	-Inf	"SD"	0	0
"ECK120001059"	"dsbC"	"-"	3036134	3036844	711	"LB 3.0"	55	9.07653956118737	1	73	0	1	-Inf	"SD"	4	15.3846153846154
"ECK120001064"	"xylB"	"-"	3725940	3727394	1455	"LB 3.0"	79	6.37076101983547	2	100	0	0.733333333333333	-Inf	"SD"	NA	NA
"ECK120001067"	"ribF"	"+"	21407	22348	942	"LB 3.0"	748	93.1703895338189	0	0	0	0.976645435244161	-Inf	"SD"	4	11.4285714285714
"ECK120001068"	"fkpB"	"+"	25826	26275	450	"LB 3.0"	66	17.2091190080112	1	100	0	1	-Inf	"SD"	0	0
"ECK120001069"	"ispH"	"+"	26277	27227	951	"LB 3.0"	103	12.7081965717319	0	0	0	0.997896950578339	-Inf	"SD"	2	5.71428571428571
"ECK120001070"	"rihC"	"+"	27293	28207	915	"LB 3.0"	256	32.8281256784715	2	38	0	1	-Inf	"SD"	7	21.2121212121212
"ECK120001071"	"hepA"	"-"	60358	63264	2907	"LB 3.0"	202	8.15330246650313	2	100	0	0.915720674234606	-Inf	"SD"	9	8.18181818181818
"ECK120001072"	"mraZ"	"+"	89634	90092	459	"LB 3.0"	369	94.3280587337515	0	0	0	1	-Inf	"SD"	2	11.7647058823529
"ECK120001073"	"rsmH"	"+"	90094	91035	942	"LB 3.0"	375	46.709754111206	0	0	0	1	-Inf	"SD"	11	31.4285714285714
"ECK120001074"	"ftsL"	"+"	91032	91397	366	"LB 3.0"	198	63.4762586361071	0	0	0	1	-Inf	"SD"	0	0
"ECK120001075"	"secM"	"+"	107705	108217	513	"LB 3.0"	143	32.7073899275068	4	97	0	0.957115009746589	-Inf	"SD"	NA	NA
"ECK120001079"	"frsA"	"+"	256527	257771	1245	"LB 3.0"	120	11.3093881761301	2	55	0	0.971084337349398	-Inf	"SD"	2	4.25531914893617
"ECK120001081"	"yaiA"	"+"	406203	406394	192	"LB 3.0"	82	50.1117812023055	11	256	42.96875	1	-4.50957438980818	"SD"	1	14.2857142857143
"ECK120001084"	"yajC"	"+"	426511	426843	333	"LB 3.0"	291	102.535905637413	1	54	0	1	-Inf	"SD"	3	25
"ECK120001088"	"ybaB"	"+"	493300	493629	330	"LB 3.0"	217	77.1565872879843	0	0	0	1	-Inf	"SD"	21	175
"ECK120001093"	"entH"	"+"	628523	628936	414	"LB 3.0"	34	9.63619970804319	0	0	0	1	-Inf	"SD"	NA	NA
"ECK120001094"	"ybgA"	"+"	738224	738733	510	"LB 3.0"	6	1.38041061561588	4	152	0	0.390196078431373	-Inf	"SD"	NA	NA
"ECK120001096"	"ybgC"	"+"	773975	774379	405	"LB 3.0"	99	28.6818650133521	31	205	151.219512195122	1	-2.2097987164693	"SD"	0	0
"ECK120001098"	"aat"	"-"	925951	926655	705	"LB 3.0"	22	3.66151468255559	0	0	0	0.695035460992908	-Inf	"SD"	NA	NA
"ECK120001099"	"yccA"	"-"	1029982	1030641	660	"LB 3.0"	1315	233.780903879492	0	0	0	1	-Inf	"SD"	NA	NA
"ECK120001101"	"yceB"	"-"	1121936	1122496	561	"LB 3.0"	63	13.1766467854243	1	44	0	1	-Inf	"SD"	4	19.047619047619
"ECK120001106"	"yciB"	"-"	1310375	1310914	540	"LB 3.0"	62	13.471785082029	1	100	0	1	-Inf	"SD"	NA	NA
"ECK120001110"	"yciF"	"-"	1313294	1313794	501	"LB 3.0"	5	1.17100700925498	1	38	0	0.580838323353293	-Inf	"SD"	1	5.26315789473684
"ECK120001111"	"yciG"	"-"	1313880	1314059	180	"LB 3.0"	5	3.25930284242637	0	0	0	0.605555555555556	-Inf	"SD"	NA	NA
"ECK120001113"	"rem"	"-"	1642675	1642926	252	"LB 3.0"	21	9.77790852727912	3	180	0	1	-Inf	"SD"	NA	NA
"ECK120001114"	"hokD"	"-"	1643143	1643298	156	"LB 3.0"	562	422.706507102374	0	0	0	1	-Inf	"SD"	NA	NA
"ECK120001115"	"relE"	"-"	1643370	1643657	288	"LB 3.0"	644	262.373878815323	0	0	0	1	-Inf	"SD"	1	9.09090909090909
"ECK120001117"	"nlpC"	"-"	1790291	1790755	465	"LB 3.0"	235	59.2982839718863	0	0	0	1	-Inf	"SD"	0	0
"ECK120001121"	"yebC"	"-"	1945435	1946175	741	"LB 3.0"	151	23.9103512165044	2	100	0	1	-Inf	"SD"	0	0
"ECK120001122"	"nudB"	"-"	1946204	1946656	453	"LB 3.0"	144	37.2985119980978	0	0	0	1	-Inf	"SD"	0	0
"ECK120001126"	"yfaA"	"-"	2332978	2334666	1689	"LB 3.0"	4	0	2	71	0	0.136175251628182	NA	"NO"	0	0
"ECK120001128"	"yfcA"	"-"	2442773	2443582	810	"LB 3.0"	59	8.54661634236249	0	0	0	1	-Inf	"SD"	NA	NA
"ECK120001133"	"hyfA"	"+"	2599223	2599840	618	"LB 3.0"	0	0	1	100	0	0	NA	"NO"	NA	NA
"ECK120001134"	"raiA"	"+"	2735176	2735517	342	"LB 3.0"	16946	5813.91010186919	9	148	40.5405405405405	1	-12.2422586426674	"SD"	13	100
"ECK120001136"	"rimM"	"-"	2743392	2743940	549	"LB 3.0"	565	120.75449875219	1	51	0	1	-Inf	"SD"	5	23.8095238095238
"ECK120001137"	"ppdC"	"-"	2960463	2960786	324	"LB 3.0"	7	2.53501332188718	0	0	0	0.490740740740741	-Inf	"SD"	NA	NA
"ECK120001138"	"ygdB"	"-"	2960771	2961178	408	"LB 3.0"	2	0.575171089839948	0	0	0	0.299019607843137	-Inf	"SD"	NA	NA
"ECK120001139"	"ppdB"	"-"	2961175	2961738	564	"LB 3.0"	6	1.24824364178031	0	0	0	0.50354609929078	-Inf	"SD"	NA	NA
"ECK120001142"	"argO"	"-"	3066195	3066830	636	"LB 3.0"	13	2.39835492178544	4	200	0	0.316037735849057	-Inf	"SD"	0	0
"ECK120001143"	"mscS"	"-"	3066969	3067829	861	"LB 3.0"	63	8.58548065809874	2	97	0	0.981416957026713	-Inf	"SD"	7	22.5806451612903
"ECK120001144"	"yggC"	"-"	3071998	3072711	714	"LB 3.0"	30	4.93003791291384	0	0	0	0.764705882352941	-Inf	"SD"	NA	NA
"ECK120001145"	"yggD"	"-"	3072708	3073217	510	"LB 3.0"	50	11.503421796799	0	0	0	0.982352941176471	-Inf	"SD"	NA	NA
"ECK120001146"	"ygiA"	"+"	3177618	3177878	261	"LB 3.0"	240	107.894163059632	0	0	0	0.773946360153257	-Inf	"SD"	NA	NA
"ECK120001147"	"ygiB"	"+"	3177862	3178437	576	"LB 3.0"	384	78.223268218233	2	72	0	1	-Inf	"SD"	1	4.34782608695652
"ECK120001152"	"ttdB"	"+"	3205393	3205998	606	"LB 3.0"	0	0	0	0	0	0	NA	"NO"	NA	NA
"ECK120001154"	"tdcD"	"-"	3260474	3261694	1221	"LB 3.0"	34	3.26731095751833	1	63	0	0.632268632268632	-Inf	"SD"	NA	NA
"ECK120001155"	"yhaB"	"+"	3265876	3266415	540	"LB 3.0"	0	0	2	108	0	0	NA	"NO"	NA	NA
"ECK120001157"	"garK"	"-"	3268647	3269873	1227	"LB 3.0"	32	3.06007895230251	0	0	0	0.785656071719641	-Inf	"SD"	1	2.56410256410256
"ECK120001158"	"garR"	"-"	3269889	3270779	891	"LB 3.0"	34	4.47742612696956	1	77	0	0.732884399551066	-Inf	"SD"	33	110
"ECK120001159"	"truB"	"-"	3309855	3310799	945	"LB 3.0"	52	6.45652372594939	2	83	0	0.953439153439153	-Inf	"SD"	3	8.57142857142857
"ECK120001160"	"rbfA"	"-"	3310799	3311200	402	"LB 3.0"	47	13.7182597248394	0	0	0	1	-Inf	"SD"	8	53.3333333333333
"ECK120001161"	"rimP"	"-"	3315576	3316028	453	"LB 3.0"	53	13.7279245548555	1	48	0	1	-Inf	"SD"	11	64.7058823529412
"ECK120001163"	"bfd"	"-"	3464819	3465013	195	"LB 3.0"	13	7.8223268218233	0	0	0	1	-Inf	"SD"	NA	NA
"ECK120001165"	"damX"	"-"	3514042	3515328	1287	"LB 3.0"	296	26.9861158421876	0	0	0	1	-Inf	"SD"	3	6.52173913043478
"ECK120001168"	"yibA"	"+"	3764360	3765202	843	"LB 3.0"	21	2.92293350993397	4	66	0	0.584816132858837	-Inf	"SD"	0	0
"ECK120001170"	"waaC"	"+"	3794002	3794961	960	"LB 3.0"	52	6.35564054273143	3	41	0	0.821875	-Inf	"SD"	1	2.77777777777778
"ECK120001174"	"dinD"	"+"	3815783	3816607	825	"LB 3.0"	98	13.9379641552488	0	0	0	1	-Inf	"SD"	NA	NA
"ECK120001177"	"yidB"	"-"	3875090	3875488	399	"LB 3.0"	13	3.82294167983845	0	0	0	0.779448621553885	-Inf	"SD"	NA	NA
"ECK120001178"	"yidC"	"+"	3883099	3884745	1647	"LB 3.0"	372	26.5018722925161	2	108	0	1	-Inf	"SD"	11	17.741935483871
"ECK120001179"	"glmU"	"-"	3911853	3913223	1371	"LB 3.0"	187	16.0041041102949	0	0	0	1	-Inf	"SD"	11	22.4489795918367
"ECK120001180"	"mioC"	"-"	3924035	3924478	444	"LB 3.0"	151	39.9044375032202	2	147	0	1	-Inf	"SD"	2	12.5
"ECK120001181"	"yigA"	"+"	3993606	3994313	708	"LB 3.0"	158	26.1849075815271	0	0	0	1	-Inf	"SD"	2	7.40740740740741
"ECK120001182"	"yigB"	"+"	3995206	3995922	717	"LB 3.0"	29	4.74576313457899	0	0	0	0.821478382147838	-Inf	"SD"	1	3.7037037037037
"ECK120001184"	"murI"	"+"	4163451	4164308	858	"LB 3.0"	218	29.8123644607951	2	38	0	0.959207459207459	-Inf	"SD"	1	3.2258064516129
"ECK120001185"	"murB"	"+"	4170080	4171108	1029	"LB 3.0"	86	9.80641554922454	6	216	0	0.984450923226433	-Inf	"SD"	2	5.26315789473684
"ECK120001192"	"nsrR"	"+"	4404213	4404638	426	"LB 3.0"	93	25.6153660010411	1	89	0	1	-Inf	"SD"	3	18.75
"ECK120001194"	"yjjA"	"-"	4597718	4598212	495	"LB 3.0"	46	10.9038495092082	0	0	0	0.961616161616162	-Inf	"SD"	NA	NA
"ECK120001195"	"yjjB"	"-"	4599647	4599973	327	"LB 3.0"	3	1.07646699382889	1	100	0	0.403669724770642	-Inf	"SD"	NA	NA
"ECK120001197"	"creB"	"+"	4634030	4634719	690	"LB 3.0"	90	15.3045524774804	1	100	0	1	-Inf	"SD"	NA	NA
"ECK120001201"	"argH"	"+"	4154873	4156246	1374	"LB 3.0"	1730	147.73608517199	0	0	0	1	-Inf	"SD"	3	6
"ECK120001202"	"fliO"	"+"	2019528	2019893	366	"LB 3.0"	2	0.641174329657647	0	0	0	0.278688524590164	-Inf	"SD"	1	7.69230769230769
"ECK120001203"	"dcuA"	"-"	4363495	4364796	1302	"LB 3.0"	446	40.1930617803363	0	0	0	1	-Inf	"SD"	2	4.34782608695652
"ECK120001204"	"leuA"	"-"	81958	83529	1572	"LB 3.0"	677	50.5316341447936	6	220	0	1	-Inf	"SD"	4	7.01754385964912
"ECK120001206"	"fdnH"	"+"	1548485	1549369	885	"LB 3.0"	6	0.795490863236267	0	0	0	0.440677966101695	-Inf	"SD"	0	0
"ECK120001207"	"fdnI"	"+"	1549362	1550015	654	"LB 3.0"	18	3.22940098148668	1	68	0	0.675840978593272	-Inf	"SD"	NA	NA
"ECK120001209"	"rpmI"	"-"	1797826	1798023	198	"LB 3.0"	444	263.114629461329	1	94	0	1	-Inf	"SD"	NA	NA
"ECK120001210"	"rpmJ"	"-"	3440640	3440756	117	"LB 3.0"	860	862.461675226671	0	0	0	1	-Inf	"SD"	NA	NA
"ECK120001211"	"rstB"	"+"	1680906	1682207	1302	"LB 3.0"	47	4.23559171227759	7	180	33.3333333333333	0.69815668202765	-1.81952912233939	"SD"	2	4.08163265306122
"ECK120001212"	"ydiB"	"+"	1771813	1772679	867	"LB 3.0"	14	1.89468123711983	0	0	0	0.42560553633218	-Inf	"SD"	NA	NA
"ECK120001215"	"chiA"	"-"	3465182	3467875	2694	"LB 3.0"	32	1.39373306402197	22	372	48.3870967741936	0.315144766146993	1.36904263235607	"AD"	NA	NA
"ECK120001216"	"ybhB"	"-"	806656	807132	477	"LB 3.0"	24	5.90364288439494	4	128	0	0.859538784067086	-Inf	"SD"	3	17.6470588235294
"ECK120001221"	"yggF"	"-"	3073239	3074204	966	"LB 3.0"	24	2.9151528528534	1	39	0	0.456521739130435	-Inf	"SD"	NA	NA
"ECK120001224"	"mazF"	"-"	2908778	2909113	336	"LB 3.0"	51	17.8097619604013	1	77	0	1	-Inf	"SD"	NA	NA
"ECK120001226"	"ychA"	"+"	1266543	1267352	810	"LB 3.0"	96	13.9063587943525	0	0	0	1	-Inf	"SD"	0	0
"ECK120001227"	"mukE"	"+"	974872	975549	678	"LB 3.0"	129	22.3247823012214	0	0	0	1	-Inf	"SD"	4	14.8148148148148
"ECK120001228"	"ycbB"	"+"	980270	982117	1848	"LB 3.0"	116	7.36517785171674	2	133	0	0.894480519480519	-Inf	"SD"	1	1.47058823529412
"ECK120001229"	"rlmH"	"-"	667471	667938	468	"LB 3.0"	72	18.0515234349768	0	0	0	0.914529914529915	-Inf	"SD"	5	29.4117647058824
"ECK120001230"	"rsfS"	"-"	667942	668259	318	"LB 3.0"	84	30.9941251430734	0	0	0	1	-Inf	"SD"	0	0
"ECK120001233"	"focA"	"-"	952832	953689	858	"LB 3.0"	122	16.6839837808119	0	0	0	1	-Inf	"SD"	0	0
"ECK120001234"	"rnr"	"+"	4404677	4407118	2442	"LB 3.0"	537	25.8021468262845	5	156	0	1	-Inf	"SD"	16	17.3913043478261
"ECK120001236"	"nfsA"	"+"	890407	891129	723	"LB 3.0"	44	7.14071328133247	2	100	0	0.970954356846473	-Inf	"SD"	5	18.5185185185185
"ECK120001238"	"gspB"	"-"	3451530	3451949	420	"LB 3.0"	16	4.46990104104188	1	69	0	0.919047619047619	-Inf	"SD"	NA	NA
"ECK120001239"	"cmk"	"+"	960424	961107	684	"LB 3.0"	104	17.8403945059128	6	242	0	1	-Inf	"SD"	7	28
"ECK120001241"	"yiaB"	"-"	3725430	3725771	342	"LB 3.0"	4	1.37233803891637	0	0	0	0.573099415204678	-Inf	"SD"	NA	NA
"ECK120001242"	"fmt"	"+"	3432236	3433183	948	"LB 3.0"	273	33.7894813664202	6	128	0	1	-Inf	"SD"	8	23.5294117647059
"ECK120001245"	"pheL"	"+"	2735621	2735668	48	"LB 3.0"	75	183.335784886484	0	0	0	1	-Inf	"SD"	NA	NA
"ECK120001246"	"pheM"	"-"	1797250	1797294	45	"LB 3.0"	55	143.40932506676	0	0	0	1	-Inf	"SD"	NA	NA
"ECK120001247"	"fruL"	"+"	87860	87946	87	"LB 3.0"	5	6.74338519122698	0	0	0	1	-Inf	"SD"	NA	NA
"ECK120001249"	"ivbL"	"-"	3850913	3851011	99	"LB 3.0"	926	1097.49615712248	0	0	0	1	-Inf	"SD"	NA	NA
"ECK120001250"	"tnaC"	"+"	3886458	3886532	75	"LB 3.0"	306	478.726401495586	0	0	0	1	-Inf	"SD"	NA	NA
"ECK120001251"	"thrL"	"+"	190	255	66	"LB 3.0"	120	213.336186049726	0	0	0	1	-Inf	"SD"	NA	NA
"ECK120001254"	"mutL"	"+"	4395435	4397282	1848	"LB 3.0"	402	25.5241508309494	1	55	0	0.891774891774892	-Inf	"SD"	2	2.94117647058824
"ECK120001255"	"hyfB"	"+"	2599840	2601858	2019	"LB 3.0"	1	0	0	0	0	0.0495294700346706	NA	"NO"	NA	NA
"ECK120001256"	"phnE_1"	"-"	4320684	4321304	621	"LB 3.0"	0	0	0	0	0	0	NA	"NO"	NA	NA
"ECK120001257"	"fabZ"	"+"	202101	202556	456	"LB 3.0"	461	118.621469238834	0	0	0	1	-Inf	"SD"	18	105.882352941176
"ECK120001258"	"glrR"	"-"	2685491	2686825	1335	"LB 3.0"	48	4.21878300502829	0	0	0	0.636704119850187	-Inf	"SD"	0	0
"ECK120001263"	"yeiB"	"-"	2239832	2240989	1158	"LB 3.0"	23	2.33048597023233	0	0	0	0.268566493955095	-Inf	"SD"	NA	NA
"ECK120001267"	"ispE"	"-"	1261249	1262100	852	"LB 3.0"	139	19.1426659900253	3	108	0	1	-Inf	"SD"	1	3.2258064516129
"ECK120001268"	"wzzE"	"+"	3967054	3968100	1047	"LB 3.0"	103	11.5429751095673	0	0	0	0.925501432664756	-Inf	"SD"	3	7.69230769230769
"ECK120001269"	"radA"	"+"	4623935	4625317	1383	"LB 3.0"	59	5.00561043912771	0	0	0	0.935647143890094	-Inf	"SD"	0	0
"ECK120001270"	"dsbA"	"+"	4041441	4042067	627	"LB 3.0"	129	24.1406736845743	0	0	0	0.972886762360447	-Inf	"SD"	11	47.8260869565217
"ECK120001271"	"yhdE"	"-"	3395807	3396400	594	"LB 3.0"	79	15.6051469425263	5	152	0	1	-Inf	"SD"	1	4.54545454545455
"ECK120001272"	"rng"	"-"	3394348	3395817	1470	"LB 3.0"	133	10.6160149724745	2	99	0	0.97891156462585	-Inf	"SD"	9	16.3636363636364
"ECK120001273"	"ydfA"	"+"	1646532	1646687	156	"LB 3.0"	4	3.00858723916281	0	0	0	1	-Inf	"SD"	NA	NA
"ECK120001274"	"ydfB"	"+"	1646689	1646817	129	"LB 3.0"	6	5.45743731755114	0	0	0	0.937984496124031	-Inf	"SD"	NA	NA
"ECK120001275"	"ydfC"	"+"	1646847	1647065	219	"LB 3.0"	8	4.28620647771139	0	0	0	0.831050228310502	-Inf	"SD"	NA	NA
"ECK120001276"	"ydfD"	"+"	1647818	1648009	192	"LB 3.0"	0	0	2	137	0	0	NA	"NO"	NA	NA
"ECK120001277"	"ydfE"	"+"	1648102	1649022	921	"LB 3.0"	2	0	3	224	0	0.162866449511401	NA	"NO"	NA	NA
"ECK120001280"	"ydbC"	"+"	1472245	1473105	861	"LB 3.0"	212	28.8908238018561	1	100	0	1	-Inf	"SD"	10	32.258064516129
"ECK120001281"	"ydbD"	"+"	1473168	1475474	2307	"LB 3.0"	18	0.915486884218591	2	66	0	0.488513220632857	-Inf	"SD"	NA	NA
"ECK120001282"	"dusB"	"+"	3408302	3409267	966	"LB 3.0"	277	33.6457225100164	3	112	0	1	-Inf	"SD"	0	0
"ECK120001285"	"purB"	"-"	1189839	1191209	1371	"LB 3.0"	95	8.13042722180758	9	123	0	0.939460247994165	-Inf	"SD"	10	19.2307692307692
"ECK120001288"	"fabD"	"+"	1148951	1149880	930	"LB 3.0"	560	70.6532745196943	0	0	0	1	-Inf	"SD"	32	100
"ECK120001289"	"fabG"	"+"	1149893	1150627	735	"LB 3.0"	953	152.136274718318	1	97	0	1	-Inf	"SD"	37	142.307692307692
"ECK120001292"	"ribD"	"+"	432679	433782	1104	"LB 3.0"	263	27.9520645942871	0	0	0	0.910326086956522	-Inf	"SD"	6	15
"ECK120001293"	"ribE"	"+"	433871	434341	471	"LB 3.0"	202	50.3219750958059	0	0	0	1	-Inf	"SD"	15	93.75
"ECK120001295"	"ubiH"	"-"	3050362	3051540	1179	"LB 3.0"	151	15.0276253192789	0	0	0	1	-Inf	"SD"	0	0
"ECK120001298"	"codB"	"+"	354146	355405	1260	"LB 3.0"	14	1.30372113697055	0	0	0	0.328571428571429	-Inf	"SD"	NA	NA
"ECK120001299"	"fdx"	"-"	2654770	2655105	336	"LB 3.0"	309	107.906204818902	0	0	0	1	-Inf	"SD"	1	8.33333333333333
"ECK120001300"	"gabD"	"+"	2789295	2790743	1449	"LB 3.0"	418	33.8481636803534	0	0	0	1	-Inf	"SD"	20	38.4615384615385
"ECK120001301"	"gabP"	"+"	2792275	2793675	1401	"LB 3.0"	55	4.60629523769038	2	100	0	0.910064239828694	-Inf	"SD"	NA	NA
"ECK120001304"	"ubiI"	"-"	3049137	3050339	1203	"LB 3.0"	65	6.33979106506876	1	54	0	0.782211138819618	-Inf	"SD"	1	2.27272727272727
"ECK120001307"	"endA"	"+"	3088369	3089076	708	"LB 3.0"	4	0.66290905269689	1	83	0	0.518361581920904	-Inf	"SD"	0	0
"ECK120001308"	"lysP"	"-"	2245085	2246554	1470	"LB 3.0"	162	12.9307851544426	4	114	0	1	-Inf	"SD"	NA	NA
"ECK120001310"	"waaG"	"-"	3803966	3805090	1125	"LB 3.0"	110	11.4727460053408	3	135	0	0.854222222222222	-Inf	"SD"	2	4.76190476190476
"ECK120001311"	"waaP"	"-"	3803176	3803973	798	"LB 3.0"	57	8.38106445195353	0	0	0	0.853383458646617	-Inf	"SD"	1	3.2258064516129
"ECK120001314"	"mdtG"	"-"	1113487	1114713	1227	"LB 3.0"	17	1.62566694341071	3	173	0	0.519967400162999	-Inf	"SD"	NA	NA
"ECK120001315"	"mnmA"	"-"	1191890	1192996	1107	"LB 3.0"	158	16.7469869627111	0	0	0	0.987353206865402	-Inf	"SD"	3	7.31707317073171
"ECK120001316"	"hflD"	"-"	1191213	1191854	642	"LB 3.0"	82	14.9867009203157	4	102	0	0.889408099688474	-Inf	"SD"	6	26.0869565217391
"ECK120001319"	"waaS"	"-"	3802204	3803139	936	"LB 3.0"	55	6.8946790897481	1	90	0	0.884615384615385	-Inf	"SD"	1	2.7027027027027
"ECK120001320"	"waaB"	"-"	3801081	3802190	1110	"LB 3.0"	87	9.19651937160307	0	0	0	0.9	-Inf	"SD"	0	0
"ECK120001321"	"waaI"	"-"	3800062	3801081	1020	"LB 3.0"	79	9.08770321947118	1	35	0	0.907843137254902	-Inf	"SD"	0	0
"ECK120001322"	"waaJ"	"-"	3799006	3800022	1017	"LB 3.0"	57	6.5762924608249	0	0	0	0.805309734513274	-Inf	"SD"	0	0
"ECK120001323"	"emrA"	"+"	2809449	2810621	1173	"LB 3.0"	23	2.30068435935979	0	0	0	0.595907928388747	-Inf	"SD"	0	0
"ECK120001324"	"fliA"	"-"	1999094	1999813	720	"LB 3.0"	20	3.25930284242637	1	47	0	0.548611111111111	-Inf	"SD"	12	42.8571428571429
"ECK120001325"	"fliZ"	"-"	1998497	1999048	552	"LB 3.0"	7	1.48794260197726	10	111	72.0720720720721	0.581521739130435	0.104753030172014	"AD"	0	0
"ECK120001331"	"gluQ"	"-"	159186	160112	927	"LB 3.0"	95	12.0246124283691	6	166	0	0.705501618122977	-Inf	"SD"	0	0
"ECK120001332"	"amiB"	"+"	4394088	4395425	1338	"LB 3.0"	85	7.4540109849213	0	0	0	0.861733931240658	-Inf	"SD"	0	0
"ECK120001333"	"bglH"	"-"	3898627	3900243	1617	"LB 3.0"	15	1.08844992882513	2	41	0	0.329004329004329	-Inf	"SD"	NA	NA
"ECK120001336"	"menB"	"-"	2373984	2374841	858	"LB 3.0"	47	6.42743637457509	0	0	0	0.868298368298368	-Inf	"SD"	13	40.625
"ECK120001337"	"ubiC"	"+"	4250529	4251026	498	"LB 3.0"	473	111.444595985615	0	0	0	1	-Inf	"SD"	3	15.7894736842105
"ECK120001342"	"folK"	"-"	157253	157732	480	"LB 3.0"	0	0	1	43	0	0	NA	"NO"	0	0
"ECK120001344"	"ftsP"	"-"	3159279	3160691	1413	"LB 3.0"	210	17.4383082015169	1	100	0	1	-Inf	"SD"	2	3.84615384615385
"ECK120001345"	"plsC"	"-"	3160766	3161503	738	"LB 3.0"	88	13.9911536650498	21	214	70.0934579439252	0.841463414634146	-2.22148052151693	"SD"	0	0
"ECK120001346"	"sufA"	"-"	1762042	1762410	369	"LB 3.0"	137	43.5633648207232	0	0	0	1	-Inf	"SD"	2	15.3846153846154
"ECK120001347"	"appB"	"+"	1038519	1039655	1137	"LB 3.0"	33	3.40549848443494	4	137	0	0.839050131926121	-Inf	"SD"	NA	NA
"ECK120001348"	"appC"	"+"	1036963	1038507	1545	"LB 3.0"	32	2.43023745920724	1	100	0	0.813592233009709	-Inf	"SD"	NA	NA
"ECK120001350"	"elbB"	"-"	3347828	3348481	654	"LB 3.0"	110	19.7352282201964	1	52	0	1	-Inf	"SD"	3	13.0434782608696
"ECK120001355"	"fliS"	"+"	2003327	2003737	411	"LB 3.0"	2	0	0	0	0	0.13625304136253	NA	"NO"	0	0
"ECK120001356"	"fliT"	"+"	2003737	2004102	366	"LB 3.0"	12	3.84704597794588	2	76	0	0.844262295081967	-Inf	"SD"	NA	NA
"ECK120001358"	"osmY"	"+"	4609419	4610024	606	"LB 3.0"	75	14.5216463276423	0	0	0	0.957095709570957	-Inf	"SD"	1	4.76190476190476
"ECK120001365"	"hdeB"	"-"	3653989	3654315	327	"LB 3.0"	83	29.7822534959327	0	0	0	1	-Inf	"SD"	0	0
"ECK120001367"	"psiF"	"+"	402505	402825	321	"LB 3.0"	32	11.696937303661	0	0	0	1	-Inf	"SD"	NA	NA
"ECK120001368"	"treC"	"-"	4461077	4462732	1656	"LB 3.0"	28	1.98392346930301	2	50	0	0.652173913043478	-Inf	"SD"	12	18.75
"ECK120001370"	"ychF"	"-"	1255944	1257035	1092	"LB 3.0"	188	20.2005143200931	1	66	0	0.937728937728938	-Inf	"SD"	7	17.5
"ECK120001371"	"cydD"	"-"	928419	930185	1767	"LB 3.0"	132	8.76525586146583	1	49	0	0.98981324278438	-Inf	"SD"	8	12.3076923076923
"ECK120001375"	"lpxK"	"+"	967589	968575	987	"LB 3.0"	38	4.51745317977637	0	0	0	0.697061803444782	-Inf	"SD"	0	0
"ECK120001377"	"glnD"	"-"	185978	188650	2673	"LB 3.0"	164	7.19899887081381	53	276	90.5797101449275	0.901608679386457	-0.52586819714883	"SD"	3	2.94117647058824
"ECK120001378"	"holA"	"-"	669797	670828	1032	"LB 3.0"	67	7.61767292241513	3	81	0	0.910852713178295	-Inf	"SD"	0	0
"ECK120001379"	"holC"	"-"	4481860	4482303	444	"LB 3.0"	236	62.3672003361587	2	102	0	1	-Inf	"SD"	1	5.88235294117647
"ECK120001381"	"dps"	"-"	847631	848134	504	"LB 3.0"	1201	279.601622411005	6	203	0	1	-Inf	"SD"	20	105.263157894737
"ECK120001382"	"nrdD"	"-"	4458545	4460683	2139	"LB 3.0"	87	4.77238733168742	2	100	0	0.792426367461431	-Inf	"SD"	9	11.25
"ECK120001383"	"dcd"	"-"	2139658	2140239	582	"LB 3.0"	465	93.7469580450472	6	229	26.2008733624454	1	-6.2876655669145	"SD"	4	19.047619047619
"ECK120001384"	"bcr"	"-"	2276592	2277782	1191	"LB 3.0"	56	5.51700632269653	130	271	457.564575645756	0.854743912678422	2.16838258164484	"AD"	0	0
"ECK120001389"	"waaY"	"-"	3798290	3798988	699	"LB 3.0"	16	2.68577744955306	0	0	0	0.560801144492132	-Inf	"SD"	3	11.1111111111111
"ECK120001390"	"waaZ"	"-"	3797368	3798219	852	"LB 3.0"	17	2.34118936568655	1	100	0	0.68075117370892	-Inf	"SD"	1	3.03030303030303
"ECK120001401"	"plsX"	"+"	1146844	1147914	1071	"LB 3.0"	210	23.0068435935979	4	172	0	0.797385620915033	-Inf	"SD"	1	2.63157894736842
"ECK120001406"	"gcvT"	"-"	3047595	3048689	1095	"LB 3.0"	58	6.21499939268152	1	49	0	0.83013698630137	-Inf	"SD"	61	152.5
"ECK120001407"	"rpiA"	"-"	3056688	3057347	660	"LB 3.0"	258	45.8672800006911	0	0	0	1	-Inf	"SD"	9	39.1304347826087
"ECK120001408"	"scpA"	"+"	3058872	3061016	2145	"LB 3.0"	4	0	5	73	0	0.0993006993006993	NA	"NO"	NA	NA
"ECK120001409"	"argK"	"+"	3061009	3062004	996	"LB 3.0"	3	0	1	36	0	0.187751004016064	NA	"NO"	NA	NA
"ECK120001410"	"csrA"	"-"	2816983	2817168	186	"LB 3.0"	359	226.468978147949	10	227	39.647577092511	1	-6.97517272582126	"SD"	0	0
"ECK120001414"	"rffE"	"+"	3968156	3969286	1131	"LB 3.0"	55	5.7059413156536	1	47	0	0.876215738284704	-Inf	"SD"	0	0
"ECK120001415"	"rffD"	"+"	3969283	3970545	1263	"LB 3.0"	38	3.53026626163047	0	0	0	0.772763262074426	-Inf	"SD"	0	0
"ECK120001416"	"rffG"	"+"	3970545	3971612	1068	"LB 3.0"	36	3.95510906721403	1	35	0	0.858614232209738	-Inf	"SD"	2	5
"ECK120001417"	"rffH"	"+"	3971631	3972512	882	"LB 3.0"	23	3.05975368880843	1	79	0	0.836734693877551	-Inf	"SD"	2	6.06060606060606
"ECK120001418"	"rffC"	"+"	3972619	3973164	546	"LB 3.0"	17	3.65328450469769	0	0	0	0.80952380952381	-Inf	"SD"	0	0
"ECK120001419"	"rffA"	"+"	3973169	3974299	1131	"LB 3.0"	37	3.83854233962151	0	0	0	0.729442970822281	-Inf	"SD"	4	9.52380952380952
"ECK120001420"	"wzyE"	"+"	3976624	3977976	1353	"LB 3.0"	26	2.25477269808654	2	49	0	0.42719881744272	-Inf	"SD"	NA	NA
"ECK120001421"	"rffM"	"+"	3977979	3978719	741	"LB 3.0"	30	4.75040090394127	2	42	0	0.842105263157895	-Inf	"SD"	0	0
"ECK120001422"	"yifK"	"+"	3978910	3980295	1386	"LB 3.0"	81	6.85723455159834	1	36	0	0.927849927849928	-Inf	"SD"	NA	NA
"ECK120001428"	"rarD"	"-"	4001311	4002201	891	"LB 3.0"	28	3.68729210456317	2	126	0	0.81705948372615	-Inf	"SD"	NA	NA
"ECK120001432"	"yigL"	"+"	4008223	4009023	801	"LB 3.0"	44	6.44536292434878	2	100	0	0.883895131086142	-Inf	"SD"	3	10
"ECK120001434"	"rmuC"	"+"	4015356	4016783	1428	"LB 3.0"	1017	83.5641426238896	1	36	0	1	-Inf	"SD"	1	1.81818181818182
"ECK120001435"	"ubiE"	"+"	4016878	4017633	756	"LB 3.0"	511	79.3097024990418	5	112	0	1	-Inf	"SD"	9	32.1428571428571
"ECK120001436"	"ubiJ"	"+"	4017647	4018252	606	"LB 3.0"	189	36.5945487456585	0	0	0	1	-Inf	"SD"	1	4.54545454545455
"ECK120001437"	"ubiB"	"+"	4018249	4019889	1641	"LB 3.0"	230	16.4454768648936	5	89	0	1	-Inf	"SD"	0	0
"ECK120001438"	"tatC"	"+"	4020759	4021535	777	"LB 3.0"	75	11.3257627729102	0	0	0	0.871299871299871	-Inf	"SD"	NA	NA
"ECK120001440"	"yigZ"	"+"	4030515	4031129	615	"LB 3.0"	110	20.9867304975747	0	0	0	0.902439024390244	-Inf	"SD"	NA	NA
"ECK120001441"	"hemG"	"+"	4032631	4033176	546	"LB 3.0"	67	14.3982389302791	1	70	0	1	-Inf	"SD"	5	23.8095238095238
"ECK120001442"	"wzxE"	"+"	3974301	3975551	1251	"LB 3.0"	16	1.50068620082941	1	39	0	0.62669864108713	-Inf	"SD"	NA	NA
"ECK120001443"	"pdxH"	"-"	1715375	1716031	657	"LB 3.0"	53	9.46537263827933	3	220	0	0.954337899543379	-Inf	"SD"	4	15.3846153846154
"ECK120001444"	"mliC"	"-"	1716090	1716419	330	"LB 3.0"	25	8.88900775207193	4	144	0	1	-Inf	"SD"	NA	NA
"ECK120001445"	"csgA"	"+"	1103670	1104125	456	"LB 3.0"	30	7.71940146890457	1	98	0	1	-Inf	"SD"	NA	NA
"ECK120001446"	"gadB"	"-"	1568669	1570069	1401	"LB 3.0"	4	0	0	0	0	0.0513918629550321	NA	"NO"	NA	NA
"ECK120001447"	"dinF"	"+"	4255765	4257144	1380	"LB 3.0"	52	4.42131516016099	0	0	0	0.521014492753623	-Inf	"SD"	NA	NA
"ECK120001449"	"pabC"	"+"	1152523	1153332	810	"LB 3.0"	21	3.04201598626462	0	0	0	0.781481481481481	-Inf	"SD"	NA	NA
"ECK120001450"	"yceG"	"+"	1153335	1154357	1023	"LB 3.0"	52	5.96423745945471	0	0	0	0.899315738025415	-Inf	"SD"	0	0
"ECK120001453"	"prmA"	"+"	3407092	3407973	882	"LB 3.0"	65	8.64712999011079	13	275	36.3636363636364	0.843537414965986	-2.11222137713212	"SD"	2	6.25
"ECK120001454"	"yhdJ"	"+"	3409675	3410559	885	"LB 3.0"	3	0	6	185	0	0.238418079096045	NA	"NO"	NA	NA
"ECK120001455"	"yhbE"	"-"	3329792	3330757	966	"LB 3.0"	99	12.0250055180203	3	99	0	0.929606625258799	-Inf	"SD"	NA	NA
"ECK120001456"	"holB"	"+"	1154985	1155989	1005	"LB 3.0"	36	4.20304127739759	2	140	0	0.772139303482587	-Inf	"SD"	3	8.10810810810811
"ECK120001457"	"adiA"	"-"	4336277	4338544	2268	"LB 3.0"	24	1.24163917806719	8	68	0	0.563492063492063	-Inf	"SD"	NA	NA
"ECK120001458"	"rcsF"	"-"	219591	219995	405	"LB 3.0"	66	19.1212433422347	0	0	0	1	-Inf	"SD"	1	7.14285714285714
"ECK120001459"	"yaeB"	"-"	218887	219594	708	"LB 3.0"	14	2.32018168443911	0	0	0	0.570621468926554	-Inf	"SD"	1	3.84615384615385
"ECK120001460"	"metQ"	"-"	220113	220928	816	"LB 3.0"	320	46.0136871871959	0	0	0	1	-Inf	"SD"	17	58.6206896551724
"ECK120001462"	"ftsH"	"-"	3323023	3324957	1935	"LB 3.0"	2860	173.425230313292	4	163	0	1	-Inf	"SD"	28	39.4366197183099
"ECK120001464"	"sra"	"-"	1553850	1553987	138	"LB 3.0"	180	153.045524774804	1	76	0	1	-Inf	"SD"	NA	NA
"ECK120001466"	"ppk"	"+"	2621066	2623132	2067	"LB 3.0"	168	9.53665389017644	12	309	32.3624595469256	0.877116594097726	-2.2534831590145	"SD"	20	25
"ECK120001469"	"gltF"	"+"	3359198	3359962	765	"LB 3.0"	9	1.38041061561588	1	74	0	0.49281045751634	-Inf	"SD"	NA	NA
"ECK120001470"	"yhcA"	"+"	3360134	3360808	675	"LB 3.0"	2	0	1	68	0	0.232592592592593	NA	"NO"	NA	NA
"ECK120001472"	"glpX"	"-"	4112592	4113602	1011	"LB 3.0"	57	6.6153209027289	0	0	0	0.834817012858556	-Inf	"SD"	0	0
"ECK120001473"	"nikR"	"+"	3616611	3617012	402	"LB 3.0"	7	2.04314506540161	5	110	0	0.584577114427861	-Inf	"SD"	2	13.3333333333333
"ECK120001474"	"yhhH"	"+"	3621422	3621805	384	"LB 3.0"	5	1.52779820738736	0	0	0	0.588541666666667	-Inf	"SD"	NA	NA
"ECK120001476"	"ybfB"	"+"	732999	733325	327	"LB 3.0"	2	0.717644662552596	0	0	0	0.324159021406728	-Inf	"SD"	NA	NA
"ECK120001477"	"ybfC"	"+"	734873	735442	570	"LB 3.0"	7	1.44095494086219	1	100	0	0.463157894736842	-Inf	"SD"	NA	NA
"ECK120001478"	"ybfD"	"+"	737315	738076	762	"LB 3.0"	0	0	0	0	0	0	NA	"NO"	NA	NA
"ECK120001480"	"ydcC"	"+"	1529840	1530976	1137	"LB 3.0"	0	0	0	0	0	0	NA	"NO"	NA	NA
"ECK120001482"	"fabI"	"-"	1348275	1349063	789	"LB 3.0"	738	109.75051700581	1	89	0	1	-Inf	"SD"	34	121.428571428571
"ECK120001483"	"ftsN"	"-"	4120403	4121362	960	"LB 3.0"	165	20.1669363375132	5	234	0	1	-Inf	"SD"	0	0
"ECK120001484"	"fadD"	"-"	1886085	1887770	1686	"LB 3.0"	2329	162.083622491339	0	0	0	1	-Inf	"SD"	29	46.7741935483871
"ECK120001486"	"menC"	"-"	2373022	2373984	963	"LB 3.0"	25	3.04607742282839	0	0	0	0.839044652128764	-Inf	"SD"	0	0
"ECK120001489"	"ibpB"	"-"	3864492	3864920	429	"LB 3.0"	1251	342.158421472061	1	100	0	1	-Inf	"SD"	NA	NA
"ECK120001491"	"yceH"	"+"	1125380	1126027	648	"LB 3.0"	205	37.1198379276337	0	0	0	1	-Inf	"SD"	13	54.1666666666667
"ECK120001493"	"pyrH"	"+"	191855	192580	726	"LB 3.0"	95	15.3537406626697	0	0	0	1	-Inf	"SD"	6	23.0769230769231
"ECK120001497"	"hemE"	"+"	4195739	4196803	1065	"LB 3.0"	156	17.1870842845695	0	0	0	0.981220657276995	-Inf	"SD"	5	12.8205128205128
"ECK120001498"	"gadE"	"+"	3656389	3656916	528	"LB 3.0"	8	1.77780155041439	0	0	0	0.46969696969697	-Inf	"SD"	NA	NA
"ECK120001501"	"rnt"	"+"	1726371	1727018	648	"LB 3.0"	14	2.53501332188718	0	0	0	0.864197530864197	-Inf	"SD"	0	0
"ECK120001505"	"hydN"	"-"	2835600	2836127	528	"LB 3.0"	12	2.66670232562158	1	102	0	0.5625	-Inf	"SD"	NA	NA
"ECK120001506"	"glmM"	"-"	3320755	3322092	1338	"LB 3.0"	216	18.9419573263883	1	92	0	1	-Inf	"SD"	22	45.8333333333333
"ECK120001510"	"caiD"	"-"	35377	36162	786	"LB 3.0"	9	1.34352941596202	0	0	0	0.493638676844784	-Inf	"SD"	NA	NA
"ECK120001511"	"caiC"	"-"	36271	37824	1554	"LB 3.0"	10	0.755050851527345	2	100	0	0.408622908622909	-Inf	"SD"	NA	NA
"ECK120001512"	"caiB"	"-"	37898	39115	1218	"LB 3.0"	8	0.770672593283083	0	0	0	0.413793103448276	-Inf	"SD"	NA	NA
"ECK120001513"	"caiA"	"-"	39244	40386	1143	"LB 3.0"	15	1.53982811453214	0	0	0	0.515310586176728	-Inf	"SD"	NA	NA
"ECK120001516"	"fixB"	"+"	43188	44129	942	"LB 3.0"	3	0	1	100	0	0.16348195329087	NA	"NO"	NA	NA
"ECK120001517"	"fixC"	"+"	44180	45466	1287	"LB 3.0"	1	0	0	0	0	0.0427350427350427	NA	"NO"	NA	NA
"ECK120001518"	"fixX"	"+"	45463	45750	288	"LB 3.0"	0	0	0	0	0	0	NA	"NO"	NA	NA
"ECK120001519"	"yaaU"	"+"	45807	47138	1332	"LB 3.0"	6	0.528535596069142	0	0	0	0.309309309309309	-Inf	"SD"	NA	NA
"ECK120001520"	"kefF"	"+"	47246	47776	531	"LB 3.0"	17	3.75648463194904	0	0	0	0.7984934086629	-Inf	"SD"	NA	NA
"ECK120001525"	"thiP"	"-"	72911	74521	1611	"LB 3.0"	4	0	0	0	0	0.15828677839851	NA	"NO"	NA	NA
"ECK120001526"	"tbpA"	"-"	74497	75480	984	"LB 3.0"	14	1.66939901685253	0	0	0	0.596544715447154	-Inf	"SD"	3	8.33333333333333
"ECK120001528"	"leuC"	"-"	79464	80864	1401	"LB 3.0"	657	55.0242903847741	1	53	0	1	-Inf	"SD"	0	0
"ECK120001529"	"leuB"	"-"	80867	81958	1092	"LB 3.0"	399	42.87236815807	2	84	0	1	-Inf	"SD"	4	10
"ECK120001532"	"ybiB"	"+"	834471	835433	963	"LB 3.0"	63	7.67611510552753	5	164	0	0.959501557632399	-Inf	"SD"	6	17.1428571428571
"ECK120001534"	"gcl"	"+"	533140	534921	1782	"LB 3.0"	14	0.921823026140793	0	0	0	0.408529741863075	-Inf	"SD"	NA	NA
"ECK120001535"	"thiC"	"-"	4192227	4194122	1896	"LB 3.0"	52	3.21804584442098	1	42	0	0.745253164556962	-Inf	"SD"	NA	NA
"ECK120001536"	"thiE"	"-"	4191592	4192227	636	"LB 3.0"	16	2.95182144219747	0	0	0	0.694968553459119	-Inf	"SD"	NA	NA
"ECK120001537"	"thiF"	"-"	4190844	4191599	756	"LB 3.0"	37	5.74258119856075	0	0	0	0.924603174603175	-Inf	"SD"	NA	NA
"ECK120001538"	"thiG"	"-"	4189888	4190658	771	"LB 3.0"	35	5.32648713548279	0	0	0	0.800259403372244	-Inf	"SD"	NA	NA
"ECK120001539"	"thiH"	"-"	4188758	4189891	1134	"LB 3.0"	35	3.62144760269597	0	0	0	0.872134038800706	-Inf	"SD"	NA	NA
"ECK120001540"	"lipB"	"-"	660860	661501	642	"LB 3.0"	28	5.11741007035169	5	102	0	0.847352024922118	-Inf	"SD"	0	0
"ECK120001541"	"ybeD"	"-"	661602	661865	264	"LB 3.0"	801	356.004760470481	4	267	0	1	-Inf	"SD"	3	30
"ECK120001542"	"ybeF"	"-"	659648	660601	954	"LB 3.0"	1	0	27	719	31.9888734353268	0.0859538784067086	Inf	"AD"	NA	NA
"ECK120001544"	"moaB"	"+"	817278	817790	513	"LB 3.0"	134	30.6488828691322	1	82	0	0.961013645224172	-Inf	"SD"	9	47.3684210526316
"ECK120001545"	"moaD"	"+"	818271	818516	246	"LB 3.0"	69	32.9110091893785	0	0	0	1	-Inf	"SD"	0	0
"ECK120001546"	"moaE"	"+"	818518	818970	453	"LB 3.0"	87	22.5345176655174	0	0	0	1	-Inf	"SD"	7	41.1764705882353
"ECK120001549"	"sseB"	"-"	2652179	2652955	777	"LB 3.0"	210	31.7121357641485	1	100	0	1	-Inf	"SD"	2	6.89655172413793
"ECK120001550"	"glnE"	"-"	3194823	3197663	2841	"LB 3.0"	150	6.19508460017684	0	0	0	0.940513903555086	-Inf	"SD"	10	9.25925925925926
"ECK120001553"	"smg"	"-"	3430013	3430486	474	"LB 3.0"	392	97.036459308694	1	38	0	1	-Inf	"SD"	NA	NA
"ECK120001561"	"eptA"	"-"	4331970	4333613	1644	"LB 3.0"	48	3.42583656430217	3	99	0	0.59367396593674	-Inf	"SD"	NA	NA
"ECK120001563"	"basR"	"-"	4331305	4331973	669	"LB 3.0"	100	17.5388493762854	0	0	0	0.986547085201794	-Inf	"SD"	0	0
"ECK120001565"	"baeS"	"+"	2160900	2162303	1404	"LB 3.0"	45	3.76073404895351	2	100	0	0.33048433048433	-Inf	"SD"	NA	NA
"ECK120001566"	"baeR"	"+"	2162300	2163022	723	"LB 3.0"	86	13.9568486862407	1	59	0	0.97372060857538	-Inf	"SD"	3	10.7142857142857
"ECK120001567"	"mfd"	"-"	1169741	1173187	3447	"LB 3.0"	488	16.6113815885543	4	95	0	0.986074847693647	-Inf	"SD"	17	13.0769230769231
"ECK120001568"	"rnb"	"-"	1345002	1346936	1935	"LB 3.0"	86	5.2148845478822	3	87	0	0.924547803617571	-Inf	"SD"	19	26.3888888888889
"ECK120001570"	"mdlB"	"+"	469860	471641	1782	"LB 3.0"	17	1.11935653174239	2	53	0	0.441077441077441	-Inf	"SD"	1	1.53846153846154
"ECK120001571"	"sdaB"	"+"	2927598	2928965	1368	"LB 3.0"	23	1.97273593094228	0	0	0	0.587719298245614	-Inf	"SD"	2	4.08163265306122
"ECK120001572"	"artP"	"-"	902229	902957	729	"LB 3.0"	429	69.0489342914032	3	110	0	1	-Inf	"SD"	1	3.7037037037037
"ECK120001573"	"artI"	"-"	901480	902211	732	"LB 3.0"	795	127.433398019457	1	100	0	1	-Inf	"SD"	6	22.2222222222222
"ECK120001574"	"artQ"	"-"	900757	901473	717	"LB 3.0"	179	29.2928138306772	0	0	0	1	-Inf	"SD"	1	3.84615384615385
"ECK120001575"	"artM"	"-"	900089	900757	669	"LB 3.0"	110	19.292734313914	0	0	0	1	-Inf	"SD"	0	0
"ECK120001577"	"potF"	"+"	893007	894119	1113	"LB 3.0"	105	11.0693304082405	1	100	0	0.94429469901168	-Inf	"SD"	9	21.9512195121951
"ECK120001578"	"potG"	"+"	894214	895347	1134	"LB 3.0"	57	5.89778609581915	0	0	0	0.887125220458554	-Inf	"SD"	NA	NA
"ECK120001579"	"potH"	"+"	895357	896310	954	"LB 3.0"	16	1.96788096146498	0	0	0	0.573375262054507	-Inf	"SD"	NA	NA
"ECK120001580"	"potI"	"+"	896307	897152	846	"LB 3.0"	18	2.49648728356063	0	0	0	0.705673758865248	-Inf	"SD"	NA	NA
"ECK120001590"	"psuK"	"-"	2256377	2257318	942	"LB 3.0"	24	2.98942426311718	0	0	0	0.574309978768577	-Inf	"SD"	0	0
"ECK120001591"	"accA"	"+"	208621	209580	960	"LB 3.0"	374	45.7117223650299	0	0	0	1	-Inf	"SD"	22	62.8571428571429
"ECK120001598"	"fliG"	"+"	2012904	2013899	996	"LB 3.0"	8	0.942449014677505	1	40	0	0.32429718875502	-Inf	"SD"	9	24.3243243243243
"ECK120001599"	"fliH"	"+"	2013892	2014578	687	"LB 3.0"	6	1.02475897229126	0	0	0	0.564774381368268	-Inf	"SD"	3	12
"ECK120001601"	"uidB"	"-"	1690914	1692287	1374	"LB 3.0"	28	2.39110426867961	0	0	0	0.663027656477438	-Inf	"SD"	NA	NA
"ECK120001604"	"yedF"	"+"	2007503	2007736	234	"LB 3.0"	62	31.0887348046823	2	103	0	1	-Inf	"SD"	NA	NA
"ECK120001605"	"yedK"	"+"	2007845	2008513	669	"LB 3.0"	15	2.63082740644281	0	0	0	0.736920777279522	-Inf	"SD"	NA	NA
"ECK120001609"	"moaC"	"+"	817793	818278	486	"LB 3.0"	77	18.5900976938393	0	0	0	1	-Inf	"SD"	1	5.88235294117647
"ECK120001611"	"atoC"	"+"	2319888	2321273	1386	"LB 3.0"	68	5.75669073467515	6	166	0	0.822510822510823	-Inf	"SD"	2	3.84615384615385
"ECK120001612"	"atoD"	"+"	2321469	2322131	663	"LB 3.0"	3	0.53092715985226	0	0	0	0.337858220211161	-Inf	"SD"	NA	NA
"ECK120001613"	"atoA"	"+"	2322131	2322781	651	"LB 3.0"	1	0	0	0	0	0.121351766513057	NA	"NO"	NA	NA
"ECK120001614"	"atoE"	"+"	2322778	2324100	1323	"LB 3.0"	2	0	1	100	0	0.111866969009826	NA	"NO"	NA	NA
"ECK120001618"	"panB"	"-"	148807	149601	795	"LB 3.0"	78	11.5121036245701	1	100	0	0.929559748427673	-Inf	"SD"	11	39.2857142857143
"ECK120001619"	"hslV"	"-"	4119780	4120310	531	"LB 3.0"	629	138.989931382114	1	69	0	1	-Inf	"SD"	12	63.1578947368421
"ECK120001620"	"modF"	"-"	791539	793011	1473	"LB 3.0"	63	5.01839704455059	1	49	0	0.932790224032587	-Inf	"SD"	1	1.81818181818182
"ECK120001621"	"yadC"	"-"	149715	150953	1239	"LB 3.0"	1	0	4	100	0	0.0492332526230831	NA	"NO"	NA	NA
"ECK120001622"	"aas"	"-"	2971877	2974036	2160	"LB 3.0"	31	1.68397313525363	4	38	0	0.631944444444444	-Inf	"SD"	0	0
"ECK120001623"	"lptB"	"+"	3341966	3342691	726	"LB 3.0"	160	25.8589316423911	2	100	0	1	-Inf	"SD"	7	25.9259259259259
"ECK120001624"	"hpf"	"+"	3344195	3344482	288	"LB 3.0"	197	80.2603324947494	0	0	0	1	-Inf	"SD"	12	109.090909090909
"ECK120001625"	"ptsN"	"+"	3344600	3345091	492	"LB 3.0"	152	36.2498072230836	0	0	0	1	-Inf	"SD"	5	27.7777777777778
"ECK120001630"	"setC"	"+"	3834976	3836160	1185	"LB 3.0"	4	0	2	72	0	0.0970464135021097	NA	"NO"	NA	NA
"ECK120001633"	"yicN"	"-"	3839973	3840425	453	"LB 3.0"	32	8.28855822179952	1	43	0	0.63355408388521	-Inf	"SD"	NA	NA
"ECK120001638"	"yidG"	"-"	3853631	3853993	363	"LB 3.0"	323	104.405436506154	3	316	0	1	-Inf	"SD"	NA	NA
"ECK120001641"	"galM"	"-"	787020	788060	1041	"LB 3.0"	407	45.8744526870617	2	81	0	0.995196926032661	-Inf	"SD"	8	21.0526315789474
"ECK120001647"	"acrB"	"-"	480478	483627	3150	"LB 3.0"	588	21.9025151011052	2	71	0	0.999365079365079	-Inf	"SD"	24	21.0526315789474
"ECK120001652"	"glvB"	"-"	3860010	3860495	486	"LB 3.0"	2	0	0	0	0	0.137860082304527	NA	"NO"	NA	NA
"ECK120001659"	"mdtL"	"+"	3889638	3890813	1176	"LB 3.0"	4	0	0	0	0	0.104591836734694	NA	"NO"	NA	NA
"ECK120001660"	"yidZ"	"+"	3890788	3891747	960	"LB 3.0"	10	1.22223856590989	12	257	46.692607003891	0.440625	0.973508496893764	"AD"	NA	NA
"ECK120001661"	"yieE"	"+"	3891892	3892653	762	"LB 3.0"	44	6.77524370394144	0	0	0	0.68503937007874	-Inf	"SD"	0	0
"ECK120001665"	"cbrB"	"+"	3895529	3895996	468	"LB 3.0"	3	0	24	409	53.7897310513447	0.158119658119658	Inf	"AD"	NA	NA
"ECK120001668"	"yieL"	"-"	3897431	3898627	1197	"LB 3.0"	6	0.5881448738213	2	52	0	0.258980785296575	-Inf	"SD"	NA	NA
"ECK120001674"	"efeB"	"+"	1082599	1083870	1272	"LB 3.0"	3	0	98	534	179.775280898876	0.143867924528302	Inf	"AD"	NA	NA
"ECK120001676"	"metI"	"-"	220968	221621	654	"LB 3.0"	49	8.7911471162693	1	100	0	0.925076452599388	-Inf	"SD"	0	0
"ECK120001678"	"nfrB"	"-"	590164	592401	2238	"LB 3.0"	17	0.891283887205067	2	100	0	0.380250223413762	-Inf	"SD"	NA	NA
"ECK120001679"	"nfrA"	"-"	587205	590177	2973	"LB 3.0"	54	2.13120912400837	3	100	0	0.701311806256307	-Inf	"SD"	NA	NA
"ECK120001681"	"yddA"	"-"	1575681	1577366	1686	"LB 3.0"	9	0.626342894985851	2	100	0	0.287069988137604	-Inf	"SD"	NA	NA
"ECK120001682"	"yddB"	"-"	1573271	1575643	2373	"LB 3.0"	11	0	3	61	0	0.208596713021492	NA	"NO"	3	3.37078651685393
"ECK120001683"	"pqqL"	"-"	1570431	1573226	2796	"LB 3.0"	35	1.46878454272433	6	100	0	0.526108726752504	-Inf	"SD"	12	11.4285714285714
"ECK120001690"	"otsB"	"-"	1979611	1980411	801	"LB 3.0"	74	10.8399285545866	3	102	0	0.998751560549313	-Inf	"SD"	NA	NA
"ECK120001693"	"tsaE"	"+"	4393608	4394069	462	"LB 3.0"	46	11.6826959027231	0	0	0	0.95021645021645	-Inf	"SD"	3	17.6470588235294
"ECK120001696"	"ydcD"	"+"	1527946	1528428	483	"LB 3.0"	18	4.3727292792801	5	107	0	0.819875776397516	-Inf	"SD"	NA	NA
"ECK120001699"	"yibG"	"+"	3766200	3766661	462	"LB 3.0"	1	0	2	108	0	0.0281385281385281	NA	"NO"	NA	NA
"ECK120001702"	"yibJ"	"+"	3765244	3765945	702	"LB 3.0"	10	1.67143735509045	0	0	0	0.46011396011396	-Inf	"SD"	NA	NA
"ECK120001704"	"ybbB"	"-"	529356	530450	1095	"LB 3.0"	20	2.1431032388557	0	0	0	0.689497716894977	-Inf	"SD"	0	0
"ECK120001705"	"ybbC"	"+"	526805	527173	369	"LB 3.0"	14	4.45173071160675	0	0	0	0.853658536585366	-Inf	"SD"	NA	NA
"ECK120001706"	"ybbD"	"+"	527864	528124	261	"LB 3.0"	0	0	0	0	0	0	NA	"NO"	NA	NA
"ECK120001707"	"nuoM"	"-"	2389534	2391063	1530	"LB 3.0"	541	41.4890079471216	0	0	0	1	-Inf	"SD"	0	0
"ECK120001708"	"nuoF"	"-"	2398240	2399577	1338	"LB 3.0"	930	81.5556495997272	0	0	0	1	-Inf	"SD"	9	18.3673469387755
"ECK120001709"	"ybfE"	"-"	710828	711121	294	"LB 3.0"	16	6.38557291577412	2	104	0	0.965986394557823	-Inf	"SD"	0	0
"ECK120001712"	"ybfH"	"-"	715611	715820	210	"LB 3.0"	0	0	0	0	0	0	NA	"NO"	NA	NA
"ECK120001714"	"ydeK"	"-"	1592133	1596110	3978	"LB 3.0"	109	3.21505891243869	6	158	0	0.587732528909	-Inf	"SD"	NA	NA
"ECK120001721"	"gmd"	"-"	2125217	2126338	1122	"LB 3.0"	3	0	1	53	0	0.163992869875223	NA	"NO"	NA	NA
"ECK120001722"	"fcl"	"-"	2124249	2125214	966	"LB 3.0"	2	0	4	181	0	0.12008281573499	NA	"NO"	NA	NA
"ECK120001723"	"gmm"	"-"	2123767	2124246	480	"LB 3.0"	2	0	2	94	0	0.09375	NA	"NO"	NA	NA
"ECK120001724"	"wcaI"	"-"	2122547	2123770	1224	"LB 3.0"	7	0	0	0	0	0.237745098039216	NA	"NO"	NA	NA
"ECK120001725"	"cmtB"	"-"	3076909	3077352	444	"LB 3.0"	2	0	0	0	0	0.164414414414414	NA	"NO"	NA	NA
"ECK120001726"	"cmtA"	"-"	3075493	3076881	1389	"LB 3.0"	4	0	0	0	0	0.156227501799856	NA	"NO"	NA	NA
"ECK120001727"	"ygdD"	"-"	2939258	2939653	396	"LB 3.0"	28	8.29640723526713	0	0	0	0.893939393939394	-Inf	"SD"	NA	NA
"ECK120001729"	"gcvA"	"-"	2939672	2940589	918	"LB 3.0"	49	6.26297408936833	1	48	0	0.879084967320261	-Inf	"SD"	1	2.94117647058824
"ECK120001733"	"hybA"	"-"	3142176	3143162	987	"LB 3.0"	86	10.2237098279149	0	0	0	1	-Inf	"SD"	0	0
"ECK120001734"	"hybB"	"-"	3141008	3142186	1179	"LB 3.0"	83	8.26021789072943	1	100	0	1	-Inf	"SD"	NA	NA
"ECK120001735"	"hybC"	"-"	3139308	3141011	1704	"LB 3.0"	176	12.1190978929657	0	0	0	0.953051643192488	-Inf	"SD"	6	9.67741935483871
"ECK120001736"	"hybD"	"-"	3138814	3139308	495	"LB 3.0"	72	17.0668948839781	0	0	0	0.915151515151515	-Inf	"SD"	2	11.1111111111111
"ECK120001737"	"hybE"	"-"	3138333	3138821	489	"LB 3.0"	24	5.75876821238525	0	0	0	0.991820040899795	-Inf	"SD"	0	0
"ECK120001738"	"hybF"	"-"	3137999	3138340	342	"LB 3.0"	11	3.77392960702001	1	100	0	0.666666666666667	-Inf	"SD"	NA	NA
"ECK120001740"	"yebE"	"-"	1927072	1927731	660	"LB 3.0"	203	36.089371473412	0	0	0	1	-Inf	"SD"	2	8.33333333333333
"ECK120001741"	"yebF"	"-"	1928058	1928414	357	"LB 3.0"	138	45.3563487988073	1	100	0	1	-Inf	"SD"	1	7.69230769230769
"ECK120001744"	"gcvP"	"-"	3044190	3047063	2874	"LB 3.0"	96	3.91932867899288	0	0	0	0.810368823938761	-Inf	"SD"	114	109.615384615385
"ECK120001746"	"yjfC"	"+"	4411051	4412214	1164	"LB 3.0"	4	0	0	0	0	0.222508591065292	NA	"NO"	NA	NA
"ECK120001747"	"torA"	"+"	1058479	1061025	2547	"LB 3.0"	24	1.10562923276654	1	38	0	0.360424028268551	-Inf	"SD"	NA	NA
"ECK120001749"	"ispF"	"-"	2869323	2869802	480	"LB 3.0"	32	7.8223268218233	0	0	0	0.927083333333333	-Inf	"SD"	1	5.88235294117647
"ECK120001750"	"umpG"	"-"	2867535	2868296	762	"LB 3.0"	160	24.6372498325143	0	0	0	1	-Inf	"SD"	1	3.7037037037037
"ECK120001751"	"purU"	"-"	1287005	1287847	843	"LB 3.0"	114	15.8673533396416	2	100	0	1	-Inf	"SD"	8	25
"ECK120001754"	"puuB"	"+"	1362256	1363536	1281	"LB 3.0"	23	2.10671565458941	1	99	0	0.741608118657299	-Inf	"SD"	NA	NA
"ECK120001763"	"rdoA"	"+"	4040438	4041424	987	"LB 3.0"	190	22.5872658988819	0	0	0	1	-Inf	"SD"	1	2.63157894736842
"ECK120001766"	"yihI"	"+"	4049370	4049879	510	"LB 3.0"	112	25.7676648248297	0	0	0	1	-Inf	"SD"	0	0
"ECK120001768"	"typA"	"+"	4056430	4058253	1824	"LB 3.0"	999	64.2640172286305	7	159	0	1	-Inf	"SD"	11	16.4179104477612
"ECK120001769"	"yihL"	"+"	4058470	4059180	711	"LB 3.0"	43	7.09620365692831	2	100	0	0.946554149085795	-Inf	"SD"	0	0
"ECK120001770"	"yihM"	"+"	4059188	4060168	981	"LB 3.0"	22	2.63136376269285	1	100	0	0.524974515800204	-Inf	"SD"	0	0
"ECK120001772"	"yihO"	"-"	4062386	4063789	1404	"LB 3.0"	10	0.835718677545224	1	57	0	0.309116809116809	-Inf	"SD"	NA	NA
"ECK120001773"	"yihP"	"-"	4063832	4065238	1407	"LB 3.0"	1	0	2	113	0	0.0341151385927505	NA	"NO"	NA	NA
"ECK120001774"	"yihQ"	"-"	4065263	4067299	2037	"LB 3.0"	6	0	1	36	0	0.177221404025528	NA	"NO"	NA	NA
"ECK120001775"	"yihR"	"-"	4067498	4068424	927	"LB 3.0"	1	0	2	101	0	0.0226537216828479	NA	"NO"	NA	NA
"ECK120001776"	"yihS"	"-"	4068538	4069779	1242	"LB 3.0"	24	2.26734110777487	0	0	0	0.686795491143317	-Inf	"SD"	NA	NA
"ECK120001777"	"yihT"	"-"	4069796	4070674	879	"LB 3.0"	16	2.13578889333059	1	100	0	0.527872582480091	-Inf	"SD"	NA	NA
"ECK120001780"	"yihW"	"+"	4072692	4073477	786	"LB 3.0"	193	28.8112419200744	0	0	0	1	-Inf	"SD"	6	20.6896551724138
"ECK120001781"	"yihX"	"+"	4073576	4074175	600	"LB 3.0"	276	53.9740550705807	1	75	0	1	-Inf	"SD"	5	21.7391304347826
"ECK120001782"	"yihY"	"+"	4074169	4075041	873	"LB 3.0"	278	37.3643789770941	2	100	0	1	-Inf	"SD"	NA	NA
"ECK120001783"	"dtd"	"+"	4075038	4075475	438	"LB 3.0"	136	36.4327550605469	0	0	0	1	-Inf	"SD"	1	6.25
"ECK120001784"	"yiiD"	"+"	4075472	4076461	990	"LB 3.0"	169	20.0298974680021	0	0	0	1	-Inf	"SD"	2	5.40540540540541
"ECK120001785"	"yiiE"	"+"	4077314	4077532	219	"LB 3.0"	0	0	0	0	0	0	NA	"NO"	NA	NA
"ECK120001787"	"fdoI"	"-"	4079248	4079883	636	"LB 3.0"	340	62.7262056466962	0	0	0	1	-Inf	"SD"	2	8
"ECK120001788"	"fdoH"	"-"	4079880	4080782	903	"LB 3.0"	255	33.1344408565605	3	125	0	1	-Inf	"SD"	2	6.06060606060606
"ECK120001793"	"frvX"	"-"	4087878	4088948	1071	"LB 3.0"	10	1.09556398064752	0	0	0	0.348272642390289	-Inf	"SD"	NA	NA
"ECK120001794"	"frvB"	"-"	4088938	4090389	1452	"LB 3.0"	1	0	0	0	0	0.0440771349862259	NA	"NO"	NA	NA
"ECK120001795"	"frvA"	"-"	4090400	4090846	447	"LB 3.0"	0	0	0	0	0	0	NA	"NO"	NA	NA
"ECK120001796"	"rhaM"	"-"	4091147	4091461	315	"LB 3.0"	0	0	2	139	0	0	NA	"NO"	NA	NA
"ECK120001797"	"rhaD"	"-"	4091471	4092295	825	"LB 3.0"	2	0	0	0	0	0.12969696969697	NA	"NO"	NA	NA
"ECK120001798"	"rhaA"	"-"	4092746	4094005	1260	"LB 3.0"	3	0	0	0	0	0.127777777777778	NA	"NO"	NA	NA
"ECK120001800"	"kdgT"	"+"	4099713	4100696	984	"LB 3.0"	36	4.29274032904937	8	239	33.4728033472803	0.813008130081301	-1.42382700065162	"SD"	NA	NA
"ECK120001802"	"gph"	"-"	3511653	3512411	759	"LB 3.0"	51	7.88416339748988	0	0	0	0.993412384716733	-Inf	"SD"	4	14.8148148148148
"ECK120001803"	"fieF"	"+"	4104492	4105394	903	"LB 3.0"	69	8.96578987883401	3	52	0	0.971207087486157	-Inf	"SD"	NA	NA
"ECK120001806"	"yiiS"	"+"	4110990	4111289	300	"LB 3.0"	57	22.2936314421964	0	0	0	1	-Inf	"SD"	0	0
"ECK120001810"	"menA"	"-"	4117446	4118372	927	"LB 3.0"	49	6.20216851568514	0	0	0	0.886731391585761	-Inf	"SD"	NA	NA
"ECK120001811"	"hslU"	"-"	4118439	4119770	1332	"LB 3.0"	690	60.7815935479513	3	147	0	1	-Inf	"SD"	22	44
"ECK120001814"	"tehB"	"+"	1499586	1500179	594	"LB 3.0"	86	16.9878814817375	0	0	0	0.925925925925926	-Inf	"SD"	5	21.7391304347826
"ECK120001816"	"opgH"	"+"	1110086	1112629	2544	"LB 3.0"	268	12.3607522892019	2	81	0	0.968946540880503	-Inf	"SD"	12	12.3711340206186
"ECK120001820"	"slp"	"+"	3651984	3652550	567	"LB 3.0"	17	3.51797767119037	3	78	0	0.682539682539683	-Inf	"SD"	1	4.76190476190476
"ECK120001821"	"yeeA"	"-"	2077557	2078615	1059	"LB 3.0"	46	5.09670019552226	2	46	0	0.789423984891407	-Inf	"SD"	NA	NA
"ECK120001822"	"sbmC"	"-"	2078813	2079286	474	"LB 3.0"	179	44.3100158577965	1	100	0	1	-Inf	"SD"	8	44.4444444444444
"ECK120001825"	"yeeE"	"-"	2082491	2083549	1059	"LB 3.0"	76	8.42063510564548	1	56	0	0.9452313503305	-Inf	"SD"	NA	NA
"ECK120001826"	"plaP"	"-"	2083728	2085086	1359	"LB 3.0"	19	1.64044381473115	6	126	0	0.629874908020603	-Inf	"SD"	0	0
"ECK120001828"	"recT"	"-"	1412008	1412817	810	"LB 3.0"	9	1.30372113697055	2	71	0	0.579012345679012	-Inf	"SD"	NA	NA
"ECK120001829"	"lar"	"-"	1411757	1411951	195	"LB 3.0"	2	1.20343489566512	0	0	0	0.651282051282051	-Inf	"SD"	NA	NA
"ECK120001830"	"rcbA"	"-"	1411555	1411764	210	"LB 3.0"	2	0	0	0	0	0.133333333333333	NA	"NO"	NA	NA
"ECK120001833"	"gldA"	"-"	4135955	4137058	1104	"LB 3.0"	98	10.4155982138408	1	74	0	0.894927536231884	-Inf	"SD"	9	23.0769230769231
"ECK120001834"	"fsaB"	"-"	4137069	4137731	663	"LB 3.0"	50	8.84878599753766	0	0	0	0.871794871794872	-Inf	"SD"	2	8.33333333333333
"ECK120001837"	"frwB"	"+"	4141647	4141967	321	"LB 3.0"	5	1.82764645369703	0	0	0	0.660436137071651	-Inf	"SD"	NA	NA
"ECK120001838"	"pflD"	"+"	4142018	4144315	2298	"LB 3.0"	26	1.32754893842954	2	115	0	0.477806788511749	-Inf	"SD"	0	0
"ECK120001839"	"pflC"	"+"	4144281	4145159	879	"LB 3.0"	16	2.13578889333059	0	0	0	0.668941979522184	-Inf	"SD"	NA	NA
"ECK120001842"	"eptC"	"-"	4146555	4148288	1734	"LB 3.0"	56	3.78936247423966	29	785	26.7515923566879	0.790080738177624	0.148434179394442	"AD"	3	4.47761194029851
"ECK120001843"	"nfi"	"+"	4196813	4197484	672	"LB 3.0"	43	7.50803690487504	0	0	0	0.757440476190476	-Inf	"SD"	0	0
"ECK120001844"	"yjaG"	"+"	4197527	4198117	591	"LB 3.0"	71	14.0960711763821	1	100	0	1	-Inf	"SD"	2	8.69565217391304
"ECK120001851"	"yjbE"	"+"	4233929	4234171	243	"LB 3.0"	2	0.965719360718926	0	0	0	0.510288065843621	-Inf	"SD"	NA	NA
"ECK120001852"	"yjbF"	"+"	4234285	4234923	639	"LB 3.0"	4	0	1	60	0	0.192488262910798	NA	"NO"	NA	NA
"ECK120001853"	"yjbG"	"+"	4234920	4235657	738	"LB 3.0"	1	0	0	0	0	0.0799457994579946	NA	"NO"	NA	NA
"ECK120001855"	"yjbI"	"+"	4248978	4250306	1329	"LB 3.0"	1	0	4	219	0	0.0534236267870579	NA	"NO"	NA	NA
"ECK120001859"	"yjbM"	"+"	4258622	4259329	708	"LB 3.0"	4	0	0	0	0	0.211864406779661	NA	"NO"	NA	NA
"ECK120001860"	"dusA"	"+"	4259692	4260729	1038	"LB 3.0"	43	4.86069441240465	0	0	0	0.797687861271676	-Inf	"SD"	3	8.10810810810811
"ECK120001863"	"yjbQ"	"+"	4268261	4268677	417	"LB 3.0"	117	32.9213035306952	0	0	0	1	-Inf	"SD"	NA	NA
"ECK120001867"	"ghxP"	"+"	4276502	4277851	1350	"LB 3.0"	55	4.78031083555868	0	0	0	0.777037037037037	-Inf	"SD"	0	0
"ECK120001870"	"actP"	"-"	4281276	4282925	1650	"LB 3.0"	734	52.1962535201664	3	102	0	1	-Inf	"SD"	10	16.9491525423729
"ECK120001871"	"yjcH"	"-"	4282922	4283236	315	"LB 3.0"	387	144.154308573601	0	0	0	1	-Inf	"SD"	NA	NA
"ECK120001872"	"nrfB"	"+"	4287268	4287834	567	"LB 3.0"	3	0.620819589033595	0	0	0	0.342151675485009	-Inf	"SD"	NA	NA
"ECK120001873"	"nrfC"	"+"	4287831	4288502	672	"LB 3.0"	0	0	0	0	0	0	NA	"NO"	NA	NA
"ECK120001874"	"nrfD"	"+"	4288499	4289455	957	"LB 3.0"	6	0.735642020861125	0	0	0	0.360501567398119	-Inf	"SD"	NA	NA
"ECK120001875"	"nrfE"	"+"	4289535	4291193	1659	"LB 3.0"	1	0	0	0	0	0.024713682941531	NA	"NO"	NA	NA
"ECK120001876"	"nrfF"	"+"	4291186	4291569	384	"LB 3.0"	2	0	0	0	0	0.223958333333333	NA	"NO"	NA	NA
"ECK120001877"	"nrfG"	"+"	4291566	4292162	597	"LB 3.0"	0	0	0	0	0	0	NA	"NO"	NA	NA
"ECK120001879"	"mdtP"	"-"	4297587	4299053	1467	"LB 3.0"	1	0	0	0	0	0.0511247443762781	NA	"NO"	NA	NA
"ECK120001880"	"mdtO"	"-"	4299050	4301101	2052	"LB 3.0"	0	0	5	100	0	0	NA	"NO"	NA	NA
"ECK120001881"	"mdtN"	"-"	4301101	4302132	1032	"LB 3.0"	0	0	4	103	0	0	NA	"NO"	NA	NA
"ECK120001882"	"yjcS"	"-"	4302635	4304620	1986	"LB 3.0"	5	0	0	0	0	0.172205438066465	NA	"NO"	NA	NA
"ECK120001883"	"alsK"	"-"	4304893	4305822	930	"LB 3.0"	19	2.39716467120391	6	167	0	0.706451612903226	-Inf	"SD"	NA	NA
"ECK120001884"	"alsE"	"-"	4305806	4306501	696	"LB 3.0"	22	3.70886185517484	0	0	0	0.844827586206897	-Inf	"SD"	NA	NA
"ECK120001885"	"alsC"	"-"	4306512	4307492	981	"LB 3.0"	14	1.67450421262272	1	67	0	0.681957186544342	-Inf	"SD"	NA	NA
"ECK120001886"	"alsA"	"-"	4307471	4309003	1533	"LB 3.0"	33	2.52580024579421	2	92	0	0.735812133072407	-Inf	"SD"	NA	NA
"ECK120001887"	"lldP"	"+"	3775422	3777077	1656	"LB 3.0"	950	67.3116891370664	3	92	0	1	-Inf	"SD"	0	0
"ECK120001888"	"lldR"	"+"	3777077	3777853	777	"LB 3.0"	251	37.9035527466727	2	58	0	1	-Inf	"SD"	0	0
"ECK120001889"	"lldD"	"+"	3777850	3779040	1191	"LB 3.0"	449	44.2345685516204	1	40	0	1	-Inf	"SD"	9	20.9302325581395
"ECK120001892"	"adiY"	"-"	4335191	4335952	762	"LB 3.0"	2	0	1	65	0	0.148293963254593	NA	"NO"	NA	NA
"ECK120001893"	"flgK"	"+"	1137601	1139244	1644	"LB 3.0"	18	1.28468871161331	0	0	0	0.403284671532847	-Inf	"SD"	6	10.3448275862069
"ECK120001894"	"zntR"	"-"	3436727	3437152	426	"LB 3.0"	103	28.3697064312605	5	123	0	1	-Inf	"SD"	NA	NA
"ECK120001895"	"yhdN"	"-"	3437163	3437531	369	"LB 3.0"	140	44.5173071160675	1	38	0	1	-Inf	"SD"	NA	NA
"ECK120001897"	"htrE"	"-"	152829	155426	2598	"LB 3.0"	3	0	2	62	0	0.0908391070053888	NA	"NO"	NA	NA
"ECK120001898"	"yadV"	"-"	155461	156201	741	"LB 3.0"	2	0	4	108	0	0.134952766531714	NA	"NO"	NA	NA
"ECK120001899"	"fimI"	"+"	4541751	4542290	540	"LB 3.0"	141	30.6374467188079	1	46	0	1	-Inf	"SD"	NA	NA
"ECK120001900"	"fliP"	"+"	2019893	2020630	738	"LB 3.0"	2	0	0	0	0	0.223577235772358	NA	"NO"	2	7.40740740740741
"ECK120001901"	"fliQ"	"+"	2020640	2020909	270	"LB 3.0"	0	0	1	72	0	0	NA	"NO"	NA	NA
"ECK120001902"	"fliR"	"+"	2020917	2021702	786	"LB 3.0"	3	0	2	76	0	0.192111959287532	NA	"NO"	0	0
"ECK120001903"	"rfbA"	"-"	2108162	2109043	882	"LB 3.0"	107	14.2345062914131	2	57	0	0.969387755102041	-Inf	"SD"	12	36.3636363636364
"ECK120001904"	"rfbC"	"-"	2107605	2108162	558	"LB 3.0"	75	15.7708202052889	0	0	0	1	-Inf	"SD"	7	33.3333333333333
"ECK120001905"	"rfbX"	"-"	2106361	2107608	1248	"LB 3.0"	77	7.2394130442355	1	100	0	0.908653846153846	-Inf	"SD"	0	0
"ECK120001906"	"glf"	"-"	2105250	2106353	1104	"LB 3.0"	187	19.8746618978391	1	43	0	1	-Inf	"SD"	10	23.2558139534884
"ECK120001907"	"wbbH"	"-"	2104084	2105250	1167	"LB 3.0"	43	4.32339400177894	0	0	0	0.939160239931448	-Inf	"SD"	NA	NA
"ECK120001908"	"wbbI"	"-"	2103089	2104081	993	"LB 3.0"	99	11.6980416217599	1	100	0	1	-Inf	"SD"	5	13.1578947368421
"ECK120001909"	"wbbJ"	"-"	2102518	2103108	591	"LB 3.0"	68	13.5004625351265	0	0	0	1	-Inf	"SD"	3	13.6363636363636
"ECK120001910"	"wbbK"	"-"	2101415	2102533	1119	"LB 3.0"	80	8.38855423251828	0	0	0	0.933869526362824	-Inf	"SD"	5	11.6279069767442
"ECK120001911"	"wbbL_1"	"-"	2100940	2101413	474	"LB 3.0"	57	14.1098933178458	1	100	0	1	-Inf	"SD"	NA	NA
"ECK120001913"	"yehB"	"-"	2186452	2188932	2481	"LB 3.0"	6	0	2	52	0	0.162031438935913	NA	"NO"	NA	NA
"ECK120001914"	"yehC"	"-"	2188948	2189667	720	"LB 3.0"	0	0	0	0	0	0	NA	"NO"	NA	NA
"ECK120001915"	"yehD"	"-"	2189702	2190244	543	"LB 3.0"	0	0	0	0	0	0	NA	"NO"	0	0
"ECK120001916"	"yehE"	"-"	2190537	2190818	282	"LB 3.0"	9	3.74473092534094	0	0	0	0.907801418439716	-Inf	"SD"	NA	NA
"ECK120001917"	"molR_1"	"+"	2194496	2195320	825	"LB 3.0"	4	0.568896496132603	1	100	0	0.305454545454545	-Inf	"SD"	NA	NA
"ECK120001918"	"yehI"	"+"	2198301	2201933	3633	"LB 3.0"	14	0	5	69	0	0.208918249380677	NA	"NO"	NA	NA
"ECK120001919"	"yehL"	"+"	2202618	2203706	1089	"LB 3.0"	1	0	2	76	0	0.0918273645546373	NA	"NO"	NA	NA
"ECK120001920"	"yehM"	"+"	2203717	2205996	2280	"LB 3.0"	5	0	3	51	0	0.132894736842105	NA	"NO"	NA	NA
"ECK120001921"	"yehP"	"+"	2205989	2207125	1137	"LB 3.0"	3	0	2	100	0	0.140721196130167	NA	"NO"	NA	NA
"ECK120001922"	"yehQ"	"+"	2207122	2208966	1845	"LB 3.0"	12	0.763153836275444	4	77	0	0.336043360433604	-Inf	"SD"	NA	NA
"ECK120001925"	"yehT"	"-"	2210265	2210984	720	"LB 3.0"	137	22.3262244706207	0	0	0	1	-Inf	"SD"	1	3.7037037037037
"ECK120001929"	"yehX"	"-"	2214503	2215429	927	"LB 3.0"	16	2.0251978826727	0	0	0	0.627831715210356	-Inf	"SD"	NA	NA
"ECK120001930"	"yehY"	"-"	2215422	2216579	1158	"LB 3.0"	10	1.01325476966623	0	0	0	0.338514680483592	-Inf	"SD"	NA	NA
"ECK120001931"	"osmF"	"-"	2216586	2217503	918	"LB 3.0"	40	5.11263190968843	0	0	0	0.867102396514161	-Inf	"SD"	1	3.03030303030303
"ECK120001937"	"mdtQ"	"-"	2225345	2226433	1089	"LB 3.0"	2	0	0	0	0	0.0734618916437098	NA	"NO"	NA	NA
"ECK120001941"	"yohK"	"+"	2229041	2229736	696	"LB 3.0"	12	2.02301555736809	7	152	39.4736842105263	0.771551724137931	-0.753473008699817	"SD"	NA	NA
"ECK120001942"	"sanA"	"+"	2230900	2231619	720	"LB 3.0"	275	44.8154140833626	2	44	0	1	-Inf	"SD"	0	0
"ECK120001950"	"psuG"	"-"	2255451	2256389	939	"LB 3.0"	14	1.74940216462502	2	45	0	0.439829605963791	-Inf	"SD"	3	9.09090909090909
"ECK120001953"	"yeiQ"	"+"	2264267	2265733	1467	"LB 3.0"	215	17.1963217453171	1	76	0	1	-Inf	"SD"	0	0
"ECK120001954"	"yejA"	"+"	2270386	2272200	1815	"LB 3.0"	51	3.29701378440486	6	136	0	0.778512396694215	-Inf	"SD"	3	4.28571428571429
"ECK120001955"	"yejB"	"+"	2272201	2273295	1095	"LB 3.0"	8	0.857241295542279	0	0	0	0.299543378995434	-Inf	"SD"	NA	NA
"ECK120001956"	"yejE"	"+"	2273295	2274320	1026	"LB 3.0"	12	1.37233803891637	3	100	0	0.54775828460039	-Inf	"SD"	0	0
"ECK120001963"	"yejM"	"+"	2282398	2284158	1761	"LB 3.0"	68	4.53081962422474	7	128	0	0.80465644520159	-Inf	"SD"	0	0
"ECK120001966"	"ccmG"	"-"	2290429	2290986	558	"LB 3.0"	8	1.68222082189748	2	101	0	0.743727598566308	-Inf	"SD"	1	4.76190476190476
"ECK120001967"	"ccmF"	"-"	2290983	2292926	1944	"LB 3.0"	27	1.62965142121319	3	115	0	0.609567901234568	-Inf	"SD"	NA	NA
"ECK120001968"	"ccmE"	"-"	2292923	2293402	480	"LB 3.0"	10	2.44447713181978	0	0	0	0.808333333333333	-Inf	"SD"	2	11.1111111111111
"ECK120001969"	"ccmC"	"-"	2293605	2294342	738	"LB 3.0"	11	1.74889420813122	0	0	0	0.48780487804878	-Inf	"SD"	0	0
"ECK120001970"	"ccmB"	"-"	2294384	2295046	663	"LB 3.0"	16	2.83161151921205	0	0	0	0.748114630467572	-Inf	"SD"	NA	NA
"ECK120001971"	"ccmA"	"-"	2295043	2295666	624	"LB 3.0"	51	9.58987182483144	0	0	0	0.935897435897436	-Inf	"SD"	NA	NA
"ECK120001972"	"napC"	"-"	2295679	2296281	603	"LB 3.0"	27	5.25380159674699	0	0	0	0.907131011608624	-Inf	"SD"	0	0
"ECK120001973"	"napB"	"-"	2296291	2296740	450	"LB 3.0"	3	0	1	39	0	0.135555555555556	NA	"NO"	0	0
"ECK120001974"	"napH"	"-"	2296737	2297600	864	"LB 3.0"	14	1.90125999141538	0	0	0	0.708333333333333	-Inf	"SD"	0	0
"ECK120001975"	"napG"	"-"	2297587	2298282	696	"LB 3.0"	8	1.3486770382454	0	0	0	0.689655172413793	-Inf	"SD"	NA	NA
"ECK120001976"	"napA"	"-"	2298289	2300775	2487	"LB 3.0"	60	2.83075759535222	0	0	0	0.704061117812626	-Inf	"SD"	3	3.2258064516129
"ECK120001979"	"yojI"	"-"	2304994	2306637	1644	"LB 3.0"	14	0.999202331254801	5	197	0	0.289537712895377	-Inf	"SD"	1	1.61290322580645
"ECK120001980"	"apbE"	"-"	2308501	2309556	1056	"LB 3.0"	7	0.777788178306294	0	0	0	0.28125	-Inf	"SD"	0	0
"ECK120001981"	"nikA"	"+"	3611690	3613264	1575	"LB 3.0"	1	0	0	0	0	0.0634920634920635	NA	"NO"	3	5.08474576271186
"ECK120001982"	"nikB"	"+"	3613264	3614208	945	"LB 3.0"	0	0	1	36	0	0	NA	"NO"	0	0
"ECK120001983"	"nikC"	"+"	3614205	3615038	834	"LB 3.0"	0	0	0	0	0	0	NA	"NO"	NA	NA
"ECK120001984"	"nikD"	"+"	3615038	3615802	765	"LB 3.0"	4	0.613515829162611	1	60	0	0.320261437908497	-Inf	"SD"	0	0
"ECK120001985"	"nikE"	"+"	3615799	3616605	807	"LB 3.0"	5	0	1	100	0	0.162329615861214	NA	"NO"	0	0
"ECK120001986"	"recX"	"-"	2820161	2820661	501	"LB 3.0"	4	0.936805607403987	0	0	0	0.317365269461078	-Inf	"SD"	NA	NA
"ECK120001987"	"ppdA"	"-"	2961729	2962199	471	"LB 3.0"	2	0	0	0	0	0.146496815286624	NA	"NO"	NA	NA
"ECK120001988"	"nuoA"	"-"	2402651	2403094	444	"LB 3.0"	568	150.104109283636	0	0	0	1	-Inf	"SD"	2	12.5
"ECK120001989"	"nuoB"	"-"	2401973	2402635	663	"LB 3.0"	806	142.642430280307	0	0	0	1	-Inf	"SD"	2	8
"ECK120001990"	"nuoC"	"-"	2400077	2401867	1791	"LB 3.0"	2416	158.280917935721	5	104	0	1	-Inf	"SD"	34	50
"ECK120001991"	"nuoE"	"-"	2399574	2400074	501	"LB 3.0"	1460	341.934046702455	5	79	0	1	-Inf	"SD"	5	26.3157894736842
"ECK120001992"	"nuoG"	"-"	2395461	2398187	2727	"LB 3.0"	1309	56.3224742011369	2	35	0	1	-Inf	"SD"	38	38
"ECK120001993"	"nuoH"	"-"	2394487	2395464	978	"LB 3.0"	488	58.5474768259167	0	0	0	1	-Inf	"SD"	12	33.3333333333333
"ECK120001994"	"nuoI"	"-"	2393930	2394472	543	"LB 3.0"	428	92.4849690536014	0	0	0	1	-Inf	"SD"	13	61.9047619047619
"ECK120001995"	"nuoJ"	"-"	2393364	2393918	555	"LB 3.0"	177	37.4203202016952	0	0	0	1	-Inf	"SD"	NA	NA
"ECK120001996"	"nuoK"	"-"	2393065	2393367	303	"LB 3.0"	123	47.6309999546666	5	99	0	1	-Inf	"SD"	1	9.09090909090909
"ECK120001997"	"nuoL"	"-"	2391227	2393068	1842	"LB 3.0"	1219	77.6499706498583	3	52	0	1	-Inf	"SD"	11	16.6666666666667
"ECK120002000"	"secG"	"-"	3320195	3320527	333	"LB 3.0"	145	51.0917742866837	0	0	0	1	-Inf	"SD"	3	27.2727272727273
"ECK120002002"	"yfiH"	"-"	2732325	2733056	732	"LB 3.0"	45	7.21321120864853	0	0	0	0.849726775956284	-Inf	"SD"	1	3.84615384615385
"ECK120002006"	"feoA"	"+"	3538185	3538412	228	"LB 3.0"	7	3.60238735215547	0	0	0	0.526315789473684	-Inf	"SD"	0	0
"ECK120002007"	"feoB"	"+"	3538429	3540750	2322	"LB 3.0"	157	7.93349684125489	9	176	45.4545454545455	0.892764857881137	-2.30988499657461	"SD"	0	0
"ECK120002009"	"yeiR"	"+"	2265851	2266837	987	"LB 3.0"	28	3.32864971141417	0	0	0	0.680851063829787	-Inf	"SD"	0	0
"ECK120002011"	"hofB"	"-"	115714	117099	1386	"LB 3.0"	8	0.677257733491194	2	70	0	0.257575757575758	-Inf	"SD"	NA	NA
"ECK120002012"	"ppdD"	"-"	117109	117549	441	"LB 3.0"	0	0	0	0	0	0	NA	"NO"	NA	NA
"ECK120002014"	"ydcF"	"+"	1485259	1486059	801	"LB 3.0"	59	8.64264573946769	3	121	0	0.925093632958802	-Inf	"SD"	5	16.6666666666667
"ECK120002015"	"nlpD"	"-"	2865636	2866775	1140	"LB 3.0"	3756	386.587625562741	5	104	0	1	-Inf	"SD"	1	2.5
"ECK120002017"	"hofQ"	"-"	3517487	3518725	1239	"LB 3.0"	7	0.66290905269689	0	0	0	0.30589184826473	-Inf	"SD"	NA	NA
"ECK120002018"	"prfC"	"+"	4607437	4609026	1590	"LB 3.0"	54	3.98495894696658	0	0	0	0.678616352201258	-Inf	"SD"	13	21.6666666666667
"ECK120002019"	"yjjG"	"+"	4606669	4607346	678	"LB 3.0"	36	6.23017180499201	3	64	0	0.892330383480826	-Inf	"SD"	0	0
"ECK120002024"	"rssB"	"+"	1289465	1290478	1014	"LB 3.0"	147	17.0100893906512	0	0	0	1	-Inf	"SD"	NA	NA
"ECK120002025"	"yggI"	"+"	3087777	3088274	498	"LB 3.0"	2	0	4	54	0	0.244979919678715	NA	"NO"	0	0
"ECK120002027"	"hisJ"	"-"	2424028	2424810	783	"LB 3.0"	1555	233.021421607954	0	0	0	1	-Inf	"SD"	46	164.285714285714
"ECK120002028"	"hisQ"	"-"	2423252	2423938	687	"LB 3.0"	219	37.403702488631	0	0	0	1	-Inf	"SD"	1	4
"ECK120002029"	"treB"	"-"	4462782	4464203	1422	"LB 3.0"	53	4.3732417885721	1	60	0	0.811533052039381	-Inf	"SD"	17	33.3333333333333
"ECK120002030"	"lgt"	"-"	2963184	2964059	876	"LB 3.0"	39	5.22381414471076	2	44	0	0.860730593607306	-Inf	"SD"	2	6.06060606060606
"ECK120002031"	"uraA"	"-"	2616893	2618182	1290	"LB 3.0"	8	0	1	79	0	0.222480620155039	NA	"NO"	0	0
"ECK120002032"	"hscA"	"-"	2655107	2656957	1851	"LB 3.0"	1153	73.0886776787866	0	0	0	1	-Inf	"SD"	13	19.6969696969697
"ECK120002033"	"hscB"	"-"	2656974	2657489	516	"LB 3.0"	513	116.652722662656	0	0	0	1	-Inf	"SD"	3	15
"ECK120002034"	"iscA"	"-"	2657585	2657908	324	"LB 3.0"	2116	766.298312730467	0	0	0	1	-Inf	"SD"	1	8.33333333333333
"ECK120002035"	"ucpA"	"-"	2541854	2542645	792	"LB 3.0"	2453	363.412266930541	0	0	0	1	-Inf	"SD"	16	57.1428571428571
"ECK120002037"	"mdtD"	"+"	2159488	2160903	1416	"LB 3.0"	10	0.828636315871112	2	136	0	0.413135593220339	-Inf	"SD"	NA	NA
"ECK120002040"	"yfhG"	"-"	2686815	2687528	714	"LB 3.0"	29	4.76570331581671	0	0	0	0.957983193277311	-Inf	"SD"	NA	NA
"ECK120002043"	"sdaC"	"+"	2926251	2927540	1290	"LB 3.0"	78	7.09466851281648	5	125	0	0.944961240310078	-Inf	"SD"	3	6.38297872340426
"ECK120002044"	"napD"	"-"	2300772	2301035	264	"LB 3.0"	2	0.888900775207193	0	0	0	0.272727272727273	-Inf	"SD"	NA	NA
"ECK120002045"	"pgm"	"+"	712781	714421	1641	"LB 3.0"	1030	73.647135525393	0	0	0	1	-Inf	"SD"	29	50
"ECK120002046"	"rapZ"	"+"	3345137	3345991	855	"LB 3.0"	116	15.9191212514299	0	0	0	0.888888888888889	-Inf	"SD"	6	18.75
"ECK120002047"	"npr"	"+"	3345988	3346260	273	"LB 3.0"	24	10.3151562485582	7	166	42.1686746987952	0.831501831501832	-2.88126694229225	"SD"	NA	NA
"ECK120002048"	"galP"	"+"	3086306	3087700	1395	"LB 3.0"	14	1.17755457532824	0	0	0	0.493189964157706	-Inf	"SD"	NA	NA
"ECK120002049"	"cobS"	"-"	2062503	2063246	744	"LB 3.0"	95	14.9822791950245	0	0	0	1	-Inf	"SD"	1	3.84615384615385
"ECK120002050"	"cobT"	"-"	2061412	2062491	1080	"LB 3.0"	53	5.75810168828659	1	52	0	0.75	-Inf	"SD"	2	5.40540540540541
"ECK120002052"	"narU"	"-"	1540696	1542084	1389	"LB 3.0"	7	0.591320602081675	2	45	0	0.30093592512599	-Inf	"SD"	NA	NA
"ECK120002056"	"yaiE"	"+"	407401	407685	285	"LB 3.0"	20	8.23402823349821	30	241	116.182572614108	0.926315789473684	-0.556171568326203	"SD"	0	0
"ECK120002059"	"rsmB"	"+"	3433229	3434518	1290	"LB 3.0"	64	5.82126647205455	3	42	0	0.918604651162791	-Inf	"SD"	0	0
"ECK120002061"	"mukF"	"+"	973542	974864	1323	"LB 3.0"	262	23.2363903324003	1	48	0	1	-Inf	"SD"	3	5.88235294117647
"ECK120002064"	"brnQ"	"+"	418815	420134	1320	"LB 3.0"	71	6.31119550397107	1	100	0	0.835606060606061	-Inf	"SD"	0	0
"ECK120002065"	"ccmD"	"-"	2293399	2293608	210	"LB 3.0"	8	4.46990104104188	0	0	0	1	-Inf	"SD"	NA	NA
"ECK120002068"	"gspM"	"+"	3463104	3463565	462	"LB 3.0"	1	0	2	97	0	0.216450216450216	NA	"NO"	NA	NA
"ECK120002069"	"yjdC"	"-"	4360756	4361331	576	"LB 3.0"	155	31.5744962860055	0	0	0	1	-Inf	"SD"	8	36.3636363636364
"ECK120002070"	"cutA"	"-"	4363041	4363379	339	"LB 3.0"	15	5.19180983749334	0	0	0	0.976401179941003	-Inf	"SD"	1	8.33333333333333
"ECK120002071"	"dipZ"	"-"	4361368	4363065	1698	"LB 3.0"	71	4.90622972040154	0	0	0	0.857479387514723	-Inf	"SD"	0	0
"ECK120002076"	"ampG"	"-"	451294	452769	1476	"LB 3.0"	22	1.74889420813122	1	91	0	0.661246612466125	-Inf	"SD"	NA	NA
"ECK120002077"	"ptsP"	"-"	2964210	2966456	2247	"LB 3.0"	192	10.0259462602809	0	0	0	0.885180240320427	-Inf	"SD"	7	8.33333333333333
"ECK120002080"	"glnK"	"+"	471822	472160	339	"LB 3.0"	6	2.07672393499734	0	0	0	0.578171091445428	-Inf	"SD"	NA	NA
"ECK120002092"	"cspC"	"-"	1905250	1905459	210	"LB 3.0"	1773	990.641818220908	1	71	0	1	-Inf	"SD"	NA	NA
"ECK120002097"	"waaF"	"+"	3792952	3793998	1047	"LB 3.0"	100	11.2067719510362	0	0	0	0.951289398280802	-Inf	"SD"	1	2.56410256410256
"ECK120002107"	"acpT"	"+"	3610992	3611579	588	"LB 3.0"	28	5.58737630130235	0	0	0	0.979591836734694	-Inf	"SD"	NA	NA
"ECK120002108"	"rbbA"	"-"	3624826	3627561	2736	"LB 3.0"	234	10.0352219095759	3	196	0	0.95796783625731	-Inf	"SD"	NA	NA
"ECK120002109"	"yhiI"	"-"	3627558	3628625	1068	"LB 3.0"	267	29.3337255818374	0	0	0	1	-Inf	"SD"	7	17.9487179487179
"ECK120002110"	"yhiJ"	"-"	3628991	3630613	1623	"LB 3.0"	15	1.08442608435628	4	106	0	0.253234750462107	-Inf	"SD"	NA	NA
"ECK120002111"	"yhiK"	"-"	3630875	3631267	393	"LB 3.0"	0	0	0	0	0	0	NA	"NO"	NA	NA
"ECK120002119"	"arsR"	"+"	3646551	3646904	354	"LB 3.0"	5	1.65727263174222	0	0	0	0.689265536723164	-Inf	"SD"	NA	NA
"ECK120002120"	"arsB"	"+"	3646958	3648247	1290	"LB 3.0"	7	0.636701020380966	3	283	0	0.323255813953488	-Inf	"SD"	NA	NA
"ECK120002121"	"arsC"	"+"	3648260	3648685	426	"LB 3.0"	4	1.10173617208779	0	0	0	0.596244131455399	-Inf	"SD"	1	6.25
"ECK120002123"	"mdtE"	"+"	3657255	3658412	1158	"LB 3.0"	3	0	2	170	0	0.159758203799655	NA	"NO"	NA	NA
"ECK120002126"	"gadX"	"-"	3663009	3663833	825	"LB 3.0"	32	4.55117196906083	0	0	0	0.944242424242424	-Inf	"SD"	NA	NA
"ECK120002131"	"yhjD"	"+"	3671385	3672398	1014	"LB 3.0"	83	9.60433618655819	1	43	0	0.700197238658777	-Inf	"SD"	1	2.63157894736842
"ECK120002137"	"yhjK"	"-"	3681653	3683602	1950	"LB 3.0"	72	4.33236562439444	3	36	0	0.893846153846154	-Inf	"SD"	1	1.35135135135135
"ECK120002138"	"bcsC"	"-"	3683723	3687196	3474	"LB 3.0"	44	1.48610699551047	4	51	0	0.375359815774324	-Inf	"SD"	NA	NA
"ECK120002139"	"bcsZ"	"-"	3687178	3688284	1107	"LB 3.0"	4	0.423974353486357	0	0	0	0.253839205058717	-Inf	"SD"	NA	NA
"ECK120002140"	"bcsB"	"-"	3688291	3690630	2340	"LB 3.0"	9	0.451288085874421	1	100	0	0.259401709401709	-Inf	"SD"	NA	NA
"ECK120002141"	"bcsA"	"-"	3690641	3693259	2619	"LB 3.0"	10	0	0	0	0	0.174112256586483	NA	"NO"	NA	NA
"ECK120002142"	"bcsQ"	"-"	3693256	3693984	729	"LB 3.0"	25	4.02383066966219	1	64	0	0.710562414266118	-Inf	"SD"	NA	NA
"ECK120002145"	"bcsF"	"+"	3696049	3696240	192	"LB 3.0"	9	5.50007354659451	0	0	0	0.78125	-Inf	"SD"	NA	NA
"ECK120002148"	"eptB"	"-"	3706807	3708498	1692	"LB 3.0"	240	16.6432485570708	2	37	0	0.985815602836879	-Inf	"SD"	3	4.6875
"ECK120002149"	"yhjX"	"-"	3708822	3710030	1209	"LB 3.0"	4	0	6	333	18.018018018018	0.19520264681555	Inf	"AD"	NA	NA
"ECK120002156"	"xylG"	"+"	3730224	3731765	1542	"LB 3.0"	34	2.58715089437736	194	386	497.40932642487	0.546044098573281	3.8916702048373	"AD"	NA	NA
"ECK120002157"	"xylH"	"+"	3731743	3732924	1182	"LB 3.0"	32	3.17657942002977	2	68	0	0.793570219966159	-Inf	"SD"	NA	NA
"ECK120002161"	"yiaL"	"+"	3741766	3742233	468	"LB 3.0"	3	0.752146809790702	0	0	0	0.373931623931624	-Inf	"SD"	NA	NA
"ECK120002162"	"yiaM"	"+"	3742351	3742824	474	"LB 3.0"	2	0	0	0	0	0.244725738396624	NA	"NO"	NA	NA
"ECK120002163"	"yiaN"	"+"	3742827	3744104	1278	"LB 3.0"	2	0	6	71	0	0.0485133020344288	NA	"NO"	NA	NA
"ECK120002164"	"yiaO"	"+"	3744117	3745103	987	"LB 3.0"	5	0.594401734181102	0	0	0	0.310030395136778	-Inf	"SD"	NA	NA
"ECK120002165"	"lyxK"	"+"	3745107	3746603	1497	"LB 3.0"	8	0.62704022619826	0	0	0	0.307949231796927	-Inf	"SD"	NA	NA
"ECK120002166"	"sgbH"	"+"	3746600	3747262	663	"LB 3.0"	3	0.53092715985226	0	0	0	0.372549019607843	-Inf	"SD"	NA	NA
"ECK120002167"	"sgbU"	"+"	3747255	3748115	861	"LB 3.0"	12	1.63532964916166	0	0	0	0.434378629500581	-Inf	"SD"	NA	NA
"ECK120002172"	"yiaW"	"-"	3752128	3752451	324	"LB 3.0"	2	0.724289520539194	1	61	0	0.299382716049383	-Inf	"SD"	NA	NA
"ECK120002173"	"aldB"	"-"	3752996	3754534	1539	"LB 3.0"	452	34.4609329772332	0	0	0	1	-Inf	"SD"	8	14.2857142857143
"ECK120002174"	"yiaY"	"-"	3754699	3755850	1152	"LB 3.0"	1	0	2	85	0	0.0321180555555556	NA	"NO"	NA	NA
"ECK120002175"	"grxC"	"-"	3782214	3782465	252	"LB 3.0"	190	88.4667914372873	1	74	0	1	-Inf	"SD"	0	0
"ECK120002178"	"envC"	"+"	3784861	3786120	1260	"LB 3.0"	63	5.86674511636747	1	50	0	0.66984126984127	-Inf	"SD"	1	2.12765957446809
"ECK120002181"	"tmk"	"+"	1154347	1154988	642	"LB 3.0"	117	21.3834635082553	0	0	0	1	-Inf	"SD"	4	16.6666666666667
"ECK120002182"	"ycfH"	"+"	1156000	1156797	798	"LB 3.0"	70	10.2925352918728	7	130	46.1538461538462	1	-3.10049208455002	"SD"	1	3.33333333333333
"ECK120002183"	"sapD"	"-"	1350660	1351652	993	"LB 3.0"	20	2.36324073166867	0	0	0	0.542799597180262	-Inf	"SD"	NA	NA
"ECK120002184"	"sapF"	"-"	1349852	1350658	807	"LB 3.0"	29	4.21649587049955	5	119	0	0.874845105328377	-Inf	"SD"	1	3.2258064516129
"ECK120002186"	"yjtD"	"+"	4638965	4639651	687	"LB 3.0"	25	4.26982905121359	0	0	0	0.972343522561863	-Inf	"SD"	4	16
"ECK120002187"	"pepB"	"-"	2653097	2654380	1284	"LB 3.0"	574	52.4534532211048	1	100	0	1	-Inf	"SD"	24	52.1739130434783
"ECK120002188"	"iscX"	"-"	2654558	2654758	201	"LB 3.0"	536	312.893072872932	4	226	0	1	-Inf	"SD"	NA	NA
"ECK120002190"	"zapD"	"-"	111856	112599	744	"LB 3.0"	59	9.30478392112045	0	0	0	0.997311827956989	-Inf	"SD"	6	21.4285714285714
"ECK120002197"	"yadH"	"+"	143702	144472	771	"LB 3.0"	44	6.69615525603551	2	100	0	0.918287937743191	-Inf	"SD"	NA	NA
"ECK120002198"	"yadI"	"+"	144577	145017	441	"LB 3.0"	296	78.7553992945475	0	0	0	1	-Inf	"SD"	NA	NA
"ECK120002199"	"yfaD"	"+"	2354926	2355825	900	"LB 3.0"	25	3.25930284242637	4	112	0	0.358888888888889	-Inf	"SD"	NA	NA
"ECK120002200"	"yadK"	"-"	151003	151599	597	"LB 3.0"	2	0.393081749840367	0	0	0	0.268006700167504	-Inf	"SD"	NA	NA
"ECK120002201"	"yadL"	"-"	151626	152231	606	"LB 3.0"	4	0.77448780414092	1	100	0	0.399339933993399	-Inf	"SD"	NA	NA
"ECK120002202"	"yadM"	"-"	152243	152812	570	"LB 3.0"	11	2.26435776421201	12	290	31.0344827586207	0.852631578947368	-0.331105012691431	"SD"	NA	NA
"ECK120002203"	"yadN"	"-"	156299	156883	585	"LB 3.0"	1	0	2	56	0	0.112820512820513	NA	"NO"	NA	NA
"ECK120002209"	"btuF"	"-"	177662	178462	801	"LB 3.0"	26	3.8086235462061	0	0	0	0.901373283395755	-Inf	"SD"	1	3.44827586206897
"ECK120002212"	"yaeI"	"-"	184257	185069	813	"LB 3.0"	13	1.87620385025282	12	398	27.6381909547739	0.605166051660517	0.229686938022685	"AD"	NA	NA
"ECK120002214"	"yagB"	"-"	279609	279959	351	"LB 3.0"	21	7.02003689137988	1	80	0	0.866096866096866	-Inf	"SD"	NA	NA
"ECK120002216"	"rseA"	"-"	2706776	2707426	651	"LB 3.0"	1553	279.909528900728	0	0	0	1	-Inf	"SD"	1	4.16666666666667
"ECK120002223"	"arfB"	"+"	214833	215255	423	"LB 3.0"	41	11.3728865139984	1	46	0	0.99290780141844	-Inf	"SD"	NA	NA
"ECK120002227"	"ybgD"	"-"	751452	752018	567	"LB 3.0"	5	1.03469931505599	0	0	0	0.721340388007055	-Inf	"SD"	NA	NA
"ECK120002229"	"kduD"	"-"	2980519	2981280	762	"LB 3.0"	22	3.38762185197072	6	216	27.7777777777778	0.79002624671916	-1.49723843497137	"SD"	1	3.7037037037037
"ECK120002230"	"menF"	"-"	2377370	2378665	1296	"LB 3.0"	37	3.34983903249377	1	76	0	0.721450617283951	-Inf	"SD"	1	2.04081632653061
"ECK120002231"	"ygiL"	"+"	3183436	3183987	552	"LB 3.0"	1	0	2	202	0	0.181159420289855	NA	"NO"	NA	NA
"ECK120002232"	"intB"	"+"	4494773	4495963	1191	"LB 3.0"	115	11.3295665555375	1	41	0	0.861460957178841	-Inf	"SD"	NA	NA
"ECK120002234"	"rsmE"	"+"	3089156	3089887	732	"LB 3.0"	156	25.0057988566482	0	0	0	0.995901639344262	-Inf	"SD"	2	7.40740740740741
"ECK120002235"	"cusA"	"+"	597937	601080	3144	"LB 3.0"	10	0	0	0	0	0.183206106870229	NA	"NO"	0	0
"ECK120002239"	"nlpI"	"-"	3306062	3306946	885	"LB 3.0"	1133	150.215191341115	1	100	0	1	-Inf	"SD"	0	0
"ECK120002241"	"ygdH"	"+"	2924330	2925694	1365	"LB 3.0"	390	33.5242578078141	5	177	0	0.999267399267399	-Inf	"SD"	13	25.4901960784314
"ECK120002242"	"yhfG"	"-"	3489475	3489642	168	"LB 3.0"	43	30.0321476195002	0	0	0	1	-Inf	"SD"	NA	NA
"ECK120002243"	"ycaI"	"+"	963543	965807	2265	"LB 3.0"	25	1.29508722215618	11	165	0	0.452097130242826	-Inf	"SD"	NA	NA
"ECK120002246"	"yecE"	"+"	1949419	1950237	819	"LB 3.0"	6	0.859596354046516	11	120	75	0.465201465201465	1.06626563781362	"AD"	NA	NA
"ECK120002248"	"nrdF"	"+"	2801524	2802483	960	"LB 3.0"	12	1.46668627909187	4	88	0	0.580208333333333	-Inf	"SD"	NA	NA
"ECK120002250"	"rcsD"	"+"	2311510	2314182	2673	"LB 3.0"	275	12.0714920089866	2	77	0	0.863449307893752	-Inf	"SD"	6	6
"ECK120002252"	"lhgO"	"+"	2788004	2789272	1269	"LB 3.0"	310	28.6633725149553	0	0	0	1	-Inf	"SD"	NA	NA
"ECK120002258"	"ybgE"	"+"	773532	773825	294	"LB 3.0"	128	51.0845833261929	0	0	0	1	-Inf	"SD"	NA	NA
"ECK120002260"	"ycbF"	"+"	1003170	1003880	711	"LB 3.0"	14	2.31039188830224	6	156	0	0.772151898734177	-Inf	"SD"	NA	NA
"ECK120002261"	"dhaM"	"-"	1246919	1248337	1419	"LB 3.0"	85	7.02851775745222	5	70	0	0.955602536997886	-Inf	"SD"	7	13.7254901960784
"ECK120002263"	"rlmN"	"-"	2641151	2642305	1155	"LB 3.0"	284	28.8511794467249	1	56	0	1	-Inf	"SD"	0	0
"ECK120002271"	"nudK"	"-"	2580925	2581500	576	"LB 3.0"	39	7.94455067841428	0	0	0	0.894097222222222	-Inf	"SD"	2	9.09090909090909
"ECK120002272"	"rfbD"	"-"	2109101	2110000	900	"LB 3.0"	84	10.9512575505526	1	96	0	0.885555555555556	-Inf	"SD"	8	24.2424242424242
"ECK120002273"	"rfbB"	"-"	2110000	2111085	1086	"LB 3.0"	152	16.4225645983031	1	35	0	0.989871086556169	-Inf	"SD"	12	29.2682926829268
"ECK120002274"	"gatA"	"-"	2172619	2173071	453	"LB 3.0"	1636	423.7525390895	1	72	0	1	-Inf	"SD"	14	82.3529411764706
"ECK120002275"	"gatB"	"-"	2172304	2172588	285	"LB 3.0"	935	384.940819916041	0	0	0	1	-Inf	"SD"	4	40
"ECK120002276"	"gatC"	"-"	2170945	2172300	1356	"LB 3.0"	2611	225.930258094918	0	0	0	1	-Inf	"SD"	NA	NA
"ECK120002277"	"gatD"	"-"	2169857	2170897	1041	"LB 3.0"	569	64.1340628475138	2	156	0	1	-Inf	"SD"	2	5.40540540540541
"ECK120002278"	"gatY"	"-"	2174372	2175226	855	"LB 3.0"	11435	1569.26854750087	0	0	0	1	-Inf	"SD"	52	167.741935483871
"ECK120002279"	"ybiI"	"-"	837413	837679	267	"LB 3.0"	11	4.83402219326159	0	0	0	0.576779026217228	-Inf	"SD"	NA	NA
"ECK120002282"	"prmC"	"+"	1265317	1266150	834	"LB 3.0"	43	6.04964124709356	1	35	0	0.658273381294964	-Inf	"SD"	0	0
"ECK120002283"	"modA"	"+"	794312	795085	774	"LB 3.0"	28	4.24467346920644	0	0	0	0.877260981912145	-Inf	"SD"	10	37.037037037037
"ECK120002285"	"tomB"	"-"	479558	479932	375	"LB 3.0"	313	97.9355318092277	5	241	0	1	-Inf	"SD"	NA	NA
"ECK120002286"	"puuR"	"+"	1359935	1360492	558	"LB 3.0"	226	47.5227382186039	0	0	0	1	-Inf	"SD"	NA	NA
"ECK120002287"	"ydiF"	"+"	1773611	1775206	1596	"LB 3.0"	1	0	0	0	0	0.06265664160401	NA	"NO"	NA	NA
"ECK120002290"	"rseP"	"+"	196546	197898	1353	"LB 3.0"	336	29.138601021426	2	48	0	1	-Inf	"SD"	0	0
"ECK120002291"	"menE"	"-"	2371670	2373025	1356	"LB 3.0"	12	1.03836196749867	9	222	40.5405405405405	0.390855457227139	0.793687459308948	"AD"	NA	NA
"ECK120002292"	"menH"	"-"	2374856	2375614	759	"LB 3.0"	15	2.31887158749702	1	61	0	0.459815546772068	-Inf	"SD"	0	0
"ECK120002296"	"yggL"	"-"	3099829	3100155	327	"LB 3.0"	287	102.982009076298	0	0	0	1	-Inf	"SD"	4	30.7692307692308
"ECK120002300"	"ybcH"	"-"	586314	587204	891	"LB 3.0"	7	0.921823026140793	4	130	0	0.500561167227834	-Inf	"SD"	1	3.03030303030303
"ECK120002305"	"alsB"	"-"	4309130	4310065	936	"LB 3.0"	49	6.1425322799574	0	0	0	0.821581196581197	-Inf	"SD"	7	21.2121212121212
"ECK120002306"	"adiC"	"-"	4333717	4335054	1338	"LB 3.0"	5	0	1	53	0	0.178624813153961	NA	"NO"	NA	NA
"ECK120002307"	"yjdL"	"-"	4352977	4354434	1458	"LB 3.0"	10	0.804766133932438	5	202	0	0.322359396433471	-Inf	"SD"	NA	NA
"ECK120002308"	"yjeM"	"+"	4381862	4383364	1503	"LB 3.0"	13	1.01487274135432	1	66	0	0.351962741184298	-Inf	"SD"	NA	NA
"ECK120002309"	"ulaB"	"+"	4419416	4419721	306	"LB 3.0"	7	2.68413175258643	0	0	0	0.833333333333333	-Inf	"SD"	NA	NA
"ECK120002310"	"ulaC"	"+"	4419731	4420195	465	"LB 3.0"	10	2.52333123284622	2	63	0	0.49247311827957	-Inf	"SD"	0	0
"ECK120002313"	"ytfR"	"+"	4449081	4450583	1503	"LB 3.0"	101	7.88478052898356	0	0	0	0.984031936127745	-Inf	"SD"	NA	NA
"ECK120002314"	"ytfT"	"+"	4450597	4451619	1023	"LB 3.0"	54	6.19363120789528	0	0	0	0.986314760508309	-Inf	"SD"	NA	NA
"ECK120002317"	"idnT"	"-"	4489229	4490548	1320	"LB 3.0"	30	2.66670232562158	2	100	0	0.704545454545455	-Inf	"SD"	NA	NA
"ECK120002319"	"yjhF"	"-"	4518694	4520043	1350	"LB 3.0"	12	1.04297690957644	23	275	47.2727272727273	0.358518518518519	1.31780440480958	"AD"	NA	NA
"ECK120002320"	"sgcA"	"-"	4525572	4526003	432	"LB 3.0"	34	9.23469138687473	0	0	0	1	-Inf	"SD"	NA	NA
"ECK120002321"	"sgcC"	"-"	4526953	4528266	1314	"LB 3.0"	152	13.5729871794194	2	57	0	0.992389649923896	-Inf	"SD"	NA	NA
"ECK120002322"	"sgcX"	"-"	4528553	4529674	1122	"LB 3.0"	250	26.1441404472704	6	125	0	0.987522281639929	-Inf	"SD"	NA	NA
"ECK120002329"	"fabF"	"+"	1151162	1152403	1242	"LB 3.0"	942	88.9931384801636	7	166	0	1	-Inf	"SD"	12	27.906976744186
"ECK120002332"	"yabP"	"+"	58474	59124	651	"LB 3.0"	48	8.65142136975848	0	0	0	0.987711213517665	-Inf	"SD"	NA	NA
"ECK120002337"	"dppB"	"-"	3702794	3703813	1020	"LB 3.0"	113	12.9988666303828	1	70	0	0.999019607843137	-Inf	"SD"	6	16.2162162162162
"ECK120002338"	"dppC"	"-"	3701882	3702784	903	"LB 3.0"	107	13.9034712613803	0	0	0	1	-Inf	"SD"	NA	NA
"ECK120002339"	"dppD"	"-"	3700888	3701871	984	"LB 3.0"	111	13.2359493479022	0	0	0	0.994918699186992	-Inf	"SD"	6	16.6666666666667
"ECK120002341"	"gntK"	"-"	3575088	3575615	528	"LB 3.0"	2	0.444450387603596	2	100	0	0.333333333333333	-Inf	"SD"	NA	NA
"ECK120002342"	"gntR"	"-"	3575754	3576749	996	"LB 3.0"	107	12.6052555713116	1	55	0	0.92570281124498	-Inf	"SD"	3	8.33333333333333
"ECK120002345"	"cas3"	"-"	2882575	2885241	2667	"LB 3.0"	34	1.49583302554551	5	147	0	0.492688413948256	-Inf	"SD"	NA	NA
"ECK120002349"	"gltJ"	"-"	685152	685892	741	"LB 3.0"	88	13.9345093182277	3	77	0	0.960863697705803	-Inf	"SD"	2	7.14285714285714
"ECK120002350"	"gltK"	"-"	684478	685152	675	"LB 3.0"	80	13.9063587943525	0	0	0	1	-Inf	"SD"	NA	NA
"ECK120002351"	"gltL"	"-"	683753	684478	726	"LB 3.0"	206	33.2933744895785	0	0	0	1	-Inf	"SD"	0	0
"ECK120002352"	"lpxH"	"-"	552441	553163	723	"LB 3.0"	38	6.16697965205986	0	0	0	0.680497925311203	-Inf	"SD"	0	0
"ECK120002353"	"grxB"	"-"	1122630	1123277	648	"LB 3.0"	149	26.979784640085	5	258	0	1	-Inf	"SD"	9	37.5
"ECK120002355"	"rarA"	"+"	937217	938560	1344	"LB 3.0"	212	18.508183998064	0	0	0	0.860863095238095	-Inf	"SD"	1	2
"ECK120002356"	"yciM"	"+"	1338582	1339751	1170	"LB 3.0"	235	23.5672667067753	2	113	0	0.988888888888889	-Inf	"SD"	0	0
"ECK120002358"	"nudL"	"+"	1894194	1894772	579	"LB 3.0"	73	14.793519637127	0	0	0	0.675302245250432	-Inf	"SD"	NA	NA
"ECK120002364"	"yggN"	"-"	3098926	3099645	720	"LB 3.0"	101	16.4594793542532	4	100	0	1	-Inf	"SD"	6	23.0769230769231
"ECK120002365"	"ygbE"	"-"	2871036	2871359	324	"LB 3.0"	7	2.53501332188718	0	0	0	0.70679012345679	-Inf	"SD"	NA	NA
"ECK120002368"	"yedJ"	"-"	2030408	2031103	696	"LB 3.0"	114	19.2186477949969	0	0	0	0.905172413793103	-Inf	"SD"	NA	NA
"ECK120002371"	"dxr"	"+"	193521	194717	1197	"LB 3.0"	104	10.1945111462359	0	0	0	1	-Inf	"SD"	0	0
"ECK120002373"	"ygjI"	"+"	3224256	3225689	1434	"LB 3.0"	3	0	2	42	0	0.130404463040446	NA	"NO"	NA	NA
"ECK120002375"	"uxaA"	"-"	3239849	3241336	1488	"LB 3.0"	114	8.98936751701468	2	100	0	0.95497311827957	-Inf	"SD"	0	0
"ECK120002377"	"exuR"	"+"	3244674	3245450	777	"LB 3.0"	151	22.8025357161258	7	272	0	1	-Inf	"SD"	4	13.3333333333333
"ECK120002378"	"yhaO"	"-"	3254701	3255969	1269	"LB 3.0"	12	1.10954990380472	3	100	0	0.438140267927502	-Inf	"SD"	NA	NA
"ECK120002380"	"agaA"	"+"	3279144	3279647	504	"LB 3.0"	18	4.19053222597677	0	0	0	0.771825396825397	-Inf	"SD"	NA	NA
"ECK120002381"	"kbaY"	"+"	3281165	3282025	861	"LB 3.0"	4	0.545109883053888	4	87	0	0.387921022067364	-Inf	"SD"	NA	NA
"ECK120002382"	"agaB"	"+"	3282192	3282668	477	"LB 3.0"	2	0.491970240366245	1	40	0	0.29979035639413	-Inf	"SD"	NA	NA
"ECK120002383"	"agaC"	"+"	3282707	3283510	804	"LB 3.0"	0	0	1	61	0	0	NA	"NO"	NA	NA
"ECK120002384"	"diaA"	"+"	3293831	3294421	591	"LB 3.0"	114	22.6331283677121	2	75	0	1	-Inf	"SD"	1	4.76190476190476
"ECK120002386"	"mlaD"	"-"	3335932	3336483	552	"LB 3.0"	115	24.4447713181978	0	0	0	1	-Inf	"SD"	8	40
"ECK120002387"	"mlaE"	"-"	3336488	3337270	783	"LB 3.0"	84	12.587652356957	0	0	0	0.998722860791826	-Inf	"SD"	3	10.7142857142857
"ECK120002391"	"yhdW"	"+"	3417171	3418088	918	"LB 3.0"	114	14.571000942612	1	49	0	1	-Inf	"SD"	NA	NA
"ECK120002392"	"yhdX"	"+"	3418156	3419337	1182	"LB 3.0"	3	0	5	75	0	0.203891708967851	NA	"NO"	NA	NA
"ECK120002393"	"yhdY"	"+"	3419347	3420450	1104	"LB 3.0"	6	0.637689686561682	1	38	0	0.328804347826087	-Inf	"SD"	NA	NA
"ECK120002401"	"abgT"	"-"	1398271	1399797	1527	"LB 3.0"	24	1.84416349433948	1	100	0	0.316961362148003	-Inf	"SD"	NA	NA
"ECK120002402"	"ybgF"	"+"	778821	779612	792	"LB 3.0"	488	72.297263050185	3	168	0	1	-Inf	"SD"	8	28.5714285714286
"ECK120002409"	"proQ"	"-"	1912860	1913558	699	"LB 3.0"	304	51.0297715415082	0	0	0	1	-Inf	"SD"	8	30.7692307692308
"ECK120002412"	"ycjF"	"+"	1383535	1384596	1062	"LB 3.0"	364	40.216482530278	0	0	0	0.981167608286252	-Inf	"SD"	2	5.12820512820513
"ECK120002416"	"ycfK"	"+"	1206724	1207353	630	"LB 3.0"	0	0	1	37	0	0	NA	"NO"	NA	NA
"ECK120002418"	"ybcJ"	"-"	555884	556096	213	"LB 3.0"	53	29.1960085603264	0	0	0	1	-Inf	"SD"	NA	NA
"ECK120002424"	"frlA"	"+"	3497932	3499269	1338	"LB 3.0"	2	0	1	100	0	0.0597907324364723	NA	"NO"	NA	NA
"ECK120002425"	"feoC"	"+"	3540750	3540986	237	"LB 3.0"	6	2.97050385638859	0	0	0	0.713080168776371	-Inf	"SD"	NA	NA
"ECK120002428"	"xapB"	"-"	2520751	2522007	1257	"LB 3.0"	13	1.21348745445946	1	75	0	0.474940334128878	-Inf	"SD"	NA	NA
"ECK120002433"	"mngB"	"+"	767201	769834	2634	"LB 3.0"	30	1.33638840919532	5	145	0	0.478359908883827	-Inf	"SD"	NA	NA
"ECK120002434"	"cobU"	"-"	2063243	2063788	546	"LB 3.0"	59	12.6790462221861	0	0	0	1	-Inf	"SD"	3	15
"ECK120002437"	"dctA"	"-"	3680184	3681470	1287	"LB 3.0"	3579	326.294961483748	2	81	0	1	-Inf	"SD"	6	13.3333333333333
"ECK120002438"	"dgoA"	"-"	3871018	3871635	618	"LB 3.0"	15	2.84793452250848	0	0	0	0.692556634304207	-Inf	"SD"	NA	NA
"ECK120002439"	"dgoK"	"-"	3871619	3872497	879	"LB 3.0"	67	8.94361599082186	1	76	0	0.898748577929465	-Inf	"SD"	NA	NA
"ECK120002441"	"glcB"	"-"	3119656	3121827	2172	"LB 3.0"	1939	104.747870908255	1	39	0	1	-Inf	"SD"	63	78.75
"ECK120002442"	"gpsA"	"-"	3780665	3781684	1020	"LB 3.0"	564	64.8792989339462	1	63	0	1	-Inf	"SD"	5	13.8888888888889
"ECK120002444"	"kefB"	"-"	3476824	3478629	1806	"LB 3.0"	90	5.84725426880479	0	0	0	0.795681063122924	-Inf	"SD"	NA	NA
"ECK120002445"	"pta"	"+"	2412769	2414913	2145	"LB 3.0"	688	37.6346912826184	5	37	0	1	-Inf	"SD"	36	46.7532467532468
"ECK120002446"	"uxuB"	"+"	4550924	4552384	1461	"LB 3.0"	505	40.557238655244	2	100	0	1	-Inf	"SD"	9	16.6666666666667
"ECK120002450"	"nrdE"	"+"	2799370	2801514	2145	"LB 3.0"	42	2.29746661899705	11	54	111.111111111111	0.522610722610723	-0.937009494219243	"SD"	NA	NA
"ECK120002451"	"alaT"	"+"	4035283	4035358	76	"LB 3.0"	0	0	0	0	0	0	NA	"NO"	NA	NA
"ECK120002452"	"alaU"	"-"	3424980	3425055	76	"LB 3.0"	0	0	0	0	0	0	NA	"NO"	NA	NA
"ECK120002453"	"alaV"	"+"	225500	225575	76	"LB 3.0"	1	1.54388029378091	0	0	0	0.894736842105263	-Inf	"SD"	NA	NA
"ECK120002455"	"alaX"	"-"	2516063	2516138	76	"LB 3.0"	109	168.28295202212	0	0	0	1	-Inf	"SD"	NA	NA
"ECK120002456"	"argQ"	"-"	2815806	2815882	77	"LB 3.0"	1	1.52382990035519	0	0	0	0.597402597402597	-Inf	"SD"	NA	NA
"ECK120002458"	"argV"	"-"	2816495	2816571	77	"LB 3.0"	153	233.145974754344	0	0	0	1	-Inf	"SD"	NA	NA
"ECK120002459"	"argW"	"+"	2464331	2464405	75	"LB 3.0"	310	484.984262953044	0	0	0	1	-Inf	"SD"	NA	NA
"ECK120002460"	"argX"	"+"	3980398	3980474	77	"LB 3.0"	486	740.581331572621	0	0	0	1	-Inf	"SD"	NA	NA
"ECK120002461"	"argY"	"-"	2816220	2816296	77	"LB 3.0"	4	6.09531960142075	0	0	0	0.636363636363636	-Inf	"SD"	NA	NA
"ECK120002462"	"argZ"	"-"	2816081	2816157	77	"LB 3.0"	0	0	0	0	0	0	NA	"NO"	NA	NA
"ECK120002463"	"asnT"	"+"	2042573	2042648	76	"LB 3.0"	34	52.4919299885511	0	0	0	1	-Inf	"SD"	NA	NA
"ECK120002467"	"aspU"	"+"	228928	229004	77	"LB 3.0"	24	36.5719176085245	0	0	0	1	-Inf	"SD"	NA	NA
"ECK120002468"	"aspV"	"+"	236931	237007	77	"LB 3.0"	157	239.241294355764	0	0	0	1	-Inf	"SD"	NA	NA
"ECK120002470"	"glnU"	"-"	696088	696162	75	"LB 3.0"	12	18.7735843723759	45	602	74.7508305647841	1	-1.06070721844415	"SD"	NA	NA
"ECK120002472"	"glnW"	"-"	695979	696053	75	"LB 3.0"	10	15.6446536436466	45	602	74.7508305647841	1	-0.797672812610356	"SD"	NA	NA
"ECK120002474"	"gltT"	"+"	4166395	4166470	76	"LB 3.0"	0	0	0	0	0	0	NA	"NO"	NA	NA
"ECK120002475"	"gltU"	"+"	3941458	3941533	76	"LB 3.0"	0	0	0	0	0	0	NA	"NO"	NA	NA
"ECK120002476"	"gltV"	"+"	4207797	4207872	76	"LB 3.0"	0	0	0	0	0	0	NA	"NO"	NA	NA
"ECK120002477"	"gltW"	"-"	2727391	2727466	76	"LB 3.0"	3	0	0	0	0	0.171052631578947	NA	"NO"	NA	NA
"ECK120002478"	"glyT"	"+"	4173696	4173770	75	"LB 3.0"	15535	24303.969435405	0	0	0	1	-Inf	"SD"	NA	NA
"ECK120002479"	"glyU"	"-"	2997006	2997079	74	"LB 3.0"	17376	27551.5035518922	0	0	0	1	-Inf	"SD"	NA	NA
"ECK120002480"	"glyV"	"+"	4390383	4390458	76	"LB 3.0"	26	40.1408876383038	0	0	0	0.960526315789474	-Inf	"SD"	NA	NA
"ECK120002481"	"glyW"	"-"	1990066	1990141	76	"LB 3.0"	89	137.405346146501	0	0	0	1	-Inf	"SD"	NA	NA
"ECK120002482"	"glyX"	"+"	4390495	4390570	76	"LB 3.0"	0	0	0	0	0	0	NA	"NO"	NA	NA
"ECK120002484"	"hisR"	"+"	3980532	3980608	77	"LB 3.0"	10982	16734.6999657007	0	0	0	1	-Inf	"SD"	NA	NA
"ECK120002485"	"ileT"	"+"	4035164	4035240	77	"LB 3.0"	0	0	0	0	0	0	NA	"NO"	NA	NA
"ECK120002486"	"ileU"	"-"	3425098	3425174	77	"LB 3.0"	0	0	0	0	0	0	NA	"NO"	NA	NA
"ECK120002487"	"ileV"	"+"	225381	225457	77	"LB 3.0"	0	0	0	0	0	0	NA	"NO"	NA	NA
"ECK120002490"	"leuQ"	"-"	4604338	4604424	87	"LB 3.0"	211	284.570855069779	0	0	0	1	-Inf	"SD"	NA	NA
"ECK120002491"	"leuT"	"+"	3980629	3980715	87	"LB 3.0"	178	240.06451280768	0	0	0	1	-Inf	"SD"	NA	NA
"ECK120002492"	"leuU"	"-"	3320094	3320180	87	"LB 3.0"	47616	64218.6058530928	0	0	0	1	-Inf	"SD"	NA	NA
"ECK120002494"	"leuW"	"-"	696186	696270	85	"LB 3.0"	2730	3768.52098063134	45	602	74.7508305647841	1	-8.70985770788839	"SD"	NA	NA
"ECK120002496"	"leuZ"	"-"	1989839	1989925	87	"LB 3.0"	6928	9343.6345209641	0	0	0	1	-Inf	"SD"	NA	NA
"ECK120002497"	"lysT"	"+"	779777	779852	76	"LB 3.0"	15	23.1582044067137	0	0	0	1	-Inf	"SD"	NA	NA
"ECK120002499"	"lysW"	"+"	780066	780141	76	"LB 3.0"	0	0	0	0	0	0	NA	"NO"	NA	NA
"ECK120002500"	"metT"	"-"	696280	696356	77	"LB 3.0"	10	15.2382990035519	45	602	74.7508305647841	1	-0.759704962411337	"SD"	NA	NA
"ECK120002501"	"metU"	"-"	695887	695963	77	"LB 3.0"	16	24.381278405683	45	602	74.7508305647841	1	-1.43777686752397	"SD"	NA	NA
"ECK120002506"	"pheU"	"-"	4360574	4360649	76	"LB 3.0"	19	29.3337255818374	11	198	55.5555555555556	1	-3.73698488591125	"SD"	NA	NA
"ECK120002508"	"proK"	"-"	3706639	3706715	77	"LB 3.0"	524	798.486867786118	0	0	0	1	-Inf	"SD"	NA	NA
"ECK120002510"	"proM"	"+"	3980758	3980834	77	"LB 3.0"	6222	9481.26964000998	0	0	0	1	-Inf	"SD"	NA	NA
"ECK120002513"	"rrfB"	"+"	4169660	4169779	120	"LB 3.0"	23	22.489189612742	0	0	0	0.75	-Inf	"SD"	NA	NA
"ECK120002514"	"rrfC"	"+"	3944723	3944842	120	"LB 3.0"	7	6.84453596909538	0	0	0	0.658333333333333	-Inf	"SD"	NA	NA
"ECK120002515"	"rrfD"	"-"	3421690	3421809	120	"LB 3.0"	327	319.737608842027	0	0	0	0.766666666666667	-Inf	"SD"	NA	NA
"ECK120002516"	"rrfE"	"+"	4211063	4211182	120	"LB 3.0"	29	28.3559347291094	0	0	0	0.775	-Inf	"SD"	NA	NA
"ECK120002517"	"rrfG"	"-"	2724091	2724210	120	"LB 3.0"	251	245.425504034706	0	0	0	0.775	-Inf	"SD"	NA	NA
"ECK120002518"	"rrfH"	"+"	228756	228875	120	"LB 3.0"	0	0	0	0	0	0	NA	"NO"	NA	NA
"ECK120002519"	"rrlA"	"+"	4035542	4038446	2905	"LB 3.0"	2700	109.05481455554	0	0	0	0.206196213425129	-Inf	"SD"	NA	NA
"ECK120002520"	"rrlB"	"+"	4166664	4169567	2904	"LB 3.0"	0	0	0	0	0	0	NA	"NO"	NA	NA
"ECK120002521"	"rrlC"	"+"	3941727	3944630	2904	"LB 3.0"	1720	69.495878788926	0	0	0	0.310606060606061	-Inf	"SD"	NA	NA
"ECK120002522"	"rrlD"	"-"	3421902	3424805	2904	"LB 3.0"	95	0	0	0	0	0.128443526170799	NA	"NO"	NA	NA
"ECK120002523"	"rrlE"	"+"	4208066	4210969	2904	"LB 3.0"	4	0	0	0	0	0.0261707988980716	NA	"NO"	NA	NA
"ECK120002524"	"rrlG"	"-"	2724303	2727206	2904	"LB 3.0"	1	0	0	0	0	0.0337465564738292	NA	"NO"	NA	NA
"ECK120002525"	"rrlH"	"+"	225759	228662	2904	"LB 3.0"	2308	93.2537722353728	0	0	0	0.314393939393939	-Inf	"SD"	NA	NA
"ECK120002526"	"rrsA"	"+"	4033554	4035095	1542	"LB 3.0"	69	0	0	0	0	0.125162127107652	NA	"NO"	NA	NA
"ECK120002527"	"rrsB"	"+"	4164682	4166223	1542	"LB 3.0"	0	0	0	0	0	0	NA	"NO"	NA	NA
"ECK120002531"	"rrsG"	"-"	2727638	2729179	1542	"LB 3.0"	5262	400.399647241578	0	0	0	0.196498054474708	-Inf	"SD"	NA	NA
"ECK120002532"	"rrsH"	"+"	223771	225312	1542	"LB 3.0"	3151	239.76801377009	0	0	0	0.19325551232166	-Inf	"SD"	NA	NA
"ECK120002537"	"serV"	"-"	2816575	2816667	93	"LB 3.0"	20672	26081.1516226986	0	0	0	1	-Inf	"SD"	NA	NA
"ECK120002541"	"ssrS"	"+"	3054005	3054187	183	"LB 3.0"	62797	40263.8243795113	1	39	0	1	-Inf	"SD"	NA	NA
"ECK120002542"	"ssrA"	"+"	2753615	2753977	363	"LB 3.0"	1112120	359477.938226699	0	0	0	1	-Inf	"SD"	NA	NA
"ECK120002543"	"thrT"	"+"	4173777	4173852	76	"LB 3.0"	474	731.799259252153	0	0	0	1	-Inf	"SD"	NA	NA
"ECK120002545"	"thrV"	"-"	3421602	3421677	76	"LB 3.0"	377	582.042870755404	0	0	0	1	-Inf	"SD"	NA	NA
"ECK120002548"	"tyrT"	"-"	1286761	1286845	85	"LB 3.0"	16	22.086569849854	0	0	0	1	-Inf	"SD"	NA	NA
"ECK120002550"	"tyrV"	"-"	1286467	1286551	85	"LB 3.0"	1	1.38041061561588	0	0	0	0.529411764705882	-Inf	"SD"	NA	NA
"ECK120002551"	"valT"	"+"	779988	780063	76	"LB 3.0"	2	3.08776058756183	0	0	0	0.710526315789474	-Inf	"SD"	NA	NA
"ECK120002554"	"valW"	"+"	1744540	1744616	77	"LB 3.0"	108	164.57362923836	1	80	0	1	-Inf	"SD"	NA	NA
"ECK120002555"	"valX"	"+"	2519073	2519148	76	"LB 3.0"	23	35.509246756961	0	0	0	1	-Inf	"SD"	NA	NA
"ECK120002556"	"valY"	"+"	2519195	2519270	76	"LB 3.0"	7	10.8071620564664	0	0	0	1	-Inf	"SD"	NA	NA
"ECK120002557"	"dicF"	"+"	1647406	1647458	53	"LB 3.0"	25	55.3466520412026	0	0	0	1	-Inf	"SD"	NA	NA
"ECK120002561"	"rpmA"	"-"	3330884	3331141	258	"LB 3.0"	425	193.284238329936	0	0	0	1	-Inf	"SD"	0	0
"ECK120002562"	"acpP"	"+"	1150838	1151074	237	"LB 3.0"	9205	4557.24799967617	0	0	0	1	-Inf	"SD"	9	100
"ECK120002564"	"nfsB"	"-"	603994	604647	654	"LB 3.0"	51	9.1499694475456	4	199	0	0.967889908256881	-Inf	"SD"	6	25
"ECK120002566"	"eutC"	"-"	2554432	2555319	888	"LB 3.0"	56	7.39949834496798	2	100	0	1	-Inf	"SD"	0	0
"ECK120002568"	"gadA"	"-"	3664203	3665603	1401	"LB 3.0"	4	0	2	80	0	0.0606709493219129	NA	"NO"	NA	NA
"ECK120002569"	"frmA"	"-"	377686	378795	1110	"LB 3.0"	53	5.6024773183329	1	69	0	0.872972972972973	-Inf	"SD"	4	10.2564102564103
"ECK120002570"	"folP"	"-"	3322085	3322933	849	"LB 3.0"	80	11.0562923276654	0	0	0	0.856301531213192	-Inf	"SD"	2	6.45161290322581
"ECK120002572"	"glcF"	"-"	3122258	3123481	1224	"LB 3.0"	609	58.3798656187547	0	0	0	1	-Inf	"SD"	NA	NA
"ECK120002581"	"sraF"	"+"	3236396	3236583	188	"LB 3.0"	97	60.5398166263452	0	0	0	0.909574468085106	-Inf	"SD"	NA	NA
"ECK120002628"	"ydaE"	"-"	1415862	1416032	171	"LB 3.0"	1	0.686169019458184	0	0	0	0.584795321637427	-Inf	"SD"	NA	NA
"ECK120002629"	"yoeB"	"-"	2087235	2087489	255	"LB 3.0"	289	132.979555970996	0	0	0	1	-Inf	"SD"	NA	NA
"ECK120002651"	"ecnB"	"+"	4374576	4374722	147	"LB 3.0"	111	88.5998242063659	0	0	0	1	-Inf	"SD"	1	20
"ECK120002669"	"tisB"	"+"	3851576	3851665	90	"LB 3.0"	64	83.4381527661152	0	0	0	1	-Inf	"SD"	NA	NA
"ECK120002671"	"thiS"	"-"	4190660	4190860	201	"LB 3.0"	7	4.08629013080321	0	0	0	0.955223880597015	-Inf	"SD"	NA	NA
"ECK120002674"	"sapC"	"-"	1351652	1352542	891	"LB 3.0"	28	3.68729210456317	1	100	0	0.86307519640853	-Inf	"SD"	NA	NA
"ECK120002675"	"sapB"	"-"	1352529	1353494	966	"LB 3.0"	40	4.858588088089	4	118	0	0.866459627329193	-Inf	"SD"	0	0
"ECK120002676"	"sapA"	"-"	1353491	1355134	1644	"LB 3.0"	54	3.85406613483994	6	143	0	0.633211678832117	-Inf	"SD"	2	3.2258064516129
"ECK120002680"	"flgC"	"+"	1130661	1131065	405	"LB 3.0"	5	1.44857904107839	1	54	0	0.483950617283951	-Inf	"SD"	0	0
"ECK120002682"	"flgD"	"+"	1131077	1131772	696	"LB 3.0"	5	0.842923148903372	0	0	0	0.400862068965517	-Inf	"SD"	0	0
"ECK120002683"	"flgE"	"+"	1131797	1133005	1209	"LB 3.0"	20	1.94102402526633	1	100	0	0.568238213399504	-Inf	"SD"	4	9.52380952380952
"ECK120002684"	"flgF"	"+"	1133025	1133780	756	"LB 3.0"	3	0	0	0	0	0.206349206349206	NA	"NO"	0	0
"ECK120002685"	"flgG"	"+"	1133952	1134734	783	"LB 3.0"	6	0.899118025496931	3	99	0	0.430395913154534	-Inf	"SD"	1	3.57142857142857
"ECK120002686"	"flgH"	"+"	1134787	1135485	699	"LB 3.0"	5	0.839305452985332	1	63	0	0.453505007153076	-Inf	"SD"	5	20
"ECK120002687"	"flgI"	"+"	1135497	1136594	1098	"LB 3.0"	4	0.427449553105098	0	0	0	0.283242258652095	-Inf	"SD"	0	0
"ECK120002688"	"flgJ"	"+"	1136594	1137535	942	"LB 3.0"	5	0.622796721482746	2	178	0	0.265392781316348	-Inf	"SD"	NA	NA
"ECK120002689"	"flgM"	"-"	1129058	1129351	294	"LB 3.0"	24	9.57835937366118	0	0	0	0.965986394557823	-Inf	"SD"	1	10
"ECK120002690"	"flhA"	"-"	1960996	1963074	2079	"LB 3.0"	21	1.18520103360959	2	100	0	0.261664261664262	-Inf	"SD"	2	2.66666666666667
"ECK120002692"	"fliI"	"+"	2014578	2015951	1374	"LB 3.0"	1	0	0	0	0	0.0720524017467249	NA	"NO"	0	0
"ECK120002693"	"fliJ"	"+"	2015970	2016413	444	"LB 3.0"	1	0	0	0	0	0.0788288288288288	NA	"NO"	1	5.88235294117647
"ECK120002694"	"fliK"	"+"	2016410	2017537	1128	"LB 3.0"	2	0	0	0	0	0.0797872340425532	NA	"NO"	NA	NA
"ECK120002695"	"nanT"	"-"	3369106	3370596	1491	"LB 3.0"	34	2.67564498935606	2	77	0	0.639839034205231	-Inf	"SD"	0	0
"ECK120002699"	"maa"	"-"	478591	479142	552	"LB 3.0"	52	11.0532879004025	18	526	34.2205323193916	1	-1.61840676446916	"SD"	6	30
"ECK120002706"	"insA-1"	"-"	20233	20508	276	"LB 3.0"	0	0	0	0	0	0	NA	"NO"	NA	NA
"ECK120002711"	"b0165"	"-"	184987	185118	132	"LB 3.0"	9	8.00010697686473	11	398	27.6381909547739	1	-1.86251576799511	"SD"	NA	NA
"ECK120002712"	"ispU"	"+"	194903	195664	762	"LB 3.0"	271	41.7293419038211	0	0	0	1	-Inf	"SD"	2	7.14285714285714
"ECK120002713"	"bamA"	"+"	197928	200360	2433	"LB 3.0"	694	33.4691418886891	11	108	0	1	-Inf	"SD"	21	23.0769230769231
"ECK120002714"	"ldcC"	"+"	209679	211820	2142	"LB 3.0"	77	4.21792132549295	2	70	0	0.871148459383754	-Inf	"SD"	NA	NA
"ECK120002715"	"yaeR"	"+"	211877	212266	390	"LB 3.0"	27	8.12318554573958	0	0	0	1	-Inf	"SD"	1	6.66666666666667
"ECK120002729"	"yafQ"	"-"	245961	246239	279	"LB 3.0"	1237	520.226789171797	0	0	0	1	-Inf	"SD"	NA	NA
"ECK120002735"	"dinB"	"+"	250898	251953	1056	"LB 3.0"	44	4.88895426363956	0	0	0	0.935606060606061	-Inf	"SD"	NA	NA
"ECK120002736"	"yafN"	"+"	252005	252298	294	"LB 3.0"	21	8.38106445195353	0	0	0	1	-Inf	"SD"	NA	NA
"ECK120002737"	"yafO"	"+"	252301	252699	399	"LB 3.0"	19	5.58737630130235	1	70	0	0.879699248120301	-Inf	"SD"	NA	NA
"ECK120002738"	"yafP"	"+"	252709	253161	453	"LB 3.0"	3	0	0	0	0	0.249448123620309	NA	"NO"	0	0
"ECK120002739"	"ykfJ"	"+"	253467	253733	267	"LB 3.0"	0	0	0	0	0	0	NA	"NO"	NA	NA
"ECK120002742"	"ykfG"	"-"	263480	263956	477	"LB 3.0"	0	0	4	51	0	0	NA	"NO"	NA	NA
"ECK120002743"	"yafX"	"-"	263972	264430	459	"LB 3.0"	0	0	8	255	27.4509803921569	0	Inf	"AD"	NA	NA
"ECK120002744"	"ykfF"	"-"	264528	264767	240	"LB 3.0"	0	0	10	391	25.5754475703325	0	Inf	"AD"	NA	NA
"ECK120002745"	"ykfB"	"-"	264844	265311	468	"LB 3.0"	33	8.27361490769772	11	391	25.5754475703325	1	-2.04851780943624	"SD"	0	0
"ECK120002746"	"yafY"	"-"	265334	265777	444	"LB 3.0"	11	2.90694577838028	0	0	0	0.288288288288288	-Inf	"SD"	NA	NA
"ECK120002747"	"yafZ"	"-"	266408	267229	822	"LB 3.0"	1	0	4	169	0	0.121654501216545	NA	"NO"	NA	NA
"ECK120002748"	"ykfA"	"-"	267321	268184	864	"LB 3.0"	15	2.03706427651648	1	71	0	0.59375	-Inf	"SD"	NA	NA
"ECK120002751"	"insI-1"	"+"	269827	270978	1152	"LB 3.0"	4	0	0	0	0	0.0651041666666667	NA	"NO"	NA	NA
"ECK120002752"	"insO-1"	"+"	271054	271479	426	"LB 3.0"	16	4.40694468835115	0	0	0	0.373239436619718	-Inf	"SD"	NA	NA
"ECK120002757"	"afuB"	"-"	278038	278400	363	"LB 3.0"	1	0	0	0	0	0.110192837465565	NA	"NO"	NA	NA
"ECK120002758"	"insB-2"	"-"	278402	278905	504	"LB 3.0"	0	0	0	0	0	0	NA	"NO"	NA	NA
"ECK120002759"	"insA-2"	"-"	278824	279099	276	"LB 3.0"	0	0	0	0	0	0	NA	"NO"	NA	NA
"ECK120002761"	"yagF"	"+"	282425	284392	1968	"LB 3.0"	87	5.18706123093465	0	0	0	0.878048780487805	-Inf	"SD"	NA	NA
"ECK120002762"	"yagG"	"+"	284619	286001	1383	"LB 3.0"	18	1.52713538820845	3	126	0	0.487346348517715	-Inf	"SD"	NA	NA
"ECK120002765"	"insB-3"	"-"	289873	290376	504	"LB 3.0"	0	0	0	0	0	0	NA	"NO"	NA	NA
"ECK120002770"	"yagM"	"-"	293169	294023	855	"LB 3.0"	0	0	3	96	0	0	NA	"NO"	NA	NA
"ECK120002771"	"yagN"	"-"	294363	294803	441	"LB 3.0"	52	13.8354079841773	12	386	31.0880829015544	0.90702947845805	-2.52725887641097	"SD"	NA	NA
"ECK120002772"	"intF"	"-"	294920	296320	1401	"LB 3.0"	137	11.4738626829742	20	303	36.3036303630363	0.900785153461813	-2.38277572844096	"SD"	0	0
"ECK120002773"	"yagP"	"-"	296605	297015	411	"LB 3.0"	2	0	1	69	0	0.13625304136253	NA	"NO"	NA	NA
"ECK120002774"	"paoD"	"-"	296994	297950	957	"LB 3.0"	5	0.613035017384271	0	0	0	0.3239289446186	-Inf	"SD"	NA	NA
"ECK120002775"	"paoC"	"-"	297960	300158	2199	"LB 3.0"	16	0.853732804564616	1	79	0	0.307867212369259	-Inf	"SD"	NA	NA
"ECK120002776"	"paoB"	"-"	300155	301111	957	"LB 3.0"	5	0.613035017384271	0	0	0	0.294670846394984	-Inf	"SD"	NA	NA
"ECK120002780"	"ecpE"	"-"	303719	304429	711	"LB 3.0"	7	1.15519594415112	3	181	0	0.309423347398031	-Inf	"SD"	NA	NA
"ECK120002781"	"ecpD"	"-"	304398	306041	1644	"LB 3.0"	14	0.999202331254801	9	264	0	0.389294403892944	-Inf	"SD"	NA	NA
"ECK120002782"	"ecpC"	"-"	306031	308556	2526	"LB 3.0"	3	0	5	71	0	0.0914489311163895	NA	"NO"	NA	NA
"ECK120002783"	"ecpB"	"-"	308582	309250	669	"LB 3.0"	2	0	0	0	0	0.170403587443946	NA	"NO"	NA	NA
"ECK120002784"	"ecpA"	"-"	309308	309895	588	"LB 3.0"	3	0.598647460853824	3	50	0	0.267006802721088	-Inf	"SD"	NA	NA
"ECK120002788"	"insE-1"	"+"	314506	314814	309	"LB 3.0"	0	0	0	0	0	0	NA	"NO"	NA	NA
"ECK120002792"	"rclB"	"-"	317555	317791	237	"LB 3.0"	1	0.495083976064766	0	0	0	0.421940928270042	-Inf	"SD"	NA	NA
"ECK120002795"	"ykgE"	"+"	320832	321551	720	"LB 3.0"	40	6.51860568485275	1	100	0	0.943055555555556	-Inf	"SD"	2	7.69230769230769
"ECK120002796"	"ykgF"	"+"	321562	322989	1428	"LB 3.0"	50	4.1083649274282	2	106	0	0.84733893557423	-Inf	"SD"	0	0
"ECK120002799"	"ykgH"	"-"	323920	324588	669	"LB 3.0"	2	0	1	37	0	0.0792227204783259	NA	"NO"	NA	NA
"ECK120002803"	"yahE"	"+"	335149	336012	864	"LB 3.0"	0	0	2	57	0	0	NA	"NO"	NA	NA
"ECK120002804"	"yahF"	"+"	336002	337549	1548	"LB 3.0"	7	0	2	54	0	0.186692506459948	NA	"NO"	NA	NA
"ECK120002805"	"yahG"	"+"	337549	338967	1419	"LB 3.0"	5	0	1	70	0	0.208597603946441	NA	"NO"	NA	NA
"ECK120002806"	"yahI"	"+"	339389	340339	951	"LB 3.0"	2	0	3	46	0	0.00420609884332282	NA	"NO"	NA	NA
"ECK120002807"	"yahJ"	"+"	340349	341731	1383	"LB 3.0"	50	4.24204274502348	0	0	0	0.821402747650036	-Inf	"SD"	NA	NA
"ECK120002808"	"yahK"	"+"	342108	343157	1050	"LB 3.0"	72	8.04582187387539	2	48	0	0.85047619047619	-Inf	"SD"	2	5.26315789473684
"ECK120002809"	"yahL"	"+"	343400	344215	816	"LB 3.0"	3	0.431378317379961	1	66	0	0.263480392156863	-Inf	"SD"	NA	NA
"ECK120002815"	"prpC"	"+"	349236	350405	1170	"LB 3.0"	3	0	1	43	0	0.205982905982906	NA	"NO"	NA	NA
"ECK120002816"	"prpD"	"+"	350439	351890	1452	"LB 3.0"	0	0	2	103	0	0	NA	"NO"	NA	NA
"ECK120002817"	"prpE"	"+"	351930	353816	1887	"LB 3.0"	6	0	3	100	0	0.210916799152093	NA	"NO"	NA	NA
"ECK120002819"	"mhpE"	"+"	373092	374105	1014	"LB 3.0"	19	2.19858298246513	0	0	0	0.404339250493097	-Inf	"SD"	NA	NA
"ECK120002820"	"mhpT"	"+"	374683	375894	1212	"LB 3.0"	14	1.35535365724661	0	0	0	0.51980198019802	-Inf	"SD"	NA	NA
"ECK120002823"	"frmR"	"-"	378830	379105	276	"LB 3.0"	13	5.52664395020124	0	0	0	1	-Inf	"SD"	1	10
"ECK120002824"	"yaiO"	"-"	379293	380066	774	"LB 3.0"	25	3.78988702607718	1	37	0	0.633074935400517	-Inf	"SD"	NA	NA
"ECK120002832"	"tauB"	"+"	385431	386198	768	"LB 3.0"	4	0.611119282954945	1	98	0	0.463541666666667	-Inf	"SD"	NA	NA
"ECK120002833"	"tauC"	"+"	386195	387022	828	"LB 3.0"	8	0	0	0	0	0.222222222222222	NA	"NO"	NA	NA
"ECK120002845"	"proY"	"+"	420210	421583	1374	"LB 3.0"	59	5.03839828043204	1	38	0	0.917758369723435	-Inf	"SD"	NA	NA
"ECK120002846"	"thiL"	"+"	434858	435835	978	"LB 3.0"	135	16.1965355973335	4	79	0	0.989775051124744	-Inf	"SD"	3	8.57142857142857
"ECK120002848"	"dxs"	"-"	437539	439401	1863	"LB 3.0"	250	15.7454243595477	12	149	60.4026845637584	0.994095544820182	-3.12886382882669	"SD"	15	22.0588235294118
"ECK120002853"	"ppiD"	"+"	461139	463010	1872	"LB 3.0"	534	33.4705330356862	1	77	0	1	-Inf	"SD"	27	39.7058823529412
"ECK120002854"	"ybaV"	"+"	463161	463532	372	"LB 3.0"	38	11.9858233560196	0	0	0	1	-Inf	"SD"	NA	NA
"ECK120002858"	"ybaO"	"+"	467607	468065	459	"LB 3.0"	31	7.92457946001707	1	60	0	0.941176470588235	-Inf	"SD"	0	0
"ECK120002859"	"mdlA"	"+"	468095	469867	1773	"LB 3.0"	44	2.91186446836062	3	53	0	0.697687535250987	-Inf	"SD"	0	0
"ECK120002863"	"ylaC"	"-"	478005	478475	471	"LB 3.0"	116	28.8977678767994	1	42	0	1	-Inf	"SD"	0	0
"ECK120002870"	"ybaT"	"+"	511800	513092	1293	"LB 3.0"	14	1.27044751166504	5	182	0	0.588553750966744	-Inf	"SD"	NA	NA
"ECK120002877"	"ybbO"	"-"	517564	518373	810	"LB 3.0"	71	10.2849111916566	0	0	0	1	-Inf	"SD"	5	17.2413793103448
"ECK120002878"	"ybbP"	"+"	519640	522054	2415	"LB 3.0"	38	1.84626347347382	9	270	0	0.43768115942029	-Inf	"SD"	2	2.24719101123596
"ECK120002879"	"ylbH"	"+"	527173	527883	711	"LB 3.0"	4	0.660111968086354	1	56	0	0.268635724331927	-Inf	"SD"	NA	NA
"ECK120002884"	"allR"	"+"	532235	533050	816	"LB 3.0"	301	43.2816245104561	0	0	0	0.988970588235294	-Inf	"SD"	6	20.6896551724138
"ECK120002885"	"hyi"	"+"	534934	535710	777	"LB 3.0"	4	0.604040681221876	0	0	0	0.298584298584299	-Inf	"SD"	NA	NA
"ECK120002886"	"glxR"	"+"	535810	536688	879	"LB 3.0"	2	0	0	0	0	0.080773606370876	NA	"NO"	NA	NA
"ECK120002888"	"ybbW"	"+"	536857	538311	1455	"LB 3.0"	5	0	0	0	0	0.10446735395189	NA	"NO"	NA	NA
"ECK120002889"	"allB"	"+"	538371	539732	1362	"LB 3.0"	11	0.947638711894893	1	65	0	0.491189427312775	-Inf	"SD"	NA	NA
"ECK120002890"	"ybbY"	"+"	539789	541090	1302	"LB 3.0"	4	0.360475890406604	1	98	0	0.289554531490015	-Inf	"SD"	NA	NA
"ECK120002893"	"allC"	"-"	543281	544516	1236	"LB 3.0"	39	3.70231487926103	0	0	0	0.84546925566343	-Inf	"SD"	NA	NA
"ECK120002896"	"ylbE_2"	"+"	547838	548839	1002	"LB 3.0"	5	0.585503504627492	0	0	0	0.320359281437126	-Inf	"SD"	NA	NA
"ECK120002897"	"ylbF"	"+"	548850	549665	816	"LB 3.0"	2	0	0	0	0	0.113970588235294	NA	"NO"	NA	NA
"ECK120002899"	"sfmC"	"+"	558197	558889	693	"LB 3.0"	0	0	3	215	0	0	NA	"NO"	NA	NA
"ECK120002900"	"sfmD"	"+"	558920	561523	2604	"LB 3.0"	13	0.585773321910731	2	97	0	0.260752688172043	-Inf	"SD"	NA	NA
"ECK120002901"	"sfmH"	"+"	561565	562542	978	"LB 3.0"	0	0	0	0	0	0	NA	"NO"	NA	NA
"ECK120002904"	"insE-3"	"+"	566056	566364	309	"LB 3.0"	0	0	0	0	0	0	NA	"NO"	NA	NA
"ECK120002905"	"insF-3"	"+"	566361	567227	867	"LB 3.0"	3	0	0	0	0	0.0426758938869665	NA	"NO"	NA	NA
"ECK120002906"	"renD"	"+"	567285	567470	186	"LB 3.0"	9	5.677495273904	0	0	0	0.806451612903226	-Inf	"SD"	NA	NA
"ECK120002908"	"ybcK"	"+"	568125	569651	1527	"LB 3.0"	7	0.537881019182349	0	0	0	0.264571054354944	-Inf	"SD"	NA	NA
"ECK120002909"	"ybcL"	"+"	570116	570667	552	"LB 3.0"	14	2.97588520395451	0	0	0	0.65036231884058	-Inf	"SD"	NA	NA
"ECK120002910"	"ybcM"	"+"	570677	571474	798	"LB 3.0"	37	5.44034008284703	5	86	0	0.901002506265664	-Inf	"SD"	NA	NA
"ECK120002911"	"ybcN"	"+"	571689	572144	456	"LB 3.0"	1	0	2	100	0	0.00657894736842105	NA	"NO"	NA	NA
"ECK120002912"	"ninE"	"+"	572144	572314	171	"LB 3.0"	0	0	1	100	0	0	NA	"NO"	NA	NA
"ECK120002913"	"ybcO"	"+"	572307	572597	291	"LB 3.0"	0	0	0	0	0	0	NA	"NO"	NA	NA
"ECK120002914"	"rusA"	"+"	572594	572956	363	"LB 3.0"	1	0	0	0	0	0.107438016528926	NA	"NO"	NA	NA
"ECK120002916"	"insH-2"	"-"	573960	574976	1017	"LB 3.0"	9	0	0	0	0	0.0363815142576204	NA	"NO"	NA	NA
"ECK120002918"	"rrrD"	"+"	576836	577333	498	"LB 3.0"	7	1.64928577568563	1	58	0	0.447791164658635	-Inf	"SD"	NA	NA
"ECK120002926"	"cusS"	"-"	592551	593993	1443	"LB 3.0"	10	0.813131686260218	3	62	0	0.433125433125433	-Inf	"SD"	NA	NA
"ECK120002929"	"cusF"	"+"	596354	596686	333	"LB 3.0"	0	0	1	100	0	0	NA	"NO"	NA	NA
"ECK120002930"	"cusB"	"+"	596702	597925	1224	"LB 3.0"	7	0.671032938146606	3	101	0	0.252450980392157	-Inf	"SD"	NA	NA
"ECK120002932"	"ybdF"	"-"	604741	605109	369	"LB 3.0"	34	10.8113460139021	3	122	0	0.959349593495935	-Inf	"SD"	1	7.14285714285714
"ECK120002933"	"ybdJ"	"-"	605174	605422	249	"LB 3.0"	51	24.0324498742764	0	0	0	0.93574297188755	-Inf	"SD"	NA	NA
"ECK120002934"	"ybdK"	"-"	605488	606606	1119	"LB 3.0"	27	2.83113705347492	1	102	0	0.821268990169794	-Inf	"SD"	NA	NA
"ECK120002938"	"ybdN"	"-"	634572	635792	1221	"LB 3.0"	7	0.672681667724362	3	100	0	0.280917280917281	-Inf	"SD"	NA	NA
"ECK120002939"	"ybdO"	"-"	635939	636841	903	"LB 3.0"	4	0.51975593500487	43	331	129.909365558912	0.263565891472868	4.04843042763441	"AD"	NA	NA
"ECK120002945"	"citT"	"-"	644340	645803	1464	"LB 3.0"	16	0	2	70	0	0.194672131147541	NA	"NO"	NA	NA
"ECK120002946"	"citG"	"-"	645854	646732	879	"LB 3.0"	0	0	2	92	0	0	NA	"NO"	NA	NA
"ECK120002947"	"citX"	"-"	646707	647258	552	"LB 3.0"	0	0	1	40	0	0	NA	"NO"	NA	NA
"ECK120002948"	"citF"	"-"	647262	648794	1533	"LB 3.0"	1	0	0	0	0	0.0593607305936073	NA	"NO"	NA	NA
"ECK120002949"	"citE"	"-"	648805	649713	909	"LB 3.0"	0	0	13	108	120.37037037037	0	Inf	"AD"	NA	NA
"ECK120002950"	"citD"	"-"	649710	650006	297	"LB 3.0"	0	0	0	0	0	0	NA	"NO"	NA	NA
"ECK120002955"	"ybeM_2"	"+"	657478	658041	564	"LB 3.0"	10	2.08040606963386	0	0	0	0.656028368794326	-Inf	"SD"	NA	NA
"ECK120002956"	"cobC"	"-"	668519	669130	612	"LB 3.0"	3	0	3	100	0	0.194444444444444	NA	"NO"	NA	NA
"ECK120002957"	"nadD"	"-"	669154	669795	642	"LB 3.0"	17	3.10699897128495	0	0	0	0.79595015576324	-Inf	"SD"	1	4
"ECK120002965"	"rihA"	"-"	682700	683635	936	"LB 3.0"	638	79.9782774410779	0	0	0	1	-Inf	"SD"	4	11.7647058823529
"ECK120002966"	"gltI"	"-"	686062	686970	909	"LB 3.0"	3319	428.420836990619	4	52	0	1	-Inf	"SD"	52	157.575757575758
"ECK120002967"	"insH-3"	"-"	687220	688236	1017	"LB 3.0"	0	0	0	0	0	0	NA	"NO"	NA	NA
"ECK120002968"	"ybeX"	"-"	690129	691007	879	"LB 3.0"	653	87.1668842090548	0	0	0	1	-Inf	"SD"	6	18.1818181818182
"ECK120002969"	"ybeY"	"-"	691097	691564	468	"LB 3.0"	214	53.6531390984034	0	0	0	1	-Inf	"SD"	2	11.1111111111111
"ECK120002970"	"ybeZ"	"-"	691561	692640	1080	"LB 3.0"	806	87.5666030331886	0	0	0	1	-Inf	"SD"	12	30.7692307692308
"ECK120002973"	"chiP"	"+"	707557	708963	1407	"LB 3.0"	13	0	1	53	0	0.243070362473348	NA	"NO"	NA	NA
"ECK120002976"	"ybfO"	"+"	733443	734876	1434	"LB 3.0"	4	0	1	47	0	0.124128312412831	NA	"NO"	NA	NA
"ECK120002977"	"ybfL"	"+"	736123	737184	1062	"LB 3.0"	0	0	0	0	0	0	NA	"NO"	NA	NA
"ECK120002980"	"ybgJ"	"+"	742816	743472	657	"LB 3.0"	113	20.1808888325578	0	0	0	1	-Inf	"SD"	2	8.33333333333333
"ECK120002981"	"ybgK"	"+"	743466	744398	933	"LB 3.0"	183	23.0142412925026	3	125	0	1	-Inf	"SD"	3	8.82352941176471
"ECK120002982"	"ybgL"	"+"	744388	745122	735	"LB 3.0"	118	18.8374401015337	2	146	0	0.989115646258503	-Inf	"SD"	0	0
"ECK120002985"	"ybgO"	"-"	747144	748205	1062	"LB 3.0"	3	0	6	363	0	0.151600753295669	NA	"NO"	NA	NA
"ECK120002986"	"ybgP"	"-"	748202	748930	729	"LB 3.0"	2	0	2	112	0	0.185185185185185	NA	"NO"	NA	NA
"ECK120002987"	"ybgQ"	"-"	748945	751392	2448	"LB 3.0"	2	0	2	72	0	0.0816993464052288	NA	"NO"	0	0
"ECK120002988"	"b0725"	"+"	757687	757947	261	"LB 3.0"	936	420.787235932563	0	0	0	1	-Inf	"SD"	NA	NA
"ECK120002989"	"valZ"	"+"	780291	780366	76	"LB 3.0"	12	18.526563525371	0	0	0	0.986842105263158	-Inf	"SD"	NA	NA
"ECK120002990"	"lysY"	"+"	780370	780445	76	"LB 3.0"	0	0	0	0	0	0	NA	"NO"	NA	NA
"ECK120002991"	"lysZ"	"+"	780592	780667	76	"LB 3.0"	16	24.7020847004946	0	0	0	1	-Inf	"SD"	NA	NA
"ECK120002992"	"lysQ"	"+"	780800	780875	76	"LB 3.0"	3	4.63164088134274	0	0	0	0.763157894736842	-Inf	"SD"	NA	NA
"ECK120003000"	"ybhI"	"+"	801110	802543	1434	"LB 3.0"	3	0	0	0	0	0.168758716875872	NA	"NO"	NA	NA
"ECK120003003"	"ybhL"	"+"	819107	819811	705	"LB 3.0"	235	39.1116341091165	4	103	0	1	-Inf	"SD"	NA	NA
"ECK120003006"	"clsB"	"-"	821721	822962	1242	"LB 3.0"	21	1.98392346930301	3	60	0	0.691626409017713	-Inf	"SD"	NA	NA
"ECK120003010"	"ybhS"	"-"	825342	826475	1134	"LB 3.0"	7	0.724289520539194	0	0	0	0.397707231040564	-Inf	"SD"	NA	NA
"ECK120003011"	"ybhF"	"-"	826468	828204	1737	"LB 3.0"	54	3.64771717079843	2	43	0	0.724237190558434	-Inf	"SD"	0	0
"ECK120003012"	"ybhG"	"-"	828197	829195	999	"LB 3.0"	53	6.22497479814767	0	0	0	0.912912912912913	-Inf	"SD"	2	5.55555555555556
"ECK120003013"	"ybiX"	"-"	837753	838430	678	"LB 3.0"	7	1.21142229541511	11	352	25.5681818181818	0.452802359882006	0.571295037972507	"AD"	0	0
"ECK120003014"	"fiu"	"-"	838472	840754	2283	"LB 3.0"	11	0.565345565309174	12	201	0	0.29347349978099	-Inf	"SD"	NA	NA
"ECK120003025"	"ybiV"	"-"	858436	859251	816	"LB 3.0"	16	2.30068435935979	0	0	0	0.877450980392157	-Inf	"SD"	2	6.66666666666667
"ECK120003026"	"ybiW"	"-"	859397	861829	2433	"LB 3.0"	17	0.819849296985179	14	408	22.0588235294118	0.415947390053432	1.13456626058185	"AD"	NA	NA
"ECK120003029"	"gsiA"	"+"	866776	868614	1839	"LB 3.0"	137	8.74109930334251	3	166	0	0.965742251223491	-Inf	"SD"	NA	NA
"ECK120003030"	"gsiB"	"+"	868634	870172	1539	"LB 3.0"	132	10.0638122853867	11	158	56.9620253164557	0.897335932423652	-2.48310810613648	"SD"	6	10.7142857142857
"ECK120003031"	"gsiC"	"+"	870190	871110	921	"LB 3.0"	33	4.20418216808092	1	59	0	0.857763300760043	-Inf	"SD"	1	2.94117647058824
"ECK120003032"	"gsiD"	"+"	871113	872024	912	"LB 3.0"	17	2.18716374952296	1	72	0	0.631578947368421	-Inf	"SD"	NA	NA
"ECK120003033"	"yliE"	"+"	872202	874550	2349	"LB 3.0"	16	0.799216022663938	1	74	0	0.320136228182205	-Inf	"SD"	0	0
"ECK120003042"	"ybjI"	"-"	884539	885354	816	"LB 3.0"	65	9.34653020989916	0	0	0	0.939950980392157	-Inf	"SD"	2	6.66666666666667
"ECK120003047"	"ybjN"	"+"	892180	892656	477	"LB 3.0"	73	17.9569137733679	0	0	0	1	-Inf	"SD"	0	0
"ECK120003048"	"ybjO"	"+"	897212	897700	489	"LB 3.0"	3	0.719846026548156	8	104	57.6923076923077	0.349693251533742	0.737274150403685	"AD"	NA	NA
"ECK120003054"	"ybjT"	"-"	906075	907505	1431	"LB 3.0"	42	3.44379168256372	3	101	0	0.757512229210342	-Inf	"SD"	NA	NA
"ECK120003055"	"ltaE"	"-"	907516	908517	1002	"LB 3.0"	73	8.54835116756139	1	44	0	0.997005988023952	-Inf	"SD"	14	38.8888888888889
"ECK120003056"	"hcr"	"-"	910405	911373	969	"LB 3.0"	7	0.847620553448345	7	101	59.4059405940594	0.504643962848297	0.501543929530084	"AD"	NA	NA
"ECK120003057"	"hcp"	"-"	911385	913037	1653	"LB 3.0"	4	0	0	0	0	0.188747731397459	NA	"NO"	NA	NA
"ECK120003058"	"ybjE"	"-"	913181	914080	900	"LB 3.0"	16	2.08595381915288	3	126	0	0.63	-Inf	"SD"	1	3.125
"ECK120003064"	"ftsK"	"+"	932447	936436	3990	"LB 3.0"	433	12.7333365182312	4	139	0	0.949624060150376	-Inf	"SD"	2	1.36054421768707
"ECK120003065"	"lolA"	"+"	936592	937206	615	"LB 3.0"	279	53.2299800802122	0	0	0	1	-Inf	"SD"	6	27.2727272727273
"ECK120003070"	"ycaL"	"+"	959487	960251	765	"LB 3.0"	5	0.766894786453264	3	88	0	0.261437908496732	-Inf	"SD"	NA	NA
"ECK120003071"	"ycaQ"	"+"	968612	969844	1233	"LB 3.0"	26	2.47421529644046	0	0	0	0.516626115166261	-Inf	"SD"	NA	NA
"ECK120003072"	"ycaR"	"+"	969896	970078	183	"LB 3.0"	77	49.3704233836388	2	64	0	1	-Inf	"SD"	1	14.2857142857143
"ECK120003074"	"ycbK"	"+"	982298	982846	549	"LB 3.0"	787	168.201399146856	2	41	0	1	-Inf	"SD"	NA	NA
"ECK120003076"	"ssuC"	"-"	993264	994055	792	"LB 3.0"	3	0	0	0	0	0.183080808080808	NA	"NO"	NA	NA
"ECK120003077"	"ssuD"	"-"	994066	995211	1146	"LB 3.0"	2	0	0	0	0	0.142233856893543	NA	"NO"	NA	NA
"ECK120003078"	"ssuA"	"-"	995208	996167	960	"LB 3.0"	2	0	1	49	0	0.0739583333333333	NA	"NO"	0	0
"ECK120003081"	"elfD"	"+"	997713	998414	702	"LB 3.0"	2	0	2	48	0	0.203703703703704	NA	"NO"	NA	NA
"ECK120003082"	"elfC"	"+"	998439	1001039	2601	"LB 3.0"	11	0.496226038293289	6	115	0	0.272587466359093	-Inf	"SD"	NA	NA
"ECK120003083"	"elfG"	"+"	1001030	1002100	1071	"LB 3.0"	13	1.42423317484178	1	72	0	0.581699346405229	-Inf	"SD"	NA	NA
"ECK120003084"	"ycbU"	"+"	1002112	1002654	543	"LB 3.0"	9	1.94477738664115	0	0	0	0.390423572744015	-Inf	"SD"	NA	NA
"ECK120003085"	"ycbV"	"+"	1002662	1003177	516	"LB 3.0"	8	1.81914577251705	1	76	0	0.284883720930233	-Inf	"SD"	NA	NA
"ECK120003089"	"uup"	"+"	1009187	1011094	1908	"LB 3.0"	77	4.73521356352511	0	0	0	0.895702306079665	-Inf	"SD"	8	11.1111111111111
"ECK120003090"	"pqiA"	"+"	1011224	1012477	1254	"LB 3.0"	43	4.02344561409572	2	37	0	0.88755980861244	-Inf	"SD"	NA	NA
"ECK120003091"	"pqiB"	"+"	1012482	1014122	1641	"LB 3.0"	110	7.86522806581867	0	0	0	0.973187081048141	-Inf	"SD"	0	0
"ECK120003092"	"ymbA"	"+"	1014134	1014682	549	"LB 3.0"	29	6.19801852002392	5	66	0	1	-Inf	"SD"	2	9.52380952380952
"ECK120003103"	"etp"	"-"	1043453	1043899	447	"LB 3.0"	6	1.57496513191073	1	100	0	0.675615212527964	-Inf	"SD"	0	0
"ECK120003104"	"gfcE"	"-"	1043887	1045026	1140	"LB 3.0"	16	1.64680564669964	1	63	0	0.407894736842105	-Inf	"SD"	NA	NA
"ECK120003105"	"gfcD"	"-"	1045072	1047168	2097	"LB 3.0"	6	0	6	117	0	0.199809251311397	NA	"NO"	NA	NA
"ECK120003106"	"gfcC"	"-"	1047168	1047914	747	"LB 3.0"	5	0.785374178897921	0	0	0	0.433734939759036	-Inf	"SD"	NA	NA
"ECK120003107"	"gfcB"	"-"	1047911	1048555	645	"LB 3.0"	4	0.727658309006818	1	100	0	0.347286821705426	-Inf	"SD"	NA	NA
"ECK120003112"	"ymcE"	"+"	1051070	1051300	231	"LB 3.0"	18	9.14297940213113	0	0	0	0.80952380952381	-Inf	"SD"	NA	NA
"ECK120003118"	"rutF"	"-"	1069083	1069577	495	"LB 3.0"	2	0.474080413443836	0	0	0	0.305050505050505	-Inf	"SD"	NA	NA
"ECK120003119"	"rutE"	"-"	1069588	1070178	591	"LB 3.0"	1	0	2	115	0	0.169204737732657	NA	"NO"	NA	NA
"ECK120003120"	"rutD"	"-"	1070188	1070988	801	"LB 3.0"	2	0	0	0	0	0.169787765293383	NA	"NO"	NA	NA
"ECK120003121"	"rutC"	"-"	1070996	1071382	387	"LB 3.0"	1	0	0	0	0	0.20671834625323	NA	"NO"	NA	NA
"ECK120003122"	"rutB"	"-"	1071394	1072086	693	"LB 3.0"	2	0	0	0	0	0.137085137085137	NA	"NO"	NA	NA
"ECK120003124"	"efeU_1"	"+"	1080579	1080689	111	"LB 3.0"	3	3.17121357641485	0	0	0	1	-Inf	"SD"	NA	NA
"ECK120003125"	"efeO"	"+"	1081466	1082593	1128	"LB 3.0"	5	0.520101517408464	0	0	0	0.298758865248227	-Inf	"SD"	4	9.75609756097561
"ECK120003127"	"pgaC"	"-"	1085744	1087069	1326	"LB 3.0"	12	1.06185431970452	0	0	0	0.313725490196078	-Inf	"SD"	NA	NA
"ECK120003128"	"pgaB"	"-"	1087062	1089080	2019	"LB 3.0"	5	0	2	103	0	0.105002476473502	NA	"NO"	NA	NA
"ECK120003136"	"ycdX"	"+"	1098102	1098839	738	"LB 3.0"	101	16.0580286382958	9	122	73.7704918032787	1	-3.15722597979764	"SD"	6	22.2222222222222
"ECK120003137"	"ycdY"	"+"	1098863	1099417	555	"LB 3.0"	151	31.9235500025762	0	0	0	1	-Inf	"SD"	6	28.5714285714286
"ECK120003140"	"csgF"	"-"	1100934	1101350	417	"LB 3.0"	2	0	3	313	0	0.175059952038369	NA	"NO"	NA	NA
"ECK120003141"	"csgE"	"-"	1101375	1101764	390	"LB 3.0"	8	2.40686979133024	1	100	0	0.733333333333333	-Inf	"SD"	NA	NA
"ECK120003144"	"csgC"	"+"	1104184	1104516	333	"LB 3.0"	3	1.05707119213828	3	197	0	0.522522522522523	-Inf	"SD"	NA	NA
"ECK120003145"	"ymdA"	"+"	1104637	1104948	312	"LB 3.0"	10	3.76073404895351	2	60	0	0.625	-Inf	"SD"	NA	NA
"ECK120003146"	"ymdB"	"+"	1105043	1105576	534	"LB 3.0"	13	2.85646765965457	1	75	0	0.561797752808989	-Inf	"SD"	1	5.26315789473684
"ECK120003149"	"b1052"	"-"	1113434	1113532	99	"LB 3.0"	29	34.3708299746781	0	0	0	0.484848484848485	-Inf	"SD"	NA	NA
"ECK120003150"	"yceJ"	"-"	1117703	1118269	567	"LB 3.0"	15	3.10409794516797	1	64	0	0.574955908289242	-Inf	"SD"	NA	NA
"ECK120003151"	"yceO"	"-"	1118530	1118670	141	"LB 3.0"	1	0	0	0	0	0.163120567375887	NA	"NO"	NA	NA
"ECK120003152"	"solA"	"-"	1118691	1119809	1119	"LB 3.0"	80	8.38855423251828	2	46	0	0.975871313672922	-Inf	"SD"	2	4.8780487804878
"ECK120003153"	"bssS"	"-"	1119924	1120178	255	"LB 3.0"	292	134.359966586612	0	0	0	1	-Inf	"SD"	NA	NA
"ECK120003154"	"dinI"	"-"	1120465	1120710	246	"LB 3.0"	9	4.29274032904937	3	65	0	0.873983739837398	-Inf	"SD"	0	0
"ECK120003156"	"yceM"	"+"	1126029	1126952	924	"LB 3.0"	131	16.6351430788775	0	0	0	0.989177489177489	-Inf	"SD"	2	5.88235294117647
"ECK120003160"	"ycfL"	"+"	1161470	1161847	378	"LB 3.0"	75	23.2807345887598	0	0	0	1	-Inf	"SD"	NA	NA
"ECK120003161"	"lpoB"	"+"	1161861	1162502	642	"LB 3.0"	78	14.2556423388368	2	73	0	1	-Inf	"SD"	5	21.7391304347826
"ECK120003162"	"thiK"	"+"	1162483	1163307	825	"LB 3.0"	22	3.12893072872932	3	96	0	0.655757575757576	-Inf	"SD"	NA	NA
"ECK120003163"	"nagZ"	"+"	1163318	1164343	1026	"LB 3.0"	554	63.356272796639	0	0	0	0.975633528265107	-Inf	"SD"	2	5.26315789473684
"ECK120003164"	"ycfP"	"+"	1164366	1164908	543	"LB 3.0"	576	124.465752745034	2	123	0	1	-Inf	"SD"	4	19.047619047619
"ECK120003170"	"lolD"	"+"	1175842	1176543	702	"LB 3.0"	52	8.69147424647033	0	0	0	0.991452991452991	-Inf	"SD"	2	8
"ECK120003171"	"lolE"	"+"	1176543	1177787	1245	"LB 3.0"	100	9.42449014677505	3	99	0	0.93574297188755	-Inf	"SD"	0	0
"ECK120003172"	"nagK"	"+"	1177816	1178727	912	"LB 3.0"	147	18.9125335988162	0	0	0	1	-Inf	"SD"	3	9.09090909090909
"ECK120003175"	"ymfA"	"-"	1180487	1180948	462	"LB 3.0"	1	0	1	67	0	0.0909090909090909	NA	"NO"	NA	NA
"ECK120003176"	"nudJ"	"-"	1193050	1193511	462	"LB 3.0"	19	4.82546135112476	1	48	0	0.963203463203463	-Inf	"SD"	2	11.7647058823529
"ECK120003180"	"xisE"	"-"	1200010	1200255	246	"LB 3.0"	9	4.29274032904937	0	0	0	0.788617886178862	-Inf	"SD"	0	0
"ECK120003186"	"ymfL"	"+"	1202479	1203048	570	"LB 3.0"	4	0.823402823349821	908	175	5171.42857142857	0.417543859649123	7.78017558647412	"AD"	NA	NA
"ECK120003187"	"ymfM"	"+"	1203045	1203383	339	"LB 3.0"	1	0.346120655832889	905	175	5171.42857142857	0.294985250737463	9.03049894055836	"AD"	NA	NA
"ECK120003188"	"ymfN"	"+"	1203393	1204760	1368	"LB 3.0"	11	0.943482401755003	1	93	0	0.348684210526316	-Inf	"SD"	NA	NA
"ECK120003189"	"ymfR"	"+"	1204772	1204954	183	"LB 3.0"	1	0	0	0	0	0.245901639344262	NA	"NO"	NA	NA
"ECK120003190"	"ymfO"	"+"	1204954	1205427	474	"LB 3.0"	0	0	0	0	0	0	NA	"NO"	NA	NA
"ECK120003191"	"ymfP"	"+"	1205483	1206145	663	"LB 3.0"	2	0	0	0	0	0.230769230769231	NA	"NO"	NA	NA
"ECK120003192"	"ymfQ"	"+"	1206136	1206720	585	"LB 3.0"	0	0	0	0	0	0	NA	"NO"	NA	NA
"ECK120003196"	"ycgX"	"-"	1211926	1212330	405	"LB 3.0"	3	0.869147424647033	0	0	0	0.353086419753086	-Inf	"SD"	0	0
"ECK120003197"	"bluR"	"-"	1212551	1213282	732	"LB 3.0"	188	30.1351934939094	0	0	0	1	-Inf	"SD"	2	7.14285714285714
"ECK120003200"	"ymgA"	"+"	1215291	1215563	273	"LB 3.0"	18	7.73636718641864	0	0	0	0.864468864468865	-Inf	"SD"	NA	NA
"ECK120003201"	"ariR"	"+"	1215592	1215858	267	"LB 3.0"	3	1.31836968907134	0	0	0	0.741573033707865	-Inf	"SD"	NA	NA
"ECK120003202"	"ymgC"	"+"	1215971	1216219	249	"LB 3.0"	4	1.88489802935501	0	0	0	0.530120481927711	-Inf	"SD"	NA	NA
"ECK120003203"	"ycgG"	"+"	1216551	1218074	1524	"LB 3.0"	8	0.615931245812858	14	125	96	0.27755905511811	1.96219318366593	"AD"	NA	NA
"ECK120003204"	"ycgH_1"	"+"	1220024	1220344	321	"LB 3.0"	12	4.38635148887288	0	0	0	0.7601246105919	-Inf	"SD"	NA	NA
"ECK120003207"	"ymgG"	"-"	1221867	1222142	276	"LB 3.0"	5	2.12563228853894	0	0	0	0.369565217391304	-Inf	"SD"	NA	NA
"ECK120003212"	"ycgM"	"+"	1227302	1227961	660	"LB 3.0"	108	19.2002567444754	2	74	0	1	-Inf	"SD"	3	12.5
"ECK120003221"	"dhaL"	"-"	1248348	1248980	633	"LB 3.0"	78	14.458329196735	0	0	0	0.909952606635071	-Inf	"SD"	7	30.4347826086957
"ECK120003225"	"ychQ"	"+"	1266147	1266539	393	"LB 3.0"	35	10.4496732352601	1	37	0	0.55470737913486	-Inf	"SD"	NA	NA
"ECK120003227"	"ychG_1"	"-"	1294191	1294421	231	"LB 3.0"	2	1.01588660023679	1	36	0	0.476190476190476	-Inf	"SD"	NA	NA
"ECK120003230"	"yciO"	"+"	1322122	1322742	621	"LB 3.0"	88	16.6271681236824	2	77	0	0.954911433172303	-Inf	"SD"	6	26.0869565217391
"ECK120003231"	"yciQ"	"+"	1322770	1324665	1896	"LB 3.0"	38	2.35164888630764	7	211	0	0.378164556962025	-Inf	"SD"	NA	NA
"ECK120003232"	"yciS"	"+"	1338267	1338575	309	"LB 3.0"	277	105.183715031313	0	0	0	1	-Inf	"SD"	3	27.2727272727273
"ECK120003233"	"yciT"	"-"	1341621	1342370	750	"LB 3.0"	73	11.420597159862	0	0	0	0.865333333333333	-Inf	"SD"	2	7.14285714285714
"ECK120003234"	"gmr"	"-"	1342781	1344766	1986	"LB 3.0"	62	3.66302313408644	10	130	0	0.749244712990937	-Inf	"SD"	NA	NA
"ECK120003235"	"yciW"	"-"	1347004	1348131	1128	"LB 3.0"	31	3.22462940793248	1	100	0	0.738475177304965	-Inf	"SD"	NA	NA
"ECK120003236"	"ycjD"	"-"	1349431	1349784	354	"LB 3.0"	47	15.5783627383769	0	0	0	0.940677966101695	-Inf	"SD"	NA	NA
"ECK120003237"	"ymjA"	"-"	1355447	1355692	246	"LB 3.0"	6	2.86182688603291	0	0	0	0.849593495934959	-Inf	"SD"	NA	NA
"ECK120003238"	"puuP"	"-"	1355826	1357211	1386	"LB 3.0"	44	3.72491753420157	2	60	0	0.812409812409812	-Inf	"SD"	NA	NA
"ECK120003242"	"ycjM"	"+"	1368240	1369919	1680	"LB 3.0"	2	0	1	69	0	0.0380952380952381	NA	"NO"	NA	NA
"ECK120003243"	"ycjN"	"+"	1369933	1371225	1293	"LB 3.0"	1	0	0	0	0	0.0641918020108275	NA	"NO"	NA	NA
"ECK120003244"	"ycjO"	"+"	1371246	1372127	882	"LB 3.0"	1	0	2	140	0	0.0668934240362812	NA	"NO"	NA	NA
"ECK120003245"	"ycjP"	"+"	1372114	1372956	843	"LB 3.0"	0	0	2	43	0	0	NA	"NO"	NA	NA
"ECK120003246"	"ycjQ"	"+"	1372987	1374039	1053	"LB 3.0"	2	0	0	0	0	0.142450142450142	NA	"NO"	NA	NA
"ECK120003247"	"ycjR"	"+"	1374058	1374846	789	"LB 3.0"	5	0	0	0	0	0.240811153358682	NA	"NO"	1	3.33333333333333
"ECK120003248"	"ycjS"	"+"	1374856	1375911	1056	"LB 3.0"	7	0.777788178306294	1	100	0	0.348484848484849	-Inf	"SD"	NA	NA
"ECK120003249"	"ycjT"	"+"	1375908	1378175	2268	"LB 3.0"	2	0	2	38	0	0.0630511463844797	NA	"NO"	NA	NA
"ECK120003250"	"ycjU"	"+"	1378172	1378831	660	"LB 3.0"	0	0	0	0	0	0	NA	"NO"	NA	NA
"ECK120003251"	"ycjV"	"+"	1378845	1379813	969	"LB 3.0"	4	0.484354601970483	0	0	0	0.289989680082559	-Inf	"SD"	NA	NA
"ECK120003264"	"abgB"	"-"	1399834	1401279	1446	"LB 3.0"	8	0	3	100	0	0.186030428769018	NA	"NO"	NA	NA
"ECK120003271"	"intR"	"-"	1410024	1411259	1236	"LB 3.0"	17	1.61382956275481	1	100	0	0.421521035598706	-Inf	"SD"	NA	NA
"ECK120003272"	"ydaQ"	"-"	1411261	1411476	216	"LB 3.0"	0	0	1	39	0	0	NA	"NO"	NA	NA
"ECK120003277"	"ydaT"	"+"	1418708	1419130	423	"LB 3.0"	4	1.10954990380472	1	68	0	0.569739952718676	-Inf	"SD"	NA	NA
"ECK120003278"	"ydaU"	"+"	1419143	1420000	858	"LB 3.0"	6	0.820523792498947	3	97	0	0.372960372960373	-Inf	"SD"	NA	NA
"ECK120003279"	"ydaV"	"+"	1420007	1420753	747	"LB 3.0"	9	1.41367352201626	0	0	0	0.477911646586345	-Inf	"SD"	NA	NA
"ECK120003280"	"ydaW"	"+"	1420776	1421336	561	"LB 3.0"	4	0.836612494312652	1	75	0	0.35650623885918	-Inf	"SD"	NA	NA
"ECK120003281"	"rzpR"	"+"	1421369	1421668	300	"LB 3.0"	0	0	5	208	0	0	NA	"NO"	NA	NA
"ECK120003282"	"b1364"	"+"	1423202	1423483	282	"LB 3.0"	2	0	2	64	0	0.0673758865248227	NA	"NO"	NA	NA
"ECK120003283"	"ynaK"	"+"	1423401	1423664	264	"LB 3.0"	1	0.444450387603596	0	0	0	0.306818181818182	-Inf	"SD"	NA	NA
"ECK120003284"	"ydaY"	"+"	1423645	1424004	360	"LB 3.0"	1	0.325930284242637	0	0	0	0.277777777777778	-Inf	"SD"	NA	NA
"ECK120003285"	""	"+"	1424079	1424312	234	"LB 3.0"	0	0	0	0	0	0	NA	"NO"	NA	NA
"ECK120003286"	"ynaA"	"+"	1424478	1425506	1029	"LB 3.0"	26	2.9647302823237	4	154	0	0.621963070942663	-Inf	"SD"	NA	NA
"ECK120003290"	"stfR"	"+"	1427073	1430435	3363	"LB 3.0"	11	0	1	39	0	0.196253345227475	NA	"NO"	NA	NA
"ECK120003293"	"ynaE"	"-"	1432015	1432248	234	"LB 3.0"	0	0	0	0	0	0	NA	"NO"	0	0
"ECK120003294"	"uspF"	"-"	1433209	1433643	435	"LB 3.0"	947	255.439431043678	32	996	32.1285140562249	1	-5.31876552928084	"SD"	6	37.5
"ECK120003295"	"ompN"	"-"	1433784	1434917	1134	"LB 3.0"	8	0.827759452044793	0	0	0	0.311287477954145	-Inf	"SD"	0	0
"ECK120003299"	"ynbE"	"+"	1443711	1443896	186	"LB 3.0"	14	8.83165931496178	0	0	0	1	-Inf	"SD"	NA	NA
"ECK120003304"	"paaB"	"+"	1452892	1453179	288	"LB 3.0"	3	1.22223856590989	0	0	0	0.479166666666667	-Inf	"SD"	NA	NA
"ECK120003305"	"paaC"	"+"	1453188	1453934	747	"LB 3.0"	14	2.19904770091418	0	0	0	0.594377510040161	-Inf	"SD"	NA	NA
"ECK120003306"	"paaD"	"+"	1453949	1454446	498	"LB 3.0"	5	1.17806126834688	1	95	0	0.347389558232932	-Inf	"SD"	NA	NA
"ECK120003307"	"paaE"	"+"	1454454	1455524	1071	"LB 3.0"	0	0	0	0	0	0	NA	"NO"	NA	NA
"ECK120003308"	"paaF"	"+"	1455521	1456288	768	"LB 3.0"	2	0	1	64	0	0.196614583333333	NA	"NO"	1	3.7037037037037
"ECK120003309"	"paaG"	"+"	1456288	1457076	789	"LB 3.0"	4	0	1	70	0	0.231939163498099	NA	"NO"	2	7.14285714285714
"ECK120003310"	"paaH"	"+"	1457078	1458505	1428	"LB 3.0"	6	0	0	0	0	0.147058823529412	NA	"NO"	2	3.84615384615385
"ECK120003311"	"paaI"	"+"	1458495	1458917	423	"LB 3.0"	0	0	0	0	0	0	NA	"NO"	NA	NA
"ECK120003312"	"paaJ"	"+"	1458917	1460122	1206	"LB 3.0"	282	27.4365194496787	0	0	0	0.797678275290216	-Inf	"SD"	0	0
"ECK120003313"	"paaK"	"+"	1460149	1461462	1314	"LB 3.0"	431	38.4865623311169	2	37	0	1	-Inf	"SD"	NA	NA
"ECK120003314"	"paaX"	"+"	1461563	1462513	951	"LB 3.0"	200	24.676109848023	0	0	0	1	-Inf	"SD"	4	11.4285714285714
"ECK120003320"	"ynbA"	"+"	1475645	1476250	606	"LB 3.0"	0	0	0	0	0	0	NA	"NO"	NA	NA
"ECK120003321"	"ynbB"	"+"	1476250	1477146	897	"LB 3.0"	0	0	0	0	0	0	NA	"NO"	NA	NA
"ECK120003322"	"ynbC"	"+"	1477162	1478919	1758	"LB 3.0"	9	0.600690626249229	0	0	0	0.272468714448237	-Inf	"SD"	NA	NA
"ECK120003339"	"ydcR"	"+"	1508027	1509433	1407	"LB 3.0"	65	5.42058894902467	10	112	0	0.767590618336887	-Inf	"SD"	NA	NA
"ECK120003340"	"ydcS"	"+"	1509678	1510823	1146	"LB 3.0"	229	23.4465031701248	0	0	0	1	-Inf	"SD"	2	4.76190476190476
"ECK120003341"	"ydcT"	"+"	1510841	1511854	1014	"LB 3.0"	97	11.2243446999535	0	0	0	0.980276134122288	-Inf	"SD"	NA	NA
"ECK120003342"	"ydcU"	"+"	1511855	1512796	942	"LB 3.0"	37	4.60869573897232	12	261	45.9770114942529	0.848195329087049	-0.941324119843557	"SD"	NA	NA
"ECK120003343"	"ydcV"	"+"	1512786	1513580	795	"LB 3.0"	31	4.57532323540608	0	0	0	0.784905660377359	-Inf	"SD"	NA	NA
"ECK120003355"	"yncH"	"+"	1524964	1525176	213	"LB 3.0"	0	0	0	0	0	0	NA	"NO"	NA	NA
"ECK120003356"	"yncI"	"+"	1528610	1529356	747	"LB 3.0"	4	0.628299343118337	1	100	0	0.384203480589023	-Inf	"SD"	NA	NA
"ECK120003357"	"yncM"	"+"	1529400	1529600	201	"LB 3.0"	0	0	0	0	0	0	NA	"NO"	NA	NA
"ECK120003360"	"yddJ"	"-"	1542408	1542743	336	"LB 3.0"	1	0.349211018831397	1	100	0	0.297619047619048	-Inf	"SD"	NA	NA
"ECK120003361"	"yddK"	"-"	1542782	1543738	957	"LB 3.0"	0	0	0	0	0	0	NA	"NO"	NA	NA
"ECK120003362"	"yddL"	"-"	1543762	1544052	291	"LB 3.0"	0	0	1	100	0	0	NA	"NO"	NA	NA
"ECK120003364"	"adhP"	"-"	1550852	1551862	1011	"LB 3.0"	52	6.03502959547198	0	0	0	0.830860534124629	-Inf	"SD"	NA	NA
"ECK120003367"	"ddpD"	"-"	1556055	1557041	987	"LB 3.0"	8	0.951042774689763	0	0	0	0.339412360688956	-Inf	"SD"	NA	NA
"ECK120003368"	"ddpC"	"-"	1557038	1557934	897	"LB 3.0"	7	0.915656985832158	0	0	0	0.568561872909699	-Inf	"SD"	NA	NA
"ECK120003369"	"ddpB"	"-"	1557931	1558953	1023	"LB 3.0"	22	2.52333123284622	0	0	0	0.740957966764418	-Inf	"SD"	NA	NA
"ECK120003370"	"ddpA"	"-"	1558955	1560505	1551	"LB 3.0"	49	3.70690536043851	3	61	0	0.725338491295938	-Inf	"SD"	2	3.44827586206897
"ECK120003371"	"ddpX"	"-"	1560519	1561100	582	"LB 3.0"	27	5.44337175745436	0	0	0	0.881443298969072	-Inf	"SD"	NA	NA
"ECK120003372"	"dosP"	"-"	1561358	1563757	2400	"LB 3.0"	23	1.1244594806371	0	0	0	0.428333333333333	-Inf	"SD"	NA	NA
"ECK120003373"	"dosC"	"-"	1563782	1565164	1383	"LB 3.0"	33	2.7997482117155	0	0	0	0.62762111352133	-Inf	"SD"	NA	NA
"ECK120003374"	"yddW"	"-"	1565528	1566847	1320	"LB 3.0"	80	7.11120620165754	4	63	0	0.921212121212121	-Inf	"SD"	NA	NA
"ECK120003375"	"gadC"	"-"	1566978	1568513	1536	"LB 3.0"	30	2.29169731108104	6	124	0	0.693359375	-Inf	"SD"	NA	NA
"ECK120003376"	"ydeM"	"-"	1577657	1578814	1158	"LB 3.0"	6	0.607952861799738	2	100	0	0.276338514680484	-Inf	"SD"	NA	NA
"ECK120003377"	"ydeN"	"-"	1578866	1580548	1683	"LB 3.0"	5	0	12	102	88.2352941176471	0.19845513963161	Inf	"AD"	6	9.52380952380952
"ECK120003378"	"ydeO"	"-"	1580950	1581711	762	"LB 3.0"	3	0.461948434359643	1	74	0	0.263779527559055	-Inf	"SD"	NA	NA
"ECK120003379"	"safA"	"-"	1581786	1581983	198	"LB 3.0"	0	0	0	0	0	0	NA	"NO"	NA	NA
"ECK120003380"	"ydeP"	"-"	1582231	1584510	2280	"LB 3.0"	44	2.26435776421201	3	78	0	0.71140350877193	-Inf	"SD"	NA	NA
"ECK120003381"	"ydeQ"	"-"	1584844	1585758	915	"LB 3.0"	1	0	2	42	0	0.103825136612022	NA	"NO"	NA	NA
"ECK120003382"	"ydeR"	"-"	1585817	1586320	504	"LB 3.0"	0	0	2	65	0	0	NA	"NO"	NA	NA
"ECK120003383"	"ydeS"	"-"	1586333	1586863	531	"LB 3.0"	0	0	1	95	0	0	NA	"NO"	NA	NA
"ECK120003384"	"ydeT"	"-"	1586877	1588025	1149	"LB 3.0"	7	0.714834043769753	1	97	0	0.278503046127067	-Inf	"SD"	NA	NA
"ECK120003385"	"yneL"	"-"	1588381	1588560	180	"LB 3.0"	1	0.651860568485275	0	0	0	0.272222222222222	-Inf	"SD"	NA	NA
"ECK120003386"	"ydeU"	"-"	1590689	1592089	1401	"LB 3.0"	65	5.44380346272499	1	82	0	0.86366880799429	-Inf	"SD"	NA	NA
"ECK120003387"	"lsrK"	"-"	1596641	1598233	1593	"LB 3.0"	1285	94.6486814128337	1	53	0	1	-Inf	"SD"	NA	NA
"ECK120003390"	"lsrC"	"+"	1601043	1602071	1029	"LB 3.0"	324	36.9451004412646	0	0	0	1	-Inf	"SD"	NA	NA
"ECK120003391"	"lsrD"	"+"	1602071	1603063	993	"LB 3.0"	236	27.8862406336903	2	73	0	1	-Inf	"SD"	NA	NA
"ECK120003392"	"lsrB"	"+"	1603075	1604097	1023	"LB 3.0"	455	52.1870777702287	0	0	0	1	-Inf	"SD"	10	27.027027027027
"ECK120003393"	"lsrF"	"+"	1604124	1604999	876	"LB 3.0"	503	67.373808071526	0	0	0	1	-Inf	"SD"	7	21.875
"ECK120003394"	"lsrG"	"+"	1605023	1605313	291	"LB 3.0"	248	99.9967552480504	0	0	0	1	-Inf	"SD"	NA	NA
"ECK120003397"	"yneF"	"-"	1608931	1609878	948	"LB 3.0"	17	2.10410689827525	9	123	73.1707317073171	0.413502109704641	-0.225211095458314	"SD"	NA	NA
"ECK120003398"	"yneG"	"-"	1609990	1610349	360	"LB 3.0"	3	0.977790852727912	7	176	34.0909090909091	0.380555555555556	0.295436591781126	"AD"	NA	NA
"ECK120003399"	"yneH"	"-"	1610349	1611275	927	"LB 3.0"	31	3.92382089767835	7	176	34.0909090909091	0.813376483279396	-1.70922478558874	"SD"	1	2.94117647058824
"ECK120003402"	"yneK"	"+"	1613787	1614902	1116	"LB 3.0"	5	0.525694006842963	0	0	0	0.309139784946237	-Inf	"SD"	NA	NA
"ECK120003403"	"ydfH"	"+"	1626376	1627062	687	"LB 3.0"	103	17.591695691	2	75	0	0.938864628820961	-Inf	"SD"	1	3.7037037037037
"ECK120003410"	"ydfN"	"-"	1632909	1633871	963	"LB 3.0"	0	0	1	59	0	0	NA	"NO"	NA	NA
"ECK120003413"	"ynfN"	"-"	1635978	1636133	156	"LB 3.0"	2	1.5042936195814	0	0	0	0.5	-Inf	"SD"	NA	NA
"ECK120003414"	"cspI"	"-"	1636479	1636691	213	"LB 3.0"	2	1.10173617208779	0	0	0	0.356807511737089	-Inf	"SD"	NA	NA
"ECK120003415"	"ydfP"	"-"	1637054	1637551	498	"LB 3.0"	1	0	0	0	0	0.106425702811245	NA	"NO"	NA	NA
"ECK120003416"	"rrrQ"	"-"	1637548	1638081	534	"LB 3.0"	2	0.439456563023781	1	98	0	0.282771535580524	-Inf	"SD"	NA	NA
"ECK120003417"	"ydfR"	"-"	1638078	1638389	312	"LB 3.0"	5	1.88036702447675	0	0	0	0.612179487179487	-Inf	"SD"	NA	NA
"ECK120003418"	"essQ"	"-"	1638394	1638609	216	"LB 3.0"	4	2.17286856161758	0	0	0	0.657407407407407	-Inf	"SD"	NA	NA
"ECK120003420"	"ydfU"	"-"	1641279	1642328	1050	"LB 3.0"	1	0	3	185	0	0.0933333333333333	NA	"NO"	NA	NA
"ECK120003425"	"insD"	"+"	1648905	1649561	657	"LB 3.0"	0	0	0	0	0	0	NA	"NO"	NA	NA
"ECK120003428"	"rspA"	"-"	1651951	1653165	1215	"LB 3.0"	3	0	2	46	0	0.140740740740741	NA	"NO"	NA	NA
"ECK120003434"	"ynfE"	"+"	1656093	1658519	2427	"LB 3.0"	12	0	7	100	0	0.222908941079522	NA	"NO"	0	0
"ECK120003435"	"ynfF"	"+"	1658580	1661003	2424	"LB 3.0"	27	1.3069481694878	3	45	0	0.475660066006601	-Inf	"SD"	0	0
"ECK120003436"	"ynfG"	"+"	1661014	1661631	618	"LB 3.0"	3	0.569586904501696	0	0	0	0.398058252427184	-Inf	"SD"	0	0
"ECK120003437"	"ynfH"	"+"	1661633	1662487	855	"LB 3.0"	58	7.95956062571493	1	100	0	0.8	-Inf	"SD"	NA	NA
"ECK120003438"	"dmsD"	"+"	1662530	1663144	615	"LB 3.0"	35	6.67759606741013	0	0	0	0.95609756097561	-Inf	"SD"	3	13.0434782608696
"ECK120003441"	"mlc"	"-"	1665368	1666588	1221	"LB 3.0"	342	32.8653043373903	20	177	79.0960451977401	0.982800982800983	-3.55306661238944	"SD"	NA	NA
"ECK120003450"	"ydgI"	"+"	1677581	1678963	1383	"LB 3.0"	14	1.18777196860657	2	103	0	0.383947939262473	-Inf	"SD"	NA	NA
"ECK120003456"	"uidR"	"-"	1694486	1695076	591	"LB 3.0"	136	27.000925070253	0	0	0	0.998307952622673	-Inf	"SD"	3	13.6363636363636
"ECK120003458"	"cnu"	"+"	1702973	1703188	216	"LB 3.0"	10	5.43217140404396	0	0	0	0.814814814814815	-Inf	"SD"	0	0
"ECK120003459"	"ydgK"	"+"	1703274	1703714	441	"LB 3.0"	48	12.7711458315482	0	0	0	0.934240362811791	-Inf	"SD"	0	0
"ECK120003460"	"rsxA"	"+"	1703791	1704372	582	"LB 3.0"	57	11.4915625990703	0	0	0	1	-Inf	"SD"	NA	NA
"ECK120003461"	"rsxB"	"+"	1704372	1704950	579	"LB 3.0"	36	7.29543434159686	0	0	0	1	-Inf	"SD"	NA	NA
"ECK120003462"	"rsxC"	"+"	1704943	1707165	2223	"LB 3.0"	44	2.32241821970462	5	49	0	0.631129104813315	-Inf	"SD"	0	0
"ECK120003463"	"rsxD"	"+"	1707166	1708224	1059	"LB 3.0"	9	0.997180473036964	1	44	0	0.512747875354108	-Inf	"SD"	NA	NA
"ECK120003464"	"rsxG"	"+"	1708228	1708848	621	"LB 3.0"	14	2.64523129240401	1	81	0	0.780998389694042	-Inf	"SD"	0	0
"ECK120003465"	"rsxE"	"+"	1708852	1709547	696	"LB 3.0"	18	3.03452333605214	3	122	0	0.785919540229885	-Inf	"SD"	NA	NA
"ECK120003466"	"tppB"	"+"	1710793	1712295	1503	"LB 3.0"	7	0.546469937652326	1	61	0	0.256154357950765	-Inf	"SD"	NA	NA
"ECK120003473"	"ydhJ"	"+"	1719288	1720145	858	"LB 3.0"	19	2.59832534291333	0	0	0	0.51981351981352	-Inf	"SD"	0	0
"ECK120003476"	"ydhF"	"-"	1722760	1723656	897	"LB 3.0"	113	14.7813199141477	0	0	0	0.993311036789298	-Inf	"SD"	5	14.7058823529412
"ECK120003479"	"nemA"	"+"	1724683	1725780	1098	"LB 3.0"	68	7.26664240278667	0	0	0	0.932604735883424	-Inf	"SD"	2	5
"ECK120003480"	"gloA"	"+"	1725861	1726268	408	"LB 3.0"	85	24.4447713181978	0	0	0	1	-Inf	"SD"	2	13.3333333333333
"ECK120003484"	"ydhR"	"+"	1744724	1745029	306	"LB 3.0"	123	47.1640293668758	1	100	0	1	-Inf	"SD"	1	9.09090909090909
"ECK120003487"	"ydhU"	"-"	1747587	1748372	786	"LB 3.0"	9	1.34352941596202	0	0	0	0.525445292620865	-Inf	"SD"	NA	NA
"ECK120003488"	"ydhX"	"-"	1748369	1749088	720	"LB 3.0"	5	0.814825710606593	2	100	0	0.358333333333333	-Inf	"SD"	NA	NA
"ECK120003489"	"ydhW"	"-"	1749101	1749748	648	"LB 3.0"	13	2.35394094175238	1	53	0	0.518518518518518	-Inf	"SD"	NA	NA
"ECK120003490"	"ydhV"	"-"	1749752	1751854	2103	"LB 3.0"	16	0.892704915471988	4	35	0	0.40941512125535	-Inf	"SD"	NA	NA
"ECK120003491"	"ydhY"	"-"	1751875	1752501	627	"LB 3.0"	12	2.24564406368133	0	0	0	0.470494417862839	-Inf	"SD"	NA	NA
"ECK120003494"	"sufE"	"-"	1756898	1757314	417	"LB 3.0"	36	10.1296318555985	0	0	0	0.942446043165468	-Inf	"SD"	1	6.25
"ECK120003495"	"sufS"	"-"	1757327	1758547	1221	"LB 3.0"	70	6.72681667724362	1	60	0	0.998361998361998	-Inf	"SD"	NA	NA
"ECK120003496"	"sufD"	"-"	1758544	1759815	1272	"LB 3.0"	64	5.90364288439494	0	0	0	0.944968553459119	-Inf	"SD"	0	0
"ECK120003497"	"sufC"	"-"	1759790	1760536	747	"LB 3.0"	50	7.85374178897921	0	0	0	0.985274431057564	-Inf	"SD"	1	3.57142857142857
"ECK120003498"	"sufB"	"-"	1760546	1762033	1488	"LB 3.0"	210	16.5593612155533	2	100	0	0.969086021505376	-Inf	"SD"	NA	NA
"ECK120003499"	"ydiH"	"-"	1762958	1763227	270	"LB 3.0"	18	7.8223268218233	0	0	0	1	-Inf	"SD"	NA	NA
"ECK120003500"	"menI"	"-"	1763246	1763656	411	"LB 3.0"	69	19.6985602447375	0	0	0	1	-Inf	"SD"	3	20
"ECK120003503"	"ydiL"	"+"	1768639	1768995	357	"LB 3.0"	26	8.54539904905066	1	100	0	0.829131652661064	-Inf	"SD"	NA	NA
"ECK120003504"	"ydiM"	"+"	1769095	1770309	1215	"LB 3.0"	54	5.2148845478822	3	100	0	0.350617283950617	-Inf	"SD"	NA	NA
"ECK120003505"	"ydiN"	"+"	1770536	1771801	1266	"LB 3.0"	7	0.648771181904776	2	75	0	0.274881516587678	-Inf	"SD"	NA	NA
"ECK120003509"	"ydiR"	"+"	1778425	1779363	939	"LB 3.0"	10	1.24957297473216	1	49	0	0.453674121405751	-Inf	"SD"	NA	NA
"ECK120003510"	"ydiS"	"+"	1779419	1780708	1290	"LB 3.0"	7	0	0	0	0	0.241860465116279	NA	"NO"	NA	NA
"ECK120003511"	"ydiT"	"+"	1780705	1780998	294	"LB 3.0"	1	0	0	0	0	0.187074829931973	NA	"NO"	NA	NA
"ECK120003513"	"ydiV"	"-"	1789331	1790044	714	"LB 3.0"	26	4.27269952452533	1	100	0	0.778711484593838	-Inf	"SD"	NA	NA
"ECK120003515"	"arpB_2"	"+"	1801602	1803017	1416	"LB 3.0"	0	0	3	46	0	0	NA	"NO"	NA	NA
"ECK120003517"	"ydiZ"	"+"	1805424	1805714	291	"LB 3.0"	94	37.9019959407933	2	180	0	1	-Inf	"SD"	NA	NA
"ECK120003521"	"ydjM"	"+"	1808235	1808825	591	"LB 3.0"	3	0	0	0	0	0.182741116751269	NA	"NO"	NA	NA
"ECK120003527"	"spy"	"-"	1823164	1823649	486	"LB 3.0"	110	26.5572824197704	3	111	0	1	-Inf	"SD"	3	16.6666666666667
"ECK120003528"	"astE"	"-"	1823979	1824947	969	"LB 3.0"	233	28.2136555647806	0	0	0	0.933952528379773	-Inf	"SD"	NA	NA
"ECK120003529"	"astB"	"-"	1824940	1826283	1344	"LB 3.0"	157	13.7065324891323	0	0	0	0.985863095238095	-Inf	"SD"	2	4.08163265306122
"ECK120003530"	"astD"	"-"	1826280	1827758	1479	"LB 3.0"	310	24.5935224621219	0	0	0	1	-Inf	"SD"	7	13.2075471698113
"ECK120003531"	"astA"	"-"	1827755	1828789	1035	"LB 3.0"	398	45.1200880447199	0	0	0	1	-Inf	"SD"	2	5.26315789473684
"ECK120003533"	"ydjX"	"+"	1831425	1832135	711	"LB 3.0"	3	0.495083976064766	10	205	29.2682926829268	0.258790436005626	1.27728924507087	"AD"	NA	NA
"ECK120003534"	"ydjY"	"+"	1832140	1832817	678	"LB 3.0"	2	0.346120655832889	0	0	0	0.294985250737463	-Inf	"SD"	1	4.16666666666667
"ECK120003535"	"ydjZ"	"+"	1832832	1833539	708	"LB 3.0"	7	0	0	0	0	0.233050847457627	NA	"NO"	1	3.84615384615385
"ECK120003536"	"ynjA"	"+"	1833539	1834087	549	"LB 3.0"	12	2.56469731863059	0	0	0	0.739526411657559	-Inf	"SD"	0	0
"ECK120003537"	"ynjB"	"+"	1834097	1835263	1167	"LB 3.0"	29	2.91577735003696	1	38	0	0.728363324764353	-Inf	"SD"	1	2.32558139534884
"ECK120003538"	"ynjC"	"+"	1835281	1836771	1491	"LB 3.0"	13	1.02304073122437	1	39	0	0.268276324614353	-Inf	"SD"	NA	NA
"ECK120003539"	"ynjD"	"+"	1836771	1837424	654	"LB 3.0"	7	1.25587815946704	2	108	0	0.512232415902141	-Inf	"SD"	NA	NA
"ECK120003545"	"ydjF"	"-"	1852120	1852878	759	"LB 3.0"	72	11.1305836199857	1	44	0	0.919631093544137	-Inf	"SD"	2	7.14285714285714
"ECK120003546"	"ydjG"	"-"	1853015	1853995	981	"LB 3.0"	12	1.43528932510519	0	0	0	0.504587155963303	-Inf	"SD"	1	2.77777777777778
"ECK120003547"	"ydjH"	"-"	1854005	1854952	948	"LB 3.0"	6	0.742625964097148	0	0	0	0.261603375527426	-Inf	"SD"	0	0
"ECK120003548"	"ydjI"	"-"	1854957	1855793	837	"LB 3.0"	3	0.420555205474371	0	0	0	0.271206690561529	-Inf	"SD"	NA	NA
"ECK120003549"	"ydjJ"	"-"	1855814	1856857	1044	"LB 3.0"	4	0.449559012748465	0	0	0	0.382183908045977	-Inf	"SD"	NA	NA
"ECK120003550"	"ydjK"	"-"	1856874	1858253	1380	"LB 3.0"	4	0	0	0	0	0.234782608695652	NA	"NO"	NA	NA
"ECK120003551"	"ydjL"	"-"	1858280	1859356	1077	"LB 3.0"	5	0.54473028007126	0	0	0	0.376973073351903	-Inf	"SD"	NA	NA
"ECK120003552"	"yeaC"	"-"	1859726	1859998	273	"LB 3.0"	1246	535.528528570979	0	0	0	1	-Inf	"SD"	NA	NA
"ECK120003557"	"yeaH"	"+"	1866979	1868262	1284	"LB 3.0"	97	8.8640853004306	11	122	65.5737704918033	0.911993769470405	-2.46989985961337	"SD"	NA	NA
"ECK120003558"	"yeaI"	"+"	1868409	1869884	1476	"LB 3.0"	2	0	5	75	0	0.106368563685637	NA	"NO"	NA	NA
"ECK120003569"	"yoaG"	"-"	1877427	1877609	183	"LB 3.0"	3	1.92352298897294	0	0	0	0.666666666666667	-Inf	"SD"	NA	NA
"ECK120003570"	"yeaR"	"-"	1877613	1877972	360	"LB 3.0"	1	0	0	0	0	0.0833333333333333	NA	"NO"	NA	NA
"ECK120003571"	"leuE"	"-"	1878145	1878783	639	"LB 3.0"	55	10.0992482441381	1	100	0	0.837245696400626	-Inf	"SD"	NA	NA
"ECK120003574"	"yeaV"	"+"	1881212	1882657	1446	"LB 3.0"	8	0.649155752848406	2	99	0	0.264868603042877	-Inf	"SD"	NA	NA
"ECK120003575"	"yeaW"	"+"	1882689	1883813	1125	"LB 3.0"	4	0	0	0	0	0.156444444444444	NA	"NO"	NA	NA
"ECK120003577"	"yeaY"	"-"	1887975	1888556	582	"LB 3.0"	195	39.3132404705037	2	97	0	1	-Inf	"SD"	2	9.52380952380952
"ECK120003578"	"tsaB"	"-"	1888596	1889291	696	"LB 3.0"	84	14.1611089015767	0	0	0	0.997126436781609	-Inf	"SD"	1	4
"ECK120003585"	"yobD"	"+"	1902825	1903283	459	"LB 3.0"	8	2.04505276387537	1	43	0	0.932461873638344	-Inf	"SD"	NA	NA
"ECK120003587"	"yobF"	"-"	1905472	1905615	144	"LB 3.0"	994	809.936756342954	1	57	0	1	-Inf	"SD"	NA	NA
"ECK120003588"	"yebO"	"-"	1906285	1906572	288	"LB 3.0"	53	21.5928813310747	0	0	0	1	-Inf	"SD"	0	0
"ECK120003594"	"yebT"	"+"	1915534	1918167	2634	"LB 3.0"	65	2.8955082199232	0	0	0	0.778663629460896	-Inf	"SD"	0	0
"ECK120003595"	"rsmF"	"+"	1918247	1919686	1440	"LB 3.0"	21	1.71113399227385	0	0	0	0.567361111111111	-Inf	"SD"	1	1.88679245283019
"ECK120003596"	"yebV"	"+"	1919804	1920040	237	"LB 3.0"	106	52.4789014628651	3	115	0	1	-Inf	"SD"	NA	NA
"ECK120003599"	"yebY"	"-"	1921389	1921730	342	"LB 3.0"	179	61.4121272415075	2813	744	3780.91397849462	1	3.19551407038779	"AD"	1	8.33333333333333
"ECK120003600"	"yebZ"	"-"	1921743	1922615	873	"LB 3.0"	115	15.4564877063519	0	0	0	0.964490263459336	-Inf	"SD"	NA	NA
"ECK120003602"	"yobB"	"+"	1923464	1924120	657	"LB 3.0"	52	9.28678070170802	1	71	0	0.951293759512938	-Inf	"SD"	NA	NA
"ECK120003606"	"yecN"	"+"	1950290	1950685	396	"LB 3.0"	49	14.5187126617175	1	41	0	1	-Inf	"SD"	NA	NA
"ECK120003607"	"cmoA"	"+"	1950726	1951469	744	"LB 3.0"	38	5.99291167800978	0	0	0	1	-Inf	"SD"	4	14.2857142857143
"ECK120003610"	"torY"	"-"	1955056	1956156	1101	"LB 3.0"	9	0	1	64	0	0.200726612170754	NA	"NO"	NA	NA
"ECK120003611"	"cutC"	"-"	1956544	1956984	441	"LB 3.0"	252	67.0485156156282	0	0	0	0.959183673469388	-Inf	"SD"	3	11.1111111111111
"ECK120003615"	"flhB"	"-"	1963067	1964215	1149	"LB 3.0"	5	0	0	0	0	0.162750217580505	NA	"NO"	0	0
"ECK120003616"	"insB-5"	"-"	1976542	1977045	504	"LB 3.0"	0	0	0	0	0	0	NA	"NO"	NA	NA
"ECK120003623"	"yecS"	"-"	1995835	1996503	669	"LB 3.0"	38	6.66476276298846	0	0	0	0.998505231689088	-Inf	"SD"	2	8
"ECK120003624"	"dcyD"	"-"	1996518	1997504	987	"LB 3.0"	60	7.13282081017322	2	74	0	0.914893617021277	-Inf	"SD"	4	11.4285714285714
"ECK120003625"	"fliY"	"-"	1997609	1998409	801	"LB 3.0"	248	36.3284092099659	1	49	0	1	-Inf	"SD"	44	151.724137931034
"ECK120003628"	"yedN_1"	"-"	2009573	2009893	321	"LB 3.0"	0	0	0	0	0	0	NA	"NO"	NA	NA
"ECK120003636"	"yodC"	"-"	2026212	2026394	183	"LB 3.0"	50	32.0587164828824	0	0	0	1	-Inf	"SD"	NA	NA
"ECK120003638"	"yedS_1"	"+"	2032075	2032560	486	"LB 3.0"	21	5.07002664377436	1	44	0	0.806584362139918	-Inf	"SD"	NA	NA
"ECK120003639"	"yedS_2"	"+"	2032570	2032779	210	"LB 3.0"	8	4.46990104104188	1	100	0	0.70952380952381	-Inf	"SD"	NA	NA
"ECK120003640"	"yedS_3"	"+"	2032863	2033267	405	"LB 3.0"	12	3.47658969858813	2	169	0	0.797530864197531	-Inf	"SD"	NA	NA
"ECK120003645"	"yedY"	"+"	2037502	2038506	1005	"LB 3.0"	48	5.60405503653012	0	0	0	0.769154228855721	-Inf	"SD"	1	2.7027027027027
"ECK120003646"	"yedZ"	"+"	2038507	2039142	636	"LB 3.0"	10	1.84488840137342	3	72	0	0.460691823899371	-Inf	"SD"	NA	NA
"ECK120003647"	"zinT"	"+"	2039399	2040049	651	"LB 3.0"	4	0.720951780813207	0	0	0	0.391705069124424	-Inf	"SD"	NA	NA
"ECK120003665"	"yeeP"	"+"	2068810	2069235	426	"LB 3.0"	2	0	21	224	80.3571428571429	0.178403755868545	Inf	"AD"	NA	NA
"ECK120003666"	"flu"	"+"	2069563	2072682	3120	"LB 3.0"	2803	105.413375392167	8	190	0	1	-Inf	"SD"	68	63.5514018691589
"ECK120003667"	"yeeR"	"+"	2072803	2074335	1533	"LB 3.0"	115	8.8020311595859	2	47	0	0.848010437051533	-Inf	"SD"	0	0
"ECK120003668"	"yeeS"	"+"	2074332	2074778	447	"LB 3.0"	39	10.2372733574198	1	100	0	0.642058165548098	-Inf	"SD"	NA	NA
"ECK120003669"	"yeeT"	"+"	2074841	2075062	222	"LB 3.0"	0	0	0	0	0	0	NA	"NO"	NA	NA
"ECK120003670"	"cbeA"	"+"	2075136	2075504	369	"LB 3.0"	0	0	9	318	0	0	NA	"NO"	NA	NA
"ECK120003671"	"cbtA"	"+"	2075593	2075967	375	"LB 3.0"	1	0.312893072872932	3	208	0	0.266666666666667	-Inf	"SD"	NA	NA
"ECK120003672"	"yeeW"	"+"	2075964	2076158	195	"LB 3.0"	13	7.8223268218233	0	0	0	0.805128205128205	-Inf	"SD"	NA	NA
"ECK120003674"	"yeeY"	"-"	2085353	2086282	930	"LB 3.0"	55	6.93916089032712	2	48	0	0.775268817204301	-Inf	"SD"	NA	NA
"ECK120003675"	"yeeZ"	"-"	2086328	2087152	825	"LB 3.0"	256	36.4093757524866	1	100	0	1	-Inf	"SD"	7	23.3333333333333
"ECK120003677"	"ugd"	"-"	2096471	2097637	1167	"LB 3.0"	12	1.20652855863598	4	105	0	0.49528706083976	-Inf	"SD"	NA	NA
"ECK120003678"	"insH-7"	"-"	2099919	2100935	1017	"LB 3.0"	1	0	0	0	0	0.0324483775811209	NA	"NO"	NA	NA
"ECK120003679"	"galF"	"-"	2111458	2112351	894	"LB 3.0"	384	50.3988842211434	6	138	0	1	-Inf	"SD"	17	51.5151515151515
"ECK120003680"	"wcaM"	"-"	2112526	2113920	1395	"LB 3.0"	11	0.925221452043616	1	52	0	0.357706093189964	-Inf	"SD"	NA	NA
"ECK120003681"	"wcaL"	"-"	2113931	2115151	1221	"LB 3.0"	6	0.576584286620882	0	0	0	0.316134316134316	-Inf	"SD"	NA	NA
"ECK120003682"	"wcaK"	"-"	2115148	2116428	1281	"LB 3.0"	3	0	0	0	0	0.174863387978142	NA	"NO"	NA	NA
"ECK120003683"	"wzxC"	"-"	2116704	2118182	1479	"LB 3.0"	2	0	2	100	0	0.106152805949966	NA	"NO"	NA	NA
"ECK120003684"	"wcaJ"	"-"	2118184	2119578	1395	"LB 3.0"	0	0	0	0	0	0	NA	"NO"	NA	NA
"ECK120003685"	"wcaF"	"-"	2126364	2126912	549	"LB 3.0"	1	0	0	0	0	0.132969034608379	NA	"NO"	NA	NA
"ECK120003686"	"wcaE"	"-"	2126928	2127674	747	"LB 3.0"	0	0	0	0	0	0	NA	"NO"	NA	NA
"ECK120003687"	"wcaD"	"-"	2127685	2128902	1218	"LB 3.0"	4	0	1	66	0	0.187192118226601	NA	"NO"	NA	NA
"ECK120003688"	"wcaC"	"-"	2128877	2130094	1218	"LB 3.0"	1	0	1	66	0	0.0517241379310345	NA	"NO"	NA	NA
"ECK120003689"	"wcaB"	"-"	2130091	2130579	489	"LB 3.0"	1	0	0	0	0	0.0511247443762781	NA	"NO"	NA	NA
"ECK120003690"	"wcaA"	"-"	2130582	2131421	840	"LB 3.0"	1	0	0	0	0	0.0869047619047619	NA	"NO"	NA	NA
"ECK120003691"	"wzc"	"-"	2131514	2133676	2163	"LB 3.0"	1	0	1	43	0	0.0462320850670365	NA	"NO"	NA	NA
"ECK120003692"	"wzb"	"-"	2133679	2134122	444	"LB 3.0"	0	0	0	0	0	0	NA	"NO"	NA	NA
"ECK120003698"	"yegL"	"-"	2150493	2151152	660	"LB 3.0"	5	0	0	0	0	0.213636363636364	NA	"NO"	NA	NA
"ECK120003700"	"mdtB"	"+"	2153287	2156409	3123	"LB 3.0"	13	0	9	237	25.3164556962025	0.213576689081012	Inf	"AD"	NA	NA
"ECK120003701"	"mdtC"	"+"	2156410	2159487	3078	"LB 3.0"	21	0.800530522701214	0	0	0	0.343729694606888	-Inf	"SD"	NA	NA
"ECK120003702"	"yegP"	"+"	2163213	2163545	333	"LB 3.0"	74	26.074422739411	1	93	0	1	-Inf	"SD"	2	16.6666666666667
"ECK120003703"	"yegQ"	"+"	2163692	2165053	1362	"LB 3.0"	139	11.9747073593991	4	56	0	0.991923641703377	-Inf	"SD"	6	11.7647058823529
"ECK120003705"	"yegZ"	"-"	2165626	2165844	219	"LB 3.0"	2	1.07155161942785	1	100	0	0.45662100456621	-Inf	"SD"	NA	NA
"ECK120003706"	""	"-"	2165759	2166025	267	"LB 3.0"	6	2.63673937814268	1	100	0	0.322097378277154	-Inf	"SD"	NA	NA
"ECK120003711"	"gatZ"	"-"	2173081	2174343	1263	"LB 3.0"	5257	488.384466773457	2	58	0	1	-Inf	"SD"	7	14.8936170212766
"ECK120003714"	"yegU"	"+"	2178117	2179121	1005	"LB 3.0"	11	1.28426261253815	0	0	0	0.674626865671642	-Inf	"SD"	1	2.77777777777778
"ECK120003717"	"yegX"	"-"	2180855	2181673	819	"LB 3.0"	10	1.43266059007753	1	97	0	0.36019536019536	-Inf	"SD"	NA	NA
"ECK120003718"	"thiD"	"-"	2181738	2182538	801	"LB 3.0"	32	4.68753667225366	4	50	0	0.948813982521848	-Inf	"SD"	1	3.44827586206897
"ECK120003722"	"yeiS"	"+"	2231622	2231861	240	"LB 3.0"	26	12.7112810854629	0	0	0	1	-Inf	"SD"	NA	NA
"ECK120003723"	"preT"	"+"	2232055	2233293	1239	"LB 3.0"	1075	101.803890235594	4	96	0	1	-Inf	"SD"	0	0
"ECK120003724"	"lpxT"	"+"	2266876	2267589	714	"LB 3.0"	5	0.82167298548564	1	100	0	0.376750700280112	-Inf	"SD"	0	0
"ECK120003725"	"mepS"	"+"	2268001	2268567	567	"LB 3.0"	630	130.372113697055	2	100	0	1	-Inf	"SD"	NA	NA
"ECK120003726"	"rtn"	"+"	2268748	2270304	1557	"LB 3.0"	21	1.582551669155	2	41	0	0.649967886962107	-Inf	"SD"	0	0
"ECK120003730"	"yfaQ"	"-"	2326170	2327819	1650	"LB 3.0"	6	0	0	0	0	0.247272727272727	NA	"NO"	NA	NA
"ECK120003731"	"yfaS_2"	"-"	2327820	2328305	486	"LB 3.0"	5	1.20714920089866	0	0	0	0.38477366255144	-Inf	"SD"	NA	NA
"ECK120003732"	"yfaS_1"	"-"	2328321	2332424	4104	"LB 3.0"	9	0	21	178	101.123595505618	0.14546783625731	Inf	"AD"	NA	NA
"ECK120003733"	"yfaT"	"-"	2332358	2332981	624	"LB 3.0"	1	0	3	61	0	0.0737179487179487	NA	"NO"	NA	NA
"ECK120003735"	"yfaV"	"-"	2356885	2358174	1290	"LB 3.0"	5	0	0	0	0	0.227906976744186	NA	"NO"	NA	NA
"ECK120003736"	"yfaW"	"-"	2358231	2359448	1218	"LB 3.0"	44	4.23869926305696	1	71	0	0.880131362889984	-Inf	"SD"	NA	NA
"ECK120003737"	"yfaX"	"-"	2359451	2360233	783	"LB 3.0"	11	1.64838304674437	2	36	0	0.574712643678161	-Inf	"SD"	NA	NA
"ECK120003738"	"yfaY"	"-"	2360453	2361655	1203	"LB 3.0"	74	7.21760828946289	0	0	0	0.910224438902743	-Inf	"SD"	2	4.54545454545455
"ECK120003743"	"arnC"	"+"	2365093	2366061	969	"LB 3.0"	34	4.1170141167491	2	45	0	0.72858617131063	-Inf	"SD"	NA	NA
"ECK120003744"	"arnA"	"+"	2366061	2368043	1983	"LB 3.0"	129	7.63298154323151	2	56	0	0.8119011598588	-Inf	"SD"	0	0
"ECK120003745"	"arnD"	"+"	2368040	2368930	891	"LB 3.0"	21	2.76546907842238	0	0	0	0.632996632996633	-Inf	"SD"	NA	NA
"ECK120003746"	"arnT"	"+"	2368930	2370582	1653	"LB 3.0"	25	1.77457505032289	3	62	0	0.459770114942529	-Inf	"SD"	NA	NA
"ECK120003749"	"elaB"	"-"	2378744	2379049	306	"LB 3.0"	245	93.9446113405249	0	0	0	1	-Inf	"SD"	2	18.1818181818182
"ECK120003762"	"yfbT"	"-"	2409461	2410111	651	"LB 3.0"	122	21.9890293148028	0	0	0	1	-Inf	"SD"	4	17.3913043478261
"ECK120003763"	"yfbU"	"-"	2410122	2410616	495	"LB 3.0"	188	44.5635588637206	4	130	0	1	-Inf	"SD"	14	70
"ECK120003767"	"yfcE"	"-"	2417256	2417810	555	"LB 3.0"	91	19.2386956969168	0	0	0	0.974774774774775	-Inf	"SD"	1	5
"ECK120003770"	"folX"	"+"	2419347	2419709	363	"LB 3.0"	496	160.325376182825	2	80	0	1	-Inf	"SD"	5	35.7142857142857
"ECK120003776"	"epmC"	"-"	2442225	2442773	549	"LB 3.0"	86	18.3803307835192	0	0	0	1	-Inf	"SD"	0	0
"ECK120003779"	"yfcP"	"-"	2448073	2448612	540	"LB 3.0"	3	0.651860568485275	1	64	0	0.361111111111111	-Inf	"SD"	NA	NA
"ECK120003780"	"yfcQ"	"-"	2448609	2449097	489	"LB 3.0"	1	0	2	47	0	0.102249488752556	NA	"NO"	NA	NA
"ECK120003781"	"yfcR"	"-"	2449094	2449606	513	"LB 3.0"	2	0.457446012972123	1	49	0	0.302144249512671	-Inf	"SD"	NA	NA
"ECK120003782"	"yfcS"	"-"	2449606	2450358	753	"LB 3.0"	0	0	0	0	0	0	NA	"NO"	NA	NA
"ECK120003783"	"yfcT"	"-"	2450378	2451274	897	"LB 3.0"	0	0	0	0	0	0	NA	"NO"	NA	NA
"ECK120003784"	"yfcU"	"-"	2451287	2453023	1737	"LB 3.0"	27	1.82385858539921	2	100	0	0.459988485895222	-Inf	"SD"	NA	NA
"ECK120003785"	"yfcV"	"-"	2453105	2453668	564	"LB 3.0"	0	0	1	70	0	0	NA	"NO"	NA	NA
"ECK120003786"	"sixA"	"-"	2454349	2454834	486	"LB 3.0"	349	84.2590142227263	1	45	0	1	-Inf	"SD"	NA	NA
"ECK120003787"	"fadJ"	"-"	2455037	2457181	2145	"LB 3.0"	869	47.5356783787723	2	53	0	1	-Inf	"SD"	14	18.1818181818182
"ECK120003788"	"fadI"	"-"	2457181	2458491	1311	"LB 3.0"	806	72.1372473499952	0	0	0	1	-Inf	"SD"	3	6.38297872340426
"ECK120003793"	"intS"	"+"	2464567	2465724	1158	"LB 3.0"	7	0	18	140	107.142857142857	0.227115716753022	Inf	"AD"	0	0
"ECK120003794"	"yfdG"	"+"	2465877	2466239	363	"LB 3.0"	11	3.55560310082877	3	69	0	0.884297520661157	-Inf	"SD"	NA	NA
"ECK120003795"	"yfdH"	"+"	2466236	2467156	921	"LB 3.0"	47	5.98777460302435	4	100	0	0.93485342019544	-Inf	"SD"	4	11.4285714285714
"ECK120003796"	"yfdI"	"+"	2467153	2468484	1332	"LB 3.0"	9	0	0	0	0	0.185435435435435	NA	"NO"	3	5.88235294117647
"ECK120003799"	"yfdL"	"-"	2469566	2470084	519	"LB 3.0"	0	0	2	42	0	0	NA	"NO"	NA	NA
"ECK120003800"	"yfdM"	"-"	2470134	2470409	276	"LB 3.0"	0	0	0	0	0	0	NA	"NO"	NA	NA
"ECK120003801"	"yfdN"	"-"	2470409	2470903	495	"LB 3.0"	0	0	0	0	0	0	NA	"NO"	NA	NA
"ECK120003804"	"yfdQ"	"+"	2472054	2472878	825	"LB 3.0"	3	0	1	48	0	0.153939393939394	NA	"NO"	NA	NA
"ECK120003805"	"yfdR"	"+"	2473006	2473542	537	"LB 3.0"	0	0	1	100	0	0	NA	"NO"	NA	NA
"ECK120003806"	"yfdS"	"+"	2473533	2473895	363	"LB 3.0"	0	0	0	0	0	0	NA	"NO"	NA	NA
"ECK120003807"	"yfdT"	"+"	2473895	2474200	306	"LB 3.0"	3	1.1503421796799	3	260	0	0.633986928104575	-Inf	"SD"	NA	NA
"ECK120003810"	"yfdV"	"-"	2487264	2488208	945	"LB 3.0"	2	0	1	61	0	0.15978835978836	NA	"NO"	NA	NA
"ECK120003811"	"oxc"	"-"	2488278	2489972	1695	"LB 3.0"	5	0	1	100	0	0.173451327433628	NA	"NO"	NA	NA
"ECK120003812"	"frc"	"-"	2490026	2491276	1251	"LB 3.0"	0	0	1	72	0	0	NA	"NO"	NA	NA
"ECK120003819"	"ypdB"	"+"	2498405	2499139	735	"LB 3.0"	56	8.93980208208377	9	159	0	0.850340136054422	-Inf	"SD"	0	0
"ECK120003822"	"ypdE"	"-"	2502532	2503569	1038	"LB 3.0"	1	0	0	0	0	0.0963391136801541	NA	"NO"	NA	NA
"ECK120003823"	"ypdF"	"-"	2503569	2504654	1086	"LB 3.0"	2	0	1	40	0	0.126151012891344	NA	"NO"	NA	NA
"ECK120003824"	"fryC"	"-"	2504669	2505916	1248	"LB 3.0"	2	0	2	127	0	0.0977564102564103	NA	"NO"	NA	NA
"ECK120003825"	"fryB"	"-"	2505938	2506264	327	"LB 3.0"	1	0	0	0	0	0.217125382262997	NA	"NO"	NA	NA
"ECK120003832"	"zipA"	"-"	2528269	2529255	987	"LB 3.0"	478	56.8248057877133	0	0	0	1	-Inf	"SD"	1	2.77777777777778
"ECK120003838"	"murP"	"+"	2544695	2546119	1425	"LB 3.0"	65	5.35211835177383	6	185	0	0.714385964912281	-Inf	"SD"	NA	NA
"ECK120003841"	"yfeY"	"-"	2548663	2549238	576	"LB 3.0"	52	10.5927342378857	0	0	0	1	-Inf	"SD"	6	28.5714285714286
"ECK120003842"	"yfeZ"	"-"	2549299	2549748	450	"LB 3.0"	39	10.1690248683703	0	0	0	1	-Inf	"SD"	NA	NA
"ECK120003844"	"eutK"	"-"	2553250	2553750	501	"LB 3.0"	61	14.2862855129108	2	116	0	1	-Inf	"SD"	0	0
"ECK120003845"	"eutL"	"-"	2553763	2554422	660	"LB 3.0"	30	5.33340465124316	2	60	0	0.901515151515151	-Inf	"SD"	2	8.69565217391304
"ECK120003847"	"yffL"	"+"	2558279	2558920	642	"LB 3.0"	73	13.3418191119883	4	53	0	0.858255451713396	-Inf	"SD"	NA	NA
"ECK120003848"	"yffM"	"+"	2559390	2559635	246	"LB 3.0"	1	0	0	0	0	0.0934959349593496	NA	"NO"	NA	NA
"ECK120003849"	"yffN"	"+"	2559632	2560015	384	"LB 3.0"	2	0	1	38	0	0.236979166666667	NA	"NO"	NA	NA
"ECK120003850"	"yffO"	"+"	2560133	2560549	417	"LB 3.0"	6	1.68827197593309	0	0	0	0.503597122302158	-Inf	"SD"	NA	NA
"ECK120003851"	"yffP"	"+"	2560546	2561139	594	"LB 3.0"	7	1.38273453921119	2	100	0	0.471380471380471	-Inf	"SD"	NA	NA
"ECK120003852"	"yffQ"	"+"	2561599	2561991	393	"LB 3.0"	13	3.88130720166805	0	0	0	0.964376590330789	-Inf	"SD"	NA	NA
"ECK120003853"	"yffR"	"+"	2562002	2562394	393	"LB 3.0"	61	18.2122876385962	1	35	0	1	-Inf	"SD"	1	6.66666666666667
"ECK120003856"	"eutH"	"-"	2564903	2566129	1227	"LB 3.0"	11	1.05190213985399	0	0	0	0.491442542787286	-Inf	"SD"	NA	NA
"ECK120003857"	"eutG"	"-"	2566346	2567533	1188	"LB 3.0"	6	0.592600516804795	1	58	0	0.27020202020202	-Inf	"SD"	NA	NA
"ECK120003858"	"eutJ"	"-"	2567523	2568359	837	"LB 3.0"	1	0	0	0	0	0.0525686977299881	NA	"NO"	NA	NA
"ECK120003859"	"eutE"	"-"	2568370	2569773	1404	"LB 3.0"	5	0	0	0	0	0.230769230769231	NA	"NO"	NA	NA
"ECK120003860"	"eutN"	"-"	2569785	2570072	288	"LB 3.0"	2	0.814825710606593	0	0	0	0.364583333333333	-Inf	"SD"	NA	NA
"ECK120003861"	"eutM"	"-"	2570179	2570472	294	"LB 3.0"	45	17.9594238256147	10	131	68.7022900763359	1	-3.31867225459955	"SD"	NA	NA
"ECK120003862"	"eutD"	"-"	2570511	2571527	1017	"LB 3.0"	28	3.2304594544403	1	36	0	0.507374631268437	-Inf	"SD"	NA	NA
"ECK120003863"	"eutT"	"-"	2571524	2572327	804	"LB 3.0"	20	2.91877866485944	0	0	0	0.818407960199005	-Inf	"SD"	NA	NA
"ECK120003864"	"eutQ"	"-"	2572324	2573025	702	"LB 3.0"	16	2.67429976814472	3	115	0	0.777777777777778	-Inf	"SD"	NA	NA
"ECK120003865"	"eutP"	"-"	2573000	2573479	480	"LB 3.0"	17	4.15561112409363	0	0	0	0.854166666666667	-Inf	"SD"	NA	NA
"ECK120003866"	"eutS"	"-"	2573492	2573827	336	"LB 3.0"	16	5.58737630130235	0	0	0	0.87797619047619	-Inf	"SD"	NA	NA
"ECK120003870"	"tmcA"	"-"	2591866	2593881	2016	"LB 3.0"	24	1.39684407532559	1	100	0	0.521329365079365	-Inf	"SD"	0	0
"ECK120003871"	"ypfJ"	"-"	2593896	2594759	864	"LB 3.0"	60	8.14825710606593	0	0	0	0.990740740740741	-Inf	"SD"	0	0
"ECK120003872"	"hyfC"	"+"	2601869	2602816	948	"LB 3.0"	0	0	1	78	0	0	NA	"NO"	NA	NA
"ECK120003873"	"hyfD"	"+"	2602833	2604272	1440	"LB 3.0"	1	0	0	0	0	0.0694444444444444	NA	"NO"	NA	NA
"ECK120003874"	"hyfE"	"+"	2604284	2604934	651	"LB 3.0"	0	0	0	0	0	0	NA	"NO"	NA	NA
"ECK120003875"	"hyfF"	"+"	2604939	2606519	1581	"LB 3.0"	8	0.593724995963818	6	110	0	0.275142314990512	-Inf	"SD"	NA	NA
"ECK120003876"	"hyfG"	"+"	2606509	2608176	1668	"LB 3.0"	14	0.9848253192943	1	100	0	0.423860911270983	-Inf	"SD"	NA	NA
"ECK120003877"	"hyfH"	"+"	2608186	2608731	546	"LB 3.0"	0	0	1	79	0	0	NA	"NO"	NA	NA
"ECK120003878"	"hyfI"	"+"	2608728	2609486	759	"LB 3.0"	3	0	2	72	0	0.176548089591568	NA	"NO"	NA	NA
"ECK120003879"	"hyfJ"	"+"	2609479	2609892	414	"LB 3.0"	4	1.13367055388743	0	0	0	0.403381642512077	-Inf	"SD"	NA	NA
"ECK120003880"	"hyfR"	"+"	2609922	2611934	2013	"LB 3.0"	8	0	10	239	25.1046025104602	0.20367610531545	Inf	"AD"	NA	NA
"ECK120003888"	"yfgH"	"+"	2627814	2628332	519	"LB 3.0"	4	0.904315239517144	1	100	0	0.404624277456647	-Inf	"SD"	NA	NA
"ECK120003892"	"bamB"	"-"	2635496	2636674	1179	"LB 3.0"	358	35.6284096973631	2	100	0	1	-Inf	"SD"	6	14.2857142857143
"ECK120003893"	"yfgM"	"-"	2636685	2637305	621	"LB 3.0"	306	57.8171982482591	0	0	0	1	-Inf	"SD"	10	45.4545454545455
"ECK120003894"	"pbpC"	"-"	2643035	2645347	2313	"LB 3.0"	20	1.0145689781872	1	51	0	0.299178555987895	-Inf	"SD"	NA	NA
"ECK120003896"	"iscU"	"-"	2657925	2658311	387	"LB 3.0"	2594	786.477355651536	0	0	0	1	-Inf	"SD"	5	35.7142857142857
"ECK120003897"	"iscS"	"-"	2658339	2659553	1215	"LB 3.0"	7750	748.432504557167	1	74	0	1	-Inf	"SD"	58	128.888888888889
"ECK120003898"	"iscR"	"-"	2659665	2660153	489	"LB 3.0"	2755	661.058601046723	0	0	0	1	-Inf	"SD"	8	47.0588235294118
"ECK120003900"	"yfhR"	"+"	2662385	2663266	882	"LB 3.0"	1	0	1	100	0	0.0770975056689342	NA	"NO"	NA	NA
"ECK120003904"	"hcaC"	"+"	2668930	2669250	321	"LB 3.0"	7	2.55870503517584	0	0	0	0.482866043613707	-Inf	"SD"	NA	NA
"ECK120003905"	"hcaB"	"+"	2669247	2670059	813	"LB 3.0"	12	1.73188047715645	0	0	0	0.66789667896679	-Inf	"SD"	NA	NA
"ECK120003906"	"hcaD"	"+"	2670069	2671271	1203	"LB 3.0"	41	3.99894513335106	3	105	0	0.802992518703242	-Inf	"SD"	NA	NA
"ECK120003909"	"yphC"	"-"	2672722	2673783	1062	"LB 3.0"	36	3.97745431618134	0	0	0	0.817325800376648	-Inf	"SD"	NA	NA
"ECK120003910"	"yphD"	"-"	2673849	2674847	999	"LB 3.0"	14	1.64433296554844	1	100	0	0.561561561561562	-Inf	"SD"	NA	NA
"ECK120003911"	"yphE"	"-"	2674872	2676383	1512	"LB 3.0"	22	1.70725386984239	3	100	0	0.494047619047619	-Inf	"SD"	NA	NA
"ECK120003912"	"yphF"	"-"	2676406	2677389	984	"LB 3.0"	16	1.90788459068861	0	0	0	0.644308943089431	-Inf	"SD"	2	5.71428571428571
"ECK120003915"	"glrK"	"-"	2687693	2689120	1428	"LB 3.0"	66	5.42304170420523	1	100	0	0.757002801120448	-Inf	"SD"	NA	NA
"ECK120003917"	"rseC"	"-"	2705344	2705823	480	"LB 3.0"	30	7.33343139545934	11	362	27.6243093922652	0.9375	-1.87448840966119	"SD"	0	0
"ECK120003918"	"rseB"	"-"	2705820	2706776	957	"LB 3.0"	446	54.682723550677	3	103	0	1	-Inf	"SD"	4	11.1111111111111
"ECK120003919"	"yfiP"	"+"	2717245	2717943	699	"LB 3.0"	13	2.18219417776186	6	281	21.3523131672598	0.374821173104435	-0.862745076593045	"SD"	0	0
"ECK120003920"	"pka"	"+"	2717975	2720635	2661	"LB 3.0"	1200	52.9131464835849	4	185	0	0.998872604284104	-Inf	"SD"	13	13.265306122449
"ECK120003928"	"yfjI"	"+"	2757007	2758416	1410	"LB 3.0"	5	0	0	0	0	0.143262411347518	NA	"NO"	NA	NA
"ECK120003931"	"yfjL"	"-"	2761559	2763175	1617	"LB 3.0"	65	4.71661635824225	8	100	0	0.647495361781076	-Inf	"SD"	NA	NA
"ECK120003934"	"rnlB"	"+"	2765006	2765377	372	"LB 3.0"	147	46.3662114035494	82	509	161.100196463654	1	-1.4993780336588	"SD"	NA	NA
"ECK120003935"	"yfjP"	"+"	2765732	2766595	864	"LB 3.0"	6	0.814825710606593	3	50	0	0.475694444444444	-Inf	"SD"	NA	NA
"ECK120003936"	"yfjQ"	"+"	2766687	2767508	822	"LB 3.0"	0	0	0	0	0	0	NA	"NO"	NA	NA
"ECK120003937"	"yfjR"	"+"	2767725	2768426	702	"LB 3.0"	0	0	2	100	0	0	NA	"NO"	NA	NA
"ECK120003938"	"ypjK"	"+"	2768467	2768703	237	"LB 3.0"	1	0.495083976064766	0	0	0	0.421940928270042	-Inf	"SD"	NA	NA
"ECK120003939"	"yfjS"	"+"	2768703	2769146	444	"LB 3.0"	2	0	0	0	0	0.128378378378378	NA	"NO"	NA	NA
"ECK120003942"	"ypjM_3"	"-"	2770189	2770707	519	"LB 3.0"	5	1.13039404939643	1	74	0	0.564547206165703	-Inf	"SD"	NA	NA
"ECK120003943"	"ypjM_2"	"-"	2770858	2771058	201	"LB 3.0"	2	1.16751146594378	0	0	0	0.378109452736318	-Inf	"SD"	NA	NA
"ECK120003946"	"yfjX"	"+"	2773941	2774399	459	"LB 3.0"	0	0	0	0	0	0	NA	"NO"	NA	NA
"ECK120003947"	"yfjY"	"+"	2774408	2774890	483	"LB 3.0"	1	0	2	81	0	0.20703933747412	NA	"NO"	NA	NA
"ECK120003948"	"yfjZ"	"+"	2775137	2775454	318	"LB 3.0"	0	0	0	0	0	0	NA	"NO"	NA	NA
"ECK120003951"	"pinH"	"-"	2781087	2781230	144	"LB 3.0"	1	0.814825710606593	0	0	0	0.340277777777778	-Inf	"SD"	NA	NA
"ECK120003952"	"ypjB"	"-"	2781660	2782451	792	"LB 3.0"	5	0.740750646005994	2	115	0	0.30050505050505	-Inf	"SD"	NA	NA
"ECK120003958"	"ygaQ_2"	"+"	2784770	2785456	687	"LB 3.0"	1	0	0	0	0	0.0582241630276565	NA	"NO"	NA	NA
"ECK120003959"	"ygaQ_3"	"+"	2785664	2786260	597	"LB 3.0"	1	0	1	79	0	0.16750418760469	NA	"NO"	NA	NA
"ECK120003960"	"ygaQ_4"	"+"	2786399	2786671	273	"LB 3.0"	4	1.71919270809303	0	0	0	0.717948717948718	-Inf	"SD"	NA	NA
"ECK120003961"	"csiD"	"+"	2787007	2787984	978	"LB 3.0"	719	86.2615488480207	1	100	0	1	-Inf	"SD"	4	10.8108108108108
"ECK120003968"	"nrdH"	"+"	2798745	2798990	246	"LB 3.0"	16	7.63153836275444	0	0	0	0.943089430894309	-Inf	"SD"	NA	NA
"ECK120003969"	"nrdI"	"+"	2798987	2799397	411	"LB 3.0"	42	11.9904279750576	0	0	0	0.912408759124088	-Inf	"SD"	NA	NA
"ECK120003970"	"ygaX"	"+"	2806338	2806604	267	"LB 3.0"	2	0	0	0	0	0.0449438202247191	NA	"NO"	NA	NA
"ECK120003971"	"ygaY"	"+"	2806634	2807515	882	"LB 3.0"	1	0	10	126	55.5555555555556	0.0476190476190476	Inf	"AD"	NA	NA
"ECK120003972"	"ygaZ"	"+"	2807639	2808376	738	"LB 3.0"	52	8.26749989298397	2	82	0	0.937669376693767	-Inf	"SD"	NA	NA
"ECK120003973"	"ygaH"	"+"	2808366	2808701	336	"LB 3.0"	7	2.44447713181978	3	132	0	0.541666666666667	-Inf	"SD"	NA	NA
"ECK120003974"	"yqaA"	"-"	2814534	2814962	429	"LB 3.0"	33	9.02576171748842	0	0	0	1	-Inf	"SD"	NA	NA
"ECK120003975"	"yqaB"	"-"	2814959	2815525	567	"LB 3.0"	42	8.69147424647033	0	0	0	0.873015873015873	-Inf	"SD"	0	0
"ECK120003976"	"pncC"	"-"	2821871	2822368	498	"LB 3.0"	36	8.48204113209755	0	0	0	0.957831325301205	-Inf	"SD"	12	66.6666666666667
"ECK120003983"	"ygbK"	"+"	2860357	2861523	1167	"LB 3.0"	13	1.30707260518898	3	162	0	0.482433590402742	-Inf	"SD"	NA	NA
"ECK120003984"	"ygbL"	"+"	2861615	2862253	639	"LB 3.0"	11	2.01984964882761	0	0	0	0.748043818466354	-Inf	"SD"	NA	NA
"ECK120003985"	"ygbM"	"+"	2862258	2863034	777	"LB 3.0"	16	2.4161627248875	5	94	0	0.665379665379665	-Inf	"SD"	NA	NA
"ECK120003987"	"truD"	"-"	2868277	2869326	1050	"LB 3.0"	198	22.1260101531573	0	0	0	0.935238095238095	-Inf	"SD"	2	5.12820512820513
"ECK120003988"	"ispD"	"-"	2869802	2870512	711	"LB 3.0"	60	9.90167952129531	0	0	0	0.870604781997187	-Inf	"SD"	0	0
"ECK120003989"	"ftsB"	"-"	2870531	2870842	312	"LB 3.0"	44	16.5472298153954	0	0	0	1	-Inf	"SD"	NA	NA
"ECK120003990"	"cas1"	"-"	2876877	2877794	918	"LB 3.0"	17	2.17286856161758	0	0	0	0.689542483660131	-Inf	"SD"	NA	NA
"ECK120003991"	"casE"	"-"	2877810	2878409	600	"LB 3.0"	7	1.36890719381908	4	100	0	0.261666666666667	-Inf	"SD"	NA	NA
"ECK120003992"	"casD"	"-"	2878396	2879070	675	"LB 3.0"	19	3.30276021365873	3	100	0	0.814814814814815	-Inf	"SD"	NA	NA
"ECK120003993"	"casC"	"-"	2879073	2880164	1092	"LB 3.0"	9	0	1	64	0	0.248168498168498	NA	"NO"	NA	NA
"ECK120003994"	"casB"	"-"	2880177	2880659	483	"LB 3.0"	3	0.728788213213351	0	0	0	0.457556935817805	-Inf	"SD"	NA	NA
"ECK120003995"	"casA"	"-"	2880652	2882160	1509	"LB 3.0"	8	0.62205382280901	0	0	0	0.275679257786614	-Inf	"SD"	NA	NA
"ECK120003997"	"ygcN"	"+"	2890679	2891950	1272	"LB 3.0"	156	14.3901295307127	1	41	0	0.864779874213837	-Inf	"SD"	NA	NA
"ECK120003998"	"ygcO"	"+"	2891941	2892201	261	"LB 3.0"	11	4.94514914023312	0	0	0	0.639846743295019	-Inf	"SD"	NA	NA
"ECK120004001"	"ygcR"	"-"	2893798	2894577	780	"LB 3.0"	1	0	0	0	0	0.125641025641026	NA	"NO"	NA	NA
"ECK120004002"	"ygcS"	"-"	2894555	2895892	1338	"LB 3.0"	0	0	0	0	0	0	NA	"NO"	NA	NA
"ECK120004003"	"ygcU"	"-"	2895986	2897440	1455	"LB 3.0"	7	0.564497811884155	2	54	0	0.265979381443299	-Inf	"SD"	NA	NA
"ECK120004009"	"gudX"	"-"	2917428	2918768	1341	"LB 3.0"	11	0.962478691723224	1	44	0	0.459358687546607	-Inf	"SD"	1	2.04081632653061
"ECK120004010"	"gudP"	"-"	2918770	2920122	1353	"LB 3.0"	7	0.607054187946376	1	50	0	0.342941611234294	-Inf	"SD"	NA	NA
"ECK120004011"	"yqcA"	"-"	2920557	2921006	450	"LB 3.0"	325	84.7418739030857	0	0	0	1	-Inf	"SD"	3	18.75
"ECK120004012"	"truC"	"-"	2921024	2921806	783	"LB 3.0"	167	25.0254517096646	0	0	0	0.780332056194125	-Inf	"SD"	0	0
"ECK120004013"	"yqcC"	"-"	2921806	2922135	330	"LB 3.0"	15	5.33340465124316	0	0	0	0.948484848484848	-Inf	"SD"	0	0
"ECK120004022"	"rppH"	"-"	2966469	2966999	531	"LB 3.0"	124	27.4002408448048	1	77	0	1	-Inf	"SD"	2	9.52380952380952
"ECK120004023"	"ygdQ"	"+"	2968442	2969155	714	"LB 3.0"	44	7.23072227227364	4	104	0	0.88515406162465	-Inf	"SD"	0	0
"ECK120004024"	"ygdR"	"+"	2969293	2969511	219	"LB 3.0"	395	211.631444837	0	0	0	1	-Inf	"SD"	3	37.5
"ECK120004026"	"kduI"	"-"	2981310	2982146	837	"LB 3.0"	7	0.981295479440198	5	39	0	0.422939068100358	-Inf	"SD"	3	9.67741935483871
"ECK120004029"	"yqeH"	"+"	2985558	2986190	633	"LB 3.0"	2	0	0	0	0	0.023696682464455	NA	"NO"	NA	NA
"ECK120004030"	"yqeI"	"+"	2986524	2987333	810	"LB 3.0"	6	0	2	44	0	0.109876543209877	NA	"NO"	NA	NA
"ECK120004034"	"ygeG"	"+"	2989290	2989781	492	"LB 3.0"	3	0	0	0	0	0.154471544715447	NA	"NO"	NA	NA
"ECK120004035"	"ygeH"	"+"	2990116	2991492	1377	"LB 3.0"	0	0	3	71	0	0	NA	"NO"	NA	NA
"ECK120004036"	"ygeI"	"+"	2991660	2991878	219	"LB 3.0"	1	0	0	0	0	0.219178082191781	NA	"NO"	NA	NA
"ECK120004039"	"ygeL"	"-"	2992959	2993114	156	"LB 3.0"	0	0	0	0	0	0	NA	"NO"	NA	NA
"ECK120004040"	"ygeM"	"-"	2993336	2993767	432	"LB 3.0"	2	0	0	0	0	0.222222222222222	NA	"NO"	NA	NA
"ECK120004041"	"ygeN"	"-"	2993770	2994042	273	"LB 3.0"	1	0.429798177023258	0	0	0	0.366300366300366	-Inf	"SD"	NA	NA
"ECK120004042"	"ygeO"	"-"	2993984	2994409	426	"LB 3.0"	1	0	0	0	0	0.234741784037559	NA	"NO"	NA	NA
"ECK120004043"	"insD-4"	"-"	2994394	2995299	906	"LB 3.0"	1	0	0	0	0	0.00441501103752759	NA	"NO"	NA	NA
"ECK120004044"	"insC-4"	"-"	2995257	2995667	411	"LB 3.0"	1	0	0	0	0	0.0559610705596107	NA	"NO"	NA	NA
"ECK120004045"	"ygeP"	"-"	2995711	2996010	300	"LB 3.0"	6	2.34669804654699	0	0	0	0.666666666666667	-Inf	"SD"	NA	NA
"ECK120004046"	"ygeQ"	"-"	2996056	2996850	795	"LB 3.0"	10	1.47591072109874	3	97	0	0.535849056603774	-Inf	"SD"	NA	NA
"ECK120004049"	"xdhB"	"+"	3000636	3001514	879	"LB 3.0"	10	1.33486805833162	0	0	0	0.514220705346985	-Inf	"SD"	0	0
"ECK120004053"	"ygeX"	"+"	3005532	3006728	1197	"LB 3.0"	4	0	4	84	0	0.234753550543024	NA	"NO"	NA	NA
"ECK120004054"	"ygeY"	"+"	3006786	3007997	1212	"LB 3.0"	9	0.871298779658535	0	0	0	0.344884488448845	-Inf	"SD"	0	0
"ECK120004055"	"hyuA"	"+"	3008050	3009435	1386	"LB 3.0"	1	0	4	103	0	0.0685425685425685	NA	"NO"	NA	NA
"ECK120004060"	"ygfK"	"+"	3014082	3017180	3099	"LB 3.0"	15	0	10	221	0	0.213617295901904	NA	"NO"	0	0
"ECK120004061"	"ssnA"	"+"	3017183	3018511	1329	"LB 3.0"	2	0	0	0	0	0.0744920993227991	NA	"NO"	NA	NA
"ECK120004062"	"ygfM"	"+"	3018562	3019341	780	"LB 3.0"	11	1.65472298153954	0	0	0	0.744871794871795	-Inf	"SD"	NA	NA
"ECK120004063"	"xdhD"	"+"	3019338	3022208	2871	"LB 3.0"	23	0.939987026655882	3	46	0	0.43120863810519	-Inf	"SD"	NA	NA
"ECK120004064"	"xanQ"	"+"	3022373	3023773	1401	"LB 3.0"	4	0	4	92	0	0.222698072805139	NA	"NO"	NA	NA
"ECK120004065"	"guaD"	"+"	3023788	3025107	1320	"LB 3.0"	23	2.04447178297654	3	213	0	0.525	-Inf	"SD"	0	0
"ECK120004078"	"scpB"	"+"	3062015	3062800	786	"LB 3.0"	2	0	0	0	0	0.198473282442748	NA	"NO"	NA	NA
"ECK120004081"	"yggP"	"-"	3074201	3075478	1278	"LB 3.0"	6	0.550868086043894	1	100	0	0.343505477308294	-Inf	"SD"	NA	NA
"ECK120004085"	"yqgE"	"+"	3090959	3091522	564	"LB 3.0"	178	37.0312280394826	7	195	35.8974358974359	1	-4.72524366105855	"SD"	7	33.3333333333333
"ECK120004089"	"yggT"	"+"	3093842	3094408	567	"LB 3.0"	52	10.7608728765823	2	100	0	1	-Inf	"SD"	2	9.52380952380952
"ECK120004090"	"yggU"	"+"	3094405	3094695	291	"LB 3.0"	10	4.03212722774397	0	0	0	0.762886597938144	-Inf	"SD"	1	10
"ECK120004091"	"rdgB"	"+"	3094703	3095296	594	"LB 3.0"	37	7.30873970725914	0	0	0	1	-Inf	"SD"	2	9.52380952380952
"ECK120004093"	"yggX"	"+"	3102115	3102390	276	"LB 3.0"	180	76.5227623874018	1	100	0	1	-Inf	"SD"	4	36.3636363636364
"ECK120004094"	"mltC"	"+"	3102455	3103534	1080	"LB 3.0"	44	4.78031083555868	3	100	0	0.915740740740741	-Inf	"SD"	NA	NA
"ECK120004097"	"yghE"	"-"	3109150	3110010	861	"LB 3.0"	3	0	32	269	115.241635687732	0.205574912891986	Inf	"AD"	NA	NA
"ECK120004098"	"yghF"	"-"	3110076	3110942	867	"LB 3.0"	0	0	1	55	0	0	NA	"NO"	NA	NA
"ECK120004099"	"yghG"	"-"	3111089	3111499	411	"LB 3.0"	4	1.14194552143406	0	0	0	0.29683698296837	-Inf	"SD"	NA	NA
"ECK120004100"	"pppA"	"-"	3111565	3112374	810	"LB 3.0"	7	1.01400532875487	1	100	0	0.530864197530864	-Inf	"SD"	NA	NA
"ECK120004101"	"yghJ"	"-"	3112572	3117134	4563	"LB 3.0"	65	1.67143735509045	2	50	0	0.581415735261889	-Inf	"SD"	6	3.59281437125748
"ECK120004102"	"glcA"	"-"	3117619	3119301	1683	"LB 3.0"	180	12.5491874146898	2	206	0	0.922162804515746	-Inf	"SD"	1	1.69491525423729
"ECK120004103"	"glcG"	"-"	3121849	3122253	405	"LB 3.0"	681	197.296465394876	0	0	0	1	-Inf	"SD"	11	78.5714285714286
"ECK120004104"	"glcE"	"-"	3123492	3124544	1053	"LB 3.0"	316	35.2116136139054	0	0	0	1	-Inf	"SD"	NA	NA
"ECK120004110"	"yghR"	"-"	3130476	3131234	759	"LB 3.0"	0	0	0	0	0	0	NA	"NO"	NA	NA
"ECK120004114"	"hybO"	"-"	3143165	3144283	1119	"LB 3.0"	105	11.0099774301802	0	0	0	0.991957104557641	-Inf	"SD"	0	0
"ECK120004115"	"yghW"	"-"	3144472	3144759	288	"LB 3.0"	3	1.22223856590989	1	71	0	0.503472222222222	-Inf	"SD"	NA	NA
"ECK120004116"	"yghX_1"	"-"	3144878	3145288	411	"LB 3.0"	57	16.2727236804353	0	0	0	1	-Inf	"SD"	NA	NA
"ECK120004124"	"dkgA"	"+"	3154645	3155472	828	"LB 3.0"	62	8.78594679262762	0	0	0	0.923913043478261	-Inf	"SD"	5	16.1290322580645
"ECK120004125"	"yqhG"	"+"	3155672	3156598	927	"LB 3.0"	9	1.13917380900339	4	143	0	0.454153182308522	-Inf	"SD"	NA	NA
"ECK120004128"	"ygiS"	"-"	3164133	3165740	1608	"LB 3.0"	63	4.59707639715362	4	103	0	0.884950248756219	-Inf	"SD"	7	11.4754098360656
"ECK120004129"	"mqsA"	"-"	3165873	3166268	396	"LB 3.0"	391	115.853401035337	0	0	0	1	-Inf	"SD"	1	6.66666666666667
"ECK120004130"	"mqsR"	"-"	3166270	3166566	297	"LB 3.0"	317	125.236242551413	0	0	0	1	-Inf	"SD"	NA	NA
"ECK120004131"	"ygiV"	"-"	3166771	3167253	483	"LB 3.0"	10	2.4292940440445	1	37	0	0.855072463768116	-Inf	"SD"	NA	NA
"ECK120004135"	"yqiA"	"-"	3173447	3174028	582	"LB 3.0"	248	49.9983776240252	0	0	0	1	-Inf	"SD"	1	4.54545454545455
"ECK120004136"	"cpdA"	"-"	3174028	3174855	828	"LB 3.0"	582	82.4745327953108	1	70	0	1	-Inf	"SD"	2	6.45161290322581
"ECK120004137"	"yqiB"	"-"	3174880	3175302	423	"LB 3.0"	463	128.430401365397	5	100	0	1	-Inf	"SD"	NA	NA
"ECK120004139"	"insC-5"	"+"	3184164	3184574	411	"LB 3.0"	0	0	0	0	0	0	NA	"NO"	NA	NA
"ECK120004140"	"insD-5"	"+"	3184532	3185437	906	"LB 3.0"	0	0	0	0	0	0	NA	"NO"	NA	NA
"ECK120004141"	"yqiG"	"+"	3185422	3187887	2466	"LB 3.0"	11	0.523391697323943	4	53	0	0.316707218167072	-Inf	"SD"	NA	NA
"ECK120004142"	"yqiH"	"+"	3187903	3188652	750	"LB 3.0"	1	0	0	0	0	0.056	NA	"NO"	NA	NA
"ECK120004145"	"yqiK"	"+"	3190886	3192547	1662	"LB 3.0"	13	0.917782027831253	3	70	0	0.478339350180505	-Inf	"SD"	NA	NA
"ECK120004152"	"ygjJ"	"+"	3225823	3226893	1071	"LB 3.0"	1	0	0	0	0	0.00373482726423903	NA	"NO"	NA	NA
"ECK120004153"	"ygjK"	"+"	3226910	3229261	2352	"LB 3.0"	6	0	6	118	0	0.20578231292517	NA	"NO"	NA	NA
"ECK120004155"	"higB"	"-"	3232163	3232477	315	"LB 3.0"	55	20.4870464381086	0	0	0	0.936507936507937	-Inf	"SD"	NA	NA
"ECK120004158"	"ygjQ"	"+"	3234562	3235254	693	"LB 3.0"	0	0	3	184	0	0	NA	"NO"	NA	NA
"ECK120004159"	"ygjR"	"+"	3235315	3236319	1005	"LB 3.0"	209	24.4009896382249	0	0	0	1	-Inf	"SD"	1	2.77777777777778
"ECK120004160"	"alx"	"+"	3236602	3237567	966	"LB 3.0"	3	0.364394106606675	0	0	0	0.289855072463768	-Inf	"SD"	1	2.77777777777778
"ECK120004162"	"yqjA"	"+"	3245795	3246457	663	"LB 3.0"	115	20.3522077943366	2	100	0	1	-Inf	"SD"	2	8
"ECK120004163"	"mzrA"	"+"	3246461	3246844	384	"LB 3.0"	21	6.41675247102692	3	88	0	0.848958333333333	-Inf	"SD"	NA	NA
"ECK120004164"	"yqjC"	"+"	3246991	3247359	369	"LB 3.0"	157	49.9229801230186	0	0	0	1	-Inf	"SD"	NA	NA
"ECK120004165"	"yqjD"	"+"	3247397	3247702	306	"LB 3.0"	251	96.2452956998847	0	0	0	1	-Inf	"SD"	2	18.1818181818182
"ECK120004166"	"yqjE"	"+"	3247705	3248109	405	"LB 3.0"	150	43.4573712323516	0	0	0	1	-Inf	"SD"	NA	NA
"ECK120004167"	"yqjK"	"+"	3248099	3248398	300	"LB 3.0"	124	48.4984262953044	0	0	0	1	-Inf	"SD"	NA	NA
"ECK120004168"	"yqjF"	"+"	3248584	3248976	393	"LB 3.0"	2	0.597124184872007	0	0	0	0.508905852417303	-Inf	"SD"	NA	NA
"ECK120004169"	"yqjG"	"+"	3249046	3250032	987	"LB 3.0"	39	4.63633352661259	2	79	0	0.7193515704154	-Inf	"SD"	4	10.8108108108108
"ECK120004170"	"yhaH"	"+"	3250326	3250691	366	"LB 3.0"	156	50.0115977132965	0	0	0	1	-Inf	"SD"	NA	NA
"ECK120004176"	"tdcG"	"-"	3256307	3257671	1365	"LB 3.0"	191	16.4182903622885	0	0	0	0.641758241758242	-Inf	"SD"	NA	NA
"ECK120004177"	"tdcF"	"-"	3257743	3258132	390	"LB 3.0"	7	2.10601106741396	0	0	0	0.461538461538462	-Inf	"SD"	4	28.5714285714286
"ECK120004178"	"tdcE"	"-"	3258146	3260440	2295	"LB 3.0"	32	1.6360422111003	2	75	0	0.472331154684096	-Inf	"SD"	3	3.48837209302326
"ECK120004182"	"agaV"	"+"	3278239	3278712	474	"LB 3.0"	12	2.97050385638859	0	0	0	0.915611814345992	-Inf	"SD"	3	17.6470588235294
"ECK120004183"	"agaW"	"+"	3278723	3279124	402	"LB 3.0"	19	5.54567946323293	0	0	0	0.888059701492537	-Inf	"SD"	NA	NA
"ECK120004184"	"agaS"	"+"	3279998	3281152	1155	"LB 3.0"	4	0	7	138	0	0.173160173160173	NA	"NO"	NA	NA
"ECK120004185"	"agaD"	"+"	3283500	3284291	792	"LB 3.0"	3	0	4	119	0	0.223484848484848	NA	"NO"	NA	NA
"ECK120004186"	"agaI"	"+"	3284292	3285047	756	"LB 3.0"	4	0.620819589033595	1	42	0	0.338624338624339	-Inf	"SD"	NA	NA
"ECK120004187"	"yraH"	"+"	3285448	3286032	585	"LB 3.0"	3	0.601717447832561	0	0	0	0.394871794871795	-Inf	"SD"	NA	NA
"ECK120004188"	"yraI"	"+"	3286112	3286807	696	"LB 3.0"	0	0	2	134	0	0	NA	"NO"	NA	NA
"ECK120004193"	"yraN"	"+"	3293416	3293811	396	"LB 3.0"	131	38.8153338507141	0	0	0	1	-Inf	"SD"	NA	NA
"ECK120004203"	"yhbV"	"+"	3300511	3301389	879	"LB 3.0"	5	0.66743402916581	0	0	0	0.399317406143345	-Inf	"SD"	0	0
"ECK120004207"	"ibaG"	"-"	3334571	3334825	255	"LB 3.0"	59	27.1480754404456	0	0	0	1	-Inf	"SD"	0	0
"ECK120004208"	"mlaB"	"-"	3334985	3335278	294	"LB 3.0"	57	22.7486035124453	0	0	0	1	-Inf	"SD"	NA	NA
"ECK120004209"	"mlaC"	"-"	3335278	3335913	636	"LB 3.0"	190	35.052879626095	0	0	0	1	-Inf	"SD"	13	54.1666666666667
"ECK120004210"	"kdsD"	"+"	3339288	3340274	987	"LB 3.0"	156	18.5453341064504	2	68	0	1	-Inf	"SD"	5	14.2857142857143
"ECK120004211"	"kdsC"	"+"	3340295	3340861	567	"LB 3.0"	140	28.9715808215678	0	0	0	1	-Inf	"SD"	3	15
"ECK120004212"	"lptC"	"+"	3340858	3341433	576	"LB 3.0"	88	17.9261656333451	0	0	0	1	-Inf	"SD"	1	4.54545454545455
"ECK120004213"	"lptA"	"+"	3341402	3341959	558	"LB 3.0"	81	17.032485821712	0	0	0	1	-Inf	"SD"	2	10
"ECK120004217"	"yhcD"	"+"	3360829	3363210	2382	"LB 3.0"	11	0	16	75	0	0.245591939546599	NA	"NO"	NA	NA
"ECK120004223"	"nanK"	"-"	3367497	3368372	876	"LB 3.0"	36	4.82198228742532	0	0	0	0.897260273972603	-Inf	"SD"	2	6.66666666666667
"ECK120004224"	"nanE"	"-"	3368369	3369058	690	"LB 3.0"	56	9.52283265265445	0	0	0	1	-Inf	"SD"	1	4.16666666666667
"ECK120004229"	"degQ"	"+"	3378765	3380132	1368	"LB 3.0"	93	7.97671485120139	1	96	0	0.946637426900585	-Inf	"SD"	9	19.1489361702128
"ECK120004232"	"aaeB"	"-"	3384243	3386210	1968	"LB 3.0"	11	0	2	67	0	0.236788617886179	NA	"NO"	NA	NA
"ECK120004233"	"aaeA"	"-"	3386216	3387148	933	"LB 3.0"	6	0.754565288278775	1	38	0	0.291532690246517	-Inf	"SD"	NA	NA
"ECK120004237"	"yhdP"	"-"	3390480	3394280	3801	"LB 3.0"	59	1.8212994573306	1	38	0	0.607208629308077	-Inf	"SD"	6	4.31654676258993
"ECK120004239"	"yhdT"	"+"	3405397	3405639	243	"LB 3.0"	1	0.482859680359463	0	0	0	0.411522633744856	-Inf	"SD"	NA	NA
"ECK120004241"	"yhdV"	"+"	3416412	3416633	222	"LB 3.0"	8	4.22828476855313	0	0	0	0.914414414414414	-Inf	"SD"	NA	NA
"ECK120004244"	"tsaC"	"-"	3428865	3429437	573	"LB 3.0"	53	10.8529665328962	1	77	0	0.952879581151832	-Inf	"SD"	6	28.5714285714286
"ECK120004245"	"yrdD"	"-"	3429442	3429984	543	"LB 3.0"	140	30.2520926810846	2	182	0	1	-Inf	"SD"	NA	NA
"ECK120004248"	"gspD"	"+"	3454399	3456351	1953	"LB 3.0"	15	0.901189726016509	6	160	0	0.300563236047107	-Inf	"SD"	NA	NA
"ECK120004249"	"gspE"	"+"	3456361	3457842	1482	"LB 3.0"	1	0	5	180	0	0.0256410256410256	NA	"NO"	NA	NA
"ECK120004250"	"gspF"	"+"	3457839	3459035	1197	"LB 3.0"	1	0	7	175	0	0.0426065162907268	NA	"NO"	NA	NA
"ECK120004251"	"gspG"	"+"	3459045	3459482	438	"LB 3.0"	0	0	0	0	0	0	NA	"NO"	NA	NA
"ECK120004252"	"gspH"	"+"	3459490	3459999	510	"LB 3.0"	1	0	1	59	0	0.196078431372549	NA	"NO"	NA	NA
"ECK120004253"	"gspI"	"+"	3459996	3460373	378	"LB 3.0"	0	0	0	0	0	0	NA	"NO"	NA	NA
"ECK120004254"	"gspJ"	"+"	3460366	3460953	588	"LB 3.0"	0	0	2	130	0	0	NA	"NO"	NA	NA
"ECK120004255"	"gspK"	"+"	3460946	3461929	984	"LB 3.0"	3	0	4	73	0	0.164634146341463	NA	"NO"	NA	NA
"ECK120004256"	"gspL"	"+"	3461944	3463107	1164	"LB 3.0"	6	0.604819084161595	11	138	0	0.253436426116838	-Inf	"SD"	NA	NA
"ECK120004257"	"tusB"	"-"	3472700	3472987	288	"LB 3.0"	102	41.5561112409363	1	45	0	0.847222222222222	-Inf	"SD"	NA	NA
"ECK120004258"	"tusC"	"-"	3472995	3473354	360	"LB 3.0"	14	4.56302397939692	2	98	0	0.883333333333333	-Inf	"SD"	NA	NA
"ECK120004259"	"tusD"	"-"	3473354	3473740	387	"LB 3.0"	44	13.3404023317917	0	0	0	0.844961240310077	-Inf	"SD"	1	7.14285714285714
"ECK120004260"	"yheO"	"-"	3473740	3474462	723	"LB 3.0"	51	8.27673584881718	0	0	0	0.929460580912863	-Inf	"SD"	1	3.7037037037037
"ECK120004263"	"yheT"	"+"	3481224	3482246	1023	"LB 3.0"	15	1.72045311330424	4	174	0	0.579667644183773	-Inf	"SD"	0	0
"ECK120004264"	"yheU"	"+"	3482240	3482458	219	"LB 3.0"	40	21.431032388557	1	100	0	1	-Inf	"SD"	NA	NA
"ECK120004266"	"yhfL"	"+"	3497470	3497637	168	"LB 3.0"	25	17.4605509415699	0	0	0	1	-Inf	"SD"	NA	NA
"ECK120004267"	"frlB"	"+"	3499290	3500312	1023	"LB 3.0"	7	0.802878119541981	2	35	0	0.383186705767351	-Inf	"SD"	NA	NA
"ECK120004268"	"frlC"	"+"	3500362	3501192	831	"LB 3.0"	6	0.847183410305772	0	0	0	0.332129963898917	-Inf	"SD"	NA	NA
"ECK120004269"	"frlD"	"+"	3501189	3501974	786	"LB 3.0"	7	1.04496732352601	0	0	0	0.473282442748092	-Inf	"SD"	NA	NA
"ECK120004272"	"yhfT"	"-"	3504054	3505358	1305	"LB 3.0"	9	0.809206222947238	0	0	0	0.324904214559387	-Inf	"SD"	NA	NA
"ECK120004273"	"yhfU"	"-"	3505370	3505723	354	"LB 3.0"	5	1.65727263174222	1	99	0	0.545197740112994	-Inf	"SD"	NA	NA
"ECK120004274"	"php"	"-"	3505734	3506612	879	"LB 3.0"	4	0	2	99	0	0.249146757679181	NA	"NO"	NA	NA
"ECK120004275"	"yhfW"	"-"	3506609	3507835	1227	"LB 3.0"	3	0	0	0	0	0.17440912795436	NA	"NO"	NA	NA
"ECK120004276"	"yhfX"	"-"	3507835	3508998	1164	"LB 3.0"	1	0	0	0	0	0.0446735395189003	NA	"NO"	NA	NA
"ECK120004277"	"yhfY"	"-"	3509082	3509444	363	"LB 3.0"	46	14.8688856943749	0	0	0	0.917355371900826	-Inf	"SD"	NA	NA
"ECK120004278"	"yhfZ"	"-"	3509461	3510366	906	"LB 3.0"	161	20.8509042767144	0	0	0	1	-Inf	"SD"	0	0
"ECK120004279"	"hofP"	"-"	3518637	3519041	405	"LB 3.0"	3	0.869147424647033	0	0	0	0.466666666666667	-Inf	"SD"	NA	NA
"ECK120004280"	"hofO"	"-"	3519031	3519471	441	"LB 3.0"	0	0	0	0	0	0	NA	"NO"	NA	NA
"ECK120004281"	"hofN"	"-"	3519455	3519994	540	"LB 3.0"	0	0	1	100	0	0	NA	"NO"	NA	NA
"ECK120004285"	"yrfG"	"+"	3526691	3527359	669	"LB 3.0"	108	18.9419573263883	1	49	0	1	-Inf	"SD"	0	0
"ECK120004286"	"hslR"	"+"	3527370	3527771	402	"LB 3.0"	232	67.715665024739	0	0	0	1	-Inf	"SD"	0	0
"ECK120004289"	"yhgF"	"+"	3535407	3537728	2322	"LB 3.0"	85	4.2952052962208	0	0	0	0.762273901808786	-Inf	"SD"	11	12.9411764705882
"ECK120004291"	"nfuA"	"+"	3543646	3544221	576	"LB 3.0"	468	95.3346081409714	0	0	0	1	-Inf	"SD"	3	14.2857142857143
"ECK120004296"	"yhhW"	"-"	3576973	3577668	696	"LB 3.0"	38	6.40621593166563	0	0	0	1	-Inf	"SD"	1	3.84615384615385
"ECK120004297"	"yhhX"	"-"	3577791	3578828	1038	"LB 3.0"	64	7.23452191613715	0	0	0	1	-Inf	"SD"	6	15.3846153846154
"ECK120004299"	"yhhZ"	"+"	3579886	3581064	1179	"LB 3.0"	3	0	1	36	0	0.168787107718405	NA	"NO"	NA	NA
"ECK120004300"	"yrhA"	"+"	3581064	3581477	414	"LB 3.0"	1	0	0	0	0	0.0289855072463768	NA	"NO"	NA	NA
"ECK120004301"	"insA-6"	"+"	3581506	3581781	276	"LB 3.0"	0	0	0	0	0	0	NA	"NO"	NA	NA
"ECK120004302"	"insB-6"	"+"	3581700	3582203	504	"LB 3.0"	1	0	0	0	0	0.0515873015873016	NA	"NO"	NA	NA
"ECK120004307"	"insK"	"+"	3719177	3720072	896	"LB 3.0"	6	0	5	148	0	0.229910714285714	NA	"NO"	NA	NA
"ECK120004311"	"rffT"	"+"	3975548	3976627	1080	"LB 3.0"	38	4.12845026707341	0	0	0	0.794444444444444	-Inf	"SD"	NA	NA
"ECK120004314"	"tatA"	"+"	4019968	4020237	270	"LB 3.0"	236	102.55939610835	0	0	0	1	-Inf	"SD"	0	0
"ECK120004315"	"tatB"	"+"	4020241	4020756	516	"LB 3.0"	195	44.341678205103	0	0	0	1	-Inf	"SD"	4	22.2222222222222
"ECK120004320"	"phnE_2"	"-"	4320466	4320834	369	"LB 3.0"	0	0	0	0	0	0	NA	"NO"	NA	NA
"ECK120004321"	"yjcZ"	"+"	4327383	4328261	879	"LB 3.0"	13	1.73532847583111	0	0	0	0.491467576791809	-Inf	"SD"	5	15.1515151515152
"ECK120004323"	"dcuR"	"-"	4347338	4348057	720	"LB 3.0"	119	19.3928519124369	4	244	0	1	-Inf	"SD"	0	0
"ECK120004326"	"yjdJ"	"+"	4350108	4350380	273	"LB 3.0"	35	15.042936195814	0	0	0	1	-Inf	"SD"	NA	NA
"ECK120004327"	"ghoS"	"+"	4350607	4350903	297	"LB 3.0"	1	0.395067011203197	0	0	0	0.252525252525253	-Inf	"SD"	NA	NA
"ECK120004334"	"yjeN"	"+"	4383416	4383730	315	"LB 3.0"	2	0.744983506840314	1	94	0	0.250793650793651	-Inf	"SD"	NA	NA
"ECK120004340"	"yjeT"	"+"	4402409	4402606	198	"LB 3.0"	14	8.29640723526713	0	0	0	0.904040404040404	-Inf	"SD"	0	0
"ECK120004341"	"rlmB"	"+"	4407298	4408029	732	"LB 3.0"	122	19.5558170545582	2	144	0	1	-Inf	"SD"	2	7.40740740740741
"ECK120004342"	"yjfI"	"+"	4408156	4408557	402	"LB 3.0"	6	1.75126719891566	0	0	0	0.355721393034826	-Inf	"SD"	NA	NA
"ECK120004343"	"yjfJ"	"+"	4408576	4409274	699	"LB 3.0"	3	0	0	0	0	0.201716738197425	NA	"NO"	NA	NA
"ECK120004344"	"yjfK"	"+"	4409325	4409984	660	"LB 3.0"	2	0	0	0	0	0.151515151515152	NA	"NO"	NA	NA
"ECK120004345"	"yjfL"	"+"	4410002	4410400	399	"LB 3.0"	0	0	2	112	0	0	NA	"NO"	NA	NA
"ECK120004346"	"yjfM"	"+"	4410410	4411048	639	"LB 3.0"	4	0.734490781391859	0	0	0	0.455399061032864	-Inf	"SD"	NA	NA
"ECK120004353"	"ulaD"	"+"	4420209	4420859	651	"LB 3.0"	13	2.34309328764292	0	0	0	0.823348694316436	-Inf	"SD"	0	0
"ECK120004354"	"ulaE"	"+"	4420869	4421723	855	"LB 3.0"	23	3.15637748950765	0	0	0	0.84093567251462	-Inf	"SD"	NA	NA
"ECK120004362"	"ytfF"	"-"	4430114	4431088	975	"LB 3.0"	21	2.52721328089676	1	66	0	0.452307692307692	-Inf	"SD"	NA	NA
"ECK120004378"	"tabA"	"+"	4472885	4473337	453	"LB 3.0"	44	11.3967675549743	1	97	0	1	-Inf	"SD"	8	47.0588235294118
"ECK120004386"	"idnR"	"-"	4488164	4489162	999	"LB 3.0"	18	2.11414238427657	13	184	43.4782608695652	0.432432432432432	-0.402000638198445	"SD"	NA	NA
"ECK120004387"	"idnO"	"-"	4490610	4491374	765	"LB 3.0"	34	5.2148845478822	2	100	0	0.920261437908497	-Inf	"SD"	1	3.57142857142857
"ECK120004389"	"insC-6"	"+"	4496250	4496660	411	"LB 3.0"	0	0	0	0	0	0	NA	"NO"	NA	NA
"ECK120004396"	"yjhC"	"+"	4503310	4504428	1119	"LB 3.0"	25	2.62142319766196	1	60	0	0.693476318141197	-Inf	"SD"	1	2.4390243902439
"ECK120004405"	"yjhG"	"-"	4520150	4522117	1968	"LB 3.0"	125	7.45267418237738	8	200	0	0.910060975609756	-Inf	"SD"	2	2.85714285714286
"ECK120004406"	"yjhH"	"-"	4522128	4523033	906	"LB 3.0"	28	3.62624422203729	11	273	25.6410256410256	0.979028697571744	-1.37304926450231	"SD"	2	6.06060606060606
"ECK120004407"	"yjhI"	"-"	4523038	4523826	789	"LB 3.0"	31	4.61011656799472	0	0	0	0.828897338403042	-Inf	"SD"	NA	NA
"ECK120004408"	"sgcR"	"-"	4524129	4524911	783	"LB 3.0"	28	4.19588411898568	35	578	53.6332179930796	0.814814814814815	0.563293381071762	"AD"	NA	NA
"ECK120004409"	"sgcE"	"-"	4524928	4525560	633	"LB 3.0"	47	8.71207015700699	4	247	0	0.995260663507109	-Inf	"SD"	NA	NA
"ECK120004410"	"sgcQ"	"-"	4526134	4526940	807	"LB 3.0"	64	9.30537019696452	109	525	201.904761904762	1	1.18792881329243	"AD"	NA	NA
"ECK120004411"	"yjhP"	"-"	4530460	4531206	747	"LB 3.0"	199	31.2578923201373	1	100	0	1	-Inf	"SD"	NA	NA
"ECK120004412"	"yjhQ"	"-"	4531262	4531807	546	"LB 3.0"	130	27.9368815065118	1	56	0	1	-Inf	"SD"	NA	NA
"ECK120004415"	"nanM"	"-"	4535682	4536788	1107	"LB 3.0"	30	3.17980765114768	0	0	0	0.798554652213189	-Inf	"SD"	1	2.5
"ECK120004420"	"iadA"	"-"	4556377	4557549	1173	"LB 3.0"	85	8.50252915415576	0	0	0	0.927536231884058	-Inf	"SD"	4	9.75609756097561
"ECK120004421"	"yjiG"	"-"	4557562	4558023	462	"LB 3.0"	13	3.30163145076957	0	0	0	0.632034632034632	-Inf	"SD"	NA	NA
"ECK120004425"	"yjiK"	"-"	4560766	4561734	969	"LB 3.0"	12	1.45306380591145	9	322	24.8447204968944	0.512899896800826	0.138973850145375	"AD"	NA	NA
"ECK120004426"	"yjiL"	"-"	4561945	4562712	768	"LB 3.0"	94	14.3613031494412	1	100	0	1	-Inf	"SD"	0	0
"ECK120004427"	"yjiM"	"-"	4562722	4563873	1152	"LB 3.0"	311	31.6763494998313	0	0	0	1	-Inf	"SD"	0	0
"ECK120004428"	"yjiN"	"-"	4563989	4565269	1281	"LB 3.0"	36	3.29746798109647	1	49	0	0.816549570647931	-Inf	"SD"	NA	NA
"ECK120004433"	"yjiT"	"+"	4570437	4571954	1518	"LB 3.0"	127	9.81655638707074	0	0	0	1	-Inf	"SD"	NA	NA
"ECK120004434"	"symE"	"-"	4577522	4577863	342	"LB 3.0"	5	1.71542254864546	1	55	0	0.672514619883041	-Inf	"SD"	NA	NA
"ECK120004435"	"yjiX"	"-"	4586899	4587102	204	"LB 3.0"	40	23.0068435935979	0	0	0	1	-Inf	"SD"	NA	NA
"ECK120004444"	"yjjU"	"+"	4610434	4611507	1074	"LB 3.0"	24	2.6220089905553	1	71	0	0.667597765363129	-Inf	"SD"	0	0
"ECK120004450"	"cysT"	"-"	1989938	1990011	74	"LB 3.0"	779	1235.18768801358	0	0	0	1	-Inf	"SD"	NA	NA
"ECK120004454"	""	"+"	732593	732814	222	"LB 3.0"	6	3.17121357641485	0	0	0	0.599099099099099	-Inf	"SD"	NA	NA
"ECK120004455"	"ydbA_2"	"+"	1468714	1472037	3324	"LB 3.0"	171	6.03618179842863	1	100	0	0.955776173285199	-Inf	"SD"	NA	NA
"ECK120004458"	"molR_2"	"+"	2195432	2197369	1938	"LB 3.0"	7	0	5	42	0	0.132610939112487	NA	"NO"	NA	NA
"ECK120004459"	"molR_3"	"+"	2197344	2198291	948	"LB 3.0"	0	0	0	0	0	0	NA	"NO"	NA	NA
"ECK120004461"	"ilvG_1"	"+"	3948583	3949566	984	"LB 3.0"	2803	334.237531731261	0	0	0	1	-Inf	"SD"	NA	NA
"ECK120004465"	"dgoD"	"-"	3869873	3871021	1149	"LB 3.0"	30	3.06357447329894	1	38	0	0.836379460400348	-Inf	"SD"	NA	NA
"ECK120004466"	"rpe"	"-"	3512404	3513081	678	"LB 3.0"	70	12.1142229541511	0	0	0	1	-Inf	"SD"	17	68
"ECK120004467"	"thiM"	"-"	2182535	2183323	789	"LB 3.0"	18	2.67684187819048	0	0	0	0.508238276299113	-Inf	"SD"	1	3.7037037037037
"ECK120004470"	"mhpB"	"+"	369501	370445	945	"LB 3.0"	10	1.24163917806719	0	0	0	0.311111111111111	-Inf	"SD"	NA	NA
"ECK120004471"	"mhpC"	"+"	370463	371329	867	"LB 3.0"	4	0	3	111	0	0.193771626297578	NA	"NO"	NA	NA
"ECK120004472"	"mhpD"	"+"	371339	372148	810	"LB 3.0"	5	0.724289520539194	0	0	0	0.309876543209877	-Inf	"SD"	NA	NA
"ECK120004473"	"mhpF"	"+"	372145	373095	951	"LB 3.0"	8	0.987044393920921	0	0	0	0.559411146161935	-Inf	"SD"	NA	NA
"ECK120004474"	"hcaF"	"+"	2668412	2668930	519	"LB 3.0"	11	2.48686690867215	1	38	0	0.710982658959538	-Inf	"SD"	NA	NA
"ECK120004475"	"ruvA"	"-"	1943389	1944000	612	"LB 3.0"	112	21.4730540206914	0	0	0	1	-Inf	"SD"	1	4.54545454545455
"ECK120015144"	"sgcB"	"-"	4528278	4528556	279	"LB 3.0"	26	10.9344353423336	1	75	0	1	-Inf	"SD"	NA	NA
"ECK120015304"	"ymgF"	"+"	1218206	1218424	219	"LB 3.0"	1	0.535775809713924	0	0	0	0.442922374429224	-Inf	"SD"	NA	NA
"ECK120016284"	"ykfH"	"-"	263250	263471	222	"LB 3.0"	0	0	1	100	0	0	NA	"NO"	NA	NA
"ECK120016285"	"ykgN"	"-"	279248	279586	339	"LB 3.0"	35	12.1142229541511	6	224	0	1	-Inf	"SD"	NA	NA
"ECK120016287"	"ylcG"	"+"	572953	573093	141	"LB 3.0"	2	1.66432485570708	0	0	0	0.48936170212766	-Inf	"SD"	NA	NA
"ECK120016289"	"ybdZ"	"+"	613165	613383	219	"LB 3.0"	17	9.10818876513671	0	0	0	0.963470319634703	-Inf	"SD"	NA	NA
"ECK120016292"	"ybfQ"	"+"	735668	735922	255	"LB 3.0"	0	0	0	0	0	0	NA	"NO"	NA	NA
"ECK120016293"	"cydX"	"+"	773419	773532	114	"LB 3.0"	156	160.563550553215	0	0	0	1	-Inf	"SD"	NA	NA
"ECK120016296"	"ymgH"	"+"	1222688	1222909	222	"LB 3.0"	1	0.528535596069142	0	0	0	0.256756756756757	-Inf	"SD"	NA	NA
"ECK120016297"	"ymjB"	"+"	1379813	1379926	114	"LB 3.0"	0	0	0	0	0	0	NA	"NO"	NA	NA
"ECK120016301"	"rzoR"	"+"	1421424	1421609	186	"LB 3.0"	0	0	0	0	0	0	NA	"NO"	NA	NA
"ECK120016310"	"yehK"	"+"	2201994	2202311	318	"LB 3.0"	0	0	0	0	0	0	NA	"NO"	NA	NA
"ECK120016312"	"arnE"	"+"	2370579	2370914	336	"LB 3.0"	13	4.53974324480816	2	103	0	0.973214285714286	-Inf	"SD"	NA	NA
"ECK120016313"	"ypdJ"	"+"	2474116	2474256	141	"LB 3.0"	2	1.66432485570708	1	70	0	0.297872340425532	-Inf	"SD"	NA	NA
"ECK120016316"	"ypjJ"	"+"	2774899	2775099	201	"LB 3.0"	0	0	0	0	0	0	NA	"NO"	NA	NA
"ECK120016318"	"yheV"	"-"	3476614	3476814	201	"LB 3.0"	116	67.715665024739	0	0	0	1	-Inf	"SD"	NA	NA
"ECK120016322"	"yidD"	"+"	3882839	3883096	258	"LB 3.0"	61	27.7419730308849	1	100	0	0.992248062015504	-Inf	"SD"	NA	NA
"ECK120016323"	"yifL"	"+"	3992545	3992748	204	"LB 3.0"	136	78.223268218233	0	0	0	1	-Inf	"SD"	0	0
"ECK120016327"	"ytjA"	"+"	4610133	4610312	180	"LB 3.0"	19	12.3853508012202	0	0	0	1	-Inf	"SD"	NA	NA
"ECK120016545"	"efeU_2"	"+"	1080677	1081408	732	"LB 3.0"	9	1.44264224172971	0	0	0	0.490437158469945	-Inf	"SD"	NA	NA
"ECK120016922"	"ymiA"	"+"	1333184	1333312	129	"LB 3.0"	23	20.920176383946	0	0	0	1	-Inf	"SD"	NA	NA
"ECK120016923"	"yciX"	"+"	1333315	1333482	168	"LB 3.0"	34	23.746349280535	0	0	0	1	-Inf	"SD"	NA	NA
"ECK120016925"	"yjhW"	"+"	4507574	4507816	243	"LB 3.0"	6	2.89715808215678	0	0	0	0.909465020576132	-Inf	"SD"	NA	NA
"ECK120023909"	"insEF-3"	"+"	566056	567227	1172	"LB 3.0"	3	0	0	0	0	0.0315699658703072	NA	"NO"	NA	NA
"ECK120023913"	"insAB-2"	"-"	278402	279099	698	"LB 3.0"	0	0	0	0	0	0	NA	"NO"	NA	NA
"ECK120023915"	"insAB-5"	"-"	1976542	1977239	698	"LB 3.0"	0	0	0	0	0	0	NA	"NO"	NA	NA
"ECK120023916"	"insAB-6"	"+"	3581506	3582203	698	"LB 3.0"	1	0	0	0	0	0.0372492836676218	NA	"NO"	NA	NA
"ECK120023920"	"insCD-4"	"-"	2994394	2995667	1274	"LB 3.0"	2	0	0	0	0	0.0211930926216641	NA	"NO"	NA	NA
"ECK120023921"	"insCD-5"	"+"	3184164	3185437	1274	"LB 3.0"	0	0	0	0	0	0	NA	"NO"	NA	NA
"ECK120026444"	"yahH"	"+"	339017	339313	297	"LB 3.0"	1	0.395067011203197	0	0	0	0.313131313131313	-Inf	"SD"	NA	NA
"ECK120026445"	"ylbE_1"	"+"	547581	547841	261	"LB 3.0"	2	0	0	0	0	0.199233716475096	NA	"NO"	NA	NA
"ECK120026451"	"wbbL_2"	"-"	2099420	2099701	282	"LB 3.0"	23	9.56986792031574	0	0	0	0.978723404255319	-Inf	"SD"	NA	NA
"ECK120026454"	"yrhC"	"+"	3621910	3622155	246	"LB 3.0"	0	0	0	0	0	0	NA	"NO"	NA	NA
"ECK120026458"	"insB-7_1"	"+"	4516744	4517037	294	"LB 3.0"	4	1.59639322894353	0	0	0	0.486394557823129	-Inf	"SD"	NA	NA
"ECK120029856"	"uof"	"-"	709862	709948	87	"LB 3.0"	181	244.110543922417	0	0	0	1	-Inf	"SD"	NA	NA
"ECK120030068"	"ylcH"	"+"	571591	571692	102	"LB 3.0"	3	3.45102653903969	0	0	0	0.990196078431373	-Inf	"SD"	NA	NA
"ECK120030072"	"appX"	"+"	1039668	1039760	93	"LB 3.0"	9	11.354990547808	1	100	0	1	-Inf	"SD"	NA	NA
"ECK120030075"	"yciZ"	"-"	1342460	1342633	174	"LB 3.0"	183	123.403948999454	17	327	51.9877675840979	1	-5.18171000573353	"SD"	NA	NA
"ECK120030077"	"ydgU"	"+"	1669801	1669884	84	"LB 3.0"	0	0	10	355	28.169014084507	0	Inf	"AD"	NA	NA
"ECK120030086"	"yrhD"	"+"	3582427	3582582	156	"LB 3.0"	0	0	0	0	0	0	NA	"NO"	NA	NA
"ECK120030091"	"ytcA"	"-"	4302151	4302426	276	"LB 3.0"	0	0	0	0	0	0	NA	"NO"	NA	NA
"ECK120033231"	"ykfL"	"-"	265777	265998	222	"LB 3.0"	2	1.05707119213828	0	0	0	0.342342342342342	-Inf	"SD"	NA	NA
"ECK120033232"	"ykfK"	"-"	266000	266191	192	"LB 3.0"	0	0	0	0	0	0	NA	"NO"	NA	NA
"ECK120035075"	"ibsA"	"-"	2151373	2151432	60	"LB 3.0"	7	13.6890719381908	748	515	1452.42718446602	1	3.45001362889	"AD"	NA	NA
"ECK120048853"	"ilvX"	"+"	3948530	3948580	51	"LB 3.0"	1545	3554.55733521088	0	0	0	1	-Inf	"SD"	NA	NA
"ECK120048855"	"yoeI"	"-"	2085076	2085138	63	"LB 3.0"	0	0	0	0	0	0	NA	"NO"	NA	NA
"ECK120048857"	"ymjD"	"-"	1388892	1388957	66	"LB 3.0"	2	3.55560310082877	0	0	0	1	-Inf	"SD"	NA	NA
"ECK120048863"	"yrbN"	"-"	3305875	3305955	81	"LB 3.0"	115	166.586589724015	0	0	0	1	-Inf	"SD"	NA	NA
"ECK120048868"	"yqfG"	"+"	3030839	3030964	126	"LB 3.0"	2	1.86245876710078	0	0	0	0.476190476190476	-Inf	"SD"	NA	NA
"ECK125121987"	"rpsP5"	"-"	2744205	2744454	250	"LB 3.0"	223	104.662732875996	1	97	0	1	-Inf	"SD"	NA	NA
"ECK125121997"	"fimA3"	"+"	4541230	4541277	48	"LB 3.0"	201	491.339903495776	0	0	0	1	-Inf	"SD"	NA	NA
"ECK125121999"	"spy3"	"-"	1823084	1823131	48	"LB 3.0"	726	1774.69039770116	0	0	0	1	-Inf	"SD"	NA	NA
"ECK125122001"	"rpsI3"	"-"	3375389	3375473	85	"LB 3.0"	156	215.344056036077	0	0	0	1	-Inf	"SD"	NA	NA
"ECK125122003"	"glnA3"	"-"	4054007	4054201	195	"LB 3.0"	5	3.00858723916281	3	193	0	0.897435897435897	-Inf	"SD"	NA	NA
"ECK125122010"	"ryeF"	"-"	1956157	1956543	387	"LB 3.0"	144	43.6594985404091	0	0	0	0.475452196382429	-Inf	"SD"	NA	NA
"ECK125135293"	""	"+"	1298697	1298951	255	"LB 3.0"	132	60.7380670870985	0	0	0	0.929411764705882	-Inf	"SD"	NA	NA
"ECK125135299"	""	"-"	2276280	2276520	241	"LB 3.0"	57	27.7514084342694	0	0	0	0.813278008298755	-Inf	"SD"	NA	NA
"ECK125135311"	""	"-"	4439248	4439353	106	"LB 3.0"	2	2.2138660816481	0	0	0	0.60377358490566	-Inf	"SD"	NA	NA
"ECK125145757"	"esrE"	"+"	4018001	4018252	252	"LB 3.0"	82	38.1804047255661	0	0	0	1	-Inf	"SD"	NA	NA
"ECK125146691"	"nc1"	"-"	296361	296528	168	"LB 3.0"	1	0.698422037662794	30	92	326.086956521739	0.595238095238095	3.10279151383873	"AD"	NA	NA
"ECK125158035"	"agrB"	"+"	3646317	3646400	84	"LB 3.0"	32	44.6990104104188	0	0	0	1	-Inf	"SD"	NA	NA
