"RegDbId"	"Gene"	"Strand"	"Start"	"End"	"Length"	"Sample"	"mRNARaw"	"mRNATPM"	"asRNARaw"	"asRNALen"	"asRNARPK"	"mRNACoverage"	"Gamma"	"TrMode"	"PeptideRaw"	"NPPH"
"ECK120000001"	"alr"	"+"	4263805	4264884	1080	"LB 1.0"	716	64.2154104020366	0	0	0	1	-Inf	"SD"	5	12.8205128205128
"ECK120000002"	"modB"	"+"	795085	795774	690	"LB 1.0"	323	45.3422875974546	0	0	0	1	-Inf	"SD"	NA	NA
"ECK120000005"	"dcuB"	"-"	4345427	4346767	1341	"LB 1.0"	582	42.0382087518113	2	62	0	1	-Inf	"SD"	1	2.08333333333333
"ECK120000006"	"hisM"	"-"	2422539	2423255	717	"LB 1.0"	95	12.8337757167297	17	211	56.8720379146919	0.894002789400279	-2.41883936504895	"SD"	NA	NA
"ECK120000008"	"rhsE"	"+"	1525914	1527962	2049	"LB 1.0"	16	0	0	0	0	0.227428013665203	NA	"NO"	NA	NA
"ECK120000010"	"cydC"	"-"	926697	928418	1722	"LB 1.0"	431	24.243433024108	5	106	0	0.983159117305459	-Inf	"SD"	12	19.047619047619
"ECK120000011"	"mepM"	"-"	1938337	1939659	1323	"LB 1.0"	512	37.4852241772235	4	212	0	0.999244142101285	-Inf	"SD"	NA	NA
"ECK120000013"	"rodZ"	"-"	2639853	2640866	1014	"LB 1.0"	823	78.6161688618368	4	101	0	1	-Inf	"SD"	6	16.6666666666667
"ECK120000014"	"garL"	"-"	3270809	3271579	771	"LB 1.0"	1273	159.927821441239	0	0	0	1	-Inf	"SD"	10	37.037037037037
"ECK120000019"	"aceA"	"+"	4215132	4216436	1305	"LB 1.0"	1766	131.078113777688	1	100	0	1	-Inf	"SD"	113	235.416666666667
"ECK120000020"	"aceB"	"+"	4213501	4215102	1602	"LB 1.0"	6177	373.478052275482	13	240	37.5	1	-7.69688274764345	"SD"	38	63.3333333333333
"ECK120000021"	"aceE"	"+"	123017	125680	2664	"LB 1.0"	16675	606.291692843478	5	94	0	1	-Inf	"SD"	337	337
"ECK120000022"	"aceF"	"+"	125695	127587	1893	"LB 1.0"	4332	221.66025558036	1	100	0	1	-Inf	"SD"	325	492.424242424242
"ECK120000026"	"ada"	"-"	2307363	2308427	1065	"LB 1.0"	49	4.45652623924749	3	40	0	0.725821596244131	-Inf	"SD"	NA	NA
"ECK120000029"	"adk"	"+"	496399	497043	645	"LB 1.0"	1835	275.566455187641	4	100	0	1	-Inf	"SD"	48	200
"ECK120000031"	"alaS"	"-"	2817403	2820033	2631	"LB 1.0"	2745	101.058185534887	3	37	0	1	-Inf	"SD"	119	123.958333333333
"ECK120000033"	"puuC"	"+"	1360767	1362254	1488	"LB 1.0"	16	1.04151864050879	0	0	0	0.466397849462366	-Inf	"SD"	NA	NA
"ECK120000034"	"alkB"	"-"	2306713	2307363	651	"LB 1.0"	25	3.71970943038855	2	97	0	0.860215053763441	-Inf	"SD"	1	4.16666666666667
"ECK120000035"	"amn"	"+"	2053085	2054539	1455	"LB 1.0"	355	23.6328095645346	4	208	0	0.969072164948454	-Inf	"SD"	9	16.6666666666667
"ECK120000036"	"ampC"	"-"	4375834	4376967	1134	"LB 1.0"	126	10.7623592852575	10	309	22.6537216828479	0.995590828924162	-2.94249564264114	"SD"	1	2.38095238095238
"ECK120000041"	"ansA"	"+"	1848884	1849900	1017	"LB 1.0"	198	18.8579392785928	5	168	0	1	-Inf	"SD"	8	21.6216216216216
"ECK120000042"	"ansB"	"-"	3097704	3098750	1047	"LB 1.0"	3239	299.649986174348	17	301	49.8338870431894	1	-6.64217199639692	"SD"	24	64.8648648648649
"ECK120000043"	"apaG"	"-"	51229	51606	378	"LB 1.0"	448	114.798499042747	2	112	0	1	-Inf	"SD"	NA	NA
"ECK120000047"	"apt"	"+"	490636	491187	552	"LB 1.0"	198	34.7437033447988	0	0	0	1	-Inf	"SD"	40	200
"ECK120000048"	"araA"	"-"	66835	68337	1503	"LB 1.0"	32	2.06224848579785	2	202	0	0.714570858283433	-Inf	"SD"	1	1.78571428571429
"ECK120000051"	"araD"	"-"	65855	66550	696	"LB 1.0"	8	1.11334751226802	0	0	0	0.647988505747126	-Inf	"SD"	NA	NA
"ECK120000052"	"araE"	"-"	2978786	2980204	1419	"LB 1.0"	159	10.8533728944352	1	100	0	0.994362226920366	-Inf	"SD"	NA	NA
"ECK120000054"	"araG"	"-"	1981579	1983093	1515	"LB 1.0"	41	2.62132711304292	36	195	97.4358974358974	0.818481848184819	0.535702021044758	"AD"	0	0
"ECK120000055"	"araH"	"-"	1980578	1981567	990	"LB 1.0"	48	4.69630223356692	14	203	54.1871921182266	0.88989898989899	-1.09402173325794	"SD"	NA	NA
"ECK120000058"	"arcB"	"-"	3348711	3351047	2337	"LB 1.0"	991	41.0738050771125	2	156	0	1	-Inf	"SD"	20	22.7272727272727
"ECK120000060"	"argB"	"+"	4154039	4154812	774	"LB 1.0"	51	6.38232934358296	1	100	0	0.949612403100775	-Inf	"SD"	0	0
"ECK120000063"	"argF"	"-"	288525	289529	1005	"LB 1.0"	58	5.59000153920839	0	0	0	0.935323383084577	-Inf	"SD"	2	5.40540540540541
"ECK120000068"	"argT"	"-"	2425031	2425813	783	"LB 1.0"	171	21.1536027330924	0	0	0	1	-Inf	"SD"	7	25
"ECK120000069"	"aroA"	"+"	958035	959318	1284	"LB 1.0"	368	27.7608519881409	19	277	57.7617328519856	0.997663551401869	-3.11690803507577	"SD"	9	19.5652173913043
"ECK120000070"	"aroB"	"-"	3515420	3516508	1089	"LB 1.0"	665	59.1485035098865	0	0	0	1	-Inf	"SD"	13	33.3333333333333
"ECK120000071"	"aroC"	"-"	2444410	2445495	1086	"LB 1.0"	309	27.5599642470545	2	43	0	1	-Inf	"SD"	6	15.3846153846154
"ECK120000072"	"aroD"	"+"	1772710	1773468	759	"LB 1.0"	45	5.74276088343781	0	0	0	0.706192358366271	-Inf	"SD"	4	14.8148148148148
"ECK120000073"	"aroE"	"-"	3428042	3428860	819	"LB 1.0"	277	32.7601485935861	2	74	0	1	-Inf	"SD"	6	20.6896551724138
"ECK120000076"	"aroH"	"+"	1786459	1787505	1047	"LB 1.0"	956	88.44253991438	15	198	40.4040404040404	1	-5.788596647191	"SD"	1	2.56410256410256
"ECK120000077"	"aroK"	"-"	3516565	3517086	522	"LB 1.0"	1832	339.942107079169	0	0	0	1	-Inf	"SD"	12	60
"ECK120000078"	"aroL"	"+"	405629	406153	525	"LB 1.0"	277	51.1058318059944	15	267	56.1797752808989	1	-4.09045352402825	"SD"	6	31.5789473684211
"ECK120000079"	"aroM"	"+"	406652	407329	678	"LB 1.0"	61	8.71465375753154	6	101	59.4059405940594	0.890855457227139	-2.86040893984644	"SD"	1	4
"ECK120000088"	"asnB"	"-"	696736	698400	1665	"LB 1.0"	382	22.2228175511804	2	82	0	1	-Inf	"SD"	14	22.2222222222222
"ECK120000090"	"asnS"	"-"	986808	988208	1401	"LB 1.0"	3238	223.866291428248	5	258	0	1	-Inf	"SD"	47	88.6792452830189
"ECK120000094"	"atpA"	"-"	3916339	3917880	1542	"LB 1.0"	4045	254.087995966148	16	216	55.5555555555556	1	-6.72615000282221	"SD"	208	378.181818181818
"ECK120000095"	"atpB"	"-"	3919259	3920074	816	"LB 1.0"	4637	550.423455945653	24	427	32.7868852459016	1	-7.61897131348649	"SD"	2	6.66666666666667
"ECK120000096"	"atpC"	"-"	3913576	3913995	420	"LB 1.0"	939	216.554043618361	0	0	0	1	-Inf	"SD"	4	26.6666666666667
"ECK120000097"	"atpD"	"-"	3914016	3915398	1383	"LB 1.0"	3846	269.362475994146	11	94	85.1063829787234	1	-7.39533317233046	"SD"	173	346
"ECK120000098"	"atpE"	"-"	3918973	3919212	240	"LB 1.0"	3539	1428.29960664474	0	0	0	1	-Inf	"SD"	NA	NA
"ECK120000099"	"atpF"	"-"	3918441	3918911	471	"LB 1.0"	3961	814.580352781626	0	0	0	1	-Inf	"SD"	11	64.7058823529412
"ECK120000100"	"atpG"	"-"	3915425	3916288	864	"LB 1.0"	2276	255.157601387981	2	42	0	1	-Inf	"SD"	21	65.625
"ECK120000101"	"atpH"	"-"	3917893	3918426	534	"LB 1.0"	2285	414.471757867643	0	0	0	1	-Inf	"SD"	9	47.3684210526316
"ECK120000102"	"atpI"	"-"	3920083	3920463	381	"LB 1.0"	1011	257.025478048709	0	0	0	1	-Inf	"SD"	NA	NA
"ECK120000104"	"bcp"	"+"	2598500	2598970	471	"LB 1.0"	1239	254.800569829951	16	307	52.1172638436482	1	-6.31515278866888	"SD"	15	83.3333333333333
"ECK120000105"	"betA"	"-"	324801	326471	1671	"LB 1.0"	146	8.4630401560912	4	187	0	0.908438061041293	-Inf	"SD"	1	1.61290322580645
"ECK120000106"	"betB"	"-"	326485	327957	1473	"LB 1.0"	148	9.73215381395997	3	187	0	0.98438560760353	-Inf	"SD"	6	11.3207547169811
"ECK120000110"	"bglB"	"-"	3900312	3901724	1413	"LB 1.0"	9	0.61695053227591	5	202	0	0.368719037508846	-Inf	"SD"	NA	NA
"ECK120000111"	"bglF"	"-"	3901743	3903620	1878	"LB 1.0"	3	0	57	481	97.7130977130977	0.116613418530351	Inf	"AD"	NA	NA
"ECK120000112"	"bglG"	"-"	3903754	3904590	837	"LB 1.0"	4	0	1	100	0	0.148148148148148	NA	"NO"	NA	NA
"ECK120000115"	"bioC"	"+"	810745	811500	756	"LB 1.0"	5	0.640616624122472	6	225	0	0.403439153439153	-Inf	"SD"	NA	NA
"ECK120000117"	"bioF"	"+"	809604	810758	1155	"LB 1.0"	11	0.92248793873636	0	0	0	0.358441558441558	-Inf	"SD"	NA	NA
"ECK120000123"	"btuC"	"-"	1792196	1793176	981	"LB 1.0"	257	25.375470975332	1	68	0	1	-Inf	"SD"	NA	NA
"ECK120000124"	"btuD"	"-"	1790833	1791582	750	"LB 1.0"	148	19.1139500906174	0	0	0	1	-Inf	"SD"	1	3.7037037037037
"ECK120000125"	"btuE"	"-"	1791582	1792133	552	"LB 1.0"	245	42.9909460579581	0	0	0	1	-Inf	"SD"	6	30
"ECK120000127"	"cadA"	"-"	4354493	4356640	2148	"LB 1.0"	452	20.3823452385604	25	394	30.4568527918782	1	-3.08621374984968	"SD"	5	6.17283950617284
"ECK120000128"	"cadB"	"-"	4356720	4358054	1335	"LB 1.0"	61	4.42586909933063	3	138	0	0.874157303370787	-Inf	"SD"	NA	NA
"ECK120000129"	"cadC"	"-"	4358419	4359957	1539	"LB 1.0"	13	0.818191056773965	13	347	31.700288184438	0.291747888239116	1.42699385068336	"AD"	NA	NA
"ECK120000130"	"carA"	"+"	29651	30799	1149	"LB 1.0"	17	1.43310789438155	0	0	0	0.550913838120104	-Inf	"SD"	1	2.4390243902439
"ECK120000131"	"carB"	"+"	30817	34038	3222	"LB 1.0"	91	2.73568350547049	2	178	0	0.801675977653631	-Inf	"SD"	28	23.728813559322
"ECK120000133"	"cdd"	"+"	2229866	2230750	885	"LB 1.0"	7130	780.362254615792	1	41	0	1	-Inf	"SD"	215	671.875
"ECK120000135"	"cdsA"	"+"	195677	196534	858	"LB 1.0"	481	54.3009945756176	1	100	0	1	-Inf	"SD"	NA	NA
"ECK120000136"	"chbB"	"-"	1819323	1819643	321	"LB 1.0"	15	4.52622586763167	0	0	0	0.847352024922118	-Inf	"SD"	1	9.09090909090909
"ECK120000137"	"chbC"	"-"	1817880	1819238	1359	"LB 1.0"	21	1.49675195357886	4	117	0	0.657836644591612	-Inf	"SD"	NA	NA
"ECK120000138"	"chbA"	"-"	1817479	1817829	351	"LB 1.0"	21	5.7951165382156	0	0	0	0.86039886039886	-Inf	"SD"	NA	NA
"ECK120000139"	"chbR"	"-"	1816629	1817471	843	"LB 1.0"	71	8.15794493864717	1	45	0	0.988137603795967	-Inf	"SD"	NA	NA
"ECK120000140"	"chbF"	"-"	1815172	1816524	1353	"LB 1.0"	71	5.08288808815932	0	0	0	0.394678492239468	-Inf	"SD"	NA	NA
"ECK120000142"	"cheA"	"-"	1971384	1973348	1965	"LB 1.0"	4947	243.853700996194	2	63	0	1	-Inf	"SD"	57	80.2816901408451
"ECK120000143"	"cheB"	"-"	1965476	1966525	1050	"LB 1.0"	917	84.5921439821242	0	0	0	1	-Inf	"SD"	3	8.10810810810811
"ECK120000144"	"cheR"	"-"	1966528	1967388	861	"LB 1.0"	846	95.173755630605	0	0	0	1	-Inf	"SD"	1	3.03030303030303
"ECK120000145"	"cheW"	"-"	1970860	1971363	504	"LB 1.0"	2577	495.260712109083	0	0	0	1	-Inf	"SD"	25	138.888888888889
"ECK120000146"	"cheY"	"-"	1965072	1965461	390	"LB 1.0"	2108	523.54738553822	0	0	0	1	-Inf	"SD"	14	100
"ECK120000147"	"cheZ"	"-"	1964417	1965061	645	"LB 1.0"	1455	218.500922233252	1	100	0	1	-Inf	"SD"	18	75
"ECK120000153"	"clpB"	"-"	2729622	2732195	2574	"LB 1.0"	4382	164.897406951044	6	97	0	1	-Inf	"SD"	103	107.291666666667
"ECK120000154"	"clpP"	"+"	455901	456524	624	"LB 1.0"	1760	273.198351087307	1	79	0	1	-Inf	"SD"	10	43.4782608695652
"ECK120000155"	"clpX"	"+"	456650	457924	1275	"LB 1.0"	2895	219.931977394027	7	100	0	1	-Inf	"SD"	21	45.6521739130435
"ECK120000157"	"cpsB"	"-"	2121108	2122544	1437	"LB 1.0"	9	0	0	0	0	0.246346555323591	NA	"NO"	NA	NA
"ECK120000158"	"cpsG"	"-"	2119633	2121003	1371	"LB 1.0"	3	0	2	52	0	0.185995623632385	NA	"NO"	NA	NA
"ECK120000163"	"cstA"	"+"	629117	631222	2106	"LB 1.0"	2867	131.861897738604	3	116	0	1	-Inf	"SD"	13	17.3333333333333
"ECK120000164"	"lnt"	"-"	688566	690104	1539	"LB 1.0"	388	24.4198561560229	127	450	233.333333333333	0.996751137102014	-0.217665374333852	"SD"	8	14.0350877192982
"ECK120000165"	"cvpA"	"-"	2428297	2428785	489	"LB 1.0"	117	23.1753871725484	0	0	0	1	-Inf	"SD"	0	0
"ECK120000168"	"cydA"	"+"	770681	772249	1569	"LB 1.0"	8064	497.825995848853	4	196	0	1	-Inf	"SD"	41	70.6896551724138
"ECK120000169"	"cydB"	"+"	772265	773404	1140	"LB 1.0"	5611	476.74419433879	1	100	0	1	-Inf	"SD"	3	7.14285714285714
"ECK120000170"	"cynS"	"+"	358713	359183	471	"LB 1.0"	8	1.64520141940243	1	100	0	0.437367303609342	-Inf	"SD"	NA	NA
"ECK120000173"	"cyoA"	"-"	449887	450834	948	"LB 1.0"	2956	302.027221967291	0	0	0	1	-Inf	"SD"	30	85.7142857142857
"ECK120000174"	"cyoB"	"-"	447874	449865	1992	"LB 1.0"	1525	74.1533038103211	2	100	0	0.997489959839357	-Inf	"SD"	8	10.8108108108108
"ECK120000175"	"cyoC"	"-"	447270	447884	615	"LB 1.0"	581	91.5063035814824	4	122	0	1	-Inf	"SD"	NA	NA
"ECK120000176"	"cyoD"	"-"	446941	447270	330	"LB 1.0"	235	68.9769390555142	0	0	0	1	-Inf	"SD"	NA	NA
"ECK120000177"	"cyoE"	"-"	446039	446929	891	"LB 1.0"	469	50.9853182301594	2	79	0	1	-Inf	"SD"	NA	NA
"ECK120000178"	"cysA"	"-"	2537739	2538836	1098	"LB 1.0"	30	2.64648179145677	1	100	0	0.576502732240437	-Inf	"SD"	NA	NA
"ECK120000179"	"cysB"	"+"	1331879	1332853	975	"LB 1.0"	365	36.2608720534062	6	211	0	0.990769230769231	-Inf	"SD"	9	25
"ECK120000180"	"cysC"	"-"	2871409	2872014	606	"LB 1.0"	31	4.95494759172748	9	340	23.5294117647059	0.947194719471947	-1.63079789305498	"SD"	NA	NA
"ECK120000183"	"cysG"	"+"	3495850	3497223	1374	"LB 1.0"	262	18.4699004327782	2	100	0	0.982532751091703	-Inf	"SD"	1	2
"ECK120000184"	"cysH"	"-"	2885600	2886334	735	"LB 1.0"	30	3.95351973744154	0	0	0	0.846258503401361	-Inf	"SD"	0	0
"ECK120000185"	"cysI"	"-"	2886409	2888121	1713	"LB 1.0"	35	1.97906781953072	2	58	0	0.737302977232925	-Inf	"SD"	5	7.8125
"ECK120000187"	"cysK"	"+"	2530431	2531402	972	"LB 1.0"	403	40.1595443699888	26	152	157.894736842105	1	-3.06463659034209	"SD"	74	217.647058823529
"ECK120000189"	"cysN"	"-"	2872014	2873441	1428	"LB 1.0"	45	3.05234979728943	1	100	0	0.792717086834734	-Inf	"SD"	4	7.54716981132075
"ECK120000190"	"cysP"	"-"	2540534	2541550	1017	"LB 1.0"	27	2.57153717435357	2	100	0	0.673549655850541	-Inf	"SD"	10	26.3157894736842
"ECK120000192"	"cysU"	"-"	2539701	2540534	834	"LB 1.0"	11	1.27754624609172	0	0	0	0.507194244604317	-Inf	"SD"	1	3.33333333333333
"ECK120000193"	"cysW"	"-"	2538826	2539701	876	"LB 1.0"	11	1.21629402881335	1	100	0	0.428082191780822	-Inf	"SD"	NA	NA
"ECK120000194"	"cytR"	"-"	4121454	4122479	1026	"LB 1.0"	831	78.4519347899036	3	112	0	1	-Inf	"SD"	2	5.26315789473684
"ECK120000195"	"dacA"	"-"	661975	663186	1212	"LB 1.0"	721	57.6212453812179	4	142	0	1	-Inf	"SD"	19	43.1818181818182
"ECK120000198"	"dam"	"-"	3513099	3513935	837	"LB 1.0"	158	18.2844383555988	37	741	49.9325236167341	1	-1.30501913613887	"SD"	4	12.5
"ECK120000200"	"dapB"	"+"	28374	29195	822	"LB 1.0"	195	22.9780298608601	1	41	0	1	-Inf	"SD"	7	24.1379310344828
"ECK120000201"	"dapD"	"-"	185123	185947	825	"LB 1.0"	1739	204.171739604322	3	154	0	1	-Inf	"SD"	48	160
"ECK120000202"	"dapE"	"+"	2589629	2590756	1128	"LB 1.0"	279	23.9576987280866	4	100	0	1	-Inf	"SD"	6	14.6341463414634
"ECK120000203"	"dapF"	"+"	3992785	3993609	825	"LB 1.0"	1365	160.261313720471	1	50	0	1	-Inf	"SD"	8	26.6666666666667
"ECK120000205"	"dcm"	"-"	2028923	2030341	1419	"LB 1.0"	333	22.730648892119	1	100	0	1	-Inf	"SD"	3	5.66037735849057
"ECK120000208"	"ddlB"	"+"	102233	103153	921	"LB 1.0"	883	92.8647874483622	1	78	0	1	-Inf	"SD"	9	27.2727272727273
"ECK120000209"	"deaD"	"-"	3303993	3305882	1890	"LB 1.0"	1423	72.9277964901022	15	183	38.2513661202186	1	-5.7029700715015	"SD"	62	87.3239436619718
"ECK120000210"	"dedA"	"-"	2432104	2432763	660	"LB 1.0"	223	32.7273561901695	7	295	23.728813559322	1	-4.54699832975794	"SD"	NA	NA
"ECK120000211"	"accD"	"-"	2431034	2431948	915	"LB 1.0"	2130	225.480248632117	0	0	0	1	-Inf	"SD"	17	51.5151515151515
"ECK120000212"	"dedD"	"-"	2429044	2429706	663	"LB 1.0"	408	59.6069129645033	0	0	0	1	-Inf	"SD"	4	17.3913043478261
"ECK120000213"	"deoA"	"+"	4616252	4617574	1323	"LB 1.0"	4146	303.542459841345	8	250	0	1	-Inf	"SD"	55	117.021276595745
"ECK120000214"	"deoB"	"+"	4617626	4618849	1224	"LB 1.0"	8211	649.777441847424	1	85	0	1	-Inf	"SD"	90	204.545454545455
"ECK120000216"	"deoD"	"+"	4618906	4619625	720	"LB 1.0"	4298	578.207752600461	1	57	0	1	-Inf	"SD"	219	842.307692307692
"ECK120000221"	"dicB"	"+"	1647633	1647821	189	"LB 1.0"	0	0	0	0	0	0	NA	"NO"	NA	NA
"ECK120000224"	"dksA"	"-"	160149	160604	456	"LB 1.0"	1899	403.376058211264	0	0	0	1	-Inf	"SD"	30	166.666666666667
"ECK120000226"	"dmsA"	"+"	940182	942626	2445	"LB 1.0"	1008	39.9329748203912	12	219	41.0958904109589	1	-4.47151173835907	"SD"	13	14.4444444444444
"ECK120000227"	"dmsB"	"+"	942637	943254	618	"LB 1.0"	302	47.3334830701132	4	148	0	1	-Inf	"SD"	2	8.69565217391304
"ECK120000231"	"dnaC"	"-"	4598261	4598998	738	"LB 1.0"	150	19.6872425949833	0	0	0	0.979674796747967	-Inf	"SD"	1	3.57142857142857
"ECK120000232"	"dnaE"	"+"	205126	208608	3483	"LB 1.0"	2277	63.3227185853525	8	48	0	1	-Inf	"SD"	19	14.6153846153846
"ECK120000233"	"dnaG"	"+"	3209129	3210874	1746	"LB 1.0"	678	37.6127814196114	2	100	0	1	-Inf	"SD"	8	12.1212121212121
"ECK120000234"	"dnaJ"	"+"	14168	15298	1131	"LB 1.0"	647	55.4104492644161	1	93	0	1	-Inf	"SD"	9	21.9512195121951
"ECK120000236"	"dnaN"	"-"	3879244	3880344	1101	"LB 1.0"	853	75.0432627002017	11	205	39.0243902439024	1	-5.55157874389498	"SD"	6	14.6341463414634
"ECK120000238"	"dnaT"	"-"	4599001	4599540	540	"LB 1.0"	153	27.4440161774067	9	389	23.1362467866324	1	-3.93042281034057	"SD"	NA	NA
"ECK120000239"	"dnaX"	"+"	491316	493247	1932	"LB 1.0"	793	39.7572247509747	3	193	0	1	-Inf	"SD"	7	9.85915492957746
"ECK120000241"	"acpS"	"-"	2698640	2699020	381	"LB 1.0"	125	31.7786199367841	0	0	0	1	-Inf	"SD"	1	7.14285714285714
"ECK120000242"	"dppA"	"-"	3704121	3705728	1608	"LB 1.0"	850	51.2015227190424	25	259	65.6370656370656	1	-3.91258006473686	"SD"	15	25
"ECK120000245"	"dut"	"+"	3811955	3812410	456	"LB 1.0"	1069	227.071619919874	0	0	0	1	-Inf	"SD"	9	56.25
"ECK120000246"	"ebgA"	"+"	3220655	3223747	3093	"LB 1.0"	23	0.720274287762143	23	299	36.7892976588629	0.285483349498868	1.61088521452849	"AD"	NA	NA
"ECK120000247"	"ebgC"	"+"	3223744	3224193	450	"LB 1.0"	6	1.2914831142309	1	100	0	0.422222222222222	-Inf	"SD"	NA	NA
"ECK120000251"	"edd"	"-"	1930817	1932628	1812	"LB 1.0"	414	22.1305467422018	2	74	0	0.615342163355408	-Inf	"SD"	2	3.07692307692308
"ECK120000253"	"entA"	"+"	627774	628520	747	"LB 1.0"	9	1.16700281406407	6	116	0	0.654618473895582	-Inf	"SD"	NA	NA
"ECK120000254"	"entB"	"+"	626917	627774	858	"LB 1.0"	13	1.46759444798966	0	0	0	0.645687645687646	-Inf	"SD"	2	6.06060606060606
"ECK120000257"	"entE"	"+"	625293	626903	1611	"LB 1.0"	1	0	0	0	0	0.0304158907510863	NA	"NO"	2	3.38983050847458
"ECK120000258"	"entF"	"+"	613380	617261	3882	"LB 1.0"	31	0.77349259159888	7	120	0	0.426069036579083	-Inf	"SD"	2	1.40845070422535
"ECK120000259"	"lpxC"	"+"	106557	107474	918	"LB 1.0"	6769	714.219705901061	0	0	0	1	-Inf	"SD"	NA	NA
"ECK120000261"	"acrF"	"+"	3413055	3416159	3105	"LB 1.0"	41	1.27900501650887	16	139	0	0.551368760064412	-Inf	"SD"	NA	NA
"ECK120000262"	"envY"	"-"	585370	586131	762	"LB 1.0"	6	0.762686878482817	8	162	0	0.433070866141732	-Inf	"SD"	NA	NA
"ECK120000264"	"era"	"-"	2700503	2701408	906	"LB 1.0"	531	56.7696633821697	0	0	0	1	-Inf	"SD"	14	41.1764705882353
"ECK120000265"	"exbB"	"-"	3149272	3150006	735	"LB 1.0"	60	7.90703947488309	5	96	0	0.955102040816327	-Inf	"SD"	4	15.3846153846154
"ECK120000270"	"accC"	"+"	3403939	3405288	1350	"LB 1.0"	5979	428.987641110365	1	40	0	1	-Inf	"SD"	31	63.265306122449
"ECK120000271"	"fabH"	"+"	1147982	1148935	954	"LB 1.0"	1568	159.201692068715	1	100	0	1	-Inf	"SD"	37	108.823529411765
"ECK120000276"	"fbaA"	"-"	3068187	3069266	1080	"LB 1.0"	3270	293.274290523268	5	89	0	1	-Inf	"SD"	37	94.8717948717949
"ECK120000279"	"fdhF"	"-"	4295242	4297389	2148	"LB 1.0"	610	27.5071473352253	34	512	52.734375	0.988361266294227	-2.34877521844243	"SD"	NA	NA
"ECK120000280"	"fecA"	"-"	4512376	4514700	2325	"LB 1.0"	81	3.37452039524849	3	65	0	0.658924731182796	-Inf	"SD"	3	3.52941176470588
"ECK120000281"	"fecB"	"-"	4511429	4512331	903	"LB 1.0"	42	4.50517365429385	6	165	0	0.994462901439646	-Inf	"SD"	6	18.1818181818182
"ECK120000282"	"fecC"	"-"	4510434	4511432	999	"LB 1.0"	9	0.872623725831692	1	100	0	0.404404404404404	-Inf	"SD"	NA	NA
"ECK120000283"	"fecD"	"-"	4509481	4510437	957	"LB 1.0"	16	1.61941456329894	1	96	0	0.64367816091954	-Inf	"SD"	NA	NA
"ECK120000286"	"fecR"	"-"	4514787	4515740	954	"LB 1.0"	11	1.1168486050739	4	168	0	0.40461215932914	-Inf	"SD"	NA	NA
"ECK120000292"	"fepG"	"-"	619419	620411	993	"LB 1.0"	1	0	2	60	0	0.00604229607250755	NA	"NO"	NA	NA
"ECK120000296"	"fhuA"	"+"	167484	169727	2244	"LB 1.0"	164	7.07898498442073	24	360	33.3333333333333	0.489304812834225	-1.56050810942919	"SD"	0	0
"ECK120000298"	"fhuC"	"+"	169778	170575	798	"LB 1.0"	20	2.42759983877989	1	100	0	0.868421052631579	-Inf	"SD"	1	3.44827586206897
"ECK120000299"	"fhuD"	"+"	170575	171465	891	"LB 1.0"	19	2.06550329717064	0	0	0	0.655443322109989	-Inf	"SD"	NA	NA
"ECK120000301"	"fic"	"-"	3488883	3489485	603	"LB 1.0"	33	5.30086352855968	0	0	0	0.943615257048093	-Inf	"SD"	NA	NA
"ECK120000302"	"fimA"	"+"	4541138	4541686	549	"LB 1.0"	8402	1482.38266745465	0	0	0	1	-Inf	"SD"	5	27.7777777777778
"ECK120000304"	"fimC"	"+"	4542327	4543052	726	"LB 1.0"	809	107.934900765785	0	0	0	1	-Inf	"SD"	4	14.8148148148148
"ECK120000305"	"fimD"	"+"	4543119	4545755	2637	"LB 1.0"	1355	49.7713202441091	11	189	42.3280423280423	0.972317026924535	-4.95917084651773	"SD"	0	0
"ECK120000306"	"fimE"	"+"	4540060	4540656	597	"LB 1.0"	36	5.84087840606942	2	58	0	0.507537688442211	-Inf	"SD"	NA	NA
"ECK120000307"	"fimF"	"+"	4545765	4546295	531	"LB 1.0"	123	22.4367829167233	0	0	0	1	-Inf	"SD"	0	0
"ECK120000308"	"fimG"	"+"	4546308	4546811	504	"LB 1.0"	79	15.1826139917026	2	96	0	1	-Inf	"SD"	0	0
"ECK120000310"	"lpxD"	"+"	200971	201996	1026	"LB 1.0"	1844	174.08588177206	2	59	0	1	-Inf	"SD"	21	58.3333333333333
"ECK120000311"	"fis"	"+"	3409293	3409589	297	"LB 1.0"	541	176.437465858313	0	0	0	1	-Inf	"SD"	4	36.3636363636364
"ECK120000312"	"fldA"	"-"	710158	710688	531	"LB 1.0"	556	101.421555298359	0	0	0	1	-Inf	"SD"	9	45
"ECK120000313"	"flhC"	"-"	1975290	1975868	579	"LB 1.0"	1815	303.632364291333	4	223	0	1	-Inf	"SD"	1	4.54545454545455
"ECK120000314"	"flhD"	"-"	1975871	1976221	351	"LB 1.0"	223	61.5386184772418	19	171	99.4152046783626	1	-4.17788540450646	"SD"	NA	NA
"ECK120000316"	"fliL"	"+"	2017642	2018106	465	"LB 1.0"	809	168.517716034323	0	0	0	1	-Inf	"SD"	13	76.4705882352941
"ECK120000317"	"fliM"	"+"	2018111	2019115	1005	"LB 1.0"	3727	359.205788562581	2	211	0	1	-Inf	"SD"	13	34.2105263157895
"ECK120000318"	"fliN"	"+"	2019112	2019525	414	"LB 1.0"	2122	496.472313115576	0	0	0	1	-Inf	"SD"	6	40
"ECK120000319"	"fnr"	"-"	1396798	1397550	753	"LB 1.0"	1938	249.292258503933	4	144	0	1	-Inf	"SD"	9	32.1428571428571
"ECK120000321"	"folC"	"-"	2429696	2430964	1269	"LB 1.0"	555	42.3624780377158	3	145	0	1	-Inf	"SD"	13	28.8888888888889
"ECK120000325"	"frdB"	"-"	4377806	4378540	735	"LB 1.0"	3896	513.430429902408	0	0	0	1	-Inf	"SD"	20	74.0740740740741
"ECK120000326"	"frdC"	"-"	4377400	4377795	396	"LB 1.0"	5141	1257.48384285248	0	0	0	1	-Inf	"SD"	0	0
"ECK120000327"	"frdD"	"-"	4377030	4377389	360	"LB 1.0"	1594	428.880017517513	0	0	0	1	-Inf	"SD"	NA	NA
"ECK120000329"	"frr"	"+"	192872	193429	558	"LB 1.0"	3865	670.911590927748	0	0	0	1	-Inf	"SD"	14	66.6666666666667
"ECK120000330"	"fruA"	"-"	2257741	2259432	1692	"LB 1.0"	119	6.81234444120025	3	36	0	0.965721040189125	-Inf	"SD"	9	15.5172413793103
"ECK120000331"	"fruK"	"-"	2259449	2260387	939	"LB 1.0"	60	6.18921620238452	0	0	0	0.993610223642173	-Inf	"SD"	8	23.5294117647059
"ECK120000332"	"cra"	"+"	88028	89032	1005	"LB 1.0"	1393	134.256416277884	0	0	0	1	-Inf	"SD"	11	28.9473684210526
"ECK120000333"	"ftsA"	"+"	103982	105244	1263	"LB 1.0"	1954	149.854988432731	0	0	0	1	-Inf	"SD"	10	22.2222222222222
"ECK120000334"	"ftsE"	"-"	3600102	3600770	669	"LB 1.0"	516	74.709112886003	1	67	0	1	-Inf	"SD"	6	25
"ECK120000335"	"ftsI"	"+"	91413	93179	1767	"LB 1.0"	2194	120.267994593489	8	115	52.1739130434783	1	-6.64707455127148	"SD"	6	9.375
"ECK120000336"	"ftsQ"	"+"	103155	103985	831	"LB 1.0"	1256	146.399168905597	0	0	0	1	-Inf	"SD"	2	6.45161290322581
"ECK120000338"	"ftsW"	"+"	98403	99647	1245	"LB 1.0"	347	26.9966650986822	0	0	0	1	-Inf	"SD"	2	4.34782608695652
"ECK120000339"	"ftsX"	"-"	3599051	3600109	1059	"LB 1.0"	475	43.4457846501189	2	45	0	1	-Inf	"SD"	11	28.2051282051282
"ECK120000341"	"ftsZ"	"+"	105305	106456	1152	"LB 1.0"	4647	390.724090613998	1	101	0	1	-Inf	"SD"	46	115
"ECK120000343"	"fucI"	"+"	2933606	2935381	1776	"LB 1.0"	220	11.9985762301858	10	285	28.0701754385965	1	-2.90671941331562	"SD"	11	16.9230769230769
"ECK120000344"	"fucK"	"+"	2935460	2936908	1449	"LB 1.0"	216	14.4389416497865	3	40	0	0.980676328502415	-Inf	"SD"	NA	NA
"ECK120000348"	"fucU"	"+"	2936910	2937332	423	"LB 1.0"	108	24.7305277193152	2	82	0	1	-Inf	"SD"	1	6.66666666666667
"ECK120000350"	"fumB"	"-"	4343703	4345349	1647	"LB 1.0"	1368	80.4530464602858	6	125	0	1	-Inf	"SD"	12	20
"ECK120000353"	"fusA"	"-"	3469422	3471536	2115	"LB 1.0"	17736	812.260443758841	3	36	0	1	-Inf	"SD"	516	661.538461538462
"ECK120000354"	"gabT"	"+"	2790757	2792037	1281	"LB 1.0"	21	1.58788907487406	1	64	0	0.554254488680718	-Inf	"SD"	1	2.17391304347826
"ECK120000355"	"galE"	"-"	790262	791278	1017	"LB 1.0"	206	19.6198762191421	5	100	0	1	-Inf	"SD"	13	35.1351351351351
"ECK120000356"	"galK"	"-"	788054	789202	1149	"LB 1.0"	1197	100.907655857336	9	331	21.1480362537764	1	-6.17146499838084	"SD"	7	17.0731707317073
"ECK120000358"	"galS"	"-"	2238650	2239690	1041	"LB 1.0"	78	7.25761404250796	7	144	41.6666666666667	0.712776176753122	-2.59646093098273	"SD"	1	2.7027027027027
"ECK120000359"	"galT"	"-"	789206	790252	1047	"LB 1.0"	230	21.2780169250077	4	104	0	0.981852913085005	-Inf	"SD"	2	5
"ECK120000361"	"epd"	"-"	3070694	3071713	1020	"LB 1.0"	1104	104.838041037568	11	426	25.8215962441315	1	-5.57451496742308	"SD"	5	13.5135135135135
"ECK120000363"	"ispG"	"-"	2638708	2639826	1119	"LB 1.0"	1147	99.2849284197619	2	178	0	1	-Inf	"SD"	14	34.1463414634146
"ECK120000364"	"gcvH"	"-"	3047182	3047571	390	"LB 1.0"	2146	532.9851467576	0	0	0	1	-Inf	"SD"	NA	NA
"ECK120000368"	"mnmG"	"-"	3921767	3923656	1890	"LB 1.0"	753	38.5907454371377	3	95	0	0.985714285714286	-Inf	"SD"	13	18.5714285714286
"ECK120000369"	"rsmG"	"-"	3921080	3921703	624	"LB 1.0"	113	17.5405759504918	34	469	40.5117270788913	1	-2.20662479625041	"SD"	4	17.3913043478261
"ECK120000370"	"glgA"	"-"	3564623	3566056	1434	"LB 1.0"	589	39.7847047218621	4	110	0	1	-Inf	"SD"	1	1.88679245283019
"ECK120000371"	"glgB"	"-"	3569339	3571525	2187	"LB 1.0"	884	39.1519572352579	6	194	0	1	-Inf	"SD"	0	0
"ECK120000372"	"glgC"	"-"	3566056	3567351	1296	"LB 1.0"	824	61.5846114656403	2	63	0	1	-Inf	"SD"	2	4.08163265306122
"ECK120000374"	"glgX"	"-"	3567369	3569342	1974	"LB 1.0"	570	27.9690492063684	5	100	0	1	-Inf	"SD"	0	0
"ECK120000375"	"glmS"	"-"	3909862	3911691	1830	"LB 1.0"	3172	167.892804850018	4	81	0	1	-Inf	"SD"	54	80.5970149253731
"ECK120000378"	"glnG"	"-"	4051892	4053301	1410	"LB 1.0"	439	30.1575046354982	4	146	0	0.961702127659574	-Inf	"SD"	4	7.69230769230769
"ECK120000379"	"glnH"	"-"	846481	847227	747	"LB 1.0"	609	78.9671904183354	2	100	0	1	-Inf	"SD"	30	111.111111111111
"ECK120000380"	"glnL"	"-"	4053313	4054362	1050	"LB 1.0"	126	11.6233480280781	39	269	133.828996282528	1	-0.690956875645174	"SD"	0	0
"ECK120000381"	"glnP"	"-"	845683	846342	660	"LB 1.0"	360	52.8334001276279	1	51	0	1	-Inf	"SD"	6	25
"ECK120000382"	"glnQ"	"-"	844964	845686	723	"LB 1.0"	379	50.7751141383312	0	0	0	1	-Inf	"SD"	13	48.1481481481481
"ECK120000383"	"glnS"	"+"	705316	706980	1665	"LB 1.0"	1538	89.4730193552762	4	148	0	1	-Inf	"SD"	32	50.7936507936508
"ECK120000385"	"glpB"	"+"	2352287	2353546	1260	"LB 1.0"	4961	381.37188867259	0	0	0	1	-Inf	"SD"	22	48.8888888888889
"ECK120000386"	"glpC"	"+"	2353543	2354733	1191	"LB 1.0"	2205	179.327472725387	1	100	0	1	-Inf	"SD"	13	29.5454545454545
"ECK120000390"	"glpG"	"-"	3558645	3559475	831	"LB 1.0"	233	27.1584445501625	0	0	0	1	-Inf	"SD"	1	3.2258064516129
"ECK120000391"	"glpK"	"-"	4113737	4115245	1509	"LB 1.0"	188	12.0675360574259	8	136	0	0.990059642147117	-Inf	"SD"	2	3.57142857142857
"ECK120000396"	"gltB"	"+"	3352654	3357207	4554	"LB 1.0"	1342	28.5436485391613	5	218	0	0.995608256477822	-Inf	"SD"	116	71.1656441717791
"ECK120000397"	"gltD"	"+"	3357220	3358638	1419	"LB 1.0"	348	23.7545519953676	5	110	0	1	-Inf	"SD"	15	28.8461538461538
"ECK120000402"	"glyQ"	"-"	3722430	3723341	912	"LB 1.0"	1313	139.450438238913	0	0	0	1	-Inf	"SD"	26	74.2857142857143
"ECK120000404"	"gnd"	"-"	2097886	2099292	1407	"LB 1.0"	2054	141.402255683917	0	0	0	1	-Inf	"SD"	47	92.156862745098
"ECK120000411"	"gshA"	"-"	2812905	2814461	1557	"LB 1.0"	887	55.1804201504245	12	180	50	1	-4.93808762992077	"SD"	16	27.5862068965517
"ECK120000412"	"gshB"	"+"	3089900	3090850	951	"LB 1.0"	569	57.9537769714026	2	104	0	1	-Inf	"SD"	15	41.6666666666667
"ECK120000417"	"gyrB"	"-"	3875728	3878142	2415	"LB 1.0"	2511	100.711618007261	21	394	40.6091370558376	1	-4.97601440568943	"SD"	53	58.8888888888889
"ECK120000418"	"hdhA"	"-"	1695297	1696064	768	"LB 1.0"	92	11.6031686044183	0	0	0	0.901041666666667	-Inf	"SD"	3	11.1111111111111
"ECK120000423"	"hemD"	"-"	3987111	3987851	741	"LB 1.0"	717	93.7240276218176	4	169	0	1	-Inf	"SD"	1	3.57142857142857
"ECK120000426"	"hemX"	"-"	3985908	3987089	1182	"LB 1.0"	854	69.9826509868777	2	95	0	1	-Inf	"SD"	2	4.65116279069767
"ECK120000427"	"hemY"	"-"	3984709	3985905	1197	"LB 1.0"	594	48.0664768078419	2	43	0	1	-Inf	"SD"	2	4.44444444444444
"ECK120000428"	"hflC"	"+"	4401323	4402327	1005	"LB 1.0"	1767	170.30228827209	0	0	0	1	-Inf	"SD"	14	36.8421052631579
"ECK120000429"	"hflK"	"+"	4400061	4401320	1260	"LB 1.0"	1433	110.1604346841	2	96	0	1	-Inf	"SD"	18	39.1304347826087
"ECK120000430"	"hflX"	"+"	4398695	4399975	1281	"LB 1.0"	2094	158.335224894585	1	49	0	1	-Inf	"SD"	10	20.8333333333333
"ECK120000431"	"hfq"	"+"	4398311	4398619	309	"LB 1.0"	804	252.027287340206	3	260	0	1	-Inf	"SD"	38	345.454545454545
"ECK120000432"	"hha"	"-"	479314	479532	219	"LB 1.0"	105	46.4403174637825	0	0	0	1	-Inf	"SD"	1	11.1111111111111
"ECK120000433"	"ihfA"	"-"	1793277	1793576	300	"LB 1.0"	2581	833.329479457491	0	0	0	1	-Inf	"SD"	3	27.2727272727273
"ECK120000434"	"ihfB"	"+"	963051	963335	285	"LB 1.0"	1420	482.606847949443	0	0	0	1	-Inf	"SD"	7	63.6363636363636
"ECK120000435"	"hipB"	"-"	1590200	1590466	267	"LB 1.0"	15	5.44164233524257	5	235	0	0.850187265917603	-Inf	"SD"	NA	NA
"ECK120000436"	"hipA"	"-"	1588878	1590200	1323	"LB 1.0"	35	2.56246649648989	1	51	0	0.662887377173091	-Inf	"SD"	NA	NA
"ECK120000437"	"hisA"	"+"	2093149	2093886	738	"LB 1.0"	87	11.4186007050903	0	0	0	1	-Inf	"SD"	4	15.3846153846154
"ECK120000438"	"hisB"	"+"	2091492	2092559	1068	"LB 1.0"	167	15.1459044997585	0	0	0	0.99250936329588	-Inf	"SD"	7	17.5
"ECK120000439"	"hisC"	"+"	2090422	2091492	1071	"LB 1.0"	88	7.95871947145095	3	128	0	0.963585434173669	-Inf	"SD"	3	7.69230769230769
"ECK120000440"	"hisD"	"+"	2089121	2090425	1305	"LB 1.0"	75	5.5667375613401	1	100	0	0.869731800766284	-Inf	"SD"	2	4.34782608695652
"ECK120000441"	"hisF"	"+"	2093868	2094644	777	"LB 1.0"	105	13.0893558874754	4	160	0	1	-Inf	"SD"	7	25
"ECK120000442"	"hisG"	"+"	2088216	2089115	900	"LB 1.0"	43	4.62781449266074	0	0	0	1	-Inf	"SD"	16	48.4848484848485
"ECK120000443"	"hisH"	"+"	2092559	2093149	591	"LB 1.0"	46	7.53911462622102	0	0	0	0.954314720812183	-Inf	"SD"	4	18.1818181818182
"ECK120000445"	"hisP"	"-"	2421758	2422531	774	"LB 1.0"	96	12.0137964114503	0	0	0	0.961240310077519	-Inf	"SD"	3	10.3448275862069
"ECK120000446"	"hisS"	"-"	2637323	2638597	1275	"LB 1.0"	2036	154.674095327889	0	0	0	1	-Inf	"SD"	19	40.4255319148936
"ECK120000447"	"truA"	"-"	2432846	2433658	813	"LB 1.0"	724	86.2577282936508	2	71	0	1	-Inf	"SD"	5	16.6666666666667
"ECK120000448"	"hlpA"	"+"	200482	200967	486	"LB 1.0"	963	191.928740587093	0	0	0	1	-Inf	"SD"	121	672.222222222222
"ECK120000451"	"hsdM"	"-"	4579482	4581071	1590	"LB 1.0"	586	35.6985426858165	3	81	0	1	-Inf	"SD"	20	33.8983050847458
"ECK120000453"	"hsdS"	"-"	4578091	4579485	1395	"LB 1.0"	217	15.0673029993605	3	52	0	0.992831541218638	-Inf	"SD"	2	3.92156862745098
"ECK120000454"	"htpG"	"+"	494344	496218	1875	"LB 1.0"	1573	81.2601175474085	2	100	0	1	-Inf	"SD"	84	118.30985915493
"ECK120000456"	"degP"	"+"	180884	182308	1425	"LB 1.0"	1540	104.678105048189	2	100	0	1	-Inf	"SD"	20	40.8163265306122
"ECK120000459"	"hupA"	"+"	4198304	4198576	273	"LB 1.0"	5010	1777.56329733429	0	0	0	1	-Inf	"SD"	6	60
"ECK120000460"	"hupB"	"+"	460675	460947	273	"LB 1.0"	5382	1909.55003318427	0	0	0	1	-Inf	"SD"	6	66.6666666666667
"ECK120000462"	"hyaB"	"+"	1032477	1034270	1794	"LB 1.0"	144	7.77481473450043	3	35	0	0.944258639910814	-Inf	"SD"	NA	NA
"ECK120000463"	"hyaC"	"+"	1034289	1034996	708	"LB 1.0"	41	5.60919572918083	1	100	0	1	-Inf	"SD"	NA	NA
"ECK120000464"	"hyaD"	"+"	1034993	1035580	588	"LB 1.0"	123	20.2617886543879	0	0	0	1	-Inf	"SD"	NA	NA
"ECK120000465"	"hyaE"	"+"	1035577	1035975	399	"LB 1.0"	52	12.6235191616555	0	0	0	0.954887218045113	-Inf	"SD"	NA	NA
"ECK120000466"	"hyaF"	"+"	1035972	1036829	858	"LB 1.0"	78	8.80556668793798	1	100	0	0.991841491841492	-Inf	"SD"	NA	NA
"ECK120000468"	"hycB"	"-"	2847260	2847871	612	"LB 1.0"	1	0	0	0	0	0.163398692810458	NA	"NO"	NA	NA
"ECK120000469"	"hycC"	"-"	2845437	2847263	1827	"LB 1.0"	8	0	1	100	0	0.217296113847838	NA	"NO"	NA	NA
"ECK120000470"	"hycD"	"-"	2844511	2845434	924	"LB 1.0"	2	0	0	0	0	0.106060606060606	NA	"NO"	NA	NA
"ECK120000471"	"hycE"	"-"	2842784	2844493	1710	"LB 1.0"	7	0.396507973667383	3	114	0	0.256140350877193	-Inf	"SD"	NA	NA
"ECK120000472"	"hycF"	"-"	2842232	2842774	543	"LB 1.0"	2	0	1	59	0	0.10865561694291	NA	"NO"	NA	NA
"ECK120000473"	"hycG"	"-"	2841465	2842232	768	"LB 1.0"	28	3.53139914047513	1	80	0	0.682291666666667	-Inf	"SD"	NA	NA
"ECK120000474"	"hycH"	"-"	2841058	2841468	411	"LB 1.0"	64	15.0830144727697	2	47	0	1	-Inf	"SD"	NA	NA
"ECK120000477"	"hypB"	"+"	2849023	2849895	873	"LB 1.0"	186	20.6371013098753	2	117	0	0.970217640320733	-Inf	"SD"	8	25
"ECK120000478"	"hypC"	"+"	2849886	2850158	273	"LB 1.0"	106	37.6091236561747	1	50	0	1	-Inf	"SD"	1	10
"ECK120000479"	"hypD"	"+"	2850158	2851279	1122	"LB 1.0"	297	25.6397382972312	78	680	114.705882352941	1	-0.716835507470785	"SD"	3	7.31707317073171
"ECK120000480"	"hypE"	"+"	2851318	2852286	969	"LB 1.0"	311	31.0875579354343	4	135	0	1	-Inf	"SD"	5	14.2857142857143
"ECK120000485"	"ileS"	"+"	22391	25207	2817	"LB 1.0"	4659	160.197546038386	3	87	0	1	-Inf	"SD"	91	87.5
"ECK120000487"	"ilvB"	"-"	3849119	3850807	1689	"LB 1.0"	172	9.863903003895	8	108	0	0.950266429840142	-Inf	"SD"	9	15
"ECK120000489"	"ilvD"	"+"	3951501	3953351	1851	"LB 1.0"	156	8.16334545461998	2	60	0	0.984873041599136	-Inf	"SD"	6	9.09090909090909
"ECK120000490"	"ilvE"	"+"	3950507	3951436	930	"LB 1.0"	49	5.10344133849309	0	0	0	0.875268817204301	-Inf	"SD"	5	14.7058823529412
"ECK120000491"	"ilvG_2"	"+"	3949646	3950227	582	"LB 1.0"	73	12.1492612550072	7	158	0	0.982817869415808	-Inf	"SD"	NA	NA
"ECK120000492"	"ilvH"	"+"	87357	87848	492	"LB 1.0"	31	6.10304520444482	0	0	0	0.841463414634146	-Inf	"SD"	2	11.1111111111111
"ECK120000493"	"ilvI"	"+"	85630	87354	1725	"LB 1.0"	125	7.01892996864622	1	58	0	0.961739130434783	-Inf	"SD"	1	1.58730158730159
"ECK120000494"	"ilvM"	"+"	3950224	3950487	264	"LB 1.0"	11	4.03588473197158	1	45	0	0.950757575757576	-Inf	"SD"	NA	NA
"ECK120000495"	"ilvN"	"-"	3848825	3849115	291	"LB 1.0"	23	7.65569887301825	0	0	0	0.996563573883162	-Inf	"SD"	1	9.09090909090909
"ECK120000497"	"infA"	"-"	925448	925666	219	"LB 1.0"	2327	1029.20589274497	0	0	0	1	-Inf	"SD"	1	12.5
"ECK120000498"	"infB"	"-"	3311364	3314036	2673	"LB 1.0"	2276	82.4751842870241	3	58	0	1	-Inf	"SD"	152	156.701030927835
"ECK120000499"	"infC"	"-"	1798120	1798662	543	"LB 1.0"	5326	950.06064452953	0	0	0	1	-Inf	"SD"	50	238.095238095238
"ECK120000501"	"ispA"	"-"	439426	440325	900	"LB 1.0"	1025	110.31418267389	6	106	0	1	-Inf	"SD"	11	34.375
"ECK120000504"	"katG"	"+"	4131858	4134038	2181	"LB 1.0"	4705	208.95557264293	2	145	0	1	-Inf	"SD"	223	278.75
"ECK120000505"	"kbl"	"-"	3789378	3790574	1197	"LB 1.0"	1036	83.8331144325324	0	0	0	1	-Inf	"SD"	22	51.1627906976744
"ECK120000506"	"kdpA"	"-"	726282	727955	1674	"LB 1.0"	2	0	2	100	0	0.0931899641577061	NA	"NO"	NA	NA
"ECK120000507"	"kdpB"	"-"	724211	726259	2049	"LB 1.0"	19	0.898176397159121	2	123	0	0.367984382625671	-Inf	"SD"	NA	NA
"ECK120000508"	"kdpC"	"-"	723630	724202	573	"LB 1.0"	136	22.9897517716496	2	100	0	0.717277486910995	-Inf	"SD"	NA	NA
"ECK120000509"	"kdpD"	"-"	720953	723637	2685	"LB 1.0"	345	12.4458568270855	4	59	0	0.986964618249534	-Inf	"SD"	5	5.05050505050505
"ECK120000512"	"kdsB"	"+"	970075	970821	747	"LB 1.0"	366	47.4581144386055	0	0	0	1	-Inf	"SD"	3	10.7142857142857
"ECK120000514"	"kefC"	"+"	47769	49631	1863	"LB 1.0"	106	5.51115982723333	6	135	0	0.891035963499732	-Inf	"SD"	NA	NA
"ECK120000516"	"rsmA"	"-"	51609	52430	822	"LB 1.0"	964	113.593952748047	1	51	0	1	-Inf	"SD"	10	33.3333333333333
"ECK120000518"	"lacI"	"-"	365652	366734	1083	"LB 1.0"	65	5.81346277181501	3	108	0	0.986149584487535	-Inf	"SD"	NA	NA
"ECK120000519"	"lacY"	"-"	361150	362403	1254	"LB 1.0"	4	0	7	305	0	0.249601275917065	NA	"NO"	NA	NA
"ECK120000520"	"lacZ"	"-"	362455	365529	3075	"LB 1.0"	47	1.48048064314274	7	247	0	0.591869918699187	-Inf	"SD"	5	4.31034482758621
"ECK120000521"	"lamB"	"+"	4245994	4247334	1341	"LB 1.0"	2831	204.484826419893	8	204	0	1	-Inf	"SD"	8	16
"ECK120000522"	"lepA"	"-"	2703347	2705146	1800	"LB 1.0"	1002	53.9194200191402	2	100	0	1	-Inf	"SD"	33	49.2537313432836
"ECK120000523"	"lepB"	"-"	2702357	2703331	975	"LB 1.0"	484	48.082909791366	5	146	0	1	-Inf	"SD"	3	8.33333333333333
"ECK120000526"	"lexA"	"+"	4255138	4255746	609	"LB 1.0"	1229	195.472013225343	0	0	0	1	-Inf	"SD"	5	22.7272727272727
"ECK120000527"	"ligA"	"-"	2526183	2528198	2016	"LB 1.0"	321	15.4228452257485	1	100	0	0.998511904761905	-Inf	"SD"	10	13.5135135135135
"ECK120000529"	"livF"	"-"	3590747	3591460	714	"LB 1.0"	13	1.76357988287834	2	58	0	0.726890756302521	-Inf	"SD"	NA	NA
"ECK120000530"	"livG"	"-"	3591462	3592229	768	"LB 1.0"	38	4.79261311921625	1	51	0	0.940104166666667	-Inf	"SD"	NA	NA
"ECK120000531"	"livH"	"-"	3593500	3594426	927	"LB 1.0"	33	3.44813452828639	0	0	0	0.865156418554477	-Inf	"SD"	NA	NA
"ECK120000534"	"livM"	"-"	3592226	3593503	1278	"LB 1.0"	47	3.5621893408951	1	65	0	0.711267605633803	-Inf	"SD"	1	2.17391304347826
"ECK120000535"	"lon"	"+"	458112	460466	2355	"LB 1.0"	3191	131.245943232828	4	135	0	1	-Inf	"SD"	79	90.8045977011494
"ECK120000538"	"lpxA"	"+"	202560	203348	789	"LB 1.0"	1358	166.714265126005	2	62	0	1	-Inf	"SD"	4	14.2857142857143
"ECK120000539"	"lpxB"	"+"	203348	204496	1149	"LB 1.0"	550	46.365255406462	0	0	0	1	-Inf	"SD"	4	9.52380952380952
"ECK120000541"	"lspA"	"+"	25207	25701	495	"LB 1.0"	343	67.1179860880606	1	63	0	1	-Inf	"SD"	4	22.2222222222222
"ECK120000543"	"lysC"	"-"	4229907	4231256	1350	"LB 1.0"	222	15.9282917421812	1	63	0	1	-Inf	"SD"	4	8.16326530612245
"ECK120000548"	"malF"	"-"	4241554	4243098	1545	"LB 1.0"	465	29.152410102785	8	186	37.6344086021505	1	-4.38011642728711	"SD"	6	10.5263157894737
"ECK120000549"	"malG"	"-"	4240649	4241539	891	"LB 1.0"	271	29.4605996596444	2	99	0	1	-Inf	"SD"	1	3.125
"ECK120000552"	"malM"	"+"	4247577	4248497	921	"LB 1.0"	613	64.4689860768358	28	787	25.4129606099111	1	-4.01053338885314	"SD"	16	50
"ECK120000557"	"malY"	"+"	1698981	1700153	1173	"LB 1.0"	64	5.28484138815715	0	0	0	0.865302642796249	-Inf	"SD"	1	2.27272727272727
"ECK120000561"	"manY"	"+"	1901106	1901906	801	"LB 1.0"	1104	133.501625291284	1	58	0	1	-Inf	"SD"	11	39.2857142857143
"ECK120000562"	"manZ"	"+"	1901919	1902770	852	"LB 1.0"	1652	187.810748654001	19	438	41.0958904109589	1	-5.70513891589235	"SD"	24	77.4193548387097
"ECK120000564"	"mazE"	"-"	2909113	2909361	249	"LB 1.0"	52	20.2280487771105	0	0	0	1	-Inf	"SD"	NA	NA
"ECK120000565"	"mazG"	"-"	2907916	2908707	792	"LB 1.0"	103	12.5968523452446	0	0	0	0.92550505050505	-Inf	"SD"	1	3.33333333333333
"ECK120000566"	"mcrA"	"+"	1209569	1210402	834	"LB 1.0"	56	6.50387179828513	0	0	0	0.844124700239808	-Inf	"SD"	NA	NA
"ECK120000567"	"mcrB"	"-"	4575981	4577360	1380	"LB 1.0"	138	9.68612335673178	21	192	83.3333333333333	0.989855072463768	-1.5978474712537	"SD"	3	5.66037735849057
"ECK120000572"	"menD"	"-"	2375611	2377281	1671	"LB 1.0"	243	14.0857449173299	1	73	0	0.997007779772591	-Inf	"SD"	6	9.83606557377049
"ECK120000573"	"mepA"	"-"	2443582	2444406	825	"LB 1.0"	154	18.0807635992327	3	119	0	1	-Inf	"SD"	NA	NA
"ECK120000578"	"metF"	"+"	4130639	4131529	891	"LB 1.0"	63	6.84877409061843	2	42	0	0.828282828282828	-Inf	"SD"	2	6.06060606060606
"ECK120000583"	"metL"	"+"	4127858	4130290	2433	"LB 1.0"	205	8.16134520398691	3	100	0	0.984381422112618	-Inf	"SD"	10	11.2359550561798
"ECK120000585"	"mglA"	"-"	2235791	2237311	1521	"LB 1.0"	332	21.1426229745888	12	328	36.5853658536585	1	-3.13904805904233	"SD"	28	50
"ECK120000586"	"mglB"	"-"	2237372	2238370	999	"LB 1.0"	776	75.2395568050437	0	0	0	1	-Inf	"SD"	86	238.888888888889
"ECK120000588"	"miaA"	"+"	4397275	4398225	951	"LB 1.0"	1575	160.416869472687	4	123	0	1	-Inf	"SD"	6	17.1428571428571
"ECK120000590"	"minD"	"-"	1223772	1224584	813	"LB 1.0"	2106	250.909911307222	5	113	0	1	-Inf	"SD"	24	80
"ECK120000592"	"groL"	"+"	4369048	4370694	1647	"LB 1.0"	5344	314.284415412111	3	40	0	1	-Inf	"SD"	748	1312.28070175439
"ECK120000594"	"motA"	"-"	1974276	1975163	888	"LB 1.0"	2126	231.899755139772	0	0	0	1	-Inf	"SD"	12	37.5
"ECK120000595"	"motB"	"-"	1973353	1974279	927	"LB 1.0"	1488	155.479520548187	1	87	0	1	-Inf	"SD"	4	11.7647058823529
"ECK120000596"	"mprA"	"+"	2808792	2809322	531	"LB 1.0"	539	98.320536521251	4	270	0	1	-Inf	"SD"	9	42.8571428571429
"ECK120000597"	"mraY"	"+"	96002	97084	1083	"LB 1.0"	520	46.5077021745201	2	77	0	1	-Inf	"SD"	1	2.5
"ECK120000598"	"mrcB"	"+"	164730	167264	2535	"LB 1.0"	771	29.459570445918	2	41	0	1	-Inf	"SD"	13	13.8297872340426
"ECK120000599"	"mrdA"	"-"	665539	667440	1902	"LB 1.0"	507	25.8194770865563	3	100	0	0.998422712933754	-Inf	"SD"	0	0
"ECK120000600"	"mrdB"	"-"	664424	665536	1113	"LB 1.0"	259	22.5400354842186	1	59	0	0.963162623539982	-Inf	"SD"	NA	NA
"ECK120000601"	"mreB"	"-"	3398066	3399109	1044	"LB 1.0"	998	92.5934014369571	1	39	0	1	-Inf	"SD"	32	86.4864864864865
"ECK120000602"	"mreC"	"-"	3396897	3398000	1104	"LB 1.0"	866	75.9799169105953	0	0	0	1	-Inf	"SD"	3	7.5
"ECK120000603"	"mreD"	"-"	3396409	3396897	489	"LB 1.0"	250	49.5200580610009	1	57	0	1	-Inf	"SD"	1	5.26315789473684
"ECK120000606"	"msbA"	"+"	965844	967592	1749	"LB 1.0"	999	55.325541643082	4	100	0	1	-Inf	"SD"	28	43.75
"ECK120000609"	"mtlD"	"+"	3772447	3773595	1149	"LB 1.0"	299	25.2058388482402	1	52	0	1	-Inf	"SD"	6	14.6341463414634
"ECK120000611"	"mukB"	"+"	975549	980009	4461	"LB 1.0"	2026	43.9903293448522	23	124	145.161290322581	1	-3.61111759072631	"SD"	74	43.5294117647059
"ECK120000612"	"murC"	"+"	100765	102240	1476	"LB 1.0"	745	48.8899857775419	1	100	0	1	-Inf	"SD"	19	35.1851851851852
"ECK120000613"	"murD"	"+"	97087	98403	1317	"LB 1.0"	758	55.7485307851381	0	0	0	1	-Inf	"SD"	2	4.25531914893617
"ECK120000614"	"murE"	"+"	93166	94653	1488	"LB 1.0"	843	54.8750133718071	0	0	0	1	-Inf	"SD"	12	22.6415094339623
"ECK120000615"	"murF"	"+"	94650	96008	1359	"LB 1.0"	914	65.1443469319562	1	100	0	1	-Inf	"SD"	3	6.38297872340426
"ECK120000616"	"murG"	"+"	99644	100711	1068	"LB 1.0"	225	20.4061587571596	0	0	0	1	-Inf	"SD"	6	15.7894736842105
"ECK120000622"	"emrE"	"+"	567538	567870	333	"LB 1.0"	47	13.6711050380298	1	100	0	0.933933933933934	-Inf	"SD"	NA	NA
"ECK120000623"	"nadA"	"+"	781308	782351	1044	"LB 1.0"	35	3.24726357744839	5	151	0	0.93007662835249	-Inf	"SD"	NA	NA
"ECK120000625"	"nagA"	"-"	700826	701974	1149	"LB 1.0"	533	44.9321475120804	6	64	0	0.959965187119234	-Inf	"SD"	5	12.1951219512195
"ECK120000627"	"umpH"	"-"	698797	699549	753	"LB 1.0"	494	63.5450855010027	6	211	28.436018957346	1	-5.72667424233265	"SD"	9	33.3333333333333
"ECK120000629"	"nagC"	"-"	699597	700817	1221	"LB 1.0"	510	40.4580091067421	1	72	0	1	-Inf	"SD"	7	15.5555555555556
"ECK120000630"	"nanA"	"-"	3370705	3371598	894	"LB 1.0"	80	8.66767190758996	2	133	0	0.967561521252796	-Inf	"SD"	28	84.8484848484848
"ECK120000631"	"narG"	"+"	1279087	1282830	3744	"LB 1.0"	173	4.47569268353258	5	74	0	0.888087606837607	-Inf	"SD"	120	85.7142857142857
"ECK120000632"	"narH"	"+"	1282827	1284365	1539	"LB 1.0"	181	11.3917370212375	4	157	0	0.966211825860949	-Inf	"SD"	46	79.3103448275862
"ECK120000633"	"narI"	"+"	1285072	1285749	678	"LB 1.0"	89	12.7148226954149	0	0	0	1	-Inf	"SD"	4	16
"ECK120000634"	"narJ"	"+"	1284362	1285072	711	"LB 1.0"	100	13.6232396015918	1	100	0	1	-Inf	"SD"	9	34.6153846153846
"ECK120000637"	"narV"	"-"	1533961	1534641	681	"LB 1.0"	9	1.28010440837865	1	56	0	0.552129221732746	-Inf	"SD"	NA	NA
"ECK120000638"	"narW"	"-"	1534638	1535333	696	"LB 1.0"	2	0	0	0	0	0.191091954022989	NA	"NO"	NA	NA
"ECK120000640"	"narY"	"-"	1535333	1536877	1545	"LB 1.0"	14	0.877706970836537	1	59	0	0.506796116504854	-Inf	"SD"	NA	NA
"ECK120000641"	"narZ"	"-"	1536874	1540614	3741	"LB 1.0"	25	0.647295065272105	3	101	0	0.369687249398557	-Inf	"SD"	0	0
"ECK120000642"	"ndh"	"+"	1165308	1166612	1305	"LB 1.0"	1206	89.5131399863489	0	0	0	1	-Inf	"SD"	33	70.2127659574468
"ECK120000643"	"ndk"	"-"	2642455	2642886	432	"LB 1.0"	587	131.614685425962	0	0	0	1	-Inf	"SD"	9	60
"ECK120000644"	"nfo"	"+"	2248862	2249719	858	"LB 1.0"	177	19.9818628687823	2	81	0	0.972027972027972	-Inf	"SD"	10	32.258064516129
"ECK120000645"	"nhaA"	"+"	17489	18655	1167	"LB 1.0"	218	18.0940436312556	2	100	0	0.966580976863753	-Inf	"SD"	NA	NA
"ECK120000646"	"nirB"	"+"	3492033	3494576	2544	"LB 1.0"	43	1.63719852334696	8	153	0	0.627751572327044	-Inf	"SD"	4	4.3010752688172
"ECK120000647"	"nirC"	"+"	3495025	3495831	807	"LB 1.0"	69	8.28181550947327	4	159	0	0.496902106567534	-Inf	"SD"	NA	NA
"ECK120000648"	"nirD"	"+"	3494573	3494899	327	"LB 1.0"	4	1.18484689378982	0	0	0	0.660550458715596	-Inf	"SD"	NA	NA
"ECK120000651"	"bamC"	"-"	2595853	2596887	1035	"LB 1.0"	2928	274.019025975948	2	137	0	1	-Inf	"SD"	6	16.2162162162162
"ECK120000654"	"nrdB"	"+"	2345406	2346536	1131	"LB 1.0"	292	25.0074979678663	3	100	0	1	-Inf	"SD"	10	22.7272727272727
"ECK120000655"	"nth"	"+"	1709547	1710182	636	"LB 1.0"	32	4.873521185777	2	100	0	0.872641509433962	-Inf	"SD"	3	12.5
"ECK120000658"	"nusA"	"-"	3314061	3315548	1488	"LB 1.0"	1068	69.521369253962	7	117	0	1	-Inf	"SD"	40	72.7272727272727
"ECK120000659"	"nusB"	"+"	434361	434780	420	"LB 1.0"	843	194.414333088688	0	0	0	1	-Inf	"SD"	8	50
"ECK120000660"	"nusG"	"+"	4175766	4176311	546	"LB 1.0"	1002	177.756329733429	4	161	0	1	-Inf	"SD"	12	57.1428571428571
"ECK120000661"	"ogt"	"-"	1397745	1398260	516	"LB 1.0"	77	14.4540988075261	0	0	0	0.99031007751938	-Inf	"SD"	NA	NA
"ECK120000664"	"ompF"	"-"	985117	986205	1089	"LB 1.0"	20563	1828.97846266736	15	242	53.7190082644628	1	-9.45831074798436	"SD"	44	112.820512820513
"ECK120000667"	"oppA"	"+"	1299206	1300837	1632	"LB 1.0"	1721	102.143494466516	4	95	0	1	-Inf	"SD"	51	83.6065573770492
"ECK120000668"	"oppB"	"+"	1300923	1301843	921	"LB 1.0"	411	43.2247198655457	0	0	0	1	-Inf	"SD"	11	33.3333333333333
"ECK120000669"	"oppC"	"+"	1301858	1302766	909	"LB 1.0"	452	48.1642217518456	2	100	0	0.991199119911991	-Inf	"SD"	3	9.09090909090909
"ECK120000670"	"oppD"	"+"	1302778	1303791	1014	"LB 1.0"	724	69.1593028626608	0	0	0	1	-Inf	"SD"	7	18.9189189189189
"ECK120000675"	"pabA"	"-"	3488288	3488851	564	"LB 1.0"	31	5.32393305068591	0	0	0	0.968085106382979	-Inf	"SD"	0	0
"ECK120000677"	"pal"	"+"	778290	778811	522	"LB 1.0"	2118	393.011671830611	1	75	0	1	-Inf	"SD"	6	31.5789473684211
"ECK120000678"	"panF"	"+"	3405629	3407080	1452	"LB 1.0"	150	10.0063257817477	23	243	82.3045267489712	0.901515151515151	-1.32284042375383	"SD"	NA	NA
"ECK120000679"	"parC"	"-"	3161737	3163995	2259	"LB 1.0"	620	26.5843137723493	3	64	0	1	-Inf	"SD"	13	15.4761904761905
"ECK120000682"	"pcm"	"-"	2866915	2867541	627	"LB 1.0"	186	28.7339544553766	0	0	0	1	-Inf	"SD"	4	17.3913043478261
"ECK120000683"	"pcnB"	"-"	157729	159126	1398	"LB 1.0"	898	62.2184461684202	5	112	0	1	-Inf	"SD"	7	12.962962962963
"ECK120000684"	"pdxA"	"-"	52427	53416	990	"LB 1.0"	441	43.1472767708961	0	0	0	1	-Inf	"SD"	6	17.1428571428571
"ECK120000685"	"pdxJ"	"-"	2699020	2699751	732	"LB 1.0"	380	50.2831540376786	0	0	0	1	-Inf	"SD"	3	11.5384615384615
"ECK120000689"	"pepP"	"-"	3051537	3052862	1326	"LB 1.0"	701	51.2064289070059	0	0	0	1	-Inf	"SD"	10	20
"ECK120000691"	"pfkA"	"+"	4105575	4106537	963	"LB 1.0"	655	65.8817320733055	0	0	0	1	-Inf	"SD"	55	157.142857142857
"ECK120000693"	"pflB"	"-"	950495	952777	2283	"LB 1.0"	30310	1285.96758187709	7	147	0	1	-Inf	"SD"	370	435.294117647059
"ECK120000695"	"pgk"	"-"	3069481	3070644	1164	"LB 1.0"	2966	246.813074536653	6	69	0	1	-Inf	"SD"	196	478.048780487805
"ECK120000698"	"pgsA"	"-"	1990293	1990841	549	"LB 1.0"	299	52.753203709705	4	273	0	1	-Inf	"SD"	8	38.0952380952381
"ECK120000701"	"pheS"	"-"	1795983	1796966	984	"LB 1.0"	541	53.2539912194298	2	80	0	1	-Inf	"SD"	19	51.3513513513514
"ECK120000702"	"pheT"	"-"	1793581	1795968	2388	"LB 1.0"	1997	81.0016262286154	1	100	0	1	-Inf	"SD"	74	85.0574712643678
"ECK120000704"	"yjdN"	"-"	4323321	4323764	444	"LB 1.0"	6	1.30893558874754	3	77	0	0.405405405405405	-Inf	"SD"	NA	NA
"ECK120000705"	"phnC"	"-"	4322400	4323188	789	"LB 1.0"	1	0	1	59	0	0.126742712294043	NA	"NO"	NA	NA
"ECK120000706"	"phnD"	"-"	4321359	4322375	1017	"LB 1.0"	5	0	1	100	0	0.231071779744346	NA	"NO"	NA	NA
"ECK120000707"	"phnF"	"-"	4319720	4320445	726	"LB 1.0"	0	0	1	98	0	0	NA	"NO"	NA	NA
"ECK120000708"	"phnG"	"-"	4319267	4319719	453	"LB 1.0"	0	0	4	187	0	0	NA	"NO"	NA	NA
"ECK120000709"	"phnH"	"-"	4318686	4319270	585	"LB 1.0"	2	0.331149516469463	1	44	0	0.294017094017094	-Inf	"SD"	NA	NA
"ECK120000710"	"phnI"	"-"	4317622	4318686	1065	"LB 1.0"	1	0	1	48	0	0.0347417840375587	NA	"NO"	NA	NA
"ECK120000711"	"phnJ"	"-"	4316784	4317629	846	"LB 1.0"	1	0	4	100	0	0.0366430260047281	NA	"NO"	NA	NA
"ECK120000712"	"phnK"	"-"	4316029	4316787	759	"LB 1.0"	0	0	3	135	0	0	NA	"NO"	NA	NA
"ECK120000713"	"phnL"	"-"	4315238	4315918	681	"LB 1.0"	2	0	23	355	64.7887323943662	0.242290748898678	Inf	"AD"	NA	NA
"ECK120000714"	"phnM"	"-"	4314105	4315241	1137	"LB 1.0"	1	0	3	100	0	0.0879507475813544	NA	"NO"	NA	NA
"ECK120000715"	"phnN"	"-"	4313548	4314105	558	"LB 1.0"	7	1.21510508059359	1	36	0	0.474910394265233	-Inf	"SD"	NA	NA
"ECK120000716"	"phnO"	"-"	4313127	4313561	435	"LB 1.0"	9	2.00402552208244	0	0	0	0.891954022988506	-Inf	"SD"	NA	NA
"ECK120000718"	"phoA"	"+"	400971	402386	1416	"LB 1.0"	284	19.4269705742361	6	138	0	0.997881355932203	-Inf	"SD"	1	2.04081632653061
"ECK120000721"	"creC"	"+"	4634719	4636143	1425	"LB 1.0"	95	6.45741557115452	5	205	0	0.890526315789474	-Inf	"SD"	0	0
"ECK120000722"	"phoP"	"-"	1188999	1189670	672	"LB 1.0"	276	39.7822923580055	21	477	39.832285115304	1	-3.38805508669688	"SD"	28	107.692307692308
"ECK120000723"	"phoQ"	"-"	1187539	1188999	1461	"LB 1.0"	293	19.4252850343765	3	50	0	0.97741273100616	-Inf	"SD"	3	5.45454545454545
"ECK120000724"	"phoR"	"+"	417113	418408	1296	"LB 1.0"	65	4.85800939959541	1	100	0	0.947530864197531	-Inf	"SD"	NA	NA
"ECK120000725"	"pstS"	"-"	3908508	3909548	1041	"LB 1.0"	46	4.28013135840213	9	235	25.531914893617	0.963496637848223	-1.8346206681775	"SD"	5	13.5135135135135
"ECK120000726"	"phoU"	"-"	3904876	3905601	726	"LB 1.0"	52	6.93771920867841	0	0	0	1	-Inf	"SD"	5	18.5185185185185
"ECK120000734"	"pnp"	"-"	3307055	3309190	2136	"LB 1.0"	7165	324.911394433442	2	77	0	1	-Inf	"SD"	200	259.74025974026
"ECK120000738"	"polB"	"-"	63429	65780	2352	"LB 1.0"	108	4.44770970462174	6	100	0	0.866496598639456	-Inf	"SD"	NA	NA
"ECK120000741"	"potB"	"-"	1182840	1183667	828	"LB 1.0"	254	29.7134702006023	6	104	0	1	-Inf	"SD"	NA	NA
"ECK120000742"	"potC"	"-"	1182049	1182843	795	"LB 1.0"	236	28.7537749960843	4	118	0	1	-Inf	"SD"	1	3.44827586206897
"ECK120000743"	"potD"	"-"	1181006	1182052	1047	"LB 1.0"	423	39.1330485186012	2	66	0	1	-Inf	"SD"	16	41.025641025641
"ECK120000744"	"potE"	"-"	716169	717488	1320	"LB 1.0"	29	2.12801194958501	0	0	0	0.670454545454545	-Inf	"SD"	NA	NA
"ECK120000745"	"poxB"	"-"	908554	910272	1719	"LB 1.0"	29	1.63407549357313	2	47	0	0.630017452006981	-Inf	"SD"	0	0
"ECK120000747"	"ppc"	"-"	4148470	4151121	2652	"LB 1.0"	1380	50.4029043449844	49	734	61.3079019073569	1	-2.48550996136433	"SD"	45	45.4545454545455
"ECK120000751"	"prc"	"-"	1910792	1912840	2049	"LB 1.0"	2686	126.973779093126	11	256	23.4375	1	-6.7253523858361	"SD"	21	27.2727272727273
"ECK120000752"	"prfA"	"+"	1264235	1265317	1083	"LB 1.0"	362	32.3765157445698	0	0	0	1	-Inf	"SD"	3	7.31707317073171
"ECK120000753"	"prfB"	"-"	3033206	3034304	1099	"LB 1.0"	1589	140.047770826631	1	81	0	1	-Inf	"SD"	23	56.0975609756098
"ECK120000755"	"priB"	"+"	4423543	4423857	315	"LB 1.0"	1363	419.117020165886	4	164	0	1	-Inf	"SD"	1	9.09090909090909
"ECK120000757"	"secY"	"-"	3440788	3442119	1332	"LB 1.0"	17005	1236.58053814733	7	99	0	1	-Inf	"SD"	21	42.8571428571429
"ECK120000758"	"proA"	"+"	260727	261980	1254	"LB 1.0"	291	22.4773675981575	10	260	34.6153846153846	0.986443381180223	-3.64240427480499	"SD"	10	22.2222222222222
"ECK120000761"	"proS"	"-"	217057	218775	1719	"LB 1.0"	1196	67.3915272521885	4	54	0	1	-Inf	"SD"	66	103.125
"ECK120000762"	"proV"	"+"	2802837	2804039	1203	"LB 1.0"	782	62.9638276389381	0	0	0	1	-Inf	"SD"	16	36.3636363636364
"ECK120000763"	"proW"	"+"	2804032	2805096	1065	"LB 1.0"	245	22.2826311962374	12	519	23.121387283237	1	-3.21481328930927	"SD"	5	13.1578947368421
"ECK120000764"	"proX"	"+"	2805154	2806146	993	"LB 1.0"	197	19.216176246487	7	167	0	1	-Inf	"SD"	15	41.6666666666667
"ECK120000765"	"prs"	"-"	1260151	1261098	948	"LB 1.0"	2316	236.63567187965	2	100	0	1	-Inf	"SD"	53	155.882352941176
"ECK120000766"	"psd"	"-"	4387415	4388383	969	"LB 1.0"	439	43.8824370857095	7	127	0	1	-Inf	"SD"	7	19.4444444444444
"ECK120000768"	"pspB"	"+"	1366825	1367049	225	"LB 1.0"	27	11.6233480280781	0	0	0	1	-Inf	"SD"	NA	NA
"ECK120000769"	"pspC"	"+"	1367049	1367408	360	"LB 1.0"	34	9.1480053924689	1	53	0	1	-Inf	"SD"	1	7.14285714285714
"ECK120000770"	"pspD"	"+"	1367417	1367638	222	"LB 1.0"	18	7.85361353248523	0	0	0	0.833333333333333	-Inf	"SD"	NA	NA
"ECK120000771"	"pspE"	"+"	1367713	1368027	315	"LB 1.0"	5820	1789.62660114854	0	0	0	1	-Inf	"SD"	1	9.09090909090909
"ECK120000773"	"pstA"	"-"	3906572	3907462	891	"LB 1.0"	35	3.80487449478802	0	0	0	0.851851851851852	-Inf	"SD"	1	3.125
"ECK120000774"	"pstB"	"-"	3905616	3906389	774	"LB 1.0"	87	10.8875029978768	1	47	0	1	-Inf	"SD"	7	24.1379310344828
"ECK120000775"	"pstC"	"-"	3907462	3908421	960	"LB 1.0"	52	5.24665015156305	2	90	0	0.957291666666667	-Inf	"SD"	0	0
"ECK120000777"	"ptrA"	"-"	2954018	2956906	2889	"LB 1.0"	408	13.6792603999535	4	48	0	0.934579439252336	-Inf	"SD"	8	7.40740740740741
"ECK120000779"	"ptsH"	"+"	2531786	2532043	258	"LB 1.0"	1084	406.967353437878	0	0	0	1	-Inf	"SD"	50	555.555555555556
"ECK120000780"	"ptsI"	"+"	2532088	2533815	1728	"LB 1.0"	3466	194.283006680743	5	100	0	1	-Inf	"SD"	104	162.5
"ECK120000781"	"purA"	"+"	4402710	4404008	1299	"LB 1.0"	5570	415.332618144696	2	98	0	1	-Inf	"SD"	49	104.255319148936
"ECK120000782"	"purC"	"-"	2594927	2595640	714	"LB 1.0"	128	17.3644788468021	22	258	81.3953488372093	1	-2.0476778793332	"SD"	7	25.9259259259259
"ECK120000784"	"purE"	"-"	551814	552323	510	"LB 1.0"	23	4.36825170989865	0	0	0	0.727450980392157	-Inf	"SD"	4	22.2222222222222
"ECK120000785"	"purF"	"-"	2426743	2428260	1518	"LB 1.0"	105	6.69988769734412	9	209	28.7081339712919	0.909090909090909	-2.48110250767056	"SD"	9	16.0714285714286
"ECK120000790"	"purN"	"+"	2620256	2620894	639	"LB 1.0"	111	16.8256602910364	3	92	0	1	-Inf	"SD"	1	4.34782608695652
"ECK120000797"	"pyrC"	"-"	1120784	1121830	1047	"LB 1.0"	102	9.4363379406556	2	100	0	0.960840496657116	-Inf	"SD"	7	17.9487179487179
"ECK120000798"	"pyrD"	"+"	1003991	1005001	1011	"LB 1.0"	40	3.8322941075101	2	100	0	0.820969337289812	-Inf	"SD"	7	18.9189189189189
"ECK120000800"	"pyrF"	"+"	1339945	1340682	738	"LB 1.0"	69	9.05613159369232	1	100	0	0.994579945799458	-Inf	"SD"	5	19.2307692307692
"ECK120000801"	"pyrG"	"-"	2906051	2907688	1638	"LB 1.0"	1339	79.1802147415376	17	435	36.7816091954023	1	-4.62899616982436	"SD"	21	35
"ECK120000802"	"pyrI"	"-"	4469009	4469470	462	"LB 1.0"	37	7.75728493937394	0	0	0	0.887445887445887	-Inf	"SD"	3	17.6470588235294
"ECK120000804"	"racC"	"-"	1415512	1415787	276	"LB 1.0"	1	0	944	147	6421.76870748299	0.166666666666667	Inf	"AD"	NA	NA
"ECK120000805"	"rbsA"	"+"	3931801	3933306	1506	"LB 1.0"	309	19.8739184411031	1	100	0	1	-Inf	"SD"	10	18.1818181818182
"ECK120000806"	"rbsB"	"+"	3934301	3935191	891	"LB 1.0"	3311	359.941127206946	1	101	0	1	-Inf	"SD"	32	103.225806451613
"ECK120000807"	"rbsC"	"+"	3933311	3934276	966	"LB 1.0"	2075	208.061138356299	0	0	0	1	-Inf	"SD"	2	6.06060606060606
"ECK120000808"	"rbsD"	"+"	3931374	3931793	420	"LB 1.0"	941	217.015287587729	2	100	0	1	-Inf	"SD"	0	0
"ECK120000809"	"rbsK"	"+"	3935317	3936246	930	"LB 1.0"	293	30.5164961669077	18	500	36	1	-3.0835205131256	"SD"	10	31.25
"ECK120000814"	"recA"	"-"	2820730	2821791	1062	"LB 1.0"	1221	111.363056672029	1	96	0	1	-Inf	"SD"	31	81.5789473684211
"ECK120000815"	"recB"	"-"	2950483	2954025	3543	"LB 1.0"	366	10.0059868714757	1	100	0	0.91927744848998	-Inf	"SD"	7	5.22388059701493
"ECK120000816"	"recC"	"-"	2957082	2960450	3369	"LB 1.0"	320	9.20023589835016	57	717	62.7615062761506	0.880379934698724	-0.0317458515769892	"SD"	9	6.97674418604651
"ECK120000818"	"recE"	"-"	1412810	1415410	2601	"LB 1.0"	23	0.856519943117382	13	92	0	0.504421376393695	-Inf	"SD"	NA	NA
"ECK120000819"	"recF"	"-"	3878171	3879244	1074	"LB 1.0"	483	43.5604988947994	23	170	100	1	-3.67941382574108	"SD"	NA	NA
"ECK120000821"	"recJ"	"-"	3034395	3036128	1734	"LB 1.0"	446	24.9135583454578	2	67	0	0.978662053056517	-Inf	"SD"	5	7.93650793650794
"ECK120000822"	"recN"	"+"	2749817	2751478	1662	"LB 1.0"	143	8.33402912161639	9	231	0	0.919374247894103	-Inf	"SD"	NA	NA
"ECK120000823"	"recO"	"-"	2699763	2700491	729	"LB 1.0"	233	30.9583915242593	1	100	0	1	-Inf	"SD"	NA	NA
"ECK120000824"	"recQ"	"+"	4003887	4005716	1830	"LB 1.0"	237	12.5443236915051	9	110	0	1	-Inf	"SD"	1	1.47058823529412
"ECK120000825"	"recR"	"+"	493629	494234	606	"LB 1.0"	558	89.1890566510946	2	69	0	1	-Inf	"SD"	3	13.6363636363636
"ECK120000826"	"relA"	"-"	2909439	2911673	2235	"LB 1.0"	688	29.8167913621095	6	121	0	0.984787472035794	-Inf	"SD"	1	1.19047619047619
"ECK120000831"	"rfe"	"+"	3965939	3967042	1104	"LB 1.0"	524	45.9739912946327	7	197	0	1	-Inf	"SD"	1	2.4390243902439
"ECK120000836"	"rho"	"+"	3964440	3965699	1260	"LB 1.0"	1885	144.907480376503	4	78	0	1	-Inf	"SD"	71	151.063829787234
"ECK120000838"	"rhsB"	"+"	3617215	3621450	4236	"LB 1.0"	12	0	0	0	0	0.0797922568460812	NA	"NO"	NA	NA
"ECK120000839"	"rhsC"	"+"	728806	732999	4194	"LB 1.0"	13	0	0	0	0	0.10276585598474	NA	"NO"	NA	NA
"ECK120000840"	"rhsD"	"+"	522485	526765	4281	"LB 1.0"	75	1.69693821946948	0	0	0	0.393132445690259	-Inf	"SD"	NA	NA
"ECK120000841"	"rimI"	"+"	4606208	4606654	447	"LB 1.0"	98	21.2357961735954	0	0	0	1	-Inf	"SD"	2	11.7647058823529
"ECK120000843"	"rimK"	"+"	891190	892092	903	"LB 1.0"	121	12.9791907659418	8	134	0	0.994462901439646	-Inf	"SD"	2	6.25
"ECK120000845"	"rlpA"	"-"	663325	664413	1089	"LB 1.0"	239	21.2578832163351	70	845	81.6568047337278	1	-0.62332967862673	"SD"	1	2.63157894736842
"ECK120000846"	"lptE"	"-"	670828	671409	582	"LB 1.0"	560	93.1998123671787	7	107	56.0747663551402	1	-6.27922073945659	"SD"	2	9.52380952380952
"ECK120000848"	"rnc"	"-"	2701405	2702085	681	"LB 1.0"	290	41.2478087144231	0	0	0	1	-Inf	"SD"	7	26.9230769230769
"ECK120000852"	"rnhB"	"+"	204493	205089	597	"LB 1.0"	456	73.9844598102126	0	0	0	1	-Inf	"SD"	1	4.54545454545455
"ECK120000853"	"rnpA"	"+"	3882516	3882875	360	"LB 1.0"	419	112.735713513073	0	0	0	1	-Inf	"SD"	3	21.4285714285714
"ECK120000855"	"rplA"	"+"	4176902	4177606	705	"LB 1.0"	4946	679.539944998516	27	116	215.51724137931	1	-7.08648645347012	"SD"	362	1448
"ECK120000856"	"rplB"	"-"	3448565	3449386	822	"LB 1.0"	1227	144.584834047566	12	327	27.5229357798165	1	-6.32777551467997	"SD"	72	240
"ECK120000857"	"rplC"	"-"	3450319	3450948	630	"LB 1.0"	2644	406.509685003156	0	0	0	1	-Inf	"SD"	147	668.181818181818
"ECK120000858"	"rplD"	"-"	3449703	3450308	606	"LB 1.0"	2104	336.297088161117	0	0	0	1	-Inf	"SD"	75	340.909090909091
"ECK120000859"	"rplE"	"-"	3444921	3445460	540	"LB 1.0"	6834	1225.83272259083	14	261	53.639846743295	1	-8.77411957946189	"SD"	149	745
"ECK120000860"	"rplF"	"-"	3443629	3444162	534	"LB 1.0"	2554	463.265150806984	0	0	0	1	-Inf	"SD"	93	489.473684210526
"ECK120000862"	"rplJ"	"+"	4178019	4178516	498	"LB 1.0"	9048	1759.84024360862	4	114	0	1	-Inf	"SD"	23	127.777777777778
"ECK120000863"	"rplK"	"+"	4176470	4176898	429	"LB 1.0"	1009	227.815815080242	2	36	0	1	-Inf	"SD"	50	333.333333333333
"ECK120000864"	"rplL"	"+"	4178583	4178948	366	"LB 1.0"	10182	2694.64776006128	0	0	0	1	-Inf	"SD"	126	1050
"ECK120000865"	"rplM"	"-"	3376245	3376673	429	"LB 1.0"	3040	686.382634136704	5	387	0	1	-Inf	"SD"	24	150
"ECK120000866"	"rplN"	"-"	3445800	3446171	372	"LB 1.0"	6119	1593.26314031833	12	219	41.0958904109589	1	-9.78977193742548	"SD"	16	114.285714285714
"ECK120000867"	"rplO"	"-"	3442127	3442561	435	"LB 1.0"	4663	1038.30788994116	0	0	0	1	-Inf	"SD"	29	193.333333333333
"ECK120000868"	"rplP"	"-"	3446781	3447191	411	"LB 1.0"	1246	293.647438016735	0	0	0	1	-Inf	"SD"	24	160
"ECK120000869"	"rplQ"	"-"	3437638	3438021	384	"LB 1.0"	3275	826.095156075432	13	159	81.7610062893082	1	-8.31165253859099	"SD"	47	335.714285714286
"ECK120000870"	"rplR"	"-"	3443266	3443619	354	"LB 1.0"	2669	730.289922008958	2	100	0	1	-Inf	"SD"	7	53.8461538461538
"ECK120000872"	"rplT"	"-"	1797417	1797773	357	"LB 1.0"	3759	1019.89181226764	0	0	0	1	-Inf	"SD"	17	130.769230769231
"ECK120000873"	"rplV"	"-"	3447923	3448255	333	"LB 1.0"	1473	428.458249383361	1	91	0	1	-Inf	"SD"	23	191.666666666667
"ECK120000874"	"rplW"	"-"	3449404	3449706	303	"LB 1.0"	1186	379.133409276696	0	0	0	1	-Inf	"SD"	2	18.1818181818182
"ECK120000875"	"rplX"	"-"	3445475	3445789	315	"LB 1.0"	3405	1047.02381046577	1	48	0	1	-Inf	"SD"	87	790.909090909091
"ECK120000877"	"rpmB"	"-"	3809461	3809697	237	"LB 1.0"	4019	1642.55399876393	0	0	0	1	-Inf	"SD"	5	55.5555555555556
"ECK120000878"	"rpmC"	"-"	3446590	3446781	192	"LB 1.0"	2265	1142.65986473945	0	0	0	1	-Inf	"SD"	2	28.5714285714286
"ECK120000879"	"rpmD"	"-"	3442565	3442744	180	"LB 1.0"	1387	746.36961643261	0	0	0	1	-Inf	"SD"	3	42.8571428571429
"ECK120000881"	"rpmF"	"+"	1146590	1146763	174	"LB 1.0"	1275	709.759039070863	0	0	0	1	-Inf	"SD"	NA	NA
"ECK120000882"	"rpmG"	"-"	3809273	3809440	168	"LB 1.0"	916	528.124344926566	0	0	0	1	-Inf	"SD"	NA	NA
"ECK120000884"	"rpoA"	"-"	3438062	3439051	990	"LB 1.0"	14225	1391.76873484353	2	100	0	1	-Inf	"SD"	98	264.864864864865
"ECK120000885"	"rpoB"	"+"	4179268	4183296	4029	"LB 1.0"	6794	163.334629152732	12	100	0	1	-Inf	"SD"	360	238.41059602649
"ECK120000886"	"rpoC"	"+"	4183373	4187596	4224	"LB 1.0"	6431	147.470310859711	12	79	0	1	-Inf	"SD"	499	321.935483870968
"ECK120000888"	"rpoH"	"-"	3597952	3598806	855	"LB 1.0"	4164	471.731200671709	2	53	0	1	-Inf	"SD"	NA	NA
"ECK120000889"	"rpoN"	"+"	3342739	3344172	1434	"LB 1.0"	2497	168.662831393021	18	396	22.7272727272727	1	-6.55000136192505	"SD"	6	11.1111111111111
"ECK120000890"	"rpoZ"	"+"	3820129	3820404	276	"LB 1.0"	3046	1068.98303422482	0	0	0	1	-Inf	"SD"	6	60
"ECK120000891"	"rpsA"	"+"	961218	962891	1674	"LB 1.0"	12083	699.148318514875	19	153	117.647058823529	1	-7.60145782707143	"SD"	581	952.459016393443
"ECK120000892"	"rpsB"	"+"	189874	190599	726	"LB 1.0"	5254	700.976475430699	0	0	0	1	-Inf	"SD"	88	325.925925925926
"ECK120000893"	"rpsC"	"-"	3447204	3447905	702	"LB 1.0"	1571	216.764954322302	2	83	0	1	-Inf	"SD"	133	511.538461538462
"ECK120000894"	"rpsD"	"-"	3439077	3439697	621	"LB 1.0"	7411	1155.93977772527	0	0	0	1	-Inf	"SD"	160	695.652173913043
"ECK120000895"	"rpsE"	"-"	3442748	3443251	504	"LB 1.0"	3060	588.08606094443	1	69	0	1	-Inf	"SD"	122	677.777777777778
"ECK120000897"	"rpsG"	"-"	3471564	3472103	540	"LB 1.0"	10145	1819.73558248229	0	0	0	1	-Inf	"SD"	61	305
"ECK120000898"	"rpsH"	"-"	3444175	3444567	393	"LB 1.0"	1735	427.618931906607	0	0	0	1	-Inf	"SD"	132	942.857142857143
"ECK120000899"	"rpsI"	"-"	3375837	3376229	393	"LB 1.0"	2910	717.216767635865	5	387	0	1	-Inf	"SD"	18	120
"ECK120000900"	"rpsJ"	"-"	3450981	3451292	312	"LB 1.0"	2502	776.752584568683	1	100	0	1	-Inf	"SD"	77	641.666666666667
"ECK120000901"	"rpsK"	"-"	3439731	3440120	390	"LB 1.0"	6588	1636.20976087561	2	73	0	1	-Inf	"SD"	14	100
"ECK120000902"	"rpsL"	"-"	3472200	3472574	375	"LB 1.0"	1292	333.719236717266	1	97	0	1	-Inf	"SD"	8	57.1428571428571
"ECK120000903"	"rpsM"	"-"	3440137	3440493	357	"LB 1.0"	6271	1701.44760700462	0	0	0	1	-Inf	"SD"	111	853.846153846154
"ECK120000904"	"rpsN"	"-"	3444601	3444906	306	"LB 1.0"	2622	829.967824880743	6	156	38.4615384615385	1	-9.43387719294901	"SD"	2	16.6666666666667
"ECK120000905"	"rpsO"	"-"	3309437	3309706	270	"LB 1.0"	1861	667.625020995476	0	0	0	1	-Inf	"SD"	5	50
"ECK120000906"	"rpsP"	"-"	2743959	2744207	249	"LB 1.0"	779	303.031730718637	0	0	0	1	-Inf	"SD"	9	100
"ECK120000907"	"rpsQ"	"-"	3446336	3446590	255	"LB 1.0"	4353	1653.47823419033	0	0	0	1	-Inf	"SD"	5	50
"ECK120000908"	"rpsR"	"+"	4423862	4424089	228	"LB 1.0"	685	291.00853067374	10	131	0	1	-Inf	"SD"	11	122.222222222222
"ECK120000909"	"rpsS"	"-"	3448270	3448548	279	"LB 1.0"	580	201.360270498367	0	0	0	1	-Inf	"SD"	15	150
"ECK120000916"	"sbcC"	"-"	411831	414977	3147	"LB 1.0"	169	5.20163599392333	6	95	0	0.851922465840483	-Inf	"SD"	6	5.04201680672269
"ECK120000918"	"sbp"	"+"	4106857	4107846	990	"LB 1.0"	27	2.64167000638139	0	0	0	0.807070707070707	-Inf	"SD"	0	0
"ECK120000919"	"sdaA"	"+"	1894956	1896320	1365	"LB 1.0"	776	55.0654338814935	7	205	0	1	-Inf	"SD"	1	2.04081632653061
"ECK120000920"	"sdhA"	"+"	755130	756896	1767	"LB 1.0"	5105	279.839613673547	0	0	0	1	-Inf	"SD"	76	118.75
"ECK120000921"	"sdhB"	"+"	756912	757628	717	"LB 1.0"	3419	461.880833426304	3	109	0	1	-Inf	"SD"	53	196.296296296296
"ECK120000923"	"sdhD"	"+"	754783	755130	348	"LB 1.0"	673	187.320718939095	1	52	0	1	-Inf	"SD"	0	0
"ECK120000925"	"secA"	"+"	108279	110984	2706	"LB 1.0"	3327	119.089920206381	2	100	0	1	-Inf	"SD"	73	71.5686274509804
"ECK120000926"	"secB"	"-"	3781684	3782151	468	"LB 1.0"	1924	398.207293554529	1	100	0	1	-Inf	"SD"	20	117.647058823529
"ECK120000927"	"secD"	"+"	426871	428718	1848	"LB 1.0"	4210	220.663308072732	3	76	0	1	-Inf	"SD"	36	53.7313432835821
"ECK120000928"	"secE"	"+"	4175381	4175764	384	"LB 1.0"	1086	273.935676182571	3	161	0	1	-Inf	"SD"	1	7.14285714285714
"ECK120000929"	"secF"	"+"	428729	429700	972	"LB 1.0"	1245	124.066086205052	1	73	0	1	-Inf	"SD"	6	17.1428571428571
"ECK120000930"	"selA"	"-"	3757881	3759272	1392	"LB 1.0"	149	10.3680487079959	3	100	0	0.98132183908046	-Inf	"SD"	3	5.88235294117647
"ECK120000931"	"selB"	"-"	3756040	3757884	1845	"LB 1.0"	355	18.6372563232509	3	159	0	1	-Inf	"SD"	15	21.7391304347826
"ECK120000932"	"selD"	"-"	1844989	1846032	1044	"LB 1.0"	1173	108.829719324199	2	108	0	1	-Inf	"SD"	21	56.7567567567568
"ECK120000935"	"serC"	"+"	956876	957964	1089	"LB 1.0"	1016	90.3682399489393	3	60	0	1	-Inf	"SD"	14	35
"ECK120000936"	"serS"	"+"	938651	939943	1293	"LB 1.0"	3507	262.716431647783	1	47	0	1	-Inf	"SD"	30	62.5
"ECK120000937"	"maeA"	"-"	1551996	1553693	1698	"LB 1.0"	698	39.8169264016418	5	255	0	1	-Inf	"SD"	26	41.2698412698413
"ECK120000938"	"sfsA"	"-"	160782	161486	705	"LB 1.0"	270	37.0957915789728	8	187	37.4331550802139	1	-4.72775679384813	"SD"	5	19.2307692307692
"ECK120000944"	"prlF"	"+"	3275024	3275359	336	"LB 1.0"	308	88.7894641033747	5	138	0	1	-Inf	"SD"	NA	NA
"ECK120000948"	"speA"	"-"	3081957	3083933	1977	"LB 1.0"	936	45.8584292458318	30	498	48.1927710843374	0.987860394537178	-3.2560806292741	"SD"	43	58.1081081081081
"ECK120000952"	"speE"	"-"	135598	136464	867	"LB 1.0"	181	20.2213186570756	3	100	0	0.980392156862745	-Inf	"SD"	14	43.75
"ECK120000955"	"spoT"	"+"	3820423	3822531	2109	"LB 1.0"	1890	86.8030969379946	1	100	0	1	-Inf	"SD"	6	7.59493670886076
"ECK120000956"	"trmH"	"+"	3822538	3823227	690	"LB 1.0"	144	20.2145183097011	1	52	0	1	-Inf	"SD"	4	16
"ECK120000958"	"srlE"	"+"	2824414	2825373	960	"LB 1.0"	693	69.9217029814075	4	120	0	1	-Inf	"SD"	20	60.6060606060606
"ECK120000959"	"srlB"	"+"	2825384	2825755	372	"LB 1.0"	260	67.6987116330716	0	0	0	1	-Inf	"SD"	26	200
"ECK120000960"	"srlD"	"+"	2825759	2826538	780	"LB 1.0"	909	112.880591426528	5	177	0	1	-Inf	"SD"	39	139.285714285714
"ECK120000961"	"gutM"	"+"	2826643	2827002	360	"LB 1.0"	19	5.11212066049733	9	185	48.6486486486486	0.811111111111111	-1.50592498181266	"SD"	0	0
"ECK120000963"	"srlR"	"+"	2827069	2827842	774	"LB 1.0"	221	27.6567604888595	6	357	0	1	-Inf	"SD"	1	3.57142857142857
"ECK120000966"	"sspA"	"-"	3374804	3375442	639	"LB 1.0"	1263	191.448729257469	1	46	0	1	-Inf	"SD"	23	95.8333333333333
"ECK120000968"	"sucA"	"+"	757929	760730	2802	"LB 1.0"	3174	109.720754940281	3	100	0	1	-Inf	"SD"	167	159.047619047619
"ECK120000969"	"sucB"	"+"	760745	761962	1218	"LB 1.0"	1826	145.212325528672	4	136	0	1	-Inf	"SD"	55	125
"ECK120000970"	"sucC"	"+"	762237	763403	1167	"LB 1.0"	745	61.8351491068139	1	46	0	1	-Inf	"SD"	186	453.658536585366
"ECK120000973"	"sulA"	"-"	1019633	1020142	510	"LB 1.0"	71	13.4846031044697	NA	695	246.043165467626	1	1.34268326609902	"AD"	NA	NA
"ECK120000974"	"surA"	"-"	53416	54702	1287	"LB 1.0"	2387	179.648612684683	3	100	0	1	-Inf	"SD"	25	53.1914893617021
"ECK120000976"	"tap"	"-"	1967407	1969008	1602	"LB 1.0"	2249	135.980595688451	1	80	0	1	-Inf	"SD"	8	13.7931034482759
"ECK120000977"	"tar"	"-"	1969054	1970715	1662	"LB 1.0"	1490	86.8370866518072	0	0	0	1	-Inf	"SD"	30	50
"ECK120000979"	"tdcB"	"-"	3263061	3264050	990	"LB 1.0"	3155	308.684032227159	2	109	0	1	-Inf	"SD"	4	11.4285714285714
"ECK120000980"	"tdcC"	"-"	3261708	3263039	1332	"LB 1.0"	11034	802.377515902241	5	250	0	1	-Inf	"SD"	NA	NA
"ECK120000982"	"tdh"	"-"	3788343	3789368	1026	"LB 1.0"	1588	149.91777671043	3	97	0	1	-Inf	"SD"	17	45.9459459459459
"ECK120000985"	"tgt"	"+"	425361	426488	1128	"LB 1.0"	941	80.8035645273458	4	176	0	1	-Inf	"SD"	10	23.2558139534884
"ECK120000986"	"mnmE"	"+"	3884851	3886215	1365	"LB 1.0"	222	15.7532555691902	39	226	146.017699115044	1	-1.2551120773255	"SD"	5	10.2040816326531
"ECK120000987"	"thrA"	"+"	337	2799	2463	"LB 1.0"	196	7.70799909833305	23	161	93.167701863354	1	-1.36139390214879	"SD"	81	91.0112359550562
"ECK120000988"	"thrB"	"+"	2801	3733	933	"LB 1.0"	261	27.0962293259056	0	0	0	1	-Inf	"SD"	1	2.94117647058824
"ECK120000989"	"thrC"	"+"	3734	5020	1287	"LB 1.0"	239	17.9874396445913	4	83	0	1	-Inf	"SD"	16	34.0425531914894
"ECK120000991"	"thyA"	"-"	2962383	2963177	795	"LB 1.0"	446	54.3397612214135	15	433	27.7136258660508	1	-4.50090191516849	"SD"	7	23.3333333333333
"ECK120000992"	"tig"	"+"	454357	455655	1299	"LB 1.0"	4413	329.05975653008	4	96	0	1	-Inf	"SD"	316	658.333333333333
"ECK120000994"	"tnaA"	"+"	3886753	3888168	1416	"LB 1.0"	58022	3968.9848121772	4	111	0	1	-Inf	"SD"	743	1401.88679245283
"ECK120000995"	"tnaB"	"+"	3888259	3889506	1248	"LB 1.0"	3347	259.771273036709	15	157	63.6942675159236	1	-7.02109808807798	"SD"	3	6.66666666666667
"ECK120000996"	"tolA"	"+"	775565	776830	1266	"LB 1.0"	451	34.5058580875674	1	100	0	0.9913112164297	-Inf	"SD"	1	2.32558139534884
"ECK120000997"	"tolB"	"+"	776963	778255	1293	"LB 1.0"	1952	146.228250520808	9	211	0	1	-Inf	"SD"	18	39.1304347826087
"ECK120000999"	"tolQ"	"+"	774376	775068	693	"LB 1.0"	409	57.1662980216926	11	173	40.4624277456647	1	-5.35166613488799	"SD"	2	7.69230769230769
"ECK120001000"	"tolR"	"+"	775072	775500	429	"LB 1.0"	143	32.2870778557726	0	0	0	1	-Inf	"SD"	2	13.3333333333333
"ECK120001003"	"topB"	"-"	1843023	1844984	1962	"LB 1.0"	702	34.6567716433522	1	101	0	1	-Inf	"SD"	3	4.10958904109589
"ECK120001008"	"trkA"	"+"	3434540	3435916	1377	"LB 1.0"	324	22.7908784864277	9	148	47.2972972972973	0.972403776325345	-4.02495780283312	"SD"	4	8
"ECK120001009"	"trkG"	"+"	1421806	1423263	1458	"LB 1.0"	51	3.38815014535885	0	0	0	0.836762688614541	-Inf	"SD"	NA	NA
"ECK120001010"	"trkH"	"+"	4031168	4032619	1452	"LB 1.0"	493	32.8874574026775	5	170	0	0.965564738292011	-Inf	"SD"	NA	NA
"ECK120001012"	"trmD"	"-"	2742594	2743361	768	"LB 1.0"	6343	799.988026715491	0	0	0	1	-Inf	"SD"	8	28.5714285714286
"ECK120001013"	"trpA"	"-"	1314440	1315246	807	"LB 1.0"	246	29.5264726859482	2	100	0	0.975216852540273	-Inf	"SD"	6	20.6896551724138
"ECK120001014"	"trpB"	"-"	1315246	1316439	1194	"LB 1.0"	444	36.0187501707614	0	0	0	1	-Inf	"SD"	5	11.6279069767442
"ECK120001015"	"trpC"	"-"	1316451	1317809	1359	"LB 1.0"	559	39.8421115262183	0	0	0	1	-Inf	"SD"	0	0
"ECK120001016"	"trpD"	"-"	1317813	1319408	1596	"LB 1.0"	346	20.9987386054461	10	294	27.2108843537415	1	-3.71415885755544	"SD"	NA	NA
"ECK120001017"	"trpE"	"-"	1319408	1320970	1563	"LB 1.0"	269	16.670295476397	3	100	0	0.960972488803583	-Inf	"SD"	0	0
"ECK120001019"	"trpS"	"-"	3510656	3511660	1005	"LB 1.0"	755	72.766399346592	0	0	0	1	-Inf	"SD"	25	67.5675675675676
"ECK120001022"	"tsf"	"+"	190857	191708	852	"LB 1.0"	5763	655.177569305696	2	42	0	1	-Inf	"SD"	342	1140
"ECK120001025"	"tufA"	"-"	3468167	3469351	1185	"LB 1.0"	1994	162.988438593444	0	0	0	0.29873417721519	-Inf	"SD"	886	2060.46511627907
"ECK120001026"	"tufB"	"+"	4173967	4175151	1185	"LB 1.0"	1069	87.3794588046099	0	0	0	0.410126582278481	-Inf	"SD"	NA	NA
"ECK120001032"	"tyrS"	"-"	1713972	1715246	1275	"LB 1.0"	1953	148.368618946644	0	0	0	1	-Inf	"SD"	19	39.5833333333333
"ECK120001033"	"ubiX"	"-"	2426079	2426648	570	"LB 1.0"	43	7.30707551472748	2	106	0	0.72280701754386	-Inf	"SD"	0	0
"ECK120001035"	"ugpA"	"-"	3588047	3588934	888	"LB 1.0"	3	0	2	100	0	0.132882882882883	NA	"NO"	NA	NA
"ECK120001036"	"ugpB"	"-"	3589032	3590348	1317	"LB 1.0"	68	5.00118745829735	9	100	70	0.815489749430524	-1.83684385507728	"SD"	0	0
"ECK120001037"	"ugpC"	"-"	3586133	3587203	1071	"LB 1.0"	65	5.87859960959445	0	0	0	0.601307189542484	-Inf	"SD"	0	0
"ECK120001038"	"ugpE"	"-"	3587205	3588050	846	"LB 1.0"	14	1.60290457440006	1	100	0	0.426713947990544	-Inf	"SD"	NA	NA
"ECK120001040"	"uhpA"	"-"	3848159	3848749	591	"LB 1.0"	112	18.3561051768859	0	0	0	1	-Inf	"SD"	3	14.2857142857143
"ECK120001041"	"uhpB"	"-"	3846657	3848159	1503	"LB 1.0"	112	7.21786970029248	0	0	0	0.890884896872921	-Inf	"SD"	NA	NA
"ECK120001042"	"uhpC"	"-"	3845328	3846647	1320	"LB 1.0"	45	3.30208750797674	1	100	0	0.854545454545454	-Inf	"SD"	NA	NA
"ECK120001044"	"uidA"	"-"	1692284	1694095	1812	"LB 1.0"	67	3.58151360320656	3	54	0	0.812913907284768	-Inf	"SD"	4	5.88235294117647
"ECK120001046"	"umuD"	"+"	1229990	1230409	420	"LB 1.0"	5	1.15310992342045	0	0	0	0.742857142857143	-Inf	"SD"	NA	NA
"ECK120001048"	"usg"	"-"	2433658	2434671	1014	"LB 1.0"	423	40.4066092692065	0	0	0	1	-Inf	"SD"	8	22.2222222222222
"ECK120001052"	"uvrC"	"-"	1990898	1992730	1833	"LB 1.0"	665	35.1406002849244	17	170	58.8235294117647	1	-4.13506693110237	"SD"	9	13.2352941176471
"ECK120001054"	"uxaB"	"-"	1607253	1608704	1452	"LB 1.0"	529	35.2889755902969	3	104	0	0.984848484848485	-Inf	"SD"	4	7.27272727272727
"ECK120001058"	"xerC"	"+"	3994310	3995206	897	"LB 1.0"	421	45.4610694892317	0	0	0	1	-Inf	"SD"	2	5.88235294117647
"ECK120001059"	"dsbC"	"-"	3036134	3036844	711	"LB 1.0"	190	25.8841552430244	3	112	0	1	-Inf	"SD"	8	30.7692307692308
"ECK120001064"	"xylB"	"-"	3725940	3727394	1455	"LB 1.0"	48	3.19542213830327	6	125	0	0.535395189003436	-Inf	"SD"	NA	NA
"ECK120001067"	"ribF"	"+"	21407	22348	942	"LB 1.0"	2518	258.913573378457	0	0	0	1	-Inf	"SD"	7	20
"ECK120001068"	"fkpB"	"+"	25826	26275	450	"LB 1.0"	206	44.340920255261	0	0	0	1	-Inf	"SD"	2	12.5
"ECK120001069"	"ispH"	"+"	26277	27227	951	"LB 1.0"	234	23.8333634645135	0	0	0	1	-Inf	"SD"	3	8.57142857142857
"ECK120001070"	"rihC"	"+"	27293	28207	915	"LB 1.0"	780	82.5702318934512	1	51	0	1	-Inf	"SD"	11	33.3333333333333
"ECK120001071"	"hepA"	"-"	60358	63264	2907	"LB 1.0"	258	8.59655942909116	8	167	0	0.955968352253182	-Inf	"SD"	21	19.0909090909091
"ECK120001072"	"mraZ"	"+"	89634	90092	459	"LB 1.0"	610	128.726258117786	1	82	0	1	-Inf	"SD"	1	5.88235294117647
"ECK120001073"	"rsmH"	"+"	90094	91035	942	"LB 1.0"	624	64.1628553566946	4	103	0	1	-Inf	"SD"	14	40
"ECK120001074"	"ftsL"	"+"	91032	91397	366	"LB 1.0"	424	112.210827957767	1	100	0	1	-Inf	"SD"	2	14.2857142857143
"ECK120001075"	"secM"	"+"	107705	108217	513	"LB 1.0"	513	96.8612335673178	15	260	53.8461538461538	1	-5.11242064408346	"SD"	NA	NA
"ECK120001079"	"frsA"	"+"	256527	257771	1245	"LB 1.0"	202	15.7156378960628	11	222	0	1	-Inf	"SD"	1	2.12765957446809
"ECK120001081"	"yaiA"	"+"	406203	406394	192	"LB 1.0"	242	122.08551314214	15	267	56.1797752808989	1	-5.34678570708598	"SD"	0	0
"ECK120001084"	"yajC"	"+"	426511	426843	333	"LB 1.0"	804	233.863158522893	2	100	0	1	-Inf	"SD"	1	8.33333333333333
"ECK120001088"	"ybaB"	"+"	493300	493629	330	"LB 1.0"	1223	358.973601978272	0	0	0	1	-Inf	"SD"	16	133.333333333333
"ECK120001093"	"entH"	"+"	628523	628936	414	"LB 1.0"	19	4.44532231347594	0	0	0	0.975845410628019	-Inf	"SD"	NA	NA
"ECK120001094"	"ybgA"	"+"	738224	738733	510	"LB 1.0"	12	2.27908784864277	6	176	0	0.496078431372549	-Inf	"SD"	NA	NA
"ECK120001096"	"ybgC"	"+"	773975	774379	405	"LB 1.0"	512	122.451732312264	2	100	0	1	-Inf	"SD"	0	0
"ECK120001098"	"aat"	"-"	925951	926655	705	"LB 1.0"	80	10.991345653029	3	129	0	0.987234042553191	-Inf	"SD"	NA	NA
"ECK120001099"	"yccA"	"-"	1029982	1030641	660	"LB 1.0"	3580	525.3988123803	0	0	0	1	-Inf	"SD"	NA	NA
"ECK120001101"	"yceB"	"-"	1121936	1122496	561	"LB 1.0"	342	59.04909426029	1	48	0	1	-Inf	"SD"	8	38.0952380952381
"ECK120001106"	"yciB"	"-"	1310375	1310914	540	"LB 1.0"	82	14.708557689852	12	127	94.488188976378	1	-2.61554947298716	"SD"	NA	NA
"ECK120001110"	"yciF"	"-"	1313294	1313794	501	"LB 1.0"	6	1.16001477326129	11	149	73.8255033557047	0.36127744510978	0.923360344970291	"AD"	0	0
"ECK120001111"	"yciG"	"-"	1313880	1314059	180	"LB 1.0"	2	0	0	0	0	0.233333333333333	NA	"NO"	NA	NA
"ECK120001113"	"rem"	"-"	1642675	1642926	252	"LB 1.0"	18	6.9186595405227	1	100	0	1	-Inf	"SD"	NA	NA
"ECK120001114"	"hokD"	"-"	1643143	1643298	156	"LB 1.0"	241	149.638187754638	0	0	0	1	-Inf	"SD"	NA	NA
"ECK120001115"	"relE"	"-"	1643370	1643657	288	"LB 1.0"	189	63.5651845285523	0	0	0	1	-Inf	"SD"	0	0
"ECK120001117"	"nlpC"	"-"	1790291	1790755	465	"LB 1.0"	352	73.3229122918191	0	0	0	1	-Inf	"SD"	1	5.88235294117647
"ECK120001121"	"yebC"	"-"	1945435	1946175	741	"LB 1.0"	433	56.6004239333989	1	100	0	1	-Inf	"SD"	1	3.84615384615385
"ECK120001122"	"nudB"	"-"	1946204	1946656	453	"LB 1.0"	342	73.1270240177101	0	0	0	1	-Inf	"SD"	1	5.88235294117647
"ECK120001126"	"yfaA"	"-"	2332978	2334666	1689	"LB 1.0"	27	1.5484033785184	2	61	0	0.557134399052694	-Inf	"SD"	1	1.58730158730159
"ECK120001128"	"yfcA"	"-"	2442773	2443582	810	"LB 1.0"	267	31.928332546264	5	94	0	1	-Inf	"SD"	NA	NA
"ECK120001133"	"hyfA"	"+"	2599223	2599840	618	"LB 1.0"	1	0	0	0	0	0.116504854368932	NA	"NO"	NA	NA
"ECK120001134"	"raiA"	"+"	2735176	2735517	342	"LB 1.0"	3345	947.370837083854	17	161	68.3229813664596	1	-8.75028192814669	"SD"	7	53.8461538461538
"ECK120001136"	"rimM"	"-"	2743392	2743940	549	"LB 1.0"	1979	349.159164352863	1	63	0	1	-Inf	"SD"	7	33.3333333333333
"ECK120001137"	"ppdC"	"-"	2960463	2960786	324	"LB 1.0"	30	8.96863273771461	1	77	0	0.87037037037037	-Inf	"SD"	NA	NA
"ECK120001138"	"ygdB"	"-"	2960771	2961178	408	"LB 1.0"	12	2.84885981080346	0	0	0	0.740196078431373	-Inf	"SD"	NA	NA
"ECK120001139"	"ppdB"	"-"	2961175	2961738	564	"LB 1.0"	18	3.0913159649144	0	0	0	0.684397163120567	-Inf	"SD"	NA	NA
"ECK120001142"	"argO"	"-"	3066195	3066830	636	"LB 1.0"	95	14.4682660202755	2	67	0	1	-Inf	"SD"	1	4.34782608695652
"ECK120001143"	"mscS"	"-"	3066969	3067829	861	"LB 1.0"	179	20.1372367114401	5	81	0	0.988385598141696	-Inf	"SD"	15	48.3870967741936
"ECK120001144"	"yggC"	"-"	3071998	3072711	714	"LB 1.0"	163	22.1125785314745	2	101	0	1	-Inf	"SD"	NA	NA
"ECK120001145"	"yggD"	"-"	3072708	3073217	510	"LB 1.0"	317	60.2059040016466	1	100	0	1	-Inf	"SD"	NA	NA
"ECK120001146"	"ygiA"	"+"	3177618	3177878	261	"LB 1.0"	344	127.6638480734	3	103	0	0.831417624521073	-Inf	"SD"	NA	NA
"ECK120001147"	"ygiB"	"+"	3177862	3178437	576	"LB 1.0"	750	126.121397874112	3	168	0	1	-Inf	"SD"	2	8.69565217391304
"ECK120001152"	"ttdB"	"+"	3205393	3205998	606	"LB 1.0"	4	0.639348076351933	5	205	0	0.48019801980198	-Inf	"SD"	NA	NA
"ECK120001154"	"tdcD"	"-"	3260474	3261694	1221	"LB 1.0"	20226	1604.51704351562	0	0	0	1	-Inf	"SD"	NA	NA
"ECK120001155"	"yhaB"	"+"	3265876	3266415	540	"LB 1.0"	4	0.717490619017169	11	187	58.8235294117647	0.396296296296296	1.61647164954707	"AD"	NA	NA
"ECK120001157"	"garK"	"-"	3268647	3269873	1227	"LB 1.0"	1899	149.909928723991	1	64	0	1	-Inf	"SD"	5	12.8205128205128
"ECK120001158"	"garR"	"-"	3269889	3270779	891	"LB 1.0"	2512	273.081278025929	1	51	0	1	-Inf	"SD"	44	146.666666666667
"ECK120001159"	"truB"	"-"	3309855	3310799	945	"LB 1.0"	229	23.4721931078474	3	65	0	1	-Inf	"SD"	2	5.71428571428571
"ECK120001160"	"rbfA"	"-"	3310799	3311200	402	"LB 1.0"	91	21.9262991408605	0	0	0	1	-Inf	"SD"	11	73.3333333333333
"ECK120001161"	"rimP"	"-"	3315576	3316028	453	"LB 1.0"	314	67.1400162033947	1	82	0	1	-Inf	"SD"	25	147.058823529412
"ECK120001163"	"bfd"	"-"	3464819	3465013	195	"LB 1.0"	1	0	0	0	0	0.0205128205128205	NA	"NO"	NA	NA
"ECK120001165"	"damX"	"-"	3514042	3515328	1287	"LB 1.0"	1598	120.267483481409	6	180	0	1	-Inf	"SD"	6	13.0434782608696
"ECK120001168"	"yibA"	"+"	3764360	3765202	843	"LB 1.0"	26	2.98741645640601	0	0	0	0.559905100830368	-Inf	"SD"	0	0
"ECK120001170"	"waaC"	"+"	3794002	3794961	960	"LB 1.0"	518	52.2647072790319	7	209	28.7081339712919	1	-5.44473075749794	"SD"	4	11.1111111111111
"ECK120001174"	"dinD"	"+"	3815783	3816607	825	"LB 1.0"	94	11.0363102488823	7	149	0	0.981818181818182	-Inf	"SD"	NA	NA
"ECK120001177"	"yidB"	"-"	3875090	3875488	399	"LB 1.0"	28	6.79727954858371	0	0	0	1	-Inf	"SD"	NA	NA
"ECK120001178"	"yidC"	"+"	3883099	3884745	1647	"LB 1.0"	2451	144.145041574679	10	192	0	1	-Inf	"SD"	18	29.0322580645161
"ECK120001179"	"glmU"	"-"	3911853	3913223	1371	"LB 1.0"	2187	154.511683305415	4	77	0	1	-Inf	"SD"	6	12.2448979591837
"ECK120001180"	"mioC"	"-"	3924035	3924478	444	"LB 1.0"	656	143.110291036397	5	165	0	1	-Inf	"SD"	3	18.75
"ECK120001181"	"yigA"	"+"	3993606	3994313	708	"LB 1.0"	650	88.9262737553059	1	61	0	1	-Inf	"SD"	5	18.5185185185185
"ECK120001182"	"yigB"	"+"	3995206	3995922	717	"LB 1.0"	248	33.5029092394628	1	98	0	1	-Inf	"SD"	5	18.5185185185185
"ECK120001184"	"murI"	"+"	4163451	4164308	858	"LB 1.0"	648	73.153938638254	5	180	0	1	-Inf	"SD"	2	6.45161290322581
"ECK120001185"	"murB"	"+"	4170080	4171108	1029	"LB 1.0"	457	43.0180600002568	1	100	0	1	-Inf	"SD"	2	5.26315789473684
"ECK120001192"	"nsrR"	"+"	4404213	4404638	426	"LB 1.0"	246	55.9339517783103	1	100	0	1	-Inf	"SD"	4	25
"ECK120001194"	"yjjA"	"-"	4597718	4598212	495	"LB 1.0"	157	30.721643777917	2	188	0	1	-Inf	"SD"	NA	NA
"ECK120001195"	"yjjB"	"-"	4599647	4599973	327	"LB 1.0"	3	0.888635170342365	1	65	0	0.391437308868502	-Inf	"SD"	NA	NA
"ECK120001197"	"creB"	"+"	4634030	4634719	690	"LB 1.0"	150	21.0567899059387	1	100	0	1	-Inf	"SD"	NA	NA
"ECK120001201"	"argH"	"+"	4154873	4156246	1374	"LB 1.0"	78	5.49867264792634	0	0	0	0.947598253275109	-Inf	"SD"	3	6
"ECK120001202"	"fliO"	"+"	2019528	2019893	366	"LB 1.0"	183	48.4306167836589	0	0	0	1	-Inf	"SD"	3	23.0769230769231
"ECK120001203"	"dcuA"	"-"	4363495	4364796	1302	"LB 1.0"	3127	232.6306277765	2	100	0	1	-Inf	"SD"	2	4.34782608695652
"ECK120001204"	"leuA"	"-"	81958	83529	1572	"LB 1.0"	23	1.41718089824956	4	142	0	0.765903307888041	-Inf	"SD"	1	1.75438596491228
"ECK120001206"	"fdnH"	"+"	1548485	1549369	885	"LB 1.0"	131	14.3376515223939	0	0	0	1	-Inf	"SD"	1	3.125
"ECK120001207"	"fdnI"	"+"	1549362	1550015	654	"LB 1.0"	112	16.5878565130575	3	145	0	1	-Inf	"SD"	NA	NA
"ECK120001209"	"rpmI"	"-"	1797826	1798023	198	"LB 1.0"	837	409.458850989116	0	0	0	1	-Inf	"SD"	NA	NA
"ECK120001210"	"rpmJ"	"-"	3440640	3440756	117	"LB 1.0"	2228	1844.50280673491	0	0	0	1	-Inf	"SD"	NA	NA
"ECK120001211"	"rstB"	"+"	1680906	1682207	1302	"LB 1.0"	328	24.4012938633489	10	214	37.3831775700935	1	-3.93081383759351	"SD"	2	4.08163265306122
"ECK120001212"	"ydiB"	"+"	1771813	1772679	867	"LB 1.0"	26	2.90471980709373	3	101	0	0.385236447520185	-Inf	"SD"	NA	NA
"ECK120001215"	"chiA"	"-"	3465182	3467875	2694	"LB 1.0"	79	2.84039994499559	47	365	101.369863013699	0.455456570155902	1.38143118677309	"AD"	NA	NA
"ECK120001216"	"ybhB"	"-"	806656	807132	477	"LB 1.0"	44	8.93478884059116	10	204	44.1176470588235	1	-2.31143672733053	"SD"	1	5.88235294117647
"ECK120001221"	"yggF"	"-"	3073239	3074204	966	"LB 1.0"	140	14.0378599372924	1	63	0	0.450310559006211	-Inf	"SD"	NA	NA
"ECK120001224"	"mazF"	"-"	2908778	2909113	336	"LB 1.0"	36	10.3779893107841	6	200	30	1	-3.11242064408346	"SD"	NA	NA
"ECK120001226"	"ychA"	"+"	1266543	1267352	810	"LB 1.0"	330	39.4619840459443	0	0	0	1	-Inf	"SD"	1	3.2258064516129
"ECK120001227"	"mukE"	"+"	974872	975549	678	"LB 1.0"	357	51.0021539580125	0	0	0	1	-Inf	"SD"	7	25.9259259259259
"ECK120001228"	"ycbB"	"+"	980270	982117	1848	"LB 1.0"	357	18.7118292118682	6	175	0	0.982683982683983	-Inf	"SD"	1	1.47058823529412
"ECK120001229"	"rlmH"	"-"	667471	667938	468	"LB 1.0"	431	89.2034009989615	0	0	0	1	-Inf	"SD"	4	23.5294117647059
"ECK120001230"	"rsfS"	"-"	667942	668259	318	"LB 1.0"	349	106.303680864761	0	0	0	1	-Inf	"SD"	2	16.6666666666667
"ECK120001233"	"focA"	"-"	952832	953689	858	"LB 1.0"	607	68.5253715330558	11	312	19.2307692307692	1	-5.83553193417604	"SD"	1	3.2258064516129
"ECK120001234"	"rnr"	"+"	4404677	4407118	2442	"LB 1.0"	1111	44.0674981545004	18	203	78.8177339901478	1	-3.78357118254275	"SD"	21	22.8260869565217
"ECK120001236"	"nfsA"	"+"	890407	891129	723	"LB 1.0"	108	14.4688979602632	2	43	0	1	-Inf	"SD"	5	18.5185185185185
"ECK120001238"	"gspB"	"-"	3451530	3451949	420	"LB 1.0"	29	6.68803755583861	6	237	25.3164556962025	0.740476190476191	-2.47854854288135	"SD"	NA	NA
"ECK120001239"	"cmk"	"+"	960424	961107	684	"LB 1.0"	317	44.8903670187716	12	272	40.4411764705882	1	-4.35083046275727	"SD"	10	40
"ECK120001241"	"yiaB"	"-"	3725430	3725771	342	"LB 1.0"	5	1.41609990595494	0	0	0	0.473684210526316	-Inf	"SD"	NA	NA
"ECK120001242"	"fmt"	"+"	3432236	3433183	948	"LB 1.0"	835	85.3155380049687	22	267	48.689138576779	1	-5.03622498646312	"SD"	14	41.1764705882353
"ECK120001245"	"pheL"	"+"	2735621	2735668	48	"LB 1.0"	302	609.418594527708	0	0	0	1	-Inf	"SD"	NA	NA
"ECK120001246"	"pheM"	"-"	1797250	1797294	45	"LB 1.0"	115	247.534263560923	0	0	0	1	-Inf	"SD"	NA	NA
"ECK120001247"	"fruL"	"+"	87860	87946	87	"LB 1.0"	2	2.22669502453604	0	0	0	0.597701149425287	-Inf	"SD"	NA	NA
"ECK120001249"	"ivbL"	"-"	3850913	3851011	99	"LB 1.0"	2927	2863.76596617716	0	0	0	1	-Inf	"SD"	NA	NA
"ECK120001250"	"tnaC"	"+"	3886458	3886532	75	"LB 1.0"	2711	3501.21072267998	0	0	0	1	-Inf	"SD"	NA	NA
"ECK120001251"	"thrL"	"+"	190	255	66	"LB 1.0"	281	412.394039885096	0	0	0	1	-Inf	"SD"	NA	NA
"ECK120001254"	"mutL"	"+"	4395435	4397282	1848	"LB 1.0"	630	33.0208750797674	7	206	0	0.992424242424242	-Inf	"SD"	6	8.82352941176471
"ECK120001255"	"hyfB"	"+"	2599840	2601858	2019	"LB 1.0"	17	0.815572546133929	6	127	0	0.397721644378405	-Inf	"SD"	NA	NA
"ECK120001256"	"phnE_1"	"-"	4320684	4321304	621	"LB 1.0"	1	0	9	286	20.979020979021	0.0531400966183575	Inf	"AD"	NA	NA
"ECK120001257"	"fabZ"	"+"	202101	202556	456	"LB 1.0"	1735	368.540000524773	0	0	0	1	-Inf	"SD"	34	200
"ECK120001258"	"glrR"	"-"	2685491	2686825	1335	"LB 1.0"	180	13.0599416045822	0	0	0	0.99250936329588	-Inf	"SD"	0	0
"ECK120001263"	"yeiB"	"-"	2239832	2240989	1158	"LB 1.0"	112	9.3682712949392	0	0	0	0.98272884283247	-Inf	"SD"	NA	NA
"ECK120001267"	"ispE"	"-"	1261249	1262100	852	"LB 1.0"	588	66.8478935887123	6	229	26.2008733624454	1	-5.79977579003043	"SD"	6	19.3548387096774
"ECK120001268"	"wzzE"	"+"	3967054	3968100	1047	"LB 1.0"	790	73.0853624815483	0	0	0	1	-Inf	"SD"	2	5.12820512820513
"ECK120001269"	"radA"	"+"	4623935	4625317	1383	"LB 1.0"	125	8.75463065503595	0	0	0	0.906724511930586	-Inf	"SD"	4	8.16326530612245
"ECK120001270"	"dsbA"	"+"	4041441	4042067	627	"LB 1.0"	775	119.724810230736	0	0	0	1	-Inf	"SD"	16	69.5652173913043
"ECK120001271"	"yhdE"	"-"	3395807	3396400	594	"LB 1.0"	365	59.5191081684697	5	223	0	1	-Inf	"SD"	5	22.7272727272727
"ECK120001272"	"rng"	"-"	3394348	3395817	1470	"LB 1.0"	993	65.4307516546575	1	38	0	1	-Inf	"SD"	8	14.5454545454545
"ECK120001273"	"ydfA"	"+"	1646532	1646687	156	"LB 1.0"	9	5.58814809042218	0	0	0	0.955128205128205	-Inf	"SD"	NA	NA
"ECK120001274"	"ydfB"	"+"	1646689	1646817	129	"LB 1.0"	9	6.75776048144078	1	81	0	0.775193798449612	-Inf	"SD"	NA	NA
"ECK120001275"	"ydfC"	"+"	1646847	1647065	219	"LB 1.0"	15	6.63433106625464	8	355	22.5352112676056	1	-2.0518791021484	"SD"	NA	NA
"ECK120001276"	"ydfD"	"+"	1647818	1648009	192	"LB 1.0"	0	0	3	209	0	0	NA	"NO"	NA	NA
"ECK120001277"	"ydfE"	"+"	1648102	1649022	921	"LB 1.0"	7	0.736187442965499	0	0	0	0.364820846905537	-Inf	"SD"	NA	NA
"ECK120001280"	"ydbC"	"+"	1472245	1473105	861	"LB 1.0"	133	14.9623043721873	0	0	0	1	-Inf	"SD"	11	35.4838709677419
"ECK120001281"	"ydbD"	"+"	1473168	1475474	2307	"LB 1.0"	26	1.09163072074134	2	79	0	0.53272648461205	-Inf	"SD"	NA	NA
"ECK120001282"	"dusB"	"+"	3408302	3409267	966	"LB 1.0"	1395	139.877247232307	10	102	0	1	-Inf	"SD"	0	0
"ECK120001285"	"purB"	"-"	1189839	1191209	1371	"LB 1.0"	186	13.1409113373604	4	226	0	1	-Inf	"SD"	19	36.5384615384615
"ECK120001288"	"fabD"	"+"	1148951	1149880	930	"LB 1.0"	2004	208.720335557962	0	0	0	1	-Inf	"SD"	39	121.875
"ECK120001289"	"fabG"	"+"	1149893	1150627	735	"LB 1.0"	2580	340.002697419973	5	137	0	1	-Inf	"SD"	53	203.846153846154
"ECK120001292"	"ribD"	"+"	432679	433782	1104	"LB 1.0"	491	43.0786826825662	6	67	0	1	-Inf	"SD"	5	12.5
"ECK120001293"	"ribE"	"+"	433871	434341	471	"LB 1.0"	595	122.361855568055	1	48	0	1	-Inf	"SD"	33	206.25
"ECK120001295"	"ubiH"	"-"	3050362	3051540	1179	"LB 1.0"	582	47.8144511757243	0	0	0	1	-Inf	"SD"	1	2.38095238095238
"ECK120001298"	"codB"	"+"	354146	355405	1260	"LB 1.0"	25	1.92184987236742	1	99	0	0.461904761904762	-Inf	"SD"	NA	NA
"ECK120001299"	"fdx"	"-"	2654770	2655105	336	"LB 1.0"	260	74.9521450223293	1	100	0	1	-Inf	"SD"	1	8.33333333333333
"ECK120001300"	"gabD"	"+"	2789295	2790743	1449	"LB 1.0"	25	1.67117380205862	0	0	0	0.508626639061422	-Inf	"SD"	0	0
"ECK120001301"	"gabP"	"+"	2792275	2793675	1401	"LB 1.0"	27	1.86670471543011	4	155	0	0.421127765881513	-Inf	"SD"	NA	NA
"ECK120001304"	"ubiI"	"-"	3049137	3050339	1203	"LB 1.0"	334	26.8924788125388	6	278	21.5827338129496	1	-4.48609643071788	"SD"	3	6.81818181818182
"ECK120001307"	"endA"	"+"	3088369	3089076	708	"LB 1.0"	5	0.684048259656199	3	60	0	0.43361581920904	-Inf	"SD"	1	3.7037037037037
"ECK120001308"	"lysP"	"-"	2245085	2246554	1470	"LB 1.0"	205	13.5078591029253	9	151	46.3576158940397	1	-3.27030030386518	"SD"	NA	NA
"ECK120001310"	"waaG"	"-"	3803966	3805090	1125	"LB 1.0"	252	21.6969163190792	12	121	90.9090909090909	1	-3.30191458489928	"SD"	1	2.38095238095238
"ECK120001311"	"waaP"	"-"	3803176	3803973	798	"LB 1.0"	147	17.8428588150322	0	0	0	1	-Inf	"SD"	1	3.2258064516129
"ECK120001314"	"mdtG"	"-"	1113487	1114713	1227	"LB 1.0"	70	5.52590574548675	2	98	0	0.915240423797881	-Inf	"SD"	NA	NA
"ECK120001315"	"mnmA"	"-"	1191890	1192996	1107	"LB 1.0"	1025	89.6863273771461	1	100	0	1	-Inf	"SD"	9	21.9512195121951
"ECK120001316"	"hflD"	"-"	1191213	1191854	642	"LB 1.0"	199	30.0239649219568	8	229	26.2008733624454	1	-4.64500819884125	"SD"	8	34.7826086956522
"ECK120001319"	"waaS"	"-"	3802204	3803139	936	"LB 1.0"	212	21.9386554661019	4	169	0	0.949786324786325	-Inf	"SD"	3	8.10810810810811
"ECK120001320"	"waaB"	"-"	3801081	3802190	1110	"LB 1.0"	225	19.6340338312131	1	36	0	0.986486486486487	-Inf	"SD"	0	0
"ECK120001321"	"waaI"	"-"	3800062	3801081	1020	"LB 1.0"	206	19.5621707008505	1	100	0	1	-Inf	"SD"	3	7.69230769230769
"ECK120001322"	"waaJ"	"-"	3799006	3800022	1017	"LB 1.0"	158	15.0482545758468	1	100	0	0.969518190757129	-Inf	"SD"	4	10.2564102564103
"ECK120001323"	"emrA"	"+"	2809449	2810621	1173	"LB 1.0"	253	20.8916386125587	1	100	0	0.967604433077579	-Inf	"SD"	4	9.30232558139535
"ECK120001324"	"fliA"	"-"	1999094	1999813	720	"LB 1.0"	5831	784.441462404209	3	100	0	1	-Inf	"SD"	17	60.7142857142857
"ECK120001325"	"fliZ"	"-"	1998497	1999048	552	"LB 1.0"	688	120.725595460715	13	203	54.1871921182266	1	-5.77808424542769	"SD"	6	27.2727272727273
"ECK120001331"	"gluQ"	"-"	159186	160112	927	"LB 1.0"	155	16.1957833904361	21	614	29.3159609120521	0.913700107874865	-2.16954944134745	"SD"	2	5.71428571428571
"ECK120001332"	"amiB"	"+"	4394088	4395425	1338	"LB 1.0"	307	22.224513232561	2	74	0	0.959641255605381	-Inf	"SD"	1	2.08333333333333
"ECK120001333"	"bglH"	"-"	3898627	3900243	1617	"LB 1.0"	9	0.539116327832938	0	0	0	0.308596165739023	-Inf	"SD"	NA	NA
"ECK120001336"	"menB"	"-"	2373984	2374841	858	"LB 1.0"	366	41.3184283049398	0	0	0	1	-Inf	"SD"	21	65.625
"ECK120001337"	"ubiC"	"+"	4250529	4251026	498	"LB 1.0"	401	77.994688073282	0	0	0	1	-Inf	"SD"	0	0
"ECK120001342"	"folK"	"-"	157253	157732	480	"LB 1.0"	89	17.9596870572735	0	0	0	1	-Inf	"SD"	2	11.1111111111111
"ECK120001344"	"ftsP"	"-"	3159279	3160691	1413	"LB 1.0"	504	34.5492298074509	9	256	27.34375	1	-4.62515481724943	"SD"	1	1.92307692307692
"ECK120001345"	"plsC"	"-"	3160766	3161503	738	"LB 1.0"	220	28.8746224726422	22	149	147.651006711409	1	-2.71422665496803	"SD"	1	3.7037037037037
"ECK120001346"	"sufA"	"-"	1762042	1762410	369	"LB 1.0"	6	1.57497940759866	0	0	0	0.853658536585366	-Inf	"SD"	1	7.69230769230769
"ECK120001347"	"appB"	"+"	1038519	1039655	1137	"LB 1.0"	83	7.07078486023516	5	238	0	0.976253298153034	-Inf	"SD"	NA	NA
"ECK120001348"	"appC"	"+"	1036963	1038507	1545	"LB 1.0"	114	7.1470424768118	5	99	0	0.997411003236246	-Inf	"SD"	NA	NA
"ECK120001350"	"elbB"	"-"	3347828	3348481	654	"LB 1.0"	315	46.6533464429742	0	0	0	1	-Inf	"SD"	9	39.1304347826087
"ECK120001355"	"fliS"	"+"	2003327	2003737	411	"LB 1.0"	1154	271.965604712128	1	100	0	1	-Inf	"SD"	1	6.66666666666667
"ECK120001356"	"fliT"	"+"	2003737	2004102	366	"LB 1.0"	1405	371.830691699676	3	77	0	1	-Inf	"SD"	NA	NA
"ECK120001358"	"osmY"	"+"	4609419	4610024	606	"LB 1.0"	36	5.75413268716739	4	100	0	0.801980198019802	-Inf	"SD"	1	4.76190476190476
"ECK120001365"	"hdeB"	"-"	3653989	3654315	327	"LB 1.0"	4038	1196.10293928082	0	0	0	1	-Inf	"SD"	0	0
"ECK120001367"	"psiF"	"+"	402505	402825	321	"LB 1.0"	39	11.7681872558424	0	0	0	1	-Inf	"SD"	NA	NA
"ECK120001368"	"treC"	"-"	4461077	4462732	1656	"LB 1.0"	570	33.3399173510695	0	0	0	1	-Inf	"SD"	64	100
"ECK120001370"	"ychF"	"-"	1255944	1257035	1092	"LB 1.0"	456	40.4475480830558	1	100	0	1	-Inf	"SD"	8	20
"ECK120001371"	"cydD"	"-"	928419	930185	1767	"LB 1.0"	369	20.2273883340918	1	96	0	1	-Inf	"SD"	21	32.3076923076923
"ECK120001375"	"lpxK"	"+"	967589	968575	987	"LB 1.0"	228	22.3752393650947	0	0	0	1	-Inf	"SD"	1	2.77777777777778
"ECK120001377"	"glnD"	"-"	185978	188650	2673	"LB 1.0"	411	14.8933658795988	21	123	0	0.950243172465395	-Inf	"SD"	4	3.92156862745098
"ECK120001378"	"holA"	"-"	669797	670828	1032	"LB 1.0"	383	35.9475314498864	4	75	0	1	-Inf	"SD"	2	5.12820512820513
"ECK120001379"	"holC"	"-"	4481860	4482303	444	"LB 1.0"	1143	249.352229656406	8	72	0	1	-Inf	"SD"	5	29.4117647058824
"ECK120001381"	"dps"	"-"	847631	848134	504	"LB 1.0"	3204	615.76069910652	15	263	34.2205323193916	1	-8.41822907360754	"SD"	4	21.0526315789474
"ECK120001382"	"nrdD"	"-"	4458545	4460683	2139	"LB 1.0"	421	19.0643194632262	3	100	0	0.950911640953717	-Inf	"SD"	16	20
"ECK120001383"	"dcd"	"-"	2139658	2140239	582	"LB 1.0"	612	101.854080658417	13	217	55.2995391705069	1	-5.40732556520428	"SD"	5	23.8095238095238
"ECK120001384"	"bcr"	"-"	2276592	2277782	1191	"LB 1.0"	334	27.1634357779044	91	277	306.859205776173	1	-0.676131224613296	"SD"	1	2.32558139534884
"ECK120001389"	"waaY"	"-"	3798290	3798988	699	"LB 1.0"	42	5.8199882830148	1	100	0	0.914163090128755	-Inf	"SD"	4	14.8148148148148
"ECK120001390"	"waaZ"	"-"	3797368	3798219	852	"LB 1.0"	68	7.73070878236809	2	138	0	0.917840375586854	-Inf	"SD"	2	6.06060606060606
"ECK120001401"	"plsX"	"+"	1146844	1147914	1071	"LB 1.0"	915	82.7525945042911	1	83	0	1	-Inf	"SD"	0	0
"ECK120001406"	"gcvT"	"-"	3047595	3048689	1095	"LB 1.0"	2774	245.381791703872	0	0	0	1	-Inf	"SD"	33	82.5
"ECK120001407"	"rpiA"	"-"	3056688	3057347	660	"LB 1.0"	1081	158.646959827683	0	0	0	1	-Inf	"SD"	9	39.1304347826087
"ECK120001408"	"scpA"	"+"	3058872	3061016	2145	"LB 1.0"	18	0.812821540425045	19	123	0	0.539393939393939	-Inf	"SD"	NA	NA
"ECK120001409"	"argK"	"+"	3061009	3062004	996	"LB 1.0"	6	0.583501407032035	3	209	0	0.27710843373494	-Inf	"SD"	NA	NA
"ECK120001410"	"csrA"	"-"	2816983	2817168	186	"LB 1.0"	1013	527.529191417704	7	326	21.4723926380368	1	-8.55768029177656	"SD"	0	0
"ECK120001414"	"rffE"	"+"	3968156	3969286	1131	"LB 1.0"	653	55.924301962386	3	135	0	1	-Inf	"SD"	2	4.76190476190476
"ECK120001415"	"rffD"	"+"	3969283	3970545	1263	"LB 1.0"	544	41.7201196046088	3	100	0	1	-Inf	"SD"	4	8.69565217391304
"ECK120001416"	"rffG"	"+"	3970545	3971612	1068	"LB 1.0"	518	46.9795121609275	0	0	0	1	-Inf	"SD"	5	12.5
"ECK120001417"	"rffH"	"+"	3971631	3972512	882	"LB 1.0"	191	20.9756186069815	0	0	0	1	-Inf	"SD"	3	9.09090909090909
"ECK120001418"	"rffC"	"+"	3972619	3973164	546	"LB 1.0"	135	23.9492061018094	0	0	0	1	-Inf	"SD"	2	8.33333333333333
"ECK120001419"	"rffA"	"+"	3973169	3974299	1131	"LB 1.0"	183	15.6725072880806	1	42	0	1	-Inf	"SD"	5	11.9047619047619
"ECK120001420"	"wzyE"	"+"	3976624	3977976	1353	"LB 1.0"	262	18.7565729450386	5	203	0	0.945306725794531	-Inf	"SD"	NA	NA
"ECK120001421"	"rffM"	"+"	3977979	3978719	741	"LB 1.0"	140	18.3003680154177	13	222	58.5585585585586	0.97165991902834	-2.8152891326391	"SD"	4	14.2857142857143
"ECK120001422"	"yifK"	"+"	3978910	3980295	1386	"LB 1.0"	89	6.21980504148	5	133	0	0.869408369408369	-Inf	"SD"	NA	NA
"ECK120001428"	"rarD"	"-"	4001311	4002201	891	"LB 1.0"	57	6.19650989151191	1	75	0	0.875420875420875	-Inf	"SD"	NA	NA
"ECK120001432"	"yigL"	"+"	4008223	4009023	801	"LB 1.0"	302	36.519466338739	0	0	0	1	-Inf	"SD"	8	26.6666666666667
"ECK120001434"	"rmuC"	"+"	4015356	4016783	1428	"LB 1.0"	678	45.9887369458274	11	100	100	1	-4.52320867036094	"SD"	1	1.81818181818182
"ECK120001435"	"ubiE"	"+"	4016878	4017633	756	"LB 1.0"	835	106.982976228453	4	131	0	1	-Inf	"SD"	15	53.5714285714286
"ECK120001436"	"ubiJ"	"+"	4017647	4018252	606	"LB 1.0"	354	56.582304757146	0	0	0	1	-Inf	"SD"	1	4.54545454545455
"ECK120001437"	"ubiB"	"+"	4018249	4019889	1641	"LB 1.0"	1247	73.6050933933244	10	119	0	1	-Inf	"SD"	1	1.58730158730159
"ECK120001438"	"tatC"	"+"	4020759	4021535	777	"LB 1.0"	792	98.7311415512429	0	0	0	1	-Inf	"SD"	NA	NA
"ECK120001440"	"yigZ"	"+"	4030515	4031129	615	"LB 1.0"	254	40.0044769530061	1	75	0	1	-Inf	"SD"	NA	NA
"ECK120001441"	"hemG"	"+"	4032631	4033176	546	"LB 1.0"	212	37.6091236561747	2	171	0	1	-Inf	"SD"	4	19.047619047619
"ECK120001442"	"wzxE"	"+"	3974301	3975551	1251	"LB 1.0"	152	11.7689108730874	0	0	0	0.97841726618705	-Inf	"SD"	NA	NA
"ECK120001443"	"pdxH"	"-"	1715375	1716031	657	"LB 1.0"	198	29.1910566915204	3	198	0	1	-Inf	"SD"	5	19.2307692307692
"ECK120001444"	"mliC"	"-"	1716090	1716419	330	"LB 1.0"	36	10.5666800255256	0	0	0	0.972727272727273	-Inf	"SD"	NA	NA
"ECK120001445"	"csgA"	"+"	1103670	1104125	456	"LB 1.0"	11	2.33656484482565	4	184	0	0.769736842105263	-Inf	"SD"	NA	NA
"ECK120001446"	"gadB"	"-"	1568669	1570069	1401	"LB 1.0"	48	0	0	0	0	0.162740899357602	NA	"NO"	NA	NA
"ECK120001447"	"dinF"	"+"	4255765	4257144	1380	"LB 1.0"	272	19.0914895147177	2	57	0	1	-Inf	"SD"	NA	NA
"ECK120001449"	"pabC"	"+"	1152523	1153332	810	"LB 1.0"	61	7.29448796000789	1	71	0	0.881481481481482	-Inf	"SD"	NA	NA
"ECK120001450"	"yceG"	"+"	1153335	1154357	1023	"LB 1.0"	129	12.2141731477849	1	64	0	0.817204301075269	-Inf	"SD"	0	0
"ECK120001453"	"prmA"	"+"	3407092	3407973	882	"LB 1.0"	239	26.2469782569036	26	243	82.3045267489712	1	-2.71407943367693	"SD"	6	18.75
"ECK120001454"	"yhdJ"	"+"	3409675	3410559	885	"LB 1.0"	12	1.3133726585399	3	111	0	0.614689265536723	-Inf	"SD"	NA	NA
"ECK120001455"	"yhbE"	"-"	3329792	3330757	966	"LB 1.0"	231	23.1624688965325	8	131	45.8015267175573	1	-4.27068272800019	"SD"	NA	NA
"ECK120001456"	"holB"	"+"	1154985	1155989	1005	"LB 1.0"	130	12.5293137947774	3	100	0	1	-Inf	"SD"	3	8.10810810810811
"ECK120001457"	"adiA"	"-"	4336277	4338544	2268	"LB 1.0"	125	5.33847186768727	7	102	0	0.905202821869489	-Inf	"SD"	NA	NA
"ECK120001458"	"rcsF"	"-"	219591	219995	405	"LB 1.0"	221	52.8551422675981	0	0	0	1	-Inf	"SD"	1	7.14285714285714
"ECK120001459"	"yaeB"	"-"	218887	219594	708	"LB 1.0"	86	11.7656300660866	0	0	0	1	-Inf	"SD"	0	0
"ECK120001460"	"metQ"	"-"	220113	220928	816	"LB 1.0"	597	70.8653877937362	4	197	0	1	-Inf	"SD"	16	55.1724137931034
"ECK120001462"	"ftsH"	"-"	3323023	3324957	1935	"LB 1.0"	5708	285.728124652326	16	388	30.9278350515464	1	-6.8954648338639	"SD"	36	50.7042253521127
"ECK120001464"	"sra"	"-"	1553850	1553987	138	"LB 1.0"	60	42.1135798118773	3	222	0	1	-Inf	"SD"	NA	NA
"ECK120001466"	"ppk"	"+"	2621066	2623132	2067	"LB 1.0"	540	25.3048215415344	17	297	50.5050505050505	0.964683115626512	-3.07637789415792	"SD"	27	33.75
"ECK120001469"	"gltF"	"+"	3359198	3359962	765	"LB 1.0"	14	1.77262388227771	1	91	0	0.671895424836601	-Inf	"SD"	NA	NA
"ECK120001470"	"yhcA"	"+"	3360134	3360808	675	"LB 1.0"	0	0	1	48	0	0	NA	"NO"	NA	NA
"ECK120001472"	"glpX"	"-"	4112592	4113602	1011	"LB 1.0"	183	17.5327455418587	1	100	0	0.989119683481701	-Inf	"SD"	3	8.33333333333333
"ECK120001473"	"nikR"	"+"	3616611	3617012	402	"LB 1.0"	59	14.2159521902282	19	312	60.8974358974359	1	-1.90343941088038	"SD"	4	26.6666666666667
"ECK120001474"	"yhhH"	"+"	3621422	3621805	384	"LB 1.0"	17	4.2881275277198	0	0	0	0.869791666666667	-Inf	"SD"	NA	NA
"ECK120001476"	"ybfB"	"+"	732999	733325	327	"LB 1.0"	3	0.888635170342365	0	0	0	0.483180428134557	-Inf	"SD"	NA	NA
"ECK120001477"	"ybfC"	"+"	734873	735442	570	"LB 1.0"	3	0.509795966143778	0	0	0	0.310526315789474	-Inf	"SD"	NA	NA
"ECK120001478"	"ybfD"	"+"	737315	738076	762	"LB 1.0"	0	0	0	0	0	0	NA	"NO"	NA	NA
"ECK120001480"	"ydcC"	"+"	1529840	1530976	1137	"LB 1.0"	1	0	1	76	0	0.0131926121372032	NA	"NO"	NA	NA
"ECK120001482"	"fabI"	"-"	1348275	1349063	789	"LB 1.0"	1310	160.82156650594	1	50	0	1	-Inf	"SD"	27	96.4285714285714
"ECK120001483"	"ftsN"	"-"	4120403	4121362	960	"LB 1.0"	402	40.5606415563143	17	368	38.0434782608696	1	-3.85658173965386	"SD"	1	2.77777777777778
"ECK120001484"	"fadD"	"-"	1886085	1887770	1686	"LB 1.0"	142	8.15794493864717	6	100	0	0.951364175563464	-Inf	"SD"	10	16.1290322580645
"ECK120001486"	"menC"	"-"	2373022	2373984	963	"LB 1.0"	286	28.7666799587257	0	0	0	1	-Inf	"SD"	2	5.71428571428571
"ECK120001489"	"ibpB"	"-"	3864492	3864920	429	"LB 1.0"	168	37.9316718865021	0	0	0	0.958041958041958	-Inf	"SD"	NA	NA
"ECK120001491"	"yceH"	"+"	1125380	1126027	648	"LB 1.0"	215	32.1376006434774	2	206	0	1	-Inf	"SD"	16	66.6666666666667
"ECK120001493"	"pyrH"	"+"	191855	192580	726	"LB 1.0"	311	41.4928975749805	0	0	0	1	-Inf	"SD"	16	61.5384615384615
"ECK120001497"	"hemE"	"+"	4195739	4196803	1065	"LB 1.0"	406	36.9255031251935	5	202	0	1	-Inf	"SD"	7	17.9487179487179
"ECK120001498"	"gadE"	"+"	3656389	3656916	528	"LB 1.0"	207	37.9740063417325	2	100	0	0.981060606060606	-Inf	"SD"	NA	NA
"ECK120001501"	"rnt"	"+"	1726371	1727018	648	"LB 1.0"	74	11.061313709848	0	0	0	1	-Inf	"SD"	3	12.5
"ECK120001505"	"hydN"	"-"	2835600	2836127	528	"LB 1.0"	27	4.95313126196512	1	100	0	0.803030303030303	-Inf	"SD"	NA	NA
"ECK120001506"	"glmM"	"-"	3320755	3322092	1338	"LB 1.0"	404	29.2465907034353	1	98	0	1	-Inf	"SD"	22	45.8333333333333
"ECK120001510"	"caiD"	"-"	35377	36162	786	"LB 1.0"	7	0.862631851108428	0	0	0	0.487277353689567	-Inf	"SD"	NA	NA
"ECK120001511"	"caiC"	"-"	36271	37824	1554	"LB 1.0"	31	1.93223825005589	3	100	0	0.666023166023166	-Inf	"SD"	NA	NA
"ECK120001512"	"caiB"	"-"	37898	39115	1218	"LB 1.0"	36	2.86289360297491	0	0	0	0.719211822660099	-Inf	"SD"	NA	NA
"ECK120001513"	"caiA"	"-"	39244	40386	1143	"LB 1.0"	103	8.72852760930335	0	0	0	0.920384951881015	-Inf	"SD"	NA	NA
"ECK120001516"	"fixB"	"+"	43188	44129	942	"LB 1.0"	9	0.925425798413864	2	102	0	0.357749469214437	-Inf	"SD"	NA	NA
"ECK120001517"	"fixC"	"+"	44180	45466	1287	"LB 1.0"	6	0.451567522458358	1	42	0	0.280497280497281	-Inf	"SD"	NA	NA
"ECK120001518"	"fixX"	"+"	45463	45750	288	"LB 1.0"	3	1.00897118299289	0	0	0	0.527777777777778	-Inf	"SD"	NA	NA
"ECK120001519"	"yaaU"	"+"	45807	47138	1332	"LB 1.0"	16	1.16349830110892	0	0	0	0.596846846846847	-Inf	"SD"	NA	NA
"ECK120001520"	"kefF"	"+"	47246	47776	531	"LB 1.0"	17	3.1010187771081	1	100	0	0.738229755178908	-Inf	"SD"	NA	NA
"ECK120001525"	"thiP"	"-"	72911	74521	1611	"LB 1.0"	30	1.80374736624428	0	0	0	0.746741154562384	-Inf	"SD"	NA	NA
"ECK120001526"	"tbpA"	"-"	74497	75480	984	"LB 1.0"	36	3.54370366709699	1	53	0	0.693089430894309	-Inf	"SD"	1	2.77777777777778
"ECK120001528"	"leuC"	"-"	79464	80864	1401	"LB 1.0"	37	2.55807683225607	5	132	0	0.720199857244825	-Inf	"SD"	2	4
"ECK120001529"	"leuB"	"-"	80867	81958	1092	"LB 1.0"	35	3.10452671690121	1	76	0	0.825091575091575	-Inf	"SD"	0	0
"ECK120001532"	"ybiB"	"+"	834471	835433	963	"LB 1.0"	99	9.95769690878968	2	38	0	0.91588785046729	-Inf	"SD"	9	25.7142857142857
"ECK120001534"	"gcl"	"+"	533140	534921	1782	"LB 1.0"	16	0.86968559880869	3	100	0	0.369248035914703	-Inf	"SD"	NA	NA
"ECK120001535"	"thiC"	"-"	4192227	4194122	1896	"LB 1.0"	55	2.80979316782831	0	0	0	0.485232067510549	-Inf	"SD"	NA	NA
"ECK120001536"	"thiE"	"-"	4191592	4192227	636	"LB 1.0"	7	1.06608275938872	0	0	0	0.504716981132076	-Inf	"SD"	NA	NA
"ECK120001537"	"thiF"	"-"	4190844	4191599	756	"LB 1.0"	12	1.53747989789393	0	0	0	0.55026455026455	-Inf	"SD"	NA	NA
"ECK120001538"	"thiG"	"-"	4189888	4190658	771	"LB 1.0"	12	1.50756783762362	0	0	0	0.682230869001297	-Inf	"SD"	NA	NA
"ECK120001539"	"thiH"	"-"	4188758	4189891	1134	"LB 1.0"	13	1.11040214847895	0	0	0	0.587301587301587	-Inf	"SD"	NA	NA
"ECK120001540"	"lipB"	"-"	660860	661501	642	"LB 1.0"	125	18.8592744484653	5	142	0	0.976635514018692	-Inf	"SD"	1	4.16666666666667
"ECK120001541"	"ybeD"	"-"	661602	661865	264	"LB 1.0"	508	186.384494894687	2	52	0	1	-Inf	"SD"	4	40
"ECK120001542"	"ybeF"	"-"	659648	660601	954	"LB 1.0"	4	0	72	985	73.0964467005076	0.243186582809224	Inf	"AD"	NA	NA
"ECK120001544"	"moaB"	"+"	817278	817790	513	"LB 1.0"	53	10.0071060020816	0	0	0	1	-Inf	"SD"	7	36.8421052631579
"ECK120001545"	"moaD"	"+"	818271	818516	246	"LB 1.0"	33	12.993580112689	0	0	0	1	-Inf	"SD"	0	0
"ECK120001546"	"moaE"	"+"	818518	818970	453	"LB 1.0"	44	9.40815513678142	0	0	0	1	-Inf	"SD"	4	23.5294117647059
"ECK120001549"	"sseB"	"-"	2652179	2652955	777	"LB 1.0"	228	28.4226013556608	0	0	0	1	-Inf	"SD"	1	3.44827586206897
"ECK120001550"	"glnE"	"-"	3194823	3197663	2841	"LB 1.0"	309	10.535065530553	7	122	49.1803278688525	1	-3.13409297713473	"SD"	5	4.62962962962963
"ECK120001553"	"smg"	"-"	3430013	3430486	474	"LB 1.0"	831	169.813681633842	3	100	0	1	-Inf	"SD"	NA	NA
"ECK120001561"	"eptA"	"-"	4331970	4333613	1644	"LB 1.0"	67	3.94750769404519	5	100	0	0.251824817518248	-Inf	"SD"	NA	NA
"ECK120001563"	"basR"	"-"	4331305	4331973	669	"LB 1.0"	173	25.0478227311599	2	100	0	1	-Inf	"SD"	0	0
"ECK120001565"	"baeS"	"+"	2160900	2162303	1404	"LB 1.0"	69	4.76027429924852	1	35	0	0.523504273504274	-Inf	"SD"	NA	NA
"ECK120001566"	"baeR"	"+"	2162300	2163022	723	"LB 1.0"	124	16.6124383988208	2	95	0	1	-Inf	"SD"	5	17.8571428571429
"ECK120001567"	"mfd"	"-"	1169741	1173187	3447	"LB 1.0"	852	23.9413318826095	3	100	0	1	-Inf	"SD"	32	24.6153846153846
"ECK120001568"	"rnb"	"-"	1345002	1346936	1935	"LB 1.0"	497	24.8785700687116	8	108	0	0.952454780361757	-Inf	"SD"	39	54.1666666666667
"ECK120001570"	"mdlB"	"+"	469860	471641	1782	"LB 1.0"	107	5.81602244203311	0	0	0	0.92648709315376	-Inf	"SD"	2	3.07692307692308
"ECK120001571"	"sdaB"	"+"	2927598	2928965	1368	"LB 1.0"	413	29.2424630579695	8	217	27.6497695852535	1	-4.60695852195345	"SD"	22	44.8979591836735
"ECK120001572"	"artP"	"-"	902229	902957	729	"LB 1.0"	239	31.7556033231673	1	48	0	0.931412894375857	-Inf	"SD"	7	25.9259259259259
"ECK120001573"	"artI"	"-"	901480	902211	732	"LB 1.0"	531	70.2640915631773	2	100	0	1	-Inf	"SD"	8	29.6296296296296
"ECK120001574"	"artQ"	"-"	900757	901473	717	"LB 1.0"	144	19.4533021390429	0	0	0	1	-Inf	"SD"	2	7.69230769230769
"ECK120001575"	"artM"	"-"	900089	900757	669	"LB 1.0"	162	23.4551866037451	0	0	0	1	-Inf	"SD"	1	4
"ECK120001577"	"potF"	"+"	893007	894119	1113	"LB 1.0"	38	3.30703223320582	5	306	0	0.750224618149146	-Inf	"SD"	3	7.31707317073171
"ECK120001578"	"potG"	"+"	894214	895347	1134	"LB 1.0"	21	1.79372654754292	0	0	0	0.654320987654321	-Inf	"SD"	NA	NA
"ECK120001579"	"potH"	"+"	895357	896310	954	"LB 1.0"	6	0.609190148222125	1	62	0	0.414046121593291	-Inf	"SD"	NA	NA
"ECK120001580"	"potI"	"+"	896307	897152	846	"LB 1.0"	19	2.17537049382865	0	0	0	0.787234042553192	-Inf	"SD"	NA	NA
"ECK120001590"	"psuK"	"-"	2256377	2257318	942	"LB 1.0"	2	0	0	0	0	0.0743099787685775	NA	"NO"	1	2.94117647058824
"ECK120001591"	"accA"	"+"	208621	209580	960	"LB 1.0"	1423	143.576599339889	3	101	0	1	-Inf	"SD"	34	97.1428571428571
"ECK120001598"	"fliG"	"+"	2012904	2013899	996	"LB 1.0"	4165	405.047226714738	1	100	0	1	-Inf	"SD"	18	48.6486486486486
"ECK120001599"	"fliH"	"+"	2013892	2014578	687	"LB 1.0"	2158	304.259886518591	0	0	0	1	-Inf	"SD"	5	20
"ECK120001601"	"uidB"	"-"	1690914	1692287	1374	"LB 1.0"	24	1.69189927628503	2	100	0	0.490538573508006	-Inf	"SD"	NA	NA
"ECK120001604"	"yedF"	"+"	2007503	2007736	234	"LB 1.0"	53	21.9386554661019	6	234	25.6410256410256	1	-4.1923688003997	"SD"	NA	NA
"ECK120001605"	"yedK"	"+"	2007845	2008513	669	"LB 1.0"	10	1.44785102492254	1	100	0	0.443946188340807	-Inf	"SD"	NA	NA
"ECK120001609"	"moaC"	"+"	817793	818278	486	"LB 1.0"	33	6.57699734099072	0	0	0	0.903292181069959	-Inf	"SD"	0	0
"ECK120001611"	"atoC"	"+"	2319888	2321273	1386	"LB 1.0"	208	14.5361735800881	7	97	0	0.976911976911977	-Inf	"SD"	0	0
"ECK120001612"	"atoD"	"+"	2321469	2322131	663	"LB 1.0"	0	0	3	165	0	0	NA	"NO"	NA	NA
"ECK120001613"	"atoA"	"+"	2322131	2322781	651	"LB 1.0"	0	0	1	96	0	0	NA	"NO"	NA	NA
"ECK120001614"	"atoE"	"+"	2322778	2324100	1323	"LB 1.0"	5	0.366066642355698	8	135	0	0.250188964474679	-Inf	"SD"	NA	NA
"ECK120001618"	"panB"	"-"	148807	149601	795	"LB 1.0"	195	23.7584157806629	1	50	0	1	-Inf	"SD"	13	46.4285714285714
"ECK120001619"	"hslV"	"-"	4119780	4120310	531	"LB 1.0"	808	147.389598347256	0	0	0	1	-Inf	"SD"	33	173.684210526316
"ECK120001620"	"modF"	"-"	791539	793011	1473	"LB 1.0"	148	9.73215381395997	7	101	0	1	-Inf	"SD"	0	0
"ECK120001621"	"yadC"	"-"	149715	150953	1239	"LB 1.0"	9	0.703592495646376	7	105	0	0.361581920903955	-Inf	"SD"	NA	NA
"ECK120001622"	"aas"	"-"	2971877	2974036	2160	"LB 1.0"	147	6.59194506222024	8	60	0	0.977777777777778	-Inf	"SD"	1	1.23456790123457
"ECK120001623"	"lptB"	"+"	3341966	3342691	726	"LB 1.0"	624	83.2526305041409	3	100	0	1	-Inf	"SD"	12	44.4444444444444
"ECK120001624"	"hpf"	"+"	3344195	3344482	288	"LB 1.0"	573	192.713495951643	3	104	0	1	-Inf	"SD"	7	63.6363636363636
"ECK120001625"	"ptsN"	"+"	3344600	3345091	492	"LB 1.0"	537	105.72049273506	5	94	0	1	-Inf	"SD"	10	55.5555555555556
"ECK120001630"	"setC"	"+"	3834976	3836160	1185	"LB 1.0"	6	0	4	100	0	0.20253164556962	NA	"NO"	NA	NA
"ECK120001633"	"yicN"	"-"	3839973	3840425	453	"LB 1.0"	115	24.5894963802242	3	119	0	0.84326710816777	-Inf	"SD"	NA	NA
"ECK120001638"	"yidG"	"-"	3853631	3853993	363	"LB 1.0"	286	76.3149112954625	4	230	0	1	-Inf	"SD"	NA	NA
"ECK120001641"	"galM"	"-"	787020	788060	1041	"LB 1.0"	1534	142.733076169323	16	311	32.1543408360129	1	-6.15717588545721	"SD"	10	26.3157894736842
"ECK120001647"	"acrB"	"-"	480478	483627	3150	"LB 1.0"	1199	36.8687679514965	6	101	0	1	-Inf	"SD"	34	29.8245614035088
"ECK120001652"	"glvB"	"-"	3860010	3860495	486	"LB 1.0"	0	0	2	36	0	0	NA	"NO"	NA	NA
"ECK120001659"	"mdtL"	"+"	3889638	3890813	1176	"LB 1.0"	144	11.8605592123246	2	88	0	0.79421768707483	-Inf	"SD"	NA	NA
"ECK120001660"	"yidZ"	"+"	3890788	3891747	960	"LB 1.0"	161	16.2444360461856	38	380	89.4736842105263	1	-1.25633900739682	"SD"	NA	NA
"ECK120001661"	"yieE"	"+"	3891892	3892653	762	"LB 1.0"	171	21.7365760367603	2	55	0	0.905511811023622	-Inf	"SD"	0	0
"ECK120001665"	"cbrB"	"+"	3895529	3895996	468	"LB 1.0"	11	2.27665292572756	69	547	126.142595978062	0.769230769230769	2.59968199158321	"AD"	NA	NA
"ECK120001668"	"yieL"	"-"	3897431	3898627	1197	"LB 1.0"	15	1.21379991938995	4	190	0	0.617376775271512	-Inf	"SD"	NA	NA
"ECK120001674"	"efeB"	"+"	1082599	1083870	1272	"LB 1.0"	8	0.609190148222125	0	0	0	0.287735849056604	-Inf	"SD"	NA	NA
"ECK120001676"	"metI"	"-"	220968	221621	654	"LB 1.0"	115	17.0321740982287	1	100	0	1	-Inf	"SD"	3	13.0434782608696
"ECK120001678"	"nfrB"	"-"	590164	592401	2238	"LB 1.0"	72	3.1161790959995	7	168	0	0.746201966041108	-Inf	"SD"	NA	NA
"ECK120001679"	"nfrA"	"-"	587205	590177	2973	"LB 1.0"	124	4.03995726954168	6	131	0	0.733266061217625	-Inf	"SD"	NA	NA
"ECK120001681"	"yddA"	"-"	1575681	1577366	1686	"LB 1.0"	7	0	2	61	0	0.206405693950178	NA	"NO"	NA	NA
"ECK120001682"	"yddB"	"-"	1573271	1575643	2373	"LB 1.0"	12	0.489816604638775	14	185	32.4324324324324	0.298777918246945	1.29272081905289	"AD"	0	0
"ECK120001683"	"pqqL"	"-"	1570431	1573226	2796	"LB 1.0"	41	1.4203542833548	8	70	0	0.599427753934192	-Inf	"SD"	9	8.57142857142857
"ECK120001690"	"otsB"	"-"	1979611	1980411	801	"LB 1.0"	31	3.748686942056	1	100	0	0.685393258426966	-Inf	"SD"	NA	NA
"ECK120001693"	"tsaE"	"+"	4393608	4394069	462	"LB 1.0"	94	19.7076968730041	4	175	0	0.844155844155844	-Inf	"SD"	8	47.0588235294118
"ECK120001696"	"ydcD"	"+"	1527946	1528428	483	"LB 1.0"	44	8.82379767486953	4	232	0	0.979296066252588	-Inf	"SD"	NA	NA
"ECK120001699"	"yibG"	"+"	3766200	3766661	462	"LB 1.0"	5	0	0	0	0	0.170995670995671	NA	"NO"	NA	NA
"ECK120001702"	"yibJ"	"+"	3765244	3765945	702	"LB 1.0"	18	2.48362137352097	1	66	0	0.396011396011396	-Inf	"SD"	NA	NA
"ECK120001704"	"ybbB"	"-"	529356	530450	1095	"LB 1.0"	121	10.7033874535575	1	100	0	0.981735159817352	-Inf	"SD"	0	0
"ECK120001705"	"ybbC"	"+"	526805	527173	369	"LB 1.0"	57	14.9623043721873	0	0	0	0.986449864498645	-Inf	"SD"	NA	NA
"ECK120001706"	"ybbD"	"+"	527864	528124	261	"LB 1.0"	0	0	0	0	0	0	NA	"NO"	NA	NA
"ECK120001707"	"nuoM"	"-"	2389534	2391063	1530	"LB 1.0"	1945	123.134051822505	1	100	0	1	-Inf	"SD"	3	5.26315789473684
"ECK120001708"	"nuoF"	"-"	2398240	2399577	1338	"LB 1.0"	1920	138.993698392564	2	157	0	1	-Inf	"SD"	19	38.7755102040816
"ECK120001709"	"ybfE"	"-"	710828	711121	294	"LB 1.0"	75	24.7094983590096	4	224	0	1	-Inf	"SD"	1	9.09090909090909
"ECK120001712"	"ybfH"	"-"	715611	715820	210	"LB 1.0"	2	0.92248793873636	0	0	0	0.880952380952381	-Inf	"SD"	NA	NA
"ECK120001714"	"ydeK"	"-"	1592133	1596110	3978	"LB 1.0"	98	2.3862244569123	4	100	0	0.498743086978381	-Inf	"SD"	NA	NA
"ECK120001721"	"gmd"	"-"	2125217	2126338	1122	"LB 1.0"	3	0	6	154	0	0.114973262032086	NA	"NO"	NA	NA
"ECK120001722"	"fcl"	"-"	2124249	2125214	966	"LB 1.0"	3	0	9	249	36.144578313253	0.237060041407867	Inf	"AD"	NA	NA
"ECK120001723"	"gmm"	"-"	2123767	2124246	480	"LB 1.0"	1	0	6	279	21.505376344086	0.208333333333333	Inf	"AD"	NA	NA
"ECK120001724"	"wcaI"	"-"	2122547	2123770	1224	"LB 1.0"	9	0.712214952700866	0	0	0	0.413398692810457	-Inf	"SD"	NA	NA
"ECK120001725"	"cmtB"	"-"	3076909	3077352	444	"LB 1.0"	1	0	3	107	0	0.135135135135135	NA	"NO"	NA	NA
"ECK120001726"	"cmtA"	"-"	3075493	3076881	1389	"LB 1.0"	5	0	0	0	0	0.200863930885529	NA	"NO"	NA	NA
"ECK120001727"	"ygdD"	"-"	2939258	2939653	396	"LB 1.0"	45	11.0069583599225	0	0	0	1	-Inf	"SD"	NA	NA
"ECK120001729"	"gcvA"	"-"	2939672	2940589	918	"LB 1.0"	93	9.81273934832305	4	72	0	0.934640522875817	-Inf	"SD"	3	8.82352941176471
"ECK120001733"	"hybA"	"-"	3142176	3143162	987	"LB 1.0"	1210	118.745787858617	0	0	0	1	-Inf	"SD"	10	27.7777777777778
"ECK120001734"	"hybB"	"-"	3141008	3142186	1179	"LB 1.0"	1971	161.928321765211	1	92	0	1	-Inf	"SD"	NA	NA
"ECK120001735"	"hybC"	"-"	3139308	3141011	1704	"LB 1.0"	3758	213.617673559848	9	134	0	1	-Inf	"SD"	18	29.0322580645161
"ECK120001736"	"hybD"	"-"	3138814	3139308	495	"LB 1.0"	1548	302.911494065067	1	43	0	1	-Inf	"SD"	3	16.6666666666667
"ECK120001737"	"hybE"	"-"	3138333	3138821	489	"LB 1.0"	691	136.873440480607	2	56	0	1	-Inf	"SD"	2	11.1111111111111
"ECK120001738"	"hybF"	"-"	3137999	3138340	342	"LB 1.0"	254	71.9378752225109	0	0	0	1	-Inf	"SD"	NA	NA
"ECK120001740"	"yebE"	"-"	1927072	1927731	660	"LB 1.0"	87	12.7680716975101	3	146	0	0.995454545454545	-Inf	"SD"	1	4.16666666666667
"ECK120001741"	"yebF"	"-"	1928058	1928414	357	"LB 1.0"	143	38.7987574233234	8	243	28.8065843621399	1	-4.79251171683275	"SD"	1	7.69230769230769
"ECK120001744"	"gcvP"	"-"	3044190	3047063	2874	"LB 1.0"	4935	166.322264319664	4	168	0	1	-Inf	"SD"	105	100.961538461538
"ECK120001746"	"yjfC"	"+"	4411051	4412214	1164	"LB 1.0"	10	0.832141181849809	2	100	0	0.357388316151203	-Inf	"SD"	NA	NA
"ECK120001747"	"torA"	"+"	1058479	1061025	2547	"LB 1.0"	19	0.722561224098562	6	121	0	0.349430702787593	-Inf	"SD"	NA	NA
"ECK120001749"	"ispF"	"-"	2869323	2869802	480	"LB 1.0"	93	18.7668640036678	2	119	0	1	-Inf	"SD"	4	23.5294117647059
"ECK120001750"	"umpG"	"-"	2867535	2868296	762	"LB 1.0"	297	37.7530004848995	1	95	0	1	-Inf	"SD"	3	11.1111111111111
"ECK120001751"	"purU"	"-"	1287005	1287847	843	"LB 1.0"	320	36.7682025403816	9	126	0	1	-Inf	"SD"	13	40.625
"ECK120001754"	"puuB"	"+"	1362256	1363536	1281	"LB 1.0"	8	0.604910123761548	3	100	0	0.448868071818891	-Inf	"SD"	NA	NA
"ECK120001763"	"rdoA"	"+"	4040438	4041424	987	"LB 1.0"	1549	152.014235861981	4	93	0	1	-Inf	"SD"	2	5.26315789473684
"ECK120001766"	"yihI"	"+"	4049370	4049879	510	"LB 1.0"	111	21.0815625999456	0	0	0	1	-Inf	"SD"	2	10.5263157894737
"ECK120001768"	"typA"	"+"	4056430	4058253	1824	"LB 1.0"	3550	188.518299980251	15	369	16.260162601626	1	-7.29552636053457	"SD"	34	50.7462686567164
"ECK120001769"	"yihL"	"+"	4058470	4059180	711	"LB 1.0"	60	8.17394376095509	6	270	0	0.994374120956399	-Inf	"SD"	0	0
"ECK120001770"	"yihM"	"+"	4059188	4060168	981	"LB 1.0"	40	3.94948964596607	1	52	0	0.779816513761468	-Inf	"SD"	0	0
"ECK120001772"	"yihO"	"-"	4062386	4063789	1404	"LB 1.0"	13	0.896863273771461	2	58	0	0.310541310541311	-Inf	"SD"	NA	NA
"ECK120001773"	"yihP"	"-"	4063832	4065238	1407	"LB 1.0"	3	0	10	202	0	0.134328358208955	NA	"NO"	NA	NA
"ECK120001774"	"yihQ"	"-"	4065263	4067299	2037	"LB 1.0"	5	0	11	340	23.5294117647059	0.156602847324497	Inf	"AD"	NA	NA
"ECK120001775"	"yihR"	"-"	4067498	4068424	927	"LB 1.0"	3	0	1	53	0	0.137001078748652	NA	"NO"	NA	NA
"ECK120001776"	"yihS"	"-"	4068538	4069779	1242	"LB 1.0"	24	1.87171465830566	20	214	74.7663551401869	0.609500805152979	0.773711391358264	"AD"	NA	NA
"ECK120001777"	"yihT"	"-"	4069796	4070674	879	"LB 1.0"	12	1.32233765962209	5	168	0	0.337883959044369	-Inf	"SD"	NA	NA
"ECK120001780"	"yihW"	"+"	4072692	4073477	786	"LB 1.0"	122	15.034440833604	0	0	0	0.983460559796438	-Inf	"SD"	6	20.6896551724138
"ECK120001781"	"yihX"	"+"	4073576	4074175	600	"LB 1.0"	302	48.7534875622166	0	0	0	1	-Inf	"SD"	4	17.3913043478261
"ECK120001782"	"yihY"	"+"	4074169	4075041	873	"LB 1.0"	791	87.7631566457599	8	122	0	1	-Inf	"SD"	NA	NA
"ECK120001783"	"dtd"	"+"	4075038	4075475	438	"LB 1.0"	536	118.533381717083	0	0	0	1	-Inf	"SD"	1	6.25
"ECK120001784"	"yiiD"	"+"	4075472	4076461	990	"LB 1.0"	334	32.6784363752365	3	39	0	1	-Inf	"SD"	4	10.8108108108108
"ECK120001785"	"yiiE"	"+"	4077314	4077532	219	"LB 1.0"	1	0.44228873775031	0	0	0	0.442922374429224	-Inf	"SD"	NA	NA
"ECK120001787"	"fdoI"	"-"	4079248	4079883	636	"LB 1.0"	1376	209.561410988411	0	0	0	1	-Inf	"SD"	6	24
"ECK120001788"	"fdoH"	"-"	4079880	4080782	903	"LB 1.0"	1804	193.50793505586	5	339	0	1	-Inf	"SD"	3	9.09090909090909
"ECK120001793"	"frvX"	"-"	4087878	4088948	1071	"LB 1.0"	21	1.89923987386898	1	100	0	0.602240896358543	-Inf	"SD"	NA	NA
"ECK120001794"	"frvB"	"-"	4088938	4090389	1452	"LB 1.0"	11	0.733797223994832	2	97	0	0.359504132231405	-Inf	"SD"	NA	NA
"ECK120001795"	"frvA"	"-"	4090400	4090846	447	"LB 1.0"	1	0	0	0	0	0.087248322147651	NA	"NO"	NA	NA
"ECK120001796"	"rhaM"	"-"	4091147	4091461	315	"LB 1.0"	3	0.92248793873636	1	44	0	0.317460317460317	-Inf	"SD"	NA	NA
"ECK120001797"	"rhaD"	"-"	4091471	4092295	825	"LB 1.0"	1	0	4	218	0	0.08	NA	"NO"	NA	NA
"ECK120001798"	"rhaA"	"-"	4092746	4094005	1260	"LB 1.0"	3	0	4	310	0	0.137301587301587	NA	"NO"	NA	NA
"ECK120001800"	"kdgT"	"+"	4099713	4100696	984	"LB 1.0"	29	2.85465017627258	3	74	0	0.653455284552846	-Inf	"SD"	NA	NA
"ECK120001802"	"gph"	"-"	3511653	3512411	759	"LB 1.0"	156	19.9082377292511	0	0	0	1	-Inf	"SD"	9	33.3333333333333
"ECK120001803"	"fieF"	"+"	4104492	4105394	903	"LB 1.0"	272	29.1763627135221	2	96	0	0.981173864894795	-Inf	"SD"	NA	NA
"ECK120001806"	"yiiS"	"+"	4110990	4111289	300	"LB 1.0"	99	31.9642070772149	0	0	0	1	-Inf	"SD"	1	9.09090909090909
"ECK120001810"	"menA"	"-"	4117446	4118372	927	"LB 1.0"	146	15.2553830645398	2	47	0	0.936353829557713	-Inf	"SD"	NA	NA
"ECK120001811"	"hslU"	"-"	4118439	4119770	1332	"LB 1.0"	784	57.0114167543372	20	513	38.9863547758285	1	-3.83317894829764	"SD"	29	58
"ECK120001814"	"tehB"	"+"	1499586	1500179	594	"LB 1.0"	232	37.831323548178	1	65	0	1	-Inf	"SD"	6	26.0869565217391
"ECK120001816"	"opgH"	"+"	1110086	1112629	2544	"LB 1.0"	1293	49.2301788532004	3	76	0	1	-Inf	"SD"	20	20.6185567010309
"ECK120001820"	"slp"	"+"	3651984	3652550	567	"LB 1.0"	404	69.015764305461	3	116	0	1	-Inf	"SD"	2	9.52380952380952
"ECK120001821"	"yeeA"	"-"	2077557	2078615	1059	"LB 1.0"	79	7.2257199733882	6	216	0	0.944287063267233	-Inf	"SD"	NA	NA
"ECK120001822"	"sbmC"	"-"	2078813	2079286	474	"LB 1.0"	198	40.4610216167277	1	41	0	1	-Inf	"SD"	4	22.2222222222222
"ECK120001825"	"yeeE"	"-"	2082491	2083549	1059	"LB 1.0"	37	3.38419796221979	0	0	0	0.92162417374882	-Inf	"SD"	NA	NA
"ECK120001826"	"plaP"	"-"	2083728	2085086	1359	"LB 1.0"	94	6.69974683982919	7	100	0	0.975717439293598	-Inf	"SD"	2	4
"ECK120001828"	"recT"	"-"	1412008	1412817	810	"LB 1.0"	12	1.43498123803434	5	201	0	0.481481481481481	-Inf	"SD"	NA	NA
"ECK120001829"	"lar"	"-"	1411757	1411951	195	"LB 1.0"	2	0.993448549408388	0	0	0	0.466666666666667	-Inf	"SD"	NA	NA
"ECK120001830"	"rcbA"	"-"	1411555	1411764	210	"LB 1.0"	4	1.84497587747272	1	59	0	0.961904761904762	-Inf	"SD"	NA	NA
"ECK120001833"	"gldA"	"-"	4135955	4137058	1104	"LB 1.0"	799	70.1015630618541	0	0	0	0.998188405797101	-Inf	"SD"	11	28.2051282051282
"ECK120001834"	"fsaB"	"-"	4137069	4137731	663	"LB 1.0"	330	48.2114737212894	0	0	0	0.987933634992459	-Inf	"SD"	2	8.33333333333333
"ECK120001837"	"frwB"	"+"	4141647	4141967	321	"LB 1.0"	9	2.715735520579	3	100	0	0.666666666666667	-Inf	"SD"	NA	NA
"ECK120001838"	"pflD"	"+"	4142018	4144315	2298	"LB 1.0"	53	2.23396230594771	22	100	160	0.6118363794604	0.518467061941856	"AD"	2	2.32558139534884
"ECK120001839"	"pflC"	"+"	4144281	4145159	879	"LB 1.0"	37	4.07720778383477	0	0	0	0.835039817974972	-Inf	"SD"	NA	NA
"ECK120001842"	"eptC"	"-"	4146555	4148288	1734	"LB 1.0"	284	15.864238946435	79	734	61.3079019073569	1	-0.817781406094234	"SD"	16	23.8805970149254
"ECK120001843"	"nfi"	"+"	4196813	4197484	672	"LB 1.0"	148	21.3325335832783	2	119	0	1	-Inf	"SD"	6	24
"ECK120001844"	"yjaG"	"+"	4197527	4198117	591	"LB 1.0"	335	54.9044217344356	5	208	0	1	-Inf	"SD"	5	21.7391304347826
"ECK120001851"	"yjbE"	"+"	4233929	4234171	243	"LB 1.0"	2	0.797211798907966	2	148	0	0.460905349794239	-Inf	"SD"	NA	NA
"ECK120001852"	"yjbF"	"+"	4234285	4234923	639	"LB 1.0"	0	0	0	0	0	0	NA	"NO"	NA	NA
"ECK120001853"	"yjbG"	"+"	4234920	4235657	738	"LB 1.0"	1	0	0	0	0	0.134146341463415	NA	"NO"	NA	NA
"ECK120001855"	"yjbI"	"+"	4248978	4250306	1329	"LB 1.0"	7	0.510179559797761	24	236	97.4576271186441	0.309255079006772	3.17255685713452	"AD"	NA	NA
"ECK120001859"	"yjbM"	"+"	4258622	4259329	708	"LB 1.0"	6	0.820857911587439	0	0	0	0.412429378531073	-Inf	"SD"	NA	NA
"ECK120001860"	"dusA"	"+"	4259692	4260729	1038	"LB 1.0"	230	21.4625084012361	0	0	0	1	-Inf	"SD"	3	8.10810810810811
"ECK120001863"	"yjbQ"	"+"	4268261	4268677	417	"LB 1.0"	179	41.5783232818942	5	112	0	1	-Inf	"SD"	NA	NA
"ECK120001867"	"ghxP"	"+"	4276502	4277851	1350	"LB 1.0"	34	2.43946810465837	3	100	0	0.819259259259259	-Inf	"SD"	1	2.17391304347826
"ECK120001870"	"actP"	"-"	4281276	4282925	1650	"LB 1.0"	46	2.70037378430098	9	143	0	0.785454545454545	-Inf	"SD"	0	0
"ECK120001871"	"yjcH"	"-"	4282922	4283236	315	"LB 1.0"	21	6.45741557115452	3	180	0	1	-Inf	"SD"	NA	NA
"ECK120001872"	"nrfB"	"+"	4287268	4287834	567	"LB 1.0"	108	18.4497587747272	1	96	0	1	-Inf	"SD"	NA	NA
"ECK120001873"	"nrfC"	"+"	4287831	4288502	672	"LB 1.0"	64	9.2248793873636	0	0	0	1	-Inf	"SD"	NA	NA
"ECK120001874"	"nrfD"	"+"	4288499	4289455	957	"LB 1.0"	130	13.1577433268039	0	0	0	0.983281086729363	-Inf	"SD"	NA	NA
"ECK120001875"	"nrfE"	"+"	4289535	4291193	1659	"LB 1.0"	94	5.48821938235556	2	100	0	0.921036769138035	-Inf	"SD"	NA	NA
"ECK120001876"	"nrfF"	"+"	4291186	4291569	384	"LB 1.0"	30	7.5672838724467	0	0	0	0.908854166666667	-Inf	"SD"	NA	NA
"ECK120001877"	"nrfG"	"+"	4291566	4292162	597	"LB 1.0"	27	4.38065880455206	1	53	0	0.894472361809045	-Inf	"SD"	NA	NA
"ECK120001879"	"mdtP"	"-"	4297587	4299053	1467	"LB 1.0"	5	0	4	151	0	0.248807089297887	NA	"NO"	NA	NA
"ECK120001880"	"mdtO"	"-"	4299050	4301101	2052	"LB 1.0"	6	0	17	177	39.5480225988701	0.198830409356725	Inf	"AD"	NA	NA
"ECK120001881"	"mdtN"	"-"	4301101	4302132	1032	"LB 1.0"	2	0	15	336	41.6666666666667	0.187015503875969	Inf	"AD"	NA	NA
"ECK120001882"	"yjcS"	"-"	4302635	4304620	1986	"LB 1.0"	7	0	1	43	0	0.172205438066465	NA	"NO"	NA	NA
"ECK120001883"	"alsK"	"-"	4304893	4305822	930	"LB 1.0"	19	1.97888541696671	19	499	38.0761523046092	0.635483870967742	0.941311339854333	"AD"	NA	NA
"ECK120001884"	"alsE"	"-"	4305806	4306501	696	"LB 1.0"	30	4.17505317100508	0	0	0	0.857758620689655	-Inf	"SD"	NA	NA
"ECK120001885"	"alsC"	"-"	4306512	4307492	981	"LB 1.0"	13	1.28358413493897	7	103	0	0.589194699286442	-Inf	"SD"	NA	NA
"ECK120001886"	"alsA"	"-"	4307471	4309003	1533	"LB 1.0"	39	2.46418011032315	5	143	0	0.662752772341813	-Inf	"SD"	NA	NA
"ECK120001887"	"lldP"	"+"	3775422	3777077	1656	"LB 1.0"	52	3.04153631974669	2	100	0	0.809782608695652	-Inf	"SD"	5	8.47457627118644
"ECK120001888"	"lldR"	"+"	3777077	3777853	777	"LB 1.0"	19	2.36855011297174	4	117	0	0.46975546975547	-Inf	"SD"	0	0
"ECK120001889"	"lldD"	"+"	3777850	3779040	1191	"LB 1.0"	46	3.74107199336408	5	175	0	0.887489504617968	-Inf	"SD"	15	34.8837209302326
"ECK120001892"	"adiY"	"-"	4335191	4335952	762	"LB 1.0"	75	9.53358598103522	1	87	0	0.989501312335958	-Inf	"SD"	NA	NA
"ECK120001893"	"flgK"	"+"	1137601	1139244	1644	"LB 1.0"	2400	141.403260682216	4	133	0	1	-Inf	"SD"	10	17.2413793103448
"ECK120001894"	"zntR"	"-"	3436727	3437152	426	"LB 1.0"	53	12.0508107489855	9	211	42.654028436019	1	-2.7430613990361	"SD"	NA	NA
"ECK120001895"	"yhdN"	"-"	3437163	3437531	369	"LB 1.0"	80	20.9997254346488	0	0	0	1	-Inf	"SD"	NA	NA
"ECK120001897"	"htrE"	"-"	152829	155426	2598	"LB 1.0"	5	0	9	286	0	0.1270207852194	NA	"NO"	NA	NA
"ECK120001898"	"yadV"	"-"	155461	156201	741	"LB 1.0"	5	0.653584571979203	4	100	0	0.286099865047233	-Inf	"SD"	NA	NA
"ECK120001899"	"fimI"	"+"	4541751	4542290	540	"LB 1.0"	414	74.260279068277	2	100	0	1	-Inf	"SD"	NA	NA
"ECK120001900"	"fliP"	"+"	2019893	2020630	738	"LB 1.0"	441	57.8804932292509	0	0	0	1	-Inf	"SD"	3	11.1111111111111
"ECK120001901"	"fliQ"	"+"	2020640	2020909	270	"LB 1.0"	274	98.2962148053522	0	0	0	1	-Inf	"SD"	NA	NA
"ECK120001902"	"fliR"	"+"	2020917	2021702	786	"LB 1.0"	325	40.0507645157485	4	155	0	1	-Inf	"SD"	1	3.44827586206897
"ECK120001903"	"rfbA"	"-"	2108162	2109043	882	"LB 1.0"	218	23.9407584100627	0	0	0	1	-Inf	"SD"	18	54.5454545454545
"ECK120001904"	"rfbC"	"-"	2107605	2108162	558	"LB 1.0"	262	45.4796473022173	1	37	0	1	-Inf	"SD"	7	33.3333333333333
"ECK120001905"	"rfbX"	"-"	2106361	2107608	1248	"LB 1.0"	258	20.0241973240128	3	129	0	1	-Inf	"SD"	3	6.66666666666667
"ECK120001906"	"glf"	"-"	2105250	2106353	1104	"LB 1.0"	415	36.4106992123523	1	100	0	1	-Inf	"SD"	27	62.7906976744186
"ECK120001907"	"wbbH"	"-"	2104084	2105250	1167	"LB 1.0"	168	13.9440336240869	0	0	0	1	-Inf	"SD"	NA	NA
"ECK120001908"	"wbbI"	"-"	2103089	2104081	993	"LB 1.0"	425	41.4562177906446	3	37	0	1	-Inf	"SD"	20	52.6315789473684
"ECK120001909"	"wbbJ"	"-"	2102518	2103108	591	"LB 1.0"	292	47.8569884968812	0	0	0	1	-Inf	"SD"	4	18.1818181818182
"ECK120001910"	"wbbK"	"-"	2101415	2102533	1119	"LB 1.0"	242	20.9476483675522	1	50	0	1	-Inf	"SD"	15	34.8837209302326
"ECK120001911"	"wbbL_1"	"-"	2100940	2101413	474	"LB 1.0"	172	35.1479581721069	1	68	0	1	-Inf	"SD"	NA	NA
"ECK120001913"	"yehB"	"-"	2186452	2188932	2481	"LB 1.0"	12	0.468494479164778	2	37	0	0.264812575574365	-Inf	"SD"	NA	NA
"ECK120001914"	"yehC"	"-"	2188948	2189667	720	"LB 1.0"	0	0	0	0	0	0	NA	"NO"	NA	NA
"ECK120001915"	"yehD"	"-"	2189702	2190244	543	"LB 1.0"	14	2.49734303856805	0	0	0	0.777163904235727	-Inf	"SD"	1	5.26315789473684
"ECK120001916"	"yehE"	"-"	2190537	2190818	282	"LB 1.0"	7	2.40435686160009	0	0	0	0.379432624113475	-Inf	"SD"	NA	NA
"ECK120001917"	"molR_1"	"+"	2194496	2195320	825	"LB 1.0"	7	0.821852890874212	3	146	0	0.344242424242424	-Inf	"SD"	NA	NA
"ECK120001918"	"yehI"	"+"	2198301	2201933	3633	"LB 1.0"	51	1.35973655709695	15	146	0	0.476740985411506	-Inf	"SD"	NA	NA
"ECK120001919"	"yehL"	"+"	2202618	2203706	1089	"LB 1.0"	0	0	0	0	0	0	NA	"NO"	NA	NA
"ECK120001920"	"yehM"	"+"	2203717	2205996	2280	"LB 1.0"	12	0	8	153	45.7516339869281	0.222368421052632	Inf	"AD"	NA	NA
"ECK120001921"	"yehP"	"+"	2205989	2207125	1137	"LB 1.0"	10	0.851901790389779	5	123	0	0.445030782761653	-Inf	"SD"	NA	NA
"ECK120001922"	"yehQ"	"+"	2207122	2208966	1845	"LB 1.0"	20	1.04998627173244	5	231	0	0.380487804878049	-Inf	"SD"	NA	NA
"ECK120001925"	"yehT"	"-"	2210265	2210984	720	"LB 1.0"	457	61.4799774170337	0	0	0	1	-Inf	"SD"	4	14.8148148148148
"ECK120001929"	"yehX"	"-"	2214503	2215429	927	"LB 1.0"	33	3.44813452828639	2	40	0	0.723840345199569	-Inf	"SD"	NA	NA
"ECK120001930"	"yehY"	"-"	2215422	2216579	1158	"LB 1.0"	29	2.4257131031539	0	0	0	0.724525043177893	-Inf	"SD"	NA	NA
"ECK120001931"	"osmF"	"-"	2216586	2217503	918	"LB 1.0"	32	3.37642644243374	1	49	0	0.683006535947712	-Inf	"SD"	2	6.06060606060606
"ECK120001937"	"mdtQ"	"-"	2225345	2226433	1089	"LB 1.0"	5	0.444725590299898	0	0	0	0.258034894398531	-Inf	"SD"	NA	NA
"ECK120001941"	"yohK"	"+"	2229041	2229736	696	"LB 1.0"	33	4.59255848810559	13	152	46.0526315789474	0.873563218390805	-1.71387126759318	"SD"	NA	NA
"ECK120001942"	"sanA"	"+"	2230900	2231619	720	"LB 1.0"	369	49.6413822032504	9	206	0	0.998611111111111	-Inf	"SD"	0	0
"ECK120001950"	"psuG"	"-"	2255451	2256389	939	"LB 1.0"	7	0.722075223611528	0	0	0	0.26517571884984	-Inf	"SD"	0	0
"ECK120001953"	"yeiQ"	"+"	2264267	2265733	1467	"LB 1.0"	47	3.10325697182272	2	55	0	0.759372869802318	-Inf	"SD"	0	0
"ECK120001954"	"yejA"	"+"	2270386	2272200	1815	"LB 1.0"	168	8.96566790044595	20	365	24.6575342465753	0.981267217630854	-2.3164141545944	"SD"	0	0
"ECK120001955"	"yejB"	"+"	2272201	2273295	1095	"LB 1.0"	40	3.53830990200248	3	167	0	0.845662100456621	-Inf	"SD"	NA	NA
"ECK120001956"	"yejE"	"+"	2273295	2274320	1026	"LB 1.0"	160	15.1050656635193	1	100	0	1	-Inf	"SD"	1	2.63157894736842
"ECK120001963"	"yejM"	"+"	2282398	2284158	1761	"LB 1.0"	574	31.5720318385238	41	425	58.8235294117647	0.992617830777967	-2.65864710921081	"SD"	0	0
"ECK120001966"	"ccmG"	"-"	2290429	2290986	558	"LB 1.0"	255	44.2645422216237	0	0	0	1	-Inf	"SD"	0	0
"ECK120001967"	"ccmF"	"-"	2290983	2292926	1944	"LB 1.0"	377	18.7843030117689	0	0	0	1	-Inf	"SD"	NA	NA
"ECK120001968"	"ccmE"	"-"	2292923	2293402	480	"LB 1.0"	117	23.6099256820337	2	126	0	1	-Inf	"SD"	2	11.1111111111111
"ECK120001969"	"ccmC"	"-"	2293605	2294342	738	"LB 1.0"	198	25.9871602253779	0	0	0	1	-Inf	"SD"	1	3.57142857142857
"ECK120001970"	"ccmB"	"-"	2294384	2295046	663	"LB 1.0"	87	12.7102976174308	0	0	0	1	-Inf	"SD"	NA	NA
"ECK120001971"	"ccmA"	"-"	2295043	2295666	624	"LB 1.0"	305	47.3440324327435	1	52	0	1	-Inf	"SD"	NA	NA
"ECK120001972"	"napC"	"-"	2295679	2296281	603	"LB 1.0"	268	43.0494371410301	2	100	0	1	-Inf	"SD"	1	4.34782608695652
"ECK120001973"	"napB"	"-"	2296291	2296740	450	"LB 1.0"	63	13.5605726994245	1	52	0	0.98	-Inf	"SD"	2	12.5
"ECK120001974"	"napH"	"-"	2296737	2297600	864	"LB 1.0"	170	19.0583445676436	1	100	0	1	-Inf	"SD"	1	3.125
"ECK120001975"	"napG"	"-"	2297587	2298282	696	"LB 1.0"	156	21.7102764892264	1	97	0	1	-Inf	"SD"	NA	NA
"ECK120001976"	"napA"	"-"	2298289	2300775	2487	"LB 1.0"	529	20.6029724797391	13	256	0	1	-Inf	"SD"	36	38.7096774193548
"ECK120001979"	"yojI"	"-"	2304994	2306637	1644	"LB 1.0"	13	0.765934328695336	9	154	38.961038961039	0.428223844282238	0.647741800120687	"AD"	2	3.2258064516129
"ECK120001980"	"apbE"	"-"	2308501	2309556	1056	"LB 1.0"	37	3.3938121609761	0	0	0	0.831439393939394	-Inf	"SD"	0	0
"ECK120001981"	"nikA"	"+"	3611690	3613264	1575	"LB 1.0"	53	3.25945738353514	3	105	0	0.943492063492063	-Inf	"SD"	16	27.1186440677966
"ECK120001982"	"nikB"	"+"	3613264	3614208	945	"LB 1.0"	72	7.37990350989088	3	100	0	1	-Inf	"SD"	2	5.71428571428571
"ECK120001983"	"nikC"	"+"	3614205	3615038	834	"LB 1.0"	79	9.17510485829509	0	0	0	0.95083932853717	-Inf	"SD"	NA	NA
"ECK120001984"	"nikD"	"+"	3615038	3615802	765	"LB 1.0"	107	13.5479111002654	2	56	0	0.986928104575163	-Inf	"SD"	1	3.7037037037037
"ECK120001985"	"nikE"	"+"	3615799	3616605	807	"LB 1.0"	156	18.7241046301135	2	96	0	1	-Inf	"SD"	3	10
"ECK120001986"	"recX"	"-"	2820161	2820661	501	"LB 1.0"	21	4.06005170641452	4	61	0	0.604790419161677	-Inf	"SD"	NA	NA
"ECK120001987"	"ppdA"	"-"	2961729	2962199	471	"LB 1.0"	2	0.411300354850606	0	0	0	0.346072186836518	-Inf	"SD"	NA	NA
"ECK120001988"	"nuoA"	"-"	2402651	2403094	444	"LB 1.0"	1039	226.664012784782	1	83	0	1	-Inf	"SD"	3	18.75
"ECK120001989"	"nuoB"	"-"	2401973	2402635	663	"LB 1.0"	1417	207.017146251718	3	100	0	1	-Inf	"SD"	5	20
"ECK120001990"	"nuoC"	"-"	2400077	2401867	1791	"LB 1.0"	6386	345.368976862586	3	124	0	1	-Inf	"SD"	65	95.5882352941177
"ECK120001991"	"nuoE"	"-"	2399574	2400074	501	"LB 1.0"	3451	667.201830420786	12	101	118.811881188119	1	-8.11894503066021	"SD"	8	42.1052631578947
"ECK120001992"	"nuoG"	"-"	2395461	2398187	2727	"LB 1.0"	3195	113.484283552468	4	43	0	1	-Inf	"SD"	59	59
"ECK120001993"	"nuoH"	"-"	2394487	2395464	978	"LB 1.0"	1664	164.802753227011	1	100	0	1	-Inf	"SD"	16	44.4444444444444
"ECK120001994"	"nuoI"	"-"	2393930	2394472	543	"LB 1.0"	1216	216.912081064196	0	0	0	1	-Inf	"SD"	13	61.9047619047619
"ECK120001995"	"nuoJ"	"-"	2393364	2393918	555	"LB 1.0"	533	93.0216891736584	1	100	0	1	-Inf	"SD"	NA	NA
"ECK120001996"	"nuoK"	"-"	2393065	2393367	303	"LB 1.0"	422	134.902444110258	1	36	0	1	-Inf	"SD"	3	27.2727272727273
"ECK120001997"	"nuoL"	"-"	2391227	2393068	1842	"LB 1.0"	4123	216.807201953339	5	100	0	1	-Inf	"SD"	14	21.2121212121212
"ECK120002000"	"secG"	"-"	3320195	3320527	333	"LB 1.0"	1523	443.001978147222	1	35	0	1	-Inf	"SD"	7	63.6363636363636
"ECK120002002"	"yfiH"	"-"	2732325	2733056	732	"LB 1.0"	162	21.4365025107998	2	51	0	1	-Inf	"SD"	1	3.84615384615385
"ECK120002006"	"feoA"	"+"	3538185	3538412	228	"LB 1.0"	6	2.54897983071889	1	60	0	0.81140350877193	-Inf	"SD"	0	0
"ECK120002007"	"feoB"	"+"	3538429	3540750	2322	"LB 1.0"	146	6.09032734747132	6	195	0	0.933247200689061	-Inf	"SD"	5	5.95238095238095
"ECK120002009"	"yeiR"	"+"	2265851	2266837	987	"LB 1.0"	75	7.36027610693904	3	100	0	0.864235055724417	-Inf	"SD"	3	8.33333333333333
"ECK120002011"	"hofB"	"-"	115714	117099	1386	"LB 1.0"	26	1.81702169751101	2	63	0	0.561327561327561	-Inf	"SD"	NA	NA
"ECK120002012"	"ppdD"	"-"	117109	117549	441	"LB 1.0"	2	0.439279970826838	0	0	0	0.251700680272109	-Inf	"SD"	NA	NA
"ECK120002014"	"ydcF"	"+"	1485259	1486059	801	"LB 1.0"	52	6.28812003183586	11	238	29.4117647058824	0.871410736579276	-2.16720192981584	"SD"	1	3.33333333333333
"ECK120002015"	"nlpD"	"-"	2865636	2866775	1140	"LB 1.0"	4265	362.379965933869	3	38	0	1	-Inf	"SD"	3	7.5
"ECK120002017"	"hofQ"	"-"	3517487	3518725	1239	"LB 1.0"	35	2.7361930386248	3	100	0	0.679580306698951	-Inf	"SD"	NA	NA
"ECK120002018"	"prfC"	"+"	4607437	4609026	1590	"LB 1.0"	448	27.2917186403512	6	253	23.7154150197628	0.99937106918239	-4.50735693730579	"SD"	29	48.3333333333333
"ECK120002019"	"yjjG"	"+"	4606669	4607346	678	"LB 1.0"	124	17.715033867769	3	119	0	1	-Inf	"SD"	1	4
"ECK120002024"	"rssB"	"+"	1289465	1290478	1014	"LB 1.0"	216	20.6331621800204	5	100	0	1	-Inf	"SD"	NA	NA
"ECK120002025"	"yggI"	"+"	3087777	3088274	498	"LB 1.0"	9	1.75050422109611	6	161	0	0.508032128514056	-Inf	"SD"	1	5.26315789473684
"ECK120002027"	"hisJ"	"-"	2424028	2424810	783	"LB 1.0"	388	47.9976483066658	0	0	0	1	-Inf	"SD"	22	78.5714285714286
"ECK120002028"	"hisQ"	"-"	2423252	2423938	687	"LB 1.0"	65	9.16445441321057	2	58	0	0.991266375545852	-Inf	"SD"	0	0
"ECK120002029"	"treB"	"-"	4462782	4464203	1422	"LB 1.0"	926	63.0755993553701	0	0	0	1	-Inf	"SD"	54	105.882352941176
"ECK120002030"	"lgt"	"-"	2963184	2964059	876	"LB 1.0"	311	34.3879493600866	0	0	0	1	-Inf	"SD"	10	30.3030303030303
"ECK120002031"	"uraA"	"-"	2616893	2618182	1290	"LB 1.0"	35	2.62801796500475	0	0	0	0.733333333333333	-Inf	"SD"	2	4.44444444444444
"ECK120002032"	"hscA"	"-"	2655107	2656957	1851	"LB 1.0"	1051	54.9979235436256	1	98	0	1	-Inf	"SD"	12	18.1818181818182
"ECK120002033"	"hscB"	"-"	2656974	2657489	516	"LB 1.0"	255	47.8674700768722	0	0	0	1	-Inf	"SD"	2	10
"ECK120002034"	"iscA"	"-"	2657585	2657908	324	"LB 1.0"	611	182.661153424788	0	0	0	1	-Inf	"SD"	1	8.33333333333333
"ECK120002035"	"ucpA"	"-"	2541854	2542645	792	"LB 1.0"	3042	372.03519256538	1	65	0	1	-Inf	"SD"	16	57.1428571428571
"ECK120002037"	"mdtD"	"+"	2159488	2160903	1416	"LB 1.0"	26	1.77852547510612	3	137	0	0.57274011299435	-Inf	"SD"	NA	NA
"ECK120002040"	"yfhG"	"-"	2686815	2687528	714	"LB 1.0"	149	20.2133386576055	1	35	0	1	-Inf	"SD"	NA	NA
"ECK120002043"	"sdaC"	"+"	2926251	2927540	1290	"LB 1.0"	1577	118.410980880357	10	217	27.6497695852535	1	-6.6246246598998	"SD"	9	19.1489361702128
"ECK120002044"	"napD"	"-"	2300772	2301035	264	"LB 1.0"	25	9.1724652999354	0	0	0	0.772727272727273	-Inf	"SD"	NA	NA
"ECK120002045"	"pgm"	"+"	712781	714421	1641	"LB 1.0"	1260	74.3724279675932	2	65	0	1	-Inf	"SD"	40	68.9655172413793
"ECK120002046"	"rapZ"	"+"	3345137	3345991	855	"LB 1.0"	472	53.4719324488585	1	100	0	1	-Inf	"SD"	10	31.25
"ECK120002047"	"npr"	"+"	3345988	3346260	273	"LB 1.0"	158	56.0588824309019	19	223	85.2017937219731	1	-3.88287165995472	"SD"	NA	NA
"ECK120002048"	"galP"	"+"	3086306	3087700	1395	"LB 1.0"	42	2.91625219342462	3	67	0	0.755555555555556	-Inf	"SD"	NA	NA
"ECK120002049"	"cobS"	"-"	2062503	2063246	744	"LB 1.0"	158	20.5699931500487	0	0	0	1	-Inf	"SD"	0	0
"ECK120002050"	"cobT"	"-"	2061412	2062491	1080	"LB 1.0"	112	10.0448686662404	6	303	0	0.993518518518518	-Inf	"SD"	1	2.7027027027027
"ECK120002052"	"narU"	"-"	1540696	1542084	1389	"LB 1.0"	4	0	10	156	57.6923076923077	0.14902807775378	Inf	"AD"	NA	NA
"ECK120002056"	"yaiE"	"+"	407401	407685	285	"LB 1.0"	52	17.6729268263176	13	269	48.3271375464684	1	-2.76495745708895	"SD"	0	0
"ECK120002059"	"rsmB"	"+"	3433229	3434518	1290	"LB 1.0"	409	30.7102670767697	11	177	33.8983050847458	1	-4.67761474805103	"SD"	3	6.25
"ECK120002061"	"mukF"	"+"	973542	974864	1323	"LB 1.0"	727	53.2260897985186	4	98	0	1	-Inf	"SD"	4	7.84313725490196
"ECK120002064"	"brnQ"	"+"	418815	420134	1320	"LB 1.0"	234	17.1708550414791	11	262	34.3511450381679	1	-3.25389307003634	"SD"	5	10.8695652173913
"ECK120002065"	"ccmD"	"-"	2293399	2293608	210	"LB 1.0"	91	41.9732012125044	0	0	0	1	-Inf	"SD"	NA	NA
"ECK120002068"	"gspM"	"+"	3463104	3463565	462	"LB 1.0"	5	1.04828174856405	4	102	0	0.396103896103896	-Inf	"SD"	NA	NA
"ECK120002069"	"yjdC"	"-"	4360756	4361331	576	"LB 1.0"	223	37.5000956345692	0	0	0	1	-Inf	"SD"	4	18.1818181818182
"ECK120002070"	"cutA"	"-"	4363041	4363379	339	"LB 1.0"	30	8.57179058117857	0	0	0	1	-Inf	"SD"	0	0
"ECK120002071"	"dipZ"	"-"	4361368	4363065	1698	"LB 1.0"	293	16.7139819995431	7	266	0	1	-Inf	"SD"	1	1.61290322580645
"ECK120002076"	"ampG"	"-"	451294	452769	1476	"LB 1.0"	352	23.0996979781137	3	94	0	1	-Inf	"SD"	NA	NA
"ECK120002077"	"ptsP"	"-"	2964210	2966456	2247	"LB 1.0"	1374	59.2288984964373	1	54	0	1	-Inf	"SD"	10	11.9047619047619
"ECK120002080"	"glnK"	"+"	471822	472160	339	"LB 1.0"	0	0	0	0	0	0	NA	"NO"	NA	NA
"ECK120002092"	"cspC"	"-"	1905250	1905459	210	"LB 1.0"	8231	3796.49911186949	2	100	0	1	-Inf	"SD"	NA	NA
"ECK120002097"	"waaF"	"+"	3792952	3793998	1047	"LB 1.0"	405	37.4678124114267	6	124	0	1	-Inf	"SD"	3	7.69230769230769
"ECK120002107"	"acpT"	"+"	3610992	3611579	588	"LB 1.0"	112	18.4497587747272	4	150	0	0.957482993197279	-Inf	"SD"	NA	NA
"ECK120002108"	"rbbA"	"-"	3624826	3627561	2736	"LB 1.0"	322	11.3996042429373	7	100	0	0.979897660818713	-Inf	"SD"	NA	NA
"ECK120002109"	"yhiI"	"-"	3627558	3628625	1068	"LB 1.0"	215	19.4992183679526	3	123	0	1	-Inf	"SD"	2	5.12820512820513
"ECK120002110"	"yhiJ"	"-"	3628991	3630613	1623	"LB 1.0"	10	0.596803657223153	3	47	0	0.271102895871842	-Inf	"SD"	NA	NA
"ECK120002111"	"yhiK"	"-"	3630875	3631267	393	"LB 1.0"	0	0	0	0	0	0	NA	"NO"	NA	NA
"ECK120002119"	"arsR"	"+"	3646551	3646904	354	"LB 1.0"	7	1.91533512703736	1	100	0	0.601694915254237	-Inf	"SD"	NA	NA
"ECK120002120"	"arsB"	"+"	3646958	3648247	1290	"LB 1.0"	13	0.976120958430335	3	47	0	0.575193798449612	-Inf	"SD"	NA	NA
"ECK120002121"	"arsC"	"+"	3648260	3648685	426	"LB 1.0"	10	2.27373787716708	0	0	0	0.847417840375587	-Inf	"SD"	1	6.25
"ECK120002123"	"mdtE"	"+"	3657255	3658412	1158	"LB 1.0"	84	7.0262034712044	6	135	0	0.924006908462867	-Inf	"SD"	NA	NA
"ECK120002126"	"gadX"	"-"	3663009	3663833	825	"LB 1.0"	88	10.3318649138472	1	49	0	1	-Inf	"SD"	NA	NA
"ECK120002131"	"yhjD"	"+"	3671385	3672398	1014	"LB 1.0"	87	8.31057921139709	6	191	0	0.845167652859961	-Inf	"SD"	1	2.63157894736842
"ECK120002137"	"yhjK"	"-"	3681653	3683602	1950	"LB 1.0"	223	11.0769513259035	1	71	0	0.94051282051282	-Inf	"SD"	2	2.7027027027027
"ECK120002138"	"bcsC"	"-"	3683723	3687196	3474	"LB 1.0"	119	3.31792941695763	8	165	0	0.785837651122625	-Inf	"SD"	NA	NA
"ECK120002139"	"bcsZ"	"-"	3687178	3688284	1107	"LB 1.0"	11	0.962487415754739	1	100	0	0.338753387533875	-Inf	"SD"	NA	NA
"ECK120002140"	"bcsB"	"-"	3688291	3690630	2340	"LB 1.0"	24	0.993448549408388	0	0	0	0.420940170940171	-Inf	"SD"	NA	NA
"ECK120002141"	"bcsA"	"-"	3690641	3693259	2619	"LB 1.0"	35	1.29444183843304	5	131	0	0.534936998854525	-Inf	"SD"	NA	NA
"ECK120002142"	"bcsQ"	"-"	3693256	3693984	729	"LB 1.0"	31	4.11892762769116	4	204	0	0.891632373113855	-Inf	"SD"	NA	NA
"ECK120002145"	"bcsF"	"+"	3696049	3696240	192	"LB 1.0"	15	7.5672838724467	1	35	0	1	-Inf	"SD"	NA	NA
"ECK120002148"	"eptB"	"-"	3706807	3708498	1692	"LB 1.0"	416	23.8145822482294	10	272	29.4117647058824	1	-3.8957014311622	"SD"	0	0
"ECK120002149"	"yhjX"	"-"	3708822	3710030	1209	"LB 1.0"	12	0.961401822008117	0	0	0	0.502894954507858	-Inf	"SD"	NA	NA
"ECK120002156"	"xylG"	"+"	3730224	3731765	1542	"LB 1.0"	31	1.94727512359718	126	198	550.50505050505	0.533722438391699	3.48479949816403	"AD"	NA	NA
"ECK120002157"	"xylH"	"+"	3731743	3732924	1182	"LB 1.0"	27	2.21256624899965	1	100	0	0.680203045685279	-Inf	"SD"	NA	NA
"ECK120002161"	"yiaL"	"+"	3741766	3742233	468	"LB 1.0"	0	0	0	0	0	0	NA	"NO"	NA	NA
"ECK120002162"	"yiaM"	"+"	3742351	3742824	474	"LB 1.0"	2	0.408697188047754	1	41	0	0.261603375527426	-Inf	"SD"	NA	NA
"ECK120002163"	"yiaN"	"+"	3742827	3744104	1278	"LB 1.0"	2	0	11	153	52.2875816993464	0.125978090766823	Inf	"AD"	NA	NA
"ECK120002164"	"yiaO"	"+"	3744117	3745103	987	"LB 1.0"	4	0	0	0	0	0.161094224924012	NA	"NO"	NA	NA
"ECK120002165"	"lyxK"	"+"	3745107	3746603	1497	"LB 1.0"	12	0.776442754046636	0	0	0	0.37875751503006	-Inf	"SD"	NA	NA
"ECK120002166"	"sgbH"	"+"	3746600	3747262	663	"LB 1.0"	7	1.02266762439099	1	45	0	0.600301659125189	-Inf	"SD"	NA	NA
"ECK120002167"	"sgbU"	"+"	3747255	3748115	861	"LB 1.0"	12	1.34998234937028	0	0	0	0.573751451800232	-Inf	"SD"	NA	NA
"ECK120002172"	"yiaW"	"-"	3752128	3752451	324	"LB 1.0"	1	0	0	0	0	0.0555555555555556	NA	"NO"	NA	NA
"ECK120002173"	"aldB"	"-"	3752996	3754534	1539	"LB 1.0"	52	3.27276422709586	1	100	0	0.85899935022742	-Inf	"SD"	1	1.78571428571429
"ECK120002174"	"yiaY"	"-"	3754699	3755850	1152	"LB 1.0"	1	0	1	60	0	0.0746527777777778	NA	"NO"	NA	NA
"ECK120002175"	"grxC"	"-"	3782214	3782465	252	"LB 1.0"	450	172.966488513068	2	201	0	1	-Inf	"SD"	1	11.1111111111111
"ECK120002178"	"envC"	"+"	3784861	3786120	1260	"LB 1.0"	525	40.3588473197158	0	0	0	1	-Inf	"SD"	1	2.12765957446809
"ECK120002181"	"tmk"	"+"	1154347	1154988	642	"LB 1.0"	240	36.2098069410534	0	0	0	1	-Inf	"SD"	4	16.6666666666667
"ECK120002182"	"ycfH"	"+"	1156000	1156797	798	"LB 1.0"	151	18.3283787827882	6	217	0	1	-Inf	"SD"	3	10
"ECK120002183"	"sapD"	"-"	1350660	1351652	993	"LB 1.0"	114	11.1200207720788	0	0	0	0.926485397784491	-Inf	"SD"	NA	NA
"ECK120002184"	"sapF"	"-"	1349852	1350658	807	"LB 1.0"	119	14.2831310960481	7	100	0	1	-Inf	"SD"	4	12.9032258064516
"ECK120002186"	"yjtD"	"+"	4638965	4639651	687	"LB 1.0"	47	6.62660549878302	0	0	0	0.97962154294032	-Inf	"SD"	1	4
"ECK120002187"	"pepB"	"-"	2653097	2654380	1284	"LB 1.0"	359	27.0819181079962	9	158	44.3037974683544	1	-4.2738311907842	"SD"	25	54.3478260869565
"ECK120002188"	"iscX"	"-"	2654558	2654758	201	"LB 1.0"	479	230.828511834553	8	357	22.4089635854342	1	-7.17260572069831	"SD"	NA	NA
"ECK120002190"	"zapD"	"-"	111856	112599	744	"LB 1.0"	300	39.0569490190798	6	132	0	1	-Inf	"SD"	16	57.1428571428571
"ECK120002197"	"yadH"	"+"	143702	144472	771	"LB 1.0"	98	12.3118040072596	0	0	0	0.985732814526589	-Inf	"SD"	NA	NA
"ECK120002198"	"yadI"	"+"	144577	145017	441	"LB 1.0"	257	56.4474762512487	11	303	29.7029702970297	1	-4.9708402683351	"SD"	NA	NA
"ECK120002199"	"yfaD"	"+"	2354926	2355825	900	"LB 1.0"	111	11.9462188066359	6	240	0	0.994444444444444	-Inf	"SD"	NA	NA
"ECK120002200"	"yadK"	"-"	151003	151599	597	"LB 1.0"	3	0.486739867172451	1	87	0	0.26465661641541	-Inf	"SD"	NA	NA
"ECK120002201"	"yadL"	"-"	151626	152231	606	"LB 1.0"	1	0	1	42	0	0.0924092409240924	NA	"NO"	NA	NA
"ECK120002202"	"yadM"	"-"	152243	152812	570	"LB 1.0"	9	1.52938789843133	0	0	0	0.696491228070175	-Inf	"SD"	NA	NA
"ECK120002203"	"yadN"	"-"	156299	156883	585	"LB 1.0"	3	0	0	0	0	0.0974358974358974	NA	"NO"	NA	NA
"ECK120002209"	"btuF"	"-"	177662	178462	801	"LB 1.0"	99	11.9716131375337	0	0	0	0.966292134831461	-Inf	"SD"	0	0
"ECK120002212"	"yaeI"	"-"	184257	185069	813	"LB 1.0"	34	4.05077729555819	9	271	29.520295202952	0.996309963099631	-1.34012686531637	"SD"	NA	NA
"ECK120002214"	"yagB"	"-"	279609	279959	351	"LB 1.0"	91	25.1121716656009	4	109	0	1	-Inf	"SD"	NA	NA
"ECK120002216"	"rseA"	"-"	2706776	2707426	651	"LB 1.0"	3238	481.776765423925	0	0	0	1	-Inf	"SD"	7	29.1666666666667
"ECK120002223"	"arfB"	"+"	214833	215255	423	"LB 1.0"	116	26.5624186614867	0	0	0	1	-Inf	"SD"	NA	NA
"ECK120002227"	"ybgD"	"-"	751452	752018	567	"LB 1.0"	1	0	0	0	0	0.137566137566138	NA	"NO"	NA	NA
"ECK120002229"	"kduD"	"-"	2980519	2981280	762	"LB 1.0"	56	7.11841086583963	2	198	0	0.961942257217848	-Inf	"SD"	2	7.40740740740741
"ECK120002230"	"menF"	"-"	2377370	2378665	1296	"LB 1.0"	270	20.1794236598579	4	150	0	1	-Inf	"SD"	0	0
"ECK120002231"	"ygiL"	"+"	3183436	3183987	552	"LB 1.0"	4	0.701892996864622	1	42	0	0.331521739130435	-Inf	"SD"	NA	NA
"ECK120002232"	"intB"	"+"	4494773	4495963	1191	"LB 1.0"	210	17.0788069262273	7	149	0	0.951301427371956	-Inf	"SD"	NA	NA
"ECK120002234"	"rsmE"	"+"	3089156	3089887	732	"LB 1.0"	376	49.7538576793873	1	99	0	1	-Inf	"SD"	2	7.40740740740741
"ECK120002235"	"cusA"	"+"	597937	601080	3144	"LB 1.0"	39	1.20152293547245	5	70	0	0.427798982188295	-Inf	"SD"	0	0
"ECK120002239"	"nlpI"	"-"	3306062	3306946	885	"LB 1.0"	4324	473.251947960545	5	145	0	1	-Inf	"SD"	1	2.94117647058824
"ECK120002241"	"ygdH"	"+"	2924330	2925694	1365	"LB 1.0"	809	57.4071340336704	14	229	34.9344978165939	1	-5.16508622276382	"SD"	17	33.3333333333333
"ECK120002242"	"yhfG"	"-"	3489475	3489642	168	"LB 1.0"	30	17.2966488513068	2	167	0	0.827380952380952	-Inf	"SD"	NA	NA
"ECK120002243"	"ycaI"	"+"	963543	965807	2265	"LB 1.0"	68	2.90797522409608	26	395	45.5696202531646	0.729359823399559	0.307981928984509	"AD"	NA	NA
"ECK120002246"	"yecE"	"+"	1949419	1950237	819	"LB 1.0"	67	7.92393485837643	15	161	49.6894409937888	0.970695970695971	-2.30814511495782	"SD"	NA	NA
"ECK120002248"	"nrdF"	"+"	2801524	2802483	960	"LB 1.0"	8	0.807176946394315	8	375	21.3333333333333	0.467708333333333	0.987115029467459	"AD"	NA	NA
"ECK120002250"	"rcsD"	"+"	2311510	2314182	2673	"LB 1.0"	1395	50.5504754307551	14	298	30.2013422818792	1	-4.81165584917222	"SD"	12	12
"ECK120002252"	"lhgO"	"+"	2788004	2789272	1269	"LB 1.0"	9	0.686959103314311	0	0	0	0.291568163908589	-Inf	"SD"	NA	NA
"ECK120002258"	"ybgE"	"+"	773532	773825	294	"LB 1.0"	1492	491.554287355232	0	0	0	1	-Inf	"SD"	NA	NA
"ECK120002260"	"ycbF"	"+"	1003170	1003880	711	"LB 1.0"	27	3.67827469242979	17	342	46.7836257309942	0.893108298171589	-0.200957318685112	"SD"	NA	NA
"ECK120002261"	"dhaM"	"-"	1246919	1248337	1419	"LB 1.0"	130	8.87382689482122	12	534	16.8539325842697	0.957011980267794	-2.30155950366665	"SD"	4	7.84313725490196
"ECK120002263"	"rlmN"	"-"	2641151	2642305	1155	"LB 1.0"	401	33.6288784939346	11	217	36.8663594470046	1	-4.39355685629256	"SD"	5	11.6279069767442
"ECK120002271"	"nudK"	"-"	2580925	2581500	576	"LB 1.0"	184	30.9417829451154	3	171	0	1	-Inf	"SD"	9	40.9090909090909
"ECK120002272"	"rfbD"	"-"	2109101	2110000	900	"LB 1.0"	219	23.569566834714	11	102	78.4313725490196	0.995555555555556	-3.8807814345252	"SD"	9	27.2727272727273
"ECK120002273"	"rfbB"	"-"	2110000	2111085	1086	"LB 1.0"	573	51.106341467839	2	55	0	1	-Inf	"SD"	35	85.3658536585366
"ECK120002274"	"gatA"	"-"	2172619	2173071	453	"LB 1.0"	9547	2041.35584297391	0	0	0	1	-Inf	"SD"	34	200
"ECK120002275"	"gatB"	"-"	2172304	2172588	285	"LB 1.0"	5144	1748.26029989573	0	0	0	1	-Inf	"SD"	13	130
"ECK120002276"	"gatC"	"-"	2170945	2172300	1356	"LB 1.0"	13979	998.542171119127	0	0	0	1	-Inf	"SD"	NA	NA
"ECK120002277"	"gatD"	"-"	2169857	2170897	1041	"LB 1.0"	4603	428.292274841848	2	100	0	1	-Inf	"SD"	19	51.3513513513514
"ECK120002278"	"gatY"	"-"	2174372	2175226	855	"LB 1.0"	22467	2545.24132696717	0	0	0	1	-Inf	"SD"	79	254.838709677419
"ECK120002279"	"ybiI"	"-"	837413	837679	267	"LB 1.0"	7	2.53943308977987	0	0	0	0.610486891385768	-Inf	"SD"	NA	NA
"ECK120002282"	"prmC"	"+"	1265317	1266150	834	"LB 1.0"	312	36.2358571618743	4	58	0	1	-Inf	"SD"	3	9.67741935483871
"ECK120002283"	"modA"	"+"	794312	795085	774	"LB 1.0"	205	25.6544610869511	2	158	0	1	-Inf	"SD"	8	29.6296296296296
"ECK120002285"	"tomB"	"-"	479558	479932	375	"LB 1.0"	247	63.7992658430067	3	128	0	1	-Inf	"SD"	NA	NA
"ECK120002286"	"puuR"	"+"	1359935	1360492	558	"LB 1.0"	115	19.9624406097519	0	0	0	1	-Inf	"SD"	NA	NA
"ECK120002287"	"ydiF"	"+"	1773611	1775206	1596	"LB 1.0"	3	0	0	0	0	0.137844611528822	NA	"NO"	NA	NA
"ECK120002290"	"rseP"	"+"	196546	197898	1353	"LB 1.0"	1764	126.284712500184	2	64	0	1	-Inf	"SD"	7	14.2857142857143
"ECK120002291"	"menE"	"-"	2371670	2373025	1356	"LB 1.0"	156	11.1433277555321	2	100	0	1	-Inf	"SD"	NA	NA
"ECK120002292"	"menH"	"-"	2374856	2375614	759	"LB 1.0"	156	19.9082377292511	3	75	0	0.926218708827404	-Inf	"SD"	1	3.57142857142857
"ECK120002296"	"yggL"	"-"	3099829	3100155	327	"LB 1.0"	695	205.867147795981	0	0	0	1	-Inf	"SD"	7	53.8461538461538
"ECK120002300"	"ybcH"	"-"	586314	587204	891	"LB 1.0"	40	4.34842799404345	6	278	0	0.753086419753086	-Inf	"SD"	0	0
"ECK120002305"	"alsB"	"-"	4309130	4310065	936	"LB 1.0"	64	6.62299032938925	3	52	0	0.883547008547009	-Inf	"SD"	11	33.3333333333333
"ECK120002306"	"adiC"	"-"	4333717	4335054	1338	"LB 1.0"	135	9.77299441822713	3	156	0	0.889387144992526	-Inf	"SD"	NA	NA
"ECK120002307"	"yjdL"	"-"	4352977	4354434	1458	"LB 1.0"	42	2.79024129617788	6	80	0	0.733882030178326	-Inf	"SD"	NA	NA
"ECK120002308"	"yjeM"	"+"	4381862	4383364	1503	"LB 1.0"	52	3.35115378942151	0	0	0	0.906187624750499	-Inf	"SD"	NA	NA
"ECK120002309"	"ulaB"	"+"	4419416	4419721	306	"LB 1.0"	12	3.79847974773795	0	0	0	0.601307189542484	-Inf	"SD"	NA	NA
"ECK120002310"	"ulaC"	"+"	4419731	4420195	465	"LB 1.0"	41	8.54045285217211	1	100	0	0.894623655913979	-Inf	"SD"	1	5.88235294117647
"ECK120002313"	"ytfR"	"+"	4449081	4450583	1503	"LB 1.0"	29	1.8689126902543	5	119	0	0.6979374584165	-Inf	"SD"	NA	NA
"ECK120002314"	"ytfT"	"+"	4450597	4451619	1023	"LB 1.0"	26	2.46177133211169	0	0	0	0.879765395894428	-Inf	"SD"	NA	NA
"ECK120002317"	"idnT"	"-"	4489229	4490548	1320	"LB 1.0"	64	4.69630223356692	5	196	0	0.692424242424242	-Inf	"SD"	NA	NA
"ECK120002319"	"yjhF"	"-"	4518694	4520043	1350	"LB 1.0"	11	0.789239680918886	50	760	65.7894736842105	0.40962962962963	3.66339269693456	"AD"	NA	NA
"ECK120002320"	"sgcA"	"-"	4525572	4526003	432	"LB 1.0"	7	1.56951072910006	2	70	0	0.56712962962963	-Inf	"SD"	NA	NA
"ECK120002321"	"sgcC"	"-"	4526953	4528266	1314	"LB 1.0"	29	2.1377288991265	2	100	0	0.725266362252664	-Inf	"SD"	NA	NA
"ECK120002322"	"sgcX"	"-"	4528553	4529674	1122	"LB 1.0"	27	2.33088529974829	18	313	25.5591054313099	0.593582887700535	-0.542806107695736	"SD"	NA	NA
"ECK120002329"	"fabF"	"+"	1151162	1152403	1242	"LB 1.0"	5870	457.790210177259	15	107	102.803738317757	1	-7.7010392772807	"SD"	16	37.2093023255814
"ECK120002332"	"yabP"	"+"	58474	59124	651	"LB 1.0"	82	12.2006469316744	1	45	0	1	-Inf	"SD"	NA	NA
"ECK120002337"	"dppB"	"-"	3702794	3703813	1020	"LB 1.0"	71	6.74230155223487	0	0	0	0.937254901960784	-Inf	"SD"	1	2.7027027027027
"ECK120002338"	"dppC"	"-"	3701882	3702784	903	"LB 1.0"	74	7.93768691470822	0	0	0	0.912513842746401	-Inf	"SD"	NA	NA
"ECK120002339"	"dppD"	"-"	3700888	3701871	984	"LB 1.0"	57	5.61086413957024	0	0	0	0.960365853658537	-Inf	"SD"	0	0
"ECK120002341"	"gntK"	"-"	3575088	3575615	528	"LB 1.0"	22	4.03588473197158	2	49	0	0.615530303030303	-Inf	"SD"	NA	NA
"ECK120002342"	"gntR"	"-"	3575754	3576749	996	"LB 1.0"	373	36.2743374704915	0	0	0	1	-Inf	"SD"	1	2.77777777777778
"ECK120002345"	"cas3"	"-"	2882575	2885241	2667	"LB 1.0"	64	2.32437905823335	8	225	0	0.623922009748781	-Inf	"SD"	NA	NA
"ECK120002349"	"gltJ"	"-"	685152	685892	741	"LB 1.0"	113	14.77101132673	2	42	0	0.937921727395412	-Inf	"SD"	0	0
"ECK120002350"	"gltK"	"-"	684478	685152	675	"LB 1.0"	107	15.3542992469674	3	37	0	0.97037037037037	-Inf	"SD"	NA	NA
"ECK120002351"	"gltL"	"-"	683753	684478	726	"LB 1.0"	216	28.8182182514334	0	0	0	1	-Inf	"SD"	2	7.40740740740741
"ECK120002352"	"lpxH"	"-"	552441	553163	723	"LB 1.0"	181	24.2488012111819	0	0	0	0.993084370677732	-Inf	"SD"	1	3.7037037037037
"ECK120002353"	"grxB"	"-"	1122630	1123277	648	"LB 1.0"	262	39.1630296213538	7	235	0	1	-Inf	"SD"	8	33.3333333333333
"ECK120002355"	"rarA"	"+"	937217	938560	1344	"LB 1.0"	901	64.9345025626141	0	0	0	1	-Inf	"SD"	2	4
"ECK120002356"	"yciM"	"+"	1338582	1339751	1170	"LB 1.0"	369	30.5485428943079	2	51	0	1	-Inf	"SD"	2	4.44444444444444
"ECK120002358"	"nudL"	"+"	1894194	1894772	579	"LB 1.0"	185	30.948753385067	1	100	0	0.791018998272884	-Inf	"SD"	NA	NA
"ECK120002364"	"yggN"	"-"	3098926	3099645	720	"LB 1.0"	323	43.4530256142273	12	385	31.1688311688312	1	-4.17835032378415	"SD"	6	23.0769230769231
"ECK120002365"	"ygbE"	"-"	2871036	2871359	324	"LB 1.0"	33	9.86549601148607	0	0	0	0.981481481481482	-Inf	"SD"	NA	NA
"ECK120002368"	"yedJ"	"-"	2030408	2031103	696	"LB 1.0"	441	61.3732816137746	2	100	0	0.910919540229885	-Inf	"SD"	NA	NA
"ECK120002371"	"dxr"	"+"	193521	194717	1197	"LB 1.0"	263	21.2819585866371	5	190	0	0.953216374269006	-Inf	"SD"	1	2.32558139534884
"ECK120002373"	"ygjI"	"+"	3224256	3225689	1434	"LB 1.0"	8	0.540369503862303	3	77	0	0.341004184100418	-Inf	"SD"	NA	NA
"ECK120002375"	"uxaA"	"-"	3239849	3241336	1488	"LB 1.0"	447	29.0974270192144	1	100	0	1	-Inf	"SD"	5	9.25925925925926
"ECK120002377"	"exuR"	"+"	3244674	3245450	777	"LB 1.0"	187	23.3115195329323	58	802	46.1346633416459	1	-1.65544587199203	"SD"	5	16.6666666666667
"ECK120002378"	"yhaO"	"-"	3254701	3255969	1269	"LB 1.0"	175	13.3575381200005	9	327	24.4648318042813	0.996847911741529	-3.06151032413228	"SD"	NA	NA
"ECK120002380"	"agaA"	"+"	3279144	3279647	504	"LB 1.0"	9	1.72966488513068	0	0	0	0.577380952380952	-Inf	"SD"	NA	NA
"ECK120002381"	"kbaY"	"+"	3281165	3282025	861	"LB 1.0"	1	0	4	119	0	0.0940766550522648	NA	"NO"	NA	NA
"ECK120002382"	"agaB"	"+"	3282192	3282668	477	"LB 1.0"	1	0	1	100	0	0.209643605870021	NA	"NO"	NA	NA
"ECK120002383"	"agaC"	"+"	3282707	3283510	804	"LB 1.0"	1	0	2	100	0	0.0422885572139304	NA	"NO"	NA	NA
"ECK120002384"	"diaA"	"+"	3293831	3294421	591	"LB 1.0"	166	27.2063701728845	4	140	0	0.984771573604061	-Inf	"SD"	3	14.2857142857143
"ECK120002386"	"mlaD"	"-"	3335932	3336483	552	"LB 1.0"	325	57.0288059952505	0	0	0	1	-Inf	"SD"	12	60
"ECK120002387"	"mlaE"	"-"	3336488	3337270	783	"LB 1.0"	250	30.9263197852228	1	35	0	1	-Inf	"SD"	7	25
"ECK120002391"	"yhdW"	"+"	3417171	3418088	918	"LB 1.0"	11	1.1606465895866	5	165	0	0.449891067538126	-Inf	"SD"	NA	NA
"ECK120002392"	"yhdX"	"+"	3418156	3419337	1182	"LB 1.0"	1	0	4	141	0	0.0702199661590524	NA	"NO"	NA	NA
"ECK120002393"	"yhdY"	"+"	3419347	3420450	1104	"LB 1.0"	4	0	2	100	0	0.220108695652174	NA	"NO"	NA	NA
"ECK120002401"	"abgT"	"-"	1398271	1399797	1527	"LB 1.0"	57	3.61564526086255	2	134	0	0.305173542894564	-Inf	"SD"	NA	NA
"ECK120002402"	"ybgF"	"+"	778821	779612	792	"LB 1.0"	1353	165.471274010835	10	178	33.7078651685393	1	-7.10740256931683	"SD"	13	46.4285714285714
"ECK120002409"	"proQ"	"-"	1912860	1913558	699	"LB 1.0"	879	121.804040494524	3	187	0	1	-Inf	"SD"	14	53.8461538461538
"ECK120002412"	"ycjF"	"+"	1383535	1384596	1062	"LB 1.0"	152	13.8633780623656	3	123	0	0.957627118644068	-Inf	"SD"	1	2.56410256410256
"ECK120002416"	"ycfK"	"+"	1206724	1207353	630	"LB 1.0"	2	0	0	0	0	0.158730158730159	NA	"NO"	NA	NA
"ECK120002418"	"ybcJ"	"-"	555884	556096	213	"LB 1.0"	111	50.4769808731093	0	0	0	1	-Inf	"SD"	NA	NA
"ECK120002424"	"frlA"	"+"	3497932	3499269	1338	"LB 1.0"	15	0	2	79	0	0.0889387144992526	NA	"NO"	NA	NA
"ECK120002425"	"feoC"	"+"	3540750	3540986	237	"LB 1.0"	8	3.26957750438204	5	117	0	0.734177215189873	-Inf	"SD"	NA	NA
"ECK120002428"	"xapB"	"-"	2520751	2522007	1257	"LB 1.0"	27	2.08055155633857	4	100	0	0.708035003977725	-Inf	"SD"	NA	NA
"ECK120002433"	"mngB"	"+"	767201	769834	2634	"LB 1.0"	104	3.82443746810974	30	467	53.5331905781585	0.826119969627942	0.386680535749087	"AD"	NA	NA
"ECK120002434"	"cobU"	"-"	2063243	2063788	546	"LB 1.0"	131	23.2395999950891	1	39	0	1	-Inf	"SD"	1	5
"ECK120002437"	"dctA"	"-"	3680184	3681470	1287	"LB 1.0"	3787	285.014367924967	1	42	0	1	-Inf	"SD"	15	33.3333333333333
"ECK120002438"	"dgoA"	"-"	3871018	3871635	618	"LB 1.0"	9	1.41060048884443	0	0	0	0.279935275080906	-Inf	"SD"	NA	NA
"ECK120002439"	"dgoK"	"-"	3871619	3872497	879	"LB 1.0"	32	3.52623375899223	6	100	0	0.757679180887372	-Inf	"SD"	NA	NA
"ECK120002441"	"glcB"	"-"	3119656	3121827	2172	"LB 1.0"	646	28.8086357663385	10	278	28.7769784172662	0.99585635359116	-4.17035753303062	"SD"	63	78.75
"ECK120002442"	"gpsA"	"-"	3780665	3781684	1020	"LB 1.0"	2026	192.392999222927	10	141	49.645390070922	1	-7.10248566602573	"SD"	6	16.6666666666667
"ECK120002444"	"kefB"	"-"	3476824	3478629	1806	"LB 1.0"	149	7.99131993440219	3	77	0	0.982834994462901	-Inf	"SD"	NA	NA
"ECK120002445"	"pta"	"+"	2412769	2414913	2145	"LB 1.0"	2506	113.162821128065	11	107	0	1	-Inf	"SD"	121	157.142857142857
"ECK120002446"	"uxuB"	"+"	4550924	4552384	1461	"LB 1.0"	400	26.5191604564867	6	138	0	0.998631074606434	-Inf	"SD"	8	14.8148148148148
"ECK120002450"	"nrdE"	"+"	2799370	2801514	2145	"LB 1.0"	11	0.496724274704194	27	240	41.6666666666667	0.279254079254079	2.00948284249591	"AD"	NA	NA
"ECK120002451"	"alaT"	"+"	4035283	4035358	76	"LB 1.0"	0	0	0	0	0	0	NA	"NO"	NA	NA
"ECK120002452"	"alaU"	"-"	3424980	3425055	76	"LB 1.0"	0	0	0	0	0	0	NA	"NO"	NA	NA
"ECK120002453"	"alaV"	"+"	225500	225575	76	"LB 1.0"	2	2.54897983071889	0	0	0	0.684210526315789	-Inf	"SD"	NA	NA
"ECK120002455"	"alaX"	"-"	2516063	2516138	76	"LB 1.0"	697	888.319471005533	0	0	0	1	-Inf	"SD"	NA	NA
"ECK120002456"	"argQ"	"-"	2815806	2815882	77	"LB 1.0"	26	32.7063905551982	0	0	0	1	-Inf	"SD"	NA	NA
"ECK120002458"	"argV"	"-"	2816495	2816571	77	"LB 1.0"	285	358.512358008904	0	0	0	1	-Inf	"SD"	NA	NA
"ECK120002459"	"argW"	"+"	2464331	2464405	75	"LB 1.0"	290	374.530103126962	2	145	0	1	-Inf	"SD"	NA	NA
"ECK120002460"	"argX"	"+"	3980398	3980474	77	"LB 1.0"	1140	1434.04943203561	0	0	0	1	-Inf	"SD"	NA	NA
"ECK120002461"	"argY"	"-"	2816220	2816296	77	"LB 1.0"	240	301.905143586445	0	0	0	1	-Inf	"SD"	NA	NA
"ECK120002462"	"argZ"	"-"	2816081	2816157	77	"LB 1.0"	23	28.9325762603677	0	0	0	1	-Inf	"SD"	NA	NA
"ECK120002463"	"asnT"	"+"	2042573	2042648	76	"LB 1.0"	157	200.094916711433	31	416	74.5192307692308	1	-5.01227249120223	"SD"	NA	NA
"ECK120002467"	"aspU"	"+"	228928	229004	77	"LB 1.0"	58	72.9604097000576	0	0	0	1	-Inf	"SD"	NA	NA
"ECK120002468"	"aspV"	"+"	236931	237007	77	"LB 1.0"	423	532.10781557111	0	0	0	1	-Inf	"SD"	NA	NA
"ECK120002470"	"glnU"	"-"	696088	696162	75	"LB 1.0"	219	282.834802016568	58	518	111.969111969112	1	-4.60776294011878	"SD"	NA	NA
"ECK120002472"	"glnW"	"-"	695979	696053	75	"LB 1.0"	195	251.839207275026	58	518	111.969111969112	1	-4.44030619426722	"SD"	NA	NA
"ECK120002474"	"gltT"	"+"	4166395	4166470	76	"LB 1.0"	0	0	0	0	0	0	NA	"NO"	NA	NA
"ECK120002475"	"gltU"	"+"	3941458	3941533	76	"LB 1.0"	4	5.09795966143778	0	0	0	0.578947368421053	-Inf	"SD"	NA	NA
"ECK120002476"	"gltV"	"+"	4207797	4207872	76	"LB 1.0"	1	1.27448991535944	0	0	0	0.526315789473684	-Inf	"SD"	NA	NA
"ECK120002477"	"gltW"	"-"	2727391	2727466	76	"LB 1.0"	25	31.8622478839861	0	0	0	0.25	-Inf	"SD"	NA	NA
"ECK120002478"	"glyT"	"+"	4173696	4173770	75	"LB 1.0"	13886	17933.5345242103	1	100	0	1	-Inf	"SD"	NA	NA
"ECK120002479"	"glyU"	"-"	2997006	2997079	74	"LB 1.0"	20078	26280.8087508731	0	0	0	1	-Inf	"SD"	NA	NA
"ECK120002480"	"glyV"	"+"	4390383	4390458	76	"LB 1.0"	209	266.368392310124	0	0	0	1	-Inf	"SD"	NA	NA
"ECK120002481"	"glyW"	"-"	1990066	1990141	76	"LB 1.0"	986	1256.64705654441	0	0	0	1	-Inf	"SD"	NA	NA
"ECK120002482"	"glyX"	"+"	4390495	4390570	76	"LB 1.0"	8	10.1959193228756	0	0	0	0.921052631578947	-Inf	"SD"	NA	NA
"ECK120002484"	"hisR"	"+"	3980532	3980608	77	"LB 1.0"	5287	6650.71872558973	0	0	0	1	-Inf	"SD"	NA	NA
"ECK120002485"	"ileT"	"+"	4035164	4035240	77	"LB 1.0"	0	0	0	0	0	0	NA	"NO"	NA	NA
"ECK120002486"	"ileU"	"-"	3425098	3425174	77	"LB 1.0"	0	0	0	0	0	0	NA	"NO"	NA	NA
"ECK120002487"	"ileV"	"+"	225381	225457	77	"LB 1.0"	0	0	0	0	0	0	NA	"NO"	NA	NA
"ECK120002490"	"leuQ"	"-"	4604338	4604424	87	"LB 1.0"	217	241.596410162161	0	0	0	1	-Inf	"SD"	NA	NA
"ECK120002491"	"leuT"	"+"	3980629	3980715	87	"LB 1.0"	916	1019.82632123751	0	0	0	1	-Inf	"SD"	NA	NA
"ECK120002492"	"leuU"	"-"	3320094	3320180	87	"LB 1.0"	70790	78813.8703934532	0	0	0	1	-Inf	"SD"	NA	NA
"ECK120002494"	"leuW"	"-"	696186	696270	85	"LB 1.0"	4977	5671.51011134754	58	518	111.969111969112	1	-8.93346430655281	"SD"	NA	NA
"ECK120002496"	"leuZ"	"-"	1989839	1989925	87	"LB 1.0"	5478	6098.91767220422	0	0	0	1	-Inf	"SD"	NA	NA
"ECK120002497"	"lysT"	"+"	779777	779852	76	"LB 1.0"	220	280.387781379078	0	0	0	1	-Inf	"SD"	NA	NA
"ECK120002499"	"lysW"	"+"	780066	780141	76	"LB 1.0"	5	6.37244957679722	0	0	0	0.407894736842105	-Inf	"SD"	NA	NA
"ECK120002500"	"metT"	"-"	696280	696356	77	"LB 1.0"	334	420.151324824469	58	518	111.969111969112	1	-5.17871232279264	"SD"	NA	NA
"ECK120002501"	"metU"	"-"	695887	695963	77	"LB 1.0"	531	667.96513018501	58	518	111.969111969112	1	-5.84757608112274	"SD"	NA	NA
"ECK120002506"	"pheU"	"-"	4360574	4360649	76	"LB 1.0"	49	62.4500058526128	20	142	140.845070422535	1	-3.96462980192532	"SD"	NA	NA
"ECK120002508"	"proK"	"-"	3706639	3706715	77	"LB 1.0"	509	640.290492022919	0	0	0	1	-Inf	"SD"	NA	NA
"ECK120002510"	"proM"	"+"	3980758	3980834	77	"LB 1.0"	5486	6901.04840714682	0	0	0	1	-Inf	"SD"	NA	NA
"ECK120002513"	"rrfB"	"+"	4169660	4169779	120	"LB 1.0"	57	46.009085944476	0	0	0	0.75	-Inf	"SD"	NA	NA
"ECK120002514"	"rrfC"	"+"	3944723	3944842	120	"LB 1.0"	19	15.336361981492	0	0	0	0.766666666666667	-Inf	"SD"	NA	NA
"ECK120002515"	"rrfD"	"-"	3421690	3421809	120	"LB 1.0"	605	488.342052568561	0	0	0	0.766666666666667	-Inf	"SD"	NA	NA
"ECK120002516"	"rrfE"	"+"	4211063	4211182	120	"LB 1.0"	59	47.6234398372646	0	0	0	0.75	-Inf	"SD"	NA	NA
"ECK120002517"	"rrfG"	"-"	2724091	2724210	120	"LB 1.0"	361	291.390877648348	0	0	0	0.766666666666667	-Inf	"SD"	NA	NA
"ECK120002518"	"rrfH"	"+"	228756	228875	120	"LB 1.0"	0	0	0	0	0	0	NA	"NO"	NA	NA
"ECK120002519"	"rrlA"	"+"	4035542	4038446	2905	"LB 1.0"	1553	51.7815820069	0	0	0	0.213769363166954	-Inf	"SD"	NA	NA
"ECK120002520"	"rrlB"	"+"	4166664	4169567	2904	"LB 1.0"	1	0	0	0	0	0.0068870523415978	NA	"NO"	NA	NA
"ECK120002521"	"rrlC"	"+"	3941727	3944630	2904	"LB 1.0"	1911	63.7402952297329	0	0	0	0.31095041322314	-Inf	"SD"	NA	NA
"ECK120002522"	"rrlD"	"-"	3421902	3424805	2904	"LB 1.0"	67	0	0	0	0	0.119146005509642	NA	"NO"	NA	NA
"ECK120002523"	"rrlE"	"+"	4208066	4210969	2904	"LB 1.0"	22	0	0	0	0	0.0261707988980716	NA	"NO"	NA	NA
"ECK120002524"	"rrlG"	"-"	2724303	2727206	2904	"LB 1.0"	4	0	0	0	0	0.0674931129476584	NA	"NO"	NA	NA
"ECK120002525"	"rrlH"	"+"	225759	228662	2904	"LB 1.0"	2499	83.3526937619584	0	0	0	0.306818181818182	-Inf	"SD"	NA	NA
"ECK120002526"	"rrsA"	"+"	4033554	4035095	1542	"LB 1.0"	56	0	0	0	0	0.151102464332036	NA	"NO"	NA	NA
"ECK120002527"	"rrsB"	"+"	4164682	4166223	1542	"LB 1.0"	10	0	0	0	0	0.0298313878080415	NA	"NO"	NA	NA
"ECK120002531"	"rrsG"	"-"	2727638	2729179	1542	"LB 1.0"	2673	167.905367915331	0	0	0	0.19390402075227	-Inf	"SD"	NA	NA
"ECK120002532"	"rrsH"	"+"	223771	225312	1542	"LB 1.0"	1694	106.409163205601	0	0	0	0.201686121919585	-Inf	"SD"	NA	NA
"ECK120002537"	"serV"	"-"	2816575	2816667	93	"LB 1.0"	8786	9150.78277551026	0	0	0	1	-Inf	"SD"	NA	NA
"ECK120002541"	"ssrS"	"+"	3054005	3054187	183	"LB 1.0"	36045	19078.4872346119	1	53	0	1	-Inf	"SD"	NA	NA
"ECK120002542"	"ssrA"	"+"	2753615	2753977	363	"LB 1.0"	1110953	296441.537232266	0	0	0	1	-Inf	"SD"	NA	NA
"ECK120002543"	"thrT"	"+"	4173777	4173852	76	"LB 1.0"	533	679.303124886584	0	0	0	1	-Inf	"SD"	NA	NA
"ECK120002545"	"thrV"	"-"	3421602	3421677	76	"LB 1.0"	707	901.064370159128	0	0	0	1	-Inf	"SD"	NA	NA
"ECK120002548"	"tyrT"	"-"	1286761	1286845	85	"LB 1.0"	81	92.3030578700323	0	0	0	1	-Inf	"SD"	NA	NA
"ECK120002550"	"tyrV"	"-"	1286467	1286551	85	"LB 1.0"	48	54.6981083674265	0	0	0	1	-Inf	"SD"	NA	NA
"ECK120002551"	"valT"	"+"	779988	780063	76	"LB 1.0"	67	85.3908243290828	0	0	0	1	-Inf	"SD"	NA	NA
"ECK120002554"	"valW"	"+"	1744540	1744616	77	"LB 1.0"	141	177.369271857037	4	180	0	1	-Inf	"SD"	NA	NA
"ECK120002555"	"valX"	"+"	2519073	2519148	76	"LB 1.0"	446	568.422502250312	0	0	0	1	-Inf	"SD"	NA	NA
"ECK120002556"	"valY"	"+"	2519195	2519270	76	"LB 1.0"	92	117.253072213069	0	0	0	1	-Inf	"SD"	NA	NA
"ECK120002557"	"dicF"	"+"	1647406	1647458	53	"LB 1.0"	12	21.9308453359965	1	97	0	1	-Inf	"SD"	NA	NA
"ECK120002561"	"rpmA"	"-"	3330884	3331141	258	"LB 1.0"	1540	578.163952301044	0	0	0	1	-Inf	"SD"	1	11.1111111111111
"ECK120002562"	"acpP"	"+"	1150838	1151074	237	"LB 1.0"	28506	11650.3220424893	1	100	0	1	-Inf	"SD"	14	155.555555555556
"ECK120002564"	"nfsB"	"-"	603994	604647	654	"LB 1.0"	165	24.437467184415	5	152	0	1	-Inf	"SD"	7	29.1666666666667
"ECK120002566"	"eutC"	"-"	2554432	2555319	888	"LB 1.0"	57	6.21744404655081	7	159	0	0.990990990990991	-Inf	"SD"	0	0
"ECK120002568"	"gadA"	"-"	3664203	3665603	1401	"LB 1.0"	31	0	1	42	0	0.157030692362598	NA	"NO"	NA	NA
"ECK120002569"	"frmA"	"-"	377686	378795	1110	"LB 1.0"	98	8.55171251315058	2	52	0	0.947747747747748	-Inf	"SD"	3	7.69230769230769
"ECK120002570"	"folP"	"-"	3322085	3322933	849	"LB 1.0"	210	23.9586090095839	1	42	0	1	-Inf	"SD"	7	22.5806451612903
"ECK120002572"	"glcF"	"-"	3122258	3123481	1224	"LB 1.0"	395	31.2583229240936	5	100	0	1	-Inf	"SD"	NA	NA
"ECK120002581"	"sraF"	"+"	3236396	3236583	188	"LB 1.0"	231	119.015664649204	0	0	0	1	-Inf	"SD"	NA	NA
"ECK120002628"	"ydaE"	"-"	1415862	1416032	171	"LB 1.0"	0	0	0	0	0	0	NA	"NO"	NA	NA
"ECK120002629"	"yoeB"	"-"	2087235	2087489	255	"LB 1.0"	163	61.9152198881286	10	108	55.5555555555556	1	-5.68918778279212	"SD"	NA	NA
"ECK120002651"	"ecnB"	"+"	4374576	4374722	147	"LB 1.0"	25	16.4729989060064	0	0	0	1	-Inf	"SD"	1	20
"ECK120002669"	"tisB"	"+"	3851576	3851665	90	"LB 1.0"	17	18.2960107849378	0	0	0	1	-Inf	"SD"	NA	NA
"ECK120002671"	"thiS"	"-"	4190660	4190860	201	"LB 1.0"	2	0.963793368829033	0	0	0	0.288557213930348	-Inf	"SD"	NA	NA
"ECK120002674"	"sapC"	"-"	1351652	1352542	891	"LB 1.0"	184	20.0027687725999	1	89	0	0.988776655443322	-Inf	"SD"	NA	NA
"ECK120002675"	"sapB"	"-"	1352529	1353494	966	"LB 1.0"	176	17.6475953497391	18	193	93.2642487046632	1	-2.29340280450027	"SD"	2	5.55555555555556
"ECK120002676"	"sapA"	"-"	1353491	1355134	1644	"LB 1.0"	276	16.2613749784548	9	140	0	0.989051094890511	-Inf	"SD"	6	9.67741935483871
"ECK120002680"	"flgC"	"+"	1130661	1131065	405	"LB 1.0"	1560	373.095121888928	0	0	0	1	-Inf	"SD"	1	7.14285714285714
"ECK120002682"	"flgD"	"+"	1131077	1131772	696	"LB 1.0"	1961	272.909308944699	0	0	0	1	-Inf	"SD"	7	29.1666666666667
"ECK120002683"	"flgE"	"+"	1131797	1133005	1209	"LB 1.0"	5298	424.458904416584	5	87	0	1	-Inf	"SD"	13	30.952380952381
"ECK120002684"	"flgF"	"+"	1133025	1133780	756	"LB 1.0"	922	118.129705488184	2	126	0	1	-Inf	"SD"	2	7.69230769230769
"ECK120002685"	"flgG"	"+"	1133952	1134734	783	"LB 1.0"	1653	204.484826419893	1	61	0	1	-Inf	"SD"	1	3.57142857142857
"ECK120002686"	"flgH"	"+"	1134787	1135485	699	"LB 1.0"	565	78.2926995215087	3	114	0	1	-Inf	"SD"	13	52
"ECK120002687"	"flgI"	"+"	1135497	1136594	1098	"LB 1.0"	1393	122.884971183309	0	0	0	1	-Inf	"SD"	4	10.5263157894737
"ECK120002688"	"flgJ"	"+"	1136594	1137535	942	"LB 1.0"	1151	118.351677108262	0	0	0	1	-Inf	"SD"	NA	NA
"ECK120002689"	"flgM"	"-"	1129058	1129351	294	"LB 1.0"	1559	513.62810588928	1	97	0	1	-Inf	"SD"	2	20
"ECK120002690"	"flhA"	"-"	1960996	1963074	2079	"LB 1.0"	1149	53.5322546266706	0	0	0	1	-Inf	"SD"	13	17.3333333333333
"ECK120002692"	"fliI"	"+"	2014578	2015951	1374	"LB 1.0"	1467	103.417343262922	0	0	0	1	-Inf	"SD"	0	0
"ECK120002693"	"fliJ"	"+"	2015970	2016413	444	"LB 1.0"	672	146.600785939724	0	0	0	1	-Inf	"SD"	3	17.6470588235294
"ECK120002694"	"fliK"	"+"	2016410	2017537	1128	"LB 1.0"	403	34.6055648294584	1	71	0	0.949468085106383	-Inf	"SD"	NA	NA
"ECK120002695"	"nanT"	"-"	3369106	3370596	1491	"LB 1.0"	79	5.13215120846285	1	69	0	0.94299128101945	-Inf	"SD"	4	7.40740740740741
"ECK120002699"	"maa"	"-"	478591	479142	552	"LB 1.0"	101	17.7227981708317	19	500	38	1	-2.2215350786711	"SD"	5	25
"ECK120002706"	"insA-1"	"-"	20233	20508	276	"LB 1.0"	0	0	0	0	0	0	NA	"NO"	NA	NA
"ECK120002711"	"b0165"	"-"	184987	185118	132	"LB 1.0"	38	27.8842945118036	8	271	29.520295202952	1	-4.12330896022619	"SD"	NA	NA
"ECK120002712"	"ispU"	"+"	194903	195664	762	"LB 1.0"	951	120.885870239527	1	100	0	1	-Inf	"SD"	1	3.57142857142857
"ECK120002713"	"bamA"	"+"	197928	200360	2433	"LB 1.0"	2759	109.839763013658	21	326	30.6748466257669	1	-5.77925660766854	"SD"	18	19.7802197802198
"ECK120002714"	"ldcC"	"+"	209679	211820	2142	"LB 1.0"	83	3.75325975074107	12	79	88.6075949367089	0.804388422035481	-1.42271731068012	"SD"	NA	NA
"ECK120002715"	"yaeR"	"+"	211877	212266	390	"LB 1.0"	41	10.182847631436	0	0	0	1	-Inf	"SD"	2	13.3333333333333
"ECK120002729"	"yafQ"	"-"	245961	246239	279	"LB 1.0"	850	295.096948144158	0	0	0	1	-Inf	"SD"	NA	NA
"ECK120002735"	"dinB"	"+"	250898	251953	1056	"LB 1.0"	44	4.03588473197158	1	100	0	0.806818181818182	-Inf	"SD"	NA	NA
"ECK120002736"	"yafN"	"+"	252005	252298	294	"LB 1.0"	23	7.57757949676296	0	0	0	0.996598639455782	-Inf	"SD"	NA	NA
"ECK120002737"	"yafO"	"+"	252301	252699	399	"LB 1.0"	50	12.1379991938995	1	60	0	0.972431077694236	-Inf	"SD"	NA	NA
"ECK120002738"	"yafP"	"+"	252709	253161	453	"LB 1.0"	12	2.56586049184948	0	0	0	0.501103752759382	-Inf	"SD"	1	5.55555555555556
"ECK120002739"	"ykfJ"	"+"	253467	253733	267	"LB 1.0"	0	0	3	135	0	0	NA	"NO"	NA	NA
"ECK120002742"	"ykfG"	"-"	263480	263956	477	"LB 1.0"	0	0	6	75	0	0	NA	"NO"	NA	NA
"ECK120002743"	"yafX"	"-"	263972	264430	459	"LB 1.0"	0	0	18	390	46.1538461538462	0	Inf	"AD"	NA	NA
"ECK120002744"	"ykfF"	"-"	264528	264767	240	"LB 1.0"	1	0.403588473197158	34	639	53.20813771518	0.258333333333333	4.0745778707178	"AD"	NA	NA
"ECK120002745"	"ykfB"	"-"	264844	265311	468	"LB 1.0"	249	51.5351435005601	34	639	53.20813771518	1	-2.9219499373754	"SD"	1	5.88235294117647
"ECK120002746"	"yafY"	"-"	265334	265777	444	"LB 1.0"	127	27.7058032951562	0	0	0	0.545045045045045	-Inf	"SD"	NA	NA
"ECK120002747"	"yafZ"	"-"	266408	267229	822	"LB 1.0"	0	0	12	347	31.700288184438	0	Inf	"AD"	NA	NA
"ECK120002748"	"ykfA"	"-"	267321	268184	864	"LB 1.0"	31	3.47534518586441	2	100	0	0.734953703703704	-Inf	"SD"	NA	NA
"ECK120002751"	"insI-1"	"+"	269827	270978	1152	"LB 1.0"	10	0	0	0	0	0.0572916666666667	NA	"NO"	NA	NA
"ECK120002752"	"insO-1"	"+"	271054	271479	426	"LB 1.0"	59	13.4150534752858	6	219	27.3972602739726	0.915492957746479	-3.48274649455591	"SD"	NA	NA
"ECK120002757"	"afuB"	"-"	278038	278400	363	"LB 1.0"	1	0.266835354179939	2	58	0	0.275482093663912	-Inf	"SD"	NA	NA
"ECK120002758"	"insB-2"	"-"	278402	278905	504	"LB 1.0"	0	0	0	0	0	0	NA	"NO"	NA	NA
"ECK120002759"	"insA-2"	"-"	278824	279099	276	"LB 1.0"	1	0	0	0	0	0.0797101449275362	NA	"NO"	NA	NA
"ECK120002761"	"yagF"	"+"	282425	284392	1968	"LB 1.0"	167	8.21942378340552	1	80	0	0.92530487804878	-Inf	"SD"	NA	NA
"ECK120002762"	"yagG"	"+"	284619	286001	1383	"LB 1.0"	16	1.1205927238446	1	95	0	0.313810556760665	-Inf	"SD"	NA	NA
"ECK120002765"	"insB-3"	"-"	289873	290376	504	"LB 1.0"	0	0	0	0	0	0	NA	"NO"	NA	NA
"ECK120002770"	"yagM"	"-"	293169	294023	855	"LB 1.0"	4	0	5	110	0	0.166081871345029	NA	"NO"	NA	NA
"ECK120002771"	"yagN"	"-"	294363	294803	441	"LB 1.0"	154	33.8245577536665	31	217	129.032258064516	1	-2.59457233922083	"SD"	NA	NA
"ECK120002772"	"intF"	"-"	294920	296320	1401	"LB 1.0"	67	4.63219318273397	53	550	83.6363636363636	0.782298358315489	0.989938439888999	"AD"	0	0
"ECK120002773"	"yagP"	"-"	296605	297015	411	"LB 1.0"	0	0	4	173	0	0	NA	"NO"	NA	NA
"ECK120002774"	"paoD"	"-"	296994	297950	957	"LB 1.0"	6	0.607280461237102	1	100	0	0.454545454545455	-Inf	"SD"	NA	NA
"ECK120002775"	"paoC"	"-"	297960	300158	2199	"LB 1.0"	21	0.925004959033049	2	100	0	0.452478399272397	-Inf	"SD"	NA	NA
"ECK120002776"	"paoB"	"-"	300155	301111	957	"LB 1.0"	2	0	1	100	0	0.167189132706374	NA	"NO"	NA	NA
"ECK120002780"	"ecpE"	"-"	303719	304429	711	"LB 1.0"	9	1.22609156414326	9	328	24.390243902439	0.414908579465541	0.384005182036047	"AD"	NA	NA
"ECK120002781"	"ecpD"	"-"	304398	306041	1644	"LB 1.0"	34	2.00321285966472	25	332	27.1084337349398	0.588199513381995	-0.154318822267401	"SD"	NA	NA
"ECK120002782"	"ecpC"	"-"	306031	308556	2526	"LB 1.0"	13	0.498494076158009	21	247	52.6315789473684	0.274346793349169	2.38286335764649	"AD"	NA	NA
"ECK120002783"	"ecpB"	"-"	308582	309250	669	"LB 1.0"	2	0	0	0	0	0.204783258594918	NA	"NO"	NA	NA
"ECK120002784"	"ecpA"	"-"	309308	309895	588	"LB 1.0"	3	0.494189967180193	12	226	26.5486725663717	0.253401360544218	1.2798967786953	"AD"	NA	NA
"ECK120002788"	"insE-1"	"+"	314506	314814	309	"LB 1.0"	0	0	0	0	0	0	NA	"NO"	NA	NA
"ECK120002792"	"rclB"	"-"	317555	317791	237	"LB 1.0"	0	0	0	0	0	0	NA	"NO"	NA	NA
"ECK120002795"	"ykgE"	"+"	320832	321551	720	"LB 1.0"	828	111.390418602415	0	0	0	1	-Inf	"SD"	7	26.9230769230769
"ECK120002796"	"ykgF"	"+"	321562	322989	1428	"LB 1.0"	902	61.1826559367792	2	100	0	1	-Inf	"SD"	13	24.5283018867925
"ECK120002799"	"ykgH"	"-"	323920	324588	669	"LB 1.0"	7	1.01349571744578	16	244	61.4754098360656	0.532137518684604	1.56562250805131	"AD"	NA	NA
"ECK120002803"	"yahE"	"+"	335149	336012	864	"LB 1.0"	13	1.45740281987862	1	56	0	0.314814814814815	-Inf	"SD"	NA	NA
"ECK120002804"	"yahF"	"+"	336002	337549	1548	"LB 1.0"	11	0.688290419406005	2	45	0	0.43733850129199	-Inf	"SD"	NA	NA
"ECK120002805"	"yahG"	"+"	337549	338967	1419	"LB 1.0"	1	0	1	100	0	0.0704721634954193	NA	"NO"	NA	NA
"ECK120002806"	"yahI"	"+"	339389	340339	951	"LB 1.0"	3	0.305555941852738	0	0	0	0.284963196635121	-Inf	"SD"	NA	NA
"ECK120002807"	"yahJ"	"+"	340349	341731	1383	"LB 1.0"	73	5.112704302541	1	100	0	0.85177151120752	-Inf	"SD"	NA	NA
"ECK120002808"	"yahK"	"+"	342108	343157	1050	"LB 1.0"	63	5.81167401403907	0	0	0	0.888571428571429	-Inf	"SD"	0	0
"ECK120002809"	"yahL"	"+"	343400	344215	816	"LB 1.0"	1	0	1	37	0	0.122549019607843	NA	"NO"	NA	NA
"ECK120002815"	"prpC"	"+"	349236	350405	1170	"LB 1.0"	3	0	0	0	0	0.117948717948718	NA	"NO"	NA	NA
"ECK120002816"	"prpD"	"+"	350439	351890	1452	"LB 1.0"	0	0	12	237	37.9746835443038	0	Inf	"AD"	NA	NA
"ECK120002817"	"prpE"	"+"	351930	353816	1887	"LB 1.0"	8	0.410646459214914	1	100	0	0.255431902490726	-Inf	"SD"	NA	NA
"ECK120002819"	"mhpE"	"+"	373092	374105	1014	"LB 1.0"	40	3.82095595926303	0	0	0	0.702169625246548	-Inf	"SD"	NA	NA
"ECK120002820"	"mhpT"	"+"	374683	375894	1212	"LB 1.0"	7	0.559429566807941	1	100	0	0.356435643564356	-Inf	"SD"	NA	NA
"ECK120002823"	"frmR"	"-"	378830	379105	276	"LB 1.0"	47	16.4944854263186	0	0	0	1	-Inf	"SD"	0	0
"ECK120002824"	"yaiO"	"-"	379293	380066	774	"LB 1.0"	55	6.88290419406005	0	0	0	0.782945736434108	-Inf	"SD"	NA	NA
"ECK120002832"	"tauB"	"+"	385431	386198	768	"LB 1.0"	1	0	0	0	0	0.05078125	NA	"NO"	NA	NA
"ECK120002833"	"tauC"	"+"	386195	387022	828	"LB 1.0"	8	0.935857329152829	0	0	0	0.333333333333333	-Inf	"SD"	NA	NA
"ECK120002845"	"proY"	"+"	420210	421583	1374	"LB 1.0"	208	14.6631270611369	6	100	0	0.994177583697234	-Inf	"SD"	NA	NA
"ECK120002846"	"thiL"	"+"	434858	435835	978	"LB 1.0"	393	38.9227656359467	2	57	0	1	-Inf	"SD"	5	14.2857142857143
"ECK120002848"	"dxs"	"-"	437539	439401	1863	"LB 1.0"	1238	64.3661874161779	20	258	34.8837209302326	1	-5.16023420497137	"SD"	22	32.3529411764706
"ECK120002853"	"ppiD"	"+"	461139	463010	1872	"LB 1.0"	1419	73.4220568547137	0	0	0	1	-Inf	"SD"	42	61.7647058823529
"ECK120002854"	"ybaV"	"+"	463161	463532	372	"LB 1.0"	28	7.29063048356156	2	71	0	1	-Inf	"SD"	NA	NA
"ECK120002858"	"ybaO"	"+"	467607	468065	459	"LB 1.0"	46	9.70722602199699	0	0	0	0.89760348583878	-Inf	"SD"	2	11.7647058823529
"ECK120002859"	"mdlA"	"+"	468095	469867	1773	"LB 1.0"	203	11.0901468777019	1	44	0	0.8556119571348	-Inf	"SD"	5	7.57575757575758
"ECK120002863"	"ylaC"	"-"	478005	478475	471	"LB 1.0"	271	55.7311980822572	2	100	0	1	-Inf	"SD"	7	38.8888888888889
"ECK120002870"	"ybaT"	"+"	511800	513092	1293	"LB 1.0"	66	4.94419289670764	1	48	0	0.929621036349575	-Inf	"SD"	NA	NA
"ECK120002877"	"ybbO"	"-"	517564	518373	810	"LB 1.0"	129	15.4260483088691	2	152	0	1	-Inf	"SD"	7	24.1379310344828
"ECK120002878"	"ybbP"	"+"	519640	522054	2415	"LB 1.0"	175	7.01892996864622	0	0	0	0.897722567287785	-Inf	"SD"	1	1.12359550561798
"ECK120002879"	"ylbH"	"+"	527173	527883	711	"LB 1.0"	30	4.08697188047755	4	209	0	0.886075949367089	-Inf	"SD"	NA	NA
"ECK120002884"	"allR"	"+"	532235	533050	816	"LB 1.0"	686	81.4299095921324	1	100	0	1	-Inf	"SD"	9	31.0344827586207
"ECK120002885"	"hyi"	"+"	534934	535710	777	"LB 1.0"	1	0	0	0	0	0.1003861003861	NA	"NO"	NA	NA
"ECK120002886"	"glxR"	"+"	535810	536688	879	"LB 1.0"	3	0.330584414905522	1	100	0	0.273037542662116	-Inf	"SD"	NA	NA
"ECK120002888"	"ybbW"	"+"	536857	538311	1455	"LB 1.0"	4	0	0	0	0	0.19106529209622	NA	"NO"	NA	NA
"ECK120002889"	"allB"	"+"	538371	539732	1362	"LB 1.0"	9	0.640052204189325	3	100	0	0.414096916299559	-Inf	"SD"	NA	NA
"ECK120002890"	"ybbY"	"+"	539789	541090	1302	"LB 1.0"	6	0	4	199	0	0.248847926267281	NA	"NO"	NA	NA
"ECK120002893"	"allC"	"-"	543281	544516	1236	"LB 1.0"	142	11.1280705231061	0	0	0	0.848705501618123	-Inf	"SD"	NA	NA
"ECK120002896"	"ylbE_2"	"+"	547838	548839	1002	"LB 1.0"	6	0.580007386630646	0	0	0	0.407185628742515	-Inf	"SD"	NA	NA
"ECK120002897"	"ylbF"	"+"	548850	549665	816	"LB 1.0"	6	0.712214952700866	1	98	0	0.577205882352941	-Inf	"SD"	NA	NA
"ECK120002899"	"sfmC"	"+"	558197	558889	693	"LB 1.0"	0	0	0	0	0	0	NA	"NO"	NA	NA
"ECK120002900"	"sfmD"	"+"	558920	561523	2604	"LB 1.0"	13	0.483562225950511	5	92	0	0.255760368663594	-Inf	"SD"	NA	NA
"ECK120002901"	"sfmH"	"+"	561565	562542	978	"LB 1.0"	0	0	1	100	0	0	NA	"NO"	NA	NA
"ECK120002904"	"insE-3"	"+"	566056	566364	309	"LB 1.0"	0	0	0	0	0	0	NA	"NO"	NA	NA
"ECK120002905"	"insF-3"	"+"	566361	567227	867	"LB 1.0"	9	0	0	0	0	0.0449826989619377	NA	"NO"	NA	NA
"ECK120002906"	"renD"	"+"	567285	567470	186	"LB 1.0"	23	11.9774643658511	0	0	0	1	-Inf	"SD"	NA	NA
"ECK120002908"	"ybcK"	"+"	568125	569651	1527	"LB 1.0"	9	0.570891356978298	2	82	0	0.253438113948919	-Inf	"SD"	NA	NA
"ECK120002909"	"ybcL"	"+"	570116	570667	552	"LB 1.0"	21	3.68493823353926	2	100	0	0.782608695652174	-Inf	"SD"	NA	NA
"ECK120002910"	"ybcM"	"+"	570677	571474	798	"LB 1.0"	28	3.39863977429185	2	101	0	0.745614035087719	-Inf	"SD"	NA	NA
"ECK120002911"	"ybcN"	"+"	571689	572144	456	"LB 1.0"	0	0	6	218	27.5229357798165	0	Inf	"AD"	NA	NA
"ECK120002912"	"ninE"	"+"	572144	572314	171	"LB 1.0"	1	0	1	100	0	0.245614035087719	NA	"NO"	NA	NA
"ECK120002913"	"ybcO"	"+"	572307	572597	291	"LB 1.0"	1	0	1	100	0	0.0206185567010309	NA	"NO"	NA	NA
"ECK120002914"	"rusA"	"+"	572594	572956	363	"LB 1.0"	0	0	0	0	0	0	NA	"NO"	NA	NA
"ECK120002916"	"insH-2"	"-"	573960	574976	1017	"LB 1.0"	19	0	0	0	0	0.0412979351032448	NA	"NO"	NA	NA
"ECK120002918"	"rrrD"	"+"	576836	577333	498	"LB 1.0"	28	5.44601313229899	10	281	28.4697508896797	0.971887550200803	-1.76712855613058	"SD"	NA	NA
"ECK120002926"	"cusS"	"-"	592551	593993	1443	"LB 1.0"	53	3.55761980531382	21	342	40.9356725146199	0.767151767151767	-0.345485514155456	"SD"	NA	NA
"ECK120002929"	"cusF"	"+"	596354	596686	333	"LB 1.0"	2	0	0	0	0	0.228228228228228	NA	"NO"	NA	NA
"ECK120002930"	"cusB"	"+"	596702	597925	1224	"LB 1.0"	11	0.870484942189948	8	191	0	0.334967320261438	-Inf	"SD"	NA	NA
"ECK120002932"	"ybdF"	"-"	604741	605109	369	"LB 1.0"	112	29.3996156085084	1	80	0	1	-Inf	"SD"	2	14.2857142857143
"ECK120002933"	"ybdJ"	"-"	605174	605422	249	"LB 1.0"	116	45.1241088104774	0	0	0	1	-Inf	"SD"	NA	NA
"ECK120002934"	"ybdK"	"-"	605488	606606	1119	"LB 1.0"	13	1.1252868957776	3	42	0	0.498659517426273	-Inf	"SD"	NA	NA
"ECK120002938"	"ybdN"	"-"	634572	635792	1221	"LB 1.0"	13	1.03128258507382	4	186	0	0.512694512694513	-Inf	"SD"	NA	NA
"ECK120002939"	"ybdO"	"-"	635939	636841	903	"LB 1.0"	8	0.858128315103591	40	139	251.798561151079	0.349944629014396	3.02808962828476	"AD"	NA	NA
"ECK120002945"	"citT"	"-"	644340	645803	1464	"LB 1.0"	25	1.65405111966048	2	141	0	0.325819672131148	-Inf	"SD"	NA	NA
"ECK120002946"	"citG"	"-"	645854	646732	879	"LB 1.0"	2	0	18	113	141.592920353982	0.0910125142207053	Inf	"AD"	NA	NA
"ECK120002947"	"citX"	"-"	646707	647258	552	"LB 1.0"	5	0.877366246080777	1	93	0	0.375	-Inf	"SD"	NA	NA
"ECK120002948"	"citF"	"-"	647262	648794	1533	"LB 1.0"	23	1.45323442403673	1	75	0	0.617742987606001	-Inf	"SD"	NA	NA
"ECK120002949"	"citE"	"-"	648805	649713	909	"LB 1.0"	5	0	45	135	311.111111111111	0.199119911991199	Inf	"AD"	NA	NA
"ECK120002950"	"citD"	"-"	649710	650006	297	"LB 1.0"	3	0.978396298659776	1	65	0	0.531986531986532	-Inf	"SD"	NA	NA
"ECK120002955"	"ybeM_2"	"+"	657478	658041	564	"LB 1.0"	22	3.77827506822871	3	77	0	0.734042553191489	-Inf	"SD"	NA	NA
"ECK120002956"	"cobC"	"-"	668519	669130	612	"LB 1.0"	59	9.3379293798558	2	142	0	0.882352941176471	-Inf	"SD"	NA	NA
"ECK120002957"	"nadD"	"-"	669154	669795	642	"LB 1.0"	143	21.5750099690443	0	0	0	0.950155763239875	-Inf	"SD"	2	8
"ECK120002965"	"rihA"	"-"	682700	683635	936	"LB 1.0"	1717	177.682412430646	0	0	0	1	-Inf	"SD"	8	23.5294117647059
"ECK120002966"	"gltI"	"-"	686062	686970	909	"LB 1.0"	2289	243.911291128262	0	0	0	1	-Inf	"SD"	23	69.6969696969697
"ECK120002967"	"insH-3"	"-"	687220	688236	1017	"LB 1.0"	0	0	0	0	0	0	NA	"NO"	NA	NA
"ECK120002968"	"ybeX"	"-"	690129	691007	879	"LB 1.0"	1207	133.005129596988	1	100	0	1	-Inf	"SD"	12	36.3636363636364
"ECK120002969"	"ybeY"	"-"	691097	691564	468	"LB 1.0"	204	42.2215633498565	1	74	0	1	-Inf	"SD"	2	11.1111111111111
"ECK120002970"	"ybeZ"	"-"	691561	692640	1080	"LB 1.0"	665	59.6414077058022	0	0	0	1	-Inf	"SD"	11	28.2051282051282
"ECK120002973"	"chiP"	"+"	707557	708963	1407	"LB 1.0"	57	3.92401585880392	4	194	0	0.409381663113006	-Inf	"SD"	NA	NA
"ECK120002976"	"ybfO"	"+"	733443	734876	1434	"LB 1.0"	3	0	3	153	0	0.0808926080892608	NA	"NO"	NA	NA
"ECK120002977"	"ybfL"	"+"	736123	737184	1062	"LB 1.0"	0	0	0	0	0	0	NA	"NO"	NA	NA
"ECK120002980"	"ybgJ"	"+"	742816	743472	657	"LB 1.0"	163	24.0310214177668	0	0	0	1	-Inf	"SD"	1	4.16666666666667
"ECK120002981"	"ybgK"	"+"	743466	744398	933	"LB 1.0"	385	39.9695336799757	4	110	0	1	-Inf	"SD"	3	8.82352941176471
"ECK120002982"	"ybgL"	"+"	744388	745122	735	"LB 1.0"	254	33.4731337770051	2	141	0	0.955102040816327	-Inf	"SD"	1	3.84615384615385
"ECK120002985"	"ybgO"	"-"	747144	748205	1062	"LB 1.0"	6	0.547238607724959	24	373	53.6193029490617	0.419020715630885	2.8697580788293	"AD"	NA	NA
"ECK120002986"	"ybgP"	"-"	748202	748930	729	"LB 1.0"	3	0.398605899453983	1	71	0	0.274348422496571	-Inf	"SD"	NA	NA
"ECK120002987"	"ybgQ"	"-"	748945	751392	2448	"LB 1.0"	1	0	7	163	0	0.0261437908496732	NA	"NO"	1	1.11111111111111
"ECK120002988"	"b0725"	"+"	757687	757947	261	"LB 1.0"	723	268.316750456593	1	59	0	1	-Inf	"SD"	NA	NA
"ECK120002989"	"valZ"	"+"	780291	780366	76	"LB 1.0"	72	91.76327390588	0	0	0	0.986842105263158	-Inf	"SD"	NA	NA
"ECK120002990"	"lysY"	"+"	780370	780445	76	"LB 1.0"	1	0	0	0	0	0.0131578947368421	NA	"NO"	NA	NA
"ECK120002991"	"lysZ"	"+"	780592	780667	76	"LB 1.0"	199	253.62349315653	0	0	0	1	-Inf	"SD"	NA	NA
"ECK120002992"	"lysQ"	"+"	780800	780875	76	"LB 1.0"	64	81.5673545830045	0	0	0	0.934210526315789	-Inf	"SD"	NA	NA
"ECK120003000"	"ybhI"	"+"	801110	802543	1434	"LB 1.0"	3	0	0	0	0	0.165271966527197	NA	"NO"	NA	NA
"ECK120003003"	"ybhL"	"+"	819107	819811	705	"LB 1.0"	446	61.2767520156365	8	324	24.6913580246914	1	-5.25919601877521	"SD"	NA	NA
"ECK120003006"	"clsB"	"-"	821721	822962	1242	"LB 1.0"	12	0.935857329152829	10	208	48.0769230769231	0.409017713365539	1.09563948624563	"AD"	NA	NA
"ECK120003010"	"ybhS"	"-"	825342	826475	1134	"LB 1.0"	89	7.60198393958667	3	163	0	0.983245149911817	-Inf	"SD"	NA	NA
"ECK120003011"	"ybhF"	"-"	826468	828204	1737	"LB 1.0"	299	16.6732923642073	1	49	0	0.990788716177317	-Inf	"SD"	2	3.17460317460317
"ECK120003012"	"ybhG"	"-"	828197	829195	999	"LB 1.0"	193	18.7129310095018	5	251	0	1	-Inf	"SD"	1	2.77777777777778
"ECK120003013"	"ybiX"	"-"	837753	838430	678	"LB 1.0"	16	2.28581082164762	12	201	39.8009950248756	0.558997050147493	-0.514634103004717	"SD"	0	0
"ECK120003014"	"fiu"	"-"	838472	840754	2283	"LB 1.0"	8	0	21	411	19.4647201946472	0.16688567674113	Inf	"AD"	NA	NA
"ECK120003025"	"ybiV"	"-"	858436	859251	816	"LB 1.0"	45	5.3416121452565	4	246	0	0.892156862745098	-Inf	"SD"	4	13.3333333333333
"ECK120003026"	"ybiW"	"-"	859397	861829	2433	"LB 1.0"	32	1.27396608062235	16	241	0	0.527332511302918	-Inf	"SD"	NA	NA
"ECK120003029"	"gsiA"	"+"	866776	868614	1839	"LB 1.0"	192	10.1127552174687	0	0	0	0.99184339314845	-Inf	"SD"	NA	NA
"ECK120003030"	"gsiB"	"+"	868634	870172	1539	"LB 1.0"	241	15.1680034371173	13	158	69.620253164557	0.94087069525666	-2.78545576740551	"SD"	1	1.78571428571429
"ECK120003031"	"gsiC"	"+"	870190	871110	921	"LB 1.0"	80	8.41357077674856	1	82	0	1	-Inf	"SD"	1	2.94117647058824
"ECK120003032"	"gsiD"	"+"	871113	872024	912	"LB 1.0"	49	5.2041671543844	2	100	0	0.985745614035088	-Inf	"SD"	NA	NA
"ECK120003033"	"yliE"	"+"	872202	874550	2349	"LB 1.0"	204	8.4119589815806	1	72	0	0.925500212856535	-Inf	"SD"	1	1.11111111111111
"ECK120003042"	"ybjI"	"-"	884539	885354	816	"LB 1.0"	109	12.9385716407324	2	113	0	1	-Inf	"SD"	1	3.33333333333333
"ECK120003047"	"ybjN"	"+"	892180	892656	477	"LB 1.0"	337	68.4323599836187	2	37	0	1	-Inf	"SD"	2	11.1111111111111
"ECK120003048"	"ybjO"	"+"	897212	897700	489	"LB 1.0"	8	1.58464185795203	15	200	70	0.707566462167689	0.821270010868778	"AD"	NA	NA
"ECK120003054"	"ybjT"	"-"	906075	907505	1431	"LB 1.0"	178	12.0484273759487	9	204	0	1	-Inf	"SD"	NA	NA
"ECK120003055"	"ltaE"	"-"	907516	908517	1002	"LB 1.0"	186	17.98022898555	2	63	0	0.99500998003992	-Inf	"SD"	11	30.5555555555556
"ECK120003056"	"hcr"	"-"	910405	911373	969	"LB 1.0"	32	3.1987197875688	15	195	76.9230769230769	0.914344685242518	-0.0925321151174586	"SD"	NA	NA
"ECK120003057"	"hcp"	"-"	911385	913037	1653	"LB 1.0"	32	1.8751115996093	0	0	0	0.487598306110103	-Inf	"SD"	NA	NA
"ECK120003058"	"ybjE"	"-"	913181	914080	900	"LB 1.0"	25	2.69058982131438	0	0	0	0.812222222222222	-Inf	"SD"	3	9.375
"ECK120003064"	"ftsK"	"+"	932447	936436	3990	"LB 1.0"	1485	36.0498576058814	19	327	45.8715596330275	0.977944862155388	-3.58695915511096	"SD"	20	13.6054421768707
"ECK120003065"	"lolA"	"+"	936592	937206	615	"LB 1.0"	1076	169.467784257616	3	103	0	1	-Inf	"SD"	5	22.7272727272727
"ECK120003070"	"ycaL"	"+"	959487	960251	765	"LB 1.0"	14	1.77262388227771	3	167	0	0.764705882352941	-Inf	"SD"	NA	NA
"ECK120003071"	"ycaQ"	"+"	968612	969844	1233	"LB 1.0"	67	5.26334359206025	1	97	0	0.78264395782644	-Inf	"SD"	NA	NA
"ECK120003072"	"ycaR"	"+"	969896	970078	183	"LB 1.0"	318	168.316241936651	0	0	0	1	-Inf	"SD"	0	0
"ECK120003074"	"ycbK"	"+"	982298	982846	549	"LB 1.0"	1618	285.46716923847	4	168	0	1	-Inf	"SD"	NA	NA
"ECK120003076"	"ssuC"	"-"	993264	994055	792	"LB 1.0"	8	0.978396298659776	0	0	0	0.325757575757576	-Inf	"SD"	NA	NA
"ECK120003077"	"ssuD"	"-"	994066	995211	1146	"LB 1.0"	3	0	1	68	0	0.229493891797557	NA	"NO"	NA	NA
"ECK120003078"	"ssuA"	"-"	995208	996167	960	"LB 1.0"	4	0	1	36	0	0.24375	NA	"NO"	0	0
"ECK120003081"	"elfD"	"+"	997713	998414	702	"LB 1.0"	2	0	1	80	0	0.198005698005698	NA	"NO"	NA	NA
"ECK120003082"	"elfC"	"+"	998439	1001039	2601	"LB 1.0"	29	1.07995992827844	6	100	0	0.528642829680892	-Inf	"SD"	NA	NA
"ECK120003083"	"elfG"	"+"	1001030	1002100	1071	"LB 1.0"	10	0.904399939937608	15	170	41.1764705882353	0.350140056022409	0.630394025779438	"AD"	NA	NA
"ECK120003084"	"ycbU"	"+"	1002112	1002654	543	"LB 1.0"	15	2.67572468418005	7	170	41.1764705882353	0.78268876611418	-0.934502851887612	"SD"	NA	NA
"ECK120003085"	"ycbV"	"+"	1002662	1003177	516	"LB 1.0"	20	3.75431137857821	2	100	0	0.627906976744186	-Inf	"SD"	NA	NA
"ECK120003089"	"uup"	"+"	1009187	1011094	1908	"LB 1.0"	393	19.9509773542746	1	67	0	1	-Inf	"SD"	28	38.8888888888889
"ECK120003090"	"pqiA"	"+"	1011224	1012477	1254	"LB 1.0"	143	11.0455792664485	0	0	0	0.9896331738437	-Inf	"SD"	NA	NA
"ECK120003091"	"pqiB"	"+"	1012482	1014122	1641	"LB 1.0"	312	18.4160297824516	4	125	0	1	-Inf	"SD"	3	4.91803278688525
"ECK120003092"	"ymbA"	"+"	1014134	1014682	549	"LB 1.0"	58	10.2330629269662	0	0	0	1	-Inf	"SD"	1	4.76190476190476
"ECK120003103"	"etp"	"-"	1043453	1043899	447	"LB 1.0"	8	1.73353438151799	1	38	0	0.785234899328859	-Inf	"SD"	1	6.25
"ECK120003104"	"gfcE"	"-"	1043887	1045026	1140	"LB 1.0"	16	1.35945590971674	1	100	0	0.48859649122807	-Inf	"SD"	NA	NA
"ECK120003105"	"gfcD"	"-"	1045072	1047168	2097	"LB 1.0"	11	0.508094215183832	10	179	0	0.250834525512637	-Inf	"SD"	NA	NA
"ECK120003106"	"gfcC"	"-"	1047168	1047914	747	"LB 1.0"	3	0	3	132	0	0.198125836680054	NA	"NO"	NA	NA
"ECK120003107"	"gfcB"	"-"	1047911	1048555	645	"LB 1.0"	10	1.50172455143128	2	100	0	0.488372093023256	-Inf	"SD"	NA	NA
"ECK120003112"	"ymcE"	"+"	1051070	1051300	231	"LB 1.0"	61	25.5780746649627	0	0	0	0.865800865800866	-Inf	"SD"	NA	NA
"ECK120003118"	"rutF"	"-"	1069083	1069577	495	"LB 1.0"	3	0.587037779195866	0	0	0	0.337373737373737	-Inf	"SD"	NA	NA
"ECK120003119"	"rutE"	"-"	1069588	1070178	591	"LB 1.0"	2	0	1	100	0	0.0846023688663283	NA	"NO"	NA	NA
"ECK120003120"	"rutD"	"-"	1070188	1070988	801	"LB 1.0"	2	0	1	100	0	0.126092384519351	NA	"NO"	NA	NA
"ECK120003121"	"rutC"	"-"	1070996	1071382	387	"LB 1.0"	1	0	0	0	0	0.131782945736434	NA	"NO"	NA	NA
"ECK120003122"	"rutB"	"-"	1071394	1072086	693	"LB 1.0"	2	0.279541799617079	2	84	0	0.284271284271284	-Inf	"SD"	NA	NA
"ECK120003124"	"efeU_1"	"+"	1080579	1080689	111	"LB 1.0"	0	0	0	0	0	0	NA	"NO"	NA	NA
"ECK120003125"	"efeO"	"+"	1081466	1082593	1128	"LB 1.0"	12	1.03043865497147	0	0	0	0.558510638297872	-Inf	"SD"	4	9.75609756097561
"ECK120003127"	"pgaC"	"-"	1085744	1087069	1326	"LB 1.0"	11	0.80352456202149	0	0	0	0.394419306184012	-Inf	"SD"	NA	NA
"ECK120003128"	"pgaB"	"-"	1087062	1089080	2019	"LB 1.0"	25	1.19937139137342	4	125	0	0.41208519068846	-Inf	"SD"	NA	NA
"ECK120003136"	"ycdX"	"+"	1098102	1098839	738	"LB 1.0"	199	26.1184085093445	26	192	130.208333333333	1	-2.38506699084959	"SD"	9	33.3333333333333
"ECK120003137"	"ycdY"	"+"	1098863	1099417	555	"LB 1.0"	452	78.885184815185	2	101	0	1	-Inf	"SD"	3	14.2857142857143
"ECK120003140"	"csgF"	"-"	1100934	1101350	417	"LB 1.0"	1	0	0	0	0	0.122302158273381	NA	"NO"	NA	NA
"ECK120003141"	"csgE"	"-"	1101375	1101764	390	"LB 1.0"	2	0.496724274704194	1	100	0	0.312820512820513	-Inf	"SD"	NA	NA
"ECK120003144"	"csgC"	"+"	1104184	1104516	333	"LB 1.0"	112	32.5779524310498	2	70	0	0.282282282282282	-Inf	"SD"	NA	NA
"ECK120003145"	"ymdA"	"+"	1104637	1104948	312	"LB 1.0"	204	63.3323450247847	5	191	0	1	-Inf	"SD"	NA	NA
"ECK120003146"	"ymdB"	"+"	1105043	1105576	534	"LB 1.0"	50	9.06940389207096	2	67	0	0.938202247191011	-Inf	"SD"	1	5.26315789473684
"ECK120003149"	"b1052"	"-"	1113434	1113532	99	"LB 1.0"	16	15.6543407785564	0	0	0	0.898989898989899	-Inf	"SD"	NA	NA
"ECK120003150"	"yceJ"	"-"	1117703	1118269	567	"LB 1.0"	21	3.58745309508584	2	100	0	0.800705467372134	-Inf	"SD"	NA	NA
"ECK120003151"	"yceO"	"-"	1118530	1118670	141	"LB 1.0"	2	0	0	0	0	0.156028368794326	NA	"NO"	NA	NA
"ECK120003152"	"solA"	"-"	1118691	1119809	1119	"LB 1.0"	149	12.8975190362202	1	100	0	0.912421805183199	-Inf	"SD"	9	21.9512195121951
"ECK120003153"	"bssS"	"-"	1119924	1120178	255	"LB 1.0"	40	15.1939189909518	0	0	0	1	-Inf	"SD"	NA	NA
"ECK120003154"	"dinI"	"-"	1120465	1120710	246	"LB 1.0"	18	7.08740733419399	1	65	0	1	-Inf	"SD"	0	0
"ECK120003156"	"yceM"	"+"	1126029	1126952	924	"LB 1.0"	183	19.183555998722	0	0	0	1	-Inf	"SD"	3	8.82352941176471
"ECK120003160"	"ycfL"	"+"	1161470	1161847	378	"LB 1.0"	260	66.6241289087371	1	100	0	1	-Inf	"SD"	NA	NA
"ECK120003161"	"lpoB"	"+"	1161861	1162502	642	"LB 1.0"	260	39.2272908528078	1	100	0	1	-Inf	"SD"	6	26.0869565217391
"ECK120003162"	"thiK"	"+"	1162483	1163307	825	"LB 1.0"	118	13.8540915890224	3	82	0	1	-Inf	"SD"	NA	NA
"ECK120003163"	"nagZ"	"+"	1163318	1164343	1026	"LB 1.0"	1515	143.026090501449	1	100	0	1	-Inf	"SD"	3	7.89473684210526
"ECK120003164"	"ycfP"	"+"	1164366	1164908	543	"LB 1.0"	1283	228.8636513202	0	0	0	1	-Inf	"SD"	11	52.3809523809524
"ECK120003170"	"lolD"	"+"	1175842	1176543	702	"LB 1.0"	496	68.4375667370223	0	0	0	1	-Inf	"SD"	6	24
"ECK120003171"	"lolE"	"+"	1176543	1177787	1245	"LB 1.0"	432	33.6096810450452	3	100	0	1	-Inf	"SD"	1	2.22222222222222
"ECK120003172"	"nagK"	"+"	1177816	1178727	912	"LB 1.0"	482	51.192011600271	2	160	0	1	-Inf	"SD"	5	15.1515151515152
"ECK120003175"	"ymfA"	"-"	1180487	1180948	462	"LB 1.0"	5	1.04828174856405	4	190	0	0.372294372294372	-Inf	"SD"	NA	NA
"ECK120003176"	"nudJ"	"-"	1193050	1193511	462	"LB 1.0"	53	11.1117865347789	0	0	0	1	-Inf	"SD"	2	11.7647058823529
"ECK120003180"	"xisE"	"-"	1200010	1200255	246	"LB 1.0"	11	4.33119337089632	3	166	0	0.934959349593496	-Inf	"SD"	1	11.1111111111111
"ECK120003186"	"ymfL"	"+"	1202479	1203048	570	"LB 1.0"	9	1.52938789843133	848	381	2225.7217847769	0.557894736842105	6.79303799603194	"AD"	NA	NA
"ECK120003187"	"ymfM"	"+"	1203045	1203383	339	"LB 1.0"	1	0.285726352705952	1	53	0	0.294985250737463	-Inf	"SD"	NA	NA
"ECK120003188"	"ymfN"	"+"	1203393	1204760	1368	"LB 1.0"	10	0.708049952977469	1	69	0	0.269005847953216	-Inf	"SD"	NA	NA
"ECK120003189"	"ymfR"	"+"	1204772	1204954	183	"LB 1.0"	0	0	0	0	0	0	NA	"NO"	NA	NA
"ECK120003190"	"ymfO"	"+"	1204954	1205427	474	"LB 1.0"	3	0.613045782071632	0	0	0	0.49789029535865	-Inf	"SD"	NA	NA
"ECK120003191"	"ymfP"	"+"	1205483	1206145	663	"LB 1.0"	0	0	1	96	0	0	NA	"NO"	NA	NA
"ECK120003192"	"ymfQ"	"+"	1206136	1206720	585	"LB 1.0"	2	0.331149516469463	0	0	0	0.256410256410256	-Inf	"SD"	NA	NA
"ECK120003196"	"ycgX"	"-"	1211926	1212330	405	"LB 1.0"	22	5.26159787279257	0	0	0	0.906172839506173	-Inf	"SD"	2	12.5
"ECK120003197"	"bluR"	"-"	1212551	1213282	732	"LB 1.0"	343	45.3871627234836	0	0	0	1	-Inf	"SD"	1	3.57142857142857
"ECK120003200"	"ymgA"	"+"	1215291	1215563	273	"LB 1.0"	6	2.12881832016083	0	0	0	0.941391941391941	-Inf	"SD"	NA	NA
"ECK120003201"	"ariR"	"+"	1215592	1215858	267	"LB 1.0"	2	0.725552311365676	0	0	0	0.303370786516854	-Inf	"SD"	NA	NA
"ECK120003202"	"ymgC"	"+"	1215971	1216219	249	"LB 1.0"	0	0	0	0	0	0	NA	"NO"	NA	NA
"ECK120003203"	"ycgG"	"+"	1216551	1218074	1524	"LB 1.0"	10	0.635572398735681	4	99	0	0.30511811023622	-Inf	"SD"	NA	NA
"ECK120003204"	"ycgH_1"	"+"	1220024	1220344	321	"LB 1.0"	1	0.301748391175445	0	0	0	0.311526479750779	-Inf	"SD"	NA	NA
"ECK120003207"	"ymgG"	"-"	1221867	1222142	276	"LB 1.0"	1	0	0	0	0	0.155797101449275	NA	"NO"	NA	NA
"ECK120003212"	"ycgM"	"+"	1227302	1227961	660	"LB 1.0"	128	18.7852089342677	4	237	0	1	-Inf	"SD"	1	4.16666666666667
"ECK120003221"	"dhaL"	"-"	1248348	1248980	633	"LB 1.0"	92	14.0777780224222	0	0	0	1	-Inf	"SD"	7	30.4347826086957
"ECK120003225"	"ychQ"	"+"	1266147	1266539	393	"LB 1.0"	145	35.7376052602063	1	100	0	1	-Inf	"SD"	NA	NA
"ECK120003227"	"ychG_1"	"-"	1294191	1294421	231	"LB 1.0"	1	0	0	0	0	0.012987012987013	NA	"NO"	NA	NA
"ECK120003230"	"yciO"	"+"	1322122	1322742	621	"LB 1.0"	309	48.1966524513707	5	85	0	1	-Inf	"SD"	10	43.4782608695652
"ECK120003231"	"yciQ"	"+"	1322770	1324665	1896	"LB 1.0"	168	8.58264094900284	5	149	0	0.751582278481013	-Inf	"SD"	NA	NA
"ECK120003232"	"yciS"	"+"	1338267	1338575	309	"LB 1.0"	370	115.982706860542	0	0	0	1	-Inf	"SD"	3	27.2727272727273
"ECK120003233"	"yciT"	"-"	1341621	1342370	750	"LB 1.0"	322	41.5857562782351	0	0	0	1	-Inf	"SD"	10	35.7142857142857
"ECK120003234"	"gmr"	"-"	1342781	1344766	1986	"LB 1.0"	59	2.87754923488004	21	650	26.1538461538462	0.800100704934542	0.24069413327581	"AD"	NA	NA
"ECK120003235"	"yciW"	"-"	1347004	1348131	1128	"LB 1.0"	34	2.91957618908582	7	150	0	0.677304964539007	-Inf	"SD"	NA	NA
"ECK120003236"	"ycjD"	"-"	1349431	1349784	354	"LB 1.0"	58	15.8699196240238	1	45	0	0.983050847457627	-Inf	"SD"	NA	NA
"ECK120003237"	"ymjA"	"-"	1355447	1355692	246	"LB 1.0"	28	11.0248558531906	1	48	0	1	-Inf	"SD"	NA	NA
"ECK120003238"	"puuP"	"-"	1355826	1357211	1386	"LB 1.0"	27	1.88690714741528	4	100	0	0.614718614718615	-Inf	"SD"	NA	NA
"ECK120003242"	"ycjM"	"+"	1368240	1369919	1680	"LB 1.0"	25	1.44138740427556	1	82	0	0.614285714285714	-Inf	"SD"	NA	NA
"ECK120003243"	"ycjN"	"+"	1369933	1371225	1293	"LB 1.0"	14	1.04876819021071	2	100	0	0.546790409899459	-Inf	"SD"	NA	NA
"ECK120003244"	"ycjO"	"+"	1371246	1372127	882	"LB 1.0"	5	0.549099963533548	6	242	24.7933884297521	0.308390022675737	1.12789368525025	"AD"	NA	NA
"ECK120003245"	"ycjP"	"+"	1372114	1372956	843	"LB 1.0"	4	0.45960253175477	0	0	0	0.251482799525504	-Inf	"SD"	NA	NA
"ECK120003246"	"ycjQ"	"+"	1372987	1374039	1053	"LB 1.0"	10	0.91985976797073	0	0	0	0.264007597340931	-Inf	"SD"	NA	NA
"ECK120003247"	"ycjR"	"+"	1374058	1374846	789	"LB 1.0"	15	1.8414683187703	3	116	0	0.50063371356147	-Inf	"SD"	0	0
"ECK120003248"	"ycjS"	"+"	1374856	1375911	1056	"LB 1.0"	13	1.1924204889916	3	178	0	0.365530303030303	-Inf	"SD"	NA	NA
"ECK120003249"	"ycjT"	"+"	1375908	1378175	2268	"LB 1.0"	21	0.896863273771461	3	81	0	0.435626102292769	-Inf	"SD"	NA	NA
"ECK120003250"	"ycjU"	"+"	1378172	1378831	660	"LB 1.0"	4	0.587037779195866	3	54	0	0.251515151515152	-Inf	"SD"	NA	NA
"ECK120003251"	"ycjV"	"+"	1378845	1379813	969	"LB 1.0"	6	0.599759960169151	0	0	0	0.30030959752322	-Inf	"SD"	NA	NA
"ECK120003264"	"abgB"	"-"	1399834	1401279	1446	"LB 1.0"	17	1.13875585798368	19	357	33.6134453781513	0.397648686030429	1.07557593028088	"AD"	NA	NA
"ECK120003271"	"intR"	"-"	1410024	1411259	1236	"LB 1.0"	88	6.89626905657279	3	137	0	0.670711974110032	-Inf	"SD"	NA	NA
"ECK120003272"	"ydaQ"	"-"	1411261	1411476	216	"LB 1.0"	0	0	2	100	0	0	NA	"NO"	NA	NA
"ECK120003277"	"ydaT"	"+"	1418708	1419130	423	"LB 1.0"	5	1.14493183885718	6	234	25.6410256410256	0.335697399527187	0.0677726928126899	"AD"	NA	NA
"ECK120003278"	"ydaU"	"+"	1419143	1420000	858	"LB 1.0"	4	0	1	66	0	0.233100233100233	NA	"NO"	NA	NA
"ECK120003279"	"ydaV"	"+"	1420007	1420753	747	"LB 1.0"	9	1.16700281406407	0	0	0	0.710843373493976	-Inf	"SD"	NA	NA
"ECK120003280"	"ydaW"	"+"	1420776	1421336	561	"LB 1.0"	14	2.41721438492415	1	96	0	0.684491978609626	-Inf	"SD"	NA	NA
"ECK120003281"	"rzpR"	"+"	1421369	1421668	300	"LB 1.0"	0	0	7	147	47.6190476190476	0	Inf	"AD"	NA	NA
"ECK120003282"	"b1364"	"+"	1423202	1423483	282	"LB 1.0"	11	3.77827506822871	0	0	0	0.815602836879433	-Inf	"SD"	NA	NA
"ECK120003283"	"ynaK"	"+"	1423401	1423664	264	"LB 1.0"	6	2.2013916719845	0	0	0	0.503787878787879	-Inf	"SD"	NA	NA
"ECK120003284"	"ydaY"	"+"	1423645	1424004	360	"LB 1.0"	9	2.42153083918295	5	137	0	0.758333333333333	-Inf	"SD"	NA	NA
"ECK120003285"	""	"+"	1424079	1424312	234	"LB 1.0"	2	0.827873791173657	0	0	0	0.346153846153846	-Inf	"SD"	NA	NA
"ECK120003286"	"ynaA"	"+"	1424478	1425506	1029	"LB 1.0"	65	6.11854245080239	3	96	0	0.671525753158406	-Inf	"SD"	NA	NA
"ECK120003290"	"stfR"	"+"	1427073	1430435	3363	"LB 1.0"	14	0	5	107	0	0.19892952720785	NA	"NO"	NA	NA
"ECK120003293"	"ynaE"	"-"	1432015	1432248	234	"LB 1.0"	0	0	0	0	0	0	NA	"NO"	0	0
"ECK120003294"	"uspF"	"-"	1433209	1433643	435	"LB 1.0"	144	32.064408353319	8	229	34.9344978165939	1	-4.32482897684728	"SD"	5	31.25
"ECK120003295"	"ompN"	"-"	1433784	1434917	1134	"LB 1.0"	6	0	17	210	80.9523809523809	0.237213403880071	Inf	"AD"	1	2.4390243902439
"ECK120003299"	"ynbE"	"+"	1443711	1443896	186	"LB 1.0"	71	36.9739117380622	0	0	0	1	-Inf	"SD"	NA	NA
"ECK120003304"	"paaB"	"+"	1452892	1453179	288	"LB 1.0"	2	0.672647455328596	0	0	0	0.65625	-Inf	"SD"	NA	NA
"ECK120003305"	"paaC"	"+"	1453188	1453934	747	"LB 1.0"	10	1.29666979340452	0	0	0	0.538152610441767	-Inf	"SD"	NA	NA
"ECK120003306"	"paaD"	"+"	1453949	1454446	498	"LB 1.0"	3	0	3	109	0	0.248995983935743	NA	"NO"	NA	NA
"ECK120003307"	"paaE"	"+"	1454454	1455524	1071	"LB 1.0"	4	0	0	0	0	0.182072829131653	NA	"NO"	NA	NA
"ECK120003308"	"paaF"	"+"	1455521	1456288	768	"LB 1.0"	0	0	0	0	0	0	NA	"NO"	0	0
"ECK120003309"	"paaG"	"+"	1456288	1457076	789	"LB 1.0"	5	0.613822772923433	1	59	0	0.354879594423321	-Inf	"SD"	0	0
"ECK120003310"	"paaH"	"+"	1457078	1458505	1428	"LB 1.0"	12	0.813959945943847	1	100	0	0.521708683473389	-Inf	"SD"	0	0
"ECK120003311"	"paaI"	"+"	1458495	1458917	423	"LB 1.0"	3	0	0	0	0	0.0945626477541371	NA	"NO"	NA	NA
"ECK120003312"	"paaJ"	"+"	1458917	1460122	1206	"LB 1.0"	61	4.89928295821425	0	0	0	0.806799336650083	-Inf	"SD"	1	2.38095238095238
"ECK120003313"	"paaK"	"+"	1460149	1461462	1314	"LB 1.0"	41	3.02230637462712	31	185	113.513513513514	0.824200913242009	0.474739412341945	"AD"	NA	NA
"ECK120003314"	"paaX"	"+"	1461563	1462513	951	"LB 1.0"	148	15.0740931314017	0	0	0	0.95583596214511	-Inf	"SD"	5	14.2857142857143
"ECK120003320"	"ynbA"	"+"	1475645	1476250	606	"LB 1.0"	0	0	0	0	0	0	NA	"NO"	NA	NA
"ECK120003321"	"ynbB"	"+"	1476250	1477146	897	"LB 1.0"	0	0	0	0	0	0	NA	"NO"	NA	NA
"ECK120003322"	"ynbC"	"+"	1477162	1478919	1758	"LB 1.0"	24	1.32233765962209	2	102	0	0.574516496018203	-Inf	"SD"	NA	NA
"ECK120003339"	"ydcR"	"+"	1508027	1509433	1407	"LB 1.0"	82	5.64507544599862	9	141	0	0.847903340440654	-Inf	"SD"	NA	NA
"ECK120003340"	"ydcS"	"+"	1509678	1510823	1146	"LB 1.0"	20	1.690422924386	1	71	0	0.593368237347295	-Inf	"SD"	0	0
"ECK120003341"	"ydcT"	"+"	1510841	1511854	1014	"LB 1.0"	11	1.05076288879733	0	0	0	0.266272189349112	-Inf	"SD"	NA	NA
"ECK120003342"	"ydcU"	"+"	1511855	1512796	942	"LB 1.0"	14	1.43955124197712	17	255	66.6666666666667	0.650743099787686	1.23991560266446	"AD"	NA	NA
"ECK120003343"	"ydcV"	"+"	1512786	1513580	795	"LB 1.0"	12	1.4620563557331	0	0	0	0.538364779874214	-Inf	"SD"	NA	NA
"ECK120003355"	"yncH"	"+"	1524964	1525176	213	"LB 1.0"	0	0	0	0	0	0	NA	"NO"	NA	NA
"ECK120003356"	"yncI"	"+"	1528610	1529356	747	"LB 1.0"	20	2.59333958680904	0	0	0	0.710843373493976	-Inf	"SD"	NA	NA
"ECK120003357"	"yncM"	"+"	1529400	1529600	201	"LB 1.0"	6	2.8913801064871	0	0	0	0.870646766169154	-Inf	"SD"	NA	NA
"ECK120003360"	"yddJ"	"-"	1542408	1542743	336	"LB 1.0"	2	0.576554961710225	0	0	0	0.422619047619048	-Inf	"SD"	NA	NA
"ECK120003361"	"yddK"	"-"	1542782	1543738	957	"LB 1.0"	0	0	1	37	0	0	NA	"NO"	NA	NA
"ECK120003362"	"yddL"	"-"	1543762	1544052	291	"LB 1.0"	0	0	0	0	0	0	NA	"NO"	NA	NA
"ECK120003364"	"adhP"	"-"	1550852	1551862	1011	"LB 1.0"	23	2.20356911181831	1	74	0	0.780415430267062	-Inf	"SD"	NA	NA
"ECK120003367"	"ddpD"	"-"	1556055	1557041	987	"LB 1.0"	8	0.785096118073498	6	179	0	0.273556231003039	-Inf	"SD"	NA	NA
"ECK120003368"	"ddpC"	"-"	1557038	1557934	897	"LB 1.0"	17	1.83572014564593	1	61	0	0.659977703455964	-Inf	"SD"	NA	NA
"ECK120003369"	"ddpB"	"-"	1557931	1558953	1023	"LB 1.0"	13	1.23088566605585	0	0	0	0.613880742913001	-Inf	"SD"	NA	NA
"ECK120003370"	"ddpA"	"-"	1558955	1560505	1551	"LB 1.0"	12	0.749409930888339	2	44	0	0.401031592520954	-Inf	"SD"	0	0
"ECK120003371"	"ddpX"	"-"	1560519	1561100	582	"LB 1.0"	3	0.499284709109886	0	0	0	0.323024054982818	-Inf	"SD"	NA	NA
"ECK120003372"	"dosP"	"-"	1561358	1563757	2400	"LB 1.0"	25	1.00897118299289	7	101	0	0.415833333333333	-Inf	"SD"	NA	NA
"ECK120003373"	"dosC"	"-"	1563782	1565164	1383	"LB 1.0"	17	1.19062976908489	3	107	0	0.476500361532899	-Inf	"SD"	NA	NA
"ECK120003374"	"yddW"	"-"	1565528	1566847	1320	"LB 1.0"	113	8.2919086311416	4	141	0	0.928030303030303	-Inf	"SD"	NA	NA
"ECK120003375"	"gadC"	"-"	1566978	1568513	1536	"LB 1.0"	82	5.17097731283858	12	179	33.5195530726257	0.884765625	-2.10740256931683	"SD"	NA	NA
"ECK120003376"	"ydeM"	"-"	1577657	1578814	1158	"LB 1.0"	15	1.2546791912865	3	78	0	0.543177892918826	-Inf	"SD"	NA	NA
"ECK120003377"	"ydeN"	"-"	1578866	1580548	1683	"LB 1.0"	125	7.19409043132188	19	104	163.461538461538	0.871657754010695	-1.08127754822286	"SD"	14	22.2222222222222
"ECK120003378"	"ydeO"	"-"	1580950	1581711	762	"LB 1.0"	2	0	0	0	0	0.229658792650919	NA	"NO"	NA	NA
"ECK120003379"	"safA"	"-"	1581786	1581983	198	"LB 1.0"	0	0	0	0	0	0	NA	"NO"	NA	NA
"ECK120003380"	"ydeP"	"-"	1582231	1584510	2280	"LB 1.0"	27	1.1470409238235	7	295	0	0.496052631578947	-Inf	"SD"	NA	NA
"ECK120003381"	"ydeQ"	"-"	1584844	1585758	915	"LB 1.0"	0	0	2	100	0	0	NA	"NO"	NA	NA
"ECK120003382"	"ydeR"	"-"	1585817	1586320	504	"LB 1.0"	1	0	3	100	0	0.142857142857143	NA	"NO"	NA	NA
"ECK120003383"	"ydeS"	"-"	1586333	1586863	531	"LB 1.0"	3	0.547238607724959	1	41	0	0.333333333333333	-Inf	"SD"	NA	NA
"ECK120003384"	"ydeT"	"-"	1586877	1588025	1149	"LB 1.0"	3	0	1	99	0	0.161009573542211	NA	"NO"	NA	NA
"ECK120003385"	"yneL"	"-"	1588381	1588560	180	"LB 1.0"	0	0	0	0	0	0	NA	"NO"	NA	NA
"ECK120003386"	"ydeU"	"-"	1590689	1592089	1401	"LB 1.0"	74	5.11615366451215	0	0	0	0.849393290506781	-Inf	"SD"	NA	NA
"ECK120003387"	"lsrK"	"-"	1596641	1598233	1593	"LB 1.0"	94	5.71560323623846	4	107	0	0.568110483364721	-Inf	"SD"	NA	NA
"ECK120003390"	"lsrC"	"+"	1601043	1602071	1029	"LB 1.0"	15	1.41197133480055	0	0	0	0.586977648202138	-Inf	"SD"	NA	NA
"ECK120003391"	"lsrD"	"+"	1602071	1603063	993	"LB 1.0"	23	2.24351296278782	1	100	0	0.794561933534743	-Inf	"SD"	NA	NA
"ECK120003392"	"lsrB"	"+"	1603075	1604097	1023	"LB 1.0"	27	2.55645484488522	6	184	0	0.67741935483871	-Inf	"SD"	1	2.7027027027027
"ECK120003393"	"lsrF"	"+"	1604124	1604999	876	"LB 1.0"	61	6.74490325069222	0	0	0	0.979452054794521	-Inf	"SD"	2	6.25
"ECK120003394"	"lsrG"	"+"	1605023	1605313	291	"LB 1.0"	31	10.3185506549376	0	0	0	0.962199312714777	-Inf	"SD"	NA	NA
"ECK120003397"	"yneF"	"-"	1608931	1609878	948	"LB 1.0"	88	8.9913381370506	5	83	0	0.715189873417722	-Inf	"SD"	NA	NA
"ECK120003398"	"yneG"	"-"	1609990	1610349	360	"LB 1.0"	18	4.84306167836589	40	628	63.6942675159236	0.930555555555556	0.724080623633665	"AD"	NA	NA
"ECK120003399"	"yneH"	"-"	1610349	1611275	927	"LB 1.0"	112	11.7027596111538	0	0	0	0.984897518878101	-Inf	"SD"	2	5.88235294117647
"ECK120003402"	"yneK"	"+"	1613787	1614902	1116	"LB 1.0"	3	0	1	100	0	0.117383512544803	NA	"NO"	NA	NA
"ECK120003403"	"ydfH"	"+"	1626376	1627062	687	"LB 1.0"	489	68.9448955086149	2	100	0	1	-Inf	"SD"	1	3.7037037037037
"ECK120003410"	"ydfN"	"-"	1632909	1633871	963	"LB 1.0"	4	0	1	39	0	0.0861889927310488	NA	"NO"	NA	NA
"ECK120003413"	"ynfN"	"-"	1635978	1636133	156	"LB 1.0"	0	0	4	103	0	0	NA	"NO"	NA	NA
"ECK120003414"	"cspI"	"-"	1636479	1636691	213	"LB 1.0"	6	2.7284854526005	0	0	0	1	-Inf	"SD"	NA	NA
"ECK120003415"	"ydfP"	"-"	1637054	1637551	498	"LB 1.0"	0	0	1	52	0	0	NA	"NO"	NA	NA
"ECK120003416"	"rrrQ"	"-"	1637548	1638081	534	"LB 1.0"	2	0.362776155682838	0	0	0	0.374531835205993	-Inf	"SD"	NA	NA
"ECK120003417"	"ydfR"	"-"	1638078	1638389	312	"LB 1.0"	5	1.55226335845061	1	35	0	0.564102564102564	-Inf	"SD"	NA	NA
"ECK120003418"	"essQ"	"-"	1638394	1638609	216	"LB 1.0"	3	1.34529491065719	1	35	0	0.833333333333333	-Inf	"SD"	NA	NA
"ECK120003420"	"ydfU"	"-"	1641279	1642328	1050	"LB 1.0"	1	0	7	255	27.4509803921569	0.0752380952380952	Inf	"AD"	NA	NA
"ECK120003425"	"insD"	"+"	1648905	1649561	657	"LB 1.0"	1	0	0	0	0	0.0319634703196347	NA	"NO"	NA	NA
"ECK120003428"	"rspA"	"-"	1651951	1653165	1215	"LB 1.0"	12	0.956654158689559	4	216	0	0.353909465020576	-Inf	"SD"	NA	NA
"ECK120003434"	"ynfE"	"+"	1656093	1658519	2427	"LB 1.0"	282	11.2545809089343	16	212	33.0188679245283	0.994643592913061	-3.00701360333111	"SD"	4	4.44444444444444
"ECK120003435"	"ynfF"	"+"	1658580	1661003	2424	"LB 1.0"	3166	126.511000608139	14	246	28.4552845528455	1	-6.49769220074769	"SD"	10	11.1111111111111
"ECK120003436"	"ynfG"	"+"	1661014	1661631	618	"LB 1.0"	470	73.6646921952093	1	100	0	1	-Inf	"SD"	2	8.69565217391304
"ECK120003437"	"ynfH"	"+"	1661633	1662487	855	"LB 1.0"	1732	196.214802969116	0	0	0	1	-Inf	"SD"	NA	NA
"ECK120003438"	"dmsD"	"+"	1662530	1663144	615	"LB 1.0"	840	132.298270238288	0	0	0	1	-Inf	"SD"	3	13.0434782608696
"ECK120003441"	"mlc"	"-"	1665368	1666588	1221	"LB 1.0"	158	12.5340498801279	14	298	36.9127516778523	0.948402948402948	-2.51027721069346	"SD"	NA	NA
"ECK120003450"	"ydgI"	"+"	1677581	1678963	1383	"LB 1.0"	64	4.48237089537841	4	203	0	0.853940708604483	-Inf	"SD"	NA	NA
"ECK120003456"	"uidR"	"-"	1694486	1695076	591	"LB 1.0"	222	36.3844227613275	6	128	0	1	-Inf	"SD"	5	22.7272727272727
"ECK120003458"	"cnu"	"+"	1702973	1703188	216	"LB 1.0"	35	15.6951072910006	5	102	0	1	-Inf	"SD"	1	12.5
"ECK120003459"	"ydgK"	"+"	1703274	1703714	441	"LB 1.0"	208	45.6851169659912	2	100	0	1	-Inf	"SD"	1	6.25
"ECK120003460"	"rsxA"	"+"	1703791	1704372	582	"LB 1.0"	120	19.9713883643954	0	0	0	0.982817869415808	-Inf	"SD"	NA	NA
"ECK120003461"	"rsxB"	"+"	1704372	1704950	579	"LB 1.0"	101	16.8963464426582	0	0	0	1	-Inf	"SD"	NA	NA
"ECK120003462"	"rsxC"	"+"	1704943	1707165	2223	"LB 1.0"	134	5.83868884301421	18	226	61.9469026548673	0.779127305443095	-1.06021760151424	"SD"	2	2.5
"ECK120003463"	"rsxD"	"+"	1707166	1708224	1059	"LB 1.0"	35	3.20126834264034	4	166	0	0.740321057601511	-Inf	"SD"	NA	NA
"ECK120003464"	"rsxG"	"+"	1708228	1708848	621	"LB 1.0"	15	2.33964332288207	2	102	0	0.734299516908213	-Inf	"SD"	1	4.54545454545455
"ECK120003465"	"rsxE"	"+"	1708852	1709547	696	"LB 1.0"	35	4.87089536617259	0	0	0	0.952586206896552	-Inf	"SD"	NA	NA
"ECK120003466"	"tppB"	"+"	1710793	1712295	1503	"LB 1.0"	548	35.3160053192882	0	0	0	1	-Inf	"SD"	NA	NA
"ECK120003473"	"ydhJ"	"+"	1719288	1720145	858	"LB 1.0"	74	8.35399916547962	4	219	0	0.967365967365967	-Inf	"SD"	3	9.67741935483871
"ECK120003476"	"ydhF"	"-"	1722760	1723656	897	"LB 1.0"	184	19.8689709881678	1	52	0	1	-Inf	"SD"	8	23.5294117647059
"ECK120003479"	"nemA"	"+"	1724683	1725780	1098	"LB 1.0"	67	5.91047600092012	2	64	0	0.824225865209472	-Inf	"SD"	3	7.5
"ECK120003480"	"gloA"	"+"	1725861	1726268	408	"LB 1.0"	438	103.983383094326	0	0	0	1	-Inf	"SD"	3	20
"ECK120003484"	"ydhR"	"+"	1744724	1745029	306	"LB 1.0"	211	66.7899355643924	13	414	31.4009661835749	1	-4.6830471940145	"SD"	0	0
"ECK120003487"	"ydhU"	"-"	1747587	1748372	786	"LB 1.0"	187	23.0445937367537	0	0	0	1	-Inf	"SD"	NA	NA
"ECK120003488"	"ydhX"	"-"	1748369	1749088	720	"LB 1.0"	155	20.8520711151865	18	355	47.887323943662	0.961111111111111	-2.61658403383528	"SD"	NA	NA
"ECK120003489"	"ydhW"	"-"	1749101	1749748	648	"LB 1.0"	234	34.977667677087	2	82	0	1	-Inf	"SD"	NA	NA
"ECK120003490"	"ydhV"	"-"	1749752	1751854	2103	"LB 1.0"	347	15.9823338316021	4	100	0	1	-Inf	"SD"	NA	NA
"ECK120003491"	"ydhY"	"-"	1751875	1752501	627	"LB 1.0"	187	28.8884380814807	1	100	0	1	-Inf	"SD"	NA	NA
"ECK120003494"	"sufE"	"-"	1756898	1757314	417	"LB 1.0"	7	1.62596794957128	6	311	0	0.6810551558753	-Inf	"SD"	0	0
"ECK120003495"	"sufS"	"-"	1757327	1758547	1221	"LB 1.0"	23	1.82457688128445	9	205	0	0.631449631449631	-Inf	"SD"	NA	NA
"ECK120003496"	"sufD"	"-"	1758544	1759815	1272	"LB 1.0"	17	1.29452906497201	1	35	0	0.547955974842767	-Inf	"SD"	0	0
"ECK120003497"	"sufC"	"-"	1759790	1760536	747	"LB 1.0"	14	1.81533771076633	0	0	0	0.598393574297189	-Inf	"SD"	0	0
"ECK120003498"	"sufB"	"-"	1760546	1762033	1488	"LB 1.0"	18	1.17170847057239	1	81	0	0.448252688172043	-Inf	"SD"	NA	NA
"ECK120003499"	"ydiH"	"-"	1762958	1763227	270	"LB 1.0"	67	24.0359357370752	2	89	0	1	-Inf	"SD"	NA	NA
"ECK120003500"	"menI"	"-"	1763246	1763656	411	"LB 1.0"	79	18.6180959898251	0	0	0	1	-Inf	"SD"	5	33.3333333333333
"ECK120003503"	"ydiL"	"+"	1768639	1768995	357	"LB 1.0"	11	2.98451980179411	0	0	0	0.557422969187675	-Inf	"SD"	NA	NA
"ECK120003504"	"ydiM"	"+"	1769095	1770309	1215	"LB 1.0"	7	0.558048259235576	0	0	0	0.251851851851852	-Inf	"SD"	NA	NA
"ECK120003505"	"ydiN"	"+"	1770536	1771801	1266	"LB 1.0"	5	0	2	88	0	0.248815165876777	NA	"NO"	NA	NA
"ECK120003509"	"ydiR"	"+"	1778425	1779363	939	"LB 1.0"	7	0.722075223611528	4	135	0	0.407880724174654	-Inf	"SD"	NA	NA
"ECK120003510"	"ydiS"	"+"	1779419	1780708	1290	"LB 1.0"	8	0.600689820572514	3	100	0	0.411627906976744	-Inf	"SD"	NA	NA
"ECK120003511"	"ydiT"	"+"	1780705	1780998	294	"LB 1.0"	5	1.64729989060064	0	0	0	0.795918367346939	-Inf	"SD"	NA	NA
"ECK120003513"	"ydiV"	"-"	1789331	1790044	714	"LB 1.0"	174	23.6048384323716	1	100	0	0.903361344537815	-Inf	"SD"	NA	NA
"ECK120003515"	"arpB_2"	"+"	1801602	1803017	1416	"LB 1.0"	2	0	5	99	0	0.106638418079096	NA	"NO"	NA	NA
"ECK120003517"	"ydiZ"	"+"	1805424	1805714	291	"LB 1.0"	43	14.3128283278167	0	0	0	1	-Inf	"SD"	NA	NA
"ECK120003521"	"ydjM"	"+"	1808235	1808825	591	"LB 1.0"	4	0.655575184888784	2	63	0	0.524534686971235	-Inf	"SD"	NA	NA
"ECK120003527"	"spy"	"-"	1823164	1823649	486	"LB 1.0"	61	12.1574799333465	5	95	0	0.967078189300412	-Inf	"SD"	0	0
"ECK120003528"	"astE"	"-"	1823979	1824947	969	"LB 1.0"	17	1.69931988714593	0	0	0	0.665634674922601	-Inf	"SD"	NA	NA
"ECK120003529"	"astB"	"-"	1824940	1826283	1344	"LB 1.0"	17	1.22517929363423	0	0	0	0.460565476190476	-Inf	"SD"	0	0
"ECK120003530"	"astD"	"-"	1826280	1827758	1479	"LB 1.0"	20	1.30982060266826	0	0	0	0.401622718052738	-Inf	"SD"	0	0
"ECK120003531"	"astA"	"-"	1827755	1828789	1035	"LB 1.0"	6	0.561514397491697	0	0	0	0.367149758454106	-Inf	"SD"	0	0
"ECK120003533"	"ydjX"	"+"	1831425	1832135	711	"LB 1.0"	65	8.85510574103468	4	100	0	0.893108298171589	-Inf	"SD"	NA	NA
"ECK120003534"	"ydjY"	"+"	1832140	1832817	678	"LB 1.0"	75	10.7147382264732	0	0	0	0.893805309734513	-Inf	"SD"	4	16.6666666666667
"ECK120003535"	"ydjZ"	"+"	1832832	1833539	708	"LB 1.0"	31	4.24109920986843	1	93	0	0.833333333333333	-Inf	"SD"	3	11.5384615384615
"ECK120003536"	"ynjA"	"+"	1833539	1834087	549	"LB 1.0"	39	6.8808526577876	0	0	0	0.967213114754098	-Inf	"SD"	1	4.76190476190476
"ECK120003537"	"ynjB"	"+"	1834097	1835263	1167	"LB 1.0"	148	12.2840296212194	0	0	0	1	-Inf	"SD"	2	4.65116279069767
"ECK120003538"	"ynjC"	"+"	1835281	1836771	1491	"LB 1.0"	115	7.47085302497756	0	0	0	0.924211938296445	-Inf	"SD"	NA	NA
"ECK120003539"	"ynjD"	"+"	1836771	1837424	654	"LB 1.0"	114	16.8840682365049	3	133	0	0.967889908256881	-Inf	"SD"	NA	NA
"ECK120003545"	"ydjF"	"-"	1852120	1852878	759	"LB 1.0"	56	7.14654687716706	3	74	0	0.961791831357049	-Inf	"SD"	5	17.8571428571429
"ECK120003546"	"ydjG"	"-"	1853015	1853995	981	"LB 1.0"	32	3.15959171677285	1	49	0	0.853211009174312	-Inf	"SD"	1	2.77777777777778
"ECK120003547"	"ydjH"	"-"	1854005	1854952	948	"LB 1.0"	13	1.3282658611552	0	0	0	0.59704641350211	-Inf	"SD"	1	2.94117647058824
"ECK120003548"	"ydjI"	"-"	1854957	1855793	837	"LB 1.0"	8	0.925794347118928	0	0	0	0.559139784946237	-Inf	"SD"	NA	NA
"ECK120003549"	"ydjJ"	"-"	1855814	1856857	1044	"LB 1.0"	4	0.371115837422674	0	0	0	0.255747126436782	-Inf	"SD"	NA	NA
"ECK120003550"	"ydjK"	"-"	1856874	1858253	1380	"LB 1.0"	7	0.491325097805235	0	0	0	0.378260869565217	-Inf	"SD"	NA	NA
"ECK120003551"	"ydjL"	"-"	1858280	1859356	1077	"LB 1.0"	12	1.07923380019296	1	100	0	0.580315691736305	-Inf	"SD"	NA	NA
"ECK120003552"	"yeaC"	"-"	1859726	1859998	273	"LB 1.0"	646	229.202772470649	0	0	0	1	-Inf	"SD"	NA	NA
"ECK120003557"	"yeaH"	"+"	1866979	1868262	1284	"LB 1.0"	23	1.73505324925881	2	191	0	0.651869158878505	-Inf	"SD"	NA	NA
"ECK120003558"	"yeaI"	"+"	1868409	1869884	1476	"LB 1.0"	17	0	1	55	0	0.236449864498645	NA	"NO"	NA	NA
"ECK120003569"	"yoaG"	"-"	1877427	1877609	183	"LB 1.0"	1	0	0	0	0	0.19672131147541	NA	"NO"	NA	NA
"ECK120003570"	"yeaR"	"-"	1877613	1877972	360	"LB 1.0"	2	0.538117964262877	0	0	0	0.358333333333333	-Inf	"SD"	NA	NA
"ECK120003571"	"leuE"	"-"	1878145	1878783	639	"LB 1.0"	124	18.7962331179146	3	147	0	1	-Inf	"SD"	NA	NA
"ECK120003574"	"yeaV"	"+"	1881212	1882657	1446	"LB 1.0"	7	0	1	100	0	0.129322268326418	NA	"NO"	NA	NA
"ECK120003575"	"yeaW"	"+"	1882689	1883813	1125	"LB 1.0"	17	1.46368086279502	3	144	0	0.613333333333333	-Inf	"SD"	NA	NA
"ECK120003577"	"yeaY"	"-"	1887975	1888556	582	"LB 1.0"	235	39.110635546941	5	68	0	1	-Inf	"SD"	0	0
"ECK120003578"	"tsaB"	"-"	1888596	1889291	696	"LB 1.0"	454	63.1824713212102	1	100	0	1	-Inf	"SD"	7	28
"ECK120003585"	"yobD"	"+"	1902825	1903283	459	"LB 1.0"	50	10.5513326326054	3	163	0	1	-Inf	"SD"	NA	NA
"ECK120003587"	"yobF"	"-"	1905472	1905615	144	"LB 1.0"	3265	2196.19394164787	3	114	0	1	-Inf	"SD"	NA	NA
"ECK120003588"	"yebO"	"-"	1906285	1906572	288	"LB 1.0"	181	60.8745947072379	50	248	201.612903225806	1	-2.60584026200723	"SD"	4	36.3636363636364
"ECK120003594"	"yebT"	"+"	1915534	1918167	2634	"LB 1.0"	317	11.657179590296	16	122	106.55737704918	0.997722095671982	-2.16463524788286	"SD"	0	0
"ECK120003595"	"rsmF"	"+"	1918247	1919686	1440	"LB 1.0"	80	5.38117964262877	1	44	0	0.896527777777778	-Inf	"SD"	4	7.54716981132075
"ECK120003596"	"yebV"	"+"	1919804	1920040	237	"LB 1.0"	28	11.4435212653371	1	94	0	1	-Inf	"SD"	NA	NA
"ECK120003599"	"yebY"	"-"	1921389	1921730	342	"LB 1.0"	682	193.156027172254	606	659	918.057663125948	1	-0.67475964811738	"SD"	2	16.6666666666667
"ECK120003600"	"yebZ"	"-"	1921743	1922615	873	"LB 1.0"	475	52.7022748504879	0	0	0	1	-Inf	"SD"	NA	NA
"ECK120003602"	"yobB"	"+"	1923464	1924120	657	"LB 1.0"	67	9.87778180975691	4	196	0	0.984779299847793	-Inf	"SD"	NA	NA
"ECK120003606"	"yecN"	"+"	1950290	1950685	396	"LB 1.0"	108	26.4167000638139	2	180	0	1	-Inf	"SD"	NA	NA
"ECK120003607"	"cmoA"	"+"	1950726	1951469	744	"LB 1.0"	82	10.6755660652151	1	42	0	1	-Inf	"SD"	8	28.5714285714286
"ECK120003610"	"torY"	"-"	1955056	1956156	1101	"LB 1.0"	12	1.05570826776368	1	100	0	0.50408719346049	-Inf	"SD"	NA	NA
"ECK120003611"	"cutC"	"-"	1956544	1956984	441	"LB 1.0"	586	128.709031452264	0	0	0	0.938775510204082	-Inf	"SD"	3	11.1111111111111
"ECK120003615"	"flhB"	"-"	1963067	1964215	1149	"LB 1.0"	1347	113.552725513644	0	0	0	1	-Inf	"SD"	1	2.38095238095238
"ECK120003616"	"insB-5"	"-"	1976542	1977045	504	"LB 1.0"	0	0	0	0	0	0	NA	"NO"	NA	NA
"ECK120003623"	"yecS"	"-"	1995835	1996503	669	"LB 1.0"	161	23.3104015012529	0	0	0	1	-Inf	"SD"	0	0
"ECK120003624"	"dcyD"	"-"	1996518	1997504	987	"LB 1.0"	139	13.641045051527	1	59	0	0.986828774062817	-Inf	"SD"	2	5.71428571428571
"ECK120003625"	"fliY"	"-"	1997609	1998409	801	"LB 1.0"	1024	123.827594473075	0	0	0	1	-Inf	"SD"	23	79.3103448275862
"ECK120003628"	"yedN_1"	"-"	2009573	2009893	321	"LB 1.0"	9	2.715735520579	0	0	0	0.697819314641745	-Inf	"SD"	NA	NA
"ECK120003636"	"yodC"	"-"	2026212	2026394	183	"LB 1.0"	45	23.8183361231109	0	0	0	1	-Inf	"SD"	NA	NA
"ECK120003638"	"yedS_1"	"+"	2032075	2032560	486	"LB 1.0"	32	6.37769439126372	0	0	0	0.662551440329218	-Inf	"SD"	NA	NA
"ECK120003639"	"yedS_2"	"+"	2032570	2032779	210	"LB 1.0"	7	3.22870778557726	4	100	0	0.657142857142857	-Inf	"SD"	NA	NA
"ECK120003640"	"yedS_3"	"+"	2032863	2033267	405	"LB 1.0"	7	1.67414477770673	12	388	30.9278350515464	0.753086419753086	0.519610110294478	"AD"	NA	NA
"ECK120003645"	"yedY"	"+"	2037502	2038506	1005	"LB 1.0"	102	9.83069236205614	3	100	0	0.765174129353234	-Inf	"SD"	1	2.7027027027027
"ECK120003646"	"yedZ"	"+"	2038507	2039142	636	"LB 1.0"	10	1.52297537055531	4	234	0	0.553459119496855	-Inf	"SD"	NA	NA
"ECK120003647"	"zinT"	"+"	2039399	2040049	651	"LB 1.0"	18	2.67819078987976	0	0	0	0.815668202764977	-Inf	"SD"	NA	NA
"ECK120003665"	"yeeP"	"+"	2068810	2069235	426	"LB 1.0"	9	2.04636408945038	4	158	0	0.896713615023474	-Inf	"SD"	NA	NA
"ECK120003666"	"flu"	"+"	2069563	2072682	3120	"LB 1.0"	13141	407.965855867988	55	290	165.51724137931	1	-5.40927019684548	"SD"	28	26.1682242990654
"ECK120003667"	"yeeR"	"+"	2072803	2074335	1533	"LB 1.0"	809	51.1159412628572	10	129	0	1	-Inf	"SD"	8	14.0350877192982
"ECK120003668"	"yeeS"	"+"	2074332	2074778	447	"LB 1.0"	267	57.856709983163	12	335	32.8358208955224	0.885906040268456	-4.716908858008	"SD"	NA	NA
"ECK120003669"	"yeeT"	"+"	2074841	2075062	222	"LB 1.0"	1	0	11	335	32.8358208955224	0.189189189189189	Inf	"AD"	NA	NA
"ECK120003670"	"cbeA"	"+"	2075136	2075504	369	"LB 1.0"	1	0	17	546	31.1355311355311	0.195121951219512	Inf	"AD"	NA	NA
"ECK120003671"	"cbtA"	"+"	2075593	2075967	375	"LB 1.0"	0	0	13	190	68.4210526315789	0	Inf	"AD"	NA	NA
"ECK120003672"	"yeeW"	"+"	2075964	2076158	195	"LB 1.0"	60	29.8034564822516	0	0	0	0.805128205128205	-Inf	"SD"	NA	NA
"ECK120003674"	"yeeY"	"-"	2085353	2086282	930	"LB 1.0"	79	8.22799726001947	3	130	0	0.886021505376344	-Inf	"SD"	NA	NA
"ECK120003675"	"yeeZ"	"-"	2086328	2087152	825	"LB 1.0"	400	46.9630223356692	1	100	0	1	-Inf	"SD"	18	60
"ECK120003677"	"ugd"	"-"	2096471	2097637	1167	"LB 1.0"	36	2.98800720516147	20	232	64.6551724137931	0.845758354755784	0.00577887373249731	"AD"	NA	NA
"ECK120003678"	"insH-7"	"-"	2099919	2100935	1017	"LB 1.0"	10	0	0	0	0	0.0363815142576204	NA	"NO"	NA	NA
"ECK120003679"	"galF"	"-"	2111458	2112351	894	"LB 1.0"	853	92.419051714678	7	289	20.7612456747405	1	-6.26708397555488	"SD"	31	93.9393939393939
"ECK120003680"	"wcaM"	"-"	2112526	2113920	1395	"LB 1.0"	21	1.45812609671231	4	101	0	0.57921146953405	-Inf	"SD"	NA	NA
"ECK120003681"	"wcaL"	"-"	2113931	2115151	1221	"LB 1.0"	19	1.5072591628002	0	0	0	0.493857493857494	-Inf	"SD"	NA	NA
"ECK120003682"	"wcaK"	"-"	2115148	2116428	1281	"LB 1.0"	3	0	2	212	0	0.0725995316159251	NA	"NO"	NA	NA
"ECK120003683"	"wzxC"	"-"	2116704	2118182	1479	"LB 1.0"	5	0	1	100	0	0.21974306964165	NA	"NO"	NA	NA
"ECK120003684"	"wcaJ"	"-"	2118184	2119578	1395	"LB 1.0"	1	0	1	73	0	0.0559139784946237	NA	"NO"	NA	NA
"ECK120003685"	"wcaF"	"-"	2126364	2126912	549	"LB 1.0"	0	0	1	100	0	0	NA	"NO"	NA	NA
"ECK120003686"	"wcaE"	"-"	2126928	2127674	747	"LB 1.0"	2	0	0	0	0	0.232931726907631	NA	"NO"	NA	NA
"ECK120003687"	"wcaD"	"-"	2127685	2128902	1218	"LB 1.0"	5	0.397624111524293	0	0	0	0.280788177339901	-Inf	"SD"	NA	NA
"ECK120003688"	"wcaC"	"-"	2128877	2130094	1218	"LB 1.0"	8	0.636198578438869	2	98	0	0.38752052545156	-Inf	"SD"	NA	NA
"ECK120003689"	"wcaB"	"-"	2130091	2130579	489	"LB 1.0"	3	0.594240696732011	4	124	0	0.427402862985685	-Inf	"SD"	NA	NA
"ECK120003690"	"wcaA"	"-"	2130582	2131421	840	"LB 1.0"	0	0	11	108	0	0	NA	"NO"	NA	NA
"ECK120003691"	"wzc"	"-"	2131514	2133676	2163	"LB 1.0"	4	0	0	0	0	0.169209431345354	NA	"NO"	NA	NA
"ECK120003692"	"wzb"	"-"	2133679	2134122	444	"LB 1.0"	0	0	0	0	0	0	NA	"NO"	NA	NA
"ECK120003698"	"yegL"	"-"	2150493	2151152	660	"LB 1.0"	12	1.7611133375876	0	0	0	0.274242424242424	-Inf	"SD"	NA	NA
"ECK120003700"	"mdtB"	"+"	2153287	2156409	3123	"LB 1.0"	49	1.51975678667902	29	528	32.1969696969697	0.594300352225424	1.16169428501464	"AD"	NA	NA
"ECK120003701"	"mdtC"	"+"	2156410	2159487	3078	"LB 1.0"	70	2.2028220759299	10	107	65.4205607476636	0.604288499025341	-0.653926144700208	"SD"	NA	NA
"ECK120003702"	"yegP"	"+"	2163213	2163545	333	"LB 1.0"	13	3.781369478604	0	0	0	0.96996996996997	-Inf	"SD"	0	0
"ECK120003703"	"yegQ"	"+"	2163692	2165053	1362	"LB 1.0"	197	14.0100315805886	14	186	32.258064516129	0.997797356828194	-3.54535389686421	"SD"	22	43.1372549019608
"ECK120003705"	"yegZ"	"-"	2165626	2165844	219	"LB 1.0"	2	0.884577475500619	0	0	0	0.45662100456621	-Inf	"SD"	NA	NA
"ECK120003706"	""	"-"	2165759	2166025	267	"LB 1.0"	9	3.26498540114554	0	0	0	0.588014981273408	-Inf	"SD"	NA	NA
"ECK120003711"	"gatZ"	"-"	2173081	2174343	1263	"LB 1.0"	14442	1107.57714582676	2	100	0	1	-Inf	"SD"	65	138.297872340426
"ECK120003714"	"yegU"	"+"	2178117	2179121	1005	"LB 1.0"	25	2.40948342207258	0	0	0	0.76318407960199	-Inf	"SD"	1	2.77777777777778
"ECK120003717"	"yegX"	"-"	2180855	2181673	819	"LB 1.0"	21	2.48362137352097	8	262	30.5343511450382	0.742368742368742	-0.634373347278811	"SD"	NA	NA
"ECK120003718"	"thiD"	"-"	2181738	2182538	801	"LB 1.0"	9	1.08832846704851	0	0	0	0.433208489388265	-Inf	"SD"	0	0
"ECK120003722"	"yeiS"	"+"	2231622	2231861	240	"LB 1.0"	44	17.7578928206749	3	119	0	1	-Inf	"SD"	NA	NA
"ECK120003723"	"preT"	"+"	2232055	2233293	1239	"LB 1.0"	1084	84.743807253408	12	255	0	1	-Inf	"SD"	9	20.4545454545455
"ECK120003724"	"lpxT"	"+"	2266876	2267589	714	"LB 1.0"	59	8.00393946844783	5	174	0	0.901960784313726	-Inf	"SD"	2	7.40740740740741
"ECK120003725"	"mepS"	"+"	2268001	2268567	567	"LB 1.0"	4835	825.968367368574	2	100	0	1	-Inf	"SD"	NA	NA
"ECK120003726"	"rtn"	"+"	2268748	2270304	1557	"LB 1.0"	230	14.3083389341574	2	61	0	1	-Inf	"SD"	0	0
"ECK120003730"	"yfaQ"	"-"	2326170	2327819	1650	"LB 1.0"	28	1.64370578174842	5	119	0	0.569090909090909	-Inf	"SD"	NA	NA
"ECK120003731"	"yfaS_2"	"-"	2327820	2328305	486	"LB 1.0"	10	1.99302949726991	0	0	0	0.487654320987654	-Inf	"SD"	NA	NA
"ECK120003732"	"yfaS_1"	"-"	2328321	2332424	4104	"LB 1.0"	22	0.519236632183478	65	143	370.629370629371	0.295808966861598	4.3515282853919	"AD"	NA	NA
"ECK120003733"	"yfaT"	"-"	2332358	2332981	624	"LB 1.0"	9	1.39703702260555	2	75	0	0.61698717948718	-Inf	"SD"	NA	NA
"ECK120003735"	"yfaV"	"-"	2356885	2358174	1290	"LB 1.0"	16	1.20137964114503	1	69	0	0.493023255813954	-Inf	"SD"	NA	NA
"ECK120003736"	"yfaW"	"-"	2358231	2359448	1218	"LB 1.0"	37	2.94241842527977	2	100	0	0.860426929392447	-Inf	"SD"	NA	NA
"ECK120003737"	"yfaX"	"-"	2359451	2360233	783	"LB 1.0"	12	1.48446334969069	2	100	0	0.421455938697318	-Inf	"SD"	NA	NA
"ECK120003738"	"yfaY"	"-"	2360453	2361655	1203	"LB 1.0"	242	19.4849696785461	2	96	0	1	-Inf	"SD"	6	13.6363636363636
"ECK120003743"	"arnC"	"+"	2365093	2366061	969	"LB 1.0"	5	0.499799966807625	4	99	0	0.462332301341589	-Inf	"SD"	NA	NA
"ECK120003744"	"arnA"	"+"	2366061	2368043	1983	"LB 1.0"	91	4.44496835835901	19	205	39.0243902439024	0.591527987897126	-1.47410124411091	"SD"	1	1.35135135135135
"ECK120003745"	"arnD"	"+"	2368040	2368930	891	"LB 1.0"	21	2.28292469687281	1	97	0	0.625140291806959	-Inf	"SD"	NA	NA
"ECK120003746"	"arnT"	"+"	2368930	2370582	1653	"LB 1.0"	12	0.703166849853487	5	266	0	0.368421052631579	-Inf	"SD"	NA	NA
"ECK120003749"	"elaB"	"-"	2378744	2379049	306	"LB 1.0"	165	52.2290965313969	0	0	0	1	-Inf	"SD"	2	18.1818181818182
"ECK120003762"	"yfbT"	"-"	2409461	2410111	651	"LB 1.0"	164	24.4012938633489	1	100	0	1	-Inf	"SD"	7	30.4347826086957
"ECK120003763"	"yfbU"	"-"	2410122	2410616	495	"LB 1.0"	291	56.942664581999	0	0	0	1	-Inf	"SD"	20	100
"ECK120003767"	"yfcE"	"-"	2417256	2417810	555	"LB 1.0"	220	38.3954439365944	2	105	0	1	-Inf	"SD"	1	5
"ECK120003770"	"folX"	"+"	2419347	2419709	363	"LB 1.0"	468	124.878945756211	9	284	31.6901408450704	1	-6.1163895462864	"SD"	3	21.4285714285714
"ECK120003776"	"epmC"	"-"	2442225	2442773	549	"LB 1.0"	344	60.6926490840753	1	47	0	1	-Inf	"SD"	1	4.76190476190476
"ECK120003779"	"yfcP"	"-"	2448073	2448612	540	"LB 1.0"	1	0	7	225	0	0.1	NA	"NO"	NA	NA
"ECK120003780"	"yfcQ"	"-"	2448609	2449097	489	"LB 1.0"	1	0	0	0	0	0.198364008179959	NA	"NO"	NA	NA
"ECK120003781"	"yfcR"	"-"	2449094	2449606	513	"LB 1.0"	3	0.566439962381975	1	98	0	0.352826510721248	-Inf	"SD"	NA	NA
"ECK120003782"	"yfcS"	"-"	2449606	2450358	753	"LB 1.0"	1	0	1	100	0	0.0756972111553785	NA	"NO"	NA	NA
"ECK120003783"	"yfcT"	"-"	2450378	2451274	897	"LB 1.0"	2	0	2	100	0	0.201783723522854	NA	"NO"	NA	NA
"ECK120003784"	"yfcU"	"-"	2451287	2453023	1737	"LB 1.0"	32	1.78443262760747	6	179	0	0.551525618883132	-Inf	"SD"	NA	NA
"ECK120003785"	"yfcV"	"-"	2453105	2453668	564	"LB 1.0"	0	0	1	100	0	0	NA	"NO"	NA	NA
"ECK120003786"	"sixA"	"-"	2454349	2454834	486	"LB 1.0"	358	71.3504560022629	0	0	0	1	-Inf	"SD"	NA	NA
"ECK120003787"	"fadJ"	"-"	2455037	2457181	2145	"LB 1.0"	190	8.5797829267088	6	201	0	0.951981351981352	-Inf	"SD"	1	1.2987012987013
"ECK120003788"	"fadI"	"-"	2457181	2458491	1311	"LB 1.0"	144	10.6392201630006	0	0	0	0.919908466819222	-Inf	"SD"	1	2.12765957446809
"ECK120003793"	"intS"	"+"	2464567	2465724	1158	"LB 1.0"	46	3.8476828532786	48	427	107.728337236534	0.813471502590674	1.25764397184818	"AD"	0	0
"ECK120003794"	"yfdG"	"+"	2465877	2466239	363	"LB 1.0"	233	62.1726375239258	9	188	42.5531914893617	1	-5.28013597279959	"SD"	NA	NA
"ECK120003795"	"yfdH"	"+"	2466236	2467156	921	"LB 1.0"	944	99.280135165633	19	139	122.302158273381	1	-4.86789842816122	"SD"	10	28.5714285714286
"ECK120003796"	"yfdI"	"+"	2467153	2468484	1332	"LB 1.0"	440	31.9962032804954	0	0	0	0.987237237237237	-Inf	"SD"	8	15.6862745098039
"ECK120003799"	"yfdL"	"-"	2469566	2470084	519	"LB 1.0"	1	0	0	0	0	0.0134874759152216	NA	"NO"	NA	NA
"ECK120003800"	"yfdM"	"-"	2470134	2470409	276	"LB 1.0"	1	0	0	0	0	0.144927536231884	NA	"NO"	NA	NA
"ECK120003801"	"yfdN"	"-"	2470409	2470903	495	"LB 1.0"	0	0	0	0	0	0	NA	"NO"	NA	NA
"ECK120003804"	"yfdQ"	"+"	2472054	2472878	825	"LB 1.0"	9	1.05666800255256	0	0	0	0.330909090909091	-Inf	"SD"	NA	NA
"ECK120003805"	"yfdR"	"+"	2473006	2473542	537	"LB 1.0"	0	0	1	83	0	0	NA	"NO"	NA	NA
"ECK120003806"	"yfdS"	"+"	2473533	2473895	363	"LB 1.0"	0	0	0	0	0	0	NA	"NO"	NA	NA
"ECK120003807"	"yfdT"	"+"	2473895	2474200	306	"LB 1.0"	1	0	4	294	0	0.215686274509804	NA	"NO"	NA	NA
"ECK120003810"	"yfdV"	"-"	2487264	2488208	945	"LB 1.0"	1	0	2	149	0	0.0465608465608466	NA	"NO"	NA	NA
"ECK120003811"	"oxc"	"-"	2488278	2489972	1695	"LB 1.0"	16	0.914324328659047	8	209	0	0.407079646017699	-Inf	"SD"	NA	NA
"ECK120003812"	"frc"	"-"	2490026	2491276	1251	"LB 1.0"	3	0	0	0	0	0.140687450039968	NA	"NO"	NA	NA
"ECK120003819"	"ypdB"	"+"	2498405	2499139	735	"LB 1.0"	191	25.1707423283778	17	349	45.8452722063037	1	-2.97560395445308	"SD"	2	6.89655172413793
"ECK120003822"	"ypdE"	"-"	2502532	2503569	1038	"LB 1.0"	3	0	7	202	34.6534653465347	0.0905587668593449	Inf	"AD"	NA	NA
"ECK120003823"	"ypdF"	"-"	2503569	2504654	1086	"LB 1.0"	10	0.891908228060017	1	45	0	0.385819521178637	-Inf	"SD"	NA	NA
"ECK120003824"	"fryC"	"-"	2504669	2505916	1248	"LB 1.0"	3	0	0	0	0	0.110576923076923	NA	"NO"	NA	NA
"ECK120003825"	"fryB"	"-"	2505938	2506264	327	"LB 1.0"	1	0.296211723447455	1	40	0	0.287461773700306	-Inf	"SD"	NA	NA
"ECK120003832"	"zipA"	"-"	2528269	2529255	987	"LB 1.0"	1192	116.979321592951	2	44	0	1	-Inf	"SD"	1	2.77777777777778
"ECK120003838"	"murP"	"+"	2544695	2546119	1425	"LB 1.0"	87	5.91363320726782	10	101	0	0.687719298245614	-Inf	"SD"	NA	NA
"ECK120003841"	"yfeY"	"-"	2548663	2549238	576	"LB 1.0"	191	32.1189159919405	0	0	0	1	-Inf	"SD"	4	19.047619047619
"ECK120003842"	"yfeZ"	"-"	2549299	2549748	450	"LB 1.0"	113	24.322931984682	0	0	0	1	-Inf	"SD"	NA	NA
"ECK120003844"	"eutK"	"-"	2553250	2553750	501	"LB 1.0"	47	9.08678239054678	0	0	0	1	-Inf	"SD"	2	11.1111111111111
"ECK120003845"	"eutL"	"-"	2553763	2554422	660	"LB 1.0"	15	2.2013916719845	4	100	0	0.713636363636364	-Inf	"SD"	0	0
"ECK120003847"	"yffL"	"+"	2558279	2558920	642	"LB 1.0"	142	21.4241357734566	63	201	308.457711442786	1	-0.788896888136564	"SD"	NA	NA
"ECK120003848"	"yffM"	"+"	2559390	2559635	246	"LB 1.0"	1	0.393744851899666	1	39	0	0.32520325203252	-Inf	"SD"	NA	NA
"ECK120003849"	"yffN"	"+"	2559632	2560015	384	"LB 1.0"	3	0.75672838724467	1	48	0	0.369791666666667	-Inf	"SD"	NA	NA
"ECK120003850"	"yffO"	"+"	2560133	2560549	417	"LB 1.0"	9	2.09053022087736	1	100	0	0.438848920863309	-Inf	"SD"	NA	NA
"ECK120003851"	"yffP"	"+"	2560546	2561139	594	"LB 1.0"	7	1.14146234843641	0	0	0	0.444444444444444	-Inf	"SD"	NA	NA
"ECK120003852"	"yffQ"	"+"	2561599	2561991	393	"LB 1.0"	14	3.45052740443371	0	0	0	0.661577608142494	-Inf	"SD"	NA	NA
"ECK120003853"	"yffR"	"+"	2562002	2562394	393	"LB 1.0"	53	13.0627108882133	0	0	0	1	-Inf	"SD"	1	6.66666666666667
"ECK120003856"	"eutH"	"-"	2564903	2566129	1227	"LB 1.0"	7	0.552590574548675	0	0	0	0.405867970660147	-Inf	"SD"	NA	NA
"ECK120003857"	"eutG"	"-"	2566346	2567533	1188	"LB 1.0"	13	1.05992932354809	0	0	0	0.594276094276094	-Inf	"SD"	NA	NA
"ECK120003858"	"eutJ"	"-"	2567523	2568359	837	"LB 1.0"	5	0.57862146694933	0	0	0	0.371565113500597	-Inf	"SD"	NA	NA
"ECK120003859"	"eutE"	"-"	2568370	2569773	1404	"LB 1.0"	6	0	0	0	0	0.221509971509972	NA	"NO"	NA	NA
"ECK120003860"	"eutN"	"-"	2569785	2570072	288	"LB 1.0"	1	0.336323727664298	0	0	0	0.284722222222222	-Inf	"SD"	NA	NA
"ECK120003861"	"eutM"	"-"	2570179	2570472	294	"LB 1.0"	44	14.4962390372857	3	112	0	1	-Inf	"SD"	NA	NA
"ECK120003862"	"eutD"	"-"	2570511	2571527	1017	"LB 1.0"	29	2.76202140949087	1	100	0	0.56047197640118	-Inf	"SD"	NA	NA
"ECK120003863"	"eutT"	"-"	2571524	2572327	804	"LB 1.0"	20	2.40948342207258	2	136	0	0.849502487562189	-Inf	"SD"	NA	NA
"ECK120003864"	"eutQ"	"-"	2572324	2573025	702	"LB 1.0"	14	1.93170551273853	2	87	0	0.58974358974359	-Inf	"SD"	NA	NA
"ECK120003865"	"eutP"	"-"	2573000	2573479	480	"LB 1.0"	5	1.00897118299289	2	68	0	0.53125	-Inf	"SD"	NA	NA
"ECK120003866"	"eutS"	"-"	2573492	2573827	336	"LB 1.0"	8	2.3062198468409	0	0	0	0.770833333333333	-Inf	"SD"	NA	NA
"ECK120003870"	"tmcA"	"-"	2591866	2593881	2016	"LB 1.0"	185	8.8885556596993	1	35	0	0.956845238095238	-Inf	"SD"	1	1.33333333333333
"ECK120003871"	"ypfJ"	"-"	2593896	2594759	864	"LB 1.0"	157	17.6009417477649	3	78	0	1	-Inf	"SD"	1	3.2258064516129
"ECK120003872"	"hyfC"	"+"	2601869	2602816	948	"LB 1.0"	3	0	4	100	0	0.129746835443038	NA	"NO"	NA	NA
"ECK120003873"	"hyfD"	"+"	2602833	2604272	1440	"LB 1.0"	2	0	3	100	0	0.0340277777777778	NA	"NO"	NA	NA
"ECK120003874"	"hyfE"	"+"	2604284	2604934	651	"LB 1.0"	0	0	4	100	0	0	NA	"NO"	NA	NA
"ECK120003875"	"hyfF"	"+"	2604939	2606519	1581	"LB 1.0"	12	0	5	166	0	0.233396584440228	NA	"NO"	NA	NA
"ECK120003876"	"hyfG"	"+"	2606509	2608176	1668	"LB 1.0"	20	1.1614056782652	4	73	0	0.360911270983213	-Inf	"SD"	NA	NA
"ECK120003877"	"hyfH"	"+"	2608186	2608731	546	"LB 1.0"	4	0.709606106720277	2	138	0	0.461538461538462	-Inf	"SD"	NA	NA
"ECK120003878"	"hyfI"	"+"	2608728	2609486	759	"LB 1.0"	10	1.2761690852084	4	81	0	0.462450592885375	-Inf	"SD"	NA	NA
"ECK120003879"	"hyfJ"	"+"	2609479	2609892	414	"LB 1.0"	9	2.10567899059387	0	0	0	0.72463768115942	-Inf	"SD"	NA	NA
"ECK120003880"	"hyfR"	"+"	2609922	2611934	2013	"LB 1.0"	12	0.577414209045114	19	556	19.7841726618705	0.426726279185296	1.92982500869642	"AD"	NA	NA
"ECK120003888"	"yfgH"	"+"	2627814	2628332	519	"LB 1.0"	3	0.559891523510508	0	0	0	0.485549132947977	-Inf	"SD"	NA	NA
"ECK120003892"	"bamB"	"-"	2635496	2636674	1179	"LB 1.0"	1902	156.259598172212	1	49	0	1	-Inf	"SD"	4	9.52380952380952
"ECK120003893"	"yfgM"	"-"	2636685	2637305	621	"LB 1.0"	1160	180.932416969547	0	0	0	1	-Inf	"SD"	11	50
"ECK120003894"	"pbpC"	"-"	2643035	2645347	2313	"LB 1.0"	133	5.56962562233172	2	95	0	0.963251188932123	-Inf	"SD"	NA	NA
"ECK120003896"	"iscU"	"-"	2657925	2658311	387	"LB 1.0"	858	214.746610854674	1	100	0	1	-Inf	"SD"	4	28.5714285714286
"ECK120003897"	"iscS"	"-"	2658339	2659553	1215	"LB 1.0"	3320	264.674317237445	8	233	0	1	-Inf	"SD"	50	111.111111111111
"ECK120003898"	"iscR"	"-"	2659665	2660153	489	"LB 1.0"	1397	276.718084444873	0	0	0	1	-Inf	"SD"	3	17.6470588235294
"ECK120003900"	"yfhR"	"+"	2662385	2663266	882	"LB 1.0"	3	0	4	102	0	0.196145124716553	NA	"NO"	NA	NA
"ECK120003904"	"hcaC"	"+"	2668930	2669250	321	"LB 1.0"	6	1.81049034705267	1	75	0	0.507788161993769	-Inf	"SD"	NA	NA
"ECK120003905"	"hcaB"	"+"	2669247	2670059	813	"LB 1.0"	17	2.02538864777909	2	96	0	0.735547355473555	-Inf	"SD"	NA	NA
"ECK120003906"	"hcaD"	"+"	2670069	2671271	1203	"LB 1.0"	23	1.85187728349818	8	197	30.4568527918782	0.467996674979219	-0.62595409430084	"SD"	NA	NA
"ECK120003909"	"yphC"	"-"	2672722	2673783	1062	"LB 1.0"	22	2.00654156165818	0	0	0	0.67608286252354	-Inf	"SD"	NA	NA
"ECK120003910"	"yphD"	"-"	2673849	2674847	999	"LB 1.0"	17	1.64828925990431	0	0	0	0.592592592592593	-Inf	"SD"	NA	NA
"ECK120003911"	"yphE"	"-"	2674872	2676383	1512	"LB 1.0"	17	1.0890482610082	6	137	0	0.359126984126984	-Inf	"SD"	NA	NA
"ECK120003912"	"yphF"	"-"	2676406	2677389	984	"LB 1.0"	4	0.393744851899666	2	102	0	0.25609756097561	-Inf	"SD"	0	0
"ECK120003915"	"glrK"	"-"	2687693	2689120	1428	"LB 1.0"	259	17.567968833288	0	0	0	0.953781512605042	-Inf	"SD"	NA	NA
"ECK120003917"	"rseC"	"-"	2705344	2705823	480	"LB 1.0"	225	45.4037032346802	1	50	0	1	-Inf	"SD"	1	5.88235294117647
"ECK120003918"	"rseB"	"-"	2705820	2706776	957	"LB 1.0"	1368	138.459945162059	9	221	27.1493212669683	1	-6.85029046581977	"SD"	4	11.1111111111111
"ECK120003919"	"yfiP"	"+"	2717245	2717943	699	"LB 1.0"	76	10.5314073692649	10	279	21.505376344086	1	-3.13359193348805	"SD"	1	3.84615384615385
"ECK120003920"	"pka"	"+"	2717975	2720635	2661	"LB 1.0"	1159	42.1879630606995	8	282	0	0.998121007140173	-Inf	"SD"	3	3.06122448979592
"ECK120003928"	"yfjI"	"+"	2757007	2758416	1410	"LB 1.0"	10	0	0	0	0	0.219148936170213	NA	"NO"	NA	NA
"ECK120003931"	"yfjL"	"-"	2761559	2763175	1617	"LB 1.0"	232	13.8972208952491	58	634	61.5141955835962	0.914656771799629	-0.833250378932726	"SD"	NA	NA
"ECK120003934"	"rnlB"	"+"	2765006	2765377	372	"LB 1.0"	461	120.035023318638	63	615	102.439024390244	1	-3.25195977196244	"SD"	NA	NA
"ECK120003935"	"yfjP"	"+"	2765732	2766595	864	"LB 1.0"	12	1.34529491065719	2	47	0	0.497685185185185	-Inf	"SD"	NA	NA
"ECK120003936"	"yfjQ"	"+"	2766687	2767508	822	"LB 1.0"	1	0	2	191	0	0.0450121654501217	NA	"NO"	NA	NA
"ECK120003937"	"yfjR"	"+"	2767725	2768426	702	"LB 1.0"	2	0	6	254	0	0.189458689458689	NA	"NO"	NA	NA
"ECK120003938"	"ypjK"	"+"	2768467	2768703	237	"LB 1.0"	1	0.408697188047754	0	0	0	0.421940928270042	-Inf	"SD"	NA	NA
"ECK120003939"	"yfjS"	"+"	2768703	2769146	444	"LB 1.0"	14	3.05418304041092	0	0	0	0.373873873873874	-Inf	"SD"	NA	NA
"ECK120003942"	"ypjM_3"	"-"	2770189	2770707	519	"LB 1.0"	18	3.35934914106305	3	120	0	0.969171483622351	-Inf	"SD"	NA	NA
"ECK120003943"	"ypjM_2"	"-"	2770858	2771058	201	"LB 1.0"	8	3.85517347531613	0	0	0	0.368159203980099	-Inf	"SD"	NA	NA
"ECK120003946"	"yfjX"	"+"	2773941	2774399	459	"LB 1.0"	0	0	7	192	0	0	NA	"NO"	NA	NA
"ECK120003947"	"yfjY"	"+"	2774408	2774890	483	"LB 1.0"	0	0	3	204	0	0	NA	"NO"	NA	NA
"ECK120003948"	"yfjZ"	"+"	2775137	2775454	318	"LB 1.0"	0	0	1	83	0	0	NA	"NO"	NA	NA
"ECK120003951"	"pinH"	"-"	2781087	2781230	144	"LB 1.0"	0	0	0	0	0	0	NA	"NO"	NA	NA
"ECK120003952"	"ypjB"	"-"	2781660	2782451	792	"LB 1.0"	5	0.61149768666236	4	167	0	0.27020202020202	-Inf	"SD"	NA	NA
"ECK120003958"	"ygaQ_2"	"+"	2784770	2785456	687	"LB 1.0"	2	0	1	36	0	0.0829694323144105	NA	"NO"	NA	NA
"ECK120003959"	"ygaQ_3"	"+"	2785664	2786260	597	"LB 1.0"	1	0	0	0	0	0.16750418760469	NA	"NO"	NA	NA
"ECK120003960"	"ygaQ_4"	"+"	2786399	2786671	273	"LB 1.0"	3	1.06440916008042	0	0	0	0.483516483516484	-Inf	"SD"	NA	NA
"ECK120003961"	"csiD"	"+"	2787007	2787984	978	"LB 1.0"	26	2.57504301917205	0	0	0	0.784253578732106	-Inf	"SD"	0	0
"ECK120003968"	"nrdH"	"+"	2798745	2798990	246	"LB 1.0"	1	0	0	0	0	0.0650406504065041	NA	"NO"	NA	NA
"ECK120003969"	"nrdI"	"+"	2798987	2799397	411	"LB 1.0"	4	0.942688404548105	0	0	0	0.399026763990268	-Inf	"SD"	NA	NA
"ECK120003970"	"ygaX"	"+"	2806338	2806604	267	"LB 1.0"	7	2.53943308977987	2	103	0	0.692883895131086	-Inf	"SD"	NA	NA
"ECK120003971"	"ygaY"	"+"	2806634	2807515	882	"LB 1.0"	17	1.86693987601406	13	359	27.8551532033426	0.615646258503401	0.0993245330534854	"AD"	NA	NA
"ECK120003972"	"ygaZ"	"+"	2807639	2808376	738	"LB 1.0"	223	29.2683673245418	0	0	0	1	-Inf	"SD"	NA	NA
"ECK120003973"	"ygaH"	"+"	2808366	2808701	336	"LB 1.0"	42	12.1076541959147	5	138	0	1	-Inf	"SD"	NA	NA
"ECK120003974"	"yqaA"	"-"	2814534	2814962	429	"LB 1.0"	111	25.0619974964389	1	100	0	1	-Inf	"SD"	NA	NA
"ECK120003975"	"yqaB"	"-"	2814959	2815525	567	"LB 1.0"	132	22.549705169111	1	100	0	1	-Inf	"SD"	2	9.52380952380952
"ECK120003976"	"pncC"	"-"	2821871	2822368	498	"LB 1.0"	70	13.6150328307475	0	0	0	0.94578313253012	-Inf	"SD"	10	55.5555555555556
"ECK120003983"	"ygbK"	"+"	2860357	2861523	1167	"LB 1.0"	13	1.07900260186387	10	258	31.0077519379845	0.437874892887746	0.568373561425191	"AD"	NA	NA
"ECK120003984"	"ygbL"	"+"	2861615	2862253	639	"LB 1.0"	5	0	0	0	0	0.17527386541471	NA	"NO"	NA	NA
"ECK120003985"	"ygbM"	"+"	2862258	2863034	777	"LB 1.0"	13	1.62058691940171	6	230	26.0869565217391	0.751608751608752	-0.433481995153282	"SD"	NA	NA
"ECK120003987"	"truD"	"-"	2868277	2869326	1050	"LB 1.0"	396	36.5305223739599	0	0	0	1	-Inf	"SD"	8	20.5128205128205
"ECK120003988"	"ispD"	"-"	2869802	2870512	711	"LB 1.0"	269	36.646514528282	1	102	0	1	-Inf	"SD"	2	7.69230769230769
"ECK120003989"	"ftsB"	"-"	2870531	2870842	312	"LB 1.0"	216	67.0577770850662	0	0	0	1	-Inf	"SD"	NA	NA
"ECK120003990"	"cas1"	"-"	2876877	2877794	918	"LB 1.0"	43	4.53707303202033	0	0	0	0.927015250544662	-Inf	"SD"	NA	NA
"ECK120003991"	"casE"	"-"	2877810	2878409	600	"LB 1.0"	9	1.45291850350977	3	100	0	0.47	-Inf	"SD"	NA	NA
"ECK120003992"	"casD"	"-"	2878396	2879070	675	"LB 1.0"	38	5.45292870453048	3	76	0	0.728888888888889	-Inf	"SD"	NA	NA
"ECK120003993"	"casC"	"-"	2879073	2880164	1092	"LB 1.0"	9	0.798306870060312	7	185	0	0.423992673992674	-Inf	"SD"	NA	NA
"ECK120003994"	"casB"	"-"	2880177	2880659	483	"LB 1.0"	4	0.802163424988139	0	0	0	0.492753623188406	-Inf	"SD"	NA	NA
"ECK120003995"	"casA"	"-"	2880652	2882160	1509	"LB 1.0"	8	0.513512172656423	5	67	0	0.353214049039099	-Inf	"SD"	NA	NA
"ECK120003997"	"ygcN"	"+"	2890679	2891950	1272	"LB 1.0"	178	13.5544807979423	3	106	0	0.964622641509434	-Inf	"SD"	NA	NA
"ECK120003998"	"ygcO"	"+"	2891941	2892201	261	"LB 1.0"	31	11.5045909601029	2	52	0	0.980842911877395	-Inf	"SD"	NA	NA
"ECK120004001"	"ygcR"	"-"	2893798	2894577	780	"LB 1.0"	3	0.372543206028145	1	100	0	0.307692307692308	-Inf	"SD"	NA	NA
"ECK120004002"	"ygcS"	"-"	2894555	2895892	1338	"LB 1.0"	12	0.868710614953523	1	39	0	0.342301943198804	-Inf	"SD"	NA	NA
"ECK120004003"	"ygcU"	"-"	2895986	2897440	1455	"LB 1.0"	16	1.06514071276776	2	100	0	0.545704467353952	-Inf	"SD"	NA	NA
"ECK120004009"	"gudX"	"-"	2917428	2918768	1341	"LB 1.0"	508	36.6931444087975	1	100	0	1	-Inf	"SD"	1	2.04081632653061
"ECK120004010"	"gudP"	"-"	2918770	2920122	1353	"LB 1.0"	293	20.9758621102913	2	63	0	1	-Inf	"SD"	NA	NA
"ECK120004011"	"yqcA"	"-"	2920557	2921006	450	"LB 1.0"	278	59.8387176260319	0	0	0	1	-Inf	"SD"	3	18.75
"ECK120004012"	"truC"	"-"	2921024	2921806	783	"LB 1.0"	85	10.5149487269758	0	0	0	1	-Inf	"SD"	1	3.33333333333333
"ECK120004013"	"yqcC"	"-"	2921806	2922135	330	"LB 1.0"	31	9.09908557753591	0	0	0	0.918181818181818	-Inf	"SD"	1	7.69230769230769
"ECK120004022"	"rppH"	"-"	2966469	2966999	531	"LB 1.0"	366	66.763110142445	1	63	0	1	-Inf	"SD"	0	0
"ECK120004023"	"ygdQ"	"+"	2968442	2969155	714	"LB 1.0"	132	17.9071188107646	7	237	29.535864978903	1	-3.67703449941281	"SD"	1	3.84615384615385
"ECK120004024"	"ygdR"	"+"	2969293	2969511	219	"LB 1.0"	417	184.434403641879	1	100	0	1	-Inf	"SD"	3	37.5
"ECK120004026"	"kduI"	"-"	2981310	2982146	837	"LB 1.0"	24	2.77738304135678	1	94	0	0.794504181600956	-Inf	"SD"	2	6.45161290322581
"ECK120004029"	"yqeH"	"+"	2985558	2986190	633	"LB 1.0"	10	1.53019326330676	2	82	0	0.518167456556082	-Inf	"SD"	NA	NA
"ECK120004030"	"yqeI"	"+"	2986524	2987333	810	"LB 1.0"	56	6.69657911082691	4	110	0	0.734567901234568	-Inf	"SD"	NA	NA
"ECK120004034"	"ygeG"	"+"	2989290	2989781	492	"LB 1.0"	1	0	0	0	0	0.203252032520325	NA	"NO"	NA	NA
"ECK120004035"	"ygeH"	"+"	2990116	2991492	1377	"LB 1.0"	2	0	4	81	0	0.0784313725490196	NA	"NO"	NA	NA
"ECK120004036"	"ygeI"	"+"	2991660	2991878	219	"LB 1.0"	1	0.44228873775031	0	0	0	0.324200913242009	-Inf	"SD"	NA	NA
"ECK120004039"	"ygeL"	"-"	2992959	2993114	156	"LB 1.0"	0	0	0	0	0	0	NA	"NO"	NA	NA
"ECK120004040"	"ygeM"	"-"	2993336	2993767	432	"LB 1.0"	4	0.896863273771461	0	0	0	0.358796296296296	-Inf	"SD"	NA	NA
"ECK120004041"	"ygeN"	"-"	2993770	2994042	273	"LB 1.0"	5	1.77401526680069	0	0	0	0.728937728937729	-Inf	"SD"	NA	NA
"ECK120004042"	"ygeO"	"-"	2993984	2994409	426	"LB 1.0"	3	0	0	0	0	0.194835680751174	NA	"NO"	NA	NA
"ECK120004043"	"insD-4"	"-"	2994394	2995299	906	"LB 1.0"	1	0	0	0	0	0.0695364238410596	NA	"NO"	NA	NA
"ECK120004044"	"insC-4"	"-"	2995257	2995667	411	"LB 1.0"	0	0	0	0	0	0	NA	"NO"	NA	NA
"ECK120004045"	"ygeP"	"-"	2995711	2996010	300	"LB 1.0"	14	4.52019089980817	2	144	0	0.813333333333333	-Inf	"SD"	NA	NA
"ECK120004046"	"ygeQ"	"-"	2996056	2996850	795	"LB 1.0"	25	3.04595074111062	8	123	0	0.894339622641509	-Inf	"SD"	NA	NA
"ECK120004049"	"xdhB"	"+"	3000636	3001514	879	"LB 1.0"	21	2.31409090433865	1	65	0	0.847554038680319	-Inf	"SD"	1	3.125
"ECK120004053"	"ygeX"	"+"	3005532	3006728	1197	"LB 1.0"	151	12.2189191885255	19	132	106.060606060606	0.908939014202172	-2.12561794646504	"SD"	NA	NA
"ECK120004054"	"ygeY"	"+"	3006786	3007997	1212	"LB 1.0"	350	27.9714783403971	1	61	0	1	-Inf	"SD"	0	0
"ECK120004055"	"hyuA"	"+"	3008050	3009435	1386	"LB 1.0"	41	2.86530344607506	1	70	0	0.665223665223665	-Inf	"SD"	NA	NA
"ECK120004060"	"ygfK"	"+"	3014082	3017180	3099	"LB 1.0"	275	8.59530146208854	25	162	55.5555555555556	0.878993223620523	-2.25555133352455	"SD"	1	0.862068965517241
"ECK120004061"	"ssnA"	"+"	3017183	3018511	1329	"LB 1.0"	152	11.0781847270371	0	0	0	0.997742663656885	-Inf	"SD"	NA	NA
"ECK120004062"	"ygfM"	"+"	3018562	3019341	780	"LB 1.0"	107	13.2873743483372	5	116	0	0.951282051282051	-Inf	"SD"	NA	NA
"ECK120004063"	"xdhD"	"+"	3019338	3022208	2871	"LB 1.0"	473	15.957981009175	17	204	34.3137254901961	0.995123650296064	-3.51077940221567	"SD"	NA	NA
"ECK120004064"	"xanQ"	"+"	3022373	3023773	1401	"LB 1.0"	39	2.69635125562127	8	281	21.3523131672598	0.838686652391149	-1.16797404385134	"SD"	NA	NA
"ECK120004065"	"guaD"	"+"	3023788	3025107	1320	"LB 1.0"	98	7.19121279514935	12	292	30.8219178082192	0.984848484848485	-1.99823819456814	"SD"	0	0
"ECK120004078"	"scpB"	"+"	3062015	3062800	786	"LB 1.0"	7	0.862631851108428	0	0	0	0.486005089058524	-Inf	"SD"	NA	NA
"ECK120004081"	"yggP"	"-"	3074201	3075478	1278	"LB 1.0"	15	1.13686893858354	0	0	0	0.392801251956182	-Inf	"SD"	NA	NA
"ECK120004085"	"yqgE"	"+"	3090959	3091522	564	"LB 1.0"	628	107.852579220347	3	117	0	1	-Inf	"SD"	3	14.2857142857143
"ECK120004089"	"yggT"	"+"	3093842	3094408	567	"LB 1.0"	147	25.1121716656009	5	239	0	1	-Inf	"SD"	5	23.8095238095238
"ECK120004090"	"yggU"	"+"	3094405	3094695	291	"LB 1.0"	59	19.6385318916555	0	0	0	0.907216494845361	-Inf	"SD"	0	0
"ECK120004091"	"rdgB"	"+"	3094703	3095296	594	"LB 1.0"	133	21.6877846202917	0	0	0	1	-Inf	"SD"	2	9.52380952380952
"ECK120004093"	"yggX"	"+"	3102115	3102390	276	"LB 1.0"	479	168.103372749077	1	42	0	1	-Inf	"SD"	5	45.4545454545455
"ECK120004094"	"mltC"	"+"	3102455	3103534	1080	"LB 1.0"	123	11.031418267389	9	292	20.5479452054795	0.937962962962963	-3.20051197370832	"SD"	NA	NA
"ECK120004097"	"yghE"	"-"	3109150	3110010	861	"LB 1.0"	7	0	351	412	839.805825242718	0.245063879210221	Inf	"AD"	NA	NA
"ECK120004098"	"yghF"	"-"	3110076	3110942	867	"LB 1.0"	4	0	2	61	0	0.181084198385236	NA	"NO"	NA	NA
"ECK120004099"	"yghG"	"-"	3111089	3111499	411	"LB 1.0"	1	0	0	0	0	0.0705596107055961	NA	"NO"	NA	NA
"ECK120004100"	"pppA"	"-"	3111565	3112374	810	"LB 1.0"	19	2.2720536268877	0	0	0	0.609876543209876	-Inf	"SD"	NA	NA
"ECK120004101"	"yghJ"	"-"	3112572	3117134	4563	"LB 1.0"	149	3.16290243294551	3	100	0	0.758492220030682	-Inf	"SD"	25	14.9700598802395
"ECK120004102"	"glcA"	"-"	3117619	3119301	1683	"LB 1.0"	51	2.93518889597933	6	159	0	0.364230540701129	-Inf	"SD"	0	0
"ECK120004103"	"glcG"	"-"	3121849	3122253	405	"LB 1.0"	268	64.0958286322004	0	0	0	1	-Inf	"SD"	8	57.1428571428571
"ECK120004104"	"glcE"	"-"	3123492	3124544	1053	"LB 1.0"	184	16.9254197306614	2	100	0	0.992402659069326	-Inf	"SD"	NA	NA
"ECK120004110"	"yghR"	"-"	3130476	3131234	759	"LB 1.0"	4	0.510467634083361	0	0	0	0.380764163372859	-Inf	"SD"	NA	NA
"ECK120004114"	"hybO"	"-"	3143165	3144283	1119	"LB 1.0"	1195	103.439833881095	0	0	0	1	-Inf	"SD"	4	10
"ECK120004115"	"yghW"	"-"	3144472	3144759	288	"LB 1.0"	7	2.35426609365009	4	93	0	0.569444444444444	-Inf	"SD"	NA	NA
"ECK120004116"	"yghX_1"	"-"	3144878	3145288	411	"LB 1.0"	19	4.4777699216035	1	82	0	1	-Inf	"SD"	NA	NA
"ECK120004124"	"dkgA"	"+"	3154645	3155472	828	"LB 1.0"	40	4.67928664576415	6	169	0	0.804347826086957	-Inf	"SD"	2	6.45161290322581
"ECK120004125"	"yqhG"	"+"	3155672	3156598	927	"LB 1.0"	15	1.56733387649382	25	295	74.5762711864407	0.598705501618123	1.48919098551325	"AD"	NA	NA
"ECK120004128"	"ygiS"	"-"	3164133	3165740	1608	"LB 1.0"	409	24.6369679906922	17	269	37.1747211895911	1	-3.62275281301652	"SD"	10	16.3934426229508
"ECK120004129"	"mqsA"	"-"	3165873	3166268	396	"LB 1.0"	92	22.5031148691748	2	125	0	0.815656565656566	-Inf	"SD"	1	6.66666666666667
"ECK120004130"	"mqsR"	"-"	3166270	3166566	297	"LB 1.0"	68	22.1769827696216	3	125	0	1	-Inf	"SD"	NA	NA
"ECK120004131"	"ygiV"	"-"	3166771	3167253	483	"LB 1.0"	10	2.00540856247035	2	98	0	0.691511387163561	-Inf	"SD"	NA	NA
"ECK120004135"	"yqiA"	"-"	3173447	3174028	582	"LB 1.0"	508	84.5455440759406	2	100	0	1	-Inf	"SD"	2	9.09090909090909
"ECK120004136"	"cpdA"	"-"	3174028	3174855	828	"LB 1.0"	678	79.3139086457023	2	100	0	1	-Inf	"SD"	3	9.67741935483871
"ECK120004137"	"yqiB"	"-"	3174880	3175302	423	"LB 1.0"	592	135.559929720691	21	193	108.80829015544	1	-5.0123976558713	"SD"	NA	NA
"ECK120004139"	"insC-5"	"+"	3184164	3184574	411	"LB 1.0"	2	0	0	0	0	0.048661800486618	NA	"NO"	NA	NA
"ECK120004140"	"insD-5"	"+"	3184532	3185437	906	"LB 1.0"	0	0	0	0	0	0	NA	"NO"	NA	NA
"ECK120004141"	"yqiG"	"+"	3185422	3187887	2466	"LB 1.0"	21	0.824852353979592	5	53	0	0.372262773722628	-Inf	"SD"	NA	NA
"ECK120004142"	"yqiH"	"+"	3187903	3188652	750	"LB 1.0"	5	0	0	0	0	0.225333333333333	NA	"NO"	NA	NA
"ECK120004145"	"yqiK"	"+"	3190886	3192547	1662	"LB 1.0"	30	1.74839771782162	6	101	0	0.681107099879663	-Inf	"SD"	NA	NA
"ECK120004152"	"ygjJ"	"+"	3225823	3226893	1071	"LB 1.0"	1	0	2	100	0	0.0588235294117647	NA	"NO"	NA	NA
"ECK120004153"	"ygjK"	"+"	3226910	3229261	2352	"LB 1.0"	13	0.535372464445209	5	118	0	0.371598639455782	-Inf	"SD"	NA	NA
"ECK120004155"	"higB"	"-"	3232163	3232477	315	"LB 1.0"	58	17.8347668155696	0	0	0	0.933333333333333	-Inf	"SD"	NA	NA
"ECK120004158"	"ygjQ"	"+"	3234562	3235254	693	"LB 1.0"	0	0	1	100	0	0	NA	"NO"	NA	NA
"ECK120004159"	"ygjR"	"+"	3235315	3236319	1005	"LB 1.0"	232	22.3600061568336	3	46	0	1	-Inf	"SD"	3	8.33333333333333
"ECK120004160"	"alx"	"+"	3236602	3237567	966	"LB 1.0"	27	2.70730155933497	2	83	0	0.56832298136646	-Inf	"SD"	1	2.77777777777778
"ECK120004162"	"yqjA"	"+"	3245795	3246457	663	"LB 1.0"	491	71.7328290822821	2	100	0	1	-Inf	"SD"	2	8
"ECK120004163"	"mzrA"	"+"	3246461	3246844	384	"LB 1.0"	136	34.3050202217584	5	286	0	1	-Inf	"SD"	NA	NA
"ECK120004164"	"yqjC"	"+"	3246991	3247359	369	"LB 1.0"	144	37.7995057823679	4	297	0	1	-Inf	"SD"	NA	NA
"ECK120004165"	"yqjD"	"+"	3247397	3247702	306	"LB 1.0"	311	98.4439334622086	0	0	0	1	-Inf	"SD"	3	27.2727272727273
"ECK120004166"	"yqjE"	"+"	3247705	3248109	405	"LB 1.0"	210	50.2243433312018	0	0	0	1	-Inf	"SD"	NA	NA
"ECK120004167"	"yqjK"	"+"	3248099	3248398	300	"LB 1.0"	216	69.7400881684688	0	0	0	1	-Inf	"SD"	NA	NA
"ECK120004168"	"yqjF"	"+"	3248584	3248976	393	"LB 1.0"	6	1.47879745904302	1	100	0	0.475826972010178	-Inf	"SD"	NA	NA
"ECK120004169"	"yqjG"	"+"	3249046	3250032	987	"LB 1.0"	35	3.43479551657155	5	180	0	0.927051671732523	-Inf	"SD"	2	5.40540540540541
"ECK120004170"	"yhaH"	"+"	3250326	3250691	366	"LB 1.0"	294	77.8065646688291	0	0	0	1	-Inf	"SD"	NA	NA
"ECK120004176"	"tdcG"	"-"	3256307	3257671	1365	"LB 1.0"	16406	1164.17977868529	0	0	0	1	-Inf	"SD"	NA	NA
"ECK120004177"	"tdcF"	"-"	3257743	3258132	390	"LB 1.0"	4599	1142.21746968229	0	0	0	1	-Inf	"SD"	3	21.4285714285714
"ECK120004178"	"tdcE"	"-"	3258146	3260440	2295	"LB 1.0"	29055	1226.2758785614	4	100	0	1	-Inf	"SD"	15	17.4418604651163
"ECK120004182"	"agaV"	"+"	3278239	3278712	474	"LB 1.0"	9	1.8391373462149	3	41	0	0.734177215189873	-Inf	"SD"	0	0
"ECK120004183"	"agaW"	"+"	3278723	3279124	402	"LB 1.0"	8	1.92758673765807	0	0	0	0.728855721393035	-Inf	"SD"	NA	NA
"ECK120004184"	"agaS"	"+"	3279998	3281152	1155	"LB 1.0"	0	0	8	208	0	0	NA	"NO"	NA	NA
"ECK120004185"	"agaD"	"+"	3283500	3284291	792	"LB 1.0"	9	1.10069583599225	4	127	0	0.627525252525252	-Inf	"SD"	NA	NA
"ECK120004186"	"agaI"	"+"	3284292	3285047	756	"LB 1.0"	3	0	1	44	0	0.117724867724868	NA	"NO"	NA	NA
"ECK120004187"	"yraH"	"+"	3285448	3286032	585	"LB 1.0"	5	0.827873791173657	1	75	0	0.379487179487179	-Inf	"SD"	NA	NA
"ECK120004188"	"yraI"	"+"	3286112	3286807	696	"LB 1.0"	1	0	8	122	65.5737704918033	0.0632183908045977	Inf	"AD"	NA	NA
"ECK120004193"	"yraN"	"+"	3293416	3293811	396	"LB 1.0"	245	59.9267732929113	0	0	0	1	-Inf	"SD"	NA	NA
"ECK120004203"	"yhbV"	"+"	3300511	3301389	879	"LB 1.0"	70	7.7136363477955	0	0	0	1	-Inf	"SD"	4	12.1212121212121
"ECK120004207"	"ibaG"	"-"	3334571	3334825	255	"LB 1.0"	343	130.287855347412	0	0	0	1	-Inf	"SD"	0	0
"ECK120004208"	"mlaB"	"-"	3334985	3335278	294	"LB 1.0"	73	24.0505784027694	0	0	0	1	-Inf	"SD"	NA	NA
"ECK120004209"	"mlaC"	"-"	3335278	3335913	636	"LB 1.0"	348	52.9995428953248	2	79	0	1	-Inf	"SD"	13	54.1666666666667
"ECK120004210"	"kdsD"	"+"	3339288	3340274	987	"LB 1.0"	490	48.0871372320018	1	60	0	1	-Inf	"SD"	2	5.71428571428571
"ECK120004211"	"kdsC"	"+"	3340295	3340861	567	"LB 1.0"	371	63.3783380131833	0	0	0	1	-Inf	"SD"	3	15
"ECK120004212"	"lptC"	"+"	3340858	3341433	576	"LB 1.0"	376	63.228860800888	4	198	0	1	-Inf	"SD"	2	9.09090909090909
"ECK120004213"	"lptA"	"+"	3341402	3341959	558	"LB 1.0"	422	73.2534777157852	2	100	0	1	-Inf	"SD"	7	35
"ECK120004217"	"yhcD"	"+"	3360829	3363210	2382	"LB 1.0"	38	1.54522538856342	54	517	59.9613152804642	0.606633081444165	2.00445092866635	"AD"	NA	NA
"ECK120004223"	"nanK"	"-"	3367497	3368372	876	"LB 1.0"	52	5.74975359075403	2	100	0	0.926940639269406	-Inf	"SD"	6	20
"ECK120004224"	"nanE"	"-"	3368369	3369058	690	"LB 1.0"	42	5.89590117366282	0	0	0	1	-Inf	"SD"	4	16.6666666666667
"ECK120004229"	"degQ"	"+"	3378765	3380132	1368	"LB 1.0"	132	9.3462593793026	0	0	0	0.98172514619883	-Inf	"SD"	2	4.25531914893617
"ECK120004232"	"aaeB"	"-"	3384243	3386210	1968	"LB 1.0"	29	1.42732508813629	6	138	0	0.519817073170732	-Inf	"SD"	NA	NA
"ECK120004233"	"aaeA"	"-"	3386216	3387148	933	"LB 1.0"	24	2.49160729433615	0	0	0	0.595927116827438	-Inf	"SD"	NA	NA
"ECK120004237"	"yhdP"	"-"	3390480	3394280	3801	"LB 1.0"	524	13.35314032867	13	123	0	0.994475138121547	-Inf	"SD"	8	5.75539568345324
"ECK120004239"	"yhdT"	"+"	3405397	3405639	243	"LB 1.0"	10	3.98605899453983	1	100	0	0.958847736625514	-Inf	"SD"	NA	NA
"ECK120004241"	"yhdV"	"+"	3416412	3416633	222	"LB 1.0"	15	6.54467794373769	1	100	0	1	-Inf	"SD"	NA	NA
"ECK120004244"	"tsaC"	"-"	3428865	3429437	573	"LB 1.0"	112	18.9327367531232	2	196	0	1	-Inf	"SD"	5	23.8095238095238
"ECK120004245"	"yrdD"	"-"	3429442	3429984	543	"LB 1.0"	316	56.368600013393	3	181	0	1	-Inf	"SD"	NA	NA
"ECK120004248"	"gspD"	"+"	3454399	3456351	1953	"LB 1.0"	13	0.644749634600682	10	166	42.1686746987952	0.271889400921659	1.11861587166224	"AD"	NA	NA
"ECK120004249"	"gspE"	"+"	3456361	3457842	1482	"LB 1.0"	5	0	16	550	27.2727272727273	0.134278002699055	Inf	"AD"	NA	NA
"ECK120004250"	"gspF"	"+"	3457839	3459035	1197	"LB 1.0"	6	0.485519967755979	15	292	23.972602739726	0.273182957393484	1.52782429213889	"AD"	NA	NA
"ECK120004251"	"gspG"	"+"	3459045	3459482	438	"LB 1.0"	0	0	0	0	0	0	NA	"NO"	NA	NA
"ECK120004252"	"gspH"	"+"	3459490	3459999	510	"LB 1.0"	0	0	4	134	0	0	NA	"NO"	NA	NA
"ECK120004253"	"gspI"	"+"	3459996	3460373	378	"LB 1.0"	0	0	3	134	0	0	NA	"NO"	NA	NA
"ECK120004254"	"gspJ"	"+"	3460366	3460953	588	"LB 1.0"	2	0	4	105	0	0.171768707482993	NA	"NO"	NA	NA
"ECK120004255"	"gspK"	"+"	3460946	3461929	984	"LB 1.0"	0	0	13	215	27.906976744186	0	Inf	"AD"	NA	NA
"ECK120004256"	"gspL"	"+"	3461944	3463107	1164	"LB 1.0"	19	1.58106824551464	12	146	0	0.535223367697594	-Inf	"SD"	NA	NA
"ECK120004257"	"tusB"	"-"	3472700	3472987	288	"LB 1.0"	133	44.7310557793516	2	100	0	1	-Inf	"SD"	NA	NA
"ECK120004258"	"tusC"	"-"	3472995	3473354	360	"LB 1.0"	73	19.641305695595	1	48	0	1	-Inf	"SD"	NA	NA
"ECK120004259"	"tusD"	"-"	3473354	3473740	387	"LB 1.0"	231	57.8163952301044	1	35	0	1	-Inf	"SD"	1	7.14285714285714
"ECK120004260"	"yheO"	"-"	3473740	3474462	723	"LB 1.0"	219	29.339709752756	3	81	0	1	-Inf	"SD"	3	11.1111111111111
"ECK120004263"	"yheT"	"+"	3481224	3482246	1023	"LB 1.0"	116	10.9832874817291	1	71	0	1	-Inf	"SD"	1	2.63157894736842
"ECK120004264"	"yheU"	"+"	3482240	3482458	219	"LB 1.0"	119	52.6323597922869	0	0	0	1	-Inf	"SD"	NA	NA
"ECK120004266"	"yhfL"	"+"	3497470	3497637	168	"LB 1.0"	21	12.1076541959147	0	0	0	1	-Inf	"SD"	NA	NA
"ECK120004267"	"frlB"	"+"	3499290	3500312	1023	"LB 1.0"	31	2.93518889597933	3	165	0	0.778103616813294	-Inf	"SD"	NA	NA
"ECK120004268"	"frlC"	"+"	3500362	3501192	831	"LB 1.0"	17	1.98151741353117	0	0	0	0.641395908543923	-Inf	"SD"	NA	NA
"ECK120004269"	"frlD"	"+"	3501189	3501974	786	"LB 1.0"	23	2.83436179649912	1	69	0	0.754452926208651	-Inf	"SD"	NA	NA
"ECK120004272"	"yhfT"	"-"	3504054	3505358	1305	"LB 1.0"	16	1.18757067975256	0	0	0	0.514176245210728	-Inf	"SD"	NA	NA
"ECK120004273"	"yhfU"	"-"	3505370	3505723	354	"LB 1.0"	3	0.820857911587439	21	512	41.015625	0.395480225988701	2.35518490599954	"AD"	NA	NA
"ECK120004274"	"php"	"-"	3505734	3506612	879	"LB 1.0"	8	0.881558439748057	22	512	41.015625	0.708759954493743	2.25226121178111	"AD"	NA	NA
"ECK120004275"	"yhfW"	"-"	3506609	3507835	1227	"LB 1.0"	1	0	2	49	0	0.0505297473512632	NA	"NO"	NA	NA
"ECK120004276"	"yhfX"	"-"	3507835	3508998	1164	"LB 1.0"	3	0	1	100	0	0.165807560137457	NA	"NO"	NA	NA
"ECK120004277"	"yhfY"	"-"	3509082	3509444	363	"LB 1.0"	15	4.00253031269908	0	0	0	0.851239669421488	-Inf	"SD"	NA	NA
"ECK120004278"	"yhfZ"	"-"	3509461	3510366	906	"LB 1.0"	50	5.34554269135308	0	0	0	0.949227373068433	-Inf	"SD"	2	5.88235294117647
"ECK120004279"	"hofP"	"-"	3518637	3519041	405	"LB 1.0"	12	2.86996247606868	0	0	0	0.814814814814815	-Inf	"SD"	NA	NA
"ECK120004280"	"hofO"	"-"	3519031	3519471	441	"LB 1.0"	3	0.658919956240257	0	0	0	0.621315192743764	-Inf	"SD"	NA	NA
"ECK120004281"	"hofN"	"-"	3519455	3519994	540	"LB 1.0"	4	0.717490619017169	0	0	0	0.412962962962963	-Inf	"SD"	NA	NA
"ECK120004285"	"yrfG"	"+"	3526691	3527359	669	"LB 1.0"	115	16.6502867866092	1	52	0	1	-Inf	"SD"	2	8
"ECK120004286"	"hslR"	"+"	3527370	3527771	402	"LB 1.0"	162	39.0336314375758	3	100	0	1	-Inf	"SD"	2	13.3333333333333
"ECK120004289"	"yhgF"	"+"	3535407	3537728	2322	"LB 1.0"	531	22.1504371336114	1	37	0	0.994401378122308	-Inf	"SD"	24	28.2352941176471
"ECK120004291"	"nfuA"	"+"	3543646	3544221	576	"LB 1.0"	404	67.9373929881882	0	0	0	1	-Inf	"SD"	7	33.3333333333333
"ECK120004296"	"yhhW"	"-"	3576973	3577668	696	"LB 1.0"	73	10.1592960494457	5	387	0	1	-Inf	"SD"	1	3.84615384615385
"ECK120004297"	"yhhX"	"-"	3577791	3578828	1038	"LB 1.0"	221	20.6226711159704	5	163	0	1	-Inf	"SD"	6	15.3846153846154
"ECK120004299"	"yhhZ"	"+"	3579886	3581064	1179	"LB 1.0"	6	0	0	0	0	0.193384223918575	NA	"NO"	NA	NA
"ECK120004300"	"yrhA"	"+"	3581064	3581477	414	"LB 1.0"	1	0	6	135	44.4444444444444	0.176328502415459	Inf	"AD"	NA	NA
"ECK120004301"	"insA-6"	"+"	3581506	3581781	276	"LB 1.0"	0	0	0	0	0	0	NA	"NO"	NA	NA
"ECK120004302"	"insB-6"	"+"	3581700	3582203	504	"LB 1.0"	1	0	0	0	0	0.0535714285714286	NA	"NO"	NA	NA
"ECK120004307"	"insK"	"+"	3719177	3720072	896	"LB 1.0"	30	3.24312165962002	4	75	0	0.616071428571429	-Inf	"SD"	NA	NA
"ECK120004311"	"rffT"	"+"	3975548	3976627	1080	"LB 1.0"	171	15.336361981492	3	67	0	0.97037037037037	-Inf	"SD"	NA	NA
"ECK120004314"	"tatA"	"+"	4019968	4020237	270	"LB 1.0"	808	289.866210082936	0	0	0	1	-Inf	"SD"	3	30
"ECK120004315"	"tatB"	"+"	4020241	4020756	516	"LB 1.0"	900	168.944012036019	0	0	0	1	-Inf	"SD"	5	27.7777777777778
"ECK120004320"	"phnE_2"	"-"	4320466	4320834	369	"LB 1.0"	0	0	2	45	0	0	NA	"NO"	NA	NA
"ECK120004321"	"yjcZ"	"+"	4327383	4328261	879	"LB 1.0"	575	63.3620128568916	16	291	54.9828178694158	1	-4.30747435682939	"SD"	7	21.2121212121212
"ECK120004323"	"dcuR"	"-"	4347338	4348057	720	"LB 1.0"	215	28.9238405791296	40	510	74.5098039215686	1	-1.92818780595726	"SD"	3	11.1111111111111
"ECK120004326"	"yjdJ"	"+"	4350108	4350380	273	"LB 1.0"	13	4.6124396936818	0	0	0	0.875457875457875	-Inf	"SD"	NA	NA
"ECK120004327"	"ghoS"	"+"	4350607	4350903	297	"LB 1.0"	18	5.87037779195866	1	100	0	0.996632996632997	-Inf	"SD"	NA	NA
"ECK120004334"	"yjeN"	"+"	4383416	4383730	315	"LB 1.0"	11	3.38245577536665	0	0	0	0.666666666666667	-Inf	"SD"	NA	NA
"ECK120004340"	"yjeT"	"+"	4402409	4402606	198	"LB 1.0"	95	46.4738241863393	0	0	0	1	-Inf	"SD"	0	0
"ECK120004341"	"rlmB"	"+"	4407298	4408029	732	"LB 1.0"	282	37.3153932595405	1	55	0	1	-Inf	"SD"	6	22.2222222222222
"ECK120004342"	"yjfI"	"+"	4408156	4408557	402	"LB 1.0"	7	1.68663839545081	0	0	0	0.256218905472637	-Inf	"SD"	NA	NA
"ECK120004343"	"yjfJ"	"+"	4408576	4409274	699	"LB 1.0"	5	0.692855747977953	0	0	0	0.361945636623748	-Inf	"SD"	NA	NA
"ECK120004344"	"yjfK"	"+"	4409325	4409984	660	"LB 1.0"	7	1.02731611359276	1	44	0	0.492424242424242	-Inf	"SD"	NA	NA
"ECK120004345"	"yjfL"	"+"	4410002	4410400	399	"LB 1.0"	0	0	1	67	0	0	NA	"NO"	NA	NA
"ECK120004346"	"yjfM"	"+"	4410410	4411048	639	"LB 1.0"	9	1.36424272630025	0	0	0	0.630672926447574	-Inf	"SD"	NA	NA
"ECK120004353"	"ulaD"	"+"	4420209	4420859	651	"LB 1.0"	32	4.76122807089734	0	0	0	0.812596006144393	-Inf	"SD"	1	4.16666666666667
"ECK120004354"	"ulaE"	"+"	4420869	4421723	855	"LB 1.0"	50	5.66439962381976	1	83	0	0.884210526315789	-Inf	"SD"	NA	NA
"ECK120004362"	"ytfF"	"-"	4430114	4431088	975	"LB 1.0"	69	6.85479499091788	1	100	0	0.906666666666667	-Inf	"SD"	NA	NA
"ECK120004378"	"tabA"	"+"	4472885	4473337	453	"LB 1.0"	228	48.7513493451401	1	100	0	1	-Inf	"SD"	10	58.8235294117647
"ECK120004386"	"idnR"	"-"	4488164	4489162	999	"LB 1.0"	41	3.97528586212215	33	205	87.8048780487805	0.886886886886887	-0.143061701524412	"SD"	NA	NA
"ECK120004387"	"idnO"	"-"	4490610	4491374	765	"LB 1.0"	49	6.20418358797199	5	166	0	0.798692810457516	-Inf	"SD"	3	10.7142857142857
"ECK120004389"	"insC-6"	"+"	4496250	4496660	411	"LB 1.0"	0	0	0	0	0	0	NA	"NO"	NA	NA
"ECK120004396"	"yjhC"	"+"	4503310	4504428	1119	"LB 1.0"	98	8.4829319835542	0	0	0	0.982126899016979	-Inf	"SD"	5	12.1951219512195
"ECK120004405"	"yjhG"	"-"	4520150	4522117	1968	"LB 1.0"	238	11.7139093440151	16	333	27.027027027027	0.922764227642276	-2.70215382266746	"SD"	0	0
"ECK120004406"	"yjhH"	"-"	4522128	4523033	906	"LB 1.0"	94	10.0496202597438	9	342	20.4678362573099	1	-2.84364225571486	"SD"	1	3.03030303030303
"ECK120004407"	"yjhI"	"-"	4523038	4523826	789	"LB 1.0"	42	5.15611129255684	1	47	0	0.893536121673004	-Inf	"SD"	NA	NA
"ECK120004408"	"sgcR"	"-"	4524129	4524911	783	"LB 1.0"	34	4.2059794907903	8	231	25.974025974026	0.650063856960409	-1.8094074093792	"SD"	NA	NA
"ECK120004409"	"sgcE"	"-"	4524928	4525560	633	"LB 1.0"	16	2.44830922129081	12	137	58.3941605839416	0.58609794628752	-0.613713876712716	"SD"	NA	NA
"ECK120004410"	"sgcQ"	"-"	4526134	4526940	807	"LB 1.0"	16	1.92042098770395	363	865	419.653179190751	0.536555142503098	5.24047503513247	"AD"	NA	NA
"ECK120004411"	"yjhP"	"-"	4530460	4531206	747	"LB 1.0"	34	4.40867729757537	0	0	0	0.92904953145917	-Inf	"SD"	NA	NA
"ECK120004412"	"yjhQ"	"-"	4531262	4531807	546	"LB 1.0"	13	2.3062198468409	0	0	0	0.683150183150183	-Inf	"SD"	NA	NA
"ECK120004415"	"nanM"	"-"	4535682	4536788	1107	"LB 1.0"	19	1.66247826357637	0	0	0	0.694670280036134	-Inf	"SD"	5	12.5
"ECK120004420"	"iadA"	"-"	4556377	4557549	1173	"LB 1.0"	97	8.00983772892568	5	185	0	0.973572037510656	-Inf	"SD"	10	24.390243902439
"ECK120004421"	"yjiG"	"-"	4557562	4558023	462	"LB 1.0"	5	1.04828174856405	3	185	0	0.476190476190476	-Inf	"SD"	NA	NA
"ECK120004425"	"yjiK"	"-"	4560766	4561734	969	"LB 1.0"	58	5.79767961496846	19	320	56.25	0.953560371517028	-0.687478704411239	"SD"	NA	NA
"ECK120004426"	"yjiL"	"-"	4561945	4562712	768	"LB 1.0"	149	18.7920882832426	1	46	0	1	-Inf	"SD"	2	7.40740740740741
"ECK120004427"	"yjiM"	"-"	4562722	4563873	1152	"LB 1.0"	462	38.8453905452264	0	0	0	1	-Inf	"SD"	3	6.97674418604651
"ECK120004428"	"yjiN"	"-"	4563989	4565269	1281	"LB 1.0"	53	4.00752956992025	3	89	0	0.883684621389539	-Inf	"SD"	NA	NA
"ECK120004433"	"yjiT"	"+"	4570437	4571954	1518	"LB 1.0"	570	36.3708189284395	2	213	0	0.99802371541502	-Inf	"SD"	NA	NA
"ECK120004434"	"symE"	"-"	4577522	4577863	342	"LB 1.0"	8	2.2657598495279	0	0	0	0.909356725146199	-Inf	"SD"	NA	NA
"ECK120004435"	"yjiX"	"-"	4586899	4587102	204	"LB 1.0"	147	69.7970653646849	1	100	0	1	-Inf	"SD"	NA	NA
"ECK120004444"	"yjjU"	"+"	4610434	4611507	1074	"LB 1.0"	117	10.551922092529	5	159	0	1	-Inf	"SD"	0	0
"ECK120004450"	"cysT"	"-"	1989938	1990011	74	"LB 1.0"	1513	1980.41954577503	0	0	0	1	-Inf	"SD"	NA	NA
"ECK120004454"	""	"+"	732593	732814	222	"LB 1.0"	5	2.18155931457923	0	0	0	0.531531531531532	-Inf	"SD"	NA	NA
"ECK120004455"	"ydbA_2"	"+"	1468714	1472037	3324	"LB 1.0"	280	8.15918934983423	3	100	0	0.992178098676294	-Inf	"SD"	NA	NA
"ECK120004458"	"molR_2"	"+"	2195432	2197369	1938	"LB 1.0"	14	0.699719953530676	15	329	18.2370820668693	0.314757481940144	0.778184867937573	"AD"	NA	NA
"ECK120004459"	"molR_3"	"+"	2197344	2198291	948	"LB 1.0"	1	0	0	0	0	0.0738396624472574	NA	"NO"	NA	NA
"ECK120004461"	"ilvG_1"	"+"	3948583	3949566	984	"LB 1.0"	310	30.5152260222241	2	147	0	1	-Inf	"SD"	NA	NA
"ECK120004465"	"dgoD"	"-"	3869873	3871021	1149	"LB 1.0"	20	1.68600928750771	1	76	0	0.585726718885988	-Inf	"SD"	NA	NA
"ECK120004466"	"rpe"	"-"	3512404	3513081	678	"LB 1.0"	237	33.8585727956553	5	100	0	1	-Inf	"SD"	9	36
"ECK120004467"	"thiM"	"-"	2182535	2183323	789	"LB 1.0"	17	2.08699742793967	0	0	0	0.732572877059569	-Inf	"SD"	1	3.7037037037037
"ECK120004470"	"mhpB"	"+"	369501	370445	945	"LB 1.0"	4	0	1	43	0	0.20952380952381	NA	"NO"	NA	NA
"ECK120004471"	"mhpC"	"+"	370463	371329	867	"LB 1.0"	3	0	4	100	0	0.182237600922722	NA	"NO"	NA	NA
"ECK120004472"	"mhpD"	"+"	371339	372148	810	"LB 1.0"	5	0.597908849180974	0	0	0	0.282716049382716	-Inf	"SD"	NA	NA
"ECK120004473"	"mhpF"	"+"	372145	373095	951	"LB 1.0"	2	0	0	0	0	0.186119873817035	NA	"NO"	NA	NA
"ECK120004474"	"hcaF"	"+"	2668412	2668930	519	"LB 1.0"	8	1.49304406269469	7	143	0	0.572254335260116	-Inf	"SD"	NA	NA
"ECK120004475"	"ruvA"	"-"	1943389	1944000	612	"LB 1.0"	179	28.3303281185456	1	49	0	1	-Inf	"SD"	2	9.09090909090909
"ECK120015144"	"sgcB"	"-"	4528278	4528556	279	"LB 1.0"	2	0.694345760339196	8	313	25.5591054313099	0.67741935483871	1.20434574568813	"AD"	NA	NA
"ECK120015304"	"ymgF"	"+"	1218206	1218424	219	"LB 1.0"	4	1.76915495100124	1	52	0	0.36986301369863	-Inf	"SD"	NA	NA
"ECK120016284"	"ykfH"	"-"	263250	263471	222	"LB 1.0"	0	0	0	0	0	0	NA	"NO"	NA	NA
"ECK120016285"	"ykgN"	"-"	279248	279586	339	"LB 1.0"	36	10.2861486974143	9	249	36.144578313253	0.914454277286136	-2.51463410300472	"SD"	NA	NA
"ECK120016287"	"ylcG"	"+"	572953	573093	141	"LB 1.0"	0	0	0	0	0	0	NA	"NO"	NA	NA
"ECK120016289"	"ybdZ"	"+"	613165	613383	219	"LB 1.0"	1	0.44228873775031	0	0	0	0.438356164383562	-Inf	"SD"	NA	NA
"ECK120016292"	"ybfQ"	"+"	735668	735922	255	"LB 1.0"	0	0	0	0	0	0	NA	"NO"	NA	NA
"ECK120016293"	"cydX"	"+"	773419	773532	114	"LB 1.0"	1625	1380.69740830607	0	0	0	1	-Inf	"SD"	NA	NA
"ECK120016296"	"ymgH"	"+"	1222688	1222909	222	"LB 1.0"	0	0	1	100	0	0	NA	"NO"	NA	NA
"ECK120016297"	"ymjB"	"+"	1379813	1379926	114	"LB 1.0"	0	0	0	0	0	0	NA	"NO"	NA	NA
"ECK120016301"	"rzoR"	"+"	1421424	1421609	186	"LB 1.0"	0	0	0	0	0	0	NA	"NO"	NA	NA
"ECK120016310"	"yehK"	"+"	2201994	2202311	318	"LB 1.0"	0	0	0	0	0	0	NA	"NO"	NA	NA
"ECK120016312"	"arnE"	"+"	2370579	2370914	336	"LB 1.0"	10	2.88277480855113	4	266	0	0.866071428571429	-Inf	"SD"	NA	NA
"ECK120016313"	"ypdJ"	"+"	2474116	2474256	141	"LB 1.0"	0	0	4	294	0	0	NA	"NO"	NA	NA
"ECK120016316"	"ypjJ"	"+"	2774899	2775099	201	"LB 1.0"	0	0	1	100	0	0	NA	"NO"	NA	NA
"ECK120016318"	"yheV"	"-"	3476614	3476814	201	"LB 1.0"	89	42.888804912892	0	0	0	1	-Inf	"SD"	NA	NA
"ECK120016322"	"yidD"	"+"	3882839	3883096	258	"LB 1.0"	333	125.018568906654	4	183	0	1	-Inf	"SD"	NA	NA
"ECK120016323"	"yifL"	"+"	3992545	3992748	204	"LB 1.0"	447	212.240055904858	3	127	0	1	-Inf	"SD"	1	14.2857142857143
"ECK120016327"	"ytjA"	"+"	4610133	4610312	180	"LB 1.0"	11	5.91929760689164	1	96	0	1	-Inf	"SD"	NA	NA
"ECK120016545"	"efeU_2"	"+"	1080677	1081408	732	"LB 1.0"	7	0.92626862700987	0	0	0	0.286885245901639	-Inf	"SD"	NA	NA
"ECK120016922"	"ymiA"	"+"	1333184	1333312	129	"LB 1.0"	64	48.0551856458011	0	0	0	1	-Inf	"SD"	NA	NA
"ECK120016923"	"yciX"	"+"	1333315	1333482	168	"LB 1.0"	101	58.2320511327327	0	0	0	1	-Inf	"SD"	NA	NA
"ECK120016925"	"yjhW"	"+"	4507574	4507816	243	"LB 1.0"	13	5.18187669290178	0	0	0	0.897119341563786	-Inf	"SD"	NA	NA
"ECK120023909"	"insEF-3"	"+"	566056	567227	1172	"LB 1.0"	9	0	0	0	0	0.0332764505119454	NA	"NO"	NA	NA
"ECK120023913"	"insAB-2"	"-"	278402	279099	698	"LB 1.0"	1	0	0	0	0	0.0315186246418338	NA	"NO"	NA	NA
"ECK120023915"	"insAB-5"	"-"	1976542	1977239	698	"LB 1.0"	0	0	0	0	0	0	NA	"NO"	NA	NA
"ECK120023916"	"insAB-6"	"+"	3581506	3582203	698	"LB 1.0"	1	0	0	0	0	0.0386819484240688	NA	"NO"	NA	NA
"ECK120023920"	"insCD-4"	"-"	2994394	2995667	1274	"LB 1.0"	1	0	0	0	0	0.0494505494505494	NA	"NO"	NA	NA
"ECK120023921"	"insCD-5"	"+"	3184164	3185437	1274	"LB 1.0"	2	0	0	0	0	0.0156985871271586	NA	"NO"	NA	NA
"ECK120026444"	"yahH"	"+"	339017	339313	297	"LB 1.0"	0	0	0	0	0	0	NA	"NO"	NA	NA
"ECK120026445"	"ylbE_1"	"+"	547581	547841	261	"LB 1.0"	3	1.11334751226802	0	0	0	0.639846743295019	-Inf	"SD"	NA	NA
"ECK120026451"	"wbbL_2"	"-"	2099420	2099701	282	"LB 1.0"	48	16.4870184795435	1	45	0	1	-Inf	"SD"	NA	NA
"ECK120026454"	"yrhC"	"+"	3621910	3622155	246	"LB 1.0"	0	0	0	0	0	0	NA	"NO"	NA	NA
"ECK120026458"	"insB-7_1"	"+"	4516744	4517037	294	"LB 1.0"	5	1.64729989060064	0	0	0	0.687074829931973	-Inf	"SD"	NA	NA
"ECK120029856"	"uof"	"-"	709862	709948	87	"LB 1.0"	349	388.558281781539	0	0	0	1	-Inf	"SD"	NA	NA
"ECK120030068"	"ylcH"	"+"	571591	571692	102	"LB 1.0"	3	2.84885981080346	1	69	0	0.647058823529412	-Inf	"SD"	NA	NA
"ECK120030072"	"appX"	"+"	1039668	1039760	93	"LB 1.0"	37	38.5361896988254	0	0	0	1	-Inf	"SD"	NA	NA
"ECK120030075"	"yciZ"	"-"	1342460	1342633	174	"LB 1.0"	575	320.087409777056	31	409	75.7946210268949	1	-5.69005390573719	"SD"	NA	NA
"ECK120030077"	"ydgU"	"+"	1669801	1669884	84	"LB 1.0"	0	0	14	204	68.6274509803922	0	Inf	"AD"	NA	NA
"ECK120030086"	"yrhD"	"+"	3582427	3582582	156	"LB 1.0"	2	1.24181068676048	1	63	0	0.769230769230769	-Inf	"SD"	NA	NA
"ECK120030091"	"ytcA"	"-"	4302151	4302426	276	"LB 1.0"	0	0	0	0	0	0	NA	"NO"	NA	NA
"ECK120033231"	"ykfL"	"-"	265777	265998	222	"LB 1.0"	2	0.872623725831692	1	93	0	0.481981981981982	-Inf	"SD"	NA	NA
"ECK120033232"	"ykfK"	"-"	266000	266191	192	"LB 1.0"	0	0	0	0	0	0	NA	"NO"	NA	NA
"ECK120035075"	"ibsA"	"-"	2151373	2151432	60	"LB 1.0"	26	41.9732012125044	246	269	914.498141263941	1	0.229189816665606	"AD"	NA	NA
"ECK120048853"	"ilvX"	"+"	3948530	3948580	51	"LB 1.0"	132	250.699663350705	0	0	0	1	-Inf	"SD"	NA	NA
"ECK120048855"	"yoeI"	"-"	2085076	2085138	63	"LB 1.0"	8	12.2998391831515	0	0	0	0.476190476190476	-Inf	"SD"	NA	NA
"ECK120048857"	"ymjD"	"-"	1388892	1388957	66	"LB 1.0"	0	0	8	368	21.7391304347826	0	Inf	"AD"	NA	NA
"ECK120048863"	"yrbN"	"-"	3305875	3305955	81	"LB 1.0"	154	184.15592554774	2	124	0	1	-Inf	"SD"	NA	NA
"ECK120048868"	"yqfG"	"+"	3030839	3030964	126	"LB 1.0"	5	3.84369974473483	0	0	0	0.666666666666667	-Inf	"SD"	NA	NA
"ECK125121987"	"rpsP5"	"-"	2744205	2744454	250	"LB 1.0"	716	277.410572936798	0	0	0	1	-Inf	"SD"	NA	NA
"ECK125121997"	"fimA3"	"+"	4541230	4541277	48	"LB 1.0"	1149	2318.61577851767	0	0	0	1	-Inf	"SD"	NA	NA
"ECK125121999"	"spy3"	"-"	1823084	1823131	48	"LB 1.0"	160	322.870778557726	0	0	0	1	-Inf	"SD"	NA	NA
"ECK125122001"	"rpsI3"	"-"	3375389	3375473	85	"LB 1.0"	574	654.098212560476	0	0	0	1	-Inf	"SD"	NA	NA
"ECK125122003"	"glnA3"	"-"	4054007	4054201	195	"LB 1.0"	39	19.3722467134636	1	102	0	1	-Inf	"SD"	NA	NA
"ECK125122010"	"ryeF"	"-"	1956157	1956543	387	"LB 1.0"	144	36.0413892343508	0	0	0	0.506459948320413	-Inf	"SD"	NA	NA
"ECK125135293"	""	"+"	1298697	1298951	255	"LB 1.0"	241	91.5433619204847	0	0	0	0.933333333333333	-Inf	"SD"	NA	NA
"ECK125135299"	""	"-"	2276280	2276520	241	"LB 1.0"	84	33.7607619072809	0	0	0	1	-Inf	"SD"	NA	NA
"ECK125135311"	""	"-"	4439248	4439353	106	"LB 1.0"	17	15.5343487796642	13	450	28.8888888888889	1	-2.57887823468711	"SD"	NA	NA
"ECK125145757"	"esrE"	"+"	4018001	4018252	252	"LB 1.0"	177	68.0334854818066	0	0	0	1	-Inf	"SD"	NA	NA
"ECK125146691"	"nc1"	"-"	296361	296528	168	"LB 1.0"	0	0	50	128	390.625	0	Inf	"AD"	NA	NA
"ECK125158035"	"agrB"	"+"	3646317	3646400	84	"LB 1.0"	74	85.3301343331133	3	75	0	1	-Inf	"SD"	NA	NA
