"RegDbId"	"Gene"	"Strand"	"Start"	"End"	"Length"	"Sample"	"mRNARaw"	"mRNATPM"	"asRNARaw"	"asRNALen"	"asRNARPK"	"mRNACoverage"	"Gamma"	"TrMode"	"PeptideRaw"	"NPPH"
"ECK120000001"	"alr"	"+"	4263805	4264884	1080	"M-C1h"	103	10.9200130467797	0	0	0	0.951851851851852	-Inf	"SD"	4	10.2564102564103
"ECK120000002"	"modB"	"+"	795085	795774	690	"M-C1h"	69	11.4501107674971	0	0	0	1	-Inf	"SD"	NA	NA
"ECK120000005"	"dcuB"	"-"	4345427	4346767	1341	"M-C1h"	9	0.768463809899138	1	76	0	0.331096196868009	-Inf	"SD"	NA	NA
"ECK120000006"	"hisM"	"-"	2422539	2423255	717	"M-C1h"	32	5.11023074700012	10	113	61.9469026548673	0.835425383542538	-1.86796160881396	"SD"	NA	NA
"ECK120000008"	"rhsE"	"+"	1525914	1527962	2049	"M-C1h"	6	0	0	0	0	0.125915080527086	NA	"NO"	NA	NA
"ECK120000010"	"cydC"	"-"	926697	928418	1722	"M-C1h"	66	4.38854419660169	0	0	0	0.853077816492451	-Inf	"SD"	9	14.2857142857143
"ECK120000011"	"mepM"	"-"	1938337	1939659	1323	"M-C1h"	78	6.7506321985244	1	76	0	0.953892668178382	-Inf	"SD"	NA	NA
"ECK120000013"	"rodZ"	"-"	2639853	2640866	1014	"M-C1h"	231	26.0845718667834	0	0	0	1	-Inf	"SD"	6	16.6666666666667
"ECK120000014"	"garL"	"-"	3270809	3271579	771	"M-C1h"	212	31.4840918639351	0	0	0	1	-Inf	"SD"	20	74.0740740740741
"ECK120000019"	"aceA"	"+"	4215132	4216436	1305	"M-C1h"	2043	179.253458222197	1	76	0	1	-Inf	"SD"	142	295.833333333333
"ECK120000020"	"aceB"	"+"	4213501	4215102	1602	"M-C1h"	5743	410.474320460275	4	72	0	1	-Inf	"SD"	35	58.3333333333333
"ECK120000021"	"aceE"	"+"	123017	125680	2664	"M-C1h"	1173	50.4165913298579	0	0	0	1	-Inf	"SD"	266	266
"ECK120000022"	"aceF"	"+"	125695	127587	1893	"M-C1h"	478	28.9125882031888	0	0	0	1	-Inf	"SD"	188	284.848484848485
"ECK120000026"	"ada"	"-"	2307363	2308427	1065	"M-C1h"	25	2.68781942898994	0	0	0	0.665727699530516	-Inf	"SD"	NA	NA
"ECK120000029"	"adk"	"+"	496399	497043	645	"M-C1h"	79	14.0241666764694	1	76	0	1	-Inf	"SD"	33	137.5
"ECK120000031"	"alaS"	"-"	2817403	2820033	2631	"M-C1h"	593	25.8073572220669	0	0	0	0.980615735461802	-Inf	"SD"	61	63.5416666666667
"ECK120000033"	"puuC"	"+"	1360767	1362254	1488	"M-C1h"	3	0	0	0	0	0.145161290322581	NA	"NO"	NA	NA
"ECK120000034"	"alkB"	"-"	2306713	2307363	651	"M-C1h"	9	1.58296462223463	1	54	0	0.608294930875576	-Inf	"SD"	NA	NA
"ECK120000035"	"amn"	"+"	2053085	2054539	1455	"M-C1h"	107	8.42035637197385	7	286	0	0.9553264604811	-Inf	"SD"	2	3.7037037037037
"ECK120000036"	"ampC"	"-"	4375834	4376967	1134	"M-C1h"	1	0	15	196	66.3265306122449	0.0573192239858906	Inf	"AD"	NA	NA
"ECK120000041"	"ansA"	"+"	1848884	1849900	1017	"M-C1h"	23	2.58950391005344	51	439	116.173120728929	0.554572271386431	1.97782151019852	"AD"	3	8.10810810810811
"ECK120000042"	"ansB"	"-"	3097704	3098750	1047	"M-C1h"	412	45.0567873563403	8	156	0	1	-Inf	"SD"	40	108.108108108108
"ECK120000043"	"apaG"	"-"	51229	51606	378	"M-C1h"	13	3.93786878247256	0	0	0	0.502645502645503	-Inf	"SD"	NA	NA
"ECK120000047"	"apt"	"+"	490636	491187	552	"M-C1h"	2	0.414859085778882	0	0	0	0.318840579710145	-Inf	"SD"	22	110
"ECK120000048"	"araA"	"-"	66835	68337	1503	"M-C1h"	126	9.59889525418922	2	76	0	0.987358616101131	-Inf	"SD"	NA	NA
"ECK120000051"	"araD"	"-"	65855	66550	696	"M-C1h"	10	1.64513085739902	0	0	0	0.647988505747126	-Inf	"SD"	NA	NA
"ECK120000052"	"araE"	"-"	2978786	2980204	1419	"M-C1h"	117	9.44089471315833	0	0	0	0.990838618745596	-Inf	"SD"	NA	NA
"ECK120000054"	"araG"	"-"	1981579	1983093	1515	"M-C1h"	299	22.5979083794168	3	109	0	1	-Inf	"SD"	NA	NA
"ECK120000055"	"araH"	"-"	1980578	1981567	990	"M-C1h"	163	18.8522025767882	6	308	19.4805194805195	1	-3.97362677811641	"SD"	NA	NA
"ECK120000058"	"arcB"	"-"	3348711	3351047	2337	"M-C1h"	805	39.4409035850886	0	0	0	0.997004706889174	-Inf	"SD"	10	11.3636363636364
"ECK120000060"	"argB"	"+"	4154039	4154812	774	"M-C1h"	18	2.66281645755748	0	0	0	0.757105943152455	-Inf	"SD"	NA	NA
"ECK120000063"	"argF"	"-"	288525	289529	1005	"M-C1h"	16	1.82290320676572	0	0	0	0.682587064676617	-Inf	"SD"	NA	NA
"ECK120000068"	"argT"	"-"	2425031	2425813	783	"M-C1h"	1647	240.847157523216	0	0	0	1	-Inf	"SD"	12	42.8571428571429
"ECK120000069"	"aroA"	"+"	958035	959318	1284	"M-C1h"	19	1.69433103257357	9	226	30.9734513274336	0.36214953271028	-0.275288943837147	"SD"	5	10.8695652173913
"ECK120000070"	"aroB"	"-"	3515420	3516508	1089	"M-C1h"	96	10.0937615581242	0	0	0	0.950413223140496	-Inf	"SD"	9	23.0769230769231
"ECK120000071"	"aroC"	"-"	2444410	2445495	1086	"M-C1h"	53	5.58799144270119	0	0	0	0.812154696132597	-Inf	"SD"	6	15.3846153846154
"ECK120000072"	"aroD"	"+"	1772710	1773468	759	"M-C1h"	21	3.16801483685692	1	76	0	0.69433465085639	-Inf	"SD"	4	14.8148148148148
"ECK120000073"	"aroE"	"-"	3428042	3428860	819	"M-C1h"	58	8.10874755207368	0	0	0	0.89010989010989	-Inf	"SD"	7	24.1379310344828
"ECK120000076"	"aroH"	"+"	1786459	1787505	1047	"M-C1h"	113	12.3578081826856	1	76	0	0.964660936007641	-Inf	"SD"	2	5.12820512820513
"ECK120000077"	"aroK"	"-"	3516565	3517086	522	"M-C1h"	160	35.0961249578457	0	0	0	0.998084291187739	-Inf	"SD"	19	95
"ECK120000078"	"aroL"	"+"	405629	406153	525	"M-C1h"	51	11.1229647455687	3	143	0	1	-Inf	"SD"	4	21.0526315789474
"ECK120000079"	"aroM"	"+"	406652	407329	678	"M-C1h"	8	1.35104551828875	2	76	0	0.545722713864307	-Inf	"SD"	NA	NA
"ECK120000088"	"asnB"	"-"	696736	698400	1665	"M-C1h"	286	19.6680581351603	3	101	0	0.995195195195195	-Inf	"SD"	10	15.8730158730159
"ECK120000090"	"asnS"	"-"	986808	988208	1401	"M-C1h"	451	36.8593858396946	0	0	0	1	-Inf	"SD"	35	66.0377358490566
"ECK120000094"	"atpA"	"-"	3916339	3917880	1542	"M-C1h"	212	15.7420459319675	5	146	0	1	-Inf	"SD"	99	180
"ECK120000095"	"atpB"	"-"	3919259	3920074	816	"M-C1h"	323	45.3233551213429	13	116	51.7241379310345	1	-5.23914835157474	"SD"	NA	NA
"ECK120000096"	"atpC"	"-"	3913576	3913995	420	"M-C1h"	76	20.719248055471	0	0	0	1	-Inf	"SD"	9	60
"ECK120000097"	"atpD"	"-"	3914016	3915398	1383	"M-C1h"	255	21.1119179010251	8	103	58.252427184466	0.992769342010123	-4.13695133456067	"SD"	139	278
"ECK120000098"	"atpE"	"-"	3918973	3919212	240	"M-C1h"	326	155.530671258503	1	100	0	1	-Inf	"SD"	NA	NA
"ECK120000099"	"atpF"	"-"	3918441	3918911	471	"M-C1h"	252	61.2617391382013	0	0	0	1	-Inf	"SD"	22	129.411764705882
"ECK120000100"	"atpG"	"-"	3915425	3916288	864	"M-C1h"	130	17.2281759233175	0	0	0	1	-Inf	"SD"	26	81.25
"ECK120000101"	"atpH"	"-"	3917893	3918426	534	"M-C1h"	76	16.2960377964379	0	0	0	1	-Inf	"SD"	9	47.3684210526316
"ECK120000102"	"atpI"	"-"	3920083	3920463	381	"M-C1h"	159	47.7839268249881	0	0	0	0.876640419947507	-Inf	"SD"	NA	NA
"ECK120000104"	"bcp"	"+"	2598500	2598970	471	"M-C1h"	61	14.8292305056757	0	0	0	0.927813163481953	-Inf	"SD"	11	61.1111111111111
"ECK120000105"	"betA"	"-"	324801	326471	1671	"M-C1h"	15	0	1	76	0	0.232196289646918	NA	"NO"	NA	NA
"ECK120000106"	"betB"	"-"	326485	327957	1473	"M-C1h"	31	2.40973139030829	0	0	0	0.820095044127631	-Inf	"SD"	4	7.54716981132075
"ECK120000110"	"bglB"	"-"	3900312	3901724	1413	"M-C1h"	0	0	2	76	0	0	NA	"NO"	NA	NA
"ECK120000111"	"bglF"	"-"	3901743	3903620	1878	"M-C1h"	2	0	4	136	0	0.080937167199148	NA	"NO"	NA	NA
"ECK120000112"	"bglG"	"-"	3903754	3904590	837	"M-C1h"	7	0.957595882586381	0	0	0	0.348864994026284	-Inf	"SD"	NA	NA
"ECK120000115"	"bioC"	"+"	810745	811500	756	"M-C1h"	0	0	0	0	0	0	NA	"NO"	NA	NA
"ECK120000117"	"bioF"	"+"	809604	810758	1155	"M-C1h"	1	0	0	0	0	0.0658008658008658	NA	"NO"	NA	NA
"ECK120000123"	"btuC"	"-"	1792196	1793176	981	"M-C1h"	80	9.33750113557362	0	0	0	0.99796126401631	-Inf	"SD"	NA	NA
"ECK120000124"	"btuD"	"-"	1790833	1791582	750	"M-C1h"	19	2.90069472776594	1	100	0	0.658666666666667	-Inf	"SD"	NA	NA
"ECK120000125"	"btuE"	"-"	1791582	1792133	552	"M-C1h"	97	20.1206656602758	0	0	0	0.956521739130435	-Inf	"SD"	4	20
"ECK120000127"	"cadA"	"-"	4354493	4356640	2148	"M-C1h"	2	0	9	194	30.9278350515464	0.0647113594040968	Inf	"AD"	4	4.93827160493827
"ECK120000128"	"cadB"	"-"	4356720	4358054	1335	"M-C1h"	0	0	0	0	0	0	NA	"NO"	NA	NA
"ECK120000129"	"cadC"	"-"	4358419	4359957	1539	"M-C1h"	4	0	35	359	89.1364902506964	0.117608836907083	Inf	"AD"	NA	NA
"ECK120000130"	"carA"	"+"	29651	30799	1149	"M-C1h"	1	0	1	100	0	0.0365535248041775	NA	"NO"	NA	NA
"ECK120000131"	"carB"	"+"	30817	34038	3222	"M-C1h"	29	1.03058104362948	0	0	0	0.417752948479205	-Inf	"SD"	16	13.5593220338983
"ECK120000133"	"cdd"	"+"	2229866	2230750	885	"M-C1h"	14583	1886.7453708747	0	0	0	1	-Inf	"SD"	108	337.5
"ECK120000135"	"cdsA"	"+"	195677	196534	858	"M-C1h"	97	12.9447639212963	0	0	0	0.898601398601399	-Inf	"SD"	NA	NA
"ECK120000136"	"chbB"	"-"	1819323	1819643	321	"M-C1h"	21	7.49072667032524	0	0	0	0.984423676012461	-Inf	"SD"	1	9.09090909090909
"ECK120000137"	"chbC"	"-"	1817880	1819238	1359	"M-C1h"	17	1.43231702021671	0	0	0	0.390728476821192	-Inf	"SD"	NA	NA
"ECK120000138"	"chbA"	"-"	1817479	1817829	351	"M-C1h"	24	7.82913556751942	0	0	0	0.94017094017094	-Inf	"SD"	NA	NA
"ECK120000139"	"chbR"	"-"	1816629	1817471	843	"M-C1h"	50	6.7912875252059	0	0	0	0.705812574139976	-Inf	"SD"	NA	NA
"ECK120000140"	"chbF"	"-"	1815172	1816524	1353	"M-C1h"	42	3.55435810964435	0	0	0	0.374722838137472	-Inf	"SD"	NA	NA
"ECK120000142"	"cheA"	"-"	1971384	1973348	1965	"M-C1h"	276	16.0825983299197	0	0	0	0.975063613231552	-Inf	"SD"	26	36.6197183098592
"ECK120000143"	"cheB"	"-"	1965476	1966525	1050	"M-C1h"	13	1.41763276169012	0	0	0	0.292380952380952	-Inf	"SD"	3	8.10810810810811
"ECK120000144"	"cheR"	"-"	1966528	1967388	861	"M-C1h"	14	1.86180662886133	0	0	0	0.504065040650406	-Inf	"SD"	NA	NA
"ECK120000145"	"cheW"	"-"	1970860	1971363	504	"M-C1h"	96	21.8097347952327	0	0	0	1	-Inf	"SD"	10	55.5555555555556
"ECK120000146"	"cheY"	"-"	1965072	1965461	390	"M-C1h"	69	20.2578882809565	0	0	0	1	-Inf	"SD"	13	92.8571428571429
"ECK120000147"	"cheZ"	"-"	1964417	1965061	645	"M-C1h"	59	10.4737447330594	0	0	0	1	-Inf	"SD"	19	79.1666666666667
"ECK120000153"	"clpB"	"-"	2729622	2732195	2574	"M-C1h"	9094	404.534993471714	2	76	0	1	-Inf	"SD"	119	123.958333333333
"ECK120000154"	"clpP"	"+"	455901	456524	624	"M-C1h"	899	164.962333012499	3	76	0	1	-Inf	"SD"	14	60.8695652173913
"ECK120000155"	"clpX"	"+"	456650	457924	1275	"M-C1h"	1000	89.804790333311	1	100	0	1	-Inf	"SD"	10	21.7391304347826
"ECK120000157"	"cpsB"	"-"	2121108	2122544	1437	"M-C1h"	2	0	0	0	0	0.0939457202505219	NA	"NO"	NA	NA
"ECK120000158"	"cpsG"	"-"	2119633	2121003	1371	"M-C1h"	0	0	1	76	0	0	NA	"NO"	NA	NA
"ECK120000163"	"cstA"	"+"	629117	631222	2106	"M-C1h"	22484	1222.43252847296	0	0	0	1	-Inf	"SD"	11	14.6666666666667
"ECK120000164"	"lnt"	"-"	688566	690104	1539	"M-C1h"	60	0	3	119	0	0.101364522417154	NA	"NO"	2	3.50877192982456
"ECK120000165"	"cvpA"	"-"	2428297	2428785	489	"M-C1h"	34	7.96122221052972	0	0	0	1	-Inf	"SD"	NA	NA
"ECK120000168"	"cydA"	"+"	770681	772249	1569	"M-C1h"	420	30.6503921118471	2	101	0	1	-Inf	"SD"	26	44.8275862068966
"ECK120000169"	"cydB"	"+"	772265	773404	1140	"M-C1h"	713	71.6134120809251	1	76	0	1	-Inf	"SD"	NA	NA
"ECK120000170"	"cynS"	"+"	358713	359183	471	"M-C1h"	1	0	3	149	0	0.16135881104034	NA	"NO"	NA	NA
"ECK120000173"	"cyoA"	"-"	449887	450834	948	"M-C1h"	1519	183.467492150086	0	0	0	1	-Inf	"SD"	37	105.714285714286
"ECK120000174"	"cyoB"	"-"	447874	449865	1992	"M-C1h"	1631	93.7506559326699	3	147	0	1	-Inf	"SD"	4	5.40540540540541
"ECK120000175"	"cyoC"	"-"	447270	447884	615	"M-C1h"	903	168.121138586178	0	0	0	1	-Inf	"SD"	NA	NA
"ECK120000176"	"cyoD"	"-"	446941	447270	330	"M-C1h"	544	188.753341136923	0	0	0	1	-Inf	"SD"	NA	NA
"ECK120000177"	"cyoE"	"-"	446039	446929	891	"M-C1h"	913	117.328295518798	2	76	0	1	-Inf	"SD"	NA	NA
"ECK120000178"	"cysA"	"-"	2537739	2538836	1098	"M-C1h"	224	23.3590602178448	0	0	0	0.980874316939891	-Inf	"SD"	NA	NA
"ECK120000179"	"cysB"	"+"	1331879	1332853	975	"M-C1h"	100	11.7437033512791	1	76	0	0.871794871794872	-Inf	"SD"	7	19.4444444444444
"ECK120000180"	"cysC"	"-"	2871409	2872014	606	"M-C1h"	18	3.40102300024668	1	54	0	0.825082508250825	-Inf	"SD"	NA	NA
"ECK120000183"	"cysG"	"+"	3495850	3497223	1374	"M-C1h"	239	19.9168593408429	0	0	0	0.98471615720524	-Inf	"SD"	2	4
"ECK120000184"	"cysH"	"-"	2885600	2886334	735	"M-C1h"	114	17.759355476118	0	0	0	1	-Inf	"SD"	1	3.57142857142857
"ECK120000185"	"cysI"	"-"	2886409	2888121	1713	"M-C1h"	91	6.08266246259335	0	0	0	0.922942206654991	-Inf	"SD"	4	6.25
"ECK120000187"	"cysK"	"+"	2530431	2531402	972	"M-C1h"	472	55.601360928587	3	126	0	1	-Inf	"SD"	65	191.176470588235
"ECK120000189"	"cysN"	"-"	2872014	2873441	1428	"M-C1h"	95	7.61737060862905	0	0	0	0.964985994397759	-Inf	"SD"	4	7.54716981132075
"ECK120000190"	"cysP"	"-"	2540534	2541550	1017	"M-C1h"	69	7.76851173016031	0	0	0	0.893805309734513	-Inf	"SD"	8	21.0526315789474
"ECK120000192"	"cysU"	"-"	2539701	2540534	834	"M-C1h"	25	3.43228740032888	0	0	0	0.858513189448441	-Inf	"SD"	NA	NA
"ECK120000193"	"cysW"	"-"	2538826	2539701	876	"M-C1h"	59	7.71183259454717	2	100	0	0.873287671232877	-Inf	"SD"	NA	NA
"ECK120000194"	"cytR"	"-"	4121454	4122479	1026	"M-C1h"	134	14.9543357002399	0	0	0	0.896686159844055	-Inf	"SD"	NA	NA
"ECK120000195"	"dacA"	"-"	661975	663186	1212	"M-C1h"	26	2.45629438906705	0	0	0	0.533828382838284	-Inf	"SD"	20	45.4545454545455
"ECK120000198"	"dam"	"-"	3513099	3513935	837	"M-C1h"	25	3.41998529495136	6	134	0	0.492234169653525	-Inf	"SD"	1	3.125
"ECK120000200"	"dapB"	"+"	28374	29195	822	"M-C1h"	50	6.96478757147029	0	0	0	0.962287104622871	-Inf	"SD"	12	41.3793103448276
"ECK120000201"	"dapD"	"-"	185123	185947	825	"M-C1h"	529	73.419498133406	2	74	0	1	-Inf	"SD"	52	173.333333333333
"ECK120000202"	"dapE"	"+"	2589629	2590756	1128	"M-C1h"	161	16.3427999429702	0	0	0	1	-Inf	"SD"	2	4.8780487804878
"ECK120000203"	"dapF"	"+"	3992785	3993609	825	"M-C1h"	186	25.8147951849027	0	0	0	0.983030303030303	-Inf	"SD"	5	16.6666666666667
"ECK120000205"	"dcm"	"-"	2028923	2030341	1419	"M-C1h"	47	3.79249616682429	0	0	0	0.806906272022551	-Inf	"SD"	NA	NA
"ECK120000208"	"ddlB"	"+"	102233	103153	921	"M-C1h"	566	70.3665873442279	0	0	0	0.984799131378936	-Inf	"SD"	9	27.2727272727273
"ECK120000209"	"deaD"	"-"	3303993	3305882	1890	"M-C1h"	81	4.90719032892735	3	165	0	0.862433862433862	-Inf	"SD"	10	14.0845070422535
"ECK120000210"	"dedA"	"-"	2432104	2432763	660	"M-C1h"	76	13.1849760352997	3	58	0	1	-Inf	"SD"	NA	NA
"ECK120000211"	"accD"	"-"	2431034	2431948	915	"M-C1h"	521	65.1968055723062	0	0	0	1	-Inf	"SD"	18	54.5454545454545
"ECK120000212"	"dedD"	"-"	2429044	2429706	663	"M-C1h"	239	41.2756632493487	0	0	0	1	-Inf	"SD"	3	13.0434782608696
"ECK120000213"	"deoA"	"+"	4616252	4617574	1323	"M-C1h"	2318	200.614941489481	1	100	0	1	-Inf	"SD"	78	165.957446808511
"ECK120000214"	"deoB"	"+"	4617626	4618849	1224	"M-C1h"	3521	329.377777878737	0	0	0	1	-Inf	"SD"	78	177.272727272727
"ECK120000216"	"deoD"	"+"	4618906	4619625	720	"M-C1h"	762	121.180338956011	2	76	0	1	-Inf	"SD"	122	469.230769230769
"ECK120000221"	"dicB"	"+"	1647633	1647821	189	"M-C1h"	0	0	0	0	0	0	NA	"NO"	NA	NA
"ECK120000224"	"dksA"	"-"	160149	160604	456	"M-C1h"	3875	973.008316316918	0	0	0	1	-Inf	"SD"	12	66.6666666666667
"ECK120000226"	"dmsA"	"+"	940182	942626	2445	"M-C1h"	40	1.87322875541876	5	108	0	0.503885480572597	-Inf	"SD"	7	7.77777777777778
"ECK120000227"	"dmsB"	"+"	942637	943254	618	"M-C1h"	8	1.48221498608377	0	0	0	0.344660194174757	-Inf	"SD"	1	4.34782608695652
"ECK120000231"	"dnaC"	"-"	4598261	4598998	738	"M-C1h"	22	3.41331215291243	1	76	0	0.865853658536585	-Inf	"SD"	NA	NA
"ECK120000232"	"dnaE"	"+"	205126	208608	3483	"M-C1h"	142	4.66814737003903	1	76	0	0.579385587137525	-Inf	"SD"	6	4.61538461538461
"ECK120000233"	"dnaG"	"+"	3209129	3210874	1746	"M-C1h"	147	9.64012762211959	0	0	0	0.70561282932417	-Inf	"SD"	4	6.06060606060606
"ECK120000234"	"dnaJ"	"+"	14168	15298	1131	"M-C1h"	626	63.3755025681098	0	0	0	1	-Inf	"SD"	8	19.5121951219512
"ECK120000236"	"dnaN"	"-"	3879244	3880344	1101	"M-C1h"	58	6.03184763410386	9	118	67.7966101694915	0.836512261580381	-1.91452808113667	"SD"	3	7.31707317073171
"ECK120000238"	"dnaT"	"-"	4599001	4599540	540	"M-C1h"	23	4.87689903060064	11	462	23.8095238095238	0.772222222222222	-1.14846057994235	"SD"	2	10.5263157894737
"ECK120000239"	"dnaX"	"+"	491316	493247	1932	"M-C1h"	10	0	0	0	0	0.191511387163561	NA	"NO"	NA	NA
"ECK120000241"	"acpS"	"-"	2698640	2699020	381	"M-C1h"	54	16.228503449996	0	0	0	0.881889763779528	-Inf	"SD"	NA	NA
"ECK120000242"	"dppA"	"-"	3704121	3705728	1608	"M-C1h"	941	67.0059342799429	2	74	0	1	-Inf	"SD"	14	23.3333333333333
"ECK120000245"	"dut"	"+"	3811955	3812410	456	"M-C1h"	52	13.0571438576722	0	0	0	0.932017543859649	-Inf	"SD"	5	31.25
"ECK120000246"	"ebgA"	"+"	3220655	3223747	3093	"M-C1h"	7	0	4	117	0	0.154219204655674	NA	"NO"	NA	NA
"ECK120000247"	"ebgC"	"+"	3223744	3224193	450	"M-C1h"	1	0	0	0	0	0.144444444444444	NA	"NO"	NA	NA
"ECK120000251"	"edd"	"-"	1930817	1932628	1812	"M-C1h"	129	8.15156892388042	0	0	0	0.368653421633554	-Inf	"SD"	NA	NA
"ECK120000253"	"entA"	"+"	627774	628520	747	"M-C1h"	8	1.22625014912955	3	105	0	0.530120481927711	-Inf	"SD"	NA	NA
"ECK120000254"	"entB"	"+"	626917	627774	858	"M-C1h"	5	0.667255872231769	0	0	0	0.34032634032634	-Inf	"SD"	NA	NA
"ECK120000257"	"entE"	"+"	625293	626903	1611	"M-C1h"	0	0	2	100	0	0	NA	"NO"	NA	NA
"ECK120000258"	"entF"	"+"	613380	617261	3882	"M-C1h"	9	0	1	76	0	0.158423493044822	NA	"NO"	NA	NA
"ECK120000259"	"lpxC"	"+"	106557	107474	918	"M-C1h"	6770	844.414486884049	2	76	0	1	-Inf	"SD"	NA	NA
"ECK120000261"	"acrF"	"+"	3413055	3416159	3105	"M-C1h"	25	0.921909079508627	5	82	0	0.268276972624799	-Inf	"SD"	NA	NA
"ECK120000262"	"envY"	"-"	585370	586131	762	"M-C1h"	4	0.601055683333184	7	134	0	0.31496062992126	-Inf	"SD"	NA	NA
"ECK120000264"	"era"	"-"	2700503	2701408	906	"M-C1h"	26	3.28590375226188	0	0	0	0.696467991169978	-Inf	"SD"	3	8.82352941176471
"ECK120000265"	"exbB"	"-"	3149272	3150006	735	"M-C1h"	28	4.36194695904653	0	0	0	0.717006802721088	-Inf	"SD"	2	7.69230769230769
"ECK120000270"	"accC"	"+"	3403939	3405288	1350	"M-C1h"	400	33.9262541259175	0	0	0	1	-Inf	"SD"	17	34.6938775510204
"ECK120000271"	"fabH"	"+"	1147982	1148935	954	"M-C1h"	363	43.568031536703	0	0	0	1	-Inf	"SD"	28	82.3529411764706
"ECK120000276"	"fbaA"	"-"	3068187	3069266	1080	"M-C1h"	521	55.2361824987594	0	0	0	1	-Inf	"SD"	41	105.128205128205
"ECK120000279"	"fdhF"	"-"	4295242	4297389	2148	"M-C1h"	68	3.62480229138643	3	152	0	0.788175046554935	-Inf	"SD"	NA	NA
"ECK120000280"	"fecA"	"-"	4512376	4514700	2325	"M-C1h"	37	1.82216816515008	5	174	0	0.604301075268817	-Inf	"SD"	1	1.17647058823529
"ECK120000281"	"fecB"	"-"	4511429	4512331	903	"M-C1h"	21	2.66281645755748	0	0	0	0.621262458471761	-Inf	"SD"	4	12.1212121212121
"ECK120000282"	"fecC"	"-"	4510434	4511432	999	"M-C1h"	0	0	1	76	0	0	NA	"NO"	NA	NA
"ECK120000283"	"fecD"	"-"	4509481	4510437	957	"M-C1h"	3	0	1	76	0	0.153605015673981	NA	"NO"	NA	NA
"ECK120000286"	"fecR"	"-"	4514787	4515740	954	"M-C1h"	3	0	2	76	0	0.218029350104822	NA	"NO"	NA	NA
"ECK120000292"	"fepG"	"-"	619419	620411	993	"M-C1h"	0	0	4	124	0	0	NA	"NO"	NA	NA
"ECK120000296"	"fhuA"	"+"	167484	169727	2244	"M-C1h"	98	5.00049400719572	4	252	0	0.381907308377897	-Inf	"SD"	NA	NA
"ECK120000298"	"fhuC"	"+"	169778	170575	798	"M-C1h"	3	0.430455292011171	1	67	0	0.275689223057644	-Inf	"SD"	NA	NA
"ECK120000299"	"fhuD"	"+"	170575	171465	891	"M-C1h"	1	0	0	0	0	0.037037037037037	NA	"NO"	NA	NA
"ECK120000301"	"fic"	"-"	3488883	3489485	603	"M-C1h"	52	9.87405903664762	0	0	0	0.946932006633499	-Inf	"SD"	NA	NA
"ECK120000302"	"fimA"	"+"	4541138	4541686	549	"M-C1h"	1492	311.176052187719	0	0	0	1	-Inf	"SD"	NA	NA
"ECK120000304"	"fimC"	"+"	4542327	4543052	726	"M-C1h"	13	2.05029531649398	1	45	0	0.659779614325069	-Inf	"SD"	7	25.9259259259259
"ECK120000305"	"fimD"	"+"	4543119	4545755	2637	"M-C1h"	42	0	0	0	0	0.217671596511187	NA	"NO"	NA	NA
"ECK120000306"	"fimE"	"+"	4540060	4540656	597	"M-C1h"	4	0	0	0	0	0.231155778894472	NA	"NO"	NA	NA
"ECK120000307"	"fimF"	"+"	4545765	4546295	531	"M-C1h"	2	0	0	0	0	0.120527306967985	NA	"NO"	NA	NA
"ECK120000308"	"fimG"	"+"	4546308	4546811	504	"M-C1h"	6	1.36310842470204	0	0	0	0.505952380952381	-Inf	"SD"	NA	NA
"ECK120000310"	"lpxD"	"+"	200971	201996	1026	"M-C1h"	347	38.7250334924124	0	0	0	1	-Inf	"SD"	8	22.2222222222222
"ECK120000311"	"fis"	"+"	3409293	3409589	297	"M-C1h"	41	15.806550217757	1	76	0	0.865319865319865	-Inf	"SD"	NA	NA
"ECK120000312"	"fldA"	"-"	710158	710688	531	"M-C1h"	94	20.2694992870948	0	0	0	0.994350282485876	-Inf	"SD"	7	35
"ECK120000313"	"flhC"	"-"	1975290	1975868	579	"M-C1h"	554	109.557191108695	0	0	0	0.810017271157167	-Inf	"SD"	NA	NA
"ECK120000314"	"flhD"	"-"	1975871	1976221	351	"M-C1h"	17	5.54563769365959	0	0	0	0.849002849002849	-Inf	"SD"	NA	NA
"ECK120000316"	"fliL"	"+"	2017642	2018106	465	"M-C1h"	7	1.72367258865548	0	0	0	0.63010752688172	-Inf	"SD"	5	29.4117647058824
"ECK120000317"	"fliM"	"+"	2018111	2019115	1005	"M-C1h"	10	1.13931450422857	0	0	0	0.380099502487562	-Inf	"SD"	8	21.0526315789474
"ECK120000318"	"fliN"	"+"	2019112	2019525	414	"M-C1h"	11	3.04229996237847	0	0	0	0.881642512077295	-Inf	"SD"	2	13.3333333333333
"ECK120000319"	"fnr"	"-"	1396798	1397550	753	"M-C1h"	914	138.982752211054	1	76	0	1	-Inf	"SD"	4	14.2857142857143
"ECK120000321"	"folC"	"-"	2429696	2430964	1269	"M-C1h"	392	35.3699245142544	1	99	0	0.675334909377463	-Inf	"SD"	13	28.8888888888889
"ECK120000325"	"frdB"	"-"	4377806	4378540	735	"M-C1h"	1467	228.534863890045	0	0	0	1	-Inf	"SD"	19	70.3703703703704
"ECK120000326"	"frdC"	"-"	4377400	4377795	396	"M-C1h"	1051	303.890566076755	1	76	0	1	-Inf	"SD"	NA	NA
"ECK120000327"	"frdD"	"-"	4377030	4377389	360	"M-C1h"	342	108.776052291223	1	76	0	1	-Inf	"SD"	NA	NA
"ECK120000329"	"frr"	"+"	192872	193429	558	"M-C1h"	2982	611.903768972697	0	0	0	1	-Inf	"SD"	13	61.9047619047619
"ECK120000330"	"fruA"	"-"	2257741	2259432	1692	"M-C1h"	178	12.0456248026861	0	0	0	0.964539007092199	-Inf	"SD"	6	10.3448275862069
"ECK120000331"	"fruK"	"-"	2259449	2260387	939	"M-C1h"	73	8.90157706099352	2	100	0	0.98828541001065	-Inf	"SD"	3	8.82352941176471
"ECK120000332"	"cra"	"+"	88028	89032	1005	"M-C1h"	1489	169.643929679634	0	0	0	1	-Inf	"SD"	9	23.6842105263158
"ECK120000333"	"ftsA"	"+"	103982	105244	1263	"M-C1h"	1536	139.250753276925	1	39	0	1	-Inf	"SD"	6	13.3333333333333
"ECK120000334"	"ftsE"	"-"	3600102	3600770	669	"M-C1h"	122	20.8806205326555	1	100	0	0.949177877428999	-Inf	"SD"	2	8.33333333333333
"ECK120000335"	"ftsI"	"+"	91413	93179	1767	"M-C1h"	693	44.9062069149718	2	57	0	0.920203735144312	-Inf	"SD"	2	3.125
"ECK120000336"	"ftsQ"	"+"	103155	103985	831	"M-C1h"	796	109.678558013571	0	0	0	1	-Inf	"SD"	3	9.67741935483871
"ECK120000338"	"ftsW"	"+"	98403	99647	1245	"M-C1h"	103	9.47278240202575	0	0	0	0.973493975903614	-Inf	"SD"	NA	NA
"ECK120000339"	"ftsX"	"-"	3599051	3600109	1059	"M-C1h"	92	9.94721615306645	0	0	0	0.987724268177526	-Inf	"SD"	3	7.69230769230769
"ECK120000341"	"ftsZ"	"+"	105305	106456	1152	"M-C1h"	3243	322.332545303761	0	0	0	1	-Inf	"SD"	44	110
"ECK120000343"	"fucI"	"+"	2933606	2935381	1776	"M-C1h"	40	2.57885377646332	0	0	0	0.662162162162162	-Inf	"SD"	10	15.3846153846154
"ECK120000344"	"fucK"	"+"	2935460	2936908	1449	"M-C1h"	97	7.66501548962887	1	100	0	0.714975845410628	-Inf	"SD"	NA	NA
"ECK120000348"	"fucU"	"+"	2936910	2937332	423	"M-C1h"	109	29.5050135616357	0	0	0	1	-Inf	"SD"	2	13.3333333333333
"ECK120000350"	"fumB"	"-"	4343703	4345349	1647	"M-C1h"	6	0	5	130	0	0.18093503339405	NA	"NO"	4	6.66666666666667
"ECK120000353"	"fusA"	"-"	3469422	3471536	2115	"M-C1h"	887	48.0200862920566	1	76	0	1	-Inf	"SD"	360	461.538461538462
"ECK120000354"	"gabT"	"+"	2790757	2792037	1281	"M-C1h"	95	8.49149510470124	1	100	0	0.785323965651834	-Inf	"SD"	2	4.34782608695652
"ECK120000355"	"galE"	"-"	790262	791278	1017	"M-C1h"	70	7.88109885668437	0	0	0	0.991150442477876	-Inf	"SD"	13	35.1351351351351
"ECK120000356"	"galK"	"-"	788054	789202	1149	"M-C1h"	307	30.5934204144615	2	78	0	0.816362053959965	-Inf	"SD"	10	24.390243902439
"ECK120000358"	"galS"	"-"	2238650	2239690	1041	"M-C1h"	265	29.1477363437728	3	134	0	1	-Inf	"SD"	1	2.7027027027027
"ECK120000359"	"galT"	"-"	789206	790252	1047	"M-C1h"	36	3.93700083696177	0	0	0	0.738299904489016	-Inf	"SD"	0	0
"ECK120000361"	"epd"	"-"	3070694	3071713	1020	"M-C1h"	379	42.5450194204061	1	76	0	1	-Inf	"SD"	NA	NA
"ECK120000363"	"ispG"	"-"	2638708	2639826	1119	"M-C1h"	239	24.4555538287026	1	76	0	1	-Inf	"SD"	16	39.0243902439024
"ECK120000364"	"gcvH"	"-"	3047182	3047571	390	"M-C1h"	138	40.515776561913	0	0	0	1	-Inf	"SD"	NA	NA
"ECK120000368"	"mnmG"	"-"	3921767	3923656	1890	"M-C1h"	71	4.30136436239311	1	46	0	0.768783068783069	-Inf	"SD"	8	11.4285714285714
"ECK120000369"	"rsmG"	"-"	3921080	3921703	624	"M-C1h"	7	1.28446755404615	11	396	17.6767676767677	0.46474358974359	0.124256379288789	"AD"	5	21.7391304347826
"ECK120000370"	"glgA"	"-"	3564623	3566056	1434	"M-C1h"	938	74.8968193857205	0	0	0	1	-Inf	"SD"	0	0
"ECK120000371"	"glgB"	"-"	3569339	3571525	2187	"M-C1h"	579	30.3137363254726	1	76	0	1	-Inf	"SD"	NA	NA
"ECK120000372"	"glgC"	"-"	3566056	3567351	1296	"M-C1h"	2893	255.595451005936	0	0	0	1	-Inf	"SD"	7	14.2857142857143
"ECK120000374"	"glgX"	"-"	3567369	3569342	1974	"M-C1h"	1201	69.6635411943469	5	212	0	0.972644376899696	-Inf	"SD"	NA	NA
"ECK120000375"	"glmS"	"-"	3909862	3911691	1830	"M-C1h"	527	32.9738162539399	0	0	0	1	-Inf	"SD"	38	56.7164179104478
"ECK120000378"	"glnG"	"-"	4051892	4053301	1410	"M-C1h"	106	8.60788469045885	0	0	0	0.873049645390071	-Inf	"SD"	2	3.84615384615385
"ECK120000379"	"glnH"	"-"	846481	847227	747	"M-C1h"	5654	866.652292897308	0	0	0	1	-Inf	"SD"	49	181.481481481481
"ECK120000380"	"glnL"	"-"	4053313	4054362	1050	"M-C1h"	28	3.05336287133257	1	79	0	0.806666666666667	-Inf	"SD"	1	2.56410256410256
"ECK120000381"	"glnP"	"-"	845683	846342	660	"M-C1h"	379	65.7513936497185	0	0	0	1	-Inf	"SD"	NA	NA
"ECK120000382"	"glnQ"	"-"	844964	845686	723	"M-C1h"	267	42.2846414235372	0	0	0	1	-Inf	"SD"	14	51.8518518518519
"ECK120000383"	"glnS"	"+"	705316	706980	1665	"M-C1h"	169	11.6220343525947	1	76	0	1	-Inf	"SD"	27	42.8571428571429
"ECK120000385"	"glpB"	"+"	2352287	2353546	1260	"M-C1h"	6147	558.601832442897	0	0	0	1	-Inf	"SD"	21	46.6666666666667
"ECK120000386"	"glpC"	"+"	2353543	2354733	1191	"M-C1h"	4749	456.562351258136	0	0	0	1	-Inf	"SD"	12	27.2727272727273
"ECK120000390"	"glpG"	"-"	3558645	3559475	831	"M-C1h"	12	1.65344559819453	0	0	0	0.428399518652226	-Inf	"SD"	NA	NA
"ECK120000391"	"glpK"	"-"	4113737	4115245	1509	"M-C1h"	256	19.4249725412808	2	76	0	0.99403578528827	-Inf	"SD"	3	5.35714285714286
"ECK120000396"	"gltB"	"+"	3352654	3357207	4554	"M-C1h"	44	1.10629089541035	1	76	0	0.472771190162495	-Inf	"SD"	92	56.441717791411
"ECK120000397"	"gltD"	"+"	3357220	3358638	1419	"M-C1h"	30	2.42074223414316	0	0	0	0.807610993657505	-Inf	"SD"	9	17.3076923076923
"ECK120000402"	"glyQ"	"-"	3722430	3723341	912	"M-C1h"	104	13.0571438576722	0	0	0	0.934210526315789	-Inf	"SD"	28	80
"ECK120000404"	"gnd"	"-"	2097886	2099292	1407	"M-C1h"	1412	114.908005712196	1	100	0	1	-Inf	"SD"	67	131.372549019608
"ECK120000411"	"gshA"	"-"	2812905	2814461	1557	"M-C1h"	201	14.7814532065956	4	116	0	0.988439306358382	-Inf	"SD"	10	17.2413793103448
"ECK120000412"	"gshB"	"+"	3089900	3090850	951	"M-C1h"	332	39.973047053723	1	69	0	1	-Inf	"SD"	18	50
"ECK120000417"	"gyrB"	"-"	3875728	3878142	2415	"M-C1h"	704	33.3783767300952	4	100	0	1	-Inf	"SD"	38	42.2222222222222
"ECK120000418"	"hdhA"	"-"	1695297	1696064	768	"M-C1h"	221	32.9488864533447	2	121	0	1	-Inf	"SD"	9	33.3333333333333
"ECK120000423"	"hemD"	"-"	3987111	3987851	741	"M-C1h"	243	37.5489462415898	0	0	0	1	-Inf	"SD"	NA	NA
"ECK120000426"	"hemX"	"-"	3985908	3987089	1182	"M-C1h"	155	15.0149506680377	0	0	0	0.976311336717428	-Inf	"SD"	6	13.953488372093
"ECK120000427"	"hemY"	"-"	3984709	3985905	1197	"M-C1h"	87	8.32213564554931	0	0	0	0.906432748538012	-Inf	"SD"	3	6.66666666666667
"ECK120000428"	"hflC"	"+"	4401323	4402327	1005	"M-C1h"	113	12.8742538977829	0	0	0	0.993034825870647	-Inf	"SD"	12	31.5789473684211
"ECK120000429"	"hflK"	"+"	4400061	4401320	1260	"M-C1h"	131	11.9044802423978	1	76	0	0.970634920634921	-Inf	"SD"	19	41.304347826087
"ECK120000430"	"hflX"	"+"	4398695	4399975	1281	"M-C1h"	352	31.463223966893	0	0	0	0.918813427010148	-Inf	"SD"	11	22.9166666666667
"ECK120000431"	"hfq"	"+"	4398311	4398619	309	"M-C1h"	288	106.719478998032	0	0	0	1	-Inf	"SD"	41	372.727272727273
"ECK120000432"	"hha"	"-"	479314	479532	219	"M-C1h"	41	21.4362804323006	1	76	0	1	-Inf	"SD"	NA	NA
"ECK120000433"	"ihfA"	"-"	1793277	1793576	300	"M-C1h"	4246	1620.57234395976	0	0	0	1	-Inf	"SD"	2	18.1818181818182
"ECK120000434"	"ihfB"	"+"	963051	963335	285	"M-C1h"	1487	597.414551272571	0	0	0	1	-Inf	"SD"	6	54.5454545454545
"ECK120000435"	"hipB"	"-"	1590200	1590466	267	"M-C1h"	41	17.5825670961567	2	76	0	1	-Inf	"SD"	NA	NA
"ECK120000436"	"hipA"	"-"	1588878	1590200	1323	"M-C1h"	40	3.46186266590995	0	0	0	0.828420256991686	-Inf	"SD"	NA	NA
"ECK120000437"	"hisA"	"+"	2093149	2093886	738	"M-C1h"	52	8.06782872506574	0	0	0	0.948509485094851	-Inf	"SD"	4	15.3846153846154
"ECK120000438"	"hisB"	"+"	2091492	2092559	1068	"M-C1h"	131	14.04461152193	0	0	0	0.952247191011236	-Inf	"SD"	5	12.5
"ECK120000439"	"hisC"	"+"	2090422	2091492	1071	"M-C1h"	53	5.66625462817319	0	0	0	0.820728291316527	-Inf	"SD"	4	10.2564102564103
"ECK120000440"	"hisD"	"+"	2089121	2090425	1305	"M-C1h"	29	2.54446905944381	0	0	0	0.770114942528736	-Inf	"SD"	5	10.8695652173913
"ECK120000441"	"hisF"	"+"	2093868	2094644	777	"M-C1h"	52	7.66287979291958	0	0	0	0.818532818532819	-Inf	"SD"	6	21.4285714285714
"ECK120000442"	"hisG"	"+"	2088216	2089115	900	"M-C1h"	16	2.03557524755505	0	0	0	0.698888888888889	-Inf	"SD"	6	18.1818181818182
"ECK120000443"	"hisH"	"+"	2092559	2093149	591	"M-C1h"	24	4.64979117461813	0	0	0	0.624365482233503	-Inf	"SD"	4	18.1818181818182
"ECK120000445"	"hisP"	"-"	2421758	2422531	774	"M-C1h"	48	7.10084388681994	0	0	0	0.772609819121447	-Inf	"SD"	4	13.7931034482759
"ECK120000446"	"hisS"	"-"	2637323	2638597	1275	"M-C1h"	377	33.8564059556582	0	0	0	1	-Inf	"SD"	21	44.6808510638298
"ECK120000447"	"truA"	"-"	2432846	2433658	813	"M-C1h"	287	40.4204402247439	0	0	0	0.758917589175892	-Inf	"SD"	6	20
"ECK120000448"	"hlpA"	"+"	200482	200967	486	"M-C1h"	271	63.8473254730808	0	0	0	1	-Inf	"SD"	34	188.888888888889
"ECK120000451"	"hsdM"	"-"	4579482	4581071	1590	"M-C1h"	18	1.296238954811	1	100	0	0.524528301886792	-Inf	"SD"	7	11.864406779661
"ECK120000453"	"hsdS"	"-"	4578091	4579485	1395	"M-C1h"	0	0	0	0	0	0	NA	"NO"	5	9.80392156862745
"ECK120000454"	"htpG"	"+"	494344	496218	1875	"M-C1h"	1161	70.8990858723423	0	0	0	1	-Inf	"SD"	94	132.394366197183
"ECK120000456"	"degP"	"+"	180884	182308	1425	"M-C1h"	218	17.5166606829079	2	64	0	0.990877192982456	-Inf	"SD"	22	44.8979591836735
"ECK120000459"	"hupA"	"+"	4198304	4198576	273	"M-C1h"	10661	4471.41505099953	0	0	0	1	-Inf	"SD"	10	100
"ECK120000460"	"hupB"	"+"	460675	460947	273	"M-C1h"	5332	2236.33665246501	0	0	0	1	-Inf	"SD"	31	344.444444444444
"ECK120000462"	"hyaB"	"+"	1032477	1034270	1794	"M-C1h"	4	0	0	0	0	0.155518394648829	NA	"NO"	NA	NA
"ECK120000463"	"hyaC"	"+"	1034289	1034996	708	"M-C1h"	7	1.13207309848136	0	0	0	0.36864406779661	-Inf	"SD"	NA	NA
"ECK120000464"	"hyaD"	"+"	1034993	1035580	588	"M-C1h"	6	1.16837864974461	1	100	0	0.443877551020408	-Inf	"SD"	NA	NA
"ECK120000465"	"hyaE"	"+"	1035577	1035975	399	"M-C1h"	4	1.14788077869646	0	0	0	0.588972431077694	-Inf	"SD"	NA	NA
"ECK120000466"	"hyaF"	"+"	1035972	1036829	858	"M-C1h"	4	0	0	0	0	0.15967365967366	NA	"NO"	NA	NA
"ECK120000468"	"hycB"	"-"	2847260	2847871	612	"M-C1h"	1	0	0	0	0	0.0751633986928105	NA	"NO"	NA	NA
"ECK120000469"	"hycC"	"-"	2845437	2847263	1827	"M-C1h"	0	0	0	0	0	0	NA	"NO"	NA	NA
"ECK120000470"	"hycD"	"-"	2844511	2845434	924	"M-C1h"	1	0	3	100	0	0.108225108225108	NA	"NO"	NA	NA
"ECK120000471"	"hycE"	"-"	2842784	2844493	1710	"M-C1h"	4	0	2	78	0	0.138011695906433	NA	"NO"	NA	NA
"ECK120000472"	"hycF"	"-"	2842232	2842774	543	"M-C1h"	1	0	1	51	0	0.0313075506445672	NA	"NO"	NA	NA
"ECK120000473"	"hycG"	"-"	2841465	2842232	768	"M-C1h"	29	4.32360953460179	1	100	0	0.498697916666667	-Inf	"SD"	NA	NA
"ECK120000474"	"hycH"	"-"	2841058	2841468	411	"M-C1h"	71	19.7799967029756	0	0	0	0.992700729927007	-Inf	"SD"	NA	NA
"ECK120000477"	"hypB"	"+"	2849023	2849895	873	"M-C1h"	17	2.22968938198684	0	0	0	0.564719358533792	-Inf	"SD"	6	18.75
"ECK120000478"	"hypC"	"+"	2849886	2850158	273	"M-C1h"	4	1.67767190732559	0	0	0	0.26007326007326	-Inf	"SD"	NA	NA
"ECK120000479"	"hypD"	"+"	2850158	2851279	1122	"M-C1h"	8	0.816407184848282	43	424	101.415094339623	0.412655971479501	3.39697587573743	"AD"	NA	NA
"ECK120000480"	"hypE"	"+"	2851318	2852286	969	"M-C1h"	21	2.48144815394675	2	125	0	0.674922600619195	-Inf	"SD"	NA	NA
"ECK120000485"	"ileS"	"+"	22391	25207	2817	"M-C1h"	558	22.6807305937643	2	92	0	0.976215832445864	-Inf	"SD"	60	57.6923076923077
"ECK120000487"	"ilvB"	"-"	3849119	3850807	1689	"M-C1h"	116	7.86390082314783	2	98	0	0.457075192421551	-Inf	"SD"	5	8.33333333333333
"ECK120000489"	"ilvD"	"+"	3951501	3953351	1851	"M-C1h"	84	5.19616047795657	0	0	0	0.902755267423015	-Inf	"SD"	8	12.1212121212121
"ECK120000490"	"ilvE"	"+"	3950507	3951436	930	"M-C1h"	69	8.49524347265917	0	0	0	0.943010752688172	-Inf	"SD"	3	8.82352941176471
"ECK120000491"	"ilvG_2"	"+"	3949646	3950227	582	"M-C1h"	11	2.16411028251664	4	76	0	0.534364261168385	-Inf	"SD"	NA	NA
"ECK120000492"	"ilvH"	"+"	87357	87848	492	"M-C1h"	55	12.7999205734216	0	0	0	1	-Inf	"SD"	2	11.1111111111111
"ECK120000493"	"ilvI"	"+"	85630	87354	1725	"M-C1h"	117	7.76616208578068	1	74	0	0.908985507246377	-Inf	"SD"	NA	NA
"ECK120000494"	"ilvM"	"+"	3950224	3950487	264	"M-C1h"	8	3.4697305356052	0	0	0	0.579545454545455	-Inf	"SD"	NA	NA
"ECK120000495"	"ilvN"	"-"	3848825	3849115	291	"M-C1h"	12	4.72169516185449	1	100	0	0.84192439862543	-Inf	"SD"	NA	NA
"ECK120000497"	"infA"	"-"	925448	925666	219	"M-C1h"	75	39.2127081078669	0	0	0	1	-Inf	"SD"	4	50
"ECK120000498"	"infB"	"-"	3311364	3314036	2673	"M-C1h"	379	16.2349120122762	0	0	0	1	-Inf	"SD"	106	109.278350515464
"ECK120000499"	"infC"	"-"	1798120	1798662	543	"M-C1h"	3135	661.069931051631	1	76	0	1	-Inf	"SD"	23	109.52380952381
"ECK120000501"	"ispA"	"-"	439426	440325	900	"M-C1h"	83	10.5595465966918	2	84	0	0.968888888888889	-Inf	"SD"	6	18.75
"ECK120000504"	"katG"	"+"	4131858	4134038	2181	"M-C1h"	2783	146.105723365175	3	95	0	1	-Inf	"SD"	193	241.25
"ECK120000505"	"kbl"	"-"	3789378	3790574	1197	"M-C1h"	1888	180.599909181576	0	0	0	1	-Inf	"SD"	29	67.4418604651163
"ECK120000506"	"kdpA"	"-"	726282	727955	1674	"M-C1h"	6	0	0	0	0	0.186977299880526	NA	"NO"	NA	NA
"ECK120000507"	"kdpB"	"-"	724211	726259	2049	"M-C1h"	11	0.614696039250701	3	134	0	0.260614934114202	-Inf	"SD"	NA	NA
"ECK120000508"	"kdpC"	"-"	723630	724202	573	"M-C1h"	62	12.3892996088102	0	0	0	0.399650959860384	-Inf	"SD"	NA	NA
"ECK120000509"	"kdpD"	"-"	720953	723637	2685	"M-C1h"	251	10.7038279427999	0	0	0	0.918063314711359	-Inf	"SD"	2	2.02020202020202
"ECK120000512"	"kdsB"	"+"	970075	970821	747	"M-C1h"	134	20.5396899979199	3	191	0	1	-Inf	"SD"	7	25
"ECK120000514"	"kefC"	"+"	47769	49631	1863	"M-C1h"	40	2.45842421202301	0	0	0	0.577026301663983	-Inf	"SD"	NA	NA
"ECK120000516"	"rsmA"	"-"	51609	52430	822	"M-C1h"	51	7.10408332289969	0	0	0	0.680048661800487	-Inf	"SD"	8	26.6666666666667
"ECK120000518"	"lacI"	"-"	365652	366734	1083	"M-C1h"	254	26.8543687437145	0	0	0	0.931671283471837	-Inf	"SD"	NA	NA
"ECK120000519"	"lacY"	"-"	361150	362403	1254	"M-C1h"	9	0.821778284748599	4	151	0	0.314194577352472	-Inf	"SD"	NA	NA
"ECK120000520"	"lacZ"	"-"	362455	365529	3075	"M-C1h"	44	1.63838983339797	0	0	0	0.577560975609756	-Inf	"SD"	7	6.03448275862069
"ECK120000521"	"lamB"	"+"	4245994	4247334	1341	"M-C1h"	70	5.97694074365996	2	100	0	0.929903057419836	-Inf	"SD"	11	22
"ECK120000522"	"lepA"	"-"	2703347	2705146	1800	"M-C1h"	70	4.45282085402667	1	100	0	0.83	-Inf	"SD"	29	43.2835820895522
"ECK120000523"	"lepB"	"-"	2702357	2703331	975	"M-C1h"	69	8.1031553123826	0	0	0	0.931282051282051	-Inf	"SD"	2	5.55555555555556
"ECK120000526"	"lexA"	"+"	4255138	4255746	609	"M-C1h"	1161	218.285362907458	0	0	0	1	-Inf	"SD"	5	22.7272727272727
"ECK120000527"	"ligA"	"-"	2526183	2528198	2016	"M-C1h"	103	5.85000698934626	1	100	0	0.887400793650794	-Inf	"SD"	6	8.10810810810811
"ECK120000529"	"livF"	"-"	3590747	3591460	714	"M-C1h"	82	13.1499871559491	0	0	0	1	-Inf	"SD"	NA	NA
"ECK120000530"	"livG"	"-"	3591462	3592229	768	"M-C1h"	54	8.05085913339643	0	0	0	1	-Inf	"SD"	NA	NA
"ECK120000531"	"livH"	"-"	3593500	3594426	927	"M-C1h"	60	7.41107493041887	0	0	0	0.928802588996764	-Inf	"SD"	NA	NA
"ECK120000534"	"livM"	"-"	3592226	3593503	1278	"M-C1h"	71	6.36117264860953	0	0	0	0.809076682316119	-Inf	"SD"	NA	NA
"ECK120000535"	"lon"	"+"	458112	460466	2355	"M-C1h"	1437	69.867554874282	3	97	0	1	-Inf	"SD"	60	68.9655172413793
"ECK120000538"	"lpxA"	"+"	202560	203348	789	"M-C1h"	97	14.0768155189762	1	100	0	0.973384030418251	-Inf	"SD"	4	14.2857142857143
"ECK120000539"	"lpxB"	"+"	203348	204496	1149	"M-C1h"	22	2.1923623749777	0	0	0	0.447345517841601	-Inf	"SD"	NA	NA
"ECK120000541"	"lspA"	"+"	25207	25701	495	"M-C1h"	21	4.85762274984728	1	47	0	0.842424242424242	-Inf	"SD"	4	22.2222222222222
"ECK120000543"	"lysC"	"-"	4229907	4231256	1350	"M-C1h"	55	4.66485994231365	0	0	0	0.792592592592593	-Inf	"SD"	3	6.12244897959184
"ECK120000548"	"malF"	"-"	4241554	4243098	1545	"M-C1h"	19	1.40810423677958	1	35	0	0.564401294498382	-Inf	"SD"	4	7.01754385964912
"ECK120000549"	"malG"	"-"	4240649	4241539	891	"M-C1h"	22	2.82718784382646	3	204	0	0.815937149270483	-Inf	"SD"	NA	NA
"ECK120000552"	"malM"	"+"	4247577	4248497	921	"M-C1h"	41	5.09722629171969	7	189	0	0.62757871878393	-Inf	"SD"	13	40.625
"ECK120000557"	"malY"	"+"	1698981	1700153	1173	"M-C1h"	67	6.54013146992591	0	0	0	0.755328218243819	-Inf	"SD"	NA	NA
"ECK120000561"	"manY"	"+"	1901106	1901906	801	"M-C1h"	481	68.7578436849704	1	76	0	1	-Inf	"SD"	7	25
"ECK120000562"	"manZ"	"+"	1901919	1902770	852	"M-C1h"	565	75.9308988689658	3	60	0	1	-Inf	"SD"	15	48.3870967741936
"ECK120000564"	"mazE"	"-"	2909113	2909361	249	"M-C1h"	92	42.3056301449694	1	103	0	1	-Inf	"SD"	NA	NA
"ECK120000565"	"mazG"	"-"	2907916	2908707	792	"M-C1h"	122	17.6377968893264	0	0	0	0.856060606060606	-Inf	"SD"	NA	NA
"ECK120000566"	"mcrA"	"+"	1209569	1210402	834	"M-C1h"	29	3.9814533843815	1	60	0	0.684652278177458	-Inf	"SD"	NA	NA
"ECK120000567"	"mcrB"	"-"	4575981	4577360	1380	"M-C1h"	30	2.48915451467329	1	100	0	0.797826086956522	-Inf	"SD"	NA	NA
"ECK120000572"	"menD"	"-"	2375611	2377281	1671	"M-C1h"	18	1.23340510960472	0	0	0	0.559545182525434	-Inf	"SD"	3	4.91803278688525
"ECK120000573"	"mepA"	"-"	2443582	2444406	825	"M-C1h"	24	3.33094131418099	0	0	0	0.756363636363636	-Inf	"SD"	NA	NA
"ECK120000578"	"metF"	"+"	4130639	4131529	891	"M-C1h"	7	0.899559768490236	1	76	0	0.255892255892256	-Inf	"SD"	NA	NA
"ECK120000583"	"metL"	"+"	4127858	4130290	2433	"M-C1h"	40	1.88246786148741	0	0	0	0.45252774352651	-Inf	"SD"	4	4.49438202247191
"ECK120000585"	"mglA"	"-"	2235791	2237311	1521	"M-C1h"	241	18.1425160747325	0	0	0	1	-Inf	"SD"	22	39.2857142857143
"ECK120000586"	"mglB"	"-"	2237372	2238370	999	"M-C1h"	4780	547.863157844208	0	0	0	1	-Inf	"SD"	100	277.777777777778
"ECK120000588"	"miaA"	"+"	4397275	4398225	951	"M-C1h"	1051	126.541182088743	2	94	0	1	-Inf	"SD"	4	11.4285714285714
"ECK120000590"	"minD"	"-"	1223772	1224584	813	"M-C1h"	816	114.923620987425	0	0	0	1	-Inf	"SD"	22	73.3333333333333
"ECK120000592"	"groL"	"+"	4369048	4370694	1647	"M-C1h"	6129	426.094285938009	0	0	0	1	-Inf	"SD"	373	654.385964912281
"ECK120000594"	"motA"	"-"	1974276	1975163	888	"M-C1h"	340	43.8405141998765	0	0	0	1	-Inf	"SD"	4	12.5
"ECK120000595"	"motB"	"-"	1973353	1974279	927	"M-C1h"	143	17.6630619174983	0	0	0	0.985976267529666	-Inf	"SD"	NA	NA
"ECK120000596"	"mprA"	"+"	2808792	2809322	531	"M-C1h"	8	1.72506376911445	1	72	0	0.436911487758945	-Inf	"SD"	5	23.8095238095238
"ECK120000597"	"mraY"	"+"	96002	97084	1083	"M-C1h"	157	16.598960207729	0	0	0	1	-Inf	"SD"	NA	NA
"ECK120000598"	"mrcB"	"+"	164730	167264	2535	"M-C1h"	163	7.36239863945576	1	76	0	0.9534516765286	-Inf	"SD"	14	14.8936170212766
"ECK120000599"	"mrdA"	"-"	665539	667440	1902	"M-C1h"	12	0.722404464826319	1	74	0	0.349631966351209	-Inf	"SD"	NA	NA
"ECK120000600"	"mrdB"	"-"	664424	665536	1113	"M-C1h"	26	2.67477879564174	0	0	0	0.269541778975741	-Inf	"SD"	NA	NA
"ECK120000601"	"mreB"	"-"	3398066	3399109	1044	"M-C1h"	41	4.49669101022398	0	0	0	0.89176245210728	-Inf	"SD"	19	51.3513513513514
"ECK120000602"	"mreC"	"-"	3396897	3398000	1104	"M-C1h"	13	1.34829202878137	2	115	0	0.335144927536232	-Inf	"SD"	3	7.5
"ECK120000603"	"mreD"	"-"	3396409	3396897	489	"M-C1h"	21	0	0	0	0	0.224948875255624	NA	"NO"	NA	NA
"ECK120000606"	"msbA"	"+"	965844	967592	1749	"M-C1h"	61	3.99346344663994	0	0	0	0.676958261863922	-Inf	"SD"	12	18.75
"ECK120000609"	"mtlD"	"+"	3772447	3773595	1149	"M-C1h"	762	75.9354604424093	0	0	0	1	-Inf	"SD"	6	14.6341463414634
"ECK120000611"	"mukB"	"+"	975549	980009	4461	"M-C1h"	326	8.36748735755228	7	201	29.8507462686567	0.94418291862811	-2.80176006030981	"SD"	47	27.6470588235294
"ECK120000612"	"murC"	"+"	100765	102240	1476	"M-C1h"	117	9.07630731569896	0	0	0	0.98780487804878	-Inf	"SD"	5	9.25925925925926
"ECK120000613"	"murD"	"+"	97087	98403	1317	"M-C1h"	271	23.5609720424581	0	0	0	0.997722095671982	-Inf	"SD"	3	6.38297872340426
"ECK120000614"	"murE"	"+"	93166	94653	1488	"M-C1h"	308	23.7004980940129	0	0	0	1	-Inf	"SD"	4	7.54716981132075
"ECK120000615"	"murF"	"+"	94650	96008	1359	"M-C1h"	232	19.5469146288399	0	0	0	0.946284032376748	-Inf	"SD"	4	8.51063829787234
"ECK120000616"	"murG"	"+"	99644	100711	1068	"M-C1h"	63	6.7542788235236	0	0	0	0.924157303370786	-Inf	"SD"	4	10.5263157894737
"ECK120000622"	"emrE"	"+"	567538	567870	333	"M-C1h"	5	1.71923585097555	0	0	0	0.528528528528528	-Inf	"SD"	NA	NA
"ECK120000623"	"nadA"	"+"	781308	782351	1044	"M-C1h"	37	4.05798944825091	4	256	0	0.783524904214559	-Inf	"SD"	NA	NA
"ECK120000625"	"nagA"	"-"	700826	701974	1149	"M-C1h"	236	23.5180691133971	1	39	0	0.862489120974761	-Inf	"SD"	4	9.75609756097561
"ECK120000627"	"umpH"	"-"	698797	699549	753	"M-C1h"	66	10.0359536607545	2	100	0	1	-Inf	"SD"	11	40.7407407407407
"ECK120000629"	"nagC"	"-"	699597	700817	1221	"M-C1h"	172	16.1295581655161	1	100	0	0.96969696969697	-Inf	"SD"	6	13.3333333333333
"ECK120000630"	"nanA"	"-"	3370705	3371598	894	"M-C1h"	27	3.45808714454612	1	100	0	0.71923937360179	-Inf	"SD"	23	69.6969696969697
"ECK120000631"	"narG"	"+"	1279087	1282830	3744	"M-C1h"	42	1.28446755404615	4	76	0	0.315705128205128	-Inf	"SD"	118	84.2857142857143
"ECK120000632"	"narH"	"+"	1282827	1284365	1539	"M-C1h"	27	2.0087913627188	0	0	0	0.446393762183236	-Inf	"SD"	33	56.8965517241379
"ECK120000633"	"narI"	"+"	1285072	1285749	678	"M-C1h"	25	4.22201724465234	0	0	0	0.929203539823009	-Inf	"SD"	1	4
"ECK120000634"	"narJ"	"+"	1284362	1285072	711	"M-C1h"	12	1.93250814641302	1	76	0	0.428973277074543	-Inf	"SD"	3	11.5384615384615
"ECK120000637"	"narV"	"-"	1533961	1534641	681	"M-C1h"	5	0.840683609948396	0	0	0	0.37151248164464	-Inf	"SD"	NA	NA
"ECK120000638"	"narW"	"-"	1534638	1535333	696	"M-C1h"	4	0.658052342959606	0	0	0	0.346264367816092	-Inf	"SD"	NA	NA
"ECK120000640"	"narY"	"-"	1535333	1536877	1545	"M-C1h"	11	0.815218242346075	1	70	0	0.407119741100324	-Inf	"SD"	NA	NA
"ECK120000641"	"narZ"	"-"	1536874	1540614	3741	"M-C1h"	13	0	2	54	0	0.24993317294841	NA	"NO"	NA	NA
"ECK120000642"	"ndh"	"+"	1165308	1166612	1305	"M-C1h"	60	5.26441874367685	0	0	0	0.809195402298851	-Inf	"SD"	30	63.8297872340426
"ECK120000643"	"ndk"	"-"	2642455	2642886	432	"M-C1h"	263	69.7078502743461	1	75	0	1	-Inf	"SD"	12	80
"ECK120000644"	"nfo"	"+"	2248862	2249719	858	"M-C1h"	18	2.40212114003437	0	0	0	0.610722610722611	-Inf	"SD"	4	12.9032258064516
"ECK120000645"	"nhaA"	"+"	17489	18655	1167	"M-C1h"	61	5.98506218352464	0	0	0	0.888603256212511	-Inf	"SD"	NA	NA
"ECK120000646"	"nirB"	"+"	3492033	3494576	2544	"M-C1h"	5	0	1	76	0	0.143867924528302	NA	"NO"	NA	NA
"ECK120000647"	"nirC"	"+"	3495025	3495831	807	"M-C1h"	36	0	1	75	0	0.172242874845105	NA	"NO"	NA	NA
"ECK120000648"	"nirD"	"+"	3494573	3494899	327	"M-C1h"	2	0.700312585168021	0	0	0	0.434250764525994	-Inf	"SD"	NA	NA
"ECK120000651"	"bamC"	"-"	2595853	2596887	1035	"M-C1h"	379	41.9284249360524	0	0	0	1	-Inf	"SD"	2	5.40540540540541
"ECK120000654"	"nrdB"	"+"	2345406	2346536	1131	"M-C1h"	84	8.50406104747799	3	129	0	0.945181255526083	-Inf	"SD"	7	15.9090909090909
"ECK120000655"	"nth"	"+"	1709547	1710182	636	"M-C1h"	8	1.44026550534555	1	72	0	0.512578616352201	-Inf	"SD"	1	4.16666666666667
"ECK120000658"	"nusA"	"-"	3314061	3315548	1488	"M-C1h"	135	10.3882053334148	0	0	0	0.983870967741935	-Inf	"SD"	36	65.4545454545455
"ECK120000659"	"nusB"	"+"	434361	434780	420	"M-C1h"	104	28.3526552338025	1	76	0	1	-Inf	"SD"	5	31.25
"ECK120000660"	"nusG"	"+"	4175766	4176311	546	"M-C1h"	102	21.3903168184013	0	0	0	1	-Inf	"SD"	24	114.285714285714
"ECK120000661"	"ogt"	"-"	1397745	1398260	516	"M-C1h"	7	1.55330960024186	0	0	0	0.298449612403101	-Inf	"SD"	NA	NA
"ECK120000664"	"ompF"	"-"	985117	986205	1089	"M-C1h"	18610	1956.7177353822	3	75	0	1	-Inf	"SD"	20	51.2820512820513
"ECK120000667"	"oppA"	"+"	1299206	1300837	1632	"M-C1h"	2701	189.502139601776	5	163	0	1	-Inf	"SD"	52	85.2459016393443
"ECK120000668"	"oppB"	"+"	1300923	1301843	921	"M-C1h"	97	12.0592914706539	1	76	0	0.980456026058632	-Inf	"SD"	4	12.1212121212121
"ECK120000669"	"oppC"	"+"	1301858	1302766	909	"M-C1h"	106	13.3521643713388	0	0	0	0.983498349834984	-Inf	"SD"	NA	NA
"ECK120000670"	"oppD"	"+"	1302778	1303791	1014	"M-C1h"	288	32.5210246650807	0	0	0	1	-Inf	"SD"	2	5.40540540540541
"ECK120000675"	"pabA"	"-"	3488288	3488851	564	"M-C1h"	1	0	0	0	0	0.0797872340425532	NA	"NO"	NA	NA
"ECK120000677"	"pal"	"+"	778290	778811	522	"M-C1h"	798	175.041923227255	0	0	0	1	-Inf	"SD"	3	15.7894736842105
"ECK120000678"	"panF"	"+"	3405629	3407080	1452	"M-C1h"	5	0	25	303	79.2079207920792	0.18595041322314	Inf	"AD"	NA	NA
"ECK120000679"	"parC"	"-"	3161737	3163995	2259	"M-C1h"	162	8.21123481334457	0	0	0	0.935812306330235	-Inf	"SD"	13	15.4761904761905
"ECK120000682"	"pcm"	"-"	2866915	2867541	627	"M-C1h"	187	34.1494531662196	0	0	0	1	-Inf	"SD"	3	13.0434782608696
"ECK120000683"	"pcnB"	"-"	157729	159126	1398	"M-C1h"	19	1.55616669944525	1	76	0	0.517167381974249	-Inf	"SD"	6	11.1111111111111
"ECK120000684"	"pdxA"	"-"	52427	53416	990	"M-C1h"	17	1.96618063684294	0	0	0	0.554545454545455	-Inf	"SD"	NA	NA
"ECK120000685"	"pdxJ"	"-"	2699020	2699751	732	"M-C1h"	250	39.1055695611241	0	0	0	1	-Inf	"SD"	5	19.2307692307692
"ECK120000689"	"pepP"	"-"	3051537	3052862	1326	"M-C1h"	506	43.6934845275532	5	124	0	1	-Inf	"SD"	8	16
"ECK120000691"	"pfkA"	"+"	4105575	4106537	963	"M-C1h"	236	28.060499907885	0	0	0	1	-Inf	"SD"	24	68.5714285714286
"ECK120000693"	"pflB"	"-"	950495	952777	2283	"M-C1h"	1730	86.7660605684191	8	143	0	1	-Inf	"SD"	181	212.941176470588
"ECK120000695"	"pgk"	"-"	3069481	3070644	1164	"M-C1h"	776	76.3340717833143	0	0	0	1	-Inf	"SD"	202	492.682926829268
"ECK120000698"	"pgsA"	"-"	1990293	1990841	549	"M-C1h"	131	27.3217579333721	0	0	0	1	-Inf	"SD"	NA	NA
"ECK120000701"	"pheS"	"-"	1795983	1796966	984	"M-C1h"	39	4.53815365784948	0	0	0	0.922764227642276	-Inf	"SD"	21	56.7567567567568
"ECK120000702"	"pheT"	"-"	1793581	1795968	2388	"M-C1h"	1124	53.8941562088224	0	0	0	0.960636515912898	-Inf	"SD"	63	72.4137931034483
"ECK120000704"	"yjdN"	"-"	4323321	4323764	444	"M-C1h"	19	4.89982217528031	1	56	0	0.923423423423423	-Inf	"SD"	NA	NA
"ECK120000705"	"phnC"	"-"	4322400	4323188	789	"M-C1h"	0	0	0	0	0	0	NA	"NO"	NA	NA
"ECK120000706"	"phnD"	"-"	4321359	4322375	1017	"M-C1h"	2	0	0	0	0	0.16125860373648	NA	"NO"	NA	NA
"ECK120000707"	"phnF"	"-"	4319720	4320445	726	"M-C1h"	0	0	4	257	0	0	NA	"NO"	NA	NA
"ECK120000708"	"phnG"	"-"	4319267	4319719	453	"M-C1h"	0	0	0	0	0	0	NA	"NO"	NA	NA
"ECK120000709"	"phnH"	"-"	4318686	4319270	585	"M-C1h"	0	0	3	72	0	0	NA	"NO"	NA	NA
"ECK120000710"	"phnI"	"-"	4317622	4318686	1065	"M-C1h"	0	0	0	0	0	0	NA	"NO"	NA	NA
"ECK120000711"	"phnJ"	"-"	4316784	4317629	846	"M-C1h"	0	0	0	0	0	0	NA	"NO"	NA	NA
"ECK120000712"	"phnK"	"-"	4316029	4316787	759	"M-C1h"	0	0	0	0	0	0	NA	"NO"	NA	NA
"ECK120000713"	"phnL"	"-"	4315238	4315918	681	"M-C1h"	0	0	8	351	22.7920227920228	0	Inf	"AD"	NA	NA
"ECK120000714"	"phnM"	"-"	4314105	4315241	1137	"M-C1h"	1	0	0	0	0	0.0668425681618294	NA	"NO"	NA	NA
"ECK120000715"	"phnN"	"-"	4313548	4314105	558	"M-C1h"	2	0	0	0	0	0.193548387096774	NA	"NO"	NA	NA
"ECK120000716"	"phnO"	"-"	4313127	4313561	435	"M-C1h"	0	0	0	0	0	0	NA	"NO"	NA	NA
"ECK120000718"	"phoA"	"+"	400971	402386	1416	"M-C1h"	162	13.0997029967128	3	100	0	0.97316384180791	-Inf	"SD"	NA	NA
"ECK120000721"	"creC"	"+"	4634719	4636143	1425	"M-C1h"	22	1.76773639919254	9	136	58.8235294117647	0.540350877192982	-0.143831254271293	"SD"	NA	NA
"ECK120000722"	"phoP"	"-"	1188999	1189670	672	"M-C1h"	157	26.7510028347776	3	103	0	1	-Inf	"SD"	15	57.6923076923077
"ECK120000723"	"phoQ"	"-"	1187539	1188999	1461	"M-C1h"	40	3.13486947775418	2	194	0	0.73305954825462	-Inf	"SD"	NA	NA
"ECK120000724"	"phoR"	"+"	417113	418408	1296	"M-C1h"	51	4.50583062609842	0	0	0	0.847993827160494	-Inf	"SD"	NA	NA
"ECK120000725"	"pstS"	"-"	3908508	3909548	1041	"M-C1h"	21	2.30982061592162	4	224	0	0.66090297790586	-Inf	"SD"	4	10.8108108108108
"ECK120000726"	"phoU"	"-"	3904876	3905601	726	"M-C1h"	88	13.8789221424208	0	0	0	1	-Inf	"SD"	5	18.5185185185185
"ECK120000734"	"pnp"	"-"	3307055	3309190	2136	"M-C1h"	1002	53.7125982632591	3	77	0	1	-Inf	"SD"	102	132.467532467532
"ECK120000738"	"polB"	"-"	63429	65780	2352	"M-C1h"	40	1.94729774957435	1	76	0	0.477040816326531	-Inf	"SD"	NA	NA
"ECK120000741"	"potB"	"-"	1182840	1183667	828	"M-C1h"	14	1.93600906696812	4	111	0	0.410628019323671	-Inf	"SD"	NA	NA
"ECK120000742"	"potC"	"-"	1182049	1182843	795	"M-C1h"	17	2.44845135908744	1	54	0	0.523270440251572	-Inf	"SD"	NA	NA
"ECK120000743"	"potD"	"-"	1181006	1182052	1047	"M-C1h"	56	6.12422352416275	1	47	0	1	-Inf	"SD"	20	51.2820512820513
"ECK120000744"	"potE"	"-"	716169	717488	1320	"M-C1h"	15	1.30114895085195	0	0	0	0.622727272727273	-Inf	"SD"	NA	NA
"ECK120000745"	"poxB"	"-"	908554	910272	1719	"M-C1h"	29	1.93166499277148	0	0	0	0.454915648632926	-Inf	"SD"	NA	NA
"ECK120000747"	"ppc"	"-"	4148470	4151121	2652	"M-C1h"	702	30.3091167374925	5	150	0	1	-Inf	"SD"	33	33.3333333333333
"ECK120000751"	"prc"	"-"	1910792	1912840	2049	"M-C1h"	203	11.3439359970811	2	100	0	0.843338213762811	-Inf	"SD"	13	16.8831168831169
"ECK120000752"	"prfA"	"+"	1264235	1265317	1083	"M-C1h"	2	0	1	100	0	0.157894736842105	NA	"NO"	3	7.31707317073171
"ECK120000753"	"prfB"	"-"	3033206	3034304	1099	"M-C1h"	149	15.5238080469252	1	76	0	1	-Inf	"SD"	21	51.219512195122
"ECK120000755"	"priB"	"+"	4423543	4423857	315	"M-C1h"	78	28.3526552338025	0	0	0	0.952380952380952	-Inf	"SD"	NA	NA
"ECK120000757"	"secY"	"-"	3440788	3442119	1332	"M-C1h"	1416	121.721898249069	5	180	0	1	-Inf	"SD"	16	32.6530612244898
"ECK120000758"	"proA"	"+"	260727	261980	1254	"M-C1h"	53	4.8393610101862	0	0	0	0.832535885167464	-Inf	"SD"	9	20
"ECK120000761"	"proS"	"-"	217057	218775	1719	"M-C1h"	170	11.3235534059018	1	100	0	0.977312390924956	-Inf	"SD"	64	100
"ECK120000762"	"proV"	"+"	2802837	2804039	1203	"M-C1h"	9	0.856616765648166	0	0	0	0.388196176226101	-Inf	"SD"	11	25
"ECK120000763"	"proW"	"+"	2804032	2805096	1065	"M-C1h"	10	1.07512777159598	0	0	0	0.392488262910798	-Inf	"SD"	8	21.0526315789474
"ECK120000764"	"proX"	"+"	2805154	2806146	993	"M-C1h"	6	0.691849593202245	1	76	0	0.347432024169184	-Inf	"SD"	19	52.7777777777778
"ECK120000765"	"prs"	"-"	1260151	1261098	948	"M-C1h"	70	8.45472314055697	5	283	0	0.789029535864979	-Inf	"SD"	27	79.4117647058823
"ECK120000766"	"psd"	"-"	4387415	4388383	969	"M-C1h"	45	5.31738890131447	0	0	0	0.821465428276574	-Inf	"SD"	8	22.2222222222222
"ECK120000768"	"pspB"	"+"	1366825	1367049	225	"M-C1h"	53	26.9713720301044	0	0	0	1	-Inf	"SD"	NA	NA
"ECK120000769"	"pspC"	"+"	1367049	1367408	360	"M-C1h"	113	35.9406254646438	0	0	0	1	-Inf	"SD"	NA	NA
"ECK120000770"	"pspD"	"+"	1367417	1367638	222	"M-C1h"	32	16.5046641693653	0	0	0	0.882882882882883	-Inf	"SD"	NA	NA
"ECK120000771"	"pspE"	"+"	1367713	1368027	315	"M-C1h"	567	206.101993814949	0	0	0	1	-Inf	"SD"	2	18.1818181818182
"ECK120000773"	"pstA"	"-"	3906572	3907462	891	"M-C1h"	13	1.67061099862472	0	0	0	0.67003367003367	-Inf	"SD"	NA	NA
"ECK120000774"	"pstB"	"-"	3905616	3906389	774	"M-C1h"	78	11.5388713160824	1	58	0	0.953488372093023	-Inf	"SD"	1	3.44827586206897
"ECK120000775"	"pstC"	"-"	3907462	3908421	960	"M-C1h"	6	0.715631922968572	1	76	0	0.390625	-Inf	"SD"	NA	NA
"ECK120000777"	"ptrA"	"-"	2954018	2956906	2889	"M-C1h"	50	1.98167372230826	2	89	0	0.548632744894427	-Inf	"SD"	6	5.55555555555556
"ECK120000779"	"ptsH"	"+"	2531786	2532043	258	"M-C1h"	218	96.7489979579216	0	0	0	1	-Inf	"SD"	53	588.888888888889
"ECK120000780"	"ptsI"	"+"	2532088	2533815	1728	"M-C1h"	1086	71.9607655873953	2	100	0	1	-Inf	"SD"	52	81.25
"ECK120000781"	"purA"	"+"	4402710	4404008	1299	"M-C1h"	1110	97.8415931633706	4	101	0	1	-Inf	"SD"	53	112.765957446809
"ECK120000782"	"purC"	"-"	2594927	2595640	714	"M-C1h"	28	4.49023951666555	109	367	297.00272479564	0.84593837535014	2.27946382717496	"AD"	6	22.2222222222222
"ECK120000784"	"purE"	"-"	551814	552323	510	"M-C1h"	3	0	0	0	0	0.211764705882353	NA	"NO"	3	16.6666666666667
"ECK120000785"	"purF"	"-"	2426743	2428260	1518	"M-C1h"	20	1.50857849374139	5	148	0	0.596837944664032	-Inf	"SD"	3	5.35714285714286
"ECK120000790"	"purN"	"+"	2620256	2620894	639	"M-C1h"	33	5.91320274377787	1	75	0	0.846635367762128	-Inf	"SD"	2	8.69565217391304
"ECK120000797"	"pyrC"	"-"	1120784	1121830	1047	"M-C1h"	14	1.53105588104069	1	76	0	0.485195797516714	-Inf	"SD"	8	20.5128205128205
"ECK120000798"	"pyrD"	"+"	1003991	1005001	1011	"M-C1h"	6	0.679531796290632	0	0	0	0.299703264094956	-Inf	"SD"	9	24.3243243243243
"ECK120000800"	"pyrF"	"+"	1339945	1340682	738	"M-C1h"	1	0	0	0	0	0.0840108401084011	NA	"NO"	5	19.2307692307692
"ECK120000801"	"pyrG"	"-"	2906051	2907688	1638	"M-C1h"	121	8.45826253276651	3	76	0	0.924908424908425	-Inf	"SD"	15	25
"ECK120000802"	"pyrI"	"-"	4469009	4469470	462	"M-C1h"	7	0	0	0	0	0.231601731601732	NA	"NO"	NA	NA
"ECK120000804"	"racC"	"-"	1415512	1415787	276	"M-C1h"	3	1.24457725733665	31	120	258.333333333333	0.311594202898551	2.31661242687042	"AD"	NA	NA
"ECK120000805"	"rbsA"	"+"	3931801	3933306	1506	"M-C1h"	120	9.12359423704952	0	0	0	1	-Inf	"SD"	9	16.3636363636364
"ECK120000806"	"rbsB"	"+"	3934301	3935191	891	"M-C1h"	2347	301.609539520941	2	136	0	1	-Inf	"SD"	53	170.967741935484
"ECK120000807"	"rbsC"	"+"	3933311	3934276	966	"M-C1h"	936	110.94517265401	0	0	0	0.971014492753623	-Inf	"SD"	NA	NA
"ECK120000808"	"rbsD"	"+"	3931374	3931793	420	"M-C1h"	937	255.446518789163	0	0	0	1	-Inf	"SD"	NA	NA
"ECK120000809"	"rbsK"	"+"	3935317	3936246	930	"M-C1h"	86	10.5882744731694	2	76	0	0.981720430107527	-Inf	"SD"	6	18.75
"ECK120000814"	"recA"	"-"	2820730	2821791	1062	"M-C1h"	1646	177.465935247649	0	0	0	1	-Inf	"SD"	13	34.2105263157895
"ECK120000815"	"recB"	"-"	2950483	2954025	3543	"M-C1h"	27	0.872574063568792	2	92	0	0.411797911374541	-Inf	"SD"	0	0
"ECK120000816"	"recC"	"-"	2957082	2960450	3369	"M-C1h"	153	5.19996125683308	27	339	58.9970501474926	0.854259424161472	-0.378500874256997	"SD"	5	3.87596899224806
"ECK120000818"	"recE"	"-"	1412810	1415410	2601	"M-C1h"	24	1.05652694509778	1	95	0	0.43521722414456	-Inf	"SD"	NA	NA
"ECK120000819"	"recF"	"-"	3878171	3879244	1074	"M-C1h"	20	2.13223664199202	2	98	0	0.322160148975791	-Inf	"SD"	NA	NA
"ECK120000821"	"recJ"	"-"	3034395	3036128	1734	"M-C1h"	29	1.91495508798972	2	76	0	0.506343713956171	-Inf	"SD"	NA	NA
"ECK120000822"	"recN"	"+"	2749817	2751478	1662	"M-C1h"	252	17.3611787810426	1	60	0	0.971119133574007	-Inf	"SD"	NA	NA
"ECK120000823"	"recO"	"-"	2699763	2700491	729	"M-C1h"	63	0	1	100	0	0.168724279835391	NA	"NO"	NA	NA
"ECK120000824"	"recQ"	"+"	4003887	4005716	1830	"M-C1h"	2	0	3	70	0	0.06775956284153	NA	"NO"	NA	NA
"ECK120000825"	"recR"	"+"	493629	494234	606	"M-C1h"	6	1.13367433341556	0	0	0	0.341584158415842	-Inf	"SD"	2	9.09090909090909
"ECK120000826"	"relA"	"-"	2909439	2911673	2235	"M-C1h"	212	10.8609551799078	2	76	0	0.557046979865772	-Inf	"SD"	NA	NA
"ECK120000831"	"rfe"	"+"	3965939	3967042	1104	"M-C1h"	89	9.23061465858013	5	286	0	0.77536231884058	-Inf	"SD"	NA	NA
"ECK120000836"	"rho"	"+"	3964440	3965699	1260	"M-C1h"	84	7.63340717833143	3	116	0	0.96031746031746	-Inf	"SD"	71	151.063829787234
"ECK120000838"	"rhsB"	"+"	3617215	3621450	4236	"M-C1h"	9	0	1	71	0	0.0767233238904627	NA	"NO"	NA	NA
"ECK120000839"	"rhsC"	"+"	728806	732999	4194	"M-C1h"	6	0	0	0	0	0.0689079637577492	NA	"NO"	NA	NA
"ECK120000840"	"rhsD"	"+"	522485	526765	4281	"M-C1h"	42	1.12334653640477	0	0	0	0.278439616911936	-Inf	"SD"	NA	NA
"ECK120000841"	"rimI"	"+"	4606208	4606654	447	"M-C1h"	10	2.56154603299713	1	76	0	0.548098434004474	-Inf	"SD"	2	11.7647058823529
"ECK120000843"	"rimK"	"+"	891190	892092	903	"M-C1h"	33	4.18442586187604	1	58	0	0.640088593576966	-Inf	"SD"	NA	NA
"ECK120000845"	"rlpA"	"-"	663325	664413	1089	"M-C1h"	64	6.7291743720828	25	491	38.6965376782077	0.681359044995409	-0.824430087412971	"SD"	NA	NA
"ECK120000846"	"lptE"	"-"	670828	671409	582	"M-C1h"	125	24.5921623013255	0	0	0	1	-Inf	"SD"	0	0
"ECK120000848"	"rnc"	"-"	2701405	2702085	681	"M-C1h"	26	4.37155477173166	0	0	0	0.97503671071953	-Inf	"SD"	3	11.5384615384615
"ECK120000852"	"rnhB"	"+"	204493	205089	597	"M-C1h"	4	0.76717660083733	0	0	0	0.38358458961474	-Inf	"SD"	NA	NA
"ECK120000853"	"rnpA"	"+"	3882516	3882875	360	"M-C1h"	10	3.18058632430476	0	0	0	0.594444444444444	-Inf	"SD"	NA	NA
"ECK120000855"	"rplA"	"+"	4176902	4177606	705	"M-C1h"	848	137.726155047342	2	100	0	1	-Inf	"SD"	168	672
"ECK120000856"	"rplB"	"-"	3448565	3449386	822	"M-C1h"	157	21.8694329744167	6	76	0	0.987834549878346	-Inf	"SD"	61	203.333333333333
"ECK120000857"	"rplC"	"-"	3450319	3450948	630	"M-C1h"	132	23.9907082747559	0	0	0	1	-Inf	"SD"	89	404.545454545455
"ECK120000858"	"rplD"	"-"	3449703	3450308	606	"M-C1h"	169	31.9318270578716	0	0	0	1	-Inf	"SD"	26	118.181818181818
"ECK120000859"	"rplE"	"-"	3444921	3445460	540	"M-C1h"	698	148.003283624315	33	236	139.830508474576	1	-4.48701934937383	"SD"	46	230
"ECK120000860"	"rplF"	"-"	3443629	3444162	534	"M-C1h"	548	117.503009374315	0	0	0	1	-Inf	"SD"	55	289.473684210526
"ECK120000862"	"rplJ"	"+"	4178019	4178516	498	"M-C1h"	862	198.192680353063	9	350	25.7142857142857	1	-6.78276296515217	"SD"	12	66.6666666666667
"ECK120000863"	"rplK"	"+"	4176470	4176898	429	"M-C1h"	241	64.3234660831425	1	100	0	1	-Inf	"SD"	23	153.333333333333
"ECK120000864"	"rplL"	"+"	4178583	4178948	366	"M-C1h"	1594	498.674223043455	0	0	0	1	-Inf	"SD"	133	1108.33333333333
"ECK120000865"	"rplM"	"-"	3376245	3376673	429	"M-C1h"	99	26.423332540378	1	100	0	1	-Inf	"SD"	7	43.75
"ECK120000866"	"rplN"	"-"	3445800	3446171	372	"M-C1h"	901	277.326607567606	3	216	0	1	-Inf	"SD"	12	85.7142857142857
"ECK120000867"	"rplO"	"-"	3442127	3442561	435	"M-C1h"	1592	419.047731996677	0	0	0	1	-Inf	"SD"	32	213.333333333333
"ECK120000868"	"rplP"	"-"	3446781	3447191	411	"M-C1h"	291	81.0701273319141	0	0	0	1	-Inf	"SD"	20	133.333333333333
"ECK120000869"	"rplQ"	"-"	3437638	3438021	384	"M-C1h"	146	43.5342753139214	1	100	0	1	-Inf	"SD"	23	164.285714285714
"ECK120000870"	"rplR"	"-"	3443266	3443619	354	"M-C1h"	640	207.007652293734	0	0	0	1	-Inf	"SD"	NA	NA
"ECK120000872"	"rplT"	"-"	1797417	1797773	357	"M-C1h"	284	91.0877159095011	2	169	0	1	-Inf	"SD"	9	69.2307692307692
"ECK120000873"	"rplV"	"-"	3447923	3448255	333	"M-C1h"	250	85.9617925487774	0	0	0	1	-Inf	"SD"	16	133.333333333333
"ECK120000874"	"rplW"	"-"	3449404	3449706	303	"M-C1h"	138	52.1490193371157	0	0	0	1	-Inf	"SD"	NA	NA
"ECK120000875"	"rplX"	"-"	3445475	3445789	315	"M-C1h"	477	173.3873916221	0	0	0	1	-Inf	"SD"	74	672.727272727273
"ECK120000877"	"rpmB"	"-"	3809461	3809697	237	"M-C1h"	134	64.7390229048362	0	0	0	1	-Inf	"SD"	3	33.3333333333333
"ECK120000878"	"rpmC"	"-"	3446590	3446781	192	"M-C1h"	679	404.92839641305	0	0	0	1	-Inf	"SD"	3	42.8571428571429
"ECK120000879"	"rpmD"	"-"	3442565	3442744	180	"M-C1h"	234	148.851439977463	0	0	0	1	-Inf	"SD"	5	71.4285714285714
"ECK120000881"	"rpmF"	"+"	1146590	1146763	174	"M-C1h"	59	38.8250882346168	0	0	0	1	-Inf	"SD"	NA	NA
"ECK120000882"	"rpmG"	"-"	3809273	3809440	168	"M-C1h"	61	41.5748069534123	0	0	0	1	-Inf	"SD"	NA	NA
"ECK120000884"	"rpoA"	"-"	3438062	3439051	990	"M-C1h"	494	57.1348961529656	2	36	0	1	-Inf	"SD"	84	227.027027027027
"ECK120000885"	"rpoB"	"+"	4179268	4183296	4029	"M-C1h"	685	19.4671776513665	9	183	38.2513661202186	0.989823777612311	-3.79754500521515	"SD"	255	168.87417218543
"ECK120000886"	"rpoC"	"+"	4183373	4187596	4224	"M-C1h"	1079	29.2487441243594	6	152	0	1	-Inf	"SD"	338	218.064516129032
"ECK120000888"	"rpoH"	"-"	3597952	3598806	855	"M-C1h"	1212	162.310342107679	0	0	0	1	-Inf	"SD"	NA	NA
"ECK120000889"	"rpoN"	"+"	3342739	3344172	1434	"M-C1h"	470	37.5282570482821	7	160	0	0.99860529986053	-Inf	"SD"	7	12.962962962963
"ECK120000890"	"rpoZ"	"+"	3820129	3820404	276	"M-C1h"	233	96.6621669864795	0	0	0	1	-Inf	"SD"	5	50
"ECK120000891"	"rpsA"	"+"	961218	962891	1674	"M-C1h"	1569	107.319138555574	3	131	0	1	-Inf	"SD"	404	662.295081967213
"ECK120000892"	"rpsB"	"+"	189874	190599	726	"M-C1h"	302	47.6299373523986	0	0	0	1	-Inf	"SD"	80	296.296296296296
"ECK120000893"	"rpsC"	"-"	3447204	3447905	702	"M-C1h"	265	43.2233526123468	1	37	0	1	-Inf	"SD"	102	392.307692307692
"ECK120000894"	"rpsD"	"-"	3439077	3439697	621	"M-C1h"	431	79.4685626536437	0	0	0	1	-Inf	"SD"	73	317.391304347826
"ECK120000895"	"rpsE"	"-"	3442748	3443251	504	"M-C1h"	692	157.211838315635	0	0	0	1	-Inf	"SD"	96	533.333333333333
"ECK120000897"	"rpsG"	"-"	3471564	3472103	540	"M-C1h"	274	58.0987101906337	0	0	0	1	-Inf	"SD"	19	95
"ECK120000898"	"rpsH"	"-"	3444175	3444567	393	"M-C1h"	331	96.4373196957139	0	0	0	1	-Inf	"SD"	49	350
"ECK120000899"	"rpsI"	"-"	3375837	3376229	393	"M-C1h"	92	26.8043305498661	1	76	0	1	-Inf	"SD"	5	33.3333333333333
"ECK120000900"	"rpsJ"	"-"	3450981	3451292	312	"M-C1h"	78	28.6252769187429	0	0	0	1	-Inf	"SD"	38	316.666666666667
"ECK120000901"	"rpsK"	"-"	3439731	3440120	390	"M-C1h"	213	62.5352203455613	0	0	0	1	-Inf	"SD"	7	50
"ECK120000902"	"rpsL"	"-"	3472200	3472574	375	"M-C1h"	51	15.5721506437961	1	76	0	1	-Inf	"SD"	NA	NA
"ECK120000903"	"rpsM"	"-"	3440137	3440493	357	"M-C1h"	223	71.5231008726012	0	0	0	1	-Inf	"SD"	32	246.153846153846
"ECK120000904"	"rpsN"	"-"	3444601	3444906	306	"M-C1h"	304	113.752734422194	3	113	0	1	-Inf	"SD"	6	50
"ECK120000905"	"rpsO"	"-"	3309437	3309706	270	"M-C1h"	206	87.3601043742375	0	0	0	1	-Inf	"SD"	3	30
"ECK120000906"	"rpsP"	"-"	2743959	2744207	249	"M-C1h"	34	15.6346894014017	3	78	0	1	-Inf	"SD"	10	111.111111111111
"ECK120000907"	"rpsQ"	"-"	3446336	3446590	255	"M-C1h"	905	406.366676258232	1	76	0	1	-Inf	"SD"	1	10
"ECK120000908"	"rpsR"	"+"	4423862	4424089	228	"M-C1h"	53	26.6164855560241	3	111	0	1	-Inf	"SD"	11	122.222222222222
"ECK120000909"	"rpsS"	"-"	3448270	3448548	279	"M-C1h"	144	59.0973458967595	1	94	0	1	-Inf	"SD"	9	90
"ECK120000916"	"sbcC"	"-"	411831	414977	3147	"M-C1h"	31	1.12791049822819	0	0	0	0.342866221798538	-Inf	"SD"	3	2.52100840336134
"ECK120000918"	"sbp"	"+"	4106857	4107846	990	"M-C1h"	11	1.27223452972191	0	0	0	0.462626262626263	-Inf	"SD"	2	5.40540540540541
"ECK120000919"	"sdaA"	"+"	1894956	1896320	1365	"M-C1h"	449	37.6637343194595	1	54	0	1	-Inf	"SD"	2	4.08163265306122
"ECK120000920"	"sdhA"	"+"	755130	756896	1767	"M-C1h"	7559	489.821093896497	0	0	0	1	-Inf	"SD"	76	118.75
"ECK120000921"	"sdhB"	"+"	756912	757628	717	"M-C1h"	5379	858.997849628552	2	76	0	1	-Inf	"SD"	43	159.259259259259
"ECK120000923"	"sdhD"	"+"	754783	755130	348	"M-C1h"	1483	487.945812304548	4	165	0	1	-Inf	"SD"	NA	NA
"ECK120000925"	"secA"	"+"	108279	110984	2706	"M-C1h"	313	13.2442153371272	2	100	0	0.910938654841094	-Inf	"SD"	62	60.7843137254902
"ECK120000926"	"secB"	"-"	3781684	3782151	468	"M-C1h"	309	75.6000903238594	0	0	0	1	-Inf	"SD"	16	94.1176470588235
"ECK120000927"	"secD"	"+"	426871	428718	1848	"M-C1h"	303	18.7737205765781	2	100	0	0.954545454545455	-Inf	"SD"	25	37.3134328358209
"ECK120000928"	"secE"	"+"	4175381	4175764	384	"M-C1h"	188	56.0578339658715	0	0	0	1	-Inf	"SD"	NA	NA
"ECK120000929"	"secF"	"+"	428729	429700	972	"M-C1h"	99	11.6621498557841	0	0	0	0.87962962962963	-Inf	"SD"	5	14.2857142857143
"ECK120000930"	"selA"	"-"	3757881	3759272	1392	"M-C1h"	29	2.38543974322857	0	0	0	0.507902298850575	-Inf	"SD"	3	5.88235294117647
"ECK120000931"	"selB"	"-"	3756040	3757884	1845	"M-C1h"	43	2.6685895013679	1	76	0	0.797289972899729	-Inf	"SD"	11	15.9420289855072
"ECK120000932"	"selD"	"-"	1844989	1846032	1044	"M-C1h"	989	108.468961197842	0	0	0	1	-Inf	"SD"	23	62.1621621621622
"ECK120000935"	"serC"	"+"	956876	957964	1089	"M-C1h"	259	27.2321275370226	0	0	0	1	-Inf	"SD"	13	32.5
"ECK120000936"	"serS"	"+"	938651	939943	1293	"M-C1h"	1284	113.704116206236	1	76	0	1	-Inf	"SD"	19	39.5833333333333
"ECK120000937"	"maeA"	"-"	1551996	1553693	1698	"M-C1h"	118	7.95708522122888	1	76	0	0.981154299175501	-Inf	"SD"	30	47.6190476190476
"ECK120000938"	"sfsA"	"-"	160782	161486	705	"M-C1h"	2879	467.586792902472	1	61	0	0.971631205673759	-Inf	"SD"	2	7.69230769230769
"ECK120000944"	"prlF"	"+"	3275024	3275359	336	"M-C1h"	412	140.40016774431	0	0	0	1	-Inf	"SD"	NA	NA
"ECK120000948"	"speA"	"-"	3081957	3083933	1977	"M-C1h"	225	13.0312338021591	10	100	90	0.950935761254426	-2.85590487361898	"SD"	22	29.7297297297297
"ECK120000952"	"speE"	"-"	135598	136464	867	"M-C1h"	75	9.90494011029165	0	0	0	0.978085351787774	-Inf	"SD"	9	28.125
"ECK120000955"	"spoT"	"+"	3820423	3822531	2109	"M-C1h"	64	3.474666140919	0	0	0	0.697486960644855	-Inf	"SD"	NA	NA
"ECK120000956"	"trmH"	"+"	3822538	3823227	690	"M-C1h"	3	0.497830902934659	0	0	0	0.31304347826087	-Inf	"SD"	1	4
"ECK120000958"	"srlE"	"+"	2824414	2825373	960	"M-C1h"	61	7.27559121684715	0	0	0	0.83125	-Inf	"SD"	21	63.6363636363636
"ECK120000959"	"srlB"	"+"	2825384	2825755	372	"M-C1h"	10	3.07798676545622	0	0	0	0.709677419354839	-Inf	"SD"	9	69.2307692307692
"ECK120000960"	"srlD"	"+"	2825759	2826538	780	"M-C1h"	48	7.04622201076748	2	100	0	0.805128205128205	-Inf	"SD"	29	103.571428571429
"ECK120000961"	"gutM"	"+"	2826643	2827002	360	"M-C1h"	5	1.59029316215238	1	76	0	0.411111111111111	-Inf	"SD"	NA	NA
"ECK120000963"	"srlR"	"+"	2827069	2827842	774	"M-C1h"	153	22.6339398892385	6	159	0	0.983204134366925	-Inf	"SD"	1	3.57142857142857
"ECK120000966"	"sspA"	"-"	3374804	3375442	639	"M-C1h"	306	54.8315163513948	0	0	0	1	-Inf	"SD"	22	91.6666666666667
"ECK120000968"	"sucA"	"+"	757929	760730	2802	"M-C1h"	4819	196.923925012736	1	100	0	1	-Inf	"SD"	109	103.809523809524
"ECK120000969"	"sucB"	"+"	760745	761962	1218	"M-C1h"	3023	284.184604680984	1	100	0	1	-Inf	"SD"	70	159.090909090909
"ECK120000970"	"sucC"	"+"	762237	763403	1167	"M-C1h"	2226	218.405711811899	0	0	0	1	-Inf	"SD"	140	341.463414634146
"ECK120000973"	"sulA"	"-"	1019633	1020142	510	"M-C1h"	246	55.2299460549863	NA	231	502.164502164502	1	-1.25132591292628	"SD"	NA	NA
"ECK120000974"	"surA"	"-"	53416	54702	1287	"M-C1h"	188	16.7258805306097	4	177	0	0.991452991452991	-Inf	"SD"	19	40.4255319148936
"ECK120000976"	"tap"	"-"	1967407	1969008	1602	"M-C1h"	188	13.4370837970628	0	0	0	0.974406991260924	-Inf	"SD"	7	12.0689655172414
"ECK120000977"	"tar"	"-"	1969054	1970715	1662	"M-C1h"	395	27.2129588036184	0	0	0	0.992178098676294	-Inf	"SD"	24	40
"ECK120000979"	"tdcB"	"-"	3263061	3264050	990	"M-C1h"	14	1.61920758328243	0	0	0	0.674747474747475	-Inf	"SD"	NA	NA
"ECK120000980"	"tdcC"	"-"	3261708	3263039	1332	"M-C1h"	16	1.37538868078044	5	164	0	0.472972972972973	-Inf	"SD"	NA	NA
"ECK120000982"	"tdh"	"-"	3788343	3789368	1026	"M-C1h"	1699	189.607584736624	6	85	0	1	-Inf	"SD"	14	37.8378378378378
"ECK120000985"	"tgt"	"+"	425361	426488	1128	"M-C1h"	90	9.13572667619454	1	76	0	0.625886524822695	-Inf	"SD"	8	18.6046511627907
"ECK120000986"	"mnmE"	"+"	3884851	3886215	1365	"M-C1h"	36	3.01980943318606	0	0	0	0.695238095238095	-Inf	"SD"	4	8.16326530612245
"ECK120000987"	"thrA"	"+"	337	2799	2463	"M-C1h"	3863	179.584969122377	33	106	235.849056603774	1	-5.16659469953171	"SD"	46	51.685393258427
"ECK120000988"	"thrB"	"+"	2801	3733	933	"M-C1h"	1334	163.713266493475	0	0	0	1	-Inf	"SD"	NA	NA
"ECK120000989"	"thrC"	"+"	3734	5020	1287	"M-C1h"	964	85.76462144419	1	76	0	0.994560994560995	-Inf	"SD"	18	38.2978723404255
"ECK120000991"	"thyA"	"-"	2962383	2963177	795	"M-C1h"	12	1.72831860641466	5	157	0	0.508176100628931	-Inf	"SD"	8	26.6666666666667
"ECK120000992"	"tig"	"+"	454357	455655	1299	"M-C1h"	192	16.9239512498803	1	100	0	1	-Inf	"SD"	183	381.25
"ECK120000994"	"tnaA"	"+"	3886753	3888168	1416	"M-C1h"	845	68.3286977297676	0	0	0	1	-Inf	"SD"	409	771.698113207547
"ECK120000995"	"tnaB"	"+"	3888259	3889506	1248	"M-C1h"	6	0	10	125	48	0.247596153846154	Inf	"AD"	NA	NA
"ECK120000996"	"tolA"	"+"	775565	776830	1266	"M-C1h"	47	4.25083101163006	0	0	0	0.870458135860979	-Inf	"SD"	NA	NA
"ECK120000997"	"tolB"	"+"	776963	778255	1293	"M-C1h"	535	47.3767150859317	1	50	0	1	-Inf	"SD"	11	23.9130434782609
"ECK120000999"	"tolQ"	"+"	774376	775068	693	"M-C1h"	32	5.28720843520792	0	0	0	0.984126984126984	-Inf	"SD"	2	7.69230769230769
"ECK120001000"	"tolR"	"+"	775072	775500	429	"M-C1h"	10	2.66902348892707	0	0	0	0.62004662004662	-Inf	"SD"	2	13.3333333333333
"ECK120001003"	"topB"	"-"	1843023	1844984	1962	"M-C1h"	68	3.96843798261879	0	0	0	0.656982670744139	-Inf	"SD"	2	2.73972602739726
"ECK120001008"	"trkA"	"+"	3434540	3435916	1377	"M-C1h"	34	2.82718784382646	3	100	0	0.702977487291213	-Inf	"SD"	NA	NA
"ECK120001009"	"trkG"	"+"	1421806	1423263	1458	"M-C1h"	5	0.39266497830923	0	0	0	0.254458161865569	-Inf	"SD"	NA	NA
"ECK120001010"	"trkH"	"+"	4031168	4032619	1452	"M-C1h"	44	3.4697305356052	0	0	0	0.760330578512397	-Inf	"SD"	NA	NA
"ECK120001012"	"trmD"	"-"	2742594	2743361	768	"M-C1h"	365	54.4178441424018	0	0	0	0.973958333333333	-Inf	"SD"	10	35.7142857142857
"ECK120001013"	"trpA"	"-"	1314440	1315246	807	"M-C1h"	1772	251.420028252849	0	0	0	1	-Inf	"SD"	10	34.4827586206897
"ECK120001014"	"trpB"	"-"	1315246	1316439	1194	"M-C1h"	2709	259.785176458541	0	0	0	1	-Inf	"SD"	17	39.5348837209302
"ECK120001015"	"trpC"	"-"	1316451	1317809	1359	"M-C1h"	3400	286.463404043343	0	0	0	1	-Inf	"SD"	1	2.04081632653061
"ECK120001016"	"trpD"	"-"	1317813	1319408	1596	"M-C1h"	4870	349.386212015734	0	0	0	1	-Inf	"SD"	3	5.26315789473684
"ECK120001017"	"trpE"	"-"	1319408	1320970	1563	"M-C1h"	4041	296.03261427675	3	100	0	1	-Inf	"SD"	7	12.280701754386
"ECK120001019"	"trpS"	"-"	3510656	3511660	1005	"M-C1h"	195	22.2166328324572	1	76	0	0.952238805970149	-Inf	"SD"	21	56.7567567567568
"ECK120001022"	"tsf"	"+"	190857	191708	852	"M-C1h"	189	25.3998936039549	0	0	0	0.992957746478873	-Inf	"SD"	182	606.666666666667
"ECK120001025"	"tufA"	"-"	3468167	3469351	1185	"M-C1h"	169	16.32969383719	0	0	0	0.178902953586498	-Inf	"SD"	674	1567.44186046512
"ECK120001026"	"tufB"	"+"	4173967	4175151	1185	"M-C1h"	110	10.6287948052716	0	0	0	0.254008438818565	-Inf	"SD"	NA	NA
"ECK120001032"	"tyrS"	"-"	1713972	1715246	1275	"M-C1h"	354	31.7908957779921	2	76	0	0.995294117647059	-Inf	"SD"	25	52.0833333333333
"ECK120001033"	"ubiX"	"-"	2426079	2426648	570	"M-C1h"	10	2.0087913627188	5	266	0	0.498245614035088	-Inf	"SD"	1	4.76190476190476
"ECK120001035"	"ugpA"	"-"	3588047	3588934	888	"M-C1h"	2	0	2	107	0	0.198198198198198	NA	"NO"	NA	NA
"ECK120001036"	"ugpB"	"-"	3589032	3590348	1317	"M-C1h"	397	34.5155199293574	0	0	0	1	-Inf	"SD"	0	0
"ECK120001037"	"ugpC"	"-"	3586133	3587203	1071	"M-C1h"	63	6.73535927499832	1	100	0	0.489262371615313	-Inf	"SD"	NA	NA
"ECK120001038"	"ugpE"	"-"	3587205	3588050	846	"M-C1h"	19	2.57153787922513	0	0	0	0.48936170212766	-Inf	"SD"	NA	NA
"ECK120001040"	"uhpA"	"-"	3848159	3848749	591	"M-C1h"	4	0	0	0	0	0.247038917089679	NA	"NO"	2	9.52380952380952
"ECK120001041"	"uhpB"	"-"	3846657	3848159	1503	"M-C1h"	3	0	0	0	0	0.146373918829009	NA	"NO"	NA	NA
"ECK120001042"	"uhpC"	"-"	3845328	3846647	1320	"M-C1h"	6	0.520459580340779	0	0	0	0.256060606060606	-Inf	"SD"	NA	NA
"ECK120001044"	"uidA"	"-"	1692284	1694095	1812	"M-C1h"	204	12.8908531819504	1	81	0	0.967991169977925	-Inf	"SD"	2	2.94117647058824
"ECK120001046"	"umuD"	"+"	1229990	1230409	420	"M-C1h"	4	1.09048673976163	0	0	0	0.516666666666667	-Inf	"SD"	NA	NA
"ECK120001048"	"usg"	"-"	2433658	2434671	1014	"M-C1h"	24	2.71008538875672	1	100	0	0.756410256410256	-Inf	"SD"	7	19.4444444444444
"ECK120001052"	"uvrC"	"-"	1990898	1992730	1833	"M-C1h"	42	2.62359330188151	6	122	49.1803278688525	0.511183851609384	-1.12850969109118	"SD"	5	7.35294117647059
"ECK120001054"	"uxaB"	"-"	1607253	1608704	1452	"M-C1h"	12	0.946290146074145	2	76	0	0.402892561983471	-Inf	"SD"	3	5.45454545454545
"ECK120001058"	"xerC"	"+"	3994310	3995206	897	"M-C1h"	13	1.65943634311553	0	0	0	0.552954292084727	-Inf	"SD"	NA	NA
"ECK120001059"	"dsbC"	"-"	3036134	3036844	711	"M-C1h"	45	7.24690554904883	2	76	0	1	-Inf	"SD"	10	38.4615384615385
"ECK120001064"	"xylB"	"-"	3725940	3727394	1455	"M-C1h"	70	5.50864435549691	0	0	0	0.734020618556701	-Inf	"SD"	NA	NA
"ECK120001067"	"ribF"	"+"	21407	22348	942	"M-C1h"	415	50.4436939332412	0	0	0	0.893842887473461	-Inf	"SD"	4	11.4285714285714
"ECK120001068"	"fkpB"	"+"	25826	26275	450	"M-C1h"	8	2.03557524755505	1	100	0	0.597777777777778	-Inf	"SD"	2	12.5
"ECK120001069"	"ispH"	"+"	26277	27227	951	"M-C1h"	22	2.64881637102983	0	0	0	0.661409043112513	-Inf	"SD"	1	2.85714285714286
"ECK120001070"	"rihC"	"+"	27293	28207	915	"M-C1h"	117	14.6411252436849	3	172	0	0.987978142076503	-Inf	"SD"	4	12.1212121212121
"ECK120001071"	"hepA"	"-"	60358	63264	2907	"M-C1h"	12	0	4	153	0	0.179566563467492	NA	"NO"	14	12.7272727272727
"ECK120001072"	"mraZ"	"+"	89634	90092	459	"M-C1h"	580	144.685495537001	0	0	0	1	-Inf	"SD"	1	5.88235294117647
"ECK120001073"	"rsmH"	"+"	90094	91035	942	"M-C1h"	579	70.3780693671003	0	0	0	1	-Inf	"SD"	6	17.1428571428571
"ECK120001074"	"ftsL"	"+"	91032	91397	366	"M-C1h"	283	88.5350094863851	1	44	0	1	-Inf	"SD"	NA	NA
"ECK120001075"	"secM"	"+"	107705	108217	513	"M-C1h"	283	63.1653284054911	8	213	37.5586854460094	1	-5.30298906679829	"SD"	NA	NA
"ECK120001079"	"frsA"	"+"	256527	257771	1245	"M-C1h"	153	14.0712204612616	4	105	0	1	-Inf	"SD"	3	6.38297872340426
"ECK120001081"	"yaiA"	"+"	406203	406394	192	"M-C1h"	49	29.22163685455	3	143	0	1	-Inf	"SD"	NA	NA
"ECK120001084"	"yajC"	"+"	426511	426843	333	"M-C1h"	199	68.4255868688268	0	0	0	1	-Inf	"SD"	1	8.33333333333333
"ECK120001088"	"ybaB"	"+"	493300	493629	330	"M-C1h"	80	27.7578442848416	0	0	0	1	-Inf	"SD"	9	75
"ECK120001093"	"entH"	"+"	628523	628936	414	"M-C1h"	3	0.829718171557764	0	0	0	0.507246376811594	-Inf	"SD"	NA	NA
"ECK120001094"	"ybgA"	"+"	738224	738733	510	"M-C1h"	2	0	4	100	0	0.192156862745098	NA	"NO"	NA	NA
"ECK120001096"	"ybgC"	"+"	773975	774379	405	"M-C1h"	52	14.7013767878976	0	0	0	0.906172839506173	-Inf	"SD"	NA	NA
"ECK120001098"	"aat"	"-"	925951	926655	705	"M-C1h"	18	2.92343253638225	0	0	0	0.748936170212766	-Inf	"SD"	NA	NA
"ECK120001099"	"yccA"	"-"	1029982	1030641	660	"M-C1h"	1024	177.650203422986	1	100	0	1	-Inf	"SD"	NA	NA
"ECK120001101"	"yceB"	"-"	1121936	1122496	561	"M-C1h"	69	14.0830239386329	0	0	0	0.978609625668449	-Inf	"SD"	5	23.8095238095238
"ECK120001106"	"yciB"	"-"	1310375	1310914	540	"M-C1h"	37	7.84544626661842	11	328	33.5365853658537	1	-1.83435198951429	"SD"	NA	NA
"ECK120001110"	"yciF"	"-"	1313294	1313794	501	"M-C1h"	6	1.37127075059846	0	0	0	0.307385229540918	-Inf	"SD"	NA	NA
"ECK120001111"	"yciG"	"-"	1313880	1314059	180	"M-C1h"	1	0	0	0	0	0.116666666666667	NA	"NO"	NA	NA
"ECK120001113"	"rem"	"-"	1642675	1642926	252	"M-C1h"	37	16.8116705713252	0	0	0	1	-Inf	"SD"	NA	NA
"ECK120001114"	"hokD"	"-"	1643143	1643298	156	"M-C1h"	674	494.703503672633	0	0	0	1	-Inf	"SD"	NA	NA
"ECK120001115"	"relE"	"-"	1643370	1643657	288	"M-C1h"	1038	412.681075578543	1	66	0	1	-Inf	"SD"	NA	NA
"ECK120001117"	"nlpC"	"-"	1790291	1790755	465	"M-C1h"	432	106.375222614167	1	82	0	1	-Inf	"SD"	NA	NA
"ECK120001121"	"yebC"	"-"	1945435	1946175	741	"M-C1h"	57	8.80777751345935	0	0	0	1	-Inf	"SD"	NA	NA
"ECK120001122"	"nudB"	"-"	1946204	1946656	453	"M-C1h"	64	16.1767569342123	0	0	0	0.949227373068433	-Inf	"SD"	NA	NA
"ECK120001126"	"yfaA"	"-"	2332978	2334666	1689	"M-C1h"	11	0.745714733229536	2	133	0	0.294256956779159	-Inf	"SD"	NA	NA
"ECK120001128"	"yfcA"	"-"	2442773	2443582	810	"M-C1h"	14	1.97903149067852	0	0	0	0.571604938271605	-Inf	"SD"	NA	NA
"ECK120001133"	"hyfA"	"+"	2599223	2599840	618	"M-C1h"	0	0	1	100	0	0	NA	"NO"	NA	NA
"ECK120001134"	"raiA"	"+"	2735176	2735517	342	"M-C1h"	46783	15662.8810536789	0	0	0	1	-Inf	"SD"	7	53.8461538461538
"ECK120001136"	"rimM"	"-"	2743392	2743940	549	"M-C1h"	101	21.0648668035922	0	0	0	1	-Inf	"SD"	11	52.3809523809524
"ECK120001137"	"ppdC"	"-"	2960463	2960786	324	"M-C1h"	11	0	0	0	0	0.243827160493827	NA	"NO"	NA	NA
"ECK120001138"	"ygdB"	"-"	2960771	2961178	408	"M-C1h"	5	1.40319984895798	0	0	0	0.446078431372549	-Inf	"SD"	NA	NA
"ECK120001139"	"ppdB"	"-"	2961175	2961738	564	"M-C1h"	15	3.04524222539818	0	0	0	0.544326241134752	-Inf	"SD"	NA	NA
"ECK120001142"	"argO"	"-"	3066195	3066830	636	"M-C1h"	31	5.58102883321402	1	35	0	0.696540880503145	-Inf	"SD"	NA	NA
"ECK120001143"	"mscS"	"-"	3066969	3067829	861	"M-C1h"	66	8.77708839320339	2	124	0	0.866434378629501	-Inf	"SD"	12	38.7096774193548
"ECK120001144"	"yggC"	"-"	3071998	3072711	714	"M-C1h"	32	5.13170230476063	0	0	0	0.599439775910364	-Inf	"SD"	NA	NA
"ECK120001145"	"yggD"	"-"	3072708	3073217	510	"M-C1h"	42	9.42950298499765	1	46	0	1	-Inf	"SD"	NA	NA
"ECK120001146"	"ygiA"	"+"	3177618	3177878	261	"M-C1h"	216	94.7595373861833	1	76	0	0.762452107279693	-Inf	"SD"	NA	NA
"ECK120001147"	"ygiB"	"+"	3177862	3178437	576	"M-C1h"	398	79.117084817081	0	0	0	1	-Inf	"SD"	NA	NA
"ECK120001152"	"ttdB"	"+"	3205393	3205998	606	"M-C1h"	4	0.755782888943706	3	73	0	0.392739273927393	-Inf	"SD"	NA	NA
"ECK120001154"	"tdcD"	"-"	3260474	3261694	1221	"M-C1h"	12	1.12531801154763	0	0	0	0.485667485667486	-Inf	"SD"	NA	NA
"ECK120001155"	"yhaB"	"+"	3265876	3266415	540	"M-C1h"	0	0	1	100	0	0	NA	"NO"	NA	NA
"ECK120001157"	"garK"	"-"	3268647	3269873	1227	"M-C1h"	153	14.2776442333094	1	100	0	1	-Inf	"SD"	2	5.12820512820513
"ECK120001158"	"garR"	"-"	3269889	3270779	891	"M-C1h"	436	56.0297227231061	0	0	0	1	-Inf	"SD"	48	160
"ECK120001159"	"truB"	"-"	3309855	3310799	945	"M-C1h"	24	2.90796463936436	1	100	0	0.84973544973545	-Inf	"SD"	4	11.4285714285714
"ECK120001160"	"rbfA"	"-"	3310799	3311200	402	"M-C1h"	30	8.54485878171429	0	0	0	0.902985074626866	-Inf	"SD"	13	86.6666666666667
"ECK120001161"	"rimP"	"-"	3315576	3316028	453	"M-C1h"	28	7.07733115871789	0	0	0	1	-Inf	"SD"	7	41.1764705882353
"ECK120001163"	"bfd"	"-"	3464819	3465013	195	"M-C1h"	0	0	0	0	0	0	NA	"NO"	NA	NA
"ECK120001165"	"damX"	"-"	3514042	3515328	1287	"M-C1h"	290	25.8005603929617	4	92	0	1	-Inf	"SD"	7	15.2173913043478
"ECK120001168"	"yibA"	"+"	3764360	3765202	843	"M-C1h"	15	2.03738625756177	0	0	0	0.449584816132859	-Inf	"SD"	NA	NA
"ECK120001170"	"waaC"	"+"	3794002	3794961	960	"M-C1h"	20	2.38543974322857	0	0	0	0.701041666666667	-Inf	"SD"	1	2.77777777777778
"ECK120001174"	"dinD"	"+"	3815783	3816607	825	"M-C1h"	166	23.0390107564185	1	76	0	0.95030303030303	-Inf	"SD"	NA	NA
"ECK120001177"	"yidB"	"-"	3875090	3875488	399	"M-C1h"	15	4.30455292011171	0	0	0	0.764411027568922	-Inf	"SD"	NA	NA
"ECK120001178"	"yidC"	"+"	3883099	3884745	1647	"M-C1h"	55	3.82365569042103	1	83	0	0.789921068609593	-Inf	"SD"	14	22.5806451612903
"ECK120001179"	"glmU"	"-"	3911853	3913223	1371	"M-C1h"	283	23.635166646256	2	141	0	1	-Inf	"SD"	4	8.16326530612245
"ECK120001180"	"mioC"	"-"	3924035	3924478	444	"M-C1h"	40	10.3154151058533	0	0	0	1	-Inf	"SD"	NA	NA
"ECK120001181"	"yigA"	"+"	3993606	3994313	708	"M-C1h"	39	6.3072644058247	0	0	0	0.953389830508475	-Inf	"SD"	4	14.8148148148148
"ECK120001182"	"yigB"	"+"	3995206	3995922	717	"M-C1h"	4	0.638778843375015	0	0	0	0.377963737796374	-Inf	"SD"	NA	NA
"ECK120001184"	"murI"	"+"	4163451	4164308	858	"M-C1h"	185	24.6884672725754	0	0	0	1	-Inf	"SD"	1	3.2258064516129
"ECK120001185"	"murB"	"+"	4170080	4171108	1029	"M-C1h"	94	10.4597707691422	12	228	39.4736842105263	0.98153547133139	-2.53878242291482	"SD"	4	10.5263157894737
"ECK120001192"	"nsrR"	"+"	4404213	4404638	426	"M-C1h"	150	40.3172914348491	0	0	0	1	-Inf	"SD"	2	12.5
"ECK120001194"	"yjjA"	"-"	4597718	4598212	495	"M-C1h"	61	14.1102375114611	0	0	0	0.915151515151515	-Inf	"SD"	NA	NA
"ECK120001195"	"yjjB"	"-"	4599647	4599973	327	"M-C1h"	1	0	0	0	0	0.128440366972477	NA	"NO"	NA	NA
"ECK120001197"	"creB"	"+"	4634030	4634719	690	"M-C1h"	78	12.9436034763011	1	76	0	0.814492753623188	-Inf	"SD"	NA	NA
"ECK120001201"	"argH"	"+"	4154873	4156246	1374	"M-C1h"	24	2.00001934803444	0	0	0	0.58296943231441	-Inf	"SD"	1	2
"ECK120001202"	"fliO"	"+"	2019528	2019893	366	"M-C1h"	0	0	0	0	0	0	NA	"NO"	NA	NA
"ECK120001203"	"dcuA"	"-"	4363495	4364796	1302	"M-C1h"	2386	209.830754925101	3	110	0	1	-Inf	"SD"	5	10.8695652173913
"ECK120001204"	"leuA"	"-"	81958	83529	1572	"M-C1h"	34	2.47648706167241	6	186	0	0.688931297709924	-Inf	"SD"	NA	NA
"ECK120001206"	"fdnH"	"+"	1548485	1549369	885	"M-C1h"	12	1.552557392203	1	37	0	0.553672316384181	-Inf	"SD"	NA	NA
"ECK120001207"	"fdnI"	"+"	1549362	1550015	654	"M-C1h"	67	11.7302358015644	0	0	0	0.740061162079511	-Inf	"SD"	NA	NA
"ECK120001209"	"rpmI"	"-"	1797826	1798023	198	"M-C1h"	63	36.4321706238546	2	105	0	1	-Inf	"SD"	NA	NA
"ECK120001210"	"rpmJ"	"-"	3440640	3440756	117	"M-C1h"	73	71.4408620536147	1	76	0	1	-Inf	"SD"	NA	NA
"ECK120001211"	"rstB"	"+"	1680906	1682207	1302	"M-C1h"	16	1.40707966420856	16	204	68.6274509803922	0.286482334869432	0.992722815649774	"AD"	2	4.08163265306122
"ECK120001212"	"ydiB"	"+"	1771813	1772679	867	"M-C1h"	10	0	2	67	0	0.213379469434833	NA	"NO"	NA	NA
"ECK120001215"	"chiA"	"-"	3465182	3467875	2694	"M-C1h"	48	2.04010882271664	7	338	20.7100591715976	0.406458797327394	-0.543219282774713	"SD"	NA	NA
"ECK120001216"	"ybhB"	"-"	806656	807132	477	"M-C1h"	29	6.96128327583684	4	118	0	0.832285115303983	-Inf	"SD"	2	11.7647058823529
"ECK120001221"	"yggF"	"-"	3073239	3074204	966	"M-C1h"	19	2.2520921799425	0	0	0	0.387163561076605	-Inf	"SD"	NA	NA
"ECK120001224"	"mazF"	"-"	2908778	2909113	336	"M-C1h"	52	17.7204095211265	1	103	0	0.836309523809524	-Inf	"SD"	NA	NA
"ECK120001226"	"ychA"	"+"	1266543	1267352	810	"M-C1h"	153	21.6279870052724	0	0	0	1	-Inf	"SD"	NA	NA
"ECK120001227"	"mukE"	"+"	974872	975549	678	"M-C1h"	89	15.0303813909623	0	0	0	0.921828908554572	-Inf	"SD"	7	25.9259259259259
"ECK120001228"	"ycbB"	"+"	980270	982117	1848	"M-C1h"	219	13.5691247731703	2	76	0	0.99512987012987	-Inf	"SD"	1	1.47058823529412
"ECK120001229"	"rlmH"	"-"	667471	667938	468	"M-C1h"	8	1.95728389187985	0	0	0	0.662393162393162	-Inf	"SD"	4	23.5294117647059
"ECK120001230"	"rsfS"	"-"	667942	668259	318	"M-C1h"	10	3.60066376336388	0	0	0	0.924528301886792	-Inf	"SD"	NA	NA
"ECK120001233"	"focA"	"-"	952832	953689	858	"M-C1h"	92	12.2775080490645	0	0	0	0.993006993006993	-Inf	"SD"	NA	NA
"ECK120001234"	"rnr"	"+"	4404677	4407118	2442	"M-C1h"	1081	50.6861987701246	15	194	77.319587628866	1	-4.07855856671219	"SD"	13	14.1304347826087
"ECK120001236"	"nfsA"	"+"	890407	891129	723	"M-C1h"	45	7.12662495902312	0	0	0	0.87551867219917	-Inf	"SD"	5	18.5185185185185
"ECK120001238"	"gspB"	"-"	3451530	3451949	420	"M-C1h"	28	7.63340717833143	0	0	0	0.630952380952381	-Inf	"SD"	NA	NA
"ECK120001239"	"cmk"	"+"	960424	961107	684	"M-C1h"	41	6.86337048928923	0	0	0	0.912280701754386	-Inf	"SD"	4	16
"ECK120001241"	"yiaB"	"-"	3725430	3725771	342	"M-C1h"	3	1.0043956813594	0	0	0	0.295321637426901	-Inf	"SD"	NA	NA
"ECK120001242"	"fmt"	"+"	3432236	3433183	948	"M-C1h"	234	28.2629316412904	10	118	67.7966101694915	1	-4.14276731025861	"SD"	8	23.5294117647059
"ECK120001245"	"pheL"	"+"	2735621	2735668	48	"M-C1h"	79	188.449739715057	0	0	0	1	-Inf	"SD"	NA	NA
"ECK120001246"	"pheM"	"-"	1797250	1797294	45	"M-C1h"	1	2.54446905944381	0	0	0	0.555555555555556	-Inf	"SD"	NA	NA
"ECK120001247"	"fruL"	"+"	87860	87946	87	"M-C1h"	7	9.21273280143449	0	0	0	0.793103448275862	-Inf	"SD"	NA	NA
"ECK120001249"	"ivbL"	"-"	3850913	3851011	99	"M-C1h"	570	659.248801764987	0	0	0	1	-Inf	"SD"	NA	NA
"ECK120001250"	"tnaC"	"+"	3886458	3886532	75	"M-C1h"	21	32.060310148992	0	0	0	1	-Inf	"SD"	NA	NA
"ECK120001251"	"thrL"	"+"	190	255	66	"M-C1h"	200	346.97305356052	0	0	0	1	-Inf	"SD"	NA	NA
"ECK120001254"	"mutL"	"+"	4395435	4397282	1848	"M-C1h"	70	4.3371631695065	0	0	0	0.583333333333333	-Inf	"SD"	6	8.82352941176471
"ECK120001255"	"hyfB"	"+"	2599840	2601858	2019	"M-C1h"	3	0	1	79	0	0.109460128776622	NA	"NO"	NA	NA
"ECK120001256"	"phnE_1"	"-"	4320684	4321304	621	"M-C1h"	0	0	0	0	0	0	NA	"NO"	NA	NA
"ECK120001257"	"fabZ"	"+"	202101	202556	456	"M-C1h"	190	47.7087948645715	0	0	0	1	-Inf	"SD"	17	100
"ECK120001258"	"glrR"	"-"	2685491	2686825	1335	"M-C1h"	8	0	0	0	0	0.201498127340824	NA	"NO"	NA	NA
"ECK120001263"	"yeiB"	"-"	2239832	2240989	1158	"M-C1h"	13	1.28541830723198	0	0	0	0.456822107081174	-Inf	"SD"	NA	NA
"ECK120001267"	"ispE"	"-"	1261249	1262100	852	"M-C1h"	41	5.51002982942938	1	42	0	0.922535211267606	-Inf	"SD"	1	3.2258064516129
"ECK120001268"	"wzzE"	"+"	3967054	3968100	1047	"M-C1h"	101	11.045474570365	0	0	0	0.822349570200573	-Inf	"SD"	6	15.3846153846154
"ECK120001269"	"radA"	"+"	4623935	4625317	1383	"M-C1h"	14	1.15908568868373	1	42	0	0.386117136659436	-Inf	"SD"	3	6.12244897959184
"ECK120001270"	"dsbA"	"+"	4041441	4042067	627	"M-C1h"	68	12.4179829695344	1	76	0	0.805422647527911	-Inf	"SD"	16	69.5652173913043
"ECK120001271"	"yhdE"	"-"	3395807	3396400	594	"M-C1h"	96	18.5052295232277	1	60	0	1	-Inf	"SD"	2	9.09090909090909
"ECK120001272"	"rng"	"-"	3394348	3395817	1470	"M-C1h"	140	10.9048673976163	0	0	0	0.980272108843537	-Inf	"SD"	6	10.9090909090909
"ECK120001273"	"ydfA"	"+"	1646532	1646687	156	"M-C1h"	9	6.60583313509451	1	76	0	1	-Inf	"SD"	NA	NA
"ECK120001274"	"ydfB"	"+"	1646689	1646817	129	"M-C1h"	10	8.87605485852492	1	76	0	1	-Inf	"SD"	NA	NA
"ECK120001275"	"ydfC"	"+"	1646847	1647065	219	"M-C1h"	10	5.22836108104893	0	0	0	0.972602739726027	-Inf	"SD"	NA	NA
"ECK120001276"	"ydfD"	"+"	1647818	1648009	192	"M-C1h"	0	0	1	100	0	0	NA	"NO"	NA	NA
"ECK120001277"	"ydfE"	"+"	1648102	1649022	921	"M-C1h"	0	0	0	0	0	0	NA	"NO"	NA	NA
"ECK120001280"	"ydbC"	"+"	1472245	1473105	861	"M-C1h"	180	23.9375137996456	0	0	0	1	-Inf	"SD"	14	45.1612903225806
"ECK120001281"	"ydbD"	"+"	1473168	1475474	2307	"M-C1h"	7	0	1	38	0	0.167316861725184	NA	"NO"	NA	NA
"ECK120001282"	"dusB"	"+"	3408302	3409267	966	"M-C1h"	40	4.7412466946158	0	0	0	0.887163561076605	-Inf	"SD"	NA	NA
"ECK120001285"	"purB"	"-"	1189839	1191209	1371	"M-C1h"	10	0.835164899160988	6	191	0	0.401896425966448	-Inf	"SD"	8	15.3846153846154
"ECK120001288"	"fabD"	"+"	1148951	1149880	930	"M-C1h"	420	51.7101776596645	0	0	0	1	-Inf	"SD"	32	100
"ECK120001289"	"fabG"	"+"	1149893	1150627	735	"M-C1h"	573	89.264128840488	0	0	0	1	-Inf	"SD"	23	88.4615384615385
"ECK120001292"	"ribD"	"+"	432679	433782	1104	"M-C1h"	227	23.5432531179516	1	100	0	1	-Inf	"SD"	6	15
"ECK120001293"	"ribE"	"+"	433871	434341	471	"M-C1h"	96	23.3378053859815	0	0	0	0.974522292993631	-Inf	"SD"	15	93.75
"ECK120001295"	"ubiH"	"-"	3050362	3051540	1179	"M-C1h"	210	20.3945993314199	0	0	0	0.98303647158609	-Inf	"SD"	2	4.76190476190476
"ECK120001298"	"codB"	"+"	354146	355405	1260	"M-C1h"	12	0	1	76	0	0.193650793650794	NA	"NO"	NA	NA
"ECK120001299"	"fdx"	"-"	2654770	2655105	336	"M-C1h"	96	32.714602192849	0	0	0	1	-Inf	"SD"	NA	NA
"ECK120001300"	"gabD"	"+"	2789295	2790743	1449	"M-C1h"	136	10.7468258411291	0	0	0	0.902691511387164	-Inf	"SD"	3	5.76923076923077
"ECK120001301"	"gabP"	"+"	2792275	2793675	1401	"M-C1h"	21	0	2	76	0	0.248394004282655	NA	"NO"	NA	NA
"ECK120001304"	"ubiI"	"-"	3049137	3050339	1203	"M-C1h"	49	4.66380239075113	1	76	0	0.646716541978387	-Inf	"SD"	2	4.54545454545455
"ECK120001307"	"endA"	"+"	3088369	3089076	708	"M-C1h"	1	0	1	76	0	0.141242937853107	NA	"NO"	NA	NA
"ECK120001308"	"lysP"	"-"	2245085	2246554	1470	"M-C1h"	9	0.701027189846764	6	108	0	0.305442176870748	-Inf	"SD"	NA	NA
"ECK120001310"	"waaG"	"-"	3803966	3805090	1125	"M-C1h"	131	13.3330178714856	6	131	0	0.970666666666667	-Inf	"SD"	NA	NA
"ECK120001311"	"waaP"	"-"	3803176	3803973	798	"M-C1h"	110	15.7833607070763	0	0	0	0.775689223057644	-Inf	"SD"	NA	NA
"ECK120001314"	"mdtG"	"-"	1113487	1114713	1227	"M-C1h"	2	0	1	76	0	0.123064384678077	NA	"NO"	NA	NA
"ECK120001315"	"mnmA"	"-"	1191890	1192996	1107	"M-C1h"	27	2.79270994329199	2	178	0	0.606142728093948	-Inf	"SD"	9	21.9512195121951
"ECK120001316"	"hflD"	"-"	1191213	1191854	642	"M-C1h"	2	0	0	0	0	0.0607476635514019	NA	"NO"	2	8.69565217391304
"ECK120001319"	"waaS"	"-"	3802204	3803139	936	"M-C1h"	60	7.33981459454945	0	0	0	0.887820512820513	-Inf	"SD"	2	5.40540540540541
"ECK120001320"	"waaB"	"-"	3801081	3802190	1110	"M-C1h"	103	10.6248775590289	0	0	0	0.923423423423423	-Inf	"SD"	NA	NA
"ECK120001321"	"waaI"	"-"	3800062	3801081	1020	"M-C1h"	120	13.4707185499966	0	0	0	0.941176470588235	-Inf	"SD"	NA	NA
"ECK120001322"	"waaJ"	"-"	3799006	3800022	1017	"M-C1h"	103	11.5964740319784	0	0	0	0.843657817109145	-Inf	"SD"	NA	NA
"ECK120001323"	"emrA"	"+"	2809449	2810621	1173	"M-C1h"	5	0	1	47	0	0.175618073316283	NA	"NO"	5	11.6279069767442
"ECK120001324"	"fliA"	"-"	1999094	1999813	720	"M-C1h"	796	126.58733570733	0	0	0	1	-Inf	"SD"	10	35.7142857142857
"ECK120001325"	"fliZ"	"-"	1998497	1999048	552	"M-C1h"	82	17.0092225169342	14	94	148.936170212766	0.947463768115942	-2.60281846535578	"SD"	NA	NA
"ECK120001331"	"gluQ"	"-"	159186	160112	927	"M-C1h"	36	0	6	167	0	0.0323624595469256	NA	"NO"	NA	NA
"ECK120001332"	"amiB"	"+"	4394088	4395425	1338	"M-C1h"	50	4.27881568292121	0	0	0	0.769058295964126	-Inf	"SD"	NA	NA
"ECK120001333"	"bglH"	"-"	3898627	3900243	1617	"M-C1h"	6	0	2	37	0	0.228818800247372	NA	"NO"	NA	NA
"ECK120001336"	"menB"	"-"	2373984	2374841	858	"M-C1h"	23	3.06937701226614	0	0	0	0.742424242424242	-Inf	"SD"	17	53.125
"ECK120001337"	"ubiC"	"+"	4250529	4251026	498	"M-C1h"	663	152.438221663667	0	0	0	1	-Inf	"SD"	NA	NA
"ECK120001342"	"folK"	"-"	157253	157732	480	"M-C1h"	3	0	1	76	0	0.21875	NA	"NO"	0	0
"ECK120001344"	"ftsP"	"-"	3159279	3160691	1413	"M-C1h"	69	5.59134920705806	4	178	0	0.963198867657466	-Inf	"SD"	3	5.76923076923077
"ECK120001345"	"plsC"	"-"	3160766	3161503	738	"M-C1h"	74	11.4811408779782	11	120	58.3333333333333	0.939024390243902	-3.03576727708442	"SD"	NA	NA
"ECK120001346"	"sufA"	"-"	1762042	1762410	369	"M-C1h"	33	10.2399364587373	0	0	0	1	-Inf	"SD"	NA	NA
"ECK120001347"	"appB"	"+"	1038519	1039655	1137	"M-C1h"	5	0	1	76	0	0.127528583992964	NA	"NO"	NA	NA
"ECK120001348"	"appC"	"+"	1036963	1038507	1545	"M-C1h"	7	0.518775245129321	0	0	0	0.282200647249191	-Inf	"SD"	NA	NA
"ECK120001350"	"elbB"	"-"	3347828	3348481	654	"M-C1h"	270	47.2710994988414	0	0	0	0.931192660550459	-Inf	"SD"	9	39.1304347826087
"ECK120001355"	"fliS"	"+"	2003327	2003737	411	"M-C1h"	8	2.22873202287049	0	0	0	0.866180048661801	-Inf	"SD"	NA	NA
"ECK120001356"	"fliT"	"+"	2003737	2004102	366	"M-C1h"	10	3.12844556488993	1	100	0	0.956284153005464	-Inf	"SD"	NA	NA
"ECK120001358"	"osmY"	"+"	4609419	4610024	606	"M-C1h"	51	9.63623183403226	1	99	0	0.986798679867987	-Inf	"SD"	NA	NA
"ECK120001365"	"hdeB"	"-"	3653989	3654315	327	"M-C1h"	9	3.1514066332561	0	0	0	0.840978593272171	-Inf	"SD"	NA	NA
"ECK120001367"	"psiF"	"+"	402505	402825	321	"M-C1h"	26	9.27423302040267	1	50	0	1	-Inf	"SD"	NA	NA
"ECK120001368"	"treC"	"-"	4461077	4462732	1656	"M-C1h"	174	12.0309134875876	2	76	0	0.981280193236715	-Inf	"SD"	39	60.9375
"ECK120001370"	"ychF"	"-"	1255944	1257035	1092	"M-C1h"	128	13.4213752586047	0	0	0	0.951465201465201	-Inf	"SD"	6	15
"ECK120001371"	"cydD"	"-"	928419	930185	1767	"M-C1h"	50	3.23998606890129	2	176	0	0.634974533106961	-Inf	"SD"	12	18.4615384615385
"ECK120001375"	"lpxK"	"+"	967589	968575	987	"M-C1h"	11	1.27610150397638	0	0	0	0.408308004052685	-Inf	"SD"	NA	NA
"ECK120001377"	"glnD"	"-"	185978	188650	2673	"M-C1h"	181	7.7533484807968	7	68	0	0.84586606808829	-Inf	"SD"	2	1.96078431372549
"ECK120001378"	"holA"	"-"	669797	670828	1032	"M-C1h"	14	1.55330960024186	5	110	0	0.312984496124031	-Inf	"SD"	NA	NA
"ECK120001379"	"holC"	"-"	4481860	4482303	444	"M-C1h"	58	14.9573519034873	0	0	0	1	-Inf	"SD"	1	5.88235294117647
"ECK120001381"	"dps"	"-"	847631	848134	504	"M-C1h"	1590	361.223732546041	2	104	0	1	-Inf	"SD"	11	57.8947368421053
"ECK120001382"	"nrdD"	"-"	4458545	4460683	2139	"M-C1h"	65	3.47946330008095	2	138	0	0.71575502571295	-Inf	"SD"	20	25
"ECK120001383"	"dcd"	"-"	2139658	2140239	582	"M-C1h"	399	78.498182065831	4	162	0	1	-Inf	"SD"	3	14.2857142857143
"ECK120001384"	"bcr"	"-"	2276592	2277782	1191	"M-C1h"	8	0.769109035600144	162	361	445.983379501385	0.254408060453401	5.38772873640527	"AD"	NA	NA
"ECK120001389"	"waaY"	"-"	3798290	3798988	699	"M-C1h"	18	2.94852637789626	0	0	0	0.763948497854077	-Inf	"SD"	4	14.8148148148148
"ECK120001390"	"waaZ"	"-"	3797368	3798219	852	"M-C1h"	27	3.62855622913642	1	60	0	0.696009389671362	-Inf	"SD"	NA	NA
"ECK120001401"	"plsX"	"+"	1146844	1147914	1071	"M-C1h"	214	22.8788394420578	7	100	0	0.682539682539683	-Inf	"SD"	NA	NA
"ECK120001406"	"gcvT"	"-"	3047595	3048689	1095	"M-C1h"	64	6.69230218374263	0	0	0	0.897716894977169	-Inf	"SD"	31	77.5
"ECK120001407"	"rpiA"	"-"	3056688	3057347	660	"M-C1h"	308	53.43385024832	0	0	0	1	-Inf	"SD"	8	34.7826086956522
"ECK120001408"	"scpA"	"+"	3058872	3061016	2145	"M-C1h"	2	0	14	82	0	0.0438228438228438	NA	"NO"	NA	NA
"ECK120001409"	"argK"	"+"	3061009	3062004	996	"M-C1h"	3	0	0	0	0	0.10140562248996	NA	"NO"	NA	NA
"ECK120001410"	"csrA"	"-"	2816983	2817168	186	"M-C1h"	387	238.236175646312	10	293	34.1296928327645	1	-6.89624868972248	"SD"	NA	NA
"ECK120001414"	"rffE"	"+"	3968156	3969286	1131	"M-C1h"	8	0	0	0	0	0.169761273209549	NA	"NO"	2	4.76190476190476
"ECK120001415"	"rffD"	"+"	3969283	3970545	1263	"M-C1h"	10	0.90658042497998	0	0	0	0.299287410926366	-Inf	"SD"	3	6.52173913043478
"ECK120001416"	"rffG"	"+"	3970545	3971612	1068	"M-C1h"	9	0.964896974789086	0	0	0	0.434456928838951	-Inf	"SD"	4	10
"ECK120001417"	"rffH"	"+"	3971631	3972512	882	"M-C1h"	11	1.42801834968785	0	0	0	0.736961451247165	-Inf	"SD"	3	9.09090909090909
"ECK120001418"	"rffC"	"+"	3972619	3973164	546	"M-C1h"	17	3.56505280306688	0	0	0	0.54029304029304	-Inf	"SD"	1	4.16666666666667
"ECK120001419"	"rffA"	"+"	3973169	3974299	1131	"M-C1h"	50	5.06194109968928	1	76	0	0.84526967285588	-Inf	"SD"	4	9.52380952380952
"ECK120001420"	"wzyE"	"+"	3976624	3977976	1353	"M-C1h"	19	0	0	0	0	0.184774575018477	NA	"NO"	NA	NA
"ECK120001421"	"rffM"	"+"	3977979	3978719	741	"M-C1h"	16	2.47235860026929	8	195	41.025641025641	0.539811066126856	-0.627816107267631	"SD"	3	10.7142857142857
"ECK120001422"	"yifK"	"+"	3978910	3980295	1386	"M-C1h"	102	8.42648844361262	1	98	0	0.883116883116883	-Inf	"SD"	NA	NA
"ECK120001428"	"rarD"	"-"	4001311	4002201	891	"M-C1h"	7	0.899559768490236	0	0	0	0.351290684624018	-Inf	"SD"	NA	NA
"ECK120001432"	"yigL"	"+"	4008223	4009023	801	"M-C1h"	26	3.71664019918759	1	76	0	0.712858926342072	-Inf	"SD"	4	13.3333333333333
"ECK120001434"	"rmuC"	"+"	4015356	4016783	1428	"M-C1h"	313	25.0972315842199	4	187	0	1	-Inf	"SD"	2	3.63636363636364
"ECK120001435"	"ubiE"	"+"	4016878	4017633	756	"M-C1h"	376	56.9476408542186	8	223	35.8744394618834	1	-5.15349226703003	"SD"	13	46.4285714285714
"ECK120001436"	"ubiJ"	"+"	4017647	4018252	606	"M-C1h"	79	14.9267120566382	0	0	0	0.897689768976898	-Inf	"SD"	NA	NA
"ECK120001437"	"ubiB"	"+"	4018249	4019889	1641	"M-C1h"	83	5.7913418263392	2	100	0	0.809872029250457	-Inf	"SD"	NA	NA
"ECK120001438"	"tatC"	"+"	4020759	4021535	777	"M-C1h"	24	3.53671375057827	3	116	0	0.622908622908623	-Inf	"SD"	NA	NA
"ECK120001440"	"yigZ"	"+"	4030515	4031129	615	"M-C1h"	92	17.1286209855242	1	100	0	0.816260162601626	-Inf	"SD"	NA	NA
"ECK120001441"	"hemG"	"+"	4032631	4033176	546	"M-C1h"	20	4.19417976831397	0	0	0	0.730769230769231	-Inf	"SD"	3	14.2857142857143
"ECK120001442"	"wzxE"	"+"	3974301	3975551	1251	"M-C1h"	14	1.28138729612278	0	0	0	0.305355715427658	-Inf	"SD"	NA	NA
"ECK120001443"	"pdxH"	"-"	1715375	1716031	657	"M-C1h"	77	13.4194601080256	0	0	0	1	-Inf	"SD"	3	11.5384615384615
"ECK120001444"	"mliC"	"-"	1716090	1716419	330	"M-C1h"	40	13.8789221424208	4	164	0	1	-Inf	"SD"	NA	NA
"ECK120001445"	"csgA"	"+"	1103670	1104125	456	"M-C1h"	99	24.8587931136451	1	100	0	1	-Inf	"SD"	NA	NA
"ECK120001446"	"gadB"	"-"	1568669	1570069	1401	"M-C1h"	4	0	0	0	0	0.0692362598144183	NA	"NO"	NA	NA
"ECK120001447"	"dinF"	"+"	4255765	4257144	1380	"M-C1h"	50	4.14859085778882	0	0	0	0.322463768115942	-Inf	"SD"	NA	NA
"ECK120001449"	"pabC"	"+"	1152523	1153332	810	"M-C1h"	55	7.77476657052276	1	100	0	0.940740740740741	-Inf	"SD"	NA	NA
"ECK120001450"	"yceG"	"+"	1153335	1154357	1023	"M-C1h"	31	3.4697305356052	1	62	0	0.505376344086022	-Inf	"SD"	1	2.63157894736842
"ECK120001453"	"prmA"	"+"	3407092	3407973	882	"M-C1h"	12	1.55783819965948	2	76	0	0.462585034013605	-Inf	"SD"	3	9.375
"ECK120001454"	"yhdJ"	"+"	3409675	3410559	885	"M-C1h"	2	0	3	100	0	0.131073446327684	NA	"NO"	NA	NA
"ECK120001455"	"yhbE"	"-"	3329792	3330757	966	"M-C1h"	19	2.2520921799425	0	0	0	0.694616977225673	-Inf	"SD"	NA	NA
"ECK120001456"	"holB"	"+"	1154985	1155989	1005	"M-C1h"	11	1.25324595465143	1	100	0	0.397014925373134	-Inf	"SD"	NA	NA
"ECK120001457"	"adiA"	"-"	4336277	4338544	2268	"M-C1h"	6	0	5	103	0	0.179453262786596	NA	"NO"	NA	NA
"ECK120001458"	"rcsF"	"-"	219591	219995	405	"M-C1h"	69	19.5075961224025	1	76	0	1	-Inf	"SD"	NA	NA
"ECK120001459"	"yaeB"	"-"	218887	219594	708	"M-C1h"	8	1.29379782683584	1	76	0	0.269774011299435	-Inf	"SD"	1	3.84615384615385
"ECK120001460"	"metQ"	"-"	220113	220928	816	"M-C1h"	256	35.9219161333244	0	0	0	0.955882352941177	-Inf	"SD"	19	65.5172413793103
"ECK120001462"	"ftsH"	"-"	3323023	3324957	1935	"M-C1h"	1570	92.9027075192275	3	140	0	1	-Inf	"SD"	54	76.056338028169
"ECK120001464"	"sra"	"-"	1553850	1553987	138	"M-C1h"	49	40.6561904063305	0	0	0	1	-Inf	"SD"	NA	NA
"ECK120001466"	"ppk"	"+"	2621066	2623132	2067	"M-C1h"	268	14.8458136704849	9	223	0	0.963715529753266	-Inf	"SD"	19	23.75
"ECK120001469"	"gltF"	"+"	3359198	3359962	765	"M-C1h"	5	0	1	90	0	0.147712418300654	NA	"NO"	NA	NA
"ECK120001470"	"yhcA"	"+"	3360134	3360808	675	"M-C1h"	0	0	1	100	0	0	NA	"NO"	NA	NA
"ECK120001472"	"glpX"	"-"	4112592	4113602	1011	"M-C1h"	35	3.96393547836202	0	0	0	0.692383778437191	-Inf	"SD"	2	5.55555555555556
"ECK120001473"	"nikR"	"+"	3616611	3617012	402	"M-C1h"	6	1.70897175634286	0	0	0	0.895522388059702	-Inf	"SD"	3	20
"ECK120001474"	"yhhH"	"+"	3621422	3621805	384	"M-C1h"	25	7.45449919758929	0	0	0	0.861979166666667	-Inf	"SD"	NA	NA
"ECK120001476"	"ybfB"	"+"	732999	733325	327	"M-C1h"	0	0	0	0	0	0	NA	"NO"	NA	NA
"ECK120001477"	"ybfC"	"+"	734873	735442	570	"M-C1h"	2	0	0	0	0	0.243859649122807	NA	"NO"	NA	NA
"ECK120001478"	"ybfD"	"+"	737315	738076	762	"M-C1h"	0	0	0	0	0	0	NA	"NO"	NA	NA
"ECK120001480"	"ydcC"	"+"	1529840	1530976	1137	"M-C1h"	0	0	0	0	0	0	NA	"NO"	NA	NA
"ECK120001482"	"fabI"	"-"	1348275	1349063	789	"M-C1h"	380	55.146287600113	1	100	0	1	-Inf	"SD"	43	153.571428571429
"ECK120001483"	"ftsN"	"-"	4120403	4121362	960	"M-C1h"	37	4.41306352497286	4	218	0	0.808333333333333	-Inf	"SD"	NA	NA
"ECK120001484"	"fadD"	"-"	1886085	1887770	1686	"M-C1h"	3831	260.174225090638	0	0	0	1	-Inf	"SD"	12	19.3548387096774
"ECK120001486"	"menC"	"-"	2373022	2373984	963	"M-C1h"	29	3.44811227681638	0	0	0	0.823468328141225	-Inf	"SD"	4	11.4285714285714
"ECK120001489"	"ibpB"	"-"	3864492	3864920	429	"M-C1h"	1015	270.905884126098	0	0	0	1	-Inf	"SD"	NA	NA
"ECK120001491"	"yceH"	"+"	1125380	1126027	648	"M-C1h"	1294	228.648816869465	0	0	0	1	-Inf	"SD"	16	66.6666666666667
"ECK120001493"	"pyrH"	"+"	191855	192580	726	"M-C1h"	121	19.0835179458286	0	0	0	0.913223140495868	-Inf	"SD"	6	23.0769230769231
"ECK120001497"	"hemE"	"+"	4195739	4196803	1065	"M-C1h"	105	11.2888416017578	0	0	0	0.984976525821596	-Inf	"SD"	5	12.8205128205128
"ECK120001498"	"gadE"	"+"	3656389	3656916	528	"M-C1h"	2	0	0	0	0	0.0151515151515152	NA	"NO"	NA	NA
"ECK120001501"	"rnt"	"+"	1726371	1727018	648	"M-C1h"	0	0	0	0	0	0	NA	"NO"	5	20.8333333333333
"ECK120001505"	"hydN"	"-"	2835600	2836127	528	"M-C1h"	4	0.867432633901299	0	0	0	0.255681818181818	-Inf	"SD"	NA	NA
"ECK120001506"	"glmM"	"-"	3320755	3322092	1338	"M-C1h"	247	21.1373494736308	1	76	0	0.997010463378176	-Inf	"SD"	18	37.5
"ECK120001510"	"caiD"	"-"	35377	36162	786	"M-C1h"	2	0	0	0	0	0.0979643765903308	NA	"NO"	NA	NA
"ECK120001511"	"caiC"	"-"	36271	37824	1554	"M-C1h"	4	0	0	0	0	0.221364221364221	NA	"NO"	NA	NA
"ECK120001512"	"caiB"	"-"	37898	39115	1218	"M-C1h"	2	0	0	0	0	0.105911330049261	NA	"NO"	NA	NA
"ECK120001513"	"caiA"	"-"	39244	40386	1143	"M-C1h"	10	1.00175947222197	0	0	0	0.426071741032371	-Inf	"SD"	NA	NA
"ECK120001516"	"fixB"	"+"	43188	44129	942	"M-C1h"	4	0	0	0	0	0.156050955414013	NA	"NO"	NA	NA
"ECK120001517"	"fixC"	"+"	44180	45466	1287	"M-C1h"	8	0.71173959704722	1	93	0	0.324009324009324	-Inf	"SD"	NA	NA
"ECK120001518"	"fixX"	"+"	45463	45750	288	"M-C1h"	3	1.19271987161429	0	0	0	0.409722222222222	-Inf	"SD"	NA	NA
"ECK120001519"	"yaaU"	"+"	45807	47138	1332	"M-C1h"	2	0	0	0	0	0.132132132132132	NA	"NO"	NA	NA
"ECK120001520"	"kefF"	"+"	47246	47776	531	"M-C1h"	12	2.58759565367167	0	0	0	0.747645951035782	-Inf	"SD"	NA	NA
"ECK120001525"	"thiP"	"-"	72911	74521	1611	"M-C1h"	1	0	0	0	0	0.0248292985723153	NA	"NO"	NA	NA
"ECK120001526"	"tbpA"	"-"	74497	75480	984	"M-C1h"	3	0	0	0	0	0.180894308943089	NA	"NO"	3	8.33333333333333
"ECK120001528"	"leuC"	"-"	79464	80864	1401	"M-C1h"	30	2.4518438474298	0	0	0	0.640256959314775	-Inf	"SD"	NA	NA
"ECK120001529"	"leuB"	"-"	80867	81958	1092	"M-C1h"	22	2.30679887257269	1	54	0	0.574175824175824	-Inf	"SD"	NA	NA
"ECK120001532"	"ybiB"	"+"	834471	835433	963	"M-C1h"	115	13.673548683927	5	146	0	1	-Inf	"SD"	5	14.2857142857143
"ECK120001534"	"gcl"	"+"	533140	534921	1782	"M-C1h"	2	0	0	0	0	0.0976430976430976	NA	"NO"	NA	NA
"ECK120001535"	"thiC"	"-"	4192227	4194122	1896	"M-C1h"	4	0	1	67	0	0.122362869198312	NA	"NO"	NA	NA
"ECK120001536"	"thiE"	"-"	4191592	4192227	636	"M-C1h"	3	0.540099564504583	0	0	0	0.327044025157233	-Inf	"SD"	NA	NA
"ECK120001537"	"thiF"	"-"	4190844	4191599	756	"M-C1h"	2	0	0	0	0	0.162698412698413	NA	"NO"	NA	NA
"ECK120001538"	"thiG"	"-"	4189888	4190658	771	"M-C1h"	7	1.03956907097899	0	0	0	0.389105058365759	-Inf	"SD"	NA	NA
"ECK120001539"	"thiH"	"-"	4188758	4189891	1134	"M-C1h"	1	0	0	0	0	0.0238095238095238	NA	"NO"	NA	NA
"ECK120001540"	"lipB"	"-"	660860	661501	642	"M-C1h"	4	0.713402540030975	0	0	0	0.398753894080997	-Inf	"SD"	2	8.33333333333333
"ECK120001541"	"ybeD"	"-"	661602	661865	264	"M-C1h"	162	70.2620433460052	8	280	21.4285714285714	1	-5.87163922237848	"SD"	2	20
"ECK120001542"	"ybeF"	"-"	659648	660601	954	"M-C1h"	1	0	29	279	75.2688172043011	0.079664570230608	Inf	"AD"	NA	NA
"ECK120001544"	"moaB"	"+"	817278	817790	513	"M-C1h"	101	22.543103070511	0	0	0	1	-Inf	"SD"	6	31.5789473684211
"ECK120001545"	"moaD"	"+"	818271	818516	246	"M-C1h"	63	29.3234544045659	0	0	0	0.995934959349594	-Inf	"SD"	2	22.2222222222222
"ECK120001546"	"moaE"	"+"	818518	818970	453	"M-C1h"	35	8.84666394839736	0	0	0	0.909492273730684	-Inf	"SD"	4	23.5294117647059
"ECK120001549"	"sseB"	"-"	2652179	2652955	777	"M-C1h"	23	3.38935067763751	1	100	0	0.749034749034749	-Inf	"SD"	NA	NA
"ECK120001550"	"glnE"	"-"	3194823	3197663	2841	"M-C1h"	256	10.3175936518102	2	100	0	0.907778951073566	-Inf	"SD"	6	5.55555555555556
"ECK120001553"	"smg"	"-"	3430013	3430486	474	"M-C1h"	1806	436.263714052739	1	76	0	1	-Inf	"SD"	NA	NA
"ECK120001561"	"eptA"	"-"	4331970	4333613	1644	"M-C1h"	80	0	3	98	0	0.181265206812652	NA	"NO"	NA	NA
"ECK120001563"	"basR"	"-"	4331305	4331973	669	"M-C1h"	136	23.2767573150914	1	76	0	1	-Inf	"SD"	NA	NA
"ECK120001565"	"baeS"	"+"	2160900	2162303	1404	"M-C1h"	35	2.85437234232479	3	84	0	0.354700854700855	-Inf	"SD"	NA	NA
"ECK120001566"	"baeR"	"+"	2162300	2163022	723	"M-C1h"	80	12.6695554827078	3	123	0	0.900414937759336	-Inf	"SD"	5	17.8571428571429
"ECK120001567"	"mfd"	"-"	1169741	1173187	3447	"M-C1h"	133	4.41794236169748	1	55	0	0.841021177835799	-Inf	"SD"	18	13.8461538461538
"ECK120001568"	"rnb"	"-"	1345002	1346936	1935	"M-C1h"	19	1.12430028207982	5	143	0	0.519896640826873	-Inf	"SD"	23	31.9444444444444
"ECK120001570"	"mdlB"	"+"	469860	471641	1782	"M-C1h"	10	0.64254269177874	0	0	0	0.268799102132435	-Inf	"SD"	NA	NA
"ECK120001571"	"sdaB"	"+"	2927598	2928965	1368	"M-C1h"	7	0.585897480792983	0	0	0	0.285087719298246	-Inf	"SD"	10	20.4081632653061
"ECK120001572"	"artP"	"-"	902229	902957	729	"M-C1h"	60	9.42395947942152	1	76	0	0.960219478737997	-Inf	"SD"	1	3.7037037037037
"ECK120001573"	"artI"	"-"	901480	902211	732	"M-C1h"	145	22.681230345452	0	0	0	0.894808743169399	-Inf	"SD"	9	33.3333333333333
"ECK120001574"	"artQ"	"-"	900757	901473	717	"M-C1h"	7	1.11786297590628	0	0	0	0.384937238493724	-Inf	"SD"	NA	NA
"ECK120001575"	"artM"	"-"	900089	900757	669	"M-C1h"	21	3.59420517365381	0	0	0	0.61136023916293	-Inf	"SD"	NA	NA
"ECK120001577"	"potF"	"+"	893007	894119	1113	"M-C1h"	175	18.0033188168194	0	0	0	1	-Inf	"SD"	3	7.31707317073171
"ECK120001578"	"potG"	"+"	894214	895347	1134	"M-C1h"	63	6.36117264860953	0	0	0	0.994708994708995	-Inf	"SD"	NA	NA
"ECK120001579"	"potH"	"+"	895357	896310	954	"M-C1h"	14	1.68030975623648	0	0	0	0.688679245283019	-Inf	"SD"	NA	NA
"ECK120001580"	"potI"	"+"	896307	897152	846	"M-C1h"	26	3.51894657157123	0	0	0	0.74468085106383	-Inf	"SD"	NA	NA
"ECK120001590"	"psuK"	"-"	2256377	2257318	942	"M-C1h"	9	1.09395962746788	0	0	0	0.495753715498938	-Inf	"SD"	NA	NA
"ECK120001591"	"accA"	"+"	208621	209580	960	"M-C1h"	167	19.9184218559586	0	0	0	1	-Inf	"SD"	23	65.7142857142857
"ECK120001598"	"fliG"	"+"	2012904	2013899	996	"M-C1h"	20	2.2992190296179	2	100	0	0.484939759036145	-Inf	"SD"	12	32.4324324324324
"ECK120001599"	"fliH"	"+"	2013892	2014578	687	"M-C1h"	6	1.00000967401722	1	71	0	0.50509461426492	-Inf	"SD"	7	28
"ECK120001601"	"uidB"	"-"	1690914	1692287	1374	"M-C1h"	26	2.16668762703731	0	0	0	0.587336244541485	-Inf	"SD"	NA	NA
"ECK120001604"	"yedF"	"+"	2007503	2007736	234	"M-C1h"	3	1.46796291890989	2	100	0	0.341880341880342	-Inf	"SD"	NA	NA
"ECK120001605"	"yedK"	"+"	2007845	2008513	669	"M-C1h"	8	1.36922101853479	0	0	0	0.609865470852018	-Inf	"SD"	NA	NA
"ECK120001609"	"moaC"	"+"	817793	818278	486	"M-C1h"	88	20.7327108547273	0	0	0	1	-Inf	"SD"	NA	NA
"ECK120001611"	"atoC"	"+"	2319888	2321273	1386	"M-C1h"	163	13.4658589834202	4	76	0	0.965367965367965	-Inf	"SD"	1	1.92307692307692
"ECK120001612"	"atoD"	"+"	2321469	2322131	663	"M-C1h"	1	0	0	0	0	0.114630467571644	NA	"NO"	NA	NA
"ECK120001613"	"atoA"	"+"	2322131	2322781	651	"M-C1h"	0	0	0	0	0	0	NA	"NO"	NA	NA
"ECK120001614"	"atoE"	"+"	2322778	2324100	1323	"M-C1h"	3	0	7	100	0	0.0952380952380952	NA	"NO"	NA	NA
"ECK120001618"	"panB"	"-"	148807	149601	795	"M-C1h"	138	19.8756639737686	0	0	0	1	-Inf	"SD"	11	39.2857142857143
"ECK120001619"	"hslV"	"-"	4119780	4120310	531	"M-C1h"	82	17.6819036334231	0	0	0	1	-Inf	"SD"	11	57.8947368421053
"ECK120001620"	"modF"	"-"	791539	793011	1473	"M-C1h"	79	6.14092838175339	0	0	0	0.955872369314325	-Inf	"SD"	NA	NA
"ECK120001621"	"yadC"	"-"	149715	150953	1239	"M-C1h"	1	0	4	100	0	0.0613397901533495	NA	"NO"	NA	NA
"ECK120001622"	"aas"	"-"	2971877	2974036	2160	"M-C1h"	16	0	3	109	0	0.225462962962963	NA	"NO"	0	0
"ECK120001623"	"lptB"	"+"	3341966	3342691	726	"M-C1h"	271	42.7407715976822	0	0	0	1	-Inf	"SD"	9	33.3333333333333
"ECK120001624"	"hpf"	"+"	3344195	3344482	288	"M-C1h"	111	44.1306352497286	2	171	0	1	-Inf	"SD"	3	27.2727272727273
"ECK120001625"	"ptsN"	"+"	3344600	3345091	492	"M-C1h"	52	12.1017430875986	0	0	0	0.91869918699187	-Inf	"SD"	4	22.2222222222222
"ECK120001630"	"setC"	"+"	3834976	3836160	1185	"M-C1h"	2	0	0	0	0	0.128270042194093	NA	"NO"	NA	NA
"ECK120001633"	"yicN"	"-"	3839973	3840425	453	"M-C1h"	45	11.374282219368	4	160	0	0.783664459161148	-Inf	"SD"	NA	NA
"ECK120001638"	"yidG"	"-"	3853631	3853993	363	"M-C1h"	389	122.702288940947	0	0	0	0.928374655647383	-Inf	"SD"	NA	NA
"ECK120001641"	"galM"	"-"	787020	788060	1041	"M-C1h"	347	38.1670358916572	6	119	50.4201680672269	0.996157540826129	-4.99122083813115	"SD"	13	34.2105263157895
"ECK120001647"	"acrB"	"-"	480478	483627	3150	"M-C1h"	190	6.90641601849034	2	76	0	0.931746031746032	-Inf	"SD"	29	25.4385964912281
"ECK120001652"	"glvB"	"-"	3860010	3860495	486	"M-C1h"	0	0	2	126	0	0	NA	"NO"	NA	NA
"ECK120001659"	"mdtL"	"+"	3889638	3890813	1176	"M-C1h"	0	0	4	91	0	0	NA	"NO"	NA	NA
"ECK120001660"	"yidZ"	"+"	3890788	3891747	960	"M-C1h"	2	0	124	269	457.24907063197	0.183333333333333	Inf	"AD"	NA	NA
"ECK120001661"	"yieE"	"+"	3891892	3892653	762	"M-C1h"	59	8.86557132916446	1	72	0	0.55511811023622	-Inf	"SD"	NA	NA
"ECK120001665"	"cbrB"	"+"	3895529	3895996	468	"M-C1h"	3	0.733981459454945	43	437	98.3981693363844	0.361111111111111	3.55052113399088	"AD"	NA	NA
"ECK120001668"	"yieL"	"-"	3897431	3898627	1197	"M-C1h"	3	0	3	100	0	0.210526315789474	NA	"NO"	NA	NA
"ECK120001674"	"efeB"	"+"	1082599	1083870	1272	"M-C1h"	15	1.35024891126146	80	548	145.985401459854	0.25314465408805	3.56677461498973	"AD"	NA	NA
"ECK120001676"	"metI"	"-"	220968	221621	654	"M-C1h"	30	5.25234438876016	0	0	0	0.885321100917431	-Inf	"SD"	NA	NA
"ECK120001678"	"nfrB"	"-"	590164	592401	2238	"M-C1h"	11	0	1	39	0	0.214924039320822	NA	"NO"	NA	NA
"ECK120001679"	"nfrA"	"-"	587205	590177	2973	"M-C1h"	23	0.885814152884071	3	82	0	0.384123780692903	-Inf	"SD"	NA	NA
"ECK120001681"	"yddA"	"-"	1575681	1577366	1686	"M-C1h"	0	0	0	0	0	0	NA	"NO"	NA	NA
"ECK120001682"	"yddB"	"-"	1573271	1575643	2373	"M-C1h"	10	0.482516256531696	2	147	0	0.301306363253266	-Inf	"SD"	NA	NA
"ECK120001683"	"pqqL"	"-"	1570431	1573226	2796	"M-C1h"	31	1.26950441270533	1	100	0	0.432045779685265	-Inf	"SD"	4	3.80952380952381
"ECK120001690"	"otsB"	"-"	1979611	1980411	801	"M-C1h"	16	2.28716319950005	0	0	0	0.596754057428215	-Inf	"SD"	NA	NA
"ECK120001693"	"tsaE"	"+"	4393608	4394069	462	"M-C1h"	24	5.94810948960891	0	0	0	0.575757575757576	-Inf	"SD"	4	23.5294117647059
"ECK120001696"	"ydcD"	"+"	1527946	1528428	483	"M-C1h"	2	0.47412466946158	0	0	0	0.314699792960663	-Inf	"SD"	NA	NA
"ECK120001699"	"yibG"	"+"	3766200	3766661	462	"M-C1h"	0	0	0	0	0	0	NA	"NO"	NA	NA
"ECK120001702"	"yibJ"	"+"	3765244	3765945	702	"M-C1h"	0	0	1	76	0	0	NA	"NO"	NA	NA
"ECK120001704"	"ybbB"	"-"	529356	530450	1095	"M-C1h"	21	2.19591165404055	0	0	0	0.632876712328767	-Inf	"SD"	NA	NA
"ECK120001705"	"ybbC"	"+"	526805	527173	369	"M-C1h"	3	0.930903314430663	0	0	0	0.485094850948509	-Inf	"SD"	NA	NA
"ECK120001706"	"ybbD"	"+"	527864	528124	261	"M-C1h"	1	0	0	0	0	0.172413793103448	NA	"NO"	NA	NA
"ECK120001707"	"nuoM"	"-"	2389534	2391063	1530	"M-C1h"	369	27.6149730274931	3	234	0	1	-Inf	"SD"	NA	NA
"ECK120001708"	"nuoF"	"-"	2398240	2399577	1338	"M-C1h"	515	44.0718015340884	0	0	0	1	-Inf	"SD"	15	30.6122448979592
"ECK120001709"	"ybfE"	"-"	710828	711121	294	"M-C1h"	2	0.778919099829738	1	71	0	0.506802721088435	-Inf	"SD"	2	18.1818181818182
"ECK120001712"	"ybfH"	"-"	715611	715820	210	"M-C1h"	1	0.545243369880817	0	0	0	0.361904761904762	-Inf	"SD"	NA	NA
"ECK120001714"	"ydeK"	"-"	1592133	1596110	3978	"M-C1h"	137	3.943351370405	2	67	0	0.503267973856209	-Inf	"SD"	NA	NA
"ECK120001721"	"gmd"	"-"	2125217	2126338	1122	"M-C1h"	2	0	2	79	0	0.13458110516934	NA	"NO"	NA	NA
"ECK120001722"	"fcl"	"-"	2124249	2125214	966	"M-C1h"	0	0	1	101	0	0	NA	"NO"	NA	NA
"ECK120001723"	"gmm"	"-"	2123767	2124246	480	"M-C1h"	2	0	2	42	0	0.214583333333333	NA	"NO"	NA	NA
"ECK120001724"	"wcaI"	"-"	2122547	2123770	1224	"M-C1h"	5	0	0	0	0	0.243464052287582	NA	"NO"	NA	NA
"ECK120001725"	"cmtB"	"-"	3076909	3077352	444	"M-C1h"	9	2.32096839881699	0	0	0	0.666666666666667	-Inf	"SD"	NA	NA
"ECK120001726"	"cmtA"	"-"	3075493	3076881	1389	"M-C1h"	2	0	0	0	0	0.143988480921526	NA	"NO"	NA	NA
"ECK120001727"	"ygdD"	"-"	2939258	2939653	396	"M-C1h"	20	5.78288422600866	0	0	0	0.997474747474748	-Inf	"SD"	NA	NA
"ECK120001729"	"gcvA"	"-"	2939672	2940589	918	"M-C1h"	104	12.9718030481449	0	0	0	1	-Inf	"SD"	0	0
"ECK120001733"	"hybA"	"-"	3142176	3143162	987	"M-C1h"	18	2.08816609741589	0	0	0	0.70516717325228	-Inf	"SD"	6	16.6666666666667
"ECK120001734"	"hybB"	"-"	3141008	3142186	1179	"M-C1h"	50	4.85585698367139	1	100	0	0.893129770992366	-Inf	"SD"	NA	NA
"ECK120001735"	"hybC"	"-"	3139308	3141011	1704	"M-C1h"	111	7.45869891544709	3	100	0	0.957746478873239	-Inf	"SD"	6	9.67741935483871
"ECK120001736"	"hybD"	"-"	3138814	3139308	495	"M-C1h"	35	8.09603791641212	0	0	0	0.975757575757576	-Inf	"SD"	NA	NA
"ECK120001737"	"hybE"	"-"	3138333	3138821	489	"M-C1h"	8	1.87322875541876	0	0	0	0.840490797546012	-Inf	"SD"	NA	NA
"ECK120001738"	"hybF"	"-"	3137999	3138340	342	"M-C1h"	1	0	0	0	0	0.108187134502924	NA	"NO"	NA	NA
"ECK120001740"	"yebE"	"-"	1927072	1927731	660	"M-C1h"	175	30.3601421865455	1	76	0	1	-Inf	"SD"	2	8.33333333333333
"ECK120001741"	"yebF"	"-"	1928058	1928414	357	"M-C1h"	75	24.0548545535654	5	241	0	1	-Inf	"SD"	NA	NA
"ECK120001744"	"gcvP"	"-"	3044190	3047063	2874	"M-C1h"	63	2.50994077366848	4	201	0	0.682672233820459	-Inf	"SD"	62	59.6153846153846
"ECK120001746"	"yjfC"	"+"	4411051	4412214	1164	"M-C1h"	1	0	1	65	0	0.0652920962199313	NA	"NO"	NA	NA
"ECK120001747"	"torA"	"+"	1058479	1061025	2547	"M-C1h"	29	1.30370322833693	0	0	0	0.356105221829603	-Inf	"SD"	NA	NA
"ECK120001749"	"ispF"	"-"	2869323	2869802	480	"M-C1h"	6	1.43126384593714	3	155	0	0.522916666666667	-Inf	"SD"	2	11.7647058823529
"ECK120001750"	"umpG"	"-"	2867535	2868296	762	"M-C1h"	200	30.0527841666592	2	76	0	1	-Inf	"SD"	2	7.40740740740741
"ECK120001751"	"purU"	"-"	1287005	1287847	843	"M-C1h"	38	5.16137851915648	3	76	0	0.823250296559905	-Inf	"SD"	14	43.75
"ECK120001754"	"puuB"	"+"	1362256	1363536	1281	"M-C1h"	3	0	1	81	0	0.12568306010929	NA	"NO"	NA	NA
"ECK120001763"	"rdoA"	"+"	4040438	4041424	987	"M-C1h"	62	7.19257211332141	0	0	0	0.691995947315096	-Inf	"SD"	2	5.26315789473684
"ECK120001766"	"yihI"	"+"	4049370	4049879	510	"M-C1h"	164	36.8199640366575	0	0	0	1	-Inf	"SD"	NA	NA
"ECK120001768"	"typA"	"+"	4056430	4058253	1824	"M-C1h"	323	20.2762378174429	4	115	0	0.992872807017544	-Inf	"SD"	25	37.3134328358209
"ECK120001769"	"yihL"	"+"	4058470	4059180	711	"M-C1h"	23	3.70397394729162	0	0	0	0.665260196905767	-Inf	"SD"	NA	NA
"ECK120001770"	"yihM"	"+"	4059188	4060168	981	"M-C1h"	6	0.700312585168021	0	0	0	0.397553516819572	-Inf	"SD"	2	5.40540540540541
"ECK120001772"	"yihO"	"-"	4062386	4063789	1404	"M-C1h"	7	0.570874468464958	1	71	0	0.311253561253561	-Inf	"SD"	NA	NA
"ECK120001773"	"yihP"	"-"	4063832	4065238	1407	"M-C1h"	1	0	2	100	0	0.0540156361051883	NA	"NO"	NA	NA
"ECK120001774"	"yihQ"	"-"	4065263	4067299	2037	"M-C1h"	3	0	1	76	0	0.123711340206186	NA	"NO"	NA	NA
"ECK120001775"	"yihR"	"-"	4067498	4068424	927	"M-C1h"	0	0	0	0	0	0	NA	"NO"	NA	NA
"ECK120001776"	"yihS"	"-"	4068538	4069779	1242	"M-C1h"	22	2.02819997491898	1	100	0	0.675523349436393	-Inf	"SD"	NA	NA
"ECK120001777"	"yihT"	"-"	4069796	4070674	879	"M-C1h"	7	0.91184044792355	3	144	0	0.25028441410694	-Inf	"SD"	NA	NA
"ECK120001780"	"yihW"	"+"	4072692	4073477	786	"M-C1h"	113	16.461355174646	0	0	0	0.99618320610687	-Inf	"SD"	5	17.2413793103448
"ECK120001781"	"yihX"	"+"	4073576	4074175	600	"M-C1h"	218	41.6020691219063	0	0	0	0.966666666666667	-Inf	"SD"	6	26.0869565217391
"ECK120001782"	"yihY"	"+"	4074169	4075041	873	"M-C1h"	370	48.528533607949	8	79	0	0.86368843069874	-Inf	"SD"	NA	NA
"ECK120001783"	"dtd"	"+"	4075038	4075475	438	"M-C1h"	316	82.608105080573	1	90	0	1	-Inf	"SD"	NA	NA
"ECK120001784"	"yiiD"	"+"	4075472	4076461	990	"M-C1h"	166	19.1991756303488	0	0	0	1	-Inf	"SD"	2	5.40540540540541
"ECK120001785"	"yiiE"	"+"	4077314	4077532	219	"M-C1h"	1	0.522836108104893	0	0	0	0.34703196347032	-Inf	"SD"	NA	NA
"ECK120001787"	"fdoI"	"-"	4079248	4079883	636	"M-C1h"	1812	326.220136960768	1	100	0	1	-Inf	"SD"	4	16
"ECK120001788"	"fdoH"	"-"	4079880	4080782	903	"M-C1h"	2904	368.229475845091	1	94	0	1	-Inf	"SD"	6	18.1818181818182
"ECK120001793"	"frvX"	"-"	4087878	4088948	1071	"M-C1h"	12	1.28292557619016	0	0	0	0.305322128851541	-Inf	"SD"	NA	NA
"ECK120001794"	"frvB"	"-"	4088938	4090389	1452	"M-C1h"	4	0	0	0	0	0.193526170798898	NA	"NO"	NA	NA
"ECK120001795"	"frvA"	"-"	4090400	4090846	447	"M-C1h"	1	0	0	0	0	0.170022371364653	NA	"NO"	NA	NA
"ECK120001796"	"rhaM"	"-"	4091147	4091461	315	"M-C1h"	1	0	12	247	44.5344129554656	0.241269841269841	Inf	"AD"	NA	NA
"ECK120001797"	"rhaD"	"-"	4091471	4092295	825	"M-C1h"	0	0	0	0	0	0	NA	"NO"	NA	NA
"ECK120001798"	"rhaA"	"-"	4092746	4094005	1260	"M-C1h"	2	0	0	0	0	0.0714285714285714	NA	"NO"	NA	NA
"ECK120001800"	"kdgT"	"+"	4099713	4100696	984	"M-C1h"	19	2.21089537177282	2	61	0	0.811991869918699	-Inf	"SD"	NA	NA
"ECK120001802"	"gph"	"-"	3511653	3512411	759	"M-C1h"	50	7.54289246870695	0	0	0	0.997364953886693	-Inf	"SD"	9	33.3333333333333
"ECK120001803"	"fieF"	"+"	4104492	4105394	903	"M-C1h"	137	17.3717073659702	0	0	0	0.901439645625692	-Inf	"SD"	NA	NA
"ECK120001806"	"yiiS"	"+"	4110990	4111289	300	"M-C1h"	287	109.539393009056	0	0	0	1	-Inf	"SD"	NA	NA
"ECK120001810"	"menA"	"-"	4117446	4118372	927	"M-C1h"	5	0	2	100	0	0.135922330097087	NA	"NO"	NA	NA
"ECK120001811"	"hslU"	"-"	4118439	4119770	1332	"M-C1h"	119	10.2294533133045	2	76	0	0.965465465465465	-Inf	"SD"	23	46
"ECK120001814"	"tehB"	"+"	1499586	1500179	594	"M-C1h"	47	9.05985195408024	1	76	0	0.902356902356902	-Inf	"SD"	6	26.0869565217391
"ECK120001816"	"opgH"	"+"	1110086	1112629	2544	"M-C1h"	77	3.46563887223774	1	48	0	0.745676100628931	-Inf	"SD"	14	14.4329896907216
"ECK120001820"	"slp"	"+"	3651984	3652550	567	"M-C1h"	4	0.807767955378987	0	0	0	0.444444444444444	-Inf	"SD"	NA	NA
"ECK120001821"	"yeeA"	"-"	2077557	2078615	1059	"M-C1h"	17	1.83807255002315	1	76	0	0.411709159584514	-Inf	"SD"	NA	NA
"ECK120001822"	"sbmC"	"-"	2078813	2079286	474	"M-C1h"	512	123.680521370433	0	0	0	1	-Inf	"SD"	4	22.2222222222222
"ECK120001825"	"yeeE"	"-"	2082491	2083549	1059	"M-C1h"	63	6.81168062655638	0	0	0	0.826251180358829	-Inf	"SD"	NA	NA
"ECK120001826"	"plaP"	"-"	2083728	2085086	1359	"M-C1h"	6	0	8	100	80	0.243561442236939	Inf	"AD"	NA	NA
"ECK120001828"	"recT"	"-"	1412008	1412817	810	"M-C1h"	11	1.55495331410455	4	78	0	0.48641975308642	-Inf	"SD"	NA	NA
"ECK120001829"	"lar"	"-"	1411757	1411951	195	"M-C1h"	0	0	0	0	0	0	NA	"NO"	NA	NA
"ECK120001830"	"rcbA"	"-"	1411555	1411764	210	"M-C1h"	0	0	0	0	0	0	NA	"NO"	NA	NA
"ECK120001833"	"gldA"	"-"	4135955	4137058	1104	"M-C1h"	254	26.343551946959	0	0	0	1	-Inf	"SD"	9	23.0769230769231
"ECK120001834"	"fsaB"	"-"	4137069	4137731	663	"M-C1h"	71	12.2618079108944	0	0	0	0.953242835595777	-Inf	"SD"	4	16.6666666666667
"ECK120001837"	"frwB"	"+"	4141647	4141967	321	"M-C1h"	21	7.49072667032524	0	0	0	0.7601246105919	-Inf	"SD"	NA	NA
"ECK120001838"	"pflD"	"+"	4142018	4144315	2298	"M-C1h"	14	0.697569846583812	3	39	0	0.355961705831158	-Inf	"SD"	NA	NA
"ECK120001839"	"pflC"	"+"	4144281	4145159	879	"M-C1h"	4	0.521051684527743	0	0	0	0.323094425483504	-Inf	"SD"	NA	NA
"ECK120001842"	"eptC"	"-"	4146555	4148288	1734	"M-C1h"	11	0.726362274754721	66	451	119.733924611973	0.338523644752018	3.89419822717454	"AD"	7	10.4477611940299
"ECK120001843"	"nfi"	"+"	4196813	4197484	672	"M-C1h"	37	6.30437646424694	1	76	0	0.53125	-Inf	"SD"	NA	NA
"ECK120001844"	"yjaG"	"+"	4197527	4198117	591	"M-C1h"	99	19.1803885952998	2	143	0	0.974619289340102	-Inf	"SD"	2	8.69565217391304
"ECK120001851"	"yjbE"	"+"	4233929	4234171	243	"M-C1h"	6	2.82718784382646	0	0	0	0.810699588477366	-Inf	"SD"	NA	NA
"ECK120001852"	"yjbF"	"+"	4234285	4234923	639	"M-C1h"	0	0	0	0	0	0	NA	"NO"	NA	NA
"ECK120001853"	"yjbG"	"+"	4234920	4235657	738	"M-C1h"	0	0	0	0	0	0	NA	"NO"	NA	NA
"ECK120001855"	"yjbI"	"+"	4248978	4250306	1329	"M-C1h"	0	0	1	76	0	0	NA	"NO"	NA	NA
"ECK120001859"	"yjbM"	"+"	4258622	4259329	708	"M-C1h"	0	0	0	0	0	0	NA	"NO"	NA	NA
"ECK120001860"	"dusA"	"+"	4259692	4260729	1038	"M-C1h"	26	2.86804315948869	0	0	0	0.682080924855491	-Inf	"SD"	4	10.8108108108108
"ECK120001863"	"yjbQ"	"+"	4268261	4268677	417	"M-C1h"	121	33.2245420351836	1	76	0	1	-Inf	"SD"	NA	NA
"ECK120001867"	"ghxP"	"+"	4276502	4277851	1350	"M-C1h"	10	0.848156353147937	0	0	0	0.422222222222222	-Inf	"SD"	NA	NA
"ECK120001870"	"actP"	"-"	4281276	4282925	1650	"M-C1h"	107	7.42522334619512	1	76	0	0.964242424242424	-Inf	"SD"	NA	NA
"ECK120001871"	"yjcH"	"-"	4282922	4283236	315	"M-C1h"	70	25.4446905944381	1	76	0	1	-Inf	"SD"	NA	NA
"ECK120001872"	"nrfB"	"+"	4287268	4287834	567	"M-C1h"	4	0.807767955378987	1	76	0	0.262786596119929	-Inf	"SD"	NA	NA
"ECK120001873"	"nrfC"	"+"	4287831	4288502	672	"M-C1h"	3	0.511165659263266	0	0	0	0.367559523809524	-Inf	"SD"	NA	NA
"ECK120001874"	"nrfD"	"+"	4288499	4289455	957	"M-C1h"	3	0	0	0	0	0.19644723092999	NA	"NO"	NA	NA
"ECK120001875"	"nrfE"	"+"	4289535	4291193	1659	"M-C1h"	3	0	0	0	0	0.106088004822182	NA	"NO"	NA	NA
"ECK120001876"	"nrfF"	"+"	4291186	4291569	384	"M-C1h"	2	0.596359935807143	0	0	0	0.265625	-Inf	"SD"	NA	NA
"ECK120001877"	"nrfG"	"+"	4291566	4292162	597	"M-C1h"	1	0	0	0	0	0.0871021775544389	NA	"NO"	NA	NA
"ECK120001879"	"mdtP"	"-"	4297587	4299053	1467	"M-C1h"	1	0	0	0	0	0.0681663258350375	NA	"NO"	NA	NA
"ECK120001880"	"mdtO"	"-"	4299050	4301101	2052	"M-C1h"	2	0	3	82	0	0.0857699805068226	NA	"NO"	NA	NA
"ECK120001881"	"mdtN"	"-"	4301101	4302132	1032	"M-C1h"	0	0	4	223	0	0	NA	"NO"	NA	NA
"ECK120001882"	"yjcS"	"-"	4302635	4304620	1986	"M-C1h"	0	0	1	100	0	0	NA	"NO"	NA	NA
"ECK120001883"	"alsK"	"-"	4304893	4305822	930	"M-C1h"	5	0	12	452	26.5486725663717	0.246236559139785	Inf	"AD"	NA	NA
"ECK120001884"	"alsE"	"-"	4305806	4306501	696	"M-C1h"	11	1.80964394313892	0	0	0	0.520114942528736	-Inf	"SD"	NA	NA
"ECK120001885"	"alsC"	"-"	4306512	4307492	981	"M-C1h"	0	0	0	0	0	0	NA	"NO"	NA	NA
"ECK120001886"	"alsA"	"-"	4307471	4309003	1533	"M-C1h"	2	0	3	100	0	0.0991519895629485	NA	"NO"	NA	NA
"ECK120001887"	"lldP"	"+"	3775422	3777077	1656	"M-C1h"	262	18.1155134123445	0	0	0	0.985507246376812	-Inf	"SD"	NA	NA
"ECK120001888"	"lldR"	"+"	3777077	3777853	777	"M-C1h"	40	5.89452291763045	0	0	0	0.803088803088803	-Inf	"SD"	NA	NA
"ECK120001889"	"lldD"	"+"	3777850	3779040	1191	"M-C1h"	77	7.40267446765139	0	0	0	0.930310663308144	-Inf	"SD"	18	41.8604651162791
"ECK120001892"	"adiY"	"-"	4335191	4335952	762	"M-C1h"	12	1.80316704999955	2	43	0	0.360892388451444	-Inf	"SD"	NA	NA
"ECK120001893"	"flgK"	"+"	1137601	1139244	1644	"M-C1h"	402	27.9984460373105	0	0	0	1	-Inf	"SD"	3	5.17241379310345
"ECK120001894"	"zntR"	"-"	3436727	3437152	426	"M-C1h"	76	20.4274276603236	2	78	0	1	-Inf	"SD"	NA	NA
"ECK120001895"	"yhdN"	"-"	3437163	3437531	369	"M-C1h"	92	28.5477016425403	0	0	0	1	-Inf	"SD"	NA	NA
"ECK120001897"	"htrE"	"-"	152829	155426	2598	"M-C1h"	2	0	3	76	0	0.0542725173210162	NA	"NO"	NA	NA
"ECK120001898"	"yadV"	"-"	155461	156201	741	"M-C1h"	0	0	4	100	0	0	NA	"NO"	NA	NA
"ECK120001899"	"fimI"	"+"	4541751	4542290	540	"M-C1h"	24	5.08893811888762	2	79	0	0.874074074074074	-Inf	"SD"	NA	NA
"ECK120001900"	"fliP"	"+"	2019893	2020630	738	"M-C1h"	2	0	0	0	0	0.238482384823848	NA	"NO"	1	3.7037037037037
"ECK120001901"	"fliQ"	"+"	2020640	2020909	270	"M-C1h"	0	0	0	0	0	0	NA	"NO"	NA	NA
"ECK120001902"	"fliR"	"+"	2020917	2021702	786	"M-C1h"	1	0	1	76	0	0.127226463104326	NA	"NO"	NA	NA
"ECK120001903"	"rfbA"	"-"	2108162	2109043	882	"M-C1h"	79	10.2557681477582	0	0	0	0.920634920634921	-Inf	"SD"	16	48.4848484848485
"ECK120001904"	"rfbC"	"-"	2107605	2108162	558	"M-C1h"	67	13.7483408857045	0	0	0	0.991039426523297	-Inf	"SD"	4	19.047619047619
"ECK120001905"	"rfbX"	"-"	2106361	2107608	1248	"M-C1h"	37	3.39466424997912	0	0	0	0.814903846153846	-Inf	"SD"	NA	NA
"ECK120001906"	"glf"	"-"	2105250	2106353	1104	"M-C1h"	141	14.6237827737056	0	0	0	0.942028985507246	-Inf	"SD"	25	58.1395348837209
"ECK120001907"	"wbbH"	"-"	2104084	2105250	1167	"M-C1h"	43	4.21897826051737	0	0	0	0.73350471293916	-Inf	"SD"	NA	NA
"ECK120001908"	"wbbI"	"-"	2103089	2104081	993	"M-C1h"	77	8.87873644609547	1	44	0	1	-Inf	"SD"	17	44.7368421052632
"ECK120001909"	"wbbJ"	"-"	2102518	2103108	591	"M-C1h"	56	10.8495127407756	0	0	0	0.901861252115059	-Inf	"SD"	4	18.1818181818182
"ECK120001910"	"wbbK"	"-"	2101415	2102533	1119	"M-C1h"	71	7.26503900350579	0	0	0	0.760500446827525	-Inf	"SD"	7	16.2790697674419
"ECK120001911"	"wbbL_1"	"-"	2100940	2101413	474	"M-C1h"	78	18.841954427527	1	44	0	1	-Inf	"SD"	NA	NA
"ECK120001913"	"yehB"	"-"	2186452	2188932	2481	"M-C1h"	3	0	1	52	0	0.056428859330915	NA	"NO"	NA	NA
"ECK120001914"	"yehC"	"-"	2188948	2189667	720	"M-C1h"	0	0	0	0	0	0	NA	"NO"	NA	NA
"ECK120001915"	"yehD"	"-"	2189702	2190244	543	"M-C1h"	0	0	0	0	0	0	NA	"NO"	NA	NA
"ECK120001916"	"yehE"	"-"	2190537	2190818	282	"M-C1h"	2	0.812064593439514	10	308	32.4675324675325	0.308510638297872	1.30033360771269	"AD"	NA	NA
"ECK120001917"	"molR_1"	"+"	2194496	2195320	825	"M-C1h"	2	0	0	0	0	0.237575757575758	NA	"NO"	NA	NA
"ECK120001918"	"yehI"	"+"	2198301	2201933	3633	"M-C1h"	17	0	5	102	0	0.201211120286265	NA	"NO"	NA	NA
"ECK120001919"	"yehL"	"+"	2202618	2203706	1089	"M-C1h"	1	0	0	0	0	0.0697887970615243	NA	"NO"	NA	NA
"ECK120001920"	"yehM"	"+"	2203717	2205996	2280	"M-C1h"	5	0	2	124	0	0.167543859649123	NA	"NO"	NA	NA
"ECK120001921"	"yehP"	"+"	2205989	2207125	1137	"M-C1h"	5	0	3	89	0	0.145998240985048	NA	"NO"	NA	NA
"ECK120001922"	"yehQ"	"+"	2207122	2208966	1845	"M-C1h"	7	0	2	80	0	0.212466124661247	NA	"NO"	NA	NA
"ECK120001925"	"yehT"	"-"	2210265	2210984	720	"M-C1h"	109	17.334195467461	0	0	0	0.905555555555556	-Inf	"SD"	4	14.8148148148148
"ECK120001929"	"yehX"	"-"	2214503	2215429	927	"M-C1h"	17	2.09980456361868	0	0	0	0.360302049622438	-Inf	"SD"	NA	NA
"ECK120001930"	"yehY"	"-"	2215422	2216579	1158	"M-C1h"	2	0	1	54	0	0.126943005181347	NA	"NO"	NA	NA
"ECK120001931"	"osmF"	"-"	2216586	2217503	918	"M-C1h"	3	0	0	0	0	0.228758169934641	NA	"NO"	NA	NA
"ECK120001937"	"mdtQ"	"-"	2225345	2226433	1089	"M-C1h"	0	0	1	76	0	0	NA	"NO"	NA	NA
"ECK120001941"	"yohK"	"+"	2229041	2229736	696	"M-C1h"	8	1.31610468591921	11	148	67.5675675675676	0.538793103448276	0.603725751162629	"AD"	NA	NA
"ECK120001942"	"sanA"	"+"	2230900	2231619	720	"M-C1h"	21	3.33961564052	2	140	0	0.65	-Inf	"SD"	NA	NA
"ECK120001950"	"psuG"	"-"	2255451	2256389	939	"M-C1h"	8	0.975515294355455	1	99	0	0.460063897763578	-Inf	"SD"	NA	NA
"ECK120001953"	"yeiQ"	"+"	2264267	2265733	1467	"M-C1h"	48	3.74645751083751	2	76	0	0.698704839809134	-Inf	"SD"	NA	NA
"ECK120001954"	"yejA"	"+"	2270386	2272200	1815	"M-C1h"	54	3.40664452586692	5	141	0	0.850137741046832	-Inf	"SD"	NA	NA
"ECK120001955"	"yejB"	"+"	2272201	2273295	1095	"M-C1h"	5	0.522836108104893	1	55	0	0.295890410958904	-Inf	"SD"	NA	NA
"ECK120001956"	"yejE"	"+"	2273295	2274320	1026	"M-C1h"	4	0.446398080604177	3	35	0	0.250487329434698	-Inf	"SD"	NA	NA
"ECK120001963"	"yejM"	"+"	2282398	2284158	1761	"M-C1h"	39	2.53579965890056	15	196	30.6122448979592	0.714934696195344	-1.07940636388335	"SD"	3	4.47761194029851
"ECK120001966"	"ccmG"	"-"	2290429	2290986	558	"M-C1h"	1	0	0	0	0	0.17921146953405	NA	"NO"	1	4.76190476190476
"ECK120001967"	"ccmF"	"-"	2290983	2292926	1944	"M-C1h"	8	0	0	0	0	0.247942386831276	NA	"NO"	NA	NA
"ECK120001968"	"ccmE"	"-"	2292923	2293402	480	"M-C1h"	4	0.954175897291429	0	0	0	0.610416666666667	-Inf	"SD"	1	5.55555555555556
"ECK120001969"	"ccmC"	"-"	2293605	2294342	738	"M-C1h"	7	1.08605386683577	0	0	0	0.529810298102981	-Inf	"SD"	NA	NA
"ECK120001970"	"ccmB"	"-"	2294384	2295046	663	"M-C1h"	6	1.03620911923051	0	0	0	0.529411764705882	-Inf	"SD"	NA	NA
"ECK120001971"	"ccmA"	"-"	2295043	2295666	624	"M-C1h"	148	27.157313999833	0	0	0	0.858974358974359	-Inf	"SD"	NA	NA
"ECK120001972"	"napC"	"-"	2295679	2296281	603	"M-C1h"	81	15.3807458070857	0	0	0	0.737976782752902	-Inf	"SD"	NA	NA
"ECK120001973"	"napB"	"-"	2296291	2296740	450	"M-C1h"	8	2.03557524755505	1	60	0	0.622222222222222	-Inf	"SD"	NA	NA
"ECK120001974"	"napH"	"-"	2296737	2297600	864	"M-C1h"	18	2.38543974322857	1	43	0	0.693287037037037	-Inf	"SD"	NA	NA
"ECK120001975"	"napG"	"-"	2297587	2298282	696	"M-C1h"	16	2.63220937183842	0	0	0	0.760057471264368	-Inf	"SD"	NA	NA
"ECK120001976"	"napA"	"-"	2298289	2300775	2487	"M-C1h"	110	5.06438353206549	5	256	0	0.917169280257338	-Inf	"SD"	10	10.752688172043
"ECK120001979"	"yojI"	"-"	2304994	2306637	1644	"M-C1h"	3	0	2	110	0	0.145985401459854	NA	"NO"	0	0
"ECK120001980"	"apbE"	"-"	2308501	2309556	1056	"M-C1h"	0	0	0	0	0	0	NA	"NO"	NA	NA
"ECK120001981"	"nikA"	"+"	3611690	3613264	1575	"M-C1h"	0	0	2	76	0	0	NA	"NO"	10	16.9491525423729
"ECK120001982"	"nikB"	"+"	3613264	3614208	945	"M-C1h"	0	0	0	0	0	0	NA	"NO"	NA	NA
"ECK120001983"	"nikC"	"+"	3614205	3615038	834	"M-C1h"	0	0	0	0	0	0	NA	"NO"	NA	NA
"ECK120001984"	"nikD"	"+"	3615038	3615802	765	"M-C1h"	12	1.79609580666622	0	0	0	0.373856209150327	-Inf	"SD"	NA	NA
"ECK120001985"	"nikE"	"+"	3615799	3616605	807	"M-C1h"	3	0	0	0	0	0.151177199504337	NA	"NO"	2	6.66666666666667
"ECK120001986"	"recX"	"-"	2820161	2820661	501	"M-C1h"	6	1.37127075059846	0	0	0	0.491017964071856	-Inf	"SD"	NA	NA
"ECK120001987"	"ppdA"	"-"	2961729	2962199	471	"M-C1h"	2	0.486204278874614	0	0	0	0.318471337579618	-Inf	"SD"	NA	NA
"ECK120001988"	"nuoA"	"-"	2402651	2403094	444	"M-C1h"	374	96.4491312397282	0	0	0	1	-Inf	"SD"	1	6.25
"ECK120001989"	"nuoB"	"-"	2401973	2402635	663	"M-C1h"	400	69.0806079487007	1	100	0	1	-Inf	"SD"	8	32
"ECK120001990"	"nuoC"	"-"	2400077	2401867	1791	"M-C1h"	1134	72.4981887791277	1	75	0	1	-Inf	"SD"	46	67.6470588235294
"ECK120001991"	"nuoE"	"-"	2399574	2400074	501	"M-C1h"	915	209.118789466265	0	0	0	1	-Inf	"SD"	9	47.3684210526316
"ECK120001992"	"nuoG"	"-"	2395461	2398187	2727	"M-C1h"	704	29.5595085453538	2	51	0	1	-Inf	"SD"	62	62
"ECK120001993"	"nuoH"	"-"	2394487	2395464	978	"M-C1h"	383	44.8404133328365	0	0	0	1	-Inf	"SD"	13	36.1111111111111
"ECK120001994"	"nuoI"	"-"	2393930	2394472	543	"M-C1h"	374	78.8644830026507	0	0	0	1	-Inf	"SD"	15	71.4285714285714
"ECK120001995"	"nuoJ"	"-"	2393364	2393918	555	"M-C1h"	138	28.4705456921551	2	76	0	1	-Inf	"SD"	NA	NA
"ECK120001996"	"nuoK"	"-"	2393065	2393367	303	"M-C1h"	83	31.3649898911638	1	45	0	1	-Inf	"SD"	2	18.1818181818182
"ECK120001997"	"nuoL"	"-"	2391227	2393068	1842	"M-C1h"	1176	73.1016843788092	8	179	0	1	-Inf	"SD"	10	15.1515151515152
"ECK120002000"	"secG"	"-"	3320195	3320527	333	"M-C1h"	226	77.7094604640948	1	75	0	1	-Inf	"SD"	5	45.4545454545455
"ECK120002002"	"yfiH"	"-"	2732325	2733056	732	"M-C1h"	46	7.19542479924684	0	0	0	0.87431693989071	-Inf	"SD"	NA	NA
"ECK120002006"	"feoA"	"+"	3538185	3538412	228	"M-C1h"	4	2.0087913627188	0	0	0	0.679824561403509	-Inf	"SD"	NA	NA
"ECK120002007"	"feoB"	"+"	3538429	3540750	2322	"M-C1h"	45	2.21901371463123	3	76	0	0.613695090439277	-Inf	"SD"	NA	NA
"ECK120002009"	"yeiR"	"+"	2265851	2266837	987	"M-C1h"	2	0	0	0	0	0.16919959473151	NA	"NO"	5	13.8888888888889
"ECK120002011"	"hofB"	"-"	115714	117099	1386	"M-C1h"	0	0	3	100	0	0	NA	"NO"	NA	NA
"ECK120002012"	"ppdD"	"-"	117109	117549	441	"M-C1h"	0	0	0	0	0	0	NA	"NO"	NA	NA
"ECK120002014"	"ydcF"	"+"	1485259	1486059	801	"M-C1h"	47	6.71854189853141	10	209	28.7081339712919	0.85518102372035	-2.48511375812124	"SD"	5	16.6666666666667
"ECK120002015"	"nlpD"	"-"	2865636	2866775	1140	"M-C1h"	3257	327.131673418756	1	65	0	0.963157894736842	-Inf	"SD"	3	7.5
"ECK120002017"	"hofQ"	"-"	3517487	3518725	1239	"M-C1h"	8	0.739313043906192	0	0	0	0.429378531073446	-Inf	"SD"	NA	NA
"ECK120002018"	"prfC"	"+"	4607437	4609026	1590	"M-C1h"	4	0	0	0	0	0.178616352201258	NA	"NO"	18	30
"ECK120002019"	"yjjG"	"+"	4606669	4607346	678	"M-C1h"	13	2.19544896721922	1	53	0	0.511799410029499	-Inf	"SD"	NA	NA
"ECK120002024"	"rssB"	"+"	1289465	1290478	1014	"M-C1h"	88	9.93697975877465	0	0	0	0.961538461538462	-Inf	"SD"	NA	NA
"ECK120002025"	"yggI"	"+"	3087777	3088274	498	"M-C1h"	1	0	2	71	0	0.0321285140562249	NA	"NO"	NA	NA
"ECK120002027"	"hisJ"	"-"	2424028	2424810	783	"M-C1h"	621	90.8112233284257	0	0	0	1	-Inf	"SD"	13	46.4285714285714
"ECK120002028"	"hisQ"	"-"	2423252	2423938	687	"M-C1h"	79	13.1667940412267	0	0	0	1	-Inf	"SD"	NA	NA
"ECK120002029"	"treB"	"-"	4462782	4464203	1422	"M-C1h"	1189	95.7396744202117	0	0	0	1	-Inf	"SD"	27	52.9411764705882
"ECK120002030"	"lgt"	"-"	2963184	2964059	876	"M-C1h"	11	0	2	100	0	0.240867579908676	NA	"NO"	6	18.1818181818182
"ECK120002031"	"uraA"	"-"	2616893	2618182	1290	"M-C1h"	8	0.710084388681994	4	170	0	0.464341085271318	-Inf	"SD"	NA	NA
"ECK120002032"	"hscA"	"-"	2655107	2656957	1851	"M-C1h"	353	21.8362458180794	0	0	0	1	-Inf	"SD"	11	16.6666666666667
"ECK120002033"	"hscB"	"-"	2656974	2657489	516	"M-C1h"	162	35.9480221770259	0	0	0	1	-Inf	"SD"	4	20
"ECK120002034"	"iscA"	"-"	2657585	2657908	324	"M-C1h"	8665	3062.19783334453	0	0	0	1	-Inf	"SD"	NA	NA
"ECK120002035"	"ucpA"	"-"	2541854	2542645	792	"M-C1h"	4770	689.608943951533	0	0	0	1	-Inf	"SD"	14	50
"ECK120002037"	"mdtD"	"+"	2159488	2160903	1416	"M-C1h"	0	0	1	57	0	0	NA	"NO"	NA	NA
"ECK120002040"	"yfhG"	"-"	2686815	2687528	714	"M-C1h"	4	0.641462788095078	0	0	0	0.319327731092437	-Inf	"SD"	NA	NA
"ECK120002043"	"sdaC"	"+"	2926251	2927540	1290	"M-C1h"	89	7.89968882408718	4	146	0	0.929457364341085	-Inf	"SD"	4	8.51063829787234
"ECK120002044"	"napD"	"-"	2300772	2301035	264	"M-C1h"	7	3.03601421865455	0	0	0	0.78030303030303	-Inf	"SD"	NA	NA
"ECK120002045"	"pgm"	"+"	712781	714421	1641	"M-C1h"	813	56.7272398170334	0	0	0	1	-Inf	"SD"	29	50
"ECK120002046"	"rapZ"	"+"	3345137	3345991	855	"M-C1h"	29	3.88366330125634	1	76	0	0.692397660818713	-Inf	"SD"	5	15.625
"ECK120002047"	"npr"	"+"	3345988	3346260	273	"M-C1h"	9	3.77476179148258	1	76	0	0.424908424908425	-Inf	"SD"	NA	NA
"ECK120002048"	"galP"	"+"	3086306	3087700	1395	"M-C1h"	11	0.902876117867159	0	0	0	0.494623655913978	-Inf	"SD"	NA	NA
"ECK120002049"	"cobS"	"-"	2062503	2063246	744	"M-C1h"	142	21.8537060347392	0	0	0	1	-Inf	"SD"	NA	NA
"ECK120002050"	"cobT"	"-"	2061412	2062491	1080	"M-C1h"	98	10.3899153260622	1	47	0	0.948148148148148	-Inf	"SD"	NA	NA
"ECK120002052"	"narU"	"-"	1540696	1542084	1389	"M-C1h"	2	0	3	76	0	0.120230381569474	NA	"NO"	NA	NA
"ECK120002056"	"yaiE"	"+"	407401	407685	285	"M-C1h"	38	15.2668143566629	47	281	167.259786476868	1	-0.699666392287312	"SD"	NA	NA
"ECK120002059"	"rsmB"	"+"	3433229	3434518	1290	"M-C1h"	13	1.15388713160824	6	114	0	0.382945736434109	-Inf	"SD"	2	4.16666666666667
"ECK120002061"	"mukF"	"+"	973542	974864	1323	"M-C1h"	150	12.9819849971623	0	0	0	0.969009826152683	-Inf	"SD"	4	7.84313725490196
"ECK120002064"	"brnQ"	"+"	418815	420134	1320	"M-C1h"	67	5.8117986471387	2	93	0	0.832575757575758	-Inf	"SD"	NA	NA
"ECK120002065"	"ccmD"	"-"	2293399	2293608	210	"M-C1h"	3	1.63573010964245	0	0	0	0.404761904761905	-Inf	"SD"	NA	NA
"ECK120002068"	"gspM"	"+"	3463104	3463565	462	"M-C1h"	2	0	2	67	0	0.233766233766234	NA	"NO"	NA	NA
"ECK120002069"	"yjdC"	"-"	4360756	4361331	576	"M-C1h"	66	13.1199185877571	0	0	0	1	-Inf	"SD"	2	9.09090909090909
"ECK120002070"	"cutA"	"-"	4363041	4363379	339	"M-C1h"	5	1.68880689786094	4	227	0	0.539823008849557	-Inf	"SD"	NA	NA
"ECK120002071"	"dipZ"	"-"	4361368	4363065	1698	"M-C1h"	11	0	2	75	0	0.167844522968198	NA	"NO"	0	0
"ECK120002076"	"ampG"	"-"	451294	452769	1476	"M-C1h"	6	0.465451657215331	2	137	0	0.294715447154472	-Inf	"SD"	NA	NA
"ECK120002077"	"ptsP"	"-"	2964210	2966456	2247	"M-C1h"	180	9.17231837182682	2	76	0	0.959056519804183	-Inf	"SD"	3	3.57142857142857
"ECK120002080"	"glnK"	"+"	471822	472160	339	"M-C1h"	5	1.68880689786094	0	0	0	0.351032448377581	-Inf	"SD"	NA	NA
"ECK120002092"	"cspC"	"-"	1905250	1905459	210	"M-C1h"	1166	635.753769281032	0	0	0	1	-Inf	"SD"	NA	NA
"ECK120002097"	"waaF"	"+"	3792952	3793998	1047	"M-C1h"	113	12.3578081826856	1	76	0	0.654250238777459	-Inf	"SD"	3	7.69230769230769
"ECK120002107"	"acpT"	"+"	3610992	3611579	588	"M-C1h"	12	2.33675729948921	1	54	0	0.671768707482993	-Inf	"SD"	NA	NA
"ECK120002108"	"rbbA"	"-"	3624826	3627561	2736	"M-C1h"	518	21.6782067893404	0	0	0	1	-Inf	"SD"	NA	NA
"ECK120002109"	"yhiI"	"-"	3627558	3628625	1068	"M-C1h"	934	100.134863828112	1	71	0	1	-Inf	"SD"	3	7.69230769230769
"ECK120002110"	"yhiJ"	"-"	3628991	3630613	1623	"M-C1h"	5	0	2	50	0	0.14479359211337	NA	"NO"	NA	NA
"ECK120002111"	"yhiK"	"-"	3630875	3631267	393	"M-C1h"	0	0	0	0	0	0	NA	"NO"	NA	NA
"ECK120002119"	"arsR"	"+"	3646551	3646904	354	"M-C1h"	1	0	0	0	0	0.214689265536723	NA	"NO"	NA	NA
"ECK120002120"	"arsB"	"+"	3646958	3648247	1290	"M-C1h"	3	0	0	0	0	0.184496124031008	NA	"NO"	NA	NA
"ECK120002121"	"arsC"	"+"	3648260	3648685	426	"M-C1h"	5	1.34390971449497	0	0	0	0.509389671361502	-Inf	"SD"	NA	NA
"ECK120002123"	"mdtE"	"+"	3657255	3658412	1158	"M-C1h"	1	0	2	75	0	0.0863557858376511	NA	"NO"	NA	NA
"ECK120002126"	"gadX"	"-"	3663009	3663833	825	"M-C1h"	14	1.94304909993891	0	0	0	0.733333333333333	-Inf	"SD"	NA	NA
"ECK120002131"	"yhjD"	"+"	3671385	3672398	1014	"M-C1h"	45	5.08141010391885	0	0	0	0.571005917159763	-Inf	"SD"	NA	NA
"ECK120002137"	"yhjK"	"-"	3681653	3683602	1950	"M-C1h"	55	3.22951842160176	1	59	0	0.716923076923077	-Inf	"SD"	NA	NA
"ECK120002138"	"bcsC"	"-"	3683723	3687196	3474	"M-C1h"	37	1.21949941968162	3	157	0	0.325561312607945	-Inf	"SD"	NA	NA
"ECK120002139"	"bcsZ"	"-"	3687178	3688284	1107	"M-C1h"	3	0	0	0	0	0.204155374887082	NA	"NO"	NA	NA
"ECK120002140"	"bcsB"	"-"	3688291	3690630	2340	"M-C1h"	6	0	1	100	0	0.137606837606838	NA	"NO"	NA	NA
"ECK120002141"	"bcsA"	"-"	3690641	3693259	2619	"M-C1h"	8	0	1	58	0	0.164948453608247	NA	"NO"	NA	NA
"ECK120002142"	"bcsQ"	"-"	3693256	3693984	729	"M-C1h"	20	3.14131982647384	0	0	0	0.43758573388203	-Inf	"SD"	NA	NA
"ECK120002145"	"bcsF"	"+"	3696049	3696240	192	"M-C1h"	9	5.36723942226429	0	0	0	0.692708333333333	-Inf	"SD"	NA	NA
"ECK120002148"	"eptB"	"-"	3706807	3708498	1692	"M-C1h"	63	4.26333911555745	0	0	0	0.935579196217494	-Inf	"SD"	NA	NA
"ECK120002149"	"yhjX"	"-"	3708822	3710030	1209	"M-C1h"	3	0	12	362	33.1491712707182	0.160463192721257	Inf	"AD"	NA	NA
"ECK120002156"	"xylG"	"+"	3730224	3731765	1542	"M-C1h"	27	2.00488320831662	173	208	826.923076923077	0.566796368352789	4.1008184628802	"AD"	NA	NA
"ECK120002157"	"xylH"	"+"	3731743	3732924	1182	"M-C1h"	19	1.84054233995301	0	0	0	0.622673434856176	-Inf	"SD"	NA	NA
"ECK120002161"	"yiaL"	"+"	3741766	3742233	468	"M-C1h"	3	0.733981459454945	1	100	0	0.401709401709402	-Inf	"SD"	NA	NA
"ECK120002162"	"yiaM"	"+"	3742351	3742824	474	"M-C1h"	2	0	1	76	0	0.215189873417722	NA	"NO"	NA	NA
"ECK120002163"	"yiaN"	"+"	3742827	3744104	1278	"M-C1h"	0	0	0	0	0	0	NA	"NO"	NA	NA
"ECK120002164"	"yiaO"	"+"	3744117	3745103	987	"M-C1h"	0	0	0	0	0	0	NA	"NO"	NA	NA
"ECK120002165"	"lyxK"	"+"	3745107	3746603	1497	"M-C1h"	4	0	0	0	0	0.0928523714094856	NA	"NO"	NA	NA
"ECK120002166"	"sgbH"	"+"	3746600	3747262	663	"M-C1h"	1	0	1	76	0	0.114630467571644	NA	"NO"	NA	NA
"ECK120002167"	"sgbU"	"+"	3747255	3748115	861	"M-C1h"	14	1.86180662886133	0	0	0	0.407665505226481	-Inf	"SD"	NA	NA
"ECK120002172"	"yiaW"	"-"	3752128	3752451	324	"M-C1h"	1	0	0	0	0	0.00925925925925926	NA	"NO"	NA	NA
"ECK120002173"	"aldB"	"-"	3752996	3754534	1539	"M-C1h"	122	9.07676097228494	0	0	0	0.983755685510071	-Inf	"SD"	NA	NA
"ECK120002174"	"yiaY"	"-"	3754699	3755850	1152	"M-C1h"	0	0	0	0	0	0	NA	"NO"	NA	NA
"ECK120002175"	"grxC"	"-"	3782214	3782465	252	"M-C1h"	51	23.1728432199347	0	0	0	1	-Inf	"SD"	NA	NA
"ECK120002178"	"envC"	"+"	3784861	3786120	1260	"M-C1h"	28	2.54446905944381	0	0	0	0.673015873015873	-Inf	"SD"	NA	NA
"ECK120002181"	"tmk"	"+"	1154347	1154988	642	"M-C1h"	67	11.9494925455188	0	0	0	0.808411214953271	-Inf	"SD"	4	16.6666666666667
"ECK120002182"	"ycfH"	"+"	1156000	1156797	798	"M-C1h"	34	4.87849330945994	21	279	64.5161290322581	0.708020050125313	-0.438438743159146	"SD"	5	16.6666666666667
"ECK120002183"	"sapD"	"-"	1350660	1351652	993	"M-C1h"	19	2.19085704514044	0	0	0	0.759315206445116	-Inf	"SD"	0	0
"ECK120002184"	"sapF"	"-"	1349852	1350658	807	"M-C1h"	17	2.4120431604393	1	100	0	0.701363073110285	-Inf	"SD"	3	9.67741935483871
"ECK120002186"	"yjtD"	"+"	4638965	4639651	687	"M-C1h"	47	7.83340911313488	0	0	0	0.838427947598253	-Inf	"SD"	NA	NA
"ECK120002187"	"pepB"	"-"	2653097	2654380	1284	"M-C1h"	252	22.4721800109757	0	0	0	1	-Inf	"SD"	16	34.7826086956522
"ECK120002188"	"iscX"	"-"	2654558	2654758	201	"M-C1h"	160	91.1451603382858	1	100	0	1	-Inf	"SD"	NA	NA
"ECK120002190"	"zapD"	"-"	111856	112599	744	"M-C1h"	44	6.77157088400369	1	58	0	0.959677419354839	-Inf	"SD"	3	10.7142857142857
"ECK120002197"	"yadH"	"+"	143702	144472	771	"M-C1h"	53	7.87102296598377	2	114	0	0.87029831387808	-Inf	"SD"	NA	NA
"ECK120002198"	"yadI"	"+"	144577	145017	441	"M-C1h"	460	119.434261973893	0	0	0	1	-Inf	"SD"	NA	NA
"ECK120002199"	"yfaD"	"+"	2354926	2355825	900	"M-C1h"	23	2.92613941836038	3	103	0	0.278888888888889	-Inf	"SD"	NA	NA
"ECK120002200"	"yadK"	"-"	151003	151599	597	"M-C1h"	1	0	0	0	0	0.11892797319933	NA	"NO"	NA	NA
"ECK120002201"	"yadL"	"-"	151626	152231	606	"M-C1h"	1	0	0	0	0	0.165016501650165	NA	"NO"	NA	NA
"ECK120002202"	"yadM"	"-"	152243	152812	570	"M-C1h"	4	0.803516545087519	0	0	0	0.317543859649123	-Inf	"SD"	NA	NA
"ECK120002203"	"yadN"	"-"	156299	156883	585	"M-C1h"	0	0	0	0	0	0	NA	"NO"	NA	NA
"ECK120002209"	"btuF"	"-"	177662	178462	801	"M-C1h"	15	2.1442154995313	0	0	0	0.484394506866417	-Inf	"SD"	NA	NA
"ECK120002212"	"yaeI"	"-"	184257	185069	813	"M-C1h"	1	0	21	204	102.941176470588	0.1230012300123	Inf	"AD"	NA	NA
"ECK120002214"	"yagB"	"-"	279609	279959	351	"M-C1h"	56	18.2679829908786	0	0	0	1	-Inf	"SD"	NA	NA
"ECK120002216"	"rseA"	"-"	2706776	2707426	651	"M-C1h"	2088	367.247792358434	0	0	0	1	-Inf	"SD"	2	8.33333333333333
"ECK120002223"	"arfB"	"+"	214833	215255	423	"M-C1h"	29	7.84995773658197	0	0	0	0.780141843971631	-Inf	"SD"	NA	NA
"ECK120002227"	"ybgD"	"-"	751452	752018	567	"M-C1h"	1	0	0	0	0	0.134038800705467	NA	"NO"	NA	NA
"ECK120002229"	"kduD"	"-"	2980519	2981280	762	"M-C1h"	55	8.26451564583128	4	176	0	0.913385826771654	-Inf	"SD"	NA	NA
"ECK120002230"	"menF"	"-"	2377370	2378665	1296	"M-C1h"	8	0.706796960956614	4	97	0	0.252314814814815	-Inf	"SD"	NA	NA
"ECK120002231"	"ygiL"	"+"	3183436	3183987	552	"M-C1h"	0	0	1	93	0	0	NA	"NO"	NA	NA
"ECK120002232"	"intB"	"+"	4494773	4495963	1191	"M-C1h"	211	20.2852508139538	5	161	0	0.933669185558354	-Inf	"SD"	NA	NA
"ECK120002234"	"rsmE"	"+"	3089156	3089887	732	"M-C1h"	179	27.9995878057649	0	0	0	0.627049180327869	-Inf	"SD"	3	11.1111111111111
"ECK120002235"	"cusA"	"+"	597937	601080	3144	"M-C1h"	8	0	0	0	0	0.145038167938931	NA	"NO"	NA	NA
"ECK120002239"	"nlpI"	"-"	3306062	3306946	885	"M-C1h"	749	96.9054572300041	0	0	0	1	-Inf	"SD"	1	2.94117647058824
"ECK120002241"	"ygdH"	"+"	2924330	2925694	1365	"M-C1h"	302	25.3328458006164	3	76	0	1	-Inf	"SD"	21	41.1764705882353
"ECK120002242"	"yhfG"	"-"	3489475	3489642	168	"M-C1h"	36	24.5359516446367	0	0	0	0.964285714285714	-Inf	"SD"	NA	NA
"ECK120002243"	"ycaI"	"+"	963543	965807	2265	"M-C1h"	48	2.42651354013185	22	363	52.3415977961432	0.610596026490066	0.64711450808256	"AD"	NA	NA
"ECK120002246"	"yecE"	"+"	1949419	1950237	819	"M-C1h"	4	0	13	250	32	0.231990231990232	Inf	"AD"	NA	NA
"ECK120002248"	"nrdF"	"+"	2801524	2802483	960	"M-C1h"	5	0.596359935807143	8	107	0	0.351041666666667	-Inf	"SD"	NA	NA
"ECK120002250"	"rcsD"	"+"	2311510	2314182	2673	"M-C1h"	365	15.6352054999493	7	209	0	0.518518518518518	-Inf	"SD"	10	10
"ECK120002252"	"lhgO"	"+"	2788004	2789272	1269	"M-C1h"	109	9.83500452054523	0	0	0	0.933018124507486	-Inf	"SD"	NA	NA
"ECK120002258"	"ybgE"	"+"	773532	773825	294	"M-C1h"	308	119.95354137378	0	0	0	1	-Inf	"SD"	NA	NA
"ECK120002260"	"ycbF"	"+"	1003170	1003880	711	"M-C1h"	6	0.96625407320651	6	280	0	0.388185654008439	-Inf	"SD"	NA	NA
"ECK120002261"	"dhaM"	"-"	1246919	1248337	1419	"M-C1h"	131	10.5705744224251	7	117	0	0.957716701902748	-Inf	"SD"	6	11.7647058823529
"ECK120002263"	"rlmN"	"-"	2641151	2642305	1155	"M-C1h"	16	1.58616253056238	2	76	0	0.592207792207792	-Inf	"SD"	5	11.6279069767442
"ECK120002271"	"nudK"	"-"	2580925	2581500	576	"M-C1h"	36	7.15631922968572	3	101	0	0.993055555555556	-Inf	"SD"	3	13.6363636363636
"ECK120002272"	"rfbD"	"-"	2109101	2110000	900	"M-C1h"	57	7.25173681941486	0	0	0	0.928888888888889	-Inf	"SD"	10	30.3030303030303
"ECK120002273"	"rfbB"	"-"	2110000	2111085	1086	"M-C1h"	131	13.8118279055444	0	0	0	0.87292817679558	-Inf	"SD"	17	41.4634146341463
"ECK120002274"	"gatA"	"-"	2172619	2173071	453	"M-C1h"	1889	477.46709138636	0	0	0	1	-Inf	"SD"	18	105.882352941176
"ECK120002275"	"gatB"	"-"	2172304	2172588	285	"M-C1h"	862	346.315630932721	0	0	0	1	-Inf	"SD"	8	80
"ECK120002276"	"gatC"	"-"	2170945	2172300	1356	"M-C1h"	607	51.2552893500794	0	0	0	0.983038348082596	-Inf	"SD"	NA	NA
"ECK120002277"	"gatD"	"-"	2169857	2170897	1041	"M-C1h"	44	4.83962414764529	0	0	0	0.777137367915466	-Inf	"SD"	7	18.9189189189189
"ECK120002278"	"gatY"	"-"	2174372	2175226	855	"M-C1h"	24373	3264.01812556968	0	0	0	1	-Inf	"SD"	59	190.322580645161
"ECK120002279"	"ybiI"	"-"	837413	837679	267	"M-C1h"	6	2.57305859943756	1	100	0	0.704119850187266	-Inf	"SD"	NA	NA
"ECK120002282"	"prmC"	"+"	1265317	1266150	834	"M-C1h"	8	1.09833196810524	3	76	0	0.372901678657074	-Inf	"SD"	NA	NA
"ECK120002283"	"modA"	"+"	794312	795085	774	"M-C1h"	184	27.2199015661431	0	0	0	1	-Inf	"SD"	13	48.1481481481481
"ECK120002285"	"tomB"	"-"	479558	479932	375	"M-C1h"	428	130.683930893034	0	0	0	1	-Inf	"SD"	NA	NA
"ECK120002286"	"puuR"	"+"	1359935	1360492	558	"M-C1h"	129	26.4706861829235	0	0	0	1	-Inf	"SD"	NA	NA
"ECK120002287"	"ydiF"	"+"	1773611	1775206	1596	"M-C1h"	0	0	0	0	0	0	NA	"NO"	NA	NA
"ECK120002290"	"rseP"	"+"	196546	197898	1353	"M-C1h"	159	13.455784272225	0	0	0	0.886178861788618	-Inf	"SD"	4	8.16326530612245
"ECK120002291"	"menE"	"-"	2371670	2373025	1356	"M-C1h"	1	0	8	193	41.4507772020725	0.056047197640118	Inf	"AD"	NA	NA
"ECK120002292"	"menH"	"-"	2374856	2375614	759	"M-C1h"	8	1.20686279499311	1	35	0	0.266139657444005	-Inf	"SD"	NA	NA
"ECK120002296"	"yggL"	"-"	3099829	3100155	327	"M-C1h"	749	262.267063145424	0	0	0	1	-Inf	"SD"	9	69.2307692307692
"ECK120002300"	"ybcH"	"-"	586314	587204	891	"M-C1h"	3	0	1	76	0	0.175084175084175	NA	"NO"	NA	NA
"ECK120002305"	"alsB"	"-"	4309130	4310065	936	"M-C1h"	10	1.22330243242491	0	0	0	0.398504273504274	-Inf	"SD"	9	27.2727272727273
"ECK120002306"	"adiC"	"-"	4333717	4335054	1338	"M-C1h"	5	0	1	76	0	0.192825112107623	NA	"NO"	NA	NA
"ECK120002307"	"yjdL"	"-"	4352977	4354434	1458	"M-C1h"	4	0	4	207	0	0.126886145404664	NA	"NO"	NA	NA
"ECK120002308"	"yjeM"	"+"	4381862	4383364	1503	"M-C1h"	10	0.761817083665812	0	0	0	0.341317365269461	-Inf	"SD"	NA	NA
"ECK120002309"	"ulaB"	"+"	4419416	4419721	306	"M-C1h"	22	8.23210578055351	0	0	0	0.630718954248366	-Inf	"SD"	NA	NA
"ECK120002310"	"ulaC"	"+"	4419731	4420195	465	"M-C1h"	43	10.5882744731694	0	0	0	0.67741935483871	-Inf	"SD"	NA	NA
"ECK120002313"	"ytfR"	"+"	4449081	4450583	1503	"M-C1h"	35	2.66635979283034	1	58	0	0.860279441117764	-Inf	"SD"	NA	NA
"ECK120002314"	"ytfT"	"+"	4450597	4451619	1023	"M-C1h"	44	4.92477882472996	0	0	0	0.913978494623656	-Inf	"SD"	NA	NA
"ECK120002317"	"idnT"	"-"	4489229	4490548	1320	"M-C1h"	13	1.12766242407169	5	90	0	0.433333333333333	-Inf	"SD"	NA	NA
"ECK120002319"	"yjhF"	"-"	4518694	4520043	1350	"M-C1h"	2	0	14	282	42.5531914893617	0.105925925925926	Inf	"AD"	NA	NA
"ECK120002320"	"sgcA"	"-"	4525572	4526003	432	"M-C1h"	54	14.3126384593714	1	76	0	0.925925925925926	-Inf	"SD"	NA	NA
"ECK120002321"	"sgcC"	"-"	4526953	4528266	1314	"M-C1h"	413	35.9885521078868	0	0	0	1	-Inf	"SD"	NA	NA
"ECK120002322"	"sgcX"	"-"	4528553	4529674	1122	"M-C1h"	529	53.9849250980926	8	230	0	1	-Inf	"SD"	NA	NA
"ECK120002329"	"fabF"	"+"	1151162	1152403	1242	"M-C1h"	162	14.9349270880398	7	177	33.8983050847458	0.946859903381642	-3.63758388351646	"SD"	14	32.5581395348837
"ECK120002332"	"yabP"	"+"	58474	59124	651	"M-C1h"	68	11.9601771457728	1	48	0	0.981566820276498	-Inf	"SD"	NA	NA
"ECK120002337"	"dppB"	"-"	3702794	3703813	1020	"M-C1h"	6	0.673535927499832	3	158	0	0.300980392156863	-Inf	"SD"	NA	NA
"ECK120002338"	"dppC"	"-"	3701882	3702784	903	"M-C1h"	15	1.9020117553982	0	0	0	0.595791805094131	-Inf	"SD"	NA	NA
"ECK120002339"	"dppD"	"-"	3700888	3701871	984	"M-C1h"	8	0.930903314430663	0	0	0	0.465447154471545	-Inf	"SD"	NA	NA
"ECK120002341"	"gntK"	"-"	3575088	3575615	528	"M-C1h"	0	0	1	76	0	0	NA	"NO"	NA	NA
"ECK120002342"	"gntR"	"-"	3575754	3576749	996	"M-C1h"	159	18.2787912854623	0	0	0	0.978915662650602	-Inf	"SD"	2	5.55555555555556
"ECK120002345"	"cas3"	"-"	2882575	2885241	2667	"M-C1h"	62	2.66181802618981	3	174	0	0.699287589051369	-Inf	"SD"	NA	NA
"ECK120002349"	"gltJ"	"-"	685152	685892	741	"M-C1h"	26	4.0175827254376	1	66	0	0.682860998650472	-Inf	"SD"	2	7.14285714285714
"ECK120002350"	"gltK"	"-"	684478	685152	675	"M-C1h"	13	2.20520651818464	0	0	0	0.70962962962963	-Inf	"SD"	NA	NA
"ECK120002351"	"gltL"	"-"	683753	684478	726	"M-C1h"	48	7.57032116859316	0	0	0	0.966942148760331	-Inf	"SD"	NA	NA
"ECK120002352"	"lpxH"	"-"	552441	553163	723	"M-C1h"	26	4.11760553188003	0	0	0	0.272475795297372	-Inf	"SD"	0	0
"ECK120002353"	"grxB"	"-"	1122630	1123277	648	"M-C1h"	26	4.59418024621799	2	100	0	0.811728395061728	-Inf	"SD"	9	37.5
"ECK120002355"	"rarA"	"+"	937217	938560	1344	"M-C1h"	227	19.3391007754602	1	73	0	0.366071428571429	-Inf	"SD"	NA	NA
"ECK120002356"	"yciM"	"+"	1338582	1339751	1170	"M-C1h"	43	4.20816036754169	1	68	0	0.696581196581197	-Inf	"SD"	NA	NA
"ECK120002358"	"nudL"	"+"	1894194	1894772	579	"M-C1h"	47	9.29456314460045	2	71	0	0.42314335060449	-Inf	"SD"	NA	NA
"ECK120002364"	"yggN"	"-"	3098926	3099645	720	"M-C1h"	105	16.6980782026	3	135	0	1	-Inf	"SD"	4	15.3846153846154
"ECK120002365"	"ygbE"	"-"	2871036	2871359	324	"M-C1h"	5	1.76699240239154	2	106	0	0.561728395061728	-Inf	"SD"	NA	NA
"ECK120002368"	"yedJ"	"-"	2030408	2031103	696	"M-C1h"	24	3.94831405775764	0	0	0	0.318965517241379	-Inf	"SD"	NA	NA
"ECK120002371"	"dxr"	"+"	193521	194717	1197	"M-C1h"	43	4.11323945699563	4	100	0	0.734335839598998	-Inf	"SD"	NA	NA
"ECK120002373"	"ygjI"	"+"	3224256	3225689	1434	"M-C1h"	1	0	0	0	0	0.0697350069735007	NA	"NO"	NA	NA
"ECK120002375"	"uxaA"	"-"	3239849	3241336	1488	"M-C1h"	59	4.54003047904793	0	0	0	0.762768817204301	-Inf	"SD"	1	1.85185185185185
"ECK120002377"	"exuR"	"+"	3244674	3245450	777	"M-C1h"	236	34.7776852140197	3	167	0	1	-Inf	"SD"	8	26.6666666666667
"ECK120002378"	"yhaO"	"-"	3254701	3255969	1269	"M-C1h"	19	1.71435858615009	3	87	0	0.546099290780142	-Inf	"SD"	NA	NA
"ECK120002380"	"agaA"	"+"	3279144	3279647	504	"M-C1h"	11	2.49903211195374	1	99	0	0.744047619047619	-Inf	"SD"	NA	NA
"ECK120002381"	"kbaY"	"+"	3281165	3282025	861	"M-C1h"	1	0	0	0	0	0.0882694541231127	NA	"NO"	NA	NA
"ECK120002382"	"agaB"	"+"	3282192	3282668	477	"M-C1h"	1	0	0	0	0	0.159329140461216	NA	"NO"	NA	NA
"ECK120002383"	"agaC"	"+"	3282707	3283510	804	"M-C1h"	0	0	1	76	0	0	NA	"NO"	NA	NA
"ECK120002384"	"diaA"	"+"	3293831	3294421	591	"M-C1h"	62	12.0119605344302	1	100	0	0.986463620981388	-Inf	"SD"	2	9.52380952380952
"ECK120002386"	"mlaD"	"-"	3335932	3336483	552	"M-C1h"	120	24.8915451467329	0	0	0	0.972826086956522	-Inf	"SD"	6	30
"ECK120002387"	"mlaE"	"-"	3336488	3337270	783	"M-C1h"	53	7.75039426152425	0	0	0	0.937420178799489	-Inf	"SD"	5	17.8571428571429
"ECK120002391"	"yhdW"	"+"	3417171	3418088	918	"M-C1h"	37	4.61496839212848	3	149	0	0.811546840958606	-Inf	"SD"	NA	NA
"ECK120002392"	"yhdX"	"+"	3418156	3419337	1182	"M-C1h"	1	0	3	76	0	0.0846023688663283	NA	"NO"	NA	NA
"ECK120002393"	"yhdY"	"+"	3419347	3420450	1104	"M-C1h"	7	0.726003400113044	0	0	0	0.365942028985507	-Inf	"SD"	NA	NA
"ECK120002401"	"abgT"	"-"	1398271	1399797	1527	"M-C1h"	7	0	0	0	0	0.0595939751146038	NA	"NO"	NA	NA
"ECK120002402"	"ybgF"	"+"	778821	779612	792	"M-C1h"	270	39.0344685255585	1	64	0	1	-Inf	"SD"	8	28.5714285714286
"ECK120002409"	"proQ"	"-"	1912860	1913558	699	"M-C1h"	215	35.2185095137609	0	0	0	1	-Inf	"SD"	21	80.7692307692308
"ECK120002412"	"ycjF"	"+"	1383535	1384596	1062	"M-C1h"	98	10.566015585826	1	76	0	0.929378531073446	-Inf	"SD"	3	7.69230769230769
"ECK120002416"	"ycfK"	"+"	1206724	1207353	630	"M-C1h"	1	0	0	0	0	0.120634920634921	NA	"NO"	NA	NA
"ECK120002418"	"ybcJ"	"-"	555884	556096	213	"M-C1h"	64	34.4040886910712	0	0	0	1	-Inf	"SD"	NA	NA
"ECK120002424"	"frlA"	"+"	3497932	3499269	1338	"M-C1h"	4	0	2	76	0	0.223467862481315	NA	"NO"	NA	NA
"ECK120002425"	"feoC"	"+"	3540750	3540986	237	"M-C1h"	1	0.483127036603255	0	0	0	0.320675105485232	-Inf	"SD"	NA	NA
"ECK120002428"	"xapB"	"-"	2520751	2522007	1257	"M-C1h"	18	1.63963400011892	1	100	0	0.423229912490056	-Inf	"SD"	NA	NA
"ECK120002433"	"mngB"	"+"	767201	769834	2634	"M-C1h"	29	1.26064241555587	1	78	0	0.534927866362946	-Inf	"SD"	NA	NA
"ECK120002434"	"cobU"	"-"	2063243	2063788	546	"M-C1h"	158	33.1340201696804	0	0	0	1	-Inf	"SD"	NA	NA
"ECK120002437"	"dctA"	"-"	3680184	3681470	1287	"M-C1h"	4967	441.901322316693	1	76	0	1	-Inf	"SD"	10	22.2222222222222
"ECK120002438"	"dgoA"	"-"	3871018	3871635	618	"M-C1h"	7	1.2969381128233	0	0	0	0.509708737864078	-Inf	"SD"	NA	NA
"ECK120002439"	"dgoK"	"-"	3871619	3872497	879	"M-C1h"	25	3.25657302829839	4	78	0	0.716723549488055	-Inf	"SD"	NA	NA
"ECK120002441"	"glcB"	"-"	3119656	3121827	2172	"M-C1h"	967	50.9772426895476	3	133	0	1	-Inf	"SD"	66	82.5
"ECK120002442"	"gpsA"	"-"	3780665	3781684	1020	"M-C1h"	506	56.8015298858192	1	59	0	0.975490196078431	-Inf	"SD"	7	19.4444444444444
"ECK120002444"	"kefB"	"-"	3476824	3478629	1806	"M-C1h"	292	18.5129144192091	1	76	0	0.97452934662237	-Inf	"SD"	NA	NA
"ECK120002445"	"pta"	"+"	2412769	2414913	2145	"M-C1h"	91	4.85762274984728	7	278	0	0.832634032634033	-Inf	"SD"	77	100
"ECK120002446"	"uxuB"	"+"	4550924	4552384	1461	"M-C1h"	53	4.15370205802429	3	114	0	0.841204654346338	-Inf	"SD"	2	3.7037037037037
"ECK120002450"	"nrdE"	"+"	2799370	2801514	2145	"M-C1h"	4	0	8	131	0	0.113286713286713	NA	"NO"	NA	NA
"ECK120002451"	"alaT"	"+"	4035283	4035358	76	"M-C1h"	0	0	0	0	0	0	NA	"NO"	NA	NA
"ECK120002452"	"alaU"	"-"	3424980	3425055	76	"M-C1h"	0	0	0	0	0	0	NA	"NO"	NA	NA
"ECK120002453"	"alaV"	"+"	225500	225575	76	"M-C1h"	0	0	0	0	0	0	NA	"NO"	NA	NA
"ECK120002455"	"alaX"	"-"	2516063	2516138	76	"M-C1h"	62	93.4087983664241	0	0	0	1	-Inf	"SD"	NA	NA
"ECK120002456"	"argQ"	"-"	2815806	2815882	77	"M-C1h"	0	0	0	0	0	0	NA	"NO"	NA	NA
"ECK120002458"	"argV"	"-"	2816495	2816571	77	"M-C1h"	141	209.670859508714	0	0	0	0.597402597402597	-Inf	"SD"	NA	NA
"ECK120002459"	"argW"	"+"	2464331	2464405	75	"M-C1h"	16	24.4269029706606	0	0	0	1	-Inf	"SD"	NA	NA
"ECK120002460"	"argX"	"+"	3980398	3980474	77	"M-C1h"	96	142.754627750614	0	0	0	1	-Inf	"SD"	NA	NA
"ECK120002461"	"argY"	"-"	2816220	2816296	77	"M-C1h"	2	2.97405474480445	0	0	0	0.636363636363636	-Inf	"SD"	NA	NA
"ECK120002462"	"argZ"	"-"	2816081	2816157	77	"M-C1h"	0	0	0	0	0	0	NA	"NO"	NA	NA
"ECK120002463"	"asnT"	"+"	2042573	2042648	76	"M-C1h"	53	79.8494566680722	0	0	0	1	-Inf	"SD"	NA	NA
"ECK120002467"	"aspU"	"+"	228928	229004	77	"M-C1h"	142	211.157886881116	0	0	0	0.909090909090909	-Inf	"SD"	NA	NA
"ECK120002468"	"aspV"	"+"	236931	237007	77	"M-C1h"	119	176.956257315865	0	0	0	1	-Inf	"SD"	NA	NA
"ECK120002470"	"glnU"	"-"	696088	696162	75	"M-C1h"	9	13.7401329209966	0	0	0	1	-Inf	"SD"	NA	NA
"ECK120002472"	"glnW"	"-"	695979	696053	75	"M-C1h"	3	4.58004430699886	0	0	0	0.573333333333333	-Inf	"SD"	NA	NA
"ECK120002474"	"gltT"	"+"	4166395	4166470	76	"M-C1h"	0	0	0	0	0	0	NA	"NO"	NA	NA
"ECK120002475"	"gltU"	"+"	3941458	3941533	76	"M-C1h"	1	0	0	0	0	0.184210526315789	NA	"NO"	NA	NA
"ECK120002476"	"gltV"	"+"	4207797	4207872	76	"M-C1h"	0	0	0	0	0	0	NA	"NO"	NA	NA
"ECK120002477"	"gltW"	"-"	2727391	2727466	76	"M-C1h"	3	0	0	0	0	0.184210526315789	NA	"NO"	NA	NA
"ECK120002478"	"glyT"	"+"	4173696	4173770	75	"M-C1h"	3189	4868.58709833979	0	0	0	1	-Inf	"SD"	NA	NA
"ECK120002479"	"glyU"	"-"	2997006	2997079	74	"M-C1h"	3567	5519.2628523868	0	0	0	1	-Inf	"SD"	NA	NA
"ECK120002480"	"glyV"	"+"	4390383	4390458	76	"M-C1h"	6	9.03956113223459	0	0	0	0.460526315789474	-Inf	"SD"	NA	NA
"ECK120002481"	"glyW"	"-"	1990066	1990141	76	"M-C1h"	152	229.002215349943	0	0	0	1	-Inf	"SD"	NA	NA
"ECK120002482"	"glyX"	"+"	4390495	4390570	76	"M-C1h"	0	0	0	0	0	0	NA	"NO"	NA	NA
"ECK120002484"	"hisR"	"+"	3980532	3980608	77	"M-C1h"	754	1121.21863879128	0	0	0	1	-Inf	"SD"	NA	NA
"ECK120002485"	"ileT"	"+"	4035164	4035240	77	"M-C1h"	0	0	0	0	0	0	NA	"NO"	NA	NA
"ECK120002486"	"ileU"	"-"	3425098	3425174	77	"M-C1h"	0	0	0	0	0	0	NA	"NO"	NA	NA
"ECK120002487"	"ileV"	"+"	225381	225457	77	"M-C1h"	0	0	0	0	0	0	NA	"NO"	NA	NA
"ECK120002490"	"leuQ"	"-"	4604338	4604424	87	"M-C1h"	164	215.841168490751	0	0	0	1	-Inf	"SD"	NA	NA
"ECK120002491"	"leuT"	"+"	3980629	3980715	87	"M-C1h"	119	156.616457624386	0	0	0	1	-Inf	"SD"	NA	NA
"ECK120002492"	"leuU"	"-"	3320094	3320180	87	"M-C1h"	6497	8550.73214441712	0	0	0	1	-Inf	"SD"	NA	NA
"ECK120002494"	"leuW"	"-"	696186	696270	85	"M-C1h"	1582	2131.06767460947	1	92	0	1	-Inf	"SD"	NA	NA
"ECK120002496"	"leuZ"	"-"	1989839	1989925	87	"M-C1h"	936	1231.87398602038	0	0	0	1	-Inf	"SD"	NA	NA
"ECK120002497"	"lysT"	"+"	779777	779852	76	"M-C1h"	7	10.5461546542737	0	0	0	1	-Inf	"SD"	NA	NA
"ECK120002499"	"lysW"	"+"	780066	780141	76	"M-C1h"	1	1.5065935220391	0	0	0	0.578947368421053	-Inf	"SD"	NA	NA
"ECK120002500"	"metT"	"-"	696280	696356	77	"M-C1h"	3	4.46108211720668	0	0	0	1	-Inf	"SD"	NA	NA
"ECK120002501"	"metU"	"-"	695887	695963	77	"M-C1h"	15	22.3054105860334	0	0	0	1	-Inf	"SD"	NA	NA
"ECK120002506"	"pheU"	"-"	4360574	4360649	76	"M-C1h"	4	6.02637408815639	0	0	0	1	-Inf	"SD"	NA	NA
"ECK120002508"	"proK"	"-"	3706639	3706715	77	"M-C1h"	96	142.754627750614	0	0	0	1	-Inf	"SD"	NA	NA
"ECK120002510"	"proM"	"+"	3980758	3980834	77	"M-C1h"	1472	2188.90429217608	0	0	0	1	-Inf	"SD"	NA	NA
"ECK120002513"	"rrfB"	"+"	4169660	4169779	120	"M-C1h"	94	89.6925343453943	0	0	0	1	-Inf	"SD"	NA	NA
"ECK120002514"	"rrfC"	"+"	3944723	3944842	120	"M-C1h"	24	22.9002215349943	0	0	0	1	-Inf	"SD"	NA	NA
"ECK120002515"	"rrfD"	"-"	3421690	3421809	120	"M-C1h"	259	247.13155739848	0	0	0	0.741666666666667	-Inf	"SD"	NA	NA
"ECK120002516"	"rrfE"	"+"	4211063	4211182	120	"M-C1h"	76	72.5173681941486	0	0	0	1	-Inf	"SD"	NA	NA
"ECK120002517"	"rrfG"	"-"	2724091	2724210	120	"M-C1h"	143	136.447153312674	0	0	0	0.758333333333333	-Inf	"SD"	NA	NA
"ECK120002518"	"rrfH"	"+"	228756	228875	120	"M-C1h"	22	20.9918697404114	0	0	0	1	-Inf	"SD"	NA	NA
"ECK120002519"	"rrlA"	"+"	4035542	4038446	2905	"M-C1h"	8467	333.728357550425	0	0	0	1	-Inf	"SD"	NA	NA
"ECK120002520"	"rrlB"	"+"	4166664	4169567	2904	"M-C1h"	1310	51.6516704732137	0	0	0	0.964876033057851	-Inf	"SD"	NA	NA
"ECK120002521"	"rrlC"	"+"	3941727	3944630	2904	"M-C1h"	7507	295.991671940775	0	0	0	1	-Inf	"SD"	NA	NA
"ECK120002522"	"rrlD"	"-"	3421902	3424805	2904	"M-C1h"	748	29.4927095526442	0	0	0	0.183539944903581	-Inf	"SD"	NA	NA
"ECK120002523"	"rrlE"	"+"	4208066	4210969	2904	"M-C1h"	1215	47.9059386450036	0	0	0	1	-Inf	"SD"	NA	NA
"ECK120002524"	"rrlG"	"-"	2724303	2727206	2904	"M-C1h"	6	0	0	0	0	0.0740358126721763	NA	"NO"	NA	NA
"ECK120002525"	"rrlH"	"+"	225759	228662	2904	"M-C1h"	8273	326.194099102975	0	0	0	0.998278236914601	-Inf	"SD"	NA	NA
"ECK120002526"	"rrsA"	"+"	4033554	4035095	1542	"M-C1h"	543	40.3204289672565	0	0	0	0.898184176394293	-Inf	"SD"	NA	NA
"ECK120002527"	"rrsB"	"+"	4164682	4166223	1542	"M-C1h"	475	35.2710934796443	0	0	0	0.946173800259403	-Inf	"SD"	NA	NA
"ECK120002531"	"rrsG"	"-"	2727638	2729179	1542	"M-C1h"	3102	230.338804155487	0	0	0	0.19390402075227	-Inf	"SD"	NA	NA
"ECK120002532"	"rrsH"	"+"	223771	225312	1542	"M-C1h"	2725	202.344694172696	0	0	0	0.958495460440986	-Inf	"SD"	NA	NA
"ECK120002537"	"serV"	"-"	2816575	2816667	93	"M-C1h"	2735	3367.31752140911	0	0	0	1	-Inf	"SD"	NA	NA
"ECK120002541"	"ssrS"	"+"	3054005	3054187	183	"M-C1h"	11624	7273.01024925611	0	0	0	1	-Inf	"SD"	NA	NA
"ECK120002542"	"ssrA"	"+"	2753615	2753977	363	"M-C1h"	1803077	568744.66590431	0	0	0	1	-Inf	"SD"	NA	NA
"ECK120002543"	"thrT"	"+"	4173777	4173852	76	"M-C1h"	92	138.606604027597	0	0	0	1	-Inf	"SD"	NA	NA
"ECK120002545"	"thrV"	"-"	3421602	3421677	76	"M-C1h"	255	384.18134811997	0	0	0	1	-Inf	"SD"	NA	NA
"ECK120002548"	"tyrT"	"-"	1286761	1286845	85	"M-C1h"	3	4.04121556499899	0	0	0	0.905882352941176	-Inf	"SD"	NA	NA
"ECK120002550"	"tyrV"	"-"	1286467	1286551	85	"M-C1h"	2	2.69414370999933	0	0	0	0.658823529411765	-Inf	"SD"	NA	NA
"ECK120002551"	"valT"	"+"	779988	780063	76	"M-C1h"	4	6.02637408815639	0	0	0	0.842105263157895	-Inf	"SD"	NA	NA
"ECK120002554"	"valW"	"+"	1744540	1744616	77	"M-C1h"	8	11.8962189792178	0	0	0	1	-Inf	"SD"	NA	NA
"ECK120002555"	"valX"	"+"	2519073	2519148	76	"M-C1h"	12	18.0791222644692	0	0	0	1	-Inf	"SD"	NA	NA
"ECK120002556"	"valY"	"+"	2519195	2519270	76	"M-C1h"	5	7.53296761019549	0	0	0	0.881578947368421	-Inf	"SD"	NA	NA
"ECK120002557"	"dicF"	"+"	1647406	1647458	53	"M-C1h"	3	6.48119477405499	0	0	0	0.811320754716981	-Inf	"SD"	NA	NA
"ECK120002561"	"rpmA"	"-"	3330884	3331141	258	"M-C1h"	113	50.1497099506658	0	0	0	1	-Inf	"SD"	58	644.444444444444
"ECK120002562"	"acpP"	"+"	1150838	1151074	237	"M-C1h"	21005	10148.0834038514	0	0	0	1	-Inf	"SD"	15	166.666666666667
"ECK120002564"	"nfsB"	"-"	603994	604647	654	"M-C1h"	64	11.2050013626883	2	105	0	0.952599388379205	-Inf	"SD"	10	41.6666666666667
"ECK120002566"	"eutC"	"-"	2554432	2555319	888	"M-C1h"	76	9.79964435056062	11	100	110	0.983108108108108	-2.15522586802965	"SD"	NA	NA
"ECK120002568"	"gadA"	"-"	3664203	3665603	1401	"M-C1h"	4	0	0	0	0	0.11277658815132	NA	"NO"	NA	NA
"ECK120002569"	"frmA"	"-"	377686	378795	1110	"M-C1h"	15	1.54731226587799	1	55	0	0.554054054054054	-Inf	"SD"	3	7.69230769230769
"ECK120002570"	"folP"	"-"	3322085	3322933	849	"M-C1h"	108	14.5655119303851	0	0	0	0.309776207302709	-Inf	"SD"	3	9.67741935483871
"ECK120002572"	"glcF"	"-"	3122258	3123481	1224	"M-C1h"	210	19.6447978854118	0	0	0	0.944444444444444	-Inf	"SD"	NA	NA
"ECK120002581"	"sraF"	"+"	3236396	3236583	188	"M-C1h"	19	11.5719204565131	0	0	0	1	-Inf	"SD"	NA	NA
"ECK120002628"	"ydaE"	"-"	1415862	1416032	171	"M-C1h"	4	2.67838848362506	0	0	0	0.894736842105263	-Inf	"SD"	NA	NA
"ECK120002629"	"yoeB"	"-"	2087235	2087489	255	"M-C1h"	244	109.561844206639	0	0	0	1	-Inf	"SD"	NA	NA
"ECK120002651"	"ecnB"	"+"	4374576	4374722	147	"M-C1h"	33	25.7043302943814	0	0	0	1	-Inf	"SD"	NA	NA
"ECK120002669"	"tisB"	"+"	3851576	3851665	90	"M-C1h"	191	242.996795176884	0	0	0	1	-Inf	"SD"	NA	NA
"ECK120002671"	"thiS"	"-"	4190660	4190860	201	"M-C1h"	3	1.70897175634286	0	0	0	0.45273631840796	-Inf	"SD"	NA	NA
"ECK120002674"	"sapC"	"-"	1351652	1352542	891	"M-C1h"	20	2.57017076711496	0	0	0	0.675645342312009	-Inf	"SD"	NA	NA
"ECK120002675"	"sapB"	"-"	1352529	1353494	966	"M-C1h"	14	1.65943634311553	2	60	0	0.687370600414079	-Inf	"SD"	NA	NA
"ECK120002676"	"sapA"	"-"	1353491	1355134	1644	"M-C1h"	16	1.11436601143525	18	151	39.7350993377483	0.448905109489051	0.106811244829369	"AD"	0	0
"ECK120002680"	"flgC"	"+"	1130661	1131065	405	"M-C1h"	45	12.7223452972191	0	0	0	0.775308641975309	-Inf	"SD"	NA	NA
"ECK120002682"	"flgD"	"+"	1131077	1131772	696	"M-C1h"	18	2.96123554331823	0	0	0	0.936781609195402	-Inf	"SD"	NA	NA
"ECK120002683"	"flgE"	"+"	1131797	1133005	1209	"M-C1h"	54	5.11419339491188	1	76	0	0.616211745244003	-Inf	"SD"	6	14.2857142857143
"ECK120002684"	"flgF"	"+"	1133025	1133780	756	"M-C1h"	4	0.605825966534241	1	75	0	0.30026455026455	-Inf	"SD"	NA	NA
"ECK120002685"	"flgG"	"+"	1133952	1134734	783	"M-C1h"	9	1.31610468591921	0	0	0	0.51213282247765	-Inf	"SD"	NA	NA
"ECK120002686"	"flgH"	"+"	1134787	1135485	699	"M-C1h"	1	0	0	0	0	0.113018597997139	NA	"NO"	6	24
"ECK120002687"	"flgI"	"+"	1135497	1136594	1098	"M-C1h"	6	0.625689112977986	0	0	0	0.331511839708561	-Inf	"SD"	NA	NA
"ECK120002688"	"flgJ"	"+"	1136594	1137535	942	"M-C1h"	4	0	0	0	0	0.219745222929936	NA	"NO"	NA	NA
"ECK120002689"	"flgM"	"-"	1129058	1129351	294	"M-C1h"	1033	402.31171506206	0	0	0	1	-Inf	"SD"	1	10
"ECK120002690"	"flhA"	"-"	1960996	1963074	2079	"M-C1h"	9	0	0	0	0	0.24001924001924	NA	"NO"	3	4
"ECK120002692"	"fliI"	"+"	2014578	2015951	1374	"M-C1h"	0	0	0	0	0	0	NA	"NO"	NA	NA
"ECK120002693"	"fliJ"	"+"	2015970	2016413	444	"M-C1h"	0	0	0	0	0	0	NA	"NO"	NA	NA
"ECK120002694"	"fliK"	"+"	2016410	2017537	1128	"M-C1h"	2	0	1	58	0	0.156028368794326	NA	"NO"	NA	NA
"ECK120002695"	"nanT"	"-"	3369106	3370596	1491	"M-C1h"	55	4.22371624555562	0	0	0	0.509054325955734	-Inf	"SD"	0	0
"ECK120002699"	"maa"	"-"	478591	479142	552	"M-C1h"	21	4.35602040067826	7	312	22.4358974358974	0.635869565217391	-1.63758388351645	"SD"	6	30
"ECK120002706"	"insA-1"	"-"	20233	20508	276	"M-C1h"	0	0	0	0	0	0	NA	"NO"	NA	NA
"ECK120002711"	"b0165"	"-"	184987	185118	132	"M-C1h"	34	29.4927095526442	0	0	0	0.227272727272727	-Inf	"SD"	NA	NA
"ECK120002712"	"ispU"	"+"	194903	195664	762	"M-C1h"	73	10.9692662208306	0	0	0	0.954068241469816	-Inf	"SD"	NA	NA
"ECK120002713"	"bamA"	"+"	197928	200360	2433	"M-C1h"	335	15.765668339957	4	100	0	0.972050965885738	-Inf	"SD"	5	5.49450549450549
"ECK120002714"	"ldcC"	"+"	209679	211820	2142	"M-C1h"	42	2.24511975833277	11	79	101.26582278481	0.706816059757236	-0.488720497601966	"SD"	NA	NA
"ECK120002715"	"yaeR"	"+"	211877	212266	390	"M-C1h"	24	7.04622201076748	0	0	0	1	-Inf	"SD"	NA	NA
"ECK120002729"	"yafQ"	"-"	245961	246239	279	"M-C1h"	938	384.953544799725	0	0	0	1	-Inf	"SD"	NA	NA
"ECK120002735"	"dinB"	"+"	250898	251953	1056	"M-C1h"	43	4.66245040721948	1	100	0	0.740530303030303	-Inf	"SD"	NA	NA
"ECK120002736"	"yafN"	"+"	252005	252298	294	"M-C1h"	17	6.62081234855277	0	0	0	1	-Inf	"SD"	NA	NA
"ECK120002737"	"yafO"	"+"	252301	252699	399	"M-C1h"	16	4.59152311478582	0	0	0	0.716791979949875	-Inf	"SD"	NA	NA
"ECK120002738"	"yafP"	"+"	252709	253161	453	"M-C1h"	1	0	0	0	0	0.22075055187638	NA	"NO"	NA	NA
"ECK120002739"	"ykfJ"	"+"	253467	253733	267	"M-C1h"	0	0	0	0	0	0	NA	"NO"	NA	NA
"ECK120002742"	"ykfG"	"-"	263480	263956	477	"M-C1h"	1	0	1	100	0	0.209643605870021	NA	"NO"	NA	NA
"ECK120002743"	"yafX"	"-"	263972	264430	459	"M-C1h"	0	0	11	253	27.6679841897233	0	Inf	"AD"	NA	NA
"ECK120002744"	"ykfF"	"-"	264528	264767	240	"M-C1h"	0	0	7	179	39.1061452513966	0	Inf	"AD"	NA	NA
"ECK120002745"	"ykfB"	"-"	264844	265311	468	"M-C1h"	289	70.7068805941597	0	0	0	1	-Inf	"SD"	NA	NA
"ECK120002746"	"yafY"	"-"	265334	265777	444	"M-C1h"	143	36.8776090034255	0	0	0	0.315315315315315	-Inf	"SD"	NA	NA
"ECK120002747"	"yafZ"	"-"	266408	267229	822	"M-C1h"	0	0	5	293	0	0	NA	"NO"	NA	NA
"ECK120002748"	"ykfA"	"-"	267321	268184	864	"M-C1h"	8	1.06019544143492	0	0	0	0.34375	-Inf	"SD"	NA	NA
"ECK120002751"	"insI-1"	"+"	269827	270978	1152	"M-C1h"	3	0	1	72	0	0.0338541666666667	NA	"NO"	NA	NA
"ECK120002752"	"insO-1"	"+"	271054	271479	426	"M-C1h"	5	1.34390971449497	0	0	0	0.291079812206573	-Inf	"SD"	NA	NA
"ECK120002757"	"afuB"	"-"	278038	278400	363	"M-C1h"	0	0	1	100	0	0	NA	"NO"	NA	NA
"ECK120002758"	"insB-2"	"-"	278402	278905	504	"M-C1h"	0	0	0	0	0	0	NA	"NO"	NA	NA
"ECK120002759"	"insA-2"	"-"	278824	279099	276	"M-C1h"	0	0	0	0	0	0	NA	"NO"	NA	NA
"ECK120002761"	"yagF"	"+"	282425	284392	1968	"M-C1h"	64	3.72361325772265	0	0	0	0.747967479674797	-Inf	"SD"	NA	NA
"ECK120002762"	"yagG"	"+"	284619	286001	1383	"M-C1h"	15	1.24187752358971	1	76	0	0.349240780911063	-Inf	"SD"	NA	NA
"ECK120002765"	"insB-3"	"-"	289873	290376	504	"M-C1h"	0	0	0	0	0	0	NA	"NO"	NA	NA
"ECK120002770"	"yagM"	"-"	293169	294023	855	"M-C1h"	0	0	0	0	0	0	NA	"NO"	NA	NA
"ECK120002771"	"yagN"	"-"	294363	294803	441	"M-C1h"	72	18.6940583959137	4	191	0	0.859410430839002	-Inf	"SD"	NA	NA
"ECK120002772"	"intF"	"-"	294920	296320	1401	"M-C1h"	34	2.77875636042044	13	224	0	0.568165596002855	-Inf	"SD"	NA	NA
"ECK120002773"	"yagP"	"-"	296605	297015	411	"M-C1h"	0	0	1	100	0	0	NA	"NO"	NA	NA
"ECK120002774"	"paoD"	"-"	296994	297950	957	"M-C1h"	5	0	0	0	0	0.126436781609195	NA	"NO"	NA	NA
"ECK120002775"	"paoC"	"-"	297960	300158	2199	"M-C1h"	10	0	1	100	0	0.208276489313324	NA	"NO"	NA	NA
"ECK120002776"	"paoB"	"-"	300155	301111	957	"M-C1h"	7	0.837521163766772	0	0	0	0.367816091954023	-Inf	"SD"	NA	NA
"ECK120002780"	"ecpE"	"-"	303719	304429	711	"M-C1h"	10	1.61042345534418	1	38	0	0.413502109704641	-Inf	"SD"	NA	NA
"ECK120002781"	"ecpD"	"-"	304398	306041	1644	"M-C1h"	7	0	9	139	0	0.212287104622871	NA	"NO"	NA	NA
"ECK120002782"	"ecpC"	"-"	306031	308556	2526	"M-C1h"	0	0	9	340	26.4705882352941	0	Inf	"AD"	NA	NA
"ECK120002783"	"ecpB"	"-"	308582	309250	669	"M-C1h"	3	0.513457881950545	2	76	0	0.324364723467862	-Inf	"SD"	NA	NA
"ECK120002784"	"ecpA"	"-"	309308	309895	588	"M-C1h"	4	0.778919099829738	1	55	0	0.353741496598639	-Inf	"SD"	NA	NA
"ECK120002788"	"insE-1"	"+"	314506	314814	309	"M-C1h"	0	0	0	0	0	0	NA	"NO"	NA	NA
"ECK120002792"	"rclB"	"-"	317555	317791	237	"M-C1h"	0	0	0	0	0	0	NA	"NO"	NA	NA
"ECK120002795"	"ykgE"	"+"	320832	321551	720	"M-C1h"	26	4.13476222159619	0	0	0	0.811111111111111	-Inf	"SD"	12	46.1538461538462
"ECK120002796"	"ykgF"	"+"	321562	322989	1428	"M-C1h"	40	3.20731394047539	0	0	0	0.796918767507003	-Inf	"SD"	8	15.0943396226415
"ECK120002799"	"ykgH"	"-"	323920	324588	669	"M-C1h"	0	0	1	76	0	0	NA	"NO"	NA	NA
"ECK120002803"	"yahE"	"+"	335149	336012	864	"M-C1h"	0	0	0	0	0	0	NA	"NO"	NA	NA
"ECK120002804"	"yahF"	"+"	336002	337549	1548	"M-C1h"	1	0	0	0	0	0.0645994832041344	NA	"NO"	NA	NA
"ECK120002805"	"yahG"	"+"	337549	338967	1419	"M-C1h"	4	0	0	0	0	0.245947850599013	NA	"NO"	NA	NA
"ECK120002806"	"yahI"	"+"	339389	340339	951	"M-C1h"	2	0	2	120	0	0.0841219768664564	NA	"NO"	NA	NA
"ECK120002807"	"yahJ"	"+"	340349	341731	1383	"M-C1h"	39	3.22888156133325	0	0	0	0.934924078091106	-Inf	"SD"	NA	NA
"ECK120002808"	"yahK"	"+"	342108	343157	1050	"M-C1h"	16	1.74477878361861	0	0	0	0.68952380952381	-Inf	"SD"	1	2.63157894736842
"ECK120002809"	"yahL"	"+"	343400	344215	816	"M-C1h"	0	0	0	0	0	0	NA	"NO"	NA	NA
"ECK120002815"	"prpC"	"+"	349236	350405	1170	"M-C1h"	1	0	0	0	0	0.0427350427350427	NA	"NO"	NA	NA
"ECK120002816"	"prpD"	"+"	350439	351890	1452	"M-C1h"	1	0	4	181	0	0.0523415977961433	NA	"NO"	NA	NA
"ECK120002817"	"prpE"	"+"	351930	353816	1887	"M-C1h"	6	0	0	0	0	0.155802861685215	NA	"NO"	NA	NA
"ECK120002819"	"mhpE"	"+"	373092	374105	1014	"M-C1h"	32	3.61344718500896	0	0	0	0.72879684418146	-Inf	"SD"	NA	NA
"ECK120002820"	"mhpT"	"+"	374683	375894	1212	"M-C1h"	4	0	0	0	0	0.226072607260726	NA	"NO"	NA	NA
"ECK120002823"	"frmR"	"-"	378830	379105	276	"M-C1h"	6	2.48915451467329	0	0	0	0.634057971014493	-Inf	"SD"	NA	NA
"ECK120002824"	"yaiO"	"-"	379293	380066	774	"M-C1h"	50	7.3967123821041	0	0	0	0.670542635658915	-Inf	"SD"	NA	NA
"ECK120002832"	"tauB"	"+"	385431	386198	768	"M-C1h"	2	0	0	0	0	0.1875	NA	"NO"	NA	NA
"ECK120002833"	"tauC"	"+"	386195	387022	828	"M-C1h"	5	0	0	0	0	0.223429951690821	NA	"NO"	NA	NA
"ECK120002845"	"proY"	"+"	420210	421583	1374	"M-C1h"	28	2.33335590604018	2	76	0	0.522561863173217	-Inf	"SD"	NA	NA
"ECK120002846"	"thiL"	"+"	434858	435835	978	"M-C1h"	46	5.38553267182893	0	0	0	0.559304703476483	-Inf	"SD"	2	5.71428571428571
"ECK120002848"	"dxs"	"-"	437539	439401	1863	"M-C1h"	37	2.27404239612128	10	156	64.1025641025641	0.628556092324208	-0.185259151373414	"SD"	14	20.5882352941176
"ECK120002853"	"ppiD"	"+"	461139	463010	1872	"M-C1h"	119	7.27864947292821	1	50	0	0.983440170940171	-Inf	"SD"	38	55.8823529411765
"ECK120002854"	"ybaV"	"+"	463161	463532	372	"M-C1h"	55	16.9289272100092	0	0	0	1	-Inf	"SD"	NA	NA
"ECK120002858"	"ybaO"	"+"	467607	468065	459	"M-C1h"	30	7.48373252777591	0	0	0	0.827886710239651	-Inf	"SD"	2	11.7647058823529
"ECK120002859"	"mdlA"	"+"	468095	469867	1773	"M-C1h"	10	0.645804329808074	1	100	0	0.351381838691483	-Inf	"SD"	1	1.51515151515152
"ECK120002863"	"ylaC"	"-"	478005	478475	471	"M-C1h"	22	5.34824706762075	5	194	0	0.878980891719745	-Inf	"SD"	1	5.55555555555556
"ECK120002870"	"ybaT"	"+"	511800	513092	1293	"M-C1h"	4	0	1	36	0	0.202629543696829	NA	"NO"	NA	NA
"ECK120002877"	"ybbO"	"-"	517564	518373	810	"M-C1h"	9	1.27223452972191	0	0	0	0.588888888888889	-Inf	"SD"	5	17.2413793103448
"ECK120002878"	"ybbP"	"+"	519640	522054	2415	"M-C1h"	23	1.09048673976163	0	0	0	0.343685300207039	-Inf	"SD"	NA	NA
"ECK120002879"	"ylbH"	"+"	527173	527883	711	"M-C1h"	2	0	0	0	0	0.126582278481013	NA	"NO"	NA	NA
"ECK120002884"	"allR"	"+"	532235	533050	816	"M-C1h"	580	81.3855912395631	0	0	0	1	-Inf	"SD"	3	10.3448275862069
"ECK120002885"	"hyi"	"+"	534934	535710	777	"M-C1h"	0	0	0	0	0	0	NA	"NO"	NA	NA
"ECK120002886"	"glxR"	"+"	535810	536688	879	"M-C1h"	1	0	0	0	0	0.037542662116041	NA	"NO"	NA	NA
"ECK120002888"	"ybbW"	"+"	536857	538311	1455	"M-C1h"	4	0	1	76	0	0.166323024054983	NA	"NO"	NA	NA
"ECK120002889"	"allB"	"+"	538371	539732	1362	"M-C1h"	6	0.504410165969037	0	0	0	0.283406754772394	-Inf	"SD"	NA	NA
"ECK120002890"	"ybbY"	"+"	539789	541090	1302	"M-C1h"	0	0	1	40	0	0	NA	"NO"	NA	NA
"ECK120002893"	"allC"	"-"	543281	544516	1236	"M-C1h"	59	5.46566776118391	1	100	0	0.852750809061489	-Inf	"SD"	NA	NA
"ECK120002896"	"ylbE_2"	"+"	547838	548839	1002	"M-C1h"	11	1.25699818804859	0	0	0	0.483033932135729	-Inf	"SD"	NA	NA
"ECK120002897"	"ylbF"	"+"	548850	549665	816	"M-C1h"	4	0.561279939583194	0	0	0	0.270833333333333	-Inf	"SD"	NA	NA
"ECK120002899"	"sfmC"	"+"	558197	558889	693	"M-C1h"	0	0	1	100	0	0	NA	"NO"	NA	NA
"ECK120002900"	"sfmD"	"+"	558920	561523	2604	"M-C1h"	6	0	0	0	0	0.153609831029186	NA	"NO"	NA	NA
"ECK120002901"	"sfmH"	"+"	561565	562542	978	"M-C1h"	1	0	1	78	0	0.0777096114519427	NA	"NO"	NA	NA
"ECK120002904"	"insE-3"	"+"	566056	566364	309	"M-C1h"	0	0	0	0	0	0	NA	"NO"	NA	NA
"ECK120002905"	"insF-3"	"+"	566361	567227	867	"M-C1h"	0	0	0	0	0	0	NA	"NO"	NA	NA
"ECK120002906"	"renD"	"+"	567285	567470	186	"M-C1h"	14	8.61836294327742	0	0	0	1	-Inf	"SD"	NA	NA
"ECK120002908"	"ybcK"	"+"	568125	569651	1527	"M-C1h"	2	0	0	0	0	0.114603798297315	NA	"NO"	NA	NA
"ECK120002909"	"ybcL"	"+"	570116	570667	552	"M-C1h"	19	3.94116131489938	0	0	0	0.536231884057971	-Inf	"SD"	NA	NA
"ECK120002910"	"ybcM"	"+"	570677	571474	798	"M-C1h"	92	13.2006289550092	3	137	0	0.921052631578947	-Inf	"SD"	NA	NA
"ECK120002911"	"ybcN"	"+"	571689	572144	456	"M-C1h"	0	0	1	100	0	0	NA	"NO"	NA	NA
"ECK120002912"	"ninE"	"+"	572144	572314	171	"M-C1h"	1	0.669597120906266	1	100	0	0.368421052631579	-Inf	"SD"	NA	NA
"ECK120002913"	"ybcO"	"+"	572307	572597	291	"M-C1h"	2	0	0	0	0	0.233676975945017	NA	"NO"	NA	NA
"ECK120002914"	"rusA"	"+"	572594	572956	363	"M-C1h"	0	0	0	0	0	0	NA	"NO"	NA	NA
"ECK120002916"	"insH-2"	"-"	573960	574976	1017	"M-C1h"	21	0	0	0	0	0.0363815142576204	NA	"NO"	NA	NA
"ECK120002918"	"rrrD"	"+"	576836	577333	498	"M-C1h"	6	1.37953141777074	0	0	0	0.668674698795181	-Inf	"SD"	NA	NA
"ECK120002926"	"cusS"	"-"	592551	593993	1443	"M-C1h"	6	0	4	110	0	0.24047124047124	NA	"NO"	NA	NA
"ECK120002929"	"cusF"	"+"	596354	596686	333	"M-C1h"	2	0	0	0	0	0.024024024024024	NA	"NO"	NA	NA
"ECK120002930"	"cusB"	"+"	596702	597925	1224	"M-C1h"	10	0	0	0	0	0.244281045751634	NA	"NO"	NA	NA
"ECK120002932"	"ybdF"	"-"	604741	605109	369	"M-C1h"	34	10.5502375635475	1	100	0	1	-Inf	"SD"	1	7.14285714285714
"ECK120002933"	"ybdJ"	"-"	605174	605422	249	"M-C1h"	41	18.8535960428668	0	0	0	0.955823293172691	-Inf	"SD"	NA	NA
"ECK120002934"	"ybdK"	"-"	605488	606606	1119	"M-C1h"	10	1.02324493007124	0	0	0	0.344950848972297	-Inf	"SD"	NA	NA
"ECK120002938"	"ybdN"	"-"	634572	635792	1221	"M-C1h"	12	1.12531801154763	1	76	0	0.258804258804259	-Inf	"SD"	NA	NA
"ECK120002939"	"ybdO"	"-"	635939	636841	903	"M-C1h"	0	0	15	102	147.058823529412	0	Inf	"AD"	NA	NA
"ECK120002945"	"citT"	"-"	644340	645803	1464	"M-C1h"	24	0	1	76	0	0.121584699453552	NA	"NO"	NA	NA
"ECK120002946"	"citG"	"-"	645854	646732	879	"M-C1h"	0	0	15	117	128.205128205128	0	Inf	"AD"	NA	NA
"ECK120002947"	"citX"	"-"	646707	647258	552	"M-C1h"	1	0	0	0	0	0.0760869565217391	NA	"NO"	NA	NA
"ECK120002948"	"citF"	"-"	647262	648794	1533	"M-C1h"	0	0	0	0	0	0	NA	"NO"	NA	NA
"ECK120002949"	"citE"	"-"	648805	649713	909	"M-C1h"	1	0	14	177	79.0960451977401	0.0077007700770077	Inf	"AD"	NA	NA
"ECK120002950"	"citD"	"-"	649710	650006	297	"M-C1h"	1	0.385525615067244	2	51	0	0.326599326599327	-Inf	"SD"	NA	NA
"ECK120002955"	"ybeM_2"	"+"	657478	658041	564	"M-C1h"	16	3.24825837375806	1	100	0	0.726950354609929	-Inf	"SD"	NA	NA
"ECK120002956"	"cobC"	"-"	668519	669130	612	"M-C1h"	5	0.935466565971989	0	0	0	0.509803921568627	-Inf	"SD"	NA	NA
"ECK120002957"	"nadD"	"-"	669154	669795	642	"M-C1h"	7	1.24845444505421	0	0	0	0.507788161993769	-Inf	"SD"	NA	NA
"ECK120002965"	"rihA"	"-"	682700	683635	936	"M-C1h"	505	61.7767728374579	2	100	0	1	-Inf	"SD"	4	11.7647058823529
"ECK120002966"	"gltI"	"-"	686062	686970	909	"M-C1h"	1918	241.598596832338	0	0	0	1	-Inf	"SD"	31	93.9393939393939
"ECK120002967"	"insH-3"	"-"	687220	688236	1017	"M-C1h"	13	0	0	0	0	0.205506391347099	NA	"NO"	NA	NA
"ECK120002968"	"ybeX"	"-"	690129	691007	879	"M-C1h"	289	37.6459842071294	0	0	0	1	-Inf	"SD"	13	39.3939393939394
"ECK120002969"	"ybeY"	"-"	691097	691564	468	"M-C1h"	180	44.0388875672967	0	0	0	1	-Inf	"SD"	NA	NA
"ECK120002970"	"ybeZ"	"-"	691561	692640	1080	"M-C1h"	431	45.6944235258451	0	0	0	0.982407407407407	-Inf	"SD"	19	48.7179487179487
"ECK120002973"	"chiP"	"+"	707557	708963	1407	"M-C1h"	27	2.19724940101225	0	0	0	0.390191897654584	-Inf	"SD"	NA	NA
"ECK120002976"	"ybfO"	"+"	733443	734876	1434	"M-C1h"	5	0	1	100	0	0.143654114365411	NA	"NO"	NA	NA
"ECK120002977"	"ybfL"	"+"	736123	737184	1062	"M-C1h"	0	0	0	0	0	0	NA	"NO"	NA	NA
"ECK120002980"	"ybgJ"	"+"	742816	743472	657	"M-C1h"	227	39.5612655132702	0	0	0	1	-Inf	"SD"	NA	NA
"ECK120002981"	"ybgK"	"+"	743466	744398	933	"M-C1h"	225	27.6128073171153	2	76	0	1	-Inf	"SD"	1	2.94117647058824
"ECK120002982"	"ybgL"	"+"	744388	745122	735	"M-C1h"	89	13.8647599769693	0	0	0	0.987755102040816	-Inf	"SD"	NA	NA
"ECK120002985"	"ybgO"	"-"	747144	748205	1062	"M-C1h"	6	0.646898913417918	13	549	18.2149362477231	0.307909604519774	1.6283878053969	"AD"	NA	NA
"ECK120002986"	"ybgP"	"-"	748202	748930	729	"M-C1h"	0	0	2	76	0	0	NA	"NO"	NA	NA
"ECK120002987"	"ybgQ"	"-"	748945	751392	2448	"M-C1h"	0	0	3	151	0	0	NA	"NO"	NA	NA
"ECK120002988"	"b0725"	"+"	757687	757947	261	"M-C1h"	1250	548.376952466339	1	100	0	0.988505747126437	-Inf	"SD"	NA	NA
"ECK120002989"	"valZ"	"+"	780291	780366	76	"M-C1h"	4	6.02637408815639	0	0	0	1	-Inf	"SD"	NA	NA
"ECK120002990"	"lysY"	"+"	780370	780445	76	"M-C1h"	1	0	0	0	0	0.144736842105263	NA	"NO"	NA	NA
"ECK120002991"	"lysZ"	"+"	780592	780667	76	"M-C1h"	6	9.03956113223459	0	0	0	1	-Inf	"SD"	NA	NA
"ECK120002992"	"lysQ"	"+"	780800	780875	76	"M-C1h"	0	0	0	0	0	0	NA	"NO"	NA	NA
"ECK120003000"	"ybhI"	"+"	801110	802543	1434	"M-C1h"	0	0	0	0	0	0	NA	"NO"	NA	NA
"ECK120003003"	"ybhL"	"+"	819107	819811	705	"M-C1h"	409	66.4268837433522	1	76	0	1	-Inf	"SD"	NA	NA
"ECK120003006"	"clsB"	"-"	821721	822962	1242	"M-C1h"	9	0.829718171557764	1	97	0	0.359903381642512	-Inf	"SD"	NA	NA
"ECK120003010"	"ybhS"	"-"	825342	826475	1134	"M-C1h"	12	1.21165193306848	3	104	0	0.492063492063492	-Inf	"SD"	NA	NA
"ECK120003011"	"ybhF"	"-"	826468	828204	1737	"M-C1h"	42	2.76859327711503	2	76	0	0.635002878526195	-Inf	"SD"	NA	NA
"ECK120003012"	"ybhG"	"-"	828197	829195	999	"M-C1h"	82	9.39848931866633	0	0	0	0.891891891891892	-Inf	"SD"	2	5.55555555555556
"ECK120003013"	"ybiX"	"-"	837753	838430	678	"M-C1h"	4	0	2	73	0	0.24188790560472	NA	"NO"	NA	NA
"ECK120003014"	"fiu"	"-"	838472	840754	2283	"M-C1h"	1	0	1	76	0	0.0210249671484888	NA	"NO"	NA	NA
"ECK120003025"	"ybiV"	"-"	858436	859251	816	"M-C1h"	11	1.54351983385378	10	425	21.1764705882353	0.583333333333333	0.221772885203048	"AD"	3	10
"ECK120003026"	"ybiW"	"-"	859397	861829	2433	"M-C1h"	37	1.74128277187585	10	114	0	0.481709823263461	-Inf	"SD"	NA	NA
"ECK120003029"	"gsiA"	"+"	866776	868614	1839	"M-C1h"	151	9.40166789500853	0	0	0	0.919521479064709	-Inf	"SD"	NA	NA
"ECK120003030"	"gsiB"	"+"	868634	870172	1539	"M-C1h"	201	14.9543357002399	1	35	0	0.975308641975309	-Inf	"SD"	2	3.57142857142857
"ECK120003031"	"gsiC"	"+"	870190	871110	921	"M-C1h"	21	2.61077444210033	0	0	0	0.727470141150923	-Inf	"SD"	NA	NA
"ECK120003032"	"gsiD"	"+"	871113	872024	912	"M-C1h"	3	0	0	0	0	0.220394736842105	NA	"NO"	NA	NA
"ECK120003033"	"yliE"	"+"	872202	874550	2349	"M-C1h"	5	0	0	0	0	0.157939548744146	NA	"NO"	NA	NA
"ECK120003042"	"ybjI"	"-"	884539	885354	816	"M-C1h"	17	2.38543974322857	0	0	0	0.799019607843137	-Inf	"SD"	3	10
"ECK120003047"	"ybjN"	"+"	892180	892656	477	"M-C1h"	40	9.60177003563702	0	0	0	1	-Inf	"SD"	NA	NA
"ECK120003048"	"ybjO"	"+"	897212	897700	489	"M-C1h"	2	0	7	153	39.2156862745098	0.204498977505112	Inf	"AD"	NA	NA
"ECK120003054"	"ybjT"	"-"	906075	907505	1431	"M-C1h"	22	1.76032450653345	1	76	0	0.510132774283718	-Inf	"SD"	NA	NA
"ECK120003055"	"ltaE"	"-"	907516	908517	1002	"M-C1h"	34	3.88526712669564	0	0	0	0.770459081836327	-Inf	"SD"	5	13.8888888888889
"ECK120003056"	"hcr"	"-"	910405	911373	969	"M-C1h"	22	2.59961235175374	10	93	107.52688172043	0.633642930856553	-0.378296507908319	"SD"	NA	NA
"ECK120003057"	"hcp"	"-"	911385	913037	1653	"M-C1h"	23	1.59317935663905	0	0	0	0.386569872958258	-Inf	"SD"	NA	NA
"ECK120003058"	"ybjE"	"-"	913181	914080	900	"M-C1h"	5	0	0	0	0	0.246666666666667	NA	"NO"	NA	NA
"ECK120003064"	"ftsK"	"+"	932447	936436	3990	"M-C1h"	248	7.11686082791803	2	76	0	0.850125313283208	-Inf	"SD"	3	2.04081632653061
"ECK120003065"	"lolA"	"+"	936592	937206	615	"M-C1h"	373	69.4453872565274	0	0	0	1	-Inf	"SD"	15	68.1818181818182
"ECK120003070"	"ycaL"	"+"	959487	960251	765	"M-C1h"	4	0.598698602222073	0	0	0	0.334640522875817	-Inf	"SD"	NA	NA
"ECK120003071"	"ycaQ"	"+"	968612	969844	1233	"M-C1h"	14	1.30009368000779	1	50	0	0.317112733171127	-Inf	"SD"	NA	NA
"ECK120003072"	"ycaR"	"+"	969896	970078	183	"M-C1h"	76	47.552372586327	0	0	0	1	-Inf	"SD"	NA	NA
"ECK120003074"	"ycbK"	"+"	982298	982846	549	"M-C1h"	248	51.7236333395135	1	76	0	1	-Inf	"SD"	NA	NA
"ECK120003076"	"ssuC"	"-"	993264	994055	792	"M-C1h"	1	0	0	0	0	0.0189393939393939	NA	"NO"	NA	NA
"ECK120003077"	"ssuD"	"-"	994066	995211	1146	"M-C1h"	2	0	0	0	0	0.132635253054101	NA	"NO"	NA	NA
"ECK120003078"	"ssuA"	"-"	995208	996167	960	"M-C1h"	1	0	2	82	0	0.078125	NA	"NO"	NA	NA
"ECK120003081"	"elfD"	"+"	997713	998414	702	"M-C1h"	0	0	1	76	0	0	NA	"NO"	NA	NA
"ECK120003082"	"elfC"	"+"	998439	1001039	2601	"M-C1h"	9	0	2	76	0	0.205305651672434	NA	"NO"	NA	NA
"ECK120003083"	"elfG"	"+"	1001030	1002100	1071	"M-C1h"	11	1.17601511150764	2	76	0	0.378151260504202	-Inf	"SD"	NA	NA
"ECK120003084"	"ycbU"	"+"	1002112	1002654	543	"M-C1h"	2	0	0	0	0	0.193370165745856	NA	"NO"	NA	NA
"ECK120003085"	"ycbV"	"+"	1002662	1003177	516	"M-C1h"	7	1.55330960024186	1	76	0	0.484496124031008	-Inf	"SD"	NA	NA
"ECK120003089"	"uup"	"+"	1009187	1011094	1908	"M-C1h"	31	1.86034294440467	0	0	0	0.610062893081761	-Inf	"SD"	17	23.6111111111111
"ECK120003090"	"pqiA"	"+"	1011224	1012477	1254	"M-C1h"	40	3.652347932216	1	39	0	0.82695374800638	-Inf	"SD"	NA	NA
"ECK120003091"	"pqiB"	"+"	1012482	1014122	1641	"M-C1h"	187	13.047962909945	2	88	0	0.962827544180378	-Inf	"SD"	2	3.27868852459016
"ECK120003092"	"ymbA"	"+"	1014134	1014682	549	"M-C1h"	55	11.4709670712631	0	0	0	0.90528233151184	-Inf	"SD"	3	14.2857142857143
"ECK120003103"	"etp"	"-"	1043453	1043899	447	"M-C1h"	7	1.79308222309799	0	0	0	0.827740492170022	-Inf	"SD"	NA	NA
"ECK120003104"	"gfcE"	"-"	1043887	1045026	1140	"M-C1h"	8	0.803516545087519	1	74	0	0.263157894736842	-Inf	"SD"	NA	NA
"ECK120003105"	"gfcD"	"-"	1045072	1047168	2097	"M-C1h"	6	0	2	70	0	0.12827849308536	NA	"NO"	NA	NA
"ECK120003106"	"gfcC"	"-"	1047168	1047914	747	"M-C1h"	0	0	1	74	0	0	NA	"NO"	NA	NA
"ECK120003107"	"gfcB"	"-"	1047911	1048555	645	"M-C1h"	2	0	1	100	0	0.226356589147287	NA	"NO"	NA	NA
"ECK120003112"	"ymcE"	"+"	1051070	1051300	231	"M-C1h"	63	31.2275748204468	0	0	0	0.58008658008658	-Inf	"SD"	NA	NA
"ECK120003118"	"rutF"	"-"	1069083	1069577	495	"M-C1h"	1	0	3	100	0	0.202020202020202	NA	"NO"	NA	NA
"ECK120003119"	"rutE"	"-"	1069588	1070178	591	"M-C1h"	2	0	0	0	0	0.22165820642978	NA	"NO"	NA	NA
"ECK120003120"	"rutD"	"-"	1070188	1070988	801	"M-C1h"	1	0	1	58	0	0.0436953807740325	NA	"NO"	NA	NA
"ECK120003121"	"rutC"	"-"	1070996	1071382	387	"M-C1h"	3	0.887605485852492	0	0	0	0.51937984496124	-Inf	"SD"	NA	NA
"ECK120003122"	"rutB"	"-"	1071394	1072086	693	"M-C1h"	1	0	3	115	0	0.122655122655123	NA	"NO"	NA	NA
"ECK120003124"	"efeU_1"	"+"	1080579	1080689	111	"M-C1h"	0	0	0	0	0	0	NA	"NO"	NA	NA
"ECK120003125"	"efeO"	"+"	1081466	1082593	1128	"M-C1h"	3	0	0	0	0	0.202127659574468	NA	"NO"	2	4.8780487804878
"ECK120003127"	"pgaC"	"-"	1085744	1087069	1326	"M-C1h"	5	0	2	100	0	0.149321266968326	NA	"NO"	NA	NA
"ECK120003128"	"pgaB"	"-"	1087062	1089080	2019	"M-C1h"	4	0	2	76	0	0.151560178306092	NA	"NO"	NA	NA
"ECK120003136"	"ycdX"	"+"	1098102	1098839	738	"M-C1h"	53	8.22297927747085	1	52	0	0.981029810298103	-Inf	"SD"	5	18.5185185185185
"ECK120003137"	"ycdY"	"+"	1098863	1099417	555	"M-C1h"	75	15.4731226587799	0	0	0	1	-Inf	"SD"	4	19.047619047619
"ECK120003140"	"csgF"	"-"	1100934	1101350	417	"M-C1h"	0	0	1	76	0	0	NA	"NO"	NA	NA
"ECK120003141"	"csgE"	"-"	1101375	1101764	390	"M-C1h"	2	0.587185167563956	0	0	0	0.253846153846154	-Inf	"SD"	NA	NA
"ECK120003144"	"csgC"	"+"	1104184	1104516	333	"M-C1h"	0	0	1	76	0	0	NA	"NO"	NA	NA
"ECK120003145"	"ymdA"	"+"	1104637	1104948	312	"M-C1h"	7	2.56893510809231	0	0	0	0.599358974358974	-Inf	"SD"	NA	NA
"ECK120003146"	"ymdB"	"+"	1105043	1105576	534	"M-C1h"	29	6.21822494864077	3	87	0	0.9812734082397	-Inf	"SD"	1	5.26315789473684
"ECK120003149"	"b1052"	"-"	1113434	1113532	99	"M-C1h"	37	42.7933432724641	0	0	0	0.0202020202020202	-Inf	"SD"	NA	NA
"ECK120003150"	"yceJ"	"-"	1117703	1118269	567	"M-C1h"	6	1.21165193306848	1	100	0	0.350970017636684	-Inf	"SD"	NA	NA
"ECK120003151"	"yceO"	"-"	1118530	1118670	141	"M-C1h"	1	0.812064593439514	0	0	0	0.524822695035461	-Inf	"SD"	NA	NA
"ECK120003152"	"solA"	"-"	1118691	1119809	1119	"M-C1h"	128	13.0975351049118	0	0	0	0.87846291331546	-Inf	"SD"	4	9.75609756097561
"ECK120003153"	"bssS"	"-"	1119924	1120178	255	"M-C1h"	590	264.924131483267	0	0	0	1	-Inf	"SD"	NA	NA
"ECK120003154"	"dinI"	"-"	1120465	1120710	246	"M-C1h"	11	5.11996822936864	0	0	0	0.654471544715447	-Inf	"SD"	NA	NA
"ECK120003156"	"yceM"	"+"	1126029	1126952	924	"M-C1h"	405	50.1871738185752	0	0	0	1	-Inf	"SD"	2	5.88235294117647
"ECK120003160"	"ycfL"	"+"	1161470	1161847	378	"M-C1h"	58	17.568953029493	0	0	0	1	-Inf	"SD"	NA	NA
"ECK120003161"	"lpoB"	"+"	1161861	1162502	642	"M-C1h"	40	7.13402540030975	1	38	0	0.895638629283489	-Inf	"SD"	6	26.0869565217391
"ECK120003162"	"thiK"	"+"	1162483	1163307	825	"M-C1h"	66	9.16008861399772	1	82	0	0.656969696969697	-Inf	"SD"	NA	NA
"ECK120003163"	"nagZ"	"+"	1163318	1164343	1026	"M-C1h"	1120	124.99146256917	0	0	0	0.992202729044834	-Inf	"SD"	6	15.7894736842105
"ECK120003164"	"ycfP"	"+"	1164366	1164908	543	"M-C1h"	830	175.020109337433	3	141	0	1	-Inf	"SD"	8	38.0952380952381
"ECK120003170"	"lolD"	"+"	1175842	1176543	702	"M-C1h"	6	0.978641945939927	0	0	0	0.561253561253561	-Inf	"SD"	4	16
"ECK120003171"	"lolE"	"+"	1176543	1177787	1245	"M-C1h"	76	6.98962585003842	0	0	0	0.827309236947791	-Inf	"SD"	NA	NA
"ECK120003172"	"nagK"	"+"	1177816	1178727	912	"M-C1h"	74	9.29066005257444	0	0	0	0.919956140350877	-Inf	"SD"	3	9.09090909090909
"ECK120003175"	"ymfA"	"-"	1180487	1180948	462	"M-C1h"	0	0	0	0	0	0	NA	"NO"	NA	NA
"ECK120003176"	"nudJ"	"-"	1193050	1193511	462	"M-C1h"	7	1.7348652678026	0	0	0	0.484848484848485	-Inf	"SD"	2	11.7647058823529
"ECK120003180"	"xisE"	"-"	1200010	1200255	246	"M-C1h"	9	4.18906491493798	1	62	0	0.934959349593496	-Inf	"SD"	NA	NA
"ECK120003186"	"ymfL"	"+"	1202479	1203048	570	"M-C1h"	10	2.0087913627188	166	175	948.571428571429	0.463157894736842	4.0467836059382	"AD"	NA	NA
"ECK120003187"	"ymfM"	"+"	1203045	1203383	339	"M-C1h"	2	0.675522759144375	166	175	948.571428571429	0.412979351032448	5.6190350549098	"AD"	NA	NA
"ECK120003188"	"ymfN"	"+"	1203393	1204760	1368	"M-C1h"	6	0.502197840679699	1	70	0	0.28874269005848	-Inf	"SD"	NA	NA
"ECK120003189"	"ymfR"	"+"	1204772	1204954	183	"M-C1h"	0	0	0	0	0	0	NA	"NO"	NA	NA
"ECK120003190"	"ymfO"	"+"	1204954	1205427	474	"M-C1h"	0	0	0	0	0	0	NA	"NO"	NA	NA
"ECK120003191"	"ymfP"	"+"	1205483	1206145	663	"M-C1h"	3	0	0	0	0	0.242835595776772	NA	"NO"	NA	NA
"ECK120003192"	"ymfQ"	"+"	1206136	1206720	585	"M-C1h"	1	0	0	0	0	0.158974358974359	NA	"NO"	NA	NA
"ECK120003196"	"ycgX"	"-"	1211926	1212330	405	"M-C1h"	0	0	0	0	0	0	NA	"NO"	NA	NA
"ECK120003197"	"bluR"	"-"	1212551	1213282	732	"M-C1h"	210	32.8486784313443	0	0	0	1	-Inf	"SD"	0	0
"ECK120003200"	"ymgA"	"+"	1215291	1215563	273	"M-C1h"	1	0	0	0	0	0.0256410256410256	NA	"NO"	NA	NA
"ECK120003201"	"ariR"	"+"	1215592	1215858	267	"M-C1h"	0	0	0	0	0	0	NA	"NO"	NA	NA
"ECK120003202"	"ymgC"	"+"	1215971	1216219	249	"M-C1h"	0	0	0	0	0	0	NA	"NO"	NA	NA
"ECK120003203"	"ycgG"	"+"	1216551	1218074	1524	"M-C1h"	3	0	3	67	0	0.196850393700787	NA	"NO"	NA	NA
"ECK120003204"	"ycgH_1"	"+"	1220024	1220344	321	"M-C1h"	3	1.07010381004646	4	101	0	0.467289719626168	-Inf	"SD"	NA	NA
"ECK120003207"	"ymgG"	"-"	1221867	1222142	276	"M-C1h"	2	0.829718171557764	0	0	0	0.369565217391304	-Inf	"SD"	NA	NA
"ECK120003212"	"ycgM"	"+"	1227302	1227961	660	"M-C1h"	199	34.5238188292717	0	0	0	1	-Inf	"SD"	2	8.33333333333333
"ECK120003221"	"dhaL"	"-"	1248348	1248980	633	"M-C1h"	119	21.5254846971905	0	0	0	1	-Inf	"SD"	6	26.0869565217391
"ECK120003225"	"ychQ"	"+"	1266147	1266539	393	"M-C1h"	19	5.53567696138539	1	100	0	0.346055979643766	-Inf	"SD"	NA	NA
"ECK120003227"	"ychG_1"	"-"	1294191	1294421	231	"M-C1h"	0	0	0	0	0	0	NA	"NO"	NA	NA
"ECK120003230"	"yciO"	"+"	1322122	1322742	621	"M-C1h"	168	30.9761450714899	0	0	0	1	-Inf	"SD"	7	30.4347826086957
"ECK120003231"	"yciQ"	"+"	1322770	1324665	1896	"M-C1h"	86	5.19361564348499	4	114	0	0.360232067510549	-Inf	"SD"	NA	NA
"ECK120003232"	"yciS"	"+"	1338267	1338575	309	"M-C1h"	71	26.309316002987	0	0	0	1	-Inf	"SD"	2	18.1818181818182
"ECK120003233"	"yciT"	"-"	1341621	1342370	750	"M-C1h"	51	7.78607532189806	9	263	34.2205323193916	0.990666666666667	-2.1128993947194	"SD"	8	28.5714285714286
"ECK120003234"	"gmr"	"-"	1342781	1344766	1986	"M-C1h"	44	2.53678184174156	4	124	0	0.52920443101712	-Inf	"SD"	NA	NA
"ECK120003235"	"yciW"	"-"	1347004	1348131	1128	"M-C1h"	5	0.507540370899696	3	63	0	0.279255319148936	-Inf	"SD"	NA	NA
"ECK120003236"	"ycjD"	"-"	1349431	1349784	354	"M-C1h"	53	17.1428212055748	0	0	0	0.966101694915254	-Inf	"SD"	NA	NA
"ECK120003237"	"ymjA"	"-"	1355447	1355692	246	"M-C1h"	3	1.39635497164599	0	0	0	0.532520325203252	-Inf	"SD"	NA	NA
"ECK120003238"	"puuP"	"-"	1355826	1357211	1386	"M-C1h"	44	3.63495579920544	3	118	0	0.475468975468975	-Inf	"SD"	NA	NA
"ECK120003242"	"ycjM"	"+"	1368240	1369919	1680	"M-C1h"	3	0	0	0	0	0.0964285714285714	NA	"NO"	NA	NA
"ECK120003243"	"ycjN"	"+"	1369933	1371225	1293	"M-C1h"	2	0	0	0	0	0.0672853828306264	NA	"NO"	NA	NA
"ECK120003244"	"ycjO"	"+"	1371246	1372127	882	"M-C1h"	1	0	6	281	21.3523131672598	0.0283446712018141	Inf	"AD"	NA	NA
"ECK120003245"	"ycjP"	"+"	1372114	1372956	843	"M-C1h"	4	0.543303002016472	0	0	0	0.33926453143535	-Inf	"SD"	NA	NA
"ECK120003246"	"ycjQ"	"+"	1372987	1374039	1053	"M-C1h"	2	0	0	0	0	0.167141500474834	NA	"NO"	NA	NA
"ECK120003247"	"ycjR"	"+"	1374058	1374846	789	"M-C1h"	2	0	4	84	0	0.108998732572877	NA	"NO"	NA	NA
"ECK120003248"	"ycjS"	"+"	1374856	1375911	1056	"M-C1h"	4	0	0	0	0	0.231060606060606	NA	"NO"	NA	NA
"ECK120003249"	"ycjT"	"+"	1375908	1378175	2268	"M-C1h"	2	0	1	100	0	0.0485008818342152	NA	"NO"	NA	NA
"ECK120003250"	"ycjU"	"+"	1378172	1378831	660	"M-C1h"	2	0	1	100	0	0.116666666666667	NA	"NO"	NA	NA
"ECK120003251"	"ycjV"	"+"	1378845	1379813	969	"M-C1h"	0	0	0	0	0	0	NA	"NO"	NA	NA
"ECK120003264"	"abgB"	"-"	1399834	1401279	1446	"M-C1h"	9	0	2	152	0	0.230982019363762	NA	"NO"	NA	NA
"ECK120003271"	"intR"	"-"	1410024	1411259	1236	"M-C1h"	14	1.2969381128233	1	76	0	0.279935275080906	-Inf	"SD"	NA	NA
"ECK120003272"	"ydaQ"	"-"	1411261	1411476	216	"M-C1h"	0	0	0	0	0	0	NA	"NO"	NA	NA
"ECK120003277"	"ydaT"	"+"	1418708	1419130	423	"M-C1h"	12	3.24825837375806	2	100	0	0.482269503546099	-Inf	"SD"	NA	NA
"ECK120003278"	"ydaU"	"+"	1419143	1420000	858	"M-C1h"	1	0	0	0	0	0.116550116550117	NA	"NO"	NA	NA
"ECK120003279"	"ydaV"	"+"	1420007	1420753	747	"M-C1h"	6	0.91968761184716	0	0	0	0.421686746987952	-Inf	"SD"	NA	NA
"ECK120003280"	"ydaW"	"+"	1420776	1421336	561	"M-C1h"	9	1.83691616590863	0	0	0	0.771836007130125	-Inf	"SD"	NA	NA
"ECK120003281"	"rzpR"	"+"	1421369	1421668	300	"M-C1h"	0	0	1	70	0	0	NA	"NO"	NA	NA
"ECK120003282"	"b1364"	"+"	1423202	1423483	282	"M-C1h"	0	0	0	0	0	0	NA	"NO"	NA	NA
"ECK120003283"	"ynaK"	"+"	1423401	1423664	264	"M-C1h"	0	0	0	0	0	0	NA	"NO"	NA	NA
"ECK120003284"	"ydaY"	"+"	1423645	1424004	360	"M-C1h"	1	0	0	0	0	0.211111111111111	NA	"NO"	NA	NA
"ECK120003285"	""	"+"	1424079	1424312	234	"M-C1h"	0	0	0	0	0	0	NA	"NO"	NA	NA
"ECK120003286"	"ynaA"	"+"	1424478	1425506	1029	"M-C1h"	30	3.33822471355602	0	0	0	0.515063168124393	-Inf	"SD"	NA	NA
"ECK120003290"	"stfR"	"+"	1427073	1430435	3363	"M-C1h"	8	0	0	0	0	0.202200416294975	NA	"NO"	NA	NA
"ECK120003293"	"ynaE"	"-"	1432015	1432248	234	"M-C1h"	0	0	0	0	0	0	NA	"NO"	NA	NA
"ECK120003294"	"uspF"	"-"	1433209	1433643	435	"M-C1h"	3799	999.976340361418	2	131	0	1	-Inf	"SD"	4	25
"ECK120003295"	"ompN"	"-"	1433784	1434917	1134	"M-C1h"	7	0.706796960956614	8	184	43.4782608695652	0.432980599647266	1.17870416331116	"AD"	NA	NA
"ECK120003299"	"ynbE"	"+"	1443711	1443896	186	"M-C1h"	15	9.23396029636867	0	0	0	1	-Inf	"SD"	NA	NA
"ECK120003304"	"paaB"	"+"	1452892	1453179	288	"M-C1h"	1	0.397573290538095	0	0	0	0.270833333333333	-Inf	"SD"	NA	NA
"ECK120003305"	"paaC"	"+"	1453188	1453934	747	"M-C1h"	16	2.45250029825909	0	0	0	0.681392235609103	-Inf	"SD"	NA	NA
"ECK120003306"	"paaD"	"+"	1453949	1454446	498	"M-C1h"	6	1.37953141777074	1	76	0	0.431726907630522	-Inf	"SD"	NA	NA
"ECK120003307"	"paaE"	"+"	1454454	1455524	1071	"M-C1h"	3	0	0	0	0	0.214752567693744	NA	"NO"	NA	NA
"ECK120003308"	"paaF"	"+"	1455521	1456288	768	"M-C1h"	2	0	0	0	0	0.19140625	NA	"NO"	NA	NA
"ECK120003309"	"paaG"	"+"	1456288	1457076	789	"M-C1h"	2	0	0	0	0	0.191381495564005	NA	"NO"	NA	NA
"ECK120003310"	"paaH"	"+"	1457078	1458505	1428	"M-C1h"	5	0	0	0	0	0.179971988795518	NA	"NO"	NA	NA
"ECK120003311"	"paaI"	"+"	1458495	1458917	423	"M-C1h"	0	0	0	0	0	0	NA	"NO"	NA	NA
"ECK120003312"	"paaJ"	"+"	1458917	1460122	1206	"M-C1h"	352	33.4198921240381	0	0	0	0.699004975124378	-Inf	"SD"	NA	NA
"ECK120003313"	"paaK"	"+"	1460149	1461462	1314	"M-C1h"	298	25.967526702543	2	77	0	1	-Inf	"SD"	NA	NA
"ECK120003314"	"paaX"	"+"	1461563	1462513	951	"M-C1h"	82	9.87286101929302	1	76	0	0.967402733964248	-Inf	"SD"	3	8.57142857142857
"ECK120003320"	"ynbA"	"+"	1475645	1476250	606	"M-C1h"	2	0	0	0	0	0.239273927392739	NA	"NO"	NA	NA
"ECK120003321"	"ynbB"	"+"	1476250	1477146	897	"M-C1h"	0	0	0	0	0	0	NA	"NO"	NA	NA
"ECK120003322"	"ynbC"	"+"	1477162	1478919	1758	"M-C1h"	8	0.521051684527743	0	0	0	0.265073947667804	-Inf	"SD"	NA	NA
"ECK120003339"	"ydcR"	"+"	1508027	1509433	1407	"M-C1h"	29	2.36000861590204	5	117	0	0.525941719971571	-Inf	"SD"	NA	NA
"ECK120003340"	"ydcS"	"+"	1509678	1510823	1146	"M-C1h"	126	12.5891270218555	0	0	0	0.960732984293194	-Inf	"SD"	0	0
"ECK120003341"	"ydcT"	"+"	1510841	1511854	1014	"M-C1h"	33	3.72636740954049	0	0	0	0.823471400394477	-Inf	"SD"	NA	NA
"ECK120003342"	"ydcU"	"+"	1511855	1512796	942	"M-C1h"	14	1.70171497606115	34	280	121.428571428571	0.615711252653928	1.99854532923205	"AD"	NA	NA
"ECK120003343"	"ydcV"	"+"	1512786	1513580	795	"M-C1h"	13	1.87234515694922	0	0	0	0.60251572327044	-Inf	"SD"	NA	NA
"ECK120003355"	"yncH"	"+"	1524964	1525176	213	"M-C1h"	0	0	0	0	0	0	NA	"NO"	NA	NA
"ECK120003356"	"yncI"	"+"	1528610	1529356	747	"M-C1h"	2	0	0	0	0	0.116465863453815	NA	"NO"	NA	NA
"ECK120003357"	"yncM"	"+"	1529400	1529600	201	"M-C1h"	0	0	0	0	0	0	NA	"NO"	NA	NA
"ECK120003360"	"yddJ"	"-"	1542408	1542743	336	"M-C1h"	0	0	0	0	0	0	NA	"NO"	NA	NA
"ECK120003361"	"yddK"	"-"	1542782	1543738	957	"M-C1h"	0	0	0	0	0	0	NA	"NO"	NA	NA
"ECK120003362"	"yddL"	"-"	1543762	1544052	291	"M-C1h"	0	0	0	0	0	0	NA	"NO"	NA	NA
"ECK120003364"	"adhP"	"-"	1550852	1551862	1011	"M-C1h"	9	1.01929769443595	0	0	0	0.391691394658754	-Inf	"SD"	NA	NA
"ECK120003367"	"ddpD"	"-"	1556055	1557041	987	"M-C1h"	2	0	0	0	0	0.154002026342452	NA	"NO"	NA	NA
"ECK120003368"	"ddpC"	"-"	1557038	1557934	897	"M-C1h"	2	0	2	139	0	0.177257525083612	NA	"NO"	NA	NA
"ECK120003369"	"ddpB"	"-"	1557931	1558953	1023	"M-C1h"	2	0	0	0	0	0.0977517106549365	NA	"NO"	NA	NA
"ECK120003370"	"ddpA"	"-"	1558955	1560505	1551	"M-C1h"	5	0	0	0	0	0.243068987749839	NA	"NO"	NA	NA
"ECK120003371"	"ddpX"	"-"	1560519	1561100	582	"M-C1h"	2	0.393474596821208	0	0	0	0.259450171821306	-Inf	"SD"	NA	NA
"ECK120003372"	"dosP"	"-"	1561358	1563757	2400	"M-C1h"	27	1.28813746134343	1	76	0	0.430833333333333	-Inf	"SD"	NA	NA
"ECK120003373"	"dosC"	"-"	1563782	1565164	1383	"M-C1h"	51	4.22238358020502	0	0	0	0.721619667389732	-Inf	"SD"	NA	NA
"ECK120003374"	"yddW"	"-"	1565528	1566847	1320	"M-C1h"	146	12.664516454959	2	50	0	0.970454545454545	-Inf	"SD"	NA	NA
"ECK120003375"	"gadC"	"-"	1566978	1568513	1536	"M-C1h"	8	0.596359935807143	1	76	0	0.279296875	-Inf	"SD"	NA	NA
"ECK120003376"	"ydeM"	"-"	1577657	1578814	1158	"M-C1h"	2	0	0	0	0	0.0492227979274611	NA	"NO"	NA	NA
"ECK120003377"	"ydeN"	"-"	1578866	1580548	1683	"M-C1h"	7	0.476237524494831	6	179	0	0.279857397504456	-Inf	"SD"	13	20.6349206349206
"ECK120003378"	"ydeO"	"-"	1580950	1581711	762	"M-C1h"	0	0	1	75	0	0	NA	"NO"	NA	NA
"ECK120003379"	"safA"	"-"	1581786	1581983	198	"M-C1h"	0	0	0	0	0	0	NA	"NO"	NA	NA
"ECK120003380"	"ydeP"	"-"	1582231	1584510	2280	"M-C1h"	21	1.05461546542737	5	100	0	0.409210526315789	-Inf	"SD"	NA	NA
"ECK120003381"	"ydeQ"	"-"	1584844	1585758	915	"M-C1h"	0	0	2	45	0	0	NA	"NO"	NA	NA
"ECK120003382"	"ydeR"	"-"	1585817	1586320	504	"M-C1h"	2	0	1	100	0	0.200396825396825	NA	"NO"	NA	NA
"ECK120003383"	"ydeS"	"-"	1586333	1586863	531	"M-C1h"	0	0	0	0	0	0	NA	"NO"	NA	NA
"ECK120003384"	"ydeT"	"-"	1586877	1588025	1149	"M-C1h"	2	0	0	0	0	0.132288946910357	NA	"NO"	NA	NA
"ECK120003385"	"yneL"	"-"	1588381	1588560	180	"M-C1h"	1	0	0	0	0	0.0111111111111111	NA	"NO"	NA	NA
"ECK120003386"	"ydeU"	"-"	1590689	1592089	1401	"M-C1h"	56	4.57677518186895	0	0	0	0.698072805139186	-Inf	"SD"	NA	NA
"ECK120003387"	"lsrK"	"-"	1596641	1598233	1593	"M-C1h"	4272	307.061350902372	0	0	0	1	-Inf	"SD"	NA	NA
"ECK120003390"	"lsrC"	"+"	1601043	1602071	1029	"M-C1h"	795	88.4629549092345	1	76	0	1	-Inf	"SD"	NA	NA
"ECK120003391"	"lsrD"	"+"	1602071	1603063	993	"M-C1h"	434	50.043787241629	0	0	0	1	-Inf	"SD"	NA	NA
"ECK120003392"	"lsrB"	"+"	1603075	1604097	1023	"M-C1h"	1230	137.669953509497	0	0	0	1	-Inf	"SD"	0	0
"ECK120003393"	"lsrF"	"+"	1604124	1604999	876	"M-C1h"	1327	173.450878863798	0	0	0	1	-Inf	"SD"	2	6.25
"ECK120003394"	"lsrG"	"+"	1605023	1605313	291	"M-C1h"	695	273.464844790739	0	0	0	1	-Inf	"SD"	NA	NA
"ECK120003397"	"yneF"	"-"	1608931	1609878	948	"M-C1h"	14	1.69094462811139	6	135	44.4444444444444	0.315400843881857	-0.49479501201165	"SD"	NA	NA
"ECK120003398"	"yneG"	"-"	1609990	1610349	360	"M-C1h"	0	0	9	285	28.0701754385965	0	Inf	"AD"	NA	NA
"ECK120003399"	"yneH"	"-"	1610349	1611275	927	"M-C1h"	7	0.864625408548868	0	0	0	0.459546925566343	-Inf	"SD"	1	2.94117647058824
"ECK120003402"	"yneK"	"+"	1613787	1614902	1116	"M-C1h"	1	0	1	76	0	0.00627240143369176	NA	"NO"	NA	NA
"ECK120003403"	"ydfH"	"+"	1626376	1627062	687	"M-C1h"	17	2.83336074304879	0	0	0	0.847161572052402	-Inf	"SD"	NA	NA
"ECK120003410"	"ydfN"	"-"	1632909	1633871	963	"M-C1h"	1	0	1	39	0	0.0456905503634476	NA	"NO"	NA	NA
"ECK120003413"	"ynfN"	"-"	1635978	1636133	156	"M-C1h"	0	0	0	0	0	0	NA	"NO"	NA	NA
"ECK120003414"	"cspI"	"-"	1636479	1636691	213	"M-C1h"	2	1.07512777159598	0	0	0	0.708920187793427	-Inf	"SD"	NA	NA
"ECK120003415"	"ydfP"	"-"	1637054	1637551	498	"M-C1h"	1	0	0	0	0	0.200803212851406	NA	"NO"	NA	NA
"ECK120003416"	"rrrQ"	"-"	1637548	1638081	534	"M-C1h"	0	0	0	0	0	0	NA	"NO"	NA	NA
"ECK120003417"	"ydfR"	"-"	1638078	1638389	312	"M-C1h"	8	2.93592583781978	0	0	0	0.55448717948718	-Inf	"SD"	NA	NA
"ECK120003418"	"essQ"	"-"	1638394	1638609	216	"M-C1h"	5	2.6504886035873	0	0	0	0.634259259259259	-Inf	"SD"	NA	NA
"ECK120003420"	"ydfU"	"-"	1641279	1642328	1050	"M-C1h"	0	0	3	191	0	0	NA	"NO"	NA	NA
"ECK120003425"	"insD"	"+"	1648905	1649561	657	"M-C1h"	0	0	1	59	0	0	NA	"NO"	NA	NA
"ECK120003428"	"rspA"	"-"	1651951	1653165	1215	"M-C1h"	6	0.565437568765291	6	132	0	0.297119341563786	-Inf	"SD"	NA	NA
"ECK120003434"	"ynfE"	"+"	1656093	1658519	2427	"M-C1h"	8	0	3	76	0	0.213844252163164	NA	"NO"	2	2.22222222222222
"ECK120003435"	"ynfF"	"+"	1658580	1661003	2424	"M-C1h"	26	1.22814719453352	3	142	0	0.441419141914191	-Inf	"SD"	6	6.66666666666667
"ECK120003436"	"ynfG"	"+"	1661014	1661631	618	"M-C1h"	3	0.555830619781415	0	0	0	0.328478964401294	-Inf	"SD"	1	4.34782608695652
"ECK120003437"	"ynfH"	"+"	1661633	1662487	855	"M-C1h"	33	4.41934099798136	0	0	0	0.719298245614035	-Inf	"SD"	NA	NA
"ECK120003438"	"dmsD"	"+"	1662530	1663144	615	"M-C1h"	17	3.16507126906425	0	0	0	0.765853658536585	-Inf	"SD"	3	13.0434782608696
"ECK120003441"	"mlc"	"-"	1665368	1666588	1221	"M-C1h"	229	21.4748187203673	5	100	0	1	-Inf	"SD"	NA	NA
"ECK120003450"	"ydgI"	"+"	1677581	1678963	1383	"M-C1h"	11	0.910710183965789	0	0	0	0.286334056399132	-Inf	"SD"	NA	NA
"ECK120003456"	"uidR"	"-"	1694486	1695076	591	"M-C1h"	84	16.2742691111635	0	0	0	1	-Inf	"SD"	4	18.1818181818182
"ECK120003458"	"cnu"	"+"	1702973	1703188	216	"M-C1h"	2	0	0	0	0	0.0648148148148148	NA	"NO"	NA	NA
"ECK120003459"	"ydgK"	"+"	1703274	1703714	441	"M-C1h"	9	2.33675729948921	1	100	0	0.528344671201814	-Inf	"SD"	NA	NA
"ECK120003460"	"rsxA"	"+"	1703791	1704372	582	"M-C1h"	5	0.98368649205302	0	0	0	0.656357388316151	-Inf	"SD"	NA	NA
"ECK120003461"	"rsxB"	"+"	1704372	1704950	579	"M-C1h"	4	0.791026650604293	0	0	0	0.364421416234888	-Inf	"SD"	NA	NA
"ECK120003462"	"rsxC"	"+"	1704943	1707165	2223	"M-C1h"	5	0	7	119	50.4201680672269	0.148448043184885	Inf	"AD"	NA	NA
"ECK120003463"	"rsxD"	"+"	1707166	1708224	1059	"M-C1h"	2	0	0	0	0	0.109537299338999	NA	"NO"	NA	NA
"ECK120003464"	"rsxG"	"+"	1708228	1708848	621	"M-C1h"	2	0	0	0	0	0.122383252818035	NA	"NO"	NA	NA
"ECK120003465"	"rsxE"	"+"	1708852	1709547	696	"M-C1h"	4	0.658052342959606	0	0	0	0.288793103448276	-Inf	"SD"	NA	NA
"ECK120003466"	"tppB"	"+"	1710793	1712295	1503	"M-C1h"	11	0.837998792032393	1	59	0	0.411842980705256	-Inf	"SD"	NA	NA
"ECK120003473"	"ydhJ"	"+"	1719288	1720145	858	"M-C1h"	6	0.800707046678122	3	100	0	0.285547785547786	-Inf	"SD"	2	6.45161290322581
"ECK120003476"	"ydhF"	"-"	1722760	1723656	897	"M-C1h"	203	25.9127367424963	1	90	0	1	-Inf	"SD"	6	17.6470588235294
"ECK120003479"	"nemA"	"+"	1724683	1725780	1098	"M-C1h"	17	1.77278582010429	2	76	0	0.60200364298725	-Inf	"SD"	2	5
"ECK120003480"	"gloA"	"+"	1725861	1726268	408	"M-C1h"	114	31.992956556242	0	0	0	1	-Inf	"SD"	7	46.6666666666667
"ECK120003484"	"ydhR"	"+"	1744724	1745029	306	"M-C1h"	316	118.242973938859	1	100	0	1	-Inf	"SD"	4	36.3636363636364
"ECK120003487"	"ydhU"	"-"	1747587	1748372	786	"M-C1h"	15	2.18513564265213	0	0	0	0.688295165394402	-Inf	"SD"	NA	NA
"ECK120003488"	"ydhX"	"-"	1748369	1749088	720	"M-C1h"	1	0	1	54	0	0.105555555555556	NA	"NO"	NA	NA
"ECK120003489"	"ydhW"	"-"	1749101	1749748	648	"M-C1h"	3	0	0	0	0	0.192901234567901	NA	"NO"	NA	NA
"ECK120003490"	"ydhV"	"-"	1749752	1751854	2103	"M-C1h"	17	0.925591455289831	0	0	0	0.367094626723728	-Inf	"SD"	NA	NA
"ECK120003491"	"ydhY"	"-"	1751875	1752501	627	"M-C1h"	3	0	0	0	0	0.103668261562998	NA	"NO"	NA	NA
"ECK120003494"	"sufE"	"-"	1756898	1757314	417	"M-C1h"	8	2.19666393621048	0	0	0	0.60431654676259	-Inf	"SD"	NA	NA
"ECK120003495"	"sufS"	"-"	1757327	1758547	1221	"M-C1h"	17	1.59420051635914	0	0	0	0.619164619164619	-Inf	"SD"	NA	NA
"ECK120003496"	"sufD"	"-"	1758544	1759815	1272	"M-C1h"	23	2.07038166393423	0	0	0	0.627358490566038	-Inf	"SD"	NA	NA
"ECK120003497"	"sufC"	"-"	1759790	1760536	747	"M-C1h"	11	1.68609395505313	0	0	0	0.468540829986613	-Inf	"SD"	1	3.57142857142857
"ECK120003498"	"sufB"	"-"	1760546	1762033	1488	"M-C1h"	46	3.53968478027466	0	0	0	0.69489247311828	-Inf	"SD"	NA	NA
"ECK120003499"	"ydiH"	"-"	1762958	1763227	270	"M-C1h"	0	0	2	107	0	0	NA	"NO"	NA	NA
"ECK120003500"	"menI"	"-"	1763246	1763656	411	"M-C1h"	98	27.3019672801635	0	0	0	0.927007299270073	-Inf	"SD"	1	6.66666666666667
"ECK120003503"	"ydiL"	"+"	1768639	1768995	357	"M-C1h"	57	18.2816894607097	1	76	0	0.963585434173669	-Inf	"SD"	NA	NA
"ECK120003504"	"ydiM"	"+"	1769095	1770309	1215	"M-C1h"	13	0	1	75	0	0.184362139917695	NA	"NO"	NA	NA
"ECK120003505"	"ydiN"	"+"	1770536	1771801	1266	"M-C1h"	0	0	0	0	0	0	NA	"NO"	NA	NA
"ECK120003509"	"ydiR"	"+"	1778425	1779363	939	"M-C1h"	2	0	0	0	0	0.160809371671991	NA	"NO"	NA	NA
"ECK120003510"	"ydiS"	"+"	1779419	1780708	1290	"M-C1h"	4	0	0	0	0	0.213178294573643	NA	"NO"	NA	NA
"ECK120003511"	"ydiT"	"+"	1780705	1780998	294	"M-C1h"	0	0	1	76	0	0	NA	"NO"	NA	NA
"ECK120003513"	"ydiV"	"-"	1789331	1790044	714	"M-C1h"	22	3.52804533452293	0	0	0	0.949579831932773	-Inf	"SD"	NA	NA
"ECK120003515"	"arpB_2"	"+"	1801602	1803017	1416	"M-C1h"	0	0	1	100	0	0	NA	"NO"	NA	NA
"ECK120003517"	"ydiZ"	"+"	1805424	1805714	291	"M-C1h"	60	23.6084758092725	2	108	0	1	-Inf	"SD"	NA	NA
"ECK120003521"	"ydjM"	"+"	1808235	1808825	591	"M-C1h"	2	0.387482597884844	1	72	0	0.250423011844332	-Inf	"SD"	NA	NA
"ECK120003527"	"spy"	"-"	1823164	1823649	486	"M-C1h"	107	25.2090916074526	0	0	0	1	-Inf	"SD"	NA	NA
"ECK120003528"	"astE"	"-"	1823979	1824947	969	"M-C1h"	250	29.541049451747	0	0	0	0.956656346749226	-Inf	"SD"	NA	NA
"ECK120003529"	"astB"	"-"	1824940	1826283	1344	"M-C1h"	156	13.2903071408449	0	0	0	1	-Inf	"SD"	NA	NA
"ECK120003530"	"astD"	"-"	1826280	1827758	1479	"M-C1h"	256	19.8189882114893	0	0	0	0.998647734956051	-Inf	"SD"	NA	NA
"ECK120003531"	"astA"	"-"	1827755	1828789	1035	"M-C1h"	280	30.9761450714899	0	0	0	1	-Inf	"SD"	NA	NA
"ECK120003533"	"ydjX"	"+"	1831425	1832135	711	"M-C1h"	0	0	22	377	45.0928381962865	0	Inf	"AD"	NA	NA
"ECK120003534"	"ydjY"	"+"	1832140	1832817	678	"M-C1h"	3	0	0	0	0	0.228613569321534	NA	"NO"	2	8.33333333333333
"ECK120003535"	"ydjZ"	"+"	1832832	1833539	708	"M-C1h"	2	0	0	0	0	0.248587570621469	NA	"NO"	NA	NA
"ECK120003536"	"ynjA"	"+"	1833539	1834087	549	"M-C1h"	5	1.04281518829664	0	0	0	0.38615664845173	-Inf	"SD"	NA	NA
"ECK120003537"	"ynjB"	"+"	1834097	1835263	1167	"M-C1h"	8	0	0	0	0	0.231362467866324	NA	"NO"	3	6.97674418604651
"ECK120003538"	"ynjC"	"+"	1835281	1836771	1491	"M-C1h"	1	0	1	76	0	0.00134138162307176	NA	"NO"	NA	NA
"ECK120003539"	"ynjD"	"+"	1836771	1837424	654	"M-C1h"	4	0.700312585168021	0	0	0	0.345565749235474	-Inf	"SD"	NA	NA
"ECK120003545"	"ydjF"	"-"	1852120	1852878	759	"M-C1h"	46	6.93946107121039	1	61	0	0.902503293807642	-Inf	"SD"	4	14.2857142857143
"ECK120003546"	"ydjG"	"-"	1853015	1853995	981	"M-C1h"	9	1.05046887775203	0	0	0	0.443425076452599	-Inf	"SD"	NA	NA
"ECK120003547"	"ydjH"	"-"	1854005	1854952	948	"M-C1h"	2	0	0	0	0	0.136075949367089	NA	"NO"	NA	NA
"ECK120003548"	"ydjI"	"-"	1854957	1855793	837	"M-C1h"	3	0	0	0	0	0.113500597371565	NA	"NO"	NA	NA
"ECK120003549"	"ydjJ"	"-"	1855814	1856857	1044	"M-C1h"	3	0	0	0	0	0.0957854406130268	NA	"NO"	NA	NA
"ECK120003550"	"ydjK"	"-"	1856874	1858253	1380	"M-C1h"	4	0	0	0	0	0.152173913043478	NA	"NO"	NA	NA
"ECK120003551"	"ydjL"	"-"	1858280	1859356	1077	"M-C1h"	4	0	0	0	0	0.218198700092851	NA	"NO"	NA	NA
"ECK120003552"	"yeaC"	"-"	1859726	1859998	273	"M-C1h"	1486	623.255113571457	0	0	0	1	-Inf	"SD"	NA	NA
"ECK120003557"	"yeaH"	"+"	1866979	1868262	1284	"M-C1h"	248	22.1154787409602	6	100	60	0.978971962616822	-4.20395016211688	"SD"	NA	NA
"ECK120003558"	"yeaI"	"+"	1868409	1869884	1476	"M-C1h"	1	0	0	0	0	0.0514905149051491	NA	"NO"	NA	NA
"ECK120003569"	"yoaG"	"-"	1877427	1877609	183	"M-C1h"	3	1.87706733893396	1	100	0	0.60655737704918	-Inf	"SD"	NA	NA
"ECK120003570"	"yeaR"	"-"	1877613	1877972	360	"M-C1h"	6	1.90835179458286	0	0	0	0.397222222222222	-Inf	"SD"	NA	NA
"ECK120003571"	"leuE"	"-"	1878145	1878783	639	"M-C1h"	6	1.07512777159598	2	103	0	0.367762128325509	-Inf	"SD"	NA	NA
"ECK120003574"	"yeaV"	"+"	1881212	1882657	1446	"M-C1h"	1	0	0	0	0	0.0691562932226833	NA	"NO"	NA	NA
"ECK120003575"	"yeaW"	"+"	1882689	1883813	1125	"M-C1h"	3	0	0	0	0	0.138666666666667	NA	"NO"	NA	NA
"ECK120003577"	"yeaY"	"-"	1887975	1888556	582	"M-C1h"	329	64.7265711770887	2	51	0	1	-Inf	"SD"	2	9.52380952380952
"ECK120003578"	"tsaB"	"-"	1888596	1889291	696	"M-C1h"	7	1.15159160017931	0	0	0	0.600574712643678	-Inf	"SD"	5	20
"ECK120003585"	"yobD"	"+"	1902825	1903283	459	"M-C1h"	9	2.24511975833277	1	98	0	0.673202614379085	-Inf	"SD"	NA	NA
"ECK120003587"	"yobF"	"-"	1905472	1905615	144	"M-C1h"	730	580.457004185619	0	0	0	1	-Inf	"SD"	NA	NA
"ECK120003588"	"yebO"	"-"	1906285	1906572	288	"M-C1h"	14	5.56602606753334	0	0	0	0.975694444444444	-Inf	"SD"	NA	NA
"ECK120003594"	"yebT"	"+"	1915534	1918167	2634	"M-C1h"	28	1.21717198743326	5	100	0	0.494305239179954	-Inf	"SD"	NA	NA
"ECK120003595"	"rsmF"	"+"	1918247	1919686	1440	"M-C1h"	9	0	1	95	0	0.227083333333333	NA	"NO"	4	7.54716981132075
"ECK120003596"	"yebV"	"+"	1919804	1920040	237	"M-C1h"	32	15.4600651713042	5	185	0	1	-Inf	"SD"	NA	NA
"ECK120003599"	"yebY"	"-"	1921389	1921730	342	"M-C1h"	157	52.5633739911419	2795	610	4581.96721311475	1	3.41071849415136	"AD"	2	16.6666666666667
"ECK120003600"	"yebZ"	"-"	1921743	1922615	873	"M-C1h"	63	8.26296653324536	0	0	0	0.855670103092783	-Inf	"SD"	NA	NA
"ECK120003602"	"yobB"	"+"	1923464	1924120	657	"M-C1h"	24	4.18268886483914	3	116	0	0.838660578386606	-Inf	"SD"	NA	NA
"ECK120003606"	"yecN"	"+"	1950290	1950685	396	"M-C1h"	41	11.8549126633178	0	0	0	0.964646464646465	-Inf	"SD"	NA	NA
"ECK120003607"	"cmoA"	"+"	1950726	1951469	744	"M-C1h"	6	0.923396029636867	1	36	0	0.344086021505376	-Inf	"SD"	2	7.14285714285714
"ECK120003610"	"torY"	"-"	1955056	1956156	1101	"M-C1h"	12	1.24796847602149	0	0	0	0.348773841961853	-Inf	"SD"	NA	NA
"ECK120003611"	"cutC"	"-"	1956544	1956984	441	"M-C1h"	242	62.8328073862655	0	0	0	0.884353741496599	-Inf	"SD"	2	7.40740740740741
"ECK120003615"	"flhB"	"-"	1963067	1964215	1149	"M-C1h"	5	0	0	0	0	0.10443864229765	NA	"NO"	NA	NA
"ECK120003616"	"insB-5"	"-"	1976542	1977045	504	"M-C1h"	0	0	0	0	0	0	NA	"NO"	NA	NA
"ECK120003623"	"yecS"	"-"	1995835	1996503	669	"M-C1h"	17	2.90959466438642	0	0	0	0.753363228699552	-Inf	"SD"	NA	NA
"ECK120003624"	"dcyD"	"-"	1996518	1997504	987	"M-C1h"	52	6.03247983697925	2	100	0	0.887537993920973	-Inf	"SD"	3	8.57142857142857
"ECK120003625"	"fliY"	"-"	1997609	1998409	801	"M-C1h"	737	105.352454876971	0	0	0	1	-Inf	"SD"	25	86.2068965517241
"ECK120003628"	"yedN_1"	"-"	2009573	2009893	321	"M-C1h"	0	0	0	0	0	0	NA	"NO"	NA	NA
"ECK120003636"	"yodC"	"-"	2026212	2026394	183	"M-C1h"	49	30.6587665359213	0	0	0	1	-Inf	"SD"	NA	NA
"ECK120003638"	"yedS_1"	"+"	2032075	2032560	486	"M-C1h"	8	1.8847918958843	0	0	0	0.452674897119342	-Inf	"SD"	NA	NA
"ECK120003639"	"yedS_2"	"+"	2032570	2032779	210	"M-C1h"	5	2.72621684940408	1	100	0	0.79047619047619	-Inf	"SD"	NA	NA
"ECK120003640"	"yedS_3"	"+"	2032863	2033267	405	"M-C1h"	9	2.54446905944381	7	123	0	0.553086419753086	-Inf	"SD"	NA	NA
"ECK120003645"	"yedY"	"+"	2037502	2038506	1005	"M-C1h"	39	4.44332656649143	1	100	0	0.73134328358209	-Inf	"SD"	NA	NA
"ECK120003646"	"yedZ"	"+"	2038507	2039142	636	"M-C1h"	4	0.720132752672777	2	76	0	0.460691823899371	-Inf	"SD"	NA	NA
"ECK120003647"	"zinT"	"+"	2039399	2040049	651	"M-C1h"	1	0	1	58	0	0.0675883256528418	NA	"NO"	NA	NA
"ECK120003665"	"yeeP"	"+"	2068810	2069235	426	"M-C1h"	4	1.07512777159598	26	443	58.6907449209932	0.457746478873239	2.27400349879346	"AD"	NA	NA
"ECK120003666"	"flu"	"+"	2069563	2072682	3120	"M-C1h"	2313	84.8849557859644	7	176	0	1	-Inf	"SD"	27	25.2336448598131
"ECK120003667"	"yeeR"	"+"	2072803	2074335	1533	"M-C1h"	33	2.46479879535164	2	76	0	0.524461839530333	-Inf	"SD"	3	5.26315789473684
"ECK120003668"	"yeeS"	"+"	2074332	2074778	447	"M-C1h"	11	2.81770063629684	1	96	0	0.476510067114094	-Inf	"SD"	NA	NA
"ECK120003669"	"yeeT"	"+"	2074841	2075062	222	"M-C1h"	0	0	13	220	59.0909090909091	0	Inf	"AD"	NA	NA
"ECK120003670"	"cbeA"	"+"	2075136	2075504	369	"M-C1h"	0	0	7	295	0	0	NA	"NO"	NA	NA
"ECK120003671"	"cbtA"	"+"	2075593	2075967	375	"M-C1h"	0	0	1	68	0	0	NA	"NO"	NA	NA
"ECK120003672"	"yeeW"	"+"	2075964	2076158	195	"M-C1h"	11	6.45903684320352	1	68	0	0.805128205128205	-Inf	"SD"	NA	NA
"ECK120003674"	"yeeY"	"-"	2085353	2086282	930	"M-C1h"	76	9.35707976698692	0	0	0	0.962365591397849	-Inf	"SD"	NA	NA
"ECK120003675"	"yeeZ"	"-"	2086328	2087152	825	"M-C1h"	319	44.2737616343223	1	100	0	1	-Inf	"SD"	9	30
"ECK120003677"	"ugd"	"-"	2096471	2097637	1167	"M-C1h"	4	0	11	254	31.496062992126	0.196229648671808	Inf	"AD"	NA	NA
"ECK120003678"	"insH-7"	"-"	2099919	2100935	1017	"M-C1h"	5	0	0	0	0	0.168141592920354	NA	"NO"	NA	NA
"ECK120003679"	"galF"	"-"	2111458	2112351	894	"M-C1h"	404	51.7432298665419	1	76	0	1	-Inf	"SD"	24	72.7272727272727
"ECK120003680"	"wcaM"	"-"	2112526	2113920	1395	"M-C1h"	29	2.38030976528615	1	81	0	0.372043010752688	-Inf	"SD"	NA	NA
"ECK120003681"	"wcaL"	"-"	2113931	2115151	1221	"M-C1h"	1	0	1	76	0	0.0581490581490582	NA	"NO"	NA	NA
"ECK120003682"	"wcaK"	"-"	2115148	2116428	1281	"M-C1h"	1	0	0	0	0	0.0546448087431694	NA	"NO"	NA	NA
"ECK120003683"	"wzxC"	"-"	2116704	2118182	1479	"M-C1h"	1	0	3	71	0	0.00878972278566599	NA	"NO"	NA	NA
"ECK120003684"	"wcaJ"	"-"	2118184	2119578	1395	"M-C1h"	0	0	0	0	0	0	NA	"NO"	NA	NA
"ECK120003685"	"wcaF"	"-"	2126364	2126912	549	"M-C1h"	1	0	1	76	0	0.12568306010929	NA	"NO"	NA	NA
"ECK120003686"	"wcaE"	"-"	2126928	2127674	747	"M-C1h"	0	0	0	0	0	0	NA	"NO"	NA	NA
"ECK120003687"	"wcaD"	"-"	2127685	2128902	1218	"M-C1h"	2	0	0	0	0	0.122331691297209	NA	"NO"	NA	NA
"ECK120003688"	"wcaC"	"-"	2128877	2130094	1218	"M-C1h"	2	0	0	0	0	0.0886699507389163	NA	"NO"	NA	NA
"ECK120003689"	"wcaB"	"-"	2130091	2130579	489	"M-C1h"	0	0	2	88	0	0	NA	"NO"	NA	NA
"ECK120003690"	"wcaA"	"-"	2130582	2131421	840	"M-C1h"	0	0	2	100	0	0	NA	"NO"	NA	NA
"ECK120003691"	"wzc"	"-"	2131514	2133676	2163	"M-C1h"	3	0	1	100	0	0.067036523347203	NA	"NO"	NA	NA
"ECK120003692"	"wzb"	"-"	2133679	2134122	444	"M-C1h"	1	0	0	0	0	0.119369369369369	NA	"NO"	NA	NA
"ECK120003698"	"yegL"	"-"	2150493	2151152	660	"M-C1h"	0	0	1	100	0	0	NA	"NO"	NA	NA
"ECK120003700"	"mdtB"	"+"	2153287	2156409	3123	"M-C1h"	6	0	2	76	0	0.120717259045789	NA	"NO"	NA	NA
"ECK120003701"	"mdtC"	"+"	2156410	2159487	3078	"M-C1h"	2	0	0	0	0	0.041585445094217	NA	"NO"	NA	NA
"ECK120003702"	"yegP"	"+"	2163213	2163545	333	"M-C1h"	151	51.9209226994615	0	0	0	0.912912912912913	-Inf	"SD"	0	0
"ECK120003703"	"yegQ"	"+"	2163692	2165053	1362	"M-C1h"	12	1.00882033193807	3	76	0	0.416299559471366	-Inf	"SD"	5	9.80392156862745
"ECK120003705"	"yegZ"	"-"	2165626	2165844	219	"M-C1h"	1	0.522836108104893	0	0	0	0.34703196347032	-Inf	"SD"	NA	NA
"ECK120003706"	""	"-"	2165759	2166025	267	"M-C1h"	9	3.85958789915634	0	0	0	0.50936329588015	-Inf	"SD"	NA	NA
"ECK120003711"	"gatZ"	"-"	2173081	2174343	1263	"M-C1h"	9733	882.374727633015	1	76	0	1	-Inf	"SD"	24	51.063829787234
"ECK120003714"	"yegU"	"+"	2178117	2179121	1005	"M-C1h"	11	1.25324595465143	0	0	0	0.376119402985075	-Inf	"SD"	NA	NA
"ECK120003717"	"yegX"	"-"	2180855	2181673	819	"M-C1h"	25	3.49514980692831	1	72	0	0.594627594627595	-Inf	"SD"	NA	NA
"ECK120003718"	"thiD"	"-"	2181738	2182538	801	"M-C1h"	20	2.85895399937507	0	0	0	0.84394506866417	-Inf	"SD"	NA	NA
"ECK120003722"	"yeiS"	"+"	2231622	2231861	240	"M-C1h"	3	1.43126384593714	1	76	0	0.5375	-Inf	"SD"	NA	NA
"ECK120003723"	"preT"	"+"	2232055	2233293	1239	"M-C1h"	2310	213.476641427913	3	101	0	1	-Inf	"SD"	10	22.7272727272727
"ECK120003724"	"lpxT"	"+"	2266876	2267589	714	"M-C1h"	0	0	1	67	0	0	NA	"NO"	NA	NA
"ECK120003725"	"mepS"	"+"	2268001	2268567	567	"M-C1h"	456	92.0855469132046	1	59	0	1	-Inf	"SD"	NA	NA
"ECK120003726"	"rtn"	"+"	2268748	2270304	1557	"M-C1h"	24	1.76494963660842	3	63	0	0.602440590879897	-Inf	"SD"	NA	NA
"ECK120003730"	"yfaQ"	"-"	2326170	2327819	1650	"M-C1h"	0	0	0	0	0	0	NA	"NO"	NA	NA
"ECK120003731"	"yfaS_2"	"-"	2327820	2328305	486	"M-C1h"	1	0	0	0	0	0.205761316872428	NA	"NO"	NA	NA
"ECK120003732"	"yfaS_1"	"-"	2328321	2332424	4104	"M-C1h"	3	0	27	114	219.298245614035	0.0387426900584795	Inf	"AD"	NA	NA
"ECK120003733"	"yfaT"	"-"	2332358	2332981	624	"M-C1h"	0	0	0	0	0	0	NA	"NO"	NA	NA
"ECK120003735"	"yfaV"	"-"	2356885	2358174	1290	"M-C1h"	7	0.621323840096745	0	0	0	0.344186046511628	-Inf	"SD"	NA	NA
"ECK120003736"	"yfaW"	"-"	2358231	2359448	1218	"M-C1h"	140	13.1610468591921	0	0	0	1	-Inf	"SD"	NA	NA
"ECK120003737"	"yfaX"	"-"	2359451	2360233	783	"M-C1h"	45	6.58052342959606	0	0	0	0.923371647509579	-Inf	"SD"	NA	NA
"ECK120003738"	"yfaY"	"-"	2360453	2361655	1203	"M-C1h"	103	9.80350298464012	2	35	0	0.953449709060682	-Inf	"SD"	3	6.81818181818182
"ECK120003743"	"arnC"	"+"	2365093	2366061	969	"M-C1h"	1	0	1	76	0	0.0784313725490196	NA	"NO"	NA	NA
"ECK120003744"	"arnA"	"+"	2366061	2368043	1983	"M-C1h"	17	0.981603041086493	2	52	0	0.345436207766011	-Inf	"SD"	NA	NA
"ECK120003745"	"arnD"	"+"	2368040	2368930	891	"M-C1h"	8	1.02806830684598	0	0	0	0.538720538720539	-Inf	"SD"	NA	NA
"ECK120003746"	"arnT"	"+"	2368930	2370582	1653	"M-C1h"	14	0	0	0	0	0.197822141560799	NA	"NO"	NA	NA
"ECK120003749"	"elaB"	"-"	2378744	2379049	306	"M-C1h"	143	53.5086875735978	0	0	0	1	-Inf	"SD"	NA	NA
"ECK120003762"	"yfbT"	"-"	2409461	2410111	651	"M-C1h"	236	41.5088500941525	0	0	0	1	-Inf	"SD"	7	30.4347826086957
"ECK120003763"	"yfbU"	"-"	2410122	2410616	495	"M-C1h"	436	100.853500901591	0	0	0	1	-Inf	"SD"	18	90
"ECK120003767"	"yfcE"	"-"	2417256	2417810	555	"M-C1h"	55	11.3469566164386	1	100	0	1	-Inf	"SD"	2	10
"ECK120003770"	"folX"	"+"	2419347	2419709	363	"M-C1h"	879	277.263012799724	0	0	0	1	-Inf	"SD"	5	35.7142857142857
"ECK120003776"	"epmC"	"-"	2442225	2442773	549	"M-C1h"	28	5.83976505446121	1	100	0	0.918032786885246	-Inf	"SD"	NA	NA
"ECK120003779"	"yfcP"	"-"	2448073	2448612	540	"M-C1h"	2	0.424078176573969	1	70	0	0.281481481481481	-Inf	"SD"	NA	NA
"ECK120003780"	"yfcQ"	"-"	2448609	2449097	489	"M-C1h"	0	0	0	0	0	0	NA	"NO"	NA	NA
"ECK120003781"	"yfcR"	"-"	2449094	2449606	513	"M-C1h"	0	0	0	0	0	0	NA	"NO"	NA	NA
"ECK120003782"	"yfcS"	"-"	2449606	2450358	753	"M-C1h"	0	0	0	0	0	0	NA	"NO"	NA	NA
"ECK120003783"	"yfcT"	"-"	2450378	2451274	897	"M-C1h"	0	0	0	0	0	0	NA	"NO"	NA	NA
"ECK120003784"	"yfcU"	"-"	2451287	2453023	1737	"M-C1h"	27	1.77980996385966	2	47	0	0.393782383419689	-Inf	"SD"	NA	NA
"ECK120003785"	"yfcV"	"-"	2453105	2453668	564	"M-C1h"	2	0	0	0	0	0.223404255319149	NA	"NO"	NA	NA
"ECK120003786"	"sixA"	"-"	2454349	2454834	486	"M-C1h"	497	117.092696531812	0	0	0	1	-Inf	"SD"	NA	NA
"ECK120003787"	"fadJ"	"-"	2455037	2457181	2145	"M-C1h"	3512	187.472209862238	0	0	0	1	-Inf	"SD"	4	5.19480519480519
"ECK120003788"	"fadI"	"-"	2457181	2458491	1311	"M-C1h"	3347	292.322812653036	0	0	0	1	-Inf	"SD"	2	4.25531914893617
"ECK120003793"	"intS"	"+"	2464567	2465724	1158	"M-C1h"	9	0.88990498192983	23	114	192.982456140351	0.450777202072539	2.30578031561076	"AD"	NA	NA
"ECK120003794"	"yfdG"	"+"	2465877	2466239	363	"M-C1h"	3	0.946290146074145	1	68	0	0.435261707988981	-Inf	"SD"	NA	NA
"ECK120003795"	"yfdH"	"+"	2466236	2467156	921	"M-C1h"	8	0.994580739847744	3	100	0	0.369163952225841	-Inf	"SD"	5	14.2857142857143
"ECK120003796"	"yfdI"	"+"	2467153	2468484	1332	"M-C1h"	2	0	0	0	0	0.0728228228228228	NA	"NO"	4	7.84313725490196
"ECK120003799"	"yfdL"	"-"	2469566	2470084	519	"M-C1h"	1	0	1	76	0	0.192678227360308	NA	"NO"	NA	NA
"ECK120003800"	"yfdM"	"-"	2470134	2470409	276	"M-C1h"	0	0	0	0	0	0	NA	"NO"	NA	NA
"ECK120003801"	"yfdN"	"-"	2470409	2470903	495	"M-C1h"	0	0	0	0	0	0	NA	"NO"	NA	NA
"ECK120003804"	"yfdQ"	"+"	2472054	2472878	825	"M-C1h"	2	0	1	100	0	0.101818181818182	NA	"NO"	NA	NA
"ECK120003805"	"yfdR"	"+"	2473006	2473542	537	"M-C1h"	0	0	5	93	0	0	NA	"NO"	NA	NA
"ECK120003806"	"yfdS"	"+"	2473533	2473895	363	"M-C1h"	0	0	0	0	0	0	NA	"NO"	NA	NA
"ECK120003807"	"yfdT"	"+"	2473895	2474200	306	"M-C1h"	5	1.87093313194398	1	100	0	0.787581699346405	-Inf	"SD"	NA	NA
"ECK120003810"	"yfdV"	"-"	2487264	2488208	945	"M-C1h"	0	0	3	76	0	0	NA	"NO"	NA	NA
"ECK120003811"	"oxc"	"-"	2488278	2489972	1695	"M-C1h"	5	0	0	0	0	0.12330383480826	NA	"NO"	NA	NA
"ECK120003812"	"frc"	"-"	2490026	2491276	1251	"M-C1h"	0	0	0	0	0	0	NA	"NO"	NA	NA
"ECK120003819"	"ypdB"	"+"	2498405	2499139	735	"M-C1h"	52	8.10075863822928	2	90	0	0.895238095238095	-Inf	"SD"	1	3.44827586206897
"ECK120003822"	"ypdE"	"-"	2502532	2503569	1038	"M-C1h"	4	0.441237409152106	2	159	0	0.265895953757225	-Inf	"SD"	NA	NA
"ECK120003823"	"ypdF"	"-"	2503569	2504654	1086	"M-C1h"	8	0.843470406445462	0	0	0	0.343462246777164	-Inf	"SD"	NA	NA
"ECK120003824"	"fryC"	"-"	2504669	2505916	1248	"M-C1h"	5	0	1	76	0	0.16025641025641	NA	"NO"	NA	NA
"ECK120003825"	"fryB"	"-"	2505938	2506264	327	"M-C1h"	11	3.85171921842412	0	0	0	0.798165137614679	-Inf	"SD"	NA	NA
"ECK120003832"	"zipA"	"-"	2528269	2529255	987	"M-C1h"	486	56.3804846302291	1	54	0	1	-Inf	"SD"	1	2.77777777777778
"ECK120003838"	"murP"	"+"	2544695	2546119	1425	"M-C1h"	120	9.64219854105023	10	227	0	0.767719298245614	-Inf	"SD"	NA	NA
"ECK120003841"	"yfeY"	"-"	2548663	2549238	576	"M-C1h"	49	9.74054561818334	0	0	0	1	-Inf	"SD"	4	19.047619047619
"ECK120003842"	"yfeZ"	"-"	2549299	2549748	450	"M-C1h"	10	2.54446905944381	0	0	0	0.377777777777778	-Inf	"SD"	NA	NA
"ECK120003844"	"eutK"	"-"	2553250	2553750	501	"M-C1h"	58	13.2556172557851	0	0	0	0.922155688622755	-Inf	"SD"	NA	NA
"ECK120003845"	"eutL"	"-"	2553763	2554422	660	"M-C1h"	22	3.81670358916572	2	101	0	0.963636363636364	-Inf	"SD"	3	13.0434782608696
"ECK120003847"	"yffL"	"+"	2558279	2558920	642	"M-C1h"	461	82.2196427385699	1	79	0	0.961059190031153	-Inf	"SD"	NA	NA
"ECK120003848"	"yffM"	"+"	2559390	2559635	246	"M-C1h"	2	0.930903314430663	0	0	0	0.292682926829268	-Inf	"SD"	NA	NA
"ECK120003849"	"yffN"	"+"	2559632	2560015	384	"M-C1h"	3	0.894539903710715	0	0	0	0.299479166666667	-Inf	"SD"	NA	NA
"ECK120003850"	"yffO"	"+"	2560133	2560549	417	"M-C1h"	10	2.74582992026311	0	0	0	0.781774580335731	-Inf	"SD"	NA	NA
"ECK120003851"	"yffP"	"+"	2560546	2561139	594	"M-C1h"	14	2.69867930547071	0	0	0	0.755892255892256	-Inf	"SD"	NA	NA
"ECK120003852"	"yffQ"	"+"	2561599	2561991	393	"M-C1h"	57	16.6070308841562	0	0	0	1	-Inf	"SD"	NA	NA
"ECK120003853"	"yffR"	"+"	2562002	2562394	393	"M-C1h"	154	44.8681185291237	0	0	0	1	-Inf	"SD"	NA	NA
"ECK120003856"	"eutH"	"-"	2564903	2566129	1227	"M-C1h"	3	0	0	0	0	0.172779136104319	NA	"NO"	NA	NA
"ECK120003857"	"eutG"	"-"	2566346	2567533	1188	"M-C1h"	3	0	1	44	0	0.148148148148148	NA	"NO"	NA	NA
"ECK120003858"	"eutJ"	"-"	2567523	2568359	837	"M-C1h"	3	0	0	0	0	0.150537634408602	NA	"NO"	NA	NA
"ECK120003859"	"eutE"	"-"	2568370	2569773	1404	"M-C1h"	4	0	0	0	0	0.101139601139601	NA	"NO"	NA	NA
"ECK120003860"	"eutN"	"-"	2569785	2570072	288	"M-C1h"	2	0	0	0	0	0.15625	NA	"NO"	NA	NA
"ECK120003861"	"eutM"	"-"	2570179	2570472	294	"M-C1h"	52	20.2518965955732	6	112	53.5714285714286	0.914965986394558	-4.07695071215704	"SD"	NA	NA
"ECK120003862"	"eutD"	"-"	2570511	2571527	1017	"M-C1h"	29	0	2	56	0	0.215339233038348	NA	"NO"	NA	NA
"ECK120003863"	"eutT"	"-"	2571524	2572327	804	"M-C1h"	12	1.70897175634286	1	76	0	0.733830845771144	-Inf	"SD"	NA	NA
"ECK120003864"	"eutQ"	"-"	2572324	2573025	702	"M-C1h"	15	2.44660486484982	0	0	0	0.749287749287749	-Inf	"SD"	NA	NA
"ECK120003865"	"eutP"	"-"	2573000	2573479	480	"M-C1h"	11	2.62398371755143	0	0	0	0.76875	-Inf	"SD"	NA	NA
"ECK120003866"	"eutS"	"-"	2573492	2573827	336	"M-C1h"	15	5.11165659263266	0	0	0	0.976190476190476	-Inf	"SD"	NA	NA
"ECK120003870"	"tmcA"	"-"	2591866	2593881	2016	"M-C1h"	10	0	0	0	0	0.139384920634921	NA	"NO"	NA	NA
"ECK120003871"	"ypfJ"	"-"	2593896	2594759	864	"M-C1h"	108	14.3126384593714	3	81	0	0.983796296296296	-Inf	"SD"	NA	NA
"ECK120003872"	"hyfC"	"+"	2601869	2602816	948	"M-C1h"	0	0	5	142	0	0	NA	"NO"	NA	NA
"ECK120003873"	"hyfD"	"+"	2602833	2604272	1440	"M-C1h"	2	0	3	107	0	0.0819444444444444	NA	"NO"	NA	NA
"ECK120003874"	"hyfE"	"+"	2604284	2604934	651	"M-C1h"	2	0	1	71	0	0.144393241167435	NA	"NO"	NA	NA
"ECK120003875"	"hyfF"	"+"	2604939	2606519	1581	"M-C1h"	5	0	0	0	0	0.146110056925996	NA	"NO"	NA	NA
"ECK120003876"	"hyfG"	"+"	2606509	2608176	1668	"M-C1h"	12	0.823748976078932	2	100	0	0.351918465227818	-Inf	"SD"	NA	NA
"ECK120003877"	"hyfH"	"+"	2608186	2608731	546	"M-C1h"	0	0	0	0	0	0	NA	"NO"	NA	NA
"ECK120003878"	"hyfI"	"+"	2608728	2609486	759	"M-C1h"	1	0	5	77	0	0.0421607378129117	NA	"NO"	NA	NA
"ECK120003879"	"hyfJ"	"+"	2609479	2609892	414	"M-C1h"	2	0.553145447705176	0	0	0	0.309178743961353	-Inf	"SD"	NA	NA
"ECK120003880"	"hyfR"	"+"	2609922	2611934	2013	"M-C1h"	9	0.511927456072898	14	131	91.6030534351145	0.274217585692996	2.22902311662672	"AD"	NA	NA
"ECK120003888"	"yfgH"	"+"	2627814	2628332	519	"M-C1h"	0	0	2	99	0	0	NA	"NO"	NA	NA
"ECK120003892"	"bamB"	"-"	2635496	2636674	1179	"M-C1h"	284	27.5812676672535	2	102	0	1	-Inf	"SD"	3	7.14285714285714
"ECK120003893"	"yfgM"	"-"	2636685	2637305	621	"M-C1h"	197	36.3232177326399	0	0	0	0.972624798711755	-Inf	"SD"	18	81.8181818181818
"ECK120003894"	"pbpC"	"-"	2643035	2645347	2313	"M-C1h"	20	0.990065781884751	0	0	0	0.447470817120623	-Inf	"SD"	NA	NA
"ECK120003896"	"iscU"	"-"	2657925	2658311	387	"M-C1h"	11332	3352.78178856015	0	0	0	1	-Inf	"SD"	NA	NA
"ECK120003897"	"iscS"	"-"	2658339	2659553	1215	"M-C1h"	13997	1319.07160833463	0	0	0	1	-Inf	"SD"	28	62.2222222222222
"ECK120003898"	"iscR"	"-"	2659665	2660153	489	"M-C1h"	2651	620.74117882689	2	105	0	1	-Inf	"SD"	NA	NA
"ECK120003900"	"yfhR"	"+"	2662385	2663266	882	"M-C1h"	1	0	5	170	0	0.107709750566893	NA	"NO"	NA	NA
"ECK120003904"	"hcaC"	"+"	2668930	2669250	321	"M-C1h"	2	0	0	0	0	0.2398753894081	NA	"NO"	NA	NA
"ECK120003905"	"hcaB"	"+"	2669247	2670059	813	"M-C1h"	8	1.12670216654338	2	55	0	0.448954489544895	-Inf	"SD"	NA	NA
"ECK120003906"	"hcaD"	"+"	2670069	2671271	1203	"M-C1h"	39	3.71200598447539	1	93	0	0.631753948462178	-Inf	"SD"	NA	NA
"ECK120003909"	"yphC"	"-"	2672722	2673783	1062	"M-C1h"	27	2.91104511038063	0	0	0	0.888888888888889	-Inf	"SD"	NA	NA
"ECK120003910"	"yphD"	"-"	2673849	2674847	999	"M-C1h"	13	1.49000440417881	0	0	0	0.474474474474474	-Inf	"SD"	NA	NA
"ECK120003911"	"yphE"	"-"	2674872	2676383	1512	"M-C1h"	41	3.10485807848798	5	100	0	0.71494708994709	-Inf	"SD"	NA	NA
"ECK120003912"	"yphF"	"-"	2676406	2677389	984	"M-C1h"	41	4.77087948645714	2	88	0	0.894308943089431	-Inf	"SD"	NA	NA
"ECK120003915"	"glrK"	"-"	2687693	2689120	1428	"M-C1h"	27	2.16493690982089	2	118	0	0.534313725490196	-Inf	"SD"	NA	NA
"ECK120003917"	"rseC"	"-"	2705344	2705823	480	"M-C1h"	9	2.14689576890572	0	0	0	0.589583333333333	-Inf	"SD"	NA	NA
"ECK120003918"	"rseB"	"-"	2705820	2706776	957	"M-C1h"	311	37.2098688473523	2	100	0	0.990595611285266	-Inf	"SD"	2	5.55555555555556
"ECK120003919"	"yfiP"	"+"	2717245	2717943	699	"M-C1h"	3	0	7	222	31.5315315315315	0.237482117310443	Inf	"AD"	NA	NA
"ECK120003920"	"pka"	"+"	2717975	2720635	2661	"M-C1h"	1372	59.0362719767234	1	94	0	1	-Inf	"SD"	6	6.12244897959184
"ECK120003928"	"yfjI"	"+"	2757007	2758416	1410	"M-C1h"	1	0	0	0	0	0.0539007092198582	NA	"NO"	NA	NA
"ECK120003931"	"yfjL"	"-"	2761559	2763175	1617	"M-C1h"	47	3.3281088810907	9	172	40.6976744186046	0.721706864564007	-1.24927580571984	"SD"	NA	NA
"ECK120003934"	"rnlB"	"+"	2765006	2765377	372	"M-C1h"	74	22.777102064376	150	443	336.343115124153	0.731182795698925	0.387728126367782	"AD"	NA	NA
"ECK120003935"	"yfjP"	"+"	2765732	2766595	864	"M-C1h"	3	0	4	207	0	0.175925925925926	NA	"NO"	NA	NA
"ECK120003936"	"yfjQ"	"+"	2766687	2767508	822	"M-C1h"	2	0	0	0	0	0.156934306569343	NA	"NO"	NA	NA
"ECK120003937"	"yfjR"	"+"	2767725	2768426	702	"M-C1h"	2	0	3	118	0	0.146723646723647	NA	"NO"	NA	NA
"ECK120003938"	"ypjK"	"+"	2768467	2768703	237	"M-C1h"	0	0	0	0	0	0	NA	"NO"	NA	NA
"ECK120003939"	"yfjS"	"+"	2768703	2769146	444	"M-C1h"	4	1.03154151058533	0	0	0	0.268018018018018	-Inf	"SD"	NA	NA
"ECK120003942"	"ypjM_3"	"-"	2770189	2770707	519	"M-C1h"	6	1.32371222745632	3	185	0	0.518304431599229	-Inf	"SD"	NA	NA
"ECK120003943"	"ypjM_2"	"-"	2770858	2771058	201	"M-C1h"	1	0.569657252114286	0	0	0	0.358208955223881	-Inf	"SD"	NA	NA
"ECK120003946"	"yfjX"	"+"	2773941	2774399	459	"M-C1h"	0	0	2	55	0	0	NA	"NO"	NA	NA
"ECK120003947"	"yfjY"	"+"	2774408	2774890	483	"M-C1h"	0	0	1	100	0	0	NA	"NO"	NA	NA
"ECK120003948"	"yfjZ"	"+"	2775137	2775454	318	"M-C1h"	1	0	0	0	0	0.238993710691824	NA	"NO"	NA	NA
"ECK120003951"	"pinH"	"-"	2781087	2781230	144	"M-C1h"	0	0	0	0	0	0	NA	"NO"	NA	NA
"ECK120003952"	"ypjB"	"-"	2781660	2782451	792	"M-C1h"	1	0	2	104	0	0.095959595959596	NA	"NO"	NA	NA
"ECK120003958"	"ygaQ_2"	"+"	2784770	2785456	687	"M-C1h"	0	0	0	0	0	0	NA	"NO"	NA	NA
"ECK120003959"	"ygaQ_3"	"+"	2785664	2786260	597	"M-C1h"	2	0	0	0	0	0.190954773869347	NA	"NO"	NA	NA
"ECK120003960"	"ygaQ_4"	"+"	2786399	2786671	273	"M-C1h"	0	0	0	0	0	0	NA	"NO"	NA	NA
"ECK120003961"	"csiD"	"+"	2787007	2787984	978	"M-C1h"	382	44.7233365356228	0	0	0	1	-Inf	"SD"	NA	NA
"ECK120003968"	"nrdH"	"+"	2798745	2798990	246	"M-C1h"	4	1.86180662886133	0	0	0	0.313008130081301	-Inf	"SD"	NA	NA
"ECK120003969"	"nrdI"	"+"	2798987	2799397	411	"M-C1h"	4	1.11436601143525	0	0	0	0.457420924574209	-Inf	"SD"	NA	NA
"ECK120003970"	"ygaX"	"+"	2806338	2806604	267	"M-C1h"	0	0	3	142	0	0	NA	"NO"	NA	NA
"ECK120003971"	"ygaY"	"+"	2806634	2807515	882	"M-C1h"	0	0	4	100	0	0	NA	"NO"	NA	NA
"ECK120003972"	"ygaZ"	"+"	2807639	2808376	738	"M-C1h"	30	4.65451657215331	2	76	0	0.673441734417344	-Inf	"SD"	NA	NA
"ECK120003973"	"ygaH"	"+"	2808366	2808701	336	"M-C1h"	3	0	3	147	0	0.223214285714286	NA	"NO"	NA	NA
"ECK120003974"	"yqaA"	"-"	2814534	2814962	429	"M-C1h"	25	6.67255872231769	0	0	0	0.955710955710956	-Inf	"SD"	NA	NA
"ECK120003975"	"yqaB"	"-"	2814959	2815525	567	"M-C1h"	82	16.5592430852692	0	0	0	1	-Inf	"SD"	NA	NA
"ECK120003976"	"pncC"	"-"	2821871	2822368	498	"M-C1h"	37	8.50711040958623	0	0	0	0.823293172690763	-Inf	"SD"	8	44.4444444444444
"ECK120003983"	"ygbK"	"+"	2860357	2861523	1167	"M-C1h"	14	1.37362082900566	0	0	0	0.432733504712939	-Inf	"SD"	NA	NA
"ECK120003984"	"ygbL"	"+"	2861615	2862253	639	"M-C1h"	3	0	0	0	0	0.223787167449139	NA	"NO"	NA	NA
"ECK120003985"	"ygbM"	"+"	2862258	2863034	777	"M-C1h"	5	0.736815364703806	3	93	0	0.38996138996139	-Inf	"SD"	NA	NA
"ECK120003987"	"truD"	"-"	2868277	2869326	1050	"M-C1h"	189	20.6101993814949	0	0	0	0.893333333333333	-Inf	"SD"	5	12.8205128205128
"ECK120003988"	"ispD"	"-"	2869802	2870512	711	"M-C1h"	5	0	0	0	0	0.234880450070323	NA	"NO"	NA	NA
"ECK120003989"	"ftsB"	"-"	2870531	2870842	312	"M-C1h"	47	17.2485642971912	0	0	0	1	-Inf	"SD"	NA	NA
"ECK120003990"	"cas1"	"-"	2876877	2877794	918	"M-C1h"	48	5.98698602222073	0	0	0	0.868191721132898	-Inf	"SD"	NA	NA
"ECK120003991"	"casE"	"-"	2877810	2878409	600	"M-C1h"	17	3.24419805079086	3	103	0	0.671666666666667	-Inf	"SD"	NA	NA
"ECK120003992"	"casD"	"-"	2878396	2879070	675	"M-C1h"	31	5.25856938951721	2	65	0	0.65037037037037	-Inf	"SD"	NA	NA
"ECK120003993"	"casC"	"-"	2879073	2880164	1092	"M-C1h"	8	0.838835953662795	0	0	0	0.385531135531136	-Inf	"SD"	NA	NA
"ECK120003994"	"casB"	"-"	2880177	2880659	483	"M-C1h"	4	0.948249338923159	0	0	0	0.513457556935818	-Inf	"SD"	NA	NA
"ECK120003995"	"casA"	"-"	2880652	2882160	1509	"M-C1h"	2	0	2	100	0	0.0576540755467197	NA	"NO"	NA	NA
"ECK120003997"	"ygcN"	"+"	2890679	2891950	1272	"M-C1h"	86	7.74142709123235	0	0	0	0.687106918238994	-Inf	"SD"	NA	NA
"ECK120003998"	"ygcO"	"+"	2891941	2892201	261	"M-C1h"	7	3.0709109338115	0	0	0	0.827586206896552	-Inf	"SD"	NA	NA
"ECK120004001"	"ygcR"	"-"	2893798	2894577	780	"M-C1h"	0	0	0	0	0	0	NA	"NO"	NA	NA
"ECK120004002"	"ygcS"	"-"	2894555	2895892	1338	"M-C1h"	0	0	0	0	0	0	NA	"NO"	NA	NA
"ECK120004003"	"ygcU"	"-"	2895986	2897440	1455	"M-C1h"	4	0	0	0	0	0.218556701030928	NA	"NO"	NA	NA
"ECK120004009"	"gudX"	"-"	2917428	2918768	1341	"M-C1h"	177	15.113121594683	0	0	0	1	-Inf	"SD"	NA	NA
"ECK120004010"	"gudP"	"-"	2918770	2920122	1353	"M-C1h"	211	17.8564181222609	0	0	0	1	-Inf	"SD"	NA	NA
"ECK120004011"	"yqcA"	"-"	2920557	2921006	450	"M-C1h"	320	81.423009902202	3	100	0	1	-Inf	"SD"	1	6.25
"ECK120004012"	"truC"	"-"	2921024	2921806	783	"M-C1h"	71	10.3826036333627	0	0	0	0.779054916985951	-Inf	"SD"	2	6.66666666666667
"ECK120004013"	"yqcC"	"-"	2921806	2922135	330	"M-C1h"	10	3.4697305356052	0	0	0	0.696969696969697	-Inf	"SD"	2	15.3846153846154
"ECK120004022"	"rppH"	"-"	2966469	2966999	531	"M-C1h"	139	29.9729829883635	0	0	0	1	-Inf	"SD"	1	4.76190476190476
"ECK120004023"	"ygdQ"	"+"	2968442	2969155	714	"M-C1h"	5	0.801828485118848	4	202	0	0.464985994397759	-Inf	"SD"	NA	NA
"ECK120004024"	"ygdR"	"+"	2969293	2969511	219	"M-C1h"	858	448.593380753998	0	0	0	1	-Inf	"SD"	NA	NA
"ECK120004026"	"kduI"	"-"	2981310	2982146	837	"M-C1h"	16	2.18879058876887	1	100	0	0.506571087216249	-Inf	"SD"	3	9.67741935483871
"ECK120004029"	"yqeH"	"+"	2985558	2986190	633	"M-C1h"	5	0.904432130134056	0	0	0	0.285939968404423	-Inf	"SD"	NA	NA
"ECK120004030"	"yqeI"	"+"	2986524	2987333	810	"M-C1h"	3	0	0	0	0	0.0987654320987654	NA	"NO"	NA	NA
"ECK120004034"	"ygeG"	"+"	2989290	2989781	492	"M-C1h"	3	0	0	0	0	0.166666666666667	NA	"NO"	NA	NA
"ECK120004035"	"ygeH"	"+"	2990116	2991492	1377	"M-C1h"	1	0	2	114	0	0.0551924473493101	NA	"NO"	NA	NA
"ECK120004036"	"ygeI"	"+"	2991660	2991878	219	"M-C1h"	0	0	0	0	0	0	NA	"NO"	NA	NA
"ECK120004039"	"ygeL"	"-"	2992959	2993114	156	"M-C1h"	0	0	0	0	0	0	NA	"NO"	NA	NA
"ECK120004040"	"ygeM"	"-"	2993336	2993767	432	"M-C1h"	2	0.530097720717461	0	0	0	0.314814814814815	-Inf	"SD"	NA	NA
"ECK120004041"	"ygeN"	"-"	2993770	2994042	273	"M-C1h"	1	0	0	0	0	0.146520146520147	NA	"NO"	NA	NA
"ECK120004042"	"ygeO"	"-"	2993984	2994409	426	"M-C1h"	0	0	0	0	0	0	NA	"NO"	NA	NA
"ECK120004043"	"insD-4"	"-"	2994394	2995299	906	"M-C1h"	0	0	0	0	0	0	NA	"NO"	NA	NA
"ECK120004044"	"insC-4"	"-"	2995257	2995667	411	"M-C1h"	0	0	0	0	0	0	NA	"NO"	NA	NA
"ECK120004045"	"ygeP"	"-"	2995711	2996010	300	"M-C1h"	6	2.29002215349943	0	0	0	0.853333333333333	-Inf	"SD"	NA	NA
"ECK120004046"	"ygeQ"	"-"	2996056	2996850	795	"M-C1h"	5	0.720132752672777	3	103	0	0.408805031446541	-Inf	"SD"	NA	NA
"ECK120004049"	"xdhB"	"+"	3000636	3001514	879	"M-C1h"	4	0.521051684527743	0	0	0	0.306029579067122	-Inf	"SD"	2	6.25
"ECK120004053"	"ygeX"	"+"	3005532	3006728	1197	"M-C1h"	2	0	2	59	0	0.167084377610693	NA	"NO"	NA	NA
"ECK120004054"	"ygeY"	"+"	3006786	3007997	1212	"M-C1h"	21	1.98393008347723	0	0	0	0.676567656765677	-Inf	"SD"	2	4.44444444444444
"ECK120004055"	"hyuA"	"+"	3008050	3009435	1386	"M-C1h"	2	0	1	76	0	0.101010101010101	NA	"NO"	NA	NA
"ECK120004060"	"ygfK"	"+"	3014082	3017180	3099	"M-C1h"	9	0	24	453	37.5275938189845	0.153275250080671	Inf	"AD"	NA	NA
"ECK120004061"	"ssnA"	"+"	3017183	3018511	1329	"M-C1h"	5	0	0	0	0	0.168547780285929	NA	"NO"	NA	NA
"ECK120004062"	"ygfM"	"+"	3018562	3019341	780	"M-C1h"	6	0.880777751345935	4	160	0	0.416666666666667	-Inf	"SD"	NA	NA
"ECK120004063"	"xdhD"	"+"	3019338	3022208	2871	"M-C1h"	38	1.51551448681606	4	72	0	0.48380355276907	-Inf	"SD"	NA	NA
"ECK120004064"	"xanQ"	"+"	3022373	3023773	1401	"M-C1h"	7	0	11	251	23.9043824701195	0.107066381156317	Inf	"AD"	NA	NA
"ECK120004065"	"guaD"	"+"	3023788	3025107	1320	"M-C1h"	14	1.21440568746182	7	90	0	0.459090909090909	-Inf	"SD"	NA	NA
"ECK120004078"	"scpB"	"+"	3062015	3062800	786	"M-C1h"	3	0	0	0	0	0.223918575063613	NA	"NO"	NA	NA
"ECK120004081"	"yggP"	"-"	3074201	3075478	1278	"M-C1h"	2	0	0	0	0	0.0978090766823161	NA	"NO"	NA	NA
"ECK120004085"	"yqgE"	"+"	3090959	3091522	564	"M-C1h"	25	5.07540370899696	3	152	0	0.99113475177305	-Inf	"SD"	6	28.5714285714286
"ECK120004089"	"yggT"	"+"	3093842	3094408	567	"M-C1h"	23	4.64466574342918	1	95	0	0.834215167548501	-Inf	"SD"	NA	NA
"ECK120004090"	"yggU"	"+"	3094405	3094695	291	"M-C1h"	5	1.96737298410604	0	0	0	0.381443298969072	-Inf	"SD"	NA	NA
"ECK120004091"	"rdgB"	"+"	3094703	3095296	594	"M-C1h"	5	0.96381403766811	0	0	0	0.474747474747475	-Inf	"SD"	3	14.2857142857143
"ECK120004093"	"yggX"	"+"	3102115	3102390	276	"M-C1h"	112	46.4642176072348	0	0	0	1	-Inf	"SD"	5	45.4545454545455
"ECK120004094"	"mltC"	"+"	3102455	3103534	1080	"M-C1h"	19	2.01437133872635	7	216	0	0.562037037037037	-Inf	"SD"	NA	NA
"ECK120004097"	"yghE"	"-"	3109150	3110010	861	"M-C1h"	1	0	8	214	37.3831775700935	0.0871080139372822	Inf	"AD"	NA	NA
"ECK120004098"	"yghF"	"-"	3110076	3110942	867	"M-C1h"	2	0	1	100	0	0.170703575547866	NA	"NO"	NA	NA
"ECK120004099"	"yghG"	"-"	3111089	3111499	411	"M-C1h"	0	0	0	0	0	0	NA	"NO"	NA	NA
"ECK120004100"	"pppA"	"-"	3111565	3112374	810	"M-C1h"	4	0	1	100	0	0.216049382716049	NA	"NO"	NA	NA
"ECK120004101"	"yghJ"	"-"	3112572	3117134	4563	"M-C1h"	80	2.00747065833831	0	0	0	0.642121411352181	-Inf	"SD"	11	6.58682634730539
"ECK120004102"	"glcA"	"-"	3117619	3119301	1683	"M-C1h"	34	2.31315369040346	0	0	0	0.304218657159834	-Inf	"SD"	NA	NA
"ECK120004103"	"glcG"	"-"	3121849	3122253	405	"M-C1h"	392	110.825763477997	0	0	0	1	-Inf	"SD"	8	57.1428571428571
"ECK120004104"	"glcE"	"-"	3123492	3124544	1053	"M-C1h"	54	5.87185167563956	0	0	0	0.962013295346629	-Inf	"SD"	NA	NA
"ECK120004110"	"yghR"	"-"	3130476	3131234	759	"M-C1h"	1	0	0	0	0	0.100131752305665	NA	"NO"	NA	NA
"ECK120004114"	"hybO"	"-"	3143165	3144283	1119	"M-C1h"	49	5.01390015734906	1	78	0	0.923145665773012	-Inf	"SD"	2	5
"ECK120004115"	"yghW"	"-"	3144472	3144759	288	"M-C1h"	3	1.19271987161429	0	0	0	0.267361111111111	-Inf	"SD"	NA	NA
"ECK120004116"	"yghX_1"	"-"	3144878	3145288	411	"M-C1h"	5	1.39295751429406	0	0	0	0.330900243309002	-Inf	"SD"	NA	NA
"ECK120004124"	"dkgA"	"+"	3154645	3155472	828	"M-C1h"	141	19.4983770316075	2	75	0	1	-Inf	"SD"	4	12.9032258064516
"ECK120004125"	"yqhG"	"+"	3155672	3156598	927	"M-C1h"	14	1.72925081709774	1	66	0	0.537216828478964	-Inf	"SD"	NA	NA
"ECK120004128"	"ygiS"	"-"	3164133	3165740	1608	"M-C1h"	30	2.13621469542857	1	100	0	0.619402985074627	-Inf	"SD"	6	9.83606557377049
"ECK120004129"	"mqsA"	"-"	3165873	3166268	396	"M-C1h"	400	115.657684520173	0	0	0	1	-Inf	"SD"	NA	NA
"ECK120004130"	"mqsR"	"-"	3166270	3166566	297	"M-C1h"	492	189.678602613084	0	0	0	1	-Inf	"SD"	NA	NA
"ECK120004131"	"ygiV"	"-"	3166771	3167253	483	"M-C1h"	5	1.18531167365395	0	0	0	0.320910973084886	-Inf	"SD"	NA	NA
"ECK120004135"	"yqiA"	"-"	3173447	3174028	582	"M-C1h"	107	21.0508909299346	0	0	0	1	-Inf	"SD"	NA	NA
"ECK120004136"	"cpdA"	"-"	3174028	3174855	828	"M-C1h"	693	95.8324488149218	0	0	0	1	-Inf	"SD"	2	6.45161290322581
"ECK120004137"	"yqiB"	"-"	3174880	3175302	423	"M-C1h"	725	196.248943414549	2	100	0	1	-Inf	"SD"	NA	NA
"ECK120004139"	"insC-5"	"+"	3184164	3184574	411	"M-C1h"	1	0	0	0	0	0.0267639902676399	NA	"NO"	NA	NA
"ECK120004140"	"insD-5"	"+"	3184532	3185437	906	"M-C1h"	0	0	0	0	0	0	NA	"NO"	NA	NA
"ECK120004141"	"yqiG"	"+"	3185422	3187887	2466	"M-C1h"	3	0	1	100	0	0.0802919708029197	NA	"NO"	NA	NA
"ECK120004142"	"yqiH"	"+"	3187903	3188652	750	"M-C1h"	0	0	3	77	0	0	NA	"NO"	NA	NA
"ECK120004145"	"yqiK"	"+"	3190886	3192547	1662	"M-C1h"	15	1.03340349887158	0	0	0	0.391696750902527	-Inf	"SD"	NA	NA
"ECK120004152"	"ygjJ"	"+"	3225823	3226893	1071	"M-C1h"	1	0	0	0	0	0.00373482726423903	NA	"NO"	NA	NA
"ECK120004153"	"ygjK"	"+"	3226910	3229261	2352	"M-C1h"	7	0	6	181	0	0.179421768707483	NA	"NO"	NA	NA
"ECK120004155"	"higB"	"-"	3232163	3232477	315	"M-C1h"	29	10.5413718176958	0	0	0	0.958730158730159	-Inf	"SD"	NA	NA
"ECK120004158"	"ygjQ"	"+"	3234562	3235254	693	"M-C1h"	1	0	0	0	0	0.10966810966811	NA	"NO"	NA	NA
"ECK120004159"	"ygjR"	"+"	3235315	3236319	1005	"M-C1h"	305	34.7490923789714	0	0	0	1	-Inf	"SD"	2	5.55555555555556
"ECK120004160"	"alx"	"+"	3236602	3237567	966	"M-C1h"	4	0	0	0	0	0.185300207039337	NA	"NO"	NA	NA
"ECK120004162"	"yqjA"	"+"	3245795	3246457	663	"M-C1h"	160	27.6322431794803	0	0	0	1	-Inf	"SD"	NA	NA
"ECK120004163"	"mzrA"	"+"	3246461	3246844	384	"M-C1h"	24	7.15631922968572	2	76	0	0.799479166666667	-Inf	"SD"	NA	NA
"ECK120004164"	"yqjC"	"+"	3246991	3247359	369	"M-C1h"	86	26.685895013679	0	0	0	1	-Inf	"SD"	NA	NA
"ECK120004165"	"yqjD"	"+"	3247397	3247702	306	"M-C1h"	209	78.2050049152583	0	0	0	1	-Inf	"SD"	NA	NA
"ECK120004166"	"yqjE"	"+"	3247705	3248109	405	"M-C1h"	71	20.0730336911678	0	0	0	1	-Inf	"SD"	NA	NA
"ECK120004167"	"yqjK"	"+"	3248099	3248398	300	"M-C1h"	69	26.3352547652434	0	0	0	1	-Inf	"SD"	NA	NA
"ECK120004168"	"yqjF"	"+"	3248584	3248976	393	"M-C1h"	0	0	1	76	0	0	NA	"NO"	NA	NA
"ECK120004169"	"yqjG"	"+"	3249046	3250032	987	"M-C1h"	12	1.3921107316106	2	76	0	0.449848024316109	-Inf	"SD"	4	10.8108108108108
"ECK120004170"	"yhaH"	"+"	3250326	3250691	366	"M-C1h"	379	118.568086909328	0	0	0	1	-Inf	"SD"	NA	NA
"ECK120004176"	"tdcG"	"-"	3256307	3257671	1365	"M-C1h"	619	51.923945531727	0	0	0	0.873260073260073	-Inf	"SD"	NA	NA
"ECK120004177"	"tdcF"	"-"	3257743	3258132	390	"M-C1h"	201	59.0121093401776	0	0	0	1	-Inf	"SD"	6	42.8571428571429
"ECK120004178"	"tdcE"	"-"	3258146	3260440	2295	"M-C1h"	128	6.38611842370211	1	79	0	0.633551198257081	-Inf	"SD"	16	18.6046511627907
"ECK120004182"	"agaV"	"+"	3278239	3278712	474	"M-C1h"	9	2.17407166471465	0	0	0	0.489451476793249	-Inf	"SD"	NA	NA
"ECK120004183"	"agaW"	"+"	3278723	3279124	402	"M-C1h"	11	3.13311488662857	0	0	0	0.798507462686567	-Inf	"SD"	NA	NA
"ECK120004184"	"agaS"	"+"	3279998	3281152	1155	"M-C1h"	0	0	2	113	0	0	NA	"NO"	NA	NA
"ECK120004185"	"agaD"	"+"	3283500	3284291	792	"M-C1h"	1	0	1	48	0	0.112373737373737	NA	"NO"	NA	NA
"ECK120004186"	"agaI"	"+"	3284292	3285047	756	"M-C1h"	1	0	2	110	0	0.0145502645502645	NA	"NO"	NA	NA
"ECK120004187"	"yraH"	"+"	3285448	3286032	585	"M-C1h"	4	0.782913556751942	1	49	0	0.252991452991453	-Inf	"SD"	NA	NA
"ECK120004188"	"yraI"	"+"	3286112	3286807	696	"M-C1h"	0	0	1	100	0	0	NA	"NO"	NA	NA
"ECK120004193"	"yraN"	"+"	3293416	3293811	396	"M-C1h"	63	18.2160853119273	0	0	0	0.924242424242424	-Inf	"SD"	NA	NA
"ECK120004203"	"yhbV"	"+"	3300511	3301389	879	"M-C1h"	4	0	0	0	0	0.159271899886234	NA	"NO"	NA	NA
"ECK120004207"	"ibaG"	"-"	3334571	3334825	255	"M-C1h"	24	10.7765748399973	0	0	0	0.929411764705882	-Inf	"SD"	NA	NA
"ECK120004208"	"mlaB"	"-"	3334985	3335278	294	"M-C1h"	67	26.0937898442962	0	0	0	1	-Inf	"SD"	NA	NA
"ECK120004209"	"mlaC"	"-"	3335278	3335913	636	"M-C1h"	241	43.3879983485348	0	0	0	1	-Inf	"SD"	8	33.3333333333333
"ECK120004210"	"kdsD"	"+"	3339288	3340274	987	"M-C1h"	93	10.7888581699821	1	76	0	0.933130699088146	-Inf	"SD"	2	5.71428571428571
"ECK120004211"	"kdsC"	"+"	3340295	3340861	567	"M-C1h"	93	18.7806049625615	0	0	0	1	-Inf	"SD"	5	25
"ECK120004212"	"lptC"	"+"	3340858	3341433	576	"M-C1h"	79	15.7041449762548	1	76	0	0.921875	-Inf	"SD"	0	0
"ECK120004213"	"lptA"	"+"	3341402	3341959	558	"M-C1h"	145	29.7538720660768	0	0	0	0.910394265232975	-Inf	"SD"	3	15
"ECK120004217"	"yhcD"	"+"	3360829	3363210	2382	"M-C1h"	6	0	5	52	0	0.138958858102435	NA	"NO"	NA	NA
"ECK120004223"	"nanK"	"-"	3367497	3368372	876	"M-C1h"	18	2.35276248647202	0	0	0	0.631278538812785	-Inf	"SD"	0	0
"ECK120004224"	"nanE"	"-"	3368369	3369058	690	"M-C1h"	32	5.31019629796969	0	0	0	0.92463768115942	-Inf	"SD"	5	20.8333333333333
"ECK120004229"	"degQ"	"+"	3378765	3380132	1368	"M-C1h"	164	13.7267409785785	2	76	0	0.970029239766082	-Inf	"SD"	8	17.0212765957447
"ECK120004232"	"aaeB"	"-"	3384243	3386210	1968	"M-C1h"	4	0	0	0	0	0.15599593495935	NA	"NO"	NA	NA
"ECK120004233"	"aaeA"	"-"	3386216	3387148	933	"M-C1h"	4	0	1	36	0	0.145766345123258	NA	"NO"	NA	NA
"ECK120004237"	"yhdP"	"-"	3390480	3394280	3801	"M-C1h"	64	1.92793235758963	0	0	0	0.628255722178374	-Inf	"SD"	2	1.43884892086331
"ECK120004239"	"yhdT"	"+"	3405397	3405639	243	"M-C1h"	0	0	0	0	0	0	NA	"NO"	NA	NA
"ECK120004241"	"yhdV"	"+"	3416412	3416633	222	"M-C1h"	4	2.06308302117066	0	0	0	0.472972972972973	-Inf	"SD"	NA	NA
"ECK120004244"	"tsaC"	"-"	3428865	3429437	573	"M-C1h"	41	8.19292393485834	0	0	0	0.81326352530541	-Inf	"SD"	5	23.8095238095238
"ECK120004245"	"yrdD"	"-"	3429442	3429984	543	"M-C1h"	275	57.9885904431255	1	76	0	1	-Inf	"SD"	NA	NA
"ECK120004248"	"gspD"	"+"	3454399	3456351	1953	"M-C1h"	2	0	4	143	0	0.0880696364567332	NA	"NO"	NA	NA
"ECK120004249"	"gspE"	"+"	3456361	3457842	1482	"M-C1h"	2	0	2	75	0	0.087719298245614	NA	"NO"	NA	NA
"ECK120004250"	"gspF"	"+"	3457839	3459035	1197	"M-C1h"	1	0	1	40	0	0.0634920634920635	NA	"NO"	NA	NA
"ECK120004251"	"gspG"	"+"	3459045	3459482	438	"M-C1h"	1	0	0	0	0	0.17351598173516	NA	"NO"	NA	NA
"ECK120004252"	"gspH"	"+"	3459490	3459999	510	"M-C1h"	0	0	1	76	0	0	NA	"NO"	NA	NA
"ECK120004253"	"gspI"	"+"	3459996	3460373	378	"M-C1h"	0	0	0	0	0	0	NA	"NO"	NA	NA
"ECK120004254"	"gspJ"	"+"	3460366	3460953	588	"M-C1h"	0	0	2	76	0	0	NA	"NO"	NA	NA
"ECK120004255"	"gspK"	"+"	3460946	3461929	984	"M-C1h"	2	0	5	108	0	0.117886178861789	NA	"NO"	NA	NA
"ECK120004256"	"gspL"	"+"	3461944	3463107	1164	"M-C1h"	7	0	5	108	0	0.190721649484536	NA	"NO"	NA	NA
"ECK120004257"	"tusB"	"-"	3472700	3472987	288	"M-C1h"	32	12.7223452972191	2	107	0	0.548611111111111	-Inf	"SD"	NA	NA
"ECK120004258"	"tusC"	"-"	3472995	3473354	360	"M-C1h"	7	2.22641042701333	0	0	0	0.486111111111111	-Inf	"SD"	NA	NA
"ECK120004259"	"tusD"	"-"	3473354	3473740	387	"M-C1h"	12	3.55042194340997	0	0	0	0.780361757105943	-Inf	"SD"	NA	NA
"ECK120004260"	"yheO"	"-"	3473740	3474462	723	"M-C1h"	34	5.3845610801508	0	0	0	0.882434301521438	-Inf	"SD"	3	11.1111111111111
"ECK120004263"	"yheT"	"+"	3481224	3482246	1023	"M-C1h"	7	0.783487540297948	0	0	0	0.423264907135875	-Inf	"SD"	NA	NA
"ECK120004264"	"yheU"	"+"	3482240	3482458	219	"M-C1h"	29	15.1622471350419	1	76	0	0.666666666666667	-Inf	"SD"	NA	NA
"ECK120004266"	"yhfL"	"+"	3497470	3497637	168	"M-C1h"	13	8.86020476056327	0	0	0	1	-Inf	"SD"	NA	NA
"ECK120004267"	"frlB"	"+"	3499290	3500312	1023	"M-C1h"	11	1.23119470618249	2	76	0	0.496578690127077	-Inf	"SD"	NA	NA
"ECK120004268"	"frlC"	"+"	3500362	3501192	831	"M-C1h"	5	0.688935665914389	0	0	0	0.256317689530686	-Inf	"SD"	NA	NA
"ECK120004269"	"frlD"	"+"	3501189	3501974	786	"M-C1h"	8	1.16540567608113	0	0	0	0.553435114503817	-Inf	"SD"	NA	NA
"ECK120004272"	"yhfT"	"-"	3504054	3505358	1305	"M-C1h"	5	0.438701561973071	1	76	0	0.250574712643678	-Inf	"SD"	NA	NA
"ECK120004273"	"yhfU"	"-"	3505370	3505723	354	"M-C1h"	1	0	0	0	0	0.214689265536723	NA	"NO"	NA	NA
"ECK120004274"	"php"	"-"	3505734	3506612	879	"M-C1h"	3	0	5	85	0	0.204778156996587	NA	"NO"	NA	NA
"ECK120004275"	"yhfW"	"-"	3506609	3507835	1227	"M-C1h"	1	0	1	100	0	0.00896495517522412	NA	"NO"	NA	NA
"ECK120004276"	"yhfX"	"-"	3507835	3508998	1164	"M-C1h"	4	0	0	0	0	0.243986254295533	NA	"NO"	NA	NA
"ECK120004277"	"yhfY"	"-"	3509082	3509444	363	"M-C1h"	18	5.67774087644487	0	0	0	0.752066115702479	-Inf	"SD"	NA	NA
"ECK120004278"	"yhfZ"	"-"	3509461	3510366	906	"M-C1h"	123	15.5448523664696	0	0	0	1	-Inf	"SD"	NA	NA
"ECK120004279"	"hofP"	"-"	3518637	3519041	405	"M-C1h"	6	1.69631270629587	0	0	0	0.51358024691358	-Inf	"SD"	NA	NA
"ECK120004280"	"hofO"	"-"	3519031	3519471	441	"M-C1h"	1	0	0	0	0	0.172335600907029	NA	"NO"	NA	NA
"ECK120004281"	"hofN"	"-"	3519455	3519994	540	"M-C1h"	1	0	2	76	0	0.140740740740741	NA	"NO"	NA	NA
"ECK120004285"	"yrfG"	"+"	3526691	3527359	669	"M-C1h"	27	4.6211209375549	0	0	0	0.896860986547085	-Inf	"SD"	NA	NA
"ECK120004286"	"hslR"	"+"	3527370	3527771	402	"M-C1h"	91	25.9194049712	0	0	0	1	-Inf	"SD"	2	13.3333333333333
"ECK120004289"	"yhgF"	"+"	3535407	3537728	2322	"M-C1h"	8	0	2	98	0	0.206287683031869	NA	"NO"	12	14.1176470588235
"ECK120004291"	"nfuA"	"+"	3543646	3544221	576	"M-C1h"	503	99.989682570331	0	0	0	1	-Inf	"SD"	10	47.6190476190476
"ECK120004296"	"yhhW"	"-"	3576973	3577668	696	"M-C1h"	77	12.6675076019724	1	100	0	0.966954022988506	-Inf	"SD"	1	3.84615384615385
"ECK120004297"	"yhhX"	"-"	3577791	3578828	1038	"M-C1h"	141	15.5536186726117	0	0	0	1	-Inf	"SD"	5	12.8205128205128
"ECK120004299"	"yhhZ"	"+"	3579886	3581064	1179	"M-C1h"	0	0	0	0	0	0	NA	"NO"	NA	NA
"ECK120004300"	"yrhA"	"+"	3581064	3581477	414	"M-C1h"	0	0	2	115	0	0	NA	"NO"	NA	NA
"ECK120004301"	"insA-6"	"+"	3581506	3581781	276	"M-C1h"	0	0	0	0	0	0	NA	"NO"	NA	NA
"ECK120004302"	"insB-6"	"+"	3581700	3582203	504	"M-C1h"	0	0	0	0	0	0	NA	"NO"	NA	NA
"ECK120004307"	"insK"	"+"	3719177	3720072	896	"M-C1h"	5	0.638957074079082	10	124	72.5806451612903	0.310267857142857	1.49420598903909	"AD"	NA	NA
"ECK120004311"	"rffT"	"+"	3975548	3976627	1080	"M-C1h"	35	3.71068404502222	0	0	0	0.815740740740741	-Inf	"SD"	NA	NA
"ECK120004314"	"tatA"	"+"	4019968	4020237	270	"M-C1h"	353	149.699596330611	0	0	0	1	-Inf	"SD"	2	20
"ECK120004315"	"tatB"	"+"	4020241	4020756	516	"M-C1h"	134	29.7347837760585	0	0	0	1	-Inf	"SD"	2	11.1111111111111
"ECK120004320"	"phnE_2"	"-"	4320466	4320834	369	"M-C1h"	0	0	4	257	0	0	NA	"NO"	NA	NA
"ECK120004321"	"yjcZ"	"+"	4327383	4328261	879	"M-C1h"	145	18.8881235641307	0	0	0	1	-Inf	"SD"	8	24.2424242424242
"ECK120004323"	"dcuR"	"-"	4347338	4348057	720	"M-C1h"	51	8.11049512697715	3	191	0	0.865277777777778	-Inf	"SD"	4	14.8148148148148
"ECK120004326"	"yjdJ"	"+"	4350108	4350380	273	"M-C1h"	5	2.09708988415699	0	0	0	0.875457875457875	-Inf	"SD"	NA	NA
"ECK120004327"	"ghoS"	"+"	4350607	4350903	297	"M-C1h"	2	0.771051230134488	0	0	0	0.255892255892256	-Inf	"SD"	NA	NA
"ECK120004334"	"yjeN"	"+"	4383416	4383730	315	"M-C1h"	0	0	0	0	0	0	NA	"NO"	NA	NA
"ECK120004340"	"yjeT"	"+"	4402409	4402606	198	"M-C1h"	8	4.62630738080693	0	0	0	0.984848484848485	-Inf	"SD"	NA	NA
"ECK120004341"	"rlmB"	"+"	4407298	4408029	732	"M-C1h"	58	9.0724921381808	0	0	0	0.833333333333333	-Inf	"SD"	5	18.5185185185185
"ECK120004342"	"yjfI"	"+"	4408156	4408557	402	"M-C1h"	1	0	0	0	0	0.114427860696517	NA	"NO"	NA	NA
"ECK120004343"	"yjfJ"	"+"	4408576	4409274	699	"M-C1h"	4	0.655228083976947	0	0	0	0.280400572246066	-Inf	"SD"	NA	NA
"ECK120004344"	"yjfK"	"+"	4409325	4409984	660	"M-C1h"	2	0	0	0	0	0.23030303030303	NA	"NO"	NA	NA
"ECK120004345"	"yjfL"	"+"	4410002	4410400	399	"M-C1h"	0	0	0	0	0	0	NA	"NO"	NA	NA
"ECK120004346"	"yjfM"	"+"	4410410	4411048	639	"M-C1h"	2	0	0	0	0	0.158059467918623	NA	"NO"	NA	NA
"ECK120004353"	"ulaD"	"+"	4420209	4420859	651	"M-C1h"	35	6.15597353091245	0	0	0	0.993855606758833	-Inf	"SD"	NA	NA
"ECK120004354"	"ulaE"	"+"	4420869	4421723	855	"M-C1h"	21	2.81230790780632	0	0	0	0.623391812865497	-Inf	"SD"	NA	NA
"ECK120004362"	"ytfF"	"-"	4430114	4431088	975	"M-C1h"	24	2.81848880430699	0	0	0	0.597948717948718	-Inf	"SD"	NA	NA
"ECK120004378"	"tabA"	"+"	4472885	4473337	453	"M-C1h"	130	32.8590375226188	0	0	0	0.98233995584989	-Inf	"SD"	6	35.2941176470588
"ECK120004386"	"idnR"	"-"	4488164	4489162	999	"M-C1h"	18	2.06308302117066	14	179	50.2793296089385	0.548548548548549	-0.196804971781048	"SD"	NA	NA
"ECK120004387"	"idnO"	"-"	4490610	4491374	765	"M-C1h"	9	1.34707185499966	1	41	0	0.419607843137255	-Inf	"SD"	2	7.14285714285714
"ECK120004389"	"insC-6"	"+"	4496250	4496660	411	"M-C1h"	0	0	0	0	0	0	NA	"NO"	NA	NA
"ECK120004396"	"yjhC"	"+"	4503310	4504428	1119	"M-C1h"	15	1.53486739510686	0	0	0	0.497765862377122	-Inf	"SD"	1	2.4390243902439
"ECK120004405"	"yjhG"	"-"	4520150	4522117	1968	"M-C1h"	81	4.71269802930523	4	134	0	0.794715447154472	-Inf	"SD"	NA	NA
"ECK120004406"	"yjhH"	"-"	4522128	4523033	906	"M-C1h"	58	7.33009298581495	2	76	0	0.80794701986755	-Inf	"SD"	3	9.09090909090909
"ECK120004407"	"yjhI"	"-"	4523038	4523826	789	"M-C1h"	140	20.3170533263574	0	0	0	1	-Inf	"SD"	NA	NA
"ECK120004408"	"sgcR"	"-"	4524129	4524911	783	"M-C1h"	45	6.58052342959606	9	184	38.0434782608696	0.933588761174968	-2.23277551655449	"SD"	NA	NA
"ECK120004409"	"sgcE"	"-"	4524928	4525560	633	"M-C1h"	94	17.0033240465203	0	0	0	1	-Inf	"SD"	NA	NA
"ECK120004410"	"sgcQ"	"-"	4526134	4526940	807	"M-C1h"	144	20.4314244178388	39	242	148.760330578512	0.970260223048327	-1.50472097629569	"SD"	NA	NA
"ECK120004411"	"yjhP"	"-"	4530460	4531206	747	"M-C1h"	14	2.14593776097671	0	0	0	0.617135207496653	-Inf	"SD"	NA	NA
"ECK120004412"	"yjhQ"	"-"	4531262	4531807	546	"M-C1h"	6	1.25825393049419	0	0	0	0.573260073260073	-Inf	"SD"	NA	NA
"ECK120004415"	"nanM"	"-"	4535682	4536788	1107	"M-C1h"	42	4.34421546734309	0	0	0	0.887985546522132	-Inf	"SD"	2	5
"ECK120004420"	"iadA"	"-"	4556377	4557549	1173	"M-C1h"	15	1.46420853804311	0	0	0	0.445865302642796	-Inf	"SD"	11	26.8292682926829
"ECK120004421"	"yjiG"	"-"	4557562	4558023	462	"M-C1h"	7	1.7348652678026	1	69	0	0.658008658008658	-Inf	"SD"	NA	NA
"ECK120004425"	"yjiK"	"-"	4560766	4561734	969	"M-C1h"	4	0	8	313	22.3642172523962	0.249742002063983	Inf	"AD"	NA	NA
"ECK120004426"	"yjiL"	"-"	4561945	4562712	768	"M-C1h"	16	2.38543974322857	0	0	0	0.587239583333333	-Inf	"SD"	NA	NA
"ECK120004427"	"yjiM"	"-"	4562722	4563873	1152	"M-C1h"	59	5.86420603543691	1	55	0	0.934027777777778	-Inf	"SD"	NA	NA
"ECK120004428"	"yjiN"	"-"	4563989	4565269	1281	"M-C1h"	7	0.625689112977986	1	100	0	0.330210772833724	-Inf	"SD"	NA	NA
"ECK120004433"	"yjiT"	"+"	4570437	4571954	1518	"M-C1h"	148	11.1634808536863	2	76	0	0.9433465085639	-Inf	"SD"	NA	NA
"ECK120004434"	"symE"	"-"	4577522	4577863	342	"M-C1h"	2	0	0	0	0	0.198830409356725	NA	"NO"	NA	NA
"ECK120004435"	"yjiX"	"-"	4586899	4587102	204	"M-C1h"	37	20.7673577645782	0	0	0	0.906862745098039	-Inf	"SD"	NA	NA
"ECK120004444"	"yjjU"	"+"	4610434	4611507	1074	"M-C1h"	19	2.02562480989242	0	0	0	0.61731843575419	-Inf	"SD"	NA	NA
"ECK120004450"	"cysT"	"-"	1989938	1990011	74	"M-C1h"	266	411.585062723546	0	0	0	1	-Inf	"SD"	NA	NA
"ECK120004454"	""	"+"	732593	732814	222	"M-C1h"	4	2.06308302117066	0	0	0	0.599099099099099	-Inf	"SD"	NA	NA
"ECK120004455"	"ydbA_2"	"+"	1468714	1472037	3324	"M-C1h"	194	6.68267595936958	4	100	0	0.777376654632972	-Inf	"SD"	NA	NA
"ECK120004458"	"molR_2"	"+"	2195432	2197369	1938	"M-C1h"	3	0	5	78	0	0.0614035087719298	NA	"NO"	NA	NA
"ECK120004459"	"molR_3"	"+"	2197344	2198291	948	"M-C1h"	0	0	0	0	0	0	NA	"NO"	NA	NA
"ECK120004461"	"ilvG_1"	"+"	3948583	3949566	984	"M-C1h"	441	51.3160452079903	0	0	0	1	-Inf	"SD"	NA	NA
"ECK120004465"	"dgoD"	"-"	3869873	3871021	1149	"M-C1h"	16	1.59444536362014	1	100	0	0.663185378590078	-Inf	"SD"	NA	NA
"ECK120004466"	"rpe"	"-"	3512404	3513081	678	"M-C1h"	71	11.9905289748126	0	0	0	1	-Inf	"SD"	13	52
"ECK120004467"	"thiM"	"-"	2182535	2183323	789	"M-C1h"	12	1.74146171368778	0	0	0	0.517110266159696	-Inf	"SD"	2	7.40740740740741
"ECK120004470"	"mhpB"	"+"	369501	370445	945	"M-C1h"	10	1.21165193306848	0	0	0	0.295238095238095	-Inf	"SD"	NA	NA
"ECK120004471"	"mhpC"	"+"	370463	371329	867	"M-C1h"	4	0	2	103	0	0.0968858131487889	NA	"NO"	NA	NA
"ECK120004472"	"mhpD"	"+"	371339	372148	810	"M-C1h"	2	0	0	0	0	0.164197530864198	NA	"NO"	NA	NA
"ECK120004473"	"mhpF"	"+"	372145	373095	951	"M-C1h"	6	0.722404464826319	1	76	0	0.296529968454259	-Inf	"SD"	NA	NA
"ECK120004474"	"hcaF"	"+"	2668412	2668930	519	"M-C1h"	4	0.882474818304212	0	0	0	0.35645472061657	-Inf	"SD"	NA	NA
"ECK120004475"	"ruvA"	"-"	1943389	1944000	612	"M-C1h"	77	14.4061851159686	0	0	0	1	-Inf	"SD"	1	4.54545454545455
"ECK120015144"	"sgcB"	"-"	4528278	4528556	279	"M-C1h"	121	49.6581864826937	3	99	0	1	-Inf	"SD"	NA	NA
"ECK120015304"	"ymgF"	"+"	1218206	1218424	219	"M-C1h"	2	1.04567221620979	0	0	0	0.415525114155251	-Inf	"SD"	NA	NA
"ECK120016284"	"ykfH"	"-"	263250	263471	222	"M-C1h"	0	0	0	0	0	0	NA	"NO"	NA	NA
"ECK120016285"	"ykgN"	"-"	279248	279586	339	"M-C1h"	15	5.06642069358281	0	0	0	0.861356932153392	-Inf	"SD"	NA	NA
"ECK120016287"	"ylcG"	"+"	572953	573093	141	"M-C1h"	0	0	0	0	0	0	NA	"NO"	NA	NA
"ECK120016289"	"ybdZ"	"+"	613165	613383	219	"M-C1h"	0	0	0	0	0	0	NA	"NO"	NA	NA
"ECK120016292"	"ybfQ"	"+"	735668	735922	255	"M-C1h"	0	0	0	0	0	0	NA	"NO"	NA	NA
"ECK120016293"	"cydX"	"+"	773419	773532	114	"M-C1h"	979	983.303372050852	0	0	0	1	-Inf	"SD"	NA	NA
"ECK120016296"	"ymgH"	"+"	1222688	1222909	222	"M-C1h"	2	1.03154151058533	0	0	0	0.288288288288288	-Inf	"SD"	NA	NA
"ECK120016297"	"ymjB"	"+"	1379813	1379926	114	"M-C1h"	0	0	0	0	0	0	NA	"NO"	NA	NA
"ECK120016301"	"rzoR"	"+"	1421424	1421609	186	"M-C1h"	0	0	0	0	0	0	NA	"NO"	NA	NA
"ECK120016310"	"yehK"	"+"	2201994	2202311	318	"M-C1h"	0	0	0	0	0	0	NA	"NO"	NA	NA
"ECK120016312"	"arnE"	"+"	2370579	2370914	336	"M-C1h"	3	1.02233131852653	0	0	0	0.264880952380952	-Inf	"SD"	NA	NA
"ECK120016313"	"ypdJ"	"+"	2474116	2474256	141	"M-C1h"	3	2.43619378031854	1	100	0	0.865248226950355	-Inf	"SD"	NA	NA
"ECK120016316"	"ypjJ"	"+"	2774899	2775099	201	"M-C1h"	0	0	0	0	0	0	NA	"NO"	NA	NA
"ECK120016318"	"yheV"	"-"	3476614	3476814	201	"M-C1h"	154	87.7272168256	1	72	0	1	-Inf	"SD"	NA	NA
"ECK120016322"	"yidD"	"+"	3882839	3883096	258	"M-C1h"	7	3.10661920048372	0	0	0	0.647286821705426	-Inf	"SD"	NA	NA
"ECK120016323"	"yifL"	"+"	3992545	3992748	204	"M-C1h"	86	48.2700748041547	0	0	0	1	-Inf	"SD"	NA	NA
"ECK120016327"	"ytjA"	"+"	4610133	4610312	180	"M-C1h"	27	17.1751661512457	0	0	0	1	-Inf	"SD"	NA	NA
"ECK120016545"	"efeU_2"	"+"	1080677	1081408	732	"M-C1h"	3	0.46926683473349	0	0	0	0.265027322404372	-Inf	"SD"	NA	NA
"ECK120016922"	"ymiA"	"+"	1333184	1333312	129	"M-C1h"	218	193.497995915843	0	0	0	1	-Inf	"SD"	NA	NA
"ECK120016923"	"yciX"	"+"	1333315	1333482	168	"M-C1h"	235	160.16523990249	0	0	0	1	-Inf	"SD"	NA	NA
"ECK120016925"	"yjhW"	"+"	4507574	4507816	243	"M-C1h"	6	2.82718784382646	0	0	0	0.893004115226337	-Inf	"SD"	NA	NA
"ECK120023909"	"insEF-3"	"+"	566056	567227	1172	"M-C1h"	0	0	0	0	0	0	NA	"NO"	NA	NA
"ECK120023913"	"insAB-2"	"-"	278402	279099	698	"M-C1h"	0	0	0	0	0	0	NA	"NO"	NA	NA
"ECK120023915"	"insAB-5"	"-"	1976542	1977239	698	"M-C1h"	0	0	0	0	0	0	NA	"NO"	NA	NA
"ECK120023916"	"insAB-6"	"+"	3581506	3582203	698	"M-C1h"	0	0	0	0	0	0	NA	"NO"	NA	NA
"ECK120023920"	"insCD-4"	"-"	2994394	2995667	1274	"M-C1h"	0	0	0	0	0	0	NA	"NO"	NA	NA
"ECK120023921"	"insCD-5"	"+"	3184164	3185437	1274	"M-C1h"	1	0	0	0	0	0.0086342229199372	NA	"NO"	NA	NA
"ECK120026444"	"yahH"	"+"	339017	339313	297	"M-C1h"	0	0	0	0	0	0	NA	"NO"	NA	NA
"ECK120026445"	"ylbE_1"	"+"	547581	547841	261	"M-C1h"	0	0	0	0	0	0	NA	"NO"	NA	NA
"ECK120026451"	"wbbL_2"	"-"	2099420	2099701	282	"M-C1h"	13	5.27841985735684	0	0	0	0.531914893617021	-Inf	"SD"	NA	NA
"ECK120026454"	"yrhC"	"+"	3621910	3622155	246	"M-C1h"	0	0	0	0	0	0	NA	"NO"	NA	NA
"ECK120026458"	"insB-7_1"	"+"	4516744	4517037	294	"M-C1h"	1	0	0	0	0	0.159863945578231	NA	"NO"	NA	NA
"ECK120029856"	"uof"	"-"	709862	709948	87	"M-C1h"	84	110.552793617214	1	62	0	1	-Inf	"SD"	NA	NA
"ECK120030068"	"ylcH"	"+"	571591	571692	102	"M-C1h"	0	0	1	76	0	0	NA	"NO"	NA	NA
"ECK120030072"	"appX"	"+"	1039668	1039760	93	"M-C1h"	6	7.38716823709493	0	0	0	1	-Inf	"SD"	NA	NA
"ECK120030075"	"yciZ"	"-"	1342460	1342633	174	"M-C1h"	129	84.8887522417892	0	0	0	1	-Inf	"SD"	NA	NA
"ECK120030077"	"ydgU"	"+"	1669801	1669884	84	"M-C1h"	0	0	28	323	86.687306501548	0	Inf	"AD"	NA	NA
"ECK120030086"	"yrhD"	"+"	3582427	3582582	156	"M-C1h"	0	0	0	0	0	0	NA	"NO"	NA	NA
"ECK120030091"	"ytcA"	"-"	4302151	4302426	276	"M-C1h"	0	0	0	0	0	0	NA	"NO"	NA	NA
"ECK120033231"	"ykfL"	"-"	265777	265998	222	"M-C1h"	0	0	0	0	0	0	NA	"NO"	NA	NA
"ECK120033232"	"ykfK"	"-"	266000	266191	192	"M-C1h"	0	0	0	0	0	0	NA	"NO"	NA	NA
"ECK120035075"	"ibsA"	"-"	2151373	2151432	60	"M-C1h"	4	7.63340717833143	79	239	330.543933054393	1	1.04952550421216	"AD"	NA	NA
"ECK120048853"	"ilvX"	"+"	3948530	3948580	51	"M-C1h"	300	673.535927499832	0	0	0	1	-Inf	"SD"	NA	NA
"ECK120048855"	"yoeI"	"-"	2085076	2085138	63	"M-C1h"	0	0	0	0	0	0	NA	"NO"	NA	NA
"ECK120048857"	"ymjD"	"-"	1388892	1388957	66	"M-C1h"	1	1.7348652678026	0	0	0	0.833333333333333	-Inf	"SD"	NA	NA
"ECK120048863"	"yrbN"	"-"	3305875	3305955	81	"M-C1h"	3	4.24078176573969	0	0	0	0.91358024691358	-Inf	"SD"	NA	NA
"ECK120048868"	"yqfG"	"+"	3030839	3030964	126	"M-C1h"	1	0	0	0	0	0.0952380952380952	NA	"NO"	NA	NA
"ECK125121987"	"rpsP5"	"-"	2744205	2744454	250	"M-C1h"	54	24.7322392577938	1	100	0	1	-Inf	"SD"	NA	NA
"ECK125121997"	"fimA3"	"+"	4541230	4541277	48	"M-C1h"	188	448.462671726972	0	0	0	1	-Inf	"SD"	NA	NA
"ECK125121999"	"spy3"	"-"	1823084	1823131	48	"M-C1h"	394	939.863258832058	0	0	0	1	-Inf	"SD"	NA	NA
"ECK125122001"	"rpsI3"	"-"	3375389	3375473	85	"M-C1h"	124	167.036910019958	0	0	0	1	-Inf	"SD"	NA	NA
"ECK125122003"	"glnA3"	"-"	4054007	4054201	195	"M-C1h"	5	2.93592583781978	0	0	0	0.794871794871795	-Inf	"SD"	NA	NA
"ECK125122010"	"ryeF"	"-"	1956157	1956543	387	"M-C1h"	81	23.9653481180173	0	0	0	0.431524547803618	-Inf	"SD"	NA	NA
"ECK125135293"	""	"+"	1298697	1298951	255	"M-C1h"	220	98.7852693666421	0	0	0	0.929411764705882	-Inf	"SD"	NA	NA
"ECK125135299"	""	"-"	2276280	2276520	241	"M-C1h"	103	48.9361580519588	0	0	0	0.929460580912863	-Inf	"SD"	NA	NA
"ECK125135311"	""	"-"	4439248	4439353	106	"M-C1h"	0	0	0	0	0	0	NA	"NO"	NA	NA
"ECK125145757"	"esrE"	"+"	4018001	4018252	252	"M-C1h"	35	15.9029316215238	0	0	0	0.753968253968254	-Inf	"SD"	NA	NA
"ECK125146691"	"nc1"	"-"	296361	296528	168	"M-C1h"	0	0	10	82	121.951219512195	0	Inf	"AD"	NA	NA
"ECK125158035"	"agrB"	"+"	3646317	3646400	84	"M-C1h"	1	1.36310842470204	0	0	0	0.535714285714286	-Inf	"SD"	NA	NA
