"RegDbId"	"Gene"	"Strand"	"Start"	"End"	"Length"	"Sample"	"mRNARaw"	"mRNATPM"	"asRNARaw"	"asRNALen"	"asRNARPK"	"mRNACoverage"	"Gamma"	"TrMode"	"PeptideRaw"	"NPPH"
"ECK120000001"	"alr"	"+"	4263805	4264884	1080	"M-C2h"	104	4.99057860628308	0	0	0	0.907407407407407	-Inf	"SD"	4	10.2564102564103
"ECK120000002"	"modB"	"+"	795085	795774	690	"M-C2h"	37	2.77903457507068	0	0	0	0.9	-Inf	"SD"	NA	NA
"ECK120000005"	"dcuB"	"-"	4345427	4346767	1341	"M-C2h"	7	0	2	45	0	0.170022371364653	NA	"NO"	NA	NA
"ECK120000006"	"hisM"	"-"	2422539	2423255	717	"M-C2h"	20	1.44561337163012	1	76	0	0.627615062761506	-Inf	"SD"	NA	NA
"ECK120000008"	"rhsE"	"+"	1525914	1527962	2049	"M-C2h"	8	0	0	0	0	0.117130307467057	NA	"NO"	NA	NA
"ECK120000010"	"cydC"	"-"	926697	928418	1722	"M-C2h"	87	2.61834833068859	2	76	0	0.868757259001161	-Inf	"SD"	13	20.6349206349206
"ECK120000011"	"mepM"	"-"	1938337	1939659	1323	"M-C2h"	94	3.68221655408642	3	100	0	0.938019652305367	-Inf	"SD"	NA	NA
"ECK120000013"	"rodZ"	"-"	2639853	2640866	1014	"M-C2h"	273	13.9529490619453	1	56	0	1	-Inf	"SD"	6	16.6666666666667
"ECK120000014"	"garL"	"-"	3270809	3271579	771	"M-C2h"	262	17.611170837497	0	0	0	0.968871595330739	-Inf	"SD"	18	66.6666666666667
"ECK120000019"	"aceA"	"+"	4215132	4216436	1305	"M-C2h"	1278	50.7529930410858	0	0	0	1	-Inf	"SD"	147	306.25
"ECK120000020"	"aceB"	"+"	4213501	4215102	1602	"M-C2h"	3947	127.68677890449	11	168	0	1	-Inf	"SD"	49	81.6666666666667
"ECK120000021"	"aceE"	"+"	123017	125680	2664	"M-C2h"	1724	33.5385558104159	6	62	0	1	-Inf	"SD"	317	317
"ECK120000022"	"aceF"	"+"	125695	127587	1893	"M-C2h"	842	23.0516912583282	0	0	0	1	-Inf	"SD"	275	416.666666666667
"ECK120000026"	"ada"	"-"	2307363	2308427	1065	"M-C2h"	59	2.87106959906426	1	76	0	0.774647887323944	-Inf	"SD"	NA	NA
"ECK120000029"	"adk"	"+"	496399	497043	645	"M-C2h"	42	3.37466674986584	1	76	0	0.903875968992248	-Inf	"SD"	31	129.166666666667
"ECK120000031"	"alaS"	"-"	2817403	2820033	2631	"M-C2h"	514	10.1247331956256	2	76	0	0.926263778031167	-Inf	"SD"	87	90.625
"ECK120000033"	"puuC"	"+"	1360767	1362254	1488	"M-C2h"	4	0	0	0	0	0.10752688172043	NA	"NO"	NA	NA
"ECK120000034"	"alkB"	"-"	2306713	2307363	651	"M-C2h"	14	1.11452127683741	1	76	0	0.490015360983103	-Inf	"SD"	NA	NA
"ECK120000035"	"amn"	"+"	2053085	2054539	1455	"M-C2h"	107	3.81120317038113	6	258	0	0.819931271477663	-Inf	"SD"	4	7.40740740740741
"ECK120000036"	"ampC"	"-"	4375834	4376967	1134	"M-C2h"	2	0	29	218	119.266055045872	0.17636684303351	Inf	"AD"	NA	NA
"ECK120000041"	"ansA"	"+"	1848884	1849900	1017	"M-C2h"	15	0.764384061547783	8	128	0	0.355948869223206	-Inf	"SD"	7	18.9189189189189
"ECK120000042"	"ansB"	"-"	3097704	3098750	1047	"M-C2h"	272	13.4636725018525	2	62	0	0.999044890162369	-Inf	"SD"	42	113.513513513514
"ECK120000043"	"apaG"	"-"	51229	51606	378	"M-C2h"	13	1.78234950224396	4	144	0	0.611111111111111	-Inf	"SD"	NA	NA
"ECK120000047"	"apt"	"+"	490636	491187	552	"M-C2h"	4	0.375545212847389	0	0	0	0.320652173913043	-Inf	"SD"	19	95
"ECK120000048"	"araA"	"-"	66835	68337	1503	"M-C2h"	165	5.68939753595146	4	150	0	0.996673320026613	-Inf	"SD"	NA	NA
"ECK120000051"	"araD"	"-"	65855	66550	696	"M-C2h"	15	1.11692326234784	0	0	0	0.67816091954023	-Inf	"SD"	NA	NA
"ECK120000052"	"araE"	"-"	2978786	2980204	1419	"M-C2h"	151	5.51487748084136	0	0	0	0.871740662438337	-Inf	"SD"	NA	NA
"ECK120000054"	"araG"	"-"	1981579	1983093	1515	"M-C2h"	424	14.5042254086643	12	176	68.1818181818182	0.986798679867987	-2.59536694019665	"SD"	NA	NA
"ECK120000055"	"araH"	"-"	1980578	1981567	990	"M-C2h"	200	10.4697453278666	3	76	0	1	-Inf	"SD"	NA	NA
"ECK120000058"	"arcB"	"-"	3348711	3351047	2337	"M-C2h"	969	21.4885138863408	2	100	0	1	-Inf	"SD"	10	11.3636363636364
"ECK120000060"	"argB"	"+"	4154039	4154812	774	"M-C2h"	33	2.20960322907882	0	0	0	0.892764857881137	-Inf	"SD"	NA	NA
"ECK120000063"	"argF"	"-"	288525	289529	1005	"M-C2h"	29	1.49545466847289	0	0	0	0.685572139303483	-Inf	"SD"	NA	NA
"ECK120000068"	"argT"	"-"	2425031	2425813	783	"M-C2h"	2504	165.734865121125	0	0	0	1	-Inf	"SD"	9	32.1428571428571
"ECK120000069"	"aroA"	"+"	958035	959318	1284	"M-C2h"	18	0	7	100	0	0.199376947040498	NA	"NO"	8	17.3913043478261
"ECK120000070"	"aroB"	"-"	3515420	3516508	1089	"M-C2h"	85	4.04512887667573	0	0	0	0.889807162534435	-Inf	"SD"	9	23.0769230769231
"ECK120000071"	"aroC"	"-"	2444410	2445495	1086	"M-C2h"	33	1.57480009144292	0	0	0	0.601289134438306	-Inf	"SD"	7	17.9487179487179
"ECK120000072"	"aroD"	"+"	1772710	1773468	759	"M-C2h"	21	1.43389990359912	0	0	0	0.682476943346509	-Inf	"SD"	3	11.1111111111111
"ECK120000073"	"aroE"	"-"	3428042	3428860	819	"M-C2h"	55	3.48032743041719	1	58	0	0.822954822954823	-Inf	"SD"	6	20.6896551724138
"ECK120000076"	"aroH"	"+"	1786459	1787505	1047	"M-C2h"	69	3.41541692142582	4	64	0	0.866284622731614	-Inf	"SD"	1	2.56410256410256
"ECK120000077"	"aroK"	"-"	3516565	3517086	522	"M-C2h"	39	3.87200064280584	0	0	0	0.764367816091954	-Inf	"SD"	12	60
"ECK120000078"	"aroL"	"+"	405629	406153	525	"M-C2h"	42	4.14601914983517	1	40	0	1	-Inf	"SD"	1	5.26315789473684
"ECK120000079"	"aroM"	"+"	406652	407329	678	"M-C2h"	6	0.45863043692867	0	0	0	0.433628318584071	-Inf	"SD"	NA	NA
"ECK120000088"	"asnB"	"-"	696736	698400	1665	"M-C2h"	376	11.7034774800152	0	0	0	0.992792792792793	-Inf	"SD"	12	19.047619047619
"ECK120000090"	"asnS"	"-"	986808	988208	1401	"M-C2h"	288	10.6535823978634	52	411	121.654501216545	0.948608137044968	-0.0913386359516919	"SD"	47	88.6792452830189
"ECK120000094"	"atpA"	"-"	3916339	3917880	1542	"M-C2h"	115	3.86504703494686	9	91	0	0.946822308690013	-Inf	"SD"	125	227.272727272727
"ECK120000095"	"atpB"	"-"	3919259	3920074	816	"M-C2h"	92	5.8430416940079	12	172	46.5116279069767	0.941176470588235	-1.86864767880044	"SD"	NA	NA
"ECK120000096"	"atpC"	"-"	3913576	3913995	420	"M-C2h"	93	11.4755887182938	1	42	0	0.957142857142857	-Inf	"SD"	5	33.3333333333333
"ECK120000097"	"atpD"	"-"	3914016	3915398	1383	"M-C2h"	132	4.94644367116995	10	247	40.4858299595142	0.980477223427332	-1.30639164803552	"SD"	172	344
"ECK120000098"	"atpE"	"-"	3918973	3919212	240	"M-C2h"	88	19.0025877700779	1	76	0	1	-Inf	"SD"	NA	NA
"ECK120000099"	"atpF"	"-"	3918441	3918911	471	"M-C2h"	94	10.3430414035166	0	0	0	1	-Inf	"SD"	21	123.529411764706
"ECK120000100"	"atpG"	"-"	3915425	3916288	864	"M-C2h"	62	3.71894078833595	0	0	0	0.869212962962963	-Inf	"SD"	25	78.125
"ECK120000101"	"atpH"	"-"	3917893	3918426	534	"M-C2h"	37	3.59088737228234	0	0	0	0.876404494382023	-Inf	"SD"	8	42.1052631578947
"ECK120000102"	"atpI"	"-"	3920083	3920463	381	"M-C2h"	43	5.84904276387508	0	0	0	0.929133858267717	-Inf	"SD"	NA	NA
"ECK120000104"	"bcp"	"+"	2598500	2598970	471	"M-C2h"	51	5.61165012318455	13	296	43.9189189189189	1	-1.10991343893254	"SD"	9	50
"ECK120000105"	"betA"	"-"	324801	326471	1671	"M-C2h"	25	0.775362647710049	4	139	0	0.502692998204668	-Inf	"SD"	NA	NA
"ECK120000106"	"betB"	"-"	326485	327957	1473	"M-C2h"	66	2.3221084851419	0	0	0	0.903598099117447	-Inf	"SD"	2	3.77358490566038
"ECK120000110"	"bglB"	"-"	3900312	3901724	1413	"M-C2h"	1	0	3	76	0	0.0509554140127389	NA	"NO"	NA	NA
"ECK120000111"	"bglF"	"-"	3901743	3903620	1878	"M-C2h"	0	0	8	204	39.2156862745098	0	Inf	"AD"	NA	NA
"ECK120000112"	"bglG"	"-"	3903754	3904590	837	"M-C2h"	8	0.495342789705517	0	0	0	0.304659498207885	-Inf	"SD"	NA	NA
"ECK120000115"	"bioC"	"+"	810745	811500	756	"M-C2h"	1	0	3	66	0	0.044973544973545	NA	"NO"	NA	NA
"ECK120000117"	"bioF"	"+"	809604	810758	1155	"M-C2h"	1	0	2	86	0	0.0658008658008658	NA	"NO"	NA	NA
"ECK120000123"	"btuC"	"-"	1792196	1793176	981	"M-C2h"	46	2.43013354857821	1	100	0	0.657492354740061	-Inf	"SD"	NA	NA
"ECK120000124"	"btuD"	"-"	1790833	1791582	750	"M-C2h"	17	1.17470542578663	0	0	0	0.644	-Inf	"SD"	NA	NA
"ECK120000125"	"btuE"	"-"	1791582	1792133	552	"M-C2h"	79	7.41701795373593	0	0	0	0.932971014492754	-Inf	"SD"	4	20
"ECK120000127"	"cadA"	"-"	4354493	4356640	2148	"M-C2h"	6	0	3	76	0	0.114525139664804	NA	"NO"	4	4.93827160493827
"ECK120000128"	"cadB"	"-"	4356720	4358054	1335	"M-C2h"	0	0	0	0	0	0	NA	"NO"	NA	NA
"ECK120000129"	"cadC"	"-"	4358419	4359957	1539	"M-C2h"	3	0	25	362	66.2983425414365	0.105263157894737	Inf	"AD"	NA	NA
"ECK120000130"	"carA"	"+"	29651	30799	1149	"M-C2h"	4	0	2	35	0	0.128807658833768	NA	"NO"	NA	NA
"ECK120000131"	"carB"	"+"	30817	34038	3222	"M-C2h"	38	0.611222562436905	4	98	0	0.436064556176288	-Inf	"SD"	17	14.4067796610169
"ECK120000133"	"cdd"	"+"	2229866	2230750	885	"M-C2h"	27483	1609.3932810017	1	76	0	1	-Inf	"SD"	107	334.375
"ECK120000135"	"cdsA"	"+"	195677	196534	858	"M-C2h"	57	3.44293548281767	0	0	0	0.768065268065268	-Inf	"SD"	NA	NA
"ECK120000136"	"chbB"	"-"	1819323	1819643	321	"M-C2h"	8	1.29159475072747	0	0	0	0.769470404984424	-Inf	"SD"	2	18.1818181818182
"ECK120000137"	"chbC"	"-"	1817880	1819238	1359	"M-C2h"	12	0.457618007708077	3	93	0	0.339955849889625	-Inf	"SD"	NA	NA
"ECK120000138"	"chbA"	"-"	1817479	1817829	351	"M-C2h"	30	4.42950763871279	0	0	0	0.977207977207977	-Inf	"SD"	NA	NA
"ECK120000139"	"chbR"	"-"	1816629	1817471	843	"M-C2h"	45	2.76647185264803	1	75	0	0.906287069988138	-Inf	"SD"	NA	NA
"ECK120000140"	"chbF"	"-"	1815172	1816524	1353	"M-C2h"	33	1.26403022860828	0	0	0	0.269031781226903	-Inf	"SD"	NA	NA
"ECK120000142"	"cheA"	"-"	1971384	1973348	1965	"M-C2h"	82	2.16268174482496	1	48	0	0.783715012722646	-Inf	"SD"	21	29.5774647887324
"ECK120000143"	"cheB"	"-"	1965476	1966525	1050	"M-C2h"	9	0.44421633748234	0	0	0	0.3	-Inf	"SD"	1	2.7027027027027
"ECK120000144"	"cheR"	"-"	1966528	1967388	861	"M-C2h"	4	0	0	0	0	0.132404181184669	NA	"NO"	NA	NA
"ECK120000145"	"cheW"	"-"	1970860	1971363	504	"M-C2h"	44	4.52442565954235	0	0	0	0.916666666666667	-Inf	"SD"	6	33.3333333333333
"ECK120000146"	"cheY"	"-"	1965072	1965461	390	"M-C2h"	37	4.9167534789712	0	0	0	0.987179487179487	-Inf	"SD"	9	64.2857142857143
"ECK120000147"	"cheZ"	"-"	1964417	1965061	645	"M-C2h"	24	1.92838099992334	0	0	0	0.852713178294574	-Inf	"SD"	20	83.3333333333333
"ECK120000153"	"clpB"	"-"	2729622	2732195	2574	"M-C2h"	6329	127.428881115515	0	0	0	1	-Inf	"SD"	150	156.25
"ECK120000154"	"clpP"	"+"	455901	456524	624	"M-C2h"	906	75.2462610126336	0	0	0	1	-Inf	"SD"	14	60.8695652173913
"ECK120000155"	"clpX"	"+"	456650	457924	1275	"M-C2h"	1422	57.8003846182904	1	76	0	1	-Inf	"SD"	22	47.8260869565217
"ECK120000157"	"cpsB"	"-"	2121108	2122544	1437	"M-C2h"	5	0	1	54	0	0.148225469728601	NA	"NO"	NA	NA
"ECK120000158"	"cpsG"	"-"	2119633	2121003	1371	"M-C2h"	4	0	0	0	0	0.196936542669584	NA	"NO"	NA	NA
"ECK120000163"	"cstA"	"+"	629117	631222	2106	"M-C2h"	24037	591.511528398552	0	0	0	1	-Inf	"SD"	20	26.6666666666667
"ECK120000164"	"lnt"	"-"	688566	690104	1539	"M-C2h"	51	1.71740559325531	2	117	0	0.291098115659519	-Inf	"SD"	7	12.280701754386
"ECK120000165"	"cvpA"	"-"	2428297	2428785	489	"M-C2h"	18	1.90767752293029	1	100	0	0.723926380368098	-Inf	"SD"	NA	NA
"ECK120000168"	"cydA"	"+"	770681	772249	1569	"M-C2h"	368	12.1553142697526	3	111	0	1	-Inf	"SD"	34	58.6206896551724
"ECK120000169"	"cydB"	"+"	772265	773404	1140	"M-C2h"	496	22.548525200858	4	131	0	1	-Inf	"SD"	NA	NA
"ECK120000170"	"cynS"	"+"	358713	359183	471	"M-C2h"	3	0	8	225	35.5555555555556	0.178343949044586	Inf	"AD"	NA	NA
"ECK120000173"	"cyoA"	"-"	449887	450834	948	"M-C2h"	1157	63.2508459435561	0	0	0	1	-Inf	"SD"	44	125.714285714286
"ECK120000174"	"cyoB"	"-"	447874	449865	1992	"M-C2h"	1773	46.1275850442882	1	51	0	1	-Inf	"SD"	9	12.1621621621622
"ECK120000175"	"cyoC"	"-"	447270	447884	615	"M-C2h"	931	78.4541428556209	0	0	0	1	-Inf	"SD"	NA	NA
"ECK120000176"	"cyoD"	"-"	446941	447270	330	"M-C2h"	478	75.0680740008035	0	0	0	1	-Inf	"SD"	NA	NA
"ECK120000177"	"cyoE"	"-"	446039	446929	891	"M-C2h"	947	55.0824934749426	0	0	0	1	-Inf	"SD"	NA	NA
"ECK120000178"	"cysA"	"-"	2537739	2538836	1098	"M-C2h"	111	5.23916354316603	0	0	0	0.846994535519126	-Inf	"SD"	NA	NA
"ECK120000179"	"cysB"	"+"	1331879	1332853	975	"M-C2h"	202	10.7371265162398	2	76	0	0.891282051282051	-Inf	"SD"	8	22.2222222222222
"ECK120000180"	"cysC"	"-"	2871409	2872014	606	"M-C2h"	10	0.85520196985049	3	45	0	0.523102310231023	-Inf	"SD"	NA	NA
"ECK120000183"	"cysG"	"+"	3495850	3497223	1374	"M-C2h"	286	10.7874952406556	3	84	0	1	-Inf	"SD"	0	0
"ECK120000184"	"cysH"	"-"	2885600	2886334	735	"M-C2h"	51	3.59603701771418	0	0	0	0.957823129251701	-Inf	"SD"	2	7.14285714285714
"ECK120000185"	"cysI"	"-"	2886409	2888121	1713	"M-C2h"	33	0.998384646413899	0	0	0	0.566841798015178	-Inf	"SD"	2	3.125
"ECK120000187"	"cysK"	"+"	2530431	2531402	972	"M-C2h"	191	10.1837661730777	1	36	0	0.932098765432099	-Inf	"SD"	87	255.882352941176
"ECK120000189"	"cysN"	"-"	2872014	2873441	1428	"M-C2h"	36	1.30651863965394	1	76	0	0.721988795518207	-Inf	"SD"	2	3.77358490566038
"ECK120000190"	"cysP"	"-"	2540534	2541550	1017	"M-C2h"	56	2.85370049644506	0	0	0	0.926253687315634	-Inf	"SD"	9	23.6842105263158
"ECK120000192"	"cysU"	"-"	2539701	2540534	834	"M-C2h"	12	0.745686897452369	0	0	0	0.573141486810552	-Inf	"SD"	NA	NA
"ECK120000193"	"cysW"	"-"	2538826	2539701	876	"M-C2h"	27	1.59735326834403	3	80	0	0.567351598173516	-Inf	"SD"	NA	NA
"ECK120000194"	"cytR"	"-"	4121454	4122479	1026	"M-C2h"	78	3.93993047864454	1	76	0	0.766081871345029	-Inf	"SD"	NA	NA
"ECK120000195"	"dacA"	"-"	661975	663186	1212	"M-C2h"	16	0.684161575880392	1	38	0	0.442244224422442	-Inf	"SD"	20	45.4545454545455
"ECK120000198"	"dam"	"-"	3513099	3513935	837	"M-C2h"	23	1.42411052040336	1	76	0	0.531660692951015	-Inf	"SD"	2	6.25
"ECK120000200"	"dapB"	"+"	28374	29195	822	"M-C2h"	97	6.11563043695273	1	76	0	1	-Inf	"SD"	15	51.7241379310345
"ECK120000201"	"dapD"	"-"	185123	185947	825	"M-C2h"	397	24.9389333709782	0	0	0	1	-Inf	"SD"	56	186.666666666667
"ECK120000202"	"dapE"	"+"	2589629	2590756	1128	"M-C2h"	168	7.71865267256548	0	0	0	1	-Inf	"SD"	5	12.1951219512195
"ECK120000203"	"dapF"	"+"	3992785	3993609	825	"M-C2h"	247	15.5161625758983	1	55	0	1	-Inf	"SD"	5	16.6666666666667
"ECK120000205"	"dcm"	"-"	2028923	2030341	1419	"M-C2h"	41	1.49741706433441	2	75	0	0.748414376321353	-Inf	"SD"	NA	NA
"ECK120000208"	"ddlB"	"+"	102233	103153	921	"M-C2h"	358	20.1448813197746	0	0	0	0.998914223669924	-Inf	"SD"	10	30.3030303030303
"ECK120000209"	"deaD"	"-"	3303993	3305882	1890	"M-C2h"	102	2.79691768044436	11	165	48.4848484848485	0.903703703703704	-0.805765887577981	"SD"	9	12.6760563380282
"ECK120000210"	"dedA"	"-"	2432104	2432763	660	"M-C2h"	59	4.63286230758097	5	145	0	0.889393939393939	-Inf	"SD"	NA	NA
"ECK120000211"	"accD"	"-"	2431034	2431948	915	"M-C2h"	242	13.7067846210398	0	0	0	0.980327868852459	-Inf	"SD"	18	54.5454545454545
"ECK120000212"	"dedD"	"-"	2429044	2429706	663	"M-C2h"	420	32.8304683810478	0	0	0	1	-Inf	"SD"	6	26.0869565217391
"ECK120000213"	"deoA"	"+"	4616252	4617574	1323	"M-C2h"	3517	137.769740645978	2	57	0	1	-Inf	"SD"	86	182.978723404255
"ECK120000214"	"deoB"	"+"	4617626	4618849	1224	"M-C2h"	3935	166.611370042907	1	100	0	1	-Inf	"SD"	88	200
"ECK120000216"	"deoD"	"+"	4618906	4619625	720	"M-C2h"	756	54.4165013415867	6	137	0	1	-Inf	"SD"	132	507.692307692308
"ECK120000221"	"dicB"	"+"	1647633	1647821	189	"M-C2h"	0	0	0	0	0	0	NA	"NO"	NA	NA
"ECK120000224"	"dksA"	"-"	160149	160604	456	"M-C2h"	2383	270.832336459902	0	0	0	1	-Inf	"SD"	13	72.2222222222222
"ECK120000226"	"dmsA"	"+"	940182	942626	2445	"M-C2h"	41	0.869053093779357	10	102	0	0.496523517382413	-Inf	"SD"	9	10
"ECK120000227"	"dmsB"	"+"	942637	943254	618	"M-C2h"	6	0.503157663814948	0	0	0	0.276699029126214	-Inf	"SD"	2	8.69565217391304
"ECK120000231"	"dnaC"	"-"	4598261	4598998	738	"M-C2h"	17	1.19380632701894	0	0	0	0.668021680216802	-Inf	"SD"	NA	NA
"ECK120000232"	"dnaE"	"+"	205126	208608	3483	"M-C2h"	87	1.29451502309668	1	57	0	0.488946310651737	-Inf	"SD"	7	5.38461538461539
"ECK120000233"	"dnaG"	"+"	3209129	3210874	1746	"M-C2h"	138	4.09615294012925	3	76	0	0.664948453608247	-Inf	"SD"	3	4.54545454545455
"ECK120000234"	"dnaJ"	"+"	14168	15298	1131	"M-C2h"	457	20.9408792161215	0	0	0	1	-Inf	"SD"	9	21.9512195121951
"ECK120000236"	"dnaN"	"-"	3879244	3880344	1101	"M-C2h"	103	4.84831939637855	24	156	153.846153846154	0.762034514078111	-0.014450337612615	"SD"	5	12.1951219512195
"ECK120000238"	"dnaT"	"-"	4599001	4599540	540	"M-C2h"	12	1.15167198606533	0	0	0	0.437037037037037	-Inf	"SD"	2	10.5263157894737
"ECK120000239"	"dnaX"	"+"	491316	493247	1932	"M-C2h"	11	0	2	100	0	0.151656314699793	NA	"NO"	NA	NA
"ECK120000241"	"acpS"	"-"	2698640	2699020	381	"M-C2h"	75	10.2018187742007	0	0	0	0.795275590551181	-Inf	"SD"	NA	NA
"ECK120000242"	"dppA"	"-"	3704121	3705728	1608	"M-C2h"	707	22.7863459183261	1	76	0	1	-Inf	"SD"	15	25
"ECK120000245"	"dut"	"+"	3811955	3812410	456	"M-C2h"	26	2.9549478589834	0	0	0	0.835526315789474	-Inf	"SD"	5	31.25
"ECK120000246"	"ebgA"	"+"	3220655	3223747	3093	"M-C2h"	3	0	7	93	0	0.0387972841901067	NA	"NO"	NA	NA
"ECK120000247"	"ebgC"	"+"	3223744	3224193	450	"M-C2h"	3	0.345501595819598	0	0	0	0.322222222222222	-Inf	"SD"	NA	NA
"ECK120000251"	"edd"	"-"	1930817	1932628	1812	"M-C2h"	114	3.26052830492005	1	76	0	0.323399558498896	-Inf	"SD"	NA	NA
"ECK120000253"	"entA"	"+"	627774	628520	747	"M-C2h"	10	0.69377830485863	2	55	0	0.4190093708166	-Inf	"SD"	NA	NA
"ECK120000254"	"entB"	"+"	626917	627774	858	"M-C2h"	1	0	1	78	0	0.116550116550117	NA	"NO"	NA	NA
"ECK120000257"	"entE"	"+"	625293	626903	1611	"M-C2h"	1	0	0	0	0	0.0471756672873991	NA	"NO"	NA	NA
"ECK120000258"	"entF"	"+"	613380	617261	3882	"M-C2h"	3	0	2	47	0	0.0638845955692942	NA	"NO"	NA	NA
"ECK120000259"	"lpxC"	"+"	106557	107474	918	"M-C2h"	6478	365.712310084862	3	67	0	1	-Inf	"SD"	NA	NA
"ECK120000261"	"acrF"	"+"	3413055	3416159	3105	"M-C2h"	22	0.367199763673002	6	184	0	0.295652173913043	-Inf	"SD"	NA	NA
"ECK120000262"	"envY"	"-"	585370	586131	762	"M-C2h"	6	0.408072750968029	21	135	125.925925925926	0.360892388451444	3.05863646330758	"AD"	NA	NA
"ECK120000264"	"era"	"-"	2700503	2701408	906	"M-C2h"	25	1.43005627408774	1	50	0	0.931567328918322	-Inf	"SD"	5	14.7058823529412
"ECK120000265"	"exbB"	"-"	3149272	3150006	735	"M-C2h"	31	2.18582642253215	1	76	0	0.745578231292517	-Inf	"SD"	4	15.3846153846154
"ECK120000270"	"accC"	"+"	3403939	3405288	1350	"M-C2h"	547	20.9988192125911	1	76	0	1	-Inf	"SD"	28	57.1428571428571
"ECK120000271"	"fabH"	"+"	1147982	1148935	954	"M-C2h"	357	19.3937216521378	1	61	0	1	-Inf	"SD"	30	88.2352941176471
"ECK120000276"	"fbaA"	"-"	3068187	3069266	1080	"M-C2h"	399	19.146546768336	2	100	0	1	-Inf	"SD"	43	110.25641025641
"ECK120000279"	"fdhF"	"-"	4295242	4297389	2148	"M-C2h"	102	2.46097505402228	13	167	77.8443113772455	0.880353817504655	0.0792815894400836	"AD"	NA	NA
"ECK120000280"	"fecA"	"-"	4512376	4514700	2325	"M-C2h"	62	1.38200638327839	5	83	0	0.717849462365591	-Inf	"SD"	2	2.35294117647059
"ECK120000281"	"fecB"	"-"	4511429	4512331	903	"M-C2h"	9	0.516530624979465	4	76	0	0.382059800664452	-Inf	"SD"	3	9.09090909090909
"ECK120000282"	"fecC"	"-"	4510434	4511432	999	"M-C2h"	1	0	1	71	0	0.0720720720720721	NA	"NO"	NA	NA
"ECK120000283"	"fecD"	"-"	4509481	4510437	957	"M-C2h"	4	0	0	0	0	0.204806687565308	NA	"NO"	NA	NA
"ECK120000286"	"fecR"	"-"	4514787	4515740	954	"M-C2h"	5	0.271620751430501	1	70	0	0.333333333333333	-Inf	"SD"	NA	NA
"ECK120000292"	"fepG"	"-"	619419	620411	993	"M-C2h"	1	0	3	86	0	0.0614300100704935	NA	"NO"	NA	NA
"ECK120000296"	"fhuA"	"+"	167484	169727	2244	"M-C2h"	169	3.90305947149145	6	221	27.1493212669683	0.410873440285205	-1.70157103966716	"SD"	NA	NA
"ECK120000298"	"fhuC"	"+"	169778	170575	798	"M-C2h"	2	0	0	0	0	0.154135338345865	NA	"NO"	NA	NA
"ECK120000299"	"fhuD"	"+"	170575	171465	891	"M-C2h"	1	0	0	0	0	0.112233445566779	NA	"NO"	NA	NA
"ECK120000301"	"fic"	"-"	3488883	3489485	603	"M-C2h"	154	13.2356332726911	1	76	0	1	-Inf	"SD"	NA	NA
"ECK120000302"	"fimA"	"+"	4541138	4541686	549	"M-C2h"	1875	176.998768350204	0	0	0	1	-Inf	"SD"	NA	NA
"ECK120000304"	"fimC"	"+"	4542327	4543052	726	"M-C2h"	9	0.642461645119087	0	0	0	0.476584022038567	-Inf	"SD"	4	14.8148148148148
"ECK120000305"	"fimD"	"+"	4543119	4545755	2637	"M-C2h"	34	0.66820558918466	1	79	0	0.26317785362154	-Inf	"SD"	NA	NA
"ECK120000306"	"fimE"	"+"	4540060	4540656	597	"M-C2h"	9	0.781285015672457	0	0	0	0.438860971524288	-Inf	"SD"	NA	NA
"ECK120000307"	"fimF"	"+"	4545765	4546295	531	"M-C2h"	7	0.683195245970956	0	0	0	0.553672316384181	-Inf	"SD"	NA	NA
"ECK120000308"	"fimG"	"+"	4546308	4546811	504	"M-C2h"	6	0.616967135392139	0	0	0	0.686507936507937	-Inf	"SD"	NA	NA
"ECK120000310"	"lpxD"	"+"	200971	201996	1026	"M-C2h"	601	30.3576694572483	6	115	0	1	-Inf	"SD"	11	30.5555555555556
"ECK120000311"	"fis"	"+"	3409293	3409589	297	"M-C2h"	18	3.14092359835998	0	0	0	0.922558922558923	-Inf	"SD"	NA	NA
"ECK120000312"	"fldA"	"-"	710158	710688	531	"M-C2h"	87	8.49114091421045	0	0	0	1	-Inf	"SD"	8	40
"ECK120000313"	"flhC"	"-"	1975290	1975868	579	"M-C2h"	111	9.93540858444957	1	76	0	0.687392055267703	-Inf	"SD"	NA	NA
"ECK120000314"	"flhD"	"-"	1975871	1976221	351	"M-C2h"	5	0.738251273118799	0	0	0	0.467236467236467	-Inf	"SD"	NA	NA
"ECK120000316"	"fliL"	"+"	2017642	2018106	465	"M-C2h"	4	0.445808510734965	1	39	0	0.376344086021505	-Inf	"SD"	3	17.6470588235294
"ECK120000317"	"fliM"	"+"	2018111	2019115	1005	"M-C2h"	5	0	1	76	0	0.149253731343284	NA	"NO"	11	28.9473684210526
"ECK120000318"	"fliN"	"+"	2019112	2019525	414	"M-C2h"	0	0	0	0	0	0	NA	"NO"	3	20
"ECK120000319"	"fnr"	"-"	1396798	1397550	753	"M-C2h"	1155	79.4928970461425	4	76	0	1	-Inf	"SD"	4	14.2857142857143
"ECK120000321"	"folC"	"-"	2429696	2430964	1269	"M-C2h"	578	23.6051917711262	2	69	0	0.491725768321513	-Inf	"SD"	15	33.3333333333333
"ECK120000325"	"frdB"	"-"	4377806	4378540	735	"M-C2h"	2987	210.614952390436	0	0	0	1	-Inf	"SD"	16	59.2592592592593
"ECK120000326"	"frdC"	"-"	4377400	4377795	396	"M-C2h"	1240	162.281052581932	0	0	0	1	-Inf	"SD"	NA	NA
"ECK120000327"	"frdD"	"-"	4377030	4377389	360	"M-C2h"	709	102.06692976504	1	40	0	1	-Inf	"SD"	NA	NA
"ECK120000329"	"frr"	"+"	192872	193429	558	"M-C2h"	3755	348.75228287704	0	0	0	1	-Inf	"SD"	20	95.2380952380952
"ECK120000330"	"fruA"	"-"	2257741	2259432	1692	"M-C2h"	231	7.07543161651836	1	38	0	0.973404255319149	-Inf	"SD"	8	13.7931034482759
"ECK120000331"	"fruK"	"-"	2259449	2260387	939	"M-C2h"	92	5.07765923568738	4	55	0	0.968051118210863	-Inf	"SD"	3	8.82352941176471
"ECK120000332"	"cra"	"+"	88028	89032	1005	"M-C2h"	3083	158.982301479376	1	76	0	1	-Inf	"SD"	9	23.6842105263158
"ECK120000333"	"ftsA"	"+"	103982	105244	1263	"M-C2h"	841	34.5091261382757	0	0	0	1	-Inf	"SD"	7	15.5555555555556
"ECK120000334"	"ftsE"	"-"	3600102	3600770	669	"M-C2h"	81	6.27480476712722	1	47	0	1	-Inf	"SD"	1	4.16666666666667
"ECK120000335"	"ftsI"	"+"	91413	93179	1767	"M-C2h"	1071	31.4119023024439	0	0	0	0.997736276174307	-Inf	"SD"	0	0
"ECK120000336"	"ftsQ"	"+"	103155	103985	831	"M-C2h"	545	33.9888754010254	0	0	0	1	-Inf	"SD"	0	0
"ECK120000338"	"ftsW"	"+"	98403	99647	1245	"M-C2h"	70	2.91386888040625	0	0	0	0.848995983935743	-Inf	"SD"	NA	NA
"ECK120000339"	"ftsX"	"-"	3599051	3600109	1059	"M-C2h"	121	5.92148627396195	2	219	0	0.970727101038716	-Inf	"SD"	6	15.3846153846154
"ECK120000341"	"ftsZ"	"+"	105305	106456	1152	"M-C2h"	2466	110.938403032699	0	0	0	1	-Inf	"SD"	41	102.5
"ECK120000343"	"fucI"	"+"	2933606	2935381	1776	"M-C2h"	40	1.16723512101215	4	102	0	0.695945945945946	-Inf	"SD"	9	13.8461538461538
"ECK120000344"	"fucK"	"+"	2935460	2936908	1449	"M-C2h"	69	2.46786854156856	0	0	0	0.820565907522429	-Inf	"SD"	NA	NA
"ECK120000348"	"fucU"	"+"	2936910	2937332	423	"M-C2h"	63	7.71865267256548	1	75	0	1	-Inf	"SD"	0	0
"ECK120000350"	"fumB"	"-"	4343703	4345349	1647	"M-C2h"	4	0	2	37	0	0.195506982392228	NA	"NO"	7	11.6666666666667
"ECK120000353"	"fusA"	"-"	3469422	3471536	2115	"M-C2h"	583	14.2856333590656	0	0	0	0.974468085106383	-Inf	"SD"	437	560.25641025641
"ECK120000354"	"gabT"	"+"	2790757	2792037	1281	"M-C2h"	89	3.60066065900986	0	0	0	0.870413739266198	-Inf	"SD"	2	4.34782608695652
"ECK120000355"	"galE"	"-"	790262	791278	1017	"M-C2h"	157	8.00055317753346	0	0	0	1	-Inf	"SD"	15	40.5405405405405
"ECK120000356"	"galK"	"-"	788054	789202	1149	"M-C2h"	458	20.6579283140177	3	63	0	0.835509138381201	-Inf	"SD"	11	26.8292682926829
"ECK120000358"	"galS"	"-"	2238650	2239690	1041	"M-C2h"	512	25.4894549077283	2	83	0	1	-Inf	"SD"	2	5.40540540540541
"ECK120000359"	"galT"	"-"	789206	790252	1047	"M-C2h"	60	2.96992775776159	1	76	0	0.910219675262655	-Inf	"SD"	1	2.5
"ECK120000361"	"epd"	"-"	3070694	3071713	1020	"M-C2h"	423	21.4922316223073	2	76	0	1	-Inf	"SD"	NA	NA
"ECK120000363"	"ispG"	"-"	2638708	2639826	1119	"M-C2h"	319	14.7741299016691	1	76	0	1	-Inf	"SD"	11	26.8292682926829
"ECK120000364"	"gcvH"	"-"	3047182	3047571	390	"M-C2h"	116	15.4146865827205	0	0	0	1	-Inf	"SD"	NA	NA
"ECK120000368"	"mnmG"	"-"	3921767	3923656	1890	"M-C2h"	86	2.35818549527662	0	0	0	0.789417989417989	-Inf	"SD"	7	10
"ECK120000369"	"rsmG"	"-"	3921080	3921703	624	"M-C2h"	2	0.16610653645173	18	369	48.780487804878	0.282051282051282	4.43781615558964	"AD"	4	17.3913043478261
"ECK120000370"	"glgA"	"-"	3564623	3566056	1434	"M-C2h"	1090	39.3929643769207	4	110	0	1	-Inf	"SD"	2	3.77358490566038
"ECK120000371"	"glgB"	"-"	3569339	3571525	2187	"M-C2h"	391	9.26550918830334	1	48	0	1	-Inf	"SD"	NA	NA
"ECK120000372"	"glgC"	"-"	3566056	3567351	1296	"M-C2h"	2344	93.7333033103168	1	76	0	1	-Inf	"SD"	7	14.2857142857143
"ECK120000374"	"glgX"	"-"	3567369	3569342	1974	"M-C2h"	763	20.0317414597533	7	110	0	0.934143870314083	-Inf	"SD"	NA	NA
"ECK120000375"	"glmS"	"-"	3909862	3911691	1830	"M-C2h"	758	21.4664106255127	5	76	0	1	-Inf	"SD"	33	49.2537313432836
"ECK120000378"	"glnG"	"-"	4051892	4053301	1410	"M-C2h"	135	4.9619910037921	3	52	0	0.824113475177305	-Inf	"SD"	1	1.92307692307692
"ECK120000379"	"glnH"	"-"	846481	847227	747	"M-C2h"	7180	498.132822888496	0	0	0	1	-Inf	"SD"	48	177.777777777778
"ECK120000380"	"glnL"	"-"	4053313	4054362	1050	"M-C2h"	52	2.5665832832313	3	36	0	0.94	-Inf	"SD"	1	2.56410256410256
"ECK120000381"	"glnP"	"-"	845683	846342	660	"M-C2h"	350	27.4830814856498	0	0	0	1	-Inf	"SD"	NA	NA
"ECK120000382"	"glnQ"	"-"	844964	845686	723	"M-C2h"	289	20.7157595833742	0	0	0	1	-Inf	"SD"	14	51.8518518518519
"ECK120000383"	"glnS"	"+"	705316	706980	1665	"M-C2h"	72	2.24109143234334	0	0	0	0.92012012012012	-Inf	"SD"	25	39.6825396825397
"ECK120000385"	"glpB"	"+"	2352287	2353546	1260	"M-C2h"	13084	538.159866631383	0	0	0	1	-Inf	"SD"	18	40
"ECK120000386"	"glpC"	"+"	2353543	2354733	1191	"M-C2h"	8981	390.79972695917	0	0	0	1	-Inf	"SD"	7	15.9090909090909
"ECK120000390"	"glpG"	"-"	3558645	3559475	831	"M-C2h"	20	1.24729817985414	0	0	0	0.574007220216607	-Inf	"SD"	NA	NA
"ECK120000391"	"glpK"	"-"	4113737	4115245	1509	"M-C2h"	162	5.56374339192593	2	158	0	0.997349237905898	-Inf	"SD"	1	1.78571428571429
"ECK120000396"	"gltB"	"+"	3352654	3357207	4554	"M-C2h"	45	0.512107108428258	2	46	0	0.339920948616601	-Inf	"SD"	101	61.9631901840491
"ECK120000397"	"gltD"	"+"	3357220	3358638	1419	"M-C2h"	14	0.511313143919066	2	76	0	0.373502466525722	-Inf	"SD"	11	21.1538461538462
"ECK120000402"	"glyQ"	"-"	3722430	3723341	912	"M-C2h"	52	2.9549478589834	3	79	0	0.922149122807018	-Inf	"SD"	37	105.714285714286
"ECK120000404"	"gnd"	"-"	2097886	2099292	1407	"M-C2h"	2926	107.77587093477	0	0	0	1	-Inf	"SD"	73	143.137254901961
"ECK120000411"	"gshA"	"-"	2812905	2814461	1557	"M-C2h"	210	6.98991667843117	3	52	0	0.938985228002569	-Inf	"SD"	7	12.0689655172414
"ECK120000412"	"gshB"	"+"	3089900	3090850	951	"M-C2h"	221	12.0435098858251	0	0	0	1	-Inf	"SD"	19	52.7777777777778
"ECK120000417"	"gyrB"	"-"	3875728	3878142	2415	"M-C2h"	1096	23.5198601874708	4	82	0	1	-Inf	"SD"	39	43.3333333333333
"ECK120000418"	"hdhA"	"-"	1695297	1696064	768	"M-C2h"	149	10.0546362845938	0	0	0	0.973958333333333	-Inf	"SD"	6	22.2222222222222
"ECK120000423"	"hemD"	"-"	3987111	3987851	741	"M-C2h"	179	12.5191873788883	0	0	0	0.954116059379217	-Inf	"SD"	NA	NA
"ECK120000426"	"hemX"	"-"	3985908	3987089	1182	"M-C2h"	110	4.82299181981672	1	49	0	0.941624365482233	-Inf	"SD"	6	13.953488372093
"ECK120000427"	"hemY"	"-"	3984709	3985905	1197	"M-C2h"	42	1.81842945168209	4	122	0	0.869674185463659	-Inf	"SD"	2	4.44444444444444
"ECK120000428"	"hflC"	"+"	4401323	4402327	1005	"M-C2h"	190	9.79780644861546	1	78	0	1	-Inf	"SD"	21	55.2631578947368
"ECK120000429"	"hflK"	"+"	4400061	4401320	1260	"M-C2h"	243	9.99486759335265	0	0	0	1	-Inf	"SD"	29	63.0434782608696
"ECK120000430"	"hflX"	"+"	4398695	4399975	1281	"M-C2h"	325	13.1484799345866	1	100	0	1	-Inf	"SD"	10	20.8333333333333
"ECK120000431"	"hfq"	"+"	4398311	4398619	309	"M-C2h"	379	63.5655848619551	0	0	0	1	-Inf	"SD"	45	409.090909090909
"ECK120000432"	"hha"	"-"	479314	479532	219	"M-C2h"	111	26.2675870794352	0	0	0	1	-Inf	"SD"	NA	NA
"ECK120000433"	"ihfA"	"-"	1793277	1793576	300	"M-C2h"	5214	900.722660301691	0	0	0	1	-Inf	"SD"	3	27.2727272727273
"ECK120000434"	"ihfB"	"+"	963051	963335	285	"M-C2h"	348	63.2813449185369	0	0	0	1	-Inf	"SD"	4	36.3636363636364
"ECK120000435"	"hipB"	"-"	1590200	1590466	267	"M-C2h"	96	18.6337939318435	0	0	0	1	-Inf	"SD"	NA	NA
"ECK120000436"	"hipA"	"-"	1588878	1590200	1323	"M-C2h"	125	4.89656456660428	2	76	0	0.953136810279667	-Inf	"SD"	NA	NA
"ECK120000437"	"hisA"	"+"	2093149	2093886	738	"M-C2h"	32	2.24716485085917	0	0	0	0.644986449864499	-Inf	"SD"	4	15.3846153846154
"ECK120000438"	"hisB"	"+"	2091492	2092559	1068	"M-C2h"	158	7.6670297948731	0	0	0	0.98501872659176	-Inf	"SD"	3	7.5
"ECK120000439"	"hisC"	"+"	2090422	2091492	1071	"M-C2h"	58	2.80659559629365	0	0	0	0.772175536881419	-Inf	"SD"	4	10.2564102564103
"ECK120000440"	"hisD"	"+"	2089121	2090425	1305	"M-C2h"	36	1.42966177580523	1	75	0	0.755555555555556	-Inf	"SD"	3	6.52173913043478
"ECK120000441"	"hisF"	"+"	2093868	2094644	777	"M-C2h"	50	3.33495748860616	1	97	0	0.781209781209781	-Inf	"SD"	6	21.4285714285714
"ECK120000442"	"hisG"	"+"	2088216	2089115	900	"M-C2h"	33	1.90025877700779	0	0	0	0.76	-Inf	"SD"	14	42.4242424242424
"ECK120000443"	"hisH"	"+"	2092559	2093149	591	"M-C2h"	51	4.4722287783755	0	0	0	0.969543147208122	-Inf	"SD"	2	9.09090909090909
"ECK120000445"	"hisP"	"-"	2421758	2422531	774	"M-C2h"	43	2.87917996516332	0	0	0	0.837209302325581	-Inf	"SD"	3	10.3448275862069
"ECK120000446"	"hisS"	"-"	2637323	2638597	1275	"M-C2h"	259	10.527636860856	1	76	0	1	-Inf	"SD"	24	51.063829787234
"ECK120000447"	"truA"	"-"	2432846	2433658	813	"M-C2h"	440	28.0481000296352	0	0	0	0.817958179581796	-Inf	"SD"	6	20
"ECK120000448"	"hlpA"	"+"	200482	200967	486	"M-C2h"	480	51.1854216029034	1	74	0	1	-Inf	"SD"	44	244.444444444444
"ECK120000451"	"hsdM"	"-"	4579482	4581071	1590	"M-C2h"	20	0.651889803433203	4	82	0	0.437106918238994	-Inf	"SD"	18	30.5084745762712
"ECK120000453"	"hsdS"	"-"	4578091	4579485	1395	"M-C2h"	0	0	1	76	0	0	NA	"NO"	3	5.88235294117647
"ECK120000454"	"htpG"	"+"	494344	496218	1875	"M-C2h"	456	12.6038982154989	1	49	0	0.990933333333333	-Inf	"SD"	112	157.746478873239
"ECK120000456"	"degP"	"+"	180884	182308	1425	"M-C2h"	313	11.3833683675299	2	73	0	1	-Inf	"SD"	20	40.8163265306122
"ECK120000459"	"hupA"	"+"	4198304	4198576	273	"M-C2h"	5856	1111.6798599558	0	0	0	1	-Inf	"SD"	9	90
"ECK120000460"	"hupB"	"+"	460675	460947	273	"M-C2h"	2271	431.117650607861	0	0	0	1	-Inf	"SD"	40	444.444444444444
"ECK120000462"	"hyaB"	"+"	1032477	1034270	1794	"M-C2h"	5	0	3	97	0	0.102564102564103	NA	"NO"	NA	NA
"ECK120000463"	"hyaC"	"+"	1034289	1034996	708	"M-C2h"	9	0.658795415757708	1	49	0	0.629943502824859	-Inf	"SD"	NA	NA
"ECK120000464"	"hyaD"	"+"	1034993	1035580	588	"M-C2h"	12	1.05765794638652	0	0	0	0.460884353741497	-Inf	"SD"	NA	NA
"ECK120000465"	"hyaE"	"+"	1035577	1035975	399	"M-C2h"	4	0.51955127190917	0	0	0	0.293233082706767	-Inf	"SD"	NA	NA
"ECK120000466"	"hyaF"	"+"	1035972	1036829	858	"M-C2h"	3	0	0	0	0	0.155011655011655	NA	"NO"	NA	NA
"ECK120000468"	"hycB"	"-"	2847260	2847871	612	"M-C2h"	0	0	0	0	0	0	NA	"NO"	NA	NA
"ECK120000469"	"hycC"	"-"	2845437	2847263	1827	"M-C2h"	0	0	2	35	0	0	NA	"NO"	NA	NA
"ECK120000470"	"hycD"	"-"	2844511	2845434	924	"M-C2h"	1	0	0	0	0	0.0541125541125541	NA	"NO"	NA	NA
"ECK120000471"	"hycE"	"-"	2842784	2844493	1710	"M-C2h"	6	0	1	41	0	0.181286549707602	NA	"NO"	NA	NA
"ECK120000472"	"hycF"	"-"	2842232	2842774	543	"M-C2h"	0	0	0	0	0	0	NA	"NO"	NA	NA
"ECK120000473"	"hycG"	"-"	2841465	2842232	768	"M-C2h"	20	1.3496156086703	0	0	0	0.524739583333333	-Inf	"SD"	NA	NA
"ECK120000474"	"hycH"	"-"	2841058	2841468	411	"M-C2h"	79	9.96154236122198	0	0	0	0.805352798053528	-Inf	"SD"	NA	NA
"ECK120000477"	"hypB"	"+"	2849023	2849895	873	"M-C2h"	24	1.42474884874061	1	73	0	0.777777777777778	-Inf	"SD"	5	15.625
"ECK120000478"	"hypC"	"+"	2849886	2850158	273	"M-C2h"	3	0.569508124977359	0	0	0	0.377289377289377	-Inf	"SD"	NA	NA
"ECK120000479"	"hypD"	"+"	2850158	2851279	1122	"M-C2h"	11	0.508090582087644	48	152	282.894736842105	0.516042780748663	4.08117903195867	"AD"	NA	NA
"ECK120000480"	"hypE"	"+"	2851318	2852286	969	"M-C2h"	30	1.60449657501361	5	100	0	0.813209494324045	-Inf	"SD"	NA	NA
"ECK120000485"	"ileS"	"+"	22391	25207	2817	"M-C2h"	272	5.00406997140206	1	76	0	0.944621938232162	-Inf	"SD"	99	95.1923076923077
"ECK120000487"	"ilvB"	"-"	3849119	3850807	1689	"M-C2h"	358	10.9848642365378	0	0	0	0.803433984606276	-Inf	"SD"	4	6.66666666666667
"ECK120000489"	"ilvD"	"+"	3951501	3953351	1851	"M-C2h"	135	3.77979865766983	2	76	0	0.924905456509995	-Inf	"SD"	4	6.06060606060606
"ECK120000490"	"ilvE"	"+"	3950507	3951436	930	"M-C2h"	178	9.91923936385297	2	76	0	1	-Inf	"SD"	3	8.82352941176471
"ECK120000491"	"ilvG_2"	"+"	3949646	3950227	582	"M-C2h"	9	0.801421227416593	2	69	0	0.532646048109966	-Inf	"SD"	NA	NA
"ECK120000492"	"ilvH"	"+"	87357	87848	492	"M-C2h"	47	4.95078506204912	0	0	0	0.971544715447154	-Inf	"SD"	2	11.1111111111111
"ECK120000493"	"ilvI"	"+"	85630	87354	1725	"M-C2h"	191	5.7383308523081	3	69	0	0.96695652173913	-Inf	"SD"	NA	NA
"ECK120000494"	"ilvM"	"+"	3950224	3950487	264	"M-C2h"	8	0	0	0	0	0.234848484848485	NA	"NO"	NA	NA
"ECK120000495"	"ilvN"	"-"	3848825	3849115	291	"M-C2h"	27	4.80852736449956	0	0	0	1	-Inf	"SD"	NA	NA
"ECK120000497"	"infA"	"-"	925448	925666	219	"M-C2h"	70	16.5651450050492	0	0	0	1	-Inf	"SD"	3	37.5
"ECK120000498"	"infB"	"-"	3311364	3314036	2673	"M-C2h"	350	6.78594604583946	1	42	0	0.983164983164983	-Inf	"SD"	142	146.39175257732
"ECK120000499"	"infC"	"-"	1798120	1798662	543	"M-C2h"	2562	244.523505107682	0	0	0	1	-Inf	"SD"	25	119.047619047619
"ECK120000501"	"ispA"	"-"	439426	440325	900	"M-C2h"	86	4.9521895400809	3	100	0	0.79	-Inf	"SD"	2	6.25
"ECK120000504"	"katG"	"+"	4131858	4134038	2181	"M-C2h"	1967	46.7401402322661	0	0	0	1	-Inf	"SD"	201	251.25
"ECK120000505"	"kbl"	"-"	3789378	3790574	1197	"M-C2h"	2169	93.9088923975824	0	0	0	1	-Inf	"SD"	29	67.4418604651163
"ECK120000506"	"kdpA"	"-"	726282	727955	1674	"M-C2h"	1	0	0	0	0	0.0597371565113501	NA	"NO"	NA	NA
"ECK120000507"	"kdpB"	"-"	724211	726259	2049	"M-C2h"	6	0	1	53	0	0.183504148365056	NA	"NO"	NA	NA
"ECK120000508"	"kdpC"	"-"	723630	724202	573	"M-C2h"	54	4.88405397231892	0	0	0	0.369982547993019	-Inf	"SD"	NA	NA
"ECK120000509"	"kdpD"	"-"	720953	723637	2685	"M-C2h"	352	6.79422132561444	2	71	0	0.86852886405959	-Inf	"SD"	0	0
"ECK120000512"	"kdsB"	"+"	970075	970821	747	"M-C2h"	243	16.8588128080647	1	76	0	1	-Inf	"SD"	9	32.1428571428571
"ECK120000514"	"kefC"	"+"	47769	49631	1863	"M-C2h"	55	1.52999901530418	0	0	0	0.736983360171766	-Inf	"SD"	NA	NA
"ECK120000516"	"rsmA"	"-"	51609	52430	822	"M-C2h"	39	2.45886172207378	2	103	0	0.746958637469586	-Inf	"SD"	7	23.3333333333333
"ECK120000518"	"lacI"	"-"	365652	366734	1083	"M-C2h"	439	21.0076455075905	1	42	0	0.895660203139428	-Inf	"SD"	NA	NA
"ECK120000519"	"lacY"	"-"	361150	362403	1254	"M-C2h"	5	0	1	76	0	0.217703349282297	NA	"NO"	NA	NA
"ECK120000520"	"lacZ"	"-"	362455	365529	3075	"M-C2h"	32	0.539319564206201	3	58	0	0.455284552845528	-Inf	"SD"	5	4.31034482758621
"ECK120000521"	"lamB"	"+"	4245994	4247334	1341	"M-C2h"	22	0.850227640719368	4	115	0	0.644295302013423	-Inf	"SD"	11	22
"ECK120000522"	"lepA"	"-"	2703347	2705146	1800	"M-C2h"	58	1.66992437979472	0	0	0	0.728333333333333	-Inf	"SD"	33	49.2537313432836
"ECK120000523"	"lepB"	"-"	2702357	2703331	975	"M-C2h"	65	3.45501595819598	0	0	0	0.851282051282051	-Inf	"SD"	2	5.55555555555556
"ECK120000526"	"lexA"	"+"	4255138	4255746	609	"M-C2h"	1860	158.283982321294	0	0	0	1	-Inf	"SD"	5	22.7272727272727
"ECK120000527"	"ligA"	"-"	2526183	2528198	2016	"M-C2h"	88	2.26221282977118	0	0	0	0.742559523809524	-Inf	"SD"	12	16.2162162162162
"ECK120000529"	"livF"	"-"	3590747	3591460	714	"M-C2h"	234	16.9847423155012	0	0	0	1	-Inf	"SD"	NA	NA
"ECK120000530"	"livG"	"-"	3591462	3592229	768	"M-C2h"	178	12.0115789171657	0	0	0	0.986979166666667	-Inf	"SD"	NA	NA
"ECK120000531"	"livH"	"-"	3593500	3594426	927	"M-C2h"	253	14.1443209939091	0	0	0	1	-Inf	"SD"	NA	NA
"ECK120000534"	"livM"	"-"	3592226	3593503	1278	"M-C2h"	217	8.79974721747098	0	0	0	1	-Inf	"SD"	NA	NA
"ECK120000535"	"lon"	"+"	458112	460466	2355	"M-C2h"	832	18.3093839313316	0	0	0	1	-Inf	"SD"	59	67.816091954023
"ECK120000538"	"lpxA"	"+"	202560	203348	789	"M-C2h"	102	6.6998408314827	1	100	0	1	-Inf	"SD"	8	28.5714285714286
"ECK120000539"	"lpxB"	"+"	203348	204496	1149	"M-C2h"	22	0.992302233424432	2	76	0	0.328111401218451	-Inf	"SD"	NA	NA
"ECK120000541"	"lspA"	"+"	25207	25701	495	"M-C2h"	28	2.93152869180265	0	0	0	0.731313131313131	-Inf	"SD"	2	11.1111111111111
"ECK120000543"	"lysC"	"-"	4229907	4231256	1350	"M-C2h"	59	2.26495490592847	3	85	0	0.783703703703704	-Inf	"SD"	4	8.16326530612245
"ECK120000548"	"malF"	"-"	4241554	4243098	1545	"M-C2h"	12	0.402526131051959	3	100	0	0.383818770226537	-Inf	"SD"	10	17.5438596491228
"ECK120000549"	"malG"	"-"	4240649	4241539	891	"M-C2h"	13	0.756148273679254	61	510	119.607843137255	0.64983164983165	4.01206817622879	"AD"	NA	NA
"ECK120000552"	"malM"	"+"	4247577	4248497	921	"M-C2h"	72	4.05148451123958	4	155	0	0.476655808903366	-Inf	"SD"	17	53.125
"ECK120000557"	"malY"	"+"	1698981	1700153	1173	"M-C2h"	47	2.07654411809733	0	0	0	0.709292412617221	-Inf	"SD"	NA	NA
"ECK120000561"	"manY"	"+"	1901106	1901906	801	"M-C2h"	671	43.4141518342603	3	139	0	1	-Inf	"SD"	11	39.2857142857143
"ECK120000562"	"manZ"	"+"	1901919	1902770	852	"M-C2h"	621	37.7740301063328	7	95	0	1	-Inf	"SD"	15	48.3870967741936
"ECK120000564"	"mazE"	"-"	2909113	2909361	249	"M-C2h"	257	53.4903073046004	1	83	0	1	-Inf	"SD"	NA	NA
"ECK120000565"	"mazG"	"-"	2907916	2908707	792	"M-C2h"	178	11.6475916772516	1	69	0	0.746212121212121	-Inf	"SD"	NA	NA
"ECK120000566"	"mcrA"	"+"	1209569	1210402	834	"M-C2h"	10	0.621405747876974	0	0	0	0.308153477218225	-Inf	"SD"	NA	NA
"ECK120000567"	"mcrB"	"-"	4575981	4577360	1380	"M-C2h"	19	0.713535904410039	0	0	0	0.504347826086956	-Inf	"SD"	NA	NA
"ECK120000572"	"menD"	"-"	2375611	2377281	1671	"M-C2h"	24	0.744348141801647	1	76	0	0.539796529024536	-Inf	"SD"	3	4.91803278688525
"ECK120000573"	"mepA"	"-"	2443582	2444406	825	"M-C2h"	23	1.44482485524559	0	0	0	0.612121212121212	-Inf	"SD"	NA	NA
"ECK120000578"	"metF"	"+"	4130639	4131529	891	"M-C2h"	13	0.756148273679254	2	80	0	0.417508417508417	-Inf	"SD"	NA	NA
"ECK120000583"	"metL"	"+"	4127858	4130290	2433	"M-C2h"	43	0.915941345267738	0	0	0	0.488697081792026	-Inf	"SD"	3	3.37078651685393
"ECK120000585"	"mglA"	"-"	2235791	2237311	1521	"M-C2h"	50	1.7036567841203	4	120	0	0.861932938856016	-Inf	"SD"	24	42.8571428571429
"ECK120000586"	"mglB"	"-"	2237372	2238370	999	"M-C2h"	1810	93.8975808458667	0	0	0	1	-Inf	"SD"	132	366.666666666667
"ECK120000588"	"miaA"	"+"	4397275	4398225	951	"M-C2h"	935	50.9533110554139	0	0	0	0.993690851735016	-Inf	"SD"	5	14.2857142857143
"ECK120000590"	"minD"	"-"	1223772	1224584	813	"M-C2h"	421	26.8369320738101	3	99	0	1	-Inf	"SD"	27	90
"ECK120000592"	"groL"	"+"	4369048	4370694	1647	"M-C2h"	2813	88.5151173989553	0	0	0	1	-Inf	"SD"	497	871.929824561404
"ECK120000594"	"motA"	"-"	1974276	1975163	888	"M-C2h"	105	6.12798438531381	0	0	0	0.890765765765766	-Inf	"SD"	7	21.875
"ECK120000595"	"motB"	"-"	1973353	1974279	927	"M-C2h"	36	2.01263065525979	0	0	0	0.811218985976268	-Inf	"SD"	NA	NA
"ECK120000596"	"mprA"	"+"	2808792	2809322	531	"M-C2h"	9	0.878393887676944	0	0	0	0.608286252354049	-Inf	"SD"	7	33.3333333333333
"ECK120000597"	"mraY"	"+"	96002	97084	1083	"M-C2h"	126	6.02952923452484	1	76	0	0.993536472760849	-Inf	"SD"	NA	NA
"ECK120000598"	"mrcB"	"+"	164730	167264	2535	"M-C2h"	170	3.47545983960542	2	109	0	0.874161735700197	-Inf	"SD"	14	14.8936170212766
"ECK120000599"	"mrdA"	"-"	665539	667440	1902	"M-C2h"	18	0.490459678608262	2	44	0	0.378023133543638	-Inf	"SD"	NA	NA
"ECK120000600"	"mrdB"	"-"	664424	665536	1113	"M-C2h"	34	1.58316095119492	2	39	0	0.454627133872417	-Inf	"SD"	NA	NA
"ECK120000601"	"mreB"	"-"	3398066	3399109	1044	"M-C2h"	44	2.18420549081355	0	0	0	0.875478927203065	-Inf	"SD"	22	59.4594594594595
"ECK120000602"	"mreC"	"-"	3396897	3398000	1104	"M-C2h"	14	0.657204122482931	1	45	0	0.286231884057971	-Inf	"SD"	2	5
"ECK120000603"	"mreD"	"-"	3396409	3396897	489	"M-C2h"	15	1.58973126910858	0	0	0	0.429447852760736	-Inf	"SD"	NA	NA
"ECK120000606"	"msbA"	"+"	965844	967592	1749	"M-C2h"	33	0.977834705149805	1	57	0	0.664951400800457	-Inf	"SD"	23	35.9375
"ECK120000609"	"mtlD"	"+"	3772447	3773595	1149	"M-C2h"	815	36.7602872836778	0	0	0	1	-Inf	"SD"	10	24.390243902439
"ECK120000611"	"mukB"	"+"	975549	980009	4461	"M-C2h"	309	3.58977784493126	18	140	57.1428571428571	0.919300605245461	-1.16582265984572	"SD"	51	30
"ECK120000612"	"murC"	"+"	100765	102240	1476	"M-C2h"	132	4.63477750489704	0	0	0	0.947154471544715	-Inf	"SD"	5	9.25925925925926
"ECK120000613"	"murD"	"+"	97087	98403	1317	"M-C2h"	243	9.56228790252418	0	0	0	0.9916476841306	-Inf	"SD"	3	6.38297872340426
"ECK120000614"	"murE"	"+"	93166	94653	1488	"M-C2h"	265	9.22962932380982	0	0	0	0.98252688172043	-Inf	"SD"	1	1.88679245283019
"ECK120000615"	"murF"	"+"	94650	96008	1359	"M-C2h"	163	6.21597793803471	1	76	0	0.944076526857984	-Inf	"SD"	2	4.25531914893617
"ECK120000616"	"murG"	"+"	99644	100711	1068	"M-C2h"	58	2.81447929178886	1	100	0	0.754681647940075	-Inf	"SD"	6	15.7894736842105
"ECK120000622"	"emrE"	"+"	567538	567870	333	"M-C2h"	12	1.86757619361945	0	0	0	0.678678678678679	-Inf	"SD"	NA	NA
"ECK120000623"	"nadA"	"+"	781308	782351	1044	"M-C2h"	43	2.13456445693142	1	72	0	0.815134099616858	-Inf	"SD"	NA	NA
"ECK120000625"	"nagA"	"-"	700826	701974	1149	"M-C2h"	348	15.6964171468956	1	59	0	0.751958224543081	-Inf	"SD"	6	14.6341463414634
"ECK120000627"	"umpH"	"-"	698797	699549	753	"M-C2h"	20	1.37650038175139	0	0	0	0.792828685258964	-Inf	"SD"	16	59.2592592592593
"ECK120000629"	"nagC"	"-"	699597	700817	1221	"M-C2h"	323	13.7097070577064	0	0	0	0.874692874692875	-Inf	"SD"	12	26.6666666666667
"ECK120000630"	"nanA"	"-"	3370705	3371598	894	"M-C2h"	35	2.02895232444395	2	71	0	0.789709172259508	-Inf	"SD"	17	51.5151515151515
"ECK120000631"	"narG"	"+"	1279087	1282830	3744	"M-C2h"	44	0.609057300323009	4	133	0	0.443376068376068	-Inf	"SD"	140	100
"ECK120000632"	"narH"	"+"	1282827	1284365	1539	"M-C2h"	27	0.909214725841047	1	58	0	0.633528265107212	-Inf	"SD"	43	74.1379310344828
"ECK120000633"	"narI"	"+"	1285072	1285749	678	"M-C2h"	21	1.60520652925034	1	71	0	0.853982300884956	-Inf	"SD"	5	20
"ECK120000634"	"narJ"	"+"	1284362	1285072	711	"M-C2h"	14	1.02046884841231	0	0	0	0.610407876230661	-Inf	"SD"	2	7.69230769230769
"ECK120000637"	"narV"	"-"	1533961	1534641	681	"M-C2h"	5	0	1	76	0	0.187958883994126	NA	"NO"	NA	NA
"ECK120000638"	"narW"	"-"	1534638	1535333	696	"M-C2h"	1	0	0	0	0	0.0704022988505747	NA	"NO"	NA	NA
"ECK120000640"	"narY"	"-"	1535333	1536877	1545	"M-C2h"	9	0	1	41	0	0.236245954692557	NA	"NO"	NA	NA
"ECK120000641"	"narZ"	"-"	1536874	1540614	3741	"M-C2h"	10	0	1	70	0	0.177759957230687	NA	"NO"	NA	NA
"ECK120000642"	"ndh"	"+"	1165308	1166612	1305	"M-C2h"	114	4.5272622900499	3	121	0	0.951724137931034	-Inf	"SD"	33	70.2127659574468
"ECK120000643"	"ndk"	"-"	2642455	2642886	432	"M-C2h"	195	23.3933372169519	0	0	0	1	-Inf	"SD"	11	73.3333333333333
"ECK120000644"	"nfo"	"+"	2248862	2249719	858	"M-C2h"	4	0.241609507566152	0	0	0	0.282051282051282	-Inf	"SD"	5	16.1290322580645
"ECK120000645"	"nhaA"	"+"	17489	18655	1167	"M-C2h"	45	1.99840254651438	3	100	0	0.643530419880034	-Inf	"SD"	NA	NA
"ECK120000646"	"nirB"	"+"	3492033	3494576	2544	"M-C2h"	29	0.590775134361341	4	120	0	0.452044025157233	-Inf	"SD"	NA	NA
"ECK120000647"	"nirC"	"+"	3495025	3495831	807	"M-C2h"	27	0	1	76	0	0.216852540272615	NA	"NO"	NA	NA
"ECK120000648"	"nirD"	"+"	3494573	3494899	327	"M-C2h"	2	0.316973941118897	0	0	0	0.275229357798165	-Inf	"SD"	NA	NA
"ECK120000651"	"bamC"	"-"	2595853	2596887	1035	"M-C2h"	304	15.2220992940808	0	0	0	1	-Inf	"SD"	2	5.40540540540541
"ECK120000654"	"nrdB"	"+"	2345406	2346536	1131	"M-C2h"	96	4.39895931016995	1	76	0	0.932802829354553	-Inf	"SD"	11	25
"ECK120000655"	"nth"	"+"	1709547	1710182	636	"M-C2h"	4	0.325944901716602	9	126	63.4920634920635	0.290880503144654	2.29537189056943	"AD"	2	8.33333333333333
"ECK120000658"	"nusA"	"-"	3314061	3315548	1488	"M-C2h"	103	3.58736535982042	0	0	0	0.969758064516129	-Inf	"SD"	36	65.4545454545455
"ECK120000659"	"nusB"	"+"	434361	434780	420	"M-C2h"	137	16.9048995097446	0	0	0	1	-Inf	"SD"	5	31.25
"ECK120000660"	"nusG"	"+"	4175766	4176311	546	"M-C2h"	186	17.6547518742981	2	124	0	1	-Inf	"SD"	22	104.761904761905
"ECK120000661"	"ogt"	"-"	1397745	1398260	516	"M-C2h"	2	0	1	58	0	0.158914728682171	NA	"NO"	NA	NA
"ECK120000664"	"ompF"	"-"	985117	986205	1089	"M-C2h"	17706	842.6241398873	22	360	50	1	-7.87074853070887	"SD"	34	87.1794871794872
"ECK120000667"	"oppA"	"+"	1299206	1300837	1632	"M-C2h"	3291	104.507881603152	4	150	0	1	-Inf	"SD"	53	86.8852459016394
"ECK120000668"	"oppB"	"+"	1300923	1301843	921	"M-C2h"	26	1.46303607350318	1	39	0	0.752442996742671	-Inf	"SD"	4	12.1212121212121
"ECK120000669"	"oppC"	"+"	1301858	1302766	909	"M-C2h"	51	2.90768669749166	0	0	0	0.803080308030803	-Inf	"SD"	NA	NA
"ECK120000670"	"oppD"	"+"	1302778	1303791	1014	"M-C2h"	118	6.03094501578588	0	0	0	0.899408284023669	-Inf	"SD"	5	13.5135135135135
"ECK120000675"	"pabA"	"-"	3488288	3488851	564	"M-C2h"	7	0	0	0	0	0.140070921985816	NA	"NO"	NA	NA
"ECK120000677"	"pal"	"+"	778290	778811	522	"M-C2h"	717	71.1852425869689	0	0	0	1	-Inf	"SD"	5	26.3157894736842
"ECK120000678"	"panF"	"+"	3405629	3407080	1452	"M-C2h"	7	0	33	288	107.638888888889	0.099862258953168	Inf	"AD"	NA	NA
"ECK120000679"	"parC"	"-"	3161737	3163995	2259	"M-C2h"	164	3.76243437678712	2	76	0	0.914563966356795	-Inf	"SD"	17	20.2380952380952
"ECK120000682"	"pcm"	"-"	2866915	2867541	627	"M-C2h"	253	20.9119386943441	0	0	0	1	-Inf	"SD"	1	4.34782608695652
"ECK120000683"	"pcnB"	"-"	157729	159126	1398	"M-C2h"	30	1.11212960027768	2	65	0	0.560801144492132	-Inf	"SD"	4	7.40740740740741
"ECK120000684"	"pdxA"	"-"	52427	53416	990	"M-C2h"	18	0.942277079507994	1	42	0	0.567676767676768	-Inf	"SD"	NA	NA
"ECK120000685"	"pdxJ"	"-"	2699020	2699751	732	"M-C2h"	421	29.8065925901743	0	0	0	1	-Inf	"SD"	5	19.2307692307692
"ECK120000689"	"pepP"	"-"	3051537	3052862	1326	"M-C2h"	815	31.8533711078023	0	0	0	1	-Inf	"SD"	12	24
"ECK120000691"	"pfkA"	"+"	4105575	4106537	963	"M-C2h"	132	7.10377112900108	0	0	0	1	-Inf	"SD"	25	71.4285714285714
"ECK120000693"	"pflB"	"-"	950495	952777	2283	"M-C2h"	1612	36.5932044981072	14	148	54.0540540540541	1	-4.51543194901819	"SD"	222	261.176470588235
"ECK120000695"	"pgk"	"-"	3069481	3070644	1164	"M-C2h"	734	32.6801767179877	1	77	0	1	-Inf	"SD"	173	421.951219512195
"ECK120000698"	"pgsA"	"-"	1990293	1990841	549	"M-C2h"	108	10.1951290569717	1	45	0	1	-Inf	"SD"	NA	NA
"ECK120000701"	"pheS"	"-"	1795983	1796966	984	"M-C2h"	54	2.84406801436864	0	0	0	0.898373983739837	-Inf	"SD"	19	51.3513513513514
"ECK120000702"	"pheT"	"-"	1793581	1795968	2388	"M-C2h"	1203	26.107940940388	3	174	0	0.85678391959799	-Inf	"SD"	79	90.8045977011494
"ECK120000704"	"yjdN"	"-"	4323321	4323764	444	"M-C2h"	10	1.16723512101215	4	151	0	0.601351351351351	-Inf	"SD"	NA	NA
"ECK120000705"	"phnC"	"-"	4322400	4323188	789	"M-C2h"	4	0.262738856136576	1	76	0	0.259822560202788	-Inf	"SD"	NA	NA
"ECK120000706"	"phnD"	"-"	4321359	4322375	1017	"M-C2h"	8	0.407671499492151	0	0	0	0.330383480825959	-Inf	"SD"	NA	NA
"ECK120000707"	"phnF"	"-"	4319720	4320445	726	"M-C2h"	0	0	0	0	0	0	NA	"NO"	NA	NA
"ECK120000708"	"phnG"	"-"	4319267	4319719	453	"M-C2h"	0	0	0	0	0	0	NA	"NO"	NA	NA
"ECK120000709"	"phnH"	"-"	4318686	4319270	585	"M-C2h"	0	0	1	63	0	0	NA	"NO"	NA	NA
"ECK120000710"	"phnI"	"-"	4317622	4318686	1065	"M-C2h"	0	0	0	0	0	0	NA	"NO"	NA	NA
"ECK120000711"	"phnJ"	"-"	4316784	4317629	846	"M-C2h"	1	0	0	0	0	0.0650118203309693	NA	"NO"	NA	NA
"ECK120000712"	"phnK"	"-"	4316029	4316787	759	"M-C2h"	1	0	1	100	0	0.131752305665349	NA	"NO"	NA	NA
"ECK120000713"	"phnL"	"-"	4315238	4315918	681	"M-C2h"	1	0	17	394	43.1472081218274	0.0895741556534508	Inf	"AD"	NA	NA
"ECK120000714"	"phnM"	"-"	4314105	4315241	1137	"M-C2h"	0	0	1	76	0	0	NA	"NO"	NA	NA
"ECK120000715"	"phnN"	"-"	4313548	4314105	558	"M-C2h"	8	0.743014184558275	1	76	0	0.42831541218638	-Inf	"SD"	NA	NA
"ECK120000716"	"phnO"	"-"	4313127	4313561	435	"M-C2h"	2	0.238276962634205	0	0	0	0.303448275862069	-Inf	"SD"	NA	NA
"ECK120000718"	"phoA"	"+"	400971	402386	1416	"M-C2h"	48	1.75678777535389	4	82	0	0.749293785310734	-Inf	"SD"	NA	NA
"ECK120000721"	"creC"	"+"	4634719	4636143	1425	"M-C2h"	14	0.509160246470986	9	237	33.7552742616034	0.451228070175439	1.65188021716694	"AD"	NA	NA
"ECK120000722"	"phoP"	"-"	1188999	1189670	672	"M-C2h"	239	18.4318931698402	3	189	0	1	-Inf	"SD"	18	69.2307692307692
"ECK120000723"	"phoQ"	"-"	1187539	1188999	1461	"M-C2h"	34	1.20606306548936	3	85	0	0.529774127310062	-Inf	"SD"	NA	NA
"ECK120000724"	"phoR"	"+"	417113	418408	1296	"M-C2h"	46	1.83947608885434	0	0	0	0.772376543209877	-Inf	"SD"	NA	NA
"ECK120000725"	"pstS"	"-"	3908508	3909548	1041	"M-C2h"	25	1.24460229041642	7	231	0	0.617675312199808	-Inf	"SD"	6	16.2162162162162
"ECK120000726"	"phoU"	"-"	3904876	3905601	726	"M-C2h"	83	5.92492406054269	0	0	0	0.995867768595041	-Inf	"SD"	4	14.8148148148148
"ECK120000734"	"pnp"	"-"	3307055	3309190	2136	"M-C2h"	862	20.9144926682931	3	62	0	0.99812734082397	-Inf	"SD"	161	209.090909090909
"ECK120000738"	"polB"	"-"	63429	65780	2352	"M-C2h"	41	0.903416162538489	1	63	0	0.560374149659864	-Inf	"SD"	NA	NA
"ECK120000741"	"potB"	"-"	1182840	1183667	828	"M-C2h"	9	0.563317819271083	4	59	0	0.510869565217391	-Inf	"SD"	NA	NA
"ECK120000742"	"potC"	"-"	1182049	1182843	795	"M-C2h"	12	0.782267764119844	4	168	0	0.557232704402516	-Inf	"SD"	NA	NA
"ECK120000743"	"potD"	"-"	1181006	1182052	1047	"M-C2h"	50	2.47493979813465	0	0	0	0.770773638968481	-Inf	"SD"	25	64.1025641025641
"ECK120000744"	"potE"	"-"	716169	717488	1320	"M-C2h"	15	0.588923174692496	0	0	0	0.50530303030303	-Inf	"SD"	NA	NA
"ECK120000745"	"poxB"	"-"	908554	910272	1719	"M-C2h"	23	0.693415070144045	0	0	0	0.381617219313554	-Inf	"SD"	NA	NA
"ECK120000747"	"ppc"	"-"	4148470	4151121	2652	"M-C2h"	1403	27.4173494872679	2	76	0	1	-Inf	"SD"	52	52.5252525252525
"ECK120000751"	"prc"	"-"	1910792	1912840	2049	"M-C2h"	163	4.12274964264967	3	185	0	0.821376281112738	-Inf	"SD"	18	23.3766233766234
"ECK120000752"	"prfA"	"+"	1264235	1265317	1083	"M-C2h"	4	0	3	121	0	0.1865189289012	NA	"NO"	1	2.4390243902439
"ECK120000753"	"prfB"	"-"	3033206	3034304	1099	"M-C2h"	58	2.73508997600592	0	0	0	0.815286624203822	-Inf	"SD"	20	48.780487804878
"ECK120000755"	"priB"	"+"	4423543	4423857	315	"M-C2h"	29	4.77121251369921	1	49	0	0.968253968253968	-Inf	"SD"	NA	NA
"ECK120000757"	"secY"	"-"	3440788	3442119	1332	"M-C2h"	1084	42.1760957059059	8	63	0	1	-Inf	"SD"	20	40.8163265306122
"ECK120000758"	"proA"	"+"	260727	261980	1254	"M-C2h"	82	3.38889125086208	0	0	0	0.901913875598086	-Inf	"SD"	8	17.7777777777778
"ECK120000761"	"proS"	"-"	217057	218775	1719	"M-C2h"	75	2.2611360982958	3	80	0	0.824316463059919	-Inf	"SD"	66	103.125
"ECK120000762"	"proV"	"+"	2802837	2804039	1203	"M-C2h"	18	0.775439990617551	0	0	0	0.669991687448047	-Inf	"SD"	13	29.5454545454545
"ECK120000763"	"proW"	"+"	2804032	2805096	1065	"M-C2h"	16	0.778595145508953	1	98	0	0.522065727699531	-Inf	"SD"	9	23.6842105263158
"ECK120000764"	"proX"	"+"	2805154	2806146	993	"M-C2h"	10	0.521905733866462	1	80	0	0.366565961732125	-Inf	"SD"	18	50
"ECK120000765"	"prs"	"-"	1260151	1261098	948	"M-C2h"	55	3.00673857121485	3	64	0	0.624472573839662	-Inf	"SD"	41	120.588235294118
"ECK120000766"	"psd"	"-"	4387415	4388383	969	"M-C2h"	47	2.51371130085466	1	72	0	0.813209494324045	-Inf	"SD"	9	25
"ECK120000768"	"pspB"	"+"	1366825	1367049	225	"M-C2h"	113	26.0277868850764	0	0	0	1	-Inf	"SD"	NA	NA
"ECK120000769"	"pspC"	"+"	1367049	1367408	360	"M-C2h"	280	40.3085195122864	0	0	0	1	-Inf	"SD"	NA	NA
"ECK120000770"	"pspD"	"+"	1367417	1367638	222	"M-C2h"	98	22.8778083718382	0	0	0	1	-Inf	"SD"	NA	NA
"ECK120000771"	"pspE"	"+"	1367713	1368027	315	"M-C2h"	356	58.5707467198937	0	0	0	1	-Inf	"SD"	2	18.1818181818182
"ECK120000773"	"pstA"	"-"	3906572	3907462	891	"M-C2h"	16	0.930644029143698	0	0	0	0.646464646464647	-Inf	"SD"	NA	NA
"ECK120000774"	"pstB"	"-"	3905616	3906389	774	"M-C2h"	83	5.55748690950128	0	0	0	0.656330749354005	-Inf	"SD"	1	3.44827586206897
"ECK120000775"	"pstC"	"-"	3907462	3908421	960	"M-C2h"	9	0.485861619121309	13	396	32.8282828282828	0.403125	2.41989424759238	"AD"	NA	NA
"ECK120000777"	"ptrA"	"-"	2954018	2956906	2889	"M-C2h"	48	0.861063167151646	2	41	0	0.508480443059882	-Inf	"SD"	9	8.33333333333333
"ECK120000779"	"ptsH"	"+"	2531786	2532043	258	"M-C2h"	313	62.8732555183338	0	0	0	1	-Inf	"SD"	49	544.444444444444
"ECK120000780"	"ptsI"	"+"	2532088	2533815	1728	"M-C2h"	1288	38.6289978659411	4	144	0	1	-Inf	"SD"	54	84.375
"ECK120000781"	"purA"	"+"	4402710	4404008	1299	"M-C2h"	2066	82.425669395299	5	130	0	1	-Inf	"SD"	65	138.297872340426
"ECK120000782"	"purC"	"-"	2594927	2595640	714	"M-C2h"	17	1.23393427078428	287	295	962.71186440678	0.73249299719888	5.52455347756852	"AD"	8	29.6296296296296
"ECK120000784"	"purE"	"-"	551814	552323	510	"M-C2h"	2	0	0	0	0	0.180392156862745	NA	"NO"	1	5.55555555555556
"ECK120000785"	"purF"	"-"	2426743	2428260	1518	"M-C2h"	26	0.887652321275647	3	76	0	0.461133069828722	-Inf	"SD"	2	3.57142857142857
"ECK120000790"	"purN"	"+"	2620256	2620894	639	"M-C2h"	14	1.13545125386722	3	254	0	0.593114241001565	-Inf	"SD"	1	4.34782608695652
"ECK120000797"	"pyrC"	"-"	1120784	1121830	1047	"M-C2h"	5	0	4	92	0	0.210124164278892	NA	"NO"	8	20.5128205128205
"ECK120000798"	"pyrD"	"+"	1003991	1005001	1011	"M-C2h"	1	0	0	0	0	0.0642927794263106	NA	"NO"	5	13.5135135135135
"ECK120000800"	"pyrF"	"+"	1339945	1340682	738	"M-C2h"	5	0.351119507946746	2	87	0	0.43360433604336	-Inf	"SD"	8	30.7692307692308
"ECK120000801"	"pyrG"	"-"	2906051	2907688	1638	"M-C2h"	170	5.37868784700839	2	100	0	0.790598290598291	-Inf	"SD"	21	35
"ECK120000802"	"pyrI"	"-"	4469009	4469470	462	"M-C2h"	4	0	0	0	0	0.183982683982684	NA	"NO"	NA	NA
"ECK120000804"	"racC"	"-"	1415512	1415787	276	"M-C2h"	4	0.751090425694778	0	0	0	0.746376811594203	-Inf	"SD"	NA	NA
"ECK120000805"	"rbsA"	"+"	3931801	3933306	1506	"M-C2h"	258	8.87842746229644	1	76	0	0.9933598937583	-Inf	"SD"	7	12.7272727272727
"ECK120000806"	"rbsB"	"+"	3934301	3935191	891	"M-C2h"	2908	169.144552296867	0	0	0	1	-Inf	"SD"	53	170.967741935484
"ECK120000807"	"rbsC"	"+"	3933311	3934276	966	"M-C2h"	946	50.7522530505186	1	47	0	1	-Inf	"SD"	NA	NA
"ECK120000808"	"rbsD"	"+"	3931374	3931793	420	"M-C2h"	2468	304.53497802956	0	0	0	1	-Inf	"SD"	NA	NA
"ECK120000809"	"rbsK"	"+"	3935317	3936246	930	"M-C2h"	72	4.01227659661468	2	119	0	0.911827956989247	-Inf	"SD"	7	21.875
"ECK120000814"	"recA"	"-"	2820730	2821791	1062	"M-C2h"	2232	108.920842071941	2	57	0	1	-Inf	"SD"	23	60.5263157894737
"ECK120000815"	"recB"	"-"	2950483	2954025	3543	"M-C2h"	27	0	2	60	0	0.228055320349986	NA	"NO"	2	1.49253731343284
"ECK120000816"	"recC"	"-"	2957082	2960450	3369	"M-C2h"	91	1.39985063310701	22	295	47.4576271186441	0.550608489165925	1.00015393026574	"AD"	8	6.2015503875969
"ECK120000818"	"recE"	"-"	1412810	1415410	2601	"M-C2h"	16	0.318801933858914	4	133	0	0.309496347558631	-Inf	"SD"	NA	NA
"ECK120000819"	"recF"	"-"	3878171	3879244	1074	"M-C2h"	42	0	3	76	0	0.188081936685289	NA	"NO"	NA	NA
"ECK120000821"	"recJ"	"-"	3034395	3036128	1734	"M-C2h"	21	0.627641307284737	2	76	0	0.480392156862745	-Inf	"SD"	NA	NA
"ECK120000822"	"recN"	"+"	2749817	2751478	1662	"M-C2h"	397	12.3794344350524	0	0	0	0.960890493381468	-Inf	"SD"	NA	NA
"ECK120000823"	"recO"	"-"	2699763	2700491	729	"M-C2h"	93	0	2	76	0	0.119341563786008	NA	"NO"	NA	NA
"ECK120000824"	"recQ"	"+"	4003887	4005716	1830	"M-C2h"	2	0	2	106	0	0.0666666666666667	NA	"NO"	NA	NA
"ECK120000825"	"recR"	"+"	493629	494234	606	"M-C2h"	9	0.769681772865441	0	0	0	0.389438943894389	-Inf	"SD"	2	9.09090909090909
"ECK120000826"	"relA"	"-"	2909439	2911673	2235	"M-C2h"	139	3.22313569254524	0	0	0	0.502013422818792	-Inf	"SD"	NA	NA
"ECK120000831"	"rfe"	"+"	3965939	3967042	1104	"M-C2h"	49	2.30021442869026	6	196	0	0.807971014492754	-Inf	"SD"	NA	NA
"ECK120000836"	"rho"	"+"	3964440	3965699	1260	"M-C2h"	37	1.52185226730061	4	172	0	0.757936507936508	-Inf	"SD"	66	140.425531914894
"ECK120000838"	"rhsB"	"+"	3617215	3621450	4236	"M-C2h"	17	0	0	0	0	0.0793201133144476	NA	"NO"	NA	NA
"ECK120000839"	"rhsC"	"+"	728806	732999	4194	"M-C2h"	7	0	0	0	0	0.0934668574153553	NA	"NO"	NA	NA
"ECK120000840"	"rhsD"	"+"	522485	526765	4281	"M-C2h"	74	0.895834551179055	0	0	0	0.298294790936697	-Inf	"SD"	NA	NA
"ECK120000841"	"rimI"	"+"	4606208	4606654	447	"M-C2h"	10	1.15940132825368	0	0	0	0.416107382550336	-Inf	"SD"	1	5.88235294117647
"ECK120000843"	"rimK"	"+"	891190	892092	903	"M-C2h"	54	3.09918374987679	1	62	0	0.529346622369878	-Inf	"SD"	NA	NA
"ECK120000845"	"rlpA"	"-"	663325	664413	1089	"M-C2h"	49	2.33189782302483	27	599	38.3973288814691	0.775022956841139	0.980129285943791	"AD"	NA	NA
"ECK120000846"	"lptE"	"-"	670828	671409	582	"M-C2h"	165	14.6927225026375	0	0	0	1	-Inf	"SD"	2	9.52380952380952
"ECK120000848"	"rnc"	"-"	2701405	2702085	681	"M-C2h"	14	1.06542342323224	0	0	0	0.607929515418502	-Inf	"SD"	2	7.69230769230769
"ECK120000852"	"rnhB"	"+"	204493	205089	597	"M-C2h"	1	0	0	0	0	0.0184254606365159	NA	"NO"	NA	NA
"ECK120000853"	"rnpA"	"+"	3882516	3882875	360	"M-C2h"	6	0.863753989548995	0	0	0	0.425	-Inf	"SD"	NA	NA
"ECK120000855"	"rplA"	"+"	4176902	4177606	705	"M-C2h"	584	42.9304110550309	0	0	0	1	-Inf	"SD"	215	860
"ECK120000856"	"rplB"	"-"	3448565	3449386	822	"M-C2h"	118	7.43963290268477	21	163	116.564417177914	1	-0.969232016951495	"SD"	71	236.666666666667
"ECK120000857"	"rplC"	"-"	3450319	3450948	630	"M-C2h"	139	11.4344575759343	0	0	0	1	-Inf	"SD"	87	395.454545454545
"ECK120000858"	"rplD"	"-"	3449703	3450308	606	"M-C2h"	145	12.4004285628321	0	0	0	1	-Inf	"SD"	31	140.909090909091
"ECK120000859"	"rplE"	"-"	3444921	3445460	540	"M-C2h"	627	60.1748612719133	62	441	140.589569160998	1	-2.27882079007926	"SD"	41	205
"ECK120000860"	"rplF"	"-"	3443629	3444162	534	"M-C2h"	553	53.6692085641117	0	0	0	1	-Inf	"SD"	50	263.157894736842
"ECK120000862"	"rplJ"	"+"	4178019	4178516	498	"M-C2h"	593	61.7115802171751	27	378	71.4285714285714	1	-3.51450992502938	"SD"	14	77.7777777777778
"ECK120000863"	"rplK"	"+"	4176470	4176898	429	"M-C2h"	144	17.395884544763	0	0	0	1	-Inf	"SD"	30	200
"ECK120000864"	"rplL"	"+"	4178583	4178948	366	"M-C2h"	723	102.376087613758	0	0	0	1	-Inf	"SD"	101	841.666666666667
"ECK120000865"	"rplM"	"-"	3376245	3376673	429	"M-C2h"	76	9.18116128751379	1	36	0	1	-Inf	"SD"	3	18.75
"ECK120000866"	"rplN"	"-"	3445800	3446171	372	"M-C2h"	744	103.650478745879	4	202	0	1	-Inf	"SD"	9	64.2857142857143
"ECK120000867"	"rplO"	"-"	3442127	3442561	435	"M-C2h"	1512	180.137383751459	0	0	0	1	-Inf	"SD"	30	200
"ECK120000868"	"rplP"	"-"	3446781	3447191	411	"M-C2h"	371	46.7814204558653	0	0	0	1	-Inf	"SD"	19	126.666666666667
"ECK120000869"	"rplQ"	"-"	3437638	3438021	384	"M-C2h"	160	21.5938497387249	5	94	0	1	-Inf	"SD"	21	150
"ECK120000870"	"rplR"	"-"	3443266	3443619	354	"M-C2h"	423	61.9267690812245	0	0	0	1	-Inf	"SD"	NA	NA
"ECK120000872"	"rplT"	"-"	1797417	1797773	357	"M-C2h"	257	37.308365599007	0	0	0	1	-Inf	"SD"	10	76.9230769230769
"ECK120000873"	"rplV"	"-"	3447923	3448255	333	"M-C2h"	149	23.1890710707748	1	76	0	1	-Inf	"SD"	11	91.6666666666667
"ECK120000874"	"rplW"	"-"	3449404	3449706	303	"M-C2h"	85	14.5384334874583	0	0	0	1	-Inf	"SD"	NA	NA
"ECK120000875"	"rplX"	"-"	3445475	3445789	315	"M-C2h"	382	62.8483855252792	1	56	0	1	-Inf	"SD"	72	654.545454545455
"ECK120000877"	"rpmB"	"-"	3809461	3809697	237	"M-C2h"	115	25.1472680501606	0	0	0	1	-Inf	"SD"	5	55.5555555555556
"ECK120000878"	"rpmC"	"-"	3446590	3446781	192	"M-C2h"	744	200.822802570141	0	0	0	1	-Inf	"SD"	4	57.1428571428571
"ECK120000879"	"rpmD"	"-"	3442565	3442744	180	"M-C2h"	251	72.2674171255992	0	0	0	1	-Inf	"SD"	5	71.4285714285714
"ECK120000881"	"rpmF"	"+"	1146590	1146763	174	"M-C2h"	27	8.04184748890443	1	76	0	1	-Inf	"SD"	NA	NA
"ECK120000882"	"rpmG"	"-"	3809273	3809440	168	"M-C2h"	62	19.1259811971563	0	0	0	1	-Inf	"SD"	NA	NA
"ECK120000884"	"rpoA"	"-"	3438062	3439051	990	"M-C2h"	418	21.8817677352412	3	177	0	1	-Inf	"SD"	70	189.189189189189
"ECK120000885"	"rpoB"	"+"	4179268	4183296	4029	"M-C2h"	238	3.06140654523694	6	157	0	0.904194589228096	-Inf	"SD"	275	182.119205298013
"ECK120000886"	"rpoC"	"+"	4183373	4187596	4224	"M-C2h"	759	9.3123476998251	5	48	0	0.997632575757576	-Inf	"SD"	400	258.064516129032
"ECK120000888"	"rpoH"	"-"	3597952	3598806	855	"M-C2h"	1058	64.1299453293218	1	38	0	1	-Inf	"SD"	NA	NA
"ECK120000889"	"rpoN"	"+"	3342739	3344172	1434	"M-C2h"	226	8.16771554971016	18	113	79.646017699115	0.971408647140865	-2.18193571698589	"SD"	4	7.40740740740741
"ECK120000890"	"rpoZ"	"+"	3820129	3820404	276	"M-C2h"	156	29.2925266020963	0	0	0	1	-Inf	"SD"	4	40
"ECK120000891"	"rpsA"	"+"	961218	962891	1674	"M-C2h"	2111	65.3542893167716	10	183	54.6448087431694	1	-5.03021002062437	"SD"	492	806.55737704918
"ECK120000892"	"rpsB"	"+"	189874	190599	726	"M-C2h"	170	12.1353866300272	0	0	0	1	-Inf	"SD"	76	281.481481481481
"ECK120000893"	"rpsC"	"-"	3447204	3447905	702	"M-C2h"	260	19.1945331010888	1	100	0	1	-Inf	"SD"	136	523.076923076923
"ECK120000894"	"rpsD"	"-"	3439077	3439697	621	"M-C2h"	231	19.2779875928326	0	0	0	1	-Inf	"SD"	92	400
"ECK120000895"	"rpsE"	"-"	3442748	3443251	504	"M-C2h"	537	55.2185586175964	0	0	0	1	-Inf	"SD"	123	683.333333333333
"ECK120000897"	"rpsG"	"-"	3471564	3472103	540	"M-C2h"	163	15.6435444773873	2	46	0	1	-Inf	"SD"	17	85
"ECK120000898"	"rpsH"	"-"	3444175	3444567	393	"M-C2h"	339	44.7042141155892	0	0	0	1	-Inf	"SD"	32	228.571428571429
"ECK120000899"	"rpsI"	"-"	3375837	3376229	393	"M-C2h"	89	11.7365045908184	9	225	35.5555555555556	1	-2.87485899342271	"SD"	5	33.3333333333333
"ECK120000900"	"rpsJ"	"-"	3450981	3451292	312	"M-C2h"	76	12.6240967703315	0	0	0	1	-Inf	"SD"	38	316.666666666667
"ECK120000901"	"rpsK"	"-"	3439731	3440120	390	"M-C2h"	123	16.3448831868502	0	0	0	1	-Inf	"SD"	4	28.5714285714286
"ECK120000902"	"rpsL"	"-"	3472200	3472574	375	"M-C2h"	28	3.8696178731795	2	100	0	0.856	-Inf	"SD"	NA	NA
"ECK120000903"	"rpsM"	"-"	3440137	3440493	357	"M-C2h"	115	16.6944048400226	0	0	0	1	-Inf	"SD"	31	238.461538461538
"ECK120000904"	"rpsN"	"-"	3444601	3444906	306	"M-C2h"	298	50.4703311540393	8	121	66.1157024793388	1	-4.97929174248443	"SD"	5	41.6666666666667
"ECK120000905"	"rpsO"	"-"	3309437	3309706	270	"M-C2h"	162	31.0951436237638	0	0	0	1	-Inf	"SD"	3	30
"ECK120000906"	"rpsP"	"-"	2743959	2744207	249	"M-C2h"	24	4.99520379498214	0	0	0	0.991967871485944	-Inf	"SD"	8	88.8888888888889
"ECK120000907"	"rpsQ"	"-"	3446336	3446590	255	"M-C2h"	904	183.725554482892	0	0	0	1	-Inf	"SD"	2	20
"ECK120000908"	"rpsR"	"+"	4423862	4424089	228	"M-C2h"	29	6.59180676234759	5	148	0	0.995614035087719	-Inf	"SD"	7	77.7777777777778
"ECK120000909"	"rpsS"	"-"	3448270	3448548	279	"M-C2h"	240	44.5808510734965	0	0	0	1	-Inf	"SD"	6	60
"ECK120000916"	"sbcC"	"-"	411831	414977	3147	"M-C2h"	30	0.494044226624782	1	76	0	0.306641245630759	-Inf	"SD"	7	5.88235294117647
"ECK120000918"	"sbp"	"+"	4106857	4107846	990	"M-C2h"	5	0.261743633196665	1	76	0	0.315151515151515	-Inf	"SD"	3	8.10810810810811
"ECK120000919"	"sdaA"	"+"	1894956	1896320	1365	"M-C2h"	538	20.4263580825213	1	38	0	1	-Inf	"SD"	3	6.12244897959184
"ECK120000920"	"sdhA"	"+"	755130	756896	1767	"M-C2h"	15012	440.294563365348	0	0	0	1	-Inf	"SD"	106	165.625
"ECK120000921"	"sdhB"	"+"	756912	757628	717	"M-C2h"	8713	629.78146535066	3	35	0	1	-Inf	"SD"	43	159.259259259259
"ECK120000923"	"sdhD"	"+"	754783	755130	348	"M-C2h"	1975	294.123125751597	3	76	0	1	-Inf	"SD"	NA	NA
"ECK120000925"	"secA"	"+"	108279	110984	2706	"M-C2h"	276	5.28594459236192	2	67	0	0.823725055432373	-Inf	"SD"	79	77.4509803921569
"ECK120000926"	"secB"	"-"	3781684	3782151	468	"M-C2h"	314	34.7716349638954	2	76	0	1	-Inf	"SD"	17	100
"ECK120000927"	"secD"	"+"	426871	428718	1848	"M-C2h"	249	6.98294621421103	1	76	0	0.939935064935065	-Inf	"SD"	40	59.7014925373134
"ECK120000928"	"secE"	"+"	4175381	4175764	384	"M-C2h"	181	24.4280425169325	0	0	0	1	-Inf	"SD"	NA	NA
"ECK120000929"	"secF"	"+"	428729	429700	972	"M-C2h"	111	5.9183143728357	1	71	0	0.998971193415638	-Inf	"SD"	14	40
"ECK120000930"	"selA"	"-"	3757881	3759272	1392	"M-C2h"	17	0.632923181997108	2	100	0	0.369252873563218	-Inf	"SD"	2	3.92156862745098
"ECK120000931"	"selB"	"-"	3756040	3757884	1845	"M-C2h"	18	0.505612091443314	0	0	0	0.402710027100271	-Inf	"SD"	11	15.9420289855072
"ECK120000932"	"selD"	"-"	1844989	1846032	1044	"M-C2h"	1616	80.2199107535158	0	0	0	1	-Inf	"SD"	22	59.4594594594595
"ECK120000935"	"serC"	"+"	956876	957964	1089	"M-C2h"	359	17.0847207850187	0	0	0	1	-Inf	"SD"	17	42.5
"ECK120000936"	"serS"	"+"	938651	939943	1293	"M-C2h"	1463	58.6390759494283	0	0	0	1	-Inf	"SD"	29	60.4166666666667
"ECK120000937"	"maeA"	"-"	1551996	1553693	1698	"M-C2h"	131	3.99829585268263	5	195	0	0.940518256772674	-Inf	"SD"	29	46.031746031746
"ECK120000938"	"sfsA"	"-"	160782	161486	705	"M-C2h"	1510	111.001576529275	0	0	0	0.858156028368794	-Inf	"SD"	1	3.84615384615385
"ECK120000944"	"prlF"	"+"	3275024	3275359	336	"M-C2h"	878	135.424286218575	0	0	0	1	-Inf	"SD"	NA	NA
"ECK120000948"	"speA"	"-"	3081957	3083933	1977	"M-C2h"	243	6.37002183491368	10	249	0	0.982802225594335	-Inf	"SD"	25	33.7837837837838
"ECK120000952"	"speE"	"-"	135598	136464	867	"M-C2h"	135	8.06967395080376	4	81	0	1	-Inf	"SD"	6	18.75
"ECK120000955"	"spoT"	"+"	3820423	3822531	2109	"M-C2h"	51	1.25324191940252	0	0	0	0.52773826458037	-Inf	"SD"	NA	NA
"ECK120000956"	"trmH"	"+"	3822538	3823227	690	"M-C2h"	16	1.20174468111164	0	0	0	0.589855072463768	-Inf	"SD"	1	4
"ECK120000958"	"srlE"	"+"	2824414	2825373	960	"M-C2h"	74	3.9948622016641	1	47	0	0.8375	-Inf	"SD"	18	54.5454545454545
"ECK120000959"	"srlB"	"+"	2825384	2825755	372	"M-C2h"	6	0	0	0	0	0.190860215053763	NA	"NO"	7	53.8461538461538
"ECK120000960"	"srlD"	"+"	2825759	2826538	780	"M-C2h"	30	1.99327843742076	0	0	0	0.648717948717949	-Inf	"SD"	25	89.2857142857143
"ECK120000961"	"gutM"	"+"	2826643	2827002	360	"M-C2h"	2	0	0	0	0	0.025	NA	"NO"	NA	NA
"ECK120000963"	"srlR"	"+"	2827069	2827842	774	"M-C2h"	180	12.0523812495209	5	194	0	0.868217054263566	-Inf	"SD"	1	3.57142857142857
"ECK120000966"	"sspA"	"-"	3374804	3375442	639	"M-C2h"	233	18.8971530107902	0	0	0	1	-Inf	"SD"	21	87.5
"ECK120000968"	"sucA"	"+"	757929	760730	2802	"M-C2h"	7635	141.215454180012	1	76	0	1	-Inf	"SD"	148	140.952380952381
"ECK120000969"	"sucB"	"+"	760745	761962	1218	"M-C2h"	3703	157.560641541868	1	100	0	1	-Inf	"SD"	76	172.727272727273
"ECK120000970"	"sucC"	"+"	762237	763403	1167	"M-C2h"	2659	118.083386026261	1	73	0	1	-Inf	"SD"	148	360.975609756098
"ECK120000973"	"sulA"	"-"	1019633	1020142	510	"M-C2h"	213	21.6446587969336	NA	212	750	1	0.555015707202454	"AD"	NA	NA
"ECK120000974"	"surA"	"-"	53416	54702	1287	"M-C2h"	126	5.0737996588892	2	55	0	0.996114996114996	-Inf	"SD"	21	44.6808510638298
"ECK120000976"	"tap"	"-"	1967407	1969008	1602	"M-C2h"	55	1.77926851779755	1	38	0	0.748439450686642	-Inf	"SD"	7	12.0689655172414
"ECK120000977"	"tar"	"-"	1969054	1970715	1662	"M-C2h"	109	3.39888754010254	0	0	0	0.957280385078219	-Inf	"SD"	33	55
"ECK120000979"	"tdcB"	"-"	3263061	3264050	990	"M-C2h"	6	0	0	0	0	0.178787878787879	NA	"NO"	NA	NA
"ECK120000980"	"tdcC"	"-"	3261708	3263039	1332	"M-C2h"	8	0.311262698936575	6	153	0	0.455705705705706	-Inf	"SD"	NA	NA
"ECK120000982"	"tdh"	"-"	3788343	3789368	1026	"M-C2h"	2111	106.630682569469	1	50	0	1	-Inf	"SD"	14	37.8378378378378
"ECK120000985"	"tgt"	"+"	425361	426488	1128	"M-C2h"	49	2.25127369616493	3	88	0	0.617021276595745	-Inf	"SD"	10	23.2558139534884
"ECK120000986"	"mnmE"	"+"	3884851	3886215	1365	"M-C2h"	20	0.759344166636479	0	0	0	0.378754578754579	-Inf	"SD"	1	2.04081632653061
"ECK120000987"	"thrA"	"+"	337	2799	2463	"M-C2h"	9842	207.090542390772	15	170	52.9411764705882	1	-6.84612095190379	"SD"	66	74.1573033707865
"ECK120000988"	"thrB"	"+"	2801	3733	933	"M-C2h"	2263	125.702590247548	0	0	0	1	-Inf	"SD"	NA	NA
"ECK120000989"	"thrC"	"+"	3734	5020	1287	"M-C2h"	1415	56.9795755343509	3	100	0	1	-Inf	"SD"	18	38.2978723404255
"ECK120000991"	"thyA"	"-"	2962383	2963177	795	"M-C2h"	9	0.586700823089883	16	150	73.3333333333333	0.50062893081761	1.90680660265178	"AD"	8	26.6666666666667
"ECK120000992"	"tig"	"+"	454357	455655	1299	"M-C2h"	122	4.86734349768948	1	51	0	0.924557351809084	-Inf	"SD"	176	366.666666666667
"ECK120000994"	"tnaA"	"+"	3886753	3888168	1416	"M-C2h"	1043	38.1735343686272	0	0	0	1	-Inf	"SD"	477	900
"ECK120000995"	"tnaB"	"+"	3888259	3889506	1248	"M-C2h"	6	0.249159804677595	4	191	0	0.251602564102564	-Inf	"SD"	NA	NA
"ECK120000996"	"tolA"	"+"	775565	776830	1266	"M-C2h"	29	1.18715003302942	0	0	0	0.62085308056872	-Inf	"SD"	NA	NA
"ECK120000997"	"tolB"	"+"	776963	778255	1293	"M-C2h"	716	28.6982764045049	2	76	0	1	-Inf	"SD"	13	28.2608695652174
"ECK120000999"	"tolQ"	"+"	774376	775068	693	"M-C2h"	10	0.747838951990471	1	77	0	0.492063492063492	-Inf	"SD"	2	7.69230769230769
"ECK120001000"	"tolR"	"+"	775072	775500	429	"M-C2h"	5	0.604023768915381	1	84	0	0.463869463869464	-Inf	"SD"	2	13.3333333333333
"ECK120001003"	"topB"	"-"	1843023	1844984	1962	"M-C2h"	111	2.9320089553498	0	0	0	0.77420998980632	-Inf	"SD"	2	2.73972602739726
"ECK120001008"	"trkA"	"+"	3434540	3435916	1377	"M-C2h"	42	1.58072625538378	1	39	0	0.714596949891068	-Inf	"SD"	NA	NA
"ECK120001009"	"trkG"	"+"	1421806	1423263	1458	"M-C2h"	3	0	0	0	0	0.140603566529492	NA	"NO"	NA	NA
"ECK120001010"	"trkH"	"+"	4031168	4032619	1452	"M-C2h"	33	1.17784634938499	3	160	0	0.663911845730028	-Inf	"SD"	NA	NA
"ECK120001012"	"trmD"	"-"	2742594	2743361	768	"M-C2h"	179	12.0790596975992	0	0	0	0.993489583333333	-Inf	"SD"	9	32.1428571428571
"ECK120001013"	"trpA"	"-"	1314440	1315246	807	"M-C2h"	1703	109.366025591222	0	0	0	1	-Inf	"SD"	10	34.4827586206897
"ECK120001014"	"trpB"	"-"	1315246	1316439	1194	"M-C2h"	2617	113.590160334157	0	0	0	1	-Inf	"SD"	21	48.8372093023256
"ECK120001015"	"trpC"	"-"	1316451	1317809	1359	"M-C2h"	2974	113.412996243652	0	0	0	1	-Inf	"SD"	3	6.12244897959184
"ECK120001016"	"trpD"	"-"	1317813	1319408	1596	"M-C2h"	3984	129.368266705383	2	50	0	1	-Inf	"SD"	5	8.7719298245614
"ECK120001017"	"trpE"	"-"	1319408	1320970	1563	"M-C2h"	3821	126.694970981448	4	76	0	1	-Inf	"SD"	10	17.5438596491228
"ECK120001019"	"trpS"	"-"	3510656	3511660	1005	"M-C2h"	202	10.4166152769491	1	100	0	1	-Inf	"SD"	18	48.6486486486486
"ECK120001022"	"tsf"	"+"	190857	191708	852	"M-C2h"	84	5.1095306424025	3	76	0	0.896713615023474	-Inf	"SD"	266	886.666666666667
"ECK120001025"	"tufA"	"-"	3468167	3469351	1185	"M-C2h"	126	0	0	0	0	0.149367088607595	NA	"NO"	761	1769.76744186047
"ECK120001026"	"tufB"	"+"	4173967	4175151	1185	"M-C2h"	43	0	0	0	0	0.183122362869198	NA	"NO"	NA	NA
"ECK120001032"	"tyrS"	"-"	1713972	1715246	1275	"M-C2h"	357	14.5110670244231	1	100	0	0.996862745098039	-Inf	"SD"	33	68.75
"ECK120001033"	"ubiX"	"-"	2426079	2426648	570	"M-C2h"	16	1.45474356134568	4	151	0	0.571929824561404	-Inf	"SD"	3	14.2857142857143
"ECK120001035"	"ugpA"	"-"	3588047	3588934	888	"M-C2h"	0	0	2	76	0	0	NA	"NO"	NA	NA
"ECK120001036"	"ugpB"	"-"	3589032	3590348	1317	"M-C2h"	426	16.7635170636844	2	81	0	0.993166287015945	-Inf	"SD"	2	4.16666666666667
"ECK120001037"	"ugpC"	"-"	3586133	3587203	1071	"M-C2h"	76	3.67760802272961	1	76	0	0.598506069094304	-Inf	"SD"	NA	NA
"ECK120001038"	"ugpE"	"-"	3587205	3588050	846	"M-C2h"	7	0.428814037364749	2	59	0	0.375886524822695	-Inf	"SD"	NA	NA
"ECK120001040"	"uhpA"	"-"	3848159	3848749	591	"M-C2h"	5	0.43845380180152	0	0	0	0.301184433164129	-Inf	"SD"	2	9.52380952380952
"ECK120001041"	"uhpB"	"-"	3846657	3848159	1503	"M-C2h"	9	0.310330774688262	0	0	0	0.292747837658017	-Inf	"SD"	NA	NA
"ECK120001042"	"uhpC"	"-"	3845328	3846647	1320	"M-C2h"	4	0	1	76	0	0.131818181818182	NA	"NO"	NA	NA
"ECK120001044"	"uidA"	"-"	1692284	1694095	1812	"M-C2h"	245	7.00727574302992	7	108	64.8148148148148	0.985099337748344	-2.32342684161365	"SD"	1	1.47058823529412
"ECK120001046"	"umuD"	"+"	1229990	1230409	420	"M-C2h"	11	1.35732769786271	0	0	0	0.735714285714286	-Inf	"SD"	NA	NA
"ECK120001048"	"usg"	"-"	2433658	2434671	1014	"M-C2h"	13	0.664426145806919	0	0	0	0.517751479289941	-Inf	"SD"	5	13.8888888888889
"ECK120001052"	"uvrC"	"-"	1990898	1992730	1833	"M-C2h"	79	2.23360278803177	7	100	0	0.610474631751228	-Inf	"SD"	6	8.82352941176471
"ECK120001054"	"uxaB"	"-"	1607253	1608704	1452	"M-C2h"	32	1.14215403576727	0	0	0	0.703168044077135	-Inf	"SD"	3	5.45454545454545
"ECK120001058"	"xerC"	"+"	3994310	3995206	897	"M-C2h"	9	0.519985679327154	0	0	0	0.372352285395764	-Inf	"SD"	NA	NA
"ECK120001059"	"dsbC"	"-"	3036134	3036844	711	"M-C2h"	40	2.91562528117804	0	0	0	1	-Inf	"SD"	6	23.0769230769231
"ECK120001064"	"xylB"	"-"	3725940	3727394	1455	"M-C2h"	59	2.1015045518924	2	124	0	0.64192439862543	-Inf	"SD"	NA	NA
"ECK120001067"	"ribF"	"+"	21407	22348	942	"M-C2h"	123	6.76698985442843	0	0	0	0.929936305732484	-Inf	"SD"	6	17.1428571428571
"ECK120001068"	"fkpB"	"+"	25826	26275	450	"M-C2h"	6	0.691003191639196	1	76	0	0.455555555555556	-Inf	"SD"	3	18.75
"ECK120001069"	"ispH"	"+"	26277	27227	951	"M-C2h"	41	2.23431631365986	0	0	0	0.678233438485804	-Inf	"SD"	1	2.85714285714286
"ECK120001070"	"rihC"	"+"	27293	28207	915	"M-C2h"	43	2.4355030524988	3	165	0	0.967213114754098	-Inf	"SD"	7	21.2121212121212
"ECK120001071"	"hepA"	"-"	60358	63264	2907	"M-C2h"	7	0	4	197	0	0.135878912968696	NA	"NO"	8	7.27272727272727
"ECK120001072"	"mraZ"	"+"	89634	90092	459	"M-C2h"	707	79.8266758968809	0	0	0	1	-Inf	"SD"	1	5.88235294117647
"ECK120001073"	"rsmH"	"+"	90094	91035	942	"M-C2h"	805	44.2880230310153	0	0	0	1	-Inf	"SD"	8	22.8571428571429
"ECK120001074"	"ftsL"	"+"	91032	91397	366	"M-C2h"	392	55.5068137546239	0	0	0	1	-Inf	"SD"	NA	NA
"ECK120001075"	"secM"	"+"	107705	108217	513	"M-C2h"	380	38.3890662021775	14	300	43.3333333333333	1	-3.88411193929772	"SD"	NA	NA
"ECK120001079"	"frsA"	"+"	256527	257771	1245	"M-C2h"	251	10.448301271171	10	78	0	1	-Inf	"SD"	3	6.38297872340426
"ECK120001081"	"yaiA"	"+"	406203	406394	192	"M-C2h"	33	8.90746301722401	0	0	0	1	-Inf	"SD"	NA	NA
"ECK120001084"	"yajC"	"+"	426511	426843	333	"M-C2h"	177	27.5467488558869	0	0	0	1	-Inf	"SD"	2	16.6666666666667
"ECK120001088"	"ybaB"	"+"	493300	493629	330	"M-C2h"	164	25.7555735065518	0	0	0	1	-Inf	"SD"	10	83.3333333333333
"ECK120001093"	"entH"	"+"	628523	628936	414	"M-C2h"	6	0.751090425694778	0	0	0	0.640096618357488	-Inf	"SD"	NA	NA
"ECK120001094"	"ybgA"	"+"	738224	738733	510	"M-C2h"	0	0	2	76	0	0	NA	"NO"	NA	NA
"ECK120001096"	"ybgC"	"+"	773975	774379	405	"M-C2h"	35	4.47872439025405	1	56	0	0.94320987654321	-Inf	"SD"	NA	NA
"ECK120001098"	"aat"	"-"	925951	926655	705	"M-C2h"	26	1.91128542368288	0	0	0	0.560283687943262	-Inf	"SD"	NA	NA
"ECK120001099"	"yccA"	"-"	1029982	1030641	660	"M-C2h"	968	76.0103510803115	3	157	0	1	-Inf	"SD"	NA	NA
"ECK120001101"	"yceB"	"-"	1121936	1122496	561	"M-C2h"	46	4.24948486836939	1	40	0	0.966131907308378	-Inf	"SD"	2	9.52380952380952
"ECK120001106"	"yciB"	"-"	1310375	1310914	540	"M-C2h"	29	2.78320729965787	3	81	0	0.968518518518519	-Inf	"SD"	NA	NA
"ECK120001110"	"yciF"	"-"	1313294	1313794	501	"M-C2h"	1	0	0	0	0	0.107784431137725	NA	"NO"	NA	NA
"ECK120001111"	"yciG"	"-"	1313880	1314059	180	"M-C2h"	0	0	0	0	0	0	NA	"NO"	NA	NA
"ECK120001113"	"rem"	"-"	1642675	1642926	252	"M-C2h"	30	6.16967135392139	0	0	0	1	-Inf	"SD"	NA	NA
"ECK120001114"	"hokD"	"-"	1643143	1643298	156	"M-C2h"	1646	546.822717999094	1	76	0	1	-Inf	"SD"	NA	NA
"ECK120001115"	"relE"	"-"	1643370	1643657	288	"M-C2h"	2301	414.062068740049	0	0	0	1	-Inf	"SD"	NA	NA
"ECK120001117"	"nlpC"	"-"	1790291	1790755	465	"M-C2h"	972	108.331468108596	1	71	0	1	-Inf	"SD"	NA	NA
"ECK120001121"	"yebC"	"-"	1945435	1946175	741	"M-C2h"	32	2.23806701745488	0	0	0	0.813765182186235	-Inf	"SD"	NA	NA
"ECK120001122"	"nudB"	"-"	1946204	1946656	453	"M-C2h"	61	6.97867461754817	1	37	0	0.986754966887417	-Inf	"SD"	NA	NA
"ECK120001126"	"yfaA"	"-"	2332978	2334666	1689	"M-C2h"	16	0.490943653029624	3	193	0	0.368265245707519	-Inf	"SD"	NA	NA
"ECK120001128"	"yfcA"	"-"	2442773	2443582	810	"M-C2h"	14	0.895744878050809	0	0	0	0.565432098765432	-Inf	"SD"	NA	NA
"ECK120001133"	"hyfA"	"+"	2599223	2599840	618	"M-C2h"	0	0	0	0	0	0	NA	"NO"	NA	NA
"ECK120001134"	"raiA"	"+"	2735176	2735517	342	"M-C2h"	157170	23816.8797434062	0	0	0	1	-Inf	"SD"	3	23.0769230769231
"ECK120001136"	"rimM"	"-"	2743392	2743940	549	"M-C2h"	63	5.94715861656685	0	0	0	0.927140255009107	-Inf	"SD"	11	52.3809523809524
"ECK120001137"	"ppdC"	"-"	2960463	2960786	324	"M-C2h"	10	1.59954442509073	0	0	0	0.481481481481481	-Inf	"SD"	NA	NA
"ECK120001138"	"ygdB"	"-"	2960771	2961178	408	"M-C2h"	3	0.381067936565733	0	0	0	0.404411764705882	-Inf	"SD"	NA	NA
"ECK120001139"	"ppdB"	"-"	2961175	2961738	564	"M-C2h"	4	0.367554889169785	0	0	0	0.416666666666667	-Inf	"SD"	NA	NA
"ECK120001142"	"argO"	"-"	3066195	3066830	636	"M-C2h"	43	3.50390769345347	3	90	0	0.952830188679245	-Inf	"SD"	NA	NA
"ECK120001143"	"mscS"	"-"	3066969	3067829	861	"M-C2h"	42	2.52806045721657	2	61	0	0.780487804878049	-Inf	"SD"	16	51.6129032258064
"ECK120001144"	"yggC"	"-"	3071998	3072711	714	"M-C2h"	14	1.01618116417529	2	36	0	0.634453781512605	-Inf	"SD"	NA	NA
"ECK120001145"	"yggD"	"-"	3072708	3073217	510	"M-C2h"	74	7.51974061489713	0	0	0	0.96078431372549	-Inf	"SD"	NA	NA
"ECK120001146"	"ygiA"	"+"	3177618	3177878	261	"M-C2h"	196	38.9185705635869	0	0	0	0.681992337164751	-Inf	"SD"	NA	NA
"ECK120001147"	"ygiB"	"+"	3177862	3178437	576	"M-C2h"	689	61.9923436249226	2	64	0	1	-Inf	"SD"	NA	NA
"ECK120001152"	"ttdB"	"+"	3205393	3205998	606	"M-C2h"	1	0	2	106	0	0.125412541254125	NA	"NO"	NA	NA
"ECK120001154"	"tdcD"	"-"	3260474	3261694	1221	"M-C2h"	8	0.339559307930809	0	0	0	0.294021294021294	-Inf	"SD"	NA	NA
"ECK120001155"	"yhaB"	"+"	3265876	3266415	540	"M-C2h"	0	0	1	100	0	0	NA	"NO"	NA	NA
"ECK120001157"	"garK"	"-"	3268647	3269873	1227	"M-C2h"	201	8.48970913933242	0	0	0	1	-Inf	"SD"	3	7.69230769230769
"ECK120001158"	"garR"	"-"	3269889	3270779	891	"M-C2h"	641	37.2839264175694	0	0	0	1	-Inf	"SD"	49	163.333333333333
"ECK120001159"	"truB"	"-"	3309855	3310799	945	"M-C2h"	21	1.15167198606533	8	137	43.7956204379562	0.656084656084656	0.0593045323359035	"AD"	4	11.4285714285714
"ECK120001160"	"rbfA"	"-"	3310799	3311200	402	"M-C2h"	19	2.44945161215387	1	44	0	0.907960199004975	-Inf	"SD"	10	66.6666666666667
"ECK120001161"	"rimP"	"-"	3315576	3316028	453	"M-C2h"	17	1.94487653275933	0	0	0	0.867549668874172	-Inf	"SD"	4	23.5294117647059
"ECK120001163"	"bfd"	"-"	3464819	3465013	195	"M-C2h"	8	2.12616366658214	0	0	0	0.841025641025641	-Inf	"SD"	NA	NA
"ECK120001165"	"damX"	"-"	3514042	3515328	1287	"M-C2h"	263	10.5905500816497	1	76	0	1	-Inf	"SD"	7	15.2173913043478
"ECK120001168"	"yibA"	"+"	3764360	3765202	843	"M-C2h"	9	0.553294370529605	0	0	0	0.341637010676157	-Inf	"SD"	NA	NA
"ECK120001170"	"waaC"	"+"	3794002	3794961	960	"M-C2h"	20	1.07969248693624	3	136	0	0.51875	-Inf	"SD"	2	5.55555555555556
"ECK120001174"	"dinD"	"+"	3815783	3816607	825	"M-C2h"	298	18.7199046462255	0	0	0	1	-Inf	"SD"	NA	NA
"ECK120001177"	"yidB"	"-"	3875090	3875488	399	"M-C2h"	3	0.389663453931877	1	100	0	0.426065162907268	-Inf	"SD"	NA	NA
"ECK120001178"	"yidC"	"+"	3883099	3884745	1647	"M-C2h"	46	1.44745659450833	1	76	0	0.612021857923497	-Inf	"SD"	15	24.1935483870968
"ECK120001179"	"glmU"	"-"	3911853	3913223	1371	"M-C2h"	514	19.4297396336185	2	72	0	1	-Inf	"SD"	4	8.16326530612245
"ECK120001180"	"mioC"	"-"	3924035	3924478	444	"M-C2h"	20	2.33447024202431	0	0	0	0.777027027027027	-Inf	"SD"	NA	NA
"ECK120001181"	"yigA"	"+"	3993606	3994313	708	"M-C2h"	41	3.00117911622956	0	0	0	0.913841807909605	-Inf	"SD"	1	3.7037037037037
"ECK120001182"	"yigB"	"+"	3995206	3995922	717	"M-C2h"	6	0.433684011489035	0	0	0	0.602510460251046	-Inf	"SD"	NA	NA
"ECK120001184"	"murI"	"+"	4163451	4164308	858	"M-C2h"	178	10.7516230866938	0	0	0	0.961538461538462	-Inf	"SD"	1	3.2258064516129
"ECK120001185"	"murB"	"+"	4170080	4171108	1029	"M-C2h"	72	3.62625581618237	5	73	0	0.815354713313897	-Inf	"SD"	5	13.1578947368421
"ECK120001192"	"nsrR"	"+"	4404213	4404638	426	"M-C2h"	290	35.2800925308744	0	0	0	1	-Inf	"SD"	2	12.5
"ECK120001194"	"yjjA"	"-"	4597718	4598212	495	"M-C2h"	42	4.39729303770397	0	0	0	0.876767676767677	-Inf	"SD"	NA	NA
"ECK120001195"	"yjjB"	"-"	4599647	4599973	327	"M-C2h"	0	0	2	37	0	0	NA	"NO"	NA	NA
"ECK120001197"	"creB"	"+"	4634030	4634719	690	"M-C2h"	104	7.81134042722569	0	0	0	1	-Inf	"SD"	NA	NA
"ECK120001201"	"argH"	"+"	4154873	4156246	1374	"M-C2h"	32	1.20699247447894	1	41	0	0.7882096069869	-Inf	"SD"	2	4
"ECK120001202"	"fliO"	"+"	2019528	2019893	366	"M-C2h"	0	0	0	0	0	0	NA	"NO"	NA	NA
"ECK120001203"	"dcuA"	"-"	4363495	4364796	1302	"M-C2h"	4682	186.363879219742	4	76	0	1	-Inf	"SD"	5	10.8695652173913
"ECK120001204"	"leuA"	"-"	81958	83529	1572	"M-C2h"	80	2.63741676198166	1	49	0	0.782442748091603	-Inf	"SD"	NA	NA
"ECK120001206"	"fdnH"	"+"	1548485	1549369	885	"M-C2h"	7	0.409917147582574	0	0	0	0.296045197740113	-Inf	"SD"	NA	NA
"ECK120001207"	"fdnI"	"+"	1549362	1550015	654	"M-C2h"	94	7.44888761629408	1	63	0	0.848623853211009	-Inf	"SD"	NA	NA
"ECK120001209"	"rpmI"	"-"	1797826	1798023	198	"M-C2h"	47	12.3019507602433	1	41	0	1	-Inf	"SD"	NA	NA
"ECK120001210"	"rpmJ"	"-"	3440640	3440756	117	"M-C2h"	35	15.5032767354948	0	0	0	1	-Inf	"SD"	NA	NA
"ECK120001211"	"rstB"	"+"	1680906	1682207	1302	"M-C2h"	35	1.39315159604677	37	276	119.565217391304	0.304915514592934	2.2441137708642	"AD"	1	2.04081632653061
"ECK120001212"	"ydiB"	"+"	1771813	1772679	867	"M-C2h"	7	0	2	76	0	0.0980392156862745	NA	"NO"	NA	NA
"ECK120001215"	"chiA"	"-"	3465182	3467875	2694	"M-C2h"	90	1.73135543562159	5	195	0	0.508166295471418	-Inf	"SD"	NA	NA
"ECK120001216"	"ybhB"	"-"	806656	807132	477	"M-C2h"	52	5.64971162975443	15	421	35.6294536817102	0.991614255765199	-0.913214731241984	"SD"	1	5.88235294117647
"ECK120001221"	"yggF"	"-"	3073239	3074204	966	"M-C2h"	41	2.19962196096328	0	0	0	0.27639751552795	-Inf	"SD"	NA	NA
"ECK120001224"	"mazF"	"-"	2908778	2909113	336	"M-C2h"	190	29.3059389311266	1	83	0	0.889880952380952	-Inf	"SD"	NA	NA
"ECK120001226"	"ychA"	"+"	1266543	1267352	810	"M-C2h"	30	1.91945331010888	0	0	0	0.812345679012346	-Inf	"SD"	NA	NA
"ECK120001227"	"mukE"	"+"	974872	975549	678	"M-C2h"	36	2.75178262157202	1	73	0	0.836283185840708	-Inf	"SD"	5	18.5185185185185
"ECK120001228"	"ycbB"	"+"	980270	982117	1848	"M-C2h"	597	16.7422445376867	2	71	0	1	-Inf	"SD"	0	0
"ECK120001229"	"rlmH"	"-"	667471	667938	468	"M-C2h"	6	0.664426145806919	0	0	0	0.301282051282051	-Inf	"SD"	2	11.7647058823529
"ECK120001230"	"rsfS"	"-"	667942	668259	318	"M-C2h"	4	0.651889803433203	0	0	0	0.440251572327044	-Inf	"SD"	NA	NA
"ECK120001233"	"focA"	"-"	952832	953689	858	"M-C2h"	78	4.71138539753997	2	143	0	0.977855477855478	-Inf	"SD"	NA	NA
"ECK120001234"	"rnr"	"+"	4404677	4407118	2442	"M-C2h"	1600	33.9559307930809	14	160	87.5	1	-3.60016484744464	"SD"	15	16.304347826087
"ECK120001236"	"nfsA"	"+"	890407	891129	723	"M-C2h"	47	3.36899896338612	1	100	0	0.893499308437068	-Inf	"SD"	8	29.6296296296296
"ECK120001238"	"gspB"	"-"	3451530	3451949	420	"M-C2h"	16	0	0	0	0	0.245238095238095	NA	"NO"	NA	NA
"ECK120001239"	"cmk"	"+"	960424	961107	684	"M-C2h"	53	4.01569837246462	0	0	0	0.881578947368421	-Inf	"SD"	7	28
"ECK120001241"	"yiaB"	"-"	3725430	3725771	342	"M-C2h"	0	0	0	0	0	0	NA	"NO"	NA	NA
"ECK120001242"	"fmt"	"+"	3432236	3433183	948	"M-C2h"	386	21.1018379725261	9	221	27.1493212669683	1	-4.13626235236359	"SD"	13	38.2352941176471
"ECK120001245"	"pheL"	"+"	2735621	2735668	48	"M-C2h"	62	66.9409341900471	0	0	0	1	-Inf	"SD"	NA	NA
"ECK120001246"	"pheM"	"-"	1797250	1797294	45	"M-C2h"	1	1.15167198606533	0	0	0	1	-Inf	"SD"	NA	NA
"ECK120001247"	"fruL"	"+"	87860	87946	87	"M-C2h"	1	0.595692406585513	1	96	0	0.71264367816092	-Inf	"SD"	NA	NA
"ECK120001249"	"ivbL"	"-"	3850913	3851011	99	"M-C2h"	1217	637.084003200683	0	0	0	1	-Inf	"SD"	NA	NA
"ECK120001250"	"tnaC"	"+"	3886458	3886532	75	"M-C2h"	12	8.29203829967035	0	0	0	1	-Inf	"SD"	NA	NA
"ECK120001251"	"thrL"	"+"	190	255	66	"M-C2h"	678	532.386549922017	0	0	0	1	-Inf	"SD"	NA	NA
"ECK120001254"	"mutL"	"+"	4395435	4397282	1848	"M-C2h"	85	2.38373665946963	0	0	0	0.554112554112554	-Inf	"SD"	2	2.94117647058824
"ECK120001255"	"hyfB"	"+"	2599840	2601858	2019	"M-C2h"	2	0	2	37	0	0.0663694898464586	NA	"NO"	NA	NA
"ECK120001256"	"phnE_1"	"-"	4320684	4321304	621	"M-C2h"	0	0	1	71	0	0	NA	"NO"	NA	NA
"ECK120001257"	"fabZ"	"+"	202101	202556	456	"M-C2h"	86	9.77405830279125	0	0	0	0.984649122807018	-Inf	"SD"	24	141.176470588235
"ECK120001258"	"glrR"	"-"	2685491	2686825	1335	"M-C2h"	10	0	0	0	0	0.223970037453184	NA	"NO"	NA	NA
"ECK120001263"	"yeiB"	"-"	2239832	2240989	1158	"M-C2h"	14	0.626557298118442	0	0	0	0.430051813471503	-Inf	"SD"	NA	NA
"ECK120001267"	"ispE"	"-"	1261249	1262100	852	"M-C2h"	40	2.43310982971548	1	48	0	0.843896713615023	-Inf	"SD"	3	9.67741935483871
"ECK120001268"	"wzzE"	"+"	3967054	3968100	1047	"M-C2h"	56	2.77193257391081	0	0	0	0.64756446991404	-Inf	"SD"	6	15.3846153846154
"ECK120001269"	"radA"	"+"	4623935	4625317	1383	"M-C2h"	19	0.711988104183553	0	0	0	0.487346348517715	-Inf	"SD"	1	2.04081632653061
"ECK120001270"	"dsbA"	"+"	4041441	4042067	627	"M-C2h"	43	3.55420301919682	0	0	0	0.838915470494418	-Inf	"SD"	14	60.8695652173913
"ECK120001271"	"yhdE"	"-"	3395807	3396400	594	"M-C2h"	95	8.28854838456106	1	97	0	1	-Inf	"SD"	3	13.6363636363636
"ECK120001272"	"rng"	"-"	3394348	3395817	1470	"M-C2h"	136	4.79471602361891	1	65	0	0.991156462585034	-Inf	"SD"	8	14.5454545454545
"ECK120001273"	"ydfA"	"+"	1646532	1646687	156	"M-C2h"	19	6.31204838516573	0	0	0	1	-Inf	"SD"	NA	NA
"ECK120001274"	"ydfB"	"+"	1646689	1646817	129	"M-C2h"	11	4.41920645815765	0	0	0	0.635658914728682	-Inf	"SD"	NA	NA
"ECK120001275"	"ydfC"	"+"	1646847	1647065	219	"M-C2h"	15	3.5496739296534	1	62	0	0.963470319634703	-Inf	"SD"	NA	NA
"ECK120001276"	"ydfD"	"+"	1647818	1648009	192	"M-C2h"	0	0	0	0	0	0	NA	"NO"	NA	NA
"ECK120001277"	"ydfE"	"+"	1648102	1649022	921	"M-C2h"	1	0	0	0	0	0.0542888165038002	NA	"NO"	NA	NA
"ECK120001280"	"ydbC"	"+"	1472245	1473105	861	"M-C2h"	143	8.60744393766594	0	0	0	1	-Inf	"SD"	13	41.9354838709677
"ECK120001281"	"ydbD"	"+"	1473168	1475474	2307	"M-C2h"	6	0	4	41	0	0.141742522756827	NA	"NO"	NA	NA
"ECK120001282"	"dusB"	"+"	3408302	3409267	966	"M-C2h"	22	1.18028495466322	0	0	0	0.591097308488613	-Inf	"SD"	NA	NA
"ECK120001285"	"purB"	"-"	1189839	1191209	1371	"M-C2h"	6	0	9	126	0	0.234135667396061	NA	"NO"	9	17.3076923076923
"ECK120001288"	"fabD"	"+"	1148951	1149880	930	"M-C2h"	297	16.5506409610356	0	0	0	1	-Inf	"SD"	23	71.875
"ECK120001289"	"fabG"	"+"	1149893	1150627	735	"M-C2h"	551	38.851301897265	0	0	0	0.946938775510204	-Inf	"SD"	30	115.384615384615
"ECK120001292"	"ribD"	"+"	432679	433782	1104	"M-C2h"	393	18.448658581128	1	35	0	1	-Inf	"SD"	3	7.5
"ECK120001293"	"ribE"	"+"	433871	434341	471	"M-C2h"	82	9.0226531392379	0	0	0	1	-Inf	"SD"	13	81.25
"ECK120001295"	"ubiH"	"-"	3050362	3051540	1179	"M-C2h"	322	14.1541366226349	0	0	0	0.954198473282443	-Inf	"SD"	1	2.38095238095238
"ECK120001298"	"codB"	"+"	354146	355405	1260	"M-C2h"	16	0	0	0	0	0.180952380952381	NA	"NO"	NA	NA
"ECK120001299"	"fdx"	"-"	2654770	2655105	336	"M-C2h"	88	13.5732769786271	0	0	0	0.979166666666667	-Inf	"SD"	NA	NA
"ECK120001300"	"gabD"	"+"	2789295	2790743	1449	"M-C2h"	100	3.57662107473704	1	76	0	0.890269151138716	-Inf	"SD"	3	5.76923076923077
"ECK120001301"	"gabP"	"+"	2792275	2793675	1401	"M-C2h"	10	0	4	148	0	0.0171306209850107	NA	"NO"	NA	NA
"ECK120001304"	"ubiI"	"-"	3049137	3050339	1203	"M-C2h"	36	1.5508799812351	3	78	0	0.723192019950125	-Inf	"SD"	2	4.54545454545455
"ECK120001307"	"endA"	"+"	3088369	3089076	708	"M-C2h"	4	0.292797962558981	0	0	0	0.34180790960452	-Inf	"SD"	NA	NA
"ECK120001308"	"lysP"	"-"	2245085	2246554	1470	"M-C2h"	10	0	9	127	62.992125984252	0.206802721088435	Inf	"AD"	NA	NA
"ECK120001310"	"waaG"	"-"	3803966	3805090	1125	"M-C2h"	28	1.28987262439317	2	62	0	0.575111111111111	-Inf	"SD"	NA	NA
"ECK120001311"	"waaP"	"-"	3803176	3803973	798	"M-C2h"	21	1.36382208876157	0	0	0	0.827067669172932	-Inf	"SD"	NA	NA
"ECK120001314"	"mdtG"	"-"	1113487	1114713	1227	"M-C2h"	2	0	3	38	0	0.0594947025264874	NA	"NO"	NA	NA
"ECK120001315"	"mnmA"	"-"	1191890	1192996	1107	"M-C2h"	12	0.561791212714793	2	57	0	0.289972899728997	-Inf	"SD"	8	19.5121951219512
"ECK120001316"	"hflD"	"-"	1191213	1191854	642	"M-C2h"	4	0.322898687681867	1	91	0	0.269470404984424	-Inf	"SD"	2	8.69565217391304
"ECK120001319"	"waaS"	"-"	3802204	3803139	936	"M-C2h"	8	0.442950763871279	0	0	0	0.481837606837607	-Inf	"SD"	2	5.40540540540541
"ECK120001320"	"waaB"	"-"	3801081	3802190	1110	"M-C2h"	37	1.72750797909799	0	0	0	0.762162162162162	-Inf	"SD"	NA	NA
"ECK120001321"	"waaI"	"-"	3800062	3801081	1020	"M-C2h"	29	1.47346268805417	0	0	0	0.657843137254902	-Inf	"SD"	NA	NA
"ECK120001322"	"waaJ"	"-"	3799006	3800022	1017	"M-C2h"	28	1.42685024822253	0	0	0	0.552605703048181	-Inf	"SD"	NA	NA
"ECK120001323"	"emrA"	"+"	2809449	2810621	1173	"M-C2h"	3	0	1	76	0	0.110826939471441	NA	"NO"	4	9.30232558139535
"ECK120001324"	"fliA"	"-"	1999094	1999813	720	"M-C2h"	177	12.7403713458477	1	100	0	0.784722222222222	-Inf	"SD"	7	25
"ECK120001325"	"fliZ"	"-"	1998497	1999048	552	"M-C2h"	15	1.40829454817771	29	188	154.255319148936	0.715579710144927	2.0421037915823	"AD"	NA	NA
"ECK120001331"	"gluQ"	"-"	159186	160112	927	"M-C2h"	23	1.28584736308265	9	170	0	0.447680690399137	-Inf	"SD"	NA	NA
"ECK120001332"	"amiB"	"+"	4394088	4395425	1338	"M-C2h"	54	2.09160158904241	0	0	0	0.772795216741405	-Inf	"SD"	NA	NA
"ECK120001333"	"bglH"	"-"	3898627	3900243	1617	"M-C2h"	9	0.288452167196325	2	49	0	0.343846629560915	-Inf	"SD"	NA	NA
"ECK120001336"	"menB"	"-"	2373984	2374841	858	"M-C2h"	37	2.23488794498691	0	0	0	0.828671328671329	-Inf	"SD"	21	65.625
"ECK120001337"	"ubiC"	"+"	4250529	4251026	498	"M-C2h"	769	80.027327465443	0	0	0	1	-Inf	"SD"	NA	NA
"ECK120001342"	"folK"	"-"	157253	157732	480	"M-C2h"	1	0	0	0	0	0.03125	NA	"NO"	0	0
"ECK120001344"	"ftsP"	"-"	3159279	3160691	1413	"M-C2h"	82	3.00755104641263	3	126	0	0.89242745930644	-Inf	"SD"	2	3.84615384615385
"ECK120001345"	"plsC"	"-"	3160766	3161503	738	"M-C2h"	44	3.08985166993136	9	112	62.5	0.556910569105691	-1.14211075523422	"SD"	NA	NA
"ECK120001346"	"sufA"	"-"	1762042	1762410	369	"M-C2h"	77	10.8144808447598	1	64	0	1	-Inf	"SD"	NA	NA
"ECK120001347"	"appB"	"+"	1038519	1039655	1137	"M-C2h"	8	0	11	166	60.2409638554217	0.206684256816183	Inf	"AD"	NA	NA
"ECK120001348"	"appC"	"+"	1036963	1038507	1545	"M-C2h"	6	0	0	0	0	0.185113268608414	NA	"NO"	NA	NA
"ECK120001350"	"elbB"	"-"	3347828	3348481	654	"M-C2h"	390	30.9049592590925	1	76	0	1	-Inf	"SD"	7	30.4347826086957
"ECK120001355"	"fliS"	"+"	2003327	2003737	411	"M-C2h"	7	0.882668310488024	1	47	0	0.795620437956204	-Inf	"SD"	NA	NA
"ECK120001356"	"fliT"	"+"	2003737	2004102	366	"M-C2h"	5	0.707995073400815	1	58	0	0.614754098360656	-Inf	"SD"	NA	NA
"ECK120001358"	"osmY"	"+"	4609419	4610024	606	"M-C2h"	91	7.78233792563946	0	0	0	1	-Inf	"SD"	NA	NA
"ECK120001365"	"hdeB"	"-"	3653989	3654315	327	"M-C2h"	5	0.792434852797243	0	0	0	0.525993883792049	-Inf	"SD"	NA	NA
"ECK120001367"	"psiF"	"+"	402505	402825	321	"M-C2h"	56	9.04116325509228	0	0	0	1	-Inf	"SD"	NA	NA
"ECK120001368"	"treC"	"-"	4461077	4462732	1656	"M-C2h"	69	2.15938497387249	0	0	0	0.869565217391304	-Inf	"SD"	42	65.625
"ECK120001370"	"ychF"	"-"	1255944	1257035	1092	"M-C2h"	268	12.719014791161	0	0	0	0.956959706959707	-Inf	"SD"	8	20
"ECK120001371"	"cydD"	"-"	928419	930185	1767	"M-C2h"	84	2.46367861195638	0	0	0	0.838143746462932	-Inf	"SD"	19	29.2307692307692
"ECK120001375"	"lpxK"	"+"	967589	968575	987	"M-C2h"	22	1.15517250881932	0	0	0	0.482269503546099	-Inf	"SD"	NA	NA
"ECK120001377"	"glnD"	"-"	185978	188650	2673	"M-C2h"	207	4.0134023756822	4	93	0	0.934904601571268	-Inf	"SD"	1	0.980392156862745
"ECK120001378"	"holA"	"-"	669797	670828	1032	"M-C2h"	23	1.15501986974575	1	100	0	0.408914728682171	-Inf	"SD"	NA	NA
"ECK120001379"	"holC"	"-"	4481860	4482303	444	"M-C2h"	37	4.31876994774497	0	0	0	0.88963963963964	-Inf	"SD"	3	17.6470588235294
"ECK120001381"	"dps"	"-"	847631	848134	504	"M-C2h"	2397	246.47837058916	12	295	40.6779661016949	1	-6.68228283414299	"SD"	8	42.1052631578947
"ECK120001382"	"nrdD"	"-"	4458545	4460683	2139	"M-C2h"	126	3.05281914959813	2	76	0	0.852267414679757	-Inf	"SD"	19	23.75
"ECK120001383"	"dcd"	"-"	2139658	2140239	582	"M-C2h"	806	71.7717232553082	5	164	0	1	-Inf	"SD"	2	9.52380952380952
"ECK120001384"	"bcr"	"-"	2276592	2277782	1191	"M-C2h"	9	0.391626494002063	277	340	794.117647058824	0.384550797649034	7.10733722875771	"AD"	NA	NA
"ECK120001389"	"waaY"	"-"	3798290	3798988	699	"M-C2h"	5	0.370709866759225	0	0	0	0.284692417739628	-Inf	"SD"	6	22.2222222222222
"ECK120001390"	"waaZ"	"-"	3797368	3798219	852	"M-C2h"	5	0.304138728714435	0	0	0	0.316901408450704	-Inf	"SD"	NA	NA
"ECK120001401"	"plsX"	"+"	1146844	1147914	1071	"M-C2h"	282	13.6458613474967	16	102	156.862745098039	0.569561157796452	-2.09231965236346	"SD"	NA	NA
"ECK120001406"	"gcvT"	"-"	3047595	3048689	1095	"M-C2h"	61	2.88706812945143	2	76	0	0.954337899543379	-Inf	"SD"	33	82.5
"ECK120001407"	"rpiA"	"-"	3056688	3057347	660	"M-C2h"	561	44.0514534669987	1	36	0	1	-Inf	"SD"	9	39.1304347826087
"ECK120001408"	"scpA"	"+"	3058872	3061016	2145	"M-C2h"	3	0	10	144	0	0.11981351981352	NA	"NO"	NA	NA
"ECK120001409"	"argK"	"+"	3061009	3062004	996	"M-C2h"	3	0	2	43	0	0.226907630522088	NA	"NO"	NA	NA
"ECK120001410"	"csrA"	"-"	2816983	2817168	186	"M-C2h"	442	123.154601090534	0	0	0	1	-Inf	"SD"	NA	NA
"ECK120001414"	"rffE"	"+"	3968156	3969286	1131	"M-C2h"	6	0	1	75	0	0.242263483642794	NA	"NO"	1	2.38095238095238
"ECK120001415"	"rffD"	"+"	3969283	3970545	1263	"M-C2h"	11	0.451367880524415	2	44	0	0.307996832937451	-Inf	"SD"	2	4.34782608695652
"ECK120001416"	"rffG"	"+"	3970545	3971612	1068	"M-C2h"	13	0.630831565400951	0	0	0	0.428838951310861	-Inf	"SD"	4	10
"ECK120001417"	"rffH"	"+"	3971631	3972512	882	"M-C2h"	15	0.88138162198877	0	0	0	0.651927437641723	-Inf	"SD"	2	6.06060606060606
"ECK120001418"	"rffC"	"+"	3972619	3973164	546	"M-C2h"	16	1.51868833327296	0	0	0	0.501831501831502	-Inf	"SD"	2	8.33333333333333
"ECK120001419"	"rffA"	"+"	3973169	3974299	1131	"M-C2h"	85	3.89491188921297	0	0	0	0.925729442970822	-Inf	"SD"	4	9.52380952380952
"ECK120001420"	"wzyE"	"+"	3976624	3977976	1353	"M-C2h"	0	0	3	104	0	0	NA	"NO"	NA	NA
"ECK120001421"	"rffM"	"+"	3977979	3978719	741	"M-C2h"	10	0.699395942954652	16	254	62.992125984252	0.564102564102564	2.19389057270355	"AD"	3	10.7142857142857
"ECK120001422"	"yifK"	"+"	3978910	3980295	1386	"M-C2h"	147	5.49661629712997	0	0	0	0.967532467532468	-Inf	"SD"	NA	NA
"ECK120001428"	"rarD"	"-"	4001311	4002201	891	"M-C2h"	4	0.232661007285924	1	76	0	0.287317620650954	-Inf	"SD"	NA	NA
"ECK120001432"	"yigL"	"+"	4008223	4009023	801	"M-C2h"	14	0.905809427242391	3	100	0	0.710362047440699	-Inf	"SD"	5	16.6666666666667
"ECK120001434"	"rmuC"	"+"	4015356	4016783	1428	"M-C2h"	275	9.98035071957872	3	122	0	0.92296918767507	-Inf	"SD"	2	3.63636363636364
"ECK120001435"	"ubiE"	"+"	4016878	4017633	756	"M-C2h"	501	34.3445038701624	8	202	39.6039603960396	1	-4.42393543368906	"SD"	13	46.4285714285714
"ECK120001436"	"ubiJ"	"+"	4017647	4018252	606	"M-C2h"	179	15.3081152603238	0	0	0	1	-Inf	"SD"	NA	NA
"ECK120001437"	"ubiB"	"+"	4018249	4019889	1641	"M-C2h"	72	2.27386790667377	1	50	0	0.694088970140158	-Inf	"SD"	NA	NA
"ECK120001438"	"tatC"	"+"	4020759	4021535	777	"M-C2h"	18	1.20058469589822	0	0	0	0.568854568854569	-Inf	"SD"	NA	NA
"ECK120001440"	"yigZ"	"+"	4030515	4031129	615	"M-C2h"	86	7.24710664402083	0	0	0	0.747967479674797	-Inf	"SD"	NA	NA
"ECK120001441"	"hemG"	"+"	4032631	4033176	546	"M-C2h"	23	2.18311447907988	0	0	0	0.732600732600733	-Inf	"SD"	3	14.2857142857143
"ECK120001442"	"wzxE"	"+"	3974301	3975551	1251	"M-C2h"	19	0.787113947310834	0	0	0	0.293365307753797	-Inf	"SD"	NA	NA
"ECK120001443"	"pdxH"	"-"	1715375	1716031	657	"M-C2h"	138	10.8856667176038	1	65	0	1	-Inf	"SD"	2	7.69230769230769
"ECK120001444"	"mliC"	"-"	1716090	1716419	330	"M-C2h"	32	5.02547775737597	2	102	0	1	-Inf	"SD"	NA	NA
"ECK120001445"	"csgA"	"+"	1103670	1104125	456	"M-C2h"	51	5.79624387723667	0	0	0	0.932017543859649	-Inf	"SD"	NA	NA
"ECK120001446"	"gadB"	"-"	1568669	1570069	1401	"M-C2h"	2	0	0	0	0	0.0699500356887937	NA	"NO"	NA	NA
"ECK120001447"	"dinF"	"+"	4255765	4257144	1380	"M-C2h"	93	3.49257047948072	1	35	0	0.523188405797101	-Inf	"SD"	NA	NA
"ECK120001449"	"pabC"	"+"	1152523	1153332	810	"M-C2h"	48	3.0711252961742	0	0	0	0.771604938271605	-Inf	"SD"	NA	NA
"ECK120001450"	"yceG"	"+"	1153335	1154357	1023	"M-C2h"	39	1.9757422634845	4	153	0	0.532746823069404	-Inf	"SD"	2	5.26315789473684
"ECK120001453"	"prmA"	"+"	3407092	3407973	882	"M-C2h"	11	0.646346522791765	34	288	107.638888888889	0.530612244897959	3.26188847259218	"AD"	2	6.25
"ECK120001454"	"yhdJ"	"+"	3409675	3410559	885	"M-C2h"	10	0.585595925117962	0	0	0	0.296045197740113	-Inf	"SD"	NA	NA
"ECK120001455"	"yhbE"	"-"	3329792	3330757	966	"M-C2h"	17	0.912038374057945	0	0	0	0.401656314699793	-Inf	"SD"	NA	NA
"ECK120001456"	"holB"	"+"	1154985	1155989	1005	"M-C2h"	13	0.670376230694742	9	76	105.263157894737	0.549253731343284	1.25502900321028	"AD"	NA	NA
"ECK120001457"	"adiA"	"-"	4336277	4338544	2268	"M-C2h"	6	0	11	256	31.25	0.106701940035273	Inf	"AD"	NA	NA
"ECK120001458"	"rcsF"	"-"	219591	219995	405	"M-C2h"	102	13.0522825087404	0	0	0	1	-Inf	"SD"	NA	NA
"ECK120001459"	"yaeB"	"-"	218887	219594	708	"M-C2h"	12	0.878393887676944	0	0	0	0.28954802259887	-Inf	"SD"	0	0
"ECK120001460"	"metQ"	"-"	220113	220928	816	"M-C2h"	213	13.5279117480835	0	0	0	1	-Inf	"SD"	18	62.0689655172414
"ECK120001462"	"ftsH"	"-"	3323023	3324957	1935	"M-C2h"	1633	43.736752401039	3	146	0	1	-Inf	"SD"	56	78.8732394366197
"ECK120001464"	"sra"	"-"	1553850	1553987	138	"M-C2h"	43	16.1484441524377	0	0	0	1	-Inf	"SD"	NA	NA
"ECK120001466"	"ppk"	"+"	2621066	2623132	2067	"M-C2h"	296	7.42151468523955	3	124	0	1	-Inf	"SD"	21	26.25
"ECK120001469"	"gltF"	"+"	3359198	3359962	765	"M-C2h"	3	0.203236232835058	1	36	0	0.286274509803922	-Inf	"SD"	NA	NA
"ECK120001470"	"yhcA"	"+"	3360134	3360808	675	"M-C2h"	0	0	0	0	0	0	NA	"NO"	NA	NA
"ECK120001472"	"glpX"	"-"	4112592	4113602	1011	"M-C2h"	29	1.48657956658284	0	0	0	0.707220573689416	-Inf	"SD"	1	2.77777777777778
"ECK120001473"	"nikR"	"+"	3616611	3617012	402	"M-C2h"	7	0.902429541319845	23	245	93.8775510204082	0.564676616915423	2.34974766046341	"AD"	3	20
"ECK120001474"	"yhhH"	"+"	3621422	3621805	384	"M-C2h"	17	2.29434653473952	0	0	0	0.6953125	-Inf	"SD"	NA	NA
"ECK120001476"	"ybfB"	"+"	732999	733325	327	"M-C2h"	2	0.316973941118897	0	0	0	0.400611620795107	-Inf	"SD"	NA	NA
"ECK120001477"	"ybfC"	"+"	734873	735442	570	"M-C2h"	2	0	0	0	0	0.1	NA	"NO"	NA	NA
"ECK120001478"	"ybfD"	"+"	737315	738076	762	"M-C2h"	0	0	0	0	0	0	NA	"NO"	NA	NA
"ECK120001480"	"ydcC"	"+"	1529840	1530976	1137	"M-C2h"	0	0	0	0	0	0	NA	"NO"	NA	NA
"ECK120001482"	"fabI"	"-"	1348275	1349063	789	"M-C2h"	216	14.1878982313751	29	514	54.4747081712062	0.997465145754119	-1.34116215480733	"SD"	43	153.571428571429
"ECK120001483"	"ftsN"	"-"	4120403	4121362	960	"M-C2h"	47	2.53727734430017	3	115	0	0.753125	-Inf	"SD"	NA	NA
"ECK120001484"	"fadD"	"-"	1886085	1887770	1686	"M-C2h"	6848	210.497769410374	0	0	0	1	-Inf	"SD"	16	25.8064516129032
"ECK120001486"	"menC"	"-"	2373022	2373984	963	"M-C2h"	27	1.4530440945684	0	0	0	0.69055036344756	-Inf	"SD"	0	0
"ECK120001489"	"ibpB"	"-"	3864492	3864920	429	"M-C2h"	589	71.1539999782319	7	248	28.2258064516129	1	-5.66744612898823	"SD"	NA	NA
"ECK120001491"	"yceH"	"+"	1125380	1126027	648	"M-C2h"	2294	183.467745557907	0	0	0	1	-Inf	"SD"	16	66.6666666666667
"ECK120001493"	"pyrH"	"+"	191855	192580	726	"M-C2h"	263	18.7741569629244	1	57	0	1	-Inf	"SD"	15	57.6923076923077
"ECK120001497"	"hemE"	"+"	4195739	4196803	1065	"M-C2h"	72	3.50367815479029	0	0	0	0.956807511737089	-Inf	"SD"	8	20.5128205128205
"ECK120001498"	"gadE"	"+"	3656389	3656916	528	"M-C2h"	1	0	0	0	0	0.0208333333333333	NA	"NO"	NA	NA
"ECK120001501"	"rnt"	"+"	1726371	1727018	648	"M-C2h"	2	0	0	0	0	0.117283950617284	NA	"NO"	3	12.5
"ECK120001505"	"hydN"	"-"	2835600	2836127	528	"M-C2h"	2	0	0	0	0	0.215909090909091	NA	"NO"	NA	NA
"ECK120001506"	"glmM"	"-"	3320755	3322092	1338	"M-C2h"	120	4.64800353120535	1	48	0	0.98355754857997	-Inf	"SD"	21	43.75
"ECK120001510"	"caiD"	"-"	35377	36162	786	"M-C2h"	1	0	0	0	0	0.127226463104326	NA	"NO"	NA	NA
"ECK120001511"	"caiC"	"-"	36271	37824	1554	"M-C2h"	4	0	2	43	0	0.154440154440154	NA	"NO"	NA	NA
"ECK120001512"	"caiB"	"-"	37898	39115	1218	"M-C2h"	3	0	1	76	0	0.0706075533661741	NA	"NO"	NA	NA
"ECK120001513"	"caiA"	"-"	39244	40386	1143	"M-C2h"	18	0.816145501936058	0	0	0	0.444444444444444	-Inf	"SD"	NA	NA
"ECK120001516"	"fixB"	"+"	43188	44129	942	"M-C2h"	2	0	0	0	0	0.141188959660297	NA	"NO"	NA	NA
"ECK120001517"	"fixC"	"+"	44180	45466	1287	"M-C2h"	0	0	0	0	0	0	NA	"NO"	NA	NA
"ECK120001518"	"fixX"	"+"	45463	45750	288	"M-C2h"	0	0	0	0	0	0	NA	"NO"	NA	NA
"ECK120001519"	"yaaU"	"+"	45807	47138	1332	"M-C2h"	4	0	1	49	0	0.165915915915916	NA	"NO"	NA	NA
"ECK120001520"	"kefF"	"+"	47246	47776	531	"M-C2h"	20	1.95198641705987	0	0	0	0.896421845574388	-Inf	"SD"	NA	NA
"ECK120001525"	"thiP"	"-"	72911	74521	1611	"M-C2h"	3	0	0	0	0	0.134698944754811	NA	"NO"	NA	NA
"ECK120001526"	"tbpA"	"-"	74497	75480	984	"M-C2h"	1	0	0	0	0	0.0955284552845529	NA	"NO"	4	11.1111111111111
"ECK120001528"	"leuC"	"-"	79464	80864	1401	"M-C2h"	66	2.44144596617703	1	76	0	0.830835117773019	-Inf	"SD"	NA	NA
"ECK120001529"	"leuB"	"-"	80867	81958	1092	"M-C2h"	56	2.65770458322768	0	0	0	0.882783882783883	-Inf	"SD"	NA	NA
"ECK120001532"	"ybiB"	"+"	834471	835433	963	"M-C2h"	242	13.0235804031686	0	0	0	0.982346832814122	-Inf	"SD"	5	14.2857142857143
"ECK120001534"	"gcl"	"+"	533140	534921	1782	"M-C2h"	13	0	2	72	0	0.162177328843996	NA	"NO"	NA	NA
"ECK120001535"	"thiC"	"-"	4192227	4194122	1896	"M-C2h"	2	0	0	0	0	0.0501054852320675	NA	"NO"	NA	NA
"ECK120001536"	"thiE"	"-"	4191592	4192227	636	"M-C2h"	3	0.244458676287451	0	0	0	0.375786163522013	-Inf	"SD"	NA	NA
"ECK120001537"	"thiF"	"-"	4190844	4191599	756	"M-C2h"	3	0.20565571179738	0	0	0	0.318783068783069	-Inf	"SD"	NA	NA
"ECK120001538"	"thiG"	"-"	4189888	4190658	771	"M-C2h"	3	0	0	0	0	0.176394293125811	NA	"NO"	NA	NA
"ECK120001539"	"thiH"	"-"	4188758	4189891	1134	"M-C2h"	2	0	2	41	0	0.117283950617284	NA	"NO"	NA	NA
"ECK120001540"	"lipB"	"-"	660860	661501	642	"M-C2h"	3	0.2421740157614	0	0	0	0.341121495327103	-Inf	"SD"	2	8.33333333333333
"ECK120001541"	"ybeD"	"-"	661602	661865	264	"M-C2h"	45	8.83384762038744	16	354	45.1977401129944	1	-1.46497004168614	"SD"	2	20
"ECK120001542"	"ybeF"	"-"	659648	660601	954	"M-C2h"	0	0	11	241	29.045643153527	0	Inf	"AD"	NA	NA
"ECK120001544"	"moaB"	"+"	817278	817790	513	"M-C2h"	131	13.2341254539086	0	0	0	0.961013645224172	-Inf	"SD"	5	26.3157894736842
"ECK120001545"	"moaD"	"+"	818271	818516	246	"M-C2h"	104	21.9098572958769	0	0	0	1	-Inf	"SD"	1	11.1111111111111
"ECK120001546"	"moaE"	"+"	818518	818970	453	"M-C2h"	61	6.97867461754817	0	0	0	0.988962472406181	-Inf	"SD"	6	35.2941176470588
"ECK120001549"	"sseB"	"-"	2652179	2652955	777	"M-C2h"	19	1.26728384567034	0	0	0	0.540540540540541	-Inf	"SD"	NA	NA
"ECK120001550"	"glnE"	"-"	3194823	3197663	2841	"M-C2h"	355	6.47587468405265	7	76	0	0.988384371700106	-Inf	"SD"	5	4.62962962962963
"ECK120001553"	"smg"	"-"	3430013	3430486	474	"M-C2h"	2007	219.437247724662	2	43	0	1	-Inf	"SD"	NA	NA
"ECK120001561"	"eptA"	"-"	4331970	4333613	1644	"M-C2h"	73	0	2	44	0	0.200729927007299	NA	"NO"	NA	NA
"ECK120001563"	"basR"	"-"	4331305	4331973	669	"M-C2h"	138	10.6904081217723	2	64	0	0.937219730941704	-Inf	"SD"	NA	NA
"ECK120001565"	"baeS"	"+"	2160900	2162303	1404	"M-C2h"	29	0	1	35	0	0.0961538461538462	NA	"NO"	NA	NA
"ECK120001566"	"baeR"	"+"	2162300	2163022	723	"M-C2h"	125	8.96010362602691	1	100	0	0.918395573997234	-Inf	"SD"	7	25
"ECK120001567"	"mfd"	"-"	1169741	1173187	3447	"M-C2h"	30	0.451046469738378	1	36	0	0.43196982883667	-Inf	"SD"	26	20
"ECK120001568"	"rnb"	"-"	1345002	1346936	1935	"M-C2h"	27	0.723142874971251	9	234	38.4615384615385	0.509560723514212	1.31564428559569	"AD"	35	48.6111111111111
"ECK120001570"	"mdlB"	"+"	469860	471641	1782	"M-C2h"	14	0.407156762750368	0	0	0	0.350729517396184	-Inf	"SD"	NA	NA
"ECK120001571"	"sdaB"	"+"	2927598	2928965	1368	"M-C2h"	7	0.265187628370305	0	0	0	0.301169590643275	-Inf	"SD"	4	8.16326530612245
"ECK120001572"	"artP"	"-"	902229	902957	729	"M-C2h"	47	3.34127057685619	0	0	0	0.862825788751715	-Inf	"SD"	2	7.40740740740741
"ECK120001573"	"artI"	"-"	901480	902211	732	"M-C2h"	149	10.5491265936721	1	61	0	0.997267759562842	-Inf	"SD"	11	40.7407407407407
"ECK120001574"	"artQ"	"-"	900757	901473	717	"M-C2h"	7	0.505964680070541	0	0	0	0.260808926080893	-Inf	"SD"	NA	NA
"ECK120001575"	"artM"	"-"	900089	900757	669	"M-C2h"	43	3.33106919736384	0	0	0	0.402092675635277	-Inf	"SD"	NA	NA
"ECK120001577"	"potF"	"+"	893007	894119	1113	"M-C2h"	121	5.6341904439584	2	54	0	1	-Inf	"SD"	3	7.31707317073171
"ECK120001578"	"potG"	"+"	894214	895347	1134	"M-C2h"	43	1.96515457939718	0	0	0	0.649911816578483	-Inf	"SD"	NA	NA
"ECK120001579"	"potH"	"+"	895357	896310	954	"M-C2h"	10	0.543241502861003	0	0	0	0.363731656184486	-Inf	"SD"	NA	NA
"ECK120001580"	"potI"	"+"	896307	897152	846	"M-C2h"	32	1.96029274223885	1	51	0	0.729314420803783	-Inf	"SD"	NA	NA
"ECK120001590"	"psuK"	"-"	2256377	2257318	942	"M-C2h"	2	0	0	0	0	0.140127388535032	NA	"NO"	NA	NA
"ECK120001591"	"accA"	"+"	208621	209580	960	"M-C2h"	80	4.31876994774497	0	0	0	0.966666666666667	-Inf	"SD"	26	74.2857142857143
"ECK120001598"	"fliG"	"+"	2012904	2013899	996	"M-C2h"	15	0.780500592965959	2	73	0	0.622489959839357	-Inf	"SD"	14	37.8378378378378
"ECK120001599"	"fliH"	"+"	2013892	2014578	687	"M-C2h"	1	0	0	0	0	0.110625909752547	NA	"NO"	5	20
"ECK120001601"	"uidB"	"-"	1690914	1692287	1374	"M-C2h"	24	0.905244355859208	1	59	0	0.481804949053857	-Inf	"SD"	NA	NA
"ECK120001604"	"yedF"	"+"	2007503	2007736	234	"M-C2h"	3	0.664426145806919	0	0	0	0.427350427350427	-Inf	"SD"	NA	NA
"ECK120001605"	"yedK"	"+"	2007845	2008513	669	"M-C2h"	6	0.464800353120535	0	0	0	0.379671150971599	-Inf	"SD"	NA	NA
"ECK120001609"	"moaC"	"+"	817793	818278	486	"M-C2h"	113	12.0499013356835	0	0	0	1	-Inf	"SD"	NA	NA
"ECK120001611"	"atoC"	"+"	2319888	2321273	1386	"M-C2h"	211	7.88970094349947	3	70	0	0.940836940836941	-Inf	"SD"	2	3.84615384615385
"ECK120001612"	"atoD"	"+"	2321469	2322131	663	"M-C2h"	27	2.11053011021021	5	76	0	0.745098039215686	-Inf	"SD"	NA	NA
"ECK120001613"	"atoA"	"+"	2322131	2322781	651	"M-C2h"	12	0.955303951574925	0	0	0	0.655913978494624	-Inf	"SD"	NA	NA
"ECK120001614"	"atoE"	"+"	2322778	2324100	1323	"M-C2h"	15	0.587587747992513	2	100	0	0.472411186696901	-Inf	"SD"	NA	NA
"ECK120001618"	"panB"	"-"	148807	149601	795	"M-C2h"	278	18.1225365354431	0	0	0	1	-Inf	"SD"	12	42.8571428571429
"ECK120001619"	"hslV"	"-"	4119780	4120310	531	"M-C2h"	32	3.1231782672958	0	0	0	0.945386064030132	-Inf	"SD"	13	68.4210526315789
"ECK120001620"	"modF"	"-"	791539	793011	1473	"M-C2h"	151	5.3127027463095	2	42	0	1	-Inf	"SD"	NA	NA
"ECK120001621"	"yadC"	"-"	149715	150953	1239	"M-C2h"	4	0	4	181	0	0.117029862792575	NA	"NO"	NA	NA
"ECK120001622"	"aas"	"-"	2971877	2974036	2160	"M-C2h"	9	0	12	362	24.8618784530387	0.163888888888889	Inf	"AD"	2	2.46913580246914
"ECK120001623"	"lptB"	"+"	3341966	3342691	726	"M-C2h"	111	7.9236936231354	2	76	0	0.982093663911846	-Inf	"SD"	11	40.7407407407407
"ECK120001624"	"hpf"	"+"	3344195	3344482	288	"M-C2h"	112	20.1542597561432	0	0	0	1	-Inf	"SD"	2	18.1818181818182
"ECK120001625"	"ptsN"	"+"	3344600	3345091	492	"M-C2h"	28	2.94940386675266	0	0	0	0.84349593495935	-Inf	"SD"	5	27.7777777777778
"ECK120001630"	"setC"	"+"	3834976	3836160	1185	"M-C2h"	0	0	0	0	0	0	NA	"NO"	NA	NA
"ECK120001633"	"yicN"	"-"	3839973	3840425	453	"M-C2h"	54	6.17784310405903	11	182	60.4395604395604	0.71523178807947	-1.48959970819486	"SD"	NA	NA
"ECK120001638"	"yidG"	"-"	3853631	3853993	363	"M-C2h"	971	138.628946091252	4	155	0	0.853994490358127	-Inf	"SD"	NA	NA
"ECK120001641"	"galM"	"-"	787020	788060	1041	"M-C2h"	500	24.8920458083284	12	169	53.2544378698225	1	-3.78961599463528	"SD"	12	31.5789473684211
"ECK120001647"	"acrB"	"-"	480478	483627	3150	"M-C2h"	126	2.07300957491759	6	105	0	0.807301587301587	-Inf	"SD"	42	36.8421052631579
"ECK120001652"	"glvB"	"-"	3860010	3860495	486	"M-C2h"	2	0	9	120	75	0.0576131687242798	Inf	"AD"	NA	NA
"ECK120001659"	"mdtL"	"+"	3889638	3890813	1176	"M-C2h"	1	0	3	78	0	0.0442176870748299	NA	"NO"	NA	NA
"ECK120001660"	"yidZ"	"+"	3890788	3891747	960	"M-C2h"	1	0	104	275	374.545454545455	0.00625	Inf	"AD"	NA	NA
"ECK120001661"	"yieE"	"+"	3891892	3892653	762	"M-C2h"	67	4.55681238580966	0	0	0	0.614173228346457	-Inf	"SD"	NA	NA
"ECK120001665"	"cbrB"	"+"	3895529	3895996	468	"M-C2h"	4	0.442950763871279	41	342	111.111111111111	0.395299145299145	4.10078116831207	"AD"	NA	NA
"ECK120001668"	"yieL"	"-"	3897431	3898627	1197	"M-C2h"	3	0	0	0	0	0.138680033416876	NA	"NO"	NA	NA
"ECK120001674"	"efeB"	"+"	1082599	1083870	1272	"M-C2h"	15	0.611146690718628	9	225	40	0.316823899371069	1.55840629640323	"AD"	NA	NA
"ECK120001676"	"metI"	"-"	220968	221621	654	"M-C2h"	23	1.82260016143366	0	0	0	0.871559633027523	-Inf	"SD"	NA	NA
"ECK120001678"	"nfrB"	"-"	590164	592401	2238	"M-C2h"	9	0	2	60	0	0.159964253798034	NA	"NO"	NA	NA
"ECK120001679"	"nfrA"	"-"	587205	590177	2973	"M-C2h"	23	0.40093525246472	3	76	0	0.386814665321224	-Inf	"SD"	NA	NA
"ECK120001681"	"yddA"	"-"	1575681	1577366	1686	"M-C2h"	2	0	0	0	0	0.0848161328588375	NA	"NO"	NA	NA
"ECK120001682"	"yddB"	"-"	1573271	1575643	2373	"M-C2h"	5	0	6	50	0	0.14496418036241	NA	"NO"	NA	NA
"ECK120001683"	"pqqL"	"-"	1570431	1573226	2796	"M-C2h"	23	0.426316346773109	8	132	0	0.318669527896996	-Inf	"SD"	5	4.76190476190476
"ECK120001690"	"otsB"	"-"	1979611	1980411	801	"M-C2h"	13	0.841108753867935	1	46	0	0.499375780274657	-Inf	"SD"	NA	NA
"ECK120001693"	"tsaE"	"+"	4393608	4394069	462	"M-C2h"	22	2.46786854156856	0	0	0	0.551948051948052	-Inf	"SD"	4	23.5294117647059
"ECK120001696"	"ydcD"	"+"	1527946	1528428	483	"M-C2h"	3	0.321895896726333	0	0	0	0.447204968944099	-Inf	"SD"	NA	NA
"ECK120001699"	"yibG"	"+"	3766200	3766661	462	"M-C2h"	1	0	0	0	0	0.216450216450216	NA	"NO"	NA	NA
"ECK120001702"	"yibJ"	"+"	3765244	3765945	702	"M-C2h"	1	0	1	47	0	0.00284900284900285	NA	"NO"	NA	NA
"ECK120001704"	"ybbB"	"-"	529356	530450	1095	"M-C2h"	20	0.946579714574241	5	113	0	0.65662100456621	-Inf	"SD"	NA	NA
"ECK120001705"	"ybbC"	"+"	526805	527173	369	"M-C2h"	1	0	0	0	0	0.16260162601626	NA	"NO"	NA	NA
"ECK120001706"	"ybbD"	"+"	527864	528124	261	"M-C2h"	0	0	0	0	0	0	NA	"NO"	NA	NA
"ECK120001707"	"nuoM"	"-"	2389534	2391063	1530	"M-C2h"	147	4.97928770445891	2	40	0	0.88562091503268	-Inf	"SD"	NA	NA
"ECK120001708"	"nuoF"	"-"	2398240	2399577	1338	"M-C2h"	209	8.09527281684932	1	47	0	0.946188340807175	-Inf	"SD"	14	28.5714285714286
"ECK120001709"	"ybfE"	"-"	710828	711121	294	"M-C2h"	2	0.352552648795508	0	0	0	0.30952380952381	-Inf	"SD"	1	9.09090909090909
"ECK120001712"	"ybfH"	"-"	715611	715820	210	"M-C2h"	2	0	0	0	0	0.123809523809524	NA	"NO"	NA	NA
"ECK120001714"	"ydeK"	"-"	1592133	1596110	3978	"M-C2h"	134	1.74574712819857	3	67	0	0.519105077928607	-Inf	"SD"	NA	NA
"ECK120001721"	"gmd"	"-"	2125217	2126338	1122	"M-C2h"	4	0	14	257	46.692607003891	0.195187165775401	Inf	"AD"	NA	NA
"ECK120001722"	"fcl"	"-"	2124249	2125214	966	"M-C2h"	1	0	3	72	0	0.0683229813664596	NA	"NO"	NA	NA
"ECK120001723"	"gmm"	"-"	2123767	2124246	480	"M-C2h"	0	0	0	0	0	0	NA	"NO"	NA	NA
"ECK120001724"	"wcaI"	"-"	2122547	2123770	1224	"M-C2h"	9	0.381067936565733	0	0	0	0.413398692810457	-Inf	"SD"	NA	NA
"ECK120001725"	"cmtB"	"-"	3076909	3077352	444	"M-C2h"	6	0.700341072607293	0	0	0	0.504504504504504	-Inf	"SD"	NA	NA
"ECK120001726"	"cmtA"	"-"	3075493	3076881	1389	"M-C2h"	3	0	0	0	0	0.128869690424766	NA	"NO"	NA	NA
"ECK120001727"	"ygdD"	"-"	2939258	2939653	396	"M-C2h"	27	3.53353904815498	0	0	0	0.840909090909091	-Inf	"SD"	NA	NA
"ECK120001729"	"gcvA"	"-"	2939672	2940589	918	"M-C2h"	219	12.363537497466	2	51	0	0.992374727668845	-Inf	"SD"	1	2.94117647058824
"ECK120001733"	"hybA"	"-"	3142176	3143162	987	"M-C2h"	49	2.57288422418849	0	0	0	0.917933130699088	-Inf	"SD"	4	11.1111111111111
"ECK120001734"	"hybB"	"-"	3141008	3142186	1179	"M-C2h"	33	1.45057921908991	1	100	0	0.709075487701442	-Inf	"SD"	NA	NA
"ECK120001735"	"hybC"	"-"	3139308	3141011	1704	"M-C2h"	119	3.61925087170177	4	83	0	0.94131455399061	-Inf	"SD"	9	14.5161290322581
"ECK120001736"	"hybD"	"-"	3138814	3139308	495	"M-C2h"	43	4.50199049098264	0	0	0	0.83030303030303	-Inf	"SD"	NA	NA
"ECK120001737"	"hybE"	"-"	3138333	3138821	489	"M-C2h"	20	2.11964169214477	0	0	0	0.920245398773006	-Inf	"SD"	NA	NA
"ECK120001738"	"hybF"	"-"	3137999	3138340	342	"M-C2h"	3	0	0	0	0	0.0760233918128655	NA	"NO"	NA	NA
"ECK120001740"	"yebE"	"-"	1927072	1927731	660	"M-C2h"	391	30.7025281739688	1	35	0	1	-Inf	"SD"	3	12.5
"ECK120001741"	"yebF"	"-"	1928058	1928414	357	"M-C2h"	98	14.226536298454	1	38	0	1	-Inf	"SD"	NA	NA
"ECK120001744"	"gcvP"	"-"	3044190	3047063	2874	"M-C2h"	73	1.31636829304962	0	0	0	0.683020180932498	-Inf	"SD"	92	88.4615384615385
"ECK120001746"	"yjfC"	"+"	4411051	4412214	1164	"M-C2h"	9	0.400710613708296	1	76	0	0.394329896907216	-Inf	"SD"	NA	NA
"ECK120001747"	"torA"	"+"	1058479	1061025	2547	"M-C2h"	42	0.854597586832927	0	0	0	0.287004318806439	-Inf	"SD"	NA	NA
"ECK120001749"	"ispF"	"-"	2869323	2869802	480	"M-C2h"	6	0.647815492161746	3	154	0	0.460416666666667	-Inf	"SD"	2	11.7647058823529
"ECK120001750"	"umpG"	"-"	2867535	2868296	762	"M-C2h"	212	14.4185705342037	1	76	0	1	-Inf	"SD"	2	7.40740740740741
"ECK120001751"	"purU"	"-"	1287005	1287847	843	"M-C2h"	56	3.44272052773976	4	127	0	0.934756820877817	-Inf	"SD"	13	40.625
"ECK120001754"	"puuB"	"+"	1362256	1363536	1281	"M-C2h"	2	0	0	0	0	0.113192818110851	NA	"NO"	NA	NA
"ECK120001763"	"rdoA"	"+"	4040438	4041424	987	"M-C2h"	17	0.892633302269478	0	0	0	0.652482269503546	-Inf	"SD"	1	2.63157894736842
"ECK120001766"	"yihI"	"+"	4049370	4049879	510	"M-C2h"	242	24.591584173042	0	0	0	1	-Inf	"SD"	NA	NA
"ECK120001768"	"typA"	"+"	4056430	4058253	1824	"M-C2h"	393	11.1662933517354	6	125	0	0.983552631578947	-Inf	"SD"	27	40.2985074626866
"ECK120001769"	"yihL"	"+"	4058470	4059180	711	"M-C2h"	15	1.09335948044177	0	0	0	0.493670886075949	-Inf	"SD"	NA	NA
"ECK120001770"	"yihM"	"+"	4059188	4060168	981	"M-C2h"	6	0.316973941118897	0	0	0	0.28032619775739	-Inf	"SD"	2	5.40540540540541
"ECK120001772"	"yihO"	"-"	4062386	4063789	1404	"M-C2h"	5	0	0	0	0	0.198005698005698	NA	"NO"	NA	NA
"ECK120001773"	"yihP"	"-"	4063832	4065238	1407	"M-C2h"	2	0	1	76	0	0.0696517412935323	NA	"NO"	NA	NA
"ECK120001774"	"yihQ"	"-"	4065263	4067299	2037	"M-C2h"	2	0	2	58	0	0.0657830142366225	NA	"NO"	NA	NA
"ECK120001775"	"yihR"	"-"	4067498	4068424	927	"M-C2h"	1	0	0	0	0	0.029126213592233	NA	"NO"	NA	NA
"ECK120001776"	"yihS"	"-"	4068538	4069779	1242	"M-C2h"	20	0.834544917438642	6	87	0	0.458132045088567	-Inf	"SD"	NA	NA
"ECK120001777"	"yihT"	"-"	4069796	4070674	879	"M-C2h"	20	1.17918633385528	4	150	0	0.672354948805461	-Inf	"SD"	NA	NA
"ECK120001780"	"yihW"	"+"	4072692	4073477	786	"M-C2h"	107	7.05508983830095	0	0	0	1	-Inf	"SD"	3	10.3448275862069
"ECK120001781"	"yihX"	"+"	4073576	4074175	600	"M-C2h"	56	4.83702234147437	0	0	0	0.86	-Inf	"SD"	3	13.0434782608696
"ECK120001782"	"yihY"	"+"	4074169	4075041	873	"M-C2h"	290	17.2157152556157	12	428	18.6915887850467	0.882016036655212	-3.42758231110042	"SD"	NA	NA
"ECK120001783"	"dtd"	"+"	4075038	4075475	438	"M-C2h"	318	37.6265436543261	0	0	0	1	-Inf	"SD"	NA	NA
"ECK120001784"	"yiiD"	"+"	4075472	4076461	990	"M-C2h"	241	12.6160431200793	0	0	0	1	-Inf	"SD"	3	8.10810810810811
"ECK120001785"	"yiiE"	"+"	4077314	4077532	219	"M-C2h"	0	0	0	0	0	0	NA	"NO"	NA	NA
"ECK120001787"	"fdoI"	"-"	4079248	4079883	636	"M-C2h"	1865	151.971810425366	0	0	0	1	-Inf	"SD"	6	24
"ECK120001788"	"fdoH"	"-"	4079880	4080782	903	"M-C2h"	4773	273.93340811411	1	39	0	1	-Inf	"SD"	4	12.1212121212121
"ECK120001793"	"frvX"	"-"	4087878	4088948	1071	"M-C2h"	21	1.01618116417529	0	0	0	0.349206349206349	-Inf	"SD"	NA	NA
"ECK120001794"	"frvB"	"-"	4088938	4090389	1452	"M-C2h"	5	0	0	0	0	0.167355371900826	NA	"NO"	NA	NA
"ECK120001795"	"frvA"	"-"	4090400	4090846	447	"M-C2h"	0	0	1	76	0	0	NA	"NO"	NA	NA
"ECK120001796"	"rhaM"	"-"	4091147	4091461	315	"M-C2h"	1	0	11	200	50	0.177777777777778	Inf	"AD"	NA	NA
"ECK120001797"	"rhaD"	"-"	4091471	4092295	825	"M-C2h"	3	0	2	55	0	0.155151515151515	NA	"NO"	NA	NA
"ECK120001798"	"rhaA"	"-"	4092746	4094005	1260	"M-C2h"	1	0	4	67	0	0.0603174603174603	NA	"NO"	NA	NA
"ECK120001800"	"kdgT"	"+"	4099713	4100696	984	"M-C2h"	35	1.84337741672042	2	165	0	0.688008130081301	-Inf	"SD"	NA	NA
"ECK120001802"	"gph"	"-"	3511653	3512411	759	"M-C2h"	64	4.3699806585878	0	0	0	0.903820816864295	-Inf	"SD"	11	40.7407407407407
"ECK120001803"	"fieF"	"+"	4104492	4105394	903	"M-C2h"	203	11.6506352078702	0	0	0	1	-Inf	"SD"	NA	NA
"ECK120001806"	"yiiS"	"+"	4110990	4111289	300	"M-C2h"	189	32.649900804952	0	0	0	1	-Inf	"SD"	NA	NA
"ECK120001810"	"menA"	"-"	4117446	4118372	927	"M-C2h"	5	0.279532035452749	0	0	0	0.263214670981661	-Inf	"SD"	NA	NA
"ECK120001811"	"hslU"	"-"	4118439	4119770	1332	"M-C2h"	83	3.22935050146696	2	35	0	0.731981981981982	-Inf	"SD"	28	56
"ECK120001814"	"tehB"	"+"	1499586	1500179	594	"M-C2h"	76	6.63083870764885	0	0	0	0.939393939393939	-Inf	"SD"	6	26.0869565217391
"ECK120001816"	"opgH"	"+"	1110086	1112629	2544	"M-C2h"	81	1.6500960649403	3	106	0	0.813286163522013	-Inf	"SD"	17	17.5257731958763
"ECK120001820"	"slp"	"+"	3651984	3652550	567	"M-C2h"	4	0.365610154306453	0	0	0	0.28042328042328	-Inf	"SD"	NA	NA
"ECK120001821"	"yeeA"	"-"	2077557	2078615	1059	"M-C2h"	24	1.17450967417427	1	76	0	0.607176581680831	-Inf	"SD"	NA	NA
"ECK120001822"	"sbmC"	"-"	2078813	2079286	474	"M-C2h"	942	102.994463057614	0	0	0	1	-Inf	"SD"	4	22.2222222222222
"ECK120001825"	"yeeE"	"-"	2082491	2083549	1059	"M-C2h"	25	1.22344757726486	0	0	0	0.690273843248348	-Inf	"SD"	NA	NA
"ECK120001826"	"plaP"	"-"	2083728	2085086	1359	"M-C2h"	11	0.419483173732404	8	110	72.7272727272727	0.288447387785136	1.93138705741517	"AD"	NA	NA
"ECK120001828"	"recT"	"-"	1412008	1412817	810	"M-C2h"	9	0.575835993032663	1	38	0	0.492592592592593	-Inf	"SD"	NA	NA
"ECK120001829"	"lar"	"-"	1411757	1411951	195	"M-C2h"	0	0	0	0	0	0	NA	"NO"	NA	NA
"ECK120001830"	"rcbA"	"-"	1411555	1411764	210	"M-C2h"	0	0	0	0	0	0	NA	"NO"	NA	NA
"ECK120001833"	"gldA"	"-"	4135955	4137058	1104	"M-C2h"	373	17.5097955490095	0	0	0	1	-Inf	"SD"	11	28.2051282051282
"ECK120001834"	"fsaB"	"-"	4137069	4137731	663	"M-C2h"	62	4.84640247529753	0	0	0	1	-Inf	"SD"	5	20.8333333333333
"ECK120001837"	"frwB"	"+"	4141647	4141967	321	"M-C2h"	14	2.26029081377307	0	0	0	0.654205607476635	-Inf	"SD"	NA	NA
"ECK120001838"	"pflD"	"+"	4142018	4144315	2298	"M-C2h"	14	0.315732528816865	9	134	52.2388059701493	0.279808529155788	2.14865201793119	"AD"	NA	NA
"ECK120001839"	"pflC"	"+"	4144281	4145159	879	"M-C2h"	3	0	0	0	0	0.131968145620023	NA	"NO"	NA	NA
"ECK120001842"	"eptC"	"-"	4146555	4148288	1734	"M-C2h"	9	0	69	628	92.3566878980892	0.155132641291811	Inf	"AD"	7	10.4477611940299
"ECK120001843"	"nfi"	"+"	4196813	4197484	672	"M-C2h"	28	2.15938497387249	1	45	0	0.62797619047619	-Inf	"SD"	NA	NA
"ECK120001844"	"yjaG"	"+"	4197527	4198117	591	"M-C2h"	68	5.96297170450067	0	0	0	1	-Inf	"SD"	5	21.7391304347826
"ECK120001851"	"yjbE"	"+"	4233929	4234171	243	"M-C2h"	25	5.33181475030244	6	347	17.2910662824208	0.94238683127572	-2.15159225016271	"SD"	NA	NA
"ECK120001852"	"yjbF"	"+"	4234285	4234923	639	"M-C2h"	1	0	0	0	0	0.0579029733959311	NA	"NO"	NA	NA
"ECK120001853"	"yjbG"	"+"	4234920	4235657	738	"M-C2h"	0	0	0	0	0	0	NA	"NO"	NA	NA
"ECK120001855"	"yjbI"	"+"	4248978	4250306	1329	"M-C2h"	0	0	0	0	0	0	NA	"NO"	NA	NA
"ECK120001859"	"yjbM"	"+"	4258622	4259329	708	"M-C2h"	2	0	0	0	0	0.101694915254237	NA	"NO"	NA	NA
"ECK120001860"	"dusA"	"+"	4259692	4260729	1038	"M-C2h"	38	1.89726309843132	0	0	0	0.660886319845857	-Inf	"SD"	6	16.2162162162162
"ECK120001863"	"yjbQ"	"+"	4268261	4268677	417	"M-C2h"	208	25.8504791116821	4	76	0	1	-Inf	"SD"	NA	NA
"ECK120001867"	"ghxP"	"+"	4276502	4277851	1350	"M-C2h"	9	0	2	57	0	0.237777777777778	NA	"NO"	NA	NA
"ECK120001870"	"actP"	"-"	4281276	4282925	1650	"M-C2h"	87	2.73260353057318	3	97	0	0.905454545454545	-Inf	"SD"	NA	NA
"ECK120001871"	"yjcH"	"-"	4282922	4283236	315	"M-C2h"	41	6.74550734695405	0	0	0	0.965079365079365	-Inf	"SD"	NA	NA
"ECK120001872"	"nrfB"	"+"	4287268	4287834	567	"M-C2h"	7	0.639817770036292	1	76	0	0.349206349206349	-Inf	"SD"	NA	NA
"ECK120001873"	"nrfC"	"+"	4287831	4288502	672	"M-C2h"	2	0	0	0	0	0.114583333333333	NA	"NO"	NA	NA
"ECK120001874"	"nrfD"	"+"	4288499	4289455	957	"M-C2h"	8	0.433230841153101	0	0	0	0.331243469174504	-Inf	"SD"	NA	NA
"ECK120001875"	"nrfE"	"+"	4289535	4291193	1659	"M-C2h"	2	0	1	100	0	0.106088004822182	NA	"NO"	NA	NA
"ECK120001876"	"nrfF"	"+"	4291186	4291569	384	"M-C2h"	2	0	0	0	0	0.229166666666667	NA	"NO"	NA	NA
"ECK120001877"	"nrfG"	"+"	4291566	4292162	597	"M-C2h"	1	0	0	0	0	0.0938023450586265	NA	"NO"	NA	NA
"ECK120001879"	"mdtP"	"-"	4297587	4299053	1467	"M-C2h"	3	0	1	69	0	0.0518064076346285	NA	"NO"	NA	NA
"ECK120001880"	"mdtO"	"-"	4299050	4301101	2052	"M-C2h"	2	0	6	142	0	0.0555555555555556	NA	"NO"	NA	NA
"ECK120001881"	"mdtN"	"-"	4301101	4302132	1032	"M-C2h"	0	0	5	156	0	0	NA	"NO"	NA	NA
"ECK120001882"	"yjcS"	"-"	4302635	4304620	1986	"M-C2h"	0	0	1	50	0	0	NA	"NO"	NA	NA
"ECK120001883"	"alsK"	"-"	4304893	4305822	930	"M-C2h"	5	0	11	355	30.9859154929577	0.198924731182796	Inf	"AD"	NA	NA
"ECK120001884"	"alsE"	"-"	4305806	4306501	696	"M-C2h"	19	1.41476946564059	0	0	0	0.46264367816092	-Inf	"SD"	NA	NA
"ECK120001885"	"alsC"	"-"	4306512	4307492	981	"M-C2h"	2	0	14	227	48.4581497797357	0.17940876656473	Inf	"AD"	NA	NA
"ECK120001886"	"alsA"	"-"	4307471	4309003	1533	"M-C2h"	1	0	15	117	119.65811965812	0.0300065231572081	Inf	"AD"	NA	NA
"ECK120001887"	"lldP"	"+"	3775422	3777077	1656	"M-C2h"	175	5.47670102069109	1	90	0	0.929951690821256	-Inf	"SD"	NA	NA
"ECK120001888"	"lldR"	"+"	3777077	3777853	777	"M-C2h"	42	2.80136429042917	6	122	49.1803278688525	0.953667953667954	-1.22309519836482	"SD"	NA	NA
"ECK120001889"	"lldD"	"+"	3777850	3779040	1191	"M-C2h"	38	1.65353408578649	1	52	0	0.8303946263644	-Inf	"SD"	17	39.5348837209302
"ECK120001892"	"adiY"	"-"	4335191	4335952	762	"M-C2h"	8	0.544097001290705	1	76	0	0.349081364829396	-Inf	"SD"	NA	NA
"ECK120001893"	"flgK"	"+"	1137601	1139244	1644	"M-C2h"	134	4.22419834304983	0	0	0	0.944038929440389	-Inf	"SD"	2	3.44827586206897
"ECK120001894"	"zntR"	"-"	3436727	3437152	426	"M-C2h"	107	13.0171375889778	6	139	0	1	-Inf	"SD"	NA	NA
"ECK120001895"	"yhdN"	"-"	3437163	3437531	369	"M-C2h"	97	13.6234369083337	0	0	0	1	-Inf	"SD"	NA	NA
"ECK120001897"	"htrE"	"-"	152829	155426	2598	"M-C2h"	5	0	2	73	0	0.108545034642032	NA	"NO"	NA	NA
"ECK120001898"	"yadV"	"-"	155461	156201	741	"M-C2h"	0	0	0	0	0	0	NA	"NO"	NA	NA
"ECK120001899"	"fimI"	"+"	4541751	4542290	540	"M-C2h"	8	0.767781324043551	6	146	41.0958904109589	0.62962962962963	0.644267033057064	"AD"	NA	NA
"ECK120001900"	"fliP"	"+"	2019893	2020630	738	"M-C2h"	0	0	0	0	0	0	NA	"NO"	2	7.40740740740741
"ECK120001901"	"fliQ"	"+"	2020640	2020909	270	"M-C2h"	0	0	3	142	0	0	NA	"NO"	NA	NA
"ECK120001902"	"fliR"	"+"	2020917	2021702	786	"M-C2h"	0	0	1	40	0	0	NA	"NO"	NA	NA
"ECK120001903"	"rfbA"	"-"	2108162	2109043	882	"M-C2h"	11	0.646346522791765	1	100	0	0.438775510204082	-Inf	"SD"	18	54.5454545454545
"ECK120001904"	"rfbC"	"-"	2107605	2108162	558	"M-C2h"	8	0.743014184558275	1	38	0	0.449820788530466	-Inf	"SD"	4	19.047619047619
"ECK120001905"	"rfbX"	"-"	2106361	2107608	1248	"M-C2h"	9	0.373739707016392	0	0	0	0.462339743589744	-Inf	"SD"	NA	NA
"ECK120001906"	"glf"	"-"	2105250	2106353	1104	"M-C2h"	18	0.844976728906625	0	0	0	0.663949275362319	-Inf	"SD"	20	46.5116279069767
"ECK120001907"	"wbbH"	"-"	2104084	2105250	1167	"M-C2h"	7	0.310862618346682	0	0	0	0.259640102827764	-Inf	"SD"	NA	NA
"ECK120001908"	"wbbI"	"-"	2103089	2104081	993	"M-C2h"	21	1.09600204111957	0	0	0	0.727089627391742	-Inf	"SD"	16	42.1052631578947
"ECK120001909"	"wbbJ"	"-"	2102518	2103108	591	"M-C2h"	13	1.13997988468395	0	0	0	0.752961082910321	-Inf	"SD"	2	9.09090909090909
"ECK120001910"	"wbbK"	"-"	2101415	2102533	1119	"M-C2h"	7	0.324197207873617	0	0	0	0.319928507596068	-Inf	"SD"	10	23.2558139534884
"ECK120001911"	"wbbL_1"	"-"	2100940	2101413	474	"M-C2h"	9	0.984023532397589	0	0	0	0.533755274261603	-Inf	"SD"	NA	NA
"ECK120001913"	"yehB"	"-"	2186452	2188932	2481	"M-C2h"	2	0	1	40	0	0.0592503022974607	NA	"NO"	NA	NA
"ECK120001914"	"yehC"	"-"	2188948	2189667	720	"M-C2h"	0	0	0	0	0	0	NA	"NO"	NA	NA
"ECK120001915"	"yehD"	"-"	2189702	2190244	543	"M-C2h"	0	0	0	0	0	0	NA	"NO"	NA	NA
"ECK120001916"	"yehE"	"-"	2190537	2190818	282	"M-C2h"	0	0	4	76	0	0	NA	"NO"	NA	NA
"ECK120001917"	"molR_1"	"+"	2194496	2195320	825	"M-C2h"	3	0	1	76	0	0.162424242424242	NA	"NO"	NA	NA
"ECK120001918"	"yehI"	"+"	2198301	2201933	3633	"M-C2h"	16	0	7	53	0	0.212221304706854	NA	"NO"	NA	NA
"ECK120001919"	"yehL"	"+"	2202618	2203706	1089	"M-C2h"	1	0	0	0	0	0.0569329660238751	NA	"NO"	NA	NA
"ECK120001920"	"yehM"	"+"	2203717	2205996	2280	"M-C2h"	6	0	1	56	0	0.0894736842105263	NA	"NO"	NA	NA
"ECK120001921"	"yehP"	"+"	2205989	2207125	1137	"M-C2h"	20	0.911613709286538	0	0	0	0.364995602462621	-Inf	"SD"	NA	NA
"ECK120001922"	"yehQ"	"+"	2207122	2208966	1845	"M-C2h"	8	0	1	100	0	0.234688346883469	NA	"NO"	NA	NA
"ECK120001925"	"yehT"	"-"	2210265	2210984	720	"M-C2h"	41	2.9511594642924	2	83	0	0.748611111111111	-Inf	"SD"	4	14.8148148148148
"ECK120001929"	"yehX"	"-"	2214503	2215429	927	"M-C2h"	6	0.335438442543299	0	0	0	0.276159654800431	-Inf	"SD"	NA	NA
"ECK120001930"	"yehY"	"-"	2215422	2216579	1158	"M-C2h"	0	0	8	184	43.4782608695652	0	Inf	"AD"	NA	NA
"ECK120001931"	"osmF"	"-"	2216586	2217503	918	"M-C2h"	1	0	0	0	0	0.108932461873638	NA	"NO"	NA	NA
"ECK120001937"	"mdtQ"	"-"	2225345	2226433	1089	"M-C2h"	1	0	1	72	0	0.0505050505050505	NA	"NO"	NA	NA
"ECK120001941"	"yohK"	"+"	2229041	2229736	696	"M-C2h"	11	0.819077059055081	39	175	200	0.637931034482759	3.09528382944147	"AD"	NA	NA
"ECK120001942"	"sanA"	"+"	2230900	2231619	720	"M-C2h"	14	1.00771298780716	0	0	0	0.441666666666667	-Inf	"SD"	NA	NA
"ECK120001950"	"psuG"	"-"	2255451	2256389	939	"M-C2h"	3	0	0	0	0	0.160809371671991	NA	"NO"	NA	NA
"ECK120001953"	"yeiQ"	"+"	2264267	2265733	1467	"M-C2h"	117	4.13330129968231	2	51	0	0.98159509202454	-Inf	"SD"	NA	NA
"ECK120001954"	"yejA"	"+"	2270386	2272200	1815	"M-C2h"	129	3.68344676534943	10	181	0	0.858953168044077	-Inf	"SD"	NA	NA
"ECK120001955"	"yejB"	"+"	2272201	2273295	1095	"M-C2h"	6	0	1	68	0	0.142465753424658	NA	"NO"	NA	NA
"ECK120001956"	"yejE"	"+"	2273295	2274320	1026	"M-C2h"	3	0	0	0	0	0.184210526315789	NA	"NO"	NA	NA
"ECK120001963"	"yejM"	"+"	2282398	2284158	1761	"M-C2h"	32	0.941741998826842	45	525	53.3333333333333	0.64679159568427	2.57202305117389	"AD"	4	5.97014925373134
"ECK120001966"	"ccmG"	"-"	2290429	2290986	558	"M-C2h"	8	0.743014184558275	0	0	0	0.611111111111111	-Inf	"SD"	1	4.76190476190476
"ECK120001967"	"ccmF"	"-"	2290983	2292926	1944	"M-C2h"	12	0.319908885018146	0	0	0	0.253600823045267	-Inf	"SD"	NA	NA
"ECK120001968"	"ccmE"	"-"	2292923	2293402	480	"M-C2h"	4	0.431876994774497	0	0	0	0.489583333333333	-Inf	"SD"	2	11.1111111111111
"ECK120001969"	"ccmC"	"-"	2293605	2294342	738	"M-C2h"	7	0.491567311125444	0	0	0	0.368563685636856	-Inf	"SD"	NA	NA
"ECK120001970"	"ccmB"	"-"	2294384	2295046	663	"M-C2h"	9	0.703510036736738	0	0	0	0.532428355957768	-Inf	"SD"	NA	NA
"ECK120001971"	"ccmA"	"-"	2295043	2295666	624	"M-C2h"	173	14.3682154030746	0	0	0	0.881410256410256	-Inf	"SD"	NA	NA
"ECK120001972"	"napC"	"-"	2295679	2296281	603	"M-C2h"	106	9.11024108380034	0	0	0	0.958540630182421	-Inf	"SD"	NA	NA
"ECK120001973"	"napB"	"-"	2296291	2296740	450	"M-C2h"	7	0.806170390245728	2	100	0	0.486666666666667	-Inf	"SD"	NA	NA
"ECK120001974"	"napH"	"-"	2296737	2297600	864	"M-C2h"	9	0.539846243468122	2	45	0	0.416666666666667	-Inf	"SD"	NA	NA
"ECK120001975"	"napG"	"-"	2297587	2298282	696	"M-C2h"	10	0.744615508231892	0	0	0	0.511494252873563	-Inf	"SD"	NA	NA
"ECK120001976"	"napA"	"-"	2298289	2300775	2487	"M-C2h"	82	1.70875336895097	14	217	36.8663594470046	0.72496984318456	-0.0948722771161027	"SD"	20	21.505376344086
"ECK120001979"	"yojI"	"-"	2304994	2306637	1644	"M-C2h"	6	0	3	139	0	0.208029197080292	NA	"NO"	2	3.2258064516129
"ECK120001980"	"apbE"	"-"	2308501	2309556	1056	"M-C2h"	2	0	0	0	0	0.111742424242424	NA	"NO"	NA	NA
"ECK120001981"	"nikA"	"+"	3611690	3613264	1575	"M-C2h"	1	0	5	183	0	0.0634920634920635	NA	"NO"	12	20.3389830508475
"ECK120001982"	"nikB"	"+"	3613264	3614208	945	"M-C2h"	2	0	0	0	0	0.103703703703704	NA	"NO"	NA	NA
"ECK120001983"	"nikC"	"+"	3614205	3615038	834	"M-C2h"	1	0	0	0	0	0.106714628297362	NA	"NO"	NA	NA
"ECK120001984"	"nikD"	"+"	3615038	3615802	765	"M-C2h"	19	1.28716280795536	1	55	0	0.529411764705882	-Inf	"SD"	NA	NA
"ECK120001985"	"nikE"	"+"	3615799	3616605	807	"M-C2h"	8	0.513757019806093	0	0	0	0.359355638166047	-Inf	"SD"	0	0
"ECK120001986"	"recX"	"-"	2820161	2820661	501	"M-C2h"	8	0.827548732502031	4	127	0	0.339321357285429	-Inf	"SD"	NA	NA
"ECK120001987"	"ppdA"	"-"	2961729	2962199	471	"M-C2h"	2	0	0	0	0	0.218683651804671	NA	"NO"	NA	NA
"ECK120001988"	"nuoA"	"-"	2402651	2403094	444	"M-C2h"	97	11.3221806738179	2	73	0	0.972972972972973	-Inf	"SD"	6	37.5
"ECK120001989"	"nuoB"	"-"	2401973	2402635	663	"M-C2h"	144	11.2561605877878	0	0	0	1	-Inf	"SD"	5	20
"ECK120001990"	"nuoC"	"-"	2400077	2401867	1791	"M-C2h"	386	11.1694820759099	1	59	0	1	-Inf	"SD"	33	48.5294117647059
"ECK120001991"	"nuoE"	"-"	2399574	2400074	501	"M-C2h"	266	27.5159953556925	1	50	0	1	-Inf	"SD"	9	47.3684210526316
"ECK120001992"	"nuoG"	"-"	2395461	2398187	2727	"M-C2h"	607	11.5357243488722	1	44	0	0.997433076640997	-Inf	"SD"	63	63
"ECK120001993"	"nuoH"	"-"	2394487	2395464	978	"M-C2h"	186	9.85633386847319	1	59	0	1	-Inf	"SD"	20	55.5555555555556
"ECK120001994"	"nuoI"	"-"	2393930	2394472	543	"M-C2h"	176	16.7978676420578	0	0	0	1	-Inf	"SD"	15	71.4285714285714
"ECK120001995"	"nuoJ"	"-"	2393364	2393918	555	"M-C2h"	90	8.40409287128751	1	76	0	1	-Inf	"SD"	NA	NA
"ECK120001996"	"nuoK"	"-"	2393065	2393367	303	"M-C2h"	56	9.57826206232548	2	41	0	1	-Inf	"SD"	5	45.4545454545455
"ECK120001997"	"nuoL"	"-"	2391227	2393068	1842	"M-C2h"	504	14.1801957893385	10	257	35.0194552529183	1	-2.97780864068119	"SD"	18	27.2727272727273
"ECK120002000"	"secG"	"-"	3320195	3320527	333	"M-C2h"	252	39.2191000660084	2	95	0	1	-Inf	"SD"	5	45.4545454545455
"ECK120002002"	"yfiH"	"-"	2732325	2733056	732	"M-C2h"	46	3.25677733764375	0	0	0	0.806010928961749	-Inf	"SD"	NA	NA
"ECK120002006"	"feoA"	"+"	3538185	3538412	228	"M-C2h"	3	0.681911044380785	0	0	0	0.539473684210526	-Inf	"SD"	NA	NA
"ECK120002007"	"feoB"	"+"	3538429	3540750	2322	"M-C2h"	55	1.22755734948824	1	41	0	0.708871662360034	-Inf	"SD"	NA	NA
"ECK120002009"	"yeiR"	"+"	2265851	2266837	987	"M-C2h"	2	0	0	0	0	0.103343465045593	NA	"NO"	0	0
"ECK120002011"	"hofB"	"-"	115714	117099	1386	"M-C2h"	4	0	1	43	0	0.132034632034632	NA	"NO"	NA	NA
"ECK120002012"	"ppdD"	"-"	117109	117549	441	"M-C2h"	0	0	0	0	0	0	NA	"NO"	NA	NA
"ECK120002014"	"ydcF"	"+"	1485259	1486059	801	"M-C2h"	48	3.10563232197391	2	150	0	0.820224719101124	-Inf	"SD"	2	6.66666666666667
"ECK120002015"	"nlpD"	"-"	2865636	2866775	1140	"M-C2h"	1960	89.1030431324226	3	71	0	0.985087719298246	-Inf	"SD"	5	12.5
"ECK120002017"	"hofQ"	"-"	3517487	3518725	1239	"M-C2h"	8	0	0	0	0	0.189669087974173	NA	"NO"	NA	NA
"ECK120002018"	"prfC"	"+"	4607437	4609026	1590	"M-C2h"	15	0.488917352574903	0	0	0	0.391823899371069	-Inf	"SD"	25	41.6666666666667
"ECK120002019"	"yjjG"	"+"	4606669	4607346	678	"M-C2h"	10	0.764384061547783	5	213	0	0.567846607669616	-Inf	"SD"	NA	NA
"ECK120002024"	"rssB"	"+"	1289465	1290478	1014	"M-C2h"	158	8.07533315673025	0	0	0	0.874753451676529	-Inf	"SD"	NA	NA
"ECK120002025"	"yggI"	"+"	3087777	3088274	498	"M-C2h"	0	0	0	0	0	0	NA	"NO"	NA	NA
"ECK120002027"	"hisJ"	"-"	2424028	2424810	783	"M-C2h"	396	26.2104658897626	1	38	0	1	-Inf	"SD"	21	75
"ECK120002028"	"hisQ"	"-"	2423252	2423938	687	"M-C2h"	67	5.05428098688058	0	0	0	0.988355167394469	-Inf	"SD"	NA	NA
"ECK120002029"	"treB"	"-"	4462782	4464203	1422	"M-C2h"	1083	39.4702772439477	0	0	0	1	-Inf	"SD"	58	113.725490196078
"ECK120002030"	"lgt"	"-"	2963184	2964059	876	"M-C2h"	4	0	1	82	0	0.245433789954338	NA	"NO"	15	45.4545454545455
"ECK120002031"	"uraA"	"-"	2616893	2618182	1290	"M-C2h"	2	0	1	100	0	0.0930232558139535	NA	"NO"	NA	NA
"ECK120002032"	"hscA"	"-"	2655107	2656957	1851	"M-C2h"	233	6.52365249805237	1	41	0	1	-Inf	"SD"	9	13.6363636363636
"ECK120002033"	"hscB"	"-"	2656974	2657489	516	"M-C2h"	88	8.83841291631529	0	0	0	1	-Inf	"SD"	7	35
"ECK120002034"	"iscA"	"-"	2657585	2657908	324	"M-C2h"	4141	662.371346430072	0	0	0	1	-Inf	"SD"	NA	NA
"ECK120002035"	"ucpA"	"-"	2541854	2542645	792	"M-C2h"	15989	1046.25473779537	0	0	0	1	-Inf	"SD"	18	64.2857142857143
"ECK120002037"	"mdtD"	"+"	2159488	2160903	1416	"M-C2h"	3	0	1	41	0	0.107344632768362	NA	"NO"	NA	NA
"ECK120002040"	"yfhG"	"-"	2686815	2687528	714	"M-C2h"	8	0.580674950957307	0	0	0	0.431372549019608	-Inf	"SD"	NA	NA
"ECK120002043"	"sdaC"	"+"	2926251	2927540	1290	"M-C2h"	39	1.56680956243771	11	168	59.5238095238095	0.665116279069767	0.352170161620809	"AD"	4	8.51063829787234
"ECK120002044"	"napD"	"-"	2300772	2301035	264	"M-C2h"	8	1.57046179917999	0	0	0	0.912878787878788	-Inf	"SD"	NA	NA
"ECK120002045"	"pgm"	"+"	712781	714421	1641	"M-C2h"	765	24.1598465084088	2	72	0	1	-Inf	"SD"	25	43.1034482758621
"ECK120002046"	"rapZ"	"+"	3345137	3345991	855	"M-C2h"	14	0.848600410784977	0	0	0	0.601169590643275	-Inf	"SD"	10	31.25
"ECK120002047"	"npr"	"+"	3345988	3346260	273	"M-C2h"	4	0.759344166636479	9	217	41.4746543778802	0.750915750915751	1.24517107764724	"AD"	NA	NA
"ECK120002048"	"galP"	"+"	3086306	3087700	1395	"M-C2h"	8	0.29720567382331	1	36	0	0.278136200716846	-Inf	"SD"	NA	NA
"ECK120002049"	"cobS"	"-"	2062503	2063246	744	"M-C2h"	137	9.54308843292034	0	0	0	1	-Inf	"SD"	NA	NA
"ECK120002050"	"cobT"	"-"	2061412	2062491	1080	"M-C2h"	105	5.0385649390358	0	0	0	0.976851851851852	-Inf	"SD"	NA	NA
"ECK120002052"	"narU"	"-"	1540696	1542084	1389	"M-C2h"	2	0	0	0	0	0.0979121670266379	NA	"NO"	NA	NA
"ECK120002056"	"yaiE"	"+"	407401	407685	285	"M-C2h"	92	16.7295509554753	99	271	365.313653136531	1	0.243101708359775	"AD"	NA	NA
"ECK120002059"	"rsmB"	"+"	3433229	3434518	1290	"M-C2h"	14	0.562444458310973	7	212	0	0.27984496124031	-Inf	"SD"	4	8.33333333333333
"ECK120002061"	"mukF"	"+"	973542	974864	1323	"M-C2h"	81	3.17297383915957	1	76	0	0.927437641723356	-Inf	"SD"	5	9.80392156862745
"ECK120002064"	"brnQ"	"+"	418815	420134	1320	"M-C2h"	84	3.29796977827798	7	151	0	0.925	-Inf	"SD"	NA	NA
"ECK120002065"	"ccmD"	"-"	2293399	2293608	210	"M-C2h"	2	0.493573708313711	0	0	0	0.476190476190476	-Inf	"SD"	NA	NA
"ECK120002068"	"gspM"	"+"	3463104	3463565	462	"M-C2h"	3	0	3	94	0	0.186147186147186	NA	"NO"	NA	NA
"ECK120002069"	"yjdC"	"-"	4360756	4361331	576	"M-C2h"	155	13.9460279562598	0	0	0	0.989583333333333	-Inf	"SD"	3	13.6363636363636
"ECK120002070"	"cutA"	"-"	4363041	4363379	339	"M-C2h"	2	0.305753624619113	1	59	0	0.371681415929204	-Inf	"SD"	NA	NA
"ECK120002071"	"dipZ"	"-"	4361368	4363065	1698	"M-C2h"	14	0.427298793416464	1	98	0	0.309776207302709	-Inf	"SD"	3	4.83870967741935
"ECK120002076"	"ampG"	"-"	451294	452769	1476	"M-C2h"	3	0	2	51	0	0.0853658536585366	NA	"NO"	NA	NA
"ECK120002077"	"ptsP"	"-"	2964210	2966456	2247	"M-C2h"	155	3.57494975647782	1	44	0	0.886515353805073	-Inf	"SD"	7	8.33333333333333
"ECK120002080"	"glnK"	"+"	471822	472160	339	"M-C2h"	2	0.305753624619113	0	0	0	0.418879056047198	-Inf	"SD"	NA	NA
"ECK120002092"	"cspC"	"-"	1905250	1905459	210	"M-C2h"	1311	323.537565799638	0	0	0	1	-Inf	"SD"	NA	NA
"ECK120002097"	"waaF"	"+"	3792952	3793998	1047	"M-C2h"	44	2.1779470223585	0	0	0	0.638013371537727	-Inf	"SD"	1	2.56410256410256
"ECK120002107"	"acpT"	"+"	3610992	3611579	588	"M-C2h"	5	0.440690810994385	4	196	0	0.413265306122449	-Inf	"SD"	NA	NA
"ECK120002108"	"rbbA"	"-"	3624826	3627561	2736	"M-C2h"	609	11.5356618341083	2	81	0	0.99890350877193	-Inf	"SD"	NA	NA
"ECK120002109"	"yhiI"	"-"	3627558	3628625	1068	"M-C2h"	1525	74.0013951720346	2	117	0	1	-Inf	"SD"	5	12.8205128205128
"ECK120002110"	"yhiJ"	"-"	3628991	3630613	1623	"M-C2h"	3	0	2	68	0	0.108441158348737	NA	"NO"	NA	NA
"ECK120002111"	"yhiK"	"-"	3630875	3631267	393	"M-C2h"	0	0	0	0	0	0	NA	"NO"	NA	NA
"ECK120002119"	"arsR"	"+"	3646551	3646904	354	"M-C2h"	0	0	0	0	0	0	NA	"NO"	NA	NA
"ECK120002120"	"arsB"	"+"	3646958	3648247	1290	"M-C2h"	17	0.682968270806182	2	76	0	0.534883720930233	-Inf	"SD"	NA	NA
"ECK120002121"	"arsC"	"+"	3648260	3648685	426	"M-C2h"	8	0.973243931886191	0	0	0	0.732394366197183	-Inf	"SD"	NA	NA
"ECK120002123"	"mdtE"	"+"	3657255	3658412	1158	"M-C2h"	1	0	2	76	0	0.0552677029360967	NA	"NO"	NA	NA
"ECK120002126"	"gadX"	"-"	3663009	3663833	825	"M-C2h"	11	0.691003191639196	0	0	0	0.572121212121212	-Inf	"SD"	NA	NA
"ECK120002131"	"yhjD"	"+"	3671385	3672398	1014	"M-C2h"	169	8.63753989548995	4	157	0	0.690335305719921	-Inf	"SD"	NA	NA
"ECK120002137"	"yhjK"	"-"	3681653	3683602	1950	"M-C2h"	32	0.850465466632856	5	41	0	0.602051282051282	-Inf	"SD"	NA	NA
"ECK120002138"	"bcsC"	"-"	3683723	3687196	3474	"M-C2h"	52	0.775737607194261	0	0	0	0.314047207829591	-Inf	"SD"	NA	NA
"ECK120002139"	"bcsZ"	"-"	3687178	3688284	1107	"M-C2h"	2	0	0	0	0	0.116531165311653	NA	"NO"	NA	NA
"ECK120002140"	"bcsB"	"-"	3688291	3690630	2340	"M-C2h"	14	0	0	0	0	0.232905982905983	NA	"NO"	NA	NA
"ECK120002141"	"bcsA"	"-"	3690641	3693259	2619	"M-C2h"	9	0	6	113	0	0.223749522718595	NA	"NO"	NA	NA
"ECK120002142"	"bcsQ"	"-"	3693256	3693984	729	"M-C2h"	6	0	3	207	0	0.187928669410151	NA	"NO"	NA	NA
"ECK120002145"	"bcsF"	"+"	3696049	3696240	192	"M-C2h"	14	3.77892370427685	0	0	0	0.59375	-Inf	"SD"	NA	NA
"ECK120002148"	"eptB"	"-"	3706807	3708498	1692	"M-C2h"	49	1.50084913077662	2	35	0	0.761820330969267	-Inf	"SD"	NA	NA
"ECK120002149"	"yhjX"	"-"	3708822	3710030	1209	"M-C2h"	2	0	7	145	0	0.146401985111663	NA	"NO"	NA	NA
"ECK120002156"	"xylG"	"+"	3730224	3731765	1542	"M-C2h"	4	0	125	262	473.282442748092	0.134889753566796	Inf	"AD"	NA	NA
"ECK120002157"	"xylH"	"+"	3731743	3732924	1182	"M-C2h"	12	0.526144562161824	0	0	0	0.423011844331641	-Inf	"SD"	NA	NA
"ECK120002161"	"yiaL"	"+"	3741766	3742233	468	"M-C2h"	1	0	0	0	0	0.162393162393162	NA	"NO"	NA	NA
"ECK120002162"	"yiaM"	"+"	3742351	3742824	474	"M-C2h"	2	0.218671896088353	0	0	0	0.276371308016878	-Inf	"SD"	NA	NA
"ECK120002163"	"yiaN"	"+"	3742827	3744104	1278	"M-C2h"	0	0	2	56	0	0	NA	"NO"	NA	NA
"ECK120002164"	"yiaO"	"+"	3744117	3745103	987	"M-C2h"	2	0	0	0	0	0.13677811550152	NA	"NO"	NA	NA
"ECK120002165"	"lyxK"	"+"	3745107	3746603	1497	"M-C2h"	6	0.207716390272303	1	101	0	0.274549098196393	-Inf	"SD"	NA	NA
"ECK120002166"	"sgbH"	"+"	3746600	3747262	663	"M-C2h"	1	0	0	0	0	0.114630467571644	NA	"NO"	NA	NA
"ECK120002167"	"sgbU"	"+"	3747255	3748115	861	"M-C2h"	7	0	0	0	0	0.16260162601626	NA	"NO"	NA	NA
"ECK120002172"	"yiaW"	"-"	3752128	3752451	324	"M-C2h"	0	0	0	0	0	0	NA	"NO"	NA	NA
"ECK120002173"	"aldB"	"-"	3752996	3754534	1539	"M-C2h"	231	7.77883709886229	0	0	0	1	-Inf	"SD"	NA	NA
"ECK120002174"	"yiaY"	"-"	3754699	3755850	1152	"M-C2h"	0	0	1	49	0	0	NA	"NO"	NA	NA
"ECK120002175"	"grxC"	"-"	3782214	3782465	252	"M-C2h"	34	6.99229420111091	0	0	0	0.992063492063492	-Inf	"SD"	NA	NA
"ECK120002178"	"envC"	"+"	3784861	3786120	1260	"M-C2h"	37	1.52185226730061	4	145	0	0.653174603174603	-Inf	"SD"	NA	NA
"ECK120002181"	"tmk"	"+"	1154347	1154988	642	"M-C2h"	240	19.373921260912	0	0	0	0.978193146417445	-Inf	"SD"	6	25
"ECK120002182"	"ycfH"	"+"	1156000	1156797	798	"M-C2h"	86	5.58517617302357	19	147	122.448979591837	0.477443609022556	-0.633605881752362	"SD"	3	10
"ECK120002183"	"sapD"	"-"	1350660	1351652	993	"M-C2h"	31	1.61790777498603	1	100	0	0.735146022155086	-Inf	"SD"	2	5.26315789473684
"ECK120002184"	"sapF"	"-"	1349852	1350658	807	"M-C2h"	34	2.1834673341759	2	76	0	0.667905824039653	-Inf	"SD"	2	6.45161290322581
"ECK120002186"	"yjtD"	"+"	4638965	4639651	687	"M-C2h"	46	3.47010336412696	1	96	0	0.905385735080058	-Inf	"SD"	NA	NA
"ECK120002187"	"pepB"	"-"	2653097	2654380	1284	"M-C2h"	209	8.43572821568878	1	99	0	0.97196261682243	-Inf	"SD"	32	69.5652173913043
"ECK120002188"	"iscX"	"-"	2654558	2654758	201	"M-C2h"	86	22.1739830152876	1	69	0	1	-Inf	"SD"	NA	NA
"ECK120002190"	"zapD"	"-"	111856	112599	744	"M-C2h"	42	2.92561835169821	5	112	0	0.858870967741935	-Inf	"SD"	4	14.2857142857143
"ECK120002197"	"yadH"	"+"	143702	144472	771	"M-C2h"	66	4.43640181402596	1	76	0	0.972762645914397	-Inf	"SD"	NA	NA
"ECK120002198"	"yadI"	"+"	144577	145017	441	"M-C2h"	899	105.648277089054	1	69	0	1	-Inf	"SD"	NA	NA
"ECK120002199"	"yfaD"	"+"	2354926	2355825	900	"M-C2h"	24	1.38200638327839	2	98	0	0.383333333333333	-Inf	"SD"	NA	NA
"ECK120002200"	"yadK"	"-"	151003	151599	597	"M-C2h"	3	0	0	0	0	0.110552763819095	NA	"NO"	NA	NA
"ECK120002201"	"yadL"	"-"	151626	152231	606	"M-C2h"	2	0	0	0	0	0.0858085808580858	NA	"NO"	NA	NA
"ECK120002202"	"yadM"	"-"	152243	152812	570	"M-C2h"	3	0.272764417752314	0	0	0	0.357894736842105	-Inf	"SD"	NA	NA
"ECK120002203"	"yadN"	"-"	156299	156883	585	"M-C2h"	0	0	0	0	0	0	NA	"NO"	NA	NA
"ECK120002209"	"btuF"	"-"	177662	178462	801	"M-C2h"	15	0	1	74	0	0.0561797752808989	NA	"NO"	NA	NA
"ECK120002212"	"yaeI"	"-"	184257	185069	813	"M-C2h"	0	0	18	249	64.2570281124498	0	Inf	"AD"	NA	NA
"ECK120002214"	"yagB"	"-"	279609	279959	351	"M-C2h"	80	11.8120203699008	0	0	0	0.863247863247863	-Inf	"SD"	NA	NA
"ECK120002216"	"rseA"	"-"	2706776	2707426	651	"M-C2h"	4379	348.606333662216	1	100	0	1	-Inf	"SD"	4	16.6666666666667
"ECK120002223"	"arfB"	"+"	214833	215255	423	"M-C2h"	17	2.08281103862878	2	42	0	0.607565011820331	-Inf	"SD"	NA	NA
"ECK120002227"	"ybgD"	"-"	751452	752018	567	"M-C2h"	5	0.457012692883066	0	0	0	0.27336860670194	-Inf	"SD"	NA	NA
"ECK120002229"	"kduD"	"-"	2980519	2981280	762	"M-C2h"	50	3.40060625806691	10	114	52.6315789473684	0.968503937007874	-1.50275756627517	"SD"	NA	NA
"ECK120002230"	"menF"	"-"	2377370	2378665	1296	"M-C2h"	17	0.679806380663561	3	76	0	0.549382716049383	-Inf	"SD"	NA	NA
"ECK120002231"	"ygiL"	"+"	3183436	3183987	552	"M-C2h"	0	0	0	0	0	0	NA	"NO"	NA	NA
"ECK120002232"	"intB"	"+"	4494773	4495963	1191	"M-C2h"	170	7.39738933115008	5	116	0	0.838790931989924	-Inf	"SD"	NA	NA
"ECK120002234"	"rsmE"	"+"	3089156	3089887	732	"M-C2h"	206	14.5846985120568	0	0	0	0.577868852459016	-Inf	"SD"	6	22.2222222222222
"ECK120002235"	"cusA"	"+"	597937	601080	3144	"M-C2h"	14	0	0	0	0	0.234732824427481	NA	"NO"	NA	NA
"ECK120002239"	"nlpI"	"-"	3306062	3306946	885	"M-C2h"	589	34.491599989448	1	46	0	1	-Inf	"SD"	2	5.88235294117647
"ECK120002241"	"ygdH"	"+"	2924330	2925694	1365	"M-C2h"	412	15.6424898327115	8	129	0	1	-Inf	"SD"	20	39.2156862745098
"ECK120002242"	"yhfG"	"-"	3489475	3489642	168	"M-C2h"	75	23.1362675772052	1	76	0	1	-Inf	"SD"	NA	NA
"ECK120002243"	"ycaI"	"+"	963543	965807	2265	"M-C2h"	78	1.7847102300615	21	359	41.7827298050139	0.581015452538631	0.749272646964944	"AD"	NA	NA
"ECK120002246"	"yecE"	"+"	1949419	1950237	819	"M-C2h"	0	0	14	80	75	0	Inf	"AD"	NA	NA
"ECK120002248"	"nrdF"	"+"	2801524	2802483	960	"M-C2h"	3	0	6	132	45.4545454545455	0.159375	Inf	"AD"	NA	NA
"ECK120002250"	"rcsD"	"+"	2311510	2314182	2673	"M-C2h"	366	7.0961607222207	3	75	0	0.560044893378227	-Inf	"SD"	14	14
"ECK120002252"	"lhgO"	"+"	2788004	2789272	1269	"M-C2h"	93	3.79806718808778	0	0	0	0.876280535855004	-Inf	"SD"	NA	NA
"ECK120002258"	"ybgE"	"+"	773532	773825	294	"M-C2h"	369	65.0459637027712	0	0	0	0.80952380952381	-Inf	"SD"	NA	NA
"ECK120002260"	"ycbF"	"+"	1003170	1003880	711	"M-C2h"	15	1.09335948044177	8	326	21.4723926380368	0.49648382559775	0.356659011353572	"AD"	NA	NA
"ECK120002261"	"dhaM"	"-"	1246919	1248337	1419	"M-C2h"	254	9.27668132538878	11	435	22.9885057471264	0.982381959126145	-2.21360878253918	"SD"	6	11.7647058823529
"ECK120002263"	"rlmN"	"-"	2641151	2642305	1155	"M-C2h"	38	1.70507281053828	2	153	0	0.763636363636364	-Inf	"SD"	4	9.30232558139535
"ECK120002271"	"nudK"	"-"	2580925	2581500	576	"M-C2h"	20	1.79948747822707	0	0	0	0.638888888888889	-Inf	"SD"	4	18.1818181818182
"ECK120002272"	"rfbD"	"-"	2109101	2110000	900	"M-C2h"	26	1.49717358188492	2	100	0	0.603333333333333	-Inf	"SD"	11	33.3333333333333
"ECK120002273"	"rfbB"	"-"	2110000	2111085	1086	"M-C2h"	34	1.62252130633513	0	0	0	0.737569060773481	-Inf	"SD"	16	39.0243902439024
"ECK120002274"	"gatA"	"-"	2172619	2173071	453	"M-C2h"	1676	191.741945229684	0	0	0	1	-Inf	"SD"	18	105.882352941176
"ECK120002275"	"gatB"	"-"	2172304	2172588	285	"M-C2h"	328	59.6444860151727	0	0	0	1	-Inf	"SD"	2	20
"ECK120002276"	"gatC"	"-"	2170945	2172300	1356	"M-C2h"	454	17.3515181971347	0	0	0	0.929941002949852	-Inf	"SD"	NA	NA
"ECK120002277"	"gatD"	"-"	2169857	2170897	1041	"M-C2h"	55	2.73812503891612	0	0	0	0.711815561959654	-Inf	"SD"	8	21.6216216216216
"ECK120002278"	"gatY"	"-"	2174372	2175226	855	"M-C2h"	39392	2387.7190986887	0	0	0	1	-Inf	"SD"	51	164.516129032258
"ECK120002279"	"ybiI"	"-"	837413	837679	267	"M-C2h"	16	3.10563232197391	1	55	0	0.471910112359551	-Inf	"SD"	NA	NA
"ECK120002282"	"prmC"	"+"	1265317	1266150	834	"M-C2h"	5	0.310702873938487	0	0	0	0.323741007194245	-Inf	"SD"	NA	NA
"ECK120002283"	"modA"	"+"	794312	795085	774	"M-C2h"	59	3.9505027428985	1	36	0	0.941860465116279	-Inf	"SD"	11	40.7407407407407
"ECK120002285"	"tomB"	"-"	479558	479932	375	"M-C2h"	1462	202.049333235301	0	0	0	1	-Inf	"SD"	NA	NA
"ECK120002286"	"puuR"	"+"	1359935	1360492	558	"M-C2h"	187	17.3679565640497	0	0	0	1	-Inf	"SD"	NA	NA
"ECK120002287"	"ydiF"	"+"	1773611	1775206	1596	"M-C2h"	0	0	0	0	0	0	NA	"NO"	NA	NA
"ECK120002290"	"rseP"	"+"	196546	197898	1353	"M-C2h"	124	4.74968934386143	1	76	0	0.917960088691796	-Inf	"SD"	7	14.2857142857143
"ECK120002291"	"menE"	"-"	2371670	2373025	1356	"M-C2h"	5	0	19	147	129.251700680272	0.180678466076696	Inf	"AD"	NA	NA
"ECK120002292"	"menH"	"-"	2374856	2375614	759	"M-C2h"	6	0	0	0	0	0.247694334650856	NA	"NO"	NA	NA
"ECK120002296"	"yggL"	"-"	3099829	3100155	327	"M-C2h"	304	48.1800390500724	0	0	0	1	-Inf	"SD"	5	38.4615384615385
"ECK120002300"	"ybcH"	"-"	586314	587204	891	"M-C2h"	7	0.407156762750368	1	98	0	0.498316498316498	-Inf	"SD"	NA	NA
"ECK120002305"	"alsB"	"-"	4309130	4310065	936	"M-C2h"	8	0.442950763871279	0	0	0	0.389957264957265	-Inf	"SD"	6	18.1818181818182
"ECK120002306"	"adiC"	"-"	4333717	4335054	1338	"M-C2h"	2	0	4	80	0	0.103139013452915	NA	"NO"	NA	NA
"ECK120002307"	"yjdL"	"-"	4352977	4354434	1458	"M-C2h"	3	0	1	64	0	0.0706447187928669	NA	"NO"	NA	NA
"ECK120002308"	"yjeM"	"+"	4381862	4383364	1503	"M-C2h"	19	0	1	52	0	0.135728542914172	NA	"NO"	NA	NA
"ECK120002309"	"ulaB"	"+"	4419416	4419721	306	"M-C2h"	38	6.43581403977682	0	0	0	1	-Inf	"SD"	NA	NA
"ECK120002310"	"ulaC"	"+"	4419731	4420195	465	"M-C2h"	44	4.90389361808461	0	0	0	0.965591397849462	-Inf	"SD"	NA	NA
"ECK120002313"	"ytfR"	"+"	4449081	4450583	1503	"M-C2h"	77	2.65505218344402	0	0	0	0.860279441117764	-Inf	"SD"	NA	NA
"ECK120002314"	"ytfT"	"+"	4450597	4451619	1023	"M-C2h"	26	1.31716150898967	0	0	0	0.78494623655914	-Inf	"SD"	NA	NA
"ECK120002317"	"idnT"	"-"	4489229	4490548	1320	"M-C2h"	20	0.785230899589995	13	127	70.8661417322835	0.353787878787879	1.19680805608584	"AD"	NA	NA
"ECK120002319"	"yjhF"	"-"	4518694	4520043	1350	"M-C2h"	3	0	14	169	47.3372781065089	0.0740740740740741	Inf	"AD"	NA	NA
"ECK120002320"	"sgcA"	"-"	4525572	4526003	432	"M-C2h"	83	9.9571640461898	2	41	0	0.849537037037037	-Inf	"SD"	NA	NA
"ECK120002321"	"sgcC"	"-"	4526953	4528266	1314	"M-C2h"	464	18.3005411484353	2	110	0	1	-Inf	"SD"	NA	NA
"ECK120002322"	"sgcX"	"-"	4528553	4529674	1122	"M-C2h"	747	34.5039695290427	12	252	27.7777777777778	1	-4.62326361483776	"SD"	NA	NA
"ECK120002329"	"fabF"	"+"	1151162	1152403	1242	"M-C2h"	167	6.96845006061266	9	136	44.1176470588235	0.954911433172303	-2.53780339824734	"SD"	16	37.2093023255814
"ECK120002332"	"yabP"	"+"	58474	59124	651	"M-C2h"	63	5.01534574576836	0	0	0	0.920122887864823	-Inf	"SD"	NA	NA
"ECK120002337"	"dppB"	"-"	3702794	3703813	1020	"M-C2h"	6	0.304854349252586	7	280	0	0.364705882352941	-Inf	"SD"	NA	NA
"ECK120002338"	"dppC"	"-"	3701882	3702784	903	"M-C2h"	5	0.286961458321925	0	0	0	0.287929125138427	-Inf	"SD"	NA	NA
"ECK120002339"	"dppD"	"-"	3700888	3701871	984	"M-C2h"	8	0.421343409536095	0	0	0	0.420731707317073	-Inf	"SD"	NA	NA
"ECK120002341"	"gntK"	"-"	3575088	3575615	528	"M-C2h"	2	0	2	50	0	0.140151515151515	NA	"NO"	NA	NA
"ECK120002342"	"gntR"	"-"	3575754	3576749	996	"M-C2h"	160	8.32533965830356	0	0	0	0.956827309236948	-Inf	"SD"	3	8.33333333333333
"ECK120002345"	"cas3"	"-"	2882575	2885241	2667	"M-C2h"	116	2.25411614820435	8	109	64.2201834862385	0.75140607424072	-0.687135028233964	"SD"	NA	NA
"ECK120002349"	"gltJ"	"-"	685152	685892	741	"M-C2h"	15	1.04909391443198	5	144	0	0.597840755735493	-Inf	"SD"	1	3.57142857142857
"ECK120002350"	"gltK"	"-"	684478	685152	675	"M-C2h"	18	1.38200638327839	0	0	0	0.512592592592593	-Inf	"SD"	NA	NA
"ECK120002351"	"gltL"	"-"	683753	684478	726	"M-C2h"	41	2.92676971665362	0	0	0	0.767217630853995	-Inf	"SD"	NA	NA
"ECK120002352"	"lpxH"	"-"	552441	553163	723	"M-C2h"	16	1.14689326413145	1	45	0	0.260027662517289	-Inf	"SD"	0	0
"ECK120002353"	"grxB"	"-"	1122630	1123277	648	"M-C2h"	46	3.67895217770868	3	69	0	0.990740740740741	-Inf	"SD"	10	41.6666666666667
"ECK120002355"	"rarA"	"+"	937217	938560	1344	"M-C2h"	122	4.70437440736506	0	0	0	0.416666666666667	-Inf	"SD"	NA	NA
"ECK120002356"	"yciM"	"+"	1338582	1339751	1170	"M-C2h"	29	1.28455721522671	0	0	0	0.774358974358974	-Inf	"SD"	NA	NA
"ECK120002358"	"nudL"	"+"	1894194	1894772	579	"M-C2h"	49	4.38590108682909	0	0	0	0.70293609671848	-Inf	"SD"	NA	NA
"ECK120002364"	"yggN"	"-"	3098926	3099645	720	"M-C2h"	101	7.26992941203737	2	69	0	0.970833333333333	-Inf	"SD"	5	19.2307692307692
"ECK120002365"	"ygbE"	"-"	2871036	2871359	324	"M-C2h"	5	0.799772212545365	0	0	0	0.382716049382716	-Inf	"SD"	NA	NA
"ECK120002368"	"yedJ"	"-"	2030408	2031103	696	"M-C2h"	10	0	2	76	0	0.208333333333333	NA	"NO"	NA	NA
"ECK120002371"	"dxr"	"+"	193521	194717	1197	"M-C2h"	71	3.07401169212925	3	76	0	0.557226399331663	-Inf	"SD"	NA	NA
"ECK120002373"	"ygjI"	"+"	3224256	3225689	1434	"M-C2h"	4	0	5	160	0	0.0732217573221757	NA	"NO"	NA	NA
"ECK120002375"	"uxaA"	"-"	3239849	3241336	1488	"M-C2h"	102	3.55253656991925	0	0	0	0.9375	-Inf	"SD"	2	3.7037037037037
"ECK120002377"	"exuR"	"+"	3244674	3245450	777	"M-C2h"	752	50.1577606286366	2	42	0	1	-Inf	"SD"	8	26.6666666666667
"ECK120002378"	"yhaO"	"-"	3254701	3255969	1269	"M-C2h"	23	0.93930693898945	0	0	0	0.655634357762017	-Inf	"SD"	NA	NA
"ECK120002380"	"agaA"	"+"	3279144	3279647	504	"M-C2h"	13	1.33676212668297	3	97	0	0.742063492063492	-Inf	"SD"	NA	NA
"ECK120002381"	"kbaY"	"+"	3281165	3282025	861	"M-C2h"	9	0.541727240832122	1	99	0	0.455284552845528	-Inf	"SD"	NA	NA
"ECK120002382"	"agaB"	"+"	3282192	3282668	477	"M-C2h"	0	0	0	0	0	0	NA	"NO"	NA	NA
"ECK120002383"	"agaC"	"+"	3282707	3283510	804	"M-C2h"	2	0	0	0	0	0.114427860696517	NA	"NO"	NA	NA
"ECK120002384"	"diaA"	"+"	3293831	3294421	591	"M-C2h"	76	6.6644977873831	1	37	0	0.971235194585448	-Inf	"SD"	1	4.76190476190476
"ECK120002386"	"mlaD"	"-"	3335932	3336483	552	"M-C2h"	87	8.16810837943071	1	55	0	0.97463768115942	-Inf	"SD"	9	45
"ECK120002387"	"mlaE"	"-"	3336488	3337270	783	"M-C2h"	42	2.77989789739906	0	0	0	0.978288633461047	-Inf	"SD"	7	25
"ECK120002391"	"yhdW"	"+"	3417171	3418088	918	"M-C2h"	27	1.52427174626293	14	302	46.3576158940397	0.567538126361656	0.877306698593022	"AD"	NA	NA
"ECK120002392"	"yhdX"	"+"	3418156	3419337	1182	"M-C2h"	0	0	16	240	54.1666666666667	0	Inf	"AD"	NA	NA
"ECK120002393"	"yhdY"	"+"	3419347	3420450	1104	"M-C2h"	8	0	2	159	0	0.204710144927536	NA	"NO"	NA	NA
"ECK120002401"	"abgT"	"-"	1398271	1399797	1527	"M-C2h"	4	0	3	91	0	0.10543549443353	NA	"NO"	NA	NA
"ECK120002402"	"ybgF"	"+"	778821	779612	792	"M-C2h"	180	11.7784634938499	2	68	0	0.90530303030303	-Inf	"SD"	9	32.1428571428571
"ECK120002409"	"proQ"	"-"	1912860	1913558	699	"M-C2h"	113	8.37804298875849	1	56	0	1	-Inf	"SD"	12	46.1538461538462
"ECK120002412"	"ycjF"	"+"	1383535	1384596	1062	"M-C2h"	50	2.43998302132484	1	40	0	0.699623352165725	-Inf	"SD"	2	5.12820512820513
"ECK120002416"	"ycfK"	"+"	1206724	1207353	630	"M-C2h"	0	0	0	0	0	0	NA	"NO"	NA	NA
"ECK120002418"	"ybcJ"	"-"	555884	556096	213	"M-C2h"	90	21.8979884674393	0	0	0	1	-Inf	"SD"	NA	NA
"ECK120002424"	"frlA"	"+"	3497932	3499269	1338	"M-C2h"	8	0.309866902080357	5	161	0	0.254110612855007	-Inf	"SD"	NA	NA
"ECK120002425"	"feoC"	"+"	3540750	3540986	237	"M-C2h"	0	0	0	0	0	0	NA	"NO"	NA	NA
"ECK120002428"	"xapB"	"-"	2520751	2522007	1257	"M-C2h"	9	0	1	49	0	0.246618933969769	NA	"NO"	NA	NA
"ECK120002433"	"mngB"	"+"	767201	769834	2634	"M-C2h"	54	1.0624764336138	5	115	0	0.582763857251329	-Inf	"SD"	NA	NA
"ECK120002434"	"cobU"	"-"	2063243	2063788	546	"M-C2h"	141	13.3834409369679	0	0	0	1	-Inf	"SD"	NA	NA
"ECK120002437"	"dctA"	"-"	3680184	3681470	1287	"M-C2h"	8332	335.515069506864	4	137	0	1	-Inf	"SD"	14	31.1111111111111
"ECK120002438"	"dgoA"	"-"	3871018	3871635	618	"M-C2h"	22	1.84491143398814	0	0	0	0.936893203883495	-Inf	"SD"	NA	NA
"ECK120002439"	"dgoK"	"-"	3871619	3872497	879	"M-C2h"	76	4.48090806865007	6	137	43.7956204379562	0.949943117178612	-1.90075672229395	"SD"	NA	NA
"ECK120002441"	"glcB"	"-"	3119656	3121827	2172	"M-C2h"	358	8.54209746570553	1	73	0	0.949355432780847	-Inf	"SD"	77	96.25
"ECK120002442"	"gpsA"	"-"	3780665	3781684	1020	"M-C2h"	507	25.7601925118435	2	76	0	0.977450980392157	-Inf	"SD"	8	22.2222222222222
"ECK120002444"	"kefB"	"-"	3476824	3478629	1806	"M-C2h"	290	8.32188229133583	2	37	0	0.983388704318937	-Inf	"SD"	NA	NA
"ECK120002445"	"pta"	"+"	2412769	2414913	2145	"M-C2h"	84	2.02951986355568	4	73	0	0.8997668997669	-Inf	"SD"	116	150.649350649351
"ECK120002446"	"uxuB"	"+"	4550924	4552384	1461	"M-C2h"	39	1.3834252810025	1	97	0	0.67419575633128	-Inf	"SD"	3	5.55555555555556
"ECK120002450"	"nrdE"	"+"	2799370	2801514	2145	"M-C2h"	5	0	12	77	0	0.124941724941725	NA	"NO"	NA	NA
"ECK120002451"	"alaT"	"+"	4035283	4035358	76	"M-C2h"	0	0	0	0	0	0	NA	"NO"	NA	NA
"ECK120002452"	"alaU"	"-"	3424980	3425055	76	"M-C2h"	0	0	0	0	0	0	NA	"NO"	NA	NA
"ECK120002453"	"alaV"	"+"	225500	225575	76	"M-C2h"	6	4.09146626628471	0	0	0	0.894736842105263	-Inf	"SD"	NA	NA
"ECK120002455"	"alaX"	"-"	2516063	2516138	76	"M-C2h"	433	295.26748221688	0	0	0	1	-Inf	"SD"	NA	NA
"ECK120002456"	"argQ"	"-"	2815806	2815882	77	"M-C2h"	0	0	0	0	0	0	NA	"NO"	NA	NA
"ECK120002458"	"argV"	"-"	2816495	2816571	77	"M-C2h"	834	561.327917364048	0	0	0	0.87012987012987	-Inf	"SD"	NA	NA
"ECK120002459"	"argW"	"+"	2464331	2464405	75	"M-C2h"	72	49.7522297980221	0	0	0	1	-Inf	"SD"	NA	NA
"ECK120002460"	"argX"	"+"	3980398	3980474	77	"M-C2h"	152	102.304368632297	0	0	0	1	-Inf	"SD"	NA	NA
"ECK120002461"	"argY"	"-"	2816220	2816296	77	"M-C2h"	6	4.03833034074855	0	0	0	1	-Inf	"SD"	NA	NA
"ECK120002462"	"argZ"	"-"	2816081	2816157	77	"M-C2h"	0	0	0	0	0	0	NA	"NO"	NA	NA
"ECK120002463"	"asnT"	"+"	2042573	2042648	76	"M-C2h"	314	214.120067935567	0	0	0	1	-Inf	"SD"	NA	NA
"ECK120002467"	"aspU"	"+"	228928	229004	77	"M-C2h"	319	214.704563116464	0	0	0	1	-Inf	"SD"	NA	NA
"ECK120002468"	"aspV"	"+"	236931	237007	77	"M-C2h"	615	413.928859926726	0	0	0	1	-Inf	"SD"	NA	NA
"ECK120002470"	"glnU"	"-"	696088	696162	75	"M-C2h"	25	17.2750797909799	4	174	0	1	-Inf	"SD"	NA	NA
"ECK120002472"	"glnW"	"-"	695979	696053	75	"M-C2h"	20	13.8200638327839	3	96	0	1	-Inf	"SD"	NA	NA
"ECK120002474"	"gltT"	"+"	4166395	4166470	76	"M-C2h"	0	0	0	0	0	0	NA	"NO"	NA	NA
"ECK120002475"	"gltU"	"+"	3941458	3941533	76	"M-C2h"	2	1.36382208876157	0	0	0	0.289473684210526	-Inf	"SD"	NA	NA
"ECK120002476"	"gltV"	"+"	4207797	4207872	76	"M-C2h"	0	0	0	0	0	0	NA	"NO"	NA	NA
"ECK120002477"	"gltW"	"-"	2727391	2727466	76	"M-C2h"	1	0	0	0	0	0.0131578947368421	NA	"NO"	NA	NA
"ECK120002478"	"glyT"	"+"	4173696	4173770	75	"M-C2h"	21290	14711.4579499985	0	0	0	1	-Inf	"SD"	NA	NA
"ECK120002479"	"glyU"	"-"	2997006	2997079	74	"M-C2h"	7384	5171.31848013225	0	0	0	1	-Inf	"SD"	NA	NA
"ECK120002480"	"glyV"	"+"	4390383	4390458	76	"M-C2h"	12	8.18293253256942	0	0	0	1	-Inf	"SD"	NA	NA
"ECK120002481"	"glyW"	"-"	1990066	1990141	76	"M-C2h"	90	61.3719939942707	0	0	0	1	-Inf	"SD"	NA	NA
"ECK120002482"	"glyX"	"+"	4390495	4390570	76	"M-C2h"	4	2.72764417752314	0	0	0	1	-Inf	"SD"	NA	NA
"ECK120002484"	"hisR"	"+"	3980532	3980608	77	"M-C2h"	1279	860.837417636232	0	0	0	1	-Inf	"SD"	NA	NA
"ECK120002485"	"ileT"	"+"	4035164	4035240	77	"M-C2h"	0	0	0	0	0	0	NA	"NO"	NA	NA
"ECK120002486"	"ileU"	"-"	3425098	3425174	77	"M-C2h"	0	0	0	0	0	0	NA	"NO"	NA	NA
"ECK120002487"	"ileV"	"+"	225381	225457	77	"M-C2h"	0	0	0	0	0	0	NA	"NO"	NA	NA
"ECK120002490"	"leuQ"	"-"	4604338	4604424	87	"M-C2h"	516	307.377281798125	0	0	0	1	-Inf	"SD"	NA	NA
"ECK120002491"	"leuT"	"+"	3980629	3980715	87	"M-C2h"	433	257.934812051527	0	0	0	1	-Inf	"SD"	NA	NA
"ECK120002492"	"leuU"	"-"	3320094	3320180	87	"M-C2h"	14899	8875.22116571757	0	0	0	1	-Inf	"SD"	NA	NA
"ECK120002494"	"leuW"	"-"	696186	696270	85	"M-C2h"	2739	1669.99212520567	0	0	0	1	-Inf	"SD"	NA	NA
"ECK120002496"	"leuZ"	"-"	1989839	1989925	87	"M-C2h"	3185	1897.28031497486	0	0	0	1	-Inf	"SD"	NA	NA
"ECK120002497"	"lysT"	"+"	779777	779852	76	"M-C2h"	9	6.13719939942707	0	0	0	1	-Inf	"SD"	NA	NA
"ECK120002499"	"lysW"	"+"	780066	780141	76	"M-C2h"	1	0	0	0	0	0.0657894736842105	NA	"NO"	NA	NA
"ECK120002500"	"metT"	"-"	696280	696356	77	"M-C2h"	12	8.07666068149709	0	0	0	1	-Inf	"SD"	NA	NA
"ECK120002501"	"metU"	"-"	695887	695963	77	"M-C2h"	16	10.7688809086628	3	96	0	0.766233766233766	-Inf	"SD"	NA	NA
"ECK120002506"	"pheU"	"-"	4360574	4360649	76	"M-C2h"	5	3.40955522190393	0	0	0	1	-Inf	"SD"	NA	NA
"ECK120002508"	"proK"	"-"	3706639	3706715	77	"M-C2h"	561	377.583886859989	0	0	0	1	-Inf	"SD"	NA	NA
"ECK120002510"	"proM"	"+"	3980758	3980834	77	"M-C2h"	2797	1882.53499384561	0	0	0	1	-Inf	"SD"	NA	NA
"ECK120002513"	"rrfB"	"+"	4169660	4169779	120	"M-C2h"	158	68.2365651743706	0	0	0	1	-Inf	"SD"	NA	NA
"ECK120002514"	"rrfC"	"+"	3944723	3944842	120	"M-C2h"	42	18.1388337805289	0	0	0	1	-Inf	"SD"	NA	NA
"ECK120002515"	"rrfD"	"-"	3421690	3421809	120	"M-C2h"	633	273.378137692257	0	0	0	0.766666666666667	-Inf	"SD"	NA	NA
"ECK120002516"	"rrfE"	"+"	4211063	4211182	120	"M-C2h"	148	63.9177952266256	0	0	0	1	-Inf	"SD"	NA	NA
"ECK120002517"	"rrfG"	"-"	2724091	2724210	120	"M-C2h"	422	182.252091794838	0	0	0	0.758333333333333	-Inf	"SD"	NA	NA
"ECK120002518"	"rrfH"	"+"	228756	228875	120	"M-C2h"	21	9.06941689026444	0	0	0	0.933333333333333	-Inf	"SD"	NA	NA
"ECK120002519"	"rrlA"	"+"	4035542	4038446	2905	"M-C2h"	20200	360.368273780854	0	0	0	1	-Inf	"SD"	NA	NA
"ECK120002520"	"rrlB"	"+"	4166664	4169567	2904	"M-C2h"	1296	23.1286192242871	0	0	0	0.988292011019284	-Inf	"SD"	NA	NA
"ECK120002521"	"rrlC"	"+"	3941727	3944630	2904	"M-C2h"	9145	163.203104017057	0	0	0	0.991046831955923	-Inf	"SD"	NA	NA
"ECK120002522"	"rrlD"	"-"	3421902	3424805	2904	"M-C2h"	468	0	0	0	0	0.131542699724518	NA	"NO"	NA	NA
"ECK120002523"	"rrlE"	"+"	4208066	4210969	2904	"M-C2h"	1155	20.6123111142374	0	0	0	0.989669421487603	-Inf	"SD"	NA	NA
"ECK120002524"	"rrlG"	"-"	2724303	2727206	2904	"M-C2h"	4	0	0	0	0	0.09366391184573	NA	"NO"	NA	NA
"ECK120002525"	"rrlH"	"+"	225759	228662	2904	"M-C2h"	16752	298.958818862082	0	0	0	0.997933884297521	-Inf	"SD"	NA	NA
"ECK120002526"	"rrsA"	"+"	4033554	4035095	1542	"M-C2h"	593	19.9301990584651	0	0	0	0.864461738002594	-Inf	"SD"	NA	NA
"ECK120002527"	"rrsB"	"+"	4164682	4166223	1542	"M-C2h"	452	15.1913153025738	0	0	0	0.894293125810636	-Inf	"SD"	NA	NA
"ECK120002531"	"rrsG"	"-"	2727638	2729179	1542	"M-C2h"	17274	580.56367375367	0	0	0	0.191958495460441	-Inf	"SD"	NA	NA
"ECK120002532"	"rrsH"	"+"	223771	225312	1542	"M-C2h"	7468	250.992793538984	0	0	0	0.981193255512322	-Inf	"SD"	NA	NA
"ECK120002537"	"serV"	"-"	2816575	2816667	93	"M-C2h"	16145	8996.97300727001	0	0	0	1	-Inf	"SD"	NA	NA
"ECK120002541"	"ssrS"	"+"	3054005	3054187	183	"M-C2h"	115950	32836.8115043298	0	0	0	1	-Inf	"SD"	NA	NA
"ECK120002542"	"ssrA"	"+"	2753615	2753977	363	"M-C2h"	3953974	564505.920177355	0	0	0	1	-Inf	"SD"	NA	NA
"ECK120002543"	"thrT"	"+"	4173777	4173852	76	"M-C2h"	408	278.21970610736	0	0	0	1	-Inf	"SD"	NA	NA
"ECK120002545"	"thrV"	"-"	3421602	3421677	76	"M-C2h"	812	553.711768037198	0	0	0	1	-Inf	"SD"	NA	NA
"ECK120002548"	"tyrT"	"-"	1286761	1286845	85	"M-C2h"	4	2.43883479402069	0	0	0	0.717647058823529	-Inf	"SD"	NA	NA
"ECK120002550"	"tyrV"	"-"	1286467	1286551	85	"M-C2h"	2	1.21941739701035	0	0	0	0.423529411764706	-Inf	"SD"	NA	NA
"ECK120002551"	"valT"	"+"	779988	780063	76	"M-C2h"	3	2.04573313314236	0	0	0	0.776315789473684	-Inf	"SD"	NA	NA
"ECK120002554"	"valW"	"+"	1744540	1744616	77	"M-C2h"	40	26.922202271657	0	0	0	1	-Inf	"SD"	NA	NA
"ECK120002555"	"valX"	"+"	2519073	2519148	76	"M-C2h"	12	8.18293253256942	0	0	0	0.973684210526316	-Inf	"SD"	NA	NA
"ECK120002556"	"valY"	"+"	2519195	2519270	76	"M-C2h"	7	4.7733773106655	0	0	0	0.868421052631579	-Inf	"SD"	NA	NA
"ECK120002557"	"dicF"	"+"	1647406	1647458	53	"M-C2h"	15	14.6675205772471	0	0	0	1	-Inf	"SD"	NA	NA
"ECK120002561"	"rpmA"	"-"	3330884	3331141	258	"M-C2h"	109	21.8951592699629	0	0	0	1	-Inf	"SD"	40	444.444444444444
"ECK120002562"	"acpP"	"+"	1150838	1151074	237	"M-C2h"	21068	4606.97950678942	0	0	0	1	-Inf	"SD"	12	133.333333333333
"ECK120002564"	"nfsB"	"-"	603994	604647	654	"M-C2h"	32	2.53579152895118	0	0	0	0.672782874617737	-Inf	"SD"	10	41.6666666666667
"ECK120002566"	"eutC"	"-"	2554432	2555319	888	"M-C2h"	119	6.94504897002232	9	93	86.0215053763441	0.948198198198198	-2.11791296167276	"SD"	NA	NA
"ECK120002568"	"gadA"	"-"	3664203	3665603	1401	"M-C2h"	1	0	0	0	0	0.0413990007137759	NA	"NO"	NA	NA
"ECK120002569"	"frmA"	"-"	377686	378795	1110	"M-C2h"	13	0.60696226292632	0	0	0	0.494594594594595	-Inf	"SD"	1	2.56410256410256
"ECK120002570"	"folP"	"-"	3322085	3322933	849	"M-C2h"	44	2.68587813004634	0	0	0	0.44640753828033	-Inf	"SD"	4	12.9032258064516
"ECK120002572"	"glcF"	"-"	3122258	3123481	1224	"M-C2h"	138	5.8430416940079	0	0	0	0.973856209150327	-Inf	"SD"	NA	NA
"ECK120002581"	"sraF"	"+"	3236396	3236583	188	"M-C2h"	41	11.3023128419709	0	0	0	1	-Inf	"SD"	NA	NA
"ECK120002628"	"ydaE"	"-"	1415862	1416032	171	"M-C2h"	2	0.606143150560698	0	0	0	0.321637426900585	-Inf	"SD"	NA	NA
"ECK120002629"	"yoeB"	"-"	2087235	2087489	255	"M-C2h"	378	76.8232960116517	1	76	0	1	-Inf	"SD"	NA	NA
"ECK120002651"	"ecnB"	"+"	4374576	4374722	147	"M-C2h"	432	152.302744279659	0	0	0	1	-Inf	"SD"	NA	NA
"ECK120002669"	"tisB"	"+"	3851576	3851665	90	"M-C2h"	817	470.458006307686	1	76	0	1	-Inf	"SD"	NA	NA
"ECK120002671"	"thiS"	"-"	4190660	4190860	201	"M-C2h"	0	0	0	0	0	0	NA	"NO"	NA	NA
"ECK120002674"	"sapC"	"-"	1351652	1352542	891	"M-C2h"	17	0.988809280965179	0	0	0	0.664421997755331	-Inf	"SD"	NA	NA
"ECK120002675"	"sapB"	"-"	1352529	1353494	966	"M-C2h"	10	0.536493161210556	2	115	0	0.515527950310559	-Inf	"SD"	NA	NA
"ECK120002676"	"sapA"	"-"	1353491	1355134	1644	"M-C2h"	25	0.788096705792878	13	181	0	0.265206812652068	-Inf	"SD"	2	3.2258064516129
"ECK120002680"	"flgC"	"+"	1130661	1131065	405	"M-C2h"	7	0.895744878050809	0	0	0	0.654320987654321	-Inf	"SD"	NA	NA
"ECK120002682"	"flgD"	"+"	1131077	1131772	696	"M-C2h"	11	0.819077059055081	1	46	0	0.522988505747126	-Inf	"SD"	NA	NA
"ECK120002683"	"flgE"	"+"	1131797	1133005	1209	"M-C2h"	17	0.728725450239847	0	0	0	0.464846980976013	-Inf	"SD"	8	19.047619047619
"ECK120002684"	"flgF"	"+"	1133025	1133780	756	"M-C2h"	1	0	2	83	0	0.100529100529101	NA	"NO"	NA	NA
"ECK120002685"	"flgG"	"+"	1133952	1134734	783	"M-C2h"	20	1.32376090352336	0	0	0	0.662835249042146	-Inf	"SD"	NA	NA
"ECK120002686"	"flgH"	"+"	1134787	1135485	699	"M-C2h"	2	0	1	76	0	0.1931330472103	NA	"NO"	5	20
"ECK120002687"	"flgI"	"+"	1135497	1136594	1098	"M-C2h"	6	0	0	0	0	0.222222222222222	NA	"NO"	NA	NA
"ECK120002688"	"flgJ"	"+"	1136594	1137535	942	"M-C2h"	3	0	1	68	0	0.12208067940552	NA	"NO"	NA	NA
"ECK120002689"	"flgM"	"-"	1129058	1129351	294	"M-C2h"	268	47.2420549385981	0	0	0	1	-Inf	"SD"	1	10
"ECK120002690"	"flhA"	"-"	1960996	1963074	2079	"M-C2h"	12	0	1	61	0	0.23953823953824	NA	"NO"	6	8
"ECK120002692"	"fliI"	"+"	2014578	2015951	1374	"M-C2h"	1	0	0	0	0	0.0502183406113537	NA	"NO"	NA	NA
"ECK120002693"	"fliJ"	"+"	2015970	2016413	444	"M-C2h"	7	0.817064584708508	0	0	0	0.43018018018018	-Inf	"SD"	NA	NA
"ECK120002694"	"fliK"	"+"	2016410	2017537	1128	"M-C2h"	2	0	0	0	0	0.101063829787234	NA	"NO"	NA	NA
"ECK120002695"	"nanT"	"-"	3369106	3370596	1491	"M-C2h"	74	2.57214467712779	1	100	0	0.515761234071093	-Inf	"SD"	3	5.55555555555556
"ECK120002699"	"maa"	"-"	478591	479142	552	"M-C2h"	12	1.12663563854217	3	47	0	0.414855072463768	-Inf	"SD"	7	35
"ECK120002706"	"insA-1"	"-"	20233	20508	276	"M-C2h"	0	0	0	0	0	0	NA	"NO"	NA	NA
"ECK120002711"	"b0165"	"-"	184987	185118	132	"M-C2h"	51	20.0233879395449	16	249	64.2570281124498	0.272727272727273	-2.64554228732797	"SD"	NA	NA
"ECK120002712"	"ispU"	"+"	194903	195664	762	"M-C2h"	29	1.97235162967881	0	0	0	0.699475065616798	-Inf	"SD"	NA	NA
"ECK120002713"	"bamA"	"+"	197928	200360	2433	"M-C2h"	348	7.41273460821332	3	38	0	0.889436909165639	-Inf	"SD"	7	7.69230769230769
"ECK120002714"	"ldcC"	"+"	209679	211820	2142	"M-C2h"	98	2.37108938307567	7	150	40	0.778711484593838	-0.982515643358718	"SD"	NA	NA
"ECK120002715"	"yaeR"	"+"	211877	212266	390	"M-C2h"	51	6.77714668723057	0	0	0	0.928205128205128	-Inf	"SD"	NA	NA
"ECK120002729"	"yafQ"	"-"	245961	246239	279	"M-C2h"	1441	267.670859987118	1	37	0	1	-Inf	"SD"	NA	NA
"ECK120002735"	"dinB"	"+"	250898	251953	1056	"M-C2h"	71	3.4844621169306	0	0	0	0.788825757575758	-Inf	"SD"	NA	NA
"ECK120002736"	"yafN"	"+"	252005	252298	294	"M-C2h"	33	5.81711870512588	0	0	0	0.928571428571429	-Inf	"SD"	NA	NA
"ECK120002737"	"yafO"	"+"	252301	252699	399	"M-C2h"	27	3.50697108538689	0	0	0	0.734335839598998	-Inf	"SD"	NA	NA
"ECK120002738"	"yafP"	"+"	252709	253161	453	"M-C2h"	2	0	0	0	0	0.200883002207506	NA	"NO"	NA	NA
"ECK120002739"	"ykfJ"	"+"	253467	253733	267	"M-C2h"	0	0	0	0	0	0	NA	"NO"	NA	NA
"ECK120002742"	"ykfG"	"-"	263480	263956	477	"M-C2h"	0	0	2	88	0	0	NA	"NO"	NA	NA
"ECK120002743"	"yafX"	"-"	263972	264430	459	"M-C2h"	0	0	7	110	0	0	NA	"NO"	NA	NA
"ECK120002744"	"ykfF"	"-"	264528	264767	240	"M-C2h"	2	0	9	132	53.030303030303	0.241666666666667	Inf	"AD"	NA	NA
"ECK120002745"	"ykfB"	"-"	264844	265311	468	"M-C2h"	200	22.147538193564	0	0	0	1	-Inf	"SD"	NA	NA
"ECK120002746"	"yafY"	"-"	265334	265777	444	"M-C2h"	82	9.57132799229967	0	0	0	0.502252252252252	-Inf	"SD"	NA	NA
"ECK120002747"	"yafZ"	"-"	266408	267229	822	"M-C2h"	1	0	7	274	25.5474452554745	0.0900243309002433	Inf	"AD"	NA	NA
"ECK120002748"	"ykfA"	"-"	267321	268184	864	"M-C2h"	7	0.419880411586317	0	0	0	0.446759259259259	-Inf	"SD"	NA	NA
"ECK120002751"	"insI-1"	"+"	269827	270978	1152	"M-C2h"	5	0	0	0	0	0.0494791666666667	NA	"NO"	NA	NA
"ECK120002752"	"insO-1"	"+"	271054	271479	426	"M-C2h"	8	0.973243931886191	0	0	0	0.422535211267606	-Inf	"SD"	NA	NA
"ECK120002757"	"afuB"	"-"	278038	278400	363	"M-C2h"	0	0	1	73	0	0	NA	"NO"	NA	NA
"ECK120002758"	"insB-2"	"-"	278402	278905	504	"M-C2h"	0	0	0	0	0	0	NA	"NO"	NA	NA
"ECK120002759"	"insA-2"	"-"	278824	279099	276	"M-C2h"	0	0	0	0	0	0	NA	"NO"	NA	NA
"ECK120002761"	"yagF"	"+"	282425	284392	1968	"M-C2h"	119	3.13374160842471	0	0	0	0.849593495934959	-Inf	"SD"	NA	NA
"ECK120002762"	"yagG"	"+"	284619	286001	1383	"M-C2h"	10	0.374730581149238	3	80	0	0.33767172812726	-Inf	"SD"	NA	NA
"ECK120002765"	"insB-3"	"-"	289873	290376	504	"M-C2h"	0	0	0	0	0	0	NA	"NO"	NA	NA
"ECK120002770"	"yagM"	"-"	293169	294023	855	"M-C2h"	0	0	0	0	0	0	NA	"NO"	NA	NA
"ECK120002771"	"yagN"	"-"	294363	294803	441	"M-C2h"	51	5.99339502952364	2	76	0	0.977324263038549	-Inf	"SD"	NA	NA
"ECK120002772"	"intF"	"-"	294920	296320	1401	"M-C2h"	39	1.44267261637734	12	207	53.1400966183575	0.501070663811563	0.60875957549094	"AD"	NA	NA
"ECK120002773"	"yagP"	"-"	296605	297015	411	"M-C2h"	0	0	2	196	0	0	NA	"NO"	NA	NA
"ECK120002774"	"paoD"	"-"	296994	297950	957	"M-C2h"	4	0.21661542057655	0	0	0	0.262277951933124	-Inf	"SD"	NA	NA
"ECK120002775"	"paoC"	"-"	297960	300158	2199	"M-C2h"	8	0	3	39	0	0.129149613460664	NA	"NO"	NA	NA
"ECK120002776"	"paoB"	"-"	300155	301111	957	"M-C2h"	1	0	0	0	0	0.0512016718913271	NA	"NO"	NA	NA
"ECK120002780"	"ecpE"	"-"	303719	304429	711	"M-C2h"	14	1.02046884841231	2	76	0	0.331926863572433	-Inf	"SD"	NA	NA
"ECK120002781"	"ecpD"	"-"	304398	306041	1644	"M-C2h"	27	0.851144442256308	12	115	95.6521739130435	0.458637469586375	1.37002763544059	"AD"	NA	NA
"ECK120002782"	"ecpC"	"-"	306031	308556	2526	"M-C2h"	4	0	6	89	67.4157303370787	0.0593824228028504	Inf	"AD"	NA	NA
"ECK120002783"	"ecpB"	"-"	308582	309250	669	"M-C2h"	2	0	1	48	0	0.0837070254110613	NA	"NO"	NA	NA
"ECK120002784"	"ecpA"	"-"	309308	309895	588	"M-C2h"	8	0.705105297591016	2	56	0	0.404761904761905	-Inf	"SD"	NA	NA
"ECK120002788"	"insE-1"	"+"	314506	314814	309	"M-C2h"	0	0	0	0	0	0	NA	"NO"	NA	NA
"ECK120002792"	"rclB"	"-"	317555	317791	237	"M-C2h"	0	0	0	0	0	0	NA	"NO"	NA	NA
"ECK120002795"	"ykgE"	"+"	320832	321551	720	"M-C2h"	17	1.22365148519441	1	36	0	0.777777777777778	-Inf	"SD"	9	34.6153846153846
"ECK120002796"	"ykgF"	"+"	321562	322989	1428	"M-C2h"	35	1.27022645521911	1	50	0	0.602240896358543	-Inf	"SD"	7	13.2075471698113
"ECK120002799"	"ykgH"	"-"	323920	324588	669	"M-C2h"	2	0	0	0	0	0.0433482810164425	NA	"NO"	NA	NA
"ECK120002803"	"yahE"	"+"	335149	336012	864	"M-C2h"	2	0	1	35	0	0.087962962962963	NA	"NO"	NA	NA
"ECK120002804"	"yahF"	"+"	336002	337549	1548	"M-C2h"	6	0	0	0	0	0.165374677002584	NA	"NO"	NA	NA
"ECK120002805"	"yahG"	"+"	337549	338967	1419	"M-C2h"	3	0	0	0	0	0.076814658210007	NA	"NO"	NA	NA
"ECK120002806"	"yahI"	"+"	339389	340339	951	"M-C2h"	3	0	1	55	0	0.0136698212407992	NA	"NO"	NA	NA
"ECK120002807"	"yahJ"	"+"	340349	341731	1383	"M-C2h"	52	1.94859902197604	0	0	0	0.79175704989154	-Inf	"SD"	NA	NA
"ECK120002808"	"yahK"	"+"	342108	343157	1050	"M-C2h"	16	0.789717933301938	0	0	0	0.560952380952381	-Inf	"SD"	1	2.63157894736842
"ECK120002809"	"yahL"	"+"	343400	344215	816	"M-C2h"	1	0	0	0	0	0.0428921568627451	NA	"NO"	NA	NA
"ECK120002815"	"prpC"	"+"	349236	350405	1170	"M-C2h"	0	0	2	76	0	0	NA	"NO"	NA	NA
"ECK120002816"	"prpD"	"+"	350439	351890	1452	"M-C2h"	1	0	8	249	32.1285140562249	0.0523415977961433	Inf	"AD"	NA	NA
"ECK120002817"	"prpE"	"+"	351930	353816	1887	"M-C2h"	10	0	0	0	0	0.210386857445681	NA	"NO"	NA	NA
"ECK120002819"	"mhpE"	"+"	373092	374105	1014	"M-C2h"	23	1.17552318104301	1	100	0	0.548323471400395	-Inf	"SD"	NA	NA
"ECK120002820"	"mhpT"	"+"	374683	375894	1212	"M-C2h"	12	0.513121181910294	0	0	0	0.523102310231023	-Inf	"SD"	NA	NA
"ECK120002823"	"frmR"	"-"	378830	379105	276	"M-C2h"	2	0.375545212847389	0	0	0	0.33695652173913	-Inf	"SD"	NA	NA
"ECK120002824"	"yaiO"	"-"	379293	380066	774	"M-C2h"	44	2.94613763877176	0	0	0	0.669250645994832	-Inf	"SD"	NA	NA
"ECK120002832"	"tauB"	"+"	385431	386198	768	"M-C2h"	5	0	0	0	0	0.23046875	NA	"NO"	NA	NA
"ECK120002833"	"tauC"	"+"	386195	387022	828	"M-C2h"	3	0	0	0	0	0.181159420289855	NA	"NO"	NA	NA
"ECK120002845"	"proY"	"+"	420210	421583	1374	"M-C2h"	4	0	4	98	0	0.156477438136827	NA	"NO"	NA	NA
"ECK120002846"	"thiL"	"+"	434858	435835	978	"M-C2h"	85	4.50423859580764	1	50	0	0.821063394683027	-Inf	"SD"	1	2.85714285714286
"ECK120002848"	"dxs"	"-"	437539	439401	1863	"M-C2h"	18	0.500726950463185	53	153	346.40522875817	0.340311325818572	4.4038963473476	"AD"	13	19.1176470588235
"ECK120002853"	"ppiD"	"+"	461139	463010	1872	"M-C2h"	46	1.27348344612993	2	76	0	0.693376068376068	-Inf	"SD"	47	69.1176470588235
"ECK120002854"	"ybaV"	"+"	463161	463532	372	"M-C2h"	27	3.76150930932627	2	36	0	0.994623655913978	-Inf	"SD"	NA	NA
"ECK120002858"	"ybaO"	"+"	467607	468065	459	"M-C2h"	59	6.66163207626022	0	0	0	0.725490196078431	-Inf	"SD"	0	0
"ECK120002859"	"mdlA"	"+"	468095	469867	1773	"M-C2h"	25	0.730756336335867	0	0	0	0.398195149464185	-Inf	"SD"	1	1.51515151515152
"ECK120002863"	"ylaC"	"-"	478005	478475	471	"M-C2h"	77	8.47249136245511	2	107	0	1	-Inf	"SD"	2	11.1111111111111
"ECK120002870"	"ybaT"	"+"	511800	513092	1293	"M-C2h"	20	0.801627832528069	0	0	0	0.54369682907966	-Inf	"SD"	NA	NA
"ECK120002877"	"ybbO"	"-"	517564	518373	810	"M-C2h"	6	0.383890662021775	0	0	0	0.292592592592593	-Inf	"SD"	6	20.6896551724138
"ECK120002878"	"ybbP"	"+"	519640	522054	2415	"M-C2h"	27	0.5794126141074	0	0	0	0.363975155279503	-Inf	"SD"	NA	NA
"ECK120002879"	"ylbH"	"+"	527173	527883	711	"M-C2h"	2	0	1	80	0	0.20393811533052	NA	"NO"	NA	NA
"ECK120002884"	"allR"	"+"	532235	533050	816	"M-C2h"	1018	64.6545265706527	1	80	0	1	-Inf	"SD"	3	10.3448275862069
"ECK120002885"	"hyi"	"+"	534934	535710	777	"M-C2h"	1	0	0	0	0	0.0978120978120978	NA	"NO"	NA	NA
"ECK120002886"	"glxR"	"+"	535810	536688	879	"M-C2h"	0	0	0	0	0	0	NA	"NO"	NA	NA
"ECK120002888"	"ybbW"	"+"	536857	538311	1455	"M-C2h"	2	0	0	0	0	0.120962199312715	NA	"NO"	NA	NA
"ECK120002889"	"allB"	"+"	538371	539732	1362	"M-C2h"	11	0.418559201984094	0	0	0	0.381791483113069	-Inf	"SD"	NA	NA
"ECK120002890"	"ybbY"	"+"	539789	541090	1302	"M-C2h"	2	0	4	164	0	0.0898617511520737	NA	"NO"	NA	NA
"ECK120002893"	"allC"	"-"	543281	544516	1236	"M-C2h"	41	1.71912201803441	0	0	0	0.749190938511327	-Inf	"SD"	NA	NA
"ECK120002896"	"ylbE_2"	"+"	547838	548839	1002	"M-C2h"	6	0.310330774688262	0	0	0	0.275449101796407	-Inf	"SD"	NA	NA
"ECK120002897"	"ylbF"	"+"	548850	549665	816	"M-C2h"	1	0	0	0	0	0.0551470588235294	NA	"NO"	NA	NA
"ECK120002899"	"sfmC"	"+"	558197	558889	693	"M-C2h"	0	0	1	44	0	0	NA	"NO"	NA	NA
"ECK120002900"	"sfmD"	"+"	558920	561523	2604	"M-C2h"	3	0	0	0	0	0.0775729646697389	NA	"NO"	NA	NA
"ECK120002901"	"sfmH"	"+"	561565	562542	978	"M-C2h"	0	0	0	0	0	0	NA	"NO"	NA	NA
"ECK120002904"	"insE-3"	"+"	566056	566364	309	"M-C2h"	0	0	0	0	0	0	NA	"NO"	NA	NA
"ECK120002905"	"insF-3"	"+"	566361	567227	867	"M-C2h"	0	0	0	0	0	0	NA	"NO"	NA	NA
"ECK120002906"	"renD"	"+"	567285	567470	186	"M-C2h"	4	1.11452127683741	0	0	0	0.586021505376344	-Inf	"SD"	NA	NA
"ECK120002908"	"ybcK"	"+"	568125	569651	1527	"M-C2h"	3	0	0	0	0	0.0622134905042567	NA	"NO"	NA	NA
"ECK120002909"	"ybcL"	"+"	570116	570667	552	"M-C2h"	28	2.62881648993172	1	76	0	0.639492753623188	-Inf	"SD"	NA	NA
"ECK120002910"	"ybcM"	"+"	570677	571474	798	"M-C2h"	75	4.87079317414847	0	0	0	0.789473684210526	-Inf	"SD"	NA	NA
"ECK120002911"	"ybcN"	"+"	571689	572144	456	"M-C2h"	0	0	1	54	0	0	NA	"NO"	NA	NA
"ECK120002912"	"ninE"	"+"	572144	572314	171	"M-C2h"	0	0	0	0	0	0	NA	"NO"	NA	NA
"ECK120002913"	"ybcO"	"+"	572307	572597	291	"M-C2h"	1	0	0	0	0	0.199312714776632	NA	"NO"	NA	NA
"ECK120002914"	"rusA"	"+"	572594	572956	363	"M-C2h"	0	0	0	0	0	0	NA	"NO"	NA	NA
"ECK120002916"	"insH-2"	"-"	573960	574976	1017	"M-C2h"	2	0	0	0	0	0.0373647984267453	NA	"NO"	NA	NA
"ECK120002918"	"rrrD"	"+"	576836	577333	498	"M-C2h"	7	0.728467220101562	0	0	0	0.616465863453815	-Inf	"SD"	NA	NA
"ECK120002926"	"cusS"	"-"	592551	593993	1443	"M-C2h"	7	0	6	149	0	0.196119196119196	NA	"NO"	NA	NA
"ECK120002929"	"cusF"	"+"	596354	596686	333	"M-C2h"	3	0.466894048404862	0	0	0	0.432432432432432	-Inf	"SD"	NA	NA
"ECK120002930"	"cusB"	"+"	596702	597925	1224	"M-C2h"	12	0.508090582087644	1	77	0	0.36437908496732	-Inf	"SD"	NA	NA
"ECK120002932"	"ybdF"	"-"	604741	605109	369	"M-C2h"	13	1.82582144132308	0	0	0	0.650406504065041	-Inf	"SD"	2	14.2857142857143
"ECK120002933"	"ybdJ"	"-"	605174	605422	249	"M-C2h"	17	3.53826935477901	0	0	0	0.682730923694779	-Inf	"SD"	NA	NA
"ECK120002934"	"ybdK"	"-"	605488	606606	1119	"M-C2h"	27	1.25047494465538	1	76	0	0.605004468275246	-Inf	"SD"	NA	NA
"ECK120002938"	"ybdN"	"-"	634572	635792	1221	"M-C2h"	3	0	1	100	0	0.137592137592138	NA	"NO"	NA	NA
"ECK120002939"	"ybdO"	"-"	635939	636841	903	"M-C2h"	1	0	16	58	241.379310344828	0.0841638981173865	Inf	"AD"	NA	NA
"ECK120002945"	"citT"	"-"	644340	645803	1464	"M-C2h"	15	0	3	76	0	0.185109289617486	NA	"NO"	NA	NA
"ECK120002946"	"citG"	"-"	645854	646732	879	"M-C2h"	0	0	10	110	90.9090909090909	0	Inf	"AD"	NA	NA
"ECK120002947"	"citX"	"-"	646707	647258	552	"M-C2h"	0	0	0	0	0	0	NA	"NO"	NA	NA
"ECK120002948"	"citF"	"-"	647262	648794	1533	"M-C2h"	0	0	1	66	0	0	NA	"NO"	NA	NA
"ECK120002949"	"citE"	"-"	648805	649713	909	"M-C2h"	0	0	30	107	280.373831775701	0	Inf	"AD"	NA	NA
"ECK120002950"	"citD"	"-"	649710	650006	297	"M-C2h"	0	0	0	0	0	0	NA	"NO"	NA	NA
"ECK120002955"	"ybeM_2"	"+"	657478	658041	564	"M-C2h"	13	1.1945533898018	0	0	0	0.673758865248227	-Inf	"SD"	NA	NA
"ECK120002956"	"cobC"	"-"	668519	669130	612	"M-C2h"	4	0.338727054725096	0	0	0	0.382352941176471	-Inf	"SD"	NA	NA
"ECK120002957"	"nadD"	"-"	669154	669795	642	"M-C2h"	3	0	0	0	0	0.20404984423676	NA	"NO"	NA	NA
"ECK120002965"	"rihA"	"-"	682700	683635	936	"M-C2h"	1329	73.5851956481163	1	83	0	1	-Inf	"SD"	2	5.88235294117647
"ECK120002966"	"gltI"	"-"	686062	686970	909	"M-C2h"	2153	122.749989405874	0	0	0	1	-Inf	"SD"	32	96.969696969697
"ECK120002967"	"insH-3"	"-"	687220	688236	1017	"M-C2h"	4	0	0	0	0	0.100294985250737	NA	"NO"	NA	NA
"ECK120002968"	"ybeX"	"-"	690129	691007	879	"M-C2h"	290	17.0982018409016	0	0	0	1	-Inf	"SD"	15	45.4545454545455
"ECK120002969"	"ybeY"	"-"	691097	691564	468	"M-C2h"	184	20.3757351380788	0	0	0	1	-Inf	"SD"	NA	NA
"ECK120002970"	"ybeZ"	"-"	691561	692640	1080	"M-C2h"	560	26.8723463415243	0	0	0	1	-Inf	"SD"	18	46.1538461538462
"ECK120002973"	"chiP"	"+"	707557	708963	1407	"M-C2h"	42	1.54702207083402	0	0	0	0.450604122245913	-Inf	"SD"	NA	NA
"ECK120002976"	"ybfO"	"+"	733443	734876	1434	"M-C2h"	2	0	0	0	0	0.0683403068340307	NA	"NO"	NA	NA
"ECK120002977"	"ybfL"	"+"	736123	737184	1062	"M-C2h"	0	0	0	0	0	0	NA	"NO"	NA	NA
"ECK120002980"	"ybgJ"	"+"	742816	743472	657	"M-C2h"	246	19.4048841487719	0	0	0	1	-Inf	"SD"	NA	NA
"ECK120002981"	"ybgK"	"+"	743466	744398	933	"M-C2h"	291	16.1641421838429	3	103	0	1	-Inf	"SD"	2	5.88235294117647
"ECK120002982"	"ybgL"	"+"	744388	745122	735	"M-C2h"	133	9.37790045796051	3	187	0	0.964625850340136	-Inf	"SD"	NA	NA
"ECK120002985"	"ybgO"	"-"	747144	748205	1062	"M-C2h"	0	0	2	163	0	0	NA	"NO"	NA	NA
"ECK120002986"	"ybgP"	"-"	748202	748930	729	"M-C2h"	0	0	0	0	0	0	NA	"NO"	NA	NA
"ECK120002987"	"ybgQ"	"-"	748945	751392	2448	"M-C2h"	2	0	2	50	0	0.0792483660130719	NA	"NO"	NA	NA
"ECK120002988"	"b0725"	"+"	757687	757947	261	"M-C2h"	1662	330.013593248374	0	0	0	0.980842911877395	-Inf	"SD"	NA	NA
"ECK120002989"	"valZ"	"+"	780291	780366	76	"M-C2h"	11	7.50102148818864	0	0	0	0.934210526315789	-Inf	"SD"	NA	NA
"ECK120002990"	"lysY"	"+"	780370	780445	76	"M-C2h"	2	1.36382208876157	0	0	0	0.434210526315789	-Inf	"SD"	NA	NA
"ECK120002991"	"lysZ"	"+"	780592	780667	76	"M-C2h"	0	0	0	0	0	0	NA	"NO"	NA	NA
"ECK120002992"	"lysQ"	"+"	780800	780875	76	"M-C2h"	0	0	0	0	0	0	NA	"NO"	NA	NA
"ECK120003000"	"ybhI"	"+"	801110	802543	1434	"M-C2h"	1	0	1	45	0	0.0160390516039052	NA	"NO"	NA	NA
"ECK120003003"	"ybhL"	"+"	819107	819811	705	"M-C2h"	832	61.1611335578522	9	192	41.6666666666667	1	-5.25647133556986	"SD"	NA	NA
"ECK120003006"	"clsB"	"-"	821721	822962	1242	"M-C2h"	11	0.458999704591253	8	127	62.992125984252	0.328502415458937	1.80150677486826	"AD"	NA	NA
"ECK120003010"	"ybhS"	"-"	825342	826475	1134	"M-C2h"	29	1.32533680936089	8	105	0	0.678130511463845	-Inf	"SD"	NA	NA
"ECK120003011"	"ybhF"	"-"	826468	828204	1737	"M-C2h"	88	2.62557343973442	6	157	0	0.839378238341969	-Inf	"SD"	NA	NA
"ECK120003012"	"ybhG"	"-"	828197	829195	999	"M-C2h"	128	6.64027091064693	0	0	0	1	-Inf	"SD"	2	5.55555555555556
"ECK120003013"	"ybiX"	"-"	837753	838430	678	"M-C2h"	6	0.45863043692867	6	157	38.2165605095541	0.268436578171091	1.38763039842142	"AD"	NA	NA
"ECK120003014"	"fiu"	"-"	838472	840754	2283	"M-C2h"	5	0	5	95	0	0.096802452912834	NA	"NO"	NA	NA
"ECK120003025"	"ybiV"	"-"	858436	859251	816	"M-C2h"	5	0.317556613804777	2	35	0	0.48406862745098	-Inf	"SD"	4	13.3333333333333
"ECK120003026"	"ybiW"	"-"	859397	861829	2433	"M-C2h"	42	0.894640383749883	31	195	51.2820512820513	0.44019728729963	1.16062021233211	"AD"	NA	NA
"ECK120003029"	"gsiA"	"+"	866776	868614	1839	"M-C2h"	191	5.3826105058355	18	256	58.59375	0.967917346383904	-0.843343532730216	"SD"	NA	NA
"ECK120003030"	"gsiB"	"+"	868634	870172	1539	"M-C2h"	137	4.61342286815642	0	0	0	0.93632228719948	-Inf	"SD"	1	1.78571428571429
"ECK120003031"	"gsiC"	"+"	870190	871110	921	"M-C2h"	17	0.956600509598235	0	0	0	0.610206297502714	-Inf	"SD"	NA	NA
"ECK120003032"	"gsiD"	"+"	871113	872024	912	"M-C2h"	2	0	0	0	0	0.104166666666667	NA	"NO"	NA	NA
"ECK120003033"	"yliE"	"+"	872202	874550	2349	"M-C2h"	2	0	0	0	0	0.031502767134951	NA	"NO"	NA	NA
"ECK120003042"	"ybjI"	"-"	884539	885354	816	"M-C2h"	13	0.825647195892421	0	0	0	0.566176470588235	-Inf	"SD"	3	10
"ECK120003047"	"ybjN"	"+"	892180	892656	477	"M-C2h"	6	0.651889803433203	1	38	0	0.433962264150943	-Inf	"SD"	NA	NA
"ECK120003048"	"ybjO"	"+"	897212	897700	489	"M-C2h"	4	0.423928338428954	15	187	80.2139037433155	0.319018404907975	2.82307018584583	"AD"	NA	NA
"ECK120003054"	"ybjT"	"-"	906075	907505	1431	"M-C2h"	17	0.61567370324247	1	76	0	0.36408106219427	-Inf	"SD"	NA	NA
"ECK120003055"	"ltaE"	"-"	907516	908517	1002	"M-C2h"	15	0.775826936720654	0	0	0	0.56686626746507	-Inf	"SD"	9	25
"ECK120003056"	"hcr"	"-"	910405	911373	969	"M-C2h"	34	1.81842945168209	5	137	0	0.798761609907121	-Inf	"SD"	NA	NA
"ECK120003057"	"hcp"	"-"	911385	913037	1653	"M-C2h"	18	0.56434017465996	0	0	0	0.344827586206897	-Inf	"SD"	NA	NA
"ECK120003058"	"ybjE"	"-"	913181	914080	900	"M-C2h"	3	0	20	187	101.604278074866	0.0966666666666667	Inf	"AD"	NA	NA
"ECK120003064"	"ftsK"	"+"	932447	936436	3990	"M-C2h"	231	3.00040859527545	27	296	84.4594594594595	0.817042606516291	0.736769114753455	"AD"	2	1.36054421768707
"ECK120003065"	"lolA"	"+"	936592	937206	615	"M-C2h"	220	18.5391100195882	0	0	0	1	-Inf	"SD"	15	68.1818181818182
"ECK120003070"	"ycaL"	"+"	959487	960251	765	"M-C2h"	7	0.474217876615134	0	0	0	0.380392156862745	-Inf	"SD"	NA	NA
"ECK120003071"	"ycaQ"	"+"	968612	969844	1233	"M-C2h"	18	0.756572837561163	4	196	0	0.262773722627737	-Inf	"SD"	NA	NA
"ECK120003072"	"ycaR"	"+"	969896	970078	183	"M-C2h"	116	32.8509714057978	0	0	0	1	-Inf	"SD"	NA	NA
"ECK120003074"	"ycbK"	"+"	982298	982846	549	"M-C2h"	202	19.068667310262	1	76	0	0.981785063752277	-Inf	"SD"	NA	NA
"ECK120003076"	"ssuC"	"-"	993264	994055	792	"M-C2h"	3	0	0	0	0	0.0934343434343434	NA	"NO"	NA	NA
"ECK120003077"	"ssuD"	"-"	994066	995211	1146	"M-C2h"	2	0	0	0	0	0.115183246073298	NA	"NO"	NA	NA
"ECK120003078"	"ssuA"	"-"	995208	996167	960	"M-C2h"	0	0	11	236	42.3728813559322	0	Inf	"AD"	NA	NA
"ECK120003081"	"elfD"	"+"	997713	998414	702	"M-C2h"	1	0	0	0	0	0.0626780626780627	NA	"NO"	NA	NA
"ECK120003082"	"elfC"	"+"	998439	1001039	2601	"M-C2h"	18	0	5	176	0	0.226451364859669	NA	"NO"	NA	NA
"ECK120003083"	"elfG"	"+"	1001030	1002100	1071	"M-C2h"	38	1.83880401136481	1	77	0	0.663865546218487	-Inf	"SD"	NA	NA
"ECK120003084"	"ycbU"	"+"	1002112	1002654	543	"M-C2h"	7	0.668097008490935	0	0	0	0.528545119705341	-Inf	"SD"	NA	NA
"ECK120003085"	"ycbV"	"+"	1002662	1003177	516	"M-C2h"	12	1.20523812495209	1	55	0	0.748062015503876	-Inf	"SD"	NA	NA
"ECK120003089"	"uup"	"+"	1009187	1011094	1908	"M-C2h"	31	0.842024329434554	0	0	0	0.515199161425577	-Inf	"SD"	12	16.6666666666667
"ECK120003090"	"pqiA"	"+"	1011224	1012477	1254	"M-C2h"	27	1.11585443625947	2	70	0	0.636363636363636	-Inf	"SD"	NA	NA
"ECK120003091"	"pqiB"	"+"	1012482	1014122	1641	"M-C2h"	213	6.7268592239099	0	0	0	0.968312004875076	-Inf	"SD"	0	0
"ECK120003092"	"ymbA"	"+"	1014134	1014682	549	"M-C2h"	69	6.5135546752875	0	0	0	0.919854280510018	-Inf	"SD"	5	23.8095238095238
"ECK120003103"	"etp"	"-"	1043453	1043899	447	"M-C2h"	6	0.69564079695221	1	100	0	0.599552572706935	-Inf	"SD"	NA	NA
"ECK120003104"	"gfcE"	"-"	1043887	1045026	1140	"M-C2h"	4	0	1	38	0	0.167543859649123	NA	"NO"	NA	NA
"ECK120003105"	"gfcD"	"-"	1045072	1047168	2097	"M-C2h"	6	0	8	100	0	0.0920362422508345	NA	"NO"	NA	NA
"ECK120003106"	"gfcC"	"-"	1047168	1047914	747	"M-C2h"	1	0	0	0	0	0.131191432396252	NA	"NO"	NA	NA
"ECK120003107"	"gfcB"	"-"	1047911	1048555	645	"M-C2h"	2	0	1	100	0	0.114728682170543	NA	"NO"	NA	NA
"ECK120003112"	"ymcE"	"+"	1051070	1051300	231	"M-C2h"	76	17.0507281053828	0	0	0	0.571428571428571	-Inf	"SD"	NA	NA
"ECK120003118"	"rutF"	"-"	1069083	1069577	495	"M-C2h"	2	0.209394906557332	4	233	0	0.303030303030303	-Inf	"SD"	NA	NA
"ECK120003119"	"rutE"	"-"	1069588	1070178	591	"M-C2h"	0	0	0	0	0	0	NA	"NO"	NA	NA
"ECK120003120"	"rutD"	"-"	1070188	1070988	801	"M-C2h"	1	0	1	35	0	0.0948813982521848	NA	"NO"	NA	NA
"ECK120003121"	"rutC"	"-"	1070996	1071382	387	"M-C2h"	2	0	5	127	0	0.157622739018088	NA	"NO"	NA	NA
"ECK120003122"	"rutB"	"-"	1071394	1072086	693	"M-C2h"	2	0	1	38	0	0.219336219336219	NA	"NO"	NA	NA
"ECK120003124"	"efeU_1"	"+"	1080579	1080689	111	"M-C2h"	0	0	0	0	0	0	NA	"NO"	NA	NA
"ECK120003125"	"efeO"	"+"	1081466	1082593	1128	"M-C2h"	3	0	0	0	0	0.0895390070921986	NA	"NO"	3	7.31707317073171
"ECK120003127"	"pgaC"	"-"	1085744	1087069	1326	"M-C2h"	2	0	4	112	0	0.0671191553544495	NA	"NO"	NA	NA
"ECK120003128"	"pgaB"	"-"	1087062	1089080	2019	"M-C2h"	3	0	3	76	0	0.108964834076275	NA	"NO"	NA	NA
"ECK120003136"	"ycdX"	"+"	1098102	1098839	738	"M-C2h"	68	4.77522530807574	3	76	0	0.96070460704607	-Inf	"SD"	5	18.5185185185185
"ECK120003137"	"ycdY"	"+"	1098863	1099417	555	"M-C2h"	63	5.88286500990126	0	0	0	1	-Inf	"SD"	1	4.76190476190476
"ECK120003140"	"csgF"	"-"	1100934	1101350	417	"M-C2h"	0	0	1	78	0	0	NA	"NO"	NA	NA
"ECK120003141"	"csgE"	"-"	1101375	1101764	390	"M-C2h"	0	0	1	78	0	0	NA	"NO"	NA	NA
"ECK120003144"	"csgC"	"+"	1104184	1104516	333	"M-C2h"	0	0	1	100	0	0	NA	"NO"	NA	NA
"ECK120003145"	"ymdA"	"+"	1104637	1104948	312	"M-C2h"	6	0.996639218710378	0	0	0	0.307692307692308	-Inf	"SD"	NA	NA
"ECK120003146"	"ymdB"	"+"	1105043	1105576	534	"M-C2h"	56	5.43485656345435	7	138	43.4782608695652	0.941947565543071	-2.17920755436382	"SD"	1	5.26315789473684
"ECK120003149"	"b1052"	"-"	1113434	1113532	99	"M-C2h"	41	21.4629779221265	0	0	0	0.0202020202020202	-Inf	"SD"	NA	NA
"ECK120003150"	"yceJ"	"-"	1117703	1118269	567	"M-C2h"	1	0	1	65	0	0.165784832451499	NA	"NO"	NA	NA
"ECK120003151"	"yceO"	"-"	1118530	1118670	141	"M-C2h"	0	0	0	0	0	0	NA	"NO"	NA	NA
"ECK120003152"	"solA"	"-"	1118691	1119809	1119	"M-C2h"	122	5.65029419436876	0	0	0	0.848972296693476	-Inf	"SD"	4	9.75609756097561
"ECK120003153"	"bssS"	"-"	1119924	1120178	255	"M-C2h"	895	181.896428387376	0	0	0	1	-Inf	"SD"	NA	NA
"ECK120003154"	"dinI"	"-"	1120465	1120710	246	"M-C2h"	12	2.52806045721657	3	125	0	0.951219512195122	-Inf	"SD"	NA	NA
"ECK120003156"	"yceM"	"+"	1126029	1126952	924	"M-C2h"	839	47.0577660540004	0	0	0	1	-Inf	"SD"	1	2.94117647058824
"ECK120003160"	"ycfL"	"+"	1161470	1161847	378	"M-C2h"	21	2.87917996516332	0	0	0	1	-Inf	"SD"	NA	NA
"ECK120003161"	"lpoB"	"+"	1161861	1162502	642	"M-C2h"	29	2.34101548569354	2	43	0	0.914330218068536	-Inf	"SD"	6	26.0869565217391
"ECK120003162"	"thiK"	"+"	1162483	1163307	825	"M-C2h"	97	6.09339178081836	4	79	0	0.64969696969697	-Inf	"SD"	NA	NA
"ECK120003163"	"nagZ"	"+"	1163318	1164343	1026	"M-C2h"	878	44.3494738493577	2	76	0	1	-Inf	"SD"	3	7.89473684210526
"ECK120003164"	"ycfP"	"+"	1164366	1164908	543	"M-C2h"	821	78.3582348530082	0	0	0	1	-Inf	"SD"	8	38.0952380952381
"ECK120003170"	"lolD"	"+"	1175842	1176543	702	"M-C2h"	3	0	0	0	0	0.168091168091168	NA	"NO"	5	20
"ECK120003171"	"lolE"	"+"	1176543	1177787	1245	"M-C2h"	40	1.66506793166071	0	0	0	0.517269076305221	-Inf	"SD"	NA	NA
"ECK120003172"	"nagK"	"+"	1177816	1178727	912	"M-C2h"	41	2.32986273496768	0	0	0	0.880482456140351	-Inf	"SD"	1	3.03030303030303
"ECK120003175"	"ymfA"	"-"	1180487	1180948	462	"M-C2h"	1	0	1	73	0	0.0909090909090909	NA	"NO"	NA	NA
"ECK120003176"	"nudJ"	"-"	1193050	1193511	462	"M-C2h"	10	1.12175842798571	0	0	0	0.668831168831169	-Inf	"SD"	1	5.88235294117647
"ECK120003180"	"xisE"	"-"	1200010	1200255	246	"M-C2h"	6	1.26403022860828	1	76	0	0.569105691056911	-Inf	"SD"	NA	NA
"ECK120003186"	"ymfL"	"+"	1202479	1203048	570	"M-C2h"	4	0.363685890336419	340	173	1965.31791907514	0.307017543859649	7.54669798047488	"AD"	NA	NA
"ECK120003187"	"ymfM"	"+"	1203045	1203383	339	"M-C2h"	6	0.917260873857339	340	173	1965.31791907514	0.660766961651917	6.21205883383797	"AD"	NA	NA
"ECK120003188"	"ymfN"	"+"	1203393	1204760	1368	"M-C2h"	7	0.265187628370305	0	0	0	0.298976608187135	-Inf	"SD"	NA	NA
"ECK120003189"	"ymfR"	"+"	1204772	1204954	183	"M-C2h"	0	0	0	0	0	0	NA	"NO"	NA	NA
"ECK120003190"	"ymfO"	"+"	1204954	1205427	474	"M-C2h"	1	0	0	0	0	0.206751054852321	NA	"NO"	NA	NA
"ECK120003191"	"ymfP"	"+"	1205483	1206145	663	"M-C2h"	2	0	0	0	0	0.223227752639517	NA	"NO"	NA	NA
"ECK120003192"	"ymfQ"	"+"	1206136	1206720	585	"M-C2h"	0	0	0	0	0	0	NA	"NO"	NA	NA
"ECK120003196"	"ycgX"	"-"	1211926	1212330	405	"M-C2h"	0	0	0	0	0	0	NA	"NO"	NA	NA
"ECK120003197"	"bluR"	"-"	1212551	1213282	732	"M-C2h"	372	26.3374167305103	1	43	0	1	-Inf	"SD"	2	7.14285714285714
"ECK120003200"	"ymgA"	"+"	1215291	1215563	273	"M-C2h"	0	0	0	0	0	0	NA	"NO"	NA	NA
"ECK120003201"	"ariR"	"+"	1215592	1215858	267	"M-C2h"	0	0	0	0	0	0	NA	"NO"	NA	NA
"ECK120003202"	"ymgC"	"+"	1215971	1216219	249	"M-C2h"	1	0	0	0	0	0.0963855421686747	NA	"NO"	NA	NA
"ECK120003203"	"ycgG"	"+"	1216551	1218074	1524	"M-C2h"	3	0	1	100	0	0.110892388451444	NA	"NO"	NA	NA
"ECK120003204"	"ycgH_1"	"+"	1220024	1220344	321	"M-C2h"	7	1.13014540688653	0	0	0	0.551401869158878	-Inf	"SD"	NA	NA
"ECK120003207"	"ymgG"	"-"	1221867	1222142	276	"M-C2h"	2	0	0	0	0	0.0036231884057971	NA	"NO"	NA	NA
"ECK120003212"	"ycgM"	"+"	1227302	1227961	660	"M-C2h"	271	21.2797573788889	0	0	0	1	-Inf	"SD"	1	4.16666666666667
"ECK120003221"	"dhaL"	"-"	1248348	1248980	633	"M-C2h"	186	15.228269389205	0	0	0	1	-Inf	"SD"	5	21.7391304347826
"ECK120003225"	"ychQ"	"+"	1266147	1266539	393	"M-C2h"	4	0.527483352396333	0	0	0	0.323155216284987	-Inf	"SD"	NA	NA
"ECK120003227"	"ychG_1"	"-"	1294191	1294421	231	"M-C2h"	0	0	0	0	0	0	NA	"NO"	NA	NA
"ECK120003230"	"yciO"	"+"	1322122	1322742	621	"M-C2h"	170	14.1872635964569	2	100	0	1	-Inf	"SD"	12	52.1739130434783
"ECK120003231"	"yciQ"	"+"	1322770	1324665	1896	"M-C2h"	109	2.97940458420381	9	285	28.0701754385965	0.430907172995781	-0.89695214059359	"SD"	NA	NA
"ECK120003232"	"yciS"	"+"	1338267	1338575	309	"M-C2h"	35	5.87017274450773	0	0	0	1	-Inf	"SD"	1	9.09090909090909
"ECK120003233"	"yciT"	"-"	1341621	1342370	750	"M-C2h"	47	3.24771500070422	2	76	0	0.968	-Inf	"SD"	4	14.2857142857143
"ECK120003234"	"gmr"	"-"	1342781	1344766	1986	"M-C2h"	63	1.64400306167936	6	49	0	0.680765357502518	-Inf	"SD"	NA	NA
"ECK120003235"	"yciW"	"-"	1347004	1348131	1128	"M-C2h"	7	0.321610528023562	2	91	0	0.274822695035461	-Inf	"SD"	NA	NA
"ECK120003236"	"ycjD"	"-"	1349431	1349784	354	"M-C2h"	15	2.19598471919236	0	0	0	0.903954802259887	-Inf	"SD"	NA	NA
"ECK120003237"	"ymjA"	"-"	1355447	1355692	246	"M-C2h"	8	1.68537363814438	1	42	0	0.764227642276423	-Inf	"SD"	NA	NA
"ECK120003238"	"puuP"	"-"	1355826	1357211	1386	"M-C2h"	44	1.64524569437904	1	76	0	0.362914862914863	-Inf	"SD"	NA	NA
"ECK120003242"	"ycjM"	"+"	1368240	1369919	1680	"M-C2h"	4	0	0	0	0	0.160119047619048	NA	"NO"	NA	NA
"ECK120003243"	"ycjN"	"+"	1369933	1371225	1293	"M-C2h"	1	0	3	76	0	0.0773395204949729	NA	"NO"	NA	NA
"ECK120003244"	"ycjO"	"+"	1371246	1372127	882	"M-C2h"	4	0.235035099197005	2	100	0	0.310657596371882	-Inf	"SD"	NA	NA
"ECK120003245"	"ycjP"	"+"	1372114	1372956	843	"M-C2h"	0	0	2	81	0	0	NA	"NO"	NA	NA
"ECK120003246"	"ycjQ"	"+"	1372987	1374039	1053	"M-C2h"	2	0	0	0	0	0.167141500474834	NA	"NO"	NA	NA
"ECK120003247"	"ycjR"	"+"	1374058	1374846	789	"M-C2h"	5	0	1	76	0	0.247148288973384	NA	"NO"	NA	NA
"ECK120003248"	"ycjS"	"+"	1374856	1375911	1056	"M-C2h"	1	0	0	0	0	0.0946969696969697	NA	"NO"	NA	NA
"ECK120003249"	"ycjT"	"+"	1375908	1378175	2268	"M-C2h"	4	0	0	0	0	0.134038800705467	NA	"NO"	NA	NA
"ECK120003250"	"ycjU"	"+"	1378172	1378831	660	"M-C2h"	1	0	1	76	0	0.0590909090909091	NA	"NO"	NA	NA
"ECK120003251"	"ycjV"	"+"	1378845	1379813	969	"M-C2h"	0	0	3	127	0	0	NA	"NO"	NA	NA
"ECK120003264"	"abgB"	"-"	1399834	1401279	1446	"M-C2h"	7	0	2	40	0	0.236514522821577	NA	"NO"	NA	NA
"ECK120003271"	"intR"	"-"	1410024	1411259	1236	"M-C2h"	12	0.503157663814948	0	0	0	0.327669902912621	-Inf	"SD"	NA	NA
"ECK120003272"	"ydaQ"	"-"	1411261	1411476	216	"M-C2h"	0	0	0	0	0	0	NA	"NO"	NA	NA
"ECK120003277"	"ydaT"	"+"	1418708	1419130	423	"M-C2h"	1	0	4	188	0	0.179669030732861	NA	"NO"	NA	NA
"ECK120003278"	"ydaU"	"+"	1419143	1420000	858	"M-C2h"	7	0.422816638240767	2	101	0	0.382284382284382	-Inf	"SD"	NA	NA
"ECK120003279"	"ydaV"	"+"	1420007	1420753	747	"M-C2h"	4	0	0	0	0	0.222222222222222	NA	"NO"	NA	NA
"ECK120003280"	"ydaW"	"+"	1420776	1421336	561	"M-C2h"	11	1.01618116417529	0	0	0	0.711229946524064	-Inf	"SD"	NA	NA
"ECK120003281"	"rzpR"	"+"	1421369	1421668	300	"M-C2h"	0	0	0	0	0	0	NA	"NO"	NA	NA
"ECK120003282"	"b1364"	"+"	1423202	1423483	282	"M-C2h"	1	0	0	0	0	0.24468085106383	NA	"NO"	NA	NA
"ECK120003283"	"ynaK"	"+"	1423401	1423664	264	"M-C2h"	2	0.392615449794998	0	0	0	0.522727272727273	-Inf	"SD"	NA	NA
"ECK120003284"	"ydaY"	"+"	1423645	1424004	360	"M-C2h"	4	0.575835993032663	0	0	0	0.330555555555556	-Inf	"SD"	NA	NA
"ECK120003285"	""	"+"	1424079	1424312	234	"M-C2h"	1	0	0	0	0	0.0256410256410256	NA	"NO"	NA	NA
"ECK120003286"	"ynaA"	"+"	1424478	1425506	1029	"M-C2h"	21	1.05765794638652	1	60	0	0.448007774538387	-Inf	"SD"	NA	NA
"ECK120003290"	"stfR"	"+"	1427073	1430435	3363	"M-C2h"	27	0	4	43	0	0.24204579244722	NA	"NO"	NA	NA
"ECK120003293"	"ynaE"	"-"	1432015	1432248	234	"M-C2h"	0	0	0	0	0	0	NA	"NO"	NA	NA
"ECK120003294"	"uspF"	"-"	1433209	1433643	435	"M-C2h"	8880	1057.94971409587	0	0	0	1	-Inf	"SD"	7	43.75
"ECK120003295"	"ompN"	"-"	1433784	1434917	1134	"M-C2h"	2	0	7	153	45.7516339869281	0.0670194003527337	Inf	"AD"	NA	NA
"ECK120003299"	"ynbE"	"+"	1443711	1443896	186	"M-C2h"	16	4.45808510734965	0	0	0	1	-Inf	"SD"	NA	NA
"ECK120003304"	"paaB"	"+"	1452892	1453179	288	"M-C2h"	0	0	0	0	0	0	NA	"NO"	NA	NA
"ECK120003305"	"paaC"	"+"	1453188	1453934	747	"M-C2h"	10	0.69377830485863	1	63	0	0.710843373493976	-Inf	"SD"	NA	NA
"ECK120003306"	"paaD"	"+"	1453949	1454446	498	"M-C2h"	2	0	5	127	0	0.150602409638554	NA	"NO"	NA	NA
"ECK120003307"	"paaE"	"+"	1454454	1455524	1071	"M-C2h"	4	0	0	0	0	0.216619981325864	NA	"NO"	NA	NA
"ECK120003308"	"paaF"	"+"	1455521	1456288	768	"M-C2h"	0	0	0	0	0	0	NA	"NO"	NA	NA
"ECK120003309"	"paaG"	"+"	1456288	1457076	789	"M-C2h"	4	0	0	0	0	0.166032953105196	NA	"NO"	NA	NA
"ECK120003310"	"paaH"	"+"	1457078	1458505	1428	"M-C2h"	8	0.290337475478654	0	0	0	0.316526610644258	-Inf	"SD"	NA	NA
"ECK120003311"	"paaI"	"+"	1458495	1458917	423	"M-C2h"	4	0.490073185559713	0	0	0	0.387706855791962	-Inf	"SD"	NA	NA
"ECK120003312"	"paaJ"	"+"	1458917	1460122	1206	"M-C2h"	357	15.3413022024374	1	40	0	0.691542288557214	-Inf	"SD"	NA	NA
"ECK120003313"	"paaK"	"+"	1460149	1461462	1314	"M-C2h"	260	10.2546135745543	1	76	0	1	-Inf	"SD"	NA	NA
"ECK120003314"	"paaX"	"+"	1461563	1462513	951	"M-C2h"	102	5.55854302422697	0	0	0	0.937960042060988	-Inf	"SD"	1	2.85714285714286
"ECK120003320"	"ynbA"	"+"	1475645	1476250	606	"M-C2h"	1	0	0	0	0	0.0693069306930693	NA	"NO"	NA	NA
"ECK120003321"	"ynbB"	"+"	1476250	1477146	897	"M-C2h"	0	0	0	0	0	0	NA	"NO"	NA	NA
"ECK120003322"	"ynbC"	"+"	1477162	1478919	1758	"M-C2h"	13	0.383235558502967	0	0	0	0.292946530147895	-Inf	"SD"	NA	NA
"ECK120003339"	"ydcR"	"+"	1508027	1509433	1407	"M-C2h"	19	0.699843317758247	3	103	0	0.373134328358209	-Inf	"SD"	NA	NA
"ECK120003340"	"ydcS"	"+"	1509678	1510823	1146	"M-C2h"	190	8.59231717352403	0	0	0	0.976439790575916	-Inf	"SD"	0	0
"ECK120003341"	"ydcT"	"+"	1510841	1511854	1014	"M-C2h"	39	1.99327843742076	0	0	0	0.866863905325444	-Inf	"SD"	NA	NA
"ECK120003342"	"ydcU"	"+"	1511855	1512796	942	"M-C2h"	8	0.440129421426239	24	275	87.2727272727273	0.468152866242038	3.44703468561902	"AD"	NA	NA
"ECK120003343"	"ydcV"	"+"	1512786	1513580	795	"M-C2h"	7	0.456322862403242	0	0	0	0.358490566037736	-Inf	"SD"	NA	NA
"ECK120003355"	"yncH"	"+"	1524964	1525176	213	"M-C2h"	0	0	0	0	0	0	NA	"NO"	NA	NA
"ECK120003356"	"yncI"	"+"	1528610	1529356	747	"M-C2h"	2	0	0	0	0	0.180722891566265	NA	"NO"	NA	NA
"ECK120003357"	"yncM"	"+"	1529400	1529600	201	"M-C2h"	0	0	0	0	0	0	NA	"NO"	NA	NA
"ECK120003360"	"yddJ"	"-"	1542408	1542743	336	"M-C2h"	0	0	1	100	0	0	NA	"NO"	NA	NA
"ECK120003361"	"yddK"	"-"	1542782	1543738	957	"M-C2h"	0	0	0	0	0	0	NA	"NO"	NA	NA
"ECK120003362"	"yddL"	"-"	1543762	1544052	291	"M-C2h"	0	0	0	0	0	0	NA	"NO"	NA	NA
"ECK120003364"	"adhP"	"-"	1550852	1551862	1011	"M-C2h"	11	0.56387500801418	1	100	0	0.390702274975272	-Inf	"SD"	NA	NA
"ECK120003367"	"ddpD"	"-"	1556055	1557041	987	"M-C2h"	5	0	1	44	0	0.226950354609929	NA	"NO"	NA	NA
"ECK120003368"	"ddpC"	"-"	1557038	1557934	897	"M-C2h"	3	0.173328559775718	0	0	0	0.260869565217391	-Inf	"SD"	NA	NA
"ECK120003369"	"ddpB"	"-"	1557931	1558953	1023	"M-C2h"	2	0	0	0	0	0.0449657869012708	NA	"NO"	NA	NA
"ECK120003370"	"ddpA"	"-"	1558955	1560505	1551	"M-C2h"	3	0	6	110	54.5454545454545	0.110251450676983	Inf	"AD"	NA	NA
"ECK120003371"	"ddpX"	"-"	1560519	1561100	582	"M-C2h"	1	0	0	0	0	0.171821305841924	NA	"NO"	NA	NA
"ECK120003372"	"dosP"	"-"	1561358	1563757	2400	"M-C2h"	12	0	1	56	0	0.216666666666667	NA	"NO"	NA	NA
"ECK120003373"	"dosC"	"-"	1563782	1565164	1383	"M-C2h"	17	0.637041987953705	0	0	0	0.431670281995662	-Inf	"SD"	NA	NA
"ECK120003374"	"yddW"	"-"	1565528	1566847	1320	"M-C2h"	167	6.55667801157646	4	99	0	0.939393939393939	-Inf	"SD"	NA	NA
"ECK120003375"	"gadC"	"-"	1566978	1568513	1536	"M-C2h"	7	0	3	78	0	0.182291666666667	NA	"NO"	NA	NA
"ECK120003376"	"ydeM"	"-"	1577657	1578814	1158	"M-C2h"	3	0	1	76	0	0.0639032815198618	NA	"NO"	NA	NA
"ECK120003377"	"ydeN"	"-"	1578866	1580548	1683	"M-C2h"	10	0.307933686113724	2	106	0	0.308377896613191	-Inf	"SD"	10	15.8730158730159
"ECK120003378"	"ydeO"	"-"	1580950	1581711	762	"M-C2h"	0	0	0	0	0	0	NA	"NO"	NA	NA
"ECK120003379"	"safA"	"-"	1581786	1581983	198	"M-C2h"	0	0	0	0	0	0	NA	"NO"	NA	NA
"ECK120003380"	"ydeP"	"-"	1582231	1584510	2280	"M-C2h"	25	0.568259203650654	4	129	0	0.448245614035088	-Inf	"SD"	NA	NA
"ECK120003381"	"ydeQ"	"-"	1584844	1585758	915	"M-C2h"	0	0	0	0	0	0	NA	"NO"	NA	NA
"ECK120003382"	"ydeR"	"-"	1585817	1586320	504	"M-C2h"	0	0	1	43	0	0	NA	"NO"	NA	NA
"ECK120003383"	"ydeS"	"-"	1586333	1586863	531	"M-C2h"	1	0	1	100	0	0.143126177024482	NA	"NO"	NA	NA
"ECK120003384"	"ydeT"	"-"	1586877	1588025	1149	"M-C2h"	2	0	1	65	0	0.100087032201915	NA	"NO"	NA	NA
"ECK120003385"	"yneL"	"-"	1588381	1588560	180	"M-C2h"	1	0	3	147	0	0.127777777777778	NA	"NO"	NA	NA
"ECK120003386"	"ydeU"	"-"	1590689	1592089	1401	"M-C2h"	71	2.62640399391771	0	0	0	0.858672376873662	-Inf	"SD"	NA	NA
"ECK120003387"	"lsrK"	"-"	1596641	1598233	1593	"M-C2h"	7032	228.772808079417	0	0	0	1	-Inf	"SD"	NA	NA
"ECK120003390"	"lsrC"	"+"	1601043	1602071	1029	"M-C2h"	766	38.5793327110513	3	60	0	1	-Inf	"SD"	NA	NA
"ECK120003391"	"lsrD"	"+"	1602071	1603063	993	"M-C2h"	431	22.4941371296445	0	0	0	1	-Inf	"SD"	NA	NA
"ECK120003392"	"lsrB"	"+"	1603075	1604097	1023	"M-C2h"	835	42.3011484617836	0	0	0	1	-Inf	"SD"	1	2.7027027027027
"ECK120003393"	"lsrF"	"+"	1604124	1604999	876	"M-C2h"	929	54.9607846774668	0	0	0	1	-Inf	"SD"	2	6.25
"ECK120003394"	"lsrG"	"+"	1605023	1605313	291	"M-C2h"	438	78.0049994685484	0	0	0	1	-Inf	"SD"	NA	NA
"ECK120003397"	"yneF"	"-"	1608931	1609878	948	"M-C2h"	13	0	11	108	101.851851851852	0.220464135021097	Inf	"AD"	NA	NA
"ECK120003398"	"yneG"	"-"	1609990	1610349	360	"M-C2h"	0	0	2	129	0	0	NA	"NO"	NA	NA
"ECK120003399"	"yneH"	"-"	1610349	1611275	927	"M-C2h"	3	0	1	100	0	0.197411003236246	NA	"NO"	3	8.82352941176471
"ECK120003402"	"yneK"	"+"	1613787	1614902	1116	"M-C2h"	0	0	5	187	0	0	NA	"NO"	NA	NA
"ECK120003403"	"ydfH"	"+"	1626376	1627062	687	"M-C2h"	24	1.81048871171842	1	76	0	0.631732168850073	-Inf	"SD"	NA	NA
"ECK120003410"	"ydfN"	"-"	1632909	1633871	963	"M-C2h"	2	0	0	0	0	0.157840083073728	NA	"NO"	NA	NA
"ECK120003413"	"ynfN"	"-"	1635978	1636133	156	"M-C2h"	0	0	0	0	0	0	NA	"NO"	NA	NA
"ECK120003414"	"cspI"	"-"	1636479	1636691	213	"M-C2h"	0	0	0	0	0	0	NA	"NO"	NA	NA
"ECK120003415"	"ydfP"	"-"	1637054	1637551	498	"M-C2h"	1	0	0	0	0	0.108433734939759	NA	"NO"	NA	NA
"ECK120003416"	"rrrQ"	"-"	1637548	1638081	534	"M-C2h"	1	0	2	168	0	0.048689138576779	NA	"NO"	NA	NA
"ECK120003417"	"ydfR"	"-"	1638078	1638389	312	"M-C2h"	3	0.498319609355189	0	0	0	0.448717948717949	-Inf	"SD"	NA	NA
"ECK120003418"	"essQ"	"-"	1638394	1638609	216	"M-C2h"	4	0.959726655054438	0	0	0	0.680555555555556	-Inf	"SD"	NA	NA
"ECK120003420"	"ydfU"	"-"	1641279	1642328	1050	"M-C2h"	0	0	3	234	0	0	NA	"NO"	NA	NA
"ECK120003425"	"insD"	"+"	1648905	1649561	657	"M-C2h"	0	0	0	0	0	0	NA	"NO"	NA	NA
"ECK120003428"	"rspA"	"-"	1651951	1653165	1215	"M-C2h"	3	0	2	90	0	0.153909465020576	NA	"NO"	NA	NA
"ECK120003434"	"ynfE"	"+"	1656093	1658519	2427	"M-C2h"	6	0	1	44	0	0.158220024721879	NA	"NO"	2	2.22222222222222
"ECK120003435"	"ynfF"	"+"	1658580	1661003	2424	"M-C2h"	18	0.38484088643272	1	100	0	0.351897689768977	-Inf	"SD"	8	8.88888888888889
"ECK120003436"	"ynfG"	"+"	1661014	1661631	618	"M-C2h"	5	0	0	0	0	0.216828478964401	NA	"NO"	1	4.34782608695652
"ECK120003437"	"ynfH"	"+"	1661633	1662487	855	"M-C2h"	29	1.75781513662602	0	0	0	0.694736842105263	-Inf	"SD"	NA	NA
"ECK120003438"	"dmsD"	"+"	1662530	1663144	615	"M-C2h"	14	1.17976154670107	0	0	0	0.68780487804878	-Inf	"SD"	2	8.69565217391304
"ECK120003441"	"mlc"	"-"	1665368	1666588	1221	"M-C2h"	218	9.25299114111454	10	176	45.4545454545455	0.977886977886978	-2.53184790450445	"SD"	NA	NA
"ECK120003450"	"ydgI"	"+"	1677581	1678963	1383	"M-C2h"	2	0	0	0	0	0.0824295010845987	NA	"NO"	NA	NA
"ECK120003456"	"uidR"	"-"	1694486	1695076	591	"M-C2h"	128	11.2244173261189	1	35	0	1	-Inf	"SD"	2	9.09090909090909
"ECK120003458"	"cnu"	"+"	1702973	1703188	216	"M-C2h"	1	0	1	51	0	0.203703703703704	NA	"NO"	NA	NA
"ECK120003459"	"ydgK"	"+"	1703274	1703714	441	"M-C2h"	4	0.470070198394011	0	0	0	0.376417233560091	-Inf	"SD"	NA	NA
"ECK120003460"	"rsxA"	"+"	1703791	1704372	582	"M-C2h"	3	0	0	0	0	0.185567010309278	NA	"NO"	NA	NA
"ECK120003461"	"rsxB"	"+"	1704372	1704950	579	"M-C2h"	5	0.447540927227458	0	0	0	0.385146804835924	-Inf	"SD"	NA	NA
"ECK120003462"	"rsxC"	"+"	1704943	1707165	2223	"M-C2h"	5	0	13	225	53.3333333333333	0.0967161493477283	Inf	"AD"	NA	NA
"ECK120003463"	"rsxD"	"+"	1707166	1708224	1059	"M-C2h"	0	0	2	35	0	0	NA	"NO"	NA	NA
"ECK120003464"	"rsxG"	"+"	1708228	1708848	621	"M-C2h"	3	0.250363475231593	1	37	0	0.294685990338164	-Inf	"SD"	NA	NA
"ECK120003465"	"rsxE"	"+"	1708852	1709547	696	"M-C2h"	5	0.372307754115946	4	75	0	0.472701149425287	-Inf	"SD"	NA	NA
"ECK120003466"	"tppB"	"+"	1710793	1712295	1503	"M-C2h"	10	0.344811971875846	0	0	0	0.267465069860279	-Inf	"SD"	NA	NA
"ECK120003473"	"ydhJ"	"+"	1719288	1720145	858	"M-C2h"	5	0	4	82	0	0.221445221445221	NA	"NO"	4	12.9032258064516
"ECK120003476"	"ydhF"	"-"	1722760	1723656	897	"M-C2h"	290	16.7550941116527	0	0	0	1	-Inf	"SD"	9	26.4705882352941
"ECK120003479"	"nemA"	"+"	1724683	1725780	1098	"M-C2h"	15	0.707995073400815	9	83	72.289156626506	0.458105646630237	0.761223179402914	"AD"	1	2.5
"ECK120003480"	"gloA"	"+"	1725861	1726268	408	"M-C2h"	123	15.623785399195	0	0	0	1	-Inf	"SD"	7	46.6666666666667
"ECK120003484"	"ydhR"	"+"	1744724	1745029	306	"M-C2h"	271	45.8975159152505	0	0	0	1	-Inf	"SD"	3	27.2727272727273
"ECK120003487"	"ydhU"	"-"	1747587	1748372	786	"M-C2h"	22	1.45057921908991	0	0	0	0.787531806615776	-Inf	"SD"	NA	NA
"ECK120003488"	"ydhX"	"-"	1748369	1749088	720	"M-C2h"	6	0.431876994774497	1	42	0	0.331944444444444	-Inf	"SD"	NA	NA
"ECK120003489"	"ydhW"	"-"	1749101	1749748	648	"M-C2h"	3	0.23993166376361	0	0	0	0.351851851851852	-Inf	"SD"	NA	NA
"ECK120003490"	"ydhV"	"-"	1749752	1751854	2103	"M-C2h"	10	0	4	205	0	0.154065620542083	NA	"NO"	NA	NA
"ECK120003491"	"ydhY"	"-"	1751875	1752501	627	"M-C2h"	7	0.578591189171575	0	0	0	0.384370015948963	-Inf	"SD"	NA	NA
"ECK120003494"	"sufE"	"-"	1756898	1757314	417	"M-C2h"	7	0.869968047027764	0	0	0	0.640287769784173	-Inf	"SD"	NA	NA
"ECK120003495"	"sufS"	"-"	1757327	1758547	1221	"M-C2h"	26	1.10356775077513	0	0	0	0.812448812448812	-Inf	"SD"	NA	NA
"ECK120003496"	"sufD"	"-"	1758544	1759815	1272	"M-C2h"	45	1.83344007215588	0	0	0	0.85377358490566	-Inf	"SD"	NA	NA
"ECK120003497"	"sufC"	"-"	1759790	1760536	747	"M-C2h"	18	1.24880094874553	0	0	0	0.738955823293173	-Inf	"SD"	3	10.7142857142857
"ECK120003498"	"sufB"	"-"	1760546	1762033	1488	"M-C2h"	122	4.24911236794263	0	0	0	0.924059139784946	-Inf	"SD"	NA	NA
"ECK120003499"	"ydiH"	"-"	1762958	1763227	270	"M-C2h"	2	0	11	262	38.1679389312977	0.137037037037037	Inf	"AD"	NA	NA
"ECK120003500"	"menI"	"-"	1763246	1763656	411	"M-C2h"	101	12.7356427656129	2	83	0	1	-Inf	"SD"	2	13.3333333333333
"ECK120003503"	"ydiL"	"+"	1768639	1768995	357	"M-C2h"	55	7.98428057566298	0	0	0	0.829131652661064	-Inf	"SD"	NA	NA
"ECK120003504"	"ydiM"	"+"	1769095	1770309	1215	"M-C2h"	15	0	8	249	32.1285140562249	0.060082304526749	Inf	"AD"	NA	NA
"ECK120003505"	"ydiN"	"+"	1770536	1771801	1266	"M-C2h"	0	0	1	91	0	0	NA	"NO"	NA	NA
"ECK120003509"	"ydiR"	"+"	1778425	1779363	939	"M-C2h"	4	0.220767792855973	0	0	0	0.258785942492013	-Inf	"SD"	NA	NA
"ECK120003510"	"ydiS"	"+"	1779419	1780708	1290	"M-C2h"	3	0	3	76	0	0.113953488372093	NA	"NO"	NA	NA
"ECK120003511"	"ydiT"	"+"	1780705	1780998	294	"M-C2h"	2	0.352552648795508	0	0	0	0.346938775510204	-Inf	"SD"	NA	NA
"ECK120003513"	"ydiV"	"-"	1789331	1790044	714	"M-C2h"	14	1.01618116417529	0	0	0	0.491596638655462	-Inf	"SD"	NA	NA
"ECK120003515"	"arpB_2"	"+"	1801602	1803017	1416	"M-C2h"	2	0	1	76	0	0.0826271186440678	NA	"NO"	NA	NA
"ECK120003517"	"ydiZ"	"+"	1805424	1805714	291	"M-C2h"	13	2.31521687920349	0	0	0	0.93127147766323	-Inf	"SD"	NA	NA
"ECK120003521"	"ydjM"	"+"	1808235	1808825	591	"M-C2h"	4	0.350763041441216	0	0	0	0.304568527918782	-Inf	"SD"	NA	NA
"ECK120003527"	"spy"	"-"	1823164	1823649	486	"M-C2h"	81	8.63753989548995	0	0	0	1	-Inf	"SD"	NA	NA
"ECK120003528"	"astE"	"-"	1823979	1824947	969	"M-C2h"	275	14.7078852709581	0	0	0	1	-Inf	"SD"	NA	NA
"ECK120003529"	"astB"	"-"	1824940	1826283	1344	"M-C2h"	156	6.01542957007336	0	0	0	0.949404761904762	-Inf	"SD"	NA	NA
"ECK120003530"	"astD"	"-"	1826280	1827758	1479	"M-C2h"	338	11.843766672112	0	0	0	1	-Inf	"SD"	NA	NA
"ECK120003531"	"astA"	"-"	1827755	1828789	1035	"M-C2h"	399	19.9790053234811	0	0	0	1	-Inf	"SD"	NA	NA
"ECK120003533"	"ydjX"	"+"	1831425	1832135	711	"M-C2h"	0	0	23	481	35.3430353430353	0	Inf	"AD"	NA	NA
"ECK120003534"	"ydjY"	"+"	1832140	1832817	678	"M-C2h"	10	0.764384061547783	0	0	0	0.390855457227139	-Inf	"SD"	3	12.5
"ECK120003535"	"ydjZ"	"+"	1832832	1833539	708	"M-C2h"	1	0	1	37	0	0.0805084745762712	NA	"NO"	NA	NA
"ECK120003536"	"ynjA"	"+"	1833539	1834087	549	"M-C2h"	3	0.283198029360326	2	124	0	0.276867030965392	-Inf	"SD"	NA	NA
"ECK120003537"	"ynjB"	"+"	1834097	1835263	1167	"M-C2h"	2	0	1	100	0	0.150814053127678	NA	"NO"	1	2.32558139534884
"ECK120003538"	"ynjC"	"+"	1835281	1836771	1491	"M-C2h"	1	0	2	58	0	0.0442655935613682	NA	"NO"	NA	NA
"ECK120003539"	"ynjD"	"+"	1836771	1837424	654	"M-C2h"	3	0	3	210	0	0.18960244648318	NA	"NO"	NA	NA
"ECK120003545"	"ydjF"	"-"	1852120	1852878	759	"M-C2h"	97	6.62325193567213	0	0	0	0.859025032938076	-Inf	"SD"	3	10.7142857142857
"ECK120003546"	"ydjG"	"-"	1853015	1853995	981	"M-C2h"	11	0.581118892051311	0	0	0	0.446483180428135	-Inf	"SD"	NA	NA
"ECK120003547"	"ydjH"	"-"	1854005	1854952	948	"M-C2h"	3	0	0	0	0	0.118143459915612	NA	"NO"	NA	NA
"ECK120003548"	"ydjI"	"-"	1854957	1855793	837	"M-C2h"	0	0	0	0	0	0	NA	"NO"	NA	NA
"ECK120003549"	"ydjJ"	"-"	1855814	1856857	1044	"M-C2h"	1	0	0	0	0	0.0775862068965517	NA	"NO"	NA	NA
"ECK120003550"	"ydjK"	"-"	1856874	1858253	1380	"M-C2h"	4	0	0	0	0	0.159420289855072	NA	"NO"	NA	NA
"ECK120003551"	"ydjL"	"-"	1858280	1859356	1077	"M-C2h"	5	0.240599997088856	0	0	0	0.28133704735376	-Inf	"SD"	NA	NA
"ECK120003552"	"yeaC"	"-"	1859726	1859998	273	"M-C2h"	2353	446.684206023909	0	0	0	1	-Inf	"SD"	NA	NA
"ECK120003557"	"yeaH"	"+"	1866979	1868262	1284	"M-C2h"	527	21.270951051043	11	219	45.662100456621	1	-3.41081263434247	"SD"	NA	NA
"ECK120003558"	"yeaI"	"+"	1868409	1869884	1476	"M-C2h"	0	0	0	0	0	0	NA	"NO"	NA	NA
"ECK120003569"	"yoaG"	"-"	1877427	1877609	183	"M-C2h"	7	1.98238620552228	0	0	0	1	-Inf	"SD"	NA	NA
"ECK120003570"	"yeaR"	"-"	1877613	1877972	360	"M-C2h"	3	0.431876994774497	0	0	0	0.397222222222222	-Inf	"SD"	NA	NA
"ECK120003571"	"leuE"	"-"	1878145	1878783	639	"M-C2h"	3	0	1	60	0	0.206572769953052	NA	"NO"	NA	NA
"ECK120003574"	"yeaV"	"+"	1881212	1882657	1446	"M-C2h"	1	0	0	0	0	0.0421853388658368	NA	"NO"	NA	NA
"ECK120003575"	"yeaW"	"+"	1882689	1883813	1125	"M-C2h"	1	0	0	0	0	0.0462222222222222	NA	"NO"	NA	NA
"ECK120003577"	"yeaY"	"-"	1887975	1888556	582	"M-C2h"	789	70.2579276035213	2	62	0	1	-Inf	"SD"	3	14.2857142857143
"ECK120003578"	"tsaB"	"-"	1888596	1889291	696	"M-C2h"	7	0.521230855762324	0	0	0	0.570402298850575	-Inf	"SD"	3	12
"ECK120003585"	"yobD"	"+"	1902825	1903283	459	"M-C2h"	5	0.564545091208493	0	0	0	0.389978213507625	-Inf	"SD"	NA	NA
"ECK120003587"	"yobF"	"-"	1905472	1905615	144	"M-C2h"	542	195.064442639815	6	176	34.0909090909091	1	-7.34477260390533	"SD"	NA	NA
"ECK120003588"	"yebO"	"-"	1906285	1906572	288	"M-C2h"	8	1.43958998258166	1	76	0	0.833333333333333	-Inf	"SD"	NA	NA
"ECK120003594"	"yebT"	"+"	1915534	1918167	2634	"M-C2h"	20	0.393509790227332	8	106	75.4716981132076	0.326499620349279	2.02360047065423	"AD"	NA	NA
"ECK120003595"	"rsmF"	"+"	1918247	1919686	1440	"M-C2h"	9	0.323907746080873	1	76	0	0.252083333333333	-Inf	"SD"	1	1.88679245283019
"ECK120003596"	"yebV"	"+"	1919804	1920040	237	"M-C2h"	43	9.40289153179918	6	200	30	1	-2.9700700697976	"SD"	NA	NA
"ECK120003599"	"yebY"	"-"	1921389	1921730	342	"M-C2h"	83	12.5774703741345	10858	603	18006.6334991708	1	7.43177278735333	"AD"	2	16.6666666666667
"ECK120003600"	"yebZ"	"-"	1921743	1922615	873	"M-C2h"	54	3.20568490966637	1	58	0	0.90836197021764	-Inf	"SD"	NA	NA
"ECK120003602"	"yobB"	"+"	1923464	1924120	657	"M-C2h"	30	2.3664492864356	1	76	0	0.777777777777778	-Inf	"SD"	NA	NA
"ECK120003606"	"yecN"	"+"	1950290	1950685	396	"M-C2h"	52	6.80533446311329	1	65	0	0.893939393939394	-Inf	"SD"	NA	NA
"ECK120003607"	"cmoA"	"+"	1950726	1951469	744	"M-C2h"	8	0.557260638418706	6	238	0	0.391129032258065	-Inf	"SD"	6	21.4285714285714
"ECK120003610"	"torY"	"-"	1955056	1956156	1101	"M-C2h"	7	0.329497434705339	1	100	0	0.320617620345141	-Inf	"SD"	NA	NA
"ECK120003611"	"cutC"	"-"	1956544	1956984	441	"M-C2h"	365	42.8939056034535	0	0	0	0.619047619047619	-Inf	"SD"	2	7.40740740740741
"ECK120003615"	"flhB"	"-"	1963067	1964215	1149	"M-C2h"	3	0	0	0	0	0.185378590078329	NA	"NO"	NA	NA
"ECK120003616"	"insB-5"	"-"	1976542	1977045	504	"M-C2h"	0	0	0	0	0	0	NA	"NO"	NA	NA
"ECK120003623"	"yecS"	"-"	1995835	1996503	669	"M-C2h"	14	1.08453415728125	0	0	0	0.648729446935725	-Inf	"SD"	NA	NA
"ECK120003624"	"dcyD"	"-"	1996518	1997504	987	"M-C2h"	81	4.25313514610751	2	96	0	0.93515704154002	-Inf	"SD"	4	11.4285714285714
"ECK120003625"	"fliY"	"-"	1997609	1998409	801	"M-C2h"	934	60.4304289317424	0	0	0	1	-Inf	"SD"	23	79.3103448275862
"ECK120003628"	"yedN_1"	"-"	2009573	2009893	321	"M-C2h"	0	0	0	0	0	0	NA	"NO"	NA	NA
"ECK120003636"	"yodC"	"-"	2026212	2026394	183	"M-C2h"	50	14.1599014680163	0	0	0	1	-Inf	"SD"	NA	NA
"ECK120003638"	"yedS_1"	"+"	2032075	2032560	486	"M-C2h"	8	0.85309036004839	0	0	0	0.448559670781893	-Inf	"SD"	NA	NA
"ECK120003639"	"yedS_2"	"+"	2032570	2032779	210	"M-C2h"	4	0.987147416627422	1	46	0	0.766666666666667	-Inf	"SD"	NA	NA
"ECK120003640"	"yedS_3"	"+"	2032863	2033267	405	"M-C2h"	4	0.511854216029034	3	133	0	0.380246913580247	-Inf	"SD"	NA	NA
"ECK120003645"	"yedY"	"+"	2037502	2038506	1005	"M-C2h"	80	4.12539218889072	2	76	0	0.737313432835821	-Inf	"SD"	NA	NA
"ECK120003646"	"yedZ"	"+"	2038507	2039142	636	"M-C2h"	5	0.407431127145752	5	144	0	0.328616352201258	-Inf	"SD"	NA	NA
"ECK120003647"	"zinT"	"+"	2039399	2040049	651	"M-C2h"	4	0.318434650524975	0	0	0	0.296466973886329	-Inf	"SD"	NA	NA
"ECK120003665"	"yeeP"	"+"	2068810	2069235	426	"M-C2h"	3	0.364966474457322	31	380	81.5789473684211	0.392018779342723	4.08643236517663	"AD"	NA	NA
"ECK120003666"	"flu"	"+"	2069563	2072682	3120	"M-C2h"	1933	32.1083934961194	21	278	75.5395683453237	1	-2.93448925039779	"SD"	39	36.4485981308411
"ECK120003667"	"yeeR"	"+"	2072803	2074335	1533	"M-C2h"	27	0.912773296196589	1	76	0	0.420743639921722	-Inf	"SD"	1	1.75438596491228
"ECK120003668"	"yeeS"	"+"	2074332	2074778	447	"M-C2h"	8	0.927521062602947	4	111	0	0.317673378076063	-Inf	"SD"	NA	NA
"ECK120003669"	"yeeT"	"+"	2074841	2075062	222	"M-C2h"	0	0	2	110	0	0	NA	"NO"	NA	NA
"ECK120003670"	"cbeA"	"+"	2075136	2075504	369	"M-C2h"	0	0	5	261	0	0	NA	"NO"	NA	NA
"ECK120003671"	"cbtA"	"+"	2075593	2075967	375	"M-C2h"	0	0	0	0	0	0	NA	"NO"	NA	NA
"ECK120003672"	"yeeW"	"+"	2075964	2076158	195	"M-C2h"	8	2.12616366658214	0	0	0	0.676923076923077	-Inf	"SD"	NA	NA
"ECK120003674"	"yeeY"	"-"	2085353	2086282	930	"M-C2h"	118	6.57567553334073	1	76	0	0.960215053763441	-Inf	"SD"	NA	NA
"ECK120003675"	"yeeZ"	"-"	2086328	2087152	825	"M-C2h"	637	40.0153666431061	0	0	0	1	-Inf	"SD"	10	33.3333333333333
"ECK120003677"	"ugd"	"-"	2096471	2097637	1167	"M-C2h"	11	0.488498400259071	5	221	0	0.388174807197943	-Inf	"SD"	NA	NA
"ECK120003678"	"insH-7"	"-"	2099919	2100935	1017	"M-C2h"	1	0	0	0	0	0.023598820058997	NA	"NO"	NA	NA
"ECK120003679"	"galF"	"-"	2111458	2112351	894	"M-C2h"	470	27.2459312139616	0	0	0	1	-Inf	"SD"	18	54.5454545454545
"ECK120003680"	"wcaM"	"-"	2112526	2113920	1395	"M-C2h"	6	0	4	145	0	0.10179211469534	NA	"NO"	NA	NA
"ECK120003681"	"wcaL"	"-"	2113931	2115151	1221	"M-C2h"	1	0	0	0	0	0.0417690417690418	NA	"NO"	NA	NA
"ECK120003682"	"wcaK"	"-"	2115148	2116428	1281	"M-C2h"	2	0	2	40	0	0.120218579234973	NA	"NO"	NA	NA
"ECK120003683"	"wzxC"	"-"	2116704	2118182	1479	"M-C2h"	0	0	0	0	0	0	NA	"NO"	NA	NA
"ECK120003684"	"wcaJ"	"-"	2118184	2119578	1395	"M-C2h"	2	0	2	145	0	0.0802867383512545	NA	"NO"	NA	NA
"ECK120003685"	"wcaF"	"-"	2126364	2126912	549	"M-C2h"	0	0	0	0	0	0	NA	"NO"	NA	NA
"ECK120003686"	"wcaE"	"-"	2126928	2127674	747	"M-C2h"	0	0	0	0	0	0	NA	"NO"	NA	NA
"ECK120003687"	"wcaD"	"-"	2127685	2128902	1218	"M-C2h"	4	0	0	0	0	0.109195402298851	NA	"NO"	NA	NA
"ECK120003688"	"wcaC"	"-"	2128877	2130094	1218	"M-C2h"	3	0	1	76	0	0.138752052545156	NA	"NO"	NA	NA
"ECK120003689"	"wcaB"	"-"	2130091	2130579	489	"M-C2h"	1	0	3	69	0	0.16359918200409	NA	"NO"	NA	NA
"ECK120003690"	"wcaA"	"-"	2130582	2131421	840	"M-C2h"	4	0	0	0	0	0.216666666666667	NA	"NO"	NA	NA
"ECK120003691"	"wzc"	"-"	2131514	2133676	2163	"M-C2h"	1	0	3	43	0	0.0351363846509478	NA	"NO"	NA	NA
"ECK120003692"	"wzb"	"-"	2133679	2134122	444	"M-C2h"	0	0	1	76	0	0	NA	"NO"	NA	NA
"ECK120003698"	"yegL"	"-"	2150493	2151152	660	"M-C2h"	2	0	0	0	0	0.137878787878788	NA	"NO"	NA	NA
"ECK120003700"	"mdtB"	"+"	2153287	2156409	3123	"M-C2h"	5	0	5	136	0	0.110790906179955	NA	"NO"	NA	NA
"ECK120003701"	"mdtC"	"+"	2156410	2159487	3078	"M-C2h"	7	0	1	59	0	0.10006497725796	NA	"NO"	NA	NA
"ECK120003702"	"yegP"	"+"	2163213	2163545	333	"M-C2h"	409	63.6532219325295	0	0	0	1	-Inf	"SD"	0	0
"ECK120003703"	"yegQ"	"+"	2163692	2165053	1362	"M-C2h"	13	0.494660875072111	2	36	0	0.459618208516887	-Inf	"SD"	10	19.6078431372549
"ECK120003705"	"yegZ"	"-"	2165626	2165844	219	"M-C2h"	1	0.23664492864356	2	84	0	0.319634703196347	-Inf	"SD"	NA	NA
"ECK120003706"	""	"-"	2165759	2166025	267	"M-C2h"	9	1.74691818111033	2	84	0	0.636704119850187	-Inf	"SD"	NA	NA
"ECK120003711"	"gatZ"	"-"	2173081	2174343	1263	"M-C2h"	17053	699.743315143896	0	0	0	1	-Inf	"SD"	9	19.1489361702128
"ECK120003714"	"yegU"	"+"	2178117	2179121	1005	"M-C2h"	9	0.464106621250206	1	76	0	0.401990049751244	-Inf	"SD"	NA	NA
"ECK120003717"	"yegX"	"-"	2180855	2181673	819	"M-C2h"	7	0	0	0	0	0.212454212454212	NA	"NO"	NA	NA
"ECK120003718"	"thiD"	"-"	2181738	2182538	801	"M-C2h"	11	0.711707407119022	3	154	0	0.561797752808989	-Inf	"SD"	NA	NA
"ECK120003722"	"yeiS"	"+"	2231622	2231861	240	"M-C2h"	2	0.431876994774497	0	0	0	0.275	-Inf	"SD"	NA	NA
"ECK120003723"	"preT"	"+"	2232055	2233293	1239	"M-C2h"	2169	90.7255401129186	6	193	31.0880829015544	1	-6.24040242952544	"SD"	6	13.6363636363636
"ECK120003724"	"lpxT"	"+"	2266876	2267589	714	"M-C2h"	0	0	0	0	0	0	NA	"NO"	NA	NA
"ECK120003725"	"mepS"	"+"	2268001	2268567	567	"M-C2h"	149	13.6189782479154	3	70	0	1	-Inf	"SD"	NA	NA
"ECK120003726"	"rtn"	"+"	2268748	2270304	1557	"M-C2h"	7	0	5	86	0	0.23956326268465	NA	"NO"	NA	NA
"ECK120003730"	"yfaQ"	"-"	2326170	2327819	1650	"M-C2h"	6	0	1	96	0	0.213939393939394	NA	"NO"	NA	NA
"ECK120003731"	"yfaS_2"	"-"	2327820	2328305	486	"M-C2h"	3	0	0	0	0	0.211934156378601	NA	"NO"	NA	NA
"ECK120003732"	"yfaS_1"	"-"	2328321	2332424	4104	"M-C2h"	8	0	35	124	250	0.0728557504873294	Inf	"AD"	NA	NA
"ECK120003733"	"yfaT"	"-"	2332358	2332981	624	"M-C2h"	2	0	0	0	0	0.161858974358974	NA	"NO"	NA	NA
"ECK120003735"	"yfaV"	"-"	2356885	2358174	1290	"M-C2h"	6	0.241047624990417	0	0	0	0.256589147286822	-Inf	"SD"	NA	NA
"ECK120003736"	"yfaW"	"-"	2358231	2359448	1218	"M-C2h"	244	10.3820676576332	1	41	0	1	-Inf	"SD"	NA	NA
"ECK120003737"	"yfaX"	"-"	2359451	2360233	783	"M-C2h"	74	4.89791534303644	1	44	0	0.985951468710089	-Inf	"SD"	NA	NA
"ECK120003738"	"yfaY"	"-"	2360453	2361655	1203	"M-C2h"	131	5.64347993171662	0	0	0	0.945137157107232	-Inf	"SD"	3	6.81818181818182
"ECK120003743"	"arnC"	"+"	2365093	2366061	969	"M-C2h"	0	0	1	51	0	0	NA	"NO"	NA	NA
"ECK120003744"	"arnA"	"+"	2366061	2368043	1983	"M-C2h"	17	0.444291008240028	1	63	0	0.35249621785174	-Inf	"SD"	NA	NA
"ECK120003745"	"arnD"	"+"	2368040	2368930	891	"M-C2h"	9	0.52348726639333	0	0	0	0.54320987654321	-Inf	"SD"	NA	NA
"ECK120003746"	"arnT"	"+"	2368930	2370582	1653	"M-C2h"	28	0	2	100	0	0.176043557168784	NA	"NO"	NA	NA
"ECK120003749"	"elaB"	"-"	2378744	2379049	306	"M-C2h"	150	25.4045291043822	0	0	0	1	-Inf	"SD"	NA	NA
"ECK120003762"	"yfbT"	"-"	2409461	2410111	651	"M-C2h"	259	20.6186436214921	0	0	0	1	-Inf	"SD"	7	30.4347826086957
"ECK120003763"	"yfbU"	"-"	2410122	2410616	495	"M-C2h"	473	49.521895400809	1	48	0	1	-Inf	"SD"	10	50
"ECK120003767"	"yfcE"	"-"	2417256	2417810	555	"M-C2h"	32	2.98812190979112	0	0	0	0.8	-Inf	"SD"	2	10
"ECK120003770"	"folX"	"+"	2419347	2419709	363	"M-C2h"	935	133.489252930299	1	42	0	1	-Inf	"SD"	5	35.7142857142857
"ECK120003776"	"epmC"	"-"	2442225	2442773	549	"M-C2h"	15	1.41599014680163	0	0	0	0.788706739526412	-Inf	"SD"	NA	NA
"ECK120003779"	"yfcP"	"-"	2448073	2448612	540	"M-C2h"	1	0	0	0	0	0.0944444444444444	NA	"NO"	NA	NA
"ECK120003780"	"yfcQ"	"-"	2448609	2449097	489	"M-C2h"	2	0	2	43	0	0.202453987730061	NA	"NO"	NA	NA
"ECK120003781"	"yfcR"	"-"	2449094	2449606	513	"M-C2h"	7	0.707167008987481	0	0	0	0.592592592592593	-Inf	"SD"	NA	NA
"ECK120003782"	"yfcS"	"-"	2449606	2450358	753	"M-C2h"	1	0	0	0	0	0.0969455511288181	NA	"NO"	NA	NA
"ECK120003783"	"yfcT"	"-"	2450378	2451274	897	"M-C2h"	0	0	0	0	0	0	NA	"NO"	NA	NA
"ECK120003784"	"yfcU"	"-"	2451287	2453023	1737	"M-C2h"	25	0.745901545379097	0	0	0	0.300518134715026	-Inf	"SD"	NA	NA
"ECK120003785"	"yfcV"	"-"	2453105	2453668	564	"M-C2h"	0	0	0	0	0	0	NA	"NO"	NA	NA
"ECK120003786"	"sixA"	"-"	2454349	2454834	486	"M-C2h"	462	49.2659682927945	0	0	0	1	-Inf	"SD"	NA	NA
"ECK120003787"	"fadJ"	"-"	2455037	2457181	2145	"M-C2h"	2681	64.7755089784854	1	76	0	1	-Inf	"SD"	2	2.5974025974026
"ECK120003788"	"fadI"	"-"	2457181	2458491	1311	"M-C2h"	2721	107.5640551745	0	0	0	1	-Inf	"SD"	3	6.38297872340426
"ECK120003793"	"intS"	"+"	2464567	2465724	1158	"M-C2h"	7	0	16	218	73.394495412844	0.235751295336788	Inf	"AD"	NA	NA
"ECK120003794"	"yfdG"	"+"	2465877	2466239	363	"M-C2h"	1	0	1	49	0	0.101928374655647	NA	"NO"	NA	NA
"ECK120003795"	"yfdH"	"+"	2466236	2467156	921	"M-C2h"	3	0	5	100	0	0.234527687296417	NA	"NO"	3	8.57142857142857
"ECK120003796"	"yfdI"	"+"	2467153	2468484	1332	"M-C2h"	5	0	0	0	0	0.161411411411411	NA	"NO"	6	11.7647058823529
"ECK120003799"	"yfdL"	"-"	2469566	2470084	519	"M-C2h"	0	0	0	0	0	0	NA	"NO"	NA	NA
"ECK120003800"	"yfdM"	"-"	2470134	2470409	276	"M-C2h"	1	0.187772606423694	0	0	0	0.27536231884058	-Inf	"SD"	NA	NA
"ECK120003801"	"yfdN"	"-"	2470409	2470903	495	"M-C2h"	0	0	0	0	0	0	NA	"NO"	NA	NA
"ECK120003804"	"yfdQ"	"+"	2472054	2472878	825	"M-C2h"	4	0	1	51	0	0.246060606060606	NA	"NO"	NA	NA
"ECK120003805"	"yfdR"	"+"	2473006	2473542	537	"M-C2h"	0	0	3	83	0	0	NA	"NO"	NA	NA
"ECK120003806"	"yfdS"	"+"	2473533	2473895	363	"M-C2h"	0	0	0	0	0	0	NA	"NO"	NA	NA
"ECK120003807"	"yfdT"	"+"	2473895	2474200	306	"M-C2h"	4	0.677454109450192	4	88	0	0.712418300653595	-Inf	"SD"	NA	NA
"ECK120003810"	"yfdV"	"-"	2487264	2488208	945	"M-C2h"	1	0	3	95	0	0.0804232804232804	NA	"NO"	NA	NA
"ECK120003811"	"oxc"	"-"	2488278	2489972	1695	"M-C2h"	3	0	0	0	0	0.117994100294985	NA	"NO"	NA	NA
"ECK120003812"	"frc"	"-"	2490026	2491276	1251	"M-C2h"	2	0	0	0	0	0.139088729016787	NA	"NO"	NA	NA
"ECK120003819"	"ypdB"	"+"	2498405	2499139	735	"M-C2h"	45	3.17297383915957	7	196	30.6122448979592	0.775510204081633	-1.40280122059971	"SD"	1	3.44827586206897
"ECK120003822"	"ypdE"	"-"	2502532	2503569	1038	"M-C2h"	7	0.349495833921558	4	97	0	0.289980732177264	-Inf	"SD"	NA	NA
"ECK120003823"	"ypdF"	"-"	2503569	2504654	1086	"M-C2h"	8	0.381769719137677	5	149	0	0.313075506445672	-Inf	"SD"	NA	NA
"ECK120003824"	"fryC"	"-"	2504669	2505916	1248	"M-C2h"	1	0	1	78	0	0.0504807692307692	NA	"NO"	NA	NA
"ECK120003825"	"fryB"	"-"	2505938	2506264	327	"M-C2h"	5	0.792434852797243	0	0	0	0.45565749235474	-Inf	"SD"	NA	NA
"ECK120003832"	"zipA"	"-"	2528269	2529255	987	"M-C2h"	637	33.4474949144504	0	0	0	1	-Inf	"SD"	1	2.77777777777778
"ECK120003838"	"murP"	"+"	2544695	2546119	1425	"M-C2h"	139	5.05523387567622	21	214	46.7289719626168	0.853333333333333	-1.3377778386116	"SD"	NA	NA
"ECK120003841"	"yfeY"	"-"	2548663	2549238	576	"M-C2h"	49	4.40874432165633	0	0	0	1	-Inf	"SD"	4	19.047619047619
"ECK120003842"	"yfeZ"	"-"	2549299	2549748	450	"M-C2h"	5	0.575835993032663	0	0	0	0.337777777777778	-Inf	"SD"	NA	NA
"ECK120003844"	"eutK"	"-"	2553250	2553750	501	"M-C2h"	99	10.2409155647126	0	0	0	1	-Inf	"SD"	NA	NA
"ECK120003845"	"eutL"	"-"	2553763	2554422	660	"M-C2h"	37	2.90535432848298	1	100	0	1	-Inf	"SD"	2	8.69565217391304
"ECK120003847"	"yffL"	"+"	2558279	2558920	642	"M-C2h"	580	46.8203097138707	1	37	0	0.940809968847352	-Inf	"SD"	NA	NA
"ECK120003848"	"yffM"	"+"	2559390	2559635	246	"M-C2h"	0	0	0	0	0	0	NA	"NO"	NA	NA
"ECK120003849"	"yffN"	"+"	2559632	2560015	384	"M-C2h"	1	0	1	100	0	0.140625	NA	"NO"	NA	NA
"ECK120003850"	"yffO"	"+"	2560133	2560549	417	"M-C2h"	14	1.73993609405553	0	0	0	0.513189448441247	-Inf	"SD"	NA	NA
"ECK120003851"	"yffP"	"+"	2560546	2561139	594	"M-C2h"	13	1.13422241051888	0	0	0	0.595959595959596	-Inf	"SD"	NA	NA
"ECK120003852"	"yffQ"	"+"	2561599	2561991	393	"M-C2h"	62	8.17599196214315	0	0	0	1	-Inf	"SD"	NA	NA
"ECK120003853"	"yffR"	"+"	2562002	2562394	393	"M-C2h"	272	35.8688679629506	0	0	0	1	-Inf	"SD"	NA	NA
"ECK120003856"	"eutH"	"-"	2564903	2566129	1227	"M-C2h"	5	0	2	52	0	0.236348818255909	NA	"NO"	NA	NA
"ECK120003857"	"eutG"	"-"	2566346	2567533	1188	"M-C2h"	3	0	0	0	0	0.231481481481481	NA	"NO"	NA	NA
"ECK120003858"	"eutJ"	"-"	2567523	2568359	837	"M-C2h"	1	0	0	0	0	0.0908004778972521	NA	"NO"	NA	NA
"ECK120003859"	"eutE"	"-"	2568370	2569773	1404	"M-C2h"	5	0	1	72	0	0.215811965811966	NA	"NO"	NA	NA
"ECK120003860"	"eutN"	"-"	2569785	2570072	288	"M-C2h"	1	0	0	0	0	0.159722222222222	NA	"NO"	NA	NA
"ECK120003861"	"eutM"	"-"	2570179	2570472	294	"M-C2h"	28	4.93573708313711	26	182	142.857142857143	0.82312925170068	0.0752460762049303	"AD"	NA	NA
"ECK120003862"	"eutD"	"-"	2570511	2571527	1017	"M-C2h"	24	1.22301449847645	1	100	0	0.68141592920354	-Inf	"SD"	NA	NA
"ECK120003863"	"eutT"	"-"	2571524	2572327	804	"M-C2h"	16	1.03134804722268	0	0	0	0.798507462686567	-Inf	"SD"	NA	NA
"ECK120003864"	"eutQ"	"-"	2572324	2573025	702	"M-C2h"	12	0.885901527742559	2	56	0	0.554131054131054	-Inf	"SD"	NA	NA
"ECK120003865"	"eutP"	"-"	2573000	2573479	480	"M-C2h"	9	0.971723238242619	0	0	0	0.56875	-Inf	"SD"	NA	NA
"ECK120003866"	"eutS"	"-"	2573492	2573827	336	"M-C2h"	14	2.15938497387249	0	0	0	0.81547619047619	-Inf	"SD"	NA	NA
"ECK120003870"	"tmcA"	"-"	2591866	2593881	2016	"M-C2h"	46	1.18252034283493	1	43	0	0.39781746031746	-Inf	"SD"	NA	NA
"ECK120003871"	"ypfJ"	"-"	2593896	2594759	864	"M-C2h"	363	21.7737984865476	1	44	0	0.997685185185185	-Inf	"SD"	NA	NA
"ECK120003872"	"hyfC"	"+"	2601869	2602816	948	"M-C2h"	0	0	4	127	0	0	NA	"NO"	NA	NA
"ECK120003873"	"hyfD"	"+"	2602833	2604272	1440	"M-C2h"	0	0	4	77	0	0	NA	"NO"	NA	NA
"ECK120003874"	"hyfE"	"+"	2604284	2604934	651	"M-C2h"	0	0	3	100	0	0	NA	"NO"	NA	NA
"ECK120003875"	"hyfF"	"+"	2604939	2606519	1581	"M-C2h"	3	0	0	0	0	0.0619860847564832	NA	"NO"	NA	NA
"ECK120003876"	"hyfG"	"+"	2606509	2608176	1668	"M-C2h"	14	0.434984023513882	1	43	0	0.264388489208633	-Inf	"SD"	NA	NA
"ECK120003877"	"hyfH"	"+"	2608186	2608731	546	"M-C2h"	1	0	1	83	0	0.0934065934065934	NA	"NO"	NA	NA
"ECK120003878"	"hyfI"	"+"	2608728	2609486	759	"M-C2h"	1	0	4	93	0	0.0553359683794466	NA	"NO"	NA	NA
"ECK120003879"	"hyfJ"	"+"	2609479	2609892	414	"M-C2h"	1	0	0	0	0	0.0338164251207729	NA	"NO"	NA	NA
"ECK120003880"	"hyfR"	"+"	2609922	2611934	2013	"M-C2h"	3	0	29	126	174.603174603175	0.113263785394933	Inf	"AD"	NA	NA
"ECK120003888"	"yfgH"	"+"	2627814	2628332	519	"M-C2h"	0	0	0	0	0	0	NA	"NO"	NA	NA
"ECK120003892"	"bamB"	"-"	2635496	2636674	1179	"M-C2h"	342	15.0332755432955	0	0	0	1	-Inf	"SD"	3	7.14285714285714
"ECK120003893"	"yfgM"	"-"	2636685	2637305	621	"M-C2h"	116	9.68072104228825	1	76	0	0.962962962962963	-Inf	"SD"	16	72.7272727272727
"ECK120003894"	"pbpC"	"-"	2643035	2645347	2313	"M-C2h"	27	0.604963883730813	3	100	0	0.253782965845223	-Inf	"SD"	NA	NA
"ECK120003896"	"iscU"	"-"	2657925	2658311	387	"M-C2h"	5476	733.320441359736	0	0	0	1	-Inf	"SD"	NA	NA
"ECK120003897"	"iscS"	"-"	2658339	2659553	1215	"M-C2h"	7842	334.496730174974	1	67	0	1	-Inf	"SD"	35	77.7777777777778
"ECK120003898"	"iscR"	"-"	2659665	2660153	489	"M-C2h"	1909	202.319799515218	1	76	0	1	-Inf	"SD"	NA	NA
"ECK120003900"	"yfhR"	"+"	2662385	2663266	882	"M-C2h"	0	0	6	265	0	0	NA	"NO"	NA	NA
"ECK120003904"	"hcaC"	"+"	2668930	2669250	321	"M-C2h"	0	0	0	0	0	0	NA	"NO"	NA	NA
"ECK120003905"	"hcaB"	"+"	2669247	2670059	813	"M-C2h"	2	0	0	0	0	0.142681426814268	NA	"NO"	NA	NA
"ECK120003906"	"hcaD"	"+"	2670069	2671271	1203	"M-C2h"	17	0.732359991138798	5	210	0	0.401496259351621	-Inf	"SD"	NA	NA
"ECK120003909"	"yphC"	"-"	2672722	2673783	1062	"M-C2h"	15	0.731994906397453	0	0	0	0.440677966101695	-Inf	"SD"	NA	NA
"ECK120003910"	"yphD"	"-"	2673849	2674847	999	"M-C2h"	4	0.207508465957716	1	72	0	0.267267267267267	-Inf	"SD"	NA	NA
"ECK120003911"	"yphE"	"-"	2674872	2676383	1512	"M-C2h"	26	0.891174751121979	10	108	55.5555555555556	0.599867724867725	0.429254142086213	"AD"	NA	NA
"ECK120003912"	"yphF"	"-"	2676406	2677389	984	"M-C2h"	24	1.26403022860828	1	65	0	0.659552845528455	-Inf	"SD"	NA	NA
"ECK120003915"	"glrK"	"-"	2687693	2689120	1428	"M-C2h"	18	0.653259319826971	0	0	0	0.527310924369748	-Inf	"SD"	NA	NA
"ECK120003917"	"rseC"	"-"	2705344	2705823	480	"M-C2h"	15	1.61953873040436	1	38	0	0.522916666666667	-Inf	"SD"	NA	NA
"ECK120003918"	"rseB"	"-"	2705820	2706776	957	"M-C2h"	523	28.322466240384	6	169	0	0.96551724137931	-Inf	"SD"	3	8.33333333333333
"ECK120003919"	"yfiP"	"+"	2717245	2717943	699	"M-C2h"	8	0	9	304	23.0263157894737	0.0872675250357654	Inf	"AD"	NA	NA
"ECK120003920"	"pka"	"+"	2717975	2720635	2661	"M-C2h"	2253	43.8790921861079	2	76	0	1	-Inf	"SD"	10	10.2040816326531
"ECK120003928"	"yfjI"	"+"	2757007	2758416	1410	"M-C2h"	1	0	0	0	0	0.0539007092198582	NA	"NO"	NA	NA
"ECK120003931"	"yfjL"	"-"	2761559	2763175	1617	"M-C2h"	25	0.801256019989791	5	192	0	0.588744588744589	-Inf	"SD"	NA	NA
"ECK120003934"	"rnlB"	"+"	2765006	2765377	372	"M-C2h"	66	9.19480053390865	144	301	471.760797342193	0.900537634408602	1.62700074653934	"AD"	NA	NA
"ECK120003935"	"yfjP"	"+"	2765732	2766595	864	"M-C2h"	3	0	2	103	0	0.188657407407407	NA	"NO"	NA	NA
"ECK120003936"	"yfjQ"	"+"	2766687	2767508	822	"M-C2h"	0	0	0	0	0	0	NA	"NO"	NA	NA
"ECK120003937"	"yfjR"	"+"	2767725	2768426	702	"M-C2h"	0	0	3	76	0	0	NA	"NO"	NA	NA
"ECK120003938"	"ypjK"	"+"	2768467	2768703	237	"M-C2h"	0	0	0	0	0	0	NA	"NO"	NA	NA
"ECK120003939"	"yfjS"	"+"	2768703	2769146	444	"M-C2h"	3	0	2	44	0	0.211711711711712	NA	"NO"	NA	NA
"ECK120003942"	"ypjM_3"	"-"	2770189	2770707	519	"M-C2h"	0	0	0	0	0	0	NA	"NO"	NA	NA
"ECK120003943"	"ypjM_2"	"-"	2770858	2771058	201	"M-C2h"	0	0	0	0	0	0	NA	"NO"	NA	NA
"ECK120003946"	"yfjX"	"+"	2773941	2774399	459	"M-C2h"	0	0	3	76	0	0	NA	"NO"	NA	NA
"ECK120003947"	"yfjY"	"+"	2774408	2774890	483	"M-C2h"	1	0	0	0	0	0.093167701863354	NA	"NO"	NA	NA
"ECK120003948"	"yfjZ"	"+"	2775137	2775454	318	"M-C2h"	2	0.325944901716602	0	0	0	0.424528301886792	-Inf	"SD"	NA	NA
"ECK120003951"	"pinH"	"-"	2781087	2781230	144	"M-C2h"	0	0	0	0	0	0	NA	"NO"	NA	NA
"ECK120003952"	"ypjB"	"-"	2781660	2782451	792	"M-C2h"	1	0	0	0	0	0.0808080808080808	NA	"NO"	NA	NA
"ECK120003958"	"ygaQ_2"	"+"	2784770	2785456	687	"M-C2h"	0	0	0	0	0	0	NA	"NO"	NA	NA
"ECK120003959"	"ygaQ_3"	"+"	2785664	2786260	597	"M-C2h"	0	0	0	0	0	0	NA	"NO"	NA	NA
"ECK120003960"	"ygaQ_4"	"+"	2786399	2786671	273	"M-C2h"	0	0	0	0	0	0	NA	"NO"	NA	NA
"ECK120003961"	"csiD"	"+"	2787007	2787984	978	"M-C2h"	464	24.5878436288794	0	0	0	1	-Inf	"SD"	NA	NA
"ECK120003968"	"nrdH"	"+"	2798745	2798990	246	"M-C2h"	4	0.84268681907219	0	0	0	0.434959349593496	-Inf	"SD"	NA	NA
"ECK120003969"	"nrdI"	"+"	2798987	2799397	411	"M-C2h"	4	0.504381891707442	0	0	0	0.457420924574209	-Inf	"SD"	NA	NA
"ECK120003970"	"ygaX"	"+"	2806338	2806604	267	"M-C2h"	0	0	0	0	0	0	NA	"NO"	NA	NA
"ECK120003971"	"ygaY"	"+"	2806634	2807515	882	"M-C2h"	1	0	3	74	0	0.0804988662131519	NA	"NO"	NA	NA
"ECK120003972"	"ygaZ"	"+"	2807639	2808376	738	"M-C2h"	47	3.30052337469941	3	76	0	0.757452574525745	-Inf	"SD"	NA	NA
"ECK120003973"	"ygaH"	"+"	2808366	2808701	336	"M-C2h"	3	0.462725351544104	2	76	0	0.294642857142857	-Inf	"SD"	NA	NA
"ECK120003974"	"yqaA"	"-"	2814534	2814962	429	"M-C2h"	16	1.93287606052922	0	0	0	0.878787878787879	-Inf	"SD"	NA	NA
"ECK120003975"	"yqaB"	"-"	2814959	2815525	567	"M-C2h"	80	7.31220308612905	1	55	0	1	-Inf	"SD"	NA	NA
"ECK120003976"	"pncC"	"-"	2821871	2822368	498	"M-C2h"	21	2.18540166030468	0	0	0	0.775100401606426	-Inf	"SD"	7	38.8888888888889
"ECK120003983"	"ygbK"	"+"	2860357	2861523	1167	"M-C2h"	12	0.532907345737169	2	90	0	0.437874892887746	-Inf	"SD"	NA	NA
"ECK120003984"	"ygbL"	"+"	2861615	2862253	639	"M-C2h"	6	0.486621965943096	0	0	0	0.439749608763693	-Inf	"SD"	NA	NA
"ECK120003985"	"ygbM"	"+"	2862258	2863034	777	"M-C2h"	5	0.333495748860616	10	175	57.1428571428571	0.293436293436293	2.58425972369279	"AD"	NA	NA
"ECK120003987"	"truD"	"-"	2868277	2869326	1050	"M-C2h"	217	10.7105494704075	0	0	0	0.936190476190476	-Inf	"SD"	6	15.3846153846154
"ECK120003988"	"ispD"	"-"	2869802	2870512	711	"M-C2h"	5	0.364453160147255	0	0	0	0.306610407876231	-Inf	"SD"	NA	NA
"ECK120003989"	"ftsB"	"-"	2870531	2870842	312	"M-C2h"	45	7.47479414032784	0	0	0	0.842948717948718	-Inf	"SD"	NA	NA
"ECK120003990"	"cas1"	"-"	2876877	2877794	918	"M-C2h"	20	1.12909018241699	0	0	0	0.802832244008715	-Inf	"SD"	NA	NA
"ECK120003991"	"casE"	"-"	2877810	2878409	600	"M-C2h"	10	0.863753989548995	4	154	0	0.411666666666667	-Inf	"SD"	NA	NA
"ECK120003992"	"casD"	"-"	2878396	2879070	675	"M-C2h"	15	1.15167198606533	4	154	0	0.441481481481481	-Inf	"SD"	NA	NA
"ECK120003993"	"casC"	"-"	2879073	2880164	1092	"M-C2h"	3	0	0	0	0	0.208791208791209	NA	"NO"	NA	NA
"ECK120003994"	"casB"	"-"	2880177	2880659	483	"M-C2h"	2	0.214597264484222	0	0	0	0.281573498964803	-Inf	"SD"	NA	NA
"ECK120003995"	"casA"	"-"	2880652	2882160	1509	"M-C2h"	1	0	0	0	0	0.0291583830351226	NA	"NO"	NA	NA
"ECK120003997"	"ygcN"	"+"	2890679	2891950	1272	"M-C2h"	119	4.84843041303445	2	86	0	0.775157232704403	-Inf	"SD"	NA	NA
"ECK120003998"	"ygcO"	"+"	2891941	2892201	261	"M-C2h"	7	1.38994894869953	3	86	0	0.739463601532567	-Inf	"SD"	NA	NA
"ECK120004001"	"ygcR"	"-"	2893798	2894577	780	"M-C2h"	0	0	0	0	0	0	NA	"NO"	NA	NA
"ECK120004002"	"ygcS"	"-"	2894555	2895892	1338	"M-C2h"	0	0	1	38	0	0	NA	"NO"	NA	NA
"ECK120004003"	"ygcU"	"-"	2895986	2897440	1455	"M-C2h"	3	0	0	0	0	0.123024054982818	NA	"NO"	NA	NA
"ECK120004009"	"gudX"	"-"	2917428	2918768	1341	"M-C2h"	184	7.11099481328926	3	102	0	0.973154362416107	-Inf	"SD"	NA	NA
"ECK120004010"	"gudP"	"-"	2918770	2920122	1353	"M-C2h"	238	9.11633922450824	0	0	0	1	-Inf	"SD"	NA	NA
"ECK120004011"	"yqcA"	"-"	2920557	2921006	450	"M-C2h"	137	15.777906209095	2	36	0	1	-Inf	"SD"	3	18.75
"ECK120004012"	"truC"	"-"	2921024	2921806	783	"M-C2h"	28	1.85326526493271	0	0	0	0.541507024265645	-Inf	"SD"	1	3.33333333333333
"ECK120004013"	"yqcC"	"-"	2921806	2922135	330	"M-C2h"	5	0.785230899589995	4	74	0	0.360606060606061	-Inf	"SD"	1	7.69230769230769
"ECK120004022"	"rppH"	"-"	2966469	2966999	531	"M-C2h"	182	17.7630763952449	0	0	0	0.951035781544256	-Inf	"SD"	2	9.52380952380952
"ECK120004023"	"ygdQ"	"+"	2968442	2969155	714	"M-C2h"	4	0.290337475478654	13	226	48.6725663716814	0.261904761904762	2.92170081795147	"AD"	NA	NA
"ECK120004024"	"ygdR"	"+"	2969293	2969511	219	"M-C2h"	727	172.040863123868	2	69	0	1	-Inf	"SD"	NA	NA
"ECK120004026"	"kduI"	"-"	2981310	2982146	837	"M-C2h"	11	0.681096335845085	1	47	0	0.347670250896057	-Inf	"SD"	3	9.67741935483871
"ECK120004029"	"yqeH"	"+"	2985558	2986190	633	"M-C2h"	5	0.409362080354974	0	0	0	0.530805687203792	-Inf	"SD"	NA	NA
"ECK120004030"	"yqeI"	"+"	2986524	2987333	810	"M-C2h"	2	0	0	0	0	0.0641975308641975	NA	"NO"	NA	NA
"ECK120004034"	"ygeG"	"+"	2989290	2989781	492	"M-C2h"	1	0	0	0	0	0.154471544715447	NA	"NO"	NA	NA
"ECK120004035"	"ygeH"	"+"	2990116	2991492	1377	"M-C2h"	0	0	0	0	0	0	NA	"NO"	NA	NA
"ECK120004036"	"ygeI"	"+"	2991660	2991878	219	"M-C2h"	0	0	1	97	0	0	NA	"NO"	NA	NA
"ECK120004039"	"ygeL"	"-"	2992959	2993114	156	"M-C2h"	0	0	0	0	0	0	NA	"NO"	NA	NA
"ECK120004040"	"ygeM"	"-"	2993336	2993767	432	"M-C2h"	0	0	0	0	0	0	NA	"NO"	NA	NA
"ECK120004041"	"ygeN"	"-"	2993770	2994042	273	"M-C2h"	0	0	0	0	0	0	NA	"NO"	NA	NA
"ECK120004042"	"ygeO"	"-"	2993984	2994409	426	"M-C2h"	0	0	0	0	0	0	NA	"NO"	NA	NA
"ECK120004043"	"insD-4"	"-"	2994394	2995299	906	"M-C2h"	0	0	0	0	0	0	NA	"NO"	NA	NA
"ECK120004044"	"insC-4"	"-"	2995257	2995667	411	"M-C2h"	0	0	0	0	0	0	NA	"NO"	NA	NA
"ECK120004045"	"ygeP"	"-"	2995711	2996010	300	"M-C2h"	7	1.20925558536859	0	0	0	0.566666666666667	-Inf	"SD"	NA	NA
"ECK120004046"	"ygeQ"	"-"	2996056	2996850	795	"M-C2h"	6	0.391133882059922	1	52	0	0.29685534591195	-Inf	"SD"	NA	NA
"ECK120004049"	"xdhB"	"+"	3000636	3001514	879	"M-C2h"	3	0	2	39	0	0.229806598407281	NA	"NO"	1	3.125
"ECK120004053"	"ygeX"	"+"	3005532	3006728	1197	"M-C2h"	4	0	2	65	0	0.124477861319967	NA	"NO"	NA	NA
"ECK120004054"	"ygeY"	"+"	3006786	3007997	1212	"M-C2h"	24	1.02624236382059	2	75	0	0.566831683168317	-Inf	"SD"	3	6.66666666666667
"ECK120004055"	"hyuA"	"+"	3008050	3009435	1386	"M-C2h"	3	0	6	118	0	0.143578643578644	NA	"NO"	NA	NA
"ECK120004060"	"ygfK"	"+"	3014082	3017180	3099	"M-C2h"	18	0.301017847277481	66	436	114.678899082569	0.313326879638593	5.05400716320371	"AD"	NA	NA
"ECK120004061"	"ssnA"	"+"	3017183	3018511	1329	"M-C2h"	2	0	2	69	0	0.0752445447705041	NA	"NO"	NA	NA
"ECK120004062"	"ygfM"	"+"	3018562	3019341	780	"M-C2h"	2	0	0	0	0	0.134615384615385	NA	"NO"	NA	NA
"ECK120004063"	"xdhD"	"+"	3019338	3022208	2871	"M-C2h"	44	0.794256542114018	7	117	0	0.479275513758272	-Inf	"SD"	NA	NA
"ECK120004064"	"xanQ"	"+"	3022373	3023773	1401	"M-C2h"	6	0	13	210	0	0.199857244825125	NA	"NO"	NA	NA
"ECK120004065"	"guaD"	"+"	3023788	3025107	1320	"M-C2h"	16	0.628184719671996	7	102	58.8235294117647	0.467424242424242	0.93377365025205	"AD"	NA	NA
"ECK120004078"	"scpB"	"+"	3062015	3062800	786	"M-C2h"	1	0	0	0	0	0.089058524173028	NA	"NO"	NA	NA
"ECK120004081"	"yggP"	"-"	3074201	3075478	1278	"M-C2h"	0	0	0	0	0	0	NA	"NO"	NA	NA
"ECK120004085"	"yqgE"	"+"	3090959	3091522	564	"M-C2h"	7	0.643221056047124	18	112	125	0.526595744680851	2.12204028768387	"AD"	7	33.3333333333333
"ECK120004089"	"yggT"	"+"	3093842	3094408	567	"M-C2h"	27	2.46786854156856	4	168	0	1	-Inf	"SD"	NA	NA
"ECK120004090"	"yggU"	"+"	3094405	3094695	291	"M-C2h"	3	0.534280818277729	0	0	0	0.288659793814433	-Inf	"SD"	NA	NA
"ECK120004091"	"rdgB"	"+"	3094703	3095296	594	"M-C2h"	5	0.436239388661108	1	76	0	0.314814814814815	-Inf	"SD"	3	14.2857142857143
"ECK120004093"	"yggX"	"+"	3102115	3102390	276	"M-C2h"	130	24.4104388350803	0	0	0	1	-Inf	"SD"	5	45.4545454545455
"ECK120004094"	"mltC"	"+"	3102455	3103534	1080	"M-C2h"	15	0.719794991290829	6	106	0	0.530555555555556	-Inf	"SD"	NA	NA
"ECK120004097"	"yghE"	"-"	3109150	3110010	861	"M-C2h"	0	0	6	192	0	0	NA	"NO"	NA	NA
"ECK120004098"	"yghF"	"-"	3110076	3110942	867	"M-C2h"	0	0	1	100	0	0	NA	"NO"	NA	NA
"ECK120004099"	"yghG"	"-"	3111089	3111499	411	"M-C2h"	0	0	0	0	0	0	NA	"NO"	NA	NA
"ECK120004100"	"pppA"	"-"	3111565	3112374	810	"M-C2h"	1	0	2	100	0	0.0506172839506173	NA	"NO"	NA	NA
"ECK120004101"	"yghJ"	"-"	3112572	3117134	4563	"M-C2h"	104	1.18120203699008	1	38	0	0.566951566951567	-Inf	"SD"	15	8.98203592814371
"ECK120004102"	"glcA"	"-"	3117619	3119301	1683	"M-C2h"	17	0.52348726639333	3	121	0	0.312537136066548	-Inf	"SD"	NA	NA
"ECK120004103"	"glcG"	"-"	3121849	3122253	405	"M-C2h"	142	18.1708246690307	0	0	0	1	-Inf	"SD"	10	71.4285714285714
"ECK120004104"	"glcE"	"-"	3123492	3124544	1053	"M-C2h"	48	2.36240407398016	0	0	0	0.775878442545109	-Inf	"SD"	NA	NA
"ECK120004110"	"yghR"	"-"	3130476	3131234	759	"M-C2h"	1	0	0	0	0	0.100131752305665	NA	"NO"	NA	NA
"ECK120004114"	"hybO"	"-"	3143165	3144283	1119	"M-C2h"	113	5.23346921281696	0	0	0	0.98302055406613	-Inf	"SD"	1	2.5
"ECK120004115"	"yghW"	"-"	3144472	3144759	288	"M-C2h"	11	1.97943622604978	0	0	0	0.732638888888889	-Inf	"SD"	NA	NA
"ECK120004116"	"yghX_1"	"-"	3144878	3145288	411	"M-C2h"	12	1.51314567512233	0	0	0	0.70316301703163	-Inf	"SD"	NA	NA
"ECK120004124"	"dkgA"	"+"	3154645	3155472	828	"M-C2h"	106	6.63463209363721	1	76	0	1	-Inf	"SD"	3	9.67741935483871
"ECK120004125"	"yqhG"	"+"	3155672	3156598	927	"M-C2h"	5	0	0	0	0	0.229773462783172	NA	"NO"	NA	NA
"ECK120004128"	"ygiS"	"-"	3164133	3165740	1608	"M-C2h"	30	0.966888794271263	5	100	0	0.526119402985075	-Inf	"SD"	7	11.4754098360656
"ECK120004129"	"mqsA"	"-"	3165873	3166268	396	"M-C2h"	1273	166.599822529677	0	0	0	1	-Inf	"SD"	NA	NA
"ECK120004130"	"mqsR"	"-"	3166270	3166566	297	"M-C2h"	1795	313.219881058676	0	0	0	1	-Inf	"SD"	NA	NA
"ECK120004131"	"ygiV"	"-"	3166771	3167253	483	"M-C2h"	5	0.536493161210556	2	119	0	0.587991718426501	-Inf	"SD"	NA	NA
"ECK120004135"	"yqiA"	"-"	3173447	3174028	582	"M-C2h"	109	9.7061015320454	1	76	0	0.982817869415808	-Inf	"SD"	NA	NA
"ECK120004136"	"cpdA"	"-"	3174028	3174855	828	"M-C2h"	783	49.0086502765843	0	0	0	1	-Inf	"SD"	2	6.45161290322581
"ECK120004137"	"yqiB"	"-"	3174880	3175302	423	"M-C2h"	587	71.9182399808879	5	152	0	0.905437352245863	-Inf	"SD"	NA	NA
"ECK120004139"	"insC-5"	"+"	3184164	3184574	411	"M-C2h"	0	0	0	0	0	0	NA	"NO"	NA	NA
"ECK120004140"	"insD-5"	"+"	3184532	3185437	906	"M-C2h"	1	0	0	0	0	0.0198675496688742	NA	"NO"	NA	NA
"ECK120004141"	"yqiG"	"+"	3185422	3187887	2466	"M-C2h"	5	0	3	102	0	0.126115166261152	NA	"NO"	NA	NA
"ECK120004142"	"yqiH"	"+"	3187903	3188652	750	"M-C2h"	0	0	1	70	0	0	NA	"NO"	NA	NA
"ECK120004145"	"yqiK"	"+"	3190886	3192547	1662	"M-C2h"	18	0.561284180934365	0	0	0	0.380264741275572	-Inf	"SD"	NA	NA
"ECK120004152"	"ygjJ"	"+"	3225823	3226893	1071	"M-C2h"	0	0	0	0	0	0	NA	"NO"	NA	NA
"ECK120004153"	"ygjK"	"+"	3226910	3229261	2352	"M-C2h"	10	0	9	168	47.6190476190476	0.238945578231293	Inf	"AD"	NA	NA
"ECK120004155"	"higB"	"-"	3232163	3232477	315	"M-C2h"	26	4.2776388053855	0	0	0	0.679365079365079	-Inf	"SD"	NA	NA
"ECK120004158"	"ygjQ"	"+"	3234562	3235254	693	"M-C2h"	4	0	3	148	0	0.246753246753247	NA	"NO"	NA	NA
"ECK120004159"	"ygjR"	"+"	3235315	3236319	1005	"M-C2h"	639	32.9515701087646	4	151	0	1	-Inf	"SD"	1	2.77777777777778
"ECK120004160"	"alx"	"+"	3236602	3237567	966	"M-C2h"	5	0.268246580605278	0	0	0	0.269151138716356	-Inf	"SD"	NA	NA
"ECK120004162"	"yqjA"	"+"	3245795	3246457	663	"M-C2h"	145	11.3343283696474	0	0	0	0.962292609351433	-Inf	"SD"	NA	NA
"ECK120004163"	"mzrA"	"+"	3246461	3246844	384	"M-C2h"	24	3.23907746080873	7	151	46.3576158940397	0.677083333333333	-1.21015614265732	"SD"	NA	NA
"ECK120004164"	"yqjC"	"+"	3246991	3247359	369	"M-C2h"	213	29.9153820770627	0	0	0	1	-Inf	"SD"	NA	NA
"ECK120004165"	"yqjD"	"+"	3247397	3247702	306	"M-C2h"	403	68.2535015271068	0	0	0	1	-Inf	"SD"	NA	NA
"ECK120004166"	"yqjE"	"+"	3247705	3248109	405	"M-C2h"	132	16.8911891289581	0	0	0	1	-Inf	"SD"	NA	NA
"ECK120004167"	"yqjK"	"+"	3248099	3248398	300	"M-C2h"	112	19.3480893658975	0	0	0	0.883333333333333	-Inf	"SD"	NA	NA
"ECK120004168"	"yqjF"	"+"	3248584	3248976	393	"M-C2h"	3	0.395612514297249	2	104	0	0.274809160305344	-Inf	"SD"	NA	NA
"ECK120004169"	"yqjG"	"+"	3249046	3250032	987	"M-C2h"	19	0.997648984889416	1	76	0	0.492401215805471	-Inf	"SD"	0	0
"ECK120004170"	"yhaH"	"+"	3250326	3250691	366	"M-C2h"	303	42.9045014480894	0	0	0	1	-Inf	"SD"	NA	NA
"ECK120004176"	"tdcG"	"-"	3256307	3257671	1365	"M-C2h"	667	25.3241279573266	0	0	0	0.752380952380952	-Inf	"SD"	NA	NA
"ECK120004177"	"tdcF"	"-"	3257743	3258132	390	"M-C2h"	177	23.5206855615649	0	0	0	1	-Inf	"SD"	5	35.7142857142857
"ECK120004178"	"tdcE"	"-"	3258146	3260440	2295	"M-C2h"	98	2.21301675753729	1	38	0	0.637908496732026	-Inf	"SD"	21	24.4186046511628
"ECK120004182"	"agaV"	"+"	3278239	3278712	474	"M-C2h"	31	3.38941438936947	0	0	0	0.80379746835443	-Inf	"SD"	NA	NA
"ECK120004183"	"agaW"	"+"	3278723	3279124	402	"M-C2h"	19	2.44945161215387	0	0	0	0.987562189054726	-Inf	"SD"	NA	NA
"ECK120004184"	"agaS"	"+"	3279998	3281152	1155	"M-C2h"	5	0	4	79	0	0.222510822510823	NA	"NO"	NA	NA
"ECK120004185"	"agaD"	"+"	3283500	3284291	792	"M-C2h"	4	0	0	0	0	0.241161616161616	NA	"NO"	NA	NA
"ECK120004186"	"agaI"	"+"	3284292	3285047	756	"M-C2h"	0	0	0	0	0	0	NA	"NO"	NA	NA
"ECK120004187"	"yraH"	"+"	3285448	3286032	585	"M-C2h"	1	0	1	59	0	0.12991452991453	NA	"NO"	NA	NA
"ECK120004188"	"yraI"	"+"	3286112	3286807	696	"M-C2h"	0	0	1	57	0	0	NA	"NO"	NA	NA
"ECK120004193"	"yraN"	"+"	3293416	3293811	396	"M-C2h"	57	7.45969354610495	0	0	0	0.631313131313131	-Inf	"SD"	NA	NA
"ECK120004203"	"yhbV"	"+"	3300511	3301389	879	"M-C2h"	8	0	1	78	0	0.229806598407281	NA	"NO"	NA	NA
"ECK120004207"	"ibaG"	"-"	3334571	3334825	255	"M-C2h"	11	2.23559856118563	1	39	0	0.96078431372549	-Inf	"SD"	NA	NA
"ECK120004208"	"mlaB"	"-"	3334985	3335278	294	"M-C2h"	73	12.868171681036	0	0	0	1	-Inf	"SD"	NA	NA
"ECK120004209"	"mlaC"	"-"	3335278	3335913	636	"M-C2h"	277	22.5716844438747	2	71	0	1	-Inf	"SD"	11	45.8333333333333
"ECK120004210"	"kdsD"	"+"	3339288	3340274	987	"M-C2h"	76	3.99059593955767	2	78	0	0.981762917933131	-Inf	"SD"	1	2.85714285714286
"ECK120004211"	"kdsC"	"+"	3340295	3340861	567	"M-C2h"	48	4.38732185167743	1	47	0	1	-Inf	"SD"	5	25
"ECK120004212"	"lptC"	"+"	3340858	3341433	576	"M-C2h"	72	6.47815492161746	1	35	0	0.967013888888889	-Inf	"SD"	2	9.09090909090909
"ECK120004213"	"lptA"	"+"	3341402	3341959	558	"M-C2h"	111	10.3093218107461	0	0	0	1	-Inf	"SD"	2	10
"ECK120004217"	"yhcD"	"+"	3360829	3363210	2382	"M-C2h"	14	0.304598384223827	10	149	0	0.26448362720403	-Inf	"SD"	NA	NA
"ECK120004223"	"nanK"	"-"	3367497	3368372	876	"M-C2h"	25	1.47903080402225	0	0	0	0.648401826484018	-Inf	"SD"	2	6.66666666666667
"ECK120004224"	"nanE"	"-"	3368369	3369058	690	"M-C2h"	39	2.92925266020963	0	0	0	0.918840579710145	-Inf	"SD"	5	20.8333333333333
"ECK120004229"	"degQ"	"+"	3378765	3380132	1368	"M-C2h"	140	5.30375256740611	1	76	0	0.968567251461988	-Inf	"SD"	6	12.7659574468085
"ECK120004232"	"aaeB"	"-"	3384243	3386210	1968	"M-C2h"	8	0	5	84	0	0.233739837398374	NA	"NO"	NA	NA
"ECK120004233"	"aaeA"	"-"	3386216	3387148	933	"M-C2h"	13	0.722109444639031	1	36	0	0.32583065380493	-Inf	"SD"	NA	NA
"ECK120004237"	"yhdP"	"-"	3390480	3394280	3801	"M-C2h"	107	1.45890571241898	9	141	0	0.745067087608524	-Inf	"SD"	5	3.59712230215827
"ECK120004239"	"yhdT"	"+"	3405397	3405639	243	"M-C2h"	2	0.426545180024195	1	76	0	0.539094650205761	-Inf	"SD"	NA	NA
"ECK120004241"	"yhdV"	"+"	3416412	3416633	222	"M-C2h"	8	1.86757619361945	0	0	0	0.842342342342342	-Inf	"SD"	NA	NA
"ECK120004244"	"tsaC"	"-"	3428865	3429437	573	"M-C2h"	17	1.53757254684114	1	76	0	0.584642233856894	-Inf	"SD"	5	23.8095238095238
"ECK120004245"	"yrdD"	"-"	3429442	3429984	543	"M-C2h"	285	27.2010924885595	2	69	0	0.987108655616943	-Inf	"SD"	NA	NA
"ECK120004248"	"gspD"	"+"	3454399	3456351	1953	"M-C2h"	9	0	13	170	35.2941176470588	0.176651305683564	Inf	"AD"	NA	NA
"ECK120004249"	"gspE"	"+"	3456361	3457842	1482	"M-C2h"	4	0	5	76	0	0.0958164642375169	NA	"NO"	NA	NA
"ECK120004250"	"gspF"	"+"	3457839	3459035	1197	"M-C2h"	5	0	2	101	0	0.184628237259816	NA	"NO"	NA	NA
"ECK120004251"	"gspG"	"+"	3459045	3459482	438	"M-C2h"	4	0	1	76	0	0.230593607305936	NA	"NO"	NA	NA
"ECK120004252"	"gspH"	"+"	3459490	3459999	510	"M-C2h"	4	0.406472465670115	1	40	0	0.276470588235294	-Inf	"SD"	NA	NA
"ECK120004253"	"gspI"	"+"	3459996	3460373	378	"M-C2h"	1	0	0	0	0	0.201058201058201	NA	"NO"	NA	NA
"ECK120004254"	"gspJ"	"+"	3460366	3460953	588	"M-C2h"	1	0	5	75	0	0.0952380952380952	NA	"NO"	NA	NA
"ECK120004255"	"gspK"	"+"	3460946	3461929	984	"M-C2h"	3	0	8	138	0	0.190040650406504	NA	"NO"	NA	NA
"ECK120004256"	"gspL"	"+"	3461944	3463107	1164	"M-C2h"	20	0.890468030462881	3	166	0	0.414948453608247	-Inf	"SD"	NA	NA
"ECK120004257"	"tusB"	"-"	3472700	3472987	288	"M-C2h"	19	3.41902620863144	3	159	0	0.680555555555556	-Inf	"SD"	NA	NA
"ECK120004258"	"tusC"	"-"	3472995	3473354	360	"M-C2h"	1	0	0	0	0	0.172222222222222	NA	"NO"	NA	NA
"ECK120004259"	"tusD"	"-"	3473354	3473740	387	"M-C2h"	10	1.33915347216898	0	0	0	0.834625322997416	-Inf	"SD"	NA	NA
"ECK120004260"	"yheO"	"-"	3473740	3474462	723	"M-C2h"	23	1.64865906718895	0	0	0	0.767634854771784	-Inf	"SD"	2	7.40740740740741
"ECK120004263"	"yheT"	"+"	3481224	3482246	1023	"M-C2h"	6	0.303960348228385	1	54	0	0.284457478005865	-Inf	"SD"	NA	NA
"ECK120004264"	"yheU"	"+"	3482240	3482458	219	"M-C2h"	88	20.8247537206333	0	0	0	0.812785388127854	-Inf	"SD"	NA	NA
"ECK120004266"	"yhfL"	"+"	3497470	3497637	168	"M-C2h"	5	1.54241783848035	0	0	0	1	-Inf	"SD"	NA	NA
"ECK120004267"	"frlB"	"+"	3499290	3500312	1023	"M-C2h"	18	0.911881044685156	0	0	0	0.651026392961877	-Inf	"SD"	NA	NA
"ECK120004268"	"frlC"	"+"	3500362	3501192	831	"M-C2h"	11	0.686013998919779	0	0	0	0.405535499398315	-Inf	"SD"	NA	NA
"ECK120004269"	"frlD"	"+"	3501189	3501974	786	"M-C2h"	17	1.12090212384221	0	0	0	0.697201017811705	-Inf	"SD"	NA	NA
"ECK120004272"	"yhfT"	"-"	3504054	3505358	1305	"M-C2h"	6	0	1	48	0	0.248275862068966	NA	"NO"	NA	NA
"ECK120004273"	"yhfU"	"-"	3505370	3505723	354	"M-C2h"	2	0.292797962558981	0	0	0	0.268361581920904	-Inf	"SD"	NA	NA
"ECK120004274"	"php"	"-"	3505734	3506612	879	"M-C2h"	4	0	1	70	0	0.197952218430034	NA	"NO"	NA	NA
"ECK120004275"	"yhfW"	"-"	3506609	3507835	1227	"M-C2h"	2	0	2	158	0	0.0578647106764466	NA	"NO"	NA	NA
"ECK120004276"	"yhfX"	"-"	3507835	3508998	1164	"M-C2h"	3	0	0	0	0	0.187285223367698	NA	"NO"	NA	NA
"ECK120004277"	"yhfY"	"-"	3509082	3509444	363	"M-C2h"	20	2.85538508941816	0	0	0	0.964187327823691	-Inf	"SD"	NA	NA
"ECK120004278"	"yhfZ"	"-"	3509461	3510366	906	"M-C2h"	74	4.23296657129971	0	0	0	0.962472406181015	-Inf	"SD"	NA	NA
"ECK120004279"	"hofP"	"-"	3518637	3519041	405	"M-C2h"	5	0.639817770036292	0	0	0	0.607407407407407	-Inf	"SD"	NA	NA
"ECK120004280"	"hofO"	"-"	3519031	3519471	441	"M-C2h"	0	0	0	0	0	0	NA	"NO"	NA	NA
"ECK120004281"	"hofN"	"-"	3519455	3519994	540	"M-C2h"	0	0	0	0	0	0	NA	"NO"	NA	NA
"ECK120004285"	"yrfG"	"+"	3526691	3527359	669	"M-C2h"	42	3.25360247184375	0	0	0	0.68609865470852	-Inf	"SD"	NA	NA
"ECK120004286"	"hslR"	"+"	3527370	3527771	402	"M-C2h"	68	8.76645840139278	0	0	0	1	-Inf	"SD"	1	6.66666666666667
"ECK120004289"	"yhgF"	"+"	3535407	3537728	2322	"M-C2h"	7	0	2	63	0	0.170111972437554	NA	"NO"	17	20
"ECK120004291"	"nfuA"	"+"	3543646	3544221	576	"M-C2h"	509	45.796956320879	0	0	0	1	-Inf	"SD"	5	23.8095238095238
"ECK120004296"	"yhhW"	"-"	3576973	3577668	696	"M-C2h"	109	8.11630903972762	10	311	28.9389067524116	0.96551724137931	-2.17282689220081	"SD"	4	15.3846153846154
"ECK120004297"	"yhhX"	"-"	3577791	3578828	1038	"M-C2h"	300	14.9783928823525	1	73	0	1	-Inf	"SD"	6	15.3846153846154
"ECK120004299"	"yhhZ"	"+"	3579886	3581064	1179	"M-C2h"	1	0	1	37	0	0.0644614079728583	NA	"NO"	NA	NA
"ECK120004300"	"yrhA"	"+"	3581064	3581477	414	"M-C2h"	0	0	0	0	0	0	NA	"NO"	NA	NA
"ECK120004301"	"insA-6"	"+"	3581506	3581781	276	"M-C2h"	0	0	0	0	0	0	NA	"NO"	NA	NA
"ECK120004302"	"insB-6"	"+"	3581700	3582203	504	"M-C2h"	0	0	0	0	0	0	NA	"NO"	NA	NA
"ECK120004307"	"insK"	"+"	3719177	3720072	896	"M-C2h"	5	0.289203344715065	9	87	80.4597701149425	0.399553571428571	2.27527068451292	"AD"	NA	NA
"ECK120004311"	"rffT"	"+"	3975548	3976627	1080	"M-C2h"	48	2.30334397213065	1	76	0	0.706481481481481	-Inf	"SD"	NA	NA
"ECK120004314"	"tatA"	"+"	4019968	4020237	270	"M-C2h"	269	51.6332940419288	0	0	0	1	-Inf	"SD"	1	10
"ECK120004315"	"tatB"	"+"	4020241	4020756	516	"M-C2h"	99	9.94321453085471	0	0	0	0.953488372093023	-Inf	"SD"	2	11.1111111111111
"ECK120004320"	"phnE_2"	"-"	4320466	4320834	369	"M-C2h"	0	0	9	269	33.457249070632	0	Inf	"AD"	NA	NA
"ECK120004321"	"yjcZ"	"+"	4327383	4328261	879	"M-C2h"	39	2.2994133510178	0	0	0	0.838452787258248	-Inf	"SD"	3	9.09090909090909
"ECK120004323"	"dcuR"	"-"	4347338	4348057	720	"M-C2h"	29	2.0874054747434	8	175	0	0.675	-Inf	"SD"	0	0
"ECK120004326"	"yjdJ"	"+"	4350108	4350380	273	"M-C2h"	12	2.27803249990944	0	0	0	0.912087912087912	-Inf	"SD"	NA	NA
"ECK120004327"	"ghoS"	"+"	4350607	4350903	297	"M-C2h"	0	0	0	0	0	0	NA	"NO"	NA	NA
"ECK120004334"	"yjeN"	"+"	4383416	4383730	315	"M-C2h"	1	0	1	100	0	0.228571428571429	NA	"NO"	NA	NA
"ECK120004340"	"yjeT"	"+"	4402409	4402606	198	"M-C2h"	9	2.35569269876999	0	0	0	0.94949494949495	-Inf	"SD"	NA	NA
"ECK120004341"	"rlmB"	"+"	4407298	4408029	732	"M-C2h"	46	3.25677733764375	0	0	0	0.872950819672131	-Inf	"SD"	5	18.5185185185185
"ECK120004342"	"yjfI"	"+"	4408156	4408557	402	"M-C2h"	2	0.25783701180567	0	0	0	0.27363184079602	-Inf	"SD"	NA	NA
"ECK120004343"	"yjfJ"	"+"	4408576	4409274	699	"M-C2h"	2	0	0	0	0	0.103004291845494	NA	"NO"	NA	NA
"ECK120004344"	"yjfK"	"+"	4409325	4409984	660	"M-C2h"	0	0	1	60	0	0	NA	"NO"	NA	NA
"ECK120004345"	"yjfL"	"+"	4410002	4410400	399	"M-C2h"	0	0	0	0	0	0	NA	"NO"	NA	NA
"ECK120004346"	"yjfM"	"+"	4410410	4411048	639	"M-C2h"	0	0	0	0	0	0	NA	"NO"	NA	NA
"ECK120004353"	"ulaD"	"+"	4420209	4420859	651	"M-C2h"	41	3.26395516788099	0	0	0	0.705069124423963	-Inf	"SD"	NA	NA
"ECK120004354"	"ulaE"	"+"	4420869	4421723	855	"M-C2h"	25	1.51535787640174	0	0	0	0.636257309941521	-Inf	"SD"	NA	NA
"ECK120004362"	"ytfF"	"-"	4430114	4431088	975	"M-C2h"	13	0.691003191639196	0	0	0	0.567179487179487	-Inf	"SD"	NA	NA
"ECK120004378"	"tabA"	"+"	4472885	4473337	453	"M-C2h"	84	9.60997816186961	0	0	0	1	-Inf	"SD"	8	47.0588235294118
"ECK120004386"	"idnR"	"-"	4488164	4489162	999	"M-C2h"	22	1.14129656276744	13	171	76.0233918128655	0.342342342342342	1.18783790258129	"AD"	NA	NA
"ECK120004387"	"idnO"	"-"	4490610	4491374	765	"M-C2h"	15	1.01618116417529	0	0	0	0.525490196078431	-Inf	"SD"	3	10.7142857142857
"ECK120004389"	"insC-6"	"+"	4496250	4496660	411	"M-C2h"	0	0	0	0	0	0	NA	"NO"	NA	NA
"ECK120004396"	"yjhC"	"+"	4503310	4504428	1119	"M-C2h"	10	0	0	0	0	0.213583556747096	NA	"NO"	4	9.75609756097561
"ECK120004405"	"yjhG"	"-"	4520150	4522117	1968	"M-C2h"	62	1.63270571195237	21	358	33.5195530726257	0.72510162601626	0.555769630958596	"AD"	NA	NA
"ECK120004406"	"yjhH"	"-"	4522128	4523033	906	"M-C2h"	40	2.28809003854038	5	260	0	0.789183222958057	-Inf	"SD"	1	3.03030303030303
"ECK120004407"	"yjhI"	"-"	4523038	4523826	789	"M-C2h"	55	3.61265927187792	0	0	0	0.820025348542459	-Inf	"SD"	NA	NA
"ECK120004408"	"sgcR"	"-"	4524129	4524911	783	"M-C2h"	59	3.90509466539392	15	198	75.7575757575758	0.813537675606641	-0.380395021177204	"SD"	NA	NA
"ECK120004409"	"sgcE"	"-"	4524928	4525560	633	"M-C2h"	144	11.7896279142232	0	0	0	0.968404423380727	-Inf	"SD"	NA	NA
"ECK120004410"	"sgcQ"	"-"	4526134	4526940	807	"M-C2h"	148	9.50450486641273	127	244	512.295081967213	1	1.39524471759599	"AD"	NA	NA
"ECK120004411"	"yjhP"	"-"	4530460	4531206	747	"M-C2h"	16	1.11004528777381	1	61	0	0.63186077643909	-Inf	"SD"	NA	NA
"ECK120004412"	"yjhQ"	"-"	4531262	4531807	546	"M-C2h"	11	1.04409822912516	0	0	0	0.43040293040293	-Inf	"SD"	NA	NA
"ECK120004415"	"nanM"	"-"	4535682	4536788	1107	"M-C2h"	44	2.05990111328757	0	0	0	0.755194218608853	-Inf	"SD"	2	5
"ECK120004420"	"iadA"	"-"	4556377	4557549	1173	"M-C2h"	13	0.574363266707771	1	35	0	0.40153452685422	-Inf	"SD"	11	26.8292682926829
"ECK120004421"	"yjiG"	"-"	4557562	4558023	462	"M-C2h"	2	0	1	76	0	0.0887445887445888	NA	"NO"	NA	NA
"ECK120004425"	"yjiK"	"-"	4560766	4561734	969	"M-C2h"	0	0	2	76	0	0	NA	"NO"	NA	NA
"ECK120004426"	"yjiL"	"-"	4561945	4562712	768	"M-C2h"	5	0.337403902167576	1	55	0	0.36328125	-Inf	"SD"	NA	NA
"ECK120004427"	"yjiM"	"-"	4562722	4563873	1152	"M-C2h"	44	1.97943622604978	3	109	0	0.801215277777778	-Inf	"SD"	NA	NA
"ECK120004428"	"yjiN"	"-"	4563989	4565269	1281	"M-C2h"	5	0	1	65	0	0.21935987509758	NA	"NO"	NA	NA
"ECK120004433"	"yjiT"	"+"	4570437	4571954	1518	"M-C2h"	49	1.67288322086564	1	100	0	0.715415019762846	-Inf	"SD"	NA	NA
"ECK120004434"	"symE"	"-"	4577522	4577863	342	"M-C2h"	4	0.606143150560698	0	0	0	0.432748538011696	-Inf	"SD"	NA	NA
"ECK120004435"	"yjiX"	"-"	4586899	4587102	204	"M-C2h"	48	12.1941739701035	1	45	0	0.901960784313726	-Inf	"SD"	NA	NA
"ECK120004444"	"yjjU"	"+"	4610434	4611507	1074	"M-C2h"	10	0.482544128239662	1	59	0	0.381750465549348	-Inf	"SD"	NA	NA
"ECK120004450"	"cysT"	"-"	1989938	1990011	74	"M-C2h"	556	389.389636369655	0	0	0	1	-Inf	"SD"	NA	NA
"ECK120004454"	""	"+"	732593	732814	222	"M-C2h"	4	0.933788096809724	0	0	0	0.837837837837838	-Inf	"SD"	NA	NA
"ECK120004455"	"ydbA_2"	"+"	1468714	1472037	3324	"M-C2h"	385	6.00262249054807	4	35	0	0.818291215403129	-Inf	"SD"	NA	NA
"ECK120004458"	"molR_2"	"+"	2195432	2197369	1938	"M-C2h"	3	0	5	169	0	0.0753353973168215	NA	"NO"	NA	NA
"ECK120004459"	"molR_3"	"+"	2197344	2198291	948	"M-C2h"	0	0	0	0	0	0	NA	"NO"	NA	NA
"ECK120004461"	"ilvG_1"	"+"	3948583	3949566	984	"M-C2h"	460	24.2272460483255	0	0	0	1	-Inf	"SD"	NA	NA
"ECK120004465"	"dgoD"	"-"	3869873	3871021	1149	"M-C2h"	25	1.12761617434595	0	0	0	0.738033072236728	-Inf	"SD"	NA	NA
"ECK120004466"	"rpe"	"-"	3512404	3513081	678	"M-C2h"	89	6.80301814777527	2	66	0	0.976401179941003	-Inf	"SD"	16	64
"ECK120004467"	"thiM"	"-"	2182535	2183323	789	"M-C2h"	8	0.525477712273153	0	0	0	0.277566539923954	-Inf	"SD"	1	3.7037037037037
"ECK120004470"	"mhpB"	"+"	369501	370445	945	"M-C2h"	5	0	0	0	0	0.177777777777778	NA	"NO"	NA	NA
"ECK120004471"	"mhpC"	"+"	370463	371329	867	"M-C2h"	3	0	0	0	0	0.175317185697809	NA	"NO"	NA	NA
"ECK120004472"	"mhpD"	"+"	371339	372148	810	"M-C2h"	3	0.191945331010888	0	0	0	0.27037037037037	-Inf	"SD"	NA	NA
"ECK120004473"	"mhpF"	"+"	372145	373095	951	"M-C2h"	12	0.653946238144349	0	0	0	0.399579390115668	-Inf	"SD"	NA	NA
"ECK120004474"	"hcaF"	"+"	2668412	2668930	519	"M-C2h"	1	0	2	169	0	0.0944123314065511	NA	"NO"	NA	NA
"ECK120004475"	"ruvA"	"-"	1943389	1944000	612	"M-C2h"	122	10.3311751691154	0	0	0	1	-Inf	"SD"	0	0
"ECK120015144"	"sgcB"	"-"	4528278	4528556	279	"M-C2h"	159	29.5348138361914	2	110	0	1	-Inf	"SD"	NA	NA
"ECK120015304"	"ymgF"	"+"	1218206	1218424	219	"M-C2h"	1	0.23664492864356	0	0	0	0.319634703196347	-Inf	"SD"	NA	NA
"ECK120016284"	"ykfH"	"-"	263250	263471	222	"M-C2h"	0	0	0	0	0	0	NA	"NO"	NA	NA
"ECK120016285"	"ykgN"	"-"	279248	279586	339	"M-C2h"	57	8.71397830164472	1	102	0	1	-Inf	"SD"	NA	NA
"ECK120016287"	"ylcG"	"+"	572953	573093	141	"M-C2h"	0	0	0	0	0	0	NA	"NO"	NA	NA
"ECK120016289"	"ybdZ"	"+"	613165	613383	219	"M-C2h"	0	0	0	0	0	0	NA	"NO"	NA	NA
"ECK120016292"	"ybfQ"	"+"	735668	735922	255	"M-C2h"	0	0	0	0	0	0	NA	"NO"	NA	NA
"ECK120016293"	"cydX"	"+"	773419	773532	114	"M-C2h"	732	332.772589657823	0	0	0	1	-Inf	"SD"	NA	NA
"ECK120016296"	"ymgH"	"+"	1222688	1222909	222	"M-C2h"	0	0	0	0	0	0	NA	"NO"	NA	NA
"ECK120016297"	"ymjB"	"+"	1379813	1379926	114	"M-C2h"	0	0	0	0	0	0	NA	"NO"	NA	NA
"ECK120016301"	"rzoR"	"+"	1421424	1421609	186	"M-C2h"	0	0	0	0	0	0	NA	"NO"	NA	NA
"ECK120016310"	"yehK"	"+"	2201994	2202311	318	"M-C2h"	0	0	0	0	0	0	NA	"NO"	NA	NA
"ECK120016312"	"arnE"	"+"	2370579	2370914	336	"M-C2h"	2	0	0	0	0	0.0238095238095238	NA	"NO"	NA	NA
"ECK120016313"	"ypdJ"	"+"	2474116	2474256	141	"M-C2h"	1	0.367554889169785	4	88	0	0.411347517730496	-Inf	"SD"	NA	NA
"ECK120016316"	"ypjJ"	"+"	2774899	2775099	201	"M-C2h"	1	0.25783701180567	0	0	0	0.293532338308458	-Inf	"SD"	NA	NA
"ECK120016318"	"yheV"	"-"	3476614	3476814	201	"M-C2h"	116	29.9090933694577	0	0	0	1	-Inf	"SD"	NA	NA
"ECK120016322"	"yidD"	"+"	3882839	3883096	258	"M-C2h"	4	0.80349208330139	1	76	0	0.550387596899225	-Inf	"SD"	NA	NA
"ECK120016323"	"yifL"	"+"	3992545	3992748	204	"M-C2h"	117	29.7232990521272	1	76	0	1	-Inf	"SD"	NA	NA
"ECK120016327"	"ytjA"	"+"	4610133	4610312	180	"M-C2h"	29	8.34962189897361	0	0	0	1	-Inf	"SD"	NA	NA
"ECK120016545"	"efeU_2"	"+"	1080677	1081408	732	"M-C2h"	3	0	0	0	0	0.237704918032787	NA	"NO"	NA	NA
"ECK120016922"	"ymiA"	"+"	1333184	1333312	129	"M-C2h"	133	53.4322235395425	0	0	0	1	-Inf	"SD"	NA	NA
"ECK120016923"	"yciX"	"+"	1333315	1333482	168	"M-C2h"	184	56.7609764560768	2	77	0	1	-Inf	"SD"	NA	NA
"ECK120016925"	"yjhW"	"+"	4507574	4507816	243	"M-C2h"	5	1.06636295006049	0	0	0	0.699588477366255	-Inf	"SD"	NA	NA
"ECK120023909"	"insEF-3"	"+"	566056	567227	1172	"M-C2h"	0	0	0	0	0	0	NA	"NO"	NA	NA
"ECK120023913"	"insAB-2"	"-"	278402	279099	698	"M-C2h"	0	0	0	0	0	0	NA	"NO"	NA	NA
"ECK120023915"	"insAB-5"	"-"	1976542	1977239	698	"M-C2h"	0	0	0	0	0	0	NA	"NO"	NA	NA
"ECK120023916"	"insAB-6"	"+"	3581506	3582203	698	"M-C2h"	0	0	0	0	0	0	NA	"NO"	NA	NA
"ECK120023920"	"insCD-4"	"-"	2994394	2995667	1274	"M-C2h"	0	0	0	0	0	0	NA	"NO"	NA	NA
"ECK120023921"	"insCD-5"	"+"	3184164	3185437	1274	"M-C2h"	1	0	0	0	0	0.0141287284144427	NA	"NO"	NA	NA
"ECK120026444"	"yahH"	"+"	339017	339313	297	"M-C2h"	0	0	0	0	0	0	NA	"NO"	NA	NA
"ECK120026445"	"ylbE_1"	"+"	547581	547841	261	"M-C2h"	3	0.595692406585513	0	0	0	0.459770114942529	-Inf	"SD"	NA	NA
"ECK120026451"	"wbbL_2"	"-"	2099420	2099701	282	"M-C2h"	3	0	1	44	0	0.152482269503546	NA	"NO"	NA	NA
"ECK120026454"	"yrhC"	"+"	3621910	3622155	246	"M-C2h"	0	0	0	0	0	0	NA	"NO"	NA	NA
"ECK120026458"	"insB-7_1"	"+"	4516744	4517037	294	"M-C2h"	0	0	0	0	0	0	NA	"NO"	NA	NA
"ECK120029856"	"uof"	"-"	709862	709948	87	"M-C2h"	77	45.8683153070845	0	0	0	1	-Inf	"SD"	NA	NA
"ECK120030068"	"ylcH"	"+"	571591	571692	102	"M-C2h"	1	0.508090582087644	0	0	0	0.333333333333333	-Inf	"SD"	NA	NA
"ECK120030072"	"appX"	"+"	1039668	1039760	93	"M-C2h"	8	4.45808510734965	0	0	0	1	-Inf	"SD"	NA	NA
"ECK120030075"	"yciZ"	"-"	1342460	1342633	174	"M-C2h"	120	35.7415443951308	0	0	0	0.867816091954023	-Inf	"SD"	NA	NA
"ECK120030077"	"ydgU"	"+"	1669801	1669884	84	"M-C2h"	0	0	31	185	167.567567567568	0	Inf	"AD"	NA	NA
"ECK120030086"	"yrhD"	"+"	3582427	3582582	156	"M-C2h"	0	0	0	0	0	0	NA	"NO"	NA	NA
"ECK120030091"	"ytcA"	"-"	4302151	4302426	276	"M-C2h"	0	0	0	0	0	0	NA	"NO"	NA	NA
"ECK120033231"	"ykfL"	"-"	265777	265998	222	"M-C2h"	0	0	1	67	0	0	NA	"NO"	NA	NA
"ECK120033232"	"ykfK"	"-"	266000	266191	192	"M-C2h"	0	0	1	99	0	0	NA	"NO"	NA	NA
"ECK120035075"	"ibsA"	"-"	2151373	2151432	60	"M-C2h"	5	4.31876994774497	112	291	384.879725085911	0.483333333333333	2.37480635806384	"AD"	NA	NA
"ECK120048853"	"ilvX"	"+"	3948530	3948580	51	"M-C2h"	177	179.864066059026	0	0	0	1	-Inf	"SD"	NA	NA
"ECK120048855"	"yoeI"	"-"	2085076	2085138	63	"M-C2h"	0	0	0	0	0	0	NA	"NO"	NA	NA
"ECK120048857"	"ymjD"	"-"	1388892	1388957	66	"M-C2h"	0	0	0	0	0	0	NA	"NO"	NA	NA
"ECK120048863"	"yrbN"	"-"	3305875	3305955	81	"M-C2h"	3	1.91945331010888	0	0	0	1	-Inf	"SD"	NA	NA
"ECK120048868"	"yqfG"	"+"	3030839	3030964	126	"M-C2h"	0	0	0	0	0	0	NA	"NO"	NA	NA
"ECK125121987"	"rpsP5"	"-"	2744205	2744454	250	"M-C2h"	94	19.4862900042253	0	0	0	1	-Inf	"SD"	NA	NA
"ECK125121997"	"fimA3"	"+"	4541230	4541277	48	"M-C2h"	162	174.910182883671	0	0	0	1	-Inf	"SD"	NA	NA
"ECK125121999"	"spy3"	"-"	1823084	1823131	48	"M-C2h"	320	345.501595819598	0	0	0	1	-Inf	"SD"	NA	NA
"ECK125122001"	"rpsI3"	"-"	3375389	3375473	85	"M-C2h"	52	31.704852322269	0	0	0	1	-Inf	"SD"	NA	NA
"ECK125122003"	"glnA3"	"-"	4054007	4054201	195	"M-C2h"	19	5.04963870813258	1	40	0	1	-Inf	"SD"	NA	NA
"ECK125122010"	"ryeF"	"-"	1956157	1956543	387	"M-C2h"	86	11.5167198606533	0	0	0	0.222222222222222	-Inf	"SD"	NA	NA
"ECK125135293"	""	"+"	1298697	1298951	255	"M-C2h"	46	9.34886671041265	0	0	0	0.956862745098039	-Inf	"SD"	NA	NA
"ECK125135299"	""	"-"	2276280	2276520	241	"M-C2h"	86	18.4936538841196	0	0	0	0.75103734439834	-Inf	"SD"	NA	NA
"ECK125135311"	""	"-"	4439248	4439353	106	"M-C2h"	2	0	0	0	0	0.10377358490566	NA	"NO"	NA	NA
"ECK125145757"	"esrE"	"+"	4018001	4018252	252	"M-C2h"	59	12.1336869960454	0	0	0	1	-Inf	"SD"	NA	NA
"ECK125146691"	"nc1"	"-"	296361	296528	168	"M-C2h"	0	0	9	109	82.5688073394495	0	Inf	"AD"	NA	NA
"ECK125158035"	"agrB"	"+"	3646317	3646400	84	"M-C2h"	11	6.78663848931353	0	0	0	0.892857142857143	-Inf	"SD"	NA	NA
