"RegDbId"	"Gene"	"Strand"	"Start"	"End"	"Length"	"Sample"	"mRNARaw"	"mRNATPM"	"asRNARaw"	"asRNALen"	"asRNARPK"	"mRNACoverage"	"Gamma"	"TrMode"	"PeptideRaw"	"NPPH"
"ECK120000001"	"alr"	"+"	4263805	4264884	1080	"M-C4h"	5	1.21116152554465	0	0	0	0.313888888888889	-Inf	"SD"	3	7.69230769230769
"ECK120000002"	"modB"	"+"	795085	795774	690	"M-C4h"	4	1.51658486676895	0	0	0	0.302898550724638	-Inf	"SD"	NA	NA
"ECK120000005"	"dcuB"	"-"	4345427	4346767	1341	"M-C4h"	1	0	0	0	0	0.0745712155108128	NA	"NO"	NA	NA
"ECK120000006"	"hisM"	"-"	2422539	2423255	717	"M-C4h"	6	2.1892124645828	0	0	0	0.517433751743375	-Inf	"SD"	NA	NA
"ECK120000008"	"rhsE"	"+"	1525914	1527962	2049	"M-C4h"	0	0	0	0	0	0	NA	"NO"	NA	NA
"ECK120000010"	"cydC"	"-"	926697	928418	1722	"M-C4h"	4	0	0	0	0	0.112078977932636	NA	"NO"	11	17.4603174603175
"ECK120000011"	"mepM"	"-"	1938337	1939659	1323	"M-C4h"	20	3.95481314463559	4	134	0	0.336356764928193	-Inf	"SD"	NA	NA
"ECK120000013"	"rodZ"	"-"	2639853	2640866	1014	"M-C4h"	13	3.35398576304672	0	0	0	0.587771203155819	-Inf	"SD"	4	11.1111111111111
"ECK120000014"	"garL"	"-"	3270809	3271579	771	"M-C4h"	7	2.37519614348056	0	0	0	0.479896238651102	-Inf	"SD"	15	55.5555555555556
"ECK120000019"	"aceA"	"+"	4215132	4216436	1305	"M-C4h"	61	12.2285549889474	0	0	0	0.983908045977012	-Inf	"SD"	125	260.416666666667
"ECK120000020"	"aceB"	"+"	4213501	4215102	1602	"M-C4h"	212	34.6201676515234	0	0	0	0.895131086142322	-Inf	"SD"	39	65
"ECK120000021"	"aceE"	"+"	123017	125680	2664	"M-C4h"	112	10.9986560157568	0	0	0	0.843093093093093	-Inf	"SD"	325	325
"ECK120000022"	"aceF"	"+"	125695	127587	1893	"M-C4h"	40	5.52796385668556	0	0	0	0.699947173798204	-Inf	"SD"	230	348.484848484848
"ECK120000026"	"ada"	"-"	2307363	2308427	1065	"M-C4h"	2	0	0	0	0	0.0516431924882629	NA	"NO"	NA	NA
"ECK120000029"	"adk"	"+"	496399	497043	645	"M-C4h"	1	0	0	0	0	0.0465116279069767	NA	"NO"	26	108.333333333333
"ECK120000031"	"alaS"	"-"	2817403	2820033	2631	"M-C4h"	8	0	0	0	0	0.240212846826302	NA	"NO"	72	75
"ECK120000033"	"puuC"	"+"	1360767	1362254	1488	"M-C4h"	0	0	0	0	0	0	NA	"NO"	NA	NA
"ECK120000034"	"alkB"	"-"	2306713	2307363	651	"M-C4h"	1	0	0	0	0	0.133640552995392	NA	"NO"	NA	NA
"ECK120000035"	"amn"	"+"	2053085	2054539	1455	"M-C4h"	10	0	0	0	0	0.220618556701031	NA	"NO"	7	12.962962962963
"ECK120000036"	"ampC"	"-"	4375834	4376967	1134	"M-C4h"	0	0	3	192	0	0	NA	"NO"	NA	NA
"ECK120000041"	"ansA"	"+"	1848884	1849900	1017	"M-C4h"	2	0	0	0	0	0.0501474926253687	NA	"NO"	4	10.8108108108108
"ECK120000042"	"ansB"	"-"	3097704	3098750	1047	"M-C4h"	4	0.999468536839137	1	100	0	0.263610315186246	-Inf	"SD"	39	105.405405405405
"ECK120000043"	"apaG"	"-"	51229	51606	378	"M-C4h"	1	0	0	0	0	0.0846560846560847	NA	"NO"	NA	NA
"ECK120000047"	"apt"	"+"	490636	491187	552	"M-C4h"	2	0	0	0	0	0.13768115942029	NA	"NO"	18	90
"ECK120000048"	"araA"	"-"	66835	68337	1503	"M-C4h"	2	0	0	0	0	0.0585495675316035	NA	"NO"	NA	NA
"ECK120000051"	"araD"	"-"	65855	66550	696	"M-C4h"	0	0	0	0	0	0	NA	"NO"	NA	NA
"ECK120000052"	"araE"	"-"	2978786	2980204	1419	"M-C4h"	4	0	4	104	0	0.126849894291755	NA	"NO"	NA	NA
"ECK120000054"	"araG"	"-"	1981579	1983093	1515	"M-C4h"	12	2.07216546152589	0	0	0	0.363696369636964	-Inf	"SD"	NA	NA
"ECK120000055"	"araH"	"-"	1980578	1981567	990	"M-C4h"	6	1.58552054253118	1	62	0	0.431313131313131	-Inf	"SD"	NA	NA
"ECK120000058"	"arcB"	"-"	3348711	3351047	2337	"M-C4h"	29	3.24634822251249	0	0	0	0.446726572528883	-Inf	"SD"	11	12.5
"ECK120000060"	"argB"	"+"	4154039	4154812	774	"M-C4h"	0	0	0	0	0	0	NA	"NO"	NA	NA
"ECK120000063"	"argF"	"-"	288525	289529	1005	"M-C4h"	0	0	0	0	0	0	NA	"NO"	NA	NA
"ECK120000068"	"argT"	"-"	2425031	2425813	783	"M-C4h"	40	13.3645409715272	0	0	0	0.865900383141762	-Inf	"SD"	13	46.4285714285714
"ECK120000069"	"aroA"	"+"	958035	959318	1284	"M-C4h"	0	0	3	106	0	0	NA	"NO"	6	13.0434782608696
"ECK120000070"	"aroB"	"-"	3515420	3516508	1089	"M-C4h"	0	0	0	0	0	0	NA	"NO"	8	20.5128205128205
"ECK120000071"	"aroC"	"-"	2444410	2445495	1086	"M-C4h"	2	0	0	0	0	0.149171270718232	NA	"NO"	5	12.8205128205128
"ECK120000072"	"aroD"	"+"	1772710	1773468	759	"M-C4h"	0	0	0	0	0	0	NA	"NO"	2	7.40740740740741
"ECK120000073"	"aroE"	"-"	3428042	3428860	819	"M-C4h"	3	0	0	0	0	0.181929181929182	NA	"NO"	5	17.2413793103448
"ECK120000076"	"aroH"	"+"	1786459	1787505	1047	"M-C4h"	7	1.74906993946849	0	0	0	0.327602674307545	-Inf	"SD"	2	5.12820512820513
"ECK120000077"	"aroK"	"-"	3516565	3517086	522	"M-C4h"	1	0	0	0	0	0.157088122605364	NA	"NO"	11	55
"ECK120000078"	"aroL"	"+"	405629	406153	525	"M-C4h"	0	0	0	0	0	0	NA	"NO"	0	0
"ECK120000079"	"aroM"	"+"	406652	407329	678	"M-C4h"	0	0	0	0	0	0	NA	"NO"	NA	NA
"ECK120000088"	"asnB"	"-"	696736	698400	1665	"M-C4h"	14	2.19973120315136	0	0	0	0.360960960960961	-Inf	"SD"	13	20.6349206349206
"ECK120000090"	"asnS"	"-"	986808	988208	1401	"M-C4h"	26	4.85502007670146	1	100	0	0.385438972162741	-Inf	"SD"	38	71.6981132075472
"ECK120000094"	"atpA"	"-"	3916339	3917880	1542	"M-C4h"	6	0	0	0	0	0.2094682230869	NA	"NO"	89	161.818181818182
"ECK120000095"	"atpB"	"-"	3919259	3920074	816	"M-C4h"	5	0	1	49	0	0.1875	NA	"NO"	NA	NA
"ECK120000096"	"atpC"	"-"	3913576	3913995	420	"M-C4h"	1	0	0	0	0	0.0738095238095238	NA	"NO"	5	33.3333333333333
"ECK120000097"	"atpD"	"-"	3914016	3915398	1383	"M-C4h"	16	3.02659018964737	1	78	0	0.488792480115691	-Inf	"SD"	139	278
"ECK120000098"	"atpE"	"-"	3918973	3919212	240	"M-C4h"	5	5.45022686495092	0	0	0	0.829166666666667	-Inf	"SD"	NA	NA
"ECK120000099"	"atpF"	"-"	3918441	3918911	471	"M-C4h"	11	6.10980846007237	0	0	0	0.617834394904459	-Inf	"SD"	23	135.294117647059
"ECK120000100"	"atpG"	"-"	3915425	3916288	864	"M-C4h"	10	3.02790381386162	0	0	0	0.532407407407407	-Inf	"SD"	13	40.625
"ECK120000101"	"atpH"	"-"	3917893	3918426	534	"M-C4h"	2	0	0	0	0	0.0786516853932584	NA	"NO"	7	36.8421052631579
"ECK120000102"	"atpI"	"-"	3920083	3920463	381	"M-C4h"	3	0	0	0	0	0.238845144356955	NA	"NO"	NA	NA
"ECK120000104"	"bcp"	"+"	2598500	2598970	471	"M-C4h"	0	0	0	0	0	0	NA	"NO"	9	50
"ECK120000105"	"betA"	"-"	324801	326471	1671	"M-C4h"	2	0	0	0	0	0.0921603830041891	NA	"NO"	NA	NA
"ECK120000106"	"betB"	"-"	326485	327957	1473	"M-C4h"	2	0	0	0	0	0.135777325186694	NA	"NO"	4	7.54716981132075
"ECK120000110"	"bglB"	"-"	3900312	3901724	1413	"M-C4h"	2	0	0	0	0	0.0856334041047417	NA	"NO"	NA	NA
"ECK120000111"	"bglF"	"-"	3901743	3903620	1878	"M-C4h"	0	0	0	0	0	0	NA	"NO"	NA	NA
"ECK120000112"	"bglG"	"-"	3903754	3904590	837	"M-C4h"	0	0	0	0	0	0	NA	"NO"	NA	NA
"ECK120000115"	"bioC"	"+"	810745	811500	756	"M-C4h"	0	0	1	100	0	0	NA	"NO"	NA	NA
"ECK120000117"	"bioF"	"+"	809604	810758	1155	"M-C4h"	0	0	0	0	0	0	NA	"NO"	NA	NA
"ECK120000123"	"btuC"	"-"	1792196	1793176	981	"M-C4h"	4	1.0667110683696	0	0	0	0.2782874617737	-Inf	"SD"	NA	NA
"ECK120000124"	"btuD"	"-"	1790833	1791582	750	"M-C4h"	2	0	0	0	0	0.121333333333333	NA	"NO"	NA	NA
"ECK120000125"	"btuE"	"-"	1791582	1792133	552	"M-C4h"	3	1.42179831259589	0	0	0	0.405797101449275	-Inf	"SD"	4	20
"ECK120000127"	"cadA"	"-"	4354493	4356640	2148	"M-C4h"	0	0	1	100	0	0	NA	"NO"	5	6.17283950617284
"ECK120000128"	"cadB"	"-"	4356720	4358054	1335	"M-C4h"	0	0	0	0	0	0	NA	"NO"	NA	NA
"ECK120000129"	"cadC"	"-"	4358419	4359957	1539	"M-C4h"	0	0	4	97	0	0	NA	"NO"	NA	NA
"ECK120000130"	"carA"	"+"	29651	30799	1149	"M-C4h"	0	0	0	0	0	0	NA	"NO"	NA	NA
"ECK120000131"	"carB"	"+"	30817	34038	3222	"M-C4h"	1	0	0	0	0	0.021104903786468	NA	"NO"	12	10.1694915254237
"ECK120000133"	"cdd"	"+"	2229866	2230750	885	"M-C4h"	337	99.6190618841198	0	0	0	1	-Inf	"SD"	108	337.5
"ECK120000135"	"cdsA"	"+"	195677	196534	858	"M-C4h"	3	0.914723389921833	0	0	0	0.322843822843823	-Inf	"SD"	NA	NA
"ECK120000136"	"chbB"	"-"	1819323	1819643	321	"M-C4h"	0	0	0	0	0	0	NA	"NO"	2	18.1818181818182
"ECK120000137"	"chbC"	"-"	1817880	1819238	1359	"M-C4h"	1	0	0	0	0	0.0301692420897719	NA	"NO"	NA	NA
"ECK120000138"	"chbA"	"-"	1817479	1817829	351	"M-C4h"	0	0	0	0	0	0	NA	"NO"	NA	NA
"ECK120000139"	"chbR"	"-"	1816629	1817471	843	"M-C4h"	4	1.24133280909914	0	0	0	0.291814946619217	-Inf	"SD"	NA	NA
"ECK120000140"	"chbF"	"-"	1815172	1816524	1353	"M-C4h"	1	0	0	0	0	0.073909830007391	NA	"NO"	NA	NA
"ECK120000142"	"cheA"	"-"	1971384	1973348	1965	"M-C4h"	7	0	0	0	0	0.246819338422392	NA	"NO"	12	16.9014084507042
"ECK120000143"	"cheB"	"-"	1965476	1966525	1050	"M-C4h"	0	0	0	0	0	0	NA	"NO"	1	2.7027027027027
"ECK120000144"	"cheR"	"-"	1966528	1967388	861	"M-C4h"	2	0	0	0	0	0.0952380952380952	NA	"NO"	NA	NA
"ECK120000145"	"cheW"	"-"	1970860	1971363	504	"M-C4h"	2	0	0	0	0	0.208333333333333	NA	"NO"	6	33.3333333333333
"ECK120000146"	"cheY"	"-"	1965072	1965461	390	"M-C4h"	0	0	0	0	0	0	NA	"NO"	12	85.7142857142857
"ECK120000147"	"cheZ"	"-"	1964417	1965061	645	"M-C4h"	0	0	0	0	0	0	NA	"NO"	14	58.3333333333333
"ECK120000153"	"clpB"	"-"	2729622	2732195	2574	"M-C4h"	155	15.7535694930982	0	0	0	0.738539238539239	-Inf	"SD"	135	140.625
"ECK120000154"	"clpP"	"+"	455901	456524	624	"M-C4h"	41	17.1891770356144	0	0	0	0.8125	-Inf	"SD"	15	65.2173913043478
"ECK120000155"	"clpX"	"+"	456650	457924	1275	"M-C4h"	45	9.23332551238744	0	0	0	0.741960784313725	-Inf	"SD"	11	23.9130434782609
"ECK120000157"	"cpsB"	"-"	2121108	2122544	1437	"M-C4h"	1	0	0	0	0	0.0452331245650661	NA	"NO"	NA	NA
"ECK120000158"	"cpsG"	"-"	2119633	2121003	1371	"M-C4h"	1	0	0	0	0	0.0729394602479942	NA	"NO"	NA	NA
"ECK120000163"	"cstA"	"+"	629117	631222	2106	"M-C4h"	873	108.445539671844	0	0	0	1	-Inf	"SD"	25	33.3333333333333
"ECK120000164"	"lnt"	"-"	688566	690104	1539	"M-C4h"	8	0	0	0	0	0.119558154645874	NA	"NO"	9	15.7894736842105
"ECK120000165"	"cvpA"	"-"	2428297	2428785	489	"M-C4h"	2	1.06998318821122	0	0	0	0.2719836400818	-Inf	"SD"	NA	NA
"ECK120000168"	"cydA"	"+"	770681	772249	1569	"M-C4h"	19	3.16800949702692	1	37	0	0.590822179732314	-Inf	"SD"	26	44.8275862068966
"ECK120000169"	"cydB"	"+"	772265	773404	1140	"M-C4h"	12	2.75379883702783	0	0	0	0.445614035087719	-Inf	"SD"	NA	NA
"ECK120000170"	"cynS"	"+"	358713	359183	471	"M-C4h"	0	0	0	0	0	0	NA	"NO"	NA	NA
"ECK120000173"	"cyoA"	"-"	449887	450834	948	"M-C4h"	50	13.7980426960783	0	0	0	0.756329113924051	-Inf	"SD"	32	91.4285714285714
"ECK120000174"	"cyoB"	"-"	447874	449865	1992	"M-C4h"	80	10.5064614264114	0	0	0	0.591867469879518	-Inf	"SD"	8	10.8108108108108
"ECK120000175"	"cyoC"	"-"	447270	447884	615	"M-C4h"	75	31.9037670143468	0	0	0	0.829268292682927	-Inf	"SD"	NA	NA
"ECK120000176"	"cyoD"	"-"	446941	447270	330	"M-C4h"	36	28.5393697655612	0	0	0	0.906060606060606	-Inf	"SD"	NA	NA
"ECK120000177"	"cyoE"	"-"	446039	446929	891	"M-C4h"	67	19.6721993239979	0	0	0	0.859708193041526	-Inf	"SD"	NA	NA
"ECK120000178"	"cysA"	"-"	2537739	2538836	1098	"M-C4h"	21	0	0	0	0	0.165755919854281	NA	"NO"	NA	NA
"ECK120000179"	"cysB"	"+"	1331879	1332853	975	"M-C4h"	31	8.31788469235586	0	0	0	0.48	-Inf	"SD"	6	16.6666666666667
"ECK120000180"	"cysC"	"-"	2871409	2872014	606	"M-C4h"	0	0	0	0	0	0	NA	"NO"	NA	NA
"ECK120000183"	"cysG"	"+"	3495850	3497223	1374	"M-C4h"	12	2.28481126216283	0	0	0	0.281659388646288	-Inf	"SD"	2	4
"ECK120000184"	"cysH"	"-"	2885600	2886334	735	"M-C4h"	7	2.49153228112042	0	0	0	0.299319727891156	-Inf	"SD"	1	3.57142857142857
"ECK120000185"	"cysI"	"-"	2886409	2888121	1713	"M-C4h"	0	0	0	0	0	0	NA	"NO"	2	3.125
"ECK120000187"	"cysK"	"+"	2530431	2531402	972	"M-C4h"	5	0	1	100	0	0.209876543209877	NA	"NO"	74	217.647058823529
"ECK120000189"	"cysN"	"-"	2872014	2873441	1428	"M-C4h"	1	0	0	0	0	0.0700280112044818	NA	"NO"	0	0
"ECK120000190"	"cysP"	"-"	2540534	2541550	1017	"M-C4h"	2	0	0	0	0	0.0934119960668633	NA	"NO"	9	23.6842105263158
"ECK120000192"	"cysU"	"-"	2539701	2540534	834	"M-C4h"	1	0	0	0	0	0.119904076738609	NA	"NO"	NA	NA
"ECK120000193"	"cysW"	"-"	2538826	2539701	876	"M-C4h"	2	0	0	0	0	0.189497716894977	NA	"NO"	NA	NA
"ECK120000194"	"cytR"	"-"	4121454	4122479	1026	"M-C4h"	4	0	0	0	0	0.226120857699805	NA	"NO"	NA	NA
"ECK120000195"	"dacA"	"-"	661975	663186	1212	"M-C4h"	2	0	2	41	0	0.164191419141914	NA	"NO"	21	47.7272727272727
"ECK120000198"	"dam"	"-"	3513099	3513935	837	"M-C4h"	0	0	0	0	0	0	NA	"NO"	1	3.125
"ECK120000200"	"dapB"	"+"	28374	29195	822	"M-C4h"	0	0	0	0	0	0	NA	"NO"	10	34.4827586206897
"ECK120000201"	"dapD"	"-"	185123	185947	825	"M-C4h"	18	5.70787395311224	0	0	0	0.601212121212121	-Inf	"SD"	58	193.333333333333
"ECK120000202"	"dapE"	"+"	2589629	2590756	1128	"M-C4h"	5	0	0	0	0	0.111702127659574	NA	"NO"	4	9.75609756097561
"ECK120000203"	"dapF"	"+"	3992785	3993609	825	"M-C4h"	13	0	0	0	0	0.219393939393939	NA	"NO"	6	20
"ECK120000205"	"dcm"	"-"	2028923	2030341	1419	"M-C4h"	1	0	0	0	0	0.0542635658914729	NA	"NO"	NA	NA
"ECK120000208"	"ddlB"	"+"	102233	103153	921	"M-C4h"	28	7.95342552279483	0	0	0	0.530944625407166	-Inf	"SD"	4	12.1212121212121
"ECK120000209"	"deaD"	"-"	3303993	3305882	1890	"M-C4h"	6	0	0	0	0	0.168783068783069	NA	"NO"	9	12.6760563380282
"ECK120000210"	"dedA"	"-"	2432104	2432763	660	"M-C4h"	5	0	1	51	0	0.0909090909090909	NA	"NO"	NA	NA
"ECK120000211"	"accD"	"-"	2431034	2431948	915	"M-C4h"	39	11.1506280778012	0	0	0	0.790163934426229	-Inf	"SD"	15	45.4545454545455
"ECK120000212"	"dedD"	"-"	2429044	2429706	663	"M-C4h"	13	5.12962528465969	0	0	0	0.7526395173454	-Inf	"SD"	0	0
"ECK120000213"	"deoA"	"+"	4616252	4617574	1323	"M-C4h"	76	15.0282899496152	0	0	0	0.9145880574452	-Inf	"SD"	85	180.851063829787
"ECK120000214"	"deoB"	"+"	4617626	4618849	1224	"M-C4h"	88	18.8086260437522	0	0	0	0.970588235294118	-Inf	"SD"	79	179.545454545455
"ECK120000216"	"deoD"	"+"	4618906	4619625	720	"M-C4h"	31	11.2638021875652	0	0	0	0.806944444444444	-Inf	"SD"	122	469.230769230769
"ECK120000221"	"dicB"	"+"	1647633	1647821	189	"M-C4h"	0	0	0	0	0	0	NA	"NO"	NA	NA
"ECK120000224"	"dksA"	"-"	160149	160604	456	"M-C4h"	64	36.7173178270378	0	0	0	1	-Inf	"SD"	11	61.1111111111111
"ECK120000226"	"dmsA"	"+"	940182	942626	2445	"M-C4h"	2	0	3	97	0	0.0801635991820041	NA	"NO"	8	8.88888888888889
"ECK120000227"	"dmsB"	"+"	942637	943254	618	"M-C4h"	0	0	0	0	0	0	NA	"NO"	1	4.34782608695652
"ECK120000231"	"dnaC"	"-"	4598261	4598998	738	"M-C4h"	1	0	0	0	0	0.0677506775067751	NA	"NO"	NA	NA
"ECK120000232"	"dnaE"	"+"	205126	208608	3483	"M-C4h"	6	0	0	0	0	0.116279069767442	NA	"NO"	7	5.38461538461539
"ECK120000233"	"dnaG"	"+"	3209129	3210874	1746	"M-C4h"	28	0	0	0	0	0.147193585337915	NA	"NO"	2	3.03030303030303
"ECK120000234"	"dnaJ"	"+"	14168	15298	1131	"M-C4h"	5	1.1565468148437	0	0	0	0.342175066312997	-Inf	"SD"	5	12.1951219512195
"ECK120000236"	"dnaN"	"-"	3879244	3880344	1101	"M-C4h"	40	0	6	74	81.0810810810811	0.18346957311535	Inf	"AD"	4	9.75609756097561
"ECK120000238"	"dnaT"	"-"	4599001	4599540	540	"M-C4h"	2	0.968929220435719	0	0	0	0.264814814814815	-Inf	"SD"	1	5.26315789473684
"ECK120000239"	"dnaX"	"+"	491316	493247	1932	"M-C4h"	2	0	1	78	0	0.0734989648033126	NA	"NO"	NA	NA
"ECK120000241"	"acpS"	"-"	2698640	2699020	381	"M-C4h"	0	0	0	0	0	0	NA	"NO"	NA	NA
"ECK120000242"	"dppA"	"-"	3704121	3705728	1608	"M-C4h"	33	5.36888019532479	0	0	0	0.684701492537313	-Inf	"SD"	14	23.3333333333333
"ECK120000245"	"dut"	"+"	3811955	3812410	456	"M-C4h"	3	1.7211242731424	0	0	0	0.381578947368421	-Inf	"SD"	4	25
"ECK120000246"	"ebgA"	"+"	3220655	3223747	3093	"M-C4h"	0	0	0	0	0	0	NA	"NO"	NA	NA
"ECK120000247"	"ebgC"	"+"	3223744	3224193	450	"M-C4h"	0	0	0	0	0	0	NA	"NO"	NA	NA
"ECK120000251"	"edd"	"-"	1930817	1932628	1812	"M-C4h"	3	0	0	0	0	0.07560706401766	NA	"NO"	NA	NA
"ECK120000253"	"entA"	"+"	627774	628520	747	"M-C4h"	1	0	0	0	0	0.133868808567604	NA	"NO"	NA	NA
"ECK120000254"	"entB"	"+"	626917	627774	858	"M-C4h"	0	0	0	0	0	0	NA	"NO"	NA	NA
"ECK120000257"	"entE"	"+"	625293	626903	1611	"M-C4h"	0	0	0	0	0	0	NA	"NO"	NA	NA
"ECK120000258"	"entF"	"+"	613380	617261	3882	"M-C4h"	1	0	0	0	0	0.0131375579598145	NA	"NO"	NA	NA
"ECK120000259"	"lpxC"	"+"	106557	107474	918	"M-C4h"	323	92.0482759413933	0	0	0	1	-Inf	"SD"	NA	NA
"ECK120000261"	"acrF"	"+"	3413055	3416159	3105	"M-C4h"	3	0	3	63	0	0.0666666666666667	NA	"NO"	NA	NA
"ECK120000262"	"envY"	"-"	585370	586131	762	"M-C4h"	0	0	0	0	0	0	NA	"NO"	NA	NA
"ECK120000264"	"era"	"-"	2700503	2701408	906	"M-C4h"	3	0	0	0	0	0.173289183222958	NA	"NO"	2	5.88235294117647
"ECK120000265"	"exbB"	"-"	3149272	3150006	735	"M-C4h"	0	0	0	0	0	0	NA	"NO"	3	11.5384615384615
"ECK120000270"	"accC"	"+"	3403939	3405288	1350	"M-C4h"	27	5.23221779035288	0	0	0	0.618518518518518	-Inf	"SD"	19	38.7755102040816
"ECK120000271"	"fabH"	"+"	1147982	1148935	954	"M-C4h"	15	4.11337876600069	0	0	0	0.716981132075472	-Inf	"SD"	23	67.6470588235294
"ECK120000276"	"fbaA"	"-"	3068187	3069266	1080	"M-C4h"	11	2.66455535619823	0	0	0	0.602777777777778	-Inf	"SD"	43	110.25641025641
"ECK120000279"	"fdhF"	"-"	4295242	4297389	2148	"M-C4h"	3	0	0	0	0	0.129888268156425	NA	"NO"	NA	NA
"ECK120000280"	"fecA"	"-"	4512376	4514700	2325	"M-C4h"	4	0	0	0	0	0.127311827956989	NA	"NO"	1	1.17647058823529
"ECK120000281"	"fecB"	"-"	4511429	4512331	903	"M-C4h"	1	0	0	0	0	0.0132890365448505	NA	"NO"	2	6.06060606060606
"ECK120000282"	"fecC"	"-"	4510434	4511432	999	"M-C4h"	1	0	0	0	0	0.0580580580580581	NA	"NO"	NA	NA
"ECK120000283"	"fecD"	"-"	4509481	4510437	957	"M-C4h"	0	0	0	0	0	0	NA	"NO"	NA	NA
"ECK120000286"	"fecR"	"-"	4514787	4515740	954	"M-C4h"	0	0	0	0	0	0	NA	"NO"	NA	NA
"ECK120000292"	"fepG"	"-"	619419	620411	993	"M-C4h"	0	0	0	0	0	0	NA	"NO"	NA	NA
"ECK120000296"	"fhuA"	"+"	167484	169727	2244	"M-C4h"	13	0	0	0	0	0.213458110516934	NA	"NO"	NA	NA
"ECK120000298"	"fhuC"	"+"	169778	170575	798	"M-C4h"	0	0	0	0	0	0	NA	"NO"	NA	NA
"ECK120000299"	"fhuD"	"+"	170575	171465	891	"M-C4h"	0	0	0	0	0	0	NA	"NO"	NA	NA
"ECK120000301"	"fic"	"-"	3488883	3489485	603	"M-C4h"	6	2.60309342803626	0	0	0	0.520729684908789	-Inf	"SD"	NA	NA
"ECK120000302"	"fimA"	"+"	4541138	4541686	549	"M-C4h"	64	30.4974443153538	0	0	0	0.907103825136612	-Inf	"SD"	NA	NA
"ECK120000304"	"fimC"	"+"	4542327	4543052	726	"M-C4h"	0	0	0	0	0	0	NA	"NO"	2	7.40740740740741
"ECK120000305"	"fimD"	"+"	4543119	4545755	2637	"M-C4h"	8	0	0	0	0	0.104664391353811	NA	"NO"	NA	NA
"ECK120000306"	"fimE"	"+"	4540060	4540656	597	"M-C4h"	0	0	0	0	0	0	NA	"NO"	NA	NA
"ECK120000307"	"fimF"	"+"	4545765	4546295	531	"M-C4h"	0	0	0	0	0	0	NA	"NO"	NA	NA
"ECK120000308"	"fimG"	"+"	4546308	4546811	504	"M-C4h"	1	0	0	0	0	0.0753968253968254	NA	"NO"	NA	NA
"ECK120000310"	"lpxD"	"+"	200971	201996	1026	"M-C4h"	10	2.54981373798873	0	0	0	0.320662768031189	-Inf	"SD"	14	38.8888888888889
"ECK120000311"	"fis"	"+"	3409293	3409589	297	"M-C4h"	0	0	0	0	0	0	NA	"NO"	NA	NA
"ECK120000312"	"fldA"	"-"	710158	710688	531	"M-C4h"	6	2.95605524878694	0	0	0	0.414312617702448	-Inf	"SD"	6	30
"ECK120000313"	"flhC"	"-"	1975290	1975868	579	"M-C4h"	14	0	0	0	0	0.132987910189983	NA	"NO"	NA	NA
"ECK120000314"	"flhD"	"-"	1975871	1976221	351	"M-C4h"	0	0	0	0	0	0	NA	"NO"	NA	NA
"ECK120000316"	"fliL"	"+"	2017642	2018106	465	"M-C4h"	0	0	1	63	0	0	NA	"NO"	2	11.7647058823529
"ECK120000317"	"fliM"	"+"	2018111	2019115	1005	"M-C4h"	2	0	0	0	0	0.0348258706467662	NA	"NO"	7	18.4210526315789
"ECK120000318"	"fliN"	"+"	2019112	2019525	414	"M-C4h"	2	0	0	0	0	0.128019323671498	NA	"NO"	2	13.3333333333333
"ECK120000319"	"fnr"	"-"	1396798	1397550	753	"M-C4h"	24	8.33819568183726	0	0	0	0.719787516600266	-Inf	"SD"	3	10.7142857142857
"ECK120000321"	"folC"	"-"	2429696	2430964	1269	"M-C4h"	22	4.5354133722523	0	0	0	0.271867612293144	-Inf	"SD"	18	40
"ECK120000325"	"frdB"	"-"	4377806	4378540	735	"M-C4h"	43	15.3051268697397	0	0	0	0.682993197278912	-Inf	"SD"	17	62.962962962963
"ECK120000326"	"frdC"	"-"	4377400	4377795	396	"M-C4h"	93	61.4389210230831	0	0	0	1	-Inf	"SD"	NA	NA
"ECK120000327"	"frdD"	"-"	4377030	4377389	360	"M-C4h"	19	13.807241391209	0	0	0	0.902777777777778	-Inf	"SD"	NA	NA
"ECK120000329"	"frr"	"+"	192872	193429	558	"M-C4h"	116	54.3850594696178	0	0	0	0.992831541218638	-Inf	"SD"	20	95.2380952380952
"ECK120000330"	"fruA"	"-"	2257741	2259432	1692	"M-C4h"	2	0	0	0	0	0.0774231678486998	NA	"NO"	6	10.3448275862069
"ECK120000331"	"fruK"	"-"	2259449	2260387	939	"M-C4h"	0	0	0	0	0	0	NA	"NO"	6	17.6470588235294
"ECK120000332"	"cra"	"+"	88028	89032	1005	"M-C4h"	69	17.9613446534502	0	0	0	0.85771144278607	-Inf	"SD"	10	26.3157894736842
"ECK120000333"	"ftsA"	"+"	103982	105244	1263	"M-C4h"	31	6.42116989314883	0	0	0	0.660332541567696	-Inf	"SD"	6	13.3333333333333
"ECK120000334"	"ftsE"	"-"	3600102	3600770	669	"M-C4h"	3	1.17314300232127	0	0	0	0.257100149476831	-Inf	"SD"	1	4.16666666666667
"ECK120000335"	"ftsI"	"+"	91413	93179	1767	"M-C4h"	149	22.0600014364058	0	0	0	0.432937181663837	-Inf	"SD"	0	0
"ECK120000336"	"ftsQ"	"+"	103155	103985	831	"M-C4h"	24	7.55554915574423	0	0	0	0.460890493381468	-Inf	"SD"	0	0
"ECK120000338"	"ftsW"	"+"	98403	99647	1245	"M-C4h"	4	0	0	0	0	0.13574297188755	NA	"NO"	NA	NA
"ECK120000339"	"ftsX"	"-"	3599051	3600109	1059	"M-C4h"	5	1.23517889290672	0	0	0	0.277620396600567	-Inf	"SD"	5	12.8205128205128
"ECK120000341"	"ftsZ"	"+"	105305	106456	1152	"M-C4h"	66	14.988123878615	0	0	0	0.823784722222222	-Inf	"SD"	44	110
"ECK120000343"	"fucI"	"+"	2933606	2935381	1776	"M-C4h"	1	0	0	0	0	0.0332207207207207	NA	"NO"	13	20
"ECK120000344"	"fucK"	"+"	2935460	2936908	1449	"M-C4h"	2	0	0	0	0	0.0745341614906832	NA	"NO"	NA	NA
"ECK120000348"	"fucU"	"+"	2936910	2937332	423	"M-C4h"	1	0	0	0	0	0.049645390070922	NA	"NO"	0	0
"ECK120000350"	"fumB"	"-"	4343703	4345349	1647	"M-C4h"	2	0	0	0	0	0.0461445051608986	NA	"NO"	5	8.33333333333333
"ECK120000353"	"fusA"	"-"	3469422	3471536	2115	"M-C4h"	68	8.41113025399518	1	97	0	0.856737588652482	-Inf	"SD"	446	571.794871794872
"ECK120000354"	"gabT"	"+"	2790757	2792037	1281	"M-C4h"	9	1.83801561721998	0	0	0	0.261514441842311	-Inf	"SD"	3	6.52173913043478
"ECK120000355"	"galE"	"-"	790262	791278	1017	"M-C4h"	10	2.57237846133377	0	0	0	0.675516224188791	-Inf	"SD"	12	32.4324324324324
"ECK120000356"	"galK"	"-"	788054	789202	1149	"M-C4h"	37	8.42437155104685	0	0	0	0.505657093124456	-Inf	"SD"	10	24.390243902439
"ECK120000358"	"galS"	"-"	2238650	2239690	1041	"M-C4h"	7	1.75915103422047	2	100	0	0.452449567723343	-Inf	"SD"	2	5.40540540540541
"ECK120000359"	"galT"	"-"	789206	790252	1047	"M-C4h"	5	0	0	0	0	0.162368672397326	NA	"NO"	1	2.5
"ECK120000361"	"epd"	"-"	3070694	3071713	1020	"M-C4h"	162	41.5499648057435	0	0	0	0.36078431372549	-Inf	"SD"	NA	NA
"ECK120000363"	"ispG"	"-"	2638708	2639826	1119	"M-C4h"	26	6.07853720058869	0	0	0	0.721179624664879	-Inf	"SD"	8	19.5121951219512
"ECK120000364"	"gcvH"	"-"	3047182	3047571	390	"M-C4h"	4	2.68318861043738	0	0	0	0.353846153846154	-Inf	"SD"	NA	NA
"ECK120000368"	"mnmG"	"-"	3921767	3923656	1890	"M-C4h"	4	0	0	0	0	0.148677248677249	NA	"NO"	8	11.4285714285714
"ECK120000369"	"rsmG"	"-"	3921080	3921703	624	"M-C4h"	0	0	3	54	0	0	NA	"NO"	4	17.3913043478261
"ECK120000370"	"glgA"	"-"	3564623	3566056	1434	"M-C4h"	25	4.56085930121416	0	0	0	0.708507670850767	-Inf	"SD"	2	3.77358490566038
"ECK120000371"	"glgB"	"-"	3569339	3571525	2187	"M-C4h"	16	1.91393426258907	1	45	0	0.373113854595336	-Inf	"SD"	NA	NA
"ECK120000372"	"glgC"	"-"	3566056	3567351	1296	"M-C4h"	64	12.9190562724763	0	0	0	0.653549382716049	-Inf	"SD"	6	12.2448979591837
"ECK120000374"	"glgX"	"-"	3567369	3569342	1974	"M-C4h"	24	3.1806795078133	0	0	0	0.447315096251266	-Inf	"SD"	NA	NA
"ECK120000375"	"glmS"	"-"	3909862	3911691	1830	"M-C4h"	11	1.57252447251043	0	0	0	0.313661202185792	-Inf	"SD"	33	49.2537313432836
"ECK120000378"	"glnG"	"-"	4051892	4053301	1410	"M-C4h"	9	1.66985674160198	1	83	0	0.263120567375887	-Inf	"SD"	1	1.92307692307692
"ECK120000379"	"glnH"	"-"	846481	847227	747	"M-C4h"	94	32.9202458027558	0	0	0	1	-Inf	"SD"	49	181.481481481481
"ECK120000380"	"glnL"	"-"	4053313	4054362	1050	"M-C4h"	4	0	0	0	0	0.207619047619048	NA	"NO"	2	5.12820512820513
"ECK120000381"	"glnP"	"-"	845683	846342	660	"M-C4h"	9	3.56742122069515	0	0	0	0.65	-Inf	"SD"	NA	NA
"ECK120000382"	"glnQ"	"-"	844964	845686	723	"M-C4h"	15	5.42761181571876	0	0	0	0.724757952973721	-Inf	"SD"	14	51.8518518518519
"ECK120000383"	"glnS"	"+"	705316	706980	1665	"M-C4h"	1	0	0	0	0	0.0336336336336336	NA	"NO"	24	38.0952380952381
"ECK120000385"	"glpB"	"+"	2352287	2353546	1260	"M-C4h"	1025	212.818382345703	0	0	0	1	-Inf	"SD"	32	71.1111111111111
"ECK120000386"	"glpC"	"+"	2353543	2354733	1191	"M-C4h"	397	87.2036298392147	1	35	0	1	-Inf	"SD"	7	15.9090909090909
"ECK120000390"	"glpG"	"-"	3558645	3559475	831	"M-C4h"	0	0	0	0	0	0	NA	"NO"	NA	NA
"ECK120000391"	"glpK"	"-"	4113737	4115245	1509	"M-C4h"	7	0	1	76	0	0.23194168323393	NA	"NO"	1	1.78571428571429
"ECK120000396"	"gltB"	"+"	3352654	3357207	4554	"M-C4h"	1	0	0	0	0	0.00483091787439614	NA	"NO"	87	53.3742331288344
"ECK120000397"	"gltD"	"+"	3357220	3358638	1419	"M-C4h"	1	0	0	0	0	0.0697674418604651	NA	"NO"	6	11.5384615384615
"ECK120000402"	"glyQ"	"-"	3722430	3723341	912	"M-C4h"	0	0	0	0	0	0	NA	"NO"	29	82.8571428571429
"ECK120000404"	"gnd"	"-"	2097886	2099292	1407	"M-C4h"	49	9.11082699812691	0	0	0	0.749822316986496	-Inf	"SD"	62	121.56862745098
"ECK120000411"	"gshA"	"-"	2812905	2814461	1557	"M-C4h"	4	0	0	0	0	0.0995504174694926	NA	"NO"	14	24.1379310344828
"ECK120000412"	"gshB"	"+"	3089900	3090850	951	"M-C4h"	3	0.825270944850612	0	0	0	0.315457413249211	-Inf	"SD"	18	50
"ECK120000417"	"gyrB"	"-"	3875728	3878142	2415	"M-C4h"	22	2.38320479063692	0	0	0	0.467080745341615	-Inf	"SD"	51	56.6666666666667
"ECK120000418"	"hdhA"	"-"	1695297	1696064	768	"M-C4h"	4	1.36255671623773	0	0	0	0.30859375	-Inf	"SD"	5	18.5185185185185
"ECK120000423"	"hemD"	"-"	3987111	3987851	741	"M-C4h"	14	4.94271586133201	0	0	0	0.484480431848853	-Inf	"SD"	NA	NA
"ECK120000426"	"hemX"	"-"	3985908	3987089	1182	"M-C4h"	10	2.213290097442	0	0	0	0.470389170896785	-Inf	"SD"	6	13.953488372093
"ECK120000427"	"hemY"	"-"	3984709	3985905	1197	"M-C4h"	6	0	0	0	0	0.208855472013367	NA	"NO"	4	8.88888888888889
"ECK120000428"	"hflC"	"+"	4401323	4402327	1005	"M-C4h"	5	1.30154671401813	0	0	0	0.291542288557214	-Inf	"SD"	7	18.4210526315789
"ECK120000429"	"hflK"	"+"	4400061	4401320	1260	"M-C4h"	5	0	0	0	0	0.213492063492063	NA	"NO"	11	23.9130434782609
"ECK120000430"	"hflX"	"+"	4398695	4399975	1281	"M-C4h"	19	3.88025519190885	1	43	0	0.37080405932865	-Inf	"SD"	4	8.33333333333333
"ECK120000431"	"hfq"	"+"	4398311	4398619	309	"M-C4h"	7	5.92646028033498	0	0	0	0.627831715210356	-Inf	"SD"	40	363.636363636364
"ECK120000432"	"hha"	"-"	479314	479532	219	"M-C4h"	16	19.113124348321	0	0	0	0.981735159817352	-Inf	"SD"	NA	NA
"ECK120000433"	"ihfA"	"-"	1793277	1793576	300	"M-C4h"	299	260.738853219252	0	0	0	1	-Inf	"SD"	2	18.1818181818182
"ECK120000434"	"ihfB"	"+"	963051	963335	285	"M-C4h"	28	25.7021224789264	0	0	0	0.926315789473684	-Inf	"SD"	3	27.2727272727273
"ECK120000435"	"hipB"	"-"	1590200	1590466	267	"M-C4h"	7	6.85871245926408	0	0	0	0.632958801498127	-Inf	"SD"	NA	NA
"ECK120000436"	"hipA"	"-"	1588878	1590200	1323	"M-C4h"	4	0	0	0	0	0.204837490551776	NA	"NO"	NA	NA
"ECK120000437"	"hisA"	"+"	2093149	2093886	738	"M-C4h"	1	0	0	0	0	0.111111111111111	NA	"NO"	5	19.2307692307692
"ECK120000438"	"hisB"	"+"	2091492	2092559	1068	"M-C4h"	2	0	0	0	0	0.181647940074906	NA	"NO"	5	12.5
"ECK120000439"	"hisC"	"+"	2090422	2091492	1071	"M-C4h"	4	0.977071482792322	0	0	0	0.272642390289449	-Inf	"SD"	6	15.3846153846154
"ECK120000440"	"hisD"	"+"	2089121	2090425	1305	"M-C4h"	0	0	0	0	0	0	NA	"NO"	2	4.34782608695652
"ECK120000441"	"hisF"	"+"	2093868	2094644	777	"M-C4h"	2	0	0	0	0	0.166023166023166	NA	"NO"	3	10.7142857142857
"ECK120000442"	"hisG"	"+"	2088216	2089115	900	"M-C4h"	0	0	0	0	0	0	NA	"NO"	6	18.1818181818182
"ECK120000443"	"hisH"	"+"	2092559	2093149	591	"M-C4h"	2	0	0	0	0	0.228426395939086	NA	"NO"	2	9.09090909090909
"ECK120000445"	"hisP"	"-"	2421758	2422531	774	"M-C4h"	3	0	0	0	0	0.174418604651163	NA	"NO"	4	13.7931034482759
"ECK120000446"	"hisS"	"-"	2637323	2638597	1275	"M-C4h"	14	2.87259015940943	0	0	0	0.48	-Inf	"SD"	15	31.9148936170213
"ECK120000447"	"truA"	"-"	2432846	2433658	813	"M-C4h"	18	5.79212301515079	0	0	0	0.503075030750307	-Inf	"SD"	7	23.3333333333333
"ECK120000448"	"hlpA"	"+"	200482	200967	486	"M-C4h"	7	3.76805807947224	0	0	0	0.58641975308642	-Inf	"SD"	28	155.555555555556
"ECK120000451"	"hsdM"	"-"	4579482	4581071	1590	"M-C4h"	0	0	0	0	0	0	NA	"NO"	12	20.3389830508475
"ECK120000453"	"hsdS"	"-"	4578091	4579485	1395	"M-C4h"	0	0	0	0	0	0	NA	"NO"	5	9.80392156862745
"ECK120000454"	"htpG"	"+"	494344	496218	1875	"M-C4h"	10	1.39525807742744	0	0	0	0.3536	-Inf	"SD"	93	130.985915492958
"ECK120000456"	"degP"	"+"	180884	182308	1425	"M-C4h"	20	3.67173178270378	0	0	0	0.527719298245614	-Inf	"SD"	19	38.7755102040816
"ECK120000459"	"hupA"	"+"	4198304	4198576	273	"M-C4h"	51	48.8723639758236	0	0	0	1	-Inf	"SD"	13	130
"ECK120000460"	"hupB"	"+"	460675	460947	273	"M-C4h"	53	50.7889272689932	0	0	0	0.95970695970696	-Inf	"SD"	30	333.333333333333
"ECK120000462"	"hyaB"	"+"	1032477	1034270	1794	"M-C4h"	1	0	0	0	0	0.0395763656633222	NA	"NO"	NA	NA
"ECK120000463"	"hyaC"	"+"	1034289	1034996	708	"M-C4h"	1	0	1	48	0	0.0211864406779661	NA	"NO"	NA	NA
"ECK120000464"	"hyaD"	"+"	1034993	1035580	588	"M-C4h"	2	0	0	0	0	0.151360544217687	NA	"NO"	NA	NA
"ECK120000465"	"hyaE"	"+"	1035577	1035975	399	"M-C4h"	1	0	0	0	0	0.137844611528822	NA	"NO"	NA	NA
"ECK120000466"	"hyaF"	"+"	1035972	1036829	858	"M-C4h"	1	0	0	0	0	0.0594405594405594	NA	"NO"	NA	NA
"ECK120000468"	"hycB"	"-"	2847260	2847871	612	"M-C4h"	0	0	0	0	0	0	NA	"NO"	NA	NA
"ECK120000469"	"hycC"	"-"	2845437	2847263	1827	"M-C4h"	0	0	0	0	0	0	NA	"NO"	NA	NA
"ECK120000470"	"hycD"	"-"	2844511	2845434	924	"M-C4h"	0	0	0	0	0	0	NA	"NO"	NA	NA
"ECK120000471"	"hycE"	"-"	2842784	2844493	1710	"M-C4h"	0	0	0	0	0	0	NA	"NO"	NA	NA
"ECK120000472"	"hycF"	"-"	2842232	2842774	543	"M-C4h"	0	0	0	0	0	0	NA	"NO"	NA	NA
"ECK120000473"	"hycG"	"-"	2841465	2842232	768	"M-C4h"	0	0	0	0	0	0	NA	"NO"	NA	NA
"ECK120000474"	"hycH"	"-"	2841058	2841468	411	"M-C4h"	13	8.27479699204227	0	0	0	0.272506082725061	-Inf	"SD"	NA	NA
"ECK120000477"	"hypB"	"+"	2849023	2849895	873	"M-C4h"	2	0	0	0	0	0.171821305841924	NA	"NO"	2	6.25
"ECK120000478"	"hypC"	"+"	2849886	2850158	273	"M-C4h"	0	0	0	0	0	0	NA	"NO"	NA	NA
"ECK120000479"	"hypD"	"+"	2850158	2851279	1122	"M-C4h"	1	0	25	98	255.102040816327	0.0472370766488414	Inf	"AD"	NA	NA
"ECK120000480"	"hypE"	"+"	2851318	2852286	969	"M-C4h"	1	0	0	0	0	0.0546955624355005	NA	"NO"	NA	NA
"ECK120000485"	"ileS"	"+"	22391	25207	2817	"M-C4h"	14	0	0	0	0	0.160454384096557	NA	"NO"	77	74.0384615384615
"ECK120000487"	"ilvB"	"-"	3849119	3850807	1689	"M-C4h"	8	0	1	54	0	0.172291296625222	NA	"NO"	5	8.33333333333333
"ECK120000489"	"ilvD"	"+"	3951501	3953351	1851	"M-C4h"	3	0	0	0	0	0.160994057266343	NA	"NO"	5	7.57575757575758
"ECK120000490"	"ilvE"	"+"	3950507	3951436	930	"M-C4h"	2	0	0	0	0	0.0688172043010753	NA	"NO"	3	8.82352941176471
"ECK120000491"	"ilvG_2"	"+"	3949646	3950227	582	"M-C4h"	1	0	0	0	0	0.00859106529209622	NA	"NO"	NA	NA
"ECK120000492"	"ilvH"	"+"	87357	87848	492	"M-C4h"	1	0	0	0	0	0.0691056910569106	NA	"NO"	2	11.1111111111111
"ECK120000493"	"ilvI"	"+"	85630	87354	1725	"M-C4h"	5	0	0	0	0	0.102608695652174	NA	"NO"	NA	NA
"ECK120000494"	"ilvM"	"+"	3950224	3950487	264	"M-C4h"	0	0	0	0	0	0	NA	"NO"	NA	NA
"ECK120000495"	"ilvN"	"-"	3848825	3849115	291	"M-C4h"	1	0	0	0	0	0.206185567010309	NA	"NO"	NA	NA
"ECK120000497"	"infA"	"-"	925448	925666	219	"M-C4h"	4	4.77828108708026	0	0	0	0.808219178082192	-Inf	"SD"	1	12.5
"ECK120000498"	"infB"	"-"	3311364	3314036	2673	"M-C4h"	24	2.34891932226841	0	0	0	0.365881032547699	-Inf	"SD"	117	120.618556701031
"ECK120000499"	"infC"	"-"	1798120	1798662	543	"M-C4h"	84	40.4701928535582	0	0	0	1	-Inf	"SD"	24	114.285714285714
"ECK120000501"	"ispA"	"-"	439426	440325	900	"M-C4h"	12	0	0	0	0	0.128888888888889	NA	"NO"	3	9.375
"ECK120000504"	"katG"	"+"	4131858	4134038	2181	"M-C4h"	56	6.71719844703717	0	0	0	0.713892709766162	-Inf	"SD"	211	263.75
"ECK120000505"	"kbl"	"-"	3789378	3790574	1197	"M-C4h"	49	10.7092176995527	0	0	0	0.846282372598162	-Inf	"SD"	27	62.7906976744186
"ECK120000506"	"kdpA"	"-"	726282	727955	1674	"M-C4h"	0	0	0	0	0	0	NA	"NO"	NA	NA
"ECK120000507"	"kdpB"	"-"	724211	726259	2049	"M-C4h"	2	0	0	0	0	0.0673499267935578	NA	"NO"	NA	NA
"ECK120000508"	"kdpC"	"-"	723630	724202	573	"M-C4h"	8	3.65250805609276	0	0	0	0.268760907504363	-Inf	"SD"	NA	NA
"ECK120000509"	"kdpD"	"-"	720953	723637	2685	"M-C4h"	18	0	0	0	0	0.223836126629423	NA	"NO"	0	0
"ECK120000512"	"kdsB"	"+"	970075	970821	747	"M-C4h"	2	0.700430761760761	0	0	0	0.262382864792503	-Inf	"SD"	6	21.4285714285714
"ECK120000514"	"kefC"	"+"	47769	49631	1863	"M-C4h"	8	0	0	0	0	0.225442834138486	NA	"NO"	NA	NA
"ECK120000516"	"rsmA"	"-"	51609	52430	822	"M-C4h"	2	0	0	0	0	0.201946472019465	NA	"NO"	7	23.3333333333333
"ECK120000518"	"lacI"	"-"	365652	366734	1083	"M-C4h"	13	3.1402969194177	0	0	0	0.58264081255771	-Inf	"SD"	NA	NA
"ECK120000519"	"lacY"	"-"	361150	362403	1254	"M-C4h"	0	0	0	0	0	0	NA	"NO"	NA	NA
"ECK120000520"	"lacZ"	"-"	362455	365529	3075	"M-C4h"	0	0	0	0	0	0	NA	"NO"	4	3.44827586206897
"ECK120000521"	"lamB"	"+"	4245994	4247334	1341	"M-C4h"	3	0	0	0	0	0.0917225950782998	NA	"NO"	7	14
"ECK120000522"	"lepA"	"-"	2703347	2705146	1800	"M-C4h"	4	0	0	0	0	0.162222222222222	NA	"NO"	29	43.2835820895522
"ECK120000523"	"lepB"	"-"	2702357	2703331	975	"M-C4h"	2	0	1	43	0	0.0902564102564103	NA	"NO"	2	5.55555555555556
"ECK120000526"	"lexA"	"+"	4255138	4255746	609	"M-C4h"	37	15.8942576554234	0	0	0	0.917898193760263	-Inf	"SD"	3	13.6363636363636
"ECK120000527"	"ligA"	"-"	2526183	2528198	2016	"M-C4h"	4	0	0	0	0	0.110119047619048	NA	"NO"	9	12.1621621621622
"ECK120000529"	"livF"	"-"	3590747	3591460	714	"M-C4h"	4	1.46560722418848	0	0	0	0.369747899159664	-Inf	"SD"	NA	NA
"ECK120000530"	"livG"	"-"	3591462	3592229	768	"M-C4h"	8	2.72511343247546	0	0	0	0.6015625	-Inf	"SD"	NA	NA
"ECK120000531"	"livH"	"-"	3593500	3594426	927	"M-C4h"	2	0	0	0	0	0.0884573894282632	NA	"NO"	NA	NA
"ECK120000534"	"livM"	"-"	3592226	3593503	1278	"M-C4h"	3	0	0	0	0	0.128325508607199	NA	"NO"	NA	NA
"ECK120000535"	"lon"	"+"	458112	460466	2355	"M-C4h"	11	0	0	0	0	0.241188959660297	NA	"NO"	67	77.0114942528736
"ECK120000538"	"lpxA"	"+"	202560	203348	789	"M-C4h"	7	2.32100915921864	0	0	0	0.376425855513308	-Inf	"SD"	5	17.8571428571429
"ECK120000539"	"lpxB"	"+"	203348	204496	1149	"M-C4h"	2	0	0	0	0	0.174934725848564	NA	"NO"	NA	NA
"ECK120000541"	"lspA"	"+"	25207	25701	495	"M-C4h"	1	0	0	0	0	0.145454545454545	NA	"NO"	3	16.6666666666667
"ECK120000543"	"lysC"	"-"	4229907	4231256	1350	"M-C4h"	2	0	0	0	0	0.08	NA	"NO"	2	4.08163265306122
"ECK120000548"	"malF"	"-"	4241554	4243098	1545	"M-C4h"	0	0	0	0	0	0	NA	"NO"	8	14.0350877192982
"ECK120000549"	"malG"	"-"	4240649	4241539	891	"M-C4h"	2	0	0	0	0	0.215488215488215	NA	"NO"	NA	NA
"ECK120000552"	"malM"	"+"	4247577	4248497	921	"M-C4h"	8	0	0	0	0	0.198697068403909	NA	"NO"	17	53.125
"ECK120000557"	"malY"	"+"	1698981	1700153	1173	"M-C4h"	0	0	0	0	0	0	NA	"NO"	NA	NA
"ECK120000561"	"manY"	"+"	1901106	1901906	801	"M-C4h"	30	9.79816065609154	0	0	0	0.714107365792759	-Inf	"SD"	10	35.7142857142857
"ECK120000562"	"manZ"	"+"	1901919	1902770	852	"M-C4h"	25	7.67637586612806	1	73	0	0.710093896713615	-Inf	"SD"	16	51.6129032258064
"ECK120000564"	"mazE"	"-"	2909113	2909361	249	"M-C4h"	23	24.1648612807462	0	0	0	0.807228915662651	-Inf	"SD"	NA	NA
"ECK120000565"	"mazG"	"-"	2907916	2908707	792	"M-C4h"	5	0	0	0	0	0.20959595959596	NA	"NO"	NA	NA
"ECK120000566"	"mcrA"	"+"	1209569	1210402	834	"M-C4h"	0	0	0	0	0	0	NA	"NO"	NA	NA
"ECK120000567"	"mcrB"	"-"	4575981	4577360	1380	"M-C4h"	2	0	0	0	0	0.0898550724637681	NA	"NO"	NA	NA
"ECK120000572"	"menD"	"-"	2375611	2377281	1671	"M-C4h"	1	0	0	0	0	0.0514661879114303	NA	"NO"	2	3.27868852459016
"ECK120000573"	"mepA"	"-"	2443582	2444406	825	"M-C4h"	1	0	0	0	0	0.0593939393939394	NA	"NO"	NA	NA
"ECK120000578"	"metF"	"+"	4130639	4131529	891	"M-C4h"	1	0	0	0	0	0.0920314253647587	NA	"NO"	NA	NA
"ECK120000583"	"metL"	"+"	4127858	4130290	2433	"M-C4h"	1	0	0	0	0	0.041101520756268	NA	"NO"	9	10.1123595505618
"ECK120000585"	"mglA"	"-"	2235791	2237311	1521	"M-C4h"	7	0	0	0	0	0.216962524654832	NA	"NO"	29	51.7857142857143
"ECK120000586"	"mglB"	"-"	2237372	2238370	999	"M-C4h"	24	6.28494629471818	0	0	0	0.664664664664665	-Inf	"SD"	126	350
"ECK120000588"	"miaA"	"+"	4397275	4398225	951	"M-C4h"	40	11.0036125980082	0	0	0	0.842271293375394	-Inf	"SD"	4	11.4285714285714
"ECK120000590"	"minD"	"-"	1223772	1224584	813	"M-C4h"	24	7.72283068686772	0	0	0	0.885608856088561	-Inf	"SD"	29	96.6666666666667
"ECK120000592"	"groL"	"+"	4369048	4370694	1647	"M-C4h"	53	8.41856535788412	0	0	0	0.742562234365513	-Inf	"SD"	465	815.789473684211
"ECK120000594"	"motA"	"-"	1974276	1975163	888	"M-C4h"	13	3.82988914834389	0	0	0	0.646396396396396	-Inf	"SD"	2	6.25
"ECK120000595"	"motB"	"-"	1973353	1974279	927	"M-C4h"	4	0	0	0	0	0.213592233009709	NA	"NO"	NA	NA
"ECK120000596"	"mprA"	"+"	2808792	2809322	531	"M-C4h"	2	0	0	0	0	0.23728813559322	NA	"NO"	5	23.8095238095238
"ECK120000597"	"mraY"	"+"	96002	97084	1083	"M-C4h"	6	1.44936780896202	0	0	0	0.343490304709141	-Inf	"SD"	NA	NA
"ECK120000598"	"mrcB"	"+"	164730	167264	2535	"M-C4h"	7	0	0	0	0	0.191715976331361	NA	"NO"	17	18.0851063829787
"ECK120000599"	"mrdA"	"-"	665539	667440	1902	"M-C4h"	0	0	0	0	0	0	NA	"NO"	NA	NA
"ECK120000600"	"mrdB"	"-"	664424	665536	1113	"M-C4h"	3	0	0	0	0	0.168912848158131	NA	"NO"	NA	NA
"ECK120000601"	"mreB"	"-"	3398066	3399109	1044	"M-C4h"	1	0	0	0	0	0.0957854406130268	NA	"NO"	13	35.1351351351351
"ECK120000602"	"mreC"	"-"	3396897	3398000	1104	"M-C4h"	0	0	0	0	0	0	NA	"NO"	4	10
"ECK120000603"	"mreD"	"-"	3396409	3396897	489	"M-C4h"	1	0	0	0	0	0.155419222903885	NA	"NO"	NA	NA
"ECK120000606"	"msbA"	"+"	965844	967592	1749	"M-C4h"	1	0	2	78	0	0.0571755288736421	NA	"NO"	23	35.9375
"ECK120000609"	"mtlD"	"+"	3772447	3773595	1149	"M-C4h"	28	6.3752000926841	0	0	0	0.464751958224543	-Inf	"SD"	10	24.390243902439
"ECK120000611"	"mukB"	"+"	975549	980009	4461	"M-C4h"	20	1.17288002473725	1	35	0	0.25689307330195	-Inf	"SD"	42	24.7058823529412
"ECK120000612"	"murC"	"+"	100765	102240	1476	"M-C4h"	10	1.77243150079705	0	0	0	0.369918699186992	-Inf	"SD"	8	14.8148148148148
"ECK120000613"	"murD"	"+"	97087	98403	1317	"M-C4h"	7	1.39049068080752	0	0	0	0.362186788154898	-Inf	"SD"	3	6.38297872340426
"ECK120000614"	"murE"	"+"	93166	94653	1488	"M-C4h"	13	2.28557900788264	0	0	0	0.411962365591398	-Inf	"SD"	5	9.43396226415094
"ECK120000615"	"murF"	"+"	94650	96008	1359	"M-C4h"	11	2.11752743538932	0	0	0	0.28476821192053	-Inf	"SD"	2	4.25531914893617
"ECK120000616"	"murG"	"+"	99644	100711	1068	"M-C4h"	4	0	0	0	0	0.150749063670412	NA	"NO"	5	13.1578947368421
"ECK120000622"	"emrE"	"+"	567538	567870	333	"M-C4h"	0	0	0	0	0	0	NA	"NO"	NA	NA
"ECK120000623"	"nadA"	"+"	781308	782351	1044	"M-C4h"	3	0	0	0	0	0.189655172413793	NA	"NO"	NA	NA
"ECK120000625"	"nagA"	"-"	700826	701974	1149	"M-C4h"	20	4.55371435191722	0	0	0	0.369016536118364	-Inf	"SD"	4	9.75609756097561
"ECK120000627"	"umpH"	"-"	698797	699549	753	"M-C4h"	2	0	0	0	0	0.134130146082337	NA	"NO"	11	40.7407407407407
"ECK120000629"	"nagC"	"-"	699597	700817	1221	"M-C4h"	12	2.5711143932938	0	0	0	0.325962325962326	-Inf	"SD"	9	20
"ECK120000630"	"nanA"	"-"	3370705	3371598	894	"M-C4h"	1	0	0	0	0	0.0906040268456376	NA	"NO"	13	39.3939393939394
"ECK120000631"	"narG"	"+"	1279087	1282830	3744	"M-C4h"	2	0	2	60	0	0.0376602564102564	NA	"NO"	119	85
"ECK120000632"	"narH"	"+"	1282827	1284365	1539	"M-C4h"	3	0	0	0	0	0.0870695256660169	NA	"NO"	32	55.1724137931034
"ECK120000633"	"narI"	"+"	1285072	1285749	678	"M-C4h"	0	0	0	0	0	0	NA	"NO"	4	16
"ECK120000634"	"narJ"	"+"	1284362	1285072	711	"M-C4h"	1	0	0	0	0	0.0731364275668073	NA	"NO"	2	7.69230769230769
"ECK120000637"	"narV"	"-"	1533961	1534641	681	"M-C4h"	1	0	0	0	0	0.146842878120411	NA	"NO"	NA	NA
"ECK120000638"	"narW"	"-"	1534638	1535333	696	"M-C4h"	1	0	0	0	0	0.0014367816091954	NA	"NO"	NA	NA
"ECK120000640"	"narY"	"-"	1535333	1536877	1545	"M-C4h"	1	0	0	0	0	0.0362459546925566	NA	"NO"	NA	NA
"ECK120000641"	"narZ"	"-"	1536874	1540614	3741	"M-C4h"	1	0	0	0	0	0.0267308206361935	NA	"NO"	NA	NA
"ECK120000642"	"ndh"	"+"	1165308	1166612	1305	"M-C4h"	7	1.40327680201035	0	0	0	0.376245210727969	-Inf	"SD"	33	70.2127659574468
"ECK120000643"	"ndk"	"-"	2642455	2642886	432	"M-C4h"	13	7.87254991604022	0	0	0	0.974537037037037	-Inf	"SD"	10	66.6666666666667
"ECK120000644"	"nfo"	"+"	2248862	2249719	858	"M-C4h"	1	0	0	0	0	0.0699300699300699	NA	"NO"	6	19.3548387096774
"ECK120000645"	"nhaA"	"+"	17489	18655	1167	"M-C4h"	3	0	0	0	0	0.20222793487575	NA	"NO"	NA	NA
"ECK120000646"	"nirB"	"+"	3492033	3494576	2544	"M-C4h"	0	0	1	100	0	0	NA	"NO"	NA	NA
"ECK120000647"	"nirC"	"+"	3495025	3495831	807	"M-C4h"	1	0	0	0	0	0.0681536555142503	NA	"NO"	NA	NA
"ECK120000648"	"nirD"	"+"	3494573	3494899	327	"M-C4h"	0	0	0	0	0	0	NA	"NO"	NA	NA
"ECK120000651"	"bamC"	"-"	2595853	2596887	1035	"M-C4h"	21	5.30804703369133	0	0	0	0.835748792270531	-Inf	"SD"	3	8.10810810810811
"ECK120000654"	"nrdB"	"+"	2345406	2346536	1131	"M-C4h"	4	0	1	44	0	0.234305923961096	NA	"NO"	9	20.4545454545455
"ECK120000655"	"nth"	"+"	1709547	1710182	636	"M-C4h"	7	2.87936513620049	0	0	0	0.262578616352201	-Inf	"SD"	1	4.16666666666667
"ECK120000658"	"nusA"	"-"	3314061	3315548	1488	"M-C4h"	8	1.40651015869701	0	0	0	0.303763440860215	-Inf	"SD"	39	70.9090909090909
"ECK120000659"	"nusB"	"+"	434361	434780	420	"M-C4h"	7	4.36018149196074	0	0	0	0.880952380952381	-Inf	"SD"	5	31.25
"ECK120000660"	"nusG"	"+"	4175766	4176311	546	"M-C4h"	7	3.35398576304672	0	0	0	0.551282051282051	-Inf	"SD"	26	123.809523809524
"ECK120000661"	"ogt"	"-"	1397745	1398260	516	"M-C4h"	0	0	0	0	0	0	NA	"NO"	NA	NA
"ECK120000664"	"ompF"	"-"	985117	986205	1089	"M-C4h"	380	91.2875463881586	1	81	0	0.977043158861341	-Inf	"SD"	26	66.6666666666667
"ECK120000667"	"oppA"	"+"	1299206	1300837	1632	"M-C4h"	116	18.5948916568914	1	100	0	0.79718137254902	-Inf	"SD"	55	90.1639344262295
"ECK120000668"	"oppB"	"+"	1300923	1301843	921	"M-C4h"	5	0	0	0	0	0.242128121606949	NA	"NO"	4	12.1212121212121
"ECK120000669"	"oppC"	"+"	1301858	1302766	909	"M-C4h"	6	1.72680455127158	0	0	0	0.311331133113311	-Inf	"SD"	NA	NA
"ECK120000670"	"oppD"	"+"	1302778	1303791	1014	"M-C4h"	10	2.57998904849748	0	0	0	0.600591715976331	-Inf	"SD"	5	13.5135135135135
"ECK120000675"	"pabA"	"-"	3488288	3488851	564	"M-C4h"	0	0	0	0	0	0	NA	"NO"	NA	NA
"ECK120000677"	"pal"	"+"	778290	778811	522	"M-C4h"	25	12.5292571608067	0	0	0	0.867816091954023	-Inf	"SD"	4	21.0526315789474
"ECK120000678"	"panF"	"+"	3405629	3407080	1452	"M-C4h"	1	0	0	0	0	0.0502754820936639	NA	"NO"	NA	NA
"ECK120000679"	"parC"	"-"	3161737	3163995	2259	"M-C4h"	2	0	0	0	0	0.0885347498893316	NA	"NO"	16	19.047619047619
"ECK120000682"	"pcm"	"-"	2866915	2867541	627	"M-C4h"	3	1.25172674410356	0	0	0	0.290271132376396	-Inf	"SD"	1	4.34782608695652
"ECK120000683"	"pcnB"	"-"	157729	159126	1398	"M-C4h"	3	0	0	0	0	0.123748211731044	NA	"NO"	4	7.40740740740741
"ECK120000684"	"pdxA"	"-"	52427	53416	990	"M-C4h"	1	0	0	0	0	0.101010101010101	NA	"NO"	NA	NA
"ECK120000685"	"pdxJ"	"-"	2699020	2699751	732	"M-C4h"	9	3.21652733013497	0	0	0	0.616120218579235	-Inf	"SD"	4	15.3846153846154
"ECK120000689"	"pepP"	"-"	3051537	3052862	1326	"M-C4h"	12	2.36751936215063	0	0	0	0.509803921568627	-Inf	"SD"	9	18
"ECK120000691"	"pfkA"	"+"	4105575	4106537	963	"M-C4h"	6	1.62997438951803	0	0	0	0.489096573208723	-Inf	"SD"	29	82.8571428571429
"ECK120000693"	"pflB"	"-"	950495	952777	2283	"M-C4h"	100	11.4590840787404	0	0	0	0.929916776171704	-Inf	"SD"	187	220
"ECK120000695"	"pgk"	"-"	3069481	3070644	1164	"M-C4h"	17	3.82077759604807	0	0	0	0.624570446735395	-Inf	"SD"	185	451.219512195122
"ECK120000698"	"pgsA"	"-"	1990293	1990841	549	"M-C4h"	10	4.76522567427403	0	0	0	0.66120218579235	-Inf	"SD"	NA	NA
"ECK120000701"	"pheS"	"-"	1795983	1796966	984	"M-C4h"	1	0	1	48	0	0.0508130081300813	NA	"NO"	21	56.7567567567568
"ECK120000702"	"pheT"	"-"	1793581	1795968	2388	"M-C4h"	39	4.27253965292635	0	0	0	0.263819095477387	-Inf	"SD"	69	79.3103448275862
"ECK120000704"	"yjdN"	"-"	4323321	4323764	444	"M-C4h"	3	1.76764114538949	1	100	0	0.40990990990991	-Inf	"SD"	NA	NA
"ECK120000705"	"phnC"	"-"	4322400	4323188	789	"M-C4h"	0	0	0	0	0	0	NA	"NO"	NA	NA
"ECK120000706"	"phnD"	"-"	4321359	4322375	1017	"M-C4h"	0	0	0	0	0	0	NA	"NO"	NA	NA
"ECK120000707"	"phnF"	"-"	4319720	4320445	726	"M-C4h"	0	0	0	0	0	0	NA	"NO"	NA	NA
"ECK120000708"	"phnG"	"-"	4319267	4319719	453	"M-C4h"	0	0	0	0	0	0	NA	"NO"	NA	NA
"ECK120000709"	"phnH"	"-"	4318686	4319270	585	"M-C4h"	0	0	0	0	0	0	NA	"NO"	NA	NA
"ECK120000710"	"phnI"	"-"	4317622	4318686	1065	"M-C4h"	0	0	0	0	0	0	NA	"NO"	NA	NA
"ECK120000711"	"phnJ"	"-"	4316784	4317629	846	"M-C4h"	0	0	0	0	0	0	NA	"NO"	NA	NA
"ECK120000712"	"phnK"	"-"	4316029	4316787	759	"M-C4h"	0	0	0	0	0	0	NA	"NO"	NA	NA
"ECK120000713"	"phnL"	"-"	4315238	4315918	681	"M-C4h"	0	0	0	0	0	0	NA	"NO"	NA	NA
"ECK120000714"	"phnM"	"-"	4314105	4315241	1137	"M-C4h"	0	0	0	0	0	0	NA	"NO"	NA	NA
"ECK120000715"	"phnN"	"-"	4313548	4314105	558	"M-C4h"	0	0	0	0	0	0	NA	"NO"	NA	NA
"ECK120000716"	"phnO"	"-"	4313127	4313561	435	"M-C4h"	0	0	0	0	0	0	NA	"NO"	NA	NA
"ECK120000718"	"phoA"	"+"	400971	402386	1416	"M-C4h"	5	0	0	0	0	0.178672316384181	NA	"NO"	NA	NA
"ECK120000721"	"creC"	"+"	4634719	4636143	1425	"M-C4h"	1	0	2	43	0	0.0701754385964912	NA	"NO"	NA	NA
"ECK120000722"	"phoP"	"-"	1188999	1189670	672	"M-C4h"	29	11.2897556488269	0	0	0	0.485119047619048	-Inf	"SD"	18	69.2307692307692
"ECK120000723"	"phoQ"	"-"	1187539	1188999	1461	"M-C4h"	3	0	0	0	0	0.134154688569473	NA	"NO"	NA	NA
"ECK120000724"	"phoR"	"+"	417113	418408	1296	"M-C4h"	3	0	0	0	0	0.0941358024691358	NA	"NO"	NA	NA
"ECK120000725"	"pstS"	"-"	3908508	3909548	1041	"M-C4h"	3	0	0	0	0	0.212295869356388	NA	"NO"	5	13.5135135135135
"ECK120000726"	"phoU"	"-"	3904876	3905601	726	"M-C4h"	1	0	0	0	0	0.137741046831956	NA	"NO"	4	14.8148148148148
"ECK120000734"	"pnp"	"-"	3307055	3309190	2136	"M-C4h"	55	6.73623545106293	1	57	0	0.758426966292135	-Inf	"SD"	158	205.194805194805
"ECK120000738"	"polB"	"-"	63429	65780	2352	"M-C4h"	5	0	0	0	0	0.0871598639455782	NA	"NO"	NA	NA
"ECK120000741"	"potB"	"-"	1182840	1183667	828	"M-C4h"	1	0	1	57	0	0.101449275362319	NA	"NO"	NA	NA
"ECK120000742"	"potC"	"-"	1182049	1182843	795	"M-C4h"	1	0	0	0	0	0.0251572327044025	NA	"NO"	NA	NA
"ECK120000743"	"potD"	"-"	1181006	1182052	1047	"M-C4h"	3	0	0	0	0	0.220630372492837	NA	"NO"	23	58.974358974359
"ECK120000744"	"potE"	"-"	716169	717488	1320	"M-C4h"	1	0	0	0	0	0.0757575757575758	NA	"NO"	NA	NA
"ECK120000745"	"poxB"	"-"	908554	910272	1719	"M-C4h"	1	0	0	0	0	0.0116346713205352	NA	"NO"	NA	NA
"ECK120000747"	"ppc"	"-"	4148470	4151121	2652	"M-C4h"	23	2.26887272206102	0	0	0	0.368024132730015	-Inf	"SD"	40	40.4040404040404
"ECK120000751"	"prc"	"-"	1910792	1912840	2049	"M-C4h"	13	1.65980554598798	0	0	0	0.306490971205466	-Inf	"SD"	20	25.974025974026
"ECK120000752"	"prfA"	"+"	1264235	1265317	1083	"M-C4h"	1	0	1	35	0	0.0627885503231764	NA	"NO"	5	12.1951219512195
"ECK120000753"	"prfB"	"-"	3033206	3034304	1099	"M-C4h"	2	0	0	0	0	0.129208371246588	NA	"NO"	15	36.5853658536585
"ECK120000755"	"priB"	"+"	4423543	4423857	315	"M-C4h"	4	0	0	0	0	0.120634920634921	NA	"NO"	NA	NA
"ECK120000757"	"secY"	"-"	3440788	3442119	1332	"M-C4h"	64	12.5698925894364	2	56	0	0.638138138138138	-Inf	"SD"	16	32.6530612244898
"ECK120000758"	"proA"	"+"	260727	261980	1254	"M-C4h"	4	0.83448449606904	0	0	0	0.279106858054226	-Inf	"SD"	8	17.7777777777778
"ECK120000761"	"proS"	"-"	217057	218775	1719	"M-C4h"	1	0	0	0	0	0.0395578824898197	NA	"NO"	58	90.625
"ECK120000762"	"proV"	"+"	2802837	2804039	1203	"M-C4h"	6	0	0	0	0	0.162094763092269	NA	"NO"	13	29.5454545454545
"ECK120000763"	"proW"	"+"	2804032	2805096	1065	"M-C4h"	2	0	0	0	0	0.0788732394366197	NA	"NO"	7	18.4210526315789
"ECK120000764"	"proX"	"+"	2805154	2806146	993	"M-C4h"	1	0	0	0	0	0.0725075528700906	NA	"NO"	20	55.5555555555556
"ECK120000765"	"prs"	"-"	1260151	1261098	948	"M-C4h"	6	1.65576512352939	0	0	0	0.318565400843882	-Inf	"SD"	42	123.529411764706
"ECK120000766"	"psd"	"-"	4387415	4388383	969	"M-C4h"	1	0	0	0	0	0.103199174406605	NA	"NO"	8	22.2222222222222
"ECK120000768"	"pspB"	"+"	1366825	1367049	225	"M-C4h"	2	2.32543012904573	0	0	0	0.288888888888889	-Inf	"SD"	NA	NA
"ECK120000769"	"pspC"	"+"	1367049	1367408	360	"M-C4h"	12	8.72036298392147	0	0	0	0.777777777777778	-Inf	"SD"	NA	NA
"ECK120000770"	"pspD"	"+"	1367417	1367638	222	"M-C4h"	7	8.24899201181761	0	0	0	0.752252252252252	-Inf	"SD"	NA	NA
"ECK120000771"	"pspE"	"+"	1367713	1368027	315	"M-C4h"	22	18.2712367282164	0	0	0	0.901587301587302	-Inf	"SD"	3	27.2727272727273
"ECK120000773"	"pstA"	"-"	3906572	3907462	891	"M-C4h"	0	0	0	0	0	0	NA	"NO"	NA	NA
"ECK120000774"	"pstB"	"-"	3905616	3906389	774	"M-C4h"	1	0	0	0	0	0.129198966408269	NA	"NO"	2	6.89655172413793
"ECK120000775"	"pstC"	"-"	3907462	3908421	960	"M-C4h"	0	0	0	0	0	0	NA	"NO"	NA	NA
"ECK120000777"	"ptrA"	"-"	2954018	2956906	2889	"M-C4h"	0	0	0	0	0	0	NA	"NO"	6	5.55555555555556
"ECK120000779"	"ptsH"	"+"	2531786	2532043	258	"M-C4h"	3	3.04198708741447	0	0	0	0.581395348837209	-Inf	"SD"	38	422.222222222222
"ECK120000780"	"ptsI"	"+"	2532088	2533815	1728	"M-C4h"	47	7.11557396257481	1	73	0	0.8125	-Inf	"SD"	48	75
"ECK120000781"	"purA"	"+"	4402710	4404008	1299	"M-C4h"	49	9.86830915039612	0	0	0	0.590454195535027	-Inf	"SD"	53	112.765957446809
"ECK120000782"	"purC"	"-"	2594927	2595640	714	"M-C4h"	0	0	9	222	40.5405405405405	0	Inf	"AD"	8	29.6296296296296
"ECK120000784"	"purE"	"-"	551814	552323	510	"M-C4h"	0	0	0	0	0	0	NA	"NO"	4	22.2222222222222
"ECK120000785"	"purF"	"-"	2426743	2428260	1518	"M-C4h"	2	0	0	0	0	0.041501976284585	NA	"NO"	1	1.78571428571429
"ECK120000790"	"purN"	"+"	2620256	2620894	639	"M-C4h"	2	0	0	0	0	0.139280125195618	NA	"NO"	1	4.34782608695652
"ECK120000797"	"pyrC"	"-"	1120784	1121830	1047	"M-C4h"	1	0	1	36	0	0.0219675262655205	NA	"NO"	8	20.5128205128205
"ECK120000798"	"pyrD"	"+"	1003991	1005001	1011	"M-C4h"	0	0	0	0	0	0	NA	"NO"	6	16.2162162162162
"ECK120000800"	"pyrF"	"+"	1339945	1340682	738	"M-C4h"	0	0	0	0	0	0	NA	"NO"	8	30.7692307692308
"ECK120000801"	"pyrG"	"-"	2906051	2907688	1638	"M-C4h"	7	0	0	0	0	0.209401709401709	NA	"NO"	17	28.3333333333333
"ECK120000802"	"pyrI"	"-"	4469009	4469470	462	"M-C4h"	2	0	0	0	0	0.101731601731602	NA	"NO"	NA	NA
"ECK120000804"	"racC"	"-"	1415512	1415787	276	"M-C4h"	0	0	0	0	0	0	NA	"NO"	NA	NA
"ECK120000805"	"rbsA"	"+"	3931801	3933306	1506	"M-C4h"	10	1.73712410038276	0	0	0	0.328685258964143	-Inf	"SD"	10	18.1818181818182
"ECK120000806"	"rbsB"	"+"	3934301	3935191	891	"M-C4h"	144	42.2805478008314	0	0	0	0.800224466891134	-Inf	"SD"	49	158.064516129032
"ECK120000807"	"rbsC"	"+"	3933311	3934276	966	"M-C4h"	82	22.2071355491168	0	0	0	0.734989648033126	-Inf	"SD"	NA	NA
"ECK120000808"	"rbsD"	"+"	3931374	3931793	420	"M-C4h"	247	153.852118359186	0	0	0	1	-Inf	"SD"	NA	NA
"ECK120000809"	"rbsK"	"+"	3935317	3936246	930	"M-C4h"	1	0	0	0	0	0.0709677419354839	NA	"NO"	8	25
"ECK120000814"	"recA"	"-"	2820730	2821791	1062	"M-C4h"	76	18.7216832423173	0	0	0	0.906779661016949	-Inf	"SD"	13	34.2105263157895
"ECK120000815"	"recB"	"-"	2950483	2954025	3543	"M-C4h"	1	0	0	0	0	0.0189105278012983	NA	"NO"	2	1.49253731343284
"ECK120000816"	"recC"	"-"	2957082	2960450	3369	"M-C4h"	3	0	2	94	0	0.0718314039774414	NA	"NO"	5	3.87596899224806
"ECK120000818"	"recE"	"-"	1412810	1415410	2601	"M-C4h"	0	0	0	0	0	0	NA	"NO"	NA	NA
"ECK120000819"	"recF"	"-"	3878171	3879244	1074	"M-C4h"	1	0	1	67	0	0.00186219739292365	NA	"NO"	NA	NA
"ECK120000821"	"recJ"	"-"	3034395	3036128	1734	"M-C4h"	0	0	0	0	0	0	NA	"NO"	NA	NA
"ECK120000822"	"recN"	"+"	2749817	2751478	1662	"M-C4h"	10	1.57407274078005	0	0	0	0.372442839951865	-Inf	"SD"	NA	NA
"ECK120000823"	"recO"	"-"	2699763	2700491	729	"M-C4h"	0	0	0	0	0	0	NA	"NO"	NA	NA
"ECK120000824"	"recQ"	"+"	4003887	4005716	1830	"M-C4h"	0	0	0	0	0	0	NA	"NO"	NA	NA
"ECK120000825"	"recR"	"+"	493629	494234	606	"M-C4h"	1	0	0	0	0	0.15016501650165	NA	"NO"	2	9.09090909090909
"ECK120000826"	"relA"	"-"	2909439	2911673	2235	"M-C4h"	5	0	0	0	0	0.121252796420582	NA	"NO"	NA	NA
"ECK120000831"	"rfe"	"+"	3965939	3967042	1104	"M-C4h"	0	0	0	0	0	0	NA	"NO"	NA	NA
"ECK120000836"	"rho"	"+"	3964440	3965699	1260	"M-C4h"	10	0	0	0	0	0.223015873015873	NA	"NO"	51	108.510638297872
"ECK120000838"	"rhsB"	"+"	3617215	3621450	4236	"M-C4h"	4	0	0	0	0	0.0120396600566572	NA	"NO"	NA	NA
"ECK120000839"	"rhsC"	"+"	728806	732999	4194	"M-C4h"	0	0	0	0	0	0	NA	"NO"	NA	NA
"ECK120000840"	"rhsD"	"+"	522485	526765	4281	"M-C4h"	1	0	0	0	0	0.0168185003503854	NA	"NO"	NA	NA
"ECK120000841"	"rimI"	"+"	4606208	4606654	447	"M-C4h"	1	0	0	0	0	0.223713646532438	NA	"NO"	0	0
"ECK120000843"	"rimK"	"+"	891190	892092	903	"M-C4h"	0	0	1	100	0	0	NA	"NO"	NA	NA
"ECK120000845"	"rlpA"	"-"	663325	664413	1089	"M-C4h"	1	0	1	59	0	0.0899908172635445	NA	"NO"	NA	NA
"ECK120000846"	"lptE"	"-"	670828	671409	582	"M-C4h"	6	2.69701947956334	0	0	0	0.560137457044674	-Inf	"SD"	2	9.52380952380952
"ECK120000848"	"rnc"	"-"	2701405	2702085	681	"M-C4h"	0	0	0	0	0	0	NA	"NO"	1	3.84615384615385
"ECK120000852"	"rnhB"	"+"	204493	205089	597	"M-C4h"	0	0	0	0	0	0	NA	"NO"	NA	NA
"ECK120000853"	"rnpA"	"+"	3882516	3882875	360	"M-C4h"	0	0	0	0	0	0	NA	"NO"	NA	NA
"ECK120000855"	"rplA"	"+"	4176902	4177606	705	"M-C4h"	17	6.30834769049638	0	0	0	0.836879432624113	-Inf	"SD"	181	724
"ECK120000856"	"rplB"	"-"	3448565	3449386	822	"M-C4h"	5	1.59130711385428	1	78	0	0.287104622871046	-Inf	"SD"	58	193.333333333333
"ECK120000857"	"rplC"	"-"	3450319	3450948	630	"M-C4h"	10	4.15255380186737	0	0	0	0.441269841269841	-Inf	"SD"	54	245.454545454545
"ECK120000858"	"rplD"	"-"	3449703	3450308	606	"M-C4h"	14	6.04381592945052	0	0	0	0.646864686468647	-Inf	"SD"	27	122.727272727273
"ECK120000859"	"rplE"	"-"	3444921	3445460	540	"M-C4h"	13	6.29803993283217	3	100	0	0.812962962962963	-Inf	"SD"	36	180
"ECK120000860"	"rplF"	"-"	3443629	3444162	534	"M-C4h"	6	2.93944819682746	0	0	0	0.691011235955056	-Inf	"SD"	47	247.368421052632
"ECK120000862"	"rplJ"	"+"	4178019	4178516	498	"M-C4h"	24	12.6077537116937	3	53	0	0.907630522088353	-Inf	"SD"	14	77.7777777777778
"ECK120000863"	"rplK"	"+"	4176470	4176898	429	"M-C4h"	4	2.43926237312489	1	41	0	0.48951048951049	-Inf	"SD"	24	160
"ECK120000864"	"rplL"	"+"	4178583	4178948	366	"M-C4h"	45	32.1652733013497	0	0	0	0.975409836065574	-Inf	"SD"	124	1033.33333333333
"ECK120000865"	"rplM"	"-"	3376245	3376673	429	"M-C4h"	4	2.43926237312489	0	0	0	0.258741258741259	-Inf	"SD"	10	62.5
"ECK120000866"	"rplN"	"-"	3445800	3446171	372	"M-C4h"	9	6.32929571413655	1	36	0	0.733870967741935	-Inf	"SD"	9	64.2857142857143
"ECK120000867"	"rplO"	"-"	3442127	3442561	435	"M-C4h"	26	15.6365129366868	0	0	0	0.949425287356322	-Inf	"SD"	25	166.666666666667
"ECK120000868"	"rplP"	"-"	3446781	3447191	411	"M-C4h"	11	7.00175130095884	0	0	0	0.817518248175182	-Inf	"SD"	19	126.666666666667
"ECK120000869"	"rplQ"	"-"	3437638	3438021	384	"M-C4h"	12	8.17534029742638	0	0	0	0.8515625	-Inf	"SD"	16	114.285714285714
"ECK120000870"	"rplR"	"-"	3443266	3443619	354	"M-C4h"	19	14.041262431738	0	0	0	0.895480225988701	-Inf	"SD"	NA	NA
"ECK120000872"	"rplT"	"-"	1797417	1797773	357	"M-C4h"	21	15.3888758539791	0	0	0	0.952380952380952	-Inf	"SD"	6	46.1538461538462
"ECK120000873"	"rplV"	"-"	3447923	3448255	333	"M-C4h"	8	6.28494629471818	0	0	0	0.795795795795796	-Inf	"SD"	17	141.666666666667
"ECK120000874"	"rplW"	"-"	3449404	3449706	303	"M-C4h"	9	7.7706204807221	0	0	0	0.521452145214521	-Inf	"SD"	NA	NA
"ECK120000875"	"rplX"	"-"	3445475	3445789	315	"M-C4h"	5	4.15255380186737	0	0	0	0.765079365079365	-Inf	"SD"	75	681.818181818182
"ECK120000877"	"rpmB"	"-"	3809461	3809697	237	"M-C4h"	7	7.72690390980384	0	0	0	0.578059071729958	-Inf	"SD"	3	33.3333333333333
"ECK120000878"	"rpmC"	"-"	3446590	3446781	192	"M-C4h"	37	50.414598500796	0	0	0	1	-Inf	"SD"	5	71.4285714285714
"ECK120000879"	"rpmD"	"-"	3442565	3442744	180	"M-C4h"	4	5.81357532261431	0	0	0	0.694444444444444	-Inf	"SD"	5	71.4285714285714
"ECK120000881"	"rpmF"	"+"	1146590	1146763	174	"M-C4h"	0	0	0	0	0	0	NA	"NO"	NA	NA
"ECK120000882"	"rpmG"	"-"	3809273	3809440	168	"M-C4h"	3	4.67162302710079	0	0	0	0.410714285714286	-Inf	"SD"	NA	NA
"ECK120000884"	"rpoA"	"-"	3438062	3439051	990	"M-C4h"	28	7.39909586514549	0	0	0	0.743434343434343	-Inf	"SD"	84	227.027027027027
"ECK120000885"	"rpoB"	"+"	4179268	4183296	4029	"M-C4h"	22	1.42850324382928	0	0	0	0.298833457433606	-Inf	"SD"	261	172.847682119205
"ECK120000886"	"rpoC"	"+"	4183373	4187596	4224	"M-C4h"	30	1.85803188577872	0	0	0	0.36813446969697	-Inf	"SD"	398	256.774193548387
"ECK120000888"	"rpoH"	"-"	3597952	3598806	855	"M-C4h"	36	11.0151953481113	0	0	0	0.734502923976608	-Inf	"SD"	NA	NA
"ECK120000889"	"rpoN"	"+"	3342739	3344172	1434	"M-C4h"	38	6.93250613784552	0	0	0	0.52928870292887	-Inf	"SD"	6	11.1111111111111
"ECK120000890"	"rpoZ"	"+"	3820129	3820404	276	"M-C4h"	10	9.47865541730595	0	0	0	0.695652173913043	-Inf	"SD"	5	50
"ECK120000891"	"rpsA"	"+"	961218	962891	1674	"M-C4h"	81	12.6585914282731	0	0	0	0.91636798088411	-Inf	"SD"	462	757.377049180328
"ECK120000892"	"rpsB"	"+"	189874	190599	726	"M-C4h"	10	3.60345577847995	0	0	0	0.714876033057851	-Inf	"SD"	54	200
"ECK120000893"	"rpsC"	"-"	3447204	3447905	702	"M-C4h"	9	3.35398576304672	0	0	0	0.447293447293447	-Inf	"SD"	130	500
"ECK120000894"	"rpsD"	"-"	3439077	3439697	621	"M-C4h"	25	10.5318393525622	0	0	0	0.91304347826087	-Inf	"SD"	61	265.217391304348
"ECK120000895"	"rpsE"	"-"	3442748	3443251	504	"M-C4h"	13	6.74789992803447	0	0	0	0.779761904761905	-Inf	"SD"	100	555.555555555556
"ECK120000897"	"rpsG"	"-"	3471564	3472103	540	"M-C4h"	29	14.0494736963179	0	0	0	0.905555555555556	-Inf	"SD"	28	140
"ECK120000898"	"rpsH"	"-"	3444175	3444567	393	"M-C4h"	8	5.32541250926502	0	0	0	0.536895674300254	-Inf	"SD"	22	157.142857142857
"ECK120000899"	"rpsI"	"-"	3375837	3376229	393	"M-C4h"	7	4.65973594560689	0	0	0	0.71501272264631	-Inf	"SD"	4	26.6666666666667
"ECK120000900"	"rpsJ"	"-"	3450981	3451292	312	"M-C4h"	7	5.86947508533176	0	0	0	0.567307692307692	-Inf	"SD"	22	183.333333333333
"ECK120000901"	"rpsK"	"-"	3439731	3440120	390	"M-C4h"	15	10.0619572891402	0	0	0	0.982051282051282	-Inf	"SD"	8	57.1428571428571
"ECK120000902"	"rpsL"	"-"	3472200	3472574	375	"M-C4h"	1	0	0	0	0	0.16	NA	"NO"	NA	NA
"ECK120000903"	"rpsM"	"-"	3440137	3440493	357	"M-C4h"	6	4.39682167256545	0	0	0	0.711484593837535	-Inf	"SD"	24	184.615384615385
"ECK120000904"	"rpsN"	"-"	3444601	3444906	306	"M-C4h"	10	8.54937547443281	0	0	0	0.911764705882353	-Inf	"SD"	5	41.6666666666667
"ECK120000905"	"rpsO"	"-"	3309437	3309706	270	"M-C4h"	7	6.78250454305003	0	0	0	0.966666666666667	-Inf	"SD"	6	60
"ECK120000906"	"rpsP"	"-"	2743959	2744207	249	"M-C4h"	1	1.05064614264114	0	0	0	0.317269076305221	-Inf	"SD"	9	100
"ECK120000907"	"rpsQ"	"-"	3446336	3446590	255	"M-C4h"	68	69.7629038713718	0	0	0	1	-Inf	"SD"	2	20
"ECK120000908"	"rpsR"	"+"	4423862	4424089	228	"M-C4h"	4	0	0	0	0	0.0833333333333333	NA	"NO"	9	100
"ECK120000909"	"rpsS"	"-"	3448270	3448548	279	"M-C4h"	10	9.37673439131341	0	0	0	1	-Inf	"SD"	8	80
"ECK120000916"	"sbcC"	"-"	411831	414977	3147	"M-C4h"	1	0	0	0	0	0.0314585319351764	NA	"NO"	5	4.20168067226891
"ECK120000918"	"sbp"	"+"	4106857	4107846	990	"M-C4h"	0	0	0	0	0	0	NA	"NO"	4	10.8108108108108
"ECK120000919"	"sdaA"	"+"	1894956	1896320	1365	"M-C4h"	19	3.64147025702215	1	42	0	0.55970695970696	-Inf	"SD"	1	2.04081632653061
"ECK120000920"	"sdhA"	"+"	755130	756896	1767	"M-C4h"	542	80.2451058961874	0	0	0	1	-Inf	"SD"	94	146.875
"ECK120000921"	"sdhB"	"+"	756912	757628	717	"M-C4h"	380	138.65012275691	0	0	0	1	-Inf	"SD"	37	137.037037037037
"ECK120000923"	"sdhD"	"+"	754783	755130	348	"M-C4h"	67	50.367613786443	1	41	0	0.942528735632184	-Inf	"SD"	NA	NA
"ECK120000925"	"secA"	"+"	108279	110984	2706	"M-C4h"	23	2.22359588281811	0	0	0	0.405764966740576	-Inf	"SD"	79	77.4509803921569
"ECK120000926"	"secB"	"-"	3781684	3782151	468	"M-C4h"	18	10.0619572891402	0	0	0	0.824786324786325	-Inf	"SD"	16	94.1176470588235
"ECK120000927"	"secD"	"+"	426871	428718	1848	"M-C4h"	10	1.41564334154569	0	0	0	0.272186147186147	-Inf	"SD"	35	52.2388059701493
"ECK120000928"	"secE"	"+"	4175381	4175764	384	"M-C4h"	4	2.72511343247546	0	0	0	0.453125	-Inf	"SD"	NA	NA
"ECK120000929"	"secF"	"+"	428729	429700	972	"M-C4h"	9	2.4223230510893	0	0	0	0.581275720164609	-Inf	"SD"	12	34.2857142857143
"ECK120000930"	"selA"	"-"	3757881	3759272	1392	"M-C4h"	1	0	0	0	0	0.0352011494252874	NA	"NO"	1	1.96078431372549
"ECK120000931"	"selB"	"-"	3756040	3757884	1845	"M-C4h"	0	0	0	0	0	0	NA	"NO"	11	15.9420289855072
"ECK120000932"	"selD"	"-"	1844989	1846032	1044	"M-C4h"	39	9.77282058542924	0	0	0	0.931992337164751	-Inf	"SD"	14	37.8378378378378
"ECK120000935"	"serC"	"+"	956876	957964	1089	"M-C4h"	24	5.76552924556791	0	0	0	0.686868686868687	-Inf	"SD"	14	35
"ECK120000936"	"serS"	"+"	938651	939943	1293	"M-C4h"	36	7.28382987056086	0	0	0	0.778035576179428	-Inf	"SD"	19	39.5833333333333
"ECK120000937"	"maeA"	"-"	1551996	1553693	1698	"M-C4h"	7	1.0784901216864	0	0	0	0.263839811542992	-Inf	"SD"	28	44.4444444444444
"ECK120000938"	"sfsA"	"-"	160782	161486	705	"M-C4h"	47	17.4407259678429	0	0	0	0.814184397163121	-Inf	"SD"	3	11.5384615384615
"ECK120000944"	"prlF"	"+"	3275024	3275359	336	"M-C4h"	107	83.310610649964	0	0	0	1	-Inf	"SD"	NA	NA
"ECK120000948"	"speA"	"-"	3081957	3083933	1977	"M-C4h"	20	2.6465441529352	0	0	0	0.467374810318665	-Inf	"SD"	26	35.1351351351351
"ECK120000952"	"speE"	"-"	135598	136464	867	"M-C4h"	4	0	0	0	0	0.239907727797001	NA	"NO"	7	21.875
"ECK120000955"	"spoT"	"+"	3820423	3822531	2109	"M-C4h"	2	0	0	0	0	0.078710289236605	NA	"NO"	NA	NA
"ECK120000956"	"trmH"	"+"	3822538	3823227	690	"M-C4h"	1	0	0	0	0	0.144927536231884	NA	"NO"	2	8
"ECK120000958"	"srlE"	"+"	2824414	2825373	960	"M-C4h"	3	0	0	0	0	0.201041666666667	NA	"NO"	12	36.3636363636364
"ECK120000959"	"srlB"	"+"	2825384	2825755	372	"M-C4h"	0	0	0	0	0	0	NA	"NO"	6	46.1538461538462
"ECK120000960"	"srlD"	"+"	2825759	2826538	780	"M-C4h"	2	0	0	0	0	0.151282051282051	NA	"NO"	15	53.5714285714286
"ECK120000961"	"gutM"	"+"	2826643	2827002	360	"M-C4h"	0	0	0	0	0	0	NA	"NO"	NA	NA
"ECK120000963"	"srlR"	"+"	2827069	2827842	774	"M-C4h"	2	0	1	46	0	0.0658914728682171	NA	"NO"	2	7.14285714285714
"ECK120000966"	"sspA"	"-"	3374804	3375442	639	"M-C4h"	6	2.45644027716098	0	0	0	0.291079812206573	-Inf	"SD"	19	79.1666666666667
"ECK120000968"	"sucA"	"+"	757929	760730	2802	"M-C4h"	454	42.388059900432	0	0	0	0.988936473947181	-Inf	"SD"	132	125.714285714286
"ECK120000969"	"sucB"	"+"	760745	761962	1218	"M-C4h"	218	46.8236239038148	0	0	0	1	-Inf	"SD"	69	156.818181818182
"ECK120000970"	"sucC"	"+"	762237	763403	1167	"M-C4h"	152	34.0744260554258	0	0	0	1	-Inf	"SD"	129	314.634146341463
"ECK120000973"	"sulA"	"-"	1019633	1020142	510	"M-C4h"	7	3.59073769926178	NA	187	417.112299465241	0.413725490196078	2.11919385493098	"AD"	NA	NA
"ECK120000974"	"surA"	"-"	53416	54702	1287	"M-C4h"	11	2.23599050869781	0	0	0	0.501942501942502	-Inf	"SD"	27	57.4468085106383
"ECK120000976"	"tap"	"-"	1967407	1969008	1602	"M-C4h"	6	0.979816065609154	0	0	0	0.252808988764045	-Inf	"SD"	3	5.17241379310345
"ECK120000977"	"tar"	"-"	1969054	1970715	1662	"M-C4h"	11	1.73148001485805	0	0	0	0.300240673886883	-Inf	"SD"	15	25
"ECK120000979"	"tdcB"	"-"	3263061	3264050	990	"M-C4h"	0	0	0	0	0	0	NA	"NO"	NA	NA
"ECK120000980"	"tdcC"	"-"	3261708	3263039	1332	"M-C4h"	1	0	0	0	0	0.0720720720720721	NA	"NO"	NA	NA
"ECK120000982"	"tdh"	"-"	3788343	3789368	1026	"M-C4h"	44	11.2191804471504	0	0	0	0.84990253411306	-Inf	"SD"	16	43.2432432432432
"ECK120000985"	"tgt"	"+"	425361	426488	1128	"M-C4h"	3	0	0	0	0	0.223404255319149	NA	"NO"	6	13.953488372093
"ECK120000986"	"mnmE"	"+"	3884851	3886215	1365	"M-C4h"	5	0.958281646584777	0	0	0	0.259340659340659	-Inf	"SD"	1	2.04081632653061
"ECK120000987"	"thrA"	"+"	337	2799	2463	"M-C4h"	12	1.27459629484845	9	110	0	0.304100690215185	-Inf	"SD"	74	83.1460674157303
"ECK120000988"	"thrB"	"+"	2801	3733	933	"M-C4h"	22	6.16874551917275	0	0	0	0.818863879957128	-Inf	"SD"	NA	NA
"ECK120000989"	"thrC"	"+"	3734	5020	1287	"M-C4h"	6	1.21963118656244	0	0	0	0.35042735042735	-Inf	"SD"	19	40.4255319148936
"ECK120000991"	"thyA"	"-"	2962383	2963177	795	"M-C4h"	1	0	1	82	0	0.0540880503144654	NA	"NO"	6	20
"ECK120000992"	"tig"	"+"	454357	455655	1299	"M-C4h"	6	0	0	0	0	0.165511932255581	NA	"NO"	164	341.666666666667
"ECK120000994"	"tnaA"	"+"	3886753	3888168	1416	"M-C4h"	66	12.1937279012461	0	0	0	0.79590395480226	-Inf	"SD"	466	879.245283018868
"ECK120000995"	"tnaB"	"+"	3888259	3889506	1248	"M-C4h"	1	0	7	91	65.9340659340659	0.0408653846153846	Inf	"AD"	NA	NA
"ECK120000996"	"tolA"	"+"	775565	776830	1266	"M-C4h"	2	0	0	0	0	0.118483412322275	NA	"NO"	NA	NA
"ECK120000997"	"tolB"	"+"	776963	778255	1293	"M-C4h"	17	3.43958632776485	0	0	0	0.40061871616396	-Inf	"SD"	15	32.6086956521739
"ECK120000999"	"tolQ"	"+"	774376	775068	693	"M-C4h"	4	1.51001956431541	0	0	0	0.323232323232323	-Inf	"SD"	0	0
"ECK120001000"	"tolR"	"+"	775072	775500	429	"M-C4h"	1	0	0	0	0	0.151515151515152	NA	"NO"	1	6.66666666666667
"ECK120001003"	"topB"	"-"	1843023	1844984	1962	"M-C4h"	3	0	0	0	0	0.123853211009174	NA	"NO"	0	0
"ECK120001008"	"trkA"	"+"	3434540	3435916	1377	"M-C4h"	7	0	1	100	0	0.246187363834423	NA	"NO"	NA	NA
"ECK120001009"	"trkG"	"+"	1421806	1423263	1458	"M-C4h"	0	0	1	76	0	0	NA	"NO"	NA	NA
"ECK120001010"	"trkH"	"+"	4031168	4032619	1452	"M-C4h"	2	0	0	0	0	0.068870523415978	NA	"NO"	NA	NA
"ECK120001012"	"trmD"	"-"	2742594	2743361	768	"M-C4h"	14	4.76894850683205	0	0	0	0.65234375	-Inf	"SD"	8	28.5714285714286
"ECK120001013"	"trpA"	"-"	1314440	1315246	807	"M-C4h"	37	11.9945513161745	0	0	0	0.712515489467162	-Inf	"SD"	8	27.5862068965517
"ECK120001014"	"trpB"	"-"	1315246	1316439	1194	"M-C4h"	58	12.7080666599861	0	0	0	0.948911222780569	-Inf	"SD"	20	46.5116279069767
"ECK120001015"	"trpC"	"-"	1316451	1317809	1359	"M-C4h"	74	14.2451845653463	0	0	0	0.908020603384842	-Inf	"SD"	2	4.08163265306122
"ECK120001016"	"trpD"	"-"	1317813	1319408	1596	"M-C4h"	118	19.3421584981717	0	0	0	0.843358395989975	-Inf	"SD"	6	10.5263157894737
"ECK120001017"	"trpE"	"-"	1319408	1320970	1563	"M-C4h"	88	14.7292119498098	1	54	0	0.856685860524632	-Inf	"SD"	6	10.5263157894737
"ECK120001019"	"trpS"	"-"	3510656	3511660	1005	"M-C4h"	5	1.30154671401813	0	0	0	0.317412935323383	-Inf	"SD"	15	40.5405405405405
"ECK120001022"	"tsf"	"+"	190857	191708	852	"M-C4h"	8	2.45644027716098	1	53	0	0.335680751173709	-Inf	"SD"	202	673.333333333333
"ECK120001025"	"tufA"	"-"	3468167	3469351	1185	"M-C4h"	8	0	0	0	0	0.114767932489451	NA	"NO"	762	1772.09302325581
"ECK120001026"	"tufB"	"+"	4173967	4175151	1185	"M-C4h"	1	0	0	0	0	0.0666666666666667	NA	"NO"	NA	NA
"ECK120001032"	"tyrS"	"-"	1713972	1715246	1275	"M-C4h"	3	0	1	58	0	0.142745098039216	NA	"NO"	25	52.0833333333333
"ECK120001033"	"ubiX"	"-"	2426079	2426648	570	"M-C4h"	0	0	0	0	0	0	NA	"NO"	2	9.52380952380952
"ECK120001035"	"ugpA"	"-"	3588047	3588934	888	"M-C4h"	2	0	0	0	0	0.0867117117117117	NA	"NO"	NA	NA
"ECK120001036"	"ugpB"	"-"	3589032	3590348	1317	"M-C4h"	17	3.37690593910399	0	0	0	0.454062262718299	-Inf	"SD"	1	2.08333333333333
"ECK120001037"	"ugpC"	"-"	3586133	3587203	1071	"M-C4h"	8	1.95414296558464	0	0	0	0.372549019607843	-Inf	"SD"	NA	NA
"ECK120001038"	"ugpE"	"-"	3587205	3588050	846	"M-C4h"	4	1.23693091970517	0	0	0	0.260047281323877	-Inf	"SD"	NA	NA
"ECK120001040"	"uhpA"	"-"	3848159	3848749	591	"M-C4h"	1	0	0	0	0	0.0609137055837563	NA	"NO"	0	0
"ECK120001041"	"uhpB"	"-"	3846657	3848159	1503	"M-C4h"	0	0	0	0	0	0	NA	"NO"	NA	NA
"ECK120001042"	"uhpC"	"-"	3845328	3846647	1320	"M-C4h"	0	0	1	42	0	0	NA	"NO"	NA	NA
"ECK120001044"	"uidA"	"-"	1692284	1694095	1812	"M-C4h"	9	1.29939183535254	0	0	0	0.318432671081678	-Inf	"SD"	2	2.94117647058824
"ECK120001046"	"umuD"	"+"	1229990	1230409	420	"M-C4h"	0	0	0	0	0	0	NA	"NO"	NA	NA
"ECK120001048"	"usg"	"-"	2433658	2434671	1014	"M-C4h"	0	0	0	0	0	0	NA	"NO"	8	22.2222222222222
"ECK120001052"	"uvrC"	"-"	1990898	1992730	1833	"M-C4h"	2	0	0	0	0	0.0725586470267321	NA	"NO"	4	5.88235294117647
"ECK120001054"	"uxaB"	"-"	1607253	1608704	1452	"M-C4h"	1	0	0	0	0	0.053030303030303	NA	"NO"	2	3.63636363636364
"ECK120001058"	"xerC"	"+"	3994310	3995206	897	"M-C4h"	1	0	0	0	0	0.111482720178372	NA	"NO"	NA	NA
"ECK120001059"	"dsbC"	"-"	3036134	3036844	711	"M-C4h"	1	0	0	0	0	0.143459915611814	NA	"NO"	6	23.0769230769231
"ECK120001064"	"xylB"	"-"	3725940	3727394	1455	"M-C4h"	7	0	0	0	0	0.189003436426117	NA	"NO"	NA	NA
"ECK120001067"	"ribF"	"+"	21407	22348	942	"M-C4h"	7	1.94402996456848	0	0	0	0.457537154989384	-Inf	"SD"	2	5.71428571428571
"ECK120001068"	"fkpB"	"+"	25826	26275	450	"M-C4h"	0	0	1	74	0	0	NA	"NO"	1	6.25
"ECK120001069"	"ispH"	"+"	26277	27227	951	"M-C4h"	1	0	0	0	0	0.101997896950578	NA	"NO"	2	5.71428571428571
"ECK120001070"	"rihC"	"+"	27293	28207	915	"M-C4h"	2	0	0	0	0	0.160655737704918	NA	"NO"	5	15.1515151515152
"ECK120001071"	"hepA"	"-"	60358	63264	2907	"M-C4h"	1	0	0	0	0	0.022703818369453	NA	"NO"	19	17.2727272727273
"ECK120001072"	"mraZ"	"+"	89634	90092	459	"M-C4h"	17	9.68929220435719	0	0	0	0.764705882352941	-Inf	"SD"	2	11.7647058823529
"ECK120001073"	"rsmH"	"+"	90094	91035	942	"M-C4h"	13	3.61034136277004	0	0	0	0.607218683651805	-Inf	"SD"	7	20
"ECK120001074"	"ftsL"	"+"	91032	91397	366	"M-C4h"	10	7.14783851141104	0	0	0	0.997267759562842	-Inf	"SD"	NA	NA
"ECK120001075"	"secM"	"+"	107705	108217	513	"M-C4h"	11	5.60959022357522	1	53	0	0.635477582846004	-Inf	"SD"	NA	NA
"ECK120001079"	"frsA"	"+"	256527	257771	1245	"M-C4h"	14	2.9418091993952	0	0	0	0.363855421686747	-Inf	"SD"	3	6.38297872340426
"ECK120001081"	"yaiA"	"+"	406203	406394	192	"M-C4h"	2	0	0	0	0	0.161458333333333	NA	"NO"	NA	NA
"ECK120001084"	"yajC"	"+"	426511	426843	333	"M-C4h"	2	1.57123657367954	0	0	0	0.336336336336336	-Inf	"SD"	1	8.33333333333333
"ECK120001088"	"ybaB"	"+"	493300	493629	330	"M-C4h"	8	6.34208217012471	0	0	0	0.603030303030303	-Inf	"SD"	10	83.3333333333333
"ECK120001093"	"entH"	"+"	628523	628936	414	"M-C4h"	0	0	0	0	0	0	NA	"NO"	NA	NA
"ECK120001094"	"ybgA"	"+"	738224	738733	510	"M-C4h"	1	0	0	0	0	0.154901960784314	NA	"NO"	NA	NA
"ECK120001096"	"ybgC"	"+"	773975	774379	405	"M-C4h"	6	3.87571688174288	0	0	0	0.844444444444444	-Inf	"SD"	NA	NA
"ECK120001098"	"aat"	"-"	925951	926655	705	"M-C4h"	1	0	0	0	0	0.025531914893617	NA	"NO"	NA	NA
"ECK120001099"	"yccA"	"-"	1029982	1030641	660	"M-C4h"	65	25.7647088161316	0	0	0	0.874242424242424	-Inf	"SD"	NA	NA
"ECK120001101"	"yceB"	"-"	1121936	1122496	561	"M-C4h"	3	0	0	0	0	0.188948306595365	NA	"NO"	4	19.047619047619
"ECK120001106"	"yciB"	"-"	1310375	1310914	540	"M-C4h"	2	0.968929220435719	0	0	0	0.298148148148148	-Inf	"SD"	NA	NA
"ECK120001110"	"yciF"	"-"	1313294	1313794	501	"M-C4h"	0	0	0	0	0	0	NA	"NO"	NA	NA
"ECK120001111"	"yciG"	"-"	1313880	1314059	180	"M-C4h"	0	0	0	0	0	0	NA	"NO"	NA	NA
"ECK120001113"	"rem"	"-"	1642675	1642926	252	"M-C4h"	3	3.11441535140053	0	0	0	0.69047619047619	-Inf	"SD"	NA	NA
"ECK120001114"	"hokD"	"-"	1643143	1643298	156	"M-C4h"	103	172.730266796906	0	0	0	1	-Inf	"SD"	NA	NA
"ECK120001115"	"relE"	"-"	1643370	1643657	288	"M-C4h"	97	88.1120009833732	0	0	0	0.972222222222222	-Inf	"SD"	NA	NA
"ECK120001117"	"nlpC"	"-"	1790291	1790755	465	"M-C4h"	70	39.3822844435163	0	0	0	0.881720430107527	-Inf	"SD"	NA	NA
"ECK120001121"	"yebC"	"-"	1945435	1946175	741	"M-C4h"	1	0	0	0	0	0.0472334682860999	NA	"NO"	NA	NA
"ECK120001122"	"nudB"	"-"	1946204	1946656	453	"M-C4h"	2	1.15501496475781	0	0	0	0.333333333333333	-Inf	"SD"	NA	NA
"ECK120001126"	"yfaA"	"-"	2332978	2334666	1689	"M-C4h"	0	0	0	0	0	0	NA	"NO"	NA	NA
"ECK120001128"	"yfcA"	"-"	2442773	2443582	810	"M-C4h"	1	0	0	0	0	0.0419753086419753	NA	"NO"	NA	NA
"ECK120001133"	"hyfA"	"+"	2599223	2599840	618	"M-C4h"	0	0	0	0	0	0	NA	"NO"	NA	NA
"ECK120001134"	"raiA"	"+"	2735176	2735517	342	"M-C4h"	9213	7047.43019042706	0	0	0	1	-Inf	"SD"	5	38.4615384615385
"ECK120001136"	"rimM"	"-"	2743392	2743940	549	"M-C4h"	4	1.90609026970961	0	0	0	0.285974499089253	-Inf	"SD"	9	42.8571428571429
"ECK120001137"	"ppdC"	"-"	2960463	2960786	324	"M-C4h"	1	0.807441017029766	1	49	0	0.308641975308642	-Inf	"SD"	NA	NA
"ECK120001138"	"ygdB"	"-"	2960771	2961178	408	"M-C4h"	0	0	0	0	0	0	NA	"NO"	NA	NA
"ECK120001139"	"ppdB"	"-"	2961175	2961738	564	"M-C4h"	0	0	0	0	0	0	NA	"NO"	NA	NA
"ECK120001142"	"argO"	"-"	3066195	3066830	636	"M-C4h"	0	0	0	0	0	0	NA	"NO"	NA	NA
"ECK120001143"	"mscS"	"-"	3066969	3067829	861	"M-C4h"	1	0	1	100	0	0.0371660859465738	NA	"NO"	16	51.6129032258064
"ECK120001144"	"yggC"	"-"	3071998	3072711	714	"M-C4h"	1	0	1	100	0	0.140056022408964	NA	"NO"	NA	NA
"ECK120001145"	"yggD"	"-"	3072708	3073217	510	"M-C4h"	3	1.53888758539791	0	0	0	0.350980392156863	-Inf	"SD"	NA	NA
"ECK120001146"	"ygiA"	"+"	3177618	3177878	261	"M-C4h"	7	7.01638401005176	0	0	0	0.521072796934866	-Inf	"SD"	NA	NA
"ECK120001147"	"ygiB"	"+"	3177862	3178437	576	"M-C4h"	14	6.35859800910941	0	0	0	0.394097222222222	-Inf	"SD"	NA	NA
"ECK120001152"	"ttdB"	"+"	3205393	3205998	606	"M-C4h"	0	0	0	0	0	0	NA	"NO"	NA	NA
"ECK120001154"	"tdcD"	"-"	3260474	3261694	1221	"M-C4h"	1	0	0	0	0	0.0819000819000819	NA	"NO"	NA	NA
"ECK120001155"	"yhaB"	"+"	3265876	3266415	540	"M-C4h"	0	0	1	100	0	0	NA	"NO"	NA	NA
"ECK120001157"	"garK"	"-"	3268647	3269873	1227	"M-C4h"	4	0	0	0	0	0.230643846780766	NA	"NO"	5	12.8205128205128
"ECK120001158"	"garR"	"-"	3269889	3270779	891	"M-C4h"	10	2.93614915283551	0	0	0	0.397306397306397	-Inf	"SD"	42	140
"ECK120001159"	"truB"	"-"	3309855	3310799	945	"M-C4h"	3	0	0	0	0	0.178835978835979	NA	"NO"	3	8.57142857142857
"ECK120001160"	"rbfA"	"-"	3310799	3311200	402	"M-C4h"	1	0	0	0	0	0.0597014925373134	NA	"NO"	5	33.3333333333333
"ECK120001161"	"rimP"	"-"	3315576	3316028	453	"M-C4h"	2	0	0	0	0	0.0883002207505519	NA	"NO"	6	35.2941176470588
"ECK120001163"	"bfd"	"-"	3464819	3465013	195	"M-C4h"	1	0	0	0	0	0.18974358974359	NA	"NO"	NA	NA
"ECK120001165"	"damX"	"-"	3514042	3515328	1287	"M-C4h"	10	2.03271864427074	0	0	0	0.372183372183372	-Inf	"SD"	5	10.8695652173913
"ECK120001168"	"yibA"	"+"	3764360	3765202	843	"M-C4h"	0	0	0	0	0	0	NA	"NO"	NA	NA
"ECK120001170"	"waaC"	"+"	3794002	3794961	960	"M-C4h"	1	0	0	0	0	0.06875	NA	"NO"	3	8.33333333333333
"ECK120001174"	"dinD"	"+"	3815783	3816607	825	"M-C4h"	7	2.21972875954365	0	0	0	0.473939393939394	-Inf	"SD"	NA	NA
"ECK120001177"	"yidB"	"-"	3875090	3875488	399	"M-C4h"	0	0	0	0	0	0	NA	"NO"	NA	NA
"ECK120001178"	"yidC"	"+"	3883099	3884745	1647	"M-C4h"	2	0	1	44	0	0.121432908318154	NA	"NO"	20	32.258064516129
"ECK120001179"	"glmU"	"-"	3911853	3913223	1371	"M-C4h"	10	0	0	0	0	0.237782640408461	NA	"NO"	6	12.2448979591837
"ECK120001180"	"mioC"	"-"	3924035	3924478	444	"M-C4h"	1	0	0	0	0	0.175675675675676	NA	"NO"	NA	NA
"ECK120001181"	"yigA"	"+"	3993606	3994313	708	"M-C4h"	1	0	0	0	0	0.0819209039548023	NA	"NO"	0	0
"ECK120001182"	"yigB"	"+"	3995206	3995922	717	"M-C4h"	1	0	0	0	0	0.139470013947001	NA	"NO"	NA	NA
"ECK120001184"	"murI"	"+"	4163451	4164308	858	"M-C4h"	6	0	0	0	0	0.202797202797203	NA	"NO"	1	3.2258064516129
"ECK120001185"	"murB"	"+"	4170080	4171108	1029	"M-C4h"	5	0	0	0	0	0.211856171039844	NA	"NO"	3	7.89473684210526
"ECK120001192"	"nsrR"	"+"	4404213	4404638	426	"M-C4h"	9	5.5269906236122	0	0	0	0.591549295774648	-Inf	"SD"	4	25
"ECK120001194"	"yjjA"	"-"	4597718	4598212	495	"M-C4h"	1	0	0	0	0	0.153535353535354	NA	"NO"	NA	NA
"ECK120001195"	"yjjB"	"-"	4599647	4599973	327	"M-C4h"	0	0	0	0	0	0	NA	"NO"	NA	NA
"ECK120001197"	"creB"	"+"	4634030	4634719	690	"M-C4h"	2	0	0	0	0	0.194202898550725	NA	"NO"	NA	NA
"ECK120001201"	"argH"	"+"	4154873	4156246	1374	"M-C4h"	2	0	0	0	0	0.12372634643377	NA	"NO"	2	4
"ECK120001202"	"fliO"	"+"	2019528	2019893	366	"M-C4h"	0	0	0	0	0	0	NA	"NO"	NA	NA
"ECK120001203"	"dcuA"	"-"	4363495	4364796	1302	"M-C4h"	169	33.9571738313993	0	0	0	0.876344086021505	-Inf	"SD"	8	17.3913043478261
"ECK120001204"	"leuA"	"-"	81958	83529	1572	"M-C4h"	1	0	0	0	0	0.0636132315521628	NA	"NO"	NA	NA
"ECK120001206"	"fdnH"	"+"	1548485	1549369	885	"M-C4h"	0	0	0	0	0	0	NA	"NO"	NA	NA
"ECK120001207"	"fdnI"	"+"	1549362	1550015	654	"M-C4h"	2	0	0	0	0	0.198776758409786	NA	"NO"	NA	NA
"ECK120001209"	"rpmI"	"-"	1797826	1798023	198	"M-C4h"	2	2.64253423755196	0	0	0	0.883838383838384	-Inf	"SD"	NA	NA
"ECK120001210"	"rpmJ"	"-"	3440640	3440756	117	"M-C4h"	6	13.4159430521869	0	0	0	0.273504273504274	-Inf	"SD"	NA	NA
"ECK120001211"	"rstB"	"+"	1680906	1682207	1302	"M-C4h"	4	0	10	101	99.009900990099	0.221966205837174	Inf	"AD"	3	6.12244897959184
"ECK120001212"	"ydiB"	"+"	1771813	1772679	867	"M-C4h"	3	0	0	0	0	0.20876585928489	NA	"NO"	NA	NA
"ECK120001215"	"chiA"	"-"	3465182	3467875	2694	"M-C4h"	2	0	0	0	0	0.0582776540460282	NA	"NO"	NA	NA
"ECK120001216"	"ybhB"	"-"	806656	807132	477	"M-C4h"	1	0	2	112	0	0.211740041928721	NA	"NO"	2	11.7647058823529
"ECK120001221"	"yggF"	"-"	3073239	3074204	966	"M-C4h"	1	0	0	0	0	0.0093167701863354	NA	"NO"	NA	NA
"ECK120001224"	"mazF"	"-"	2908778	2909113	336	"M-C4h"	16	12.4576614056021	0	0	0	0.526785714285714	-Inf	"SD"	NA	NA
"ECK120001226"	"ychA"	"+"	1266543	1267352	810	"M-C4h"	3	0	0	0	0	0.220987654320988	NA	"NO"	NA	NA
"ECK120001227"	"mukE"	"+"	974872	975549	678	"M-C4h"	1	0	0	0	0	0.147492625368732	NA	"NO"	3	11.1111111111111
"ECK120001228"	"ycbB"	"+"	980270	982117	1848	"M-C4h"	33	4.67162302710079	0	0	0	0.515151515151515	-Inf	"SD"	1	1.47058823529412
"ECK120001229"	"rlmH"	"-"	667471	667938	468	"M-C4h"	1	0	0	0	0	0.196581196581197	NA	"NO"	2	11.7647058823529
"ECK120001230"	"rsfS"	"-"	667942	668259	318	"M-C4h"	0	0	0	0	0	0	NA	"NO"	NA	NA
"ECK120001233"	"focA"	"-"	952832	953689	858	"M-C4h"	11	3.35398576304672	0	0	0	0.574592074592075	-Inf	"SD"	NA	NA
"ECK120001234"	"rnr"	"+"	4404677	4407118	2442	"M-C4h"	39	4.17806088910242	2	79	0	0.698198198198198	-Inf	"SD"	15	16.304347826087
"ECK120001236"	"nfsA"	"+"	890407	891129	723	"M-C4h"	1	0	0	0	0	0.138312586445367	NA	"NO"	5	18.5185185185185
"ECK120001238"	"gspB"	"-"	3451530	3451949	420	"M-C4h"	0	0	0	0	0	0	NA	"NO"	NA	NA
"ECK120001239"	"cmk"	"+"	960424	961107	684	"M-C4h"	6	2.29483236418986	0	0	0	0.298245614035088	-Inf	"SD"	4	16
"ECK120001241"	"yiaB"	"-"	3725430	3725771	342	"M-C4h"	0	0	0	0	0	0	NA	"NO"	NA	NA
"ECK120001242"	"fmt"	"+"	3432236	3433183	948	"M-C4h"	15	4.13941280882348	0	0	0	0.65084388185654	-Inf	"SD"	15	44.1176470588235
"ECK120001245"	"pheL"	"+"	2735621	2735668	48	"M-C4h"	0	0	0	0	0	0	NA	"NO"	NA	NA
"ECK120001246"	"pheM"	"-"	1797250	1797294	45	"M-C4h"	0	0	0	0	0	0	NA	"NO"	NA	NA
"ECK120001247"	"fruL"	"+"	87860	87946	87	"M-C4h"	0	0	0	0	0	0	NA	"NO"	NA	NA
"ECK120001249"	"ivbL"	"-"	3850913	3851011	99	"M-C4h"	165	436.018149196074	0	0	0	1	-Inf	"SD"	NA	NA
"ECK120001250"	"tnaC"	"+"	3886458	3886532	75	"M-C4h"	1	3.48814519356859	0	0	0	0.293333333333333	-Inf	"SD"	NA	NA
"ECK120001251"	"thrL"	"+"	190	255	66	"M-C4h"	28	110.986437977182	0	0	0	1	-Inf	"SD"	NA	NA
"ECK120001254"	"mutL"	"+"	4395435	4397282	1848	"M-C4h"	7	0	0	0	0	0.246753246753247	NA	"NO"	3	4.41176470588235
"ECK120001255"	"hyfB"	"+"	2599840	2601858	2019	"M-C4h"	0	0	0	0	0	0	NA	"NO"	NA	NA
"ECK120001256"	"phnE_1"	"-"	4320684	4321304	621	"M-C4h"	0	0	0	0	0	0	NA	"NO"	NA	NA
"ECK120001257"	"fabZ"	"+"	202101	202556	456	"M-C4h"	5	2.86854045523733	0	0	0	0.609649122807018	-Inf	"SD"	18	105.882352941176
"ECK120001258"	"glrR"	"-"	2685491	2686825	1335	"M-C4h"	0	0	0	0	0	0	NA	"NO"	NA	NA
"ECK120001263"	"yeiB"	"-"	2239832	2240989	1158	"M-C4h"	0	0	0	0	0	0	NA	"NO"	NA	NA
"ECK120001267"	"ispE"	"-"	1261249	1262100	852	"M-C4h"	3	0	0	0	0	0.192488262910798	NA	"NO"	2	6.45161290322581
"ECK120001268"	"wzzE"	"+"	3967054	3968100	1047	"M-C4h"	3	0	0	0	0	0.227316141356256	NA	"NO"	3	7.69230769230769
"ECK120001269"	"radA"	"+"	4623935	4625317	1383	"M-C4h"	1	0	0	0	0	0.0723065798987708	NA	"NO"	0	0
"ECK120001270"	"dsbA"	"+"	4041441	4042067	627	"M-C4h"	18	7.51036046462136	0	0	0	0.395534290271132	-Inf	"SD"	13	56.5217391304348
"ECK120001271"	"yhdE"	"-"	3395807	3396400	594	"M-C4h"	4	1.76168949170131	1	100	0	0.37037037037037	-Inf	"SD"	2	9.09090909090909
"ECK120001272"	"rng"	"-"	3394348	3395817	1470	"M-C4h"	6	1.06779954905161	0	0	0	0.302040816326531	-Inf	"SD"	9	16.3636363636364
"ECK120001273"	"ydfA"	"+"	1646532	1646687	156	"M-C4h"	1	1.67699288152336	0	0	0	0.358974358974359	-Inf	"SD"	NA	NA
"ECK120001274"	"ydfB"	"+"	1646689	1646817	129	"M-C4h"	1	2.02799139160964	0	0	0	0.333333333333333	-Inf	"SD"	NA	NA
"ECK120001275"	"ydfC"	"+"	1646847	1647065	219	"M-C4h"	1	1.19457027177006	0	0	0	0.315068493150685	-Inf	"SD"	NA	NA
"ECK120001276"	"ydfD"	"+"	1647818	1648009	192	"M-C4h"	0	0	0	0	0	0	NA	"NO"	NA	NA
"ECK120001277"	"ydfE"	"+"	1648102	1649022	921	"M-C4h"	0	0	1	41	0	0	NA	"NO"	NA	NA
"ECK120001280"	"ydbC"	"+"	1472245	1473105	861	"M-C4h"	3	0	0	0	0	0.132404181184669	NA	"NO"	9	29.0322580645161
"ECK120001281"	"ydbD"	"+"	1473168	1475474	2307	"M-C4h"	0	0	0	0	0	0	NA	"NO"	NA	NA
"ECK120001282"	"dusB"	"+"	3408302	3409267	966	"M-C4h"	1	0	1	99	0	0.0610766045548654	NA	"NO"	NA	NA
"ECK120001285"	"purB"	"-"	1189839	1191209	1371	"M-C4h"	0	0	1	68	0	0	NA	"NO"	8	15.3846153846154
"ECK120001288"	"fabD"	"+"	1148951	1149880	930	"M-C4h"	22	6.18864469826685	0	0	0	0.521505376344086	-Inf	"SD"	23	71.875
"ECK120001289"	"fabG"	"+"	1149893	1150627	735	"M-C4h"	46	16.3729264187913	0	0	0	0.63265306122449	-Inf	"SD"	30	115.384615384615
"ECK120001292"	"ribD"	"+"	432679	433782	1104	"M-C4h"	11	0	0	0	0	0.198369565217391	NA	"NO"	4	10
"ECK120001293"	"ribE"	"+"	433871	434341	471	"M-C4h"	9	4.99893419460467	0	0	0	0.524416135881104	-Inf	"SD"	16	100
"ECK120001295"	"ubiH"	"-"	3050362	3051540	1179	"M-C4h"	12	2.66270625463251	0	0	0	0.541984732824427	-Inf	"SD"	0	0
"ECK120001298"	"codB"	"+"	354146	355405	1260	"M-C4h"	0	0	0	0	0	0	NA	"NO"	NA	NA
"ECK120001299"	"fdx"	"-"	2654770	2655105	336	"M-C4h"	7	5.45022686495092	0	0	0	0.869047619047619	-Inf	"SD"	NA	NA
"ECK120001300"	"gabD"	"+"	2789295	2790743	1449	"M-C4h"	13	2.34709562714243	0	0	0	0.400276052449966	-Inf	"SD"	1	1.92307692307692
"ECK120001301"	"gabP"	"+"	2792275	2793675	1401	"M-C4h"	2	0	0	0	0	0.142755174875089	NA	"NO"	NA	NA
"ECK120001304"	"ubiI"	"-"	3049137	3050339	1203	"M-C4h"	2	0	0	0	0	0.13881961762261	NA	"NO"	2	4.54545454545455
"ECK120001307"	"endA"	"+"	3088369	3089076	708	"M-C4h"	0	0	0	0	0	0	NA	"NO"	NA	NA
"ECK120001308"	"lysP"	"-"	2245085	2246554	1470	"M-C4h"	1	0	0	0	0	0.0435374149659864	NA	"NO"	NA	NA
"ECK120001310"	"waaG"	"-"	3803966	3805090	1125	"M-C4h"	2	0	0	0	0	0.102222222222222	NA	"NO"	NA	NA
"ECK120001311"	"waaP"	"-"	3803176	3803973	798	"M-C4h"	1	0	0	0	0	0.0664160401002506	NA	"NO"	NA	NA
"ECK120001314"	"mdtG"	"-"	1113487	1114713	1227	"M-C4h"	0	0	1	65	0	0	NA	"NO"	NA	NA
"ECK120001315"	"mnmA"	"-"	1191890	1192996	1107	"M-C4h"	1	0	0	0	0	0.0858175248419151	NA	"NO"	8	19.5121951219512
"ECK120001316"	"hflD"	"-"	1191213	1191854	642	"M-C4h"	1	0	0	0	0	0.0576323987538941	NA	"NO"	3	13.0434782608696
"ECK120001319"	"waaS"	"-"	3802204	3803139	936	"M-C4h"	1	0	0	0	0	0.106837606837607	NA	"NO"	2	5.40540540540541
"ECK120001320"	"waaB"	"-"	3801081	3802190	1110	"M-C4h"	2	0	0	0	0	0.136936936936937	NA	"NO"	NA	NA
"ECK120001321"	"waaI"	"-"	3800062	3801081	1020	"M-C4h"	2	0	0	0	0	0.124509803921569	NA	"NO"	NA	NA
"ECK120001322"	"waaJ"	"-"	3799006	3800022	1017	"M-C4h"	0	0	0	0	0	0	NA	"NO"	NA	NA
"ECK120001323"	"emrA"	"+"	2809449	2810621	1173	"M-C4h"	0	0	0	0	0	0	NA	"NO"	5	11.6279069767442
"ECK120001324"	"fliA"	"-"	1999094	1999813	720	"M-C4h"	34	12.3538475605554	0	0	0	0.525	-Inf	"SD"	7	25
"ECK120001325"	"fliZ"	"-"	1998497	1999048	552	"M-C4h"	1	0	2	105	0	0.0507246376811594	NA	"NO"	NA	NA
"ECK120001331"	"gluQ"	"-"	159186	160112	927	"M-C4h"	2	0	1	100	0	0.0194174757281553	NA	"NO"	NA	NA
"ECK120001332"	"amiB"	"+"	4394088	4395425	1338	"M-C4h"	4	0	0	0	0	0.142750373692078	NA	"NO"	NA	NA
"ECK120001333"	"bglH"	"-"	3898627	3900243	1617	"M-C4h"	0	0	1	39	0	0	NA	"NO"	NA	NA
"ECK120001336"	"menB"	"-"	2373984	2374841	858	"M-C4h"	0	0	0	0	0	0	NA	"NO"	15	46.875
"ECK120001337"	"ubiC"	"+"	4250529	4251026	498	"M-C4h"	34	17.8609844248994	0	0	0	1	-Inf	"SD"	NA	NA
"ECK120001342"	"folK"	"-"	157253	157732	480	"M-C4h"	0	0	0	0	0	0	NA	"NO"	0	0
"ECK120001344"	"ftsP"	"-"	3159279	3160691	1413	"M-C4h"	4	0	0	0	0	0.150035385704176	NA	"NO"	0	0
"ECK120001345"	"plsC"	"-"	3160766	3161503	738	"M-C4h"	2	0	1	53	0	0.13550135501355	NA	"NO"	NA	NA
"ECK120001346"	"sufA"	"-"	1762042	1762410	369	"M-C4h"	8	5.67178080255055	0	0	0	0.376693766937669	-Inf	"SD"	NA	NA
"ECK120001347"	"appB"	"+"	1038519	1039655	1137	"M-C4h"	0	0	2	38	0	0	NA	"NO"	NA	NA
"ECK120001348"	"appC"	"+"	1036963	1038507	1545	"M-C4h"	0	0	0	0	0	0	NA	"NO"	NA	NA
"ECK120001350"	"elbB"	"-"	3347828	3348481	654	"M-C4h"	14	5.60023310894039	0	0	0	0.642201834862385	-Inf	"SD"	6	26.0869565217391
"ECK120001355"	"fliS"	"+"	2003327	2003737	411	"M-C4h"	0	0	0	0	0	0	NA	"NO"	NA	NA
"ECK120001356"	"fliT"	"+"	2003737	2004102	366	"M-C4h"	1	0	0	0	0	0.172131147540984	NA	"NO"	NA	NA
"ECK120001358"	"osmY"	"+"	4609419	4610024	606	"M-C4h"	2	0	0	0	0	0.198019801980198	NA	"NO"	NA	NA
"ECK120001365"	"hdeB"	"-"	3653989	3654315	327	"M-C4h"	2	1.6000666025544	0	0	0	0.342507645259939	-Inf	"SD"	NA	NA
"ECK120001367"	"psiF"	"+"	402505	402825	321	"M-C4h"	1	0	0	0	0	0.199376947040498	NA	"NO"	NA	NA
"ECK120001368"	"treC"	"-"	4461077	4462732	1656	"M-C4h"	5	0	0	0	0	0.246376811594203	NA	"NO"	48	75
"ECK120001370"	"ychF"	"-"	1255944	1257035	1092	"M-C4h"	8	1.91656329316955	0	0	0	0.545787545787546	-Inf	"SD"	9	22.5
"ECK120001371"	"cydD"	"-"	928419	930185	1767	"M-C4h"	7	0	0	0	0	0.195812110922467	NA	"NO"	24	36.9230769230769
"ECK120001375"	"lpxK"	"+"	967589	968575	987	"M-C4h"	1	0	0	0	0	0.038500506585613	NA	"NO"	NA	NA
"ECK120001377"	"glnD"	"-"	185978	188650	2673	"M-C4h"	10	0.978716384278504	0	0	0	0.261129816685372	-Inf	"SD"	1	0.980392156862745
"ECK120001378"	"holA"	"-"	669797	670828	1032	"M-C4h"	1	0	3	114	0	0.0968992248062016	NA	"NO"	NA	NA
"ECK120001379"	"holC"	"-"	4481860	4482303	444	"M-C4h"	4	2.35685486051932	0	0	0	0.306306306306306	-Inf	"SD"	1	5.88235294117647
"ECK120001381"	"dps"	"-"	847631	848134	504	"M-C4h"	88	45.678091820541	3	62	0	1	-Inf	"SD"	10	52.6315789473684
"ECK120001382"	"nrdD"	"-"	4458545	4460683	2139	"M-C4h"	3	0	0	0	0	0.0869565217391304	NA	"NO"	15	18.75
"ECK120001383"	"dcd"	"-"	2139658	2140239	582	"M-C4h"	26	11.6870844114411	0	0	0	0.960481099656357	-Inf	"SD"	4	19.047619047619
"ECK120001384"	"bcr"	"-"	2276592	2277782	1191	"M-C4h"	1	0	169	190	884.210526315789	0.0293870696893367	Inf	"AD"	NA	NA
"ECK120001389"	"waaY"	"-"	3798290	3798988	699	"M-C4h"	2	0	0	0	0	0.237482117310443	NA	"NO"	4	14.8148148148148
"ECK120001390"	"waaZ"	"-"	3797368	3798219	852	"M-C4h"	0	0	0	0	0	0	NA	"NO"	NA	NA
"ECK120001401"	"plsX"	"+"	1146844	1147914	1071	"M-C4h"	11	2.68694657767888	7	100	70	0.365079365079365	-0.940540810561958	"SD"	NA	NA
"ECK120001406"	"gcvT"	"-"	3047595	3048689	1095	"M-C4h"	0	0	0	0	0	0	NA	"NO"	33	82.5
"ECK120001407"	"rpiA"	"-"	3056688	3057347	660	"M-C4h"	17	6.7384623057575	0	0	0	0.724242424242424	-Inf	"SD"	10	43.4782608695652
"ECK120001408"	"scpA"	"+"	3058872	3061016	2145	"M-C4h"	0	0	1	42	0	0	NA	"NO"	NA	NA
"ECK120001409"	"argK"	"+"	3061009	3062004	996	"M-C4h"	0	0	0	0	0	0	NA	"NO"	NA	NA
"ECK120001410"	"csrA"	"-"	2816983	2817168	186	"M-C4h"	35	49.2278555543954	0	0	0	0.919354838709677	-Inf	"SD"	NA	NA
"ECK120001414"	"rffE"	"+"	3968156	3969286	1131	"M-C4h"	1	0	1	67	0	0.0344827586206897	NA	"NO"	2	4.76190476190476
"ECK120001415"	"rffD"	"+"	3969283	3970545	1263	"M-C4h"	1	0	0	0	0	0.0791765637371338	NA	"NO"	3	6.52173913043478
"ECK120001416"	"rffG"	"+"	3970545	3971612	1068	"M-C4h"	0	0	0	0	0	0	NA	"NO"	5	12.5
"ECK120001417"	"rffH"	"+"	3971631	3972512	882	"M-C4h"	0	0	0	0	0	0	NA	"NO"	2	6.06060606060606
"ECK120001418"	"rffC"	"+"	3972619	3973164	546	"M-C4h"	0	0	0	0	0	0	NA	"NO"	0	0
"ECK120001419"	"rffA"	"+"	3973169	3974299	1131	"M-C4h"	1	0	0	0	0	0.0353669319186561	NA	"NO"	3	7.14285714285714
"ECK120001420"	"wzyE"	"+"	3976624	3977976	1353	"M-C4h"	1	0	0	0	0	0.0192165558019217	NA	"NO"	NA	NA
"ECK120001421"	"rffM"	"+"	3977979	3978719	741	"M-C4h"	1	0	1	73	0	0.0364372469635627	NA	"NO"	1	3.57142857142857
"ECK120001422"	"yifK"	"+"	3978910	3980295	1386	"M-C4h"	4	0	0	0	0	0.193362193362193	NA	"NO"	NA	NA
"ECK120001428"	"rarD"	"-"	4001311	4002201	891	"M-C4h"	0	0	0	0	0	0	NA	"NO"	NA	NA
"ECK120001432"	"yigL"	"+"	4008223	4009023	801	"M-C4h"	0	0	0	0	0	0	NA	"NO"	3	10
"ECK120001434"	"rmuC"	"+"	4015356	4016783	1428	"M-C4h"	10	0	0	0	0	0.215686274509804	NA	"NO"	0	0
"ECK120001435"	"ubiE"	"+"	4016878	4017633	756	"M-C4h"	5	1.73023075077807	0	0	0	0.345238095238095	-Inf	"SD"	14	50
"ECK120001436"	"ubiJ"	"+"	4017647	4018252	606	"M-C4h"	2	0	0	0	0	0.145214521452145	NA	"NO"	NA	NA
"ECK120001437"	"ubiB"	"+"	4018249	4019889	1641	"M-C4h"	2	0	0	0	0	0.0834856794637416	NA	"NO"	NA	NA
"ECK120001438"	"tatC"	"+"	4020759	4021535	777	"M-C4h"	2	0	0	0	0	0.160875160875161	NA	"NO"	NA	NA
"ECK120001440"	"yigZ"	"+"	4030515	4031129	615	"M-C4h"	4	0	0	0	0	0.234146341463415	NA	"NO"	NA	NA
"ECK120001441"	"hemG"	"+"	4032631	4033176	546	"M-C4h"	1	0	0	0	0	0.172161172161172	NA	"NO"	3	14.2857142857143
"ECK120001442"	"wzxE"	"+"	3974301	3975551	1251	"M-C4h"	0	0	0	0	0	0	NA	"NO"	NA	NA
"ECK120001443"	"pdxH"	"-"	1715375	1716031	657	"M-C4h"	3	0	0	0	0	0.141552511415525	NA	"NO"	5	19.2307692307692
"ECK120001444"	"mliC"	"-"	1716090	1716419	330	"M-C4h"	3	2.37828081379676	0	0	0	0.403030303030303	-Inf	"SD"	NA	NA
"ECK120001445"	"csgA"	"+"	1103670	1104125	456	"M-C4h"	2	0	0	0	0	0.12280701754386	NA	"NO"	NA	NA
"ECK120001446"	"gadB"	"-"	1568669	1570069	1401	"M-C4h"	0	0	0	0	0	0	NA	"NO"	NA	NA
"ECK120001447"	"dinF"	"+"	4255765	4257144	1380	"M-C4h"	1	0	0	0	0	0.00072463768115942	NA	"NO"	NA	NA
"ECK120001449"	"pabC"	"+"	1152523	1153332	810	"M-C4h"	0	0	1	76	0	0	NA	"NO"	NA	NA
"ECK120001450"	"yceG"	"+"	1153335	1154357	1023	"M-C4h"	3	0	0	0	0	0.0684261974584555	NA	"NO"	1	2.63157894736842
"ECK120001453"	"prmA"	"+"	3407092	3407973	882	"M-C4h"	0	0	4	100	0	0	NA	"NO"	2	6.25
"ECK120001454"	"yhdJ"	"+"	3409675	3410559	885	"M-C4h"	0	0	0	0	0	0	NA	"NO"	NA	NA
"ECK120001455"	"yhbE"	"-"	3329792	3330757	966	"M-C4h"	1	0	0	0	0	0.100414078674948	NA	"NO"	NA	NA
"ECK120001456"	"holB"	"+"	1154985	1155989	1005	"M-C4h"	0	0	0	0	0	0	NA	"NO"	NA	NA
"ECK120001457"	"adiA"	"-"	4336277	4338544	2268	"M-C4h"	0	0	0	0	0	0	NA	"NO"	NA	NA
"ECK120001458"	"rcsF"	"-"	219591	219995	405	"M-C4h"	1	0	0	0	0	0.202469135802469	NA	"NO"	NA	NA
"ECK120001459"	"yaeB"	"-"	218887	219594	708	"M-C4h"	2	0	0	0	0	0.0988700564971751	NA	"NO"	2	7.69230769230769
"ECK120001460"	"metQ"	"-"	220113	220928	816	"M-C4h"	9	2.88541422262108	0	0	0	0.477941176470588	-Inf	"SD"	18	62.0689655172414
"ECK120001462"	"ftsH"	"-"	3323023	3324957	1935	"M-C4h"	61	8.24716499254589	0	0	0	0.754521963824289	-Inf	"SD"	36	50.7042253521127
"ECK120001464"	"sra"	"-"	1553850	1553987	138	"M-C4h"	3	5.68719325038357	0	0	0	0.768115942028985	-Inf	"SD"	NA	NA
"ECK120001466"	"ppk"	"+"	2621066	2623132	2067	"M-C4h"	16	2.02504800787726	0	0	0	0.336719883889695	-Inf	"SD"	29	36.25
"ECK120001469"	"gltF"	"+"	3359198	3359962	765	"M-C4h"	0	0	0	0	0	0	NA	"NO"	NA	NA
"ECK120001470"	"yhcA"	"+"	3360134	3360808	675	"M-C4h"	0	0	0	0	0	0	NA	"NO"	NA	NA
"ECK120001472"	"glpX"	"-"	4112592	4113602	1011	"M-C4h"	2	0	2	100	0	0.192878338278932	NA	"NO"	2	5.55555555555556
"ECK120001473"	"nikR"	"+"	3616611	3617012	402	"M-C4h"	0	0	0	0	0	0	NA	"NO"	3	20
"ECK120001474"	"yhhH"	"+"	3621422	3621805	384	"M-C4h"	2	1.36255671623773	0	0	0	0.286458333333333	-Inf	"SD"	NA	NA
"ECK120001476"	"ybfB"	"+"	732999	733325	327	"M-C4h"	0	0	0	0	0	0	NA	"NO"	NA	NA
"ECK120001477"	"ybfC"	"+"	734873	735442	570	"M-C4h"	3	0	0	0	0	0.0245614035087719	NA	"NO"	NA	NA
"ECK120001478"	"ybfD"	"+"	737315	738076	762	"M-C4h"	0	0	0	0	0	0	NA	"NO"	NA	NA
"ECK120001480"	"ydcC"	"+"	1529840	1530976	1137	"M-C4h"	0	0	0	0	0	0	NA	"NO"	NA	NA
"ECK120001482"	"fabI"	"-"	1348275	1349063	789	"M-C4h"	4	0	1	99	0	0.219264892268695	NA	"NO"	33	117.857142857143
"ECK120001483"	"ftsN"	"-"	4120403	4121362	960	"M-C4h"	3	0	1	94	0	0.0395833333333333	NA	"NO"	NA	NA
"ECK120001484"	"fadD"	"-"	1886085	1887770	1686	"M-C4h"	444	68.8939709050024	0	0	0	0.96797153024911	-Inf	"SD"	15	24.1935483870968
"ECK120001486"	"menC"	"-"	2373022	2373984	963	"M-C4h"	2	0	0	0	0	0.187954309449637	NA	"NO"	2	5.71428571428571
"ECK120001489"	"ibpB"	"-"	3864492	3864920	429	"M-C4h"	138	84.1545518728086	0	0	0	0.918414918414918	-Inf	"SD"	NA	NA
"ECK120001491"	"yceH"	"+"	1125380	1126027	648	"M-C4h"	39	15.7450998320804	0	0	0	0.888888888888889	-Inf	"SD"	17	70.8333333333333
"ECK120001493"	"pyrH"	"+"	191855	192580	726	"M-C4h"	9	0	0	0	0	0.179063360881543	NA	"NO"	10	38.4615384615385
"ECK120001497"	"hemE"	"+"	4195739	4196803	1065	"M-C4h"	3	0.736932083148293	0	0	0	0.260093896713615	-Inf	"SD"	6	15.3846153846154
"ECK120001498"	"gadE"	"+"	3656389	3656916	528	"M-C4h"	1	0	0	0	0	0.0265151515151515	NA	"NO"	NA	NA
"ECK120001501"	"rnt"	"+"	1726371	1727018	648	"M-C4h"	0	0	0	0	0	0	NA	"NO"	4	16.6666666666667
"ECK120001505"	"hydN"	"-"	2835600	2836127	528	"M-C4h"	0	0	0	0	0	0	NA	"NO"	NA	NA
"ECK120001506"	"glmM"	"-"	3320755	3322092	1338	"M-C4h"	2	0	0	0	0	0.127055306427504	NA	"NO"	16	33.3333333333333
"ECK120001510"	"caiD"	"-"	35377	36162	786	"M-C4h"	0	0	0	0	0	0	NA	"NO"	NA	NA
"ECK120001511"	"caiC"	"-"	36271	37824	1554	"M-C4h"	0	0	0	0	0	0	NA	"NO"	NA	NA
"ECK120001512"	"caiB"	"-"	37898	39115	1218	"M-C4h"	0	0	0	0	0	0	NA	"NO"	NA	NA
"ECK120001513"	"caiA"	"-"	39244	40386	1143	"M-C4h"	2	0	0	0	0	0.122484689413823	NA	"NO"	NA	NA
"ECK120001516"	"fixB"	"+"	43188	44129	942	"M-C4h"	0	0	0	0	0	0	NA	"NO"	NA	NA
"ECK120001517"	"fixC"	"+"	44180	45466	1287	"M-C4h"	0	0	0	0	0	0	NA	"NO"	NA	NA
"ECK120001518"	"fixX"	"+"	45463	45750	288	"M-C4h"	0	0	0	0	0	0	NA	"NO"	NA	NA
"ECK120001519"	"yaaU"	"+"	45807	47138	1332	"M-C4h"	1	0	0	0	0	0.0405405405405405	NA	"NO"	NA	NA
"ECK120001520"	"kefF"	"+"	47246	47776	531	"M-C4h"	1	0	0	0	0	0.188323917137476	NA	"NO"	NA	NA
"ECK120001525"	"thiP"	"-"	72911	74521	1611	"M-C4h"	0	0	0	0	0	0	NA	"NO"	NA	NA
"ECK120001526"	"tbpA"	"-"	74497	75480	984	"M-C4h"	0	0	0	0	0	0	NA	"NO"	7	19.4444444444444
"ECK120001528"	"leuC"	"-"	79464	80864	1401	"M-C4h"	0	0	0	0	0	0	NA	"NO"	NA	NA
"ECK120001529"	"leuB"	"-"	80867	81958	1092	"M-C4h"	0	0	0	0	0	0	NA	"NO"	NA	NA
"ECK120001532"	"ybiB"	"+"	834471	835433	963	"M-C4h"	13	3.53161117728907	0	0	0	0.468328141225338	-Inf	"SD"	9	25.7142857142857
"ECK120001534"	"gcl"	"+"	533140	534921	1782	"M-C4h"	1	0	0	0	0	0.0561167227833895	NA	"NO"	NA	NA
"ECK120001535"	"thiC"	"-"	4192227	4194122	1896	"M-C4h"	1	0	0	0	0	0.0527426160337553	NA	"NO"	NA	NA
"ECK120001536"	"thiE"	"-"	4191592	4192227	636	"M-C4h"	0	0	0	0	0	0	NA	"NO"	NA	NA
"ECK120001537"	"thiF"	"-"	4190844	4191599	756	"M-C4h"	0	0	0	0	0	0	NA	"NO"	NA	NA
"ECK120001538"	"thiG"	"-"	4189888	4190658	771	"M-C4h"	0	0	0	0	0	0	NA	"NO"	NA	NA
"ECK120001539"	"thiH"	"-"	4188758	4189891	1134	"M-C4h"	0	0	0	0	0	0	NA	"NO"	NA	NA
"ECK120001540"	"lipB"	"-"	660860	661501	642	"M-C4h"	0	0	0	0	0	0	NA	"NO"	1	4.16666666666667
"ECK120001541"	"ybeD"	"-"	661602	661865	264	"M-C4h"	5	4.95475169540993	0	0	0	0.412878787878788	-Inf	"SD"	2	20
"ECK120001542"	"ybeF"	"-"	659648	660601	954	"M-C4h"	0	0	5	75	0	0	NA	"NO"	NA	NA
"ECK120001544"	"moaB"	"+"	817278	817790	513	"M-C4h"	6	3.05977648558648	0	0	0	0.569200779727095	-Inf	"SD"	3	15.7894736842105
"ECK120001545"	"moaD"	"+"	818271	818516	246	"M-C4h"	4	4.25383560191291	0	0	0	0.666666666666667	-Inf	"SD"	1	11.1111111111111
"ECK120001546"	"moaE"	"+"	818518	818970	453	"M-C4h"	9	5.19756734141015	0	0	0	0.792494481236203	-Inf	"SD"	4	23.5294117647059
"ECK120001549"	"sseB"	"-"	2652179	2652955	777	"M-C4h"	6	2.02016130901656	0	0	0	0.467181467181467	-Inf	"SD"	NA	NA
"ECK120001550"	"glnE"	"-"	3194823	3197663	2841	"M-C4h"	8	0	0	0	0	0.132347764871524	NA	"NO"	7	6.48148148148148
"ECK120001553"	"smg"	"-"	3430013	3430486	474	"M-C4h"	70	38.6345195490192	0	0	0	1	-Inf	"SD"	NA	NA
"ECK120001561"	"eptA"	"-"	4331970	4333613	1644	"M-C4h"	3	0	0	0	0	0.0291970802919708	NA	"NO"	NA	NA
"ECK120001563"	"basR"	"-"	4331305	4331973	669	"M-C4h"	4	0	0	0	0	0.245142002989537	NA	"NO"	NA	NA
"ECK120001565"	"baeS"	"+"	2160900	2162303	1404	"M-C4h"	5	0	0	0	0	0.0961538461538462	NA	"NO"	NA	NA
"ECK120001566"	"baeR"	"+"	2162300	2163022	723	"M-C4h"	8	2.89472630171667	0	0	0	0.547717842323652	-Inf	"SD"	6	21.4285714285714
"ECK120001567"	"mfd"	"-"	1169741	1173187	3447	"M-C4h"	4	0	0	0	0	0.0777487670438062	NA	"NO"	24	18.4615384615385
"ECK120001568"	"rnb"	"-"	1345002	1346936	1935	"M-C4h"	6	0	0	0	0	0.238242894056848	NA	"NO"	26	36.1111111111111
"ECK120001570"	"mdlB"	"+"	469860	471641	1782	"M-C4h"	0	0	1	50	0	0	NA	"NO"	NA	NA
"ECK120001571"	"sdaB"	"+"	2927598	2928965	1368	"M-C4h"	2	0	0	0	0	0.0453216374269006	NA	"NO"	3	6.12244897959184
"ECK120001572"	"artP"	"-"	902229	902957	729	"M-C4h"	8	2.87090139388361	0	0	0	0.373113854595336	-Inf	"SD"	0	0
"ECK120001573"	"artI"	"-"	901480	902211	732	"M-C4h"	11	3.93131118127607	0	0	0	0.549180327868853	-Inf	"SD"	8	29.6296296296296
"ECK120001574"	"artQ"	"-"	900757	901473	717	"M-C4h"	2	0	0	0	0	0.225941422594142	NA	"NO"	NA	NA
"ECK120001575"	"artM"	"-"	900089	900757	669	"M-C4h"	3	0	0	0	0	0.149476831091181	NA	"NO"	NA	NA
"ECK120001577"	"potF"	"+"	893007	894119	1113	"M-C4h"	6	1.41030129120024	0	0	0	0.409703504043127	-Inf	"SD"	4	9.75609756097561
"ECK120001578"	"potG"	"+"	894214	895347	1134	"M-C4h"	4	0	0	0	0	0.18342151675485	NA	"NO"	NA	NA
"ECK120001579"	"potH"	"+"	895357	896310	954	"M-C4h"	1	0	0	0	0	0.10482180293501	NA	"NO"	NA	NA
"ECK120001580"	"potI"	"+"	896307	897152	846	"M-C4h"	2	0	0	0	0	0.057919621749409	NA	"NO"	NA	NA
"ECK120001590"	"psuK"	"-"	2256377	2257318	942	"M-C4h"	0	0	0	0	0	0	NA	"NO"	NA	NA
"ECK120001591"	"accA"	"+"	208621	209580	960	"M-C4h"	6	1.63506805948528	0	0	0	0.311458333333333	-Inf	"SD"	32	91.4285714285714
"ECK120001598"	"fliG"	"+"	2012904	2013899	996	"M-C4h"	0	0	0	0	0	0	NA	"NO"	12	32.4324324324324
"ECK120001599"	"fliH"	"+"	2013892	2014578	687	"M-C4h"	3	0	0	0	0	0.244541484716157	NA	"NO"	2	8
"ECK120001601"	"uidB"	"-"	1690914	1692287	1374	"M-C4h"	3	0	0	0	0	0.145560407569141	NA	"NO"	NA	NA
"ECK120001604"	"yedF"	"+"	2007503	2007736	234	"M-C4h"	0	0	1	100	0	0	NA	"NO"	NA	NA
"ECK120001605"	"yedK"	"+"	2007845	2008513	669	"M-C4h"	0	0	0	0	0	0	NA	"NO"	NA	NA
"ECK120001609"	"moaC"	"+"	817793	818278	486	"M-C4h"	2	1.07658802270635	0	0	0	0.353909465020576	-Inf	"SD"	NA	NA
"ECK120001611"	"atoC"	"+"	2319888	2321273	1386	"M-C4h"	15	2.83128668309139	0	0	0	0.484848484848485	-Inf	"SD"	2	3.84615384615385
"ECK120001612"	"atoD"	"+"	2321469	2322131	663	"M-C4h"	0	0	0	0	0	0	NA	"NO"	NA	NA
"ECK120001613"	"atoA"	"+"	2322131	2322781	651	"M-C4h"	0	0	0	0	0	0	NA	"NO"	NA	NA
"ECK120001614"	"atoE"	"+"	2322778	2324100	1323	"M-C4h"	0	0	0	0	0	0	NA	"NO"	NA	NA
"ECK120001618"	"panB"	"-"	148807	149601	795	"M-C4h"	6	1.97442180768033	0	0	0	0.322012578616352	-Inf	"SD"	13	46.4285714285714
"ECK120001619"	"hslV"	"-"	4119780	4120310	531	"M-C4h"	2	0	0	0	0	0.152542372881356	NA	"NO"	13	68.4210526315789
"ECK120001620"	"modF"	"-"	791539	793011	1473	"M-C4h"	4	0	0	0	0	0.194161575016972	NA	"NO"	NA	NA
"ECK120001621"	"yadC"	"-"	149715	150953	1239	"M-C4h"	0	0	0	0	0	0	NA	"NO"	NA	NA
"ECK120001622"	"aas"	"-"	2971877	2974036	2160	"M-C4h"	1	0	0	0	0	0.0259259259259259	NA	"NO"	0	0
"ECK120001623"	"lptB"	"+"	3341966	3342691	726	"M-C4h"	18	6.4862204012639	0	0	0	0.362258953168044	-Inf	"SD"	9	33.3333333333333
"ECK120001624"	"hpf"	"+"	3344195	3344482	288	"M-C4h"	6	5.45022686495092	0	0	0	0.795138888888889	-Inf	"SD"	3	27.2727272727273
"ECK120001625"	"ptsN"	"+"	3344600	3345091	492	"M-C4h"	4	2.12691780095646	0	0	0	0.445121951219512	-Inf	"SD"	3	16.6666666666667
"ECK120001630"	"setC"	"+"	3834976	3836160	1185	"M-C4h"	1	0	3	67	0	0.0818565400843882	NA	"NO"	NA	NA
"ECK120001633"	"yicN"	"-"	3839973	3840425	453	"M-C4h"	5	0	0	0	0	0.181015452538631	NA	"NO"	NA	NA
"ECK120001638"	"yidG"	"-"	3853631	3853993	363	"M-C4h"	52	37.4759400961915	0	0	0	0.112947658402204	-Inf	"SD"	NA	NA
"ECK120001641"	"galM"	"-"	787020	788060	1041	"M-C4h"	37	9.2983697523082	1	100	0	0.663784822286263	-Inf	"SD"	11	28.9473684210526
"ECK120001647"	"acrB"	"-"	480478	483627	3150	"M-C4h"	4	0	1	36	0	0.079047619047619	NA	"NO"	41	35.9649122807018
"ECK120001652"	"glvB"	"-"	3860010	3860495	486	"M-C4h"	0	0	1	81	0	0	NA	"NO"	NA	NA
"ECK120001659"	"mdtL"	"+"	3889638	3890813	1176	"M-C4h"	0	0	0	0	0	0	NA	"NO"	NA	NA
"ECK120001660"	"yidZ"	"+"	3890788	3891747	960	"M-C4h"	0	0	4	152	0	0	NA	"NO"	NA	NA
"ECK120001661"	"yieE"	"+"	3891892	3892653	762	"M-C4h"	10	3.43321377319743	0	0	0	0.372703412073491	-Inf	"SD"	NA	NA
"ECK120001665"	"cbrB"	"+"	3895529	3895996	468	"M-C4h"	0	0	9	228	39.4736842105263	0	Inf	"AD"	NA	NA
"ECK120001668"	"yieL"	"-"	3897431	3898627	1197	"M-C4h"	0	0	0	0	0	0	NA	"NO"	NA	NA
"ECK120001674"	"efeB"	"+"	1082599	1083870	1272	"M-C4h"	0	0	1	100	0	0	NA	"NO"	NA	NA
"ECK120001676"	"metI"	"-"	220968	221621	654	"M-C4h"	1	0	0	0	0	0.0535168195718654	NA	"NO"	NA	NA
"ECK120001678"	"nfrB"	"-"	590164	592401	2238	"M-C4h"	0	0	0	0	0	0	NA	"NO"	NA	NA
"ECK120001679"	"nfrA"	"-"	587205	590177	2973	"M-C4h"	1	0	0	0	0	0.0336360578540195	NA	"NO"	NA	NA
"ECK120001681"	"yddA"	"-"	1575681	1577366	1686	"M-C4h"	0	0	0	0	0	0	NA	"NO"	NA	NA
"ECK120001682"	"yddB"	"-"	1573271	1575643	2373	"M-C4h"	0	0	0	0	0	0	NA	"NO"	NA	NA
"ECK120001683"	"pqqL"	"-"	1570431	1573226	2796	"M-C4h"	2	0	1	41	0	0.0622317596566524	NA	"NO"	3	2.85714285714286
"ECK120001690"	"otsB"	"-"	1979611	1980411	801	"M-C4h"	2	0	0	0	0	0.17478152309613	NA	"NO"	NA	NA
"ECK120001693"	"tsaE"	"+"	4393608	4394069	462	"M-C4h"	1	0	0	0	0	0.0930735930735931	NA	"NO"	4	23.5294117647059
"ECK120001696"	"ydcD"	"+"	1527946	1528428	483	"M-C4h"	0	0	0	0	0	0	NA	"NO"	NA	NA
"ECK120001699"	"yibG"	"+"	3766200	3766661	462	"M-C4h"	1	0	0	0	0	0.0909090909090909	NA	"NO"	NA	NA
"ECK120001702"	"yibJ"	"+"	3765244	3765945	702	"M-C4h"	1	0	0	0	0	0.0655270655270655	NA	"NO"	NA	NA
"ECK120001704"	"ybbB"	"-"	529356	530450	1095	"M-C4h"	1	0	0	0	0	0.0675799086757991	NA	"NO"	NA	NA
"ECK120001705"	"ybbC"	"+"	526805	527173	369	"M-C4h"	0	0	0	0	0	0	NA	"NO"	NA	NA
"ECK120001706"	"ybbD"	"+"	527864	528124	261	"M-C4h"	0	0	0	0	0	0	NA	"NO"	NA	NA
"ECK120001707"	"nuoM"	"-"	2389534	2391063	1530	"M-C4h"	9	0	0	0	0	0.230718954248366	NA	"NO"	NA	NA
"ECK120001708"	"nuoF"	"-"	2398240	2399577	1338	"M-C4h"	16	3.1283813395234	0	0	0	0.452167414050822	-Inf	"SD"	13	26.530612244898
"ECK120001709"	"ybfE"	"-"	710828	711121	294	"M-C4h"	1	0.889832957543007	0	0	0	0.340136054421769	-Inf	"SD"	0	0
"ECK120001712"	"ybfH"	"-"	715611	715820	210	"M-C4h"	0	0	0	0	0	0	NA	"NO"	NA	NA
"ECK120001714"	"ydeK"	"-"	1592133	1596110	3978	"M-C4h"	3	0	0	0	0	0.0145801910507793	NA	"NO"	NA	NA
"ECK120001721"	"gmd"	"-"	2125217	2126338	1122	"M-C4h"	0	0	0	0	0	0	NA	"NO"	NA	NA
"ECK120001722"	"fcl"	"-"	2124249	2125214	966	"M-C4h"	1	0	0	0	0	0.0631469979296066	NA	"NO"	NA	NA
"ECK120001723"	"gmm"	"-"	2123767	2124246	480	"M-C4h"	0	0	0	0	0	0	NA	"NO"	NA	NA
"ECK120001724"	"wcaI"	"-"	2122547	2123770	1224	"M-C4h"	0	0	0	0	0	0	NA	"NO"	NA	NA
"ECK120001725"	"cmtB"	"-"	3076909	3077352	444	"M-C4h"	1	0	0	0	0	0.225225225225225	NA	"NO"	NA	NA
"ECK120001726"	"cmtA"	"-"	3075493	3076881	1389	"M-C4h"	1	0	0	0	0	0.0554355651547876	NA	"NO"	NA	NA
"ECK120001727"	"ygdD"	"-"	2939258	2939653	396	"M-C4h"	1	0	0	0	0	0.123737373737374	NA	"NO"	NA	NA
"ECK120001729"	"gcvA"	"-"	2939672	2940589	918	"M-C4h"	5	1.42489591240547	0	0	0	0.37363834422658	-Inf	"SD"	2	5.88235294117647
"ECK120001733"	"hybA"	"-"	3142176	3143162	987	"M-C4h"	5	1.32528312825554	0	0	0	0.260385005065856	-Inf	"SD"	2	5.55555555555556
"ECK120001734"	"hybB"	"-"	3141008	3142186	1179	"M-C4h"	3	0	0	0	0	0.148430873621713	NA	"NO"	NA	NA
"ECK120001735"	"hybC"	"-"	3139308	3141011	1704	"M-C4h"	8	1.22822013858049	1	54	0	0.324530516431925	-Inf	"SD"	8	12.9032258064516
"ECK120001736"	"hybD"	"-"	3138814	3139308	495	"M-C4h"	3	1.58552054253118	0	0	0	0.452525252525253	-Inf	"SD"	NA	NA
"ECK120001737"	"hybE"	"-"	3138333	3138821	489	"M-C4h"	1	0	0	0	0	0.204498977505112	NA	"NO"	NA	NA
"ECK120001738"	"hybF"	"-"	3137999	3138340	342	"M-C4h"	0	0	0	0	0	0	NA	"NO"	NA	NA
"ECK120001740"	"yebE"	"-"	1927072	1927731	660	"M-C4h"	12	4.75656162759353	0	0	0	0.701515151515152	-Inf	"SD"	3	12.5
"ECK120001741"	"yebF"	"-"	1928058	1928414	357	"M-C4h"	6	4.39682167256545	0	0	0	0.397759103641457	-Inf	"SD"	NA	NA
"ECK120001744"	"gcvP"	"-"	3044190	3047063	2874	"M-C4h"	3	0	0	0	0	0.0953375086986778	NA	"NO"	79	75.9615384615385
"ECK120001746"	"yjfC"	"+"	4411051	4412214	1164	"M-C4h"	0	0	0	0	0	0	NA	"NO"	NA	NA
"ECK120001747"	"torA"	"+"	1058479	1061025	2547	"M-C4h"	3	0	0	0	0	0.0357283078131135	NA	"NO"	NA	NA
"ECK120001749"	"ispF"	"-"	2869323	2869802	480	"M-C4h"	1	0	0	0	0	0.0958333333333333	NA	"NO"	3	17.6470588235294
"ECK120001750"	"umpG"	"-"	2867535	2868296	762	"M-C4h"	5	1.71660688659871	0	0	0	0.297900262467192	-Inf	"SD"	4	14.8148148148148
"ECK120001751"	"purU"	"-"	1287005	1287847	843	"M-C4h"	8	2.48266561819828	0	0	0	0.372479240806643	-Inf	"SD"	15	46.875
"ECK120001754"	"puuB"	"+"	1362256	1363536	1281	"M-C4h"	0	0	0	0	0	0	NA	"NO"	NA	NA
"ECK120001763"	"rdoA"	"+"	4040438	4041424	987	"M-C4h"	4	0	0	0	0	0.107396149949341	NA	"NO"	2	5.26315789473684
"ECK120001766"	"yihI"	"+"	4049370	4049879	510	"M-C4h"	11	5.64258781312566	0	0	0	0.713725490196078	-Inf	"SD"	NA	NA
"ECK120001768"	"typA"	"+"	4056430	4058253	1824	"M-C4h"	24	3.44224854628479	0	0	0	0.575657894736842	-Inf	"SD"	26	38.8059701492537
"ECK120001769"	"yihL"	"+"	4058470	4059180	711	"M-C4h"	1	0	0	0	0	0.0675105485232067	NA	"NO"	NA	NA
"ECK120001770"	"yihM"	"+"	4059188	4060168	981	"M-C4h"	1	0	0	0	0	0.101936799184506	NA	"NO"	1	2.7027027027027
"ECK120001772"	"yihO"	"-"	4062386	4063789	1404	"M-C4h"	1	0	0	0	0	0.061965811965812	NA	"NO"	NA	NA
"ECK120001773"	"yihP"	"-"	4063832	4065238	1407	"M-C4h"	0	0	0	0	0	0	NA	"NO"	NA	NA
"ECK120001774"	"yihQ"	"-"	4065263	4067299	2037	"M-C4h"	0	0	0	0	0	0	NA	"NO"	NA	NA
"ECK120001775"	"yihR"	"-"	4067498	4068424	927	"M-C4h"	0	0	0	0	0	0	NA	"NO"	NA	NA
"ECK120001776"	"yihS"	"-"	4068538	4069779	1242	"M-C4h"	1	0	1	65	0	0.0330112721417069	NA	"NO"	NA	NA
"ECK120001777"	"yihT"	"-"	4069796	4070674	879	"M-C4h"	2	0	0	0	0	0.138794084186576	NA	"NO"	NA	NA
"ECK120001780"	"yihW"	"+"	4072692	4073477	786	"M-C4h"	4	1.33135312731626	0	0	0	0.262086513994911	-Inf	"SD"	3	10.3448275862069
"ECK120001781"	"yihX"	"+"	4073576	4074175	600	"M-C4h"	7	3.05212704437252	0	0	0	0.308333333333333	-Inf	"SD"	4	17.3913043478261
"ECK120001782"	"yihY"	"+"	4074169	4075041	873	"M-C4h"	22	0	0	0	0	0.217640320733104	NA	"NO"	NA	NA
"ECK120001783"	"dtd"	"+"	4075038	4075475	438	"M-C4h"	12	7.16742163062039	0	0	0	0.397260273972603	-Inf	"SD"	NA	NA
"ECK120001784"	"yiiD"	"+"	4075472	4076461	990	"M-C4h"	2	0	0	0	0	0.123232323232323	NA	"NO"	2	5.40540540540541
"ECK120001785"	"yiiE"	"+"	4077314	4077532	219	"M-C4h"	0	0	0	0	0	0	NA	"NO"	NA	NA
"ECK120001787"	"fdoI"	"-"	4079248	4079883	636	"M-C4h"	85	34.9637195110059	0	0	0	0.886792452830189	-Inf	"SD"	7	28
"ECK120001788"	"fdoH"	"-"	4079880	4080782	903	"M-C4h"	132	38.242123384639	0	0	0	1	-Inf	"SD"	3	9.09090909090909
"ECK120001793"	"frvX"	"-"	4087878	4088948	1071	"M-C4h"	0	0	0	0	0	0	NA	"NO"	NA	NA
"ECK120001794"	"frvB"	"-"	4088938	4090389	1452	"M-C4h"	1	0	0	0	0	0.0261707988980716	NA	"NO"	NA	NA
"ECK120001795"	"frvA"	"-"	4090400	4090846	447	"M-C4h"	0	0	0	0	0	0	NA	"NO"	NA	NA
"ECK120001796"	"rhaM"	"-"	4091147	4091461	315	"M-C4h"	0	0	0	0	0	0	NA	"NO"	NA	NA
"ECK120001797"	"rhaD"	"-"	4091471	4092295	825	"M-C4h"	0	0	0	0	0	0	NA	"NO"	NA	NA
"ECK120001798"	"rhaA"	"-"	4092746	4094005	1260	"M-C4h"	0	0	0	0	0	0	NA	"NO"	NA	NA
"ECK120001800"	"kdgT"	"+"	4099713	4100696	984	"M-C4h"	2	0	0	0	0	0.160569105691057	NA	"NO"	NA	NA
"ECK120001802"	"gph"	"-"	3511653	3512411	759	"M-C4h"	0	0	0	0	0	0	NA	"NO"	5	18.5185185185185
"ECK120001803"	"fieF"	"+"	4104492	4105394	903	"M-C4h"	7	2.02799139160964	0	0	0	0.292358803986711	-Inf	"SD"	NA	NA
"ECK120001806"	"yiiS"	"+"	4110990	4111289	300	"M-C4h"	4	3.48814519356859	0	0	0	0.506666666666667	-Inf	"SD"	NA	NA
"ECK120001810"	"menA"	"-"	4117446	4118372	927	"M-C4h"	1	0	0	0	0	0.107874865156419	NA	"NO"	NA	NA
"ECK120001811"	"hslU"	"-"	4118439	4119770	1332	"M-C4h"	7	1.3748320019696	0	0	0	0.309309309309309	-Inf	"SD"	24	48
"ECK120001814"	"tehB"	"+"	1499586	1500179	594	"M-C4h"	7	3.08295661047729	0	0	0	0.415824915824916	-Inf	"SD"	6	26.0869565217391
"ECK120001816"	"opgH"	"+"	1110086	1112629	2544	"M-C4h"	8	0	0	0	0	0.243317610062893	NA	"NO"	24	24.7422680412371
"ECK120001820"	"slp"	"+"	3651984	3652550	567	"M-C4h"	0	0	0	0	0	0	NA	"NO"	NA	NA
"ECK120001821"	"yeeA"	"-"	2077557	2078615	1059	"M-C4h"	2	0	0	0	0	0.145420207743154	NA	"NO"	NA	NA
"ECK120001822"	"sbmC"	"-"	2078813	2079286	474	"M-C4h"	40	22.0768683137252	0	0	0	0.879746835443038	-Inf	"SD"	4	22.2222222222222
"ECK120001825"	"yeeE"	"-"	2082491	2083549	1059	"M-C4h"	1	0	0	0	0	0.0944287063267233	NA	"NO"	NA	NA
"ECK120001826"	"plaP"	"-"	2083728	2085086	1359	"M-C4h"	0	0	4	100	0	0	NA	"NO"	NA	NA
"ECK120001828"	"recT"	"-"	1412008	1412817	810	"M-C4h"	0	0	0	0	0	0	NA	"NO"	NA	NA
"ECK120001829"	"lar"	"-"	1411757	1411951	195	"M-C4h"	0	0	0	0	0	0	NA	"NO"	NA	NA
"ECK120001830"	"rcbA"	"-"	1411555	1411764	210	"M-C4h"	0	0	0	0	0	0	NA	"NO"	NA	NA
"ECK120001833"	"gldA"	"-"	4135955	4137058	1104	"M-C4h"	10	2.36966385432649	0	0	0	0.369565217391304	-Inf	"SD"	13	33.3333333333333
"ECK120001834"	"fsaB"	"-"	4137069	4137731	663	"M-C4h"	5	1.97293280179219	0	0	0	0.408748114630468	-Inf	"SD"	2	8.33333333333333
"ECK120001837"	"frwB"	"+"	4141647	4141967	321	"M-C4h"	0	0	0	0	0	0	NA	"NO"	NA	NA
"ECK120001838"	"pflD"	"+"	4142018	4144315	2298	"M-C4h"	1	0	0	0	0	0.0435161009573542	NA	"NO"	NA	NA
"ECK120001839"	"pflC"	"+"	4144281	4145159	879	"M-C4h"	1	0	0	0	0	0.0750853242320819	NA	"NO"	NA	NA
"ECK120001842"	"eptC"	"-"	4146555	4148288	1734	"M-C4h"	0	0	0	0	0	0	NA	"NO"	5	7.46268656716418
"ECK120001843"	"nfi"	"+"	4196813	4197484	672	"M-C4h"	1	0	0	0	0	0.148809523809524	NA	"NO"	NA	NA
"ECK120001844"	"yjaG"	"+"	4197527	4198117	591	"M-C4h"	2	0	0	0	0	0.17258883248731	NA	"NO"	4	17.3913043478261
"ECK120001851"	"yjbE"	"+"	4233929	4234171	243	"M-C4h"	1	0	0	0	0	0.065843621399177	NA	"NO"	NA	NA
"ECK120001852"	"yjbF"	"+"	4234285	4234923	639	"M-C4h"	1	0	0	0	0	0.07981220657277	NA	"NO"	NA	NA
"ECK120001853"	"yjbG"	"+"	4234920	4235657	738	"M-C4h"	0	0	0	0	0	0	NA	"NO"	NA	NA
"ECK120001855"	"yjbI"	"+"	4248978	4250306	1329	"M-C4h"	0	0	1	100	0	0	NA	"NO"	NA	NA
"ECK120001859"	"yjbM"	"+"	4258622	4259329	708	"M-C4h"	0	0	0	0	0	0	NA	"NO"	NA	NA
"ECK120001860"	"dusA"	"+"	4259692	4260729	1038	"M-C4h"	1	0	0	0	0	0.0722543352601156	NA	"NO"	6	16.2162162162162
"ECK120001863"	"yjbQ"	"+"	4268261	4268677	417	"M-C4h"	8	5.0189139475807	0	0	0	0.649880095923261	-Inf	"SD"	NA	NA
"ECK120001867"	"ghxP"	"+"	4276502	4277851	1350	"M-C4h"	0	0	0	0	0	0	NA	"NO"	NA	NA
"ECK120001870"	"actP"	"-"	4281276	4282925	1650	"M-C4h"	5	0	1	97	0	0.215151515151515	NA	"NO"	NA	NA
"ECK120001871"	"yjcH"	"-"	4282922	4283236	315	"M-C4h"	3	2.49153228112042	0	0	0	0.253968253968254	-Inf	"SD"	NA	NA
"ECK120001872"	"nrfB"	"+"	4287268	4287834	567	"M-C4h"	0	0	1	81	0	0	NA	"NO"	NA	NA
"ECK120001873"	"nrfC"	"+"	4287831	4288502	672	"M-C4h"	0	0	0	0	0	0	NA	"NO"	NA	NA
"ECK120001874"	"nrfD"	"+"	4288499	4289455	957	"M-C4h"	0	0	0	0	0	0	NA	"NO"	NA	NA
"ECK120001875"	"nrfE"	"+"	4289535	4291193	1659	"M-C4h"	0	0	0	0	0	0	NA	"NO"	NA	NA
"ECK120001876"	"nrfF"	"+"	4291186	4291569	384	"M-C4h"	0	0	0	0	0	0	NA	"NO"	NA	NA
"ECK120001877"	"nrfG"	"+"	4291566	4292162	597	"M-C4h"	0	0	0	0	0	0	NA	"NO"	NA	NA
"ECK120001879"	"mdtP"	"-"	4297587	4299053	1467	"M-C4h"	0	0	0	0	0	0	NA	"NO"	NA	NA
"ECK120001880"	"mdtO"	"-"	4299050	4301101	2052	"M-C4h"	0	0	1	100	0	0	NA	"NO"	NA	NA
"ECK120001881"	"mdtN"	"-"	4301101	4302132	1032	"M-C4h"	0	0	0	0	0	0	NA	"NO"	NA	NA
"ECK120001882"	"yjcS"	"-"	4302635	4304620	1986	"M-C4h"	1	0	1	62	0	0.0417925478348439	NA	"NO"	NA	NA
"ECK120001883"	"alsK"	"-"	4304893	4305822	930	"M-C4h"	1	0	0	0	0	0.10752688172043	NA	"NO"	NA	NA
"ECK120001884"	"alsE"	"-"	4305806	4306501	696	"M-C4h"	0	0	0	0	0	0	NA	"NO"	NA	NA
"ECK120001885"	"alsC"	"-"	4306512	4307492	981	"M-C4h"	0	0	0	0	0	0	NA	"NO"	NA	NA
"ECK120001886"	"alsA"	"-"	4307471	4309003	1533	"M-C4h"	0	0	2	117	0	0	NA	"NO"	NA	NA
"ECK120001887"	"lldP"	"+"	3775422	3777077	1656	"M-C4h"	8	1.26382072230746	0	0	0	0.385869565217391	-Inf	"SD"	NA	NA
"ECK120001888"	"lldR"	"+"	3777077	3777853	777	"M-C4h"	3	0	0	0	0	0.232947232947233	NA	"NO"	NA	NA
"ECK120001889"	"lldD"	"+"	3777850	3779040	1191	"M-C4h"	6	1.31793899001332	0	0	0	0.371956339210747	-Inf	"SD"	17	39.5348837209302
"ECK120001892"	"adiY"	"-"	4335191	4335952	762	"M-C4h"	0	0	0	0	0	0	NA	"NO"	NA	NA
"ECK120001893"	"flgK"	"+"	1137601	1139244	1644	"M-C4h"	13	2.06869924801057	0	0	0	0.349148418491484	-Inf	"SD"	4	6.89655172413793
"ECK120001894"	"zntR"	"-"	3436727	3437152	426	"M-C4h"	2	1.22822013858049	0	0	0	0.368544600938967	-Inf	"SD"	NA	NA
"ECK120001895"	"yhdN"	"-"	3437163	3437531	369	"M-C4h"	4	2.83589040127528	0	0	0	0.463414634146341	-Inf	"SD"	NA	NA
"ECK120001897"	"htrE"	"-"	152829	155426	2598	"M-C4h"	0	0	0	0	0	0	NA	"NO"	NA	NA
"ECK120001898"	"yadV"	"-"	155461	156201	741	"M-C4h"	0	0	0	0	0	0	NA	"NO"	NA	NA
"ECK120001899"	"fimI"	"+"	4541751	4542290	540	"M-C4h"	1	0	0	0	0	0.0944444444444444	NA	"NO"	NA	NA
"ECK120001900"	"fliP"	"+"	2019893	2020630	738	"M-C4h"	1	0	0	0	0	0.13550135501355	NA	"NO"	1	3.7037037037037
"ECK120001901"	"fliQ"	"+"	2020640	2020909	270	"M-C4h"	0	0	0	0	0	0	NA	"NO"	NA	NA
"ECK120001902"	"fliR"	"+"	2020917	2021702	786	"M-C4h"	0	0	0	0	0	0	NA	"NO"	NA	NA
"ECK120001903"	"rfbA"	"-"	2108162	2109043	882	"M-C4h"	1	0	0	0	0	0.0226757369614512	NA	"NO"	21	63.6363636363636
"ECK120001904"	"rfbC"	"-"	2107605	2108162	558	"M-C4h"	2	0.937673439131341	0	0	0	0.318996415770609	-Inf	"SD"	2	9.52380952380952
"ECK120001905"	"rfbX"	"-"	2106361	2107608	1248	"M-C4h"	0	0	0	0	0	0	NA	"NO"	NA	NA
"ECK120001906"	"glf"	"-"	2105250	2106353	1104	"M-C4h"	3	0	0	0	0	0.205615942028986	NA	"NO"	19	44.1860465116279
"ECK120001907"	"wbbH"	"-"	2104084	2105250	1167	"M-C4h"	1	0	0	0	0	0.0462724935732648	NA	"NO"	NA	NA
"ECK120001908"	"wbbI"	"-"	2103089	2104081	993	"M-C4h"	1	0	0	0	0	0.05337361530715	NA	"NO"	12	31.5789473684211
"ECK120001909"	"wbbJ"	"-"	2102518	2103108	591	"M-C4h"	4	1.7706320779536	0	0	0	0.441624365482233	-Inf	"SD"	4	18.1818181818182
"ECK120001910"	"wbbK"	"-"	2101415	2102533	1119	"M-C4h"	0	0	0	0	0	0	NA	"NO"	8	18.6046511627907
"ECK120001911"	"wbbL_1"	"-"	2100940	2101413	474	"M-C4h"	0	0	0	0	0	0	NA	"NO"	NA	NA
"ECK120001913"	"yehB"	"-"	2186452	2188932	2481	"M-C4h"	0	0	0	0	0	0	NA	"NO"	NA	NA
"ECK120001914"	"yehC"	"-"	2188948	2189667	720	"M-C4h"	0	0	0	0	0	0	NA	"NO"	NA	NA
"ECK120001915"	"yehD"	"-"	2189702	2190244	543	"M-C4h"	0	0	0	0	0	0	NA	"NO"	NA	NA
"ECK120001916"	"yehE"	"-"	2190537	2190818	282	"M-C4h"	1	0	0	0	0	0.0957446808510638	NA	"NO"	NA	NA
"ECK120001917"	"molR_1"	"+"	2194496	2195320	825	"M-C4h"	0	0	0	0	0	0	NA	"NO"	NA	NA
"ECK120001918"	"yehI"	"+"	2198301	2201933	3633	"M-C4h"	2	0	0	0	0	0.0498210845031654	NA	"NO"	NA	NA
"ECK120001919"	"yehL"	"+"	2202618	2203706	1089	"M-C4h"	0	0	0	0	0	0	NA	"NO"	NA	NA
"ECK120001920"	"yehM"	"+"	2203717	2205996	2280	"M-C4h"	0	0	0	0	0	0	NA	"NO"	NA	NA
"ECK120001921"	"yehP"	"+"	2205989	2207125	1137	"M-C4h"	1	0	0	0	0	0.0492524186455585	NA	"NO"	NA	NA
"ECK120001922"	"yehQ"	"+"	2207122	2208966	1845	"M-C4h"	2	0	0	0	0	0.106775067750678	NA	"NO"	NA	NA
"ECK120001925"	"yehT"	"-"	2210265	2210984	720	"M-C4h"	2	0	0	0	0	0.213888888888889	NA	"NO"	1	3.7037037037037
"ECK120001929"	"yehX"	"-"	2214503	2215429	927	"M-C4h"	0	0	0	0	0	0	NA	"NO"	NA	NA
"ECK120001930"	"yehY"	"-"	2215422	2216579	1158	"M-C4h"	0	0	0	0	0	0	NA	"NO"	NA	NA
"ECK120001931"	"osmF"	"-"	2216586	2217503	918	"M-C4h"	1	0	0	0	0	0.028322440087146	NA	"NO"	NA	NA
"ECK120001937"	"mdtQ"	"-"	2225345	2226433	1089	"M-C4h"	0	0	0	0	0	0	NA	"NO"	NA	NA
"ECK120001941"	"yohK"	"+"	2229041	2229736	696	"M-C4h"	1	0	7	111	63.0630630630631	0.014367816091954	Inf	"AD"	NA	NA
"ECK120001942"	"sanA"	"+"	2230900	2231619	720	"M-C4h"	1	0	0	0	0	0.0819444444444444	NA	"NO"	NA	NA
"ECK120001950"	"psuG"	"-"	2255451	2256389	939	"M-C4h"	0	0	0	0	0	0	NA	"NO"	NA	NA
"ECK120001953"	"yeiQ"	"+"	2264267	2265733	1467	"M-C4h"	9	1.60497478231684	0	0	0	0.432174505794138	-Inf	"SD"	NA	NA
"ECK120001954"	"yejA"	"+"	2270386	2272200	1815	"M-C4h"	21	0	0	0	0	0.175757575757576	NA	"NO"	NA	NA
"ECK120001955"	"yejB"	"+"	2272201	2273295	1095	"M-C4h"	0	0	0	0	0	0	NA	"NO"	NA	NA
"ECK120001956"	"yejE"	"+"	2273295	2274320	1026	"M-C4h"	0	0	0	0	0	0	NA	"NO"	NA	NA
"ECK120001963"	"yejM"	"+"	2282398	2284158	1761	"M-C4h"	2	0	5	102	0	0.101078932424759	NA	"NO"	1	1.49253731343284
"ECK120001966"	"ccmG"	"-"	2290429	2290986	558	"M-C4h"	0	0	0	0	0	0	NA	"NO"	1	4.76190476190476
"ECK120001967"	"ccmF"	"-"	2290983	2292926	1944	"M-C4h"	2	0	0	0	0	0.0730452674897119	NA	"NO"	NA	NA
"ECK120001968"	"ccmE"	"-"	2292923	2293402	480	"M-C4h"	1	0	0	0	0	0.0479166666666667	NA	"NO"	1	5.55555555555556
"ECK120001969"	"ccmC"	"-"	2293605	2294342	738	"M-C4h"	1	0	0	0	0	0.0975609756097561	NA	"NO"	NA	NA
"ECK120001970"	"ccmB"	"-"	2294384	2295046	663	"M-C4h"	0	0	0	0	0	0	NA	"NO"	NA	NA
"ECK120001971"	"ccmA"	"-"	2295043	2295666	624	"M-C4h"	3	0	0	0	0	0.211538461538462	NA	"NO"	NA	NA
"ECK120001972"	"napC"	"-"	2295679	2296281	603	"M-C4h"	3	0	0	0	0	0.189054726368159	NA	"NO"	NA	NA
"ECK120001973"	"napB"	"-"	2296291	2296740	450	"M-C4h"	0	0	0	0	0	0	NA	"NO"	NA	NA
"ECK120001974"	"napH"	"-"	2296737	2297600	864	"M-C4h"	0	0	0	0	0	0	NA	"NO"	NA	NA
"ECK120001975"	"napG"	"-"	2297587	2298282	696	"M-C4h"	0	0	0	0	0	0	NA	"NO"	NA	NA
"ECK120001976"	"napA"	"-"	2298289	2300775	2487	"M-C4h"	5	0	0	0	0	0.171692802573382	NA	"NO"	16	17.2043010752688
"ECK120001979"	"yojI"	"-"	2304994	2306637	1644	"M-C4h"	1	0	0	0	0	0.0328467153284672	NA	"NO"	0	0
"ECK120001980"	"apbE"	"-"	2308501	2309556	1056	"M-C4h"	0	0	0	0	0	0	NA	"NO"	NA	NA
"ECK120001981"	"nikA"	"+"	3611690	3613264	1575	"M-C4h"	2	0	0	0	0	0.0558730158730159	NA	"NO"	9	15.2542372881356
"ECK120001982"	"nikB"	"+"	3613264	3614208	945	"M-C4h"	0	0	0	0	0	0	NA	"NO"	NA	NA
"ECK120001983"	"nikC"	"+"	3614205	3615038	834	"M-C4h"	0	0	0	0	0	0	NA	"NO"	NA	NA
"ECK120001984"	"nikD"	"+"	3615038	3615802	765	"M-C4h"	0	0	0	0	0	0	NA	"NO"	NA	NA
"ECK120001985"	"nikE"	"+"	3615799	3616605	807	"M-C4h"	0	0	0	0	0	0	NA	"NO"	0	0
"ECK120001986"	"recX"	"-"	2820161	2820661	501	"M-C4h"	2	0	0	0	0	0.183632734530938	NA	"NO"	NA	NA
"ECK120001987"	"ppdA"	"-"	2961729	2962199	471	"M-C4h"	0	0	0	0	0	0	NA	"NO"	NA	NA
"ECK120001988"	"nuoA"	"-"	2402651	2403094	444	"M-C4h"	4	2.35685486051932	0	0	0	0.369369369369369	-Inf	"SD"	2	12.5
"ECK120001989"	"nuoB"	"-"	2401973	2402635	663	"M-C4h"	7	2.76210592250906	0	0	0	0.583710407239819	-Inf	"SD"	4	16
"ECK120001990"	"nuoC"	"-"	2400077	2401867	1791	"M-C4h"	46	6.71920765930298	1	43	0	0.645449469570073	-Inf	"SD"	34	50
"ECK120001991"	"nuoE"	"-"	2399574	2400074	501	"M-C4h"	30	15.6653227256074	1	78	0	0.898203592814371	-Inf	"SD"	5	26.3157894736842
"ECK120001992"	"nuoG"	"-"	2395461	2398187	2727	"M-C4h"	22	2.1105388959986	0	0	0	0.439310597726439	-Inf	"SD"	51	51
"ECK120001993"	"nuoH"	"-"	2394487	2395464	978	"M-C4h"	15	4.01243695579209	0	0	0	0.535787321063395	-Inf	"SD"	17	47.2222222222222
"ECK120001994"	"nuoI"	"-"	2393930	2394472	543	"M-C4h"	11	5.29966811177548	0	0	0	0.734806629834254	-Inf	"SD"	10	47.6190476190476
"ECK120001995"	"nuoJ"	"-"	2393364	2393918	555	"M-C4h"	4	1.88548388841545	0	0	0	0.427027027027027	-Inf	"SD"	NA	NA
"ECK120001996"	"nuoK"	"-"	2393065	2393367	303	"M-C4h"	3	2.59020682690737	2	80	0	0.537953795379538	-Inf	"SD"	3	27.2727272727273
"ECK120001997"	"nuoL"	"-"	2391227	2393068	1842	"M-C4h"	48	6.81722187668128	1	100	0	0.558631921824104	-Inf	"SD"	16	24.2424242424242
"ECK120002000"	"secG"	"-"	3320195	3320527	333	"M-C4h"	12	9.42741944207727	1	82	0	0.852852852852853	-Inf	"SD"	3	27.2727272727273
"ECK120002002"	"yfiH"	"-"	2732325	2733056	732	"M-C4h"	1	0	0	0	0	0.092896174863388	NA	"NO"	NA	NA
"ECK120002006"	"feoA"	"+"	3538185	3538412	228	"M-C4h"	0	0	0	0	0	0	NA	"NO"	NA	NA
"ECK120002007"	"feoB"	"+"	3538429	3540750	2322	"M-C4h"	6	0	0	0	0	0.198105081826012	NA	"NO"	NA	NA
"ECK120002009"	"yeiR"	"+"	2265851	2266837	987	"M-C4h"	0	0	0	0	0	0	NA	"NO"	2	5.55555555555556
"ECK120002011"	"hofB"	"-"	115714	117099	1386	"M-C4h"	0	0	0	0	0	0	NA	"NO"	NA	NA
"ECK120002012"	"ppdD"	"-"	117109	117549	441	"M-C4h"	0	0	0	0	0	0	NA	"NO"	NA	NA
"ECK120002014"	"ydcF"	"+"	1485259	1486059	801	"M-C4h"	3	0	0	0	0	0.102372034956305	NA	"NO"	3	10
"ECK120002015"	"nlpD"	"-"	2865636	2866775	1140	"M-C4h"	79	18.1291756770999	0	0	0	0.506140350877193	-Inf	"SD"	4	10
"ECK120002017"	"hofQ"	"-"	3517487	3518725	1239	"M-C4h"	1	0	0	0	0	0.0807102502017756	NA	"NO"	NA	NA
"ECK120002018"	"prfC"	"+"	4607437	4609026	1590	"M-C4h"	0	0	0	0	0	0	NA	"NO"	15	25
"ECK120002019"	"yjjG"	"+"	4606669	4607346	678	"M-C4h"	0	0	0	0	0	0	NA	"NO"	NA	NA
"ECK120002024"	"rssB"	"+"	1289465	1290478	1014	"M-C4h"	12	3.09598685819697	0	0	0	0.272189349112426	-Inf	"SD"	NA	NA
"ECK120002025"	"yggI"	"+"	3087777	3088274	498	"M-C4h"	0	0	0	0	0	0	NA	"NO"	NA	NA
"ECK120002027"	"hisJ"	"-"	2424028	2424810	783	"M-C4h"	36	12.0280868743744	0	0	0	0.839080459770115	-Inf	"SD"	16	57.1428571428571
"ECK120002028"	"hisQ"	"-"	2423252	2423938	687	"M-C4h"	1	0	0	0	0	0.11353711790393	NA	"NO"	NA	NA
"ECK120002029"	"treB"	"-"	4462782	4464203	1422	"M-C4h"	60	11.0384341568626	0	0	0	0.725035161744022	-Inf	"SD"	40	78.4313725490196
"ECK120002030"	"lgt"	"-"	2963184	2964059	876	"M-C4h"	0	0	1	69	0	0	NA	"NO"	6	18.1818181818182
"ECK120002031"	"uraA"	"-"	2616893	2618182	1290	"M-C4h"	0	0	1	40	0	0	NA	"NO"	NA	NA
"ECK120002032"	"hscA"	"-"	2655107	2656957	1851	"M-C4h"	19	2.68536299342801	0	0	0	0.440302539168017	-Inf	"SD"	14	21.2121212121212
"ECK120002033"	"hscB"	"-"	2656974	2657489	516	"M-C4h"	3	0	1	46	0	0.24031007751938	NA	"NO"	6	30
"ECK120002034"	"iscA"	"-"	2657585	2657908	324	"M-C4h"	76	61.3655172942622	0	0	0	1	-Inf	"SD"	NA	NA
"ECK120002035"	"ucpA"	"-"	2541854	2542645	792	"M-C4h"	502	165.819023406386	0	0	0	1	-Inf	"SD"	10	35.7142857142857
"ECK120002037"	"mdtD"	"+"	2159488	2160903	1416	"M-C4h"	0	0	0	0	0	0	NA	"NO"	NA	NA
"ECK120002040"	"yfhG"	"-"	2686815	2687528	714	"M-C4h"	1	0	0	0	0	0.140056022408964	NA	"NO"	NA	NA
"ECK120002043"	"sdaC"	"+"	2926251	2927540	1290	"M-C4h"	9	1.82519225244868	4	112	0	0.416279069767442	-Inf	"SD"	1	2.12765957446809
"ECK120002044"	"napD"	"-"	2300772	2301035	264	"M-C4h"	0	0	0	0	0	0	NA	"NO"	NA	NA
"ECK120002045"	"pgm"	"+"	712781	714421	1641	"M-C4h"	14	2.23190277467826	0	0	0	0.390615478366849	-Inf	"SD"	27	46.551724137931
"ECK120002046"	"rapZ"	"+"	3345137	3345991	855	"M-C4h"	0	0	0	0	0	0	NA	"NO"	7	21.875
"ECK120002047"	"npr"	"+"	3345988	3346260	273	"M-C4h"	0	0	0	0	0	0	NA	"NO"	NA	NA
"ECK120002048"	"galP"	"+"	3086306	3087700	1395	"M-C4h"	1	0	0	0	0	0.0716845878136201	NA	"NO"	NA	NA
"ECK120002049"	"cobS"	"-"	2062503	2063246	744	"M-C4h"	7	2.46139277771977	0	0	0	0.543010752688172	-Inf	"SD"	NA	NA
"ECK120002050"	"cobT"	"-"	2061412	2062491	1080	"M-C4h"	3	0	0	0	0	0.137962962962963	NA	"NO"	NA	NA
"ECK120002052"	"narU"	"-"	1540696	1542084	1389	"M-C4h"	0	0	0	0	0	0	NA	"NO"	NA	NA
"ECK120002056"	"yaiE"	"+"	407401	407685	285	"M-C4h"	3	2.75379883702783	29	223	130.044843049327	0.480701754385965	1.074629724726	"AD"	NA	NA
"ECK120002059"	"rsmB"	"+"	3433229	3434518	1290	"M-C4h"	1	0	0	0	0	0.000775193798449612	NA	"NO"	2	4.16666666666667
"ECK120002061"	"mukF"	"+"	973542	974864	1323	"M-C4h"	2	0	0	0	0	0.151171579743008	NA	"NO"	1	1.96078431372549
"ECK120002064"	"brnQ"	"+"	418815	420134	1320	"M-C4h"	10	1.98190067816397	1	100	0	0.370454545454545	-Inf	"SD"	NA	NA
"ECK120002065"	"ccmD"	"-"	2293399	2293608	210	"M-C4h"	1	0	0	0	0	0.233333333333333	NA	"NO"	NA	NA
"ECK120002068"	"gspM"	"+"	3463104	3463565	462	"M-C4h"	0	0	0	0	0	0	NA	"NO"	NA	NA
"ECK120002069"	"yjdC"	"-"	4360756	4361331	576	"M-C4h"	11	4.99604129287168	0	0	0	0.510416666666667	-Inf	"SD"	3	13.6363636363636
"ECK120002070"	"cutA"	"-"	4363041	4363379	339	"M-C4h"	1	0.77171353840013	0	0	0	0.268436578171091	-Inf	"SD"	NA	NA
"ECK120002071"	"dipZ"	"-"	4361368	4363065	1698	"M-C4h"	0	0	0	0	0	0	NA	"NO"	0	0
"ECK120002076"	"ampG"	"-"	451294	452769	1476	"M-C4h"	0	0	0	0	0	0	NA	"NO"	NA	NA
"ECK120002077"	"ptsP"	"-"	2964210	2966456	2247	"M-C4h"	11	1.28069416319274	0	0	0	0.300400534045394	-Inf	"SD"	5	5.95238095238095
"ECK120002080"	"glnK"	"+"	471822	472160	339	"M-C4h"	0	0	0	0	0	0	NA	"NO"	NA	NA
"ECK120002092"	"cspC"	"-"	1905250	1905459	210	"M-C4h"	24	29.898387373445	0	0	0	1	-Inf	"SD"	NA	NA
"ECK120002097"	"waaF"	"+"	3792952	3793998	1047	"M-C4h"	2	0	0	0	0	0.102196752626552	NA	"NO"	3	7.69230769230769
"ECK120002107"	"acpT"	"+"	3610992	3611579	588	"M-C4h"	0	0	0	0	0	0	NA	"NO"	NA	NA
"ECK120002108"	"rbbA"	"-"	3624826	3627561	2736	"M-C4h"	35	3.34663053111021	0	0	0	0.436038011695906	-Inf	"SD"	NA	NA
"ECK120002109"	"yhiI"	"-"	3627558	3628625	1068	"M-C4h"	30	7.34862049206865	0	0	0	0.897940074906367	-Inf	"SD"	5	12.8205128205128
"ECK120002110"	"yhiJ"	"-"	3628991	3630613	1623	"M-C4h"	0	0	0	0	0	0	NA	"NO"	NA	NA
"ECK120002111"	"yhiK"	"-"	3630875	3631267	393	"M-C4h"	0	0	0	0	0	0	NA	"NO"	NA	NA
"ECK120002119"	"arsR"	"+"	3646551	3646904	354	"M-C4h"	0	0	0	0	0	0	NA	"NO"	NA	NA
"ECK120002120"	"arsB"	"+"	3646958	3648247	1290	"M-C4h"	1	0	1	64	0	0.0775193798449612	NA	"NO"	NA	NA
"ECK120002121"	"arsC"	"+"	3648260	3648685	426	"M-C4h"	0	0	0	0	0	0	NA	"NO"	NA	NA
"ECK120002123"	"mdtE"	"+"	3657255	3658412	1158	"M-C4h"	1	0	1	59	0	0.0466321243523316	NA	"NO"	NA	NA
"ECK120002126"	"gadX"	"-"	3663009	3663833	825	"M-C4h"	2	0	0	0	0	0.112727272727273	NA	"NO"	NA	NA
"ECK120002131"	"yhjD"	"+"	3671385	3672398	1014	"M-C4h"	17	0	1	55	0	0.17258382642998	NA	"NO"	NA	NA
"ECK120002137"	"yhjK"	"-"	3681653	3683602	1950	"M-C4h"	0	0	0	0	0	0	NA	"NO"	NA	NA
"ECK120002138"	"bcsC"	"-"	3683723	3687196	3474	"M-C4h"	3	0	0	0	0	0.0515256188831318	NA	"NO"	NA	NA
"ECK120002139"	"bcsZ"	"-"	3687178	3688284	1107	"M-C4h"	0	0	0	0	0	0	NA	"NO"	NA	NA
"ECK120002140"	"bcsB"	"-"	3688291	3690630	2340	"M-C4h"	1	0	1	35	0	0.0427350427350427	NA	"NO"	NA	NA
"ECK120002141"	"bcsA"	"-"	3690641	3693259	2619	"M-C4h"	0	0	0	0	0	0	NA	"NO"	NA	NA
"ECK120002142"	"bcsQ"	"-"	3693256	3693984	729	"M-C4h"	2	0	0	0	0	0.128943758573388	NA	"NO"	NA	NA
"ECK120002145"	"bcsF"	"+"	3696049	3696240	192	"M-C4h"	0	0	0	0	0	0	NA	"NO"	NA	NA
"ECK120002148"	"eptB"	"-"	3706807	3708498	1692	"M-C4h"	8	0	1	51	0	0.218085106382979	NA	"NO"	NA	NA
"ECK120002149"	"yhjX"	"-"	3708822	3710030	1209	"M-C4h"	0	0	2	180	0	0	NA	"NO"	NA	NA
"ECK120002156"	"xylG"	"+"	3730224	3731765	1542	"M-C4h"	1	0	26	190	136.842105263158	0.0648508430609598	Inf	"AD"	NA	NA
"ECK120002157"	"xylH"	"+"	3731743	3732924	1182	"M-C4h"	0	0	0	0	0	0	NA	"NO"	NA	NA
"ECK120002161"	"yiaL"	"+"	3741766	3742233	468	"M-C4h"	0	0	0	0	0	0	NA	"NO"	NA	NA
"ECK120002162"	"yiaM"	"+"	3742351	3742824	474	"M-C4h"	0	0	0	0	0	0	NA	"NO"	NA	NA
"ECK120002163"	"yiaN"	"+"	3742827	3744104	1278	"M-C4h"	0	0	0	0	0	0	NA	"NO"	NA	NA
"ECK120002164"	"yiaO"	"+"	3744117	3745103	987	"M-C4h"	0	0	0	0	0	0	NA	"NO"	NA	NA
"ECK120002165"	"lyxK"	"+"	3745107	3746603	1497	"M-C4h"	0	0	0	0	0	0	NA	"NO"	NA	NA
"ECK120002166"	"sgbH"	"+"	3746600	3747262	663	"M-C4h"	0	0	0	0	0	0	NA	"NO"	NA	NA
"ECK120002167"	"sgbU"	"+"	3747255	3748115	861	"M-C4h"	0	0	0	0	0	0	NA	"NO"	NA	NA
"ECK120002172"	"yiaW"	"-"	3752128	3752451	324	"M-C4h"	0	0	0	0	0	0	NA	"NO"	NA	NA
"ECK120002173"	"aldB"	"-"	3752996	3754534	1539	"M-C4h"	5	0	0	0	0	0.240415854450942	NA	"NO"	NA	NA
"ECK120002174"	"yiaY"	"-"	3754699	3755850	1152	"M-C4h"	0	0	0	0	0	0	NA	"NO"	NA	NA
"ECK120002175"	"grxC"	"-"	3782214	3782465	252	"M-C4h"	4	4.15255380186737	0	0	0	0.615079365079365	-Inf	"SD"	NA	NA
"ECK120002178"	"envC"	"+"	3784861	3786120	1260	"M-C4h"	3	0	0	0	0	0.134126984126984	NA	"NO"	NA	NA
"ECK120002181"	"tmk"	"+"	1154347	1154988	642	"M-C4h"	12	4.88992316855409	0	0	0	0.493769470404984	-Inf	"SD"	5	20.8333333333333
"ECK120002182"	"ycfH"	"+"	1156000	1156797	798	"M-C4h"	15	4.91749792326399	1	72	0	0.389724310776942	-Inf	"SD"	2	6.66666666666667
"ECK120002183"	"sapD"	"-"	1350660	1351652	993	"M-C4h"	0	0	0	0	0	0	NA	"NO"	0	0
"ECK120002184"	"sapF"	"-"	1349852	1350658	807	"M-C4h"	1	0	1	65	0	0.0508054522924411	NA	"NO"	2	6.45161290322581
"ECK120002186"	"yjtD"	"+"	4638965	4639651	687	"M-C4h"	1	0	0	0	0	0.145560407569141	NA	"NO"	NA	NA
"ECK120002187"	"pepB"	"-"	2653097	2654380	1284	"M-C4h"	13	2.6487083829668	0	0	0	0.424454828660436	-Inf	"SD"	22	47.8260869565217
"ECK120002188"	"iscX"	"-"	2654558	2654758	201	"M-C4h"	19	24.7293875663445	0	0	0	1	-Inf	"SD"	NA	NA
"ECK120002190"	"zapD"	"-"	111856	112599	744	"M-C4h"	1	0	1	100	0	0.125	NA	"NO"	5	17.8571428571429
"ECK120002197"	"yadH"	"+"	143702	144472	771	"M-C4h"	3	1.01794120434881	0	0	0	0.359273670557717	-Inf	"SD"	NA	NA
"ECK120002198"	"yadI"	"+"	144577	145017	441	"M-C4h"	29	17.2034371791648	0	0	0	1	-Inf	"SD"	NA	NA
"ECK120002199"	"yfaD"	"+"	2354926	2355825	900	"M-C4h"	0	0	0	0	0	0	NA	"NO"	NA	NA
"ECK120002200"	"yadK"	"-"	151003	151599	597	"M-C4h"	0	0	0	0	0	0	NA	"NO"	NA	NA
"ECK120002201"	"yadL"	"-"	151626	152231	606	"M-C4h"	0	0	0	0	0	0	NA	"NO"	NA	NA
"ECK120002202"	"yadM"	"-"	152243	152812	570	"M-C4h"	0	0	0	0	0	0	NA	"NO"	NA	NA
"ECK120002203"	"yadN"	"-"	156299	156883	585	"M-C4h"	0	0	0	0	0	0	NA	"NO"	NA	NA
"ECK120002209"	"btuF"	"-"	177662	178462	801	"M-C4h"	1	0	0	0	0	0.124843945068664	NA	"NO"	NA	NA
"ECK120002212"	"yaeI"	"-"	184257	185069	813	"M-C4h"	0	0	0	0	0	0	NA	"NO"	NA	NA
"ECK120002214"	"yagB"	"-"	279609	279959	351	"M-C4h"	2	0	0	0	0	0.199430199430199	NA	"NO"	NA	NA
"ECK120002216"	"rseA"	"-"	2706776	2707426	651	"M-C4h"	111	44.6064650329624	0	0	0	0.989247311827957	-Inf	"SD"	2	8.33333333333333
"ECK120002223"	"arfB"	"+"	214833	215255	423	"M-C4h"	3	1.85539637955776	0	0	0	0.378250591016548	-Inf	"SD"	NA	NA
"ECK120002227"	"ybgD"	"-"	751452	752018	567	"M-C4h"	0	0	0	0	0	0	NA	"NO"	NA	NA
"ECK120002229"	"kduD"	"-"	2980519	2981280	762	"M-C4h"	3	1.02996413195923	3	100	0	0.299212598425197	-Inf	"SD"	NA	NA
"ECK120002230"	"menF"	"-"	2377370	2378665	1296	"M-C4h"	0	0	0	0	0	0	NA	"NO"	NA	NA
"ECK120002231"	"ygiL"	"+"	3183436	3183987	552	"M-C4h"	0	0	0	0	0	0	NA	"NO"	NA	NA
"ECK120002232"	"intB"	"+"	4494773	4495963	1191	"M-C4h"	22	4.83244296338218	2	59	0	0.404701931150294	-Inf	"SD"	NA	NA
"ECK120002234"	"rsmE"	"+"	3089156	3089887	732	"M-C4h"	6	2.14435155342331	0	0	0	0.289617486338798	-Inf	"SD"	5	18.5185185185185
"ECK120002235"	"cusA"	"+"	597937	601080	3144	"M-C4h"	1	0	0	0	0	0.0318066157760814	NA	"NO"	NA	NA
"ECK120002239"	"nlpI"	"-"	3306062	3306946	885	"M-C4h"	31	9.16377127123951	0	0	0	0.467796610169492	-Inf	"SD"	2	5.88235294117647
"ECK120002241"	"ygdH"	"+"	2924330	2925694	1365	"M-C4h"	18	3.4498139277052	0	0	0	0.586080586080586	-Inf	"SD"	17	33.3333333333333
"ECK120002242"	"yhfG"	"-"	3489475	3489642	168	"M-C4h"	4	6.22883070280105	0	0	0	1	-Inf	"SD"	NA	NA
"ECK120002243"	"ycaI"	"+"	963543	965807	2265	"M-C4h"	3	0	2	97	0	0.132450331125828	NA	"NO"	NA	NA
"ECK120002246"	"yecE"	"+"	1949419	1950237	819	"M-C4h"	0	0	1	50	0	0	NA	"NO"	NA	NA
"ECK120002248"	"nrdF"	"+"	2801524	2802483	960	"M-C4h"	0	0	0	0	0	0	NA	"NO"	NA	NA
"ECK120002250"	"rcsD"	"+"	2311510	2314182	2673	"M-C4h"	20	0	1	100	0	0.204264870931538	NA	"NO"	13	13
"ECK120002252"	"lhgO"	"+"	2788004	2789272	1269	"M-C4h"	5	0	0	0	0	0.223798266351458	NA	"NO"	NA	NA
"ECK120002258"	"ybgE"	"+"	773532	773825	294	"M-C4h"	8	0	0	0	0	0.227891156462585	NA	"NO"	NA	NA
"ECK120002260"	"ycbF"	"+"	1003170	1003880	711	"M-C4h"	1	0	1	100	0	0.140646976090014	NA	"NO"	NA	NA
"ECK120002261"	"dhaM"	"-"	1246919	1248337	1419	"M-C4h"	7	1.29053997647886	0	0	0	0.324876673713883	-Inf	"SD"	2	3.92156862745098
"ECK120002263"	"rlmN"	"-"	2641151	2642305	1155	"M-C4h"	1	0	2	104	0	0.0865800865800866	NA	"NO"	3	6.97674418604651
"ECK120002271"	"nudK"	"-"	2580925	2581500	576	"M-C4h"	1	0	0	0	0	0.0590277777777778	NA	"NO"	3	13.6363636363636
"ECK120002272"	"rfbD"	"-"	2109101	2110000	900	"M-C4h"	1	0	0	0	0	0.111111111111111	NA	"NO"	11	33.3333333333333
"ECK120002273"	"rfbB"	"-"	2110000	2111085	1086	"M-C4h"	0	0	0	0	0	0	NA	"NO"	13	31.7073170731707
"ECK120002274"	"gatA"	"-"	2172619	2173071	453	"M-C4h"	135	77.9635101211522	0	0	0	1	-Inf	"SD"	15	88.2352941176471
"ECK120002275"	"gatB"	"-"	2172304	2172588	285	"M-C4h"	50	45.8966472837972	0	0	0	1	-Inf	"SD"	5	50
"ECK120002276"	"gatC"	"-"	2170945	2172300	1356	"M-C4h"	81	15.6271991526026	0	0	0	0.850294985250737	-Inf	"SD"	NA	NA
"ECK120002277"	"gatD"	"-"	2169857	2170897	1041	"M-C4h"	13	3.26699477783801	1	42	0	0.459173871277618	-Inf	"SD"	10	27.027027027027
"ECK120002278"	"gatY"	"-"	2174372	2175226	855	"M-C4h"	2460	752.705015454274	0	0	0	1	-Inf	"SD"	41	132.258064516129
"ECK120002279"	"ybiI"	"-"	837413	837679	267	"M-C4h"	0	0	0	0	0	0	NA	"NO"	NA	NA
"ECK120002282"	"prmC"	"+"	1265317	1266150	834	"M-C4h"	0	0	0	0	0	0	NA	"NO"	NA	NA
"ECK120002283"	"modA"	"+"	794312	795085	774	"M-C4h"	7	2.36598995687792	0	0	0	0.538759689922481	-Inf	"SD"	12	44.4444444444444
"ECK120002285"	"tomB"	"-"	479558	479932	375	"M-C4h"	321	223.938921427103	2	56	0	1	-Inf	"SD"	NA	NA
"ECK120002286"	"puuR"	"+"	1359935	1360492	558	"M-C4h"	4	1.87534687826268	1	41	0	0.374551971326165	-Inf	"SD"	NA	NA
"ECK120002287"	"ydiF"	"+"	1773611	1775206	1596	"M-C4h"	0	0	0	0	0	0	NA	"NO"	NA	NA
"ECK120002290"	"rseP"	"+"	196546	197898	1353	"M-C4h"	8	1.54684930978651	0	0	0	0.374722838137472	-Inf	"SD"	3	6.12244897959184
"ECK120002291"	"menE"	"-"	2371670	2373025	1356	"M-C4h"	0	0	1	94	0	0	NA	"NO"	NA	NA
"ECK120002292"	"menH"	"-"	2374856	2375614	759	"M-C4h"	1	0	0	0	0	0.131752305665349	NA	"NO"	NA	NA
"ECK120002296"	"yggL"	"-"	3099829	3100155	327	"M-C4h"	4	3.2001332051088	0	0	0	0.516819571865443	-Inf	"SD"	5	38.4615384615385
"ECK120002300"	"ybcH"	"-"	586314	587204	891	"M-C4h"	0	0	0	0	0	0	NA	"NO"	NA	NA
"ECK120002305"	"alsB"	"-"	4309130	4310065	936	"M-C4h"	0	0	0	0	0	0	NA	"NO"	7	21.2121212121212
"ECK120002306"	"adiC"	"-"	4333717	4335054	1338	"M-C4h"	0	0	0	0	0	0	NA	"NO"	NA	NA
"ECK120002307"	"yjdL"	"-"	4352977	4354434	1458	"M-C4h"	0	0	0	0	0	0	NA	"NO"	NA	NA
"ECK120002308"	"yjeM"	"+"	4381862	4383364	1503	"M-C4h"	3	0	0	0	0	0.0306054557551564	NA	"NO"	NA	NA
"ECK120002309"	"ulaB"	"+"	4419416	4419721	306	"M-C4h"	0	0	0	0	0	0	NA	"NO"	NA	NA
"ECK120002310"	"ulaC"	"+"	4419731	4420195	465	"M-C4h"	2	1.12520812695761	0	0	0	0.356989247311828	-Inf	"SD"	NA	NA
"ECK120002313"	"ytfR"	"+"	4449081	4450583	1503	"M-C4h"	3	0	0	0	0	0.199600798403194	NA	"NO"	NA	NA
"ECK120002314"	"ytfT"	"+"	4450597	4451619	1023	"M-C4h"	2	0	0	0	0	0.0889540566959922	NA	"NO"	NA	NA
"ECK120002317"	"idnT"	"-"	4489229	4490548	1320	"M-C4h"	1	0	2	100	0	0.0757575757575758	NA	"NO"	NA	NA
"ECK120002319"	"yjhF"	"-"	4518694	4520043	1350	"M-C4h"	0	0	3	162	0	0	NA	"NO"	NA	NA
"ECK120002320"	"sgcA"	"-"	4525572	4526003	432	"M-C4h"	1	0	0	0	0	0.0578703703703704	NA	"NO"	NA	NA
"ECK120002321"	"sgcC"	"-"	4526953	4528266	1314	"M-C4h"	7	1.39366531706508	2	46	0	0.308980213089802	-Inf	"SD"	NA	NA
"ECK120002322"	"sgcX"	"-"	4528553	4529674	1122	"M-C4h"	10	2.3316478566635	0	0	0	0.406417112299465	-Inf	"SD"	NA	NA
"ECK120002329"	"fabF"	"+"	1151162	1152403	1242	"M-C4h"	13	2.73827823166616	0	0	0	0.427536231884058	-Inf	"SD"	15	34.8837209302326
"ECK120002332"	"yabP"	"+"	58474	59124	651	"M-C4h"	6	2.41116027205202	0	0	0	0.376344086021505	-Inf	"SD"	NA	NA
"ECK120002337"	"dppB"	"-"	3702794	3703813	1020	"M-C4h"	0	0	0	0	0	0	NA	"NO"	NA	NA
"ECK120002338"	"dppC"	"-"	3701882	3702784	903	"M-C4h"	4	1.15885222377694	1	100	0	0.357696566998893	-Inf	"SD"	NA	NA
"ECK120002339"	"dppD"	"-"	3700888	3701871	984	"M-C4h"	3	0.797594175358671	0	0	0	0.267276422764228	-Inf	"SD"	NA	NA
"ECK120002341"	"gntK"	"-"	3575088	3575615	528	"M-C4h"	0	0	0	0	0	0	NA	"NO"	NA	NA
"ECK120002342"	"gntR"	"-"	3575754	3576749	996	"M-C4h"	22	0	0	0	0	0.0913654618473896	NA	"NO"	3	8.33333333333333
"ECK120002345"	"cas3"	"-"	2882575	2885241	2667	"M-C4h"	10	0	2	89	0	0.237345331833521	NA	"NO"	NA	NA
"ECK120002349"	"gltJ"	"-"	685152	685892	741	"M-C4h"	1	0	0	0	0	0.134952766531714	NA	"NO"	0	0
"ECK120002350"	"gltK"	"-"	684478	685152	675	"M-C4h"	0	0	0	0	0	0	NA	"NO"	NA	NA
"ECK120002351"	"gltL"	"-"	683753	684478	726	"M-C4h"	0	0	0	0	0	0	NA	"NO"	NA	NA
"ECK120002352"	"lpxH"	"-"	552441	553163	723	"M-C4h"	1	0	0	0	0	0.0580912863070539	NA	"NO"	0	0
"ECK120002353"	"grxB"	"-"	1122630	1123277	648	"M-C4h"	5	2.01860254257441	1	59	0	0.395061728395062	-Inf	"SD"	11	45.8333333333333
"ECK120002355"	"rarA"	"+"	937217	938560	1344	"M-C4h"	23	0	0	0	0	0.0811011904761905	NA	"NO"	NA	NA
"ECK120002356"	"yciM"	"+"	1338582	1339751	1170	"M-C4h"	4	0	0	0	0	0.151282051282051	NA	"NO"	NA	NA
"ECK120002358"	"nudL"	"+"	1894194	1894772	579	"M-C4h"	5	0	0	0	0	0.13126079447323	NA	"NO"	NA	NA
"ECK120002364"	"yggN"	"-"	3098926	3099645	720	"M-C4h"	1	0	0	0	0	0.140277777777778	NA	"NO"	3	11.5384615384615
"ECK120002365"	"ygbE"	"-"	2871036	2871359	324	"M-C4h"	0	0	0	0	0	0	NA	"NO"	NA	NA
"ECK120002368"	"yedJ"	"-"	2030408	2031103	696	"M-C4h"	1	0	0	0	0	0.114942528735632	NA	"NO"	NA	NA
"ECK120002371"	"dxr"	"+"	193521	194717	1197	"M-C4h"	1	0	0	0	0	0.0367585630743525	NA	"NO"	NA	NA
"ECK120002373"	"ygjI"	"+"	3224256	3225689	1434	"M-C4h"	0	0	0	0	0	0	NA	"NO"	NA	NA
"ECK120002375"	"uxaA"	"-"	3239849	3241336	1488	"M-C4h"	2	0	1	99	0	0.129704301075269	NA	"NO"	0	0
"ECK120002377"	"exuR"	"+"	3244674	3245450	777	"M-C4h"	33	11.1108871995911	1	100	0	0.794079794079794	-Inf	"SD"	6	20
"ECK120002378"	"yhaO"	"-"	3254701	3255969	1269	"M-C4h"	0	0	0	0	0	0	NA	"NO"	NA	NA
"ECK120002380"	"agaA"	"+"	3279144	3279647	504	"M-C4h"	0	0	0	0	0	0	NA	"NO"	NA	NA
"ECK120002381"	"kbaY"	"+"	3281165	3282025	861	"M-C4h"	0	0	0	0	0	0	NA	"NO"	NA	NA
"ECK120002382"	"agaB"	"+"	3282192	3282668	477	"M-C4h"	0	0	0	0	0	0	NA	"NO"	NA	NA
"ECK120002383"	"agaC"	"+"	3282707	3283510	804	"M-C4h"	1	0	1	46	0	0.0522388059701493	NA	"NO"	NA	NA
"ECK120002384"	"diaA"	"+"	3293831	3294421	591	"M-C4h"	2	0	0	0	0	0.123519458544839	NA	"NO"	2	9.52380952380952
"ECK120002386"	"mlaD"	"-"	3335932	3336483	552	"M-C4h"	3	0	0	0	0	0.210144927536232	NA	"NO"	5	25
"ECK120002387"	"mlaE"	"-"	3336488	3337270	783	"M-C4h"	1	0	0	0	0	0.0919540229885057	NA	"NO"	5	17.8571428571429
"ECK120002391"	"yhdW"	"+"	3417171	3418088	918	"M-C4h"	3	0.854937547443281	0	0	0	0.279956427015251	-Inf	"SD"	NA	NA
"ECK120002392"	"yhdX"	"+"	3418156	3419337	1182	"M-C4h"	0	0	0	0	0	0	NA	"NO"	NA	NA
"ECK120002393"	"yhdY"	"+"	3419347	3420450	1104	"M-C4h"	1	0	0	0	0	0.0905797101449275	NA	"NO"	NA	NA
"ECK120002401"	"abgT"	"-"	1398271	1399797	1527	"M-C4h"	1	0	1	45	0	0.0366732154551408	NA	"NO"	NA	NA
"ECK120002402"	"ybgF"	"+"	778821	779612	792	"M-C4h"	8	2.64253423755196	0	0	0	0.368686868686869	-Inf	"SD"	9	32.1428571428571
"ECK120002409"	"proQ"	"-"	1912860	1913558	699	"M-C4h"	1	0	0	0	0	0.0643776824034335	NA	"NO"	11	42.3076923076923
"ECK120002412"	"ycjF"	"+"	1383535	1384596	1062	"M-C4h"	1	0	0	0	0	0.0932203389830508	NA	"NO"	1	2.56410256410256
"ECK120002416"	"ycfK"	"+"	1206724	1207353	630	"M-C4h"	0	0	0	0	0	0	NA	"NO"	NA	NA
"ECK120002418"	"ybcJ"	"-"	555884	556096	213	"M-C4h"	5	6.14110069290244	0	0	0	0.694835680751174	-Inf	"SD"	NA	NA
"ECK120002424"	"frlA"	"+"	3497932	3499269	1338	"M-C4h"	1	0	0	0	0	0.0747384155455904	NA	"NO"	NA	NA
"ECK120002425"	"feoC"	"+"	3540750	3540986	237	"M-C4h"	0	0	0	0	0	0	NA	"NO"	NA	NA
"ECK120002428"	"xapB"	"-"	2520751	2522007	1257	"M-C4h"	2	0	0	0	0	0.0875099443118536	NA	"NO"	NA	NA
"ECK120002433"	"mngB"	"+"	767201	769834	2634	"M-C4h"	0	0	1	67	0	0	NA	"NO"	NA	NA
"ECK120002434"	"cobU"	"-"	2063243	2063788	546	"M-C4h"	6	2.87484493975433	0	0	0	0.448717948717949	-Inf	"SD"	NA	NA
"ECK120002437"	"dctA"	"-"	3680184	3681470	1287	"M-C4h"	278	56.5095783107265	0	0	0	1	-Inf	"SD"	15	33.3333333333333
"ECK120002438"	"dgoA"	"-"	3871018	3871635	618	"M-C4h"	3	1.2699557743575	0	0	0	0.33495145631068	-Inf	"SD"	NA	NA
"ECK120002439"	"dgoK"	"-"	3871619	3872497	879	"M-C4h"	5	1.48811655015725	0	0	0	0.362912400455063	-Inf	"SD"	NA	NA
"ECK120002441"	"glcB"	"-"	3119656	3121827	2172	"M-C4h"	33	3.97475108383161	0	0	0	0.562615101289134	-Inf	"SD"	72	90
"ECK120002442"	"gpsA"	"-"	3780665	3781684	1020	"M-C4h"	33	8.46388171968849	0	0	0	0.326470588235294	-Inf	"SD"	10	27.7777777777778
"ECK120002444"	"kefB"	"-"	3476824	3478629	1806	"M-C4h"	7	1.01399569580482	0	0	0	0.266334440753045	-Inf	"SD"	NA	NA
"ECK120002445"	"pta"	"+"	2412769	2414913	2145	"M-C4h"	3	0	0	0	0	0.118414918414918	NA	"NO"	98	127.272727272727
"ECK120002446"	"uxuB"	"+"	4550924	4552384	1461	"M-C4h"	1	0	0	0	0	0.0684462696783025	NA	"NO"	5	9.25925925925926
"ECK120002450"	"nrdE"	"+"	2799370	2801514	2145	"M-C4h"	0	0	3	52	0	0	NA	"NO"	NA	NA
"ECK120002451"	"alaT"	"+"	4035283	4035358	76	"M-C4h"	0	0	0	0	0	0	NA	"NO"	NA	NA
"ECK120002452"	"alaU"	"-"	3424980	3425055	76	"M-C4h"	0	0	0	0	0	0	NA	"NO"	NA	NA
"ECK120002453"	"alaV"	"+"	225500	225575	76	"M-C4h"	0	0	0	0	0	0	NA	"NO"	NA	NA
"ECK120002455"	"alaX"	"-"	2516063	2516138	76	"M-C4h"	127	437.165565378168	0	0	0	1	-Inf	"SD"	NA	NA
"ECK120002456"	"argQ"	"-"	2815806	2815882	77	"M-C4h"	0	0	0	0	0	0	NA	"NO"	NA	NA
"ECK120002458"	"argV"	"-"	2816495	2816571	77	"M-C4h"	15	50.963160295645	0	0	0	0.168831168831169	-Inf	"SD"	NA	NA
"ECK120002459"	"argW"	"+"	2464331	2464405	75	"M-C4h"	10	34.8814519356859	0	0	0	1	-Inf	"SD"	NA	NA
"ECK120002460"	"argX"	"+"	3980398	3980474	77	"M-C4h"	60	203.85264118258	0	0	0	1	-Inf	"SD"	NA	NA
"ECK120002461"	"argY"	"-"	2816220	2816296	77	"M-C4h"	1	3.39754401970966	0	0	0	0.805194805194805	-Inf	"SD"	NA	NA
"ECK120002462"	"argZ"	"-"	2816081	2816157	77	"M-C4h"	0	0	0	0	0	0	NA	"NO"	NA	NA
"ECK120002463"	"asnT"	"+"	2042573	2042648	76	"M-C4h"	3	10.3267456388544	0	0	0	0.986842105263158	-Inf	"SD"	NA	NA
"ECK120002467"	"aspU"	"+"	228928	229004	77	"M-C4h"	4	13.5901760788387	0	0	0	0.857142857142857	-Inf	"SD"	NA	NA
"ECK120002468"	"aspV"	"+"	236931	237007	77	"M-C4h"	10	33.9754401970966	0	0	0	1	-Inf	"SD"	NA	NA
"ECK120002470"	"glnU"	"-"	696088	696162	75	"M-C4h"	1	3.48814519356859	0	0	0	1	-Inf	"SD"	NA	NA
"ECK120002472"	"glnW"	"-"	695979	696053	75	"M-C4h"	1	3.48814519356859	0	0	0	0.626666666666667	-Inf	"SD"	NA	NA
"ECK120002474"	"gltT"	"+"	4166395	4166470	76	"M-C4h"	0	0	0	0	0	0	NA	"NO"	NA	NA
"ECK120002475"	"gltU"	"+"	3941458	3941533	76	"M-C4h"	0	0	0	0	0	0	NA	"NO"	NA	NA
"ECK120002476"	"gltV"	"+"	4207797	4207872	76	"M-C4h"	0	0	0	0	0	0	NA	"NO"	NA	NA
"ECK120002477"	"gltW"	"-"	2727391	2727466	76	"M-C4h"	0	0	0	0	0	0	NA	"NO"	NA	NA
"ECK120002478"	"glyT"	"+"	4173696	4173770	75	"M-C4h"	2993	10440.0185643508	0	0	0	1	-Inf	"SD"	NA	NA
"ECK120002479"	"glyU"	"-"	2997006	2997079	74	"M-C4h"	5715	20204.1382918018	0	0	0	1	-Inf	"SD"	NA	NA
"ECK120002480"	"glyV"	"+"	4390383	4390458	76	"M-C4h"	0	0	0	0	0	0	NA	"NO"	NA	NA
"ECK120002481"	"glyW"	"-"	1990066	1990141	76	"M-C4h"	4	13.7689941851392	0	0	0	1	-Inf	"SD"	NA	NA
"ECK120002482"	"glyX"	"+"	4390495	4390570	76	"M-C4h"	0	0	0	0	0	0	NA	"NO"	NA	NA
"ECK120002484"	"hisR"	"+"	3980532	3980608	77	"M-C4h"	606	2058.91167594406	0	0	0	1	-Inf	"SD"	NA	NA
"ECK120002485"	"ileT"	"+"	4035164	4035240	77	"M-C4h"	0	0	0	0	0	0	NA	"NO"	NA	NA
"ECK120002486"	"ileU"	"-"	3425098	3425174	77	"M-C4h"	0	0	0	0	0	0	NA	"NO"	NA	NA
"ECK120002487"	"ileV"	"+"	225381	225457	77	"M-C4h"	0	0	0	0	0	0	NA	"NO"	NA	NA
"ECK120002490"	"leuQ"	"-"	4604338	4604424	87	"M-C4h"	26	78.1825646834339	0	0	0	1	-Inf	"SD"	NA	NA
"ECK120002491"	"leuT"	"+"	3980629	3980715	87	"M-C4h"	47	141.3300207739	0	0	0	1	-Inf	"SD"	NA	NA
"ECK120002492"	"leuU"	"-"	3320094	3320180	87	"M-C4h"	7007	21070.2011821854	0	0	0	1	-Inf	"SD"	NA	NA
"ECK120002494"	"leuW"	"-"	696186	696270	85	"M-C4h"	869	2674.58662342156	0	0	0	1	-Inf	"SD"	NA	NA
"ECK120002496"	"leuZ"	"-"	1989839	1989925	87	"M-C4h"	1416	4257.94275352855	0	0	0	1	-Inf	"SD"	NA	NA
"ECK120002497"	"lysT"	"+"	779777	779852	76	"M-C4h"	0	0	0	0	0	0	NA	"NO"	NA	NA
"ECK120002499"	"lysW"	"+"	780066	780141	76	"M-C4h"	0	0	0	0	0	0	NA	"NO"	NA	NA
"ECK120002500"	"metT"	"-"	696280	696356	77	"M-C4h"	0	0	0	0	0	0	NA	"NO"	NA	NA
"ECK120002501"	"metU"	"-"	695887	695963	77	"M-C4h"	2	6.79508803941933	0	0	0	0.805194805194805	-Inf	"SD"	NA	NA
"ECK120002506"	"pheU"	"-"	4360574	4360649	76	"M-C4h"	0	0	0	0	0	0	NA	"NO"	NA	NA
"ECK120002508"	"proK"	"-"	3706639	3706715	77	"M-C4h"	208	706.68915609961	0	0	0	1	-Inf	"SD"	NA	NA
"ECK120002510"	"proM"	"+"	3980758	3980834	77	"M-C4h"	5183	17609.4706541552	0	0	0	1	-Inf	"SD"	NA	NA
"ECK120002513"	"rrfB"	"+"	4169660	4169779	120	"M-C4h"	49	106.824446553038	0	0	0	1	-Inf	"SD"	NA	NA
"ECK120002514"	"rrfC"	"+"	3944723	3944842	120	"M-C4h"	21	45.7819056655877	0	0	0	1	-Inf	"SD"	NA	NA
"ECK120002515"	"rrfD"	"-"	3421690	3421809	120	"M-C4h"	159	346.634428610878	0	0	0	0.708333333333333	-Inf	"SD"	NA	NA
"ECK120002516"	"rrfE"	"+"	4211063	4211182	120	"M-C4h"	30	65.402722379411	0	0	0	1	-Inf	"SD"	NA	NA
"ECK120002517"	"rrfG"	"-"	2724091	2724210	120	"M-C4h"	117	255.070617279703	0	0	0	0.758333333333333	-Inf	"SD"	NA	NA
"ECK120002518"	"rrfH"	"+"	228756	228875	120	"M-C4h"	22	47.9619964115681	0	0	0	1	-Inf	"SD"	NA	NA
"ECK120002519"	"rrlA"	"+"	4035542	4038446	2905	"M-C4h"	2156	194.159407160083	0	0	0	0.98657487091222	-Inf	"SD"	NA	NA
"ECK120002520"	"rrlB"	"+"	4166664	4169567	2904	"M-C4h"	1062	95.6717509186426	0	0	0	0.957644628099174	-Inf	"SD"	NA	NA
"ECK120002521"	"rrlC"	"+"	3941727	3944630	2904	"M-C4h"	2313	208.369830390603	0	0	0	1	-Inf	"SD"	NA	NA
"ECK120002522"	"rrlD"	"-"	3421902	3424805	2904	"M-C4h"	70	0	0	0	0	0.117079889807163	NA	"NO"	NA	NA
"ECK120002523"	"rrlE"	"+"	4208066	4210969	2904	"M-C4h"	1022	92.0682951401626	0	0	0	0.96969696969697	-Inf	"SD"	NA	NA
"ECK120002524"	"rrlG"	"-"	2724303	2727206	2904	"M-C4h"	4	0	0	0	0	0.0699035812672176	NA	"NO"	NA	NA
"ECK120002525"	"rrlH"	"+"	225759	228662	2904	"M-C4h"	2965	267.106159579826	0	0	0	0.966942148760331	-Inf	"SD"	NA	NA
"ECK120002526"	"rrsA"	"+"	4033554	4035095	1542	"M-C4h"	508	86.1856886348659	0	0	0	0.896887159533074	-Inf	"SD"	NA	NA
"ECK120002527"	"rrsB"	"+"	4164682	4166223	1542	"M-C4h"	499	84.6587768283427	0	0	0	0.833333333333333	-Inf	"SD"	NA	NA
"ECK120002531"	"rrsG"	"-"	2727638	2729179	1542	"M-C4h"	2671	453.153492802612	0	0	0	0.195849546044099	-Inf	"SD"	NA	NA
"ECK120002532"	"rrsH"	"+"	223771	225312	1542	"M-C4h"	1742	295.542262995938	0	0	0	0.955901426718547	-Inf	"SD"	NA	NA
"ECK120002537"	"serV"	"-"	2816575	2816667	93	"M-C4h"	2533	7125.38046395906	0	0	0	1	-Inf	"SD"	NA	NA
"ECK120002541"	"ssrS"	"+"	3054005	3054187	183	"M-C4h"	20966	29972.3164460488	0	0	0	1	-Inf	"SD"	NA	NA
"ECK120002542"	"ssrA"	"+"	2753615	2753977	363	"M-C4h"	1000080	720748.810988445	0	0	0	1	-Inf	"SD"	NA	NA
"ECK120002543"	"thrT"	"+"	4173777	4173852	76	"M-C4h"	66	227.188404054796	0	0	0	1	-Inf	"SD"	NA	NA
"ECK120002545"	"thrV"	"-"	3421602	3421677	76	"M-C4h"	133	457.819056655877	0	0	0	1	-Inf	"SD"	NA	NA
"ECK120002548"	"tyrT"	"-"	1286761	1286845	85	"M-C4h"	2	6.15555034159163	0	0	0	0.623529411764706	-Inf	"SD"	NA	NA
"ECK120002550"	"tyrV"	"-"	1286467	1286551	85	"M-C4h"	0	0	0	0	0	0	NA	"NO"	NA	NA
"ECK120002551"	"valT"	"+"	779988	780063	76	"M-C4h"	0	0	0	0	0	0	NA	"NO"	NA	NA
"ECK120002554"	"valW"	"+"	1744540	1744616	77	"M-C4h"	3	10.192632059129	0	0	0	0.519480519480519	-Inf	"SD"	NA	NA
"ECK120002555"	"valX"	"+"	2519073	2519148	76	"M-C4h"	1	3.44224854628479	0	0	0	0.828947368421053	-Inf	"SD"	NA	NA
"ECK120002556"	"valY"	"+"	2519195	2519270	76	"M-C4h"	1	3.44224854628479	0	0	0	0.75	-Inf	"SD"	NA	NA
"ECK120002557"	"dicF"	"+"	1647406	1647458	53	"M-C4h"	3	14.8081635576025	0	0	0	1	-Inf	"SD"	NA	NA
"ECK120002561"	"rpmA"	"-"	3330884	3331141	258	"M-C4h"	3	3.04198708741447	0	0	0	0.635658914728682	-Inf	"SD"	26	288.888888888889
"ECK120002562"	"acpP"	"+"	1150838	1151074	237	"M-C4h"	852	940.474590164695	0	0	0	1	-Inf	"SD"	11	122.222222222222
"ECK120002564"	"nfsB"	"-"	603994	604647	654	"M-C4h"	0	0	0	0	0	0	NA	"NO"	7	29.1666666666667
"ECK120002566"	"eutC"	"-"	2554432	2555319	888	"M-C4h"	6	1.76764114538949	8	94	85.1063829787234	0.38963963963964	-0.143753513103576	"SD"	NA	NA
"ECK120002568"	"gadA"	"-"	3664203	3665603	1401	"M-C4h"	0	0	0	0	0	0	NA	"NO"	NA	NA
"ECK120002569"	"frmA"	"-"	377686	378795	1110	"M-C4h"	1	0	0	0	0	0.0234234234234234	NA	"NO"	2	5.12820512820513
"ECK120002570"	"folP"	"-"	3322085	3322933	849	"M-C4h"	1	0	1	100	0	0.117785630153121	NA	"NO"	2	6.45161290322581
"ECK120002572"	"glcF"	"-"	3122258	3123481	1224	"M-C4h"	6	1.28240632116492	0	0	0	0.32516339869281	-Inf	"SD"	NA	NA
"ECK120002581"	"sraF"	"+"	3236396	3236583	188	"M-C4h"	8	11.1323782773466	0	0	0	0.579787234042553	-Inf	"SD"	NA	NA
"ECK120002628"	"ydaE"	"-"	1415862	1416032	171	"M-C4h"	0	0	0	0	0	0	NA	"NO"	NA	NA
"ECK120002629"	"yoeB"	"-"	2087235	2087489	255	"M-C4h"	84	86.1777047822828	0	0	0	0.682352941176471	-Inf	"SD"	NA	NA
"ECK120002651"	"ecnB"	"+"	4374576	4374722	147	"M-C4h"	2	3.55933183017203	0	0	0	0.802721088435374	-Inf	"SD"	NA	NA
"ECK120002669"	"tisB"	"+"	3851576	3851665	90	"M-C4h"	4	11.6271506452286	0	0	0	1	-Inf	"SD"	NA	NA
"ECK120002671"	"thiS"	"-"	4190660	4190860	201	"M-C4h"	0	0	0	0	0	0	NA	"NO"	NA	NA
"ECK120002674"	"sapC"	"-"	1351652	1352542	891	"M-C4h"	2	0	0	0	0	0.224466891133558	NA	"NO"	NA	NA
"ECK120002675"	"sapB"	"-"	1352529	1353494	966	"M-C4h"	1	0	0	0	0	0.0662525879917184	NA	"NO"	NA	NA
"ECK120002676"	"sapA"	"-"	1353491	1355134	1644	"M-C4h"	2	0	1	53	0	0.0954987834549878	NA	"NO"	4	6.45161290322581
"ECK120002680"	"flgC"	"+"	1130661	1131065	405	"M-C4h"	5	3.22976406811906	0	0	0	0.291358024691358	-Inf	"SD"	NA	NA
"ECK120002682"	"flgD"	"+"	1131077	1131772	696	"M-C4h"	2	0	1	100	0	0.136494252873563	NA	"NO"	NA	NA
"ECK120002683"	"flgE"	"+"	1131797	1133005	1209	"M-C4h"	3	0	0	0	0	0.117452440033085	NA	"NO"	7	16.6666666666667
"ECK120002684"	"flgF"	"+"	1133025	1133780	756	"M-C4h"	0	0	0	0	0	0	NA	"NO"	NA	NA
"ECK120002685"	"flgG"	"+"	1133952	1134734	783	"M-C4h"	1	0	0	0	0	0.0472541507024266	NA	"NO"	NA	NA
"ECK120002686"	"flgH"	"+"	1134787	1135485	699	"M-C4h"	0	0	0	0	0	0	NA	"NO"	8	32
"ECK120002687"	"flgI"	"+"	1135497	1136594	1098	"M-C4h"	0	0	0	0	0	0	NA	"NO"	NA	NA
"ECK120002688"	"flgJ"	"+"	1136594	1137535	942	"M-C4h"	0	0	0	0	0	0	NA	"NO"	NA	NA
"ECK120002689"	"flgM"	"-"	1129058	1129351	294	"M-C4h"	61	54.2798104101234	0	0	0	1	-Inf	"SD"	1	10
"ECK120002690"	"flhA"	"-"	1960996	1963074	2079	"M-C4h"	0	0	0	0	0	0	NA	"NO"	4	5.33333333333333
"ECK120002692"	"fliI"	"+"	2014578	2015951	1374	"M-C4h"	0	0	0	0	0	0	NA	"NO"	NA	NA
"ECK120002693"	"fliJ"	"+"	2015970	2016413	444	"M-C4h"	0	0	0	0	0	0	NA	"NO"	NA	NA
"ECK120002694"	"fliK"	"+"	2016410	2017537	1128	"M-C4h"	0	0	0	0	0	0	NA	"NO"	NA	NA
"ECK120002695"	"nanT"	"-"	3369106	3370596	1491	"M-C4h"	8	0	0	0	0	0.127431254191818	NA	"NO"	3	5.55555555555556
"ECK120002699"	"maa"	"-"	478591	479142	552	"M-C4h"	0	0	3	110	0	0	NA	"NO"	6	30
"ECK120002706"	"insA-1"	"-"	20233	20508	276	"M-C4h"	0	0	0	0	0	0	NA	"NO"	NA	NA
"ECK120002711"	"b0165"	"-"	184987	185118	132	"M-C4h"	1	0	0	0	0	0.227272727272727	NA	"NO"	NA	NA
"ECK120002712"	"ispU"	"+"	194903	195664	762	"M-C4h"	1	0	0	0	0	0.131233595800525	NA	"NO"	NA	NA
"ECK120002713"	"bamA"	"+"	197928	200360	2433	"M-C4h"	13	1.39783870272477	1	64	0	0.323468968351829	-Inf	"SD"	8	8.79120879120879
"ECK120002714"	"ldcC"	"+"	209679	211820	2142	"M-C4h"	8	0.977071482792322	2	75	0	0.278711484593838	-Inf	"SD"	NA	NA
"ECK120002715"	"yaeR"	"+"	211877	212266	390	"M-C4h"	2	1.34159430521869	1	74	0	0.366666666666667	-Inf	"SD"	NA	NA
"ECK120002729"	"yafQ"	"-"	245961	246239	279	"M-C4h"	529	496.029249300479	0	0	0	0.924731182795699	-Inf	"SD"	NA	NA
"ECK120002735"	"dinB"	"+"	250898	251953	1056	"M-C4h"	4	0.990950339081985	0	0	0	0.288825757575758	-Inf	"SD"	NA	NA
"ECK120002736"	"yafN"	"+"	252005	252298	294	"M-C4h"	0	0	0	0	0	0	NA	"NO"	NA	NA
"ECK120002737"	"yafO"	"+"	252301	252699	399	"M-C4h"	1	0.655666389768532	0	0	0	0.25062656641604	-Inf	"SD"	NA	NA
"ECK120002738"	"yafP"	"+"	252709	253161	453	"M-C4h"	0	0	0	0	0	0	NA	"NO"	NA	NA
"ECK120002739"	"ykfJ"	"+"	253467	253733	267	"M-C4h"	0	0	0	0	0	0	NA	"NO"	NA	NA
"ECK120002742"	"ykfG"	"-"	263480	263956	477	"M-C4h"	0	0	0	0	0	0	NA	"NO"	NA	NA
"ECK120002743"	"yafX"	"-"	263972	264430	459	"M-C4h"	0	0	0	0	0	0	NA	"NO"	NA	NA
"ECK120002744"	"ykfF"	"-"	264528	264767	240	"M-C4h"	0	0	0	0	0	0	NA	"NO"	NA	NA
"ECK120002745"	"ykfB"	"-"	264844	265311	468	"M-C4h"	7	3.91298339022117	0	0	0	0.512820512820513	-Inf	"SD"	NA	NA
"ECK120002746"	"yafY"	"-"	265334	265777	444	"M-C4h"	2	0	0	0	0	0.218468468468468	NA	"NO"	NA	NA
"ECK120002747"	"yafZ"	"-"	266408	267229	822	"M-C4h"	0	0	0	0	0	0	NA	"NO"	NA	NA
"ECK120002748"	"ykfA"	"-"	267321	268184	864	"M-C4h"	0	0	0	0	0	0	NA	"NO"	NA	NA
"ECK120002751"	"insI-1"	"+"	269827	270978	1152	"M-C4h"	0	0	0	0	0	0	NA	"NO"	NA	NA
"ECK120002752"	"insO-1"	"+"	271054	271479	426	"M-C4h"	0	0	0	0	0	0	NA	"NO"	NA	NA
"ECK120002757"	"afuB"	"-"	278038	278400	363	"M-C4h"	0	0	0	0	0	0	NA	"NO"	NA	NA
"ECK120002758"	"insB-2"	"-"	278402	278905	504	"M-C4h"	0	0	0	0	0	0	NA	"NO"	NA	NA
"ECK120002759"	"insA-2"	"-"	278824	279099	276	"M-C4h"	0	0	0	0	0	0	NA	"NO"	NA	NA
"ECK120002761"	"yagF"	"+"	282425	284392	1968	"M-C4h"	7	0	0	0	0	0.213414634146341	NA	"NO"	NA	NA
"ECK120002762"	"yagG"	"+"	284619	286001	1383	"M-C4h"	0	0	0	0	0	0	NA	"NO"	NA	NA
"ECK120002765"	"insB-3"	"-"	289873	290376	504	"M-C4h"	0	0	0	0	0	0	NA	"NO"	NA	NA
"ECK120002770"	"yagM"	"-"	293169	294023	855	"M-C4h"	0	0	0	0	0	0	NA	"NO"	NA	NA
"ECK120002771"	"yagN"	"-"	294363	294803	441	"M-C4h"	5	2.96610985847669	11	83	108.433734939759	0.405895691609977	-0.720575126620053	"SD"	NA	NA
"ECK120002772"	"intF"	"-"	294920	296320	1401	"M-C4h"	1	0	0	0	0	0.0421127765881513	NA	"NO"	NA	NA
"ECK120002773"	"yagP"	"-"	296605	297015	411	"M-C4h"	0	0	0	0	0	0	NA	"NO"	NA	NA
"ECK120002774"	"paoD"	"-"	296994	297950	957	"M-C4h"	0	0	0	0	0	0	NA	"NO"	NA	NA
"ECK120002775"	"paoC"	"-"	297960	300158	2199	"M-C4h"	0	0	0	0	0	0	NA	"NO"	NA	NA
"ECK120002776"	"paoB"	"-"	300155	301111	957	"M-C4h"	0	0	0	0	0	0	NA	"NO"	NA	NA
"ECK120002780"	"ecpE"	"-"	303719	304429	711	"M-C4h"	2	0	0	0	0	0.150492264416315	NA	"NO"	NA	NA
"ECK120002781"	"ecpD"	"-"	304398	306041	1644	"M-C4h"	1	0	3	162	0	0.000608272506082725	NA	"NO"	NA	NA
"ECK120002782"	"ecpC"	"-"	306031	308556	2526	"M-C4h"	0	0	0	0	0	0	NA	"NO"	NA	NA
"ECK120002783"	"ecpB"	"-"	308582	309250	669	"M-C4h"	0	0	0	0	0	0	NA	"NO"	NA	NA
"ECK120002784"	"ecpA"	"-"	309308	309895	588	"M-C4h"	1	0	0	0	0	0.0136054421768707	NA	"NO"	NA	NA
"ECK120002788"	"insE-1"	"+"	314506	314814	309	"M-C4h"	0	0	0	0	0	0	NA	"NO"	NA	NA
"ECK120002792"	"rclB"	"-"	317555	317791	237	"M-C4h"	0	0	0	0	0	0	NA	"NO"	NA	NA
"ECK120002795"	"ykgE"	"+"	320832	321551	720	"M-C4h"	3	1.09004537299018	0	0	0	0.297222222222222	-Inf	"SD"	7	26.9230769230769
"ECK120002796"	"ykgF"	"+"	321562	322989	1428	"M-C4h"	2	0	0	0	0	0.116946778711485	NA	"NO"	4	7.54716981132075
"ECK120002799"	"ykgH"	"-"	323920	324588	669	"M-C4h"	0	0	0	0	0	0	NA	"NO"	NA	NA
"ECK120002803"	"yahE"	"+"	335149	336012	864	"M-C4h"	0	0	0	0	0	0	NA	"NO"	NA	NA
"ECK120002804"	"yahF"	"+"	336002	337549	1548	"M-C4h"	0	0	0	0	0	0	NA	"NO"	NA	NA
"ECK120002805"	"yahG"	"+"	337549	338967	1419	"M-C4h"	0	0	0	0	0	0	NA	"NO"	NA	NA
"ECK120002806"	"yahI"	"+"	339389	340339	951	"M-C4h"	0	0	0	0	0	0	NA	"NO"	NA	NA
"ECK120002807"	"yahJ"	"+"	340349	341731	1383	"M-C4h"	2	0	0	0	0	0.0715835140997831	NA	"NO"	NA	NA
"ECK120002808"	"yahK"	"+"	342108	343157	1050	"M-C4h"	0	0	0	0	0	0	NA	"NO"	2	5.26315789473684
"ECK120002809"	"yahL"	"+"	343400	344215	816	"M-C4h"	0	0	0	0	0	0	NA	"NO"	NA	NA
"ECK120002815"	"prpC"	"+"	349236	350405	1170	"M-C4h"	0	0	0	0	0	0	NA	"NO"	NA	NA
"ECK120002816"	"prpD"	"+"	350439	351890	1452	"M-C4h"	0	0	0	0	0	0	NA	"NO"	NA	NA
"ECK120002817"	"prpE"	"+"	351930	353816	1887	"M-C4h"	1	0	0	0	0	0.0529941706412295	NA	"NO"	NA	NA
"ECK120002819"	"mhpE"	"+"	373092	374105	1014	"M-C4h"	6	0	0	0	0	0.0029585798816568	NA	"NO"	NA	NA
"ECK120002820"	"mhpT"	"+"	374683	375894	1212	"M-C4h"	0	0	0	0	0	0	NA	"NO"	NA	NA
"ECK120002823"	"frmR"	"-"	378830	379105	276	"M-C4h"	0	0	0	0	0	0	NA	"NO"	NA	NA
"ECK120002824"	"yaiO"	"-"	379293	380066	774	"M-C4h"	2	0	0	0	0	0.241602067183463	NA	"NO"	NA	NA
"ECK120002832"	"tauB"	"+"	385431	386198	768	"M-C4h"	0	0	0	0	0	0	NA	"NO"	NA	NA
"ECK120002833"	"tauC"	"+"	386195	387022	828	"M-C4h"	2	0	0	0	0	0.118357487922705	NA	"NO"	NA	NA
"ECK120002845"	"proY"	"+"	420210	421583	1374	"M-C4h"	0	0	2	52	0	0	NA	"NO"	NA	NA
"ECK120002846"	"thiL"	"+"	434858	435835	978	"M-C4h"	10	2.67495797052806	0	0	0	0.275051124744376	-Inf	"SD"	3	8.57142857142857
"ECK120002848"	"dxs"	"-"	437539	439401	1863	"M-C4h"	7	0	0	0	0	0.154052603327966	NA	"NO"	13	19.1176470588235
"ECK120002853"	"ppiD"	"+"	461139	463010	1872	"M-C4h"	1	0	0	0	0	0.0202991452991453	NA	"NO"	37	54.4117647058824
"ECK120002854"	"ybaV"	"+"	463161	463532	372	"M-C4h"	2	0	0	0	0	0.193548387096774	NA	"NO"	NA	NA
"ECK120002858"	"ybaO"	"+"	467607	468065	459	"M-C4h"	13	7.40945874450844	0	0	0	0.34640522875817	-Inf	"SD"	0	0
"ECK120002859"	"mdlA"	"+"	468095	469867	1773	"M-C4h"	2	0	1	50	0	0.0885504794134236	NA	"NO"	4	6.06060606060606
"ECK120002863"	"ylaC"	"-"	478005	478475	471	"M-C4h"	15	8.33155699100777	0	0	0	0.414012738853503	-Inf	"SD"	1	5.55555555555556
"ECK120002870"	"ybaT"	"+"	511800	513092	1293	"M-C4h"	0	0	0	0	0	0	NA	"NO"	NA	NA
"ECK120002877"	"ybbO"	"-"	517564	518373	810	"M-C4h"	0	0	0	0	0	0	NA	"NO"	7	24.1379310344828
"ECK120002878"	"ybbP"	"+"	519640	522054	2415	"M-C4h"	3	0	0	0	0	0.0807453416149068	NA	"NO"	NA	NA
"ECK120002879"	"ylbH"	"+"	527173	527883	711	"M-C4h"	0	0	0	0	0	0	NA	"NO"	NA	NA
"ECK120002884"	"allR"	"+"	532235	533050	816	"M-C4h"	37	11.8622584707755	0	0	0	0.769607843137255	-Inf	"SD"	3	10.3448275862069
"ECK120002885"	"hyi"	"+"	534934	535710	777	"M-C4h"	0	0	0	0	0	0	NA	"NO"	NA	NA
"ECK120002886"	"glxR"	"+"	535810	536688	879	"M-C4h"	0	0	0	0	0	0	NA	"NO"	NA	NA
"ECK120002888"	"ybbW"	"+"	536857	538311	1455	"M-C4h"	0	0	0	0	0	0	NA	"NO"	NA	NA
"ECK120002889"	"allB"	"+"	538371	539732	1362	"M-C4h"	1	0	0	0	0	0.052863436123348	NA	"NO"	NA	NA
"ECK120002890"	"ybbY"	"+"	539789	541090	1302	"M-C4h"	1	0	0	0	0	0.0307219662058372	NA	"NO"	NA	NA
"ECK120002893"	"allC"	"-"	543281	544516	1236	"M-C4h"	6	0	0	0	0	0.210355987055016	NA	"NO"	NA	NA
"ECK120002896"	"ylbE_2"	"+"	547838	548839	1002	"M-C4h"	0	0	0	0	0	0	NA	"NO"	NA	NA
"ECK120002897"	"ylbF"	"+"	548850	549665	816	"M-C4h"	0	0	0	0	0	0	NA	"NO"	NA	NA
"ECK120002899"	"sfmC"	"+"	558197	558889	693	"M-C4h"	1	0	0	0	0	0.10966810966811	NA	"NO"	NA	NA
"ECK120002900"	"sfmD"	"+"	558920	561523	2604	"M-C4h"	1	0	0	0	0	0.0303379416282642	NA	"NO"	NA	NA
"ECK120002901"	"sfmH"	"+"	561565	562542	978	"M-C4h"	0	0	0	0	0	0	NA	"NO"	NA	NA
"ECK120002904"	"insE-3"	"+"	566056	566364	309	"M-C4h"	0	0	0	0	0	0	NA	"NO"	NA	NA
"ECK120002905"	"insF-3"	"+"	566361	567227	867	"M-C4h"	0	0	0	0	0	0	NA	"NO"	NA	NA
"ECK120002906"	"renD"	"+"	567285	567470	186	"M-C4h"	0	0	0	0	0	0	NA	"NO"	NA	NA
"ECK120002908"	"ybcK"	"+"	568125	569651	1527	"M-C4h"	1	0	0	0	0	0.0491159135559921	NA	"NO"	NA	NA
"ECK120002909"	"ybcL"	"+"	570116	570667	552	"M-C4h"	0	0	1	100	0	0	NA	"NO"	NA	NA
"ECK120002910"	"ybcM"	"+"	570677	571474	798	"M-C4h"	0	0	0	0	0	0	NA	"NO"	NA	NA
"ECK120002911"	"ybcN"	"+"	571689	572144	456	"M-C4h"	0	0	0	0	0	0	NA	"NO"	NA	NA
"ECK120002912"	"ninE"	"+"	572144	572314	171	"M-C4h"	0	0	0	0	0	0	NA	"NO"	NA	NA
"ECK120002913"	"ybcO"	"+"	572307	572597	291	"M-C4h"	0	0	0	0	0	0	NA	"NO"	NA	NA
"ECK120002914"	"rusA"	"+"	572594	572956	363	"M-C4h"	0	0	0	0	0	0	NA	"NO"	NA	NA
"ECK120002916"	"insH-2"	"-"	573960	574976	1017	"M-C4h"	0	0	0	0	0	0	NA	"NO"	NA	NA
"ECK120002918"	"rrrD"	"+"	576836	577333	498	"M-C4h"	1	0	1	95	0	0.140562248995984	NA	"NO"	NA	NA
"ECK120002926"	"cusS"	"-"	592551	593993	1443	"M-C4h"	0	0	2	41	0	0	NA	"NO"	NA	NA
"ECK120002929"	"cusF"	"+"	596354	596686	333	"M-C4h"	1	0.785618286839772	0	0	0	0.3003003003003	-Inf	"SD"	NA	NA
"ECK120002930"	"cusB"	"+"	596702	597925	1224	"M-C4h"	0	0	0	0	0	0	NA	"NO"	NA	NA
"ECK120002932"	"ybdF"	"-"	604741	605109	369	"M-C4h"	2	1.41794520063764	0	0	0	0.420054200542005	-Inf	"SD"	2	14.2857142857143
"ECK120002933"	"ybdJ"	"-"	605174	605422	249	"M-C4h"	2	2.10129228528228	0	0	0	0.305220883534137	-Inf	"SD"	NA	NA
"ECK120002934"	"ybdK"	"-"	605488	606606	1119	"M-C4h"	0	0	0	0	0	0	NA	"NO"	NA	NA
"ECK120002938"	"ybdN"	"-"	634572	635792	1221	"M-C4h"	0	0	0	0	0	0	NA	"NO"	NA	NA
"ECK120002939"	"ybdO"	"-"	635939	636841	903	"M-C4h"	0	0	37	102	362.745098039216	0	Inf	"AD"	NA	NA
"ECK120002945"	"citT"	"-"	644340	645803	1464	"M-C4h"	1	0	0	0	0	0.0683060109289618	NA	"NO"	NA	NA
"ECK120002946"	"citG"	"-"	645854	646732	879	"M-C4h"	0	0	2	92	0	0	NA	"NO"	NA	NA
"ECK120002947"	"citX"	"-"	646707	647258	552	"M-C4h"	0	0	0	0	0	0	NA	"NO"	NA	NA
"ECK120002948"	"citF"	"-"	647262	648794	1533	"M-C4h"	1	0	0	0	0	0.0587084148727984	NA	"NO"	NA	NA
"ECK120002949"	"citE"	"-"	648805	649713	909	"M-C4h"	0	0	3	100	0	0	NA	"NO"	NA	NA
"ECK120002950"	"citD"	"-"	649710	650006	297	"M-C4h"	0	0	0	0	0	0	NA	"NO"	NA	NA
"ECK120002955"	"ybeM_2"	"+"	657478	658041	564	"M-C4h"	0	0	0	0	0	0	NA	"NO"	NA	NA
"ECK120002956"	"cobC"	"-"	668519	669130	612	"M-C4h"	0	0	0	0	0	0	NA	"NO"	NA	NA
"ECK120002957"	"nadD"	"-"	669154	669795	642	"M-C4h"	0	0	0	0	0	0	NA	"NO"	NA	NA
"ECK120002965"	"rihA"	"-"	682700	683635	936	"M-C4h"	51	14.2544394929486	0	0	0	1	-Inf	"SD"	7	20.5882352941176
"ECK120002966"	"gltI"	"-"	686062	686970	909	"M-C4h"	405	116.559307210832	0	0	0	0.708470847084708	-Inf	"SD"	32	96.969696969697
"ECK120002967"	"insH-3"	"-"	687220	688236	1017	"M-C4h"	1	0	0	0	0	0.0766961651917404	NA	"NO"	NA	NA
"ECK120002968"	"ybeX"	"-"	690129	691007	879	"M-C4h"	23	6.84533613072334	0	0	0	0.539249146757679	-Inf	"SD"	15	45.4545454545455
"ECK120002969"	"ybeY"	"-"	691097	691564	468	"M-C4h"	8	4.47198101739563	0	0	0	0.555555555555556	-Inf	"SD"	NA	NA
"ECK120002970"	"ybeZ"	"-"	691561	692640	1080	"M-C4h"	62	15.0184029167536	0	0	0	0.575925925925926	-Inf	"SD"	19	48.7179487179487
"ECK120002973"	"chiP"	"+"	707557	708963	1407	"M-C4h"	2	0	0	0	0	0.0888415067519545	NA	"NO"	NA	NA
"ECK120002976"	"ybfO"	"+"	733443	734876	1434	"M-C4h"	3	0	0	0	0	0.0209205020920502	NA	"NO"	NA	NA
"ECK120002977"	"ybfL"	"+"	736123	737184	1062	"M-C4h"	0	0	0	0	0	0	NA	"NO"	NA	NA
"ECK120002980"	"ybgJ"	"+"	742816	743472	657	"M-C4h"	3	0	0	0	0	0.178082191780822	NA	"NO"	NA	NA
"ECK120002981"	"ybgK"	"+"	743466	744398	933	"M-C4h"	11	3.08437275958637	0	0	0	0.570203644158628	-Inf	"SD"	1	2.94117647058824
"ECK120002982"	"ybgL"	"+"	744388	745122	735	"M-C4h"	3	0	1	43	0	0.182312925170068	NA	"NO"	NA	NA
"ECK120002985"	"ybgO"	"-"	747144	748205	1062	"M-C4h"	0	0	1	100	0	0	NA	"NO"	NA	NA
"ECK120002986"	"ybgP"	"-"	748202	748930	729	"M-C4h"	0	0	0	0	0	0	NA	"NO"	NA	NA
"ECK120002987"	"ybgQ"	"-"	748945	751392	2448	"M-C4h"	0	0	0	0	0	0	NA	"NO"	NA	NA
"ECK120002988"	"b0725"	"+"	757687	757947	261	"M-C4h"	93	93.2176732764019	0	0	0	0.689655172413793	-Inf	"SD"	NA	NA
"ECK120002989"	"valZ"	"+"	780291	780366	76	"M-C4h"	0	0	0	0	0	0	NA	"NO"	NA	NA
"ECK120002990"	"lysY"	"+"	780370	780445	76	"M-C4h"	0	0	0	0	0	0	NA	"NO"	NA	NA
"ECK120002991"	"lysZ"	"+"	780592	780667	76	"M-C4h"	1	0	0	0	0	0.0921052631578947	NA	"NO"	NA	NA
"ECK120002992"	"lysQ"	"+"	780800	780875	76	"M-C4h"	0	0	0	0	0	0	NA	"NO"	NA	NA
"ECK120003000"	"ybhI"	"+"	801110	802543	1434	"M-C4h"	0	0	0	0	0	0	NA	"NO"	NA	NA
"ECK120003003"	"ybhL"	"+"	819107	819811	705	"M-C4h"	64	23.7490736583393	0	0	0	0.717730496453901	-Inf	"SD"	NA	NA
"ECK120003006"	"clsB"	"-"	821721	822962	1242	"M-C4h"	0	0	0	0	0	0	NA	"NO"	NA	NA
"ECK120003010"	"ybhS"	"-"	825342	826475	1134	"M-C4h"	0	0	0	0	0	0	NA	"NO"	NA	NA
"ECK120003011"	"ybhF"	"-"	826468	828204	1737	"M-C4h"	5	0	0	0	0	0.175590097869891	NA	"NO"	NA	NA
"ECK120003012"	"ybhG"	"-"	828197	829195	999	"M-C4h"	3	0	0	0	0	0.0830830830830831	NA	"NO"	2	5.55555555555556
"ECK120003013"	"ybiX"	"-"	837753	838430	678	"M-C4h"	1	0	0	0	0	0.0766961651917404	NA	"NO"	NA	NA
"ECK120003014"	"fiu"	"-"	838472	840754	2283	"M-C4h"	2	0	0	0	0	0.0297853701270258	NA	"NO"	NA	NA
"ECK120003025"	"ybiV"	"-"	858436	859251	816	"M-C4h"	0	0	0	0	0	0	NA	"NO"	1	3.33333333333333
"ECK120003026"	"ybiW"	"-"	859397	861829	2433	"M-C4h"	1	0	3	52	0	0.041101520756268	NA	"NO"	NA	NA
"ECK120003029"	"gsiA"	"+"	866776	868614	1839	"M-C4h"	11	1.5648285941784	1	48	0	0.358346927678086	-Inf	"SD"	NA	NA
"ECK120003030"	"gsiB"	"+"	868634	870172	1539	"M-C4h"	3	0	0	0	0	0.101364522417154	NA	"NO"	1	1.78571428571429
"ECK120003031"	"gsiC"	"+"	870190	871110	921	"M-C4h"	0	0	0	0	0	0	NA	"NO"	NA	NA
"ECK120003032"	"gsiD"	"+"	871113	872024	912	"M-C4h"	0	0	0	0	0	0	NA	"NO"	NA	NA
"ECK120003033"	"yliE"	"+"	872202	874550	2349	"M-C4h"	0	0	0	0	0	0	NA	"NO"	NA	NA
"ECK120003042"	"ybjI"	"-"	884539	885354	816	"M-C4h"	2	0	0	0	0	0.151960784313725	NA	"NO"	2	6.66666666666667
"ECK120003047"	"ybjN"	"+"	892180	892656	477	"M-C4h"	3	1.64535150640028	0	0	0	0.368972746331237	-Inf	"SD"	NA	NA
"ECK120003048"	"ybjO"	"+"	897212	897700	489	"M-C4h"	0	0	0	0	0	0	NA	"NO"	NA	NA
"ECK120003054"	"ybjT"	"-"	906075	907505	1431	"M-C4h"	1	0	1	100	0	0.026554856743536	NA	"NO"	NA	NA
"ECK120003055"	"ltaE"	"-"	907516	908517	1002	"M-C4h"	2	0	0	0	0	0.127744510978044	NA	"NO"	9	25
"ECK120003056"	"hcr"	"-"	910405	911373	969	"M-C4h"	1	0	2	105	0	0.103199174406605	NA	"NO"	NA	NA
"ECK120003057"	"hcp"	"-"	911385	913037	1653	"M-C4h"	0	0	0	0	0	0	NA	"NO"	NA	NA
"ECK120003058"	"ybjE"	"-"	913181	914080	900	"M-C4h"	0	0	0	0	0	0	NA	"NO"	NA	NA
"ECK120003064"	"ftsK"	"+"	932447	936436	3990	"M-C4h"	9	0	2	50	0	0.130075187969925	NA	"NO"	2	1.36054421768707
"ECK120003065"	"lolA"	"+"	936592	937206	615	"M-C4h"	35	14.8884246066952	0	0	0	0.429268292682927	-Inf	"SD"	13	59.0909090909091
"ECK120003070"	"ycaL"	"+"	959487	960251	765	"M-C4h"	3	0	0	0	0	0.13202614379085	NA	"NO"	NA	NA
"ECK120003071"	"ycaQ"	"+"	968612	969844	1233	"M-C4h"	2	0	0	0	0	0.0154095701540957	NA	"NO"	NA	NA
"ECK120003072"	"ycaR"	"+"	969896	970078	183	"M-C4h"	3	4.28870310684663	0	0	0	0.39344262295082	-Inf	"SD"	NA	NA
"ECK120003074"	"ycbK"	"+"	982298	982846	549	"M-C4h"	24	11.4365416182577	0	0	0	0.80327868852459	-Inf	"SD"	NA	NA
"ECK120003076"	"ssuC"	"-"	993264	994055	792	"M-C4h"	0	0	0	0	0	0	NA	"NO"	NA	NA
"ECK120003077"	"ssuD"	"-"	994066	995211	1146	"M-C4h"	0	0	0	0	0	0	NA	"NO"	NA	NA
"ECK120003078"	"ssuA"	"-"	995208	996167	960	"M-C4h"	0	0	0	0	0	0	NA	"NO"	NA	NA
"ECK120003081"	"elfD"	"+"	997713	998414	702	"M-C4h"	0	0	0	0	0	0	NA	"NO"	NA	NA
"ECK120003082"	"elfC"	"+"	998439	1001039	2601	"M-C4h"	3	0	0	0	0	0.103037293348712	NA	"NO"	NA	NA
"ECK120003083"	"elfG"	"+"	1001030	1002100	1071	"M-C4h"	1	0	0	0	0	0.0065359477124183	NA	"NO"	NA	NA
"ECK120003084"	"ycbU"	"+"	1002112	1002654	543	"M-C4h"	0	0	0	0	0	0	NA	"NO"	NA	NA
"ECK120003085"	"ycbV"	"+"	1002662	1003177	516	"M-C4h"	1	0	0	0	0	0.137596899224806	NA	"NO"	NA	NA
"ECK120003089"	"uup"	"+"	1009187	1011094	1908	"M-C4h"	1	0	0	0	0	0.0262054507337526	NA	"NO"	16	22.2222222222222
"ECK120003090"	"pqiA"	"+"	1011224	1012477	1254	"M-C4h"	6	1.25172674410356	1	52	0	0.308612440191388	-Inf	"SD"	NA	NA
"ECK120003091"	"pqiB"	"+"	1012482	1014122	1641	"M-C4h"	3	0	0	0	0	0.171846435100548	NA	"NO"	0	0
"ECK120003092"	"ymbA"	"+"	1014134	1014682	549	"M-C4h"	1	0	0	0	0	0.0837887067395264	NA	"NO"	4	19.047619047619
"ECK120003103"	"etp"	"-"	1043453	1043899	447	"M-C4h"	0	0	0	0	0	0	NA	"NO"	NA	NA
"ECK120003104"	"gfcE"	"-"	1043887	1045026	1140	"M-C4h"	1	0	0	0	0	0.087719298245614	NA	"NO"	NA	NA
"ECK120003105"	"gfcD"	"-"	1045072	1047168	2097	"M-C4h"	0	0	0	0	0	0	NA	"NO"	NA	NA
"ECK120003106"	"gfcC"	"-"	1047168	1047914	747	"M-C4h"	0	0	0	0	0	0	NA	"NO"	NA	NA
"ECK120003107"	"gfcB"	"-"	1047911	1048555	645	"M-C4h"	0	0	0	0	0	0	NA	"NO"	NA	NA
"ECK120003112"	"ymcE"	"+"	1051070	1051300	231	"M-C4h"	4	0	0	0	0	0.16017316017316	NA	"NO"	NA	NA
"ECK120003118"	"rutF"	"-"	1069083	1069577	495	"M-C4h"	0	0	0	0	0	0	NA	"NO"	NA	NA
"ECK120003119"	"rutE"	"-"	1069588	1070178	591	"M-C4h"	1	0	0	0	0	0.148900169204738	NA	"NO"	NA	NA
"ECK120003120"	"rutD"	"-"	1070188	1070988	801	"M-C4h"	1	0	0	0	0	0.00374531835205993	NA	"NO"	NA	NA
"ECK120003121"	"rutC"	"-"	1070996	1071382	387	"M-C4h"	0	0	0	0	0	0	NA	"NO"	NA	NA
"ECK120003122"	"rutB"	"-"	1071394	1072086	693	"M-C4h"	0	0	0	0	0	0	NA	"NO"	NA	NA
"ECK120003124"	"efeU_1"	"+"	1080579	1080689	111	"M-C4h"	0	0	0	0	0	0	NA	"NO"	NA	NA
"ECK120003125"	"efeO"	"+"	1081466	1082593	1128	"M-C4h"	0	0	0	0	0	0	NA	"NO"	3	7.31707317073171
"ECK120003127"	"pgaC"	"-"	1085744	1087069	1326	"M-C4h"	0	0	0	0	0	0	NA	"NO"	NA	NA
"ECK120003128"	"pgaB"	"-"	1087062	1089080	2019	"M-C4h"	1	0	0	0	0	0.0485388806339772	NA	"NO"	NA	NA
"ECK120003136"	"ycdX"	"+"	1098102	1098839	738	"M-C4h"	1	0	0	0	0	0.0772357723577236	NA	"NO"	0	0
"ECK120003137"	"ycdY"	"+"	1098863	1099417	555	"M-C4h"	3	1.41411291631159	0	0	0	0.333333333333333	-Inf	"SD"	1	4.76190476190476
"ECK120003140"	"csgF"	"-"	1100934	1101350	417	"M-C4h"	1	0	0	0	0	0.0719424460431655	NA	"NO"	NA	NA
"ECK120003141"	"csgE"	"-"	1101375	1101764	390	"M-C4h"	1	0	0	0	0	0.0487179487179487	NA	"NO"	NA	NA
"ECK120003144"	"csgC"	"+"	1104184	1104516	333	"M-C4h"	0	0	0	0	0	0	NA	"NO"	NA	NA
"ECK120003145"	"ymdA"	"+"	1104637	1104948	312	"M-C4h"	1	0	0	0	0	0.092948717948718	NA	"NO"	NA	NA
"ECK120003146"	"ymdB"	"+"	1105043	1105576	534	"M-C4h"	4	1.95963213121831	0	0	0	0.267790262172285	-Inf	"SD"	1	5.26315789473684
"ECK120003149"	"b1052"	"-"	1113434	1113532	99	"M-C4h"	4	10.5701369502078	0	0	0	0.0202020202020202	-Inf	"SD"	NA	NA
"ECK120003150"	"yceJ"	"-"	1117703	1118269	567	"M-C4h"	0	0	0	0	0	0	NA	"NO"	NA	NA
"ECK120003151"	"yceO"	"-"	1118530	1118670	141	"M-C4h"	2	3.71079275911552	0	0	0	0.382978723404255	-Inf	"SD"	NA	NA
"ECK120003152"	"solA"	"-"	1118691	1119809	1119	"M-C4h"	3	0	0	0	0	0.245755138516533	NA	"NO"	7	17.0731707317073
"ECK120003153"	"bssS"	"-"	1119924	1120178	255	"M-C4h"	18	18.4666510247749	0	0	0	1	-Inf	"SD"	NA	NA
"ECK120003154"	"dinI"	"-"	1120465	1120710	246	"M-C4h"	0	0	0	0	0	0	NA	"NO"	NA	NA
"ECK120003156"	"yceM"	"+"	1126029	1126952	924	"M-C4h"	16	4.53005869294622	0	0	0	0.693722943722944	-Inf	"SD"	0	0
"ECK120003160"	"ycfL"	"+"	1161470	1161847	378	"M-C4h"	1	0	0	0	0	0.156084656084656	NA	"NO"	NA	NA
"ECK120003161"	"lpoB"	"+"	1161861	1162502	642	"M-C4h"	0	0	0	0	0	0	NA	"NO"	6	26.0869565217391
"ECK120003162"	"thiK"	"+"	1162483	1163307	825	"M-C4h"	0	0	0	0	0	0	NA	"NO"	NA	NA
"ECK120003163"	"nagZ"	"+"	1163318	1164343	1026	"M-C4h"	40	10.1992549519549	0	0	0	0.44541910331384	-Inf	"SD"	5	13.1578947368421
"ECK120003164"	"ycfP"	"+"	1164366	1164908	543	"M-C4h"	20	9.63576020322815	0	0	0	0.983425414364641	-Inf	"SD"	5	23.8095238095238
"ECK120003170"	"lolD"	"+"	1175842	1176543	702	"M-C4h"	0	0	0	0	0	0	NA	"NO"	3	12
"ECK120003171"	"lolE"	"+"	1176543	1177787	1245	"M-C4h"	1	0	0	0	0	0.0803212851405622	NA	"NO"	NA	NA
"ECK120003172"	"nagK"	"+"	1177816	1178727	912	"M-C4h"	0	0	0	0	0	0	NA	"NO"	1	3.03030303030303
"ECK120003175"	"ymfA"	"-"	1180487	1180948	462	"M-C4h"	0	0	0	0	0	0	NA	"NO"	NA	NA
"ECK120003176"	"nudJ"	"-"	1193050	1193511	462	"M-C4h"	0	0	0	0	0	0	NA	"NO"	2	11.7647058823529
"ECK120003180"	"xisE"	"-"	1200010	1200255	246	"M-C4h"	1	1.06345890047823	1	44	0	0.32520325203252	-Inf	"SD"	NA	NA
"ECK120003186"	"ymfL"	"+"	1202479	1203048	570	"M-C4h"	0	0	36	88	409.090909090909	0	Inf	"AD"	NA	NA
"ECK120003187"	"ymfM"	"+"	1203045	1203383	339	"M-C4h"	0	0	0	0	0	0	NA	"NO"	NA	NA
"ECK120003188"	"ymfN"	"+"	1203393	1204760	1368	"M-C4h"	0	0	0	0	0	0	NA	"NO"	NA	NA
"ECK120003189"	"ymfR"	"+"	1204772	1204954	183	"M-C4h"	0	0	0	0	0	0	NA	"NO"	NA	NA
"ECK120003190"	"ymfO"	"+"	1204954	1205427	474	"M-C4h"	0	0	0	0	0	0	NA	"NO"	NA	NA
"ECK120003191"	"ymfP"	"+"	1205483	1206145	663	"M-C4h"	0	0	0	0	0	0	NA	"NO"	NA	NA
"ECK120003192"	"ymfQ"	"+"	1206136	1206720	585	"M-C4h"	0	0	0	0	0	0	NA	"NO"	NA	NA
"ECK120003196"	"ycgX"	"-"	1211926	1212330	405	"M-C4h"	0	0	0	0	0	0	NA	"NO"	NA	NA
"ECK120003197"	"bluR"	"-"	1212551	1213282	732	"M-C4h"	16	5.71827080912883	1	100	0	0.66120218579235	-Inf	"SD"	0	0
"ECK120003200"	"ymgA"	"+"	1215291	1215563	273	"M-C4h"	0	0	0	0	0	0	NA	"NO"	NA	NA
"ECK120003201"	"ariR"	"+"	1215592	1215858	267	"M-C4h"	0	0	0	0	0	0	NA	"NO"	NA	NA
"ECK120003202"	"ymgC"	"+"	1215971	1216219	249	"M-C4h"	0	0	0	0	0	0	NA	"NO"	NA	NA
"ECK120003203"	"ycgG"	"+"	1216551	1218074	1524	"M-C4h"	0	0	1	71	0	0	NA	"NO"	NA	NA
"ECK120003204"	"ycgH_1"	"+"	1220024	1220344	321	"M-C4h"	0	0	0	0	0	0	NA	"NO"	NA	NA
"ECK120003207"	"ymgG"	"-"	1221867	1222142	276	"M-C4h"	0	0	0	0	0	0	NA	"NO"	NA	NA
"ECK120003212"	"ycgM"	"+"	1227302	1227961	660	"M-C4h"	3	0	0	0	0	0.204545454545455	NA	"NO"	2	8.33333333333333
"ECK120003221"	"dhaL"	"-"	1248348	1248980	633	"M-C4h"	9	3.71958610688594	0	0	0	0.502369668246445	-Inf	"SD"	6	26.0869565217391
"ECK120003225"	"ychQ"	"+"	1266147	1266539	393	"M-C4h"	0	0	0	0	0	0	NA	"NO"	NA	NA
"ECK120003227"	"ychG_1"	"-"	1294191	1294421	231	"M-C4h"	0	0	0	0	0	0	NA	"NO"	NA	NA
"ECK120003230"	"yciO"	"+"	1322122	1322742	621	"M-C4h"	10	4.21273574102486	0	0	0	0.689210950080515	-Inf	"SD"	8	34.7826086956522
"ECK120003231"	"yciQ"	"+"	1322770	1324665	1896	"M-C4h"	6	0	0	0	0	0.0817510548523207	NA	"NO"	NA	NA
"ECK120003232"	"yciS"	"+"	1338267	1338575	309	"M-C4h"	3	0	0	0	0	0.229773462783172	NA	"NO"	1	9.09090909090909
"ECK120003233"	"yciT"	"-"	1341621	1342370	750	"M-C4h"	5	1.74407259678429	0	0	0	0.466666666666667	-Inf	"SD"	4	14.2857142857143
"ECK120003234"	"gmr"	"-"	1342781	1344766	1986	"M-C4h"	3	0	2	113	0	0.13091641490433	NA	"NO"	NA	NA
"ECK120003235"	"yciW"	"-"	1347004	1348131	1128	"M-C4h"	0	0	0	0	0	0	NA	"NO"	NA	NA
"ECK120003236"	"ycjD"	"-"	1349431	1349784	354	"M-C4h"	0	0	0	0	0	0	NA	"NO"	NA	NA
"ECK120003237"	"ymjA"	"-"	1355447	1355692	246	"M-C4h"	0	0	0	0	0	0	NA	"NO"	NA	NA
"ECK120003238"	"puuP"	"-"	1355826	1357211	1386	"M-C4h"	11	0	0	0	0	0.194805194805195	NA	"NO"	NA	NA
"ECK120003242"	"ycjM"	"+"	1368240	1369919	1680	"M-C4h"	0	0	0	0	0	0	NA	"NO"	NA	NA
"ECK120003243"	"ycjN"	"+"	1369933	1371225	1293	"M-C4h"	0	0	0	0	0	0	NA	"NO"	NA	NA
"ECK120003244"	"ycjO"	"+"	1371246	1372127	882	"M-C4h"	0	0	6	177	33.8983050847458	0	Inf	"AD"	NA	NA
"ECK120003245"	"ycjP"	"+"	1372114	1372956	843	"M-C4h"	0	0	0	0	0	0	NA	"NO"	NA	NA
"ECK120003246"	"ycjQ"	"+"	1372987	1374039	1053	"M-C4h"	0	0	0	0	0	0	NA	"NO"	NA	NA
"ECK120003247"	"ycjR"	"+"	1374058	1374846	789	"M-C4h"	0	0	1	49	0	0	NA	"NO"	NA	NA
"ECK120003248"	"ycjS"	"+"	1374856	1375911	1056	"M-C4h"	0	0	0	0	0	0	NA	"NO"	NA	NA
"ECK120003249"	"ycjT"	"+"	1375908	1378175	2268	"M-C4h"	0	0	0	0	0	0	NA	"NO"	NA	NA
"ECK120003250"	"ycjU"	"+"	1378172	1378831	660	"M-C4h"	0	0	0	0	0	0	NA	"NO"	NA	NA
"ECK120003251"	"ycjV"	"+"	1378845	1379813	969	"M-C4h"	1	0	0	0	0	0.0949432404540764	NA	"NO"	NA	NA
"ECK120003264"	"abgB"	"-"	1399834	1401279	1446	"M-C4h"	0	0	1	100	0	0	NA	"NO"	NA	NA
"ECK120003271"	"intR"	"-"	1410024	1411259	1236	"M-C4h"	2	0	0	0	0	0.0889967637540453	NA	"NO"	NA	NA
"ECK120003272"	"ydaQ"	"-"	1411261	1411476	216	"M-C4h"	0	0	0	0	0	0	NA	"NO"	NA	NA
"ECK120003277"	"ydaT"	"+"	1418708	1419130	423	"M-C4h"	0	0	0	0	0	0	NA	"NO"	NA	NA
"ECK120003278"	"ydaU"	"+"	1419143	1420000	858	"M-C4h"	0	0	0	0	0	0	NA	"NO"	NA	NA
"ECK120003279"	"ydaV"	"+"	1420007	1420753	747	"M-C4h"	1	0	0	0	0	0.0508701472556894	NA	"NO"	NA	NA
"ECK120003280"	"ydaW"	"+"	1420776	1421336	561	"M-C4h"	2	0.932659142665398	0	0	0	0.253119429590018	-Inf	"SD"	NA	NA
"ECK120003281"	"rzpR"	"+"	1421369	1421668	300	"M-C4h"	0	0	0	0	0	0	NA	"NO"	NA	NA
"ECK120003282"	"b1364"	"+"	1423202	1423483	282	"M-C4h"	0	0	0	0	0	0	NA	"NO"	NA	NA
"ECK120003283"	"ynaK"	"+"	1423401	1423664	264	"M-C4h"	0	0	0	0	0	0	NA	"NO"	NA	NA
"ECK120003284"	"ydaY"	"+"	1423645	1424004	360	"M-C4h"	0	0	0	0	0	0	NA	"NO"	NA	NA
"ECK120003285"	""	"+"	1424079	1424312	234	"M-C4h"	0	0	0	0	0	0	NA	"NO"	NA	NA
"ECK120003286"	"ynaA"	"+"	1424478	1425506	1029	"M-C4h"	1	0	0	0	0	0.0515063168124393	NA	"NO"	NA	NA
"ECK120003290"	"stfR"	"+"	1427073	1430435	3363	"M-C4h"	0	0	0	0	0	0	NA	"NO"	NA	NA
"ECK120003293"	"ynaE"	"-"	1432015	1432248	234	"M-C4h"	0	0	0	0	0	0	NA	"NO"	NA	NA
"ECK120003294"	"uspF"	"-"	1433209	1433643	435	"M-C4h"	192	115.469633993995	1	100	0	1	-Inf	"SD"	6	37.5
"ECK120003295"	"ompN"	"-"	1433784	1434917	1134	"M-C4h"	0	0	2	117	0	0	NA	"NO"	NA	NA
"ECK120003299"	"ynbE"	"+"	1443711	1443896	186	"M-C4h"	2	2.81302031739402	0	0	0	0.559139784946237	-Inf	"SD"	NA	NA
"ECK120003304"	"paaB"	"+"	1452892	1453179	288	"M-C4h"	0	0	0	0	0	0	NA	"NO"	NA	NA
"ECK120003305"	"paaC"	"+"	1453188	1453934	747	"M-C4h"	2	0	0	0	0	0.167336010709505	NA	"NO"	NA	NA
"ECK120003306"	"paaD"	"+"	1453949	1454446	498	"M-C4h"	1	0	0	0	0	0.00602409638554217	NA	"NO"	NA	NA
"ECK120003307"	"paaE"	"+"	1454454	1455524	1071	"M-C4h"	0	0	0	0	0	0	NA	"NO"	NA	NA
"ECK120003308"	"paaF"	"+"	1455521	1456288	768	"M-C4h"	0	0	0	0	0	0	NA	"NO"	NA	NA
"ECK120003309"	"paaG"	"+"	1456288	1457076	789	"M-C4h"	1	0	0	0	0	0.0887198986058302	NA	"NO"	NA	NA
"ECK120003310"	"paaH"	"+"	1457078	1458505	1428	"M-C4h"	0	0	0	0	0	0	NA	"NO"	NA	NA
"ECK120003311"	"paaI"	"+"	1458495	1458917	423	"M-C4h"	0	0	0	0	0	0	NA	"NO"	NA	NA
"ECK120003312"	"paaJ"	"+"	1458917	1460122	1206	"M-C4h"	12	2.60309342803626	0	0	0	0.332504145936982	-Inf	"SD"	NA	NA
"ECK120003313"	"paaK"	"+"	1460149	1461462	1314	"M-C4h"	4	0	0	0	0	0.121004566210046	NA	"NO"	NA	NA
"ECK120003314"	"paaX"	"+"	1461563	1462513	951	"M-C4h"	2	0	0	0	0	0.1198738170347	NA	"NO"	2	5.71428571428571
"ECK120003320"	"ynbA"	"+"	1475645	1476250	606	"M-C4h"	0	0	0	0	0	0	NA	"NO"	NA	NA
"ECK120003321"	"ynbB"	"+"	1476250	1477146	897	"M-C4h"	0	0	0	0	0	0	NA	"NO"	NA	NA
"ECK120003322"	"ynbC"	"+"	1477162	1478919	1758	"M-C4h"	0	0	0	0	0	0	NA	"NO"	NA	NA
"ECK120003339"	"ydcR"	"+"	1508027	1509433	1407	"M-C4h"	3	0	4	113	0	0.0895522388059701	NA	"NO"	NA	NA
"ECK120003340"	"ydcS"	"+"	1509678	1510823	1146	"M-C4h"	21	4.79391682362175	0	0	0	0.533158813263525	-Inf	"SD"	1	2.38095238095238
"ECK120003341"	"ydcT"	"+"	1510841	1511854	1014	"M-C4h"	10	2.57998904849748	0	0	0	0.373767258382643	-Inf	"SD"	NA	NA
"ECK120003342"	"ydcU"	"+"	1511855	1512796	942	"M-C4h"	7	1.94402996456848	7	183	38.2513661202186	0.427813163481953	-0.47362362911974	"SD"	NA	NA
"ECK120003343"	"ydcV"	"+"	1512786	1513580	795	"M-C4h"	2	0	0	0	0	0.0830188679245283	NA	"NO"	NA	NA
"ECK120003355"	"yncH"	"+"	1524964	1525176	213	"M-C4h"	0	0	0	0	0	0	NA	"NO"	NA	NA
"ECK120003356"	"yncI"	"+"	1528610	1529356	747	"M-C4h"	0	0	0	0	0	0	NA	"NO"	NA	NA
"ECK120003357"	"yncM"	"+"	1529400	1529600	201	"M-C4h"	0	0	0	0	0	0	NA	"NO"	NA	NA
"ECK120003360"	"yddJ"	"-"	1542408	1542743	336	"M-C4h"	0	0	0	0	0	0	NA	"NO"	NA	NA
"ECK120003361"	"yddK"	"-"	1542782	1543738	957	"M-C4h"	0	0	0	0	0	0	NA	"NO"	NA	NA
"ECK120003362"	"yddL"	"-"	1543762	1544052	291	"M-C4h"	0	0	0	0	0	0	NA	"NO"	NA	NA
"ECK120003364"	"adhP"	"-"	1550852	1551862	1011	"M-C4h"	1	0	0	0	0	0.0949554896142433	NA	"NO"	NA	NA
"ECK120003367"	"ddpD"	"-"	1556055	1557041	987	"M-C4h"	0	0	0	0	0	0	NA	"NO"	NA	NA
"ECK120003368"	"ddpC"	"-"	1557038	1557934	897	"M-C4h"	0	0	0	0	0	0	NA	"NO"	NA	NA
"ECK120003369"	"ddpB"	"-"	1557931	1558953	1023	"M-C4h"	0	0	0	0	0	0	NA	"NO"	NA	NA
"ECK120003370"	"ddpA"	"-"	1558955	1560505	1551	"M-C4h"	1	0	3	89	0	0.0328820116054159	NA	"NO"	NA	NA
"ECK120003371"	"ddpX"	"-"	1560519	1561100	582	"M-C4h"	0	0	0	0	0	0	NA	"NO"	NA	NA
"ECK120003372"	"dosP"	"-"	1561358	1563757	2400	"M-C4h"	2	0	0	0	0	0.0708333333333333	NA	"NO"	NA	NA
"ECK120003373"	"dosC"	"-"	1563782	1565164	1383	"M-C4h"	1	0	0	0	0	0.0484454085321764	NA	"NO"	NA	NA
"ECK120003374"	"yddW"	"-"	1565528	1566847	1320	"M-C4h"	24	0	1	100	0	0.20530303030303	NA	"NO"	NA	NA
"ECK120003375"	"gadC"	"-"	1566978	1568513	1536	"M-C4h"	3	0	0	0	0	0.147135416666667	NA	"NO"	NA	NA
"ECK120003376"	"ydeM"	"-"	1577657	1578814	1158	"M-C4h"	0	0	0	0	0	0	NA	"NO"	NA	NA
"ECK120003377"	"ydeN"	"-"	1578866	1580548	1683	"M-C4h"	1	0	0	0	0	0.0362448009506833	NA	"NO"	13	20.6349206349206
"ECK120003378"	"ydeO"	"-"	1580950	1581711	762	"M-C4h"	0	0	0	0	0	0	NA	"NO"	NA	NA
"ECK120003379"	"safA"	"-"	1581786	1581983	198	"M-C4h"	0	0	0	0	0	0	NA	"NO"	NA	NA
"ECK120003380"	"ydeP"	"-"	1582231	1584510	2280	"M-C4h"	1	0	0	0	0	0.0175438596491228	NA	"NO"	NA	NA
"ECK120003381"	"ydeQ"	"-"	1584844	1585758	915	"M-C4h"	0	0	0	0	0	0	NA	"NO"	NA	NA
"ECK120003382"	"ydeR"	"-"	1585817	1586320	504	"M-C4h"	0	0	0	0	0	0	NA	"NO"	NA	NA
"ECK120003383"	"ydeS"	"-"	1586333	1586863	531	"M-C4h"	0	0	0	0	0	0	NA	"NO"	NA	NA
"ECK120003384"	"ydeT"	"-"	1586877	1588025	1149	"M-C4h"	0	0	0	0	0	0	NA	"NO"	NA	NA
"ECK120003385"	"yneL"	"-"	1588381	1588560	180	"M-C4h"	0	0	0	0	0	0	NA	"NO"	NA	NA
"ECK120003386"	"ydeU"	"-"	1590689	1592089	1401	"M-C4h"	3	0	0	0	0	0.086366880799429	NA	"NO"	NA	NA
"ECK120003387"	"lsrK"	"-"	1596641	1598233	1593	"M-C4h"	23	3.77718170678331	0	0	0	0.47834274952919	-Inf	"SD"	NA	NA
"ECK120003390"	"lsrC"	"+"	1601043	1602071	1029	"M-C4h"	1	0	0	0	0	0.0281827016520894	NA	"NO"	NA	NA
"ECK120003391"	"lsrD"	"+"	1602071	1603063	993	"M-C4h"	2	0	0	0	0	0.117824773413897	NA	"NO"	NA	NA
"ECK120003392"	"lsrB"	"+"	1603075	1604097	1023	"M-C4h"	2	0	0	0	0	0.148582600195503	NA	"NO"	2	5.40540540540541
"ECK120003393"	"lsrF"	"+"	1604124	1604999	876	"M-C4h"	1	0	0	0	0	0.0194063926940639	NA	"NO"	3	9.375
"ECK120003394"	"lsrG"	"+"	1605023	1605313	291	"M-C4h"	1	0	0	0	0	0.0618556701030928	NA	"NO"	NA	NA
"ECK120003397"	"yneF"	"-"	1608931	1609878	948	"M-C4h"	0	0	5	123	0	0	NA	"NO"	NA	NA
"ECK120003398"	"yneG"	"-"	1609990	1610349	360	"M-C4h"	0	0	0	0	0	0	NA	"NO"	NA	NA
"ECK120003399"	"yneH"	"-"	1610349	1611275	927	"M-C4h"	2	0	0	0	0	0.157497303128371	NA	"NO"	1	2.94117647058824
"ECK120003402"	"yneK"	"+"	1613787	1614902	1116	"M-C4h"	0	0	0	0	0	0	NA	"NO"	NA	NA
"ECK120003403"	"ydfH"	"+"	1626376	1627062	687	"M-C4h"	3	1.14240563108142	0	0	0	0.436681222707424	-Inf	"SD"	NA	NA
"ECK120003410"	"ydfN"	"-"	1632909	1633871	963	"M-C4h"	0	0	0	0	0	0	NA	"NO"	NA	NA
"ECK120003413"	"ynfN"	"-"	1635978	1636133	156	"M-C4h"	0	0	0	0	0	0	NA	"NO"	NA	NA
"ECK120003414"	"cspI"	"-"	1636479	1636691	213	"M-C4h"	0	0	0	0	0	0	NA	"NO"	NA	NA
"ECK120003415"	"ydfP"	"-"	1637054	1637551	498	"M-C4h"	0	0	0	0	0	0	NA	"NO"	NA	NA
"ECK120003416"	"rrrQ"	"-"	1637548	1638081	534	"M-C4h"	0	0	0	0	0	0	NA	"NO"	NA	NA
"ECK120003417"	"ydfR"	"-"	1638078	1638389	312	"M-C4h"	0	0	0	0	0	0	NA	"NO"	NA	NA
"ECK120003418"	"essQ"	"-"	1638394	1638609	216	"M-C4h"	1	0	0	0	0	0.217592592592593	NA	"NO"	NA	NA
"ECK120003420"	"ydfU"	"-"	1641279	1642328	1050	"M-C4h"	0	0	0	0	0	0	NA	"NO"	NA	NA
"ECK120003425"	"insD"	"+"	1648905	1649561	657	"M-C4h"	0	0	0	0	0	0	NA	"NO"	NA	NA
"ECK120003428"	"rspA"	"-"	1651951	1653165	1215	"M-C4h"	0	0	0	0	0	0	NA	"NO"	NA	NA
"ECK120003434"	"ynfE"	"+"	1656093	1658519	2427	"M-C4h"	2	0	0	0	0	0.0399670374948496	NA	"NO"	3	3.33333333333333
"ECK120003435"	"ynfF"	"+"	1658580	1661003	2424	"M-C4h"	0	0	0	0	0	0	NA	"NO"	9	10
"ECK120003436"	"ynfG"	"+"	1661014	1661631	618	"M-C4h"	0	0	0	0	0	0	NA	"NO"	2	8.69565217391304
"ECK120003437"	"ynfH"	"+"	1661633	1662487	855	"M-C4h"	2	0	0	0	0	0.175438596491228	NA	"NO"	NA	NA
"ECK120003438"	"dmsD"	"+"	1662530	1663144	615	"M-C4h"	0	0	0	0	0	0	NA	"NO"	3	13.0434782608696
"ECK120003441"	"mlc"	"-"	1665368	1666588	1221	"M-C4h"	12	2.5711143932938	2	100	0	0.287469287469287	-Inf	"SD"	NA	NA
"ECK120003450"	"ydgI"	"+"	1677581	1678963	1383	"M-C4h"	0	0	0	0	0	0	NA	"NO"	NA	NA
"ECK120003456"	"uidR"	"-"	1694486	1695076	591	"M-C4h"	6	2.6559481169304	0	0	0	0.380710659898477	-Inf	"SD"	4	18.1818181818182
"ECK120003458"	"cnu"	"+"	1702973	1703188	216	"M-C4h"	1	0	0	0	0	0.240740740740741	NA	"NO"	NA	NA
"ECK120003459"	"ydgK"	"+"	1703274	1703714	441	"M-C4h"	2	1.18644394339068	0	0	0	0.36734693877551	-Inf	"SD"	NA	NA
"ECK120003460"	"rsxA"	"+"	1703791	1704372	582	"M-C4h"	0	0	0	0	0	0	NA	"NO"	NA	NA
"ECK120003461"	"rsxB"	"+"	1704372	1704950	579	"M-C4h"	0	0	0	0	0	0	NA	"NO"	NA	NA
"ECK120003462"	"rsxC"	"+"	1704943	1707165	2223	"M-C4h"	1	0	10	62	161.290322580645	0.0170940170940171	Inf	"AD"	NA	NA
"ECK120003463"	"rsxD"	"+"	1707166	1708224	1059	"M-C4h"	1	0	0	0	0	0.084985835694051	NA	"NO"	NA	NA
"ECK120003464"	"rsxG"	"+"	1708228	1708848	621	"M-C4h"	1	0	0	0	0	0.0112721417069243	NA	"NO"	NA	NA
"ECK120003465"	"rsxE"	"+"	1708852	1709547	696	"M-C4h"	0	0	0	0	0	0	NA	"NO"	NA	NA
"ECK120003466"	"tppB"	"+"	1710793	1712295	1503	"M-C4h"	0	0	0	0	0	0	NA	"NO"	NA	NA
"ECK120003473"	"ydhJ"	"+"	1719288	1720145	858	"M-C4h"	2	0	0	0	0	0.116550116550117	NA	"NO"	3	9.67741935483871
"ECK120003476"	"ydhF"	"-"	1722760	1723656	897	"M-C4h"	4	0	0	0	0	0.198439241917503	NA	"NO"	7	20.5882352941176
"ECK120003479"	"nemA"	"+"	1724683	1725780	1098	"M-C4h"	0	0	0	0	0	0	NA	"NO"	1	2.5
"ECK120003480"	"gloA"	"+"	1725861	1726268	408	"M-C4h"	11	7.05323476640707	0	0	0	0.786764705882353	-Inf	"SD"	3	20
"ECK120003484"	"ydhR"	"+"	1744724	1745029	306	"M-C4h"	6	5.12962528465969	0	0	0	0.584967320261438	-Inf	"SD"	3	27.2727272727273
"ECK120003487"	"ydhU"	"-"	1747587	1748372	786	"M-C4h"	0	0	0	0	0	0	NA	"NO"	NA	NA
"ECK120003488"	"ydhX"	"-"	1748369	1749088	720	"M-C4h"	0	0	0	0	0	0	NA	"NO"	NA	NA
"ECK120003489"	"ydhW"	"-"	1749101	1749748	648	"M-C4h"	0	0	0	0	0	0	NA	"NO"	NA	NA
"ECK120003490"	"ydhV"	"-"	1749752	1751854	2103	"M-C4h"	0	0	3	133	0	0	NA	"NO"	NA	NA
"ECK120003491"	"ydhY"	"-"	1751875	1752501	627	"M-C4h"	0	0	0	0	0	0	NA	"NO"	NA	NA
"ECK120003494"	"sufE"	"-"	1756898	1757314	417	"M-C4h"	0	0	0	0	0	0	NA	"NO"	NA	NA
"ECK120003495"	"sufS"	"-"	1757327	1758547	1221	"M-C4h"	1	0	0	0	0	0.0819000819000819	NA	"NO"	NA	NA
"ECK120003496"	"sufD"	"-"	1758544	1759815	1272	"M-C4h"	1	0	0	0	0	0.0786163522012579	NA	"NO"	NA	NA
"ECK120003497"	"sufC"	"-"	1759790	1760536	747	"M-C4h"	1	0	0	0	0	0.133868808567604	NA	"NO"	0	0
"ECK120003498"	"sufB"	"-"	1760546	1762033	1488	"M-C4h"	11	0	0	0	0	0.231854838709677	NA	"NO"	NA	NA
"ECK120003499"	"ydiH"	"-"	1762958	1763227	270	"M-C4h"	0	0	0	0	0	0	NA	"NO"	NA	NA
"ECK120003500"	"menI"	"-"	1763246	1763656	411	"M-C4h"	10	6.36522845541713	0	0	0	0.447688564476886	-Inf	"SD"	3	20
"ECK120003503"	"ydiL"	"+"	1768639	1768995	357	"M-C4h"	3	2.19841083628272	0	0	0	0.372549019607843	-Inf	"SD"	NA	NA
"ECK120003504"	"ydiM"	"+"	1769095	1770309	1215	"M-C4h"	4	0	0	0	0	0.0641975308641975	NA	"NO"	NA	NA
"ECK120003505"	"ydiN"	"+"	1770536	1771801	1266	"M-C4h"	0	0	0	0	0	0	NA	"NO"	NA	NA
"ECK120003509"	"ydiR"	"+"	1778425	1779363	939	"M-C4h"	0	0	0	0	0	0	NA	"NO"	NA	NA
"ECK120003510"	"ydiS"	"+"	1779419	1780708	1290	"M-C4h"	0	0	0	0	0	0	NA	"NO"	NA	NA
"ECK120003511"	"ydiT"	"+"	1780705	1780998	294	"M-C4h"	0	0	0	0	0	0	NA	"NO"	NA	NA
"ECK120003513"	"ydiV"	"-"	1789331	1790044	714	"M-C4h"	0	0	0	0	0	0	NA	"NO"	NA	NA
"ECK120003515"	"arpB_2"	"+"	1801602	1803017	1416	"M-C4h"	0	0	0	0	0	0	NA	"NO"	NA	NA
"ECK120003517"	"ydiZ"	"+"	1805424	1805714	291	"M-C4h"	1	0	0	0	0	0.18213058419244	NA	"NO"	NA	NA
"ECK120003521"	"ydjM"	"+"	1808235	1808825	591	"M-C4h"	0	0	0	0	0	0	NA	"NO"	NA	NA
"ECK120003527"	"spy"	"-"	1823164	1823649	486	"M-C4h"	5	0	0	0	0	0.148148148148148	NA	"NO"	NA	NA
"ECK120003528"	"astE"	"-"	1823979	1824947	969	"M-C4h"	31	8.36938862233949	0	0	0	0.801857585139319	-Inf	"SD"	NA	NA
"ECK120003529"	"astB"	"-"	1824940	1826283	1344	"M-C4h"	11	2.14116055408786	0	0	0	0.482142857142857	-Inf	"SD"	NA	NA
"ECK120003530"	"astD"	"-"	1826280	1827758	1479	"M-C4h"	34	6.01404343718722	0	0	0	0.724814063556457	-Inf	"SD"	NA	NA
"ECK120003531"	"astA"	"-"	1827755	1828789	1035	"M-C4h"	29	7.33016018938327	0	0	0	0.701449275362319	-Inf	"SD"	NA	NA
"ECK120003533"	"ydjX"	"+"	1831425	1832135	711	"M-C4h"	0	0	0	0	0	0	NA	"NO"	NA	NA
"ECK120003534"	"ydjY"	"+"	1832140	1832817	678	"M-C4h"	1	0	0	0	0	0.147492625368732	NA	"NO"	3	12.5
"ECK120003535"	"ydjZ"	"+"	1832832	1833539	708	"M-C4h"	0	0	0	0	0	0	NA	"NO"	NA	NA
"ECK120003536"	"ynjA"	"+"	1833539	1834087	549	"M-C4h"	0	0	0	0	0	0	NA	"NO"	NA	NA
"ECK120003537"	"ynjB"	"+"	1834097	1835263	1167	"M-C4h"	1	0	0	0	0	0.0479862896315338	NA	"NO"	2	4.65116279069767
"ECK120003538"	"ynjC"	"+"	1835281	1836771	1491	"M-C4h"	1	0	0	0	0	0.0181086519114688	NA	"NO"	NA	NA
"ECK120003539"	"ynjD"	"+"	1836771	1837424	654	"M-C4h"	0	0	0	0	0	0	NA	"NO"	NA	NA
"ECK120003545"	"ydjF"	"-"	1852120	1852878	759	"M-C4h"	3	1.03403513643338	0	0	0	0.30961791831357	-Inf	"SD"	5	17.8571428571429
"ECK120003546"	"ydjG"	"-"	1853015	1853995	981	"M-C4h"	0	0	0	0	0	0	NA	"NO"	NA	NA
"ECK120003547"	"ydjH"	"-"	1854005	1854952	948	"M-C4h"	0	0	0	0	0	0	NA	"NO"	NA	NA
"ECK120003548"	"ydjI"	"-"	1854957	1855793	837	"M-C4h"	0	0	1	42	0	0	NA	"NO"	NA	NA
"ECK120003549"	"ydjJ"	"-"	1855814	1856857	1044	"M-C4h"	0	0	0	0	0	0	NA	"NO"	NA	NA
"ECK120003550"	"ydjK"	"-"	1856874	1858253	1380	"M-C4h"	0	0	0	0	0	0	NA	"NO"	NA	NA
"ECK120003551"	"ydjL"	"-"	1858280	1859356	1077	"M-C4h"	0	0	0	0	0	0	NA	"NO"	NA	NA
"ECK120003552"	"yeaC"	"-"	1859726	1859998	273	"M-C4h"	89	85.2870665460452	0	0	0	0.934065934065934	-Inf	"SD"	NA	NA
"ECK120003557"	"yeaH"	"+"	1866979	1868262	1284	"M-C4h"	21	4.27868277248483	1	100	0	0.563084112149533	-Inf	"SD"	NA	NA
"ECK120003558"	"yeaI"	"+"	1868409	1869884	1476	"M-C4h"	0	0	1	78	0	0	NA	"NO"	NA	NA
"ECK120003569"	"yoaG"	"-"	1877427	1877609	183	"M-C4h"	0	0	0	0	0	0	NA	"NO"	NA	NA
"ECK120003570"	"yeaR"	"-"	1877613	1877972	360	"M-C4h"	0	0	0	0	0	0	NA	"NO"	NA	NA
"ECK120003571"	"leuE"	"-"	1878145	1878783	639	"M-C4h"	0	0	1	74	0	0	NA	"NO"	NA	NA
"ECK120003574"	"yeaV"	"+"	1881212	1882657	1446	"M-C4h"	0	0	0	0	0	0	NA	"NO"	NA	NA
"ECK120003575"	"yeaW"	"+"	1882689	1883813	1125	"M-C4h"	1	0	0	0	0	0.0462222222222222	NA	"NO"	NA	NA
"ECK120003577"	"yeaY"	"-"	1887975	1888556	582	"M-C4h"	31	13.9346006444106	0	0	0	0.798969072164949	-Inf	"SD"	1	4.76190476190476
"ECK120003578"	"tsaB"	"-"	1888596	1889291	696	"M-C4h"	1	0	0	0	0	0.14367816091954	NA	"NO"	4	16
"ECK120003585"	"yobD"	"+"	1902825	1903283	459	"M-C4h"	0	0	0	0	0	0	NA	"NO"	NA	NA
"ECK120003587"	"yobF"	"-"	1905472	1905615	144	"M-C4h"	21	38.1515880546564	0	0	0	1	-Inf	"SD"	NA	NA
"ECK120003588"	"yebO"	"-"	1906285	1906572	288	"M-C4h"	0	0	0	0	0	0	NA	"NO"	NA	NA
"ECK120003594"	"yebT"	"+"	1915534	1918167	2634	"M-C4h"	2	0	4	77	0	0.0759301442672741	NA	"NO"	NA	NA
"ECK120003595"	"rsmF"	"+"	1918247	1919686	1440	"M-C4h"	0	0	0	0	0	0	NA	"NO"	4	7.54716981132075
"ECK120003596"	"yebV"	"+"	1919804	1920040	237	"M-C4h"	2	2.20768683137252	0	0	0	0.556962025316456	-Inf	"SD"	NA	NA
"ECK120003599"	"yebY"	"-"	1921389	1921730	342	"M-C4h"	18	13.7689941851392	547	526	1039.92395437262	0.809941520467836	2.99011765750361	"AD"	3	25
"ECK120003600"	"yebZ"	"-"	1921743	1922615	873	"M-C4h"	4	1.19867532425037	0	0	0	0.279495990836197	-Inf	"SD"	NA	NA
"ECK120003602"	"yobB"	"+"	1923464	1924120	657	"M-C4h"	1	0	0	0	0	0.0867579908675799	NA	"NO"	NA	NA
"ECK120003606"	"yecN"	"+"	1950290	1950685	396	"M-C4h"	1	0	0	0	0	0.108585858585859	NA	"NO"	NA	NA
"ECK120003607"	"cmoA"	"+"	1950726	1951469	744	"M-C4h"	1	0	0	0	0	0.0604838709677419	NA	"NO"	4	14.2857142857143
"ECK120003610"	"torY"	"-"	1955056	1956156	1101	"M-C4h"	0	0	0	0	0	0	NA	"NO"	NA	NA
"ECK120003611"	"cutC"	"-"	1956544	1956984	441	"M-C4h"	13	7.7118856320394	0	0	0	0.517006802721088	-Inf	"SD"	1	3.7037037037037
"ECK120003615"	"flhB"	"-"	1963067	1964215	1149	"M-C4h"	0	0	0	0	0	0	NA	"NO"	NA	NA
"ECK120003616"	"insB-5"	"-"	1976542	1977045	504	"M-C4h"	0	0	0	0	0	0	NA	"NO"	NA	NA
"ECK120003623"	"yecS"	"-"	1995835	1996503	669	"M-C4h"	2	0	0	0	0	0.159940209267564	NA	"NO"	NA	NA
"ECK120003624"	"dcyD"	"-"	1996518	1997504	987	"M-C4h"	3	0	0	0	0	0.227963525835866	NA	"NO"	2	5.71428571428571
"ECK120003625"	"fliY"	"-"	1997609	1998409	801	"M-C4h"	29	9.47155530088849	0	0	0	0.890137328339575	-Inf	"SD"	25	86.2068965517241
"ECK120003628"	"yedN_1"	"-"	2009573	2009893	321	"M-C4h"	0	0	0	0	0	0	NA	"NO"	NA	NA
"ECK120003636"	"yodC"	"-"	2026212	2026394	183	"M-C4h"	1	1.42956770228221	0	0	0	0.366120218579235	-Inf	"SD"	NA	NA
"ECK120003638"	"yedS_1"	"+"	2032075	2032560	486	"M-C4h"	2	0	0	0	0	0.195473251028807	NA	"NO"	NA	NA
"ECK120003639"	"yedS_2"	"+"	2032570	2032779	210	"M-C4h"	1	1.24576614056021	0	0	0	0.304761904761905	-Inf	"SD"	NA	NA
"ECK120003640"	"yedS_3"	"+"	2032863	2033267	405	"M-C4h"	0	0	0	0	0	0	NA	"NO"	NA	NA
"ECK120003645"	"yedY"	"+"	2037502	2038506	1005	"M-C4h"	14	0	0	0	0	0.149253731343284	NA	"NO"	NA	NA
"ECK120003646"	"yedZ"	"+"	2038507	2039142	636	"M-C4h"	1	0	0	0	0	0.0267295597484277	NA	"NO"	NA	NA
"ECK120003647"	"zinT"	"+"	2039399	2040049	651	"M-C4h"	0	0	0	0	0	0	NA	"NO"	NA	NA
"ECK120003665"	"yeeP"	"+"	2068810	2069235	426	"M-C4h"	0	0	0	0	0	0	NA	"NO"	NA	NA
"ECK120003666"	"flu"	"+"	2069563	2072682	3120	"M-C4h"	105	8.80421262799764	1	49	0	0.805769230769231	-Inf	"SD"	50	46.7289719626168
"ECK120003667"	"yeeR"	"+"	2072803	2074335	1533	"M-C4h"	4	0	0	0	0	0.216568819308545	NA	"NO"	0	0
"ECK120003668"	"yeeS"	"+"	2074332	2074778	447	"M-C4h"	2	0	1	100	0	0.243847874720358	NA	"NO"	NA	NA
"ECK120003669"	"yeeT"	"+"	2074841	2075062	222	"M-C4h"	0	0	0	0	0	0	NA	"NO"	NA	NA
"ECK120003670"	"cbeA"	"+"	2075136	2075504	369	"M-C4h"	0	0	0	0	0	0	NA	"NO"	NA	NA
"ECK120003671"	"cbtA"	"+"	2075593	2075967	375	"M-C4h"	0	0	0	0	0	0	NA	"NO"	NA	NA
"ECK120003672"	"yeeW"	"+"	2075964	2076158	195	"M-C4h"	1	1.34159430521869	0	0	0	0.471794871794872	-Inf	"SD"	NA	NA
"ECK120003674"	"yeeY"	"-"	2085353	2086282	930	"M-C4h"	6	1.68781219043641	0	0	0	0.323655913978495	-Inf	"SD"	NA	NA
"ECK120003675"	"yeeZ"	"-"	2086328	2087152	825	"M-C4h"	12	3.80524930207482	0	0	0	0.631515151515151	-Inf	"SD"	8	26.6666666666667
"ECK120003677"	"ugd"	"-"	2096471	2097637	1167	"M-C4h"	1	0	0	0	0	0.0848329048843188	NA	"NO"	NA	NA
"ECK120003678"	"insH-7"	"-"	2099919	2100935	1017	"M-C4h"	1	0	0	0	0	0.0983284169124877	NA	"NO"	NA	NA
"ECK120003679"	"galF"	"-"	2111458	2112351	894	"M-C4h"	12	3.51155556399522	0	0	0	0.494407158836689	-Inf	"SD"	22	66.6666666666667
"ECK120003680"	"wcaM"	"-"	2112526	2113920	1395	"M-C4h"	3	0	0	0	0	0.109677419354839	NA	"NO"	NA	NA
"ECK120003681"	"wcaL"	"-"	2113931	2115151	1221	"M-C4h"	0	0	0	0	0	0	NA	"NO"	NA	NA
"ECK120003682"	"wcaK"	"-"	2115148	2116428	1281	"M-C4h"	0	0	1	100	0	0	NA	"NO"	NA	NA
"ECK120003683"	"wzxC"	"-"	2116704	2118182	1479	"M-C4h"	0	0	0	0	0	0	NA	"NO"	NA	NA
"ECK120003684"	"wcaJ"	"-"	2118184	2119578	1395	"M-C4h"	0	0	0	0	0	0	NA	"NO"	NA	NA
"ECK120003685"	"wcaF"	"-"	2126364	2126912	549	"M-C4h"	0	0	0	0	0	0	NA	"NO"	NA	NA
"ECK120003686"	"wcaE"	"-"	2126928	2127674	747	"M-C4h"	0	0	0	0	0	0	NA	"NO"	NA	NA
"ECK120003687"	"wcaD"	"-"	2127685	2128902	1218	"M-C4h"	0	0	0	0	0	0	NA	"NO"	NA	NA
"ECK120003688"	"wcaC"	"-"	2128877	2130094	1218	"M-C4h"	0	0	0	0	0	0	NA	"NO"	NA	NA
"ECK120003689"	"wcaB"	"-"	2130091	2130579	489	"M-C4h"	0	0	0	0	0	0	NA	"NO"	NA	NA
"ECK120003690"	"wcaA"	"-"	2130582	2131421	840	"M-C4h"	0	0	0	0	0	0	NA	"NO"	NA	NA
"ECK120003691"	"wzc"	"-"	2131514	2133676	2163	"M-C4h"	0	0	0	0	0	0	NA	"NO"	NA	NA
"ECK120003692"	"wzb"	"-"	2133679	2134122	444	"M-C4h"	0	0	0	0	0	0	NA	"NO"	NA	NA
"ECK120003698"	"yegL"	"-"	2150493	2151152	660	"M-C4h"	0	0	0	0	0	0	NA	"NO"	NA	NA
"ECK120003700"	"mdtB"	"+"	2153287	2156409	3123	"M-C4h"	0	0	1	100	0	0	NA	"NO"	NA	NA
"ECK120003701"	"mdtC"	"+"	2156410	2159487	3078	"M-C4h"	1	0	0	0	0	0.0243664717348928	NA	"NO"	NA	NA
"ECK120003702"	"yegP"	"+"	2163213	2163545	333	"M-C4h"	13	10.213037728917	0	0	0	1	-Inf	"SD"	1	8.33333333333333
"ECK120003703"	"yegQ"	"+"	2163692	2165053	1362	"M-C4h"	1	0	1	38	0	0.0734214390602056	NA	"NO"	6	11.7647058823529
"ECK120003705"	"yegZ"	"-"	2165626	2165844	219	"M-C4h"	0	0	0	0	0	0	NA	"NO"	NA	NA
"ECK120003706"	""	"-"	2165759	2166025	267	"M-C4h"	0	0	0	0	0	0	NA	"NO"	NA	NA
"ECK120003711"	"gatZ"	"-"	2173081	2174343	1263	"M-C4h"	680	140.85146862391	0	0	0	1	-Inf	"SD"	4	8.51063829787234
"ECK120003714"	"yegU"	"+"	2178117	2179121	1005	"M-C4h"	0	0	0	0	0	0	NA	"NO"	NA	NA
"ECK120003717"	"yegX"	"-"	2180855	2181673	819	"M-C4h"	1	0	1	77	0	0.043956043956044	NA	"NO"	NA	NA
"ECK120003718"	"thiD"	"-"	2181738	2182538	801	"M-C4h"	0	0	0	0	0	0	NA	"NO"	NA	NA
"ECK120003722"	"yeiS"	"+"	2231622	2231861	240	"M-C4h"	0	0	0	0	0	0	NA	"NO"	NA	NA
"ECK120003723"	"preT"	"+"	2232055	2233293	1239	"M-C4h"	74	15.6248634578738	0	0	0	0.981436642453592	-Inf	"SD"	7	15.9090909090909
"ECK120003724"	"lpxT"	"+"	2266876	2267589	714	"M-C4h"	0	0	0	0	0	0	NA	"NO"	NA	NA
"ECK120003725"	"mepS"	"+"	2268001	2268567	567	"M-C4h"	11	5.07534353561567	2	71	0	0.419753086419753	-Inf	"SD"	NA	NA
"ECK120003726"	"rtn"	"+"	2268748	2270304	1557	"M-C4h"	0	0	1	53	0	0	NA	"NO"	NA	NA
"ECK120003730"	"yfaQ"	"-"	2326170	2327819	1650	"M-C4h"	0	0	0	0	0	0	NA	"NO"	NA	NA
"ECK120003731"	"yfaS_2"	"-"	2327820	2328305	486	"M-C4h"	0	0	0	0	0	0	NA	"NO"	NA	NA
"ECK120003732"	"yfaS_1"	"-"	2328321	2332424	4104	"M-C4h"	0	0	2	99	0	0	NA	"NO"	NA	NA
"ECK120003733"	"yfaT"	"-"	2332358	2332981	624	"M-C4h"	0	0	0	0	0	0	NA	"NO"	NA	NA
"ECK120003735"	"yfaV"	"-"	2356885	2358174	1290	"M-C4h"	0	0	0	0	0	0	NA	"NO"	NA	NA
"ECK120003736"	"yfaW"	"-"	2358231	2359448	1218	"M-C4h"	7	1.50351085929681	1	59	0	0.380952380952381	-Inf	"SD"	NA	NA
"ECK120003737"	"yfaX"	"-"	2359451	2360233	783	"M-C4h"	3	0	0	0	0	0.219667943805875	NA	"NO"	NA	NA
"ECK120003738"	"yfaY"	"-"	2360453	2361655	1203	"M-C4h"	5	0	0	0	0	0.220282626766417	NA	"NO"	3	6.81818181818182
"ECK120003743"	"arnC"	"+"	2365093	2366061	969	"M-C4h"	0	0	0	0	0	0	NA	"NO"	NA	NA
"ECK120003744"	"arnA"	"+"	2366061	2368043	1983	"M-C4h"	3	0	1	48	0	0.151790216843167	NA	"NO"	NA	NA
"ECK120003745"	"arnD"	"+"	2368040	2368930	891	"M-C4h"	1	0	0	0	0	0.0527497194163861	NA	"NO"	NA	NA
"ECK120003746"	"arnT"	"+"	2368930	2370582	1653	"M-C4h"	1	0	0	0	0	0.0604960677555959	NA	"NO"	NA	NA
"ECK120003749"	"elaB"	"-"	2378744	2379049	306	"M-C4h"	9	7.69443792698953	0	0	0	0.696078431372549	-Inf	"SD"	NA	NA
"ECK120003762"	"yfbT"	"-"	2409461	2410111	651	"M-C4h"	6	2.41116027205202	1	64	0	0.45468509984639	-Inf	"SD"	6	26.0869565217391
"ECK120003763"	"yfbU"	"-"	2410122	2410616	495	"M-C4h"	8	4.22805478008314	0	0	0	0.585858585858586	-Inf	"SD"	13	65
"ECK120003767"	"yfcE"	"-"	2417256	2417810	555	"M-C4h"	4	1.88548388841545	0	0	0	0.291891891891892	-Inf	"SD"	3	15
"ECK120003770"	"folX"	"+"	2419347	2419709	363	"M-C4h"	97	69.907042102511	1	46	0	0.81267217630854	-Inf	"SD"	4	28.5714285714286
"ECK120003776"	"epmC"	"-"	2442225	2442773	549	"M-C4h"	2	0	0	0	0	0.236794171220401	NA	"NO"	NA	NA
"ECK120003779"	"yfcP"	"-"	2448073	2448612	540	"M-C4h"	0	0	0	0	0	0	NA	"NO"	NA	NA
"ECK120003780"	"yfcQ"	"-"	2448609	2449097	489	"M-C4h"	0	0	0	0	0	0	NA	"NO"	NA	NA
"ECK120003781"	"yfcR"	"-"	2449094	2449606	513	"M-C4h"	0	0	0	0	0	0	NA	"NO"	NA	NA
"ECK120003782"	"yfcS"	"-"	2449606	2450358	753	"M-C4h"	0	0	0	0	0	0	NA	"NO"	NA	NA
"ECK120003783"	"yfcT"	"-"	2450378	2451274	897	"M-C4h"	0	0	0	0	0	0	NA	"NO"	NA	NA
"ECK120003784"	"yfcU"	"-"	2451287	2453023	1737	"M-C4h"	2	0	0	0	0	0.0846286701208981	NA	"NO"	NA	NA
"ECK120003785"	"yfcV"	"-"	2453105	2453668	564	"M-C4h"	0	0	0	0	0	0	NA	"NO"	NA	NA
"ECK120003786"	"sixA"	"-"	2454349	2454834	486	"M-C4h"	14	7.53611615894448	0	0	0	0.903292181069959	-Inf	"SD"	NA	NA
"ECK120003787"	"fadJ"	"-"	2455037	2457181	2145	"M-C4h"	52	6.34208217012471	0	0	0	0.676456876456876	-Inf	"SD"	4	5.19480519480519
"ECK120003788"	"fadI"	"-"	2457181	2458491	1311	"M-C4h"	79	15.7645005887825	0	0	0	0.797101449275362	-Inf	"SD"	2	4.25531914893617
"ECK120003793"	"intS"	"+"	2464567	2465724	1158	"M-C4h"	0	0	2	100	0	0	NA	"NO"	NA	NA
"ECK120003794"	"yfdG"	"+"	2465877	2466239	363	"M-C4h"	0	0	1	79	0	0	NA	"NO"	NA	NA
"ECK120003795"	"yfdH"	"+"	2466236	2467156	921	"M-C4h"	0	0	0	0	0	0	NA	"NO"	6	17.1428571428571
"ECK120003796"	"yfdI"	"+"	2467153	2468484	1332	"M-C4h"	1	0	0	0	0	0.03003003003003	NA	"NO"	9	17.6470588235294
"ECK120003799"	"yfdL"	"-"	2469566	2470084	519	"M-C4h"	0	0	0	0	0	0	NA	"NO"	NA	NA
"ECK120003800"	"yfdM"	"-"	2470134	2470409	276	"M-C4h"	0	0	0	0	0	0	NA	"NO"	NA	NA
"ECK120003801"	"yfdN"	"-"	2470409	2470903	495	"M-C4h"	0	0	0	0	0	0	NA	"NO"	NA	NA
"ECK120003804"	"yfdQ"	"+"	2472054	2472878	825	"M-C4h"	0	0	0	0	0	0	NA	"NO"	NA	NA
"ECK120003805"	"yfdR"	"+"	2473006	2473542	537	"M-C4h"	0	0	0	0	0	0	NA	"NO"	NA	NA
"ECK120003806"	"yfdS"	"+"	2473533	2473895	363	"M-C4h"	0	0	0	0	0	0	NA	"NO"	NA	NA
"ECK120003807"	"yfdT"	"+"	2473895	2474200	306	"M-C4h"	0	0	0	0	0	0	NA	"NO"	NA	NA
"ECK120003810"	"yfdV"	"-"	2487264	2488208	945	"M-C4h"	0	0	1	71	0	0	NA	"NO"	NA	NA
"ECK120003811"	"oxc"	"-"	2488278	2489972	1695	"M-C4h"	0	0	0	0	0	0	NA	"NO"	NA	NA
"ECK120003812"	"frc"	"-"	2490026	2491276	1251	"M-C4h"	0	0	0	0	0	0	NA	"NO"	NA	NA
"ECK120003819"	"ypdB"	"+"	2498405	2499139	735	"M-C4h"	3	1.06779954905161	1	58	0	0.383673469387755	-Inf	"SD"	2	6.89655172413793
"ECK120003822"	"ypdE"	"-"	2502532	2503569	1038	"M-C4h"	0	0	0	0	0	0	NA	"NO"	NA	NA
"ECK120003823"	"ypdF"	"-"	2503569	2504654	1086	"M-C4h"	1	0	1	61	0	0.0893186003683241	NA	"NO"	NA	NA
"ECK120003824"	"fryC"	"-"	2504669	2505916	1248	"M-C4h"	0	0	0	0	0	0	NA	"NO"	NA	NA
"ECK120003825"	"fryB"	"-"	2505938	2506264	327	"M-C4h"	0	0	0	0	0	0	NA	"NO"	NA	NA
"ECK120003832"	"zipA"	"-"	2528269	2529255	987	"M-C4h"	43	11.3974349029977	0	0	0	0.811550151975684	-Inf	"SD"	4	11.1111111111111
"ECK120003838"	"murP"	"+"	2544695	2546119	1425	"M-C4h"	10	0	0	0	0	0.235087719298246	NA	"NO"	NA	NA
"ECK120003841"	"yfeY"	"-"	2548663	2549238	576	"M-C4h"	3	0	0	0	0	0.211805555555556	NA	"NO"	3	14.2857142857143
"ECK120003842"	"yfeZ"	"-"	2549299	2549748	450	"M-C4h"	0	0	0	0	0	0	NA	"NO"	NA	NA
"ECK120003844"	"eutK"	"-"	2553250	2553750	501	"M-C4h"	7	3.6552419693084	0	0	0	0.502994011976048	-Inf	"SD"	NA	NA
"ECK120003845"	"eutL"	"-"	2553763	2554422	660	"M-C4h"	0	0	0	0	0	0	NA	"NO"	2	8.69565217391304
"ECK120003847"	"yffL"	"+"	2558279	2558920	642	"M-C4h"	156	63.5690011912032	0	0	0	0.803738317757009	-Inf	"SD"	NA	NA
"ECK120003848"	"yffM"	"+"	2559390	2559635	246	"M-C4h"	0	0	0	0	0	0	NA	"NO"	NA	NA
"ECK120003849"	"yffN"	"+"	2559632	2560015	384	"M-C4h"	0	0	0	0	0	0	NA	"NO"	NA	NA
"ECK120003850"	"yffO"	"+"	2560133	2560549	417	"M-C4h"	3	1.88209273034276	0	0	0	0.306954436450839	-Inf	"SD"	NA	NA
"ECK120003851"	"yffP"	"+"	2560546	2561139	594	"M-C4h"	2	0	0	0	0	0.164983164983165	NA	"NO"	NA	NA
"ECK120003852"	"yffQ"	"+"	2561599	2561991	393	"M-C4h"	2	1.33135312731626	0	0	0	0.318066157760814	-Inf	"SD"	NA	NA
"ECK120003853"	"yffR"	"+"	2562002	2562394	393	"M-C4h"	7	4.65973594560689	0	0	0	0.549618320610687	-Inf	"SD"	NA	NA
"ECK120003856"	"eutH"	"-"	2564903	2566129	1227	"M-C4h"	0	0	0	0	0	0	NA	"NO"	NA	NA
"ECK120003857"	"eutG"	"-"	2566346	2567533	1188	"M-C4h"	0	0	0	0	0	0	NA	"NO"	NA	NA
"ECK120003858"	"eutJ"	"-"	2567523	2568359	837	"M-C4h"	0	0	0	0	0	0	NA	"NO"	NA	NA
"ECK120003859"	"eutE"	"-"	2568370	2569773	1404	"M-C4h"	0	0	0	0	0	0	NA	"NO"	NA	NA
"ECK120003860"	"eutN"	"-"	2569785	2570072	288	"M-C4h"	0	0	0	0	0	0	NA	"NO"	NA	NA
"ECK120003861"	"eutM"	"-"	2570179	2570472	294	"M-C4h"	0	0	41	163	251.533742331288	0	Inf	"AD"	NA	NA
"ECK120003862"	"eutD"	"-"	2570511	2571527	1017	"M-C4h"	0	0	0	0	0	0	NA	"NO"	NA	NA
"ECK120003863"	"eutT"	"-"	2571524	2572327	804	"M-C4h"	1	0	0	0	0	0.124378109452736	NA	"NO"	NA	NA
"ECK120003864"	"eutQ"	"-"	2572324	2573025	702	"M-C4h"	0	0	0	0	0	0	NA	"NO"	NA	NA
"ECK120003865"	"eutP"	"-"	2573000	2573479	480	"M-C4h"	0	0	0	0	0	0	NA	"NO"	NA	NA
"ECK120003866"	"eutS"	"-"	2573492	2573827	336	"M-C4h"	0	0	0	0	0	0	NA	"NO"	NA	NA
"ECK120003870"	"tmcA"	"-"	2591866	2593881	2016	"M-C4h"	0	0	0	0	0	0	NA	"NO"	NA	NA
"ECK120003871"	"ypfJ"	"-"	2593896	2594759	864	"M-C4h"	8	2.4223230510893	1	58	0	0.438657407407407	-Inf	"SD"	NA	NA
"ECK120003872"	"hyfC"	"+"	2601869	2602816	948	"M-C4h"	0	0	1	83	0	0	NA	"NO"	NA	NA
"ECK120003873"	"hyfD"	"+"	2602833	2604272	1440	"M-C4h"	0	0	1	41	0	0	NA	"NO"	NA	NA
"ECK120003874"	"hyfE"	"+"	2604284	2604934	651	"M-C4h"	0	0	0	0	0	0	NA	"NO"	NA	NA
"ECK120003875"	"hyfF"	"+"	2604939	2606519	1581	"M-C4h"	1	0	0	0	0	0.025932953826692	NA	"NO"	NA	NA
"ECK120003876"	"hyfG"	"+"	2606509	2608176	1668	"M-C4h"	0	0	0	0	0	0	NA	"NO"	NA	NA
"ECK120003877"	"hyfH"	"+"	2608186	2608731	546	"M-C4h"	0	0	0	0	0	0	NA	"NO"	NA	NA
"ECK120003878"	"hyfI"	"+"	2608728	2609486	759	"M-C4h"	1	0	0	0	0	0.126482213438735	NA	"NO"	NA	NA
"ECK120003879"	"hyfJ"	"+"	2609479	2609892	414	"M-C4h"	0	0	0	0	0	0	NA	"NO"	NA	NA
"ECK120003880"	"hyfR"	"+"	2609922	2611934	2013	"M-C4h"	0	0	9	107	74.7663551401869	0	Inf	"AD"	NA	NA
"ECK120003888"	"yfgH"	"+"	2627814	2628332	519	"M-C4h"	1	0	0	0	0	0.192678227360308	NA	"NO"	NA	NA
"ECK120003892"	"bamB"	"-"	2635496	2636674	1179	"M-C4h"	8	1.77513750308834	0	0	0	0.298558100084818	-Inf	"SD"	4	9.52380952380952
"ECK120003893"	"yfgM"	"-"	2636685	2637305	621	"M-C4h"	5	0	0	0	0	0.072463768115942	NA	"NO"	10	45.4545454545455
"ECK120003894"	"pbpC"	"-"	2643035	2645347	2313	"M-C4h"	4	0	0	0	0	0.136619109381755	NA	"NO"	NA	NA
"ECK120003896"	"iscU"	"-"	2657925	2658311	387	"M-C4h"	98	66.2477187925817	0	0	0	1	-Inf	"SD"	NA	NA
"ECK120003897"	"iscS"	"-"	2658339	2659553	1215	"M-C4h"	327	70.4088566849956	0	0	0	0.956378600823045	-Inf	"SD"	22	48.8888888888889
"ECK120003898"	"iscR"	"-"	2659665	2660153	489	"M-C4h"	102	54.5691425987724	0	0	0	0.997955010224949	-Inf	"SD"	NA	NA
"ECK120003900"	"yfhR"	"+"	2662385	2663266	882	"M-C4h"	0	0	0	0	0	0	NA	"NO"	NA	NA
"ECK120003904"	"hcaC"	"+"	2668930	2669250	321	"M-C4h"	0	0	0	0	0	0	NA	"NO"	NA	NA
"ECK120003905"	"hcaB"	"+"	2669247	2670059	813	"M-C4h"	0	0	0	0	0	0	NA	"NO"	NA	NA
"ECK120003906"	"hcaD"	"+"	2670069	2671271	1203	"M-C4h"	1	0	0	0	0	0.0773067331670823	NA	"NO"	NA	NA
"ECK120003909"	"yphC"	"-"	2672722	2673783	1062	"M-C4h"	4	0	0	0	0	0.19774011299435	NA	"NO"	NA	NA
"ECK120003910"	"yphD"	"-"	2673849	2674847	999	"M-C4h"	0	0	0	0	0	0	NA	"NO"	NA	NA
"ECK120003911"	"yphE"	"-"	2674872	2676383	1512	"M-C4h"	0	0	1	68	0	0	NA	"NO"	NA	NA
"ECK120003912"	"yphF"	"-"	2676406	2677389	984	"M-C4h"	0	0	0	0	0	0	NA	"NO"	NA	NA
"ECK120003915"	"glrK"	"-"	2687693	2689120	1428	"M-C4h"	1	0	1	100	0	0.038515406162465	NA	"NO"	NA	NA
"ECK120003917"	"rseC"	"-"	2705344	2705823	480	"M-C4h"	0	0	0	0	0	0	NA	"NO"	NA	NA
"ECK120003918"	"rseB"	"-"	2705820	2706776	957	"M-C4h"	26	7.10750588031217	2	149	0	0.344827586206897	-Inf	"SD"	2	5.55555555555556
"ECK120003919"	"yfiP"	"+"	2717245	2717943	699	"M-C4h"	0	0	0	0	0	0	NA	"NO"	NA	NA
"ECK120003920"	"pka"	"+"	2717975	2720635	2661	"M-C4h"	47	4.62071093849277	0	0	0	0.680947012401353	-Inf	"SD"	11	11.2244897959184
"ECK120003928"	"yfjI"	"+"	2757007	2758416	1410	"M-C4h"	0	0	0	0	0	0	NA	"NO"	NA	NA
"ECK120003931"	"yfjL"	"-"	2761559	2763175	1617	"M-C4h"	3	0	2	100	0	0.164502164502165	NA	"NO"	NA	NA
"ECK120003934"	"rnlB"	"+"	2765006	2765377	372	"M-C4h"	15	10.5488261902276	12	275	43.6363636363636	0.768817204301075	-2.13597616251186	"SD"	NA	NA
"ECK120003935"	"yfjP"	"+"	2765732	2766595	864	"M-C4h"	0	0	1	42	0	0	NA	"NO"	NA	NA
"ECK120003936"	"yfjQ"	"+"	2766687	2767508	822	"M-C4h"	1	0	0	0	0	0.121654501216545	NA	"NO"	NA	NA
"ECK120003937"	"yfjR"	"+"	2767725	2768426	702	"M-C4h"	0	0	1	71	0	0	NA	"NO"	NA	NA
"ECK120003938"	"ypjK"	"+"	2768467	2768703	237	"M-C4h"	0	0	0	0	0	0	NA	"NO"	NA	NA
"ECK120003939"	"yfjS"	"+"	2768703	2769146	444	"M-C4h"	0	0	0	0	0	0	NA	"NO"	NA	NA
"ECK120003942"	"ypjM_3"	"-"	2770189	2770707	519	"M-C4h"	0	0	0	0	0	0	NA	"NO"	NA	NA
"ECK120003943"	"ypjM_2"	"-"	2770858	2771058	201	"M-C4h"	0	0	0	0	0	0	NA	"NO"	NA	NA
"ECK120003946"	"yfjX"	"+"	2773941	2774399	459	"M-C4h"	0	0	0	0	0	0	NA	"NO"	NA	NA
"ECK120003947"	"yfjY"	"+"	2774408	2774890	483	"M-C4h"	0	0	0	0	0	0	NA	"NO"	NA	NA
"ECK120003948"	"yfjZ"	"+"	2775137	2775454	318	"M-C4h"	0	0	0	0	0	0	NA	"NO"	NA	NA
"ECK120003951"	"pinH"	"-"	2781087	2781230	144	"M-C4h"	0	0	0	0	0	0	NA	"NO"	NA	NA
"ECK120003952"	"ypjB"	"-"	2781660	2782451	792	"M-C4h"	0	0	0	0	0	0	NA	"NO"	NA	NA
"ECK120003958"	"ygaQ_2"	"+"	2784770	2785456	687	"M-C4h"	0	0	0	0	0	0	NA	"NO"	NA	NA
"ECK120003959"	"ygaQ_3"	"+"	2785664	2786260	597	"M-C4h"	0	0	0	0	0	0	NA	"NO"	NA	NA
"ECK120003960"	"ygaQ_4"	"+"	2786399	2786671	273	"M-C4h"	0	0	0	0	0	0	NA	"NO"	NA	NA
"ECK120003961"	"csiD"	"+"	2787007	2787984	978	"M-C4h"	23	6.15240333221454	0	0	0	0.782208588957055	-Inf	"SD"	NA	NA
"ECK120003968"	"nrdH"	"+"	2798745	2798990	246	"M-C4h"	0	0	0	0	0	0	NA	"NO"	NA	NA
"ECK120003969"	"nrdI"	"+"	2798987	2799397	411	"M-C4h"	0	0	0	0	0	0	NA	"NO"	NA	NA
"ECK120003970"	"ygaX"	"+"	2806338	2806604	267	"M-C4h"	0	0	0	0	0	0	NA	"NO"	NA	NA
"ECK120003971"	"ygaY"	"+"	2806634	2807515	882	"M-C4h"	0	0	0	0	0	0	NA	"NO"	NA	NA
"ECK120003972"	"ygaZ"	"+"	2807639	2808376	738	"M-C4h"	6	2.12691780095646	0	0	0	0.513550135501355	-Inf	"SD"	NA	NA
"ECK120003973"	"ygaH"	"+"	2808366	2808701	336	"M-C4h"	2	1.55720767570026	0	0	0	0.342261904761905	-Inf	"SD"	NA	NA
"ECK120003974"	"yqaA"	"-"	2814534	2814962	429	"M-C4h"	0	0	0	0	0	0	NA	"NO"	NA	NA
"ECK120003975"	"yqaB"	"-"	2814959	2815525	567	"M-C4h"	1	0	0	0	0	0.111111111111111	NA	"NO"	NA	NA
"ECK120003976"	"pncC"	"-"	2821871	2822368	498	"M-C4h"	1	0	0	0	0	0.154618473895582	NA	"NO"	7	38.8888888888889
"ECK120003983"	"ygbK"	"+"	2860357	2861523	1167	"M-C4h"	0	0	0	0	0	0	NA	"NO"	NA	NA
"ECK120003984"	"ygbL"	"+"	2861615	2862253	639	"M-C4h"	1	0	0	0	0	0.143974960876369	NA	"NO"	NA	NA
"ECK120003985"	"ygbM"	"+"	2862258	2863034	777	"M-C4h"	1	0	1	100	0	0.00514800514800515	NA	"NO"	NA	NA
"ECK120003987"	"truD"	"-"	2868277	2869326	1050	"M-C4h"	9	2.24237905300838	0	0	0	0.434285714285714	-Inf	"SD"	6	15.3846153846154
"ECK120003988"	"ispD"	"-"	2869802	2870512	711	"M-C4h"	1	0	0	0	0	0.0773558368495077	NA	"NO"	NA	NA
"ECK120003989"	"ftsB"	"-"	2870531	2870842	312	"M-C4h"	1	0	0	0	0	0.141025641025641	NA	"NO"	NA	NA
"ECK120003990"	"cas1"	"-"	2876877	2877794	918	"M-C4h"	4	0	0	0	0	0.208061002178649	NA	"NO"	NA	NA
"ECK120003991"	"casE"	"-"	2877810	2878409	600	"M-C4h"	10	4.36018149196074	0	0	0	0.313333333333333	-Inf	"SD"	NA	NA
"ECK120003992"	"casD"	"-"	2878396	2879070	675	"M-C4h"	16	6.2011470107886	0	0	0	0.334814814814815	-Inf	"SD"	NA	NA
"ECK120003993"	"casC"	"-"	2879073	2880164	1092	"M-C4h"	0	0	1	100	0	0	NA	"NO"	NA	NA
"ECK120003994"	"casB"	"-"	2880177	2880659	483	"M-C4h"	0	0	0	0	0	0	NA	"NO"	NA	NA
"ECK120003995"	"casA"	"-"	2880652	2882160	1509	"M-C4h"	2	0	0	0	0	0.107355864811133	NA	"NO"	NA	NA
"ECK120003997"	"ygcN"	"+"	2890679	2891950	1272	"M-C4h"	3	0	0	0	0	0.0542452830188679	NA	"NO"	NA	NA
"ECK120003998"	"ygcO"	"+"	2891941	2892201	261	"M-C4h"	0	0	0	0	0	0	NA	"NO"	NA	NA
"ECK120004001"	"ygcR"	"-"	2893798	2894577	780	"M-C4h"	0	0	0	0	0	0	NA	"NO"	NA	NA
"ECK120004002"	"ygcS"	"-"	2894555	2895892	1338	"M-C4h"	0	0	0	0	0	0	NA	"NO"	NA	NA
"ECK120004003"	"ygcU"	"-"	2895986	2897440	1455	"M-C4h"	0	0	0	0	0	0	NA	"NO"	NA	NA
"ECK120004009"	"gudX"	"-"	2917428	2918768	1341	"M-C4h"	6	1.17051852133174	0	0	0	0.255779269202088	-Inf	"SD"	NA	NA
"ECK120004010"	"gudP"	"-"	2918770	2920122	1353	"M-C4h"	3	0	0	0	0	0.121212121212121	NA	"NO"	NA	NA
"ECK120004011"	"yqcA"	"-"	2920557	2921006	450	"M-C4h"	3	1.74407259678429	0	0	0	0.444444444444444	-Inf	"SD"	4	25
"ECK120004012"	"truC"	"-"	2921024	2921806	783	"M-C4h"	0	0	0	0	0	0	NA	"NO"	0	0
"ECK120004013"	"yqcC"	"-"	2921806	2922135	330	"M-C4h"	0	0	0	0	0	0	NA	"NO"	1	7.69230769230769
"ECK120004022"	"rppH"	"-"	2966469	2966999	531	"M-C4h"	7	3.44873112358476	0	0	0	0.382297551789077	-Inf	"SD"	2	9.52380952380952
"ECK120004023"	"ygdQ"	"+"	2968442	2969155	714	"M-C4h"	0	0	0	0	0	0	NA	"NO"	NA	NA
"ECK120004024"	"ygdR"	"+"	2969293	2969511	219	"M-C4h"	31	37.031678424872	0	0	0	0.89041095890411	-Inf	"SD"	NA	NA
"ECK120004026"	"kduI"	"-"	2981310	2982146	837	"M-C4h"	1	0	0	0	0	0.0621266427718041	NA	"NO"	3	9.67741935483871
"ECK120004029"	"yqeH"	"+"	2985558	2986190	633	"M-C4h"	0	0	0	0	0	0	NA	"NO"	NA	NA
"ECK120004030"	"yqeI"	"+"	2986524	2987333	810	"M-C4h"	0	0	0	0	0	0	NA	"NO"	NA	NA
"ECK120004034"	"ygeG"	"+"	2989290	2989781	492	"M-C4h"	0	0	0	0	0	0	NA	"NO"	NA	NA
"ECK120004035"	"ygeH"	"+"	2990116	2991492	1377	"M-C4h"	0	0	0	0	0	0	NA	"NO"	NA	NA
"ECK120004036"	"ygeI"	"+"	2991660	2991878	219	"M-C4h"	0	0	0	0	0	0	NA	"NO"	NA	NA
"ECK120004039"	"ygeL"	"-"	2992959	2993114	156	"M-C4h"	0	0	0	0	0	0	NA	"NO"	NA	NA
"ECK120004040"	"ygeM"	"-"	2993336	2993767	432	"M-C4h"	0	0	0	0	0	0	NA	"NO"	NA	NA
"ECK120004041"	"ygeN"	"-"	2993770	2994042	273	"M-C4h"	0	0	0	0	0	0	NA	"NO"	NA	NA
"ECK120004042"	"ygeO"	"-"	2993984	2994409	426	"M-C4h"	0	0	0	0	0	0	NA	"NO"	NA	NA
"ECK120004043"	"insD-4"	"-"	2994394	2995299	906	"M-C4h"	0	0	0	0	0	0	NA	"NO"	NA	NA
"ECK120004044"	"insC-4"	"-"	2995257	2995667	411	"M-C4h"	0	0	0	0	0	0	NA	"NO"	NA	NA
"ECK120004045"	"ygeP"	"-"	2995711	2996010	300	"M-C4h"	0	0	1	49	0	0	NA	"NO"	NA	NA
"ECK120004046"	"ygeQ"	"-"	2996056	2996850	795	"M-C4h"	0	0	1	100	0	0	NA	"NO"	NA	NA
"ECK120004049"	"xdhB"	"+"	3000636	3001514	879	"M-C4h"	0	0	0	0	0	0	NA	"NO"	1	3.125
"ECK120004053"	"ygeX"	"+"	3005532	3006728	1197	"M-C4h"	1	0	0	0	0	0.06265664160401	NA	"NO"	NA	NA
"ECK120004054"	"ygeY"	"+"	3006786	3007997	1212	"M-C4h"	1	0	0	0	0	0.037953795379538	NA	"NO"	4	8.88888888888889
"ECK120004055"	"hyuA"	"+"	3008050	3009435	1386	"M-C4h"	1	0	0	0	0	0.038961038961039	NA	"NO"	NA	NA
"ECK120004060"	"ygfK"	"+"	3014082	3017180	3099	"M-C4h"	0	0	3	67	0	0	NA	"NO"	NA	NA
"ECK120004061"	"ssnA"	"+"	3017183	3018511	1329	"M-C4h"	0	0	0	0	0	0	NA	"NO"	NA	NA
"ECK120004062"	"ygfM"	"+"	3018562	3019341	780	"M-C4h"	0	0	0	0	0	0	NA	"NO"	NA	NA
"ECK120004063"	"xdhD"	"+"	3019338	3022208	2871	"M-C4h"	6	0	1	65	0	0.158829676071055	NA	"NO"	NA	NA
"ECK120004064"	"xanQ"	"+"	3022373	3023773	1401	"M-C4h"	1	0	3	205	0	0.0392576730906495	NA	"NO"	NA	NA
"ECK120004065"	"guaD"	"+"	3023788	3025107	1320	"M-C4h"	1	0	1	46	0	0.0401515151515152	NA	"NO"	NA	NA
"ECK120004078"	"scpB"	"+"	3062015	3062800	786	"M-C4h"	0	0	0	0	0	0	NA	"NO"	NA	NA
"ECK120004081"	"yggP"	"-"	3074201	3075478	1278	"M-C4h"	0	0	0	0	0	0	NA	"NO"	NA	NA
"ECK120004085"	"yqgE"	"+"	3090959	3091522	564	"M-C4h"	2	0	0	0	0	0.157801418439716	NA	"NO"	6	28.5714285714286
"ECK120004089"	"yggT"	"+"	3093842	3094408	567	"M-C4h"	1	0	1	61	0	0.091710758377425	NA	"NO"	NA	NA
"ECK120004090"	"yggU"	"+"	3094405	3094695	291	"M-C4h"	0	0	0	0	0	0	NA	"NO"	NA	NA
"ECK120004091"	"rdgB"	"+"	3094703	3095296	594	"M-C4h"	0	0	0	0	0	0	NA	"NO"	3	14.2857142857143
"ECK120004093"	"yggX"	"+"	3102115	3102390	276	"M-C4h"	6	5.68719325038357	0	0	0	0.597826086956522	-Inf	"SD"	6	54.5454545454545
"ECK120004094"	"mltC"	"+"	3102455	3103534	1080	"M-C4h"	1	0	0	0	0	0.0833333333333333	NA	"NO"	NA	NA
"ECK120004097"	"yghE"	"-"	3109150	3110010	861	"M-C4h"	0	0	0	0	0	0	NA	"NO"	NA	NA
"ECK120004098"	"yghF"	"-"	3110076	3110942	867	"M-C4h"	0	0	0	0	0	0	NA	"NO"	NA	NA
"ECK120004099"	"yghG"	"-"	3111089	3111499	411	"M-C4h"	0	0	0	0	0	0	NA	"NO"	NA	NA
"ECK120004100"	"pppA"	"-"	3111565	3112374	810	"M-C4h"	0	0	0	0	0	0	NA	"NO"	NA	NA
"ECK120004101"	"yghJ"	"-"	3112572	3117134	4563	"M-C4h"	8	0	0	0	0	0.100591715976331	NA	"NO"	13	7.78443113772455
"ECK120004102"	"glcA"	"-"	3117619	3119301	1683	"M-C4h"	3	0	0	0	0	0.0730837789661319	NA	"NO"	NA	NA
"ECK120004103"	"glcG"	"-"	3121849	3122253	405	"M-C4h"	15	9.68929220435719	0	0	0	0.908641975308642	-Inf	"SD"	9	64.2857142857143
"ECK120004104"	"glcE"	"-"	3123492	3124544	1053	"M-C4h"	2	0	0	0	0	0.0854700854700855	NA	"NO"	NA	NA
"ECK120004110"	"yghR"	"-"	3130476	3131234	759	"M-C4h"	0	0	0	0	0	0	NA	"NO"	NA	NA
"ECK120004114"	"hybO"	"-"	3143165	3144283	1119	"M-C4h"	4	0	0	0	0	0.167113494191242	NA	"NO"	2	5
"ECK120004115"	"yghW"	"-"	3144472	3144759	288	"M-C4h"	0	0	0	0	0	0	NA	"NO"	NA	NA
"ECK120004116"	"yghX_1"	"-"	3144878	3145288	411	"M-C4h"	1	0	0	0	0	0.211678832116788	NA	"NO"	NA	NA
"ECK120004124"	"dkgA"	"+"	3154645	3155472	828	"M-C4h"	1	0	0	0	0	0.120772946859903	NA	"NO"	3	9.67741935483871
"ECK120004125"	"yqhG"	"+"	3155672	3156598	927	"M-C4h"	2	0	1	38	0	0.104638619201726	NA	"NO"	NA	NA
"ECK120004128"	"ygiS"	"-"	3164133	3165740	1608	"M-C4h"	0	0	0	0	0	0	NA	"NO"	9	14.7540983606557
"ECK120004129"	"mqsA"	"-"	3165873	3166268	396	"M-C4h"	726	479.619964115681	0	0	0	1	-Inf	"SD"	NA	NA
"ECK120004130"	"mqsR"	"-"	3166270	3166566	297	"M-C4h"	737	649.182577691932	0	0	0	1	-Inf	"SD"	NA	NA
"ECK120004131"	"ygiV"	"-"	3166771	3167253	483	"M-C4h"	0	0	0	0	0	0	NA	"NO"	NA	NA
"ECK120004135"	"yqiA"	"-"	3173447	3174028	582	"M-C4h"	6	2.69701947956334	0	0	0	0.445017182130584	-Inf	"SD"	NA	NA
"ECK120004136"	"cpdA"	"-"	3174028	3174855	828	"M-C4h"	44	13.9020279453821	0	0	0	0.785024154589372	-Inf	"SD"	3	9.67741935483871
"ECK120004137"	"yqiB"	"-"	3174880	3175302	423	"M-C4h"	48	29.6863420729242	0	0	0	0.515366430260047	-Inf	"SD"	NA	NA
"ECK120004139"	"insC-5"	"+"	3184164	3184574	411	"M-C4h"	0	0	0	0	0	0	NA	"NO"	NA	NA
"ECK120004140"	"insD-5"	"+"	3184532	3185437	906	"M-C4h"	0	0	0	0	0	0	NA	"NO"	NA	NA
"ECK120004141"	"yqiG"	"+"	3185422	3187887	2466	"M-C4h"	1	0	0	0	0	0.0194647201946472	NA	"NO"	NA	NA
"ECK120004142"	"yqiH"	"+"	3187903	3188652	750	"M-C4h"	0	0	0	0	0	0	NA	"NO"	NA	NA
"ECK120004145"	"yqiK"	"+"	3190886	3192547	1662	"M-C4h"	0	0	0	0	0	0	NA	"NO"	NA	NA
"ECK120004152"	"ygjJ"	"+"	3225823	3226893	1071	"M-C4h"	0	0	1	100	0	0	NA	"NO"	NA	NA
"ECK120004153"	"ygjK"	"+"	3226910	3229261	2352	"M-C4h"	0	0	2	51	0	0	NA	"NO"	NA	NA
"ECK120004155"	"higB"	"-"	3232163	3232477	315	"M-C4h"	3	0	0	0	0	0.231746031746032	NA	"NO"	NA	NA
"ECK120004158"	"ygjQ"	"+"	3234562	3235254	693	"M-C4h"	0	0	0	0	0	0	NA	"NO"	NA	NA
"ECK120004159"	"ygjR"	"+"	3235315	3236319	1005	"M-C4h"	46	11.9742297689668	0	0	0	0.901492537313433	-Inf	"SD"	0	0
"ECK120004160"	"alx"	"+"	3236602	3237567	966	"M-C4h"	1	0	0	0	0	0.10351966873706	NA	"NO"	NA	NA
"ECK120004162"	"yqjA"	"+"	3245795	3246457	663	"M-C4h"	10	3.94586560358438	0	0	0	0.484162895927602	-Inf	"SD"	NA	NA
"ECK120004163"	"mzrA"	"+"	3246461	3246844	384	"M-C4h"	1	0	0	0	0	0.143229166666667	NA	"NO"	NA	NA
"ECK120004164"	"yqjC"	"+"	3246991	3247359	369	"M-C4h"	20	14.1794520063764	0	0	0	0.631436314363144	-Inf	"SD"	NA	NA
"ECK120004165"	"yqjD"	"+"	3247397	3247702	306	"M-C4h"	7	5.98456283210297	0	0	0	0.702614379084967	-Inf	"SD"	NA	NA
"ECK120004166"	"yqjE"	"+"	3247705	3248109	405	"M-C4h"	7	4.52166969536669	0	0	0	0.817283950617284	-Inf	"SD"	NA	NA
"ECK120004167"	"yqjK"	"+"	3248099	3248398	300	"M-C4h"	7	6.10425408874503	0	0	0	0.63	-Inf	"SD"	NA	NA
"ECK120004168"	"yqjF"	"+"	3248584	3248976	393	"M-C4h"	0	0	1	100	0	0	NA	"NO"	NA	NA
"ECK120004169"	"yqjG"	"+"	3249046	3250032	987	"M-C4h"	1	0	0	0	0	0.0820668693009119	NA	"NO"	0	0
"ECK120004170"	"yhaH"	"+"	3250326	3250691	366	"M-C4h"	15	10.7217577671166	0	0	0	0.762295081967213	-Inf	"SD"	NA	NA
"ECK120004176"	"tdcG"	"-"	3256307	3257671	1365	"M-C4h"	298	57.1135861364527	0	0	0	0.265934065934066	-Inf	"SD"	NA	NA
"ECK120004177"	"tdcF"	"-"	3257743	3258132	390	"M-C4h"	2	1.34159430521869	0	0	0	0.433333333333333	-Inf	"SD"	3	21.4285714285714
"ECK120004178"	"tdcE"	"-"	3258146	3260440	2295	"M-C4h"	4	0	0	0	0	0.085838779956427	NA	"NO"	13	15.1162790697674
"ECK120004182"	"agaV"	"+"	3278239	3278712	474	"M-C4h"	0	0	0	0	0	0	NA	"NO"	NA	NA
"ECK120004183"	"agaW"	"+"	3278723	3279124	402	"M-C4h"	0	0	0	0	0	0	NA	"NO"	NA	NA
"ECK120004184"	"agaS"	"+"	3279998	3281152	1155	"M-C4h"	0	0	0	0	0	0	NA	"NO"	NA	NA
"ECK120004185"	"agaD"	"+"	3283500	3284291	792	"M-C4h"	0	0	0	0	0	0	NA	"NO"	NA	NA
"ECK120004186"	"agaI"	"+"	3284292	3285047	756	"M-C4h"	0	0	0	0	0	0	NA	"NO"	NA	NA
"ECK120004187"	"yraH"	"+"	3285448	3286032	585	"M-C4h"	0	0	0	0	0	0	NA	"NO"	NA	NA
"ECK120004188"	"yraI"	"+"	3286112	3286807	696	"M-C4h"	0	0	0	0	0	0	NA	"NO"	NA	NA
"ECK120004193"	"yraN"	"+"	3293416	3293811	396	"M-C4h"	4	2.64253423755196	0	0	0	0.391414141414141	-Inf	"SD"	NA	NA
"ECK120004203"	"yhbV"	"+"	3300511	3301389	879	"M-C4h"	0	0	0	0	0	0	NA	"NO"	NA	NA
"ECK120004207"	"ibaG"	"-"	3334571	3334825	255	"M-C4h"	1	1.02592505693194	0	0	0	0.305882352941176	-Inf	"SD"	NA	NA
"ECK120004208"	"mlaB"	"-"	3334985	3335278	294	"M-C4h"	3	2.66949887262902	0	0	0	0.663265306122449	-Inf	"SD"	NA	NA
"ECK120004209"	"mlaC"	"-"	3335278	3335913	636	"M-C4h"	6	2.46802725960042	0	0	0	0.550314465408805	-Inf	"SD"	10	41.6666666666667
"ECK120004210"	"kdsD"	"+"	3339288	3340274	987	"M-C4h"	5	1.32528312825554	0	0	0	0.253292806484296	-Inf	"SD"	0	0
"ECK120004211"	"kdsC"	"+"	3340295	3340861	567	"M-C4h"	2	0	0	0	0	0.215167548500882	NA	"NO"	3	15
"ECK120004212"	"lptC"	"+"	3340858	3341433	576	"M-C4h"	2	0	0	0	0	0.154513888888889	NA	"NO"	2	9.09090909090909
"ECK120004213"	"lptA"	"+"	3341402	3341959	558	"M-C4h"	15	7.03255079348506	0	0	0	0.451612903225806	-Inf	"SD"	3	15
"ECK120004217"	"yhcD"	"+"	3360829	3363210	2382	"M-C4h"	1	0	2	127	0	0.0419815281276238	NA	"NO"	NA	NA
"ECK120004223"	"nanK"	"-"	3367497	3368372	876	"M-C4h"	1	0	0	0	0	0.0924657534246575	NA	"NO"	1	3.33333333333333
"ECK120004224"	"nanE"	"-"	3368369	3369058	690	"M-C4h"	3	1.13743865007671	0	0	0	0.253623188405797	-Inf	"SD"	6	25
"ECK120004229"	"degQ"	"+"	3378765	3380132	1368	"M-C4h"	4	0	0	0	0	0.234649122807018	NA	"NO"	5	10.6382978723404
"ECK120004232"	"aaeB"	"-"	3384243	3386210	1968	"M-C4h"	0	0	0	0	0	0	NA	"NO"	NA	NA
"ECK120004233"	"aaeA"	"-"	3386216	3387148	933	"M-C4h"	1	0	0	0	0	0.0557341907824223	NA	"NO"	NA	NA
"ECK120004237"	"yhdP"	"-"	3390480	3394280	3801	"M-C4h"	2	0	0	0	0	0.0265719547487503	NA	"NO"	7	5.03597122302158
"ECK120004239"	"yhdT"	"+"	3405397	3405639	243	"M-C4h"	0	0	0	0	0	0	NA	"NO"	NA	NA
"ECK120004241"	"yhdV"	"+"	3416412	3416633	222	"M-C4h"	2	2.35685486051932	0	0	0	0.472972972972973	-Inf	"SD"	NA	NA
"ECK120004244"	"tsaC"	"-"	3428865	3429437	573	"M-C4h"	0	0	0	0	0	0	NA	"NO"	4	19.047619047619
"ECK120004245"	"yrdD"	"-"	3429442	3429984	543	"M-C4h"	10	4.81788010161407	0	0	0	0.583793738489871	-Inf	"SD"	NA	NA
"ECK120004248"	"gspD"	"+"	3454399	3456351	1953	"M-C4h"	0	0	1	50	0	0	NA	"NO"	NA	NA
"ECK120004249"	"gspE"	"+"	3456361	3457842	1482	"M-C4h"	0	0	1	51	0	0	NA	"NO"	NA	NA
"ECK120004250"	"gspF"	"+"	3457839	3459035	1197	"M-C4h"	0	0	1	76	0	0	NA	"NO"	NA	NA
"ECK120004251"	"gspG"	"+"	3459045	3459482	438	"M-C4h"	0	0	0	0	0	0	NA	"NO"	NA	NA
"ECK120004252"	"gspH"	"+"	3459490	3459999	510	"M-C4h"	0	0	0	0	0	0	NA	"NO"	NA	NA
"ECK120004253"	"gspI"	"+"	3459996	3460373	378	"M-C4h"	0	0	0	0	0	0	NA	"NO"	NA	NA
"ECK120004254"	"gspJ"	"+"	3460366	3460953	588	"M-C4h"	0	0	0	0	0	0	NA	"NO"	NA	NA
"ECK120004255"	"gspK"	"+"	3460946	3461929	984	"M-C4h"	1	0	0	0	0	0.0762195121951219	NA	"NO"	NA	NA
"ECK120004256"	"gspL"	"+"	3461944	3463107	1164	"M-C4h"	3	0	0	0	0	0.171821305841924	NA	"NO"	NA	NA
"ECK120004257"	"tusB"	"-"	3472700	3472987	288	"M-C4h"	0	0	0	0	0	0	NA	"NO"	NA	NA
"ECK120004258"	"tusC"	"-"	3472995	3473354	360	"M-C4h"	0	0	0	0	0	0	NA	"NO"	NA	NA
"ECK120004259"	"tusD"	"-"	3473354	3473740	387	"M-C4h"	2	1.3519942610731	0	0	0	0.258397932816537	-Inf	"SD"	NA	NA
"ECK120004260"	"yheO"	"-"	3473740	3474462	723	"M-C4h"	1	0	0	0	0	0.0345781466113416	NA	"NO"	1	3.7037037037037
"ECK120004263"	"yheT"	"+"	3481224	3482246	1023	"M-C4h"	1	0	0	0	0	0.0566959921798631	NA	"NO"	NA	NA
"ECK120004264"	"yheU"	"+"	3482240	3482458	219	"M-C4h"	6	7.16742163062039	0	0	0	0.621004566210046	-Inf	"SD"	NA	NA
"ECK120004266"	"yhfL"	"+"	3497470	3497637	168	"M-C4h"	2	3.11441535140053	0	0	0	0.863095238095238	-Inf	"SD"	NA	NA
"ECK120004267"	"frlB"	"+"	3499290	3500312	1023	"M-C4h"	3	0	0	0	0	0.173998044965787	NA	"NO"	NA	NA
"ECK120004268"	"frlC"	"+"	3500362	3501192	831	"M-C4h"	0	0	0	0	0	0	NA	"NO"	NA	NA
"ECK120004269"	"frlD"	"+"	3501189	3501974	786	"M-C4h"	0	0	0	0	0	0	NA	"NO"	NA	NA
"ECK120004272"	"yhfT"	"-"	3504054	3505358	1305	"M-C4h"	0	0	0	0	0	0	NA	"NO"	NA	NA
"ECK120004273"	"yhfU"	"-"	3505370	3505723	354	"M-C4h"	1	0	0	0	0	0.203389830508475	NA	"NO"	NA	NA
"ECK120004274"	"php"	"-"	3505734	3506612	879	"M-C4h"	0	0	1	64	0	0	NA	"NO"	NA	NA
"ECK120004275"	"yhfW"	"-"	3506609	3507835	1227	"M-C4h"	0	0	1	64	0	0	NA	"NO"	NA	NA
"ECK120004276"	"yhfX"	"-"	3507835	3508998	1164	"M-C4h"	1	0	0	0	0	0.0859106529209622	NA	"NO"	NA	NA
"ECK120004277"	"yhfY"	"-"	3509082	3509444	363	"M-C4h"	0	0	0	0	0	0	NA	"NO"	NA	NA
"ECK120004278"	"yhfZ"	"-"	3509461	3510366	906	"M-C4h"	3	0	0	0	0	0.129139072847682	NA	"NO"	NA	NA
"ECK120004279"	"hofP"	"-"	3518637	3519041	405	"M-C4h"	0	0	0	0	0	0	NA	"NO"	NA	NA
"ECK120004280"	"hofO"	"-"	3519031	3519471	441	"M-C4h"	0	0	0	0	0	0	NA	"NO"	NA	NA
"ECK120004281"	"hofN"	"-"	3519455	3519994	540	"M-C4h"	0	0	0	0	0	0	NA	"NO"	NA	NA
"ECK120004285"	"yrfG"	"+"	3526691	3527359	669	"M-C4h"	2	0.782095334880849	0	0	0	0.298953662182362	-Inf	"SD"	NA	NA
"ECK120004286"	"hslR"	"+"	3527370	3527771	402	"M-C4h"	4	2.60309342803626	0	0	0	0.601990049751244	-Inf	"SD"	1	6.66666666666667
"ECK120004289"	"yhgF"	"+"	3535407	3537728	2322	"M-C4h"	0	0	0	0	0	0	NA	"NO"	16	18.8235294117647
"ECK120004291"	"nfuA"	"+"	3543646	3544221	576	"M-C4h"	8	3.63348457663395	0	0	0	0.597222222222222	-Inf	"SD"	3	14.2857142857143
"ECK120004296"	"yhhW"	"-"	3576973	3577668	696	"M-C4h"	1	0	0	0	0	0.14367816091954	NA	"NO"	2	7.69230769230769
"ECK120004297"	"yhhX"	"-"	3577791	3578828	1038	"M-C4h"	4	0	0	0	0	0.223506743737958	NA	"NO"	6	15.3846153846154
"ECK120004299"	"yhhZ"	"+"	3579886	3581064	1179	"M-C4h"	0	0	0	0	0	0	NA	"NO"	NA	NA
"ECK120004300"	"yrhA"	"+"	3581064	3581477	414	"M-C4h"	0	0	0	0	0	0	NA	"NO"	NA	NA
"ECK120004301"	"insA-6"	"+"	3581506	3581781	276	"M-C4h"	0	0	0	0	0	0	NA	"NO"	NA	NA
"ECK120004302"	"insB-6"	"+"	3581700	3582203	504	"M-C4h"	0	0	0	0	0	0	NA	"NO"	NA	NA
"ECK120004307"	"insK"	"+"	3719177	3720072	896	"M-C4h"	0	0	4	62	0	0	NA	"NO"	NA	NA
"ECK120004311"	"rffT"	"+"	3975548	3976627	1080	"M-C4h"	1	0	0	0	0	0.0583333333333333	NA	"NO"	NA	NA
"ECK120004314"	"tatA"	"+"	4019968	4020237	270	"M-C4h"	7	6.78250454305003	0	0	0	0.637037037037037	-Inf	"SD"	3	30
"ECK120004315"	"tatB"	"+"	4020241	4020756	516	"M-C4h"	5	2.53498923951206	0	0	0	0.372093023255814	-Inf	"SD"	2	11.1111111111111
"ECK120004320"	"phnE_2"	"-"	4320466	4320834	369	"M-C4h"	0	0	0	0	0	0	NA	"NO"	NA	NA
"ECK120004321"	"yjcZ"	"+"	4327383	4328261	879	"M-C4h"	9	0	0	0	0	0.0352673492605233	NA	"NO"	4	12.1212121212121
"ECK120004323"	"dcuR"	"-"	4347338	4348057	720	"M-C4h"	2	0	1	100	0	0.223611111111111	NA	"NO"	1	3.7037037037037
"ECK120004326"	"yjdJ"	"+"	4350108	4350380	273	"M-C4h"	1	0	0	0	0	0.120879120879121	NA	"NO"	NA	NA
"ECK120004327"	"ghoS"	"+"	4350607	4350903	297	"M-C4h"	0	0	0	0	0	0	NA	"NO"	NA	NA
"ECK120004334"	"yjeN"	"+"	4383416	4383730	315	"M-C4h"	0	0	0	0	0	0	NA	"NO"	NA	NA
"ECK120004340"	"yjeT"	"+"	4402409	4402606	198	"M-C4h"	0	0	0	0	0	0	NA	"NO"	NA	NA
"ECK120004341"	"rlmB"	"+"	4407298	4408029	732	"M-C4h"	6	2.14435155342331	0	0	0	0.353825136612022	-Inf	"SD"	3	11.1111111111111
"ECK120004342"	"yjfI"	"+"	4408156	4408557	402	"M-C4h"	2	0	0	0	0	0.216417910447761	NA	"NO"	NA	NA
"ECK120004343"	"yjfJ"	"+"	4408576	4409274	699	"M-C4h"	0	0	0	0	0	0	NA	"NO"	NA	NA
"ECK120004344"	"yjfK"	"+"	4409325	4409984	660	"M-C4h"	0	0	0	0	0	0	NA	"NO"	NA	NA
"ECK120004345"	"yjfL"	"+"	4410002	4410400	399	"M-C4h"	0	0	0	0	0	0	NA	"NO"	NA	NA
"ECK120004346"	"yjfM"	"+"	4410410	4411048	639	"M-C4h"	1	0	0	0	0	0.156494522691706	NA	"NO"	NA	NA
"ECK120004353"	"ulaD"	"+"	4420209	4420859	651	"M-C4h"	1	0	0	0	0	0.153609831029186	NA	"NO"	NA	NA
"ECK120004354"	"ulaE"	"+"	4420869	4421723	855	"M-C4h"	0	0	1	48	0	0	NA	"NO"	NA	NA
"ECK120004362"	"ytfF"	"-"	4430114	4431088	975	"M-C4h"	0	0	0	0	0	0	NA	"NO"	NA	NA
"ECK120004378"	"tabA"	"+"	4472885	4473337	453	"M-C4h"	16	9.24011971806249	0	0	0	0.408388520971302	-Inf	"SD"	12	70.5882352941177
"ECK120004386"	"idnR"	"-"	4488164	4489162	999	"M-C4h"	0	0	7	50	140	0	Inf	"AD"	NA	NA
"ECK120004387"	"idnO"	"-"	4490610	4491374	765	"M-C4h"	4	0	0	0	0	0.172549019607843	NA	"NO"	2	7.14285714285714
"ECK120004389"	"insC-6"	"+"	4496250	4496660	411	"M-C4h"	0	0	0	0	0	0	NA	"NO"	NA	NA
"ECK120004396"	"yjhC"	"+"	4503310	4504428	1119	"M-C4h"	0	0	0	0	0	0	NA	"NO"	3	7.31707317073171
"ECK120004405"	"yjhG"	"-"	4520150	4522117	1968	"M-C4h"	11	0	0	0	0	0.184451219512195	NA	"NO"	NA	NA
"ECK120004406"	"yjhH"	"-"	4522128	4523033	906	"M-C4h"	4	1.15501496475781	0	0	0	0.310154525386313	-Inf	"SD"	1	3.03030303030303
"ECK120004407"	"yjhI"	"-"	4523038	4523826	789	"M-C4h"	4	0	1	47	0	0.183776932826362	NA	"NO"	NA	NA
"ECK120004408"	"sgcR"	"-"	4524129	4524911	783	"M-C4h"	2	0	1	100	0	0.158365261813538	NA	"NO"	NA	NA
"ECK120004409"	"sgcE"	"-"	4524928	4525560	633	"M-C4h"	2	0.826574690419097	2	37	0	0.259083728278041	-Inf	"SD"	NA	NA
"ECK120004410"	"sgcQ"	"-"	4526134	4526940	807	"M-C4h"	8	2.59341650079449	10	231	38.961038961039	0.257744733581165	-0.526857014012431	"SD"	NA	NA
"ECK120004411"	"yjhP"	"-"	4530460	4531206	747	"M-C4h"	0	0	0	0	0	0	NA	"NO"	NA	NA
"ECK120004412"	"yjhQ"	"-"	4531262	4531807	546	"M-C4h"	0	0	0	0	0	0	NA	"NO"	NA	NA
"ECK120004415"	"nanM"	"-"	4535682	4536788	1107	"M-C4h"	6	1.41794520063764	0	0	0	0.300813008130081	-Inf	"SD"	3	7.5
"ECK120004420"	"iadA"	"-"	4556377	4557549	1173	"M-C4h"	2	0	0	0	0	0.0707587382779199	NA	"NO"	10	24.390243902439
"ECK120004421"	"yjiG"	"-"	4557562	4558023	462	"M-C4h"	0	0	0	0	0	0	NA	"NO"	NA	NA
"ECK120004425"	"yjiK"	"-"	4560766	4561734	969	"M-C4h"	1	0	0	0	0	0.0402476780185759	NA	"NO"	NA	NA
"ECK120004426"	"yjiL"	"-"	4561945	4562712	768	"M-C4h"	1	0	0	0	0	0.130208333333333	NA	"NO"	NA	NA
"ECK120004427"	"yjiM"	"-"	4562722	4563873	1152	"M-C4h"	0	0	0	0	0	0	NA	"NO"	NA	NA
"ECK120004428"	"yjiN"	"-"	4563989	4565269	1281	"M-C4h"	1	0	0	0	0	0.0507416081186573	NA	"NO"	NA	NA
"ECK120004433"	"yjiT"	"+"	4570437	4571954	1518	"M-C4h"	1	0	0	0	0	0.0461133069828722	NA	"NO"	NA	NA
"ECK120004434"	"symE"	"-"	4577522	4577863	342	"M-C4h"	0	0	0	0	0	0	NA	"NO"	NA	NA
"ECK120004435"	"yjiX"	"-"	4586899	4587102	204	"M-C4h"	1	1.28240632116492	0	0	0	0.382352941176471	-Inf	"SD"	NA	NA
"ECK120004444"	"yjjU"	"+"	4610434	4611507	1074	"M-C4h"	0	0	0	0	0	0	NA	"NO"	NA	NA
"ECK120004450"	"cysT"	"-"	1989938	1990011	74	"M-C4h"	72	254.540324936086	0	0	0	1	-Inf	"SD"	NA	NA
"ECK120004454"	""	"+"	732593	732814	222	"M-C4h"	0	0	0	0	0	0	NA	"NO"	NA	NA
"ECK120004455"	"ydbA_2"	"+"	1468714	1472037	3324	"M-C4h"	12	0	0	0	0	0.231949458483755	NA	"NO"	NA	NA
"ECK120004458"	"molR_2"	"+"	2195432	2197369	1938	"M-C4h"	0	0	0	0	0	0	NA	"NO"	NA	NA
"ECK120004459"	"molR_3"	"+"	2197344	2198291	948	"M-C4h"	0	0	0	0	0	0	NA	"NO"	NA	NA
"ECK120004461"	"ilvG_1"	"+"	3948583	3949566	984	"M-C4h"	4	0	0	0	0	0.0965447154471545	NA	"NO"	NA	NA
"ECK120004465"	"dgoD"	"-"	3869873	3871021	1149	"M-C4h"	5	1.1384285879793	0	0	0	0.251523063533507	-Inf	"SD"	NA	NA
"ECK120004466"	"rpe"	"-"	3512404	3513081	678	"M-C4h"	1	0	0	0	0	0.0663716814159292	NA	"NO"	16	64
"ECK120004467"	"thiM"	"-"	2182535	2183323	789	"M-C4h"	0	0	0	0	0	0	NA	"NO"	1	3.7037037037037
"ECK120004470"	"mhpB"	"+"	369501	370445	945	"M-C4h"	1	0	0	0	0	0.0666666666666667	NA	"NO"	NA	NA
"ECK120004471"	"mhpC"	"+"	370463	371329	867	"M-C4h"	0	0	1	100	0	0	NA	"NO"	NA	NA
"ECK120004472"	"mhpD"	"+"	371339	372148	810	"M-C4h"	0	0	0	0	0	0	NA	"NO"	NA	NA
"ECK120004473"	"mhpF"	"+"	372145	373095	951	"M-C4h"	0	0	0	0	0	0	NA	"NO"	NA	NA
"ECK120004474"	"hcaF"	"+"	2668412	2668930	519	"M-C4h"	0	0	0	0	0	0	NA	"NO"	NA	NA
"ECK120004475"	"ruvA"	"-"	1943389	1944000	612	"M-C4h"	1	0	0	0	0	0.0588235294117647	NA	"NO"	1	4.54545454545455
"ECK120015144"	"sgcB"	"-"	4528278	4528556	279	"M-C4h"	1	0.937673439131341	0	0	0	0.340501792114695	-Inf	"SD"	NA	NA
"ECK120015304"	"ymgF"	"+"	1218206	1218424	219	"M-C4h"	0	0	0	0	0	0	NA	"NO"	NA	NA
"ECK120016284"	"ykfH"	"-"	263250	263471	222	"M-C4h"	0	0	0	0	0	0	NA	"NO"	NA	NA
"ECK120016285"	"ykgN"	"-"	279248	279586	339	"M-C4h"	22	16.9776978448029	0	0	0	0.849557522123894	-Inf	"SD"	NA	NA
"ECK120016287"	"ylcG"	"+"	572953	573093	141	"M-C4h"	0	0	0	0	0	0	NA	"NO"	NA	NA
"ECK120016289"	"ybdZ"	"+"	613165	613383	219	"M-C4h"	0	0	0	0	0	0	NA	"NO"	NA	NA
"ECK120016292"	"ybfQ"	"+"	735668	735922	255	"M-C4h"	0	0	0	0	0	0	NA	"NO"	NA	NA
"ECK120016293"	"cydX"	"+"	773419	773532	114	"M-C4h"	18	41.3069825554175	0	0	0	1	-Inf	"SD"	NA	NA
"ECK120016296"	"ymgH"	"+"	1222688	1222909	222	"M-C4h"	0	0	0	0	0	0	NA	"NO"	NA	NA
"ECK120016297"	"ymjB"	"+"	1379813	1379926	114	"M-C4h"	0	0	0	0	0	0	NA	"NO"	NA	NA
"ECK120016301"	"rzoR"	"+"	1421424	1421609	186	"M-C4h"	0	0	0	0	0	0	NA	"NO"	NA	NA
"ECK120016310"	"yehK"	"+"	2201994	2202311	318	"M-C4h"	0	0	0	0	0	0	NA	"NO"	NA	NA
"ECK120016312"	"arnE"	"+"	2370579	2370914	336	"M-C4h"	0	0	0	0	0	0	NA	"NO"	NA	NA
"ECK120016313"	"ypdJ"	"+"	2474116	2474256	141	"M-C4h"	0	0	0	0	0	0	NA	"NO"	NA	NA
"ECK120016316"	"ypjJ"	"+"	2774899	2775099	201	"M-C4h"	0	0	0	0	0	0	NA	"NO"	NA	NA
"ECK120016318"	"yheV"	"-"	3476614	3476814	201	"M-C4h"	5	6.50773357009065	0	0	0	0.63681592039801	-Inf	"SD"	NA	NA
"ECK120016322"	"yidD"	"+"	3882839	3883096	258	"M-C4h"	0	0	0	0	0	0	NA	"NO"	NA	NA
"ECK120016323"	"yifL"	"+"	3992545	3992748	204	"M-C4h"	23	29.4953453867932	0	0	0	0.990196078431373	-Inf	"SD"	NA	NA
"ECK120016327"	"ytjA"	"+"	4610133	4610312	180	"M-C4h"	1	1.45339383065358	0	0	0	0.455555555555556	-Inf	"SD"	NA	NA
"ECK120016545"	"efeU_2"	"+"	1080677	1081408	732	"M-C4h"	0	0	0	0	0	0	NA	"NO"	NA	NA
"ECK120016922"	"ymiA"	"+"	1333184	1333312	129	"M-C4h"	4	8.11196556643858	0	0	0	0.775193798449612	-Inf	"SD"	NA	NA
"ECK120016923"	"yciX"	"+"	1333315	1333482	168	"M-C4h"	3	4.67162302710079	0	0	0	0.482142857142857	-Inf	"SD"	NA	NA
"ECK120016925"	"yjhW"	"+"	4507574	4507816	243	"M-C4h"	0	0	0	0	0	0	NA	"NO"	NA	NA
"ECK120023909"	"insEF-3"	"+"	566056	567227	1172	"M-C4h"	0	0	0	0	0	0	NA	"NO"	NA	NA
"ECK120023913"	"insAB-2"	"-"	278402	279099	698	"M-C4h"	0	0	0	0	0	0	NA	"NO"	NA	NA
"ECK120023915"	"insAB-5"	"-"	1976542	1977239	698	"M-C4h"	0	0	0	0	0	0	NA	"NO"	NA	NA
"ECK120023916"	"insAB-6"	"+"	3581506	3582203	698	"M-C4h"	0	0	0	0	0	0	NA	"NO"	NA	NA
"ECK120023920"	"insCD-4"	"-"	2994394	2995667	1274	"M-C4h"	0	0	0	0	0	0	NA	"NO"	NA	NA
"ECK120023921"	"insCD-5"	"+"	3184164	3185437	1274	"M-C4h"	0	0	0	0	0	0	NA	"NO"	NA	NA
"ECK120026444"	"yahH"	"+"	339017	339313	297	"M-C4h"	0	0	0	0	0	0	NA	"NO"	NA	NA
"ECK120026445"	"ylbE_1"	"+"	547581	547841	261	"M-C4h"	0	0	0	0	0	0	NA	"NO"	NA	NA
"ECK120026451"	"wbbL_2"	"-"	2099420	2099701	282	"M-C4h"	0	0	0	0	0	0	NA	"NO"	NA	NA
"ECK120026454"	"yrhC"	"+"	3621910	3622155	246	"M-C4h"	0	0	0	0	0	0	NA	"NO"	NA	NA
"ECK120026458"	"insB-7_1"	"+"	4516744	4517037	294	"M-C4h"	0	0	0	0	0	0	NA	"NO"	NA	NA
"ECK120029856"	"uof"	"-"	709862	709948	87	"M-C4h"	6	18.0421303115617	0	0	0	0.471264367816092	-Inf	"SD"	NA	NA
"ECK120030068"	"ylcH"	"+"	571591	571692	102	"M-C4h"	0	0	0	0	0	0	NA	"NO"	NA	NA
"ECK120030072"	"appX"	"+"	1039668	1039760	93	"M-C4h"	1	2.81302031739402	0	0	0	0.311827956989247	-Inf	"SD"	NA	NA
"ECK120030075"	"yciZ"	"-"	1342460	1342633	174	"M-C4h"	16	24.0561737487489	0	0	0	0.724137931034483	-Inf	"SD"	NA	NA
"ECK120030077"	"ydgU"	"+"	1669801	1669884	84	"M-C4h"	0	0	3	128	0	0	NA	"NO"	NA	NA
"ECK120030086"	"yrhD"	"+"	3582427	3582582	156	"M-C4h"	0	0	0	0	0	0	NA	"NO"	NA	NA
"ECK120030091"	"ytcA"	"-"	4302151	4302426	276	"M-C4h"	0	0	0	0	0	0	NA	"NO"	NA	NA
"ECK120033231"	"ykfL"	"-"	265777	265998	222	"M-C4h"	0	0	0	0	0	0	NA	"NO"	NA	NA
"ECK120033232"	"ykfK"	"-"	266000	266191	192	"M-C4h"	0	0	0	0	0	0	NA	"NO"	NA	NA
"ECK120035075"	"ibsA"	"-"	2151373	2151432	60	"M-C4h"	1	0	14	156	89.7435897435897	0.216666666666667	Inf	"AD"	NA	NA
"ECK120048853"	"ilvX"	"+"	3948530	3948580	51	"M-C4h"	3	15.3888758539791	0	0	0	1	-Inf	"SD"	NA	NA
"ECK120048855"	"yoeI"	"-"	2085076	2085138	63	"M-C4h"	0	0	0	0	0	0	NA	"NO"	NA	NA
"ECK120048857"	"ymjD"	"-"	1388892	1388957	66	"M-C4h"	0	0	0	0	0	0	NA	"NO"	NA	NA
"ECK120048863"	"yrbN"	"-"	3305875	3305955	81	"M-C4h"	0	0	0	0	0	0	NA	"NO"	NA	NA
"ECK120048868"	"yqfG"	"+"	3030839	3030964	126	"M-C4h"	0	0	0	0	0	0	NA	"NO"	NA	NA
"ECK125121987"	"rpsP5"	"-"	2744205	2744454	250	"M-C4h"	12	12.5573226968469	0	0	0	0.876	-Inf	"SD"	NA	NA
"ECK125121997"	"fimA3"	"+"	4541230	4541277	48	"M-C4h"	3	16.3506805948528	0	0	0	0.3125	-Inf	"SD"	NA	NA
"ECK125121999"	"spy3"	"-"	1823084	1823131	48	"M-C4h"	41	223.459301462988	0	0	0	1	-Inf	"SD"	NA	NA
"ECK125122001"	"rpsI3"	"-"	3375389	3375473	85	"M-C4h"	3	9.23332551238744	0	0	0	0.823529411764706	-Inf	"SD"	NA	NA
"ECK125122003"	"glnA3"	"-"	4054007	4054201	195	"M-C4h"	1	1.34159430521869	0	0	0	0.271794871794872	-Inf	"SD"	NA	NA
"ECK125122010"	"ryeF"	"-"	1956157	1956543	387	"M-C4h"	17	11.4919512191213	0	0	0	0.24031007751938	-Inf	"SD"	NA	NA
"ECK125135293"	""	"+"	1298697	1298951	255	"M-C4h"	1	0	0	0	0	0.227450980392157	NA	"NO"	NA	NA
"ECK125135299"	""	"-"	2276280	2276520	241	"M-C4h"	26	28.2235814417375	0	0	0	0.506224066390041	-Inf	"SD"	NA	NA
"ECK125135311"	""	"-"	4439248	4439353	106	"M-C4h"	0	0	0	0	0	0	NA	"NO"	NA	NA
"ECK125145757"	"esrE"	"+"	4018001	4018252	252	"M-C4h"	1	1.03813845046684	0	0	0	0.265873015873016	-Inf	"SD"	NA	NA
"ECK125146691"	"nc1"	"-"	296361	296528	168	"M-C4h"	0	0	6	59	101.694915254237	0	Inf	"AD"	NA	NA
"ECK125158035"	"agrB"	"+"	3646317	3646400	84	"M-C4h"	0	0	0	0	0	0	NA	"NO"	NA	NA
