"RegDbId"	"Gene"	"Strand"	"Start"	"End"	"Length"	"Sample"	"mRNARaw"	"mRNATPM"	"asRNARaw"	"asRNALen"	"asRNARPK"	"mRNACoverage"	"Gamma"	"TrMode"	"PeptideRaw"	"NPPH"
"ECK120000001"	"alr"	"+"	4263805	4264884	1080	"M-C6h"	10	2.85914892013458	0	0	0	0.361111111111111	-Inf	"SD"	1	2.56410256410256
"ECK120000002"	"modB"	"+"	795085	795774	690	"M-C6h"	3	0	0	0	0	0.184057971014493	NA	"NO"	NA	NA
"ECK120000005"	"dcuB"	"-"	4345427	4346767	1341	"M-C6h"	1	0	1	74	0	0.0402684563758389	NA	"NO"	NA	NA
"ECK120000006"	"hisM"	"-"	2422539	2423255	717	"M-C6h"	14	6.02933496128798	0	0	0	0.677824267782427	-Inf	"SD"	NA	NA
"ECK120000008"	"rhsE"	"+"	1525914	1527962	2049	"M-C6h"	0	0	0	0	0	0	NA	"NO"	NA	NA
"ECK120000010"	"cydC"	"-"	926697	928418	1722	"M-C6h"	3	0	0	0	0	0.120209059233449	NA	"NO"	14	22.2222222222222
"ECK120000011"	"mepM"	"-"	1938337	1939659	1323	"M-C6h"	17	3.96779850141125	6	108	55.5555555555556	0.388510959939531	-1.72530435668635	"SD"	NA	NA
"ECK120000013"	"rodZ"	"-"	2639853	2640866	1014	"M-C6h"	11	3.3497721076133	0	0	0	0.516765285996055	-Inf	"SD"	4	11.1111111111111
"ECK120000014"	"garL"	"-"	3270809	3271579	771	"M-C6h"	7	2.80352345476231	0	0	0	0.59662775616083	-Inf	"SD"	15	55.5555555555556
"ECK120000019"	"aceA"	"+"	4215132	4216436	1305	"M-C6h"	99	23.4253028766888	0	0	0	0.857471264367816	-Inf	"SD"	128	266.666666666667
"ECK120000020"	"aceB"	"+"	4213501	4215102	1602	"M-C6h"	231	44.5256225090621	0	0	0	0.972534332084894	-Inf	"SD"	41	68.3333333333333
"ECK120000021"	"aceE"	"+"	123017	125680	2664	"M-C6h"	120	13.909373124979	1	66	0	0.823573573573574	-Inf	"SD"	364	364
"ECK120000022"	"aceF"	"+"	125695	127587	1893	"M-C6h"	44	7.17732470601137	0	0	0	0.795562599049128	-Inf	"SD"	241	365.151515151515
"ECK120000026"	"ada"	"-"	2307363	2308427	1065	"M-C6h"	2	0	0	0	0	0.0497652582159624	NA	"NO"	NA	NA
"ECK120000029"	"adk"	"+"	496399	497043	645	"M-C6h"	2	0	0	0	0	0.235658914728682	NA	"NO"	20	83.3333333333333
"ECK120000031"	"alaS"	"-"	2817403	2820033	2631	"M-C6h"	12	1.40838350455888	0	0	0	0.290003800836184	-Inf	"SD"	87	90.625
"ECK120000033"	"puuC"	"+"	1360767	1362254	1488	"M-C6h"	1	0	0	0	0	0.0645161290322581	NA	"NO"	NA	NA
"ECK120000034"	"alkB"	"-"	2306713	2307363	651	"M-C6h"	1	0	0	0	0	0.133640552995392	NA	"NO"	NA	NA
"ECK120000035"	"amn"	"+"	2053085	2054539	1455	"M-C6h"	13	2.75893132911955	1	100	0	0.272164948453608	-Inf	"SD"	5	9.25925925925926
"ECK120000036"	"ampC"	"-"	4375834	4376967	1134	"M-C6h"	2	0	4	143	0	0.17636684303351	NA	"NO"	NA	NA
"ECK120000041"	"ansA"	"+"	1848884	1849900	1017	"M-C6h"	1	0	0	0	0	0.00294985250737463	NA	"NO"	4	10.8108108108108
"ECK120000042"	"ansB"	"-"	3097704	3098750	1047	"M-C6h"	2	0	0	0	0	0.126074498567335	NA	"NO"	39	105.405405405405
"ECK120000043"	"apaG"	"-"	51229	51606	378	"M-C6h"	1	0	0	0	0	0.082010582010582	NA	"NO"	NA	NA
"ECK120000047"	"apt"	"+"	490636	491187	552	"M-C6h"	0	0	0	0	0	0	NA	"NO"	19	95
"ECK120000048"	"araA"	"-"	66835	68337	1503	"M-C6h"	5	0	0	0	0	0.132401862940785	NA	"NO"	NA	NA
"ECK120000051"	"araD"	"-"	65855	66550	696	"M-C6h"	0	0	0	0	0	0	NA	"NO"	NA	NA
"ECK120000052"	"araE"	"-"	2978786	2980204	1419	"M-C6h"	8	1.74087714376059	0	0	0	0.385482734319944	-Inf	"SD"	NA	NA
"ECK120000054"	"araG"	"-"	1981579	1983093	1515	"M-C6h"	8	1.63056413663121	0	0	0	0.316831683168317	-Inf	"SD"	NA	NA
"ECK120000055"	"araH"	"-"	1980578	1981567	990	"M-C6h"	11	3.4309787041615	1	100	0	0.527272727272727	-Inf	"SD"	NA	NA
"ECK120000058"	"arcB"	"-"	3348711	3351047	2337	"M-C6h"	23	3.03899269046397	2	100	0	0.498074454428755	-Inf	"SD"	10	11.3636363636364
"ECK120000060"	"argB"	"+"	4154039	4154812	774	"M-C6h"	0	0	0	0	0	0	NA	"NO"	NA	NA
"ECK120000063"	"argF"	"-"	288525	289529	1005	"M-C6h"	1	0	0	0	0	0.0258706467661692	NA	"NO"	NA	NA
"ECK120000068"	"argT"	"-"	2425031	2425813	783	"M-C6h"	46	18.1408069415435	1	100	0	0.94125159642401	-Inf	"SD"	10	35.7142857142857
"ECK120000069"	"aroA"	"+"	958035	959318	1284	"M-C6h"	0	0	6	100	0	0	NA	"NO"	3	6.52173913043478
"ECK120000070"	"aroB"	"-"	3515420	3516508	1089	"M-C6h"	1	0	0	0	0	0.0661157024793388	NA	"NO"	6	15.3846153846154
"ECK120000071"	"aroC"	"-"	2444410	2445495	1086	"M-C6h"	3	0	0	0	0	0.184162062615101	NA	"NO"	5	12.8205128205128
"ECK120000072"	"aroD"	"+"	1772710	1773468	759	"M-C6h"	2	0	0	0	0	0.117259552042161	NA	"NO"	3	11.1111111111111
"ECK120000073"	"aroE"	"-"	3428042	3428860	819	"M-C6h"	5	1.88515313415467	0	0	0	0.313797313797314	-Inf	"SD"	6	20.6896551724138
"ECK120000076"	"aroH"	"+"	1786459	1787505	1047	"M-C6h"	11	3.24419189791775	1	51	0	0.312320916905444	-Inf	"SD"	2	5.12820512820513
"ECK120000077"	"aroK"	"-"	3516565	3517086	522	"M-C6h"	2	1.18309610488327	0	0	0	0.348659003831418	-Inf	"SD"	12	60
"ECK120000078"	"aroL"	"+"	405629	406153	525	"M-C6h"	3	0	0	0	0	0.243809523809524	NA	"NO"	2	10.5263157894737
"ECK120000079"	"aroM"	"+"	406652	407329	678	"M-C6h"	1	0	0	0	0	0.147492625368732	NA	"NO"	NA	NA
"ECK120000088"	"asnB"	"-"	696736	698400	1665	"M-C6h"	9	1.66912477499748	0	0	0	0.276276276276276	-Inf	"SD"	17	26.984126984127
"ECK120000090"	"asnS"	"-"	986808	988208	1401	"M-C6h"	38	8.37540839988031	0	0	0	0.458244111349036	-Inf	"SD"	32	60.377358490566
"ECK120000094"	"atpA"	"-"	3916339	3917880	1542	"M-C6h"	13	2.60327177942215	0	0	0	0.521400778210117	-Inf	"SD"	64	116.363636363636
"ECK120000095"	"atpB"	"-"	3919259	3920074	816	"M-C6h"	9	3.40575091957207	1	48	0	0.343137254901961	-Inf	"SD"	NA	NA
"ECK120000096"	"atpC"	"-"	3913576	3913995	420	"M-C6h"	0	0	0	0	0	0	NA	"NO"	4	26.6666666666667
"ECK120000097"	"atpD"	"-"	3914016	3915398	1383	"M-C6h"	14	3.12583743112327	1	73	0	0.451916124367317	-Inf	"SD"	112	224
"ECK120000098"	"atpE"	"-"	3918973	3919212	240	"M-C6h"	8	10.2929361124845	0	0	0	0.645833333333333	-Inf	"SD"	NA	NA
"ECK120000099"	"atpF"	"-"	3918441	3918911	471	"M-C6h"	6	3.93360615763738	0	0	0	0.430997876857749	-Inf	"SD"	20	117.647058823529
"ECK120000100"	"atpG"	"-"	3915425	3916288	864	"M-C6h"	5	1.78696807508411	0	0	0	0.306712962962963	-Inf	"SD"	17	53.125
"ECK120000101"	"atpH"	"-"	3917893	3918426	534	"M-C6h"	2	1.15650967556006	0	0	0	0.374531835205993	-Inf	"SD"	7	36.8421052631579
"ECK120000102"	"atpI"	"-"	3920083	3920463	381	"M-C6h"	2	1.6209348208637	0	0	0	0.31758530183727	-Inf	"SD"	NA	NA
"ECK120000104"	"bcp"	"+"	2598500	2598970	471	"M-C6h"	3	0	0	0	0	0.227176220806794	NA	"NO"	11	61.1111111111111
"ECK120000105"	"betA"	"-"	324801	326471	1671	"M-C6h"	0	0	1	100	0	0	NA	"NO"	NA	NA
"ECK120000106"	"betB"	"-"	326485	327957	1473	"M-C6h"	3	0	0	0	0	0.155465037338764	NA	"NO"	2	3.77358490566038
"ECK120000110"	"bglB"	"-"	3900312	3901724	1413	"M-C6h"	0	0	0	0	0	0	NA	"NO"	NA	NA
"ECK120000111"	"bglF"	"-"	3901743	3903620	1878	"M-C6h"	1	0	0	0	0	0.053248136315229	NA	"NO"	NA	NA
"ECK120000112"	"bglG"	"-"	3903754	3904590	837	"M-C6h"	0	0	0	0	0	0	NA	"NO"	NA	NA
"ECK120000115"	"bioC"	"+"	810745	811500	756	"M-C6h"	0	0	0	0	0	0	NA	"NO"	NA	NA
"ECK120000117"	"bioF"	"+"	809604	810758	1155	"M-C6h"	0	0	0	0	0	0	NA	"NO"	NA	NA
"ECK120000123"	"btuC"	"-"	1792196	1793176	981	"M-C6h"	6	1.8886121307311	0	0	0	0.306829765545362	-Inf	"SD"	NA	NA
"ECK120000124"	"btuD"	"-"	1790833	1791582	750	"M-C6h"	1	0	0	0	0	0.102666666666667	NA	"NO"	NA	NA
"ECK120000125"	"btuE"	"-"	1791582	1792133	552	"M-C6h"	3	1.67819610529638	0	0	0	0.264492753623188	-Inf	"SD"	3	15
"ECK120000127"	"cadA"	"-"	4354493	4356640	2148	"M-C6h"	1	0	1	59	0	0.0279329608938547	NA	"NO"	5	6.17283950617284
"ECK120000128"	"cadB"	"-"	4356720	4358054	1335	"M-C6h"	0	0	0	0	0	0	NA	"NO"	NA	NA
"ECK120000129"	"cadC"	"-"	4358419	4359957	1539	"M-C6h"	0	0	6	156	0	0	NA	"NO"	NA	NA
"ECK120000130"	"carA"	"+"	29651	30799	1149	"M-C6h"	16	0	1	100	0	0.172323759791123	NA	"NO"	NA	NA
"ECK120000131"	"carB"	"+"	30817	34038	3222	"M-C6h"	1	0	0	0	0	0.0180012414649286	NA	"NO"	9	7.6271186440678
"ECK120000133"	"cdd"	"+"	2229866	2230750	885	"M-C6h"	350	122.119580995579	0	0	0	1	-Inf	"SD"	93	290.625
"ECK120000135"	"cdsA"	"+"	195677	196534	858	"M-C6h"	9	3.23903583959302	0	0	0	0.362470862470862	-Inf	"SD"	NA	NA
"ECK120000136"	"chbB"	"-"	1819323	1819643	321	"M-C6h"	1	0	0	0	0	0.165109034267913	NA	"NO"	2	18.1818181818182
"ECK120000137"	"chbC"	"-"	1817880	1819238	1359	"M-C6h"	1	0	0	0	0	0.0566593083149375	NA	"NO"	NA	NA
"ECK120000138"	"chbA"	"-"	1817479	1817829	351	"M-C6h"	1	0.879738129272179	0	0	0	0.262108262108262	-Inf	"SD"	NA	NA
"ECK120000139"	"chbR"	"-"	1816629	1817471	843	"M-C6h"	4	0	0	0	0	0.193357058125741	NA	"NO"	NA	NA
"ECK120000140"	"chbF"	"-"	1815172	1816524	1353	"M-C6h"	1	0	0	0	0	0.0694752402069475	NA	"NO"	NA	NA
"ECK120000142"	"cheA"	"-"	1971384	1973348	1965	"M-C6h"	4	0	0	0	0	0.148091603053435	NA	"NO"	17	23.943661971831
"ECK120000143"	"cheB"	"-"	1965476	1966525	1050	"M-C6h"	1	0	0	0	0	0.0019047619047619	NA	"NO"	1	2.7027027027027
"ECK120000144"	"cheR"	"-"	1966528	1967388	861	"M-C6h"	1	0	0	0	0	0.0801393728222996	NA	"NO"	NA	NA
"ECK120000145"	"cheW"	"-"	1970860	1971363	504	"M-C6h"	1	0	0	0	0	0.198412698412698	NA	"NO"	5	27.7777777777778
"ECK120000146"	"cheY"	"-"	1965072	1965461	390	"M-C6h"	2	1.58352863268992	0	0	0	0.366666666666667	-Inf	"SD"	11	78.5714285714286
"ECK120000147"	"cheZ"	"-"	1964417	1965061	645	"M-C6h"	1	0	0	0	0	0.142635658914729	NA	"NO"	12	50
"ECK120000153"	"clpB"	"-"	2729622	2732195	2574	"M-C6h"	115	13.7958933908592	0	0	0	0.756798756798757	-Inf	"SD"	151	157.291666666667
"ECK120000154"	"clpP"	"+"	455901	456524	624	"M-C6h"	51	25.2374875834956	0	0	0	0.796474358974359	-Inf	"SD"	12	52.1739130434783
"ECK120000155"	"clpX"	"+"	456650	457924	1275	"M-C6h"	47	11.3827764067476	0	0	0	0.75921568627451	-Inf	"SD"	15	32.6086956521739
"ECK120000157"	"cpsB"	"-"	2121108	2122544	1437	"M-C6h"	0	0	0	0	0	0	NA	"NO"	NA	NA
"ECK120000158"	"cpsG"	"-"	2119633	2121003	1371	"M-C6h"	0	0	0	0	0	0	NA	"NO"	NA	NA
"ECK120000163"	"cstA"	"+"	629117	631222	2106	"M-C6h"	774	113.486218676111	0	0	0	1	-Inf	"SD"	22	29.3333333333333
"ECK120000164"	"lnt"	"-"	688566	690104	1539	"M-C6h"	5	0	1	73	0	0.0701754385964912	NA	"NO"	7	12.280701754386
"ECK120000165"	"cvpA"	"-"	2428297	2428785	489	"M-C6h"	0	0	0	0	0	0	NA	"NO"	NA	NA
"ECK120000168"	"cydA"	"+"	770681	772249	1569	"M-C6h"	17	3.34569625071198	0	0	0	0.541108986615679	-Inf	"SD"	30	51.7241379310345
"ECK120000169"	"cydB"	"+"	772265	773404	1140	"M-C6h"	16	4.33386783683557	0	0	0	0.492105263157895	-Inf	"SD"	NA	NA
"ECK120000170"	"cynS"	"+"	358713	359183	471	"M-C6h"	1	0	0	0	0	0.212314225053079	NA	"NO"	NA	NA
"ECK120000173"	"cyoA"	"-"	449887	450834	948	"M-C6h"	48	15.6348396645334	1	100	0	0.895569620253165	-Inf	"SD"	40	114.285714285714
"ECK120000174"	"cyoB"	"-"	447874	449865	1992	"M-C6h"	82	12.711156042526	0	0	0	0.848895582329317	-Inf	"SD"	8	10.8108108108108
"ECK120000175"	"cyoC"	"-"	447270	447884	615	"M-C6h"	71	35.6487055603121	0	0	0	0.921951219512195	-Inf	"SD"	NA	NA
"ECK120000176"	"cyoD"	"-"	446941	447270	330	"M-C6h"	43	40.2360229851666	0	0	0	0.984848484848485	-Inf	"SD"	NA	NA
"ECK120000177"	"cyoE"	"-"	446039	446929	891	"M-C6h"	112	38.8151126127361	0	0	0	0.976430976430976	-Inf	"SD"	NA	NA
"ECK120000178"	"cysA"	"-"	2537739	2538836	1098	"M-C6h"	15	0	0	0	0	0.177595628415301	NA	"NO"	NA	NA
"ECK120000179"	"cysB"	"+"	1331879	1332853	975	"M-C6h"	79	25.0197523965008	0	0	0	0.642051282051282	-Inf	"SD"	8	22.2222222222222
"ECK120000180"	"cysC"	"-"	2871409	2872014	606	"M-C6h"	0	0	0	0	0	0	NA	"NO"	NA	NA
"ECK120000183"	"cysG"	"+"	3495850	3497223	1374	"M-C6h"	4	0	0	0	0	0.125909752547307	NA	"NO"	1	2
"ECK120000184"	"cysH"	"-"	2885600	2886334	735	"M-C6h"	3	0	0	0	0	0.091156462585034	NA	"NO"	0	0
"ECK120000185"	"cysI"	"-"	2886409	2888121	1713	"M-C6h"	1	0	0	0	0	0.0215995329830706	NA	"NO"	2	3.125
"ECK120000187"	"cysK"	"+"	2530431	2531402	972	"M-C6h"	4	0	0	0	0	0.165637860082305	NA	"NO"	90	264.705882352941
"ECK120000189"	"cysN"	"-"	2872014	2873441	1428	"M-C6h"	0	0	0	0	0	0	NA	"NO"	0	0
"ECK120000190"	"cysP"	"-"	2540534	2541550	1017	"M-C6h"	0	0	0	0	0	0	NA	"NO"	11	28.9473684210526
"ECK120000192"	"cysU"	"-"	2539701	2540534	834	"M-C6h"	0	0	0	0	0	0	NA	"NO"	NA	NA
"ECK120000193"	"cysW"	"-"	2538826	2539701	876	"M-C6h"	0	0	0	0	0	0	NA	"NO"	NA	NA
"ECK120000194"	"cytR"	"-"	4121454	4122479	1026	"M-C6h"	9	0	0	0	0	0.232943469785575	NA	"NO"	NA	NA
"ECK120000195"	"dacA"	"-"	661975	663186	1212	"M-C6h"	0	0	0	0	0	0	NA	"NO"	17	38.6363636363636
"ECK120000198"	"dam"	"-"	3513099	3513935	837	"M-C6h"	1	0	0	0	0	0.0561529271206691	NA	"NO"	1	3.125
"ECK120000200"	"dapB"	"+"	28374	29195	822	"M-C6h"	6	2.25392761587252	0	0	0	0.329683698296837	-Inf	"SD"	10	34.4827586206897
"ECK120000201"	"dapD"	"-"	185123	185947	825	"M-C6h"	18	6.73719454635348	0	0	0	0.393939393939394	-Inf	"SD"	54	180
"ECK120000202"	"dapE"	"+"	2589629	2590756	1128	"M-C6h"	6	1.6424898051837	1	100	0	0.256205673758865	-Inf	"SD"	5	12.1951219512195
"ECK120000203"	"dapF"	"+"	3992785	3993609	825	"M-C6h"	33	12.3515233349814	0	0	0	0.345454545454545	-Inf	"SD"	3	10
"ECK120000205"	"dcm"	"-"	2028923	2030341	1419	"M-C6h"	3	0	0	0	0	0.170542635658915	NA	"NO"	NA	NA
"ECK120000208"	"ddlB"	"+"	102233	103153	921	"M-C6h"	18	6.0349462548769	0	0	0	0.42671009771987	-Inf	"SD"	6	18.1818181818182
"ECK120000209"	"deaD"	"-"	3303993	3305882	1890	"M-C6h"	9	0	0	0	0	0.247089947089947	NA	"NO"	8	11.2676056338028
"ECK120000210"	"dedA"	"-"	2432104	2432763	660	"M-C6h"	3	0	4	87	0	0.0636363636363636	NA	"NO"	NA	NA
"ECK120000211"	"accD"	"-"	2431034	2431948	915	"M-C6h"	38	12.8239859762102	0	0	0	0.704918032786885	-Inf	"SD"	11	33.3333333333333
"ECK120000212"	"dedD"	"-"	2429044	2429706	663	"M-C6h"	14	6.5204120169585	0	0	0	0.567119155354449	-Inf	"SD"	3	13.0434782608696
"ECK120000213"	"deoA"	"+"	4616252	4617574	1323	"M-C6h"	112	26.1407901269447	0	0	0	0.955404383975813	-Inf	"SD"	84	178.723404255319
"ECK120000214"	"deoB"	"+"	4617626	4618849	1224	"M-C6h"	125	31.5347307367785	0	0	0	1	-Inf	"SD"	77	175
"ECK120000216"	"deoD"	"+"	4618906	4619625	720	"M-C6h"	54	23.1591062530901	0	0	0	1	-Inf	"SD"	129	496.153846153846
"ECK120000221"	"dicB"	"+"	1647633	1647821	189	"M-C6h"	0	0	0	0	0	0	NA	"NO"	NA	NA
"ECK120000224"	"dksA"	"-"	160149	160604	456	"M-C6h"	80	54.1733479604447	0	0	0	1	-Inf	"SD"	11	61.1111111111111
"ECK120000226"	"dmsA"	"+"	940182	942626	2445	"M-C6h"	2	0	2	100	0	0.081799591002045	NA	"NO"	9	10
"ECK120000227"	"dmsB"	"+"	942637	943254	618	"M-C6h"	0	0	0	0	0	0	NA	"NO"	2	8.69565217391304
"ECK120000231"	"dnaC"	"-"	4598261	4598998	738	"M-C6h"	2	0	0	0	0	0.161246612466125	NA	"NO"	NA	NA
"ECK120000232"	"dnaE"	"+"	205126	208608	3483	"M-C6h"	8	0	0	0	0	0.165948894631065	NA	"NO"	4	3.07692307692308
"ECK120000233"	"dnaG"	"+"	3209129	3210874	1746	"M-C6h"	46	8.13531032945509	0	0	0	0.284077892325315	-Inf	"SD"	4	6.06060606060606
"ECK120000234"	"dnaJ"	"+"	14168	15298	1131	"M-C6h"	5	0	0	0	0	0.190981432360743	NA	"NO"	4	9.75609756097561
"ECK120000236"	"dnaN"	"-"	3879244	3880344	1101	"M-C6h"	30	0	3	51	0	0.169845594913715	NA	"NO"	5	12.1951219512195
"ECK120000238"	"dnaT"	"-"	4599001	4599540	540	"M-C6h"	2	1.14365956805383	1	100	0	0.288888888888889	-Inf	"SD"	2	10.5263157894737
"ECK120000239"	"dnaX"	"+"	491316	493247	1932	"M-C6h"	0	0	0	0	0	0	NA	"NO"	NA	NA
"ECK120000241"	"acpS"	"-"	2698640	2699020	381	"M-C6h"	2	0	0	0	0	0.036745406824147	NA	"NO"	NA	NA
"ECK120000242"	"dppA"	"-"	3704121	3705728	1608	"M-C6h"	67	12.8661701406056	1	70	0	0.889925373134328	-Inf	"SD"	18	30
"ECK120000245"	"dut"	"+"	3811955	3812410	456	"M-C6h"	3	2.03150054851668	0	0	0	0.405701754385965	-Inf	"SD"	8	50
"ECK120000246"	"ebgA"	"+"	3220655	3223747	3093	"M-C6h"	0	0	3	51	0	0	NA	"NO"	NA	NA
"ECK120000247"	"ebgC"	"+"	3223744	3224193	450	"M-C6h"	0	0	1	63	0	0	NA	"NO"	NA	NA
"ECK120000251"	"edd"	"-"	1930817	1932628	1812	"M-C6h"	5	0	0	0	0	0.1280353200883	NA	"NO"	NA	NA
"ECK120000253"	"entA"	"+"	627774	628520	747	"M-C6h"	0	0	0	0	0	0	NA	"NO"	NA	NA
"ECK120000254"	"entB"	"+"	626917	627774	858	"M-C6h"	0	0	0	0	0	0	NA	"NO"	NA	NA
"ECK120000257"	"entE"	"+"	625293	626903	1611	"M-C6h"	0	0	0	0	0	0	NA	"NO"	NA	NA
"ECK120000258"	"entF"	"+"	613380	617261	3882	"M-C6h"	0	0	0	0	0	0	NA	"NO"	NA	NA
"ECK120000259"	"lpxC"	"+"	106557	107474	918	"M-C6h"	370	124.457070641152	0	0	0	1	-Inf	"SD"	NA	NA
"ECK120000261"	"acrF"	"+"	3413055	3416159	3105	"M-C6h"	2	0	1	54	0	0.0276972624798712	NA	"NO"	NA	NA
"ECK120000262"	"envY"	"-"	585370	586131	762	"M-C6h"	0	0	0	0	0	0	NA	"NO"	NA	NA
"ECK120000264"	"era"	"-"	2700503	2701408	906	"M-C6h"	2	0	0	0	0	0.140176600441501	NA	"NO"	3	8.82352941176471
"ECK120000265"	"exbB"	"-"	3149272	3150006	735	"M-C6h"	0	0	1	58	0	0	NA	"NO"	3	11.5384615384615
"ECK120000270"	"accC"	"+"	3403939	3405288	1350	"M-C6h"	34	7.77688506276606	0	0	0	0.71037037037037	-Inf	"SD"	19	38.7755102040816
"ECK120000271"	"fabH"	"+"	1147982	1148935	954	"M-C6h"	16	5.17883577986641	0	0	0	0.775681341719078	-Inf	"SD"	26	76.4705882352941
"ECK120000276"	"fbaA"	"-"	3068187	3069266	1080	"M-C6h"	17	4.86055316422879	0	0	0	0.638888888888889	-Inf	"SD"	43	110.25641025641
"ECK120000279"	"fdhF"	"-"	4295242	4297389	2148	"M-C6h"	5	0	0	0	0	0.193202979515829	NA	"NO"	NA	NA
"ECK120000280"	"fecA"	"-"	4512376	4514700	2325	"M-C6h"	2	0	0	0	0	0.0649462365591398	NA	"NO"	4	4.70588235294118
"ECK120000281"	"fecB"	"-"	4511429	4512331	903	"M-C6h"	0	0	0	0	0	0	NA	"NO"	2	6.06060606060606
"ECK120000282"	"fecC"	"-"	4510434	4511432	999	"M-C6h"	0	0	0	0	0	0	NA	"NO"	NA	NA
"ECK120000283"	"fecD"	"-"	4509481	4510437	957	"M-C6h"	0	0	0	0	0	0	NA	"NO"	NA	NA
"ECK120000286"	"fecR"	"-"	4514787	4515740	954	"M-C6h"	0	0	0	0	0	0	NA	"NO"	NA	NA
"ECK120000292"	"fepG"	"-"	619419	620411	993	"M-C6h"	1	0	0	0	0	0.0463242698892246	NA	"NO"	NA	NA
"ECK120000296"	"fhuA"	"+"	167484	169727	2244	"M-C6h"	9	0	3	157	0	0.213903743315508	NA	"NO"	NA	NA
"ECK120000298"	"fhuC"	"+"	169778	170575	798	"M-C6h"	1	0	0	0	0	0.0839598997493734	NA	"NO"	NA	NA
"ECK120000299"	"fhuD"	"+"	170575	171465	891	"M-C6h"	0	0	0	0	0	0	NA	"NO"	NA	NA
"ECK120000301"	"fic"	"-"	3488883	3489485	603	"M-C6h"	4	2.04834549502179	0	0	0	0.376451077943615	-Inf	"SD"	NA	NA
"ECK120000302"	"fimA"	"+"	4541138	4541686	549	"M-C6h"	34	19.1234878592608	0	0	0	0.90528233151184	-Inf	"SD"	NA	NA
"ECK120000304"	"fimC"	"+"	4542327	4543052	726	"M-C6h"	0	0	0	0	0	0	NA	"NO"	4	14.8148148148148
"ECK120000305"	"fimD"	"+"	4543119	4545755	2637	"M-C6h"	4	0	1	67	0	0.0777398558968525	NA	"NO"	NA	NA
"ECK120000306"	"fimE"	"+"	4540060	4540656	597	"M-C6h"	0	0	0	0	0	0	NA	"NO"	NA	NA
"ECK120000307"	"fimF"	"+"	4545765	4546295	531	"M-C6h"	0	0	0	0	0	0	NA	"NO"	NA	NA
"ECK120000308"	"fimG"	"+"	4546308	4546811	504	"M-C6h"	0	0	0	0	0	0	NA	"NO"	NA	NA
"ECK120000310"	"lpxD"	"+"	200971	201996	1026	"M-C6h"	12	3.61155653069631	0	0	0	0.490253411306043	-Inf	"SD"	17	47.2222222222222
"ECK120000311"	"fis"	"+"	3409293	3409589	297	"M-C6h"	4	4.1587620656503	0	0	0	0.717171717171717	-Inf	"SD"	NA	NA
"ECK120000312"	"fldA"	"-"	710158	710688	531	"M-C6h"	4	2.32608725705864	0	0	0	0.274952919020716	-Inf	"SD"	7	35
"ECK120000313"	"flhC"	"-"	1975290	1975868	579	"M-C6h"	10	0	0	0	0	0.132987910189983	NA	"NO"	NA	NA
"ECK120000314"	"flhD"	"-"	1975871	1976221	351	"M-C6h"	0	0	0	0	0	0	NA	"NO"	NA	NA
"ECK120000316"	"fliL"	"+"	2017642	2018106	465	"M-C6h"	3	0	0	0	0	0.111827956989247	NA	"NO"	3	17.6470588235294
"ECK120000317"	"fliM"	"+"	2018111	2019115	1005	"M-C6h"	1	0	0	0	0	0.00099502487562189	NA	"NO"	5	13.1578947368421
"ECK120000318"	"fliN"	"+"	2019112	2019525	414	"M-C6h"	1	0	0	0	0	0.217391304347826	NA	"NO"	2	13.3333333333333
"ECK120000319"	"fnr"	"-"	1396798	1397550	753	"M-C6h"	29	11.8922369427112	0	0	0	0.747675962815405	-Inf	"SD"	3	10.7142857142857
"ECK120000321"	"folC"	"-"	2429696	2430964	1269	"M-C6h"	19	0	0	0	0	0.210401891252955	NA	"NO"	11	24.4444444444444
"ECK120000325"	"frdB"	"-"	4377806	4378540	735	"M-C6h"	35	14.7041944464064	0	0	0	0.910204081632653	-Inf	"SD"	18	66.6666666666667
"ECK120000326"	"frdC"	"-"	4377400	4377795	396	"M-C6h"	71	55.3635199989696	0	0	0	1	-Inf	"SD"	NA	NA
"ECK120000327"	"frdD"	"-"	4377030	4377389	360	"M-C6h"	22	18.8703828728882	0	0	0	0.888888888888889	-Inf	"SD"	NA	NA
"ECK120000329"	"frr"	"+"	192872	193429	558	"M-C6h"	130	71.9398760549991	0	0	0	1	-Inf	"SD"	24	114.285714285714
"ECK120000330"	"fruA"	"-"	2257741	2259432	1692	"M-C6h"	2	0	0	0	0	0.0484633569739953	NA	"NO"	6	10.3448275862069
"ECK120000331"	"fruK"	"-"	2259449	2260387	939	"M-C6h"	3	0	1	100	0	0.238551650692226	NA	"NO"	6	17.6470588235294
"ECK120000332"	"cra"	"+"	88028	89032	1005	"M-C6h"	47	14.4408357399036	0	0	0	0.71044776119403	-Inf	"SD"	10	26.3157894736842
"ECK120000333"	"ftsA"	"+"	103982	105244	1263	"M-C6h"	30	7.33463380937137	0	0	0	0.53840063341251	-Inf	"SD"	4	8.88888888888889
"ECK120000334"	"ftsE"	"-"	3600102	3600770	669	"M-C6h"	6	2.76939985089269	0	0	0	0.494768310911809	-Inf	"SD"	3	12.5
"ECK120000335"	"ftsI"	"+"	91413	93179	1767	"M-C6h"	56	9.7861531799513	0	0	0	0.366723259762309	-Inf	"SD"	0	0
"ECK120000336"	"ftsQ"	"+"	103155	103985	831	"M-C6h"	21	7.80330896614348	0	0	0	0.623345367027678	-Inf	"SD"	0	0
"ECK120000338"	"ftsW"	"+"	98403	99647	1245	"M-C6h"	2	0	1	55	0	0.111646586345382	NA	"NO"	NA	NA
"ECK120000339"	"ftsX"	"-"	3599051	3600109	1059	"M-C6h"	3	0	0	0	0	0.132200188857413	NA	"NO"	5	12.8205128205128
"ECK120000341"	"ftsZ"	"+"	105305	106456	1152	"M-C6h"	80	21.4436169010094	0	0	0	0.842013888888889	-Inf	"SD"	31	77.5
"ECK120000343"	"fucI"	"+"	2933606	2935381	1776	"M-C6h"	2	0	1	100	0	0.0557432432432432	NA	"NO"	11	16.9230769230769
"ECK120000344"	"fucK"	"+"	2935460	2936908	1449	"M-C6h"	5	0	1	49	0	0.191166321601104	NA	"NO"	NA	NA
"ECK120000348"	"fucU"	"+"	2936910	2937332	423	"M-C6h"	0	0	0	0	0	0	NA	"NO"	1	6.66666666666667
"ECK120000350"	"fumB"	"-"	4343703	4345349	1647	"M-C6h"	0	0	0	0	0	0	NA	"NO"	6	10
"ECK120000353"	"fusA"	"-"	3469422	3471536	2115	"M-C6h"	53	7.73795197108763	0	0	0	0.775886524822695	-Inf	"SD"	410	525.641025641026
"ECK120000354"	"gabT"	"+"	2790757	2792037	1281	"M-C6h"	18	4.33894262352976	0	0	0	0.357533177205308	-Inf	"SD"	2	4.34782608695652
"ECK120000355"	"galE"	"-"	790262	791278	1017	"M-C6h"	10	3.03626433996593	0	0	0	0.566371681415929	-Inf	"SD"	11	29.7297297297297
"ECK120000356"	"galK"	"-"	788054	789202	1149	"M-C6h"	51	13.7059984787652	0	0	0	0.610966057441253	-Inf	"SD"	9	21.9512195121951
"ECK120000358"	"galS"	"-"	2238650	2239690	1041	"M-C6h"	3	0	0	0	0	0.112391930835735	NA	"NO"	0	0
"ECK120000359"	"galT"	"-"	789206	790252	1047	"M-C6h"	7	2.06448575322039	0	0	0	0.27316141356256	-Inf	"SD"	2	5
"ECK120000361"	"epd"	"-"	3070694	3071713	1020	"M-C6h"	114	34.5116093183304	0	0	0	0.414705882352941	-Inf	"SD"	NA	NA
"ECK120000363"	"ispG"	"-"	2638708	2639826	1119	"M-C6h"	24	6.62280071580772	0	0	0	0.651474530831099	-Inf	"SD"	6	14.6341463414634
"ECK120000364"	"gcvH"	"-"	3047182	3047571	390	"M-C6h"	1	0	0	0	0	0.2	NA	"NO"	NA	NA
"ECK120000368"	"mnmG"	"-"	3921767	3923656	1890	"M-C6h"	3	0	0	0	0	0.114285714285714	NA	"NO"	8	11.4285714285714
"ECK120000369"	"rsmG"	"-"	3921080	3921703	624	"M-C6h"	1	0	2	39	0	0.123397435897436	NA	"NO"	6	26.0869565217391
"ECK120000370"	"glgA"	"-"	3564623	3566056	1434	"M-C6h"	27	5.81400156981341	2	100	0	0.688284518828452	-Inf	"SD"	0	0
"ECK120000371"	"glgB"	"-"	3569339	3571525	2187	"M-C6h"	14	1.97669554972267	0	0	0	0.374028349336991	-Inf	"SD"	NA	NA
"ECK120000372"	"glgC"	"-"	3566056	3567351	1296	"M-C6h"	83	19.7757800309309	1	100	0	0.679012345679012	-Inf	"SD"	2	4.08163265306122
"ECK120000374"	"glgX"	"-"	3567369	3569342	1974	"M-C6h"	40	6.25710401974741	0	0	0	0.451874366767984	-Inf	"SD"	NA	NA
"ECK120000375"	"glmS"	"-"	3909862	3911691	1830	"M-C6h"	19	3.20599649405255	0	0	0	0.43879781420765	-Inf	"SD"	35	52.2388059701493
"ECK120000378"	"glnG"	"-"	4051892	4053301	1410	"M-C6h"	6	1.31399184414696	0	0	0	0.288652482269504	-Inf	"SD"	1	1.92307692307692
"ECK120000379"	"glnH"	"-"	846481	847227	747	"M-C6h"	84	34.7231579698272	0	0	0	1	-Inf	"SD"	47	174.074074074074
"ECK120000380"	"glnL"	"-"	4053313	4054362	1050	"M-C6h"	4	0	1	100	0	0.248571428571429	NA	"NO"	1	2.56410256410256
"ECK120000381"	"glnP"	"-"	845683	846342	660	"M-C6h"	20	9.35721464771317	0	0	0	0.746969696969697	-Inf	"SD"	NA	NA
"ECK120000382"	"glnQ"	"-"	844964	845686	723	"M-C6h"	13	5.55220620175512	0	0	0	0.590594744121715	-Inf	"SD"	14	51.8518518518519
"ECK120000383"	"glnS"	"+"	705316	706980	1665	"M-C6h"	9	1.66912477499748	0	0	0	0.278678678678679	-Inf	"SD"	27	42.8571428571429
"ECK120000385"	"glpB"	"+"	2352287	2353546	1260	"M-C6h"	728	178.410892616398	0	0	0	1	-Inf	"SD"	32	71.1111111111111
"ECK120000386"	"glpC"	"+"	2353543	2354733	1191	"M-C6h"	367	95.1513237602471	0	0	0	0.99328295549958	-Inf	"SD"	3	6.81818181818182
"ECK120000390"	"glpG"	"-"	3558645	3559475	831	"M-C6h"	1	0	0	0	0	0.120336943441637	NA	"NO"	NA	NA
"ECK120000391"	"glpK"	"-"	4113737	4115245	1509	"M-C6h"	12	2.45557123955892	0	0	0	0.416832339297548	-Inf	"SD"	4	7.14285714285714
"ECK120000396"	"gltB"	"+"	3352654	3357207	4554	"M-C6h"	0	0	0	0	0	0	NA	"NO"	81	49.6932515337423
"ECK120000397"	"gltD"	"+"	3357220	3358638	1419	"M-C6h"	0	0	0	0	0	0	NA	"NO"	9	17.3076923076923
"ECK120000402"	"glyQ"	"-"	3722430	3723341	912	"M-C6h"	2	0	0	0	0	0.219298245614035	NA	"NO"	23	65.7142857142857
"ECK120000404"	"gnd"	"-"	2097886	2099292	1407	"M-C6h"	47	10.3148826713597	0	0	0	0.878464818763326	-Inf	"SD"	77	150.980392156863
"ECK120000411"	"gshA"	"-"	2812905	2814461	1557	"M-C6h"	10	1.98322468448641	2	166	0	0.342324983943481	-Inf	"SD"	5	8.62068965517241
"ECK120000412"	"gshB"	"+"	3089900	3090850	951	"M-C6h"	5	1.62349150039188	0	0	0	0.442691903259727	-Inf	"SD"	19	52.7777777777778
"ECK120000417"	"gyrB"	"-"	3875728	3878142	2415	"M-C6h"	18	2.30152608726361	0	0	0	0.363561076604555	-Inf	"SD"	32	35.5555555555556
"ECK120000418"	"hdhA"	"-"	1695297	1696064	768	"M-C6h"	3	0	0	0	0	0.0963541666666667	NA	"NO"	7	25.9259259259259
"ECK120000423"	"hemD"	"-"	3987111	3987851	741	"M-C6h"	13	5.41733479604447	0	0	0	0.607287449392713	-Inf	"SD"	NA	NA
"ECK120000426"	"hemX"	"-"	3985908	3987089	1182	"M-C6h"	6	1.56745219987073	0	0	0	0.274957698815567	-Inf	"SD"	6	13.953488372093
"ECK120000427"	"hemY"	"-"	3984709	3985905	1197	"M-C6h"	13	3.35358820707515	0	0	0	0.429406850459482	-Inf	"SD"	4	8.88888888888889
"ECK120000428"	"hflC"	"+"	4401323	4402327	1005	"M-C6h"	7	2.15076276977288	0	0	0	0.434825870646766	-Inf	"SD"	9	23.6842105263158
"ECK120000429"	"hflK"	"+"	4400061	4401320	1260	"M-C6h"	7	1.71548935208075	0	0	0	0.34047619047619	-Inf	"SD"	16	34.7826086956522
"ECK120000430"	"hflX"	"+"	4398695	4399975	1281	"M-C6h"	12	2.89262841568651	0	0	0	0.328649492583919	-Inf	"SD"	9	18.75
"ECK120000431"	"hfq"	"+"	4398311	4398619	309	"M-C6h"	7	6.99519929974674	0	0	0	0.83495145631068	-Inf	"SD"	41	372.727272727273
"ECK120000432"	"hha"	"-"	479314	479532	219	"M-C6h"	12	16.9198949794266	0	0	0	0.922374429223744	-Inf	"SD"	NA	NA
"ECK120000433"	"ihfA"	"-"	1793277	1793576	300	"M-C6h"	194	199.682960582199	0	0	0	1	-Inf	"SD"	3	27.2727272727273
"ECK120000434"	"ihfB"	"+"	963051	963335	285	"M-C6h"	41	44.4221453275646	0	0	0	1	-Inf	"SD"	6	54.5454545454545
"ECK120000435"	"hipB"	"-"	1590200	1590466	267	"M-C6h"	2	2.31301935112011	0	0	0	0.456928838951311	-Inf	"SD"	NA	NA
"ECK120000436"	"hipA"	"-"	1588878	1590200	1323	"M-C6h"	1	0	0	0	0	0.0755857898715042	NA	"NO"	NA	NA
"ECK120000437"	"hisA"	"+"	2093149	2093886	738	"M-C6h"	5	2.09206018546433	0	0	0	0.334688346883469	-Inf	"SD"	4	15.3846153846154
"ECK120000438"	"hisB"	"+"	2091492	2092559	1068	"M-C6h"	5	0	0	0	0	0.202247191011236	NA	"NO"	5	12.5
"ECK120000439"	"hisC"	"+"	2090422	2091492	1071	"M-C6h"	2	0	0	0	0	0.186741363211951	NA	"NO"	6	15.3846153846154
"ECK120000440"	"hisD"	"+"	2089121	2090425	1305	"M-C6h"	1	0	0	0	0	0.0766283524904215	NA	"NO"	5	10.8695652173913
"ECK120000441"	"hisF"	"+"	2093868	2094644	777	"M-C6h"	5	0	0	0	0	0.223938223938224	NA	"NO"	4	14.2857142857143
"ECK120000442"	"hisG"	"+"	2088216	2089115	900	"M-C6h"	2	0	0	0	0	0.176666666666667	NA	"NO"	9	27.2727272727273
"ECK120000443"	"hisH"	"+"	2092559	2093149	591	"M-C6h"	0	0	0	0	0	0	NA	"NO"	4	18.1818181818182
"ECK120000445"	"hisP"	"-"	2421758	2422531	774	"M-C6h"	8	3.19160809689442	0	0	0	0.313953488372093	-Inf	"SD"	4	13.7931034482759
"ECK120000446"	"hisS"	"-"	2637323	2638597	1275	"M-C6h"	17	4.1171744449938	0	0	0	0.543529411764706	-Inf	"SD"	20	42.5531914893617
"ECK120000447"	"truA"	"-"	2432846	2433658	813	"M-C6h"	17	6.45682339159544	0	0	0	0.490774907749078	-Inf	"SD"	6	20
"ECK120000448"	"hlpA"	"+"	200482	200967	486	"M-C6h"	5	3.17683213348287	0	0	0	0.5	-Inf	"SD"	41	227.777777777778
"ECK120000451"	"hsdM"	"-"	4579482	4581071	1590	"M-C6h"	1	0	2	113	0	0.0276729559748428	NA	"NO"	12	20.3389830508475
"ECK120000453"	"hsdS"	"-"	4578091	4579485	1395	"M-C6h"	0	0	0	0	0	0	NA	"NO"	4	7.84313725490196
"ECK120000454"	"htpG"	"+"	494344	496218	1875	"M-C6h"	15	2.47030466699628	0	0	0	0.365333333333333	-Inf	"SD"	90	126.760563380282
"ECK120000456"	"degP"	"+"	180884	182308	1425	"M-C6h"	20	4.33386783683557	0	0	0	0.531228070175439	-Inf	"SD"	18	36.734693877551
"ECK120000459"	"hupA"	"+"	4198304	4198576	273	"M-C6h"	46	52.0302265026688	0	0	0	1	-Inf	"SD"	12	120
"ECK120000460"	"hupB"	"+"	460675	460947	273	"M-C6h"	69	78.0453397540033	0	0	0	1	-Inf	"SD"	36	400
"ECK120000462"	"hyaB"	"+"	1032477	1034270	1794	"M-C6h"	2	0	0	0	0	0.0557413600891862	NA	"NO"	NA	NA
"ECK120000463"	"hyaC"	"+"	1034289	1034996	708	"M-C6h"	2	0	0	0	0	0.108757062146893	NA	"NO"	NA	NA
"ECK120000464"	"hyaD"	"+"	1034993	1035580	588	"M-C6h"	1	0	0	0	0	0.146258503401361	NA	"NO"	NA	NA
"ECK120000465"	"hyaE"	"+"	1035577	1035975	399	"M-C6h"	0	0	0	0	0	0	NA	"NO"	NA	NA
"ECK120000466"	"hyaF"	"+"	1035972	1036829	858	"M-C6h"	0	0	0	0	0	0	NA	"NO"	NA	NA
"ECK120000468"	"hycB"	"-"	2847260	2847871	612	"M-C6h"	0	0	0	0	0	0	NA	"NO"	NA	NA
"ECK120000469"	"hycC"	"-"	2845437	2847263	1827	"M-C6h"	0	0	0	0	0	0	NA	"NO"	NA	NA
"ECK120000470"	"hycD"	"-"	2844511	2845434	924	"M-C6h"	0	0	0	0	0	0	NA	"NO"	NA	NA
"ECK120000471"	"hycE"	"-"	2842784	2844493	1710	"M-C6h"	0	0	0	0	0	0	NA	"NO"	NA	NA
"ECK120000472"	"hycF"	"-"	2842232	2842774	543	"M-C6h"	0	0	0	0	0	0	NA	"NO"	NA	NA
"ECK120000473"	"hycG"	"-"	2841465	2842232	768	"M-C6h"	0	0	0	0	0	0	NA	"NO"	NA	NA
"ECK120000474"	"hycH"	"-"	2841058	2841468	411	"M-C6h"	15	11.2696380793626	0	0	0	0.785888077858881	-Inf	"SD"	NA	NA
"ECK120000477"	"hypB"	"+"	2849023	2849895	873	"M-C6h"	0	0	0	0	0	0	NA	"NO"	4	12.5
"ECK120000478"	"hypC"	"+"	2849886	2850158	273	"M-C6h"	0	0	0	0	0	0	NA	"NO"	NA	NA
"ECK120000479"	"hypD"	"+"	2850158	2851279	1122	"M-C6h"	0	0	8	121	66.1157024793388	0	Inf	"AD"	NA	NA
"ECK120000480"	"hypE"	"+"	2851318	2852286	969	"M-C6h"	2	0	0	0	0	0.17750257997936	NA	"NO"	NA	NA
"ECK120000485"	"ileS"	"+"	22391	25207	2817	"M-C6h"	14	0	0	0	0	0.231806886758963	NA	"NO"	86	82.6923076923077
"ECK120000487"	"ilvB"	"-"	3849119	3850807	1689	"M-C6h"	10	0	0	0	0	0.228537596210776	NA	"NO"	6	10
"ECK120000489"	"ilvD"	"+"	3951501	3953351	1851	"M-C6h"	5	0	0	0	0	0.135602377093463	NA	"NO"	6	9.09090909090909
"ECK120000490"	"ilvE"	"+"	3950507	3951436	930	"M-C6h"	0	0	0	0	0	0	NA	"NO"	2	5.88235294117647
"ECK120000491"	"ilvG_2"	"+"	3949646	3950227	582	"M-C6h"	0	0	0	0	0	0	NA	"NO"	NA	NA
"ECK120000492"	"ilvH"	"+"	87357	87848	492	"M-C6h"	1	0	0	0	0	0.203252032520325	NA	"NO"	0	0
"ECK120000493"	"ilvI"	"+"	85630	87354	1725	"M-C6h"	9	0	0	0	0	0.239420289855072	NA	"NO"	NA	NA
"ECK120000494"	"ilvM"	"+"	3950224	3950487	264	"M-C6h"	0	0	0	0	0	0	NA	"NO"	NA	NA
"ECK120000495"	"ilvN"	"-"	3848825	3849115	291	"M-C6h"	0	0	0	0	0	0	NA	"NO"	NA	NA
"ECK120000497"	"infA"	"-"	925448	925666	219	"M-C6h"	7	9.86993873799882	0	0	0	0.940639269406393	-Inf	"SD"	3	37.5
"ECK120000498"	"infB"	"-"	3311364	3314036	2673	"M-C6h"	26	3.00355038074744	0	0	0	0.345679012345679	-Inf	"SD"	125	128.865979381443
"ECK120000499"	"infC"	"-"	1798120	1798662	543	"M-C6h"	101	57.4357208486704	0	0	0	0.942909760589319	-Inf	"SD"	35	166.666666666667
"ECK120000501"	"ispA"	"-"	439426	440325	900	"M-C6h"	9	3.08788083374535	0	0	0	0.283333333333333	-Inf	"SD"	5	15.625
"ECK120000504"	"katG"	"+"	4131858	4134038	2181	"M-C6h"	55	7.78695304245732	0	0	0	0.716185236130215	-Inf	"SD"	178	222.5
"ECK120000505"	"kbl"	"-"	3789378	3790574	1197	"M-C6h"	33	8.51295467949845	0	0	0	0.654970760233918	-Inf	"SD"	23	53.4883720930233
"ECK120000506"	"kdpA"	"-"	726282	727955	1674	"M-C6h"	1	0	0	0	0	0.0483870967741935	NA	"NO"	NA	NA
"ECK120000507"	"kdpB"	"-"	724211	726259	2049	"M-C6h"	1	0	0	0	0	0.0209858467545144	NA	"NO"	NA	NA
"ECK120000508"	"kdpC"	"-"	723630	724202	573	"M-C6h"	8	0	0	0	0	0.144851657940663	NA	"NO"	NA	NA
"ECK120000509"	"kdpD"	"-"	720953	723637	2685	"M-C6h"	23	2.64511207359937	0	0	0	0.312476722532588	-Inf	"SD"	1	1.01010101010101
"ECK120000512"	"kdsB"	"+"	970075	970821	747	"M-C6h"	5	2.06685464106114	0	0	0	0.410977242302544	-Inf	"SD"	6	21.4285714285714
"ECK120000514"	"kefC"	"+"	47769	49631	1863	"M-C6h"	10	0	1	45	0	0.198067632850242	NA	"NO"	NA	NA
"ECK120000516"	"rsmA"	"-"	51609	52430	822	"M-C6h"	5	1.8782730132271	0	0	0	0.318734793187348	-Inf	"SD"	8	26.6666666666667
"ECK120000518"	"lacI"	"-"	365652	366734	1083	"M-C6h"	12	3.42147460802809	0	0	0	0.467220683287165	-Inf	"SD"	NA	NA
"ECK120000519"	"lacY"	"-"	361150	362403	1254	"M-C6h"	1	0	0	0	0	0.0119617224880383	NA	"NO"	NA	NA
"ECK120000520"	"lacZ"	"-"	362455	365529	3075	"M-C6h"	0	0	0	0	0	0	NA	"NO"	3	2.58620689655172
"ECK120000521"	"lamB"	"+"	4245994	4247334	1341	"M-C6h"	5	0	0	0	0	0.213273676360925	NA	"NO"	14	28
"ECK120000522"	"lepA"	"-"	2703347	2705146	1800	"M-C6h"	4	0	0	0	0	0.151111111111111	NA	"NO"	30	44.7761194029851
"ECK120000523"	"lepB"	"-"	2702357	2703331	975	"M-C6h"	0	0	0	0	0	0	NA	"NO"	2	5.55555555555556
"ECK120000526"	"lexA"	"+"	4255138	4255746	609	"M-C6h"	51	25.859100578163	0	0	0	0.883415435139573	-Inf	"SD"	5	22.7272727272727
"ECK120000527"	"ligA"	"-"	2526183	2528198	2016	"M-C6h"	5	0	0	0	0	0.213293650793651	NA	"NO"	13	17.5675675675676
"ECK120000529"	"livF"	"-"	3590747	3591460	714	"M-C6h"	3	0	0	0	0	0.222689075630252	NA	"NO"	NA	NA
"ECK120000530"	"livG"	"-"	3591462	3592229	768	"M-C6h"	9	3.61861035204533	0	0	0	0.584635416666667	-Inf	"SD"	NA	NA
"ECK120000531"	"livH"	"-"	3593500	3594426	927	"M-C6h"	6	1.99862837135621	0	0	0	0.43042071197411	-Inf	"SD"	NA	NA
"ECK120000534"	"livM"	"-"	3592226	3593503	1278	"M-C6h"	11	2.65780040463215	0	0	0	0.457746478873239	-Inf	"SD"	NA	NA
"ECK120000535"	"lon"	"+"	458112	460466	2355	"M-C6h"	10	0	0	0	0	0.228874734607219	NA	"NO"	51	58.6206896551724
"ECK120000538"	"lpxA"	"+"	202560	203348	789	"M-C6h"	2	0	0	0	0	0.110266159695817	NA	"NO"	6	21.4285714285714
"ECK120000539"	"lpxB"	"+"	203348	204496	1149	"M-C6h"	1	0	0	0	0	0.0870322019147084	NA	"NO"	NA	NA
"ECK120000541"	"lspA"	"+"	25207	25701	495	"M-C6h"	0	0	0	0	0	0	NA	"NO"	2	11.1111111111111
"ECK120000543"	"lysC"	"-"	4229907	4231256	1350	"M-C6h"	2	0	0	0	0	0.0688888888888889	NA	"NO"	1	2.04081632653061
"ECK120000548"	"malF"	"-"	4241554	4243098	1545	"M-C6h"	1	0	0	0	0	0.0110032362459547	NA	"NO"	6	10.5263157894737
"ECK120000549"	"malG"	"-"	4240649	4241539	891	"M-C6h"	0	0	1	78	0	0	NA	"NO"	NA	NA
"ECK120000552"	"malM"	"+"	4247577	4248497	921	"M-C6h"	9	0	0	0	0	0.0879478827361563	NA	"NO"	13	40.625
"ECK120000557"	"malY"	"+"	1698981	1700153	1173	"M-C6h"	2	0	0	0	0	0.0954816709292413	NA	"NO"	NA	NA
"ECK120000561"	"manY"	"+"	1901106	1901906	801	"M-C6h"	21	8.09556772892039	1	89	0	0.689138576779026	-Inf	"SD"	14	50
"ECK120000562"	"manZ"	"+"	1901919	1902770	852	"M-C6h"	30	10.8728198371315	0	0	0	0.813380281690141	-Inf	"SD"	13	41.9354838709677
"ECK120000564"	"mazE"	"-"	2909113	2909361	249	"M-C6h"	13	16.1214662002769	0	0	0	1	-Inf	"SD"	NA	NA
"ECK120000565"	"mazG"	"-"	2907916	2908707	792	"M-C6h"	16	6.23814309847545	0	0	0	0.536616161616162	-Inf	"SD"	NA	NA
"ECK120000566"	"mcrA"	"+"	1209569	1210402	834	"M-C6h"	1	0	0	0	0	0.0479616306954436	NA	"NO"	NA	NA
"ECK120000567"	"mcrB"	"-"	4575981	4577360	1380	"M-C6h"	0	0	0	0	0	0	NA	"NO"	NA	NA
"ECK120000572"	"menD"	"-"	2375611	2377281	1671	"M-C6h"	0	0	0	0	0	0	NA	"NO"	2	3.27868852459016
"ECK120000573"	"mepA"	"-"	2443582	2444406	825	"M-C6h"	0	0	0	0	0	0	NA	"NO"	NA	NA
"ECK120000578"	"metF"	"+"	4130639	4131529	891	"M-C6h"	0	0	0	0	0	0	NA	"NO"	NA	NA
"ECK120000583"	"metL"	"+"	4127858	4130290	2433	"M-C6h"	0	0	0	0	0	0	NA	"NO"	6	6.74157303370786
"ECK120000585"	"mglA"	"-"	2235791	2237311	1521	"M-C6h"	11	2.23318140507553	0	0	0	0.499671268902038	-Inf	"SD"	20	35.7142857142857
"ECK120000586"	"mglB"	"-"	2237372	2238370	999	"M-C6h"	22	6.80013797221198	0	0	0	0.673673673673674	-Inf	"SD"	114	316.666666666667
"ECK120000588"	"miaA"	"+"	4397275	4398225	951	"M-C6h"	28	9.0915524021945	0	0	0	0.68664563617245	-Inf	"SD"	4	11.4285714285714
"ECK120000590"	"minD"	"-"	1223772	1224584	813	"M-C6h"	30	11.3943942204625	1	46	0	0.921279212792128	-Inf	"SD"	34	113.333333333333
"ECK120000592"	"groL"	"+"	4369048	4370694	1647	"M-C6h"	37	6.93695147835931	0	0	0	0.79538554948391	-Inf	"SD"	478	838.59649122807
"ECK120000594"	"motA"	"-"	1974276	1975163	888	"M-C6h"	0	0	0	0	0	0	NA	"NO"	1	3.125
"ECK120000595"	"motB"	"-"	1973353	1974279	927	"M-C6h"	0	0	0	0	0	0	NA	"NO"	NA	NA
"ECK120000596"	"mprA"	"+"	2808792	2809322	531	"M-C6h"	1	0	0	0	0	0.111111111111111	NA	"NO"	4	19.047619047619
"ECK120000597"	"mraY"	"+"	96002	97084	1083	"M-C6h"	8	2.28098307201872	0	0	0	0.412742382271468	-Inf	"SD"	NA	NA
"ECK120000598"	"mrcB"	"+"	164730	167264	2535	"M-C6h"	2	0	1	100	0	0.0670611439842209	NA	"NO"	10	10.6382978723404
"ECK120000599"	"mrdA"	"-"	665539	667440	1902	"M-C6h"	2	0	0	0	0	0.0620399579390116	NA	"NO"	NA	NA
"ECK120000600"	"mrdB"	"-"	664424	665536	1113	"M-C6h"	0	0	0	0	0	0	NA	"NO"	NA	NA
"ECK120000601"	"mreB"	"-"	3398066	3399109	1044	"M-C6h"	3	0	0	0	0	0.157088122605364	NA	"NO"	9	24.3243243243243
"ECK120000602"	"mreC"	"-"	3396897	3398000	1104	"M-C6h"	3	0	0	0	0	0.117753623188406	NA	"NO"	3	7.5
"ECK120000603"	"mreD"	"-"	3396409	3396897	489	"M-C6h"	3	1.89440541947567	0	0	0	0.261758691206544	-Inf	"SD"	NA	NA
"ECK120000606"	"msbA"	"+"	965844	967592	1749	"M-C6h"	4	0	0	0	0	0.144082332761578	NA	"NO"	14	21.875
"ECK120000609"	"mtlD"	"+"	3772447	3773595	1149	"M-C6h"	24	6.449881637066	0	0	0	0.697998259355962	-Inf	"SD"	12	29.2682926829268
"ECK120000611"	"mukB"	"+"	975549	980009	4461	"M-C6h"	20	1.38438952420773	0	0	0	0.265859672719121	-Inf	"SD"	46	27.0588235294118
"ECK120000612"	"murC"	"+"	100765	102240	1476	"M-C6h"	11	2.30126620401076	0	0	0	0.326558265582656	-Inf	"SD"	8	14.8148148148148
"ECK120000613"	"murD"	"+"	97087	98403	1317	"M-C6h"	11	2.57909560905078	0	0	0	0.422930903568717	-Inf	"SD"	2	4.25531914893617
"ECK120000614"	"murE"	"+"	93166	94653	1488	"M-C6h"	10	2.07518873235574	1	63	0	0.36760752688172	-Inf	"SD"	2	3.77358490566038
"ECK120000615"	"murF"	"+"	94650	96008	1359	"M-C6h"	13	2.95382272543705	1	63	0	0.276674025018396	-Inf	"SD"	1	2.12765957446809
"ECK120000616"	"murG"	"+"	99644	100711	1068	"M-C6h"	3	0	0	0	0	0.142322097378277	NA	"NO"	6	15.7894736842105
"ECK120000622"	"emrE"	"+"	567538	567870	333	"M-C6h"	2	0	0	0	0	0.249249249249249	NA	"NO"	NA	NA
"ECK120000623"	"nadA"	"+"	781308	782351	1044	"M-C6h"	3	0	2	100	0	0.218390804597701	NA	"NO"	NA	NA
"ECK120000625"	"nagA"	"-"	700826	701974	1149	"M-C6h"	15	4.03117602316625	0	0	0	0.373368146214099	-Inf	"SD"	5	12.1951219512195
"ECK120000627"	"umpH"	"-"	698797	699549	753	"M-C6h"	2	0	0	0	0	0.224435590969456	NA	"NO"	13	48.1481481481481
"ECK120000629"	"nagC"	"-"	699597	700817	1221	"M-C6h"	15	3.79346539772156	0	0	0	0.327600327600328	-Inf	"SD"	4	8.88888888888889
"ECK120000630"	"nanA"	"-"	3370705	3371598	894	"M-C6h"	1	0	0	0	0	0.0906040268456376	NA	"NO"	15	45.4545454545455
"ECK120000631"	"narG"	"+"	1279087	1282830	3744	"M-C6h"	2	0	0	0	0	0.03125	NA	"NO"	140	100
"ECK120000632"	"narH"	"+"	1282827	1284365	1539	"M-C6h"	0	0	0	0	0	0	NA	"NO"	31	53.448275862069
"ECK120000633"	"narI"	"+"	1285072	1285749	678	"M-C6h"	0	0	0	0	0	0	NA	"NO"	3	12
"ECK120000634"	"narJ"	"+"	1284362	1285072	711	"M-C6h"	0	0	0	0	0	0	NA	"NO"	1	3.84615384615385
"ECK120000637"	"narV"	"-"	1533961	1534641	681	"M-C6h"	0	0	0	0	0	0	NA	"NO"	NA	NA
"ECK120000638"	"narW"	"-"	1534638	1535333	696	"M-C6h"	0	0	0	0	0	0	NA	"NO"	NA	NA
"ECK120000640"	"narY"	"-"	1535333	1536877	1545	"M-C6h"	1	0	0	0	0	0.0220064724919094	NA	"NO"	NA	NA
"ECK120000641"	"narZ"	"-"	1536874	1540614	3741	"M-C6h"	4	0	0	0	0	0.0847367014167335	NA	"NO"	NA	NA
"ECK120000642"	"ndh"	"+"	1165308	1166612	1305	"M-C6h"	4	0.94647688390662	1	99	0	0.2727969348659	-Inf	"SD"	25	53.1914893617021
"ECK120000643"	"ndk"	"-"	2642455	2642886	432	"M-C6h"	16	11.4365956805383	0	0	0	1	-Inf	"SD"	10	66.6666666666667
"ECK120000644"	"nfo"	"+"	2248862	2249719	858	"M-C6h"	0	0	0	0	0	0	NA	"NO"	4	12.9032258064516
"ECK120000645"	"nhaA"	"+"	17489	18655	1167	"M-C6h"	7	1.85219930044708	2	100	0	0.469580119965724	-Inf	"SD"	NA	NA
"ECK120000646"	"nirB"	"+"	3492033	3494576	2544	"M-C6h"	2	0	0	0	0	0.0562106918238994	NA	"NO"	NA	NA
"ECK120000647"	"nirC"	"+"	3495025	3495831	807	"M-C6h"	1	0	0	0	0	0.0731102850061958	NA	"NO"	NA	NA
"ECK120000648"	"nirD"	"+"	3494573	3494899	327	"M-C6h"	0	0	0	0	0	0	NA	"NO"	NA	NA
"ECK120000651"	"bamC"	"-"	2595853	2596887	1035	"M-C6h"	19	5.66857351122334	0	0	0	0.571014492753623	-Inf	"SD"	5	13.5135135135135
"ECK120000654"	"nrdB"	"+"	2345406	2346536	1131	"M-C6h"	4	0	0	0	0	0.20159151193634	NA	"NO"	10	22.7272727272727
"ECK120000655"	"nth"	"+"	1709547	1710182	636	"M-C6h"	0	0	0	0	0	0	NA	"NO"	3	12.5
"ECK120000658"	"nusA"	"-"	3314061	3315548	1488	"M-C6h"	8	1.6601509858846	0	0	0	0.254704301075269	-Inf	"SD"	35	63.6363636363636
"ECK120000659"	"nusB"	"+"	434361	434780	420	"M-C6h"	3	2.20562916696096	0	0	0	0.514285714285714	-Inf	"SD"	10	62.5
"ECK120000660"	"nusG"	"+"	4175766	4176311	546	"M-C6h"	11	6.22100534271041	0	0	0	0.611721611721612	-Inf	"SD"	23	109.52380952381
"ECK120000661"	"ogt"	"-"	1397745	1398260	516	"M-C6h"	1	0	1	43	0	0.193798449612403	NA	"NO"	NA	NA
"ECK120000664"	"ompF"	"-"	985117	986205	1089	"M-C6h"	411	116.539855157882	0	0	0	1	-Inf	"SD"	61	156.410256410256
"ECK120000667"	"oppA"	"+"	1299206	1300837	1632	"M-C6h"	162	30.6517582761487	0	0	0	0.85968137254902	-Inf	"SD"	54	88.5245901639344
"ECK120000668"	"oppB"	"+"	1300923	1301843	921	"M-C6h"	11	3.68802271131366	0	0	0	0.313789359391965	-Inf	"SD"	6	18.1818181818182
"ECK120000669"	"oppC"	"+"	1301858	1302766	909	"M-C6h"	15	5.09551292697252	0	0	0	0.609460946094609	-Inf	"SD"	NA	NA
"ECK120000670"	"oppD"	"+"	1302778	1303791	1014	"M-C6h"	25	7.61311842639385	0	0	0	0.790927021696253	-Inf	"SD"	4	10.8108108108108
"ECK120000675"	"pabA"	"-"	3488288	3488851	564	"M-C6h"	1	0	0	0	0	0.177304964539007	NA	"NO"	NA	NA
"ECK120000677"	"pal"	"+"	778290	778811	522	"M-C6h"	32	18.9295376781324	0	0	0	0.948275862068966	-Inf	"SD"	7	36.8421052631579
"ECK120000678"	"panF"	"+"	3405629	3407080	1452	"M-C6h"	0	0	0	0	0	0	NA	"NO"	NA	NA
"ECK120000679"	"parC"	"-"	3161737	3163995	2259	"M-C6h"	4	0	0	0	0	0.131031429836211	NA	"NO"	11	13.0952380952381
"ECK120000682"	"pcm"	"-"	2866915	2867541	627	"M-C6h"	5	2.46242490729294	0	0	0	0.515151515151515	-Inf	"SD"	1	4.34782608695652
"ECK120000683"	"pcnB"	"-"	157729	159126	1398	"M-C6h"	0	0	0	0	0	0	NA	"NO"	3	5.55555555555556
"ECK120000684"	"pdxA"	"-"	52427	53416	990	"M-C6h"	3	0	0	0	0	0.129292929292929	NA	"NO"	NA	NA
"ECK120000685"	"pdxJ"	"-"	2699020	2699751	732	"M-C6h"	7	2.95289150767998	0	0	0	0.489071038251366	-Inf	"SD"	5	19.2307692307692
"ECK120000689"	"pepP"	"-"	3051537	3052862	1326	"M-C6h"	12	2.79446229298221	0	0	0	0.402714932126697	-Inf	"SD"	9	18
"ECK120000691"	"pfkA"	"+"	4105575	4106537	963	"M-C6h"	5	1.60326107671098	0	0	0	0.268951194184839	-Inf	"SD"	21	60
"ECK120000693"	"pflB"	"-"	950495	952777	2283	"M-C6h"	135	18.2594793059843	0	0	0	0.89706526500219	-Inf	"SD"	184	216.470588235294
"ECK120000695"	"pgk"	"-"	3069481	3070644	1164	"M-C6h"	22	5.83620088852213	0	0	0	0.678694158075601	-Inf	"SD"	186	453.658536585366
"ECK120000698"	"pgsA"	"-"	1990293	1990841	549	"M-C6h"	9	5.06209972745139	0	0	0	0.448087431693989	-Inf	"SD"	NA	NA
"ECK120000701"	"pheS"	"-"	1795983	1796966	984	"M-C6h"	2	0	0	0	0	0.141260162601626	NA	"NO"	18	48.6486486486486
"ECK120000702"	"pheT"	"-"	1793581	1795968	2388	"M-C6h"	39	5.04302146214692	0	0	0	0.278894472361809	-Inf	"SD"	46	52.8735632183908
"ECK120000704"	"yjdN"	"-"	4323321	4323764	444	"M-C6h"	4	2.78187462499581	0	0	0	0.45045045045045	-Inf	"SD"	NA	NA
"ECK120000705"	"phnC"	"-"	4322400	4323188	789	"M-C6h"	0	0	0	0	0	0	NA	"NO"	NA	NA
"ECK120000706"	"phnD"	"-"	4321359	4322375	1017	"M-C6h"	0	0	0	0	0	0	NA	"NO"	NA	NA
"ECK120000707"	"phnF"	"-"	4319720	4320445	726	"M-C6h"	0	0	0	0	0	0	NA	"NO"	NA	NA
"ECK120000708"	"phnG"	"-"	4319267	4319719	453	"M-C6h"	0	0	0	0	0	0	NA	"NO"	NA	NA
"ECK120000709"	"phnH"	"-"	4318686	4319270	585	"M-C6h"	0	0	0	0	0	0	NA	"NO"	NA	NA
"ECK120000710"	"phnI"	"-"	4317622	4318686	1065	"M-C6h"	0	0	0	0	0	0	NA	"NO"	NA	NA
"ECK120000711"	"phnJ"	"-"	4316784	4317629	846	"M-C6h"	0	0	0	0	0	0	NA	"NO"	NA	NA
"ECK120000712"	"phnK"	"-"	4316029	4316787	759	"M-C6h"	0	0	0	0	0	0	NA	"NO"	NA	NA
"ECK120000713"	"phnL"	"-"	4315238	4315918	681	"M-C6h"	0	0	1	100	0	0	NA	"NO"	NA	NA
"ECK120000714"	"phnM"	"-"	4314105	4315241	1137	"M-C6h"	0	0	0	0	0	0	NA	"NO"	NA	NA
"ECK120000715"	"phnN"	"-"	4313548	4314105	558	"M-C6h"	0	0	0	0	0	0	NA	"NO"	NA	NA
"ECK120000716"	"phnO"	"-"	4313127	4313561	435	"M-C6h"	1	0	0	0	0	0.158620689655172	NA	"NO"	NA	NA
"ECK120000718"	"phoA"	"+"	400971	402386	1416	"M-C6h"	2	0	0	0	0	0.067090395480226	NA	"NO"	NA	NA
"ECK120000721"	"creC"	"+"	4634719	4636143	1425	"M-C6h"	1	0	0	0	0	0.0533333333333333	NA	"NO"	NA	NA
"ECK120000722"	"phoP"	"-"	1188999	1189670	672	"M-C6h"	42	19.2992552109084	0	0	0	0.639880952380952	-Inf	"SD"	15	57.6923076923077
"ECK120000723"	"phoQ"	"-"	1187539	1188999	1461	"M-C6h"	7	1.47947746996697	0	0	0	0.334017796030116	-Inf	"SD"	NA	NA
"ECK120000724"	"phoR"	"+"	417113	418408	1296	"M-C6h"	2	0	0	0	0	0.117283950617284	NA	"NO"	NA	NA
"ECK120000725"	"pstS"	"-"	3908508	3909548	1041	"M-C6h"	1	0	0	0	0	0.0960614793467819	NA	"NO"	4	10.8108108108108
"ECK120000726"	"phoU"	"-"	3904876	3905601	726	"M-C6h"	1	0	0	0	0	0.0881542699724518	NA	"NO"	4	14.8148148148148
"ECK120000734"	"pnp"	"-"	3307055	3309190	2136	"M-C6h"	65	9.39664111392545	1	39	0	0.63623595505618	-Inf	"SD"	156	202.597402597403
"ECK120000738"	"polB"	"-"	63429	65780	2352	"M-C6h"	2	0	0	0	0	0.0620748299319728	NA	"NO"	NA	NA
"ECK120000741"	"potB"	"-"	1182840	1183667	828	"M-C6h"	1	0	3	73	0	0.120772946859903	NA	"NO"	NA	NA
"ECK120000742"	"potC"	"-"	1182049	1182843	795	"M-C6h"	0	0	1	58	0	0	NA	"NO"	NA	NA
"ECK120000743"	"potD"	"-"	1181006	1182052	1047	"M-C6h"	9	2.65433882556907	0	0	0	0.357211079274117	-Inf	"SD"	25	64.1025641025641
"ECK120000744"	"potE"	"-"	716169	717488	1320	"M-C6h"	0	0	1	43	0	0	NA	"NO"	NA	NA
"ECK120000745"	"poxB"	"-"	908554	910272	1719	"M-C6h"	0	0	0	0	0	0	NA	"NO"	NA	NA
"ECK120000747"	"ppc"	"-"	4148470	4151121	2652	"M-C6h"	28	3.26020600847925	12	157	76.4331210191083	0.392911010558069	-0.441928723659709	"SD"	58	58.5858585858586
"ECK120000751"	"prc"	"-"	1910792	1912840	2049	"M-C6h"	9	1.35631661804334	2	78	0	0.26207906295754	-Inf	"SD"	17	22.0779220779221
"ECK120000752"	"prfA"	"+"	1264235	1265317	1083	"M-C6h"	0	0	0	0	0	0	NA	"NO"	5	12.1951219512195
"ECK120000753"	"prfB"	"-"	3033206	3034304	1099	"M-C6h"	5	1.40485934201335	0	0	0	0.259326660600546	-Inf	"SD"	12	29.2682926829268
"ECK120000755"	"priB"	"+"	4423543	4423857	315	"M-C6h"	3	2.94083888928128	0	0	0	0.438095238095238	-Inf	"SD"	NA	NA
"ECK120000757"	"secY"	"-"	3440788	3442119	1332	"M-C6h"	103	23.8777571978807	2	163	0	0.933933933933934	-Inf	"SD"	17	34.6938775510204
"ECK120000758"	"proA"	"+"	260727	261980	1254	"M-C6h"	2	0	0	0	0	0.10207336523126	NA	"NO"	8	17.7777777777778
"ECK120000761"	"proS"	"-"	217057	218775	1719	"M-C6h"	9	1.61669153599233	1	72	0	0.337987201861547	-Inf	"SD"	63	98.4375
"ECK120000762"	"proV"	"+"	2802837	2804039	1203	"M-C6h"	2	0	0	0	0	0.106400665004156	NA	"NO"	13	29.5454545454545
"ECK120000763"	"proW"	"+"	2804032	2805096	1065	"M-C6h"	1	0	0	0	0	0.0938967136150235	NA	"NO"	7	18.4210526315789
"ECK120000764"	"proX"	"+"	2805154	2806146	993	"M-C6h"	2	0	0	0	0	0.158106747230614	NA	"NO"	23	63.8888888888889
"ECK120000765"	"prs"	"-"	1260151	1261098	948	"M-C6h"	2	0	1	75	0	0.129746835443038	NA	"NO"	36	105.882352941176
"ECK120000766"	"psd"	"-"	4387415	4388383	969	"M-C6h"	2	0	0	0	0	0.145510835913313	NA	"NO"	10	27.7777777777778
"ECK120000768"	"pspB"	"+"	1366825	1367049	225	"M-C6h"	2	2.7447829633292	0	0	0	0.537777777777778	-Inf	"SD"	NA	NA
"ECK120000769"	"pspC"	"+"	1367049	1367408	360	"M-C6h"	9	7.71970208436337	0	0	0	0.758333333333333	-Inf	"SD"	NA	NA
"ECK120000770"	"pspD"	"+"	1367417	1367638	222	"M-C6h"	10	13.909373124979	0	0	0	0.882882882882883	-Inf	"SD"	NA	NA
"ECK120000771"	"pspE"	"+"	1367713	1368027	315	"M-C6h"	30	29.4083888928128	0	0	0	1	-Inf	"SD"	2	18.1818181818182
"ECK120000773"	"pstA"	"-"	3906572	3907462	891	"M-C6h"	0	0	0	0	0	0	NA	"NO"	NA	NA
"ECK120000774"	"pstB"	"-"	3905616	3906389	774	"M-C6h"	0	0	0	0	0	0	NA	"NO"	1	3.44827586206897
"ECK120000775"	"pstC"	"-"	3907462	3908421	960	"M-C6h"	0	0	1	100	0	0	NA	"NO"	NA	NA
"ECK120000777"	"ptrA"	"-"	2954018	2956906	2889	"M-C6h"	4	0	0	0	0	0.106265143648321	NA	"NO"	10	9.25925925925926
"ECK120000779"	"ptsH"	"+"	2531786	2532043	258	"M-C6h"	7	8.37797125434784	0	0	0	0.65891472868217	-Inf	"SD"	49	544.444444444444
"ECK120000780"	"ptsI"	"+"	2532088	2533815	1728	"M-C6h"	47	8.39874995289533	0	0	0	0.898148148148148	-Inf	"SD"	52	81.25
"ECK120000781"	"purA"	"+"	4402710	4404008	1299	"M-C6h"	37	8.79534956494056	1	49	0	0.769822940723634	-Inf	"SD"	52	110.63829787234
"ECK120000782"	"purC"	"-"	2594927	2595640	714	"M-C6h"	0	0	0	0	0	0	NA	"NO"	7	25.9259259259259
"ECK120000784"	"purE"	"-"	551814	552323	510	"M-C6h"	0	0	0	0	0	0	NA	"NO"	1	5.55555555555556
"ECK120000785"	"purF"	"-"	2426743	2428260	1518	"M-C6h"	1	0	1	58	0	0.0375494071146245	NA	"NO"	1	1.78571428571429
"ECK120000790"	"purN"	"+"	2620256	2620894	639	"M-C6h"	1	0	0	0	0	0.156494522691706	NA	"NO"	1	4.34782608695652
"ECK120000797"	"pyrC"	"-"	1120784	1121830	1047	"M-C6h"	1	0	3	108	0	0.0725883476599809	NA	"NO"	9	23.0769230769231
"ECK120000798"	"pyrD"	"+"	1003991	1005001	1011	"M-C6h"	0	0	1	100	0	0	NA	"NO"	6	16.2162162162162
"ECK120000800"	"pyrF"	"+"	1339945	1340682	738	"M-C6h"	1	0	0	0	0	0.130081300813008	NA	"NO"	9	34.6153846153846
"ECK120000801"	"pyrG"	"-"	2906051	2907688	1638	"M-C6h"	15	2.827729701232	0	0	0	0.405372405372405	-Inf	"SD"	16	26.6666666666667
"ECK120000802"	"pyrI"	"-"	4469009	4469470	462	"M-C6h"	0	0	0	0	0	0	NA	"NO"	NA	NA
"ECK120000804"	"racC"	"-"	1415512	1415787	276	"M-C6h"	0	0	0	0	0	0	NA	"NO"	NA	NA
"ECK120000805"	"rbsA"	"+"	3931801	3933306	1506	"M-C6h"	32	6.56123417528892	0	0	0	0.615537848605578	-Inf	"SD"	10	18.1818181818182
"ECK120000806"	"rbsB"	"+"	3934301	3935191	891	"M-C6h"	177	61.3417404683419	0	0	0	0.983164983164983	-Inf	"SD"	55	177.41935483871
"ECK120000807"	"rbsC"	"+"	3933311	3934276	966	"M-C6h"	104	33.2442657049189	1	60	0	0.890269151138716	-Inf	"SD"	NA	NA
"ECK120000808"	"rbsD"	"+"	3931374	3931793	420	"M-C6h"	246	180.861591690799	0	0	0	0.895238095238095	-Inf	"SD"	NA	NA
"ECK120000809"	"rbsK"	"+"	3935317	3936246	930	"M-C6h"	1	0	0	0	0	0.021505376344086	NA	"NO"	8	25
"ECK120000814"	"recA"	"-"	2820730	2821791	1062	"M-C6h"	71	20.6440244063954	0	0	0	0.795668549905838	-Inf	"SD"	10	26.3157894736842
"ECK120000815"	"recB"	"-"	2950483	2954025	3543	"M-C6h"	2	0	0	0	0	0.0366920688681908	NA	"NO"	0	0
"ECK120000816"	"recC"	"-"	2957082	2960450	3369	"M-C6h"	3	0	3	135	0	0.0391807658058771	NA	"NO"	5	3.87596899224806
"ECK120000818"	"recE"	"-"	1412810	1415410	2601	"M-C6h"	0	0	0	0	0	0	NA	"NO"	NA	NA
"ECK120000819"	"recF"	"-"	3878171	3879244	1074	"M-C6h"	2	0	0	0	0	0.00465549348230913	NA	"NO"	NA	NA
"ECK120000821"	"recJ"	"-"	3034395	3036128	1734	"M-C6h"	3	0	0	0	0	0.0813148788927336	NA	"NO"	NA	NA
"ECK120000822"	"recN"	"+"	2749817	2751478	1662	"M-C6h"	8	1.48634456497971	0	0	0	0.308664259927798	-Inf	"SD"	NA	NA
"ECK120000823"	"recO"	"-"	2699763	2700491	729	"M-C6h"	1	0	0	0	0	0.0219478737997256	NA	"NO"	NA	NA
"ECK120000824"	"recQ"	"+"	4003887	4005716	1830	"M-C6h"	0	0	0	0	0	0	NA	"NO"	NA	NA
"ECK120000825"	"recR"	"+"	493629	494234	606	"M-C6h"	0	0	0	0	0	0	NA	"NO"	2	9.09090909090909
"ECK120000826"	"relA"	"-"	2909439	2911673	2235	"M-C6h"	8	1.10528173019968	0	0	0	0.259955257270694	-Inf	"SD"	NA	NA
"ECK120000831"	"rfe"	"+"	3965939	3967042	1104	"M-C6h"	1	0	0	0	0	0.0507246376811594	NA	"NO"	NA	NA
"ECK120000836"	"rho"	"+"	3964440	3965699	1260	"M-C6h"	7	0	0	0	0	0.142857142857143	NA	"NO"	52	110.63829787234
"ECK120000838"	"rhsB"	"+"	3617215	3621450	4236	"M-C6h"	4	0	0	0	0	0.0325779036827195	NA	"NO"	NA	NA
"ECK120000839"	"rhsC"	"+"	728806	732999	4194	"M-C6h"	0	0	0	0	0	0	NA	"NO"	NA	NA
"ECK120000840"	"rhsD"	"+"	522485	526765	4281	"M-C6h"	2	0	0	0	0	0.0334034104181266	NA	"NO"	NA	NA
"ECK120000841"	"rimI"	"+"	4606208	4606654	447	"M-C6h"	0	0	0	0	0	0	NA	"NO"	0	0
"ECK120000843"	"rimK"	"+"	891190	892092	903	"M-C6h"	0	0	0	0	0	0	NA	"NO"	NA	NA
"ECK120000845"	"rlpA"	"-"	663325	664413	1089	"M-C6h"	0	0	3	76	0	0	NA	"NO"	NA	NA
"ECK120000846"	"lptE"	"-"	670828	671409	582	"M-C6h"	2	0	0	0	0	0.178694158075601	NA	"NO"	3	14.2857142857143
"ECK120000848"	"rnc"	"-"	2701405	2702085	681	"M-C6h"	2	0	0	0	0	0.130690161527166	NA	"NO"	3	11.5384615384615
"ECK120000852"	"rnhB"	"+"	204493	205089	597	"M-C6h"	0	0	0	0	0	0	NA	"NO"	NA	NA
"ECK120000853"	"rnpA"	"+"	3882516	3882875	360	"M-C6h"	2	0	0	0	0	0.208333333333333	NA	"NO"	NA	NA
"ECK120000855"	"rplA"	"+"	4176902	4177606	705	"M-C6h"	18	7.88395106488174	0	0	0	0.788652482269504	-Inf	"SD"	145	580
"ECK120000856"	"rplB"	"-"	3448565	3449386	822	"M-C6h"	5	1.8782730132271	0	0	0	0.450121654501217	-Inf	"SD"	62	206.666666666667
"ECK120000857"	"rplC"	"-"	3450319	3450948	630	"M-C6h"	7	3.4309787041615	0	0	0	0.531746031746032	-Inf	"SD"	32	145.454545454545
"ECK120000858"	"rplD"	"-"	3449703	3450308	606	"M-C6h"	6	3.05730775618351	0	0	0	0.547854785478548	-Inf	"SD"	25	113.636363636364
"ECK120000859"	"rplE"	"-"	3444921	3445460	540	"M-C6h"	23	13.1520850326191	2	112	0	0.825925925925926	-Inf	"SD"	31	155
"ECK120000860"	"rplF"	"-"	3443629	3444162	534	"M-C6h"	9	5.20429354002025	0	0	0	0.647940074906367	-Inf	"SD"	48	252.631578947368
"ECK120000862"	"rplJ"	"+"	4178019	4178516	498	"M-C6h"	38	23.562142908097	2	188	0	0.993975903614458	-Inf	"SD"	17	94.4444444444444
"ECK120000863"	"rplK"	"+"	4176470	4176898	429	"M-C6h"	4	2.87914296852713	0	0	0	0.484848484848485	-Inf	"SD"	29	193.333333333333
"ECK120000864"	"rplL"	"+"	4178583	4178948	366	"M-C6h"	39	32.903648228434	0	0	0	1	-Inf	"SD"	112	933.333333333333
"ECK120000865"	"rplM"	"-"	3376245	3376673	429	"M-C6h"	7	5.03850019492248	1	100	0	0.314685314685315	-Inf	"SD"	13	81.25
"ECK120000866"	"rplN"	"-"	3445800	3446171	372	"M-C6h"	18	14.9413588729614	1	46	0	0.970430107526882	-Inf	"SD"	10	71.4285714285714
"ECK120000867"	"rplO"	"-"	3442127	3442561	435	"M-C6h"	36	25.5548758654787	0	0	0	0.963218390804598	-Inf	"SD"	31	206.666666666667
"ECK120000868"	"rplP"	"-"	3446781	3447191	411	"M-C6h"	8	6.01047364232671	0	0	0	0.722627737226277	-Inf	"SD"	19	126.666666666667
"ECK120000869"	"rplQ"	"-"	3437638	3438021	384	"M-C6h"	9	7.23722070409066	0	0	0	0.747395833333333	-Inf	"SD"	19	135.714285714286
"ECK120000870"	"rplR"	"-"	3443266	3443619	354	"M-C6h"	14	12.2119580995579	0	0	0	1	-Inf	"SD"	NA	NA
"ECK120000872"	"rplT"	"-"	1797417	1797773	357	"M-C6h"	20	17.2990522898899	0	0	0	1	-Inf	"SD"	5	38.4615384615385
"ECK120000873"	"rplV"	"-"	3447923	3448255	333	"M-C6h"	10	9.27291541665269	0	0	0	0.780780780780781	-Inf	"SD"	12	100
"ECK120000874"	"rplW"	"-"	3449404	3449706	303	"M-C6h"	4	4.07641034157802	0	0	0	0.468646864686469	-Inf	"SD"	NA	NA
"ECK120000875"	"rplX"	"-"	3445475	3445789	315	"M-C6h"	8	7.84223703808342	0	0	0	0.380952380952381	-Inf	"SD"	69	627.272727272727
"ECK120000877"	"rpmB"	"-"	3809461	3809697	237	"M-C6h"	6	7.8174198322667	0	0	0	0.375527426160338	-Inf	"SD"	3	33.3333333333333
"ECK120000878"	"rpmC"	"-"	3446590	3446781	192	"M-C6h"	24	38.5985104218168	0	0	0	1	-Inf	"SD"	5	71.4285714285714
"ECK120000879"	"rpmD"	"-"	3442565	3442744	180	"M-C6h"	7	12.0084254645652	0	0	0	0.688888888888889	-Inf	"SD"	5	71.4285714285714
"ECK120000881"	"rpmF"	"+"	1146590	1146763	174	"M-C6h"	2	3.54928831464982	0	0	0	0.488505747126437	-Inf	"SD"	NA	NA
"ECK120000882"	"rpmG"	"-"	3809273	3809440	168	"M-C6h"	0	0	0	0	0	0	NA	"NO"	NA	NA
"ECK120000884"	"rpoA"	"-"	3438062	3439051	990	"M-C6h"	54	16.8429863658837	0	0	0	0.936363636363636	-Inf	"SD"	69	186.486486486486
"ECK120000885"	"rpoB"	"+"	4179268	4183296	4029	"M-C6h"	31	2.37588249804184	0	0	0	0.409530900967982	-Inf	"SD"	293	194.039735099338
"ECK120000886"	"rpoC"	"+"	4183373	4187596	4224	"M-C6h"	35	2.55861338023407	0	0	0	0.393939393939394	-Inf	"SD"	376	242.58064516129
"ECK120000888"	"rpoH"	"-"	3597952	3598806	855	"M-C6h"	48	17.3354713473423	0	0	0	0.692397660818713	-Inf	"SD"	NA	NA
"ECK120000889"	"rpoN"	"+"	3342739	3344172	1434	"M-C6h"	22	4.73733461244056	0	0	0	0.451882845188285	-Inf	"SD"	7	12.962962962963
"ECK120000890"	"rpoZ"	"+"	3820129	3820404	276	"M-C6h"	9	10.0691766317783	0	0	0	0.77536231884058	-Inf	"SD"	4	40
"ECK120000891"	"rpsA"	"+"	961218	962891	1674	"M-C6h"	74	13.6501303283844	3	100	0	0.879928315412186	-Inf	"SD"	423	693.44262295082
"ECK120000892"	"rpsB"	"+"	189874	190599	726	"M-C6h"	7	2.97729556972692	0	0	0	0.504132231404959	-Inf	"SD"	53	196.296296296296
"ECK120000893"	"rpsC"	"-"	3447204	3447905	702	"M-C6h"	5	2.19934532318045	0	0	0	0.534188034188034	-Inf	"SD"	121	465.384615384615
"ECK120000894"	"rpsD"	"-"	3439077	3439697	621	"M-C6h"	25	12.4310822614547	0	0	0	0.853462157809984	-Inf	"SD"	55	239.130434782609
"ECK120000895"	"rpsE"	"-"	3442748	3443251	504	"M-C6h"	24	14.7041944464064	0	0	0	0.873015873015873	-Inf	"SD"	101	561.111111111111
"ECK120000897"	"rpsG"	"-"	3471564	3472103	540	"M-C6h"	31	17.7267233048344	0	0	0	1	-Inf	"SD"	20	100
"ECK120000898"	"rpsH"	"-"	3444175	3444567	393	"M-C6h"	10	7.85720313930114	0	0	0	0.854961832061069	-Inf	"SD"	23	164.285714285714
"ECK120000899"	"rpsI"	"-"	3375837	3376229	393	"M-C6h"	8	6.28576251144091	0	0	0	0.798982188295165	-Inf	"SD"	5	33.3333333333333
"ECK120000900"	"rpsJ"	"-"	3450981	3451292	312	"M-C6h"	7	6.92793776801841	0	0	0	0.830128205128205	-Inf	"SD"	31	258.333333333333
"ECK120000901"	"rpsK"	"-"	3439731	3440120	390	"M-C6h"	23	18.2105792759341	0	0	0	0.979487179487179	-Inf	"SD"	5	35.7142857142857
"ECK120000902"	"rpsL"	"-"	3472200	3472574	375	"M-C6h"	4	3.29373955599504	1	37	0	0.565333333333333	-Inf	"SD"	NA	NA
"ECK120000903"	"rpsM"	"-"	3440137	3440493	357	"M-C6h"	23	19.8939101333734	0	0	0	0.820728291316527	-Inf	"SD"	26	200
"ECK120000904"	"rpsN"	"-"	3444601	3444906	306	"M-C6h"	9	9.0820024521922	0	0	0	0.650326797385621	-Inf	"SD"	6	50
"ECK120000905"	"rpsO"	"-"	3309437	3309706	270	"M-C6h"	8	9.14927654443066	0	0	0	0.937037037037037	-Inf	"SD"	5	50
"ECK120000906"	"rpsP"	"-"	2743959	2744207	249	"M-C6h"	2	2.48022556927337	0	0	0	0.377510040160643	-Inf	"SD"	8	88.8888888888889
"ECK120000907"	"rpsQ"	"-"	3446336	3446590	255	"M-C6h"	62	75.0778869381222	0	0	0	1	-Inf	"SD"	1	10
"ECK120000908"	"rpsR"	"+"	4423862	4424089	228	"M-C6h"	1	0	0	0	0	0.0833333333333333	NA	"NO"	9	100
"ECK120000909"	"rpsS"	"-"	3448270	3448548	279	"M-C6h"	3	3.32030197176919	0	0	0	0.716845878136201	-Inf	"SD"	8	80
"ECK120000916"	"sbcC"	"-"	411831	414977	3147	"M-C6h"	0	0	1	57	0	0	NA	"NO"	0	0
"ECK120000918"	"sbp"	"+"	4106857	4107846	990	"M-C6h"	0	0	0	0	0	0	NA	"NO"	3	8.10810810810811
"ECK120000919"	"sdaA"	"+"	1894956	1896320	1365	"M-C6h"	19	4.29814914587264	1	45	0	0.595604395604396	-Inf	"SD"	0	0
"ECK120000920"	"sdhA"	"+"	755130	756896	1767	"M-C6h"	554	96.8130153873753	0	0	0	1	-Inf	"SD"	92	143.75
"ECK120000921"	"sdhB"	"+"	756912	757628	717	"M-C6h"	473	203.705388334944	1	100	0	1	-Inf	"SD"	38	140.740740740741
"ECK120000923"	"sdhD"	"+"	754783	755130	348	"M-C6h"	68	60.337901349047	4	100	0	1	-Inf	"SD"	NA	NA
"ECK120000925"	"secA"	"+"	108279	110984	2706	"M-C6h"	28	3.19514646507279	0	0	0	0.434220251293422	-Inf	"SD"	94	92.156862745098
"ECK120000926"	"secB"	"-"	3781684	3782151	468	"M-C6h"	26	17.1548935208075	1	52	0	0.893162393162393	-Inf	"SD"	14	82.3529411764706
"ECK120000927"	"secD"	"+"	426871	428718	1848	"M-C6h"	13	2.17221054321913	1	51	0	0.331709956709957	-Inf	"SD"	34	50.7462686567164
"ECK120000928"	"secE"	"+"	4175381	4175764	384	"M-C6h"	12	9.64962760545421	0	0	0	0.442708333333333	-Inf	"SD"	NA	NA
"ECK120000929"	"secF"	"+"	428729	429700	972	"M-C6h"	5	1.58841606674143	0	0	0	0.333333333333333	-Inf	"SD"	15	42.8571428571429
"ECK120000930"	"selA"	"-"	3757881	3759272	1392	"M-C6h"	2	0	0	0	0	0.0897988505747126	NA	"NO"	2	3.92156862745098
"ECK120000931"	"selB"	"-"	3756040	3757884	1845	"M-C6h"	2	0	0	0	0	0.0287262872628726	NA	"NO"	10	14.4927536231884
"ECK120000932"	"selD"	"-"	1844989	1846032	1044	"M-C6h"	29	8.57744676040374	0	0	0	0.795019157088123	-Inf	"SD"	17	45.9459459459459
"ECK120000935"	"serC"	"+"	956876	957964	1089	"M-C6h"	18	5.103935262389	0	0	0	0.624426078971534	-Inf	"SD"	13	32.5
"ECK120000936"	"serS"	"+"	938651	939943	1293	"M-C6h"	40	9.55260892109929	0	0	0	0.819025522041763	-Inf	"SD"	24	50
"ECK120000937"	"maeA"	"-"	1551996	1553693	1698	"M-C6h"	8	1.45483195936177	0	0	0	0.322732626619552	-Inf	"SD"	36	57.1428571428571
"ECK120000938"	"sfsA"	"-"	160782	161486	705	"M-C6h"	44	19.271880380822	0	0	0	0.845390070921986	-Inf	"SD"	2	7.69230769230769
"ECK120000944"	"prlF"	"+"	3275024	3275359	336	"M-C6h"	90	82.7110937610361	0	0	0	1	-Inf	"SD"	NA	NA
"ECK120000948"	"speA"	"-"	3081957	3083933	1977	"M-C6h"	10	0	5	48	0	0.182094081942337	NA	"NO"	25	33.7837837837838
"ECK120000952"	"speE"	"-"	135598	136464	867	"M-C6h"	3	0	2	100	0	0.167243367935409	NA	"NO"	8	25
"ECK120000955"	"spoT"	"+"	3820423	3822531	2109	"M-C6h"	4	0	0	0	0	0.118539592223803	NA	"NO"	NA	NA
"ECK120000956"	"trmH"	"+"	3822538	3823227	690	"M-C6h"	0	0	0	0	0	0	NA	"NO"	3	12
"ECK120000958"	"srlE"	"+"	2824414	2825373	960	"M-C6h"	0	0	0	0	0	0	NA	"NO"	11	33.3333333333333
"ECK120000959"	"srlB"	"+"	2825384	2825755	372	"M-C6h"	0	0	0	0	0	0	NA	"NO"	5	38.4615384615385
"ECK120000960"	"srlD"	"+"	2825759	2826538	780	"M-C6h"	1	0	0	0	0	0.0820512820512821	NA	"NO"	10	35.7142857142857
"ECK120000961"	"gutM"	"+"	2826643	2827002	360	"M-C6h"	0	0	0	0	0	0	NA	"NO"	NA	NA
"ECK120000963"	"srlR"	"+"	2827069	2827842	774	"M-C6h"	7	0	0	0	0	0.210594315245478	NA	"NO"	1	3.57142857142857
"ECK120000966"	"sspA"	"-"	3374804	3375442	639	"M-C6h"	4	1.93294574882338	0	0	0	0.341158059467919	-Inf	"SD"	26	108.333333333333
"ECK120000968"	"sucA"	"+"	757929	760730	2802	"M-C6h"	591	65.1298205832798	0	0	0	1	-Inf	"SD"	158	150.47619047619
"ECK120000969"	"sucB"	"+"	760745	761962	1218	"M-C6h"	260	65.9153544149253	0	0	0	0.993431855500821	-Inf	"SD"	78	177.272727272727
"ECK120000970"	"sucC"	"+"	762237	763403	1167	"M-C6h"	169	44.7173831107938	0	0	0	1	-Inf	"SD"	112	273.170731707317
"ECK120000973"	"sulA"	"-"	1019633	1020142	510	"M-C6h"	4	2.42186732058459	NA	259	169.88416988417	0.507843137254902	1.8613836930603	"AD"	NA	NA
"ECK120000974"	"surA"	"-"	53416	54702	1287	"M-C6h"	21	5.03850019492248	1	43	0	0.646464646464647	-Inf	"SD"	22	46.8085106382979
"ECK120000976"	"tap"	"-"	1967407	1969008	1602	"M-C6h"	2	0	0	0	0	0.0955056179775281	NA	"NO"	3	5.17241379310345
"ECK120000977"	"tar"	"-"	1969054	1970715	1662	"M-C6h"	8	0	0	0	0	0.166064981949458	NA	"NO"	17	28.3333333333333
"ECK120000979"	"tdcB"	"-"	3263061	3264050	990	"M-C6h"	3	0	0	0	0	0.247474747474747	NA	"NO"	NA	NA
"ECK120000980"	"tdcC"	"-"	3261708	3263039	1332	"M-C6h"	0	0	1	74	0	0	NA	"NO"	NA	NA
"ECK120000982"	"tdh"	"-"	3788343	3789368	1026	"M-C6h"	54	16.2520043881334	2	86	0	0.778752436647174	-Inf	"SD"	18	48.6486486486486
"ECK120000985"	"tgt"	"+"	425361	426488	1128	"M-C6h"	1	0	0	0	0	0.0195035460992908	NA	"NO"	7	16.2790697674419
"ECK120000986"	"mnmE"	"+"	3884851	3886215	1365	"M-C6h"	2	0	0	0	0	0.146520146520147	NA	"NO"	3	6.12244897959184
"ECK120000987"	"thrA"	"+"	337	2799	2463	"M-C6h"	20	2.50741440011802	9	161	0	0.503857084855867	-Inf	"SD"	70	78.6516853932584
"ECK120000988"	"thrB"	"+"	2801	3733	933	"M-C6h"	22	7.28117667121089	0	0	0	0.758842443729904	-Inf	"SD"	NA	NA
"ECK120000989"	"thrC"	"+"	3734	5020	1287	"M-C6h"	11	2.63921438781654	0	0	0	0.352758352758353	-Inf	"SD"	19	40.4255319148936
"ECK120000991"	"thyA"	"-"	2962383	2963177	795	"M-C6h"	2	0	0	0	0	0.0880503144654088	NA	"NO"	8	26.6666666666667
"ECK120000992"	"tig"	"+"	454357	455655	1299	"M-C6h"	9	2.13940935363419	0	0	0	0.435719784449577	-Inf	"SD"	141	293.75
"ECK120000994"	"tnaA"	"+"	3886753	3888168	1416	"M-C6h"	49	10.6854633371131	0	0	0	0.673022598870056	-Inf	"SD"	454	856.603773584906
"ECK120000995"	"tnaB"	"+"	3888259	3889506	1248	"M-C6h"	2	0	6	196	30.6122448979592	0.0713141025641026	Inf	"AD"	NA	NA
"ECK120000996"	"tolA"	"+"	775565	776830	1266	"M-C6h"	4	0	0	0	0	0.223538704581359	NA	"NO"	NA	NA
"ECK120000997"	"tolB"	"+"	776963	778255	1293	"M-C6h"	26	6.20919579871454	0	0	0	0.516627996906419	-Inf	"SD"	15	32.6086956521739
"ECK120000999"	"tolQ"	"+"	774376	775068	693	"M-C6h"	2	0	0	0	0	0.217893217893218	NA	"NO"	1	3.84615384615385
"ECK120001000"	"tolR"	"+"	775072	775500	429	"M-C6h"	2	1.43957148426357	0	0	0	0.268065268065268	-Inf	"SD"	1	6.66666666666667
"ECK120001003"	"topB"	"-"	1843023	1844984	1962	"M-C6h"	8	0	0	0	0	0.188583078491335	NA	"NO"	0	0
"ECK120001008"	"trkA"	"+"	3434540	3435916	1377	"M-C6h"	4	0	0	0	0	0.132897603485839	NA	"NO"	NA	NA
"ECK120001009"	"trkG"	"+"	1421806	1423263	1458	"M-C6h"	2	0	0	0	0	0.0644718792866941	NA	"NO"	NA	NA
"ECK120001010"	"trkH"	"+"	4031168	4032619	1452	"M-C6h"	8	0	0	0	0	0.202479338842975	NA	"NO"	NA	NA
"ECK120001012"	"trmD"	"-"	2742594	2743361	768	"M-C6h"	17	6.83515288719673	0	0	0	0.94140625	-Inf	"SD"	7	25
"ECK120001013"	"trpA"	"-"	1314440	1315246	807	"M-C6h"	48	18.3665774497865	0	0	0	0.856257744733581	-Inf	"SD"	9	31.0344827586207
"ECK120001014"	"trpB"	"-"	1315246	1316439	1194	"M-C6h"	54	13.9652902028684	0	0	0	0.934673366834171	-Inf	"SD"	19	44.1860465116279
"ECK120001015"	"trpC"	"-"	1316451	1317809	1359	"M-C6h"	84	19.0862391489779	0	0	0	0.986019131714496	-Inf	"SD"	1	2.04081632653061
"ECK120001016"	"trpD"	"-"	1317813	1319408	1596	"M-C6h"	134	25.9258165239271	0	0	0	0.954260651629073	-Inf	"SD"	7	12.280701754386
"ECK120001017"	"trpE"	"-"	1319408	1320970	1563	"M-C6h"	99	19.5585542252584	1	55	0	0.896353166986564	-Inf	"SD"	9	15.7894736842105
"ECK120001019"	"trpS"	"-"	3510656	3511660	1005	"M-C6h"	1	0	0	0	0	0.0995024875621891	NA	"NO"	17	45.9459459459459
"ECK120001022"	"tsf"	"+"	190857	191708	852	"M-C6h"	10	0	0	0	0	0.234741784037559	NA	"NO"	185	616.666666666667
"ECK120001025"	"tufA"	"-"	3468167	3469351	1185	"M-C6h"	7	0	0	0	0	0.10210970464135	NA	"NO"	699	1625.58139534884
"ECK120001026"	"tufB"	"+"	4173967	4175151	1185	"M-C6h"	3	0	0	0	0	0.0329113924050633	NA	"NO"	NA	NA
"ECK120001032"	"tyrS"	"-"	1713972	1715246	1275	"M-C6h"	9	2.17968058852613	2	109	0	0.385882352941176	-Inf	"SD"	24	50
"ECK120001033"	"ubiX"	"-"	2426079	2426648	570	"M-C6h"	0	0	0	0	0	0	NA	"NO"	1	4.76190476190476
"ECK120001035"	"ugpA"	"-"	3588047	3588934	888	"M-C6h"	0	0	0	0	0	0	NA	"NO"	NA	NA
"ECK120001036"	"ugpB"	"-"	3589032	3590348	1317	"M-C6h"	12	2.81355884623722	0	0	0	0.37129840546697	-Inf	"SD"	2	4.16666666666667
"ECK120001037"	"ugpC"	"-"	3586133	3587203	1071	"M-C6h"	4	0	0	0	0	0.1531279178338	NA	"NO"	NA	NA
"ECK120001038"	"ugpE"	"-"	3587205	3588050	846	"M-C6h"	2	0	0	0	0	0.236406619385343	NA	"NO"	NA	NA
"ECK120001040"	"uhpA"	"-"	3848159	3848749	591	"M-C6h"	0	0	0	0	0	0	NA	"NO"	0	0
"ECK120001041"	"uhpB"	"-"	3846657	3848159	1503	"M-C6h"	0	0	0	0	0	0	NA	"NO"	NA	NA
"ECK120001042"	"uhpC"	"-"	3845328	3846647	1320	"M-C6h"	0	0	0	0	0	0	NA	"NO"	NA	NA
"ECK120001044"	"uidA"	"-"	1692284	1694095	1812	"M-C6h"	16	2.72660559271112	0	0	0	0.503863134657837	-Inf	"SD"	8	11.7647058823529
"ECK120001046"	"umuD"	"+"	1229990	1230409	420	"M-C6h"	0	0	0	0	0	0	NA	"NO"	NA	NA
"ECK120001048"	"usg"	"-"	2433658	2434671	1014	"M-C6h"	0	0	0	0	0	0	NA	"NO"	8	22.2222222222222
"ECK120001052"	"uvrC"	"-"	1990898	1992730	1833	"M-C6h"	4	0	0	0	0	0.185488270594654	NA	"NO"	5	7.35294117647059
"ECK120001054"	"uxaB"	"-"	1607253	1608704	1452	"M-C6h"	1	0	0	0	0	0.0254820936639118	NA	"NO"	0	0
"ECK120001058"	"xerC"	"+"	3994310	3995206	897	"M-C6h"	0	0	0	0	0	0	NA	"NO"	NA	NA
"ECK120001059"	"dsbC"	"-"	3036134	3036844	711	"M-C6h"	2	0	0	0	0	0.20112517580872	NA	"NO"	10	38.4615384615385
"ECK120001064"	"xylB"	"-"	3725940	3727394	1455	"M-C6h"	9	1.91002938169815	0	0	0	0.305154639175258	-Inf	"SD"	NA	NA
"ECK120001067"	"ribF"	"+"	21407	22348	942	"M-C6h"	11	3.60580564450094	0	0	0	0.363057324840764	-Inf	"SD"	4	11.4285714285714
"ECK120001068"	"fkpB"	"+"	25826	26275	450	"M-C6h"	2	1.3723914816646	0	0	0	0.335555555555556	-Inf	"SD"	2	12.5
"ECK120001069"	"ispH"	"+"	26277	27227	951	"M-C6h"	3	0	0	0	0	0.131440588853838	NA	"NO"	2	5.71428571428571
"ECK120001070"	"rihC"	"+"	27293	28207	915	"M-C6h"	3	1.01241994549028	0	0	0	0.259016393442623	-Inf	"SD"	4	12.1212121212121
"ECK120001071"	"hepA"	"-"	60358	63264	2907	"M-C6h"	2	0	0	0	0	0.0295837633298934	NA	"NO"	15	13.6363636363636
"ECK120001072"	"mraZ"	"+"	89634	90092	459	"M-C6h"	20	13.4548184476921	0	0	0	0.782135076252723	-Inf	"SD"	1	5.88235294117647
"ECK120001073"	"rsmH"	"+"	90094	91035	942	"M-C6h"	25	8.19501282841122	0	0	0	0.910828025477707	-Inf	"SD"	9	25.7142857142857
"ECK120001074"	"ftsL"	"+"	91032	91397	366	"M-C6h"	9	7.59314959117708	0	0	0	0.811475409836066	-Inf	"SD"	NA	NA
"ECK120001075"	"secM"	"+"	107705	108217	513	"M-C6h"	16	9.63081741519017	0	0	0	0.576998050682261	-Inf	"SD"	NA	NA
"ECK120001079"	"frsA"	"+"	256527	257771	1245	"M-C6h"	14	3.47231579698272	0	0	0	0.352610441767068	-Inf	"SD"	3	6.38297872340426
"ECK120001081"	"yaiA"	"+"	406203	406394	192	"M-C6h"	6	9.64962760545421	0	0	0	1	-Inf	"SD"	NA	NA
"ECK120001084"	"yajC"	"+"	426511	426843	333	"M-C6h"	5	4.63645770832635	0	0	0	0.678678678678679	-Inf	"SD"	2	16.6666666666667
"ECK120001088"	"ybaB"	"+"	493300	493629	330	"M-C6h"	10	9.35721464771317	0	0	0	0.778787878787879	-Inf	"SD"	11	91.6666666666667
"ECK120001093"	"entH"	"+"	628523	628936	414	"M-C6h"	0	0	0	0	0	0	NA	"NO"	NA	NA
"ECK120001094"	"ybgA"	"+"	738224	738733	510	"M-C6h"	0	0	0	0	0	0	NA	"NO"	NA	NA
"ECK120001096"	"ybgC"	"+"	773975	774379	405	"M-C6h"	0	0	1	52	0	0	NA	"NO"	NA	NA
"ECK120001098"	"aat"	"-"	925951	926655	705	"M-C6h"	1	0	0	0	0	0.0468085106382979	NA	"NO"	NA	NA
"ECK120001099"	"yccA"	"-"	1029982	1030641	660	"M-C6h"	109	50.9968198300368	0	0	0	1	-Inf	"SD"	NA	NA
"ECK120001101"	"yceB"	"-"	1121936	1122496	561	"M-C6h"	3	0	0	0	0	0.194295900178253	NA	"NO"	2	9.52380952380952
"ECK120001106"	"yciB"	"-"	1310375	1310914	540	"M-C6h"	3	1.71548935208075	2	114	0	0.364814814814815	-Inf	"SD"	NA	NA
"ECK120001110"	"yciF"	"-"	1313294	1313794	501	"M-C6h"	0	0	0	0	0	0	NA	"NO"	NA	NA
"ECK120001111"	"yciG"	"-"	1313880	1314059	180	"M-C6h"	0	0	0	0	0	0	NA	"NO"	NA	NA
"ECK120001113"	"rem"	"-"	1642675	1642926	252	"M-C6h"	2	2.45069907440107	0	0	0	0.384920634920635	-Inf	"SD"	NA	NA
"ECK120001114"	"hokD"	"-"	1643143	1643298	156	"M-C6h"	79	156.37345247813	0	0	0	1	-Inf	"SD"	NA	NA
"ECK120001115"	"relE"	"-"	1643370	1643657	288	"M-C6h"	69	73.9804783084823	0	0	0	1	-Inf	"SD"	NA	NA
"ECK120001117"	"nlpC"	"-"	1790291	1790755	465	"M-C6h"	74	49.140469182184	0	0	0	0.802150537634409	-Inf	"SD"	NA	NA
"ECK120001121"	"yebC"	"-"	1945435	1946175	741	"M-C6h"	2	0	0	0	0	0.129554655870445	NA	"NO"	NA	NA
"ECK120001122"	"nudB"	"-"	1946204	1946656	453	"M-C6h"	5	0	0	0	0	0.231788079470199	NA	"NO"	NA	NA
"ECK120001126"	"yfaA"	"-"	2332978	2334666	1689	"M-C6h"	0	0	0	0	0	0	NA	"NO"	NA	NA
"ECK120001128"	"yfcA"	"-"	2442773	2443582	810	"M-C6h"	1	0	0	0	0	0.123456790123457	NA	"NO"	NA	NA
"ECK120001133"	"hyfA"	"+"	2599223	2599840	618	"M-C6h"	1	0	0	0	0	0.0388349514563107	NA	"NO"	NA	NA
"ECK120001134"	"raiA"	"+"	2735176	2735517	342	"M-C6h"	4700	4243.57892356817	0	0	0	1	-Inf	"SD"	6	46.1538461538462
"ECK120001136"	"rimM"	"-"	2743392	2743940	549	"M-C6h"	6	3.37473315163426	0	0	0	0.285974499089253	-Inf	"SD"	11	52.3809523809524
"ECK120001137"	"ppdC"	"-"	2960463	2960786	324	"M-C6h"	0	0	0	0	0	0	NA	"NO"	NA	NA
"ECK120001138"	"ygdB"	"-"	2960771	2961178	408	"M-C6h"	0	0	0	0	0	0	NA	"NO"	NA	NA
"ECK120001139"	"ppdB"	"-"	2961175	2961738	564	"M-C6h"	0	0	0	0	0	0	NA	"NO"	NA	NA
"ECK120001142"	"argO"	"-"	3066195	3066830	636	"M-C6h"	0	0	0	0	0	0	NA	"NO"	NA	NA
"ECK120001143"	"mscS"	"-"	3066969	3067829	861	"M-C6h"	2	0	2	79	0	0.116144018583043	NA	"NO"	10	32.258064516129
"ECK120001144"	"yggC"	"-"	3071998	3072711	714	"M-C6h"	2	0	0	0	0	0.207282913165266	NA	"NO"	NA	NA
"ECK120001145"	"yggD"	"-"	3072708	3073217	510	"M-C6h"	1	0	0	0	0	0.0490196078431373	NA	"NO"	NA	NA
"ECK120001146"	"ygiA"	"+"	3177618	3177878	261	"M-C6h"	8	9.4647688390662	0	0	0	0.467432950191571	-Inf	"SD"	NA	NA
"ECK120001147"	"ygiB"	"+"	3177862	3178437	576	"M-C6h"	30	16.082712675757	0	0	0	0.614583333333333	-Inf	"SD"	NA	NA
"ECK120001152"	"ttdB"	"+"	3205393	3205998	606	"M-C6h"	0	0	0	0	0	0	NA	"NO"	NA	NA
"ECK120001154"	"tdcD"	"-"	3260474	3261694	1221	"M-C6h"	2	0	0	0	0	0.117936117936118	NA	"NO"	NA	NA
"ECK120001155"	"yhaB"	"+"	3265876	3266415	540	"M-C6h"	0	0	0	0	0	0	NA	"NO"	NA	NA
"ECK120001157"	"garK"	"-"	3268647	3269873	1227	"M-C6h"	3	0	0	0	0	0.185004074979625	NA	"NO"	4	10.2564102564103
"ECK120001158"	"garR"	"-"	3269889	3270779	891	"M-C6h"	8	0	0	0	0	0.222222222222222	NA	"NO"	46	153.333333333333
"ECK120001159"	"truB"	"-"	3309855	3310799	945	"M-C6h"	2	0	0	0	0	0.115343915343915	NA	"NO"	2	5.71428571428571
"ECK120001160"	"rbfA"	"-"	3310799	3311200	402	"M-C6h"	1	0	0	0	0	0.0920398009950249	NA	"NO"	6	40
"ECK120001161"	"rimP"	"-"	3315576	3316028	453	"M-C6h"	4	2.72660559271112	0	0	0	0.428256070640177	-Inf	"SD"	6	35.2941176470588
"ECK120001163"	"bfd"	"-"	3464819	3465013	195	"M-C6h"	4	6.33411453075969	0	0	0	0.574358974358974	-Inf	"SD"	NA	NA
"ECK120001165"	"damX"	"-"	3514042	3515328	1287	"M-C6h"	15	3.59892871065891	0	0	0	0.521367521367521	-Inf	"SD"	6	13.0434782608696
"ECK120001168"	"yibA"	"+"	3764360	3765202	843	"M-C6h"	3	1.09888997642183	0	0	0	0.323843416370107	-Inf	"SD"	NA	NA
"ECK120001170"	"waaC"	"+"	3794002	3794961	960	"M-C6h"	1	0	0	0	0	0.0958333333333333	NA	"NO"	1	2.77777777777778
"ECK120001174"	"dinD"	"+"	3815783	3816607	825	"M-C6h"	2	0	0	0	0	0.220606060606061	NA	"NO"	NA	NA
"ECK120001177"	"yidB"	"-"	3875090	3875488	399	"M-C6h"	0	0	0	0	0	0	NA	"NO"	NA	NA
"ECK120001178"	"yidC"	"+"	3883099	3884745	1647	"M-C6h"	3	0	0	0	0	0.122040072859745	NA	"NO"	11	17.741935483871
"ECK120001179"	"glmU"	"-"	3911853	3913223	1371	"M-C6h"	11	2.47751197455863	0	0	0	0.417213712618527	-Inf	"SD"	3	6.12244897959184
"ECK120001180"	"mioC"	"-"	3924035	3924478	444	"M-C6h"	0	0	1	86	0	0	NA	"NO"	NA	NA
"ECK120001181"	"yigA"	"+"	3993606	3994313	708	"M-C6h"	5	2.18070680349248	0	0	0	0.451977401129944	-Inf	"SD"	0	0
"ECK120001182"	"yigB"	"+"	3995206	3995922	717	"M-C6h"	0	0	0	0	0	0	NA	"NO"	NA	NA
"ECK120001184"	"murI"	"+"	4163451	4164308	858	"M-C6h"	10	3.59892871065891	0	0	0	0.431235431235431	-Inf	"SD"	3	9.67741935483871
"ECK120001185"	"murB"	"+"	4170080	4171108	1029	"M-C6h"	4	0	0	0	0	0.152575315840622	NA	"NO"	3	7.89473684210526
"ECK120001192"	"nsrR"	"+"	4404213	4404638	426	"M-C6h"	17	12.322529148749	0	0	0	0.964788732394366	-Inf	"SD"	2	12.5
"ECK120001194"	"yjjA"	"-"	4597718	4598212	495	"M-C6h"	1	0	0	0	0	0.202020202020202	NA	"NO"	NA	NA
"ECK120001195"	"yjjB"	"-"	4599647	4599973	327	"M-C6h"	0	0	0	0	0	0	NA	"NO"	NA	NA
"ECK120001197"	"creB"	"+"	4634030	4634719	690	"M-C6h"	3	0	0	0	0	0.239130434782609	NA	"NO"	NA	NA
"ECK120001201"	"argH"	"+"	4154873	4156246	1374	"M-C6h"	0	0	0	0	0	0	NA	"NO"	2	4
"ECK120001202"	"fliO"	"+"	2019528	2019893	366	"M-C6h"	0	0	0	0	0	0	NA	"NO"	NA	NA
"ECK120001203"	"dcuA"	"-"	4363495	4364796	1302	"M-C6h"	174	41.2666102205599	0	0	0	0.974654377880184	-Inf	"SD"	6	13.0434782608696
"ECK120001204"	"leuA"	"-"	81958	83529	1572	"M-C6h"	0	0	0	0	0	0	NA	"NO"	NA	NA
"ECK120001206"	"fdnH"	"+"	1548485	1549369	885	"M-C6h"	0	0	0	0	0	0	NA	"NO"	NA	NA
"ECK120001207"	"fdnI"	"+"	1549362	1550015	654	"M-C6h"	2	0.94430606536555	0	0	0	0.255351681957187	-Inf	"SD"	NA	NA
"ECK120001209"	"rpmI"	"-"	1797826	1798023	198	"M-C6h"	6	9.35721464771317	0	0	0	0.984848484848485	-Inf	"SD"	NA	NA
"ECK120001210"	"rpmJ"	"-"	3440640	3440756	117	"M-C6h"	9	23.7529294903488	0	0	0	0.717948717948718	-Inf	"SD"	NA	NA
"ECK120001211"	"rstB"	"+"	1680906	1682207	1302	"M-C6h"	3	0	5	101	0	0.145929339477727	NA	"NO"	1	2.04081632653061
"ECK120001212"	"ydiB"	"+"	1771813	1772679	867	"M-C6h"	1	0	0	0	0	0.0703575547866205	NA	"NO"	NA	NA
"ECK120001215"	"chiA"	"-"	3465182	3467875	2694	"M-C6h"	3	0	0	0	0	0.0942835931700074	NA	"NO"	NA	NA
"ECK120001216"	"ybhB"	"-"	806656	807132	477	"M-C6h"	1	0	1	100	0	0.0985324947589098	NA	"NO"	3	17.6470588235294
"ECK120001221"	"yggF"	"-"	3073239	3074204	966	"M-C6h"	0	0	0	0	0	0	NA	"NO"	NA	NA
"ECK120001224"	"mazF"	"-"	2908778	2909113	336	"M-C6h"	2	0	0	0	0	0.0744047619047619	NA	"NO"	NA	NA
"ECK120001226"	"ychA"	"+"	1266543	1267352	810	"M-C6h"	3	0	1	41	0	0.198765432098765	NA	"NO"	NA	NA
"ECK120001227"	"mukE"	"+"	974872	975549	678	"M-C6h"	3	0	0	0	0	0.24188790560472	NA	"NO"	4	14.8148148148148
"ECK120001228"	"ycbB"	"+"	980270	982117	1848	"M-C6h"	26	4.34442108643826	0	0	0	0.326839826839827	-Inf	"SD"	2	2.94117647058824
"ECK120001229"	"rlmH"	"-"	667471	667938	468	"M-C6h"	0	0	0	0	0	0	NA	"NO"	2	11.7647058823529
"ECK120001230"	"rsfS"	"-"	667942	668259	318	"M-C6h"	0	0	0	0	0	0	NA	"NO"	NA	NA
"ECK120001233"	"focA"	"-"	952832	953689	858	"M-C6h"	16	5.75828593705426	0	0	0	0.771561771561772	-Inf	"SD"	NA	NA
"ECK120001234"	"rnr"	"+"	4404677	4407118	2442	"M-C6h"	43	5.4373004034009	0	0	0	0.746519246519247	-Inf	"SD"	11	11.9565217391304
"ECK120001236"	"nfsA"	"+"	890407	891129	723	"M-C6h"	1	0	0	0	0	0.024896265560166	NA	"NO"	6	22.2222222222222
"ECK120001238"	"gspB"	"-"	3451530	3451949	420	"M-C6h"	2	0	0	0	0	0.10952380952381	NA	"NO"	NA	NA
"ECK120001239"	"cmk"	"+"	960424	961107	684	"M-C6h"	5	2.25722283168519	0	0	0	0.33187134502924	-Inf	"SD"	5	20
"ECK120001241"	"yiaB"	"-"	3725430	3725771	342	"M-C6h"	0	0	0	0	0	0	NA	"NO"	NA	NA
"ECK120001242"	"fmt"	"+"	3432236	3433183	948	"M-C6h"	14	4.56016156882224	2	99	0	0.362869198312236	-Inf	"SD"	11	32.3529411764706
"ECK120001245"	"pheL"	"+"	2735621	2735668	48	"M-C6h"	0	0	0	0	0	0	NA	"NO"	NA	NA
"ECK120001246"	"pheM"	"-"	1797250	1797294	45	"M-C6h"	1	6.86195740832299	0	0	0	0.555555555555556	-Inf	"SD"	NA	NA
"ECK120001247"	"fruL"	"+"	87860	87946	87	"M-C6h"	0	0	0	0	0	0	NA	"NO"	NA	NA
"ECK120001249"	"ivbL"	"-"	3850913	3851011	99	"M-C6h"	85	265.121081685207	0	0	0	1	-Inf	"SD"	NA	NA
"ECK120001250"	"tnaC"	"+"	3886458	3886532	75	"M-C6h"	2	8.23434888998759	0	0	0	0.6	-Inf	"SD"	NA	NA
"ECK120001251"	"thrL"	"+"	190	255	66	"M-C6h"	16	74.8577171817054	0	0	0	1	-Inf	"SD"	NA	NA
"ECK120001254"	"mutL"	"+"	4395435	4397282	1848	"M-C6h"	9	1.50383806838247	0	0	0	0.275974025974026	-Inf	"SD"	4	5.88235294117647
"ECK120001255"	"hyfB"	"+"	2599840	2601858	2019	"M-C6h"	0	0	0	0	0	0	NA	"NO"	NA	NA
"ECK120001256"	"phnE_1"	"-"	4320684	4321304	621	"M-C6h"	0	0	0	0	0	0	NA	"NO"	NA	NA
"ECK120001257"	"fabZ"	"+"	202101	202556	456	"M-C6h"	7	4.74016794653891	0	0	0	0.594298245614035	-Inf	"SD"	22	129.411764705882
"ECK120001258"	"glrR"	"-"	2685491	2686825	1335	"M-C6h"	0	0	0	0	0	0	NA	"NO"	NA	NA
"ECK120001263"	"yeiB"	"-"	2239832	2240989	1158	"M-C6h"	1	0	0	0	0	0.0863557858376511	NA	"NO"	NA	NA
"ECK120001267"	"ispE"	"-"	1261249	1262100	852	"M-C6h"	1	0	0	0	0	0.117370892018779	NA	"NO"	4	12.9032258064516
"ECK120001268"	"wzzE"	"+"	3967054	3968100	1047	"M-C6h"	1	0	0	0	0	0.0945558739255014	NA	"NO"	3	7.69230769230769
"ECK120001269"	"radA"	"+"	4623935	4625317	1383	"M-C6h"	0	0	0	0	0	0	NA	"NO"	0	0
"ECK120001270"	"dsbA"	"+"	4041441	4042067	627	"M-C6h"	22	10.8346695920889	0	0	0	0.500797448165869	-Inf	"SD"	11	47.8260869565217
"ECK120001271"	"yhdE"	"-"	3395807	3396400	594	"M-C6h"	7	3.63891680744401	4	102	0	0.494949494949495	-Inf	"SD"	3	13.6363636363636
"ECK120001272"	"rng"	"-"	3394348	3395817	1470	"M-C6h"	4	0	0	0	0	0.149659863945578	NA	"NO"	8	14.5454545454545
"ECK120001273"	"ydfA"	"+"	1646532	1646687	156	"M-C6h"	1	1.9794107908624	0	0	0	0.326923076923077	-Inf	"SD"	NA	NA
"ECK120001274"	"ydfB"	"+"	1646689	1646817	129	"M-C6h"	1	2.39370607267081	0	0	0	0.372093023255814	-Inf	"SD"	NA	NA
"ECK120001275"	"ydfC"	"+"	1646847	1647065	219	"M-C6h"	0	0	0	0	0	0	NA	"NO"	NA	NA
"ECK120001276"	"ydfD"	"+"	1647818	1648009	192	"M-C6h"	0	0	0	0	0	0	NA	"NO"	NA	NA
"ECK120001277"	"ydfE"	"+"	1648102	1649022	921	"M-C6h"	0	0	0	0	0	0	NA	"NO"	NA	NA
"ECK120001280"	"ydbC"	"+"	1472245	1473105	861	"M-C6h"	10	3.58638888936742	0	0	0	0.680603948896632	-Inf	"SD"	9	29.0322580645161
"ECK120001281"	"ydbD"	"+"	1473168	1475474	2307	"M-C6h"	0	0	0	0	0	0	NA	"NO"	NA	NA
"ECK120001282"	"dusB"	"+"	3408302	3409267	966	"M-C6h"	2	0	0	0	0	0.114906832298137	NA	"NO"	NA	NA
"ECK120001285"	"purB"	"-"	1189839	1191209	1371	"M-C6h"	0	0	0	0	0	0	NA	"NO"	10	19.2307692307692
"ECK120001288"	"fabD"	"+"	1148951	1149880	930	"M-C6h"	16	5.3124831548307	0	0	0	0.670967741935484	-Inf	"SD"	22	68.75
"ECK120001289"	"fabG"	"+"	1149893	1150627	735	"M-C6h"	55	23.1065912729244	0	0	0	0.778231292517007	-Inf	"SD"	32	123.076923076923
"ECK120001292"	"ribD"	"+"	432679	433782	1104	"M-C6h"	4	0	0	0	0	0.236413043478261	NA	"NO"	4	10
"ECK120001293"	"ribE"	"+"	433871	434341	471	"M-C6h"	5	3.27800513136449	0	0	0	0.358811040339703	-Inf	"SD"	16	100
"ECK120001295"	"ubiH"	"-"	3050362	3051540	1179	"M-C6h"	7	1.83334739917027	0	0	0	0.321458863443596	-Inf	"SD"	0	0
"ECK120001298"	"codB"	"+"	354146	355405	1260	"M-C6h"	0	0	0	0	0	0	NA	"NO"	NA	NA
"ECK120001299"	"fdx"	"-"	2654770	2655105	336	"M-C6h"	5	4.595060764502	0	0	0	0.68452380952381	-Inf	"SD"	NA	NA
"ECK120001300"	"gabD"	"+"	2789295	2790743	1449	"M-C6h"	16	3.40966827742757	0	0	0	0.472049689440994	-Inf	"SD"	1	1.92307692307692
"ECK120001301"	"gabP"	"+"	2792275	2793675	1401	"M-C6h"	2	0	0	0	0	0.115631691648822	NA	"NO"	NA	NA
"ECK120001304"	"ubiI"	"-"	3049137	3050339	1203	"M-C6h"	1	0	1	100	0	0.0831255195344971	NA	"NO"	1	2.27272727272727
"ECK120001307"	"endA"	"+"	3088369	3089076	708	"M-C6h"	0	0	0	0	0	0	NA	"NO"	NA	NA
"ECK120001308"	"lysP"	"-"	2245085	2246554	1470	"M-C6h"	2	0	1	36	0	0.0530612244897959	NA	"NO"	NA	NA
"ECK120001310"	"waaG"	"-"	3803966	3805090	1125	"M-C6h"	3	0	0	0	0	0.195555555555556	NA	"NO"	NA	NA
"ECK120001311"	"waaP"	"-"	3803176	3803973	798	"M-C6h"	3	1.16085745629524	0	0	0	0.289473684210526	-Inf	"SD"	NA	NA
"ECK120001314"	"mdtG"	"-"	1113487	1114713	1227	"M-C6h"	0	0	0	0	0	0	NA	"NO"	NA	NA
"ECK120001315"	"mnmA"	"-"	1191890	1192996	1107	"M-C6h"	0	0	0	0	0	0	NA	"NO"	10	24.390243902439
"ECK120001316"	"hflD"	"-"	1191213	1191854	642	"M-C6h"	1	0	2	49	0	0.155763239875389	NA	"NO"	2	8.69565217391304
"ECK120001319"	"waaS"	"-"	3802204	3803139	936	"M-C6h"	0	0	0	0	0	0	NA	"NO"	3	8.10810810810811
"ECK120001320"	"waaB"	"-"	3801081	3802190	1110	"M-C6h"	1	0	0	0	0	0.0864864864864865	NA	"NO"	NA	NA
"ECK120001321"	"waaI"	"-"	3800062	3801081	1020	"M-C6h"	1	0	0	0	0	0.0980392156862745	NA	"NO"	NA	NA
"ECK120001322"	"waaJ"	"-"	3799006	3800022	1017	"M-C6h"	2	0	0	0	0	0.0983284169124877	NA	"NO"	NA	NA
"ECK120001323"	"emrA"	"+"	2809449	2810621	1173	"M-C6h"	0	0	0	0	0	0	NA	"NO"	3	6.97674418604651
"ECK120001324"	"fliA"	"-"	1999094	1999813	720	"M-C6h"	24	10.2929361124845	2	49	0	0.5	-Inf	"SD"	8	28.5714285714286
"ECK120001325"	"fliZ"	"-"	1998497	1999048	552	"M-C6h"	1	0	3	91	0	0.0398550724637681	NA	"NO"	NA	NA
"ECK120001331"	"gluQ"	"-"	159186	160112	927	"M-C6h"	2	0	1	47	0	0.00862998921251348	NA	"NO"	NA	NA
"ECK120001332"	"amiB"	"+"	4394088	4395425	1338	"M-C6h"	5	1.15391660453862	0	0	0	0.272795216741405	-Inf	"SD"	NA	NA
"ECK120001333"	"bglH"	"-"	3898627	3900243	1617	"M-C6h"	0	0	0	0	0	0	NA	"NO"	NA	NA
"ECK120001336"	"menB"	"-"	2373984	2374841	858	"M-C6h"	3	0	0	0	0	0.228438228438228	NA	"NO"	15	46.875
"ECK120001337"	"ubiC"	"+"	4250529	4251026	498	"M-C6h"	26	16.1214662002769	0	0	0	0.91566265060241	-Inf	"SD"	NA	NA
"ECK120001342"	"folK"	"-"	157253	157732	480	"M-C6h"	0	0	0	0	0	0	NA	"NO"	3	16.6666666666667
"ECK120001344"	"ftsP"	"-"	3159279	3160691	1413	"M-C6h"	3	0	0	0	0	0.140127388535032	NA	"NO"	1	1.92307692307692
"ECK120001345"	"plsC"	"-"	3160766	3161503	738	"M-C6h"	2	0	6	108	0	0.0840108401084011	NA	"NO"	NA	NA
"ECK120001346"	"sufA"	"-"	1762042	1762410	369	"M-C6h"	26	21.757425928829	0	0	0	0.840108401084011	-Inf	"SD"	NA	NA
"ECK120001347"	"appB"	"+"	1038519	1039655	1137	"M-C6h"	1	0	0	0	0	0.0879507475813544	NA	"NO"	NA	NA
"ECK120001348"	"appC"	"+"	1036963	1038507	1545	"M-C6h"	0	0	0	0	0	0	NA	"NO"	NA	NA
"ECK120001350"	"elbB"	"-"	3347828	3348481	654	"M-C6h"	9	4.24937729414497	0	0	0	0.54434250764526	-Inf	"SD"	7	30.4347826086957
"ECK120001355"	"fliS"	"+"	2003327	2003737	411	"M-C6h"	0	0	0	0	0	0	NA	"NO"	NA	NA
"ECK120001356"	"fliT"	"+"	2003737	2004102	366	"M-C6h"	0	0	0	0	0	0	NA	"NO"	NA	NA
"ECK120001358"	"osmY"	"+"	4609419	4610024	606	"M-C6h"	9	4.58596163427527	0	0	0	0.608910891089109	-Inf	"SD"	NA	NA
"ECK120001365"	"hdeB"	"-"	3653989	3654315	327	"M-C6h"	0	0	0	0	0	0	NA	"NO"	NA	NA
"ECK120001367"	"psiF"	"+"	402505	402825	321	"M-C6h"	3	2.88586993807976	0	0	0	0.672897196261682	-Inf	"SD"	NA	NA
"ECK120001368"	"treC"	"-"	4461077	4462732	1656	"M-C6h"	5	0	0	0	0	0.239130434782609	NA	"NO"	42	65.625
"ECK120001370"	"ychF"	"-"	1255944	1257035	1092	"M-C6h"	4	1.1310918804928	0	0	0	0.278388278388278	-Inf	"SD"	9	22.5
"ECK120001371"	"cydD"	"-"	928419	930185	1767	"M-C6h"	6	1.04851641213764	0	0	0	0.258064516129032	-Inf	"SD"	20	30.7692307692308
"ECK120001375"	"lpxK"	"+"	967589	968575	987	"M-C6h"	3	0.938565602962112	0	0	0	0.303951367781155	-Inf	"SD"	NA	NA
"ECK120001377"	"glnD"	"-"	185978	188650	2673	"M-C6h"	7	0	1	100	0	0.128320239431351	NA	"NO"	3	2.94117647058824
"ECK120001378"	"holA"	"-"	669797	670828	1032	"M-C6h"	1	0	2	103	0	0.0513565891472868	NA	"NO"	NA	NA
"ECK120001379"	"holC"	"-"	4481860	4482303	444	"M-C6h"	1	0	0	0	0	0.182432432432432	NA	"NO"	2	11.7647058823529
"ECK120001381"	"dps"	"-"	847631	848134	504	"M-C6h"	93	56.9787534798249	1	62	0	1	-Inf	"SD"	7	36.8421052631579
"ECK120001382"	"nrdD"	"-"	4458545	4460683	2139	"M-C6h"	1	0	0	0	0	0.0257129499766246	NA	"NO"	13	16.25
"ECK120001383"	"dcd"	"-"	2139658	2140239	582	"M-C6h"	15	7.95845575707564	0	0	0	0.714776632302406	-Inf	"SD"	3	14.2857142857143
"ECK120001384"	"bcr"	"-"	2276592	2277782	1191	"M-C6h"	2	0	2	82	0	0.122586062132662	NA	"NO"	NA	NA
"ECK120001389"	"waaY"	"-"	3798290	3798988	699	"M-C6h"	0	0	0	0	0	0	NA	"NO"	5	18.5185185185185
"ECK120001390"	"waaZ"	"-"	3797368	3798219	852	"M-C6h"	1	0	0	0	0	0.0551643192488263	NA	"NO"	NA	NA
"ECK120001401"	"plsX"	"+"	1146844	1147914	1071	"M-C6h"	7	0	7	219	31.9634703196347	0.211951447245565	Inf	"AD"	NA	NA
"ECK120001406"	"gcvT"	"-"	3047595	3048689	1095	"M-C6h"	1	0	0	0	0	0.091324200913242	NA	"NO"	35	87.5
"ECK120001407"	"rpiA"	"-"	3056688	3057347	660	"M-C6h"	14	6.55005025339922	0	0	0	0.83030303030303	-Inf	"SD"	15	65.2173913043478
"ECK120001408"	"scpA"	"+"	3058872	3061016	2145	"M-C6h"	1	0	1	81	0	0.0167832167832168	NA	"NO"	NA	NA
"ECK120001409"	"argK"	"+"	3061009	3062004	996	"M-C6h"	0	0	0	0	0	0	NA	"NO"	NA	NA
"ECK120001410"	"csrA"	"-"	2816983	2817168	186	"M-C6h"	19	31.5428687318073	0	0	0	0.467741935483871	-Inf	"SD"	NA	NA
"ECK120001414"	"rffE"	"+"	3968156	3969286	1131	"M-C6h"	1	0	0	0	0	0.0450928381962865	NA	"NO"	1	2.38095238095238
"ECK120001415"	"rffD"	"+"	3969283	3970545	1263	"M-C6h"	1	0	0	0	0	0.0791765637371338	NA	"NO"	3	6.52173913043478
"ECK120001416"	"rffG"	"+"	3970545	3971612	1068	"M-C6h"	2	0	0	0	0	0.126404494382022	NA	"NO"	2	5
"ECK120001417"	"rffH"	"+"	3971631	3972512	882	"M-C6h"	0	0	0	0	0	0	NA	"NO"	0	0
"ECK120001418"	"rffC"	"+"	3972619	3973164	546	"M-C6h"	0	0	0	0	0	0	NA	"NO"	2	8.33333333333333
"ECK120001419"	"rffA"	"+"	3973169	3974299	1131	"M-C6h"	0	0	0	0	0	0	NA	"NO"	4	9.52380952380952
"ECK120001420"	"wzyE"	"+"	3976624	3977976	1353	"M-C6h"	1	0	1	100	0	0.0288248337028825	NA	"NO"	NA	NA
"ECK120001421"	"rffM"	"+"	3977979	3978719	741	"M-C6h"	1	0	1	97	0	0.0310391363022942	NA	"NO"	2	7.14285714285714
"ECK120001422"	"yifK"	"+"	3978910	3980295	1386	"M-C6h"	4	0	0	0	0	0.183261183261183	NA	"NO"	NA	NA
"ECK120001428"	"rarD"	"-"	4001311	4002201	891	"M-C6h"	0	0	1	100	0	0	NA	"NO"	NA	NA
"ECK120001432"	"yigL"	"+"	4008223	4009023	801	"M-C6h"	1	0	0	0	0	0.0823970037453183	NA	"NO"	5	16.6666666666667
"ECK120001434"	"rmuC"	"+"	4015356	4016783	1428	"M-C6h"	7	0	0	0	0	0.19047619047619	NA	"NO"	0	0
"ECK120001435"	"ubiE"	"+"	4016878	4017633	756	"M-C6h"	9	3.6760486116016	1	92	0	0.522486772486772	-Inf	"SD"	9	32.1428571428571
"ECK120001436"	"ubiJ"	"+"	4017647	4018252	606	"M-C6h"	2	0	0	0	0	0.113861386138614	NA	"NO"	NA	NA
"ECK120001437"	"ubiB"	"+"	4018249	4019889	1641	"M-C6h"	6	0	0	0	0	0.154174283973187	NA	"NO"	NA	NA
"ECK120001438"	"tatC"	"+"	4020759	4021535	777	"M-C6h"	0	0	1	36	0	0	NA	"NO"	NA	NA
"ECK120001440"	"yigZ"	"+"	4030515	4031129	615	"M-C6h"	3	1.50628333353432	0	0	0	0.341463414634146	-Inf	"SD"	NA	NA
"ECK120001441"	"hemG"	"+"	4032631	4033176	546	"M-C6h"	1	0	0	0	0	0.0805860805860806	NA	"NO"	2	9.52380952380952
"ECK120001442"	"wzxE"	"+"	3974301	3975551	1251	"M-C6h"	2	0	0	0	0	0.100719424460432	NA	"NO"	NA	NA
"ECK120001443"	"pdxH"	"-"	1715375	1716031	657	"M-C6h"	7	3.28997957933294	0	0	0	0.449010654490107	-Inf	"SD"	5	19.2307692307692
"ECK120001444"	"mliC"	"-"	1716090	1716419	330	"M-C6h"	2	0	0	0	0	0.181818181818182	NA	"NO"	NA	NA
"ECK120001445"	"csgA"	"+"	1103670	1104125	456	"M-C6h"	2	1.35433369901112	1	80	0	0.269736842105263	-Inf	"SD"	NA	NA
"ECK120001446"	"gadB"	"-"	1568669	1570069	1401	"M-C6h"	1	0	0	0	0	0.0449678800856531	NA	"NO"	NA	NA
"ECK120001447"	"dinF"	"+"	4255765	4257144	1380	"M-C6h"	3	0	0	0	0	0.0202898550724638	NA	"NO"	NA	NA
"ECK120001449"	"pabC"	"+"	1152523	1153332	810	"M-C6h"	0	0	0	0	0	0	NA	"NO"	NA	NA
"ECK120001450"	"yceG"	"+"	1153335	1154357	1023	"M-C6h"	3	0	0	0	0	0.133919843597263	NA	"NO"	0	0
"ECK120001453"	"prmA"	"+"	3407092	3407973	882	"M-C6h"	1	0	5	101	0	0.0816326530612245	NA	"NO"	2	6.25
"ECK120001454"	"yhdJ"	"+"	3409675	3410559	885	"M-C6h"	0	0	0	0	0	0	NA	"NO"	NA	NA
"ECK120001455"	"yhbE"	"-"	3329792	3330757	966	"M-C6h"	2	0	0	0	0	0.118012422360248	NA	"NO"	NA	NA
"ECK120001456"	"holB"	"+"	1154985	1155989	1005	"M-C6h"	1	0	0	0	0	0.0995024875621891	NA	"NO"	NA	NA
"ECK120001457"	"adiA"	"-"	4336277	4338544	2268	"M-C6h"	2	0	0	0	0	0.0877425044091711	NA	"NO"	NA	NA
"ECK120001458"	"rcsF"	"-"	219591	219995	405	"M-C6h"	0	0	0	0	0	0	NA	"NO"	NA	NA
"ECK120001459"	"yaeB"	"-"	218887	219594	708	"M-C6h"	2	0	0	0	0	0.107344632768362	NA	"NO"	2	7.69230769230769
"ECK120001460"	"metQ"	"-"	220113	220928	816	"M-C6h"	6	2.27050061304805	0	0	0	0.302696078431373	-Inf	"SD"	20	68.9655172413793
"ECK120001462"	"ftsH"	"-"	3323023	3324957	1935	"M-C6h"	75	11.9685303633541	0	0	0	0.844961240310077	-Inf	"SD"	39	54.9295774647887
"ECK120001464"	"sra"	"-"	1553850	1553987	138	"M-C6h"	1	2.23759480706185	0	0	0	0.27536231884058	-Inf	"SD"	NA	NA
"ECK120001466"	"ppk"	"+"	2621066	2623132	2067	"M-C6h"	8	0	2	71	0	0.21673923560716	NA	"NO"	20	25
"ECK120001469"	"gltF"	"+"	3359198	3359962	765	"M-C6h"	3	0	0	0	0	0.203921568627451	NA	"NO"	NA	NA
"ECK120001470"	"yhcA"	"+"	3360134	3360808	675	"M-C6h"	0	0	1	98	0	0	NA	"NO"	NA	NA
"ECK120001472"	"glpX"	"-"	4112592	4113602	1011	"M-C6h"	3	0	0	0	0	0.222551928783383	NA	"NO"	2	5.55555555555556
"ECK120001473"	"nikR"	"+"	3616611	3617012	402	"M-C6h"	0	0	2	100	0	0	NA	"NO"	2	13.3333333333333
"ECK120001474"	"yhhH"	"+"	3621422	3621805	384	"M-C6h"	0	0	0	0	0	0	NA	"NO"	NA	NA
"ECK120001476"	"ybfB"	"+"	732999	733325	327	"M-C6h"	0	0	0	0	0	0	NA	"NO"	NA	NA
"ECK120001477"	"ybfC"	"+"	734873	735442	570	"M-C6h"	1	0	0	0	0	0.170175438596491	NA	"NO"	NA	NA
"ECK120001478"	"ybfD"	"+"	737315	738076	762	"M-C6h"	0	0	0	0	0	0	NA	"NO"	NA	NA
"ECK120001480"	"ydcC"	"+"	1529840	1530976	1137	"M-C6h"	0	0	0	0	0	0	NA	"NO"	NA	NA
"ECK120001482"	"fabI"	"-"	1348275	1349063	789	"M-C6h"	6	2.34819835265806	0	0	0	0.409378960709759	-Inf	"SD"	35	125
"ECK120001483"	"ftsN"	"-"	4120403	4121362	960	"M-C6h"	3	0	1	52	0	0.0833333333333333	NA	"NO"	NA	NA
"ECK120001484"	"fadD"	"-"	1886085	1887770	1686	"M-C6h"	236	43.2230057392587	0	0	0	0.898576512455516	-Inf	"SD"	14	22.5806451612903
"ECK120001486"	"menC"	"-"	2373022	2373984	963	"M-C6h"	1	0	0	0	0	0.0778816199376947	NA	"NO"	3	8.57142857142857
"ECK120001489"	"ibpB"	"-"	3864492	3864920	429	"M-C6h"	84	60.4620023390697	0	0	0	0.685314685314685	-Inf	"SD"	NA	NA
"ECK120001491"	"yceH"	"+"	1125380	1126027	648	"M-C6h"	23	10.9600708605159	0	0	0	0.875	-Inf	"SD"	19	79.1666666666667
"ECK120001493"	"pyrH"	"+"	191855	192580	726	"M-C6h"	5	2.12663969266208	1	100	0	0.300275482093664	-Inf	"SD"	8	30.7692307692308
"ECK120001497"	"hemE"	"+"	4195739	4196803	1065	"M-C6h"	2	0	1	35	0	0.0234741784037559	NA	"NO"	7	17.9487179487179
"ECK120001498"	"gadE"	"+"	3656389	3656916	528	"M-C6h"	0	0	0	0	0	0	NA	"NO"	NA	NA
"ECK120001501"	"rnt"	"+"	1726371	1727018	648	"M-C6h"	0	0	0	0	0	0	NA	"NO"	2	8.33333333333333
"ECK120001505"	"hydN"	"-"	2835600	2836127	528	"M-C6h"	0	0	0	0	0	0	NA	"NO"	NA	NA
"ECK120001506"	"glmM"	"-"	3320755	3322092	1338	"M-C6h"	7	1.61548324635407	1	82	0	0.308669656203289	-Inf	"SD"	21	43.75
"ECK120001510"	"caiD"	"-"	35377	36162	786	"M-C6h"	0	0	0	0	0	0	NA	"NO"	NA	NA
"ECK120001511"	"caiC"	"-"	36271	37824	1554	"M-C6h"	0	0	0	0	0	0	NA	"NO"	NA	NA
"ECK120001512"	"caiB"	"-"	37898	39115	1218	"M-C6h"	0	0	0	0	0	0	NA	"NO"	NA	NA
"ECK120001513"	"caiA"	"-"	39244	40386	1143	"M-C6h"	2	0	0	0	0	0.0936132983377078	NA	"NO"	NA	NA
"ECK120001516"	"fixB"	"+"	43188	44129	942	"M-C6h"	0	0	0	0	0	0	NA	"NO"	NA	NA
"ECK120001517"	"fixC"	"+"	44180	45466	1287	"M-C6h"	0	0	0	0	0	0	NA	"NO"	NA	NA
"ECK120001518"	"fixX"	"+"	45463	45750	288	"M-C6h"	0	0	0	0	0	0	NA	"NO"	NA	NA
"ECK120001519"	"yaaU"	"+"	45807	47138	1332	"M-C6h"	0	0	0	0	0	0	NA	"NO"	NA	NA
"ECK120001520"	"kefF"	"+"	47246	47776	531	"M-C6h"	1	0	0	0	0	0.0903954802259887	NA	"NO"	NA	NA
"ECK120001525"	"thiP"	"-"	72911	74521	1611	"M-C6h"	0	0	0	0	0	0	NA	"NO"	NA	NA
"ECK120001526"	"tbpA"	"-"	74497	75480	984	"M-C6h"	0	0	0	0	0	0	NA	"NO"	5	13.8888888888889
"ECK120001528"	"leuC"	"-"	79464	80864	1401	"M-C6h"	2	0	0	0	0	0.142755174875089	NA	"NO"	NA	NA
"ECK120001529"	"leuB"	"-"	80867	81958	1092	"M-C6h"	0	0	0	0	0	0	NA	"NO"	NA	NA
"ECK120001532"	"ybiB"	"+"	834471	835433	963	"M-C6h"	12	3.84782658410635	1	42	0	0.485981308411215	-Inf	"SD"	8	22.8571428571429
"ECK120001534"	"gcl"	"+"	533140	534921	1782	"M-C6h"	1	0	0	0	0	0.0561167227833895	NA	"NO"	NA	NA
"ECK120001535"	"thiC"	"-"	4192227	4194122	1896	"M-C6h"	0	0	0	0	0	0	NA	"NO"	NA	NA
"ECK120001536"	"thiE"	"-"	4191592	4192227	636	"M-C6h"	0	0	0	0	0	0	NA	"NO"	NA	NA
"ECK120001537"	"thiF"	"-"	4190844	4191599	756	"M-C6h"	0	0	0	0	0	0	NA	"NO"	NA	NA
"ECK120001538"	"thiG"	"-"	4189888	4190658	771	"M-C6h"	0	0	0	0	0	0	NA	"NO"	NA	NA
"ECK120001539"	"thiH"	"-"	4188758	4189891	1134	"M-C6h"	0	0	0	0	0	0	NA	"NO"	NA	NA
"ECK120001540"	"lipB"	"-"	660860	661501	642	"M-C6h"	1	0	0	0	0	0.151090342679128	NA	"NO"	1	4.16666666666667
"ECK120001541"	"ybeD"	"-"	661602	661865	264	"M-C6h"	2	2.33930366192829	0	0	0	0.291666666666667	-Inf	"SD"	1	10
"ECK120001542"	"ybeF"	"-"	659648	660601	954	"M-C6h"	0	0	1	76	0	0	NA	"NO"	NA	NA
"ECK120001544"	"moaB"	"+"	817278	817790	513	"M-C6h"	9	5.41733479604447	0	0	0	0.491228070175439	-Inf	"SD"	4	21.0526315789474
"ECK120001545"	"moaD"	"+"	818271	818516	246	"M-C6h"	1	0	0	0	0	0.0487804878048781	NA	"NO"	1	11.1111111111111
"ECK120001546"	"moaE"	"+"	818518	818970	453	"M-C6h"	7	4.77155978724447	0	0	0	0.852097130242826	-Inf	"SD"	5	29.4117647058824
"ECK120001549"	"sseB"	"-"	2652179	2652955	777	"M-C6h"	7	2.78187462499581	0	0	0	0.423423423423423	-Inf	"SD"	NA	NA
"ECK120001550"	"glnE"	"-"	3194823	3197663	2841	"M-C6h"	2	0	1	63	0	0.0475184794086589	NA	"NO"	8	7.40740740740741
"ECK120001553"	"smg"	"-"	3430013	3430486	474	"M-C6h"	45	29.3153243710001	0	0	0	0.945147679324895	-Inf	"SD"	NA	NA
"ECK120001561"	"eptA"	"-"	4331970	4333613	1644	"M-C6h"	5	0	0	0	0	0.118613138686131	NA	"NO"	NA	NA
"ECK120001563"	"basR"	"-"	4331305	4331973	669	"M-C6h"	7	3.23096649270814	0	0	0	0.312406576980568	-Inf	"SD"	NA	NA
"ECK120001565"	"baeS"	"+"	2160900	2162303	1404	"M-C6h"	0	0	0	0	0	0	NA	"NO"	NA	NA
"ECK120001566"	"baeR"	"+"	2162300	2163022	723	"M-C6h"	5	2.13546392375197	0	0	0	0.532503457814661	-Inf	"SD"	4	14.2857142857143
"ECK120001567"	"mfd"	"-"	1169741	1173187	3447	"M-C6h"	5	0	0	0	0	0.117493472584856	NA	"NO"	20	15.3846153846154
"ECK120001568"	"rnb"	"-"	1345002	1346936	1935	"M-C6h"	3	0	0	0	0	0.0785529715762274	NA	"NO"	27	37.5
"ECK120001570"	"mdlB"	"+"	469860	471641	1782	"M-C6h"	3	0	0	0	0	0.0712682379349046	NA	"NO"	NA	NA
"ECK120001571"	"sdaB"	"+"	2927598	2928965	1368	"M-C6h"	0	0	0	0	0	0	NA	"NO"	2	4.08163265306122
"ECK120001572"	"artP"	"-"	902229	902957	729	"M-C6h"	6	2.54146570678629	0	0	0	0.444444444444444	-Inf	"SD"	3	11.1111111111111
"ECK120001573"	"artI"	"-"	901480	902211	732	"M-C6h"	22	9.28051616699421	0	0	0	0.76775956284153	-Inf	"SD"	8	29.6296296296296
"ECK120001574"	"artQ"	"-"	900757	901473	717	"M-C6h"	0	0	0	0	0	0	NA	"NO"	NA	NA
"ECK120001575"	"artM"	"-"	900089	900757	669	"M-C6h"	6	2.76939985089269	0	0	0	0.369207772795217	-Inf	"SD"	NA	NA
"ECK120001577"	"potF"	"+"	893007	894119	1113	"M-C6h"	10	2.77437631064272	0	0	0	0.391734052111411	-Inf	"SD"	3	7.31707317073171
"ECK120001578"	"potG"	"+"	894214	895347	1134	"M-C6h"	3	0	0	0	0	0.159611992945326	NA	"NO"	NA	NA
"ECK120001579"	"potH"	"+"	895357	896310	954	"M-C6h"	2	0	0	0	0	0.134171907756813	NA	"NO"	NA	NA
"ECK120001580"	"potI"	"+"	896307	897152	846	"M-C6h"	1	0	0	0	0	0.057919621749409	NA	"NO"	NA	NA
"ECK120001590"	"psuK"	"-"	2256377	2257318	942	"M-C6h"	1	0	0	0	0	0.106157112526539	NA	"NO"	NA	NA
"ECK120001591"	"accA"	"+"	208621	209580	960	"M-C6h"	3	0.964962760545421	0	0	0	0.302083333333333	-Inf	"SD"	32	91.4285714285714
"ECK120001598"	"fliG"	"+"	2012904	2013899	996	"M-C6h"	1	0	0	0	0	0.0943775100401606	NA	"NO"	11	29.7297297297297
"ECK120001599"	"fliH"	"+"	2013892	2014578	687	"M-C6h"	0	0	0	0	0	0	NA	"NO"	3	12
"ECK120001601"	"uidB"	"-"	1690914	1692287	1374	"M-C6h"	1	0	0	0	0	0.0356622998544396	NA	"NO"	NA	NA
"ECK120001604"	"yedF"	"+"	2007503	2007736	234	"M-C6h"	0	0	0	0	0	0	NA	"NO"	NA	NA
"ECK120001605"	"yedK"	"+"	2007845	2008513	669	"M-C6h"	0	0	0	0	0	0	NA	"NO"	NA	NA
"ECK120001609"	"moaC"	"+"	817793	818278	486	"M-C6h"	2	1.27073285339315	0	0	0	0.259259259259259	-Inf	"SD"	NA	NA
"ECK120001611"	"atoC"	"+"	2319888	2321273	1386	"M-C6h"	9	2.00511742450997	0	0	0	0.273448773448773	-Inf	"SD"	1	1.92307692307692
"ECK120001612"	"atoD"	"+"	2321469	2322131	663	"M-C6h"	0	0	3	122	0	0	NA	"NO"	NA	NA
"ECK120001613"	"atoA"	"+"	2322131	2322781	651	"M-C6h"	0	0	0	0	0	0	NA	"NO"	NA	NA
"ECK120001614"	"atoE"	"+"	2322778	2324100	1323	"M-C6h"	0	0	1	69	0	0	NA	"NO"	NA	NA
"ECK120001618"	"panB"	"-"	148807	149601	795	"M-C6h"	4	1.55365073395992	0	0	0	0.280503144654088	-Inf	"SD"	16	57.1428571428571
"ECK120001619"	"hslV"	"-"	4119780	4120310	531	"M-C6h"	2	1.16304362852932	0	0	0	0.376647834274953	-Inf	"SD"	15	78.9473684210526
"ECK120001620"	"modF"	"-"	791539	793011	1473	"M-C6h"	4	0	1	67	0	0.160217243720299	NA	"NO"	NA	NA
"ECK120001621"	"yadC"	"-"	149715	150953	1239	"M-C6h"	0	0	0	0	0	0	NA	"NO"	NA	NA
"ECK120001622"	"aas"	"-"	2971877	2974036	2160	"M-C6h"	1	0	2	70	0	0.0189814814814815	NA	"NO"	1	1.23456790123457
"ECK120001623"	"lptB"	"+"	3341966	3342691	726	"M-C6h"	2	0	0	0	0	0.214876033057851	NA	"NO"	10	37.037037037037
"ECK120001624"	"hpf"	"+"	3344195	3344482	288	"M-C6h"	6	6.43308507030281	0	0	0	0.40625	-Inf	"SD"	2	18.1818181818182
"ECK120001625"	"ptsN"	"+"	3344600	3345091	492	"M-C6h"	1	0	0	0	0	0.203252032520325	NA	"NO"	6	33.3333333333333
"ECK120001630"	"setC"	"+"	3834976	3836160	1185	"M-C6h"	0	0	3	92	0	0	NA	"NO"	NA	NA
"ECK120001633"	"yicN"	"-"	3839973	3840425	453	"M-C6h"	4	0	0	0	0	0.207505518763797	NA	"NO"	NA	NA
"ECK120001638"	"yidG"	"-"	3853631	3853993	363	"M-C6h"	49	41.6821379761769	0	0	0	0.112947658402204	-Inf	"SD"	NA	NA
"ECK120001641"	"galM"	"-"	787020	788060	1041	"M-C6h"	57	16.9077048533607	1	53	0	0.679154658981748	-Inf	"SD"	12	31.5789473684211
"ECK120001647"	"acrB"	"-"	480478	483627	3150	"M-C6h"	5	0	1	69	0	0.148253968253968	NA	"NO"	54	47.3684210526316
"ECK120001652"	"glvB"	"-"	3860010	3860495	486	"M-C6h"	0	0	0	0	0	0	NA	"NO"	NA	NA
"ECK120001659"	"mdtL"	"+"	3889638	3890813	1176	"M-C6h"	0	0	1	71	0	0	NA	"NO"	NA	NA
"ECK120001660"	"yidZ"	"+"	3890788	3891747	960	"M-C6h"	0	0	2	84	0	0	NA	"NO"	NA	NA
"ECK120001661"	"yieE"	"+"	3891892	3892653	762	"M-C6h"	5	0	0	0	0	0.0826771653543307	NA	"NO"	NA	NA
"ECK120001665"	"cbrB"	"+"	3895529	3895996	468	"M-C6h"	0	0	7	194	36.0824742268041	0	Inf	"AD"	NA	NA
"ECK120001668"	"yieL"	"-"	3897431	3898627	1197	"M-C6h"	0	0	1	100	0	0	NA	"NO"	NA	NA
"ECK120001674"	"efeB"	"+"	1082599	1083870	1272	"M-C6h"	1	0	0	0	0	0.0534591194968553	NA	"NO"	NA	NA
"ECK120001676"	"metI"	"-"	220968	221621	654	"M-C6h"	0	0	0	0	0	0	NA	"NO"	NA	NA
"ECK120001678"	"nfrB"	"-"	590164	592401	2238	"M-C6h"	0	0	0	0	0	0	NA	"NO"	NA	NA
"ECK120001679"	"nfrA"	"-"	587205	590177	2973	"M-C6h"	2	0	0	0	0	0.0322906155398587	NA	"NO"	NA	NA
"ECK120001681"	"yddA"	"-"	1575681	1577366	1686	"M-C6h"	0	0	0	0	0	0	NA	"NO"	NA	NA
"ECK120001682"	"yddB"	"-"	1573271	1575643	2373	"M-C6h"	2	0	1	58	0	0.0189633375474083	NA	"NO"	NA	NA
"ECK120001683"	"pqqL"	"-"	1570431	1573226	2796	"M-C6h"	1	0	1	38	0	0.0125178826895565	NA	"NO"	5	4.76190476190476
"ECK120001690"	"otsB"	"-"	1979611	1980411	801	"M-C6h"	4	0	0	0	0	0.157303370786517	NA	"NO"	NA	NA
"ECK120001693"	"tsaE"	"+"	4393608	4394069	462	"M-C6h"	2	1.33674494967331	0	0	0	0.292207792207792	-Inf	"SD"	5	29.4117647058824
"ECK120001696"	"ydcD"	"+"	1527946	1528428	483	"M-C6h"	0	0	0	0	0	0	NA	"NO"	NA	NA
"ECK120001699"	"yibG"	"+"	3766200	3766661	462	"M-C6h"	2	0	0	0	0	0.0909090909090909	NA	"NO"	NA	NA
"ECK120001702"	"yibJ"	"+"	3765244	3765945	702	"M-C6h"	0	0	0	0	0	0	NA	"NO"	NA	NA
"ECK120001704"	"ybbB"	"-"	529356	530450	1095	"M-C6h"	2	0	0	0	0	0.0849315068493151	NA	"NO"	NA	NA
"ECK120001705"	"ybbC"	"+"	526805	527173	369	"M-C6h"	0	0	0	0	0	0	NA	"NO"	NA	NA
"ECK120001706"	"ybbD"	"+"	527864	528124	261	"M-C6h"	0	0	0	0	0	0	NA	"NO"	NA	NA
"ECK120001707"	"nuoM"	"-"	2389534	2391063	1530	"M-C6h"	25	5.04555691788455	0	0	0	0.493464052287582	-Inf	"SD"	NA	NA
"ECK120001708"	"nuoF"	"-"	2398240	2399577	1338	"M-C6h"	33	7.61584958995489	0	0	0	0.639013452914798	-Inf	"SD"	11	22.4489795918367
"ECK120001709"	"ybfE"	"-"	710828	711121	294	"M-C6h"	0	0	0	0	0	0	NA	"NO"	1	9.09090909090909
"ECK120001712"	"ybfH"	"-"	715611	715820	210	"M-C6h"	0	0	0	0	0	0	NA	"NO"	NA	NA
"ECK120001714"	"ydeK"	"-"	1592133	1596110	3978	"M-C6h"	7	0	0	0	0	0.124183006535948	NA	"NO"	NA	NA
"ECK120001721"	"gmd"	"-"	2125217	2126338	1122	"M-C6h"	0	0	0	0	0	0	NA	"NO"	NA	NA
"ECK120001722"	"fcl"	"-"	2124249	2125214	966	"M-C6h"	0	0	0	0	0	0	NA	"NO"	NA	NA
"ECK120001723"	"gmm"	"-"	2123767	2124246	480	"M-C6h"	0	0	0	0	0	0	NA	"NO"	NA	NA
"ECK120001724"	"wcaI"	"-"	2122547	2123770	1224	"M-C6h"	0	0	0	0	0	0	NA	"NO"	NA	NA
"ECK120001725"	"cmtB"	"-"	3076909	3077352	444	"M-C6h"	0	0	0	0	0	0	NA	"NO"	NA	NA
"ECK120001726"	"cmtA"	"-"	3075493	3076881	1389	"M-C6h"	1	0	0	0	0	0.0352771778257739	NA	"NO"	NA	NA
"ECK120001727"	"ygdD"	"-"	2939258	2939653	396	"M-C6h"	1	0	0	0	0	0.103535353535354	NA	"NO"	NA	NA
"ECK120001729"	"gcvA"	"-"	2939672	2940589	918	"M-C6h"	13	4.37281599549995	0	0	0	0.596949891067538	-Inf	"SD"	0	0
"ECK120001733"	"hybA"	"-"	3142176	3143162	987	"M-C6h"	1	0	0	0	0	0.0770010131712259	NA	"NO"	2	5.55555555555556
"ECK120001734"	"hybB"	"-"	3141008	3142186	1179	"M-C6h"	4	0	0	0	0	0.159457167090755	NA	"NO"	NA	NA
"ECK120001735"	"hybC"	"-"	3139308	3141011	1704	"M-C6h"	8	1.44970931161753	0	0	0	0.334507042253521	-Inf	"SD"	6	9.67741935483871
"ECK120001736"	"hybD"	"-"	3138814	3139308	495	"M-C6h"	2	0	0	0	0	0.212121212121212	NA	"NO"	NA	NA
"ECK120001737"	"hybE"	"-"	3138333	3138821	489	"M-C6h"	1	0	0	0	0	0.0736196319018405	NA	"NO"	NA	NA
"ECK120001738"	"hybF"	"-"	3137999	3138340	342	"M-C6h"	1	0	0	0	0	0.140350877192982	NA	"NO"	NA	NA
"ECK120001740"	"yebE"	"-"	1927072	1927731	660	"M-C6h"	20	9.35721464771317	0	0	0	0.884848484848485	-Inf	"SD"	3	12.5
"ECK120001741"	"yebF"	"-"	1928058	1928414	357	"M-C6h"	10	8.64952614494495	0	0	0	0.649859943977591	-Inf	"SD"	NA	NA
"ECK120001744"	"gcvP"	"-"	3044190	3047063	2874	"M-C6h"	7	0	0	0	0	0.178844815588031	NA	"NO"	102	98.0769230769231
"ECK120001746"	"yjfC"	"+"	4411051	4412214	1164	"M-C6h"	0	0	0	0	0	0	NA	"NO"	NA	NA
"ECK120001747"	"torA"	"+"	1058479	1061025	2547	"M-C6h"	4	0	0	0	0	0.0679230467216333	NA	"NO"	NA	NA
"ECK120001749"	"ispF"	"-"	2869323	2869802	480	"M-C6h"	1	0	0	0	0	0.0145833333333333	NA	"NO"	4	23.5294117647059
"ECK120001750"	"umpG"	"-"	2867535	2868296	762	"M-C6h"	8	3.2418696417274	0	0	0	0.5249343832021	-Inf	"SD"	3	11.1111111111111
"ECK120001751"	"purU"	"-"	1287005	1287847	843	"M-C6h"	5	1.83148329403639	0	0	0	0.409252669039146	-Inf	"SD"	11	34.375
"ECK120001754"	"puuB"	"+"	1362256	1363536	1281	"M-C6h"	0	0	0	0	0	0	NA	"NO"	NA	NA
"ECK120001763"	"rdoA"	"+"	4040438	4041424	987	"M-C6h"	2	0	0	0	0	0.0709219858156028	NA	"NO"	1	2.63157894736842
"ECK120001766"	"yihI"	"+"	4049370	4049879	510	"M-C6h"	17	10.2929361124845	0	0	0	0.813725490196078	-Inf	"SD"	NA	NA
"ECK120001768"	"typA"	"+"	4056430	4058253	1824	"M-C6h"	16	2.70866739802223	0	0	0	0.388706140350877	-Inf	"SD"	31	46.2686567164179
"ECK120001769"	"yihL"	"+"	4058470	4059180	711	"M-C6h"	1	0	0	0	0	0.140646976090014	NA	"NO"	NA	NA
"ECK120001770"	"yihM"	"+"	4059188	4060168	981	"M-C6h"	2	0	0	0	0	0.104994903160041	NA	"NO"	0	0
"ECK120001772"	"yihO"	"-"	4062386	4063789	1404	"M-C6h"	1	0	0	0	0	0.0341880341880342	NA	"NO"	NA	NA
"ECK120001773"	"yihP"	"-"	4063832	4065238	1407	"M-C6h"	0	0	0	0	0	0	NA	"NO"	NA	NA
"ECK120001774"	"yihQ"	"-"	4065263	4067299	2037	"M-C6h"	1	0	0	0	0	0.0274914089347079	NA	"NO"	NA	NA
"ECK120001775"	"yihR"	"-"	4067498	4068424	927	"M-C6h"	0	0	0	0	0	0	NA	"NO"	NA	NA
"ECK120001776"	"yihS"	"-"	4068538	4069779	1242	"M-C6h"	2	0	1	73	0	0.115136876006441	NA	"NO"	NA	NA
"ECK120001777"	"yihT"	"-"	4069796	4070674	879	"M-C6h"	1	0	0	0	0	0.0466439135381115	NA	"NO"	NA	NA
"ECK120001780"	"yihW"	"+"	4072692	4073477	786	"M-C6h"	4	1.57144062786023	0	0	0	0.292620865139949	-Inf	"SD"	4	13.7931034482759
"ECK120001781"	"yihX"	"+"	4073576	4074175	600	"M-C6h"	11	5.66111486186647	0	0	0	0.463333333333333	-Inf	"SD"	5	21.7391304347826
"ECK120001782"	"yihY"	"+"	4074169	4075041	873	"M-C6h"	18	6.36676460566051	3	74	0	0.323024054982818	-Inf	"SD"	NA	NA
"ECK120001783"	"dtd"	"+"	4075038	4075475	438	"M-C6h"	5	3.52497812071387	0	0	0	0.417808219178082	-Inf	"SD"	NA	NA
"ECK120001784"	"yiiD"	"+"	4075472	4076461	990	"M-C6h"	1	0	0	0	0	0.101010101010101	NA	"NO"	3	8.10810810810811
"ECK120001785"	"yiiE"	"+"	4077314	4077532	219	"M-C6h"	0	0	0	0	0	0	NA	"NO"	NA	NA
"ECK120001787"	"fdoI"	"-"	4079248	4079883	636	"M-C6h"	98	47.5805537275226	0	0	0	1	-Inf	"SD"	5	20
"ECK120001788"	"fdoH"	"-"	4079880	4080782	903	"M-C6h"	118	40.3510452250222	0	0	0	1	-Inf	"SD"	3	9.09090909090909
"ECK120001793"	"frvX"	"-"	4087878	4088948	1071	"M-C6h"	0	0	0	0	0	0	NA	"NO"	NA	NA
"ECK120001794"	"frvB"	"-"	4088938	4090389	1452	"M-C6h"	0	0	0	0	0	0	NA	"NO"	NA	NA
"ECK120001795"	"frvA"	"-"	4090400	4090846	447	"M-C6h"	0	0	0	0	0	0	NA	"NO"	NA	NA
"ECK120001796"	"rhaM"	"-"	4091147	4091461	315	"M-C6h"	0	0	0	0	0	0	NA	"NO"	NA	NA
"ECK120001797"	"rhaD"	"-"	4091471	4092295	825	"M-C6h"	0	0	0	0	0	0	NA	"NO"	NA	NA
"ECK120001798"	"rhaA"	"-"	4092746	4094005	1260	"M-C6h"	0	0	0	0	0	0	NA	"NO"	NA	NA
"ECK120001800"	"kdgT"	"+"	4099713	4100696	984	"M-C6h"	2	0	0	0	0	0.203252032520325	NA	"NO"	NA	NA
"ECK120001802"	"gph"	"-"	3511653	3512411	759	"M-C6h"	2	0	0	0	0	0.151515151515152	NA	"NO"	7	25.9259259259259
"ECK120001803"	"fieF"	"+"	4104492	4105394	903	"M-C6h"	6	2.05174806228927	1	46	0	0.358803986710963	-Inf	"SD"	NA	NA
"ECK120001806"	"yiiS"	"+"	4110990	4111289	300	"M-C6h"	10	10.2929361124845	0	0	0	0.746666666666667	-Inf	"SD"	NA	NA
"ECK120001810"	"menA"	"-"	4117446	4118372	927	"M-C6h"	1	0	1	40	0	0.103559870550162	NA	"NO"	NA	NA
"ECK120001811"	"hslU"	"-"	4118439	4119770	1332	"M-C6h"	2	0	0	0	0	0.106606606606607	NA	"NO"	27	54
"ECK120001814"	"tehB"	"+"	1499586	1500179	594	"M-C6h"	5	2.59922629103144	0	0	0	0.654882154882155	-Inf	"SD"	5	21.7391304347826
"ECK120001816"	"opgH"	"+"	1110086	1112629	2544	"M-C6h"	4	0	0	0	0	0.106132075471698	NA	"NO"	21	21.6494845360825
"ECK120001820"	"slp"	"+"	3651984	3652550	567	"M-C6h"	0	0	1	77	0	0	NA	"NO"	NA	NA
"ECK120001821"	"yeeA"	"-"	2077557	2078615	1059	"M-C6h"	0	0	0	0	0	0	NA	"NO"	NA	NA
"ECK120001822"	"sbmC"	"-"	2078813	2079286	474	"M-C6h"	15	9.77177479033338	0	0	0	0.50210970464135	-Inf	"SD"	5	27.7777777777778
"ECK120001825"	"yeeE"	"-"	2082491	2083549	1059	"M-C6h"	4	0	0	0	0	0.219074598677998	NA	"NO"	NA	NA
"ECK120001826"	"plaP"	"-"	2083728	2085086	1359	"M-C6h"	3	0	1	100	0	0.0868285504047093	NA	"NO"	NA	NA
"ECK120001828"	"recT"	"-"	1412008	1412817	810	"M-C6h"	1	0	0	0	0	0.0938271604938272	NA	"NO"	NA	NA
"ECK120001829"	"lar"	"-"	1411757	1411951	195	"M-C6h"	0	0	0	0	0	0	NA	"NO"	NA	NA
"ECK120001830"	"rcbA"	"-"	1411555	1411764	210	"M-C6h"	0	0	0	0	0	0	NA	"NO"	NA	NA
"ECK120001833"	"gldA"	"-"	4135955	4137058	1104	"M-C6h"	6	1.67819610529638	0	0	0	0.292572463768116	-Inf	"SD"	9	23.0769230769231
"ECK120001834"	"fsaB"	"-"	4137069	4137731	663	"M-C6h"	3	0	0	0	0	0.164404223227753	NA	"NO"	3	12.5
"ECK120001837"	"frwB"	"+"	4141647	4141967	321	"M-C6h"	0	0	0	0	0	0	NA	"NO"	NA	NA
"ECK120001838"	"pflD"	"+"	4142018	4144315	2298	"M-C6h"	0	0	0	0	0	0	NA	"NO"	NA	NA
"ECK120001839"	"pflC"	"+"	4144281	4145159	879	"M-C6h"	1	0	0	0	0	0.116040955631399	NA	"NO"	NA	NA
"ECK120001842"	"eptC"	"-"	4146555	4148288	1734	"M-C6h"	0	0	3	100	0	0	NA	"NO"	6	8.95522388059701
"ECK120001843"	"nfi"	"+"	4196813	4197484	672	"M-C6h"	1	0	0	0	0	0.0193452380952381	NA	"NO"	NA	NA
"ECK120001844"	"yjaG"	"+"	4197527	4198117	591	"M-C6h"	2	0	0	0	0	0.0879864636209814	NA	"NO"	3	13.0434782608696
"ECK120001851"	"yjbE"	"+"	4233929	4234171	243	"M-C6h"	0	0	0	0	0	0	NA	"NO"	NA	NA
"ECK120001852"	"yjbF"	"+"	4234285	4234923	639	"M-C6h"	0	0	0	0	0	0	NA	"NO"	NA	NA
"ECK120001853"	"yjbG"	"+"	4234920	4235657	738	"M-C6h"	0	0	0	0	0	0	NA	"NO"	NA	NA
"ECK120001855"	"yjbI"	"+"	4248978	4250306	1329	"M-C6h"	0	0	0	0	0	0	NA	"NO"	NA	NA
"ECK120001859"	"yjbM"	"+"	4258622	4259329	708	"M-C6h"	0	0	0	0	0	0	NA	"NO"	NA	NA
"ECK120001860"	"dusA"	"+"	4259692	4260729	1038	"M-C6h"	0	0	0	0	0	0	NA	"NO"	3	8.10810810810811
"ECK120001863"	"yjbQ"	"+"	4268261	4268677	417	"M-C6h"	13	9.62648701167614	0	0	0	1	-Inf	"SD"	NA	NA
"ECK120001867"	"ghxP"	"+"	4276502	4277851	1350	"M-C6h"	1	0	0	0	0	0.0740740740740741	NA	"NO"	NA	NA
"ECK120001870"	"actP"	"-"	4281276	4282925	1650	"M-C6h"	12	2.24573151545116	0	0	0	0.430909090909091	-Inf	"SD"	NA	NA
"ECK120001871"	"yjcH"	"-"	4282922	4283236	315	"M-C6h"	4	3.92111851904171	0	0	0	0.93015873015873	-Inf	"SD"	NA	NA
"ECK120001872"	"nrfB"	"+"	4287268	4287834	567	"M-C6h"	0	0	0	0	0	0	NA	"NO"	NA	NA
"ECK120001873"	"nrfC"	"+"	4287831	4288502	672	"M-C6h"	0	0	0	0	0	0	NA	"NO"	NA	NA
"ECK120001874"	"nrfD"	"+"	4288499	4289455	957	"M-C6h"	0	0	0	0	0	0	NA	"NO"	NA	NA
"ECK120001875"	"nrfE"	"+"	4289535	4291193	1659	"M-C6h"	0	0	0	0	0	0	NA	"NO"	NA	NA
"ECK120001876"	"nrfF"	"+"	4291186	4291569	384	"M-C6h"	0	0	0	0	0	0	NA	"NO"	NA	NA
"ECK120001877"	"nrfG"	"+"	4291566	4292162	597	"M-C6h"	0	0	0	0	0	0	NA	"NO"	NA	NA
"ECK120001879"	"mdtP"	"-"	4297587	4299053	1467	"M-C6h"	0	0	0	0	0	0	NA	"NO"	NA	NA
"ECK120001880"	"mdtO"	"-"	4299050	4301101	2052	"M-C6h"	0	0	0	0	0	0	NA	"NO"	NA	NA
"ECK120001881"	"mdtN"	"-"	4301101	4302132	1032	"M-C6h"	0	0	0	0	0	0	NA	"NO"	NA	NA
"ECK120001882"	"yjcS"	"-"	4302635	4304620	1986	"M-C6h"	0	0	0	0	0	0	NA	"NO"	NA	NA
"ECK120001883"	"alsK"	"-"	4304893	4305822	930	"M-C6h"	1	0	1	100	0	0.0817204301075269	NA	"NO"	NA	NA
"ECK120001884"	"alsE"	"-"	4305806	4306501	696	"M-C6h"	1	0	0	0	0	0.133620689655172	NA	"NO"	NA	NA
"ECK120001885"	"alsC"	"-"	4306512	4307492	981	"M-C6h"	0	0	0	0	0	0	NA	"NO"	NA	NA
"ECK120001886"	"alsA"	"-"	4307471	4309003	1533	"M-C6h"	0	0	0	0	0	0	NA	"NO"	NA	NA
"ECK120001887"	"lldP"	"+"	3775422	3777077	1656	"M-C6h"	14	2.61052727490549	0	0	0	0.364734299516908	-Inf	"SD"	NA	NA
"ECK120001888"	"lldR"	"+"	3777077	3777853	777	"M-C6h"	5	0	1	100	0	0.244530244530245	NA	"NO"	NA	NA
"ECK120001889"	"lldD"	"+"	3777850	3779040	1191	"M-C6h"	13	3.3704828579924	0	0	0	0.445843828715365	-Inf	"SD"	10	23.2558139534884
"ECK120001892"	"adiY"	"-"	4335191	4335952	762	"M-C6h"	0	0	0	0	0	0	NA	"NO"	NA	NA
"ECK120001893"	"flgK"	"+"	1137601	1139244	1644	"M-C6h"	6	0	0	0	0	0.17639902676399	NA	"NO"	1	1.72413793103448
"ECK120001894"	"zntR"	"-"	3436727	3437152	426	"M-C6h"	1	0	0	0	0	0.232394366197183	NA	"NO"	NA	NA
"ECK120001895"	"yhdN"	"-"	3437163	3437531	369	"M-C6h"	0	0	0	0	0	0	NA	"NO"	NA	NA
"ECK120001897"	"htrE"	"-"	152829	155426	2598	"M-C6h"	0	0	3	72	0	0	NA	"NO"	NA	NA
"ECK120001898"	"yadV"	"-"	155461	156201	741	"M-C6h"	0	0	0	0	0	0	NA	"NO"	NA	NA
"ECK120001899"	"fimI"	"+"	4541751	4542290	540	"M-C6h"	1	0	0	0	0	0.135185185185185	NA	"NO"	NA	NA
"ECK120001900"	"fliP"	"+"	2019893	2020630	738	"M-C6h"	0	0	0	0	0	0	NA	"NO"	1	3.7037037037037
"ECK120001901"	"fliQ"	"+"	2020640	2020909	270	"M-C6h"	0	0	0	0	0	0	NA	"NO"	NA	NA
"ECK120001902"	"fliR"	"+"	2020917	2021702	786	"M-C6h"	1	0	0	0	0	0.0648854961832061	NA	"NO"	NA	NA
"ECK120001903"	"rfbA"	"-"	2108162	2109043	882	"M-C6h"	3	0	1	61	0	0.217687074829932	NA	"NO"	23	69.6969696969697
"ECK120001904"	"rfbC"	"-"	2107605	2108162	558	"M-C6h"	0	0	0	0	0	0	NA	"NO"	4	19.047619047619
"ECK120001905"	"rfbX"	"-"	2106361	2107608	1248	"M-C6h"	1	0	0	0	0	0.0568910256410256	NA	"NO"	NA	NA
"ECK120001906"	"glf"	"-"	2105250	2106353	1104	"M-C6h"	1	0	0	0	0	0.0489130434782609	NA	"NO"	17	39.5348837209302
"ECK120001907"	"wbbH"	"-"	2104084	2105250	1167	"M-C6h"	1	0	0	0	0	0.0856898029134533	NA	"NO"	NA	NA
"ECK120001908"	"wbbI"	"-"	2103089	2104081	993	"M-C6h"	2	0	0	0	0	0.138972809667674	NA	"NO"	12	31.5789473684211
"ECK120001909"	"wbbJ"	"-"	2102518	2103108	591	"M-C6h"	1	0	1	75	0	0.169204737732657	NA	"NO"	3	13.6363636363636
"ECK120001910"	"wbbK"	"-"	2101415	2102533	1119	"M-C6h"	2	0	0	0	0	0.133154602323503	NA	"NO"	6	13.953488372093
"ECK120001911"	"wbbL_1"	"-"	2100940	2101413	474	"M-C6h"	1	0	0	0	0	0.210970464135021	NA	"NO"	NA	NA
"ECK120001913"	"yehB"	"-"	2186452	2188932	2481	"M-C6h"	1	0	0	0	0	0.0201531640467553	NA	"NO"	NA	NA
"ECK120001914"	"yehC"	"-"	2188948	2189667	720	"M-C6h"	0	0	0	0	0	0	NA	"NO"	NA	NA
"ECK120001915"	"yehD"	"-"	2189702	2190244	543	"M-C6h"	0	0	0	0	0	0	NA	"NO"	NA	NA
"ECK120001916"	"yehE"	"-"	2190537	2190818	282	"M-C6h"	1	0	0	0	0	0.120567375886525	NA	"NO"	NA	NA
"ECK120001917"	"molR_1"	"+"	2194496	2195320	825	"M-C6h"	0	0	0	0	0	0	NA	"NO"	NA	NA
"ECK120001918"	"yehI"	"+"	2198301	2201933	3633	"M-C6h"	3	0	1	35	0	0.0825763831544178	NA	"NO"	NA	NA
"ECK120001919"	"yehL"	"+"	2202618	2203706	1089	"M-C6h"	0	0	0	0	0	0	NA	"NO"	NA	NA
"ECK120001920"	"yehM"	"+"	2203717	2205996	2280	"M-C6h"	1	0	0	0	0	0.0412280701754386	NA	"NO"	NA	NA
"ECK120001921"	"yehP"	"+"	2205989	2207125	1137	"M-C6h"	1	0	0	0	0	0.0483729111697449	NA	"NO"	NA	NA
"ECK120001922"	"yehQ"	"+"	2207122	2208966	1845	"M-C6h"	0	0	0	0	0	0	NA	"NO"	NA	NA
"ECK120001925"	"yehT"	"-"	2210265	2210984	720	"M-C6h"	4	0	0	0	0	0.226388888888889	NA	"NO"	4	14.8148148148148
"ECK120001929"	"yehX"	"-"	2214503	2215429	927	"M-C6h"	0	0	0	0	0	0	NA	"NO"	NA	NA
"ECK120001930"	"yehY"	"-"	2215422	2216579	1158	"M-C6h"	0	0	0	0	0	0	NA	"NO"	NA	NA
"ECK120001931"	"osmF"	"-"	2216586	2217503	918	"M-C6h"	2	0	0	0	0	0.108932461873638	NA	"NO"	NA	NA
"ECK120001937"	"mdtQ"	"-"	2225345	2226433	1089	"M-C6h"	0	0	0	0	0	0	NA	"NO"	NA	NA
"ECK120001941"	"yohK"	"+"	2229041	2229736	696	"M-C6h"	0	0	3	114	0	0	NA	"NO"	NA	NA
"ECK120001942"	"sanA"	"+"	2230900	2231619	720	"M-C6h"	2	0	1	100	0	0.0972222222222222	NA	"NO"	NA	NA
"ECK120001950"	"psuG"	"-"	2255451	2256389	939	"M-C6h"	0	0	0	0	0	0	NA	"NO"	NA	NA
"ECK120001953"	"yeiQ"	"+"	2264267	2265733	1467	"M-C6h"	11	2.31538440158138	0	0	0	0.289706884798909	-Inf	"SD"	NA	NA
"ECK120001954"	"yejA"	"+"	2270386	2272200	1815	"M-C6h"	27	0	0	0	0	0.235261707988981	NA	"NO"	NA	NA
"ECK120001955"	"yejB"	"+"	2272201	2273295	1095	"M-C6h"	0	0	0	0	0	0	NA	"NO"	NA	NA
"ECK120001956"	"yejE"	"+"	2273295	2274320	1026	"M-C6h"	1	0	0	0	0	0.0974658869395711	NA	"NO"	NA	NA
"ECK120001963"	"yejM"	"+"	2282398	2284158	1761	"M-C6h"	3	0	1	100	0	0.0954003407155026	NA	"NO"	1	1.49253731343284
"ECK120001966"	"ccmG"	"-"	2290429	2290986	558	"M-C6h"	2	1.10676732392306	0	0	0	0.326164874551971	-Inf	"SD"	2	9.52380952380952
"ECK120001967"	"ccmF"	"-"	2290983	2292926	1944	"M-C6h"	1	0	0	0	0	0.0113168724279835	NA	"NO"	NA	NA
"ECK120001968"	"ccmE"	"-"	2292923	2293402	480	"M-C6h"	0	0	0	0	0	0	NA	"NO"	1	5.55555555555556
"ECK120001969"	"ccmC"	"-"	2293605	2294342	738	"M-C6h"	2	0	0	0	0	0.181571815718157	NA	"NO"	NA	NA
"ECK120001970"	"ccmB"	"-"	2294384	2295046	663	"M-C6h"	0	0	0	0	0	0	NA	"NO"	NA	NA
"ECK120001971"	"ccmA"	"-"	2295043	2295666	624	"M-C6h"	4	1.9794107908624	0	0	0	0.33974358974359	-Inf	"SD"	NA	NA
"ECK120001972"	"napC"	"-"	2295679	2296281	603	"M-C6h"	2	0	0	0	0	0.157545605306799	NA	"NO"	NA	NA
"ECK120001973"	"napB"	"-"	2296291	2296740	450	"M-C6h"	0	0	0	0	0	0	NA	"NO"	NA	NA
"ECK120001974"	"napH"	"-"	2296737	2297600	864	"M-C6h"	1	0	0	0	0	0.115740740740741	NA	"NO"	NA	NA
"ECK120001975"	"napG"	"-"	2297587	2298282	696	"M-C6h"	0	0	0	0	0	0	NA	"NO"	NA	NA
"ECK120001976"	"napA"	"-"	2298289	2300775	2487	"M-C6h"	0	0	0	0	0	0	NA	"NO"	13	13.9784946236559
"ECK120001979"	"yojI"	"-"	2304994	2306637	1644	"M-C6h"	0	0	0	0	0	0	NA	"NO"	0	0
"ECK120001980"	"apbE"	"-"	2308501	2309556	1056	"M-C6h"	0	0	0	0	0	0	NA	"NO"	NA	NA
"ECK120001981"	"nikA"	"+"	3611690	3613264	1575	"M-C6h"	0	0	0	0	0	0	NA	"NO"	10	16.9491525423729
"ECK120001982"	"nikB"	"+"	3613264	3614208	945	"M-C6h"	0	0	0	0	0	0	NA	"NO"	NA	NA
"ECK120001983"	"nikC"	"+"	3614205	3615038	834	"M-C6h"	0	0	0	0	0	0	NA	"NO"	NA	NA
"ECK120001984"	"nikD"	"+"	3615038	3615802	765	"M-C6h"	0	0	0	0	0	0	NA	"NO"	NA	NA
"ECK120001985"	"nikE"	"+"	3615799	3616605	807	"M-C6h"	0	0	1	47	0	0	NA	"NO"	0	0
"ECK120001986"	"recX"	"-"	2820161	2820661	501	"M-C6h"	0	0	1	100	0	0	NA	"NO"	NA	NA
"ECK120001987"	"ppdA"	"-"	2961729	2962199	471	"M-C6h"	0	0	0	0	0	0	NA	"NO"	NA	NA
"ECK120001988"	"nuoA"	"-"	2402651	2403094	444	"M-C6h"	12	8.34562387498742	0	0	0	0.713963963963964	-Inf	"SD"	4	25
"ECK120001989"	"nuoB"	"-"	2401973	2402635	663	"M-C6h"	18	8.38338687894664	0	0	0	0.719457013574661	-Inf	"SD"	7	28
"ECK120001990"	"nuoC"	"-"	2400077	2401867	1791	"M-C6h"	76	13.1032352520741	0	0	0	0.70463428252373	-Inf	"SD"	49	72.0588235294118
"ECK120001991"	"nuoE"	"-"	2399574	2400074	501	"M-C6h"	67	41.2950131458959	0	0	0	0.856287425149701	-Inf	"SD"	7	36.8421052631579
"ECK120001992"	"nuoG"	"-"	2395461	2398187	2727	"M-C6h"	41	4.64257844457496	0	0	0	0.444811147781445	-Inf	"SD"	54	54
"ECK120001993"	"nuoH"	"-"	2394487	2395464	978	"M-C6h"	18	5.68321625842702	0	0	0	0.556237218813906	-Inf	"SD"	17	47.2222222222222
"ECK120001994"	"nuoI"	"-"	2393930	2394472	543	"M-C6h"	19	10.8047395655915	0	0	0	0.961325966850829	-Inf	"SD"	11	52.3809523809524
"ECK120001995"	"nuoJ"	"-"	2393364	2393918	555	"M-C6h"	5	2.78187462499581	0	0	0	0.351351351351351	-Inf	"SD"	NA	NA
"ECK120001996"	"nuoK"	"-"	2393065	2393367	303	"M-C6h"	5	5.09551292697252	1	75	0	0.646864686468647	-Inf	"SD"	0	0
"ECK120001997"	"nuoL"	"-"	2391227	2393068	1842	"M-C6h"	70	11.7346177178162	0	0	0	0.622149837133551	-Inf	"SD"	17	25.7575757575758
"ECK120002000"	"secG"	"-"	3320195	3320527	333	"M-C6h"	8	7.41833233332215	0	0	0	0.696696696696697	-Inf	"SD"	4	36.3636363636364
"ECK120002002"	"yfiH"	"-"	2732325	2733056	732	"M-C6h"	1	0	0	0	0	0.131147540983607	NA	"NO"	NA	NA
"ECK120002006"	"feoA"	"+"	3538185	3538412	228	"M-C6h"	1	0	0	0	0	0.179824561403509	NA	"NO"	NA	NA
"ECK120002007"	"feoB"	"+"	3538429	3540750	2322	"M-C6h"	0	0	0	0	0	0	NA	"NO"	NA	NA
"ECK120002009"	"yeiR"	"+"	2265851	2266837	987	"M-C6h"	0	0	0	0	0	0	NA	"NO"	0	0
"ECK120002011"	"hofB"	"-"	115714	117099	1386	"M-C6h"	0	0	0	0	0	0	NA	"NO"	NA	NA
"ECK120002012"	"ppdD"	"-"	117109	117549	441	"M-C6h"	0	0	0	0	0	0	NA	"NO"	NA	NA
"ECK120002014"	"ydcF"	"+"	1485259	1486059	801	"M-C6h"	1	0	0	0	0	0.0911360799001248	NA	"NO"	4	13.3333333333333
"ECK120002015"	"nlpD"	"-"	2865636	2866775	1140	"M-C6h"	92	24.9197400618046	0	0	0	0.619298245614035	-Inf	"SD"	3	7.5
"ECK120002017"	"hofQ"	"-"	3517487	3518725	1239	"M-C6h"	1	0	0	0	0	0.0573042776432607	NA	"NO"	NA	NA
"ECK120002018"	"prfC"	"+"	4607437	4609026	1590	"M-C6h"	1	0	0	0	0	0.040251572327044	NA	"NO"	18	30
"ECK120002019"	"yjjG"	"+"	4606669	4607346	678	"M-C6h"	1	0	0	0	0	0.0825958702064897	NA	"NO"	NA	NA
"ECK120002024"	"rssB"	"+"	1289465	1290478	1014	"M-C6h"	14	4.26334631878056	0	0	0	0.411242603550296	-Inf	"SD"	NA	NA
"ECK120002025"	"yggI"	"+"	3087777	3088274	498	"M-C6h"	0	0	0	0	0	0	NA	"NO"	NA	NA
"ECK120002027"	"hisJ"	"-"	2424028	2424810	783	"M-C6h"	48	18.9295376781324	0	0	0	0.849297573435504	-Inf	"SD"	14	50
"ECK120002028"	"hisQ"	"-"	2423252	2423938	687	"M-C6h"	7	3.14631234879439	0	0	0	0.358078602620087	-Inf	"SD"	NA	NA
"ECK120002029"	"treB"	"-"	4462782	4464203	1422	"M-C6h"	42	9.12032313764449	0	0	0	0.706047819971871	-Inf	"SD"	28	54.9019607843137
"ECK120002030"	"lgt"	"-"	2963184	2964059	876	"M-C6h"	1	0	0	0	0	0.0719178082191781	NA	"NO"	4	12.1212121212121
"ECK120002031"	"uraA"	"-"	2616893	2618182	1290	"M-C6h"	0	0	0	0	0	0	NA	"NO"	NA	NA
"ECK120002032"	"hscA"	"-"	2655107	2656957	1851	"M-C6h"	23	3.83691297548044	0	0	0	0.561858454889249	-Inf	"SD"	12	18.1818181818182
"ECK120002033"	"hscB"	"-"	2656974	2657489	516	"M-C6h"	10	5.98426518167703	0	0	0	0.49031007751938	-Inf	"SD"	7	35
"ECK120002034"	"iscA"	"-"	2657585	2657908	324	"M-C6h"	89	84.8214179639925	0	0	0	1	-Inf	"SD"	NA	NA
"ECK120002035"	"ucpA"	"-"	2541854	2542645	792	"M-C6h"	311	121.253906476617	0	0	0	1	-Inf	"SD"	14	50
"ECK120002037"	"mdtD"	"+"	2159488	2160903	1416	"M-C6h"	1	0	0	0	0	0.0593220338983051	NA	"NO"	NA	NA
"ECK120002040"	"yfhG"	"-"	2686815	2687528	714	"M-C6h"	0	0	0	0	0	0	NA	"NO"	NA	NA
"ECK120002043"	"sdaC"	"+"	2926251	2927540	1290	"M-C6h"	1	0	10	139	64.7482014388489	0.0418604651162791	Inf	"AD"	3	6.38297872340426
"ECK120002044"	"napD"	"-"	2300772	2301035	264	"M-C6h"	0	0	0	0	0	0	NA	"NO"	NA	NA
"ECK120002045"	"pgm"	"+"	712781	714421	1641	"M-C6h"	9	1.69353610625887	0	0	0	0.280926264472882	-Inf	"SD"	27	46.551724137931
"ECK120002046"	"rapZ"	"+"	3345137	3345991	855	"M-C6h"	3	0	0	0	0	0.142690058479532	NA	"NO"	5	15.625
"ECK120002047"	"npr"	"+"	3345988	3346260	273	"M-C6h"	0	0	3	140	0	0	NA	"NO"	NA	NA
"ECK120002048"	"galP"	"+"	3086306	3087700	1395	"M-C6h"	0	0	0	0	0	0	NA	"NO"	NA	NA
"ECK120002049"	"cobS"	"-"	2062503	2063246	744	"M-C6h"	4	0	0	0	0	0.228494623655914	NA	"NO"	NA	NA
"ECK120002050"	"cobT"	"-"	2061412	2062491	1080	"M-C6h"	2	0	0	0	0	0.147222222222222	NA	"NO"	NA	NA
"ECK120002052"	"narU"	"-"	1540696	1542084	1389	"M-C6h"	0	0	0	0	0	0	NA	"NO"	NA	NA
"ECK120002056"	"yaiE"	"+"	407401	407685	285	"M-C6h"	1	0	15	157	95.5414012738854	0.203508771929825	Inf	"AD"	NA	NA
"ECK120002059"	"rsmB"	"+"	3433229	3434518	1290	"M-C6h"	2	0	0	0	0	0.110077519379845	NA	"NO"	4	8.33333333333333
"ECK120002061"	"mukF"	"+"	973542	974864	1323	"M-C6h"	3	0	0	0	0	0.18745275888133	NA	"NO"	3	5.88235294117647
"ECK120002064"	"brnQ"	"+"	418815	420134	1320	"M-C6h"	13	3.04109476050678	1	100	0	0.433333333333333	-Inf	"SD"	NA	NA
"ECK120002065"	"ccmD"	"-"	2293399	2293608	210	"M-C6h"	0	0	0	0	0	0	NA	"NO"	NA	NA
"ECK120002068"	"gspM"	"+"	3463104	3463565	462	"M-C6h"	1	0	0	0	0	0.0887445887445888	NA	"NO"	NA	NA
"ECK120002069"	"yjdC"	"-"	4360756	4361331	576	"M-C6h"	18	9.64962760545421	0	0	0	0.423611111111111	-Inf	"SD"	4	18.1818181818182
"ECK120002070"	"cutA"	"-"	4363041	4363379	339	"M-C6h"	2	1.82175860397956	0	0	0	0.259587020648968	-Inf	"SD"	NA	NA
"ECK120002071"	"dipZ"	"-"	4361368	4363065	1698	"M-C6h"	0	0	1	45	0	0	NA	"NO"	2	3.2258064516129
"ECK120002076"	"ampG"	"-"	451294	452769	1476	"M-C6h"	1	0	0	0	0	0.0677506775067751	NA	"NO"	NA	NA
"ECK120002077"	"ptsP"	"-"	2964210	2966456	2247	"M-C6h"	13	1.78649091404938	0	0	0	0.344904316866934	-Inf	"SD"	5	5.95238095238095
"ECK120002080"	"glnK"	"+"	471822	472160	339	"M-C6h"	0	0	0	0	0	0	NA	"NO"	NA	NA
"ECK120002092"	"cspC"	"-"	1905250	1905459	210	"M-C6h"	44	64.6984555641882	0	0	0	1	-Inf	"SD"	NA	NA
"ECK120002097"	"waaF"	"+"	3792952	3793998	1047	"M-C6h"	4	0	1	47	0	0.198662846227316	NA	"NO"	2	5.12820512820513
"ECK120002107"	"acpT"	"+"	3610992	3611579	588	"M-C6h"	0	0	1	43	0	0	NA	"NO"	NA	NA
"ECK120002108"	"rbbA"	"-"	3624826	3627561	2736	"M-C6h"	24	2.70866739802223	0	0	0	0.475146198830409	-Inf	"SD"	NA	NA
"ECK120002109"	"yhiI"	"-"	3627558	3628625	1068	"M-C6h"	17	4.91516612113023	0	0	0	0.717228464419476	-Inf	"SD"	5	12.8205128205128
"ECK120002110"	"yhiJ"	"-"	3628991	3630613	1623	"M-C6h"	0	0	0	0	0	0	NA	"NO"	NA	NA
"ECK120002111"	"yhiK"	"-"	3630875	3631267	393	"M-C6h"	0	0	0	0	0	0	NA	"NO"	NA	NA
"ECK120002119"	"arsR"	"+"	3646551	3646904	354	"M-C6h"	0	0	0	0	0	0	NA	"NO"	NA	NA
"ECK120002120"	"arsB"	"+"	3646958	3648247	1290	"M-C6h"	0	0	0	0	0	0	NA	"NO"	NA	NA
"ECK120002121"	"arsC"	"+"	3648260	3648685	426	"M-C6h"	1	0	0	0	0	0.234741784037559	NA	"NO"	NA	NA
"ECK120002123"	"mdtE"	"+"	3657255	3658412	1158	"M-C6h"	1	0	0	0	0	0.0863557858376511	NA	"NO"	NA	NA
"ECK120002126"	"gadX"	"-"	3663009	3663833	825	"M-C6h"	4	1.49715434363411	0	0	0	0.472727272727273	-Inf	"SD"	NA	NA
"ECK120002131"	"yhjD"	"+"	3671385	3672398	1014	"M-C6h"	7	2.13167315939028	0	0	0	0.270216962524655	-Inf	"SD"	NA	NA
"ECK120002137"	"yhjK"	"-"	3681653	3683602	1950	"M-C6h"	2	0	0	0	0	0.061025641025641	NA	"NO"	NA	NA
"ECK120002138"	"bcsC"	"-"	3683723	3687196	3474	"M-C6h"	2	0	0	0	0	0.0417386298215314	NA	"NO"	NA	NA
"ECK120002139"	"bcsZ"	"-"	3687178	3688284	1107	"M-C6h"	0	0	0	0	0	0	NA	"NO"	NA	NA
"ECK120002140"	"bcsB"	"-"	3688291	3690630	2340	"M-C6h"	0	0	1	100	0	0	NA	"NO"	NA	NA
"ECK120002141"	"bcsA"	"-"	3690641	3693259	2619	"M-C6h"	1	0	0	0	0	0.0381825124093165	NA	"NO"	NA	NA
"ECK120002142"	"bcsQ"	"-"	3693256	3693984	729	"M-C6h"	1	0	0	0	0	0.0356652949245542	NA	"NO"	NA	NA
"ECK120002145"	"bcsF"	"+"	3696049	3696240	192	"M-C6h"	3	4.8248138027271	0	0	0	0.265625	-Inf	"SD"	NA	NA
"ECK120002148"	"eptB"	"-"	3706807	3708498	1692	"M-C6h"	14	2.55498414139686	0	0	0	0.543144208037825	-Inf	"SD"	NA	NA
"ECK120002149"	"yhjX"	"-"	3708822	3710030	1209	"M-C6h"	1	0	0	0	0	0.0446650124069479	NA	"NO"	NA	NA
"ECK120002156"	"xylG"	"+"	3730224	3731765	1542	"M-C6h"	4	0	13	124	104.838709677419	0.133592736705577	Inf	"AD"	NA	NA
"ECK120002157"	"xylH"	"+"	3731743	3732924	1182	"M-C6h"	3	0	0	0	0	0.0947546531302876	NA	"NO"	NA	NA
"ECK120002161"	"yiaL"	"+"	3741766	3742233	468	"M-C6h"	0	0	0	0	0	0	NA	"NO"	NA	NA
"ECK120002162"	"yiaM"	"+"	3742351	3742824	474	"M-C6h"	0	0	0	0	0	0	NA	"NO"	NA	NA
"ECK120002163"	"yiaN"	"+"	3742827	3744104	1278	"M-C6h"	0	0	0	0	0	0	NA	"NO"	NA	NA
"ECK120002164"	"yiaO"	"+"	3744117	3745103	987	"M-C6h"	0	0	0	0	0	0	NA	"NO"	NA	NA
"ECK120002165"	"lyxK"	"+"	3745107	3746603	1497	"M-C6h"	4	0	0	0	0	0.120908483633935	NA	"NO"	NA	NA
"ECK120002166"	"sgbH"	"+"	3746600	3747262	663	"M-C6h"	0	0	0	0	0	0	NA	"NO"	NA	NA
"ECK120002167"	"sgbU"	"+"	3747255	3748115	861	"M-C6h"	1	0	0	0	0	0.0696864111498258	NA	"NO"	NA	NA
"ECK120002172"	"yiaW"	"-"	3752128	3752451	324	"M-C6h"	0	0	0	0	0	0	NA	"NO"	NA	NA
"ECK120002173"	"aldB"	"-"	3752996	3754534	1539	"M-C6h"	17	3.41091450121318	0	0	0	0.604288499025341	-Inf	"SD"	NA	NA
"ECK120002174"	"yiaY"	"-"	3754699	3755850	1152	"M-C6h"	0	0	1	50	0	0	NA	"NO"	NA	NA
"ECK120002175"	"grxC"	"-"	3782214	3782465	252	"M-C6h"	4	4.90139814880214	0	0	0	0.869047619047619	-Inf	"SD"	NA	NA
"ECK120002178"	"envC"	"+"	3784861	3786120	1260	"M-C6h"	0	0	0	0	0	0	NA	"NO"	NA	NA
"ECK120002181"	"tmk"	"+"	1154347	1154988	642	"M-C6h"	7	3.36684826109306	0	0	0	0.440809968847352	-Inf	"SD"	5	20.8333333333333
"ECK120002182"	"ycfH"	"+"	1156000	1156797	798	"M-C6h"	24	0	3	145	0	0.225563909774436	NA	"NO"	2	6.66666666666667
"ECK120002183"	"sapD"	"-"	1350660	1351652	993	"M-C6h"	2	0	0	0	0	0.16515609264854	NA	"NO"	0	0
"ECK120002184"	"sapF"	"-"	1349852	1350658	807	"M-C6h"	2	0	3	80	0	0.18091697645601	NA	"NO"	0	0
"ECK120002186"	"yjtD"	"+"	4638965	4639651	687	"M-C6h"	1	0	0	0	0	0.0538573508005822	NA	"NO"	NA	NA
"ECK120002187"	"pepB"	"-"	2653097	2654380	1284	"M-C6h"	13	3.12635909958641	0	0	0	0.36993769470405	-Inf	"SD"	23	50
"ECK120002188"	"iscX"	"-"	2654558	2654758	201	"M-C6h"	25	38.4064780316585	0	0	0	1	-Inf	"SD"	NA	NA
"ECK120002190"	"zapD"	"-"	111856	112599	744	"M-C6h"	2	0	0	0	0	0.205645161290323	NA	"NO"	5	17.8571428571429
"ECK120002197"	"yadH"	"+"	143702	144472	771	"M-C6h"	1	0	1	100	0	0.0752269779507134	NA	"NO"	NA	NA
"ECK120002198"	"yadI"	"+"	144577	145017	441	"M-C6h"	36	25.2071904795539	0	0	0	0.884353741496599	-Inf	"SD"	NA	NA
"ECK120002199"	"yfaD"	"+"	2354926	2355825	900	"M-C6h"	0	0	0	0	0	0	NA	"NO"	NA	NA
"ECK120002200"	"yadK"	"-"	151003	151599	597	"M-C6h"	0	0	0	0	0	0	NA	"NO"	NA	NA
"ECK120002201"	"yadL"	"-"	151626	152231	606	"M-C6h"	0	0	0	0	0	0	NA	"NO"	NA	NA
"ECK120002202"	"yadM"	"-"	152243	152812	570	"M-C6h"	1	0	0	0	0	0.0947368421052632	NA	"NO"	NA	NA
"ECK120002203"	"yadN"	"-"	156299	156883	585	"M-C6h"	0	0	0	0	0	0	NA	"NO"	NA	NA
"ECK120002209"	"btuF"	"-"	177662	178462	801	"M-C6h"	0	0	0	0	0	0	NA	"NO"	NA	NA
"ECK120002212"	"yaeI"	"-"	184257	185069	813	"M-C6h"	0	0	1	100	0	0	NA	"NO"	NA	NA
"ECK120002214"	"yagB"	"-"	279609	279959	351	"M-C6h"	3	2.63921438781654	0	0	0	0.301994301994302	-Inf	"SD"	NA	NA
"ECK120002216"	"rseA"	"-"	2706776	2707426	651	"M-C6h"	121	57.393791226296	0	0	0	1	-Inf	"SD"	2	8.33333333333333
"ECK120002223"	"arfB"	"+"	214833	215255	423	"M-C6h"	1	0	0	0	0	0.236406619385343	NA	"NO"	NA	NA
"ECK120002227"	"ybgD"	"-"	751452	752018	567	"M-C6h"	1	0	0	0	0	0.17636684303351	NA	"NO"	NA	NA
"ECK120002229"	"kduD"	"-"	2980519	2981280	762	"M-C6h"	1	0	3	89	0	0.133858267716535	NA	"NO"	NA	NA
"ECK120002230"	"menF"	"-"	2377370	2378665	1296	"M-C6h"	3	0	0	0	0	0.158179012345679	NA	"NO"	NA	NA
"ECK120002231"	"ygiL"	"+"	3183436	3183987	552	"M-C6h"	0	0	0	0	0	0	NA	"NO"	NA	NA
"ECK120002232"	"intB"	"+"	4494773	4495963	1191	"M-C6h"	30	7.77803736459785	0	0	0	0.267002518891688	-Inf	"SD"	NA	NA
"ECK120002234"	"rsmE"	"+"	3089156	3089887	732	"M-C6h"	2	0	0	0	0	0.198087431693989	NA	"NO"	4	14.8148148148148
"ECK120002235"	"cusA"	"+"	597937	601080	3144	"M-C6h"	0	0	0	0	0	0	NA	"NO"	NA	NA
"ECK120002239"	"nlpI"	"-"	3306062	3306946	885	"M-C6h"	34	11.8630450109991	0	0	0	0.815819209039548	-Inf	"SD"	1	2.94117647058824
"ECK120002241"	"ygdH"	"+"	2924330	2925694	1365	"M-C6h"	18	4.07193076977408	0	0	0	0.483516483516484	-Inf	"SD"	20	39.2156862745098
"ECK120002242"	"yhfG"	"-"	3489475	3489642	168	"M-C6h"	0	0	0	0	0	0	NA	"NO"	NA	NA
"ECK120002243"	"ycaI"	"+"	963543	965807	2265	"M-C6h"	3	0	1	100	0	0.0768211920529801	NA	"NO"	NA	NA
"ECK120002246"	"yecE"	"+"	1949419	1950237	819	"M-C6h"	0	0	2	100	0	0	NA	"NO"	NA	NA
"ECK120002248"	"nrdF"	"+"	2801524	2802483	960	"M-C6h"	1	0	0	0	0	0.104166666666667	NA	"NO"	NA	NA
"ECK120002250"	"rcsD"	"+"	2311510	2314182	2673	"M-C6h"	24	2.77250804376687	0	0	0	0.278713056490834	-Inf	"SD"	17	17
"ECK120002252"	"lhgO"	"+"	2788004	2789272	1269	"M-C6h"	19	4.62330463681336	0	0	0	0.427107959022853	-Inf	"SD"	NA	NA
"ECK120002258"	"ybgE"	"+"	773532	773825	294	"M-C6h"	6	0	0	0	0	0.238095238095238	NA	"NO"	NA	NA
"ECK120002260"	"ycbF"	"+"	1003170	1003880	711	"M-C6h"	0	0	0	0	0	0	NA	"NO"	NA	NA
"ECK120002261"	"dhaM"	"-"	1246919	1248337	1419	"M-C6h"	5	0	0	0	0	0.162790697674419	NA	"NO"	4	7.84313725490196
"ECK120002263"	"rlmN"	"-"	2641151	2642305	1155	"M-C6h"	3	0	1	82	0	0.18008658008658	NA	"NO"	1	2.32558139534884
"ECK120002271"	"nudK"	"-"	2580925	2581500	576	"M-C6h"	0	0	0	0	0	0	NA	"NO"	3	13.6363636363636
"ECK120002272"	"rfbD"	"-"	2109101	2110000	900	"M-C6h"	1	0	0	0	0	0.0422222222222222	NA	"NO"	13	39.3939393939394
"ECK120002273"	"rfbB"	"-"	2110000	2111085	1086	"M-C6h"	4	0	0	0	0	0.232965009208103	NA	"NO"	14	34.1463414634146
"ECK120002274"	"gatA"	"-"	2172619	2173071	453	"M-C6h"	160	109.064223708445	0	0	0	0.95364238410596	-Inf	"SD"	12	70.5882352941177
"ECK120002275"	"gatB"	"-"	2172304	2172588	285	"M-C6h"	60	65.0080175525336	0	0	0	1	-Inf	"SD"	2	20
"ECK120002276"	"gatC"	"-"	2170945	2172300	1356	"M-C6h"	98	22.3165428987496	1	100	0	0.885693215339233	-Inf	"SD"	NA	NA
"ECK120002277"	"gatD"	"-"	2169857	2170897	1041	"M-C6h"	11	3.26289041029768	0	0	0	0.364073006724304	-Inf	"SD"	6	16.2162162162162
"ECK120002278"	"gatY"	"-"	2174372	2175226	855	"M-C6h"	2282	824.157200304898	0	0	0	1	-Inf	"SD"	48	154.838709677419
"ECK120002279"	"ybiI"	"-"	837413	837679	267	"M-C6h"	2	0	0	0	0	0.116104868913858	NA	"NO"	NA	NA
"ECK120002282"	"prmC"	"+"	1265317	1266150	834	"M-C6h"	0	0	0	0	0	0	NA	"NO"	NA	NA
"ECK120002283"	"modA"	"+"	794312	795085	774	"M-C6h"	1	0	0	0	0	0.129198966408269	NA	"NO"	9	33.3333333333333
"ECK120002285"	"tomB"	"-"	479558	479932	375	"M-C6h"	619	509.706196290232	3	61	0	1	-Inf	"SD"	NA	NA
"ECK120002286"	"puuR"	"+"	1359935	1360492	558	"M-C6h"	3	0	0	0	0	0.24910394265233	NA	"NO"	NA	NA
"ECK120002287"	"ydiF"	"+"	1773611	1775206	1596	"M-C6h"	0	0	0	0	0	0	NA	"NO"	NA	NA
"ECK120002290"	"rseP"	"+"	196546	197898	1353	"M-C6h"	5	0	0	0	0	0.224685883222469	NA	"NO"	4	8.16326530612245
"ECK120002291"	"menE"	"-"	2371670	2373025	1356	"M-C6h"	0	0	2	47	0	0	NA	"NO"	NA	NA
"ECK120002292"	"menH"	"-"	2374856	2375614	759	"M-C6h"	2	0	0	0	0	0.126482213438735	NA	"NO"	NA	NA
"ECK120002296"	"yggL"	"-"	3099829	3100155	327	"M-C6h"	5	4.72153032682775	0	0	0	0.773700305810398	-Inf	"SD"	5	38.4615384615385
"ECK120002300"	"ybcH"	"-"	586314	587204	891	"M-C6h"	0	0	0	0	0	0	NA	"NO"	NA	NA
"ECK120002305"	"alsB"	"-"	4309130	4310065	936	"M-C6h"	1	0	0	0	0	0.0224358974358974	NA	"NO"	3	9.09090909090909
"ECK120002306"	"adiC"	"-"	4333717	4335054	1338	"M-C6h"	0	0	0	0	0	0	NA	"NO"	NA	NA
"ECK120002307"	"yjdL"	"-"	4352977	4354434	1458	"M-C6h"	0	0	0	0	0	0	NA	"NO"	NA	NA
"ECK120002308"	"yjeM"	"+"	4381862	4383364	1503	"M-C6h"	1	0	0	0	0	0.0306054557551564	NA	"NO"	NA	NA
"ECK120002309"	"ulaB"	"+"	4419416	4419721	306	"M-C6h"	1	1.00911138357691	0	0	0	0.326797385620915	-Inf	"SD"	NA	NA
"ECK120002310"	"ulaC"	"+"	4419731	4420195	465	"M-C6h"	2	1.32812078870768	0	0	0	0.275268817204301	-Inf	"SD"	NA	NA
"ECK120002313"	"ytfR"	"+"	4449081	4450583	1503	"M-C6h"	5	0	0	0	0	0.238855622089155	NA	"NO"	NA	NA
"ECK120002314"	"ytfT"	"+"	4450597	4451619	1023	"M-C6h"	1	0	0	0	0	0.0977517106549365	NA	"NO"	NA	NA
"ECK120002317"	"idnT"	"-"	4489229	4490548	1320	"M-C6h"	1	0	2	109	0	0.0568181818181818	NA	"NO"	NA	NA
"ECK120002319"	"yjhF"	"-"	4518694	4520043	1350	"M-C6h"	0	0	0	0	0	0	NA	"NO"	NA	NA
"ECK120002320"	"sgcA"	"-"	4525572	4526003	432	"M-C6h"	4	2.85914892013458	0	0	0	0.532407407407407	-Inf	"SD"	NA	NA
"ECK120002321"	"sgcC"	"-"	4526953	4528266	1314	"M-C6h"	22	5.16996791038034	1	48	0	0.648401826484018	-Inf	"SD"	NA	NA
"ECK120002322"	"sgcX"	"-"	4528553	4529674	1122	"M-C6h"	13	3.57775854177268	0	0	0	0.478609625668449	-Inf	"SD"	NA	NA
"ECK120002329"	"fabF"	"+"	1151162	1152403	1242	"M-C6h"	45	11.1879740353092	0	0	0	0.876811594202899	-Inf	"SD"	16	37.2093023255814
"ECK120002332"	"yabP"	"+"	58474	59124	651	"M-C6h"	2	0	2	53	0	0.153609831029186	NA	"NO"	NA	NA
"ECK120002337"	"dppB"	"-"	3702794	3703813	1020	"M-C6h"	4	0	0	0	0	0.173529411764706	NA	"NO"	NA	NA
"ECK120002338"	"dppC"	"-"	3701882	3702784	903	"M-C6h"	1	0	0	0	0	0.110741971207087	NA	"NO"	NA	NA
"ECK120002339"	"dppD"	"-"	3700888	3701871	984	"M-C6h"	3	0	0	0	0	0.117886178861789	NA	"NO"	NA	NA
"ECK120002341"	"gntK"	"-"	3575088	3575615	528	"M-C6h"	0	0	0	0	0	0	NA	"NO"	NA	NA
"ECK120002342"	"gntR"	"-"	3575754	3576749	996	"M-C6h"	15	4.65042294238757	0	0	0	0.253012048192771	-Inf	"SD"	3	8.33333333333333
"ECK120002345"	"cas3"	"-"	2882575	2885241	2667	"M-C6h"	4	0	2	101	0	0.0806149231346082	NA	"NO"	NA	NA
"ECK120002349"	"gltJ"	"-"	685152	685892	741	"M-C6h"	1	0	0	0	0	0.0917678812415655	NA	"NO"	2	7.14285714285714
"ECK120002350"	"gltK"	"-"	684478	685152	675	"M-C6h"	0	0	0	0	0	0	NA	"NO"	NA	NA
"ECK120002351"	"gltL"	"-"	683753	684478	726	"M-C6h"	3	0	0	0	0	0.205234159779614	NA	"NO"	NA	NA
"ECK120002352"	"lpxH"	"-"	552441	553163	723	"M-C6h"	0	0	0	0	0	0	NA	"NO"	2	7.40740740740741
"ECK120002353"	"grxB"	"-"	1122630	1123277	648	"M-C6h"	2	0.95304964004486	0	0	0	0.266975308641975	-Inf	"SD"	9	37.5
"ECK120002355"	"rarA"	"+"	937217	938560	1344	"M-C6h"	27	0	0	0	0	0.0535714285714286	NA	"NO"	NA	NA
"ECK120002356"	"yciM"	"+"	1338582	1339751	1170	"M-C6h"	2	0	0	0	0	0.0700854700854701	NA	"NO"	NA	NA
"ECK120002358"	"nudL"	"+"	1894194	1894772	579	"M-C6h"	6	0	1	74	0	0.174438687392055	NA	"NO"	NA	NA
"ECK120002364"	"yggN"	"-"	3098926	3099645	720	"M-C6h"	1	0	0	0	0	0.0972222222222222	NA	"NO"	3	11.5384615384615
"ECK120002365"	"ygbE"	"-"	2871036	2871359	324	"M-C6h"	0	0	0	0	0	0	NA	"NO"	NA	NA
"ECK120002368"	"yedJ"	"-"	2030408	2031103	696	"M-C6h"	2	0	0	0	0	0.112068965517241	NA	"NO"	NA	NA
"ECK120002371"	"dxr"	"+"	193521	194717	1197	"M-C6h"	2	0	0	0	0	0.117794486215539	NA	"NO"	NA	NA
"ECK120002373"	"ygjI"	"+"	3224256	3225689	1434	"M-C6h"	0	0	1	45	0	0	NA	"NO"	NA	NA
"ECK120002375"	"uxaA"	"-"	3239849	3241336	1488	"M-C6h"	6	0	0	0	0	0.216397849462366	NA	"NO"	0	0
"ECK120002377"	"exuR"	"+"	3244674	3245450	777	"M-C6h"	35	13.909373124979	0	0	0	0.667953667953668	-Inf	"SD"	2	6.66666666666667
"ECK120002378"	"yhaO"	"-"	3254701	3255969	1269	"M-C6h"	0	0	0	0	0	0	NA	"NO"	NA	NA
"ECK120002380"	"agaA"	"+"	3279144	3279647	504	"M-C6h"	0	0	1	100	0	0	NA	"NO"	NA	NA
"ECK120002381"	"kbaY"	"+"	3281165	3282025	861	"M-C6h"	0	0	0	0	0	0	NA	"NO"	NA	NA
"ECK120002382"	"agaB"	"+"	3282192	3282668	477	"M-C6h"	0	0	0	0	0	0	NA	"NO"	NA	NA
"ECK120002383"	"agaC"	"+"	3282707	3283510	804	"M-C6h"	2	0	0	0	0	0.0360696517412935	NA	"NO"	NA	NA
"ECK120002384"	"diaA"	"+"	3293831	3294421	591	"M-C6h"	2	0	0	0	0	0.187817258883249	NA	"NO"	2	9.52380952380952
"ECK120002386"	"mlaD"	"-"	3335932	3336483	552	"M-C6h"	3	0	0	0	0	0.179347826086957	NA	"NO"	6	30
"ECK120002387"	"mlaE"	"-"	3336488	3337270	783	"M-C6h"	0	0	0	0	0	0	NA	"NO"	2	7.14285714285714
"ECK120002391"	"yhdW"	"+"	3417171	3418088	918	"M-C6h"	6	2.01822276715382	0	0	0	0.393246187363834	-Inf	"SD"	NA	NA
"ECK120002392"	"yhdX"	"+"	3418156	3419337	1182	"M-C6h"	1	0	4	100	0	0.0380710659898477	NA	"NO"	NA	NA
"ECK120002393"	"yhdY"	"+"	3419347	3420450	1104	"M-C6h"	2	0	0	0	0	0.109601449275362	NA	"NO"	NA	NA
"ECK120002401"	"abgT"	"-"	1398271	1399797	1527	"M-C6h"	0	0	0	0	0	0	NA	"NO"	NA	NA
"ECK120002402"	"ybgF"	"+"	778821	779612	792	"M-C6h"	13	5.0684912675113	0	0	0	0.446969696969697	-Inf	"SD"	11	39.2857142857143
"ECK120002409"	"proQ"	"-"	1912860	1913558	699	"M-C6h"	4	1.76702765879562	0	0	0	0.36480686695279	-Inf	"SD"	11	42.3076923076923
"ECK120002412"	"ycjF"	"+"	1383535	1384596	1062	"M-C6h"	1	0	0	0	0	0.0941619585687382	NA	"NO"	0	0
"ECK120002416"	"ycfK"	"+"	1206724	1207353	630	"M-C6h"	0	0	0	0	0	0	NA	"NO"	NA	NA
"ECK120002418"	"ybcJ"	"-"	555884	556096	213	"M-C6h"	5	7.24854655808767	0	0	0	0.859154929577465	-Inf	"SD"	NA	NA
"ECK120002424"	"frlA"	"+"	3497932	3499269	1338	"M-C6h"	0	0	1	44	0	0	NA	"NO"	NA	NA
"ECK120002425"	"feoC"	"+"	3540750	3540986	237	"M-C6h"	0	0	0	0	0	0	NA	"NO"	NA	NA
"ECK120002428"	"xapB"	"-"	2520751	2522007	1257	"M-C6h"	0	0	0	0	0	0	NA	"NO"	NA	NA
"ECK120002433"	"mngB"	"+"	767201	769834	2634	"M-C6h"	1	0	1	42	0	0.0284738041002278	NA	"NO"	NA	NA
"ECK120002434"	"cobU"	"-"	2063243	2063788	546	"M-C6h"	6	3.3932756414784	1	100	0	0.304029304029304	-Inf	"SD"	NA	NA
"ECK120002437"	"dctA"	"-"	3680184	3681470	1287	"M-C6h"	229	54.9436449827261	0	0	0	0.975135975135975	-Inf	"SD"	11	24.4444444444444
"ECK120002438"	"dgoA"	"-"	3871018	3871635	618	"M-C6h"	1	0	0	0	0	0.119741100323625	NA	"NO"	NA	NA
"ECK120002439"	"dgoK"	"-"	3871619	3872497	879	"M-C6h"	1	0	0	0	0	0.113765642775882	NA	"NO"	NA	NA
"ECK120002441"	"glcB"	"-"	3119656	3121827	2172	"M-C6h"	45	6.39754316383705	1	78	0	0.506445672191529	-Inf	"SD"	81	101.25
"ECK120002442"	"gpsA"	"-"	3780665	3781684	1020	"M-C6h"	28	8.47653562204605	0	0	0	0.512745098039216	-Inf	"SD"	9	25
"ECK120002444"	"kefB"	"-"	3476824	3478629	1806	"M-C6h"	6	0	0	0	0	0.192137320044297	NA	"NO"	NA	NA
"ECK120002445"	"pta"	"+"	2412769	2414913	2145	"M-C6h"	6	0	1	92	0	0.15990675990676	NA	"NO"	91	118.181818181818
"ECK120002446"	"uxuB"	"+"	4550924	4552384	1461	"M-C6h"	2	0	1	75	0	0.102669404517454	NA	"NO"	4	7.40740740740741
"ECK120002450"	"nrdE"	"+"	2799370	2801514	2145	"M-C6h"	0	0	1	44	0	0	NA	"NO"	NA	NA
"ECK120002451"	"alaT"	"+"	4035283	4035358	76	"M-C6h"	0	0	0	0	0	0	NA	"NO"	NA	NA
"ECK120002452"	"alaU"	"-"	3424980	3425055	76	"M-C6h"	0	0	0	0	0	0	NA	"NO"	NA	NA
"ECK120002453"	"alaV"	"+"	225500	225575	76	"M-C6h"	0	0	0	0	0	0	NA	"NO"	NA	NA
"ECK120002455"	"alaX"	"-"	2516063	2516138	76	"M-C6h"	110	446.930120673669	0	0	0	1	-Inf	"SD"	NA	NA
"ECK120002456"	"argQ"	"-"	2815806	2815882	77	"M-C6h"	0	0	0	0	0	0	NA	"NO"	NA	NA
"ECK120002458"	"argV"	"-"	2816495	2816571	77	"M-C6h"	16	64.1637575843189	0	0	0	0.12987012987013	-Inf	"SD"	NA	NA
"ECK120002459"	"argW"	"+"	2464331	2464405	75	"M-C6h"	6	24.7030466699628	0	0	0	1	-Inf	"SD"	NA	NA
"ECK120002460"	"argX"	"+"	3980398	3980474	77	"M-C6h"	63	252.644795488256	0	0	0	1	-Inf	"SD"	NA	NA
"ECK120002461"	"argY"	"-"	2816220	2816296	77	"M-C6h"	0	0	0	0	0	0	NA	"NO"	NA	NA
"ECK120002462"	"argZ"	"-"	2816081	2816157	77	"M-C6h"	0	0	0	0	0	0	NA	"NO"	NA	NA
"ECK120002463"	"asnT"	"+"	2042573	2042648	76	"M-C6h"	9	36.5670098733002	0	0	0	1	-Inf	"SD"	NA	NA
"ECK120002467"	"aspU"	"+"	228928	229004	77	"M-C6h"	4	16.0409393960797	0	0	0	0.87012987012987	-Inf	"SD"	NA	NA
"ECK120002468"	"aspV"	"+"	236931	237007	77	"M-C6h"	5	20.0511742450997	0	0	0	1	-Inf	"SD"	NA	NA
"ECK120002470"	"glnU"	"-"	696088	696162	75	"M-C6h"	0	0	0	0	0	0	NA	"NO"	NA	NA
"ECK120002472"	"glnW"	"-"	695979	696053	75	"M-C6h"	0	0	0	0	0	0	NA	"NO"	NA	NA
"ECK120002474"	"gltT"	"+"	4166395	4166470	76	"M-C6h"	0	0	0	0	0	0	NA	"NO"	NA	NA
"ECK120002475"	"gltU"	"+"	3941458	3941533	76	"M-C6h"	0	0	0	0	0	0	NA	"NO"	NA	NA
"ECK120002476"	"gltV"	"+"	4207797	4207872	76	"M-C6h"	0	0	0	0	0	0	NA	"NO"	NA	NA
"ECK120002477"	"gltW"	"-"	2727391	2727466	76	"M-C6h"	0	0	0	0	0	0	NA	"NO"	NA	NA
"ECK120002478"	"glyT"	"+"	4173696	4173770	75	"M-C6h"	2383	9811.22670242022	0	0	0	1	-Inf	"SD"	NA	NA
"ECK120002479"	"glyU"	"-"	2997006	2997079	74	"M-C6h"	3827	15969.3512847884	0	0	0	1	-Inf	"SD"	NA	NA
"ECK120002480"	"glyV"	"+"	4390383	4390458	76	"M-C6h"	0	0	0	0	0	0	NA	"NO"	NA	NA
"ECK120002481"	"glyW"	"-"	1990066	1990141	76	"M-C6h"	8	32.5040087762668	0	0	0	1	-Inf	"SD"	NA	NA
"ECK120002482"	"glyX"	"+"	4390495	4390570	76	"M-C6h"	0	0	0	0	0	0	NA	"NO"	NA	NA
"ECK120002484"	"hisR"	"+"	3980532	3980608	77	"M-C6h"	447	1792.57497751191	0	0	0	1	-Inf	"SD"	NA	NA
"ECK120002485"	"ileT"	"+"	4035164	4035240	77	"M-C6h"	0	0	0	0	0	0	NA	"NO"	NA	NA
"ECK120002486"	"ileU"	"-"	3425098	3425174	77	"M-C6h"	0	0	0	0	0	0	NA	"NO"	NA	NA
"ECK120002487"	"ileV"	"+"	225381	225457	77	"M-C6h"	0	0	0	0	0	0	NA	"NO"	NA	NA
"ECK120002490"	"leuQ"	"-"	4604338	4604424	87	"M-C6h"	10	35.4928831464982	0	0	0	0.919540229885057	-Inf	"SD"	NA	NA
"ECK120002491"	"leuT"	"+"	3980629	3980715	87	"M-C6h"	33	117.126514383444	0	0	0	1	-Inf	"SD"	NA	NA
"ECK120002492"	"leuU"	"-"	3320094	3320180	87	"M-C6h"	4980	17675.4558069561	0	0	0	1	-Inf	"SD"	NA	NA
"ECK120002494"	"leuW"	"-"	696186	696270	85	"M-C6h"	727	2641.04631309749	0	0	0	1	-Inf	"SD"	NA	NA
"ECK120002496"	"leuZ"	"-"	1989839	1989925	87	"M-C6h"	1186	4209.45594117469	0	0	0	1	-Inf	"SD"	NA	NA
"ECK120002497"	"lysT"	"+"	779777	779852	76	"M-C6h"	0	0	0	0	0	0	NA	"NO"	NA	NA
"ECK120002499"	"lysW"	"+"	780066	780141	76	"M-C6h"	0	0	0	0	0	0	NA	"NO"	NA	NA
"ECK120002500"	"metT"	"-"	696280	696356	77	"M-C6h"	1	0	0	0	0	0.233766233766234	NA	"NO"	NA	NA
"ECK120002501"	"metU"	"-"	695887	695963	77	"M-C6h"	1	4.01023484901993	0	0	0	0.857142857142857	-Inf	"SD"	NA	NA
"ECK120002506"	"pheU"	"-"	4360574	4360649	76	"M-C6h"	0	0	0	0	0	0	NA	"NO"	NA	NA
"ECK120002508"	"proK"	"-"	3706639	3706715	77	"M-C6h"	166	665.698984937309	0	0	0	1	-Inf	"SD"	NA	NA
"ECK120002510"	"proM"	"+"	3980758	3980834	77	"M-C6h"	3654	14653.3981383188	0	0	0	1	-Inf	"SD"	NA	NA
"ECK120002513"	"rrfB"	"+"	4169660	4169779	120	"M-C6h"	32	82.3434888998759	0	0	0	1	-Inf	"SD"	NA	NA
"ECK120002514"	"rrfC"	"+"	3944723	3944842	120	"M-C6h"	18	46.3182125061802	0	0	0	1	-Inf	"SD"	NA	NA
"ECK120002515"	"rrfD"	"-"	3421690	3421809	120	"M-C6h"	97	249.603700727749	0	0	0	0.741666666666667	-Inf	"SD"	NA	NA
"ECK120002516"	"rrfE"	"+"	4211063	4211182	120	"M-C6h"	24	61.7576166749069	0	0	0	1	-Inf	"SD"	NA	NA
"ECK120002517"	"rrfG"	"-"	2724091	2724210	120	"M-C6h"	80	205.85872224969	0	0	0	0.758333333333333	-Inf	"SD"	NA	NA
"ECK120002518"	"rrfH"	"+"	228756	228875	120	"M-C6h"	14	36.0252763936957	0	0	0	1	-Inf	"SD"	NA	NA
"ECK120002519"	"rrlA"	"+"	4035542	4038446	2905	"M-C6h"	1680	178.576240987683	0	0	0	0.944578313253012	-Inf	"SD"	NA	NA
"ECK120002520"	"rrlB"	"+"	4166664	4169567	2904	"M-C6h"	795	84.5339277833179	0	0	0	0.964531680440771	-Inf	"SD"	NA	NA
"ECK120002521"	"rrlC"	"+"	3941727	3944630	2904	"M-C6h"	1945	206.815710111388	0	0	0	0.994490358126722	-Inf	"SD"	NA	NA
"ECK120002522"	"rrlD"	"-"	3421902	3424805	2904	"M-C6h"	60	0	0	0	0	0.131198347107438	NA	"NO"	NA	NA
"ECK120002523"	"rrlE"	"+"	4208066	4210969	2904	"M-C6h"	777	82.619952059922	0	0	0	0.960743801652893	-Inf	"SD"	NA	NA
"ECK120002524"	"rrlG"	"-"	2724303	2727206	2904	"M-C6h"	1	0	0	0	0	0.0330578512396694	NA	"NO"	NA	NA
"ECK120002525"	"rrlH"	"+"	225759	228662	2904	"M-C6h"	2436	259.024714566242	0	0	0	0.96969696969697	-Inf	"SD"	NA	NA
"ECK120002526"	"rrsA"	"+"	4033554	4035095	1542	"M-C6h"	351	70.288338044398	0	0	0	0.866407263294423	-Inf	"SD"	NA	NA
"ECK120002527"	"rrsB"	"+"	4164682	4166223	1542	"M-C6h"	329	65.8828011869143	0	0	0	0.801556420233463	-Inf	"SD"	NA	NA
"ECK120002531"	"rrsG"	"-"	2727638	2729179	1542	"M-C6h"	2082	416.923988058224	0	0	0	0.190661478599222	-Inf	"SD"	NA	NA
"ECK120002532"	"rrsH"	"+"	223771	225312	1542	"M-C6h"	1661	332.618032740014	0	0	0	0.90272373540856	-Inf	"SD"	NA	NA
"ECK120002537"	"serV"	"-"	2816575	2816667	93	"M-C6h"	1700	5644.51335200762	0	0	0	1	-Inf	"SD"	NA	NA
"ECK120002541"	"ssrS"	"+"	3054005	3054187	183	"M-C6h"	19658	33170.2521474131	0	0	0	1	-Inf	"SD"	NA	NA
"ECK120002542"	"ssrA"	"+"	2753615	2753977	363	"M-C6h"	866964	737488.021803637	0	0	0	1	-Inf	"SD"	NA	NA
"ECK120002543"	"thrT"	"+"	4173777	4173852	76	"M-C6h"	33	134.079036202101	0	0	0	0.842105263157895	-Inf	"SD"	NA	NA
"ECK120002545"	"thrV"	"-"	3421602	3421677	76	"M-C6h"	84	341.292092150802	0	0	0	1	-Inf	"SD"	NA	NA
"ECK120002548"	"tyrT"	"-"	1286761	1286845	85	"M-C6h"	1	3.63280098087688	0	0	0	0.447058823529412	-Inf	"SD"	NA	NA
"ECK120002550"	"tyrV"	"-"	1286467	1286551	85	"M-C6h"	1	3.63280098087688	0	0	0	0.552941176470588	-Inf	"SD"	NA	NA
"ECK120002551"	"valT"	"+"	779988	780063	76	"M-C6h"	0	0	0	0	0	0	NA	"NO"	NA	NA
"ECK120002554"	"valW"	"+"	1744540	1744616	77	"M-C6h"	1	4.01023484901993	0	0	0	0.506493506493506	-Inf	"SD"	NA	NA
"ECK120002555"	"valX"	"+"	2519073	2519148	76	"M-C6h"	0	0	0	0	0	0	NA	"NO"	NA	NA
"ECK120002556"	"valY"	"+"	2519195	2519270	76	"M-C6h"	1	4.06300109703335	0	0	0	0.447368421052632	-Inf	"SD"	NA	NA
"ECK120002557"	"dicF"	"+"	1647406	1647458	53	"M-C6h"	3	17.4785707570491	0	0	0	1	-Inf	"SD"	NA	NA
"ECK120002561"	"rpmA"	"-"	3330884	3331141	258	"M-C6h"	3	3.59055910900622	0	0	0	0.344961240310078	-Inf	"SD"	35	388.888888888889
"ECK120002562"	"acpP"	"+"	1150838	1151074	237	"M-C6h"	741	965.451349284938	0	0	0	1	-Inf	"SD"	10	111.111111111111
"ECK120002564"	"nfsB"	"-"	603994	604647	654	"M-C6h"	3	1.41645909804832	0	0	0	0.285932721712538	-Inf	"SD"	7	29.1666666666667
"ECK120002566"	"eutC"	"-"	2554432	2555319	888	"M-C6h"	6	2.08640596874686	3	101	0	0.251126126126126	-Inf	"SD"	NA	NA
"ECK120002568"	"gadA"	"-"	3664203	3665603	1401	"M-C6h"	0	0	0	0	0	0	NA	"NO"	NA	NA
"ECK120002569"	"frmA"	"-"	377686	378795	1110	"M-C6h"	1	0	0	0	0	0.0900900900900901	NA	"NO"	1	2.56410256410256
"ECK120002570"	"folP"	"-"	3322085	3322933	849	"M-C6h"	1	0	0	0	0	0.0848056537102474	NA	"NO"	3	9.67741935483871
"ECK120002572"	"glcF"	"-"	3122258	3123481	1224	"M-C6h"	17	4.28872338020187	0	0	0	0.555555555555556	-Inf	"SD"	NA	NA
"ECK120002581"	"sraF"	"+"	3236396	3236583	188	"M-C6h"	7	11.4974286362859	0	0	0	0.521276595744681	-Inf	"SD"	NA	NA
"ECK120002628"	"ydaE"	"-"	1415862	1416032	171	"M-C6h"	0	0	0	0	0	0	NA	"NO"	NA	NA
"ECK120002629"	"yoeB"	"-"	2087235	2087489	255	"M-C6h"	130	157.421375837998	1	58	0	0.682352941176471	-Inf	"SD"	NA	NA
"ECK120002651"	"ecnB"	"+"	4374576	4374722	147	"M-C6h"	3	6.30179761988846	0	0	0	0.646258503401361	-Inf	"SD"	NA	NA
"ECK120002669"	"tisB"	"+"	3851576	3851665	90	"M-C6h"	4	13.723914816646	0	0	0	0.644444444444444	-Inf	"SD"	NA	NA
"ECK120002671"	"thiS"	"-"	4190660	4190860	201	"M-C6h"	0	0	0	0	0	0	NA	"NO"	NA	NA
"ECK120002674"	"sapC"	"-"	1351652	1352542	891	"M-C6h"	1	0	0	0	0	0.112233445566779	NA	"NO"	NA	NA
"ECK120002675"	"sapB"	"-"	1352529	1353494	966	"M-C6h"	1	0	0	0	0	0.10351966873706	NA	"NO"	NA	NA
"ECK120002676"	"sapA"	"-"	1353491	1355134	1644	"M-C6h"	2	0	0	0	0	0.119829683698297	NA	"NO"	4	6.45161290322581
"ECK120002680"	"flgC"	"+"	1130661	1131065	405	"M-C6h"	0	0	0	0	0	0	NA	"NO"	NA	NA
"ECK120002682"	"flgD"	"+"	1131077	1131772	696	"M-C6h"	0	0	0	0	0	0	NA	"NO"	NA	NA
"ECK120002683"	"flgE"	"+"	1131797	1133005	1209	"M-C6h"	4	0	0	0	0	0.0876757650951199	NA	"NO"	6	14.2857142857143
"ECK120002684"	"flgF"	"+"	1133025	1133780	756	"M-C6h"	0	0	0	0	0	0	NA	"NO"	NA	NA
"ECK120002685"	"flgG"	"+"	1133952	1134734	783	"M-C6h"	1	0	0	0	0	0.104725415070243	NA	"NO"	NA	NA
"ECK120002686"	"flgH"	"+"	1134787	1135485	699	"M-C6h"	0	0	0	0	0	0	NA	"NO"	6	24
"ECK120002687"	"flgI"	"+"	1135497	1136594	1098	"M-C6h"	1	0	0	0	0	0.0910746812386157	NA	"NO"	NA	NA
"ECK120002688"	"flgJ"	"+"	1136594	1137535	942	"M-C6h"	0	0	1	53	0	0	NA	"NO"	NA	NA
"ECK120002689"	"flgM"	"-"	1129058	1129351	294	"M-C6h"	44	46.2131825458487	0	0	0	0.761904761904762	-Inf	"SD"	2	20
"ECK120002690"	"flhA"	"-"	1960996	1963074	2079	"M-C6h"	1	0	0	0	0	0.0481000481000481	NA	"NO"	3	4
"ECK120002692"	"fliI"	"+"	2014578	2015951	1374	"M-C6h"	2	0	0	0	0	0.0800582241630277	NA	"NO"	NA	NA
"ECK120002693"	"fliJ"	"+"	2015970	2016413	444	"M-C6h"	0	0	0	0	0	0	NA	"NO"	NA	NA
"ECK120002694"	"fliK"	"+"	2016410	2017537	1128	"M-C6h"	0	0	0	0	0	0	NA	"NO"	NA	NA
"ECK120002695"	"nanT"	"-"	3369106	3370596	1491	"M-C6h"	8	0	0	0	0	0.124077800134138	NA	"NO"	1	1.85185185185185
"ECK120002699"	"maa"	"-"	478591	479142	552	"M-C6h"	2	0	1	100	0	0.115942028985507	NA	"NO"	6	30
"ECK120002706"	"insA-1"	"-"	20233	20508	276	"M-C6h"	0	0	0	0	0	0	NA	"NO"	NA	NA
"ECK120002711"	"b0165"	"-"	184987	185118	132	"M-C6h"	0	0	0	0	0	0	NA	"NO"	NA	NA
"ECK120002712"	"ispU"	"+"	194903	195664	762	"M-C6h"	4	1.6209348208637	0	0	0	0.360892388451444	-Inf	"SD"	NA	NA
"ECK120002713"	"bamA"	"+"	197928	200360	2433	"M-C6h"	12	1.5229991781728	2	57	0	0.259761611179614	-Inf	"SD"	14	15.3846153846154
"ECK120002714"	"ldcC"	"+"	209679	211820	2142	"M-C6h"	6	0	0	0	0	0.133986928104575	NA	"NO"	NA	NA
"ECK120002715"	"yaeR"	"+"	211877	212266	390	"M-C6h"	2	0	0	0	0	0.202564102564103	NA	"NO"	NA	NA
"ECK120002729"	"yafQ"	"-"	245961	246239	279	"M-C6h"	570	630.857374636146	0	0	0	1	-Inf	"SD"	NA	NA
"ECK120002735"	"dinB"	"+"	250898	251953	1056	"M-C6h"	2	0	0	0	0	0.118371212121212	NA	"NO"	NA	NA
"ECK120002736"	"yafN"	"+"	252005	252298	294	"M-C6h"	2	2.10059920662949	0	0	0	0.401360544217687	-Inf	"SD"	NA	NA
"ECK120002737"	"yafO"	"+"	252301	252699	399	"M-C6h"	1	0	0	0	0	0.19047619047619	NA	"NO"	NA	NA
"ECK120002738"	"yafP"	"+"	252709	253161	453	"M-C6h"	1	0	0	0	0	0.22075055187638	NA	"NO"	NA	NA
"ECK120002739"	"ykfJ"	"+"	253467	253733	267	"M-C6h"	0	0	0	0	0	0	NA	"NO"	NA	NA
"ECK120002742"	"ykfG"	"-"	263480	263956	477	"M-C6h"	0	0	0	0	0	0	NA	"NO"	NA	NA
"ECK120002743"	"yafX"	"-"	263972	264430	459	"M-C6h"	0	0	0	0	0	0	NA	"NO"	NA	NA
"ECK120002744"	"ykfF"	"-"	264528	264767	240	"M-C6h"	0	0	1	100	0	0	NA	"NO"	NA	NA
"ECK120002745"	"ykfB"	"-"	264844	265311	468	"M-C6h"	8	5.27842877563307	0	0	0	0.683760683760684	-Inf	"SD"	NA	NA
"ECK120002746"	"yafY"	"-"	265334	265777	444	"M-C6h"	5	3.47734328124476	0	0	0	0.268018018018018	-Inf	"SD"	NA	NA
"ECK120002747"	"yafZ"	"-"	266408	267229	822	"M-C6h"	0	0	0	0	0	0	NA	"NO"	NA	NA
"ECK120002748"	"ykfA"	"-"	267321	268184	864	"M-C6h"	1	0	1	100	0	0.106481481481481	NA	"NO"	NA	NA
"ECK120002751"	"insI-1"	"+"	269827	270978	1152	"M-C6h"	0	0	0	0	0	0	NA	"NO"	NA	NA
"ECK120002752"	"insO-1"	"+"	271054	271479	426	"M-C6h"	0	0	0	0	0	0	NA	"NO"	NA	NA
"ECK120002757"	"afuB"	"-"	278038	278400	363	"M-C6h"	0	0	0	0	0	0	NA	"NO"	NA	NA
"ECK120002758"	"insB-2"	"-"	278402	278905	504	"M-C6h"	0	0	0	0	0	0	NA	"NO"	NA	NA
"ECK120002759"	"insA-2"	"-"	278824	279099	276	"M-C6h"	0	0	0	0	0	0	NA	"NO"	NA	NA
"ECK120002761"	"yagF"	"+"	282425	284392	1968	"M-C6h"	9	1.41214062518842	0	0	0	0.260162601626016	-Inf	"SD"	NA	NA
"ECK120002762"	"yagG"	"+"	284619	286001	1383	"M-C6h"	2	0	0	0	0	0.128705712219812	NA	"NO"	NA	NA
"ECK120002765"	"insB-3"	"-"	289873	290376	504	"M-C6h"	0	0	0	0	0	0	NA	"NO"	NA	NA
"ECK120002770"	"yagM"	"-"	293169	294023	855	"M-C6h"	0	0	0	0	0	0	NA	"NO"	NA	NA
"ECK120002771"	"yagN"	"-"	294363	294803	441	"M-C6h"	5	0	4	107	0	0.18140589569161	NA	"NO"	NA	NA
"ECK120002772"	"intF"	"-"	294920	296320	1401	"M-C6h"	3	0	0	0	0	0.114204139900071	NA	"NO"	NA	NA
"ECK120002773"	"yagP"	"-"	296605	297015	411	"M-C6h"	0	0	0	0	0	0	NA	"NO"	NA	NA
"ECK120002774"	"paoD"	"-"	296994	297950	957	"M-C6h"	0	0	0	0	0	0	NA	"NO"	NA	NA
"ECK120002775"	"paoC"	"-"	297960	300158	2199	"M-C6h"	0	0	0	0	0	0	NA	"NO"	NA	NA
"ECK120002776"	"paoB"	"-"	300155	301111	957	"M-C6h"	0	0	0	0	0	0	NA	"NO"	NA	NA
"ECK120002780"	"ecpE"	"-"	303719	304429	711	"M-C6h"	3	0	0	0	0	0.230661040787623	NA	"NO"	NA	NA
"ECK120002781"	"ecpD"	"-"	304398	306041	1644	"M-C6h"	1	0	0	0	0	0.000608272506082725	NA	"NO"	NA	NA
"ECK120002782"	"ecpC"	"-"	306031	308556	2526	"M-C6h"	0	0	1	100	0	0	NA	"NO"	NA	NA
"ECK120002783"	"ecpB"	"-"	308582	309250	669	"M-C6h"	0	0	0	0	0	0	NA	"NO"	NA	NA
"ECK120002784"	"ecpA"	"-"	309308	309895	588	"M-C6h"	0	0	0	0	0	0	NA	"NO"	NA	NA
"ECK120002788"	"insE-1"	"+"	314506	314814	309	"M-C6h"	0	0	0	0	0	0	NA	"NO"	NA	NA
"ECK120002792"	"rclB"	"-"	317555	317791	237	"M-C6h"	0	0	0	0	0	0	NA	"NO"	NA	NA
"ECK120002795"	"ykgE"	"+"	320832	321551	720	"M-C6h"	1	0	1	100	0	0.115277777777778	NA	"NO"	7	26.9230769230769
"ECK120002796"	"ykgF"	"+"	321562	322989	1428	"M-C6h"	1	0	0	0	0	0.0700280112044818	NA	"NO"	1	1.88679245283019
"ECK120002799"	"ykgH"	"-"	323920	324588	669	"M-C6h"	0	0	0	0	0	0	NA	"NO"	NA	NA
"ECK120002803"	"yahE"	"+"	335149	336012	864	"M-C6h"	0	0	0	0	0	0	NA	"NO"	NA	NA
"ECK120002804"	"yahF"	"+"	336002	337549	1548	"M-C6h"	0	0	0	0	0	0	NA	"NO"	NA	NA
"ECK120002805"	"yahG"	"+"	337549	338967	1419	"M-C6h"	0	0	0	0	0	0	NA	"NO"	NA	NA
"ECK120002806"	"yahI"	"+"	339389	340339	951	"M-C6h"	1	0	0	0	0	0.00420609884332282	NA	"NO"	NA	NA
"ECK120002807"	"yahJ"	"+"	340349	341731	1383	"M-C6h"	3	0	0	0	0	0.133044107013738	NA	"NO"	NA	NA
"ECK120002808"	"yahK"	"+"	342108	343157	1050	"M-C6h"	1	0	0	0	0	0.0733333333333333	NA	"NO"	1	2.63157894736842
"ECK120002809"	"yahL"	"+"	343400	344215	816	"M-C6h"	0	0	0	0	0	0	NA	"NO"	NA	NA
"ECK120002815"	"prpC"	"+"	349236	350405	1170	"M-C6h"	5	0	0	0	0	0.194871794871795	NA	"NO"	NA	NA
"ECK120002816"	"prpD"	"+"	350439	351890	1452	"M-C6h"	7	0	1	100	0	0.178374655647383	NA	"NO"	NA	NA
"ECK120002817"	"prpE"	"+"	351930	353816	1887	"M-C6h"	6	0.981838102939697	0	0	0	0.286168521462639	-Inf	"SD"	NA	NA
"ECK120002819"	"mhpE"	"+"	373092	374105	1014	"M-C6h"	4	0	0	0	0	0.014792899408284	NA	"NO"	NA	NA
"ECK120002820"	"mhpT"	"+"	374683	375894	1212	"M-C6h"	0	0	0	0	0	0	NA	"NO"	NA	NA
"ECK120002823"	"frmR"	"-"	378830	379105	276	"M-C6h"	2	2.23759480706185	0	0	0	0.471014492753623	-Inf	"SD"	NA	NA
"ECK120002824"	"yaiO"	"-"	379293	380066	774	"M-C6h"	5	1.99475506055901	0	0	0	0.381136950904393	-Inf	"SD"	NA	NA
"ECK120002832"	"tauB"	"+"	385431	386198	768	"M-C6h"	0	0	0	0	0	0	NA	"NO"	NA	NA
"ECK120002833"	"tauC"	"+"	386195	387022	828	"M-C6h"	0	0	0	0	0	0	NA	"NO"	NA	NA
"ECK120002845"	"proY"	"+"	420210	421583	1374	"M-C6h"	0	0	1	49	0	0	NA	"NO"	NA	NA
"ECK120002846"	"thiL"	"+"	434858	435835	978	"M-C6h"	9	0	0	0	0	0.134969325153374	NA	"NO"	4	11.4285714285714
"ECK120002848"	"dxs"	"-"	437539	439401	1863	"M-C6h"	9	1.49172987137456	1	43	0	0.261943102522813	-Inf	"SD"	12	17.6470588235294
"ECK120002853"	"ppiD"	"+"	461139	463010	1872	"M-C6h"	1	0	0	0	0	0.0534188034188034	NA	"NO"	40	58.8235294117647
"ECK120002854"	"ybaV"	"+"	463161	463532	372	"M-C6h"	3	2.49022647882689	0	0	0	0.526881720430108	-Inf	"SD"	NA	NA
"ECK120002858"	"ybaO"	"+"	467607	468065	459	"M-C6h"	15	10.0911138357691	0	0	0	0.326797385620915	-Inf	"SD"	0	0
"ECK120002859"	"mdlA"	"+"	468095	469867	1773	"M-C6h"	2	0	0	0	0	0.0885504794134236	NA	"NO"	3	4.54545454545455
"ECK120002863"	"ylaC"	"-"	478005	478475	471	"M-C6h"	13	8.52281334154767	2	48	0	0.384288747346072	-Inf	"SD"	1	5.55555555555556
"ECK120002870"	"ybaT"	"+"	511800	513092	1293	"M-C6h"	0	0	0	0	0	0	NA	"NO"	NA	NA
"ECK120002877"	"ybbO"	"-"	517564	518373	810	"M-C6h"	1	0	0	0	0	0.00987654320987654	NA	"NO"	3	10.3448275862069
"ECK120002878"	"ybbP"	"+"	519640	522054	2415	"M-C6h"	2	0	0	0	0	0.0587991718426501	NA	"NO"	NA	NA
"ECK120002879"	"ylbH"	"+"	527173	527883	711	"M-C6h"	0	0	0	0	0	0	NA	"NO"	NA	NA
"ECK120002884"	"allR"	"+"	532235	533050	816	"M-C6h"	30	11.3525030652402	0	0	0	0.587009803921569	-Inf	"SD"	2	6.89655172413793
"ECK120002885"	"hyi"	"+"	534934	535710	777	"M-C6h"	0	0	0	0	0	0	NA	"NO"	NA	NA
"ECK120002886"	"glxR"	"+"	535810	536688	879	"M-C6h"	0	0	1	60	0	0	NA	"NO"	NA	NA
"ECK120002888"	"ybbW"	"+"	536857	538311	1455	"M-C6h"	1	0	0	0	0	0.0687285223367698	NA	"NO"	NA	NA
"ECK120002889"	"allB"	"+"	538371	539732	1362	"M-C6h"	1	0	0	0	0	0.038913362701909	NA	"NO"	NA	NA
"ECK120002890"	"ybbY"	"+"	539789	541090	1302	"M-C6h"	0	0	0	0	0	0	NA	"NO"	NA	NA
"ECK120002893"	"allC"	"-"	543281	544516	1236	"M-C6h"	5	1.24914273209763	0	0	0	0.292880258899676	-Inf	"SD"	NA	NA
"ECK120002896"	"ylbE_2"	"+"	547838	548839	1002	"M-C6h"	0	0	0	0	0	0	NA	"NO"	NA	NA
"ECK120002897"	"ylbF"	"+"	548850	549665	816	"M-C6h"	1	0	0	0	0	0.0808823529411765	NA	"NO"	NA	NA
"ECK120002899"	"sfmC"	"+"	558197	558889	693	"M-C6h"	0	0	0	0	0	0	NA	"NO"	NA	NA
"ECK120002900"	"sfmD"	"+"	558920	561523	2604	"M-C6h"	1	0	1	35	0	0.0380184331797235	NA	"NO"	NA	NA
"ECK120002901"	"sfmH"	"+"	561565	562542	978	"M-C6h"	0	0	0	0	0	0	NA	"NO"	NA	NA
"ECK120002904"	"insE-3"	"+"	566056	566364	309	"M-C6h"	0	0	0	0	0	0	NA	"NO"	NA	NA
"ECK120002905"	"insF-3"	"+"	566361	567227	867	"M-C6h"	0	0	0	0	0	0	NA	"NO"	NA	NA
"ECK120002906"	"renD"	"+"	567285	567470	186	"M-C6h"	1	1.6601509858846	0	0	0	0.370967741935484	-Inf	"SD"	NA	NA
"ECK120002908"	"ybcK"	"+"	568125	569651	1527	"M-C6h"	2	0	0	0	0	0.0530451866404715	NA	"NO"	NA	NA
"ECK120002909"	"ybcL"	"+"	570116	570667	552	"M-C6h"	3	0	0	0	0	0.193840579710145	NA	"NO"	NA	NA
"ECK120002910"	"ybcM"	"+"	570677	571474	798	"M-C6h"	7	2.70866739802223	1	49	0	0.276942355889724	-Inf	"SD"	NA	NA
"ECK120002911"	"ybcN"	"+"	571689	572144	456	"M-C6h"	0	0	1	100	0	0	NA	"NO"	NA	NA
"ECK120002912"	"ninE"	"+"	572144	572314	171	"M-C6h"	0	0	1	100	0	0	NA	"NO"	NA	NA
"ECK120002913"	"ybcO"	"+"	572307	572597	291	"M-C6h"	0	0	0	0	0	0	NA	"NO"	NA	NA
"ECK120002914"	"rusA"	"+"	572594	572956	363	"M-C6h"	0	0	0	0	0	0	NA	"NO"	NA	NA
"ECK120002916"	"insH-2"	"-"	573960	574976	1017	"M-C6h"	1	0	0	0	0	0.000983284169124877	NA	"NO"	NA	NA
"ECK120002918"	"rrrD"	"+"	576836	577333	498	"M-C6h"	2	0	2	100	0	0.156626506024096	NA	"NO"	NA	NA
"ECK120002926"	"cusS"	"-"	592551	593993	1443	"M-C6h"	1	0	0	0	0	0.0374220374220374	NA	"NO"	NA	NA
"ECK120002929"	"cusF"	"+"	596354	596686	333	"M-C6h"	0	0	1	49	0	0	NA	"NO"	NA	NA
"ECK120002930"	"cusB"	"+"	596702	597925	1224	"M-C6h"	0	0	0	0	0	0	NA	"NO"	NA	NA
"ECK120002932"	"ybdF"	"-"	604741	605109	369	"M-C6h"	4	3.34729629674292	0	0	0	0.447154471544715	-Inf	"SD"	2	14.2857142857143
"ECK120002933"	"ybdJ"	"-"	605174	605422	249	"M-C6h"	2	2.48022556927337	0	0	0	0.333333333333333	-Inf	"SD"	NA	NA
"ECK120002934"	"ybdK"	"-"	605488	606606	1119	"M-C6h"	4	1.10380011930129	0	0	0	0.294012511170688	-Inf	"SD"	NA	NA
"ECK120002938"	"ybdN"	"-"	634572	635792	1221	"M-C6h"	0	0	0	0	0	0	NA	"NO"	NA	NA
"ECK120002939"	"ybdO"	"-"	635939	636841	903	"M-C6h"	0	0	46	109	422.018348623853	0	Inf	"AD"	NA	NA
"ECK120002945"	"citT"	"-"	644340	645803	1464	"M-C6h"	1	0	0	0	0	0.014344262295082	NA	"NO"	NA	NA
"ECK120002946"	"citG"	"-"	645854	646732	879	"M-C6h"	0	0	0	0	0	0	NA	"NO"	NA	NA
"ECK120002947"	"citX"	"-"	646707	647258	552	"M-C6h"	0	0	0	0	0	0	NA	"NO"	NA	NA
"ECK120002948"	"citF"	"-"	647262	648794	1533	"M-C6h"	0	0	0	0	0	0	NA	"NO"	NA	NA
"ECK120002949"	"citE"	"-"	648805	649713	909	"M-C6h"	0	0	2	107	0	0	NA	"NO"	NA	NA
"ECK120002950"	"citD"	"-"	649710	650006	297	"M-C6h"	0	0	0	0	0	0	NA	"NO"	NA	NA
"ECK120002955"	"ybeM_2"	"+"	657478	658041	564	"M-C6h"	0	0	0	0	0	0	NA	"NO"	NA	NA
"ECK120002956"	"cobC"	"-"	668519	669130	612	"M-C6h"	1	0	0	0	0	0.0866013071895425	NA	"NO"	NA	NA
"ECK120002957"	"nadD"	"-"	669154	669795	642	"M-C6h"	0	0	0	0	0	0	NA	"NO"	NA	NA
"ECK120002965"	"rihA"	"-"	682700	683635	936	"M-C6h"	35	11.5465629466973	0	0	0	0.819444444444444	-Inf	"SD"	6	17.6470588235294
"ECK120002966"	"gltI"	"-"	686062	686970	909	"M-C6h"	351	119.235002491157	0	0	0	0.876787678767877	-Inf	"SD"	29	87.8787878787879
"ECK120002967"	"insH-3"	"-"	687220	688236	1017	"M-C6h"	4	0	0	0	0	0.208456243854474	NA	"NO"	NA	NA
"ECK120002968"	"ybeX"	"-"	690129	691007	879	"M-C6h"	26	9.13366344452549	1	49	0	0.676905574516496	-Inf	"SD"	13	39.3939393939394
"ECK120002969"	"ybeY"	"-"	691097	691564	468	"M-C6h"	7	0	0	0	0	0.215811965811966	NA	"NO"	NA	NA
"ECK120002970"	"ybeZ"	"-"	691561	692640	1080	"M-C6h"	47	13.4379999246325	0	0	0	0.507407407407407	-Inf	"SD"	19	48.7179487179487
"ECK120002973"	"chiP"	"+"	707557	708963	1407	"M-C6h"	1	0	0	0	0	0.0291400142146411	NA	"NO"	NA	NA
"ECK120002976"	"ybfO"	"+"	733443	734876	1434	"M-C6h"	1	0	0	0	0	0.0306834030683403	NA	"NO"	NA	NA
"ECK120002977"	"ybfL"	"+"	736123	737184	1062	"M-C6h"	0	0	0	0	0	0	NA	"NO"	NA	NA
"ECK120002980"	"ybgJ"	"+"	742816	743472	657	"M-C6h"	8	3.75997666209479	0	0	0	0.426179604261796	-Inf	"SD"	NA	NA
"ECK120002981"	"ybgK"	"+"	743466	744398	933	"M-C6h"	9	2.97866318367718	0	0	0	0.529474812433012	-Inf	"SD"	0	0
"ECK120002982"	"ybgL"	"+"	744388	745122	735	"M-C6h"	3	1.26035952397769	0	0	0	0.342857142857143	-Inf	"SD"	NA	NA
"ECK120002985"	"ybgO"	"-"	747144	748205	1062	"M-C6h"	0	0	0	0	0	0	NA	"NO"	NA	NA
"ECK120002986"	"ybgP"	"-"	748202	748930	729	"M-C6h"	1	0	0	0	0	0.046639231824417	NA	"NO"	NA	NA
"ECK120002987"	"ybgQ"	"-"	748945	751392	2448	"M-C6h"	2	0	0	0	0	0.0620915032679739	NA	"NO"	NA	NA
"ECK120002988"	"b0725"	"+"	757687	757947	261	"M-C6h"	86	101.746265019962	0	0	0	0.862068965517241	-Inf	"SD"	NA	NA
"ECK120002989"	"valZ"	"+"	780291	780366	76	"M-C6h"	0	0	0	0	0	0	NA	"NO"	NA	NA
"ECK120002990"	"lysY"	"+"	780370	780445	76	"M-C6h"	0	0	0	0	0	0	NA	"NO"	NA	NA
"ECK120002991"	"lysZ"	"+"	780592	780667	76	"M-C6h"	0	0	0	0	0	0	NA	"NO"	NA	NA
"ECK120002992"	"lysQ"	"+"	780800	780875	76	"M-C6h"	0	0	0	0	0	0	NA	"NO"	NA	NA
"ECK120003000"	"ybhI"	"+"	801110	802543	1434	"M-C6h"	0	0	0	0	0	0	NA	"NO"	NA	NA
"ECK120003003"	"ybhL"	"+"	819107	819811	705	"M-C6h"	53	23.2138559132629	0	0	0	0.902127659574468	-Inf	"SD"	NA	NA
"ECK120003006"	"clsB"	"-"	821721	822962	1242	"M-C6h"	2	0	1	64	0	0.0917874396135266	NA	"NO"	NA	NA
"ECK120003010"	"ybhS"	"-"	825342	826475	1134	"M-C6h"	1	0	2	100	0	0.0881834215167548	NA	"NO"	NA	NA
"ECK120003011"	"ybhF"	"-"	826468	828204	1737	"M-C6h"	2	0	0	0	0	0.0259067357512953	NA	"NO"	NA	NA
"ECK120003012"	"ybhG"	"-"	828197	829195	999	"M-C6h"	2	0	0	0	0	0.136136136136136	NA	"NO"	1	2.77777777777778
"ECK120003013"	"ybiX"	"-"	837753	838430	678	"M-C6h"	0	0	2	36	0	0	NA	"NO"	NA	NA
"ECK120003014"	"fiu"	"-"	838472	840754	2283	"M-C6h"	0	0	0	0	0	0	NA	"NO"	NA	NA
"ECK120003025"	"ybiV"	"-"	858436	859251	816	"M-C6h"	0	0	0	0	0	0	NA	"NO"	3	10
"ECK120003026"	"ybiW"	"-"	859397	861829	2433	"M-C6h"	0	0	3	132	0	0	NA	"NO"	NA	NA
"ECK120003029"	"gsiA"	"+"	866776	868614	1839	"M-C6h"	7	0	0	0	0	0.201740076128331	NA	"NO"	NA	NA
"ECK120003030"	"gsiB"	"+"	868634	870172	1539	"M-C6h"	2	0	0	0	0	0.0935672514619883	NA	"NO"	2	3.57142857142857
"ECK120003031"	"gsiC"	"+"	870190	871110	921	"M-C6h"	0	0	0	0	0	0	NA	"NO"	NA	NA
"ECK120003032"	"gsiD"	"+"	871113	872024	912	"M-C6h"	0	0	0	0	0	0	NA	"NO"	NA	NA
"ECK120003033"	"yliE"	"+"	872202	874550	2349	"M-C6h"	0	0	0	0	0	0	NA	"NO"	NA	NA
"ECK120003042"	"ybjI"	"-"	884539	885354	816	"M-C6h"	0	0	0	0	0	0	NA	"NO"	3	10
"ECK120003047"	"ybjN"	"+"	892180	892656	477	"M-C6h"	4	2.5894178899332	0	0	0	0.461215932914046	-Inf	"SD"	NA	NA
"ECK120003048"	"ybjO"	"+"	897212	897700	489	"M-C6h"	0	0	0	0	0	0	NA	"NO"	NA	NA
"ECK120003054"	"ybjT"	"-"	906075	907505	1431	"M-C6h"	0	0	0	0	0	0	NA	"NO"	NA	NA
"ECK120003055"	"ltaE"	"-"	907516	908517	1002	"M-C6h"	1	0	0	0	0	0.0998003992015968	NA	"NO"	6	16.6666666666667
"ECK120003056"	"hcr"	"-"	910405	911373	969	"M-C6h"	0	0	1	44	0	0	NA	"NO"	NA	NA
"ECK120003057"	"hcp"	"-"	911385	913037	1653	"M-C6h"	1	0	0	0	0	0.0332728372655777	NA	"NO"	NA	NA
"ECK120003058"	"ybjE"	"-"	913181	914080	900	"M-C6h"	0	0	0	0	0	0	NA	"NO"	NA	NA
"ECK120003064"	"ftsK"	"+"	932447	936436	3990	"M-C6h"	11	0	0	0	0	0.153132832080201	NA	"NO"	0	0
"ECK120003065"	"lolA"	"+"	936592	937206	615	"M-C6h"	34	17.0712111133889	0	0	0	0.577235772357724	-Inf	"SD"	9	40.9090909090909
"ECK120003070"	"ycaL"	"+"	959487	960251	765	"M-C6h"	3	1.21093366029229	0	0	0	0.304575163398693	-Inf	"SD"	NA	NA
"ECK120003071"	"ycaQ"	"+"	968612	969844	1233	"M-C6h"	2	0	0	0	0	0.056772100567721	NA	"NO"	NA	NA
"ECK120003072"	"ycaR"	"+"	969896	970078	183	"M-C6h"	6	10.1241994549028	0	0	0	0.972677595628415	-Inf	"SD"	NA	NA
"ECK120003074"	"ycbK"	"+"	982298	982846	549	"M-C6h"	31	17.4361212834437	0	0	0	0.761384335154827	-Inf	"SD"	NA	NA
"ECK120003076"	"ssuC"	"-"	993264	994055	792	"M-C6h"	1	0	0	0	0	0.0189393939393939	NA	"NO"	NA	NA
"ECK120003077"	"ssuD"	"-"	994066	995211	1146	"M-C6h"	0	0	0	0	0	0	NA	"NO"	NA	NA
"ECK120003078"	"ssuA"	"-"	995208	996167	960	"M-C6h"	0	0	0	0	0	0	NA	"NO"	NA	NA
"ECK120003081"	"elfD"	"+"	997713	998414	702	"M-C6h"	0	0	0	0	0	0	NA	"NO"	NA	NA
"ECK120003082"	"elfC"	"+"	998439	1001039	2601	"M-C6h"	0	0	1	72	0	0	NA	"NO"	NA	NA
"ECK120003083"	"elfG"	"+"	1001030	1002100	1071	"M-C6h"	1	0	1	100	0	0.0448179271708683	NA	"NO"	NA	NA
"ECK120003084"	"ycbU"	"+"	1002112	1002654	543	"M-C6h"	1	0	0	0	0	0.136279926335175	NA	"NO"	NA	NA
"ECK120003085"	"ycbV"	"+"	1002662	1003177	516	"M-C6h"	2	0	0	0	0	0.23062015503876	NA	"NO"	NA	NA
"ECK120003089"	"uup"	"+"	1009187	1011094	1908	"M-C6h"	1	0	0	0	0	0.0524109014675052	NA	"NO"	14	19.4444444444444
"ECK120003090"	"pqiA"	"+"	1011224	1012477	1254	"M-C6h"	2	0	0	0	0	0.159489633173844	NA	"NO"	NA	NA
"ECK120003091"	"pqiB"	"+"	1012482	1014122	1641	"M-C6h"	15	2.82256017709812	0	0	0	0.35588056063376	-Inf	"SD"	2	3.27868852459016
"ECK120003092"	"ymbA"	"+"	1014134	1014682	549	"M-C6h"	2	0	0	0	0	0.229508196721311	NA	"NO"	4	19.047619047619
"ECK120003103"	"etp"	"-"	1043453	1043899	447	"M-C6h"	1	0	1	77	0	0.223713646532438	NA	"NO"	NA	NA
"ECK120003104"	"gfcE"	"-"	1043887	1045026	1140	"M-C6h"	0	0	0	0	0	0	NA	"NO"	NA	NA
"ECK120003105"	"gfcD"	"-"	1045072	1047168	2097	"M-C6h"	2	0	0	0	0	0.0324272770624702	NA	"NO"	NA	NA
"ECK120003106"	"gfcC"	"-"	1047168	1047914	747	"M-C6h"	0	0	0	0	0	0	NA	"NO"	NA	NA
"ECK120003107"	"gfcB"	"-"	1047911	1048555	645	"M-C6h"	0	0	0	0	0	0	NA	"NO"	NA	NA
"ECK120003112"	"ymcE"	"+"	1051070	1051300	231	"M-C6h"	2	2.67348989934662	0	0	0	0.329004329004329	-Inf	"SD"	NA	NA
"ECK120003118"	"rutF"	"-"	1069083	1069577	495	"M-C6h"	0	0	0	0	0	0	NA	"NO"	NA	NA
"ECK120003119"	"rutE"	"-"	1069588	1070178	591	"M-C6h"	0	0	0	0	0	0	NA	"NO"	NA	NA
"ECK120003120"	"rutD"	"-"	1070188	1070988	801	"M-C6h"	1	0	0	0	0	0.0549313358302122	NA	"NO"	NA	NA
"ECK120003121"	"rutC"	"-"	1070996	1071382	387	"M-C6h"	0	0	0	0	0	0	NA	"NO"	NA	NA
"ECK120003122"	"rutB"	"-"	1071394	1072086	693	"M-C6h"	0	0	0	0	0	0	NA	"NO"	NA	NA
"ECK120003124"	"efeU_1"	"+"	1080579	1080689	111	"M-C6h"	0	0	0	0	0	0	NA	"NO"	NA	NA
"ECK120003125"	"efeO"	"+"	1081466	1082593	1128	"M-C6h"	0	0	0	0	0	0	NA	"NO"	4	9.75609756097561
"ECK120003127"	"pgaC"	"-"	1085744	1087069	1326	"M-C6h"	0	0	0	0	0	0	NA	"NO"	NA	NA
"ECK120003128"	"pgaB"	"-"	1087062	1089080	2019	"M-C6h"	0	0	0	0	0	0	NA	"NO"	NA	NA
"ECK120003136"	"ycdX"	"+"	1098102	1098839	738	"M-C6h"	3	0	0	0	0	0.2289972899729	NA	"NO"	2	7.40740740740741
"ECK120003137"	"ycdY"	"+"	1098863	1099417	555	"M-C6h"	4	2.22549969999665	0	0	0	0.371171171171171	-Inf	"SD"	3	14.2857142857143
"ECK120003140"	"csgF"	"-"	1100934	1101350	417	"M-C6h"	0	0	0	0	0	0	NA	"NO"	NA	NA
"ECK120003141"	"csgE"	"-"	1101375	1101764	390	"M-C6h"	0	0	0	0	0	0	NA	"NO"	NA	NA
"ECK120003144"	"csgC"	"+"	1104184	1104516	333	"M-C6h"	0	0	0	0	0	0	NA	"NO"	NA	NA
"ECK120003145"	"ymdA"	"+"	1104637	1104948	312	"M-C6h"	3	2.9691161862936	0	0	0	0.509615384615385	-Inf	"SD"	NA	NA
"ECK120003146"	"ymdB"	"+"	1105043	1105576	534	"M-C6h"	1	0	0	0	0	0.187265917602996	NA	"NO"	2	10.5263157894737
"ECK120003149"	"b1052"	"-"	1113434	1113532	99	"M-C6h"	7	21.8335008446641	0	0	0	0.0202020202020202	-Inf	"SD"	NA	NA
"ECK120003150"	"yceJ"	"-"	1117703	1118269	567	"M-C6h"	0	0	0	0	0	0	NA	"NO"	NA	NA
"ECK120003151"	"yceO"	"-"	1118530	1118670	141	"M-C6h"	0	0	0	0	0	0	NA	"NO"	NA	NA
"ECK120003152"	"solA"	"-"	1118691	1119809	1119	"M-C6h"	6	0	0	0	0	0.141197497765862	NA	"NO"	5	12.1951219512195
"ECK120003153"	"bssS"	"-"	1119924	1120178	255	"M-C6h"	8	9.68746928233834	0	0	0	0.803921568627451	-Inf	"SD"	NA	NA
"ECK120003154"	"dinI"	"-"	1120465	1120710	246	"M-C6h"	0	0	0	0	0	0	NA	"NO"	NA	NA
"ECK120003156"	"yceM"	"+"	1126029	1126952	924	"M-C6h"	14	4.67860732385659	0	0	0	0.640692640692641	-Inf	"SD"	0	0
"ECK120003160"	"ycfL"	"+"	1161470	1161847	378	"M-C6h"	1	0.816899691467023	0	0	0	0.264550264550265	-Inf	"SD"	NA	NA
"ECK120003161"	"lpoB"	"+"	1161861	1162502	642	"M-C6h"	4	1.92391329205318	0	0	0	0.319314641744548	-Inf	"SD"	6	26.0869565217391
"ECK120003162"	"thiK"	"+"	1162483	1163307	825	"M-C6h"	1	0	0	0	0	0.063030303030303	NA	"NO"	NA	NA
"ECK120003163"	"nagZ"	"+"	1163318	1164343	1026	"M-C6h"	40	12.0385217689877	0	0	0	0.307992202729045	-Inf	"SD"	2	5.26315789473684
"ECK120003164"	"ycfP"	"+"	1164366	1164908	543	"M-C6h"	24	13.6480920828524	1	100	0	0.773480662983425	-Inf	"SD"	6	28.5714285714286
"ECK120003170"	"lolD"	"+"	1175842	1176543	702	"M-C6h"	0	0	0	0	0	0	NA	"NO"	6	24
"ECK120003171"	"lolE"	"+"	1176543	1177787	1245	"M-C6h"	1	0	1	100	0	0.0803212851405622	NA	"NO"	NA	NA
"ECK120003172"	"nagK"	"+"	1177816	1178727	912	"M-C6h"	9	3.04725082277501	0	0	0	0.458333333333333	-Inf	"SD"	1	3.03030303030303
"ECK120003175"	"ymfA"	"-"	1180487	1180948	462	"M-C6h"	0	0	0	0	0	0	NA	"NO"	NA	NA
"ECK120003176"	"nudJ"	"-"	1193050	1193511	462	"M-C6h"	0	0	0	0	0	0	NA	"NO"	1	5.88235294117647
"ECK120003180"	"xisE"	"-"	1200010	1200255	246	"M-C6h"	0	0	0	0	0	0	NA	"NO"	NA	NA
"ECK120003186"	"ymfL"	"+"	1202479	1203048	570	"M-C6h"	0	0	24	66	363.636363636364	0	Inf	"AD"	NA	NA
"ECK120003187"	"ymfM"	"+"	1203045	1203383	339	"M-C6h"	1	0	0	0	0	0.179941002949853	NA	"NO"	NA	NA
"ECK120003188"	"ymfN"	"+"	1203393	1204760	1368	"M-C6h"	0	0	0	0	0	0	NA	"NO"	NA	NA
"ECK120003189"	"ymfR"	"+"	1204772	1204954	183	"M-C6h"	0	0	0	0	0	0	NA	"NO"	NA	NA
"ECK120003190"	"ymfO"	"+"	1204954	1205427	474	"M-C6h"	0	0	0	0	0	0	NA	"NO"	NA	NA
"ECK120003191"	"ymfP"	"+"	1205483	1206145	663	"M-C6h"	0	0	0	0	0	0	NA	"NO"	NA	NA
"ECK120003192"	"ymfQ"	"+"	1206136	1206720	585	"M-C6h"	0	0	0	0	0	0	NA	"NO"	NA	NA
"ECK120003196"	"ycgX"	"-"	1211926	1212330	405	"M-C6h"	0	0	0	0	0	0	NA	"NO"	NA	NA
"ECK120003197"	"bluR"	"-"	1212551	1213282	732	"M-C6h"	15	6.32762465931424	0	0	0	0.502732240437158	-Inf	"SD"	1	3.57142857142857
"ECK120003200"	"ymgA"	"+"	1215291	1215563	273	"M-C6h"	0	0	0	0	0	0	NA	"NO"	NA	NA
"ECK120003201"	"ariR"	"+"	1215592	1215858	267	"M-C6h"	0	0	0	0	0	0	NA	"NO"	NA	NA
"ECK120003202"	"ymgC"	"+"	1215971	1216219	249	"M-C6h"	0	0	0	0	0	0	NA	"NO"	NA	NA
"ECK120003203"	"ycgG"	"+"	1216551	1218074	1524	"M-C6h"	0	0	8	75	106.666666666667	0	Inf	"AD"	NA	NA
"ECK120003204"	"ycgH_1"	"+"	1220024	1220344	321	"M-C6h"	0	0	0	0	0	0	NA	"NO"	NA	NA
"ECK120003207"	"ymgG"	"-"	1221867	1222142	276	"M-C6h"	2	0	0	0	0	0.0108695652173913	NA	"NO"	NA	NA
"ECK120003212"	"ycgM"	"+"	1227302	1227961	660	"M-C6h"	4	1.87144292954263	0	0	0	0.334848484848485	-Inf	"SD"	3	12.5
"ECK120003221"	"dhaL"	"-"	1248348	1248980	633	"M-C6h"	8	3.90253501895147	0	0	0	0.31911532385466	-Inf	"SD"	5	21.7391304347826
"ECK120003225"	"ychQ"	"+"	1266147	1266539	393	"M-C6h"	0	0	0	0	0	0	NA	"NO"	NA	NA
"ECK120003227"	"ychG_1"	"-"	1294191	1294421	231	"M-C6h"	0	0	0	0	0	0	NA	"NO"	NA	NA
"ECK120003230"	"yciO"	"+"	1322122	1322742	621	"M-C6h"	10	4.97243290458188	0	0	0	0.705314009661836	-Inf	"SD"	9	39.1304347826087
"ECK120003231"	"yciQ"	"+"	1322770	1324665	1896	"M-C6h"	3	0	1	69	0	0.0748945147679325	NA	"NO"	NA	NA
"ECK120003232"	"yciS"	"+"	1338267	1338575	309	"M-C6h"	1	0	0	0	0	0.161812297734628	NA	"NO"	0	0
"ECK120003233"	"yciT"	"-"	1341621	1342370	750	"M-C6h"	4	1.64686977799752	1	52	0	0.452	-Inf	"SD"	7	25
"ECK120003234"	"gmr"	"-"	1342781	1344766	1986	"M-C6h"	6	0	2	100	0	0.217522658610272	NA	"NO"	NA	NA
"ECK120003235"	"yciW"	"-"	1347004	1348131	1128	"M-C6h"	1	0	0	0	0	0.0354609929078014	NA	"NO"	NA	NA
"ECK120003236"	"ycjD"	"-"	1349431	1349784	354	"M-C6h"	4	3.48913088558796	0	0	0	0.344632768361582	-Inf	"SD"	NA	NA
"ECK120003237"	"ymjA"	"-"	1355447	1355692	246	"M-C6h"	0	0	0	0	0	0	NA	"NO"	NA	NA
"ECK120003238"	"puuP"	"-"	1355826	1357211	1386	"M-C6h"	2	0	0	0	0	0.122655122655123	NA	"NO"	NA	NA
"ECK120003242"	"ycjM"	"+"	1368240	1369919	1680	"M-C6h"	1	0	0	0	0	0.0357142857142857	NA	"NO"	NA	NA
"ECK120003243"	"ycjN"	"+"	1369933	1371225	1293	"M-C6h"	0	0	0	0	0	0	NA	"NO"	NA	NA
"ECK120003244"	"ycjO"	"+"	1371246	1372127	882	"M-C6h"	0	0	10	166	60.2409638554217	0	Inf	"AD"	NA	NA
"ECK120003245"	"ycjP"	"+"	1372114	1372956	843	"M-C6h"	0	0	0	0	0	0	NA	"NO"	NA	NA
"ECK120003246"	"ycjQ"	"+"	1372987	1374039	1053	"M-C6h"	0	0	0	0	0	0	NA	"NO"	NA	NA
"ECK120003247"	"ycjR"	"+"	1374058	1374846	789	"M-C6h"	0	0	0	0	0	0	NA	"NO"	NA	NA
"ECK120003248"	"ycjS"	"+"	1374856	1375911	1056	"M-C6h"	0	0	0	0	0	0	NA	"NO"	NA	NA
"ECK120003249"	"ycjT"	"+"	1375908	1378175	2268	"M-C6h"	0	0	0	0	0	0	NA	"NO"	NA	NA
"ECK120003250"	"ycjU"	"+"	1378172	1378831	660	"M-C6h"	0	0	0	0	0	0	NA	"NO"	NA	NA
"ECK120003251"	"ycjV"	"+"	1378845	1379813	969	"M-C6h"	0	0	0	0	0	0	NA	"NO"	NA	NA
"ECK120003264"	"abgB"	"-"	1399834	1401279	1446	"M-C6h"	0	0	0	0	0	0	NA	"NO"	NA	NA
"ECK120003271"	"intR"	"-"	1410024	1411259	1236	"M-C6h"	0	0	0	0	0	0	NA	"NO"	NA	NA
"ECK120003272"	"ydaQ"	"-"	1411261	1411476	216	"M-C6h"	0	0	0	0	0	0	NA	"NO"	NA	NA
"ECK120003277"	"ydaT"	"+"	1418708	1419130	423	"M-C6h"	0	0	2	52	0	0	NA	"NO"	NA	NA
"ECK120003278"	"ydaU"	"+"	1419143	1420000	858	"M-C6h"	0	0	0	0	0	0	NA	"NO"	NA	NA
"ECK120003279"	"ydaV"	"+"	1420007	1420753	747	"M-C6h"	0	0	0	0	0	0	NA	"NO"	NA	NA
"ECK120003280"	"ydaW"	"+"	1420776	1421336	561	"M-C6h"	2	0	0	0	0	0.17825311942959	NA	"NO"	NA	NA
"ECK120003281"	"rzpR"	"+"	1421369	1421668	300	"M-C6h"	0	0	0	0	0	0	NA	"NO"	NA	NA
"ECK120003282"	"b1364"	"+"	1423202	1423483	282	"M-C6h"	0	0	0	0	0	0	NA	"NO"	NA	NA
"ECK120003283"	"ynaK"	"+"	1423401	1423664	264	"M-C6h"	0	0	0	0	0	0	NA	"NO"	NA	NA
"ECK120003284"	"ydaY"	"+"	1423645	1424004	360	"M-C6h"	0	0	0	0	0	0	NA	"NO"	NA	NA
"ECK120003285"	""	"+"	1424079	1424312	234	"M-C6h"	0	0	0	0	0	0	NA	"NO"	NA	NA
"ECK120003286"	"ynaA"	"+"	1424478	1425506	1029	"M-C6h"	3	0	0	0	0	0.109815354713314	NA	"NO"	NA	NA
"ECK120003290"	"stfR"	"+"	1427073	1430435	3363	"M-C6h"	1	0	0	0	0	0.0217068093963723	NA	"NO"	NA	NA
"ECK120003293"	"ynaE"	"-"	1432015	1432248	234	"M-C6h"	0	0	0	0	0	0	NA	"NO"	NA	NA
"ECK120003294"	"uspF"	"-"	1433209	1433643	435	"M-C6h"	87	61.7576166749069	0	0	0	0.990804597701149	-Inf	"SD"	6	37.5
"ECK120003295"	"ompN"	"-"	1433784	1434917	1134	"M-C6h"	0	0	0	0	0	0	NA	"NO"	NA	NA
"ECK120003299"	"ynbE"	"+"	1443711	1443896	186	"M-C6h"	2	3.32030197176919	0	0	0	0.629032258064516	-Inf	"SD"	NA	NA
"ECK120003304"	"paaB"	"+"	1452892	1453179	288	"M-C6h"	0	0	0	0	0	0	NA	"NO"	NA	NA
"ECK120003305"	"paaC"	"+"	1453188	1453934	747	"M-C6h"	5	2.06685464106114	0	0	0	0.372155287817938	-Inf	"SD"	NA	NA
"ECK120003306"	"paaD"	"+"	1453949	1454446	498	"M-C6h"	0	0	0	0	0	0	NA	"NO"	NA	NA
"ECK120003307"	"paaE"	"+"	1454454	1455524	1071	"M-C6h"	2	0	0	0	0	0.0476190476190476	NA	"NO"	NA	NA
"ECK120003308"	"paaF"	"+"	1455521	1456288	768	"M-C6h"	0	0	0	0	0	0	NA	"NO"	NA	NA
"ECK120003309"	"paaG"	"+"	1456288	1457076	789	"M-C6h"	0	0	0	0	0	0	NA	"NO"	NA	NA
"ECK120003310"	"paaH"	"+"	1457078	1458505	1428	"M-C6h"	0	0	0	0	0	0	NA	"NO"	NA	NA
"ECK120003311"	"paaI"	"+"	1458495	1458917	423	"M-C6h"	2	0	0	0	0	0.00236406619385343	NA	"NO"	NA	NA
"ECK120003312"	"paaJ"	"+"	1458917	1460122	1206	"M-C6h"	18	4.60877736379903	0	0	0	0.592868988391376	-Inf	"SD"	NA	NA
"ECK120003313"	"paaK"	"+"	1460149	1461462	1314	"M-C6h"	8	1.8799883310474	0	0	0	0.340943683409437	-Inf	"SD"	NA	NA
"ECK120003314"	"paaX"	"+"	1461563	1462513	951	"M-C6h"	7	2.27288810054863	0	0	0	0.309148264984227	-Inf	"SD"	3	8.57142857142857
"ECK120003320"	"ynbA"	"+"	1475645	1476250	606	"M-C6h"	0	0	0	0	0	0	NA	"NO"	NA	NA
"ECK120003321"	"ynbB"	"+"	1476250	1477146	897	"M-C6h"	0	0	0	0	0	0	NA	"NO"	NA	NA
"ECK120003322"	"ynbC"	"+"	1477162	1478919	1758	"M-C6h"	1	0	1	57	0	0.0318543799772469	NA	"NO"	NA	NA
"ECK120003339"	"ydcR"	"+"	1508027	1509433	1407	"M-C6h"	1	0	1	37	0	0.00923951670220327	NA	"NO"	NA	NA
"ECK120003340"	"ydcS"	"+"	1509678	1510823	1146	"M-C6h"	28	7.54456050129753	0	0	0	0.56282722513089	-Inf	"SD"	2	4.76190476190476
"ECK120003341"	"ydcT"	"+"	1510841	1511854	1014	"M-C6h"	14	4.26334631878056	0	0	0	0.356015779092702	-Inf	"SD"	NA	NA
"ECK120003342"	"ydcU"	"+"	1511855	1512796	942	"M-C6h"	6	1.96680307881869	10	143	69.9300699300699	0.271762208067941	0.0241474813431421	"AD"	NA	NA
"ECK120003343"	"ydcV"	"+"	1512786	1513580	795	"M-C6h"	7	2.71888878442987	0	0	0	0.450314465408805	-Inf	"SD"	NA	NA
"ECK120003355"	"yncH"	"+"	1524964	1525176	213	"M-C6h"	0	0	0	0	0	0	NA	"NO"	NA	NA
"ECK120003356"	"yncI"	"+"	1528610	1529356	747	"M-C6h"	0	0	0	0	0	0	NA	"NO"	NA	NA
"ECK120003357"	"yncM"	"+"	1529400	1529600	201	"M-C6h"	0	0	0	0	0	0	NA	"NO"	NA	NA
"ECK120003360"	"yddJ"	"-"	1542408	1542743	336	"M-C6h"	0	0	0	0	0	0	NA	"NO"	NA	NA
"ECK120003361"	"yddK"	"-"	1542782	1543738	957	"M-C6h"	0	0	0	0	0	0	NA	"NO"	NA	NA
"ECK120003362"	"yddL"	"-"	1543762	1544052	291	"M-C6h"	0	0	0	0	0	0	NA	"NO"	NA	NA
"ECK120003364"	"adhP"	"-"	1550852	1551862	1011	"M-C6h"	0	0	0	0	0	0	NA	"NO"	NA	NA
"ECK120003367"	"ddpD"	"-"	1556055	1557041	987	"M-C6h"	1	0	1	100	0	0.101317122593718	NA	"NO"	NA	NA
"ECK120003368"	"ddpC"	"-"	1557038	1557934	897	"M-C6h"	0	0	0	0	0	0	NA	"NO"	NA	NA
"ECK120003369"	"ddpB"	"-"	1557931	1558953	1023	"M-C6h"	0	0	0	0	0	0	NA	"NO"	NA	NA
"ECK120003370"	"ddpA"	"-"	1558955	1560505	1551	"M-C6h"	3	0	7	74	94.5945945945946	0.113475177304965	Inf	"AD"	NA	NA
"ECK120003371"	"ddpX"	"-"	1560519	1561100	582	"M-C6h"	2	0	0	0	0	0.134020618556701	NA	"NO"	NA	NA
"ECK120003372"	"dosP"	"-"	1561358	1563757	2400	"M-C6h"	1	0	0	0	0	0.0295833333333333	NA	"NO"	NA	NA
"ECK120003373"	"dosC"	"-"	1563782	1565164	1383	"M-C6h"	4	0	0	0	0	0.130874909616775	NA	"NO"	NA	NA
"ECK120003374"	"yddW"	"-"	1565528	1566847	1320	"M-C6h"	15	0	1	69	0	0.240909090909091	NA	"NO"	NA	NA
"ECK120003375"	"gadC"	"-"	1566978	1568513	1536	"M-C6h"	1	0	0	0	0	0.0442708333333333	NA	"NO"	NA	NA
"ECK120003376"	"ydeM"	"-"	1577657	1578814	1158	"M-C6h"	0	0	0	0	0	0	NA	"NO"	NA	NA
"ECK120003377"	"ydeN"	"-"	1578866	1580548	1683	"M-C6h"	5	0	0	0	0	0.139631610219846	NA	"NO"	10	15.8730158730159
"ECK120003378"	"ydeO"	"-"	1580950	1581711	762	"M-C6h"	0	0	0	0	0	0	NA	"NO"	NA	NA
"ECK120003379"	"safA"	"-"	1581786	1581983	198	"M-C6h"	0	0	0	0	0	0	NA	"NO"	NA	NA
"ECK120003380"	"ydeP"	"-"	1582231	1584510	2280	"M-C6h"	0	0	0	0	0	0	NA	"NO"	NA	NA
"ECK120003381"	"ydeQ"	"-"	1584844	1585758	915	"M-C6h"	2	0	0	0	0	0.109289617486339	NA	"NO"	NA	NA
"ECK120003382"	"ydeR"	"-"	1585817	1586320	504	"M-C6h"	0	0	1	58	0	0	NA	"NO"	NA	NA
"ECK120003383"	"ydeS"	"-"	1586333	1586863	531	"M-C6h"	0	0	3	96	0	0	NA	"NO"	NA	NA
"ECK120003384"	"ydeT"	"-"	1586877	1588025	1149	"M-C6h"	0	0	0	0	0	0	NA	"NO"	NA	NA
"ECK120003385"	"yneL"	"-"	1588381	1588560	180	"M-C6h"	0	0	0	0	0	0	NA	"NO"	NA	NA
"ECK120003386"	"ydeU"	"-"	1590689	1592089	1401	"M-C6h"	2	0	0	0	0	0.142755174875089	NA	"NO"	NA	NA
"ECK120003387"	"lsrK"	"-"	1596641	1598233	1593	"M-C6h"	13	2.51992786181353	0	0	0	0.344005021971124	-Inf	"SD"	NA	NA
"ECK120003390"	"lsrC"	"+"	1601043	1602071	1029	"M-C6h"	1	0	0	0	0	0.0971817298347911	NA	"NO"	NA	NA
"ECK120003391"	"lsrD"	"+"	1602071	1603063	993	"M-C6h"	1	0	0	0	0	0.100704934541793	NA	"NO"	NA	NA
"ECK120003392"	"lsrB"	"+"	1603075	1604097	1023	"M-C6h"	0	0	0	0	0	0	NA	"NO"	4	10.8108108108108
"ECK120003393"	"lsrF"	"+"	1604124	1604999	876	"M-C6h"	0	0	0	0	0	0	NA	"NO"	0	0
"ECK120003394"	"lsrG"	"+"	1605023	1605313	291	"M-C6h"	0	0	0	0	0	0	NA	"NO"	NA	NA
"ECK120003397"	"yneF"	"-"	1608931	1609878	948	"M-C6h"	1	0	0	0	0	0.040084388185654	NA	"NO"	NA	NA
"ECK120003398"	"yneG"	"-"	1609990	1610349	360	"M-C6h"	1	0	1	100	0	0.111111111111111	NA	"NO"	NA	NA
"ECK120003399"	"yneH"	"-"	1610349	1611275	927	"M-C6h"	0	0	0	0	0	0	NA	"NO"	1	2.94117647058824
"ECK120003402"	"yneK"	"+"	1613787	1614902	1116	"M-C6h"	0	0	0	0	0	0	NA	"NO"	NA	NA
"ECK120003403"	"ydfH"	"+"	1626376	1627062	687	"M-C6h"	2	0	0	0	0	0.224163027656477	NA	"NO"	NA	NA
"ECK120003410"	"ydfN"	"-"	1632909	1633871	963	"M-C6h"	0	0	0	0	0	0	NA	"NO"	NA	NA
"ECK120003413"	"ynfN"	"-"	1635978	1636133	156	"M-C6h"	0	0	0	0	0	0	NA	"NO"	NA	NA
"ECK120003414"	"cspI"	"-"	1636479	1636691	213	"M-C6h"	0	0	0	0	0	0	NA	"NO"	NA	NA
"ECK120003415"	"ydfP"	"-"	1637054	1637551	498	"M-C6h"	0	0	0	0	0	0	NA	"NO"	NA	NA
"ECK120003416"	"rrrQ"	"-"	1637548	1638081	534	"M-C6h"	0	0	0	0	0	0	NA	"NO"	NA	NA
"ECK120003417"	"ydfR"	"-"	1638078	1638389	312	"M-C6h"	0	0	0	0	0	0	NA	"NO"	NA	NA
"ECK120003418"	"essQ"	"-"	1638394	1638609	216	"M-C6h"	0	0	0	0	0	0	NA	"NO"	NA	NA
"ECK120003420"	"ydfU"	"-"	1641279	1642328	1050	"M-C6h"	0	0	0	0	0	0	NA	"NO"	NA	NA
"ECK120003425"	"insD"	"+"	1648905	1649561	657	"M-C6h"	0	0	0	0	0	0	NA	"NO"	NA	NA
"ECK120003428"	"rspA"	"-"	1651951	1653165	1215	"M-C6h"	2	0	0	0	0	0.0584362139917695	NA	"NO"	NA	NA
"ECK120003434"	"ynfE"	"+"	1656093	1658519	2427	"M-C6h"	0	0	0	0	0	0	NA	"NO"	4	4.44444444444444
"ECK120003435"	"ynfF"	"+"	1658580	1661003	2424	"M-C6h"	3	0	0	0	0	0.0977722772277228	NA	"NO"	8	8.88888888888889
"ECK120003436"	"ynfG"	"+"	1661014	1661631	618	"M-C6h"	1	0	0	0	0	0.121359223300971	NA	"NO"	1	4.34782608695652
"ECK120003437"	"ynfH"	"+"	1661633	1662487	855	"M-C6h"	3	0	0	0	0	0.121637426900585	NA	"NO"	NA	NA
"ECK120003438"	"dmsD"	"+"	1662530	1663144	615	"M-C6h"	4	0	0	0	0	0.230894308943089	NA	"NO"	2	8.69565217391304
"ECK120003441"	"mlc"	"-"	1665368	1666588	1221	"M-C6h"	8	2.0231815454515	1	100	0	0.25962325962326	-Inf	"SD"	NA	NA
"ECK120003450"	"ydgI"	"+"	1677581	1678963	1383	"M-C6h"	1	0	0	0	0	0.0368763557483731	NA	"NO"	NA	NA
"ECK120003456"	"uidR"	"-"	1694486	1695076	591	"M-C6h"	10	5.22484066623578	0	0	0	0.446700507614213	-Inf	"SD"	3	13.6363636363636
"ECK120003458"	"cnu"	"+"	1702973	1703188	216	"M-C6h"	0	0	0	0	0	0	NA	"NO"	NA	NA
"ECK120003459"	"ydgK"	"+"	1703274	1703714	441	"M-C6h"	2	0	0	0	0	0.195011337868481	NA	"NO"	NA	NA
"ECK120003460"	"rsxA"	"+"	1703791	1704372	582	"M-C6h"	0	0	0	0	0	0	NA	"NO"	NA	NA
"ECK120003461"	"rsxB"	"+"	1704372	1704950	579	"M-C6h"	0	0	0	0	0	0	NA	"NO"	NA	NA
"ECK120003462"	"rsxC"	"+"	1704943	1707165	2223	"M-C6h"	1	0	3	70	0	0.0170940170940171	NA	"NO"	NA	NA
"ECK120003463"	"rsxD"	"+"	1707166	1708224	1059	"M-C6h"	0	0	0	0	0	0	NA	"NO"	NA	NA
"ECK120003464"	"rsxG"	"+"	1708228	1708848	621	"M-C6h"	0	0	0	0	0	0	NA	"NO"	NA	NA
"ECK120003465"	"rsxE"	"+"	1708852	1709547	696	"M-C6h"	3	1.33098311799368	2	118	0	0.349137931034483	-Inf	"SD"	NA	NA
"ECK120003466"	"tppB"	"+"	1710793	1712295	1503	"M-C6h"	1	0	0	0	0	0.0665335994677312	NA	"NO"	NA	NA
"ECK120003473"	"ydhJ"	"+"	1719288	1720145	858	"M-C6h"	0	0	0	0	0	0	NA	"NO"	2	6.45161290322581
"ECK120003476"	"ydhF"	"-"	1722760	1723656	897	"M-C6h"	7	2.40971748452814	0	0	0	0.424749163879599	-Inf	"SD"	10	29.4117647058824
"ECK120003479"	"nemA"	"+"	1724683	1725780	1098	"M-C6h"	2	0	0	0	0	0.0956284153005464	NA	"NO"	1	2.5
"ECK120003480"	"gloA"	"+"	1725861	1726268	408	"M-C6h"	5	3.78416768841342	0	0	0	0.524509803921569	-Inf	"SD"	4	26.6666666666667
"ECK120003484"	"ydhR"	"+"	1744724	1745029	306	"M-C6h"	6	6.05466830146146	1	71	0	0.76797385620915	-Inf	"SD"	2	18.1818181818182
"ECK120003487"	"ydhU"	"-"	1747587	1748372	786	"M-C6h"	0	0	0	0	0	0	NA	"NO"	NA	NA
"ECK120003488"	"ydhX"	"-"	1748369	1749088	720	"M-C6h"	0	0	0	0	0	0	NA	"NO"	NA	NA
"ECK120003489"	"ydhW"	"-"	1749101	1749748	648	"M-C6h"	0	0	0	0	0	0	NA	"NO"	NA	NA
"ECK120003490"	"ydhV"	"-"	1749752	1751854	2103	"M-C6h"	1	0	0	0	0	0.0475511174512601	NA	"NO"	NA	NA
"ECK120003491"	"ydhY"	"-"	1751875	1752501	627	"M-C6h"	0	0	0	0	0	0	NA	"NO"	NA	NA
"ECK120003494"	"sufE"	"-"	1756898	1757314	417	"M-C6h"	0	0	0	0	0	0	NA	"NO"	NA	NA
"ECK120003495"	"sufS"	"-"	1757327	1758547	1221	"M-C6h"	1	0	0	0	0	0.0819000819000819	NA	"NO"	NA	NA
"ECK120003496"	"sufD"	"-"	1758544	1759815	1272	"M-C6h"	1	0	0	0	0	0.0471698113207547	NA	"NO"	NA	NA
"ECK120003497"	"sufC"	"-"	1759790	1760536	747	"M-C6h"	0	0	0	0	0	0	NA	"NO"	1	3.57142857142857
"ECK120003498"	"sufB"	"-"	1760546	1762033	1488	"M-C6h"	8	0	0	0	0	0.247983870967742	NA	"NO"	NA	NA
"ECK120003499"	"ydiH"	"-"	1762958	1763227	270	"M-C6h"	1	0	1	100	0	0.177777777777778	NA	"NO"	NA	NA
"ECK120003500"	"menI"	"-"	1763246	1763656	411	"M-C6h"	10	7.51309205290839	0	0	0	0.708029197080292	-Inf	"SD"	4	26.6666666666667
"ECK120003503"	"ydiL"	"+"	1768639	1768995	357	"M-C6h"	0	0	0	0	0	0	NA	"NO"	NA	NA
"ECK120003504"	"ydiM"	"+"	1769095	1770309	1215	"M-C6h"	1	0	1	100	0	0.00823045267489712	NA	"NO"	NA	NA
"ECK120003505"	"ydiN"	"+"	1770536	1771801	1266	"M-C6h"	1	0	0	0	0	0.0402843601895735	NA	"NO"	NA	NA
"ECK120003509"	"ydiR"	"+"	1778425	1779363	939	"M-C6h"	0	0	0	0	0	0	NA	"NO"	NA	NA
"ECK120003510"	"ydiS"	"+"	1779419	1780708	1290	"M-C6h"	1	0	0	0	0	0.0511627906976744	NA	"NO"	NA	NA
"ECK120003511"	"ydiT"	"+"	1780705	1780998	294	"M-C6h"	0	0	0	0	0	0	NA	"NO"	NA	NA
"ECK120003513"	"ydiV"	"-"	1789331	1790044	714	"M-C6h"	1	0	0	0	0	0.140056022408964	NA	"NO"	NA	NA
"ECK120003515"	"arpB_2"	"+"	1801602	1803017	1416	"M-C6h"	0	0	0	0	0	0	NA	"NO"	NA	NA
"ECK120003517"	"ydiZ"	"+"	1805424	1805714	291	"M-C6h"	4	4.24450973710701	0	0	0	0.848797250859107	-Inf	"SD"	NA	NA
"ECK120003521"	"ydjM"	"+"	1808235	1808825	591	"M-C6h"	0	0	0	0	0	0	NA	"NO"	NA	NA
"ECK120003527"	"spy"	"-"	1823164	1823649	486	"M-C6h"	13	8.25976354705545	0	0	0	0.711934156378601	-Inf	"SD"	NA	NA
"ECK120003528"	"astE"	"-"	1823979	1824947	969	"M-C6h"	54	17.2080046462589	0	0	0	0.864809081527348	-Inf	"SD"	NA	NA
"ECK120003529"	"astB"	"-"	1824940	1826283	1344	"M-C6h"	25	5.74382595562751	0	0	0	0.616071428571429	-Inf	"SD"	NA	NA
"ECK120003530"	"astD"	"-"	1826280	1827758	1479	"M-C6h"	42	8.76882995384074	0	0	0	0.632183908045977	-Inf	"SD"	NA	NA
"ECK120003531"	"astA"	"-"	1827755	1828789	1035	"M-C6h"	25	7.45864935687282	0	0	0	0.690821256038647	-Inf	"SD"	NA	NA
"ECK120003533"	"ydjX"	"+"	1831425	1832135	711	"M-C6h"	0	0	1	100	0	0	NA	"NO"	NA	NA
"ECK120003534"	"ydjY"	"+"	1832140	1832817	678	"M-C6h"	0	0	0	0	0	0	NA	"NO"	3	12.5
"ECK120003535"	"ydjZ"	"+"	1832832	1833539	708	"M-C6h"	0	0	0	0	0	0	NA	"NO"	NA	NA
"ECK120003536"	"ynjA"	"+"	1833539	1834087	549	"M-C6h"	0	0	0	0	0	0	NA	"NO"	NA	NA
"ECK120003537"	"ynjB"	"+"	1834097	1835263	1167	"M-C6h"	0	0	0	0	0	0	NA	"NO"	0	0
"ECK120003538"	"ynjC"	"+"	1835281	1836771	1491	"M-C6h"	0	0	0	0	0	0	NA	"NO"	NA	NA
"ECK120003539"	"ynjD"	"+"	1836771	1837424	654	"M-C6h"	0	0	0	0	0	0	NA	"NO"	NA	NA
"ECK120003545"	"ydjF"	"-"	1852120	1852878	759	"M-C6h"	1	0	0	0	0	0.131752305665349	NA	"NO"	1	3.57142857142857
"ECK120003546"	"ydjG"	"-"	1853015	1853995	981	"M-C6h"	1	0	0	0	0	0.0560652395514781	NA	"NO"	NA	NA
"ECK120003547"	"ydjH"	"-"	1854005	1854952	948	"M-C6h"	0	0	0	0	0	0	NA	"NO"	NA	NA
"ECK120003548"	"ydjI"	"-"	1854957	1855793	837	"M-C6h"	1	0	0	0	0	0.041816009557945	NA	"NO"	NA	NA
"ECK120003549"	"ydjJ"	"-"	1855814	1856857	1044	"M-C6h"	0	0	0	0	0	0	NA	"NO"	NA	NA
"ECK120003550"	"ydjK"	"-"	1856874	1858253	1380	"M-C6h"	0	0	0	0	0	0	NA	"NO"	NA	NA
"ECK120003551"	"ydjL"	"-"	1858280	1859356	1077	"M-C6h"	0	0	0	0	0	0	NA	"NO"	NA	NA
"ECK120003552"	"yeaC"	"-"	1859726	1859998	273	"M-C6h"	72	81.4386153954817	0	0	0	1	-Inf	"SD"	NA	NA
"ECK120003557"	"yeaH"	"+"	1866979	1868262	1284	"M-C6h"	36	8.65760981423929	0	0	0	0.782710280373832	-Inf	"SD"	NA	NA
"ECK120003558"	"yeaI"	"+"	1868409	1869884	1476	"M-C6h"	0	0	0	0	0	0	NA	"NO"	NA	NA
"ECK120003569"	"yoaG"	"-"	1877427	1877609	183	"M-C6h"	0	0	0	0	0	0	NA	"NO"	NA	NA
"ECK120003570"	"yeaR"	"-"	1877613	1877972	360	"M-C6h"	0	0	0	0	0	0	NA	"NO"	NA	NA
"ECK120003571"	"leuE"	"-"	1878145	1878783	639	"M-C6h"	1	0	0	0	0	0.150234741784038	NA	"NO"	NA	NA
"ECK120003574"	"yeaV"	"+"	1881212	1882657	1446	"M-C6h"	0	0	1	38	0	0	NA	"NO"	NA	NA
"ECK120003575"	"yeaW"	"+"	1882689	1883813	1125	"M-C6h"	0	0	0	0	0	0	NA	"NO"	NA	NA
"ECK120003577"	"yeaY"	"-"	1887975	1888556	582	"M-C6h"	32	16.978038948428	2	87	0	0.86426116838488	-Inf	"SD"	3	14.2857142857143
"ECK120003578"	"tsaB"	"-"	1888596	1889291	696	"M-C6h"	1	0	0	0	0	0.0589080459770115	NA	"NO"	6	24
"ECK120003585"	"yobD"	"+"	1902825	1903283	459	"M-C6h"	0	0	0	0	0	0	NA	"NO"	NA	NA
"ECK120003587"	"yobF"	"-"	1905472	1905615	144	"M-C6h"	24	51.4646805624224	2	125	0	1	-Inf	"SD"	NA	NA
"ECK120003588"	"yebO"	"-"	1906285	1906572	288	"M-C6h"	0	0	0	0	0	0	NA	"NO"	NA	NA
"ECK120003594"	"yebT"	"+"	1915534	1918167	2634	"M-C6h"	3	0	0	0	0	0.0698557327258922	NA	"NO"	NA	NA
"ECK120003595"	"rsmF"	"+"	1918247	1919686	1440	"M-C6h"	1	0	0	0	0	0.0465277777777778	NA	"NO"	1	1.88679245283019
"ECK120003596"	"yebV"	"+"	1919804	1920040	237	"M-C6h"	0	0	0	0	0	0	NA	"NO"	NA	NA
"ECK120003599"	"yebY"	"-"	1921389	1921730	342	"M-C6h"	25	22.5722283168519	5	120	0	1	-Inf	"SD"	1	8.33333333333333
"ECK120003600"	"yebZ"	"-"	1921743	1922615	873	"M-C6h"	6	2.1222548685535	0	0	0	0.31729667812142	-Inf	"SD"	NA	NA
"ECK120003602"	"yobB"	"+"	1923464	1924120	657	"M-C6h"	1	0	0	0	0	0.0745814307458143	NA	"NO"	NA	NA
"ECK120003606"	"yecN"	"+"	1950290	1950685	396	"M-C6h"	2	1.55953577461886	0	0	0	0.401515151515151	-Inf	"SD"	NA	NA
"ECK120003607"	"cmoA"	"+"	1950726	1951469	744	"M-C6h"	1	0	1	60	0	0.0510752688172043	NA	"NO"	3	10.7142857142857
"ECK120003610"	"torY"	"-"	1955056	1956156	1101	"M-C6h"	0	0	0	0	0	0	NA	"NO"	NA	NA
"ECK120003611"	"cutC"	"-"	1956544	1956984	441	"M-C6h"	20	14.0039947108633	0	0	0	0.517006802721088	-Inf	"SD"	1	3.7037037037037
"ECK120003615"	"flhB"	"-"	1963067	1964215	1149	"M-C6h"	0	0	0	0	0	0	NA	"NO"	NA	NA
"ECK120003616"	"insB-5"	"-"	1976542	1977045	504	"M-C6h"	0	0	0	0	0	0	NA	"NO"	NA	NA
"ECK120003623"	"yecS"	"-"	1995835	1996503	669	"M-C6h"	1	0	1	64	0	0.125560538116592	NA	"NO"	NA	NA
"ECK120003624"	"dcyD"	"-"	1996518	1997504	987	"M-C6h"	5	1.56427600493685	0	0	0	0.296859169199595	-Inf	"SD"	2	5.71428571428571
"ECK120003625"	"fliY"	"-"	1997609	1998409	801	"M-C6h"	19	7.32456127854701	0	0	0	0.900124843945069	-Inf	"SD"	19	65.5172413793103
"ECK120003628"	"yedN_1"	"-"	2009573	2009893	321	"M-C6h"	0	0	0	0	0	0	NA	"NO"	NA	NA
"ECK120003636"	"yodC"	"-"	2026212	2026394	183	"M-C6h"	2	3.37473315163426	0	0	0	0.404371584699454	-Inf	"SD"	NA	NA
"ECK120003638"	"yedS_1"	"+"	2032075	2032560	486	"M-C6h"	3	1.90609928008972	0	0	0	0.257201646090535	-Inf	"SD"	NA	NA
"ECK120003639"	"yedS_2"	"+"	2032570	2032779	210	"M-C6h"	1	1.47041944464064	0	0	0	0.295238095238095	-Inf	"SD"	NA	NA
"ECK120003640"	"yedS_3"	"+"	2032863	2033267	405	"M-C6h"	2	0	0	0	0	0.11358024691358	NA	"NO"	NA	NA
"ECK120003645"	"yedY"	"+"	2037502	2038506	1005	"M-C6h"	14	0	0	0	0	0.191044776119403	NA	"NO"	NA	NA
"ECK120003646"	"yedZ"	"+"	2038507	2039142	636	"M-C6h"	0	0	0	0	0	0	NA	"NO"	NA	NA
"ECK120003647"	"zinT"	"+"	2039399	2040049	651	"M-C6h"	2	0	0	0	0	0.23963133640553	NA	"NO"	NA	NA
"ECK120003665"	"yeeP"	"+"	2068810	2069235	426	"M-C6h"	0	0	0	0	0	0	NA	"NO"	NA	NA
"ECK120003666"	"flu"	"+"	2069563	2072682	3120	"M-C6h"	148	14.6476398523818	0	0	0	0.898397435897436	-Inf	"SD"	52	48.5981308411215
"ECK120003667"	"yeeR"	"+"	2072803	2074335	1533	"M-C6h"	5	0	1	78	0	0.17938682322244	NA	"NO"	1	1.75438596491228
"ECK120003668"	"yeeS"	"+"	2074332	2074778	447	"M-C6h"	0	0	2	101	0	0	NA	"NO"	NA	NA
"ECK120003669"	"yeeT"	"+"	2074841	2075062	222	"M-C6h"	0	0	0	0	0	0	NA	"NO"	NA	NA
"ECK120003670"	"cbeA"	"+"	2075136	2075504	369	"M-C6h"	0	0	0	0	0	0	NA	"NO"	NA	NA
"ECK120003671"	"cbtA"	"+"	2075593	2075967	375	"M-C6h"	0	0	0	0	0	0	NA	"NO"	NA	NA
"ECK120003672"	"yeeW"	"+"	2075964	2076158	195	"M-C6h"	1	1.58352863268992	0	0	0	0.282051282051282	-Inf	"SD"	NA	NA
"ECK120003674"	"yeeY"	"-"	2085353	2086282	930	"M-C6h"	5	1.6601509858846	0	0	0	0.346236559139785	-Inf	"SD"	NA	NA
"ECK120003675"	"yeeZ"	"-"	2086328	2087152	825	"M-C6h"	18	6.73719454635348	0	0	0	0.699393939393939	-Inf	"SD"	8	26.6666666666667
"ECK120003677"	"ugd"	"-"	2096471	2097637	1167	"M-C6h"	0	0	0	0	0	0	NA	"NO"	NA	NA
"ECK120003678"	"insH-7"	"-"	2099919	2100935	1017	"M-C6h"	0	0	0	0	0	0	NA	"NO"	NA	NA
"ECK120003679"	"galF"	"-"	2111458	2112351	894	"M-C6h"	9	3.10860486618659	0	0	0	0.507829977628635	-Inf	"SD"	26	78.7878787878788
"ECK120003680"	"wcaM"	"-"	2112526	2113920	1395	"M-C6h"	0	0	0	0	0	0	NA	"NO"	NA	NA
"ECK120003681"	"wcaL"	"-"	2113931	2115151	1221	"M-C6h"	0	0	0	0	0	0	NA	"NO"	NA	NA
"ECK120003682"	"wcaK"	"-"	2115148	2116428	1281	"M-C6h"	0	0	0	0	0	0	NA	"NO"	NA	NA
"ECK120003683"	"wzxC"	"-"	2116704	2118182	1479	"M-C6h"	0	0	1	100	0	0	NA	"NO"	NA	NA
"ECK120003684"	"wcaJ"	"-"	2118184	2119578	1395	"M-C6h"	0	0	0	0	0	0	NA	"NO"	NA	NA
"ECK120003685"	"wcaF"	"-"	2126364	2126912	549	"M-C6h"	0	0	0	0	0	0	NA	"NO"	NA	NA
"ECK120003686"	"wcaE"	"-"	2126928	2127674	747	"M-C6h"	0	0	0	0	0	0	NA	"NO"	NA	NA
"ECK120003687"	"wcaD"	"-"	2127685	2128902	1218	"M-C6h"	0	0	0	0	0	0	NA	"NO"	NA	NA
"ECK120003688"	"wcaC"	"-"	2128877	2130094	1218	"M-C6h"	0	0	0	0	0	0	NA	"NO"	NA	NA
"ECK120003689"	"wcaB"	"-"	2130091	2130579	489	"M-C6h"	0	0	0	0	0	0	NA	"NO"	NA	NA
"ECK120003690"	"wcaA"	"-"	2130582	2131421	840	"M-C6h"	0	0	0	0	0	0	NA	"NO"	NA	NA
"ECK120003691"	"wzc"	"-"	2131514	2133676	2163	"M-C6h"	0	0	0	0	0	0	NA	"NO"	NA	NA
"ECK120003692"	"wzb"	"-"	2133679	2134122	444	"M-C6h"	0	0	0	0	0	0	NA	"NO"	NA	NA
"ECK120003698"	"yegL"	"-"	2150493	2151152	660	"M-C6h"	0	0	0	0	0	0	NA	"NO"	NA	NA
"ECK120003700"	"mdtB"	"+"	2153287	2156409	3123	"M-C6h"	2	0	0	0	0	0.0547550432276657	NA	"NO"	NA	NA
"ECK120003701"	"mdtC"	"+"	2156410	2159487	3078	"M-C6h"	2	0	0	0	0	0.0376868096166342	NA	"NO"	NA	NA
"ECK120003702"	"yegP"	"+"	2163213	2163545	333	"M-C6h"	15	13.909373124979	0	0	0	0.972972972972973	-Inf	"SD"	2	16.6666666666667
"ECK120003703"	"yegQ"	"+"	2163692	2165053	1362	"M-C6h"	1	0	0	0	0	0.0734214390602056	NA	"NO"	7	13.7254901960784
"ECK120003705"	"yegZ"	"-"	2165626	2165844	219	"M-C6h"	0	0	0	0	0	0	NA	"NO"	NA	NA
"ECK120003706"	""	"-"	2165759	2166025	267	"M-C6h"	0	0	0	0	0	0	NA	"NO"	NA	NA
"ECK120003711"	"gatZ"	"-"	2173081	2174343	1263	"M-C6h"	728	177.987113774079	0	0	0	1	-Inf	"SD"	5	10.6382978723404
"ECK120003714"	"yegU"	"+"	2178117	2179121	1005	"M-C6h"	3	0	0	0	0	0.249751243781095	NA	"NO"	NA	NA
"ECK120003717"	"yegX"	"-"	2180855	2181673	819	"M-C6h"	0	0	0	0	0	0	NA	"NO"	NA	NA
"ECK120003718"	"thiD"	"-"	2181738	2182538	801	"M-C6h"	0	0	0	0	0	0	NA	"NO"	NA	NA
"ECK120003722"	"yeiS"	"+"	2231622	2231861	240	"M-C6h"	0	0	0	0	0	0	NA	"NO"	NA	NA
"ECK120003723"	"preT"	"+"	2232055	2233293	1239	"M-C6h"	61	15.2026417157761	0	0	0	0.848264729620662	-Inf	"SD"	2	4.54545454545455
"ECK120003724"	"lpxT"	"+"	2266876	2267589	714	"M-C6h"	0	0	0	0	0	0	NA	"NO"	NA	NA
"ECK120003725"	"mepS"	"+"	2268001	2268567	567	"M-C6h"	12	6.53519753173618	0	0	0	0.64021164021164	-Inf	"SD"	NA	NA
"ECK120003726"	"rtn"	"+"	2268748	2270304	1557	"M-C6h"	2	0	2	55	0	0.0873474630700064	NA	"NO"	NA	NA
"ECK120003730"	"yfaQ"	"-"	2326170	2327819	1650	"M-C6h"	0	0	0	0	0	0	NA	"NO"	NA	NA
"ECK120003731"	"yfaS_2"	"-"	2327820	2328305	486	"M-C6h"	0	0	0	0	0	0	NA	"NO"	NA	NA
"ECK120003732"	"yfaS_1"	"-"	2328321	2332424	4104	"M-C6h"	0	0	0	0	0	0	NA	"NO"	NA	NA
"ECK120003733"	"yfaT"	"-"	2332358	2332981	624	"M-C6h"	0	0	0	0	0	0	NA	"NO"	NA	NA
"ECK120003735"	"yfaV"	"-"	2356885	2358174	1290	"M-C6h"	0	0	0	0	0	0	NA	"NO"	NA	NA
"ECK120003736"	"yfaW"	"-"	2358231	2359448	1218	"M-C6h"	9	2.28168534513203	0	0	0	0.412972085385878	-Inf	"SD"	NA	NA
"ECK120003737"	"yfaX"	"-"	2359451	2360233	783	"M-C6h"	5	1.97182684147212	0	0	0	0.381864623243934	-Inf	"SD"	NA	NA
"ECK120003738"	"yfaY"	"-"	2360453	2361655	1203	"M-C6h"	5	1.28340849282849	0	0	0	0.331670822942643	-Inf	"SD"	3	6.81818181818182
"ECK120003743"	"arnC"	"+"	2365093	2366061	969	"M-C6h"	0	0	0	0	0	0	NA	"NO"	NA	NA
"ECK120003744"	"arnA"	"+"	2366061	2368043	1983	"M-C6h"	1	0	0	0	0	0.0282400403429148	NA	"NO"	NA	NA
"ECK120003745"	"arnD"	"+"	2368040	2368930	891	"M-C6h"	0	0	0	0	0	0	NA	"NO"	NA	NA
"ECK120003746"	"arnT"	"+"	2368930	2370582	1653	"M-C6h"	1	0	0	0	0	0.0241984271022384	NA	"NO"	NA	NA
"ECK120003749"	"elaB"	"-"	2378744	2379049	306	"M-C6h"	5	5.04555691788455	0	0	0	0.810457516339869	-Inf	"SD"	NA	NA
"ECK120003762"	"yfbT"	"-"	2409461	2410111	651	"M-C6h"	4	1.89731541243954	0	0	0	0.324116743471582	-Inf	"SD"	7	30.4347826086957
"ECK120003763"	"yfbU"	"-"	2410122	2410616	495	"M-C6h"	4	2.49525723939018	0	0	0	0.424242424242424	-Inf	"SD"	13	65
"ECK120003767"	"yfcE"	"-"	2417256	2417810	555	"M-C6h"	1	0	0	0	0	0.169369369369369	NA	"NO"	4	20
"ECK120003770"	"folX"	"+"	2419347	2419709	363	"M-C6h"	65	55.2926320092142	1	74	0	0.68870523415978	-Inf	"SD"	2	14.2857142857143
"ECK120003776"	"epmC"	"-"	2442225	2442773	549	"M-C6h"	2	1.12491105054475	0	0	0	0.287795992714026	-Inf	"SD"	NA	NA
"ECK120003779"	"yfcP"	"-"	2448073	2448612	540	"M-C6h"	0	0	0	0	0	0	NA	"NO"	NA	NA
"ECK120003780"	"yfcQ"	"-"	2448609	2449097	489	"M-C6h"	0	0	0	0	0	0	NA	"NO"	NA	NA
"ECK120003781"	"yfcR"	"-"	2449094	2449606	513	"M-C6h"	0	0	0	0	0	0	NA	"NO"	NA	NA
"ECK120003782"	"yfcS"	"-"	2449606	2450358	753	"M-C6h"	0	0	0	0	0	0	NA	"NO"	NA	NA
"ECK120003783"	"yfcT"	"-"	2450378	2451274	897	"M-C6h"	0	0	0	0	0	0	NA	"NO"	NA	NA
"ECK120003784"	"yfcU"	"-"	2451287	2453023	1737	"M-C6h"	0	0	0	0	0	0	NA	"NO"	NA	NA
"ECK120003785"	"yfcV"	"-"	2453105	2453668	564	"M-C6h"	0	0	0	0	0	0	NA	"NO"	NA	NA
"ECK120003786"	"sixA"	"-"	2454349	2454834	486	"M-C6h"	14	8.89512997375203	0	0	0	0.921810699588477	-Inf	"SD"	NA	NA
"ECK120003787"	"fadJ"	"-"	2455037	2457181	2145	"M-C6h"	37	5.32641449177519	0	0	0	0.631235431235431	-Inf	"SD"	6	7.79220779220779
"ECK120003788"	"fadI"	"-"	2457181	2458491	1311	"M-C6h"	57	13.4255688423711	0	0	0	0.703279938977879	-Inf	"SD"	2	4.25531914893617
"ECK120003793"	"intS"	"+"	2464567	2465724	1158	"M-C6h"	0	0	1	79	0	0	NA	"NO"	NA	NA
"ECK120003794"	"yfdG"	"+"	2465877	2466239	363	"M-C6h"	0	0	0	0	0	0	NA	"NO"	NA	NA
"ECK120003795"	"yfdH"	"+"	2466236	2467156	921	"M-C6h"	1	0	2	88	0	0.0901194353963084	NA	"NO"	5	14.2857142857143
"ECK120003796"	"yfdI"	"+"	2467153	2468484	1332	"M-C6h"	0	0	0	0	0	0	NA	"NO"	6	11.7647058823529
"ECK120003799"	"yfdL"	"-"	2469566	2470084	519	"M-C6h"	0	0	0	0	0	0	NA	"NO"	NA	NA
"ECK120003800"	"yfdM"	"-"	2470134	2470409	276	"M-C6h"	0	0	0	0	0	0	NA	"NO"	NA	NA
"ECK120003801"	"yfdN"	"-"	2470409	2470903	495	"M-C6h"	0	0	0	0	0	0	NA	"NO"	NA	NA
"ECK120003804"	"yfdQ"	"+"	2472054	2472878	825	"M-C6h"	0	0	0	0	0	0	NA	"NO"	NA	NA
"ECK120003805"	"yfdR"	"+"	2473006	2473542	537	"M-C6h"	0	0	0	0	0	0	NA	"NO"	NA	NA
"ECK120003806"	"yfdS"	"+"	2473533	2473895	363	"M-C6h"	0	0	0	0	0	0	NA	"NO"	NA	NA
"ECK120003807"	"yfdT"	"+"	2473895	2474200	306	"M-C6h"	0	0	0	0	0	0	NA	"NO"	NA	NA
"ECK120003810"	"yfdV"	"-"	2487264	2488208	945	"M-C6h"	0	0	0	0	0	0	NA	"NO"	NA	NA
"ECK120003811"	"oxc"	"-"	2488278	2489972	1695	"M-C6h"	0	0	0	0	0	0	NA	"NO"	NA	NA
"ECK120003812"	"frc"	"-"	2490026	2491276	1251	"M-C6h"	0	0	0	0	0	0	NA	"NO"	NA	NA
"ECK120003819"	"ypdB"	"+"	2498405	2499139	735	"M-C6h"	3	1.26035952397769	1	64	0	0.34421768707483	-Inf	"SD"	2	6.89655172413793
"ECK120003822"	"ypdE"	"-"	2502532	2503569	1038	"M-C6h"	0	0	0	0	0	0	NA	"NO"	NA	NA
"ECK120003823"	"ypdF"	"-"	2503569	2504654	1086	"M-C6h"	1	0	0	0	0	0.0248618784530387	NA	"NO"	NA	NA
"ECK120003824"	"fryC"	"-"	2504669	2505916	1248	"M-C6h"	1	0	0	0	0	0.0104166666666667	NA	"NO"	NA	NA
"ECK120003825"	"fryB"	"-"	2505938	2506264	327	"M-C6h"	0	0	0	0	0	0	NA	"NO"	NA	NA
"ECK120003832"	"zipA"	"-"	2528269	2529255	987	"M-C6h"	28	8.75994562764637	0	0	0	0.484295845997974	-Inf	"SD"	3	8.33333333333333
"ECK120003838"	"murP"	"+"	2544695	2546119	1425	"M-C6h"	4	0	1	68	0	0.101052631578947	NA	"NO"	NA	NA
"ECK120003841"	"yfeY"	"-"	2548663	2549238	576	"M-C6h"	0	0	0	0	0	0	NA	"NO"	4	19.047619047619
"ECK120003842"	"yfeZ"	"-"	2549299	2549748	450	"M-C6h"	0	0	0	0	0	0	NA	"NO"	NA	NA
"ECK120003844"	"eutK"	"-"	2553250	2553750	501	"M-C6h"	3	1.84903043936847	0	0	0	0.277445109780439	-Inf	"SD"	NA	NA
"ECK120003845"	"eutL"	"-"	2553763	2554422	660	"M-C6h"	0	0	0	0	0	0	NA	"NO"	1	4.34782608695652
"ECK120003847"	"yffL"	"+"	2558279	2558920	642	"M-C6h"	267	128.421212244549	0	0	0	0.73208722741433	-Inf	"SD"	NA	NA
"ECK120003848"	"yffM"	"+"	2559390	2559635	246	"M-C6h"	0	0	0	0	0	0	NA	"NO"	NA	NA
"ECK120003849"	"yffN"	"+"	2559632	2560015	384	"M-C6h"	0	0	0	0	0	0	NA	"NO"	NA	NA
"ECK120003850"	"yffO"	"+"	2560133	2560549	417	"M-C6h"	1	0	0	0	0	0.163069544364508	NA	"NO"	NA	NA
"ECK120003851"	"yffP"	"+"	2560546	2561139	594	"M-C6h"	0	0	0	0	0	0	NA	"NO"	NA	NA
"ECK120003852"	"yffQ"	"+"	2561599	2561991	393	"M-C6h"	2	1.57144062786023	0	0	0	0.435114503816794	-Inf	"SD"	NA	NA
"ECK120003853"	"yffR"	"+"	2562002	2562394	393	"M-C6h"	5	3.92860156965057	0	0	0	0.638676844783715	-Inf	"SD"	NA	NA
"ECK120003856"	"eutH"	"-"	2564903	2566129	1227	"M-C6h"	0	0	0	0	0	0	NA	"NO"	NA	NA
"ECK120003857"	"eutG"	"-"	2566346	2567533	1188	"M-C6h"	1	0	0	0	0	0.0631313131313131	NA	"NO"	NA	NA
"ECK120003858"	"eutJ"	"-"	2567523	2568359	837	"M-C6h"	0	0	0	0	0	0	NA	"NO"	NA	NA
"ECK120003859"	"eutE"	"-"	2568370	2569773	1404	"M-C6h"	0	0	1	95	0	0	NA	"NO"	NA	NA
"ECK120003860"	"eutN"	"-"	2569785	2570072	288	"M-C6h"	0	0	0	0	0	0	NA	"NO"	NA	NA
"ECK120003861"	"eutM"	"-"	2570179	2570472	294	"M-C6h"	1	0	24	99	242.424242424242	0.183673469387755	Inf	"AD"	NA	NA
"ECK120003862"	"eutD"	"-"	2570511	2571527	1017	"M-C6h"	2	0	0	0	0	0.106194690265487	NA	"NO"	NA	NA
"ECK120003863"	"eutT"	"-"	2571524	2572327	804	"M-C6h"	3	1.15219434094976	0	0	0	0.264925373134328	-Inf	"SD"	NA	NA
"ECK120003864"	"eutQ"	"-"	2572324	2573025	702	"M-C6h"	1	0	0	0	0	0.141025641025641	NA	"NO"	NA	NA
"ECK120003865"	"eutP"	"-"	2573000	2573479	480	"M-C6h"	2	0	0	0	0	0.208333333333333	NA	"NO"	NA	NA
"ECK120003866"	"eutS"	"-"	2573492	2573827	336	"M-C6h"	0	0	0	0	0	0	NA	"NO"	NA	NA
"ECK120003870"	"tmcA"	"-"	2591866	2593881	2016	"M-C6h"	1	0	0	0	0	0.0248015873015873	NA	"NO"	NA	NA
"ECK120003871"	"ypfJ"	"-"	2593896	2594759	864	"M-C6h"	7	2.50175530511776	1	65	0	0.4375	-Inf	"SD"	NA	NA
"ECK120003872"	"hyfC"	"+"	2601869	2602816	948	"M-C6h"	0	0	0	0	0	0	NA	"NO"	NA	NA
"ECK120003873"	"hyfD"	"+"	2602833	2604272	1440	"M-C6h"	0	0	0	0	0	0	NA	"NO"	NA	NA
"ECK120003874"	"hyfE"	"+"	2604284	2604934	651	"M-C6h"	1	0	1	80	0	0.0660522273425499	NA	"NO"	NA	NA
"ECK120003875"	"hyfF"	"+"	2604939	2606519	1581	"M-C6h"	0	0	0	0	0	0	NA	"NO"	NA	NA
"ECK120003876"	"hyfG"	"+"	2606509	2608176	1668	"M-C6h"	1	0	0	0	0	0.0245803357314149	NA	"NO"	NA	NA
"ECK120003877"	"hyfH"	"+"	2608186	2608731	546	"M-C6h"	0	0	0	0	0	0	NA	"NO"	NA	NA
"ECK120003878"	"hyfI"	"+"	2608728	2609486	759	"M-C6h"	1	0	2	79	0	0.131752305665349	NA	"NO"	NA	NA
"ECK120003879"	"hyfJ"	"+"	2609479	2609892	414	"M-C6h"	0	0	0	0	0	0	NA	"NO"	NA	NA
"ECK120003880"	"hyfR"	"+"	2609922	2611934	2013	"M-C6h"	0	0	5	100	0	0	NA	"NO"	NA	NA
"ECK120003888"	"yfgH"	"+"	2627814	2628332	519	"M-C6h"	0	0	0	0	0	0	NA	"NO"	NA	NA
"ECK120003892"	"bamB"	"-"	2635496	2636674	1179	"M-C6h"	6	1.57144062786023	0	0	0	0.264631043256997	-Inf	"SD"	4	9.52380952380952
"ECK120003893"	"yfgM"	"-"	2636685	2637305	621	"M-C6h"	13	6.46416277595644	0	0	0	0.462157809983897	-Inf	"SD"	13	59.0909090909091
"ECK120003894"	"pbpC"	"-"	2643035	2645347	2313	"M-C6h"	4	0	2	54	0	0.0190229139645482	NA	"NO"	NA	NA
"ECK120003896"	"iscU"	"-"	2657925	2658311	387	"M-C6h"	119	94.9503408826088	0	0	0	1	-Inf	"SD"	NA	NA
"ECK120003897"	"iscS"	"-"	2658339	2659553	1215	"M-C6h"	403	102.421067983488	0	0	0	1	-Inf	"SD"	23	51.1111111111111
"ECK120003898"	"iscR"	"-"	2659665	2660153	489	"M-C6h"	150	94.7202709737837	0	0	0	1	-Inf	"SD"	NA	NA
"ECK120003900"	"yfhR"	"+"	2662385	2663266	882	"M-C6h"	0	0	0	0	0	0	NA	"NO"	NA	NA
"ECK120003904"	"hcaC"	"+"	2668930	2669250	321	"M-C6h"	0	0	0	0	0	0	NA	"NO"	NA	NA
"ECK120003905"	"hcaB"	"+"	2669247	2670059	813	"M-C6h"	0	0	0	0	0	0	NA	"NO"	NA	NA
"ECK120003906"	"hcaD"	"+"	2670069	2671271	1203	"M-C6h"	3	0	0	0	0	0.124688279301746	NA	"NO"	NA	NA
"ECK120003909"	"yphC"	"-"	2672722	2673783	1062	"M-C6h"	2	0	0	0	0	0.171374764595104	NA	"NO"	NA	NA
"ECK120003910"	"yphD"	"-"	2673849	2674847	999	"M-C6h"	3	0	0	0	0	0.139139139139139	NA	"NO"	NA	NA
"ECK120003911"	"yphE"	"-"	2674872	2676383	1512	"M-C6h"	3	0	0	0	0	0.136904761904762	NA	"NO"	NA	NA
"ECK120003912"	"yphF"	"-"	2676406	2677389	984	"M-C6h"	2	0	0	0	0	0.15650406504065	NA	"NO"	NA	NA
"ECK120003915"	"glrK"	"-"	2687693	2689120	1428	"M-C6h"	4	0	0	0	0	0.146358543417367	NA	"NO"	NA	NA
"ECK120003917"	"rseC"	"-"	2705344	2705823	480	"M-C6h"	2	0	0	0	0	0.227083333333333	NA	"NO"	NA	NA
"ECK120003918"	"rseB"	"-"	2705820	2706776	957	"M-C6h"	37	11.9385152401858	0	0	0	0.74085684430512	-Inf	"SD"	2	5.55555555555556
"ECK120003919"	"yfiP"	"+"	2717245	2717943	699	"M-C6h"	1	0	0	0	0	0.0600858369098712	NA	"NO"	NA	NA
"ECK120003920"	"pka"	"+"	2717975	2720635	2661	"M-C6h"	56	6.49835876323711	2	66	0	0.586245772266065	-Inf	"SD"	10	10.2040816326531
"ECK120003928"	"yfjI"	"+"	2757007	2758416	1410	"M-C6h"	2	0	0	0	0	0.0404255319148936	NA	"NO"	NA	NA
"ECK120003931"	"yfjL"	"-"	2761559	2763175	1617	"M-C6h"	6	0	0	0	0	0.228818800247372	NA	"NO"	NA	NA
"ECK120003934"	"rnlB"	"+"	2765006	2765377	372	"M-C6h"	17	14.1112833800191	9	229	39.3013100436681	0.551075268817204	-2.97078039113585	"SD"	NA	NA
"ECK120003935"	"yfjP"	"+"	2765732	2766595	864	"M-C6h"	0	0	0	0	0	0	NA	"NO"	NA	NA
"ECK120003936"	"yfjQ"	"+"	2766687	2767508	822	"M-C6h"	0	0	0	0	0	0	NA	"NO"	NA	NA
"ECK120003937"	"yfjR"	"+"	2767725	2768426	702	"M-C6h"	0	0	0	0	0	0	NA	"NO"	NA	NA
"ECK120003938"	"ypjK"	"+"	2768467	2768703	237	"M-C6h"	0	0	0	0	0	0	NA	"NO"	NA	NA
"ECK120003939"	"yfjS"	"+"	2768703	2769146	444	"M-C6h"	0	0	0	0	0	0	NA	"NO"	NA	NA
"ECK120003942"	"ypjM_3"	"-"	2770189	2770707	519	"M-C6h"	0	0	0	0	0	0	NA	"NO"	NA	NA
"ECK120003943"	"ypjM_2"	"-"	2770858	2771058	201	"M-C6h"	0	0	0	0	0	0	NA	"NO"	NA	NA
"ECK120003946"	"yfjX"	"+"	2773941	2774399	459	"M-C6h"	0	0	0	0	0	0	NA	"NO"	NA	NA
"ECK120003947"	"yfjY"	"+"	2774408	2774890	483	"M-C6h"	0	0	0	0	0	0	NA	"NO"	NA	NA
"ECK120003948"	"yfjZ"	"+"	2775137	2775454	318	"M-C6h"	1	0	0	0	0	0.113207547169811	NA	"NO"	NA	NA
"ECK120003951"	"pinH"	"-"	2781087	2781230	144	"M-C6h"	0	0	0	0	0	0	NA	"NO"	NA	NA
"ECK120003952"	"ypjB"	"-"	2781660	2782451	792	"M-C6h"	0	0	0	0	0	0	NA	"NO"	NA	NA
"ECK120003958"	"ygaQ_2"	"+"	2784770	2785456	687	"M-C6h"	0	0	0	0	0	0	NA	"NO"	NA	NA
"ECK120003959"	"ygaQ_3"	"+"	2785664	2786260	597	"M-C6h"	0	0	0	0	0	0	NA	"NO"	NA	NA
"ECK120003960"	"ygaQ_4"	"+"	2786399	2786671	273	"M-C6h"	0	0	0	0	0	0	NA	"NO"	NA	NA
"ECK120003961"	"csiD"	"+"	2787007	2787984	978	"M-C6h"	26	8.20909015106125	0	0	0	0.840490797546012	-Inf	"SD"	NA	NA
"ECK120003968"	"nrdH"	"+"	2798745	2798990	246	"M-C6h"	4	5.02094444511439	0	0	0	0.504065040650406	-Inf	"SD"	NA	NA
"ECK120003969"	"nrdI"	"+"	2798987	2799397	411	"M-C6h"	0	0	0	0	0	0	NA	"NO"	NA	NA
"ECK120003970"	"ygaX"	"+"	2806338	2806604	267	"M-C6h"	0	0	0	0	0	0	NA	"NO"	NA	NA
"ECK120003971"	"ygaY"	"+"	2806634	2807515	882	"M-C6h"	1	0	0	0	0	0.0759637188208617	NA	"NO"	NA	NA
"ECK120003972"	"ygaZ"	"+"	2807639	2808376	738	"M-C6h"	2	0	0	0	0	0.193766937669377	NA	"NO"	NA	NA
"ECK120003973"	"ygaH"	"+"	2808366	2808701	336	"M-C6h"	0	0	0	0	0	0	NA	"NO"	NA	NA
"ECK120003974"	"yqaA"	"-"	2814534	2814962	429	"M-C6h"	0	0	0	0	0	0	NA	"NO"	NA	NA
"ECK120003975"	"yqaB"	"-"	2814959	2815525	567	"M-C6h"	1	0	0	0	0	0.172839506172839	NA	"NO"	NA	NA
"ECK120003976"	"pncC"	"-"	2821871	2822368	498	"M-C6h"	1	0	0	0	0	0.070281124497992	NA	"NO"	9	50
"ECK120003983"	"ygbK"	"+"	2860357	2861523	1167	"M-C6h"	2	0	0	0	0	0.0925449871465296	NA	"NO"	NA	NA
"ECK120003984"	"ygbL"	"+"	2861615	2862253	639	"M-C6h"	0	0	2	65	0	0	NA	"NO"	NA	NA
"ECK120003985"	"ygbM"	"+"	2862258	2863034	777	"M-C6h"	1	0	0	0	0	0.0759330759330759	NA	"NO"	NA	NA
"ECK120003987"	"truD"	"-"	2868277	2869326	1050	"M-C6h"	2	0	0	0	0	0.187619047619048	NA	"NO"	6	15.3846153846154
"ECK120003988"	"ispD"	"-"	2869802	2870512	711	"M-C6h"	1	0	0	0	0	0.140646976090014	NA	"NO"	NA	NA
"ECK120003989"	"ftsB"	"-"	2870531	2870842	312	"M-C6h"	1	0.989705395431201	0	0	0	0.314102564102564	-Inf	"SD"	NA	NA
"ECK120003990"	"cas1"	"-"	2876877	2877794	918	"M-C6h"	1	0	0	0	0	0.108932461873638	NA	"NO"	NA	NA
"ECK120003991"	"casE"	"-"	2877810	2878409	600	"M-C6h"	11	0	0	0	0	0.193333333333333	NA	"NO"	NA	NA
"ECK120003992"	"casD"	"-"	2878396	2879070	675	"M-C6h"	24	10.9791318533168	0	0	0	0.334814814814815	-Inf	"SD"	NA	NA
"ECK120003993"	"casC"	"-"	2879073	2880164	1092	"M-C6h"	0	0	0	0	0	0	NA	"NO"	NA	NA
"ECK120003994"	"casB"	"-"	2880177	2880659	483	"M-C6h"	0	0	0	0	0	0	NA	"NO"	NA	NA
"ECK120003995"	"casA"	"-"	2880652	2882160	1509	"M-C6h"	1	0	1	100	0	0.025844930417495	NA	"NO"	NA	NA
"ECK120003997"	"ygcN"	"+"	2890679	2891950	1272	"M-C6h"	0	0	0	0	0	0	NA	"NO"	NA	NA
"ECK120003998"	"ygcO"	"+"	2891941	2892201	261	"M-C6h"	0	0	0	0	0	0	NA	"NO"	NA	NA
"ECK120004001"	"ygcR"	"-"	2893798	2894577	780	"M-C6h"	0	0	0	0	0	0	NA	"NO"	NA	NA
"ECK120004002"	"ygcS"	"-"	2894555	2895892	1338	"M-C6h"	0	0	0	0	0	0	NA	"NO"	NA	NA
"ECK120004003"	"ygcU"	"-"	2895986	2897440	1455	"M-C6h"	0	0	1	100	0	0	NA	"NO"	NA	NA
"ECK120004009"	"gudX"	"-"	2917428	2918768	1341	"M-C6h"	0	0	0	0	0	0	NA	"NO"	NA	NA
"ECK120004010"	"gudP"	"-"	2918770	2920122	1353	"M-C6h"	2	0	0	0	0	0.0857354028085735	NA	"NO"	NA	NA
"ECK120004011"	"yqcA"	"-"	2920557	2921006	450	"M-C6h"	2	1.3723914816646	1	67	0	0.282222222222222	-Inf	"SD"	2	12.5
"ECK120004012"	"truC"	"-"	2921024	2921806	783	"M-C6h"	0	0	0	0	0	0	NA	"NO"	2	6.66666666666667
"ECK120004013"	"yqcC"	"-"	2921806	2922135	330	"M-C6h"	0	0	1	78	0	0	NA	"NO"	1	7.69230769230769
"ECK120004022"	"rppH"	"-"	2966469	2966999	531	"M-C6h"	3	0	0	0	0	0.15819209039548	NA	"NO"	3	14.2857142857143
"ECK120004023"	"ygdQ"	"+"	2968442	2969155	714	"M-C6h"	0	0	2	63	0	0	NA	"NO"	NA	NA
"ECK120004024"	"ygdR"	"+"	2969293	2969511	219	"M-C6h"	27	38.0697637037098	0	0	0	0.922374429223744	-Inf	"SD"	NA	NA
"ECK120004026"	"kduI"	"-"	2981310	2982146	837	"M-C6h"	0	0	0	0	0	0	NA	"NO"	3	9.67741935483871
"ECK120004029"	"yqeH"	"+"	2985558	2986190	633	"M-C6h"	0	0	0	0	0	0	NA	"NO"	NA	NA
"ECK120004030"	"yqeI"	"+"	2986524	2987333	810	"M-C6h"	1	0	0	0	0	0.0753086419753086	NA	"NO"	NA	NA
"ECK120004034"	"ygeG"	"+"	2989290	2989781	492	"M-C6h"	0	0	0	0	0	0	NA	"NO"	NA	NA
"ECK120004035"	"ygeH"	"+"	2990116	2991492	1377	"M-C6h"	0	0	0	0	0	0	NA	"NO"	NA	NA
"ECK120004036"	"ygeI"	"+"	2991660	2991878	219	"M-C6h"	0	0	0	0	0	0	NA	"NO"	NA	NA
"ECK120004039"	"ygeL"	"-"	2992959	2993114	156	"M-C6h"	0	0	0	0	0	0	NA	"NO"	NA	NA
"ECK120004040"	"ygeM"	"-"	2993336	2993767	432	"M-C6h"	0	0	0	0	0	0	NA	"NO"	NA	NA
"ECK120004041"	"ygeN"	"-"	2993770	2994042	273	"M-C6h"	0	0	0	0	0	0	NA	"NO"	NA	NA
"ECK120004042"	"ygeO"	"-"	2993984	2994409	426	"M-C6h"	0	0	0	0	0	0	NA	"NO"	NA	NA
"ECK120004043"	"insD-4"	"-"	2994394	2995299	906	"M-C6h"	0	0	0	0	0	0	NA	"NO"	NA	NA
"ECK120004044"	"insC-4"	"-"	2995257	2995667	411	"M-C6h"	0	0	0	0	0	0	NA	"NO"	NA	NA
"ECK120004045"	"ygeP"	"-"	2995711	2996010	300	"M-C6h"	0	0	0	0	0	0	NA	"NO"	NA	NA
"ECK120004046"	"ygeQ"	"-"	2996056	2996850	795	"M-C6h"	2	0	0	0	0	0.139622641509434	NA	"NO"	NA	NA
"ECK120004049"	"xdhB"	"+"	3000636	3001514	879	"M-C6h"	0	0	1	100	0	0	NA	"NO"	1	3.125
"ECK120004053"	"ygeX"	"+"	3005532	3006728	1197	"M-C6h"	0	0	1	43	0	0	NA	"NO"	NA	NA
"ECK120004054"	"ygeY"	"+"	3006786	3007997	1212	"M-C6h"	2	0	0	0	0	0.12046204620462	NA	"NO"	4	8.88888888888889
"ECK120004055"	"hyuA"	"+"	3008050	3009435	1386	"M-C6h"	0	0	0	0	0	0	NA	"NO"	NA	NA
"ECK120004060"	"ygfK"	"+"	3014082	3017180	3099	"M-C6h"	3	0	4	151	0	0.0487253952888028	NA	"NO"	NA	NA
"ECK120004061"	"ssnA"	"+"	3017183	3018511	1329	"M-C6h"	3	0	0	0	0	0.19112114371708	NA	"NO"	NA	NA
"ECK120004062"	"ygfM"	"+"	3018562	3019341	780	"M-C6h"	1	0	0	0	0	0.0602564102564103	NA	"NO"	NA	NA
"ECK120004063"	"xdhD"	"+"	3019338	3022208	2871	"M-C6h"	1	0	2	83	0	0.0348310693138279	NA	"NO"	NA	NA
"ECK120004064"	"xanQ"	"+"	3022373	3023773	1401	"M-C6h"	0	0	5	113	0	0	NA	"NO"	NA	NA
"ECK120004065"	"guaD"	"+"	3023788	3025107	1320	"M-C6h"	0	0	0	0	0	0	NA	"NO"	NA	NA
"ECK120004078"	"scpB"	"+"	3062015	3062800	786	"M-C6h"	1	0	1	100	0	0.0458015267175573	NA	"NO"	NA	NA
"ECK120004081"	"yggP"	"-"	3074201	3075478	1278	"M-C6h"	1	0	1	39	0	0.0492957746478873	NA	"NO"	NA	NA
"ECK120004085"	"yqgE"	"+"	3090959	3091522	564	"M-C6h"	3	1.6424898051837	3	145	0	0.296099290780142	-Inf	"SD"	4	19.047619047619
"ECK120004089"	"yggT"	"+"	3093842	3094408	567	"M-C6h"	3	1.63379938293405	0	0	0	0.324514991181658	-Inf	"SD"	NA	NA
"ECK120004090"	"yggU"	"+"	3094405	3094695	291	"M-C6h"	2	2.1222548685535	0	0	0	0.353951890034364	-Inf	"SD"	NA	NA
"ECK120004091"	"rdgB"	"+"	3094703	3095296	594	"M-C6h"	0	0	0	0	0	0	NA	"NO"	0	0
"ECK120004093"	"yggX"	"+"	3102115	3102390	276	"M-C6h"	10	11.1879740353092	0	0	0	0.757246376811594	-Inf	"SD"	4	36.3636363636364
"ECK120004094"	"mltC"	"+"	3102455	3103534	1080	"M-C6h"	4	0	0	0	0	0.210185185185185	NA	"NO"	NA	NA
"ECK120004097"	"yghE"	"-"	3109150	3110010	861	"M-C6h"	0	0	0	0	0	0	NA	"NO"	NA	NA
"ECK120004098"	"yghF"	"-"	3110076	3110942	867	"M-C6h"	0	0	0	0	0	0	NA	"NO"	NA	NA
"ECK120004099"	"yghG"	"-"	3111089	3111499	411	"M-C6h"	0	0	0	0	0	0	NA	"NO"	NA	NA
"ECK120004100"	"pppA"	"-"	3111565	3112374	810	"M-C6h"	2	0	1	100	0	0.249382716049383	NA	"NO"	NA	NA
"ECK120004101"	"yghJ"	"-"	3112572	3117134	4563	"M-C6h"	3	0	0	0	0	0.0499671268902038	NA	"NO"	14	8.38323353293413
"ECK120004102"	"glcA"	"-"	3117619	3119301	1683	"M-C6h"	5	0	0	0	0	0.0499108734402852	NA	"NO"	NA	NA
"ECK120004103"	"glcG"	"-"	3121849	3122253	405	"M-C6h"	12	9.14927654443066	0	0	0	0.812345679012346	-Inf	"SD"	5	35.7142857142857
"ECK120004104"	"glcE"	"-"	3123492	3124544	1053	"M-C6h"	7	2.05272230163508	0	0	0	0.433048433048433	-Inf	"SD"	NA	NA
"ECK120004110"	"yghR"	"-"	3130476	3131234	759	"M-C6h"	0	0	0	0	0	0	NA	"NO"	NA	NA
"ECK120004114"	"hybO"	"-"	3143165	3144283	1119	"M-C6h"	6	1.65570017895193	0	0	0	0.294012511170688	-Inf	"SD"	4	10
"ECK120004115"	"yghW"	"-"	3144472	3144759	288	"M-C6h"	1	1.07218084505047	0	0	0	0.298611111111111	-Inf	"SD"	NA	NA
"ECK120004116"	"yghX_1"	"-"	3144878	3145288	411	"M-C6h"	1	0	0	0	0	0.175182481751825	NA	"NO"	NA	NA
"ECK120004124"	"dkgA"	"+"	3154645	3155472	828	"M-C6h"	6	2.23759480706185	0	0	0	0.464975845410628	-Inf	"SD"	2	6.45161290322581
"ECK120004125"	"yqhG"	"+"	3155672	3156598	927	"M-C6h"	2	0	0	0	0	0.144552319309601	NA	"NO"	NA	NA
"ECK120004128"	"ygiS"	"-"	3164133	3165740	1608	"M-C6h"	0	0	0	0	0	0	NA	"NO"	5	8.19672131147541
"ECK120004129"	"mqsA"	"-"	3165873	3166268	396	"M-C6h"	799	623.034541960235	0	0	0	1	-Inf	"SD"	NA	NA
"ECK120004130"	"mqsR"	"-"	3166270	3166566	297	"M-C6h"	722	750.656552849879	0	0	0	1	-Inf	"SD"	NA	NA
"ECK120004131"	"ygiV"	"-"	3166771	3167253	483	"M-C6h"	1	0	0	0	0	0.194616977225673	NA	"NO"	NA	NA
"ECK120004135"	"yqiA"	"-"	3173447	3174028	582	"M-C6h"	13	6.89732832279889	0	0	0	0.572164948453608	-Inf	"SD"	NA	NA
"ECK120004136"	"cpdA"	"-"	3174028	3174855	828	"M-C6h"	41	15.2902311815893	0	0	0	0.746376811594203	-Inf	"SD"	2	6.45161290322581
"ECK120004137"	"yqiB"	"-"	3174880	3175302	423	"M-C6h"	33	24.0898504760275	0	0	0	0.531914893617021	-Inf	"SD"	NA	NA
"ECK120004139"	"insC-5"	"+"	3184164	3184574	411	"M-C6h"	0	0	0	0	0	0	NA	"NO"	NA	NA
"ECK120004140"	"insD-5"	"+"	3184532	3185437	906	"M-C6h"	0	0	0	0	0	0	NA	"NO"	NA	NA
"ECK120004141"	"yqiG"	"+"	3185422	3187887	2466	"M-C6h"	0	0	1	65	0	0	NA	"NO"	NA	NA
"ECK120004142"	"yqiH"	"+"	3187903	3188652	750	"M-C6h"	0	0	1	70	0	0	NA	"NO"	NA	NA
"ECK120004145"	"yqiK"	"+"	3190886	3192547	1662	"M-C6h"	0	0	0	0	0	0	NA	"NO"	NA	NA
"ECK120004152"	"ygjJ"	"+"	3225823	3226893	1071	"M-C6h"	0	0	0	0	0	0	NA	"NO"	NA	NA
"ECK120004153"	"ygjK"	"+"	3226910	3229261	2352	"M-C6h"	1	0	2	37	0	0.0208333333333333	NA	"NO"	NA	NA
"ECK120004155"	"higB"	"-"	3232163	3232477	315	"M-C6h"	5	4.90139814880214	0	0	0	0.320634920634921	-Inf	"SD"	NA	NA
"ECK120004158"	"ygjQ"	"+"	3234562	3235254	693	"M-C6h"	0	0	0	0	0	0	NA	"NO"	NA	NA
"ECK120004159"	"ygjR"	"+"	3235315	3236319	1005	"M-C6h"	44	13.5190802671438	0	0	0	0.911442786069652	-Inf	"SD"	1	2.77777777777778
"ECK120004160"	"alx"	"+"	3236602	3237567	966	"M-C6h"	0	0	0	0	0	0	NA	"NO"	NA	NA
"ECK120004162"	"yqjA"	"+"	3245795	3246457	663	"M-C6h"	15	6.98615573245554	0	0	0	0.549019607843137	-Inf	"SD"	NA	NA
"ECK120004163"	"mzrA"	"+"	3246461	3246844	384	"M-C6h"	4	3.2165425351514	0	0	0	0.447916666666667	-Inf	"SD"	NA	NA
"ECK120004164"	"yqjC"	"+"	3246991	3247359	369	"M-C6h"	32	26.7783703739434	0	0	0	0.959349593495935	-Inf	"SD"	NA	NA
"ECK120004165"	"yqjD"	"+"	3247397	3247702	306	"M-C6h"	15	15.1366707536537	0	0	0	0.637254901960784	-Inf	"SD"	NA	NA
"ECK120004166"	"yqjE"	"+"	3247705	3248109	405	"M-C6h"	4	0	0	0	0	0.241975308641975	NA	"NO"	NA	NA
"ECK120004167"	"yqjK"	"+"	3248099	3248398	300	"M-C6h"	3	3.08788083374535	0	0	0	0.436666666666667	-Inf	"SD"	NA	NA
"ECK120004168"	"yqjF"	"+"	3248584	3248976	393	"M-C6h"	0	0	0	0	0	0	NA	"NO"	NA	NA
"ECK120004169"	"yqjG"	"+"	3249046	3250032	987	"M-C6h"	5	1.56427600493685	0	0	0	0.2806484295846	-Inf	"SD"	2	5.40540540540541
"ECK120004170"	"yhaH"	"+"	3250326	3250691	366	"M-C6h"	13	10.9678827428113	0	0	0	0.904371584699454	-Inf	"SD"	NA	NA
"ECK120004176"	"tdcG"	"-"	3256307	3257671	1365	"M-C6h"	122	27.5986418840243	0	0	0	0.142124542124542	-Inf	"SD"	NA	NA
"ECK120004177"	"tdcF"	"-"	3257743	3258132	390	"M-C6h"	0	0	0	0	0	0	NA	"NO"	5	35.7142857142857
"ECK120004178"	"tdcE"	"-"	3258146	3260440	2295	"M-C6h"	3	0	0	0	0	0.0967320261437909	NA	"NO"	14	16.2790697674419
"ECK120004182"	"agaV"	"+"	3278239	3278712	474	"M-C6h"	1	0	0	0	0	0.210970464135021	NA	"NO"	NA	NA
"ECK120004183"	"agaW"	"+"	3278723	3279124	402	"M-C6h"	0	0	0	0	0	0	NA	"NO"	NA	NA
"ECK120004184"	"agaS"	"+"	3279998	3281152	1155	"M-C6h"	2	0	0	0	0	0.0173160173160173	NA	"NO"	NA	NA
"ECK120004185"	"agaD"	"+"	3283500	3284291	792	"M-C6h"	2	0	0	0	0	0.047979797979798	NA	"NO"	NA	NA
"ECK120004186"	"agaI"	"+"	3284292	3285047	756	"M-C6h"	0	0	0	0	0	0	NA	"NO"	NA	NA
"ECK120004187"	"yraH"	"+"	3285448	3286032	585	"M-C6h"	0	0	0	0	0	0	NA	"NO"	NA	NA
"ECK120004188"	"yraI"	"+"	3286112	3286807	696	"M-C6h"	0	0	0	0	0	0	NA	"NO"	NA	NA
"ECK120004193"	"yraN"	"+"	3293416	3293811	396	"M-C6h"	3	2.33930366192829	0	0	0	0.411616161616162	-Inf	"SD"	NA	NA
"ECK120004203"	"yhbV"	"+"	3300511	3301389	879	"M-C6h"	0	0	0	0	0	0	NA	"NO"	NA	NA
"ECK120004207"	"ibaG"	"-"	3334571	3334825	255	"M-C6h"	1	1.21093366029229	0	0	0	0.266666666666667	-Inf	"SD"	NA	NA
"ECK120004208"	"mlaB"	"-"	3334985	3335278	294	"M-C6h"	1	0	1	54	0	0.183673469387755	NA	"NO"	NA	NA
"ECK120004209"	"mlaC"	"-"	3335278	3335913	636	"M-C6h"	9	4.36964268926228	0	0	0	0.477987421383648	-Inf	"SD"	8	33.3333333333333
"ECK120004210"	"kdsD"	"+"	3339288	3340274	987	"M-C6h"	3	0	0	0	0	0.152988855116515	NA	"NO"	1	2.85714285714286
"ECK120004211"	"kdsC"	"+"	3340295	3340861	567	"M-C6h"	1	0	0	0	0	0.0846560846560847	NA	"NO"	5	25
"ECK120004212"	"lptC"	"+"	3340858	3341433	576	"M-C6h"	4	2.14436169010094	0	0	0	0.496527777777778	-Inf	"SD"	2	9.09090909090909
"ECK120004213"	"lptA"	"+"	3341402	3341959	558	"M-C6h"	5	2.76691830980766	0	0	0	0.424731182795699	-Inf	"SD"	2	10
"ECK120004217"	"yhcD"	"+"	3360829	3363210	2382	"M-C6h"	0	0	4	63	0	0	NA	"NO"	NA	NA
"ECK120004223"	"nanK"	"-"	3367497	3368372	876	"M-C6h"	5	1.76248906035693	0	0	0	0.267123287671233	-Inf	"SD"	0	0
"ECK120004224"	"nanE"	"-"	3368369	3369058	690	"M-C6h"	3	1.34255688423711	0	0	0	0.408695652173913	-Inf	"SD"	6	25
"ECK120004229"	"degQ"	"+"	3378765	3380132	1368	"M-C6h"	2	0	0	0	0	0.0833333333333333	NA	"NO"	7	14.8936170212766
"ECK120004232"	"aaeB"	"-"	3384243	3386210	1968	"M-C6h"	1	0	0	0	0	0.0508130081300813	NA	"NO"	NA	NA
"ECK120004233"	"aaeA"	"-"	3386216	3387148	933	"M-C6h"	0	0	0	0	0	0	NA	"NO"	NA	NA
"ECK120004237"	"yhdP"	"-"	3390480	3394280	3801	"M-C6h"	7	0	0	0	0	0.114969744803999	NA	"NO"	5	3.59712230215827
"ECK120004239"	"yhdT"	"+"	3405397	3405639	243	"M-C6h"	0	0	0	0	0	0	NA	"NO"	NA	NA
"ECK120004241"	"yhdV"	"+"	3416412	3416633	222	"M-C6h"	0	0	0	0	0	0	NA	"NO"	NA	NA
"ECK120004244"	"tsaC"	"-"	3428865	3429437	573	"M-C6h"	0	0	0	0	0	0	NA	"NO"	4	19.047619047619
"ECK120004245"	"yrdD"	"-"	3429442	3429984	543	"M-C6h"	6	3.41202302071309	0	0	0	0.355432780847145	-Inf	"SD"	NA	NA
"ECK120004248"	"gspD"	"+"	3454399	3456351	1953	"M-C6h"	1	0	0	0	0	0.0353302611367127	NA	"NO"	NA	NA
"ECK120004249"	"gspE"	"+"	3456361	3457842	1482	"M-C6h"	0	0	0	0	0	0	NA	"NO"	NA	NA
"ECK120004250"	"gspF"	"+"	3457839	3459035	1197	"M-C6h"	0	0	1	74	0	0	NA	"NO"	NA	NA
"ECK120004251"	"gspG"	"+"	3459045	3459482	438	"M-C6h"	0	0	0	0	0	0	NA	"NO"	NA	NA
"ECK120004252"	"gspH"	"+"	3459490	3459999	510	"M-C6h"	0	0	0	0	0	0	NA	"NO"	NA	NA
"ECK120004253"	"gspI"	"+"	3459996	3460373	378	"M-C6h"	0	0	0	0	0	0	NA	"NO"	NA	NA
"ECK120004254"	"gspJ"	"+"	3460366	3460953	588	"M-C6h"	0	0	0	0	0	0	NA	"NO"	NA	NA
"ECK120004255"	"gspK"	"+"	3460946	3461929	984	"M-C6h"	0	0	0	0	0	0	NA	"NO"	NA	NA
"ECK120004256"	"gspL"	"+"	3461944	3463107	1164	"M-C6h"	2	0	0	0	0	0.0919243986254296	NA	"NO"	NA	NA
"ECK120004257"	"tusB"	"-"	3472700	3472987	288	"M-C6h"	1	0	0	0	0	0.145833333333333	NA	"NO"	NA	NA
"ECK120004258"	"tusC"	"-"	3472995	3473354	360	"M-C6h"	0	0	0	0	0	0	NA	"NO"	NA	NA
"ECK120004259"	"tusD"	"-"	3473354	3473740	387	"M-C6h"	0	0	0	0	0	0	NA	"NO"	NA	NA
"ECK120004260"	"yheO"	"-"	3473740	3474462	723	"M-C6h"	3	1.28127835425118	0	0	0	0.372060857538036	-Inf	"SD"	2	7.40740740740741
"ECK120004263"	"yheT"	"+"	3481224	3482246	1023	"M-C6h"	0	0	0	0	0	0	NA	"NO"	NA	NA
"ECK120004264"	"yheU"	"+"	3482240	3482458	219	"M-C6h"	1	1.40999124828555	0	0	0	0.45662100456621	-Inf	"SD"	NA	NA
"ECK120004266"	"yhfL"	"+"	3497470	3497637	168	"M-C6h"	1	1.8380243058008	0	0	0	0.595238095238095	-Inf	"SD"	NA	NA
"ECK120004267"	"frlB"	"+"	3499290	3500312	1023	"M-C6h"	1	0	0	0	0	0.0928641251221896	NA	"NO"	NA	NA
"ECK120004268"	"frlC"	"+"	3500362	3501192	831	"M-C6h"	1	0	0	0	0	0.049338146811071	NA	"NO"	NA	NA
"ECK120004269"	"frlD"	"+"	3501189	3501974	786	"M-C6h"	0	0	0	0	0	0	NA	"NO"	NA	NA
"ECK120004272"	"yhfT"	"-"	3504054	3505358	1305	"M-C6h"	0	0	0	0	0	0	NA	"NO"	NA	NA
"ECK120004273"	"yhfU"	"-"	3505370	3505723	354	"M-C6h"	0	0	0	0	0	0	NA	"NO"	NA	NA
"ECK120004274"	"php"	"-"	3505734	3506612	879	"M-C6h"	0	0	1	100	0	0	NA	"NO"	NA	NA
"ECK120004275"	"yhfW"	"-"	3506609	3507835	1227	"M-C6h"	0	0	1	100	0	0	NA	"NO"	NA	NA
"ECK120004276"	"yhfX"	"-"	3507835	3508998	1164	"M-C6h"	0	0	0	0	0	0	NA	"NO"	NA	NA
"ECK120004277"	"yhfY"	"-"	3509082	3509444	363	"M-C6h"	1	0	0	0	0	0.0330578512396694	NA	"NO"	NA	NA
"ECK120004278"	"yhfZ"	"-"	3509461	3510366	906	"M-C6h"	5	1.70412849544445	0	0	0	0.312362030905077	-Inf	"SD"	NA	NA
"ECK120004279"	"hofP"	"-"	3518637	3519041	405	"M-C6h"	0	0	0	0	0	0	NA	"NO"	NA	NA
"ECK120004280"	"hofO"	"-"	3519031	3519471	441	"M-C6h"	0	0	0	0	0	0	NA	"NO"	NA	NA
"ECK120004281"	"hofN"	"-"	3519455	3519994	540	"M-C6h"	0	0	0	0	0	0	NA	"NO"	NA	NA
"ECK120004285"	"yrfG"	"+"	3526691	3527359	669	"M-C6h"	1	0	0	0	0	0.070254110612855	NA	"NO"	NA	NA
"ECK120004286"	"hslR"	"+"	3527370	3527771	402	"M-C6h"	3	0	0	0	0	0.216417910447761	NA	"NO"	2	13.3333333333333
"ECK120004289"	"yhgF"	"+"	3535407	3537728	2322	"M-C6h"	0	0	0	0	0	0	NA	"NO"	16	18.8235294117647
"ECK120004291"	"nfuA"	"+"	3543646	3544221	576	"M-C6h"	10	5.36090422525234	0	0	0	0.614583333333333	-Inf	"SD"	8	38.0952380952381
"ECK120004296"	"yhhW"	"-"	3576973	3577668	696	"M-C6h"	4	1.77464415732491	0	0	0	0.354885057471264	-Inf	"SD"	1	3.84615384615385
"ECK120004297"	"yhhX"	"-"	3577791	3578828	1038	"M-C6h"	1	0	0	0	0	0.0963391136801541	NA	"NO"	6	15.3846153846154
"ECK120004299"	"yhhZ"	"+"	3579886	3581064	1179	"M-C6h"	0	0	0	0	0	0	NA	"NO"	NA	NA
"ECK120004300"	"yrhA"	"+"	3581064	3581477	414	"M-C6h"	0	0	0	0	0	0	NA	"NO"	NA	NA
"ECK120004301"	"insA-6"	"+"	3581506	3581781	276	"M-C6h"	0	0	0	0	0	0	NA	"NO"	NA	NA
"ECK120004302"	"insB-6"	"+"	3581700	3582203	504	"M-C6h"	0	0	0	0	0	0	NA	"NO"	NA	NA
"ECK120004307"	"insK"	"+"	3719177	3720072	896	"M-C6h"	0	0	2	63	0	0	NA	"NO"	NA	NA
"ECK120004311"	"rffT"	"+"	3975548	3976627	1080	"M-C6h"	2	0	0	0	0	0.164814814814815	NA	"NO"	NA	NA
"ECK120004314"	"tatA"	"+"	4019968	4020237	270	"M-C6h"	7	8.00561697637682	0	0	0	0.714814814814815	-Inf	"SD"	3	30
"ECK120004315"	"tatB"	"+"	4020241	4020756	516	"M-C6h"	6	3.59055910900622	0	0	0	0.428294573643411	-Inf	"SD"	3	16.6666666666667
"ECK120004320"	"phnE_2"	"-"	4320466	4320834	369	"M-C6h"	0	0	0	0	0	0	NA	"NO"	NA	NA
"ECK120004321"	"yjcZ"	"+"	4327383	4328261	879	"M-C6h"	7	0	0	0	0	0.185437997724687	NA	"NO"	2	6.06060606060606
"ECK120004323"	"dcuR"	"-"	4347338	4348057	720	"M-C6h"	0	0	0	0	0	0	NA	"NO"	1	3.7037037037037
"ECK120004326"	"yjdJ"	"+"	4350108	4350380	273	"M-C6h"	1	0	0	0	0	0.0293040293040293	NA	"NO"	NA	NA
"ECK120004327"	"ghoS"	"+"	4350607	4350903	297	"M-C6h"	0	0	0	0	0	0	NA	"NO"	NA	NA
"ECK120004334"	"yjeN"	"+"	4383416	4383730	315	"M-C6h"	0	0	0	0	0	0	NA	"NO"	NA	NA
"ECK120004340"	"yjeT"	"+"	4402409	4402606	198	"M-C6h"	0	0	0	0	0	0	NA	"NO"	NA	NA
"ECK120004341"	"rlmB"	"+"	4407298	4408029	732	"M-C6h"	5	2.10920821977141	0	0	0	0.394808743169399	-Inf	"SD"	3	11.1111111111111
"ECK120004342"	"yjfI"	"+"	4408156	4408557	402	"M-C6h"	0	0	0	0	0	0	NA	"NO"	NA	NA
"ECK120004343"	"yjfJ"	"+"	4408576	4409274	699	"M-C6h"	0	0	0	0	0	0	NA	"NO"	NA	NA
"ECK120004344"	"yjfK"	"+"	4409325	4409984	660	"M-C6h"	0	0	0	0	0	0	NA	"NO"	NA	NA
"ECK120004345"	"yjfL"	"+"	4410002	4410400	399	"M-C6h"	0	0	0	0	0	0	NA	"NO"	NA	NA
"ECK120004346"	"yjfM"	"+"	4410410	4411048	639	"M-C6h"	0	0	0	0	0	0	NA	"NO"	NA	NA
"ECK120004353"	"ulaD"	"+"	4420209	4420859	651	"M-C6h"	3	1.42298655932965	0	0	0	0.294930875576037	-Inf	"SD"	NA	NA
"ECK120004354"	"ulaE"	"+"	4420869	4421723	855	"M-C6h"	2	0	1	42	0	0.168421052631579	NA	"NO"	NA	NA
"ECK120004362"	"ytfF"	"-"	4430114	4431088	975	"M-C6h"	0	0	0	0	0	0	NA	"NO"	NA	NA
"ECK120004378"	"tabA"	"+"	4472885	4473337	453	"M-C6h"	22	14.9963307599112	0	0	0	0.618101545253863	-Inf	"SD"	6	35.2941176470588
"ECK120004386"	"idnR"	"-"	4488164	4489162	999	"M-C6h"	3	0	8	49	163.265306122449	0.187187187187187	Inf	"AD"	NA	NA
"ECK120004387"	"idnO"	"-"	4490610	4491374	765	"M-C6h"	5	2.01822276715382	0	0	0	0.324183006535948	-Inf	"SD"	2	7.14285714285714
"ECK120004389"	"insC-6"	"+"	4496250	4496660	411	"M-C6h"	0	0	0	0	0	0	NA	"NO"	NA	NA
"ECK120004396"	"yjhC"	"+"	4503310	4504428	1119	"M-C6h"	5	0	0	0	0	0.173369079535299	NA	"NO"	3	7.31707317073171
"ECK120004405"	"yjhG"	"-"	4520150	4522117	1968	"M-C6h"	4	0	0	0	0	0.120934959349594	NA	"NO"	NA	NA
"ECK120004406"	"yjhH"	"-"	4522128	4523033	906	"M-C6h"	3	0	0	0	0	0.162251655629139	NA	"NO"	0	0
"ECK120004407"	"yjhI"	"-"	4523038	4523826	789	"M-C6h"	1	0	0	0	0	0.126742712294043	NA	"NO"	NA	NA
"ECK120004408"	"sgcR"	"-"	4524129	4524911	783	"M-C6h"	1	0	3	110	0	0.121328224776501	NA	"NO"	NA	NA
"ECK120004409"	"sgcE"	"-"	4524928	4525560	633	"M-C6h"	4	1.95126750947573	0	0	0	0.327014218009479	-Inf	"SD"	NA	NA
"ECK120004410"	"sgcQ"	"-"	4526134	4526940	807	"M-C6h"	8	3.06109624163107	3	108	0	0.350681536555143	-Inf	"SD"	NA	NA
"ECK120004411"	"yjhP"	"-"	4530460	4531206	747	"M-C6h"	0	0	0	0	0	0	NA	"NO"	NA	NA
"ECK120004412"	"yjhQ"	"-"	4531262	4531807	546	"M-C6h"	1	0	0	0	0	0.183150183150183	NA	"NO"	NA	NA
"ECK120004415"	"nanM"	"-"	4535682	4536788	1107	"M-C6h"	1	0	0	0	0	0.0668473351400181	NA	"NO"	3	7.5
"ECK120004420"	"iadA"	"-"	4556377	4557549	1173	"M-C6h"	0	0	0	0	0	0	NA	"NO"	12	29.2682926829268
"ECK120004421"	"yjiG"	"-"	4557562	4558023	462	"M-C6h"	0	0	0	0	0	0	NA	"NO"	NA	NA
"ECK120004425"	"yjiK"	"-"	4560766	4561734	969	"M-C6h"	0	0	3	100	0	0	NA	"NO"	NA	NA
"ECK120004426"	"yjiL"	"-"	4561945	4562712	768	"M-C6h"	1	0	0	0	0	0.0768229166666667	NA	"NO"	NA	NA
"ECK120004427"	"yjiM"	"-"	4562722	4563873	1152	"M-C6h"	3	0	0	0	0	0.232638888888889	NA	"NO"	NA	NA
"ECK120004428"	"yjiN"	"-"	4563989	4565269	1281	"M-C6h"	2	0	0	0	0	0.0991412958626073	NA	"NO"	NA	NA
"ECK120004433"	"yjiT"	"+"	4570437	4571954	1518	"M-C6h"	2	0	0	0	0	0.1133069828722	NA	"NO"	NA	NA
"ECK120004434"	"symE"	"-"	4577522	4577863	342	"M-C6h"	2	1.80577826534816	0	0	0	0.476608187134503	-Inf	"SD"	NA	NA
"ECK120004435"	"yjiX"	"-"	4586899	4587102	204	"M-C6h"	4	6.05466830146146	0	0	0	0.637254901960784	-Inf	"SD"	NA	NA
"ECK120004444"	"yjjU"	"+"	4610434	4611507	1074	"M-C6h"	2	0	0	0	0	0.135009310986965	NA	"NO"	NA	NA
"ECK120004450"	"cysT"	"-"	1989938	1990011	74	"M-C6h"	59	246.195904312129	0	0	0	1	-Inf	"SD"	NA	NA
"ECK120004454"	""	"+"	732593	732814	222	"M-C6h"	0	0	0	0	0	0	NA	"NO"	NA	NA
"ECK120004455"	"ydbA_2"	"+"	1468714	1472037	3324	"M-C6h"	13	0	0	0	0	0.230445246690734	NA	"NO"	NA	NA
"ECK120004458"	"molR_2"	"+"	2195432	2197369	1938	"M-C6h"	0	0	0	0	0	0	NA	"NO"	NA	NA
"ECK120004459"	"molR_3"	"+"	2197344	2198291	948	"M-C6h"	0	0	0	0	0	0	NA	"NO"	NA	NA
"ECK120004461"	"ilvG_1"	"+"	3948583	3949566	984	"M-C6h"	2	0	0	0	0	0.084349593495935	NA	"NO"	NA	NA
"ECK120004465"	"dgoD"	"-"	3869873	3871021	1149	"M-C6h"	1	0	0	0	0	0.0339425587467363	NA	"NO"	NA	NA
"ECK120004466"	"rpe"	"-"	3512404	3513081	678	"M-C6h"	2	0.910879301989778	0	0	0	0.252212389380531	-Inf	"SD"	13	52
"ECK120004467"	"thiM"	"-"	2182535	2183323	789	"M-C6h"	0	0	0	0	0	0	NA	"NO"	1	3.7037037037037
"ECK120004470"	"mhpB"	"+"	369501	370445	945	"M-C6h"	0	0	0	0	0	0	NA	"NO"	NA	NA
"ECK120004471"	"mhpC"	"+"	370463	371329	867	"M-C6h"	0	0	1	41	0	0	NA	"NO"	NA	NA
"ECK120004472"	"mhpD"	"+"	371339	372148	810	"M-C6h"	0	0	0	0	0	0	NA	"NO"	NA	NA
"ECK120004473"	"mhpF"	"+"	372145	373095	951	"M-C6h"	0	0	0	0	0	0	NA	"NO"	NA	NA
"ECK120004474"	"hcaF"	"+"	2668412	2668930	519	"M-C6h"	0	0	0	0	0	0	NA	"NO"	NA	NA
"ECK120004475"	"ruvA"	"-"	1943389	1944000	612	"M-C6h"	5	2.52277845894228	0	0	0	0.416666666666667	-Inf	"SD"	4	18.1818181818182
"ECK120015144"	"sgcB"	"-"	4528278	4528556	279	"M-C6h"	6	6.64060394353838	0	0	0	0.917562724014337	-Inf	"SD"	NA	NA
"ECK120015304"	"ymgF"	"+"	1218206	1218424	219	"M-C6h"	0	0	0	0	0	0	NA	"NO"	NA	NA
"ECK120016284"	"ykfH"	"-"	263250	263471	222	"M-C6h"	0	0	0	0	0	0	NA	"NO"	NA	NA
"ECK120016285"	"ykgN"	"-"	279248	279586	339	"M-C6h"	26	23.6828618517342	0	0	0	0.958702064896755	-Inf	"SD"	NA	NA
"ECK120016287"	"ylcG"	"+"	572953	573093	141	"M-C6h"	0	0	0	0	0	0	NA	"NO"	NA	NA
"ECK120016289"	"ybdZ"	"+"	613165	613383	219	"M-C6h"	0	0	0	0	0	0	NA	"NO"	NA	NA
"ECK120016292"	"ybfQ"	"+"	735668	735922	255	"M-C6h"	0	0	0	0	0	0	NA	"NO"	NA	NA
"ECK120016293"	"cydX"	"+"	773419	773532	114	"M-C6h"	12	32.5040087762668	0	0	0	1	-Inf	"SD"	NA	NA
"ECK120016296"	"ymgH"	"+"	1222688	1222909	222	"M-C6h"	0	0	0	0	0	0	NA	"NO"	NA	NA
"ECK120016297"	"ymjB"	"+"	1379813	1379926	114	"M-C6h"	0	0	0	0	0	0	NA	"NO"	NA	NA
"ECK120016301"	"rzoR"	"+"	1421424	1421609	186	"M-C6h"	0	0	0	0	0	0	NA	"NO"	NA	NA
"ECK120016310"	"yehK"	"+"	2201994	2202311	318	"M-C6h"	2	1.9420634174499	0	0	0	0.314465408805031	-Inf	"SD"	NA	NA
"ECK120016312"	"arnE"	"+"	2370579	2370914	336	"M-C6h"	0	0	0	0	0	0	NA	"NO"	NA	NA
"ECK120016313"	"ypdJ"	"+"	2474116	2474256	141	"M-C6h"	0	0	0	0	0	0	NA	"NO"	NA	NA
"ECK120016316"	"ypjJ"	"+"	2774899	2775099	201	"M-C6h"	1	0	0	0	0	0.0248756218905473	NA	"NO"	NA	NA
"ECK120016318"	"yheV"	"-"	3476614	3476814	201	"M-C6h"	6	9.21755472759805	0	0	0	0.870646766169154	-Inf	"SD"	NA	NA
"ECK120016322"	"yidD"	"+"	3882839	3883096	258	"M-C6h"	0	0	0	0	0	0	NA	"NO"	NA	NA
"ECK120016323"	"yifL"	"+"	3992545	3992748	204	"M-C6h"	32	48.4373464116917	0	0	0	0.799019607843137	-Inf	"SD"	NA	NA
"ECK120016327"	"ytjA"	"+"	4610133	4610312	180	"M-C6h"	2	3.4309787041615	0	0	0	0.577777777777778	-Inf	"SD"	NA	NA
"ECK120016545"	"efeU_2"	"+"	1080677	1081408	732	"M-C6h"	0	0	0	0	0	0	NA	"NO"	NA	NA
"ECK120016922"	"ymiA"	"+"	1333184	1333312	129	"M-C6h"	2	4.78741214534162	0	0	0	0.945736434108527	-Inf	"SD"	NA	NA
"ECK120016923"	"yciX"	"+"	1333315	1333482	168	"M-C6h"	3	5.5140729174024	0	0	0	0.732142857142857	-Inf	"SD"	NA	NA
"ECK120016925"	"yjhW"	"+"	4507574	4507816	243	"M-C6h"	0	0	0	0	0	0	NA	"NO"	NA	NA
"ECK120023909"	"insEF-3"	"+"	566056	567227	1172	"M-C6h"	0	0	0	0	0	0	NA	"NO"	NA	NA
"ECK120023913"	"insAB-2"	"-"	278402	279099	698	"M-C6h"	0	0	0	0	0	0	NA	"NO"	NA	NA
"ECK120023915"	"insAB-5"	"-"	1976542	1977239	698	"M-C6h"	0	0	0	0	0	0	NA	"NO"	NA	NA
"ECK120023916"	"insAB-6"	"+"	3581506	3582203	698	"M-C6h"	0	0	0	0	0	0	NA	"NO"	NA	NA
"ECK120023920"	"insCD-4"	"-"	2994394	2995667	1274	"M-C6h"	0	0	0	0	0	0	NA	"NO"	NA	NA
"ECK120023921"	"insCD-5"	"+"	3184164	3185437	1274	"M-C6h"	0	0	0	0	0	0	NA	"NO"	NA	NA
"ECK120026444"	"yahH"	"+"	339017	339313	297	"M-C6h"	0	0	0	0	0	0	NA	"NO"	NA	NA
"ECK120026445"	"ylbE_1"	"+"	547581	547841	261	"M-C6h"	0	0	0	0	0	0	NA	"NO"	NA	NA
"ECK120026451"	"wbbL_2"	"-"	2099420	2099701	282	"M-C6h"	0	0	0	0	0	0	NA	"NO"	NA	NA
"ECK120026454"	"yrhC"	"+"	3621910	3622155	246	"M-C6h"	0	0	0	0	0	0	NA	"NO"	NA	NA
"ECK120026458"	"insB-7_1"	"+"	4516744	4517037	294	"M-C6h"	0	0	0	0	0	0	NA	"NO"	NA	NA
"ECK120029856"	"uof"	"-"	709862	709948	87	"M-C6h"	6	21.2957298878989	0	0	0	0.804597701149425	-Inf	"SD"	NA	NA
"ECK120030068"	"ylcH"	"+"	571591	571692	102	"M-C6h"	0	0	0	0	0	0	NA	"NO"	NA	NA
"ECK120030072"	"appX"	"+"	1039668	1039760	93	"M-C6h"	1	3.32030197176919	0	0	0	0.344086021505376	-Inf	"SD"	NA	NA
"ECK120030075"	"yciZ"	"-"	1342460	1342633	174	"M-C6h"	15	26.6196623598737	2	130	0	1	-Inf	"SD"	NA	NA
"ECK120030077"	"ydgU"	"+"	1669801	1669884	84	"M-C6h"	0	0	3	160	0	0	NA	"NO"	NA	NA
"ECK120030086"	"yrhD"	"+"	3582427	3582582	156	"M-C6h"	1	1.9794107908624	0	0	0	0.416666666666667	-Inf	"SD"	NA	NA
"ECK120030091"	"ytcA"	"-"	4302151	4302426	276	"M-C6h"	0	0	0	0	0	0	NA	"NO"	NA	NA
"ECK120033231"	"ykfL"	"-"	265777	265998	222	"M-C6h"	0	0	0	0	0	0	NA	"NO"	NA	NA
"ECK120033232"	"ykfK"	"-"	266000	266191	192	"M-C6h"	0	0	0	0	0	0	NA	"NO"	NA	NA
"ECK120035075"	"ibsA"	"-"	2151373	2151432	60	"M-C6h"	0	0	4	136	0	0	NA	"NO"	NA	NA
"ECK120048853"	"ilvX"	"+"	3948530	3948580	51	"M-C6h"	3	18.1640049043844	0	0	0	0.686274509803922	-Inf	"SD"	NA	NA
"ECK120048855"	"yoeI"	"-"	2085076	2085138	63	"M-C6h"	0	0	0	0	0	0	NA	"NO"	NA	NA
"ECK120048857"	"ymjD"	"-"	1388892	1388957	66	"M-C6h"	0	0	0	0	0	0	NA	"NO"	NA	NA
"ECK120048863"	"yrbN"	"-"	3305875	3305955	81	"M-C6h"	0	0	0	0	0	0	NA	"NO"	NA	NA
"ECK120048868"	"yqfG"	"+"	3030839	3030964	126	"M-C6h"	0	0	1	58	0	0	NA	"NO"	NA	NA
"ECK125121987"	"rpsP5"	"-"	2744205	2744454	250	"M-C6h"	15	18.5272850024721	0	0	0	0.884	-Inf	"SD"	NA	NA
"ECK125121997"	"fimA3"	"+"	4541230	4541277	48	"M-C6h"	4	25.7323402812112	0	0	0	1	-Inf	"SD"	NA	NA
"ECK125121999"	"spy3"	"-"	1823084	1823131	48	"M-C6h"	46	295.921913233929	0	0	0	1	-Inf	"SD"	NA	NA
"ECK125122001"	"rpsI3"	"-"	3375389	3375473	85	"M-C6h"	2	7.26560196175376	0	0	0	0.705882352941177	-Inf	"SD"	NA	NA
"ECK125122003"	"glnA3"	"-"	4054007	4054201	195	"M-C6h"	1	1.58352863268992	0	0	0	0.271794871794872	-Inf	"SD"	NA	NA
"ECK125122010"	"ryeF"	"-"	1956157	1956543	387	"M-C6h"	29	23.1391587024845	0	0	0	0.217054263565891	-Inf	"SD"	NA	NA
"ECK125135293"	""	"+"	1298697	1298951	255	"M-C6h"	6	7.26560196175376	0	0	0	0.717647058823529	-Inf	"SD"	NA	NA
"ECK125135299"	""	"-"	2276280	2276520	241	"M-C6h"	17	21.7817320222701	0	0	0	0.0829875518672199	-Inf	"SD"	NA	NA
"ECK125135311"	""	"-"	4439248	4439353	106	"M-C6h"	0	0	0	0	0	0	NA	"NO"	NA	NA
"ECK125145757"	"esrE"	"+"	4018001	4018252	252	"M-C6h"	2	2.45069907440107	0	0	0	0.273809523809524	-Inf	"SD"	NA	NA
"ECK125146691"	"nc1"	"-"	296361	296528	168	"M-C6h"	0	0	3	58	0	0	NA	"NO"	NA	NA
"ECK125158035"	"agrB"	"+"	3646317	3646400	84	"M-C6h"	0	0	0	0	0	0	NA	"NO"	NA	NA
