"RegDbId"	"Gene"	"Strand"	"Start"	"End"	"Length"	"Sample"	"mRNARaw"	"mRNATPM"	"asRNARaw"	"asRNALen"	"asRNARPK"	"mRNACoverage"	"Gamma"	"TrMode"	"PeptideRaw"	"NPPH"
"ECK120000001"	"alr"	"+"	4263805	4264884	1080	"MOPS2h"	886	78.1131774736423	1	50	0	1	-Inf	"SD"	5	12.8205128205128
"ECK120000002"	"modB"	"+"	795085	795774	690	"MOPS2h"	131	18.0774239358964	1	47	0	1	-Inf	"SD"	1	4
"ECK120000005"	"dcuB"	"-"	4345427	4346767	1341	"MOPS2h"	12	0.852053384959511	3	38	0	0.410887397464579	-Inf	"SD"	NA	NA
"ECK120000006"	"hisM"	"-"	2422539	2423255	717	"MOPS2h"	191	25.3646310487058	13	194	41.2371134020619	0.99860529986053	-3.98667436510387	"SD"	NA	NA
"ECK120000008"	"rhsE"	"+"	1525914	1527962	2049	"MOPS2h"	17	0	0	0	0	0.222059541239629	NA	"NO"	NA	NA
"ECK120000010"	"cydC"	"-"	926697	928418	1722	"MOPS2h"	677	37.4343123262285	4	100	0	1	-Inf	"SD"	6	9.52380952380952
"ECK120000011"	"mepM"	"-"	1938337	1939659	1323	"MOPS2h"	320	23.0305586138716	1	66	0	1	-Inf	"SD"	NA	NA
"ECK120000013"	"rodZ"	"-"	2639853	2640866	1014	"MOPS2h"	1194	112.119385728259	1	100	0	1	-Inf	"SD"	7	19.4444444444444
"ECK120000014"	"garL"	"-"	3270809	3271579	771	"MOPS2h"	11	1.35847811084498	1	100	0	0.453955901426719	-Inf	"SD"	11	40.7407407407407
"ECK120000019"	"aceA"	"+"	4215132	4216436	1305	"MOPS2h"	960	70.0446644739129	4	53	0	1	-Inf	"SD"	119	247.916666666667
"ECK120000020"	"aceB"	"+"	4213501	4215102	1602	"MOPS2h"	2626	156.079745387007	18	308	32.4675324675325	1	-6.28613951936684	"SD"	32	53.3333333333333
"ECK120000021"	"aceE"	"+"	123017	125680	2664	"MOPS2h"	4792	171.276163650949	9	171	0	1	-Inf	"SD"	233	233
"ECK120000022"	"aceF"	"+"	125695	127587	1893	"MOPS2h"	1339	67.3510391785487	2	36	0	1	-Inf	"SD"	196	296.969696969697
"ECK120000026"	"ada"	"-"	2307363	2308427	1065	"MOPS2h"	89	7.95709854785076	0	0	0	0.930516431924883	-Inf	"SD"	NA	NA
"ECK120000029"	"adk"	"+"	496399	497043	645	"MOPS2h"	2568	379.096384643986	1	68	0	1	-Inf	"SD"	27	112.5
"ECK120000031"	"alaS"	"-"	2817403	2820033	2631	"MOPS2h"	3994	144.544493075745	0	0	0	1	-Inf	"SD"	95	98.9583333333333
"ECK120000033"	"puuC"	"+"	1360767	1362254	1488	"MOPS2h"	33	2.11166657955943	0	0	0	0.700268817204301	-Inf	"SD"	NA	NA
"ECK120000034"	"alkB"	"-"	2306713	2307363	651	"MOPS2h"	41	5.99676742939822	0	0	0	0.956989247311828	-Inf	"SD"	1	4.16666666666667
"ECK120000035"	"amn"	"+"	2053085	2054539	1455	"MOPS2h"	281	18.3889810179741	9	480	16.6666666666667	1	-3.5226977281953	"SD"	6	11.1111111111111
"ECK120000036"	"ampC"	"-"	4375834	4376967	1134	"MOPS2h"	69	5.79362490130207	5	76	0	0.963844797178131	-Inf	"SD"	1	2.38095238095238
"ECK120000041"	"ansA"	"+"	1848884	1849900	1017	"MOPS2h"	385	36.0457540030991	13	308	38.961038961039	1	-3.90872301677363	"SD"	6	16.2162162162162
"ECK120000042"	"ansB"	"-"	3097704	3098750	1047	"MOPS2h"	185	16.8243922323846	6	110	0	1	-Inf	"SD"	31	83.7837837837838
"ECK120000043"	"apaG"	"-"	51229	51606	378	"MOPS2h"	209	52.6464175813971	3	67	0	1	-Inf	"SD"	NA	NA
"ECK120000047"	"apt"	"+"	490636	491187	552	"MOPS2h"	1137	196.12625014422	2	62	0	1	-Inf	"SD"	36	180
"ECK120000048"	"araA"	"-"	66835	68337	1503	"MOPS2h"	15	0.950269119453347	5	52	0	0.514304723885562	-Inf	"SD"	2	3.57142857142857
"ECK120000051"	"araD"	"-"	65855	66550	696	"MOPS2h"	0	0	3	137	0	0	NA	"NO"	NA	NA
"ECK120000052"	"araE"	"-"	2978786	2980204	1419	"MOPS2h"	134	8.99159507616363	3	100	0	0.997181113460183	-Inf	"SD"	NA	NA
"ECK120000054"	"araG"	"-"	1981579	1983093	1515	"MOPS2h"	20	1.25698964711849	12	167	0	0.381518151815182	-Inf	"SD"	NA	NA
"ECK120000055"	"araH"	"-"	1980578	1981567	990	"MOPS2h"	35	3.36625636557867	28	164	134.146341463415	0.929292929292929	0.386358470889279	"AD"	NA	NA
"ECK120000058"	"arcB"	"-"	3348711	3351047	2337	"MOPS2h"	320	13.0378387018195	1	57	0	1	-Inf	"SD"	15	17.0454545454545
"ECK120000060"	"argB"	"+"	4154039	4154812	774	"MOPS2h"	336	41.3344967680358	0	0	0	1	-Inf	"SD"	16	59.2592592592593
"ECK120000063"	"argF"	"-"	288525	289529	1005	"MOPS2h"	675	63.9516934270916	0	0	0	1	-Inf	"SD"	24	64.8648648648649
"ECK120000068"	"argT"	"-"	2425031	2425813	783	"MOPS2h"	104	12.6469533077898	0	0	0	1	-Inf	"SD"	12	42.8571428571429
"ECK120000069"	"aroA"	"+"	958035	959318	1284	"MOPS2h"	718	53.2443780547537	3	112	0	1	-Inf	"SD"	13	28.2608695652174
"ECK120000070"	"aroB"	"-"	3515420	3516508	1089	"MOPS2h"	1132	98.9766806710405	0	0	0	1	-Inf	"SD"	17	43.5897435897436
"ECK120000071"	"aroC"	"-"	2444410	2445495	1086	"MOPS2h"	1098	96.269086937946	0	0	0	1	-Inf	"SD"	12	30.7692307692308
"ECK120000072"	"aroD"	"+"	1772710	1773468	759	"MOPS2h"	158	19.8211865501154	1	35	0	1	-Inf	"SD"	4	14.8148148148148
"ECK120000073"	"aroE"	"-"	3428042	3428860	819	"MOPS2h"	358	41.6210912642035	4	143	0	1	-Inf	"SD"	6	20.6896551724138
"ECK120000076"	"aroH"	"+"	1786459	1787505	1047	"MOPS2h"	3755	341.48969098705	4	143	0	1	-Inf	"SD"	5	12.8205128205128
"ECK120000077"	"aroK"	"-"	3516565	3517086	522	"MOPS2h"	2970	541.75170179042	1	54	0	1	-Inf	"SD"	43	215
"ECK120000078"	"aroL"	"+"	405629	406153	525	"MOPS2h"	244	44.2532183765543	0	0	0	1	-Inf	"SD"	10	52.6315789473684
"ECK120000079"	"aroM"	"+"	406652	407329	678	"MOPS2h"	94	13.2011722452908	3	76	0	1	-Inf	"SD"	NA	NA
"ECK120000088"	"asnB"	"-"	696736	698400	1665	"MOPS2h"	1078	61.6479814409759	0	0	0	1	-Inf	"SD"	27	42.8571428571429
"ECK120000090"	"asnS"	"-"	986808	988208	1401	"MOPS2h"	12253	832.757659935987	9	137	0	1	-Inf	"SD"	39	73.5849056603774
"ECK120000094"	"atpA"	"-"	3916339	3917880	1542	"MOPS2h"	8591	530.485702284964	7	191	0	1	-Inf	"SD"	79	143.636363636364
"ECK120000095"	"atpB"	"-"	3919259	3920074	816	"MOPS2h"	7608	887.758180848366	17	359	30.6406685236769	1	-8.6565194160218	"SD"	2	6.66666666666667
"ECK120000096"	"atpC"	"-"	3913576	3913995	420	"MOPS2h"	1195	270.914938319582	1	100	0	1	-Inf	"SD"	3	20
"ECK120000097"	"atpD"	"-"	3914016	3915398	1383	"MOPS2h"	6004	413.364181112385	8	100	0	1	-Inf	"SD"	110	220
"ECK120000098"	"atpE"	"-"	3918973	3919212	240	"MOPS2h"	5816	2307.42447047423	1	39	0	1	-Inf	"SD"	NA	NA
"ECK120000099"	"atpF"	"-"	3918441	3918911	471	"MOPS2h"	7020	1419.15732420374	1	62	0	1	-Inf	"SD"	33	194.117647058824
"ECK120000100"	"atpG"	"-"	3915425	3916288	864	"MOPS2h"	4015	442.472358291018	0	0	0	1	-Inf	"SD"	19	59.375
"ECK120000101"	"atpH"	"-"	3917893	3918426	534	"MOPS2h"	3960	706.103341659424	0	0	0	1	-Inf	"SD"	5	26.3157894736842
"ECK120000102"	"atpI"	"-"	3920083	3920463	381	"MOPS2h"	1164	290.899076523303	1	100	0	1	-Inf	"SD"	NA	NA
"ECK120000104"	"bcp"	"+"	2598500	2598970	471	"MOPS2h"	1420	287.06601144862	3	152	0	1	-Inf	"SD"	11	61.1111111111111
"ECK120000105"	"betA"	"-"	324801	326471	1671	"MOPS2h"	233	13.2768121030697	1	42	0	0.953919808497905	-Inf	"SD"	1	1.61290322580645
"ECK120000106"	"betB"	"-"	326485	327957	1473	"MOPS2h"	180	11.6354744320846	3	100	0	1	-Inf	"SD"	5	9.43396226415094
"ECK120000110"	"bglB"	"-"	3900312	3901724	1413	"MOPS2h"	2	0	3	92	0	0.104033970276008	NA	"NO"	NA	NA
"ECK120000111"	"bglF"	"-"	3901743	3903620	1878	"MOPS2h"	2	0	40	471	61.5711252653928	0.0543130990415335	Inf	"AD"	NA	NA
"ECK120000112"	"bglG"	"-"	3903754	3904590	837	"MOPS2h"	3	0	0	0	0	0.124253285543608	NA	"NO"	NA	NA
"ECK120000115"	"bioC"	"+"	810745	811500	756	"MOPS2h"	12	1.51138040903532	2	52	0	0.564814814814815	-Inf	"SD"	NA	NA
"ECK120000117"	"bioF"	"+"	809604	810758	1155	"MOPS2h"	20	1.64877862803853	0	0	0	0.553246753246753	-Inf	"SD"	0	0
"ECK120000123"	"btuC"	"-"	1792196	1793176	981	"MOPS2h"	317	30.7683773178842	0	0	0	1	-Inf	"SD"	NA	NA
"ECK120000124"	"btuD"	"-"	1790833	1791582	750	"MOPS2h"	216	27.4224861415369	1	73	0	1	-Inf	"SD"	1	3.7037037037037
"ECK120000125"	"btuE"	"-"	1791582	1792133	552	"MOPS2h"	471	81.2449110096107	0	0	0	1	-Inf	"SD"	7	35
"ECK120000127"	"cadA"	"-"	4354493	4356640	2148	"MOPS2h"	6	0	16	323	30.9597523219814	0.17877094972067	Inf	"AD"	3	3.7037037037037
"ECK120000128"	"cadB"	"-"	4356720	4358054	1335	"MOPS2h"	2	0	1	100	0	0.047940074906367	NA	"NO"	NA	NA
"ECK120000129"	"cadC"	"-"	4358419	4359957	1539	"MOPS2h"	27	0	10	176	0	0.238466536712151	NA	"NO"	NA	NA
"ECK120000130"	"carA"	"+"	29651	30799	1149	"MOPS2h"	48	3.97773225145589	0	0	0	0.816362053959965	-Inf	"SD"	14	34.1463414634146
"ECK120000131"	"carB"	"+"	30817	34038	3222	"MOPS2h"	178	5.2602793007207	4	40	0	0.90626939788951	-Inf	"SD"	73	61.864406779661
"ECK120000133"	"cdd"	"+"	2229866	2230750	885	"MOPS2h"	2172	233.685027853963	2	98	0	1	-Inf	"SD"	66	206.25
"ECK120000135"	"cdsA"	"+"	195677	196534	858	"MOPS2h"	464	51.4926248448958	0	0	0	1	-Inf	"SD"	NA	NA
"ECK120000136"	"chbB"	"-"	1819323	1819643	321	"MOPS2h"	22	6.52577335490018	0	0	0	0.750778816199377	-Inf	"SD"	3	27.2727272727273
"ECK120000137"	"chbC"	"-"	1817880	1819238	1359	"MOPS2h"	23	1.61147182685223	2	81	0	0.682855040470934	-Inf	"SD"	NA	NA
"ECK120000138"	"chbA"	"-"	1817479	1817829	351	"MOPS2h"	20	5.42546813499859	0	0	0	1	-Inf	"SD"	NA	NA
"ECK120000139"	"chbR"	"-"	1816629	1817471	843	"MOPS2h"	43	4.8568559051918	0	0	0	0.779359430604982	-Inf	"SD"	NA	NA
"ECK120000140"	"chbF"	"-"	1815172	1816524	1353	"MOPS2h"	113	7.95234082182	0	0	0	0.524020694752402	-Inf	"SD"	NA	NA
"ECK120000142"	"cheA"	"-"	1971384	1973348	1965	"MOPS2h"	770	37.3114827696201	1	100	0	1	-Inf	"SD"	24	33.8028169014084
"ECK120000143"	"cheB"	"-"	1965476	1966525	1050	"MOPS2h"	24	2.17638778901086	0	0	0	0.630476190476191	-Inf	"SD"	4	10.8108108108108
"ECK120000144"	"cheR"	"-"	1966528	1967388	861	"MOPS2h"	19	2.10118739792716	0	0	0	0.72938443670151	-Inf	"SD"	0	0
"ECK120000145"	"cheW"	"-"	1970860	1971363	504	"MOPS2h"	346	65.3672026907777	0	0	0	1	-Inf	"SD"	8	44.4444444444444
"ECK120000146"	"cheY"	"-"	1965072	1965461	390	"MOPS2h"	58	14.1604718323463	0	0	0	1	-Inf	"SD"	10	71.4285714285714
"ECK120000147"	"cheZ"	"-"	1964417	1965061	645	"MOPS2h"	49	7.23353693440627	0	0	0	0.924031007751938	-Inf	"SD"	6	25
"ECK120000153"	"clpB"	"-"	2729622	2732195	2574	"MOPS2h"	6062	224.24446250701	5	70	0	1	-Inf	"SD"	85	88.5416666666667
"ECK120000154"	"clpP"	"+"	455901	456524	624	"MOPS2h"	3887	593.1223492708	1	100	0	1	-Inf	"SD"	12	52.1739130434783
"ECK120000155"	"clpX"	"+"	456650	457924	1275	"MOPS2h"	5781	431.72492479364	2	100	0	1	-Inf	"SD"	31	67.3913043478261
"ECK120000157"	"cpsB"	"-"	2121108	2122544	1437	"MOPS2h"	18	1.19269685723456	0	0	0	0.421016005567154	-Inf	"SD"	NA	NA
"ECK120000158"	"cpsG"	"-"	2119633	2121003	1371	"MOPS2h"	11	0.763958149862494	1	71	0	0.400437636761488	-Inf	"SD"	NA	NA
"ECK120000163"	"cstA"	"+"	629117	631222	2106	"MOPS2h"	1033	46.7042381954462	1	60	0	1	-Inf	"SD"	4	5.33333333333333
"ECK120000164"	"lnt"	"-"	688566	690104	1539	"MOPS2h"	980	60.6319859998966	5	76	0	1	-Inf	"SD"	3	5.26315789473684
"ECK120000165"	"cvpA"	"-"	2428297	2428785	489	"MOPS2h"	799	155.579459406158	0	0	0	1	-Inf	"SD"	1	5.55555555555556
"ECK120000168"	"cydA"	"+"	770681	772249	1569	"MOPS2h"	6867	416.733527047336	0	0	0	1	-Inf	"SD"	23	39.6551724137931
"ECK120000169"	"cydB"	"+"	772265	773404	1140	"MOPS2h"	2989	249.652202354574	3	121	0	1	-Inf	"SD"	1	2.38095238095238
"ECK120000170"	"cynS"	"+"	358713	359183	471	"MOPS2h"	7	1.4151141409439	12	559	21.4669051878354	0.509554140127389	0.762115982506311	"AD"	NA	NA
"ECK120000173"	"cyoA"	"-"	449887	450834	948	"MOPS2h"	1858	186.617217720697	2	143	0	1	-Inf	"SD"	24	68.5714285714286
"ECK120000174"	"cyoB"	"-"	447874	449865	1992	"MOPS2h"	3279	156.735156002656	6	143	0	1	-Inf	"SD"	2	2.7027027027027
"ECK120000175"	"cyoC"	"-"	447270	447884	615	"MOPS2h"	1604	248.338232672906	2	100	0	1	-Inf	"SD"	NA	NA
"ECK120000176"	"cyoD"	"-"	446941	447270	330	"MOPS2h"	694	200.24416437528	1	100	0	1	-Inf	"SD"	NA	NA
"ECK120000177"	"cyoE"	"-"	446039	446929	891	"MOPS2h"	1370	146.405435582311	1	41	0	1	-Inf	"SD"	NA	NA
"ECK120000178"	"cysA"	"-"	2537739	2538836	1098	"MOPS2h"	1827	158.434787304531	0	0	0	1	-Inf	"SD"	3	7.31707317073171
"ECK120000179"	"cysB"	"+"	1331879	1332853	975	"MOPS2h"	816	79.6892759668594	2	120	0	1	-Inf	"SD"	16	44.4444444444444
"ECK120000180"	"cysC"	"-"	2871409	2872014	606	"MOPS2h"	829	130.255552182653	2	100	0	1	-Inf	"SD"	2	9.09090909090909
"ECK120000183"	"cysG"	"+"	3495850	3497223	1374	"MOPS2h"	474	32.847774217331	8	206	0	1	-Inf	"SD"	2	4
"ECK120000184"	"cysH"	"-"	2885600	2886334	735	"MOPS2h"	2240	290.185038534782	0	0	0	1	-Inf	"SD"	11	39.2857142857143
"ECK120000185"	"cysI"	"-"	2886409	2888121	1713	"MOPS2h"	4802	266.918779698669	1	100	0	1	-Inf	"SD"	24	37.5
"ECK120000187"	"cysK"	"+"	2530431	2531402	972	"MOPS2h"	9199	901.132580361218	3	97	0	1	-Inf	"SD"	194	570.588235294118
"ECK120000189"	"cysN"	"-"	2872014	2873441	1428	"MOPS2h"	3022	201.502570416386	1	56	0	1	-Inf	"SD"	22	41.5094339622642
"ECK120000190"	"cysP"	"-"	2540534	2541550	1017	"MOPS2h"	3276	306.716597699098	0	0	0	1	-Inf	"SD"	35	92.1052631578947
"ECK120000192"	"cysU"	"-"	2539701	2540534	834	"MOPS2h"	934	106.633868139636	0	0	0	1	-Inf	"SD"	2	6.66666666666667
"ECK120000193"	"cysW"	"-"	2538826	2539701	876	"MOPS2h"	1791	194.673043028176	1	100	0	1	-Inf	"SD"	1	3.03030303030303
"ECK120000194"	"cytR"	"-"	4121454	4122479	1026	"MOPS2h"	391	36.286387539734	2	62	0	0.914230019493177	-Inf	"SD"	NA	NA
"ECK120000195"	"dacA"	"-"	661975	663186	1212	"MOPS2h"	1457	114.464619740727	3	153	0	1	-Inf	"SD"	25	56.8181818181818
"ECK120000198"	"dam"	"-"	3513099	3513935	837	"MOPS2h"	204	23.2070024097037	19	439	27.3348519362187	1	-3.27345387447002	"SD"	4	12.5
"ECK120000200"	"dapB"	"+"	28374	29195	822	"MOPS2h"	186	21.5454448090948	0	0	0	1	-Inf	"SD"	9	31.0344827586207
"ECK120000201"	"dapD"	"-"	185123	185947	825	"MOPS2h"	2492	287.612943875042	1	57	0	1	-Inf	"SD"	42	140
"ECK120000202"	"dapE"	"+"	2589629	2590756	1128	"MOPS2h"	348	29.3754468862504	1	68	0	1	-Inf	"SD"	7	17.0731707317073
"ECK120000203"	"dapF"	"+"	3992785	3993609	825	"MOPS2h"	1152	132.957508565027	5	193	0	1	-Inf	"SD"	8	26.6666666666667
"ECK120000205"	"dcm"	"-"	2028923	2030341	1419	"MOPS2h"	598	40.126670563775	3	41	0	0.99154334038055	-Inf	"SD"	4	7.54716981132075
"ECK120000208"	"ddlB"	"+"	102233	103153	921	"MOPS2h"	464	47.9703280314013	0	0	0	1	-Inf	"SD"	7	21.2121212121212
"ECK120000209"	"deaD"	"-"	3303993	3305882	1890	"MOPS2h"	8981	452.456915118208	13	160	56.25	1	-7.97363970236656	"SD"	19	26.7605633802817
"ECK120000210"	"dedA"	"-"	2432104	2432763	660	"MOPS2h"	266	38.3753225675969	4	199	0	1	-Inf	"SD"	NA	NA
"ECK120000211"	"accD"	"-"	2431034	2431948	915	"MOPS2h"	2366	246.211301650259	0	0	0	1	-Inf	"SD"	13	39.3939393939394
"ECK120000212"	"dedD"	"-"	2429044	2429706	663	"MOPS2h"	222	31.882603922727	1	97	0	1	-Inf	"SD"	4	17.3913043478261
"ECK120000213"	"deoA"	"+"	4616252	4617574	1323	"MOPS2h"	208	14.9698630990165	3	137	0	1	-Inf	"SD"	63	134.042553191489
"ECK120000214"	"deoB"	"+"	4617626	4618849	1224	"MOPS2h"	1302	101.284713587852	2	100	0	1	-Inf	"SD"	106	240.909090909091
"ECK120000216"	"deoD"	"+"	4618906	4619625	720	"MOPS2h"	229	30.2842849460453	4	85	0	1	-Inf	"SD"	150	576.923076923077
"ECK120000221"	"dicB"	"+"	1647633	1647821	189	"MOPS2h"	1	0	0	0	0	0.0740740740740741	NA	"NO"	NA	NA
"ECK120000224"	"dksA"	"-"	160149	160604	456	"MOPS2h"	4030	841.500815899075	0	0	0	1	-Inf	"SD"	6	33.3333333333333
"ECK120000226"	"dmsA"	"+"	940182	942626	2445	"MOPS2h"	825	32.1284240325607	5	61	0	0.967689161554192	-Inf	"SD"	6	6.66666666666667
"ECK120000227"	"dmsB"	"+"	942637	943254	618	"MOPS2h"	33	5.08440108476446	0	0	0	0.956310679611651	-Inf	"SD"	1	4.34782608695652
"ECK120000231"	"dnaC"	"-"	4598261	4598998	738	"MOPS2h"	490	63.2199366218434	0	0	0	1	-Inf	"SD"	2	7.14285714285714
"ECK120000232"	"dnaE"	"+"	205126	208608	3483	"MOPS2h"	1617	44.2049479324827	8	78	0	0.990812517944301	-Inf	"SD"	8	6.15384615384615
"ECK120000233"	"dnaG"	"+"	3209129	3210874	1746	"MOPS2h"	591	32.229797691645	4	100	0	1	-Inf	"SD"	6	9.09090909090909
"ECK120000234"	"dnaJ"	"+"	14168	15298	1131	"MOPS2h"	594	50.0078493960388	0	0	0	1	-Inf	"SD"	8	19.5121951219512
"ECK120000236"	"dnaN"	"-"	3879244	3880344	1101	"MOPS2h"	1741	150.565610721364	13	193	36.2694300518135	1	-6.74882165779916	"SD"	10	24.390243902439
"ECK120000238"	"dnaT"	"-"	4599001	4599540	540	"MOPS2h"	341	60.1277506061219	2	136	0	1	-Inf	"SD"	0	0
"ECK120000239"	"dnaX"	"+"	491316	493247	1932	"MOPS2h"	849	41.8422380631844	1	100	0	1	-Inf	"SD"	4	5.63380281690141
"ECK120000241"	"acpS"	"-"	2698640	2699020	381	"MOPS2h"	236	58.9795378518036	0	0	0	1	-Inf	"SD"	NA	NA
"ECK120000242"	"dppA"	"-"	3704121	3705728	1608	"MOPS2h"	6455	382.229797288775	8	131	45.8015267175573	1	-8.31526203406449	"SD"	57	95
"ECK120000245"	"dut"	"+"	3811955	3812410	456	"MOPS2h"	1862	388.802610224337	0	0	0	1	-Inf	"SD"	1	6.25
"ECK120000246"	"ebgA"	"+"	3220655	3223747	3093	"MOPS2h"	9	0	12	136	0	0.158098933074685	NA	"NO"	NA	NA
"ECK120000247"	"ebgC"	"+"	3223744	3224193	450	"MOPS2h"	3	0.634779771794836	0	0	0	0.28	-Inf	"SD"	NA	NA
"ECK120000251"	"edd"	"-"	1930817	1932628	1812	"MOPS2h"	530	27.8504370075549	2	45	0	0.814569536423841	-Inf	"SD"	0	0
"ECK120000253"	"entA"	"+"	627774	628520	747	"MOPS2h"	9	1.14719235866537	1	44	0	0.605087014725569	-Inf	"SD"	NA	NA
"ECK120000254"	"entB"	"+"	626917	627774	858	"MOPS2h"	4	0	1	60	0	0.244755244755245	NA	"NO"	NA	NA
"ECK120000257"	"entE"	"+"	625293	626903	1611	"MOPS2h"	4	0	4	163	0	0.196772191185599	NA	"NO"	NA	NA
"ECK120000258"	"entF"	"+"	613380	617261	3882	"MOPS2h"	35	0.858473416260404	3	169	0	0.456465739309634	-Inf	"SD"	1	0.704225352112676
"ECK120000259"	"lpxC"	"+"	106557	107474	918	"MOPS2h"	12083	1253.27516055506	0	0	0	1	-Inf	"SD"	1	2.94117647058824
"ECK120000261"	"acrF"	"+"	3413055	3416159	3105	"MOPS2h"	30	0.919970683760631	7	133	0	0.402576489533011	-Inf	"SD"	NA	NA
"ECK120000262"	"envY"	"-"	585370	586131	762	"MOPS2h"	5	0.624783239955547	8	164	0	0.371391076115486	-Inf	"SD"	NA	NA
"ECK120000264"	"era"	"-"	2700503	2701408	906	"MOPS2h"	845	88.8061104580523	0	0	0	1	-Inf	"SD"	9	26.4705882352941
"ECK120000265"	"exbB"	"-"	3149272	3150006	735	"MOPS2h"	104	13.4728767891149	2	59	0	0.997278911564626	-Inf	"SD"	3	11.5384615384615
"ECK120000270"	"accC"	"+"	3403939	3405288	1350	"MOPS2h"	910	64.1832880370334	0	0	0	1	-Inf	"SD"	16	32.6530612244898
"ECK120000271"	"fabH"	"+"	1147982	1148935	954	"MOPS2h"	2415	241.036658629643	2	100	0	1	-Inf	"SD"	23	67.6470588235294
"ECK120000276"	"fbaA"	"-"	3068187	3069266	1080	"MOPS2h"	3004	264.844227009956	5	117	0	1	-Inf	"SD"	41	105.128205128205
"ECK120000279"	"fdhF"	"-"	4295242	4297389	2148	"MOPS2h"	182	8.06773173649861	14	302	26.4900662251656	0.951582867783985	-2.33409120798331	"SD"	NA	NA
"ECK120000280"	"fecA"	"-"	4512376	4514700	2325	"MOPS2h"	79	3.23532915947045	4	54	0	0.692043010752688	-Inf	"SD"	3	3.52941176470588
"ECK120000281"	"fecB"	"-"	4511429	4512331	903	"MOPS2h"	42	4.42869608228955	3	130	0	0.921373200442968	-Inf	"SD"	7	21.2121212121212
"ECK120000282"	"fecC"	"-"	4510434	4511432	999	"MOPS2h"	10	0.953122780472726	1	44	0	0.502502502502503	-Inf	"SD"	NA	NA
"ECK120000283"	"fecD"	"-"	4509481	4510437	957	"MOPS2h"	15	1.49242893055212	2	102	0	0.316614420062696	-Inf	"SD"	NA	NA
"ECK120000286"	"fecR"	"-"	4514787	4515740	954	"MOPS2h"	18	1.79654652394765	2	53	0	0.70335429769392	-Inf	"SD"	NA	NA
"ECK120000292"	"fepG"	"-"	619419	620411	993	"MOPS2h"	8	0.767105464404635	3	123	0	0.321248741188318	-Inf	"SD"	NA	NA
"ECK120000296"	"fhuA"	"+"	167484	169727	2244	"MOPS2h"	132	5.60099798642502	14	157	0	0.631016042780749	-Inf	"SD"	1	1.21951219512195
"ECK120000298"	"fhuC"	"+"	169778	170575	798	"MOPS2h"	30	3.57958517929419	0	0	0	0.897243107769424	-Inf	"SD"	NA	NA
"ECK120000299"	"fhuD"	"+"	170575	171465	891	"MOPS2h"	25	2.67163203617355	0	0	0	0.727272727272727	-Inf	"SD"	NA	NA
"ECK120000301"	"fic"	"-"	3488883	3489485	603	"MOPS2h"	25	3.94763539673405	0	0	0	0.900497512437811	-Inf	"SD"	0	0
"ECK120000302"	"fimA"	"+"	4541138	4541686	549	"MOPS2h"	11209	1944.05641039571	2	35	0	1	-Inf	"SD"	3	16.6666666666667
"ECK120000304"	"fimC"	"+"	4542327	4543052	726	"MOPS2h"	1017	133.382443784163	1	100	0	1	-Inf	"SD"	6	22.2222222222222
"ECK120000305"	"fimD"	"+"	4543119	4545755	2637	"MOPS2h"	937	33.8332563237634	10	182	49.4505494505495	0.986348122866894	-4.23237322612234	"SD"	NA	NA
"ECK120000306"	"fimE"	"+"	4540060	4540656	597	"MOPS2h"	13	2.0734012646565	2	136	0	0.561139028475712	-Inf	"SD"	NA	NA
"ECK120000307"	"fimF"	"+"	4545765	4546295	531	"MOPS2h"	81	14.5246218970005	0	0	0	1	-Inf	"SD"	1	5.26315789473684
"ECK120000308"	"fimG"	"+"	4546308	4546811	504	"MOPS2h"	62	11.7131981700237	3	125	0	1	-Inf	"SD"	NA	NA
"ECK120000310"	"lpxD"	"+"	200971	201996	1026	"MOPS2h"	2290	212.521297866984	1	39	0	1	-Inf	"SD"	20	55.5555555555556
"ECK120000311"	"fis"	"+"	3409293	3409589	297	"MOPS2h"	1009	323.481206939894	0	0	0	1	-Inf	"SD"	2	18.1818181818182
"ECK120000312"	"fldA"	"-"	710158	710688	531	"MOPS2h"	553	99.1619248029785	1	100	0	1	-Inf	"SD"	4	20
"ECK120000313"	"flhC"	"-"	1975290	1975868	579	"MOPS2h"	347	57.0643991743026	1	79	0	1	-Inf	"SD"	NA	NA
"ECK120000314"	"flhD"	"-"	1975871	1976221	351	"MOPS2h"	150	40.6910110124895	0	0	0	1	-Inf	"SD"	NA	NA
"ECK120000316"	"fliL"	"+"	2017642	2018106	465	"MOPS2h"	6	1.22860600992549	0	0	0	0.38494623655914	-Inf	"SD"	5	29.4117647058824
"ECK120000317"	"fliM"	"+"	2018111	2019115	1005	"MOPS2h"	19	1.80012174091073	4	171	0	0.394029850746269	-Inf	"SD"	9	23.6842105263158
"ECK120000318"	"fliN"	"+"	2019112	2019525	414	"MOPS2h"	12	2.75991205128189	0	0	0	0.289855072463768	-Inf	"SD"	1	6.66666666666667
"ECK120000319"	"fnr"	"-"	1396798	1397550	753	"MOPS2h"	2141	270.729779165885	8	250	28	1	-7.595282949426	"SD"	5	17.8571428571429
"ECK120000321"	"folC"	"-"	2429696	2430964	1269	"MOPS2h"	282	21.1593257264945	2	97	0	1	-Inf	"SD"	13	28.8888888888889
"ECK120000325"	"frdB"	"-"	4377806	4378540	735	"MOPS2h"	398	51.559663096805	0	0	0	1	-Inf	"SD"	14	51.8518518518519
"ECK120000326"	"frdC"	"-"	4377400	4377795	396	"MOPS2h"	359	86.3204310887674	2	92	0	1	-Inf	"SD"	NA	NA
"ECK120000327"	"frdD"	"-"	4377030	4377389	360	"MOPS2h"	134	35.4418705918783	1	100	0	1	-Inf	"SD"	1	7.69230769230769
"ECK120000329"	"frr"	"+"	192872	193429	558	"MOPS2h"	2539	433.254258222335	0	0	0	1	-Inf	"SD"	16	76.1904761904762
"ECK120000330"	"fruA"	"-"	2257741	2259432	1692	"MOPS2h"	252	14.1812502209485	1	39	0	0.99645390070922	-Inf	"SD"	5	8.62068965517241
"ECK120000331"	"fruK"	"-"	2259449	2260387	939	"MOPS2h"	185	18.7594660993681	3	109	0	1	-Inf	"SD"	6	17.6470588235294
"ECK120000332"	"cra"	"+"	88028	89032	1005	"MOPS2h"	599	56.7512064634487	0	0	0	1	-Inf	"SD"	21	55.2631578947368
"ECK120000333"	"ftsA"	"+"	103982	105244	1263	"MOPS2h"	1865	140.601457766908	0	0	0	1	-Inf	"SD"	14	31.1111111111111
"ECK120000334"	"ftsE"	"-"	3600102	3600770	669	"MOPS2h"	1012	144.035230730129	0	0	0	1	-Inf	"SD"	3	12.5
"ECK120000335"	"ftsI"	"+"	91413	93179	1767	"MOPS2h"	1085	58.4665579284717	4	102	0	1	-Inf	"SD"	4	6.25
"ECK120000336"	"ftsQ"	"+"	103155	103985	831	"MOPS2h"	988	113.206212009621	1	66	0	1	-Inf	"SD"	0	0
"ECK120000338"	"ftsW"	"+"	98403	99647	1245	"MOPS2h"	181	13.8427877945621	1	50	0	1	-Inf	"SD"	NA	NA
"ECK120000339"	"ftsX"	"-"	3599051	3600109	1059	"MOPS2h"	583	52.4187828550126	3	103	0	1	-Inf	"SD"	4	10.2564102564103
"ECK120000341"	"ftsZ"	"+"	105305	106456	1152	"MOPS2h"	5897	487.408374254446	1	42	0	1	-Inf	"SD"	50	125
"ECK120000343"	"fucI"	"+"	2933606	2935381	1776	"MOPS2h"	21	1.12587628443341	8	229	0	0.533220720720721	-Inf	"SD"	8	12.3076923076923
"ECK120000344"	"fucK"	"+"	2935460	2936908	1449	"MOPS2h"	282	18.530838058607	1	38	0	0.789510006901311	-Inf	"SD"	NA	NA
"ECK120000348"	"fucU"	"+"	2936910	2937332	423	"MOPS2h"	375	84.4122036961217	2	64	0	1	-Inf	"SD"	3	20
"ECK120000350"	"fumB"	"-"	4343703	4345349	1647	"MOPS2h"	47	2.71718117252798	9	110	0	0.74802671523983	-Inf	"SD"	10	16.6666666666667
"ECK120000353"	"fusA"	"-"	3469422	3471536	2115	"MOPS2h"	65436	2945.91837923169	2	57	0	1	-Inf	"SD"	408	523.076923076923
"ECK120000354"	"gabT"	"+"	2790757	2792037	1281	"MOPS2h"	33	2.45289607368028	1	100	0	0.784543325526932	-Inf	"SD"	2	4.34782608695652
"ECK120000355"	"galE"	"-"	790262	791278	1017	"MOPS2h"	116	10.8605388684662	3	67	0	1	-Inf	"SD"	14	37.8378378378378
"ECK120000356"	"galK"	"-"	788054	789202	1149	"MOPS2h"	1930	159.937984277289	6	206	0	0.934725848563969	-Inf	"SD"	7	17.0731707317073
"ECK120000358"	"galS"	"-"	2238650	2239690	1041	"MOPS2h"	5	0.457334129535184	1	100	0	0.292026897214217	-Inf	"SD"	0	0
"ECK120000359"	"galT"	"-"	789206	790252	1047	"MOPS2h"	65	5.91127294651351	7	206	0	0.884431709646609	-Inf	"SD"	3	7.5
"ECK120000361"	"epd"	"-"	3070694	3071713	1020	"MOPS2h"	2582	241.029613349157	5	87	0	1	-Inf	"SD"	3	8.10810810810811
"ECK120000363"	"ispG"	"-"	2638708	2639826	1119	"MOPS2h"	1297	110.363185525188	2	55	0	1	-Inf	"SD"	28	68.2926829268293
"ECK120000364"	"gcvH"	"-"	3047182	3047571	390	"MOPS2h"	75	18.3109549556203	1	97	0	1	-Inf	"SD"	0	0
"ECK120000368"	"mnmG"	"-"	3921767	3923656	1890	"MOPS2h"	2282	114.96566978062	7	145	0	1	-Inf	"SD"	16	22.8571428571429
"ECK120000369"	"rsmG"	"-"	3921080	3921703	624	"MOPS2h"	272	41.5048312327392	14	284	24.6478873239437	1	-4.88978054610051	"SD"	3	13.0434782608696
"ECK120000370"	"glgA"	"-"	3564623	3566056	1434	"MOPS2h"	558	37.0509532072718	1	48	0	1	-Inf	"SD"	0	0
"ECK120000371"	"glgB"	"-"	3569339	3571525	2187	"MOPS2h"	1713	74.5800925298047	2	98	0	1	-Inf	"SD"	1	1.19047619047619
"ECK120000372"	"glgC"	"-"	3566056	3567351	1296	"MOPS2h"	1151	84.5638330249833	4	137	0	1	-Inf	"SD"	4	8.16326530612245
"ECK120000374"	"glgX"	"-"	3567369	3569342	1974	"MOPS2h"	748	36.0801876369709	8	155	0	1	-Inf	"SD"	1	1.35135135135135
"ECK120000375"	"glmS"	"-"	3909862	3911691	1830	"MOPS2h"	3986	207.39607953887	4	100	0	1	-Inf	"SD"	58	86.5671641791045
"ECK120000378"	"glnG"	"-"	4051892	4053301	1410	"MOPS2h"	112	7.56333345117251	1	48	0	0.817021276595745	-Inf	"SD"	3	5.76923076923077
"ECK120000379"	"glnH"	"-"	846481	847227	747	"MOPS2h"	3611	460.27906746007	1	47	0	1	-Inf	"SD"	73	270.37037037037
"ECK120000380"	"glnL"	"-"	4053313	4054362	1050	"MOPS2h"	50	4.53414122710597	2	105	0	0.918095238095238	-Inf	"SD"	3	7.69230769230769
"ECK120000381"	"glnP"	"-"	845683	846342	660	"MOPS2h"	1236	178.315408622367	0	0	0	1	-Inf	"SD"	2	8.33333333333333
"ECK120000382"	"glnQ"	"-"	844964	845686	723	"MOPS2h"	1092	143.813176514515	0	0	0	1	-Inf	"SD"	9	33.3333333333333
"ECK120000383"	"glnS"	"+"	705316	706980	1665	"MOPS2h"	3431	196.209855588115	3	112	0	1	-Inf	"SD"	30	47.6190476190476
"ECK120000385"	"glpB"	"+"	2352287	2353546	1260	"MOPS2h"	445	33.6282141010359	1	36	0	0.990476190476191	-Inf	"SD"	26	57.7777777777778
"ECK120000386"	"glpC"	"+"	2353543	2354733	1191	"MOPS2h"	184	14.7102617141372	4	66	0	0.973131821998321	-Inf	"SD"	11	25
"ECK120000390"	"glpG"	"-"	3558645	3559475	831	"MOPS2h"	139	15.9267848879932	1	70	0	1	-Inf	"SD"	1	3.2258064516129
"ECK120000391"	"glpK"	"-"	4113737	4115245	1509	"MOPS2h"	56	3.53356533007066	3	67	0	0.818422796554009	-Inf	"SD"	2	3.57142857142857
"ECK120000396"	"gltB"	"+"	3352654	3357207	4554	"MOPS2h"	6080	127.123221756015	3	48	0	1	-Inf	"SD"	82	50.3067484662577
"ECK120000397"	"gltD"	"+"	3357220	3358638	1419	"MOPS2h"	2028	136.081752346715	4	100	0	1	-Inf	"SD"	12	23.0769230769231
"ECK120000402"	"glyQ"	"-"	3722430	3723341	912	"MOPS2h"	2875	300.163132222065	2	55	0	1	-Inf	"SD"	27	77.1428571428571
"ECK120000404"	"gnd"	"-"	2097886	2099292	1407	"MOPS2h"	5920	400.628597977124	0	0	0	1	-Inf	"SD"	69	135.294117647059
"ECK120000411"	"gshA"	"-"	2812905	2814461	1557	"MOPS2h"	1476	90.2634820008841	0	0	0	1	-Inf	"SD"	15	25.8620689655172
"ECK120000412"	"gshB"	"+"	3089900	3090850	951	"MOPS2h"	1079	108.032708795998	1	100	0	1	-Inf	"SD"	19	52.7777777777778
"ECK120000417"	"gyrB"	"-"	3875728	3878142	2415	"MOPS2h"	4767	187.950010692297	7	243	24.6913580246914	1	-7.29117078139541	"SD"	58	64.4444444444444
"ECK120000418"	"hdhA"	"-"	1695297	1696064	768	"MOPS2h"	667	82.6949429271788	5	112	0	1	-Inf	"SD"	6	22.2222222222222
"ECK120000423"	"hemD"	"-"	3987111	3987851	741	"MOPS2h"	590	75.8137784127435	3	82	0	1	-Inf	"SD"	3	10.7142857142857
"ECK120000426"	"hemX"	"-"	3985908	3987089	1182	"MOPS2h"	755	60.8196354955712	2	38	0	1	-Inf	"SD"	4	9.30232558139535
"ECK120000427"	"hemY"	"-"	3984709	3985905	1197	"MOPS2h"	417	33.1708226614594	5	99	0	1	-Inf	"SD"	3	6.66666666666667
"ECK120000428"	"hflC"	"+"	4401323	4402327	1005	"MOPS2h"	1828	173.190660125516	3	100	0	1	-Inf	"SD"	11	28.9473684210526
"ECK120000429"	"hflK"	"+"	4400061	4401320	1260	"MOPS2h"	1533	115.847308352557	1	65	0	1	-Inf	"SD"	19	41.304347826087
"ECK120000430"	"hflX"	"+"	4398695	4399975	1281	"MOPS2h"	1565	116.326738039686	0	0	0	1	-Inf	"SD"	12	25
"ECK120000431"	"hfq"	"+"	4398311	4398619	309	"MOPS2h"	1297	399.664739814515	0	0	0	1	-Inf	"SD"	16	145.454545454545
"ECK120000432"	"hha"	"-"	479314	479532	219	"MOPS2h"	109	47.3910925518062	0	0	0	1	-Inf	"SD"	1	11.1111111111111
"ECK120000433"	"ihfA"	"-"	1793277	1793576	300	"MOPS2h"	4563	1448.25004934992	2	100	0	1	-Inf	"SD"	7	63.6363636363636
"ECK120000434"	"ihfB"	"+"	963051	963335	285	"MOPS2h"	5340	1784.06525336022	0	0	0	1	-Inf	"SD"	12	109.090909090909
"ECK120000435"	"hipB"	"-"	1590200	1590466	267	"MOPS2h"	64	22.8235423566682	1	36	0	1	-Inf	"SD"	NA	NA
"ECK120000436"	"hipA"	"-"	1588878	1590200	1323	"MOPS2h"	80	5.7576396534679	2	44	0	0.91156462585034	-Inf	"SD"	NA	NA
"ECK120000437"	"hisA"	"+"	2093149	2093886	738	"MOPS2h"	151	19.4820621018334	0	0	0	1	-Inf	"SD"	6	23.0769230769231
"ECK120000438"	"hisB"	"+"	2091492	2092559	1068	"MOPS2h"	396	35.3051670829712	2	60	0	1	-Inf	"SD"	6	15
"ECK120000439"	"hisC"	"+"	2090422	2091492	1071	"MOPS2h"	193	17.1586128790481	2	42	0	1	-Inf	"SD"	7	17.9487179487179
"ECK120000440"	"hisD"	"+"	2089121	2090425	1305	"MOPS2h"	181	13.206337781019	0	0	0	0.934865900383142	-Inf	"SD"	5	10.8695652173913
"ECK120000441"	"hisF"	"+"	2093868	2094644	777	"MOPS2h"	150	18.3816536234026	1	70	0	1	-Inf	"SD"	6	21.4285714285714
"ECK120000442"	"hisG"	"+"	2088216	2089115	900	"MOPS2h"	248	26.2375639008532	2	99	0	1	-Inf	"SD"	12	36.3636363636364
"ECK120000443"	"hisH"	"+"	2092559	2093149	591	"MOPS2h"	112	18.0445011271628	0	0	0	1	-Inf	"SD"	4	18.1818181818182
"ECK120000445"	"hisP"	"-"	2421758	2422531	774	"MOPS2h"	169	20.7902677196371	1	35	0	1	-Inf	"SD"	4	13.7931034482759
"ECK120000446"	"hisS"	"-"	2637323	2638597	1275	"MOPS2h"	1567	117.023517929707	0	0	0	1	-Inf	"SD"	20	42.5531914893617
"ECK120000447"	"truA"	"-"	2432846	2433658	813	"MOPS2h"	619	72.496066188377	2	104	0	1	-Inf	"SD"	3	10
"ECK120000448"	"hlpA"	"+"	200482	200967	486	"MOPS2h"	1423	278.793708414831	0	0	0	1	-Inf	"SD"	68	377.777777777778
"ECK120000451"	"hsdM"	"-"	4579482	4581071	1590	"MOPS2h"	409	24.4929176098196	3	65	0	0.99811320754717	-Inf	"SD"	14	23.728813559322
"ECK120000453"	"hsdS"	"-"	4578091	4579485	1395	"MOPS2h"	17	1.16035012048518	21	336	59.5238095238095	0.427956989247312	1.78543981458355	"AD"	2	3.92156862745098
"ECK120000454"	"htpG"	"+"	494344	496218	1875	"MOPS2h"	4110	208.715588966142	3	100	0	1	-Inf	"SD"	63	88.7323943661972
"ECK120000456"	"degP"	"+"	180884	182308	1425	"MOPS2h"	377	25.190734101753	4	233	0	1	-Inf	"SD"	34	69.3877551020408
"ECK120000459"	"hupA"	"+"	4198304	4198576	273	"MOPS2h"	6266	2185.45607146508	1	82	0	1	-Inf	"SD"	28	280
"ECK120000460"	"hupB"	"+"	460675	460947	273	"MOPS2h"	4770	1663.6810502535	0	0	0	1	-Inf	"SD"	49	544.444444444444
"ECK120000462"	"hyaB"	"+"	1032477	1034270	1794	"MOPS2h"	28	1.48610648915179	2	70	0	0.677257525083612	-Inf	"SD"	0	0
"ECK120000463"	"hyaC"	"+"	1034289	1034996	708	"MOPS2h"	9	1.21038515808337	1	79	0	0.399717514124294	-Inf	"SD"	NA	NA
"ECK120000464"	"hyaD"	"+"	1034993	1035580	588	"MOPS2h"	30	4.85800845761354	0	0	0	0.892857142857143	-Inf	"SD"	NA	NA
"ECK120000465"	"hyaE"	"+"	1035577	1035975	399	"MOPS2h"	6	1.43183407171767	0	0	0	0.408521303258145	-Inf	"SD"	NA	NA
"ECK120000466"	"hyaF"	"+"	1035972	1036829	858	"MOPS2h"	10	1.10975484579517	0	0	0	0.433566433566434	-Inf	"SD"	NA	NA
"ECK120000468"	"hycB"	"-"	2847260	2847871	612	"MOPS2h"	3	0.466749832202085	0	0	0	0.300653594771242	-Inf	"SD"	NA	NA
"ECK120000469"	"hycC"	"-"	2845437	2847263	1827	"MOPS2h"	9	0.469049092459238	0	0	0	0.360700602079912	-Inf	"SD"	NA	NA
"ECK120000470"	"hycD"	"-"	2844511	2845434	924	"MOPS2h"	3	0	0	0	0	0.123376623376623	NA	"NO"	NA	NA
"ECK120000471"	"hycE"	"-"	2842784	2844493	1710	"MOPS2h"	19	1.05796628632473	7	170	0	0.488304093567251	-Inf	"SD"	NA	NA
"ECK120000472"	"hycF"	"-"	2842232	2842774	543	"MOPS2h"	10	1.7535352812012	1	57	0	0.723756906077348	-Inf	"SD"	NA	NA
"ECK120000473"	"hycG"	"-"	2841465	2842232	768	"MOPS2h"	49	6.07504078475526	2	76	0	0.700520833333333	-Inf	"SD"	NA	NA
"ECK120000474"	"hycH"	"-"	2841058	2841468	411	"MOPS2h"	111	25.7155309011776	0	0	0	1	-Inf	"SD"	NA	NA
"ECK120000477"	"hypB"	"+"	2849023	2849895	873	"MOPS2h"	144	15.7058912609031	5	92	0	1	-Inf	"SD"	8	25
"ECK120000478"	"hypC"	"+"	2849886	2850158	273	"MOPS2h"	39	13.6024236813179	0	0	0	1	-Inf	"SD"	NA	NA
"ECK120000479"	"hypD"	"+"	2850158	2851279	1122	"MOPS2h"	108	9.16526943233185	10	291	27.4914089347079	0.947415329768271	-2.5181053873247	"SD"	2	4.8780487804878
"ECK120000480"	"hypE"	"+"	2851318	2852286	969	"MOPS2h"	63	6.19057672183818	6	197	30.4568527918782	0.917440660474716	-2.3670394131337	"SD"	2	5.71428571428571
"ECK120000485"	"ileS"	"+"	22391	25207	2817	"MOPS2h"	15197	513.6713627245	2	47	0	1	-Inf	"SD"	91	87.5
"ECK120000487"	"ilvB"	"-"	3849119	3850807	1689	"MOPS2h"	40	2.25499030832979	6	178	0	0.515097690941385	-Inf	"SD"	8	13.3333333333333
"ECK120000489"	"ilvD"	"+"	3951501	3953351	1851	"MOPS2h"	6248	321.402270192393	0	0	0	1	-Inf	"SD"	14	21.2121212121212
"ECK120000490"	"ilvE"	"+"	3950507	3951436	930	"MOPS2h"	3351	343.088228271693	1	67	0	1	-Inf	"SD"	13	38.2352941176471
"ECK120000491"	"ilvG_2"	"+"	3949646	3950227	582	"MOPS2h"	6514	1065.71016326587	4	96	0	1	-Inf	"SD"	NA	NA
"ECK120000492"	"ilvH"	"+"	87357	87848	492	"MOPS2h"	386	74.7027414368313	1	100	0	1	-Inf	"SD"	7	38.8888888888889
"ECK120000493"	"ilvI"	"+"	85630	87354	1725	"MOPS2h"	1465	80.8654231025595	2	82	0	1	-Inf	"SD"	4	6.34920634920635
"ECK120000494"	"ilvM"	"+"	3950224	3950487	264	"MOPS2h"	570	205.582085183555	0	0	0	1	-Inf	"SD"	NA	NA
"ECK120000495"	"ilvN"	"-"	3848825	3849115	291	"MOPS2h"	4	1.30882427174193	1	46	0	0.649484536082474	-Inf	"SD"	0	0
"ECK120000497"	"infA"	"-"	925448	925666	219	"MOPS2h"	1081	469.997899527546	1	35	0	1	-Inf	"SD"	1	12.5
"ECK120000498"	"infB"	"-"	3311364	3314036	2673	"MOPS2h"	5581	198.805045251794	5	101	0	1	-Inf	"SD"	101	104.123711340206
"ECK120000499"	"infC"	"-"	1798120	1798662	543	"MOPS2h"	11197	1963.43345436099	0	0	0	1	-Inf	"SD"	42	200
"ECK120000501"	"ispA"	"-"	439426	440325	900	"MOPS2h"	1062	112.356019607686	1	47	0	1	-Inf	"SD"	7	21.875
"ECK120000504"	"katG"	"+"	4131858	4134038	2181	"MOPS2h"	1264	55.1830558149018	1	100	0	1	-Inf	"SD"	147	183.75
"ECK120000505"	"kbl"	"-"	3789378	3790574	1197	"MOPS2h"	329	26.1707449775064	0	0	0	1	-Inf	"SD"	20	46.5116279069767
"ECK120000506"	"kdpA"	"-"	726282	727955	1674	"MOPS2h"	9	0	0	0	0	0.241935483870968	NA	"NO"	NA	NA
"ECK120000507"	"kdpB"	"-"	724211	726259	2049	"MOPS2h"	32	1.48703899688395	3	158	0	0.555880917520742	-Inf	"SD"	NA	NA
"ECK120000508"	"kdpC"	"-"	723630	724202	573	"MOPS2h"	171	28.415534287151	0	0	0	0.539267015706806	-Inf	"SD"	NA	NA
"ECK120000509"	"kdpD"	"-"	720953	723637	2685	"MOPS2h"	542	19.2207059392626	1	99	0	0.984729981378026	-Inf	"SD"	1	1.01010101010101
"ECK120000512"	"kdsB"	"+"	970075	970821	747	"MOPS2h"	544	69.3414047904399	4	100	0	1	-Inf	"SD"	5	17.8571428571429
"ECK120000514"	"kefC"	"+"	47769	49631	1863	"MOPS2h"	115	5.87759047958181	2	97	0	0.893719806763285	-Inf	"SD"	NA	NA
"ECK120000516"	"rsmA"	"-"	51609	52430	822	"MOPS2h"	593	68.6905847945871	7	122	0	1	-Inf	"SD"	7	23.3333333333333
"ECK120000518"	"lacI"	"-"	365652	366734	1083	"MOPS2h"	98	8.61612432630109	12	329	36.4741641337386	0.926131117266851	-1.84400466155575	"SD"	1	2.56410256410256
"ECK120000519"	"lacY"	"-"	361150	362403	1254	"MOPS2h"	6	0	8	186	0	0.176236044657097	NA	"NO"	NA	NA
"ECK120000520"	"lacZ"	"-"	362455	365529	3075	"MOPS2h"	14	0.433508136835497	3	100	0	0.261463414634146	-Inf	"SD"	4	3.44827586206897
"ECK120000521"	"lamB"	"+"	4245994	4247334	1341	"MOPS2h"	16	1.13607117994601	5	258	0	0.545115585384042	-Inf	"SD"	10	20
"ECK120000522"	"lepA"	"-"	2703347	2705146	1800	"MOPS2h"	2490	131.716802647428	0	0	0	1	-Inf	"SD"	24	35.8208955223881
"ECK120000523"	"lepB"	"-"	2702357	2703331	975	"MOPS2h"	917	89.5527770362868	0	0	0	1	-Inf	"SD"	3	8.33333333333333
"ECK120000526"	"lexA"	"+"	4255138	4255746	609	"MOPS2h"	1171	183.085495756589	0	0	0	1	-Inf	"SD"	6	27.2727272727273
"ECK120000527"	"ligA"	"-"	2526183	2528198	2016	"MOPS2h"	484	22.8596286866593	0	0	0	1	-Inf	"SD"	19	25.6756756756757
"ECK120000529"	"livF"	"-"	3590747	3591460	714	"MOPS2h"	47	6.26778346099943	0	0	0	1	-Inf	"SD"	0	0
"ECK120000530"	"livG"	"-"	3591462	3592229	768	"MOPS2h"	184	22.8123980488769	0	0	0	1	-Inf	"SD"	0	0
"ECK120000531"	"livH"	"-"	3593500	3594426	927	"MOPS2h"	204	20.9538953796353	0	0	0	1	-Inf	"SD"	NA	NA
"ECK120000534"	"livM"	"-"	3592226	3593503	1278	"MOPS2h"	206	15.3479616185136	0	0	0	1	-Inf	"SD"	0	0
"ECK120000535"	"lon"	"+"	458112	460466	2355	"MOPS2h"	6605	267.052254312413	3	100	0	1	-Inf	"SD"	56	64.367816091954
"ECK120000538"	"lpxA"	"+"	202560	203348	789	"MOPS2h"	2509	302.787537534837	2	39	0	1	-Inf	"SD"	4	14.2857142857143
"ECK120000539"	"lpxB"	"+"	203348	204496	1149	"MOPS2h"	731	60.577547412797	0	0	0	0.978241949521323	-Inf	"SD"	1	2.38095238095238
"ECK120000541"	"lspA"	"+"	25207	25701	495	"MOPS2h"	704	135.419684649565	0	0	0	1	-Inf	"SD"	3	16.6666666666667
"ECK120000543"	"lysC"	"-"	4229907	4231256	1350	"MOPS2h"	217	15.305245608831	2	63	0	1	-Inf	"SD"	3	6.12244897959184
"ECK120000548"	"malF"	"-"	4241554	4243098	1545	"MOPS2h"	20	1.23258208115502	6	225	0	0.415533980582524	-Inf	"SD"	0	0
"ECK120000549"	"malG"	"-"	4240649	4241539	891	"MOPS2h"	10	1.06865281446942	2	128	0	0.410774410774411	-Inf	"SD"	NA	NA
"ECK120000552"	"malM"	"+"	4247577	4248497	921	"MOPS2h"	10	1.03384327653882	13	386	20.7253886010363	0.331161780673181	0.630054405433949	"AD"	14	43.75
"ECK120000557"	"malY"	"+"	1698981	1700153	1173	"MOPS2h"	229	18.5888194042222	2	100	0	1	-Inf	"SD"	2	4.54545454545455
"ECK120000561"	"manY"	"+"	1901106	1901906	801	"MOPS2h"	767	91.175296810232	12	302	36.4238410596027	1	-5.37306756222695	"SD"	8	28.5714285714286
"ECK120000562"	"manZ"	"+"	1901919	1902770	852	"MOPS2h"	767	85.7176205927181	3	45	0	1	-Inf	"SD"	18	58.0645161290323
"ECK120000564"	"mazE"	"-"	2909113	2909361	249	"MOPS2h"	253	96.7465555807792	1	59	0	1	-Inf	"SD"	NA	NA
"ECK120000565"	"mazG"	"-"	2907916	2908707	792	"MOPS2h"	348	41.8377576864778	1	100	0	1	-Inf	"SD"	1	3.33333333333333
"ECK120000566"	"mcrA"	"+"	1209569	1210402	834	"MOPS2h"	34	3.88174680593964	0	0	0	0.858513189448441	-Inf	"SD"	0	0
"ECK120000567"	"mcrB"	"-"	4575981	4577360	1380	"MOPS2h"	9	0.620980211538426	7	165	0	0.257246376811594	-Inf	"SD"	1	1.88679245283019
"ECK120000572"	"menD"	"-"	2375611	2377281	1671	"MOPS2h"	269	15.3281650460333	1	100	0	0.988031119090365	-Inf	"SD"	5	8.19672131147541
"ECK120000573"	"mepA"	"-"	2443582	2444406	825	"MOPS2h"	300	34.6243511888092	2	105	0	1	-Inf	"SD"	1	3.33333333333333
"ECK120000578"	"metF"	"+"	4130639	4131529	891	"MOPS2h"	119	12.7169684921861	2	58	0	0.918069584736251	-Inf	"SD"	45	136.363636363636
"ECK120000583"	"metL"	"+"	4127858	4130290	2433	"MOPS2h"	285	11.1536519705011	0	0	0	1	-Inf	"SD"	20	22.4719101123596
"ECK120000585"	"mglA"	"-"	2235791	2237311	1521	"MOPS2h"	8	0.500812443230639	8	144	48.6111111111111	0.317554240631164	1.48308451401208	"AD"	19	33.9285714285714
"ECK120000586"	"mglB"	"-"	2237372	2238370	999	"MOPS2h"	43	4.09842795603272	0	0	0	0.917917917917918	-Inf	"SD"	53	147.222222222222
"ECK120000588"	"miaA"	"+"	4397275	4398225	951	"MOPS2h"	1286	128.758168222107	0	0	0	1	-Inf	"SD"	5	14.2857142857143
"ECK120000590"	"minD"	"-"	1223772	1224584	813	"MOPS2h"	4615	540.499750338223	8	221	36.1990950226244	1	-8.40007823622813	"SD"	34	113.333333333333
"ECK120000592"	"groL"	"+"	4369048	4370694	1647	"MOPS2h"	7635	441.397409622365	3	100	0	1	-Inf	"SD"	421	738.59649122807
"ECK120000594"	"motA"	"-"	1974276	1975163	888	"MOPS2h"	505	54.1492879656068	0	0	0	1	-Inf	"SD"	9	28.125
"ECK120000595"	"motB"	"-"	1973353	1974279	927	"MOPS2h"	312	32.0471341100305	2	44	0	1	-Inf	"SD"	1	2.94117647058824
"ECK120000596"	"mprA"	"+"	2808792	2809322	531	"MOPS2h"	562	100.775771680423	6	106	0	1	-Inf	"SD"	7	33.3333333333333
"ECK120000597"	"mraY"	"+"	96002	97084	1083	"MOPS2h"	346	30.4201940500018	0	0	0	1	-Inf	"SD"	NA	NA
"ECK120000598"	"mrcB"	"+"	164730	167264	2535	"MOPS2h"	1192	44.7726324248192	7	167	0	0.997633136094675	-Inf	"SD"	17	18.0851063829787
"ECK120000599"	"mrdA"	"-"	665539	667440	1902	"MOPS2h"	340	17.0209087074325	4	151	0	0.994742376445847	-Inf	"SD"	1	1.40845070422535
"ECK120000600"	"mrdB"	"-"	664424	665536	1113	"MOPS2h"	249	21.3019087839507	4	174	0	1	-Inf	"SD"	NA	NA
"ECK120000601"	"mreB"	"-"	3398066	3399109	1044	"MOPS2h"	1504	137.170801261413	1	100	0	1	-Inf	"SD"	27	72.972972972973
"ECK120000602"	"mreC"	"-"	3396897	3398000	1104	"MOPS2h"	328	28.2890985256394	0	0	0	0.880434782608696	-Inf	"SD"	4	10
"ECK120000603"	"mreD"	"-"	3396409	3396897	489	"MOPS2h"	61	11.877781005977	0	0	0	0.987730061349693	-Inf	"SD"	1	5.26315789473684
"ECK120000606"	"msbA"	"+"	965844	967592	1749	"MOPS2h"	1738	94.6181169279095	9	280	25	1	-6.07861771660517	"SD"	19	29.6875
"ECK120000609"	"mtlD"	"+"	3772447	3773595	1149	"MOPS2h"	227	18.8113587725101	1	100	0	1	-Inf	"SD"	11	26.8292682926829
"ECK120000611"	"mukB"	"+"	975549	980009	4461	"MOPS2h"	2599	55.4738610253792	19	200	55	1	-4.65623271283135	"SD"	37	21.7647058823529
"ECK120000612"	"murC"	"+"	100765	102240	1476	"MOPS2h"	557	35.9321476513947	0	0	0	1	-Inf	"SD"	9	16.6666666666667
"ECK120000613"	"murD"	"+"	97087	98403	1317	"MOPS2h"	465	33.6187464561046	1	81	0	1	-Inf	"SD"	3	6.38297872340426
"ECK120000614"	"murE"	"+"	93166	94653	1488	"MOPS2h"	716	45.8167657868047	1	100	0	1	-Inf	"SD"	3	5.66037735849057
"ECK120000615"	"murF"	"+"	94650	96008	1359	"MOPS2h"	648	45.4014671217498	2	60	0	0.988962472406181	-Inf	"SD"	4	8.51063829787234
"ECK120000616"	"murG"	"+"	99644	100711	1068	"MOPS2h"	164	14.6213318222406	2	95	0	0.982209737827715	-Inf	"SD"	5	13.1578947368421
"ECK120000622"	"emrE"	"+"	567538	567870	333	"MOPS2h"	22	6.29061035111999	0	0	0	0.816816816816817	-Inf	"SD"	NA	NA
"ECK120000623"	"nadA"	"+"	781308	782351	1044	"MOPS2h"	122	11.1268868044497	9	191	31.413612565445	0.955938697318008	-3.21294368604187	"SD"	0	0
"ECK120000625"	"nagA"	"-"	700826	701974	1149	"MOPS2h"	632	52.3734746441692	4	101	0	0.983463881636205	-Inf	"SD"	3	7.31707317073171
"ECK120000627"	"umpH"	"-"	698797	699549	753	"MOPS2h"	598	75.6171919389067	4	103	0	1	-Inf	"SD"	11	40.7407407407407
"ECK120000629"	"nagC"	"-"	699597	700817	1221	"MOPS2h"	610	47.5694914981388	0	0	0	0.995085995085995	-Inf	"SD"	8	17.7777777777778
"ECK120000630"	"nanA"	"-"	3370705	3371598	894	"MOPS2h"	12	1.27808007743927	0	0	0	0.494407158836689	-Inf	"SD"	24	72.7272727272727
"ECK120000631"	"narG"	"+"	1279087	1282830	3744	"MOPS2h"	175	4.45057932949103	7	100	0	0.846955128205128	-Inf	"SD"	55	39.2857142857143
"ECK120000632"	"narH"	"+"	1282827	1284365	1539	"MOPS2h"	104	6.43441484080535	4	56	0	0.940220922677063	-Inf	"SD"	21	36.2068965517241
"ECK120000633"	"narI"	"+"	1285072	1285749	678	"MOPS2h"	71	9.97109818527286	0	0	0	0.957227138643068	-Inf	"SD"	3	12
"ECK120000634"	"narJ"	"+"	1284362	1285072	711	"MOPS2h"	61	8.16910676782383	2	135	0	0.969057665260197	-Inf	"SD"	1	3.84615384615385
"ECK120000637"	"narV"	"-"	1533961	1534641	681	"MOPS2h"	4	0.559277331977829	3	169	0	0.50367107195301	-Inf	"SD"	NA	NA
"ECK120000638"	"narW"	"-"	1534638	1535333	696	"MOPS2h"	2	0	1	70	0	0.245689655172414	NA	"NO"	NA	NA
"ECK120000640"	"narY"	"-"	1535333	1536877	1545	"MOPS2h"	12	0.739549248693012	2	128	0	0.39546925566343	-Inf	"SD"	0	0
"ECK120000641"	"narZ"	"-"	1536874	1540614	3741	"MOPS2h"	54	1.37442292208986	9	158	0	0.587543437583534	-Inf	"SD"	1	0.714285714285714
"ECK120000642"	"ndh"	"+"	1165308	1166612	1305	"MOPS2h"	1076	78.5083947645107	2	76	0	1	-Inf	"SD"	26	55.3191489361702
"ECK120000643"	"ndk"	"-"	2642455	2642886	432	"MOPS2h"	236	52.016675744299	0	0	0	1	-Inf	"SD"	12	80
"ECK120000644"	"nfo"	"+"	2248862	2249719	858	"MOPS2h"	212	23.5268027308575	1	45	0	1	-Inf	"SD"	6	19.3548387096774
"ECK120000645"	"nhaA"	"+"	17489	18655	1167	"MOPS2h"	171	13.9521003826371	2	55	0	0.959725792630677	-Inf	"SD"	NA	NA
"ECK120000646"	"nirB"	"+"	3492033	3494576	2544	"MOPS2h"	222	8.30902767325787	8	127	0	0.943003144654088	-Inf	"SD"	0	0
"ECK120000647"	"nirC"	"+"	3495025	3495831	807	"MOPS2h"	113	13.3327349837949	3	164	0	0.399008674101611	-Inf	"SD"	NA	NA
"ECK120000648"	"nirD"	"+"	3494573	3494899	327	"MOPS2h"	5	1.45591690778632	0	0	0	0.480122324159021	-Inf	"SD"	NA	NA
"ECK120000651"	"bamC"	"-"	2595853	2596887	1035	"MOPS2h"	3559	327.417566350409	1	100	0	1	-Inf	"SD"	5	13.5135135135135
"ECK120000654"	"nrdB"	"+"	2345406	2346536	1131	"MOPS2h"	990	83.3464156600646	4	124	0	1	-Inf	"SD"	7	15.9090909090909
"ECK120000655"	"nth"	"+"	1709547	1710182	636	"MOPS2h"	39	5.83877620282986	1	38	0	0.955974842767296	-Inf	"SD"	3	12.5
"ECK120000658"	"nusA"	"-"	3314061	3315548	1488	"MOPS2h"	2055	131.499236999837	5	153	0	1	-Inf	"SD"	29	52.7272727272727
"ECK120000659"	"nusB"	"+"	434361	434780	420	"MOPS2h"	1115	252.778373411158	2	100	0	1	-Inf	"SD"	4	25
"ECK120000660"	"nusG"	"+"	4175766	4176311	546	"MOPS2h"	2179	379.995912840919	2	100	0	1	-Inf	"SD"	22	104.761904761905
"ECK120000661"	"ogt"	"-"	1397745	1398260	516	"MOPS2h"	131	24.1732994491638	3	153	0	0.901162790697674	-Inf	"SD"	1	5.26315789473684
"ECK120000664"	"ompF"	"-"	985117	986205	1089	"MOPS2h"	15423	1348.51355652779	10	78	76.9230769230769	1	-10.1341199038034	"SD"	56	143.589743589744
"ECK120000667"	"oppA"	"+"	1299206	1300837	1632	"MOPS2h"	3221	187.925151190364	4	100	0	1	-Inf	"SD"	58	95.0819672131148
"ECK120000668"	"oppB"	"+"	1300923	1301843	921	"MOPS2h"	169	17.4719513735061	6	282	21.2765957446809	0.990228013029316	-3.86393443523972	"SD"	5	15.1515151515152
"ECK120000669"	"oppC"	"+"	1301858	1302766	909	"MOPS2h"	139	14.5601300791225	1	100	0	0.997799779977998	-Inf	"SD"	2	6.06060606060606
"ECK120000670"	"oppD"	"+"	1302778	1303791	1014	"MOPS2h"	237	22.2548529460615	2	74	0	0.98422090729783	-Inf	"SD"	6	16.2162162162162
"ECK120000675"	"pabA"	"-"	3488288	3488851	564	"MOPS2h"	41	6.92180070308198	0	0	0	0.982269503546099	-Inf	"SD"	1	4.76190476190476
"ECK120000677"	"pal"	"+"	778290	778811	522	"MOPS2h"	8553	1560.13545636817	1	45	0	1	-Inf	"SD"	6	31.5789473684211
"ECK120000678"	"panF"	"+"	3405629	3407080	1452	"MOPS2h"	289	18.9515861620566	29	256	97.65625	0.934573002754821	-1.92231860050023	"SD"	NA	NA
"ECK120000679"	"parC"	"-"	3161737	3163995	2259	"MOPS2h"	908	38.2722465331813	0	0	0	1	-Inf	"SD"	19	22.6190476190476
"ECK120000682"	"pcm"	"-"	2866915	2867541	627	"MOPS2h"	305	46.3176627745036	0	0	0	1	-Inf	"SD"	2	8.69565217391304
"ECK120000683"	"pcnB"	"-"	157729	159126	1398	"MOPS2h"	808	55.032409400239	6	128	0	1	-Inf	"SD"	9	16.6666666666667
"ECK120000684"	"pdxA"	"-"	52427	53416	990	"MOPS2h"	412	39.6256463605261	0	0	0	1	-Inf	"SD"	4	11.4285714285714
"ECK120000685"	"pdxJ"	"-"	2699020	2699751	732	"MOPS2h"	679	88.3228411985027	0	0	0	1	-Inf	"SD"	3	11.5384615384615
"ECK120000689"	"pepP"	"-"	3051537	3052862	1326	"MOPS2h"	1966	141.173872324508	2	100	0	1	-Inf	"SD"	17	34
"ECK120000691"	"pfkA"	"+"	4105575	4106537	963	"MOPS2h"	5200	514.151840083044	0	0	0	1	-Inf	"SD"	41	117.142857142857
"ECK120000693"	"pflB"	"-"	950495	952777	2283	"MOPS2h"	15814	659.553699813635	11	116	0	1	-Inf	"SD"	109	128.235294117647
"ECK120000695"	"pgk"	"-"	3069481	3070644	1164	"MOPS2h"	6554	536.127142312288	1	100	0	1	-Inf	"SD"	231	563.414634146341
"ECK120000698"	"pgsA"	"-"	1990293	1990841	549	"MOPS2h"	227	39.3702208189693	2	73	0	1	-Inf	"SD"	1	4.76190476190476
"ECK120000701"	"pheS"	"-"	1795983	1796966	984	"MOPS2h"	1963	189.950105492875	1	35	0	1	-Inf	"SD"	20	54.0540540540541
"ECK120000702"	"pheT"	"-"	1793581	1795968	2388	"MOPS2h"	7574	301.998868817468	1	36	0	1	-Inf	"SD"	44	50.5747126436782
"ECK120000704"	"yjdN"	"-"	4323321	4323764	444	"MOPS2h"	5	1.07226312803182	0	0	0	0.635135135135135	-Inf	"SD"	NA	NA
"ECK120000705"	"phnC"	"-"	4322400	4323188	789	"MOPS2h"	1	0	0	0	0	0.064638783269962	NA	"NO"	NA	NA
"ECK120000706"	"phnD"	"-"	4321359	4322375	1017	"MOPS2h"	1	0	1	100	0	0.0462143559488692	NA	"NO"	NA	NA
"ECK120000707"	"phnF"	"-"	4319720	4320445	726	"MOPS2h"	0	0	4	193	0	0	NA	"NO"	NA	NA
"ECK120000708"	"phnG"	"-"	4319267	4319719	453	"MOPS2h"	1	0	1	100	0	0.22075055187638	NA	"NO"	NA	NA
"ECK120000709"	"phnH"	"-"	4318686	4319270	585	"MOPS2h"	1	0	0	0	0	0.0923076923076923	NA	"NO"	NA	NA
"ECK120000710"	"phnI"	"-"	4317622	4318686	1065	"MOPS2h"	0	0	0	0	0	0	NA	"NO"	NA	NA
"ECK120000711"	"phnJ"	"-"	4316784	4317629	846	"MOPS2h"	0	0	0	0	0	0	NA	"NO"	NA	NA
"ECK120000712"	"phnK"	"-"	4316029	4316787	759	"MOPS2h"	0	0	0	0	0	0	NA	"NO"	NA	NA
"ECK120000713"	"phnL"	"-"	4315238	4315918	681	"MOPS2h"	1	0	7	241	24.896265560166	0.120411160058737	Inf	"AD"	NA	NA
"ECK120000714"	"phnM"	"-"	4314105	4315241	1137	"MOPS2h"	3	0	2	36	0	0.218997361477573	NA	"NO"	NA	NA
"ECK120000715"	"phnN"	"-"	4313548	4314105	558	"MOPS2h"	8	1.3651177888061	0	0	0	0.405017921146953	-Inf	"SD"	NA	NA
"ECK120000716"	"phnO"	"-"	4313127	4313561	435	"MOPS2h"	13	2.84556449425271	1	45	0	0.804597701149425	-Inf	"SD"	0	0
"ECK120000718"	"phoA"	"+"	400971	402386	1416	"MOPS2h"	347	23.3335361030517	4	208	0	0.845338983050847	-Inf	"SD"	1	2.04081632653061
"ECK120000721"	"creC"	"+"	4634719	4636143	1425	"MOPS2h"	87	5.81324633117376	4	100	0	0.914385964912281	-Inf	"SD"	1	1.92307692307692
"ECK120000722"	"phoP"	"-"	1188999	1189670	672	"MOPS2h"	535	75.8051736406779	30	326	88.9570552147239	1	-3.7081715091522	"SD"	15	57.6923076923077
"ECK120000723"	"phoQ"	"-"	1187539	1188999	1461	"MOPS2h"	384	25.026225089242	1	37	0	0.967830253251198	-Inf	"SD"	1	1.81818181818182
"ECK120000724"	"phoR"	"+"	417113	418408	1296	"MOPS2h"	74	5.43677119361317	8	218	27.5229357798165	0.959876543209877	-2.17971570779319	"SD"	NA	NA
"ECK120000725"	"pstS"	"-"	3908508	3909548	1041	"MOPS2h"	631	57.7155671473402	10	287	20.9059233449477	1	-5.587854186732	"SD"	17	45.9459459459459
"ECK120000726"	"phoU"	"-"	3904876	3905601	726	"MOPS2h"	288	37.772019478701	1	79	0	1	-Inf	"SD"	10	37.037037037037
"ECK120000734"	"pnp"	"-"	3307055	3309190	2136	"MOPS2h"	4879	217.492310855829	3	61	0	1	-Inf	"SD"	131	170.12987012987
"ECK120000738"	"polB"	"-"	63429	65780	2352	"MOPS2h"	101	4.08882378515806	9	141	0	0.811649659863946	-Inf	"SD"	NA	NA
"ECK120000741"	"potB"	"-"	1182840	1183667	828	"MOPS2h"	478	54.9682483546977	5	206	0	1	-Inf	"SD"	1	3.2258064516129
"ECK120000742"	"potC"	"-"	1182049	1182843	795	"MOPS2h"	531	63.5977469477467	6	85	0	1	-Inf	"SD"	NA	NA
"ECK120000743"	"potD"	"-"	1181006	1182052	1047	"MOPS2h"	1283	116.679433698105	3	160	0	1	-Inf	"SD"	14	35.8974358974359
"ECK120000744"	"potE"	"-"	716169	717488	1320	"MOPS2h"	46	3.31816698892755	1	69	0	0.864393939393939	-Inf	"SD"	NA	NA
"ECK120000745"	"poxB"	"-"	908554	910272	1719	"MOPS2h"	28	1.55094534120902	0	0	0	0.508435136707388	-Inf	"SD"	0	0
"ECK120000747"	"ppc"	"-"	4148470	4151121	2652	"MOPS2h"	4192	150.508868968549	8	131	0	1	-Inf	"SD"	48	48.4848484848485
"ECK120000751"	"prc"	"-"	1910792	1912840	2049	"MOPS2h"	1961	91.1276085277945	6	100	0	1	-Inf	"SD"	15	19.4805194805195
"ECK120000752"	"prfA"	"+"	1264235	1265317	1083	"MOPS2h"	516	45.3665321670547	2	36	0	1	-Inf	"SD"	6	14.6341463414634
"ECK120000753"	"prfB"	"-"	3033206	3034304	1099	"MOPS2h"	3400	294.574780359751	1	80	0	1	-Inf	"SD"	32	78.0487804878049
"ECK120000755"	"priB"	"+"	4423543	4423857	315	"MOPS2h"	3572	1079.73016421483	18	516	34.8837209302326	1	-8.22845819106165	"SD"	NA	NA
"ECK120000757"	"secY"	"-"	3440788	3442119	1332	"MOPS2h"	40121	2868.01793065097	10	111	0	1	-Inf	"SD"	7	14.2857142857143
"ECK120000758"	"proA"	"+"	260727	261980	1254	"MOPS2h"	1351	102.582233456319	148	822	177.615571776156	1	-1.81274061341366	"SD"	16	35.5555555555556
"ECK120000761"	"proS"	"-"	217057	218775	1719	"MOPS2h"	3277	181.515995826499	2	69	0	1	-Inf	"SD"	75	117.1875
"ECK120000762"	"proV"	"+"	2802837	2804039	1203	"MOPS2h"	143	11.3183924397334	1	100	0	0.984206151288446	-Inf	"SD"	9	20.4545454545455
"ECK120000763"	"proW"	"+"	2804032	2805096	1065	"MOPS2h"	49	4.38087448140098	12	282	35.4609929078014	0.763380281690141	-1.13121887988467	"SD"	3	7.89473684210526
"ECK120000764"	"proX"	"+"	2805154	2806146	993	"MOPS2h"	45	4.31496823727607	3	136	0	0.989929506545821	-Inf	"SD"	15	41.6666666666667
"ECK120000765"	"prs"	"-"	1260151	1261098	948	"MOPS2h"	9869	991.240754405575	16	317	34.7003154574132	1	-8.81558817046266	"SD"	60	176.470588235294
"ECK120000766"	"psd"	"-"	4387415	4388383	969	"MOPS2h"	417	40.9757221112146	0	0	0	1	-Inf	"SD"	12	33.3333333333333
"ECK120000768"	"pspB"	"+"	1366825	1367049	225	"MOPS2h"	54	22.8520717846141	0	0	0	1	-Inf	"SD"	NA	NA
"ECK120000769"	"pspC"	"+"	1367049	1367408	360	"MOPS2h"	77	20.365851011751	0	0	0	1	-Inf	"SD"	NA	NA
"ECK120000770"	"pspD"	"+"	1367417	1367638	222	"MOPS2h"	47	20.1585468069982	0	0	0	1	-Inf	"SD"	NA	NA
"ECK120000771"	"pspE"	"+"	1367713	1368027	315	"MOPS2h"	451	136.326512894986	0	0	0	1	-Inf	"SD"	4	36.3636363636364
"ECK120000773"	"pstA"	"-"	3906572	3907462	891	"MOPS2h"	400	42.7461125787768	0	0	0	1	-Inf	"SD"	0	0
"ECK120000774"	"pstB"	"-"	3905616	3906389	774	"MOPS2h"	588	72.3353693440627	1	100	0	1	-Inf	"SD"	6	20.6896551724138
"ECK120000775"	"pstC"	"-"	3907462	3908421	960	"MOPS2h"	519	51.4766721189874	3	177	0	1	-Inf	"SD"	1	2.94117647058824
"ECK120000777"	"ptrA"	"-"	2954018	2956906	2889	"MOPS2h"	346	11.4036241454316	3	100	0	0.964693665628245	-Inf	"SD"	9	8.33333333333333
"ECK120000779"	"ptsH"	"+"	2531786	2532043	258	"MOPS2h"	3150	1162.53272160101	0	0	0	1	-Inf	"SD"	121	1344.44444444444
"ECK120000780"	"ptsI"	"+"	2532088	2533815	1728	"MOPS2h"	7483	412.331339612913	4	157	0	1	-Inf	"SD"	67	104.6875
"ECK120000781"	"purA"	"+"	4402710	4404008	1299	"MOPS2h"	16073	1178.1541884594	1	44	0	1	-Inf	"SD"	49	104.255319148936
"ECK120000782"	"purC"	"-"	2594927	2595640	714	"MOPS2h"	2904	387.269003632816	21	242	86.7768595041322	1	-6.52680289695792	"SD"	23	85.1851851851852
"ECK120000784"	"purE"	"-"	551814	552323	510	"MOPS2h"	1682	314.029287105563	0	0	0	1	-Inf	"SD"	8	44.4444444444444
"ECK120000785"	"purF"	"-"	2426743	2428260	1518	"MOPS2h"	1138	71.3813616899726	9	72	0	1	-Inf	"SD"	16	28.5714285714286
"ECK120000790"	"purN"	"+"	2620256	2620894	639	"MOPS2h"	593	88.3625363085299	3	109	0	1	-Inf	"SD"	2	8.69565217391304
"ECK120000797"	"pyrC"	"-"	1120784	1121830	1047	"MOPS2h"	384	34.9219817147875	3	122	0	1	-Inf	"SD"	12	30.7692307692308
"ECK120000798"	"pyrD"	"+"	1003991	1005001	1011	"MOPS2h"	83	7.81702092863076	1	100	0	0.981206726013848	-Inf	"SD"	16	43.2432432432432
"ECK120000800"	"pyrF"	"+"	1339945	1340682	738	"MOPS2h"	147	18.965980986553	0	0	0	1	-Inf	"SD"	14	53.8461538461538
"ECK120000801"	"pyrG"	"-"	2906051	2907688	1638	"MOPS2h"	2968	172.529886692955	15	353	28.328611898017	1	-6.43070248586245	"SD"	19	31.6666666666667
"ECK120000802"	"pyrI"	"-"	4469009	4469470	462	"MOPS2h"	126	25.9682633916069	0	0	0	1	-Inf	"SD"	14	82.3529411764706
"ECK120000804"	"racC"	"-"	1415512	1415787	276	"MOPS2h"	3	1.03496701923071	696	151	4609.27152317881	0.467391304347826	7.07143060613572	"AD"	NA	NA
"ECK120000805"	"rbsA"	"+"	3931801	3933306	1506	"MOPS2h"	32	2.02320245990386	0	0	0	0.707835325365206	-Inf	"SD"	9	16.3636363636364
"ECK120000806"	"rbsB"	"+"	3934301	3935191	891	"MOPS2h"	142	15.1748699654658	0	0	0	0.912457912457912	-Inf	"SD"	23	74.1935483870968
"ECK120000807"	"rbsC"	"+"	3933311	3934276	966	"MOPS2h"	66	6.50550697802161	0	0	0	0.727743271221532	-Inf	"SD"	0	0
"ECK120000808"	"rbsD"	"+"	3931374	3931793	420	"MOPS2h"	78	17.6831507857133	2	54	0	0.883333333333333	-Inf	"SD"	1	6.66666666666667
"ECK120000809"	"rbsK"	"+"	3935317	3936246	930	"MOPS2h"	92	9.41931274276208	5	289	0	1	-Inf	"SD"	10	31.25
"ECK120000814"	"recA"	"-"	2820730	2821791	1062	"MOPS2h"	3415	306.182615915164	0	0	0	1	-Inf	"SD"	33	86.8421052631579
"ECK120000815"	"recB"	"-"	2950483	2954025	3543	"MOPS2h"	259	6.96054025803821	3	98	0	0.90968106124753	-Inf	"SD"	5	3.73134328358209
"ECK120000816"	"recC"	"-"	2957082	2960450	3369	"MOPS2h"	313	8.84621854727442	31	180	122.222222222222	0.924606708222024	-1.00755736094359	"SD"	13	10.077519379845
"ECK120000818"	"recE"	"-"	1412810	1415410	2601	"MOPS2h"	38	1.3910975391121	8	100	0	0.576701268742791	-Inf	"SD"	NA	NA
"ECK120000819"	"recF"	"-"	3878171	3879244	1074	"MOPS2h"	1063	94.2417454494288	11	167	41.9161676646707	1	-6.07286752725811	"SD"	1	2.4390243902439
"ECK120000821"	"recJ"	"-"	3034395	3036128	1734	"MOPS2h"	619	33.9903701333048	1	43	0	1	-Inf	"SD"	5	7.93650793650794
"ECK120000822"	"recN"	"+"	2749817	2751478	1662	"MOPS2h"	194	11.1143750657219	4	79	0	0.894705174488568	-Inf	"SD"	NA	NA
"ECK120000823"	"recO"	"-"	2699763	2700491	729	"MOPS2h"	307	40.0982283829248	4	214	0	1	-Inf	"SD"	NA	NA
"ECK120000824"	"recQ"	"+"	4003887	4005716	1830	"MOPS2h"	175	9.10544754623739	5	275	0	0.904918032786885	-Inf	"SD"	NA	NA
"ECK120000825"	"recR"	"+"	493629	494234	606	"MOPS2h"	535	84.0611826510488	1	37	0	1	-Inf	"SD"	2	9.09090909090909
"ECK120000826"	"relA"	"-"	2909439	2911673	2235	"MOPS2h"	725	30.8869352047823	6	107	0	0.994183445190157	-Inf	"SD"	NA	NA
"ECK120000831"	"rfe"	"+"	3965939	3967042	1104	"MOPS2h"	436	37.6038016987158	4	199	0	1	-Inf	"SD"	NA	NA
"ECK120000836"	"rho"	"+"	3964440	3965699	1260	"MOPS2h"	1495	112.97568557539	4	49	0	1	-Inf	"SD"	55	117.021276595745
"ECK120000838"	"rhsB"	"+"	3617215	3621450	4236	"MOPS2h"	9	0	0	0	0	0.0642115203021719	NA	"NO"	NA	NA
"ECK120000839"	"rhsC"	"+"	728806	732999	4194	"MOPS2h"	15	0	0	0	0	0.101573676680973	NA	"NO"	NA	NA
"ECK120000840"	"rhsD"	"+"	522485	526765	4281	"MOPS2h"	97	2.15745052081636	1	35	0	0.47909366970334	-Inf	"SD"	NA	NA
"ECK120000841"	"rimI"	"+"	4606208	4606654	447	"MOPS2h"	119	25.3485882025454	0	0	0	1	-Inf	"SD"	2	11.7647058823529
"ECK120000843"	"rimK"	"+"	891190	892092	903	"MOPS2h"	133	14.0242042605836	4	142	0	0.978959025470653	-Inf	"SD"	2	6.25
"ECK120000845"	"rlpA"	"-"	663325	664413	1089	"MOPS2h"	424	37.0725376365028	39	913	42.7163198247536	1	-2.24880484275407	"SD"	1	2.63157894736842
"ECK120000846"	"lptE"	"-"	670828	671409	582	"MOPS2h"	1532	250.639848038579	6	153	39.2156862745098	1	-7.70643758406554	"SD"	3	14.2857142857143
"ECK120000848"	"rnc"	"-"	2701405	2702085	681	"MOPS2h"	471	65.8549058403893	0	0	0	1	-Inf	"SD"	6	23.0769230769231
"ECK120000852"	"rnhB"	"+"	204493	205089	597	"MOPS2h"	285	45.4553354174694	0	0	0	1	-Inf	"SD"	NA	NA
"ECK120000853"	"rnpA"	"+"	3882516	3882875	360	"MOPS2h"	374	98.9198477713619	2	148	0	1	-Inf	"SD"	2	14.2857142857143
"ECK120000855"	"rplA"	"+"	4176902	4177606	705	"MOPS2h"	21779	2941.46141487654	14	180	77.7777777777778	1	-10.0368905690681	"SD"	237	948
"ECK120000856"	"rplB"	"-"	3448565	3449386	822	"MOPS2h"	15402	1784.10183306278	2	100	0	1	-Inf	"SD"	58	193.333333333333
"ECK120000857"	"rplC"	"-"	3450319	3450948	630	"MOPS2h"	19208	2903.05948967505	1	100	0	1	-Inf	"SD"	74	336.363636363636
"ECK120000858"	"rplD"	"-"	3449703	3450308	606	"MOPS2h"	18739	2944.34112466916	0	0	0	1	-Inf	"SD"	35	159.090909090909
"ECK120000859"	"rplE"	"-"	3444921	3445460	540	"MOPS2h"	18809	3316.54797991363	2	131	0	1	-Inf	"SD"	133	665
"ECK120000860"	"rplF"	"-"	3443629	3444162	534	"MOPS2h"	10590	1888.29151216497	0	0	0	1	-Inf	"SD"	74	389.473684210526
"ECK120000862"	"rplJ"	"+"	4178019	4178516	498	"MOPS2h"	19553	3738.50869816398	2	50	0	1	-Inf	"SD"	17	94.4444444444444
"ECK120000863"	"rplK"	"+"	4176470	4176898	429	"MOPS2h"	4359	967.484274564227	1	71	0	1	-Inf	"SD"	28	186.666666666667
"ECK120000864"	"rplL"	"+"	4178583	4178948	366	"MOPS2h"	24189	6292.90487702675	0	0	0	1	-Inf	"SD"	89	741.666666666667
"ECK120000865"	"rplM"	"-"	3376245	3376673	429	"MOPS2h"	6097	1353.23505896263	0	0	0	1	-Inf	"SD"	12	75
"ECK120000866"	"rplN"	"-"	3445800	3446171	372	"MOPS2h"	14988	3836.32226599234	9	130	61.5384615384615	1	-11.2274362969911	"SD"	4	28.5714285714286
"ECK120000867"	"rplO"	"-"	3442127	3442561	435	"MOPS2h"	20320	4447.83619409347	0	0	0	1	-Inf	"SD"	14	93.3333333333333
"ECK120000868"	"rplP"	"-"	3446781	3447191	411	"MOPS2h"	11903	2757.58526411457	0	0	0	1	-Inf	"SD"	16	106.666666666667
"ECK120000869"	"rplQ"	"-"	3437638	3438021	384	"MOPS2h"	8805	2183.29526978653	14	150	86.6666666666667	1	-9.71377991562635	"SD"	15	107.142857142857
"ECK120000870"	"rplR"	"-"	3443266	3443619	354	"MOPS2h"	13476	3624.70008674034	0	0	0	1	-Inf	"SD"	3	23.0769230769231
"ECK120000872"	"rplT"	"-"	1797417	1797773	357	"MOPS2h"	9051	2414.03013214918	1	65	0	1	-Inf	"SD"	12	92.3076923076923
"ECK120000873"	"rplV"	"-"	3447923	3448255	333	"MOPS2h"	20765	5937.47836095485	1	94	0	1	-Inf	"SD"	32	266.666666666667
"ECK120000874"	"rplW"	"-"	3449404	3449706	303	"MOPS2h"	12511	3931.54936877485	0	0	0	1	-Inf	"SD"	2	18.1818181818182
"ECK120000875"	"rplX"	"-"	3445475	3445789	315	"MOPS2h"	7908	2390.39925493027	10	130	61.5384615384615	1	-10.544963983112	"SD"	80	727.272727272727
"ECK120000877"	"rpmB"	"-"	3809461	3809697	237	"MOPS2h"	4519	1815.55049920308	0	0	0	1	-Inf	"SD"	4	44.4444444444444
"ECK120000878"	"rpmC"	"-"	3446590	3446781	192	"MOPS2h"	19615	9727.50408105914	0	0	0	1	-Inf	"SD"	2	28.5714285714286
"ECK120000879"	"rpmD"	"-"	3442565	3442744	180	"MOPS2h"	8001	4232.39412844207	0	0	0	1	-Inf	"SD"	4	57.1428571428571
"ECK120000881"	"rpmF"	"+"	1146590	1146763	174	"MOPS2h"	3411	1866.58086344154	0	0	0	1	-Inf	"SD"	NA	NA
"ECK120000882"	"rpmG"	"-"	3809273	3809440	168	"MOPS2h"	1229	696.557446014154	0	0	0	1	-Inf	"SD"	0	0
"ECK120000884"	"rpoA"	"-"	3438062	3439051	990	"MOPS2h"	34406	3309.12618611714	2	121	0	1	-Inf	"SD"	113	305.405405405405
"ECK120000885"	"rpoB"	"+"	4179268	4183296	4029	"MOPS2h"	14378	339.793877843118	5	100	0	1	-Inf	"SD"	198	131.12582781457
"ECK120000886"	"rpoC"	"+"	4183373	4187596	4224	"MOPS2h"	14791	333.417173459425	12	263	0	1	-Inf	"SD"	290	187.096774193548
"ECK120000888"	"rpoH"	"-"	3597952	3598806	855	"MOPS2h"	3138	349.462969103894	0	0	0	1	-Inf	"SD"	NA	NA
"ECK120000889"	"rpoN"	"+"	3342739	3344172	1434	"MOPS2h"	2377	157.83174869836	11	173	0	1	-Inf	"SD"	11	20.3703703703704
"ECK120000890"	"rpoZ"	"+"	3820129	3820404	276	"MOPS2h"	5491	1894.33463419861	1	56	0	1	-Inf	"SD"	3	30
"ECK120000891"	"rpsA"	"+"	961218	962891	1674	"MOPS2h"	33943	1930.67471272689	12	100	80	1	-10.2368174936736	"SD"	364	596.72131147541
"ECK120000892"	"rpsB"	"+"	189874	190599	726	"MOPS2h"	16568	2172.9403427886	0	0	0	1	-Inf	"SD"	71	262.962962962963
"ECK120000893"	"rpsC"	"-"	3447204	3447905	702	"MOPS2h"	20044	2718.7020824478	3	180	0	1	-Inf	"SD"	95	365.384615384615
"ECK120000894"	"rpsD"	"-"	3439077	3439697	621	"MOPS2h"	16348	2506.61345635313	0	0	0	1	-Inf	"SD"	134	582.608695652174
"ECK120000895"	"rpsE"	"-"	3442748	3443251	504	"MOPS2h"	16866	3186.36774734872	0	0	0	1	-Inf	"SD"	92	511.111111111111
"ECK120000897"	"rpsG"	"-"	3471564	3472103	540	"MOPS2h"	34552	6092.47518751532	0	0	0	1	-Inf	"SD"	71	355
"ECK120000898"	"rpsH"	"-"	3444175	3444567	393	"MOPS2h"	6821	1652.60794786739	0	0	0	1	-Inf	"SD"	81	578.571428571429
"ECK120000899"	"rpsI"	"-"	3375837	3376229	393	"MOPS2h"	6899	1671.50597160785	1	100	0	1	-Inf	"SD"	12	80
"ECK120000900"	"rpsJ"	"-"	3450981	3451292	312	"MOPS2h"	14748	4500.83272809146	0	0	0	1	-Inf	"SD"	50	416.666666666667
"ECK120000901"	"rpsK"	"-"	3439731	3440120	390	"MOPS2h"	14074	3436.11173393866	0	0	0	1	-Inf	"SD"	6	42.8571428571429
"ECK120000902"	"rpsL"	"-"	3472200	3472574	375	"MOPS2h"	3590	911.543752297384	0	0	0	1	-Inf	"SD"	2	14.2857142857143
"ECK120000903"	"rpsM"	"-"	3440137	3440493	357	"MOPS2h"	11914	3177.63285763179	0	0	0	1	-Inf	"SD"	85	653.846153846154
"ECK120000904"	"rpsN"	"-"	3444601	3444906	306	"MOPS2h"	9060	2819.16898650059	6	197	30.4568527918782	1	-11.1980198372898	"SD"	2	16.6666666666667
"ECK120000905"	"rpsO"	"-"	3309437	3309706	270	"MOPS2h"	1208	426.00775796009	0	0	0	1	-Inf	"SD"	5	50
"ECK120000906"	"rpsP"	"-"	2743959	2744207	249	"MOPS2h"	1840	703.611313314758	0	0	0	1	-Inf	"SD"	16	177.777777777778
"ECK120000907"	"rpsQ"	"-"	3446336	3446590	255	"MOPS2h"	27176	10147.5147519391	0	0	0	1	-Inf	"SD"	4	40
"ECK120000908"	"rpsR"	"+"	4423862	4424089	228	"MOPS2h"	2150	897.879282472958	18	516	34.8837209302326	1	-7.96238077463979	"SD"	36	400
"ECK120000909"	"rpsS"	"-"	3448270	3448548	279	"MOPS2h"	7020	2395.7817193547	2	92	0	1	-Inf	"SD"	15	150
"ECK120000916"	"sbcC"	"-"	411831	414977	3147	"MOPS2h"	206	6.23282330742308	4	46	0	0.924372418176041	-Inf	"SD"	3	2.52100840336134
"ECK120000918"	"sbp"	"+"	4106857	4107846	990	"MOPS2h"	733	70.4990261705476	0	0	0	1	-Inf	"SD"	32	86.4864864864865
"ECK120000919"	"sdaA"	"+"	1894956	1896320	1365	"MOPS2h"	347	24.205338550858	4	47	0	1	-Inf	"SD"	6	12.2448979591837
"ECK120000920"	"sdhA"	"+"	755130	756896	1767	"MOPS2h"	2016	108.634636667096	0	0	0	1	-Inf	"SD"	38	59.375
"ECK120000921"	"sdhB"	"+"	756912	757628	717	"MOPS2h"	1708	226.820889168531	5	157	0	1	-Inf	"SD"	30	111.111111111111
"ECK120000923"	"sdhD"	"+"	754783	755130	348	"MOPS2h"	148	40.4945716489809	2	100	0	1	-Inf	"SD"	NA	NA
"ECK120000925"	"secA"	"+"	108279	110984	2706	"MOPS2h"	3330	117.173871401153	2	49	0	1	-Inf	"SD"	63	61.7647058823529
"ECK120000926"	"secB"	"-"	3781684	3782151	468	"MOPS2h"	1363	277.309240050116	1	97	0	1	-Inf	"SD"	13	76.4705882352941
"ECK120000927"	"secD"	"+"	426871	428718	1848	"MOPS2h"	6187	318.781042864825	2	38	0	1	-Inf	"SD"	18	26.865671641791
"ECK120000928"	"secE"	"+"	4175381	4175764	384	"MOPS2h"	1888	468.150081698691	0	0	0	1	-Inf	"SD"	1	7.14285714285714
"ECK120000929"	"secF"	"+"	428729	429700	972	"MOPS2h"	2030	198.858477892518	4	218	0	1	-Inf	"SD"	1	2.85714285714286
"ECK120000930"	"selA"	"-"	3757881	3759272	1392	"MOPS2h"	332	22.7097935599014	3	57	0	1	-Inf	"SD"	3	5.88235294117647
"ECK120000931"	"selB"	"-"	3756040	3757884	1845	"MOPS2h"	278	14.3470550047938	1	100	0	0.985907859078591	-Inf	"SD"	11	15.9420289855072
"ECK120000932"	"selD"	"-"	1844989	1846032	1044	"MOPS2h"	2093	190.889951489453	0	0	0	1	-Inf	"SD"	24	64.8648648648649
"ECK120000935"	"serC"	"+"	956876	957964	1089	"MOPS2h"	3349	292.820586190207	0	0	0	1	-Inf	"SD"	40	100
"ECK120000936"	"serS"	"+"	938651	939943	1293	"MOPS2h"	8546	629.330386282908	2	151	0	1	-Inf	"SD"	27	56.25
"ECK120000937"	"maeA"	"-"	1551996	1553693	1698	"MOPS2h"	568	31.8511404928857	2	57	0	1	-Inf	"SD"	25	39.6825396825397
"ECK120000938"	"sfsA"	"-"	160782	161486	705	"MOPS2h"	138	18.6382145761037	5	184	0	1	-Inf	"SD"	2	7.69230769230769
"ECK120000944"	"prlF"	"+"	3275024	3275359	336	"MOPS2h"	408	115.620601291202	5	99	0	1	-Inf	"SD"	1	8.33333333333333
"ECK120000948"	"speA"	"-"	3081957	3083933	1977	"MOPS2h"	2667	128.448987206133	4	107	0	1	-Inf	"SD"	33	44.5945945945946
"ECK120000952"	"speE"	"-"	135598	136464	867	"MOPS2h"	190	20.8664630866814	4	91	0	1	-Inf	"SD"	6	18.75
"ECK120000955"	"spoT"	"+"	3820423	3822531	2109	"MOPS2h"	1654	74.6746616321947	2	100	0	1	-Inf	"SD"	3	3.79746835443038
"ECK120000956"	"trmH"	"+"	3822538	3823227	690	"MOPS2h"	62	8.55572735897387	1	100	0	0.994202898550725	-Inf	"SD"	2	8
"ECK120000958"	"srlE"	"+"	2824414	2825373	960	"MOPS2h"	32	3.17389885897418	1	50	0	0.778125	-Inf	"SD"	8	24.2424242424242
"ECK120000959"	"srlB"	"+"	2825384	2825755	372	"MOPS2h"	0	0	0	0	0	0	NA	"NO"	8	61.5384615384615
"ECK120000960"	"srlD"	"+"	2825759	2826538	780	"MOPS2h"	11	1.34280336341215	2	99	0	0.457692307692308	-Inf	"SD"	23	82.1428571428571
"ECK120000961"	"gutM"	"+"	2826643	2827002	360	"MOPS2h"	19	5.02533986004245	6	130	46.1538461538462	0.675	-2.06618676216278	"SD"	NA	NA
"ECK120000963"	"srlR"	"+"	2827069	2827842	774	"MOPS2h"	253	31.123891911646	5	100	0	1	-Inf	"SD"	2	7.14285714285714
"ECK120000966"	"sspA"	"-"	3374804	3375442	639	"MOPS2h"	1894	282.223682577328	0	0	0	1	-Inf	"SD"	24	100
"ECK120000968"	"sucA"	"+"	757929	760730	2802	"MOPS2h"	2955	100.416179103519	7	108	0	1	-Inf	"SD"	91	86.6666666666667
"ECK120000969"	"sucB"	"+"	760745	761962	1218	"MOPS2h"	2077	162.36916083964	2	184	0	1	-Inf	"SD"	46	104.545454545455
"ECK120000970"	"sucC"	"+"	762237	763403	1167	"MOPS2h"	1073	87.5473901202903	0	0	0	1	-Inf	"SD"	131	319.512195121951
"ECK120000973"	"sulA"	"-"	1019633	1020142	510	"MOPS2h"	190	12.638501185518	NA	192	119.791666666667	1	-1.45811961650234	"SD"	NA	NA
"ECK120000974"	"surA"	"-"	53416	54702	1287	"MOPS2h"	5026	371.841856997767	2	81	0	1	-Inf	"SD"	30	63.8297872340426
"ECK120000976"	"tap"	"-"	1967407	1969008	1602	"MOPS2h"	142	8.43995576730961	0	0	0	0.941947565543071	-Inf	"SD"	9	15.5172413793103
"ECK120000977"	"tar"	"-"	1969054	1970715	1662	"MOPS2h"	184	10.5414691344991	1	47	0	0.96690734055355	-Inf	"SD"	23	38.3333333333333
"ECK120000979"	"tdcB"	"-"	3263061	3264050	990	"MOPS2h"	2	0	1	38	0	0.0545454545454545	NA	"NO"	NA	NA
"ECK120000980"	"tdcC"	"-"	3261708	3263039	1332	"MOPS2h"	19	1.35819996217363	1	60	0	0.544294294294294	-Inf	"SD"	NA	NA
"ECK120000982"	"tdh"	"-"	3788343	3789368	1026	"MOPS2h"	513	47.6084828846127	3	104	0	1	-Inf	"SD"	13	35.1351351351351
"ECK120000985"	"tgt"	"+"	425361	426488	1128	"MOPS2h"	1140	96.2299122135788	1	95	0	1	-Inf	"SD"	4	9.30232558139535
"ECK120000986"	"mnmE"	"+"	3884851	3886215	1365	"MOPS2h"	457	31.8785006274989	3	119	0	1	-Inf	"SD"	3	6.12244897959184
"ECK120000987"	"thrA"	"+"	337	2799	2463	"MOPS2h"	12571	485.981517127459	5	150	0	1	-Inf	"SD"	50	56.1797752808989
"ECK120000988"	"thrB"	"+"	2801	3733	933	"MOPS2h"	3041	310.348116724774	3	50	0	1	-Inf	"SD"	2	5.88235294117647
"ECK120000989"	"thrC"	"+"	3734	5020	1287	"MOPS2h"	2295	169.792491406661	3	104	0	1	-Inf	"SD"	27	57.4468085106383
"ECK120000991"	"thyA"	"-"	2962383	2963177	795	"MOPS2h"	683	81.8027517237496	16	149	73.8255033557047	1	-5.2165739452511	"SD"	6	20
"ECK120000992"	"tig"	"+"	454357	455655	1299	"MOPS2h"	7164	525.122665720347	5	108	0	1	-Inf	"SD"	216	450
"ECK120000994"	"tnaA"	"+"	3886753	3888168	1416	"MOPS2h"	35	2.35352669627323	2	100	0	0.41454802259887	-Inf	"SD"	449	847.169811320755
"ECK120000995"	"tnaB"	"+"	3888259	3889506	1248	"MOPS2h"	0	0	8	269	0	0	NA	"NO"	1	2.22222222222222
"ECK120000996"	"tolA"	"+"	775565	776830	1266	"MOPS2h"	571	42.9454087316174	1	98	0	1	-Inf	"SD"	0	0
"ECK120000997"	"tolB"	"+"	776963	778255	1293	"MOPS2h"	6473	476.673951604173	6	100	0	1	-Inf	"SD"	11	23.9130434782609
"ECK120000999"	"tolQ"	"+"	774376	775068	693	"MOPS2h"	774	106.346221508485	3	166	0	1	-Inf	"SD"	2	7.69230769230769
"ECK120001000"	"tolR"	"+"	775072	775500	429	"MOPS2h"	211	46.831654492556	0	0	0	1	-Inf	"SD"	1	6.66666666666667
"ECK120001003"	"topB"	"-"	1843023	1844984	1962	"MOPS2h"	445	21.5961007988304	2	35	0	0.963812436289501	-Inf	"SD"	1	1.36986301369863
"ECK120001008"	"trkA"	"+"	3434540	3435916	1377	"MOPS2h"	194	13.4147359181044	6	156	0	0.988380537400145	-Inf	"SD"	4	8
"ECK120001009"	"trkG"	"+"	1421806	1423263	1458	"MOPS2h"	18	1.17551809591636	2	39	0	0.419753086419753	-Inf	"SD"	NA	NA
"ECK120001010"	"trkH"	"+"	4031168	4032619	1452	"MOPS2h"	429	28.1322853409075	3	70	0	1	-Inf	"SD"	NA	NA
"ECK120001012"	"trmD"	"-"	2742594	2743361	768	"MOPS2h"	14860	1842.34910329517	0	0	0	1	-Inf	"SD"	8	28.5714285714286
"ECK120001013"	"trpA"	"-"	1314440	1315246	807	"MOPS2h"	457	53.9208839610111	1	43	0	1	-Inf	"SD"	50	172.413793103448
"ECK120001014"	"trpB"	"-"	1315246	1316439	1194	"MOPS2h"	854	68.1032569237173	1	43	0	1	-Inf	"SD"	24	55.8139534883721
"ECK120001015"	"trpC"	"-"	1316451	1317809	1359	"MOPS2h"	947	66.3506008708288	1	78	0	1	-Inf	"SD"	20	40.8163265306122
"ECK120001016"	"trpD"	"-"	1317813	1319408	1596	"MOPS2h"	1895	113.055231912708	3	161	0	1	-Inf	"SD"	34	59.6491228070175
"ECK120001017"	"trpE"	"-"	1319408	1320970	1563	"MOPS2h"	2421	147.485779991871	5	161	0	1	-Inf	"SD"	24	42.1052631578947
"ECK120001019"	"trpS"	"-"	3510656	3511660	1005	"MOPS2h"	1170	110.849601940292	0	0	0	1	-Inf	"SD"	23	62.1621621621622
"ECK120001022"	"tsf"	"+"	190857	191708	852	"MOPS2h"	21226	2372.15412607697	2	100	0	1	-Inf	"SD"	264	880
"ECK120001025"	"tufA"	"-"	3468167	3469351	1185	"MOPS2h"	2195	176.372354315147	0	0	0	0.269198312236287	-Inf	"SD"	912	2120.93023255814
"ECK120001026"	"tufB"	"+"	4173967	4175151	1185	"MOPS2h"	2246	180.470299677367	0	0	0	0.425316455696203	-Inf	"SD"	NA	NA
"ECK120001032"	"tyrS"	"-"	1713972	1715246	1275	"MOPS2h"	6789	507.002337731193	1	100	0	1	-Inf	"SD"	31	64.5833333333333
"ECK120001033"	"ubiX"	"-"	2426079	2426648	570	"MOPS2h"	76	12.6955954358967	0	0	0	0.994736842105263	-Inf	"SD"	2	9.52380952380952
"ECK120001035"	"ugpA"	"-"	3588047	3588934	888	"MOPS2h"	4	0.428905251212727	2	100	0	0.251126126126126	-Inf	"SD"	NA	NA
"ECK120001036"	"ugpB"	"-"	3589032	3590348	1317	"MOPS2h"	31	2.24124976374031	0	0	0	0.66211085801063	-Inf	"SD"	1	2.08333333333333
"ECK120001037"	"ugpC"	"-"	3586133	3587203	1071	"MOPS2h"	108	9.60171083387146	0	0	0	0.832866479925303	-Inf	"SD"	NA	NA
"ECK120001038"	"ugpE"	"-"	3587205	3588050	846	"MOPS2h"	14	1.57569446899427	0	0	0	0.50354609929078	-Inf	"SD"	NA	NA
"ECK120001040"	"uhpA"	"-"	3848159	3848749	591	"MOPS2h"	133	21.4278450885059	0	0	0	1	-Inf	"SD"	4	19.047619047619
"ECK120001041"	"uhpB"	"-"	3846657	3848159	1503	"MOPS2h"	124	7.85555805414767	0	0	0	1	-Inf	"SD"	NA	NA
"ECK120001042"	"uhpC"	"-"	3845328	3846647	1320	"MOPS2h"	101	7.28554056264527	0	0	0	0.981060606060606	-Inf	"SD"	NA	NA
"ECK120001044"	"uidA"	"-"	1692284	1694095	1812	"MOPS2h"	16	0.840767909662034	3	62	0	0.389072847682119	-Inf	"SD"	2	2.94117647058824
"ECK120001046"	"umuD"	"+"	1229990	1230409	420	"MOPS2h"	8	1.81365649084239	2	132	0	0.685714285714286	-Inf	"SD"	NA	NA
"ECK120001048"	"usg"	"-"	2433658	2434671	1014	"MOPS2h"	612	57.4682278607159	3	65	0	1	-Inf	"SD"	10	27.7777777777778
"ECK120001052"	"uvrC"	"-"	1990898	1992730	1833	"MOPS2h"	589	30.5961772166251	5	112	0	1	-Inf	"SD"	5	7.35294117647059
"ECK120001054"	"uxaB"	"-"	1607253	1608704	1452	"MOPS2h"	28	1.83613983577019	1	62	0	0.555785123966942	-Inf	"SD"	3	5.45454545454545
"ECK120001058"	"xerC"	"+"	3994310	3995206	897	"MOPS2h"	318	33.7558473964478	0	0	0	1	-Inf	"SD"	4	11.7647058823529
"ECK120001059"	"dsbC"	"-"	3036134	3036844	711	"MOPS2h"	256	34.2834644682443	0	0	0	1	-Inf	"SD"	7	26.9230769230769
"ECK120001064"	"xylB"	"-"	3725940	3727394	1455	"MOPS2h"	68	4.45000252392256	10	331	18.1268882175227	0.599312714776632	-1.89077174850356	"SD"	NA	NA
"ECK120001067"	"ribF"	"+"	21407	22348	942	"MOPS2h"	4874	492.66188021147	0	0	0	1	-Inf	"SD"	9	25.7142857142857
"ECK120001068"	"fkpB"	"+"	25826	26275	450	"MOPS2h"	489	103.469102802558	1	100	0	1	-Inf	"SD"	1	6.25
"ECK120001069"	"ispH"	"+"	26277	27227	951	"MOPS2h"	669	66.9822819133667	0	0	0	1	-Inf	"SD"	5	14.2857142857143
"ECK120001070"	"rihC"	"+"	27293	28207	915	"MOPS2h"	38	3.95436579150881	5	148	0	0.765027322404372	-Inf	"SD"	5	15.1515151515152
"ECK120001071"	"hepA"	"-"	60358	63264	2907	"MOPS2h"	1092	35.767776615065	2	100	0	1	-Inf	"SD"	16	14.5454545454545
"ECK120001072"	"mraZ"	"+"	89634	90092	459	"MOPS2h"	679	140.854727140096	1	95	0	1	-Inf	"SD"	1	5.88235294117647
"ECK120001073"	"rsmH"	"+"	90094	91035	942	"MOPS2h"	830	83.8960526416741	1	58	0	1	-Inf	"SD"	10	28.5714285714286
"ECK120001074"	"ftsL"	"+"	91032	91397	366	"MOPS2h"	371	96.5177439901164	0	0	0	1	-Inf	"SD"	0	0
"ECK120001075"	"secM"	"+"	107705	108217	513	"MOPS2h"	333	61.8075040958129	6	189	31.7460317460317	1	-5.68667569651308	"SD"	NA	NA
"ECK120001079"	"frsA"	"+"	256527	257771	1245	"MOPS2h"	396	30.2858782687656	8	168	0	1	-Inf	"SD"	1	2.12765957446809
"ECK120001081"	"yaiA"	"+"	406203	406394	192	"MOPS2h"	255	126.460032662252	31	782	39.6419437340153	1	-4.35026947152085	"SD"	NA	NA
"ECK120001084"	"yajC"	"+"	426511	426843	333	"MOPS2h"	1392	398.02407312541	0	0	0	1	-Inf	"SD"	1	8.33333333333333
"ECK120001088"	"ybaB"	"+"	493300	493629	330	"MOPS2h"	1645	474.642147546593	0	0	0	1	-Inf	"SD"	16	133.333333333333
"ECK120001093"	"entH"	"+"	628523	628936	414	"MOPS2h"	14	3.21989739316221	0	0	0	0.949275362318841	-Inf	"SD"	NA	NA
"ECK120001094"	"ybgA"	"+"	738224	738733	510	"MOPS2h"	14	2.61379906033168	4	207	0	0.809803921568627	-Inf	"SD"	NA	NA
"ECK120001096"	"ybgC"	"+"	773975	774379	405	"MOPS2h"	544	127.8963688357	0	0	0	1	-Inf	"SD"	1	6.25
"ECK120001098"	"aat"	"-"	925951	926655	705	"MOPS2h"	93	12.5605359099829	3	161	0	0.939007092198582	-Inf	"SD"	1	3.7037037037037
"ECK120001099"	"yccA"	"-"	1029982	1030641	660	"MOPS2h"	4310	621.795640099032	1	100	0	1	-Inf	"SD"	NA	NA
"ECK120001101"	"yceB"	"-"	1121936	1122496	561	"MOPS2h"	489	82.9966065261162	0	0	0	0.935828877005348	-Inf	"SD"	7	33.3333333333333
"ECK120001106"	"yciB"	"-"	1310375	1310914	540	"MOPS2h"	236	41.6133405954392	4	196	0	1	-Inf	"SD"	NA	NA
"ECK120001110"	"yciF"	"-"	1313294	1313794	501	"MOPS2h"	1	0	1	100	0	0.199600798403194	NA	"NO"	NA	NA
"ECK120001111"	"yciG"	"-"	1313880	1314059	180	"MOPS2h"	1	0	0	0	0	0.0944444444444444	NA	"NO"	NA	NA
"ECK120001113"	"rem"	"-"	1642675	1642926	252	"MOPS2h"	34	12.8467334768002	0	0	0	1	-Inf	"SD"	NA	NA
"ECK120001114"	"hokD"	"-"	1643143	1643298	156	"MOPS2h"	1106	675.0638726972	0	0	0	1	-Inf	"SD"	NA	NA
"ECK120001115"	"relE"	"-"	1643370	1643657	288	"MOPS2h"	1393	460.545949015732	0	0	0	1	-Inf	"SD"	1	9.09090909090909
"ECK120001117"	"nlpC"	"-"	1790291	1790755	465	"MOPS2h"	690	141.289691141431	1	100	0	1	-Inf	"SD"	NA	NA
"ECK120001121"	"yebC"	"-"	1945435	1946175	741	"MOPS2h"	1078	138.520768015148	0	0	0	1	-Inf	"SD"	2	7.69230769230769
"ECK120001122"	"nudB"	"-"	1946204	1946656	453	"MOPS2h"	884	185.809708035309	0	0	0	1	-Inf	"SD"	1	5.88235294117647
"ECK120001126"	"yfaA"	"-"	2332978	2334666	1689	"MOPS2h"	11	0.620122334790692	2	55	0	0.429248075784488	-Inf	"SD"	NA	NA
"ECK120001128"	"yfcA"	"-"	2442773	2443582	810	"MOPS2h"	204	23.9805691566938	2	77	0	1	-Inf	"SD"	NA	NA
"ECK120001133"	"hyfA"	"+"	2599223	2599840	618	"MOPS2h"	0	0	1	46	0	0	NA	"NO"	NA	NA
"ECK120001134"	"raiA"	"+"	2735176	2735517	342	"MOPS2h"	1334	371.401848936101	19	194	61.8556701030928	1	-7.27380278134756	"SD"	2	15.3846153846154
"ECK120001136"	"rimM"	"-"	2743392	2743940	549	"MOPS2h"	4241	735.546724639863	0	0	0	1	-Inf	"SD"	4	19.047619047619
"ECK120001137"	"ppdC"	"-"	2960463	2960786	324	"MOPS2h"	33	9.69802429130999	0	0	0	0.722222222222222	-Inf	"SD"	NA	NA
"ECK120001138"	"ygdB"	"-"	2960771	2961178	408	"MOPS2h"	6	1.40024949660625	0	0	0	0.757352941176471	-Inf	"SD"	NA	NA
"ECK120001139"	"ppdB"	"-"	2961175	2961738	564	"MOPS2h"	8	1.35059525913795	0	0	0	0.586879432624113	-Inf	"SD"	NA	NA
"ECK120001142"	"argO"	"-"	3066195	3066830	636	"MOPS2h"	39	5.83877620282986	0	0	0	0.937106918238994	-Inf	"SD"	1	4.34782608695652
"ECK120001143"	"mscS"	"-"	3066969	3067829	861	"MOPS2h"	1395	154.27139053202	2	100	0	1	-Inf	"SD"	22	70.9677419354839
"ECK120001144"	"yggC"	"-"	3071998	3072711	714	"MOPS2h"	117	15.6027801050411	2	42	0	0.994397759103641	-Inf	"SD"	NA	NA
"ECK120001145"	"yggD"	"-"	3072708	3073217	510	"MOPS2h"	165	30.8054889253376	0	0	0	1	-Inf	"SD"	0	0
"ECK120001146"	"ygiA"	"+"	3177618	3177878	261	"MOPS2h"	248	90.4743582788041	1	100	0	0.873563218390805	-Inf	"SD"	NA	NA
"ECK120001147"	"ygiB"	"+"	3177862	3178437	576	"MOPS2h"	486	80.3393148677839	4	139	0	1	-Inf	"SD"	2	8.69565217391304
"ECK120001152"	"ttdB"	"+"	3205393	3205998	606	"MOPS2h"	8	1.25698964711849	2	100	0	0.678217821782178	-Inf	"SD"	NA	NA
"ECK120001154"	"tdcD"	"-"	3260474	3261694	1221	"MOPS2h"	9	0.701844956529917	2	59	0	0.328419328419328	-Inf	"SD"	NA	NA
"ECK120001155"	"yhaB"	"+"	3265876	3266415	540	"MOPS2h"	0	0	2	99	0	0	NA	"NO"	NA	NA
"ECK120001157"	"garK"	"-"	3268647	3269873	1227	"MOPS2h"	35	2.71605036831531	0	0	0	0.779136104319478	-Inf	"SD"	7	17.9487179487179
"ECK120001158"	"garR"	"-"	3269889	3270779	891	"MOPS2h"	43	4.59520710221851	0	0	0	0.794612794612795	-Inf	"SD"	47	156.666666666667
"ECK120001159"	"truB"	"-"	3309855	3310799	945	"MOPS2h"	316	31.8397472836775	4	198	0	1	-Inf	"SD"	2	5.71428571428571
"ECK120001160"	"rbfA"	"-"	3310799	3311200	402	"MOPS2h"	203	48.0821991322208	1	88	0	1	-Inf	"SD"	9	60
"ECK120001161"	"rimP"	"-"	3315576	3316028	453	"MOPS2h"	620	130.319025997615	0	0	0	1	-Inf	"SD"	9	52.9411764705882
"ECK120001163"	"bfd"	"-"	3464819	3465013	195	"MOPS2h"	1	0	1	73	0	0.0102564102564103	NA	"NO"	NA	NA
"ECK120001165"	"damX"	"-"	3514042	3515328	1287	"MOPS2h"	2888	213.664799643763	7	181	38.6740331491713	1	-7.25377861237889	"SD"	7	15.2173913043478
"ECK120001168"	"yibA"	"+"	3764360	3765202	843	"MOPS2h"	16	1.80720219728067	2	55	0	0.498220640569395	-Inf	"SD"	0	0
"ECK120001170"	"waaC"	"+"	3794002	3794961	960	"MOPS2h"	127	12.5964110965538	6	201	0	0.986458333333333	-Inf	"SD"	3	8.33333333333333
"ECK120001174"	"dinD"	"+"	3815783	3816607	825	"MOPS2h"	53	6.11696871002296	2	100	0	0.741818181818182	-Inf	"SD"	NA	NA
"ECK120001177"	"yidB"	"-"	3875090	3875488	399	"MOPS2h"	64	15.2728967649885	0	0	0	1	-Inf	"SD"	NA	NA
"ECK120001178"	"yidC"	"+"	3883099	3884745	1647	"MOPS2h"	3944	228.011969030859	1	75	0	1	-Inf	"SD"	10	16.1290322580645
"ECK120001179"	"glmU"	"-"	3911853	3913223	1371	"MOPS2h"	2285	158.694942948709	3	108	0	1	-Inf	"SD"	10	20.4081632653061
"ECK120001180"	"mioC"	"-"	3924035	3924478	444	"MOPS2h"	731	156.764869318252	4	154	0	1	-Inf	"SD"	1	6.25
"ECK120001181"	"yigA"	"+"	3993606	3994313	708	"MOPS2h"	525	70.6058008881968	0	0	0	1	-Inf	"SD"	5	18.5185185185185
"ECK120001182"	"yigB"	"+"	3995206	3995922	717	"MOPS2h"	276	36.652555860957	0	0	0	1	-Inf	"SD"	1	3.7037037037037
"ECK120001184"	"murI"	"+"	4163451	4164308	858	"MOPS2h"	381	42.2816596247959	1	42	0	1	-Inf	"SD"	5	16.1290322580645
"ECK120001185"	"murB"	"+"	4170080	4171108	1029	"MOPS2h"	576	53.2992927921028	3	132	0	1	-Inf	"SD"	4	10.5263157894737
"ECK120001192"	"nsrR"	"+"	4404213	4404638	426	"MOPS2h"	460	102.816441910431	1	46	0	1	-Inf	"SD"	4	25
"ECK120001194"	"yjjA"	"-"	4597718	4598212	495	"MOPS2h"	364	70.0181324040364	1	52	0	1	-Inf	"SD"	NA	NA
"ECK120001195"	"yjjB"	"-"	4599647	4599973	327	"MOPS2h"	6	1.74710028934358	0	0	0	0.700305810397553	-Inf	"SD"	NA	NA
"ECK120001197"	"creB"	"+"	4634030	4634719	690	"MOPS2h"	307	42.3646499871771	0	0	0	1	-Inf	"SD"	NA	NA
"ECK120001201"	"argH"	"+"	4154873	4156246	1374	"MOPS2h"	275	19.0572529741899	1	48	0	0.967976710334789	-Inf	"SD"	14	28
"ECK120001202"	"fliO"	"+"	2019528	2019893	366	"MOPS2h"	0	0	0	0	0	0	NA	"NO"	1	7.69230769230769
"ECK120001203"	"dcuA"	"-"	4363495	4364796	1302	"MOPS2h"	2360	172.589891870485	4	221	0	1	-Inf	"SD"	3	6.52173913043478
"ECK120001204"	"leuA"	"-"	81958	83529	1572	"MOPS2h"	10778	652.829807290528	1	39	0	1	-Inf	"SD"	19	33.3333333333333
"ECK120001206"	"fdnH"	"+"	1548485	1549369	885	"MOPS2h"	26	2.79733458757046	3	107	0	0.76271186440678	-Inf	"SD"	NA	NA
"ECK120001207"	"fdnI"	"+"	1549362	1550015	654	"MOPS2h"	21	3.05742550635127	0	0	0	0.871559633027523	-Inf	"SD"	0	0
"ECK120001209"	"rpmI"	"-"	1797826	1798023	198	"MOPS2h"	1973	948.803401326675	1	45	0	1	-Inf	"SD"	NA	NA
"ECK120001210"	"rpmJ"	"-"	3440640	3440756	117	"MOPS2h"	4128	3359.44986919113	0	0	0	1	-Inf	"SD"	NA	NA
"ECK120001211"	"rstB"	"+"	1680906	1682207	1302	"MOPS2h"	154	11.2622217576503	8	117	0	0.963901689708141	-Inf	"SD"	1	2.04081632653061
"ECK120001212"	"ydiB"	"+"	1771813	1772679	867	"MOPS2h"	33	0	2	75	0	0.219146482122261	NA	"NO"	NA	NA
"ECK120001215"	"chiA"	"-"	3465182	3467875	2694	"MOPS2h"	76	2.6861504819826	26	354	53.6723163841808	0.739049740163326	0.500459289692278	"AD"	0	0
"ECK120001216"	"ybhB"	"-"	806656	807132	477	"MOPS2h"	60	11.9769768263177	16	325	49.2307692307692	1	-1.90411998537304	"SD"	1	5.88235294117647
"ECK120001221"	"yggF"	"-"	3073239	3074204	966	"MOPS2h"	63	6.20980211538426	0	0	0	0.513457556935818	-Inf	"SD"	NA	NA
"ECK120001224"	"mazF"	"-"	2908778	2909113	336	"MOPS2h"	197	55.8266138587422	2	100	0	1	-Inf	"SD"	NA	NA
"ECK120001226"	"ychA"	"+"	1266543	1267352	810	"MOPS2h"	508	59.7163192725512	0	0	0	1	-Inf	"SD"	NA	NA
"ECK120001227"	"mukE"	"+"	974872	975549	678	"MOPS2h"	593	83.2797355474198	4	256	0	1	-Inf	"SD"	4	14.8148148148148
"ECK120001228"	"ycbB"	"+"	980270	982117	1848	"MOPS2h"	350	18.0335162441715	7	244	0	0.987554112554113	-Inf	"SD"	1	1.47058823529412
"ECK120001229"	"rlmH"	"-"	667471	667938	468	"MOPS2h"	527	107.22081401791	0	0	0	1	-Inf	"SD"	5	29.4117647058824
"ECK120001230"	"rsfS"	"-"	667942	668259	318	"MOPS2h"	452	135.339838137389	0	0	0	1	-Inf	"SD"	0	0
"ECK120001233"	"focA"	"-"	952832	953689	858	"MOPS2h"	3931	436.24462988208	1	58	0	1	-Inf	"SD"	NA	NA
"ECK120001234"	"rnr"	"+"	4404677	4407118	2442	"MOPS2h"	3470	135.300111064378	6	100	0	1	-Inf	"SD"	19	20.6521739130435
"ECK120001236"	"nfsA"	"+"	890407	891129	723	"MOPS2h"	149	19.622860165442	2	115	0	1	-Inf	"SD"	7	25.9259259259259
"ECK120001238"	"gspB"	"-"	3451530	3451949	420	"MOPS2h"	40	9.06828245421194	1	100	0	0.847619047619048	-Inf	"SD"	NA	NA
"ECK120001239"	"cmk"	"+"	960424	961107	684	"MOPS2h"	419	58.3273518381658	8	249	24.0963855421687	1	-5.60306626386232	"SD"	9	36
"ECK120001241"	"yiaB"	"-"	3725430	3725771	342	"MOPS2h"	4	0	0	0	0	0.239766081871345	NA	"NO"	NA	NA
"ECK120001242"	"fmt"	"+"	3432236	3433183	948	"MOPS2h"	1277	128.261672243988	12	420	28.5714285714286	1	-5.73991190585333	"SD"	6	17.6470588235294
"ECK120001245"	"pheL"	"+"	2735621	2735668	48	"MOPS2h"	72	142.825448653838	0	0	0	1	-Inf	"SD"	NA	NA
"ECK120001246"	"pheM"	"-"	1797250	1797294	45	"MOPS2h"	151	319.505818470067	0	0	0	1	-Inf	"SD"	NA	NA
"ECK120001247"	"fruL"	"+"	87860	87946	87	"MOPS2h"	19	20.7945097656929	0	0	0	1	-Inf	"SD"	NA	NA
"ECK120001249"	"ivbL"	"-"	3850913	3851011	99	"MOPS2h"	290	278.918384576519	0	0	0	1	-Inf	"SD"	NA	NA
"ECK120001250"	"tnaC"	"+"	3886458	3886532	75	"MOPS2h"	2	2.53911908717934	0	0	0	1	-Inf	"SD"	NA	NA
"ECK120001251"	"thrL"	"+"	190	255	66	"MOPS2h"	697	1005.548865775	0	0	0	1	-Inf	"SD"	NA	NA
"ECK120001254"	"mutL"	"+"	4395435	4397282	1848	"MOPS2h"	423	21.7947924893844	3	127	0	1	-Inf	"SD"	9	13.2352941176471
"ECK120001255"	"hyfB"	"+"	2599840	2601858	2019	"MOPS2h"	7	0.330123209700137	1	37	0	0.258543833580981	-Inf	"SD"	NA	NA
"ECK120001256"	"phnE_1"	"-"	4320684	4321304	621	"MOPS2h"	0	0	3	185	0	0	NA	"NO"	NA	NA
"ECK120001257"	"fabZ"	"+"	202101	202556	456	"MOPS2h"	3269	682.597063814907	0	0	0	1	-Inf	"SD"	22	129.411764705882
"ECK120001258"	"glrR"	"-"	2685491	2686825	1335	"MOPS2h"	278	19.8279524223555	0	0	0	0.994007490636704	-Inf	"SD"	0	0
"ECK120001263"	"yeiB"	"-"	2239832	2240989	1158	"MOPS2h"	85	6.98915551846645	0	0	0	0.727979274611399	-Inf	"SD"	NA	NA
"ECK120001267"	"ispE"	"-"	1261249	1262100	852	"MOPS2h"	1349	150.760195801273	1	67	0	1	-Inf	"SD"	5	16.1290322580645
"ECK120001268"	"wzzE"	"+"	3967054	3968100	1047	"MOPS2h"	405	36.831777589815	0	0	0	1	-Inf	"SD"	5	12.8205128205128
"ECK120001269"	"radA"	"+"	4623935	4625317	1383	"MOPS2h"	281	19.346324932142	0	0	0	0.997107736804049	-Inf	"SD"	4	8.16326530612245
"ECK120001270"	"dsbA"	"+"	4041441	4042067	627	"MOPS2h"	763	115.870087530971	0	0	0	1	-Inf	"SD"	15	65.2173913043478
"ECK120001271"	"yhdE"	"-"	3395807	3396400	594	"MOPS2h"	157	25.1667737807548	3	101	0	1	-Inf	"SD"	2	9.09090909090909
"ECK120001272"	"rng"	"-"	3394348	3395817	1470	"MOPS2h"	274	17.7479242318148	1	100	0	1	-Inf	"SD"	11	20
"ECK120001273"	"ydfA"	"+"	1646532	1646687	156	"MOPS2h"	11	6.71401681706076	0	0	0	1	-Inf	"SD"	NA	NA
"ECK120001274"	"ydfB"	"+"	1646689	1646817	129	"MOPS2h"	8	5.9049281097194	1	75	0	0.806201550387597	-Inf	"SD"	NA	NA
"ECK120001275"	"ydfC"	"+"	1646847	1647065	219	"MOPS2h"	7	3.04346465929031	1	61	0	0.726027397260274	-Inf	"SD"	NA	NA
"ECK120001276"	"ydfD"	"+"	1647818	1648009	192	"MOPS2h"	1	0.495921696714715	3	115	0	0.317708333333333	-Inf	"SD"	NA	NA
"ECK120001277"	"ydfE"	"+"	1648102	1649022	921	"MOPS2h"	9	0.930458948884938	1	46	0	0.492942453854506	-Inf	"SD"	NA	NA
"ECK120001280"	"ydbC"	"+"	1472245	1473105	861	"MOPS2h"	45	4.97649646877484	1	78	0	0.91869918699187	-Inf	"SD"	9	29.0322580645161
"ECK120001281"	"ydbD"	"+"	1473168	1475474	2307	"MOPS2h"	19	0.784188274649017	2	44	0	0.467706978760295	-Inf	"SD"	NA	NA
"ECK120001282"	"dusB"	"+"	3408302	3409267	966	"MOPS2h"	1965	193.686685027461	5	60	0	1	-Inf	"SD"	NA	NA
"ECK120001285"	"purB"	"-"	1189839	1191209	1371	"MOPS2h"	1275	88.5496946431527	3	100	0	1	-Inf	"SD"	17	32.6923076923077
"ECK120001288"	"fabD"	"+"	1148951	1149880	930	"MOPS2h"	4061	415.780750525617	0	0	0	1	-Inf	"SD"	24	75
"ECK120001289"	"fabG"	"+"	1149893	1150627	735	"MOPS2h"	2924	378.795112801653	2	111	0	1	-Inf	"SD"	43	165.384615384615
"ECK120001292"	"ribD"	"+"	432679	433782	1104	"MOPS2h"	848	73.1376693589702	3	35	0	1	-Inf	"SD"	9	22.5
"ECK120001293"	"ribE"	"+"	433871	434341	471	"MOPS2h"	1047	211.660643652609	0	0	0	1	-Inf	"SD"	18	112.5
"ECK120001295"	"ubiH"	"-"	3050362	3051540	1179	"MOPS2h"	887	71.634816486262	0	0	0	1	-Inf	"SD"	3	7.14285714285714
"ECK120001298"	"codB"	"+"	354146	355405	1260	"MOPS2h"	134	10.1262487405367	1	86	0	0.975396825396825	-Inf	"SD"	NA	NA
"ECK120001299"	"fdx"	"-"	2654770	2655105	336	"MOPS2h"	311	88.1323701018723	1	100	0	1	-Inf	"SD"	NA	NA
"ECK120001300"	"gabD"	"+"	2789295	2790743	1449	"MOPS2h"	28	1.83994136752126	1	60	0	0.607315389924086	-Inf	"SD"	2	3.84615384615385
"ECK120001301"	"gabP"	"+"	2792275	2793675	1401	"MOPS2h"	15	0	2	142	0	0.0235546038543897	NA	"NO"	NA	NA
"ECK120001304"	"ubiI"	"-"	3049137	3050339	1203	"MOPS2h"	297	23.5074304517539	1	70	0	1	-Inf	"SD"	3	6.81818181818182
"ECK120001307"	"endA"	"+"	3088369	3089076	708	"MOPS2h"	10	1.34487239787041	2	117	0	0.622881355932203	-Inf	"SD"	NA	NA
"ECK120001308"	"lysP"	"-"	2245085	2246554	1470	"MOPS2h"	281	18.2013383545254	14	151	66.2251655629139	1	-3.18597263137986	"SD"	NA	NA
"ECK120001310"	"waaG"	"-"	3803966	3805090	1125	"MOPS2h"	478	40.4566307890575	7	100	0	1	-Inf	"SD"	3	7.14285714285714
"ECK120001311"	"waaP"	"-"	3803176	3803973	798	"MOPS2h"	196	23.3866231713887	0	0	0	1	-Inf	"SD"	1	3.2258064516129
"ECK120001314"	"mdtG"	"-"	1113487	1114713	1227	"MOPS2h"	71	5.50970217572535	10	127	0	0.986960065199674	-Inf	"SD"	NA	NA
"ECK120001315"	"mnmA"	"-"	1191890	1192996	1107	"MOPS2h"	1621	139.427914644909	2	133	0	1	-Inf	"SD"	9	21.9512195121951
"ECK120001316"	"hflD"	"-"	1191213	1191854	642	"MOPS2h"	485	71.9318199346952	6	173	0	1	-Inf	"SD"	7	30.4347826086957
"ECK120001319"	"waaS"	"-"	3802204	3803139	936	"MOPS2h"	191	19.4299577584637	0	0	0	0.982905982905983	-Inf	"SD"	5	13.5135135135135
"ECK120001320"	"waaB"	"-"	3801081	3802190	1110	"MOPS2h"	432	37.0574137047796	0	0	0	1	-Inf	"SD"	1	2.4390243902439
"ECK120001321"	"waaI"	"-"	3800062	3801081	1020	"MOPS2h"	423	39.4870358042964	0	0	0	1	-Inf	"SD"	1	2.56410256410256
"ECK120001322"	"waaJ"	"-"	3799006	3800022	1017	"MOPS2h"	256	23.9680857786841	0	0	0	0.991150442477876	-Inf	"SD"	3	7.69230769230769
"ECK120001323"	"emrA"	"+"	2809449	2810621	1173	"MOPS2h"	294	23.8651218552023	0	0	0	0.959079283887468	-Inf	"SD"	3	6.97674418604651
"ECK120001324"	"fliA"	"-"	1999094	1999813	720	"MOPS2h"	88	11.637629149572	3	100	0	0.958333333333333	-Inf	"SD"	4	14.2857142857143
"ECK120001325"	"fliZ"	"-"	1998497	1999048	552	"MOPS2h"	21	3.62238456730749	20	102	137.254901960784	0.644927536231884	-0.371512889713014	"SD"	6	27.2727272727273
"ECK120001331"	"gluQ"	"-"	159186	160112	927	"MOPS2h"	220	22.5973381545087	6	206	0	0.92017259978425	-Inf	"SD"	0	0
"ECK120001332"	"amiB"	"+"	4394088	4395425	1338	"MOPS2h"	340	24.1956415258121	2	50	0	1	-Inf	"SD"	1	2.08333333333333
"ECK120001333"	"bglH"	"-"	3898627	3900243	1617	"MOPS2h"	20	1.17769902002752	2	93	0	0.464440321583179	-Inf	"SD"	NA	NA
"ECK120001336"	"menB"	"-"	2373984	2374841	858	"MOPS2h"	231	25.6353369378684	0	0	0	0.998834498834499	-Inf	"SD"	15	46.875
"ECK120001337"	"ubiC"	"+"	4250529	4251026	498	"MOPS2h"	216	41.2989249119532	1	49	0	1	-Inf	"SD"	5	26.3157894736842
"ECK120001342"	"folK"	"-"	157253	157732	480	"MOPS2h"	41	8.13311582612133	0	0	0	0.877083333333333	-Inf	"SD"	2	11.1111111111111
"ECK120001344"	"ftsP"	"-"	3159279	3160691	1413	"MOPS2h"	794	53.5047918052123	7	205	29.2682926829268	1	-5.47856179185789	"SD"	4	7.69230769230769
"ECK120001345"	"plsC"	"-"	3160766	3161503	738	"MOPS2h"	379	48.8986856728135	14	140	64.2857142857143	1	-4.76372687643841	"SD"	1	3.7037037037037
"ECK120001346"	"sufA"	"-"	1762042	1762410	369	"MOPS2h"	13	3.3545272493223	0	0	0	0.696476964769648	-Inf	"SD"	0	0
"ECK120001347"	"appB"	"+"	1038519	1039655	1137	"MOPS2h"	37	3.09852922907769	1	100	0	0.736147757255937	-Inf	"SD"	NA	NA
"ECK120001348"	"appC"	"+"	1036963	1038507	1545	"MOPS2h"	36	2.21864774607904	0	0	0	0.528155339805825	-Inf	"SD"	NA	NA
"ECK120001350"	"elbB"	"-"	3347828	3348481	654	"MOPS2h"	177	25.7697292678179	0	0	0	0.95565749235474	-Inf	"SD"	14	60.8695652173913
"ECK120001355"	"fliS"	"+"	2003327	2003737	411	"MOPS2h"	17	3.9384146425227	1	43	0	0.868613138686131	-Inf	"SD"	NA	NA
"ECK120001356"	"fliT"	"+"	2003737	2004102	366	"MOPS2h"	36	9.36560319041561	2	91	0	1	-Inf	"SD"	NA	NA
"ECK120001358"	"osmY"	"+"	4609419	4610024	606	"MOPS2h"	210	32.9959782368603	1	100	0	1	-Inf	"SD"	1	4.76190476190476
"ECK120001365"	"hdeB"	"-"	3653989	3654315	327	"MOPS2h"	74	21.5475702352375	0	0	0	0.948012232415902	-Inf	"SD"	0	0
"ECK120001367"	"psiF"	"+"	402505	402825	321	"MOPS2h"	16	4.74601698538195	7	179	0	0.925233644859813	-Inf	"SD"	NA	NA
"ECK120001368"	"treC"	"-"	4461077	4462732	1656	"MOPS2h"	9	0	3	64	0	0.193840579710145	NA	"NO"	33	51.5625
"ECK120001370"	"ychF"	"-"	1255944	1257035	1092	"MOPS2h"	1313	114.487065984426	0	0	0	1	-Inf	"SD"	11	27.5
"ECK120001371"	"cydD"	"-"	928419	930185	1767	"MOPS2h"	885	47.6893122273709	3	97	0	1	-Inf	"SD"	11	16.9230769230769
"ECK120001375"	"lpxK"	"+"	967589	968575	987	"MOPS2h"	186	17.943622728547	0	0	0	0.989868287740628	-Inf	"SD"	1	2.77777777777778
"ECK120001377"	"glnD"	"-"	185978	188650	2673	"MOPS2h"	737	26.2532374754654	17	351	0	1	-Inf	"SD"	10	9.80392156862745
"ECK120001378"	"holA"	"-"	669797	670828	1032	"MOPS2h"	578	53.3288819909033	9	116	77.5862068965517	1	-4.88884827140514	"SD"	1	2.56410256410256
"ECK120001379"	"holC"	"-"	4481860	4482303	444	"MOPS2h"	2413	517.474185588155	1	100	0	1	-Inf	"SD"	2	11.7647058823529
"ECK120001381"	"dps"	"-"	847631	848134	504	"MOPS2h"	523	98.8064942406842	2	128	0	1	-Inf	"SD"	9	47.3684210526316
"ECK120001382"	"nrdD"	"-"	4458545	4460683	2139	"MOPS2h"	298	13.2653837303549	9	127	0	0.996727442730248	-Inf	"SD"	14	17.5
"ECK120001383"	"dcd"	"-"	2139658	2140239	582	"MOPS2h"	1114	182.253779840064	7	169	41.4201183431953	1	-7.02437809814417	"SD"	7	33.3333333333333
"ECK120001384"	"bcr"	"-"	2276592	2277782	1191	"MOPS2h"	618	49.4072920616131	2	100	0	1	-Inf	"SD"	0	0
"ECK120001389"	"waaY"	"-"	3798290	3798988	699	"MOPS2h"	69	9.39909962528834	0	0	0	0.868383404864092	-Inf	"SD"	5	18.5185185185185
"ECK120001390"	"waaZ"	"-"	3797368	3798219	852	"MOPS2h"	94	10.5051581951962	2	147	0	0.997652582159624	-Inf	"SD"	1	3.03030303030303
"ECK120001401"	"plsX"	"+"	1146844	1147914	1071	"MOPS2h"	1100	97.7952029375797	5	79	0	0.995331465919701	-Inf	"SD"	3	7.89473684210526
"ECK120001406"	"gcvT"	"-"	3047595	3048689	1095	"MOPS2h"	57	4.95649958798707	1	64	0	0.779908675799087	-Inf	"SD"	33	82.5
"ECK120001407"	"rpiA"	"-"	3056688	3057347	660	"MOPS2h"	1711	246.842770350219	0	0	0	1	-Inf	"SD"	10	43.4782608695652
"ECK120001408"	"scpA"	"+"	3058872	3061016	2145	"MOPS2h"	12	0.53268232598168	14	209	0	0.33006993006993	-Inf	"SD"	NA	NA
"ECK120001409"	"argK"	"+"	3061009	3062004	996	"MOPS2h"	9	0.860394268999024	4	139	0	0.503012048192771	-Inf	"SD"	NA	NA
"ECK120001410"	"csrA"	"-"	2816983	2817168	186	"MOPS2h"	1284	657.304215310136	0	0	0	1	-Inf	"SD"	0	0
"ECK120001414"	"rffE"	"+"	3968156	3969286	1131	"MOPS2h"	371	31.2338587978626	1	100	0	1	-Inf	"SD"	1	2.38095238095238
"ECK120001415"	"rffD"	"+"	3969283	3970545	1263	"MOPS2h"	218	16.4349157068022	3	82	0	1	-Inf	"SD"	1	2.17391304347826
"ECK120001416"	"rffG"	"+"	3970545	3971612	1068	"MOPS2h"	216	19.2573638634388	0	0	0	1	-Inf	"SD"	9	22.5
"ECK120001417"	"rffH"	"+"	3971631	3972512	882	"MOPS2h"	67	7.23303481466905	1	48	0	0.993197278911565	-Inf	"SD"	4	12.1212121212121
"ECK120001418"	"rffC"	"+"	3972619	3973164	546	"MOPS2h"	52	9.06828245421194	0	0	0	0.963369963369963	-Inf	"SD"	1	4.16666666666667
"ECK120001419"	"rffA"	"+"	3973169	3974299	1131	"MOPS2h"	116	9.76584264299747	2	100	0	0.94341290893015	-Inf	"SD"	4	9.52380952380952
"ECK120001420"	"wzyE"	"+"	3976624	3977976	1353	"MOPS2h"	123	8.6560877972023	4	110	0	0.868440502586844	-Inf	"SD"	NA	NA
"ECK120001421"	"rffM"	"+"	3977979	3978719	741	"MOPS2h"	95	12.2073033037468	2	112	0	0.906882591093117	-Inf	"SD"	3	10.7142857142857
"ECK120001422"	"yifK"	"+"	3978910	3980295	1386	"MOPS2h"	338	23.2202990115427	1	100	0	1	-Inf	"SD"	NA	NA
"ECK120001428"	"rarD"	"-"	4001311	4002201	891	"MOPS2h"	81	8.6560877972023	1	95	0	0.943883277216611	-Inf	"SD"	NA	NA
"ECK120001432"	"yigL"	"+"	4008223	4009023	801	"MOPS2h"	458	54.443658329969	8	389	17.9948586118252	1	-5.28126527940065	"SD"	4	13.3333333333333
"ECK120001434"	"rmuC"	"+"	4015356	4016783	1428	"MOPS2h"	215	14.3358877033498	3	54	0	0.999299719887955	-Inf	"SD"	0	0
"ECK120001435"	"ubiE"	"+"	4016878	4017633	756	"MOPS2h"	569	71.6646210617582	1	100	0	1	-Inf	"SD"	12	42.8571428571429
"ECK120001436"	"ubiJ"	"+"	4017647	4018252	606	"MOPS2h"	175	27.4966485307169	0	0	0	1	-Inf	"SD"	3	13.6363636363636
"ECK120001437"	"ubiB"	"+"	4018249	4019889	1641	"MOPS2h"	428	24.8341629184817	4	100	0	0.992078001218769	-Inf	"SD"	2	3.17460317460317
"ECK120001438"	"tatC"	"+"	4020759	4021535	777	"MOPS2h"	217	26.5921255751891	0	0	0	1	-Inf	"SD"	NA	NA
"ECK120001440"	"yigZ"	"+"	4030515	4031129	615	"MOPS2h"	243	37.6223133039378	0	0	0	0.970731707317073	-Inf	"SD"	1	4.54545454545455
"ECK120001441"	"hemG"	"+"	4032631	4033176	546	"MOPS2h"	156	27.2048473626358	4	132	0	1	-Inf	"SD"	7	33.3333333333333
"ECK120001442"	"wzxE"	"+"	3974301	3975551	1251	"MOPS2h"	48	3.65340875853143	1	47	0	0.863309352517986	-Inf	"SD"	NA	NA
"ECK120001443"	"pdxH"	"-"	1715375	1716031	657	"MOPS2h"	250	36.2317221344084	5	106	0	1	-Inf	"SD"	9	34.6153846153846
"ECK120001444"	"mliC"	"-"	1716090	1716419	330	"MOPS2h"	40	11.5414503962697	6	272	0	1	-Inf	"SD"	0	0
"ECK120001445"	"csgA"	"+"	1103670	1104125	456	"MOPS2h"	64	13.363784669365	5	151	0	0.973684210526316	-Inf	"SD"	NA	NA
"ECK120001446"	"gadB"	"-"	1568669	1570069	1401	"MOPS2h"	2	0	0	0	0	0.092790863668808	NA	"NO"	0	0
"ECK120001447"	"dinF"	"+"	4255765	4257144	1380	"MOPS2h"	185	12.7645932371788	0	0	0	0.96304347826087	-Inf	"SD"	NA	NA
"ECK120001449"	"pabC"	"+"	1152523	1153332	810	"MOPS2h"	138	16.2221497236458	3	85	0	1	-Inf	"SD"	0	0
"ECK120001450"	"yceG"	"+"	1153335	1154357	1023	"MOPS2h"	240	22.3382910895543	3	100	0	1	-Inf	"SD"	3	7.89473684210526
"ECK120001453"	"prmA"	"+"	3407092	3407973	882	"MOPS2h"	483	52.1426241117186	42	256	97.65625	1	-3.38246318927355	"SD"	3	9.375
"ECK120001454"	"yhdJ"	"+"	3409675	3410559	885	"MOPS2h"	12	1.2910775019556	4	85	0	0.584180790960452	-Inf	"SD"	NA	NA
"ECK120001455"	"yhbE"	"-"	3329792	3330757	966	"MOPS2h"	584	57.5638799267366	2	99	0	1	-Inf	"SD"	NA	NA
"ECK120001456"	"holB"	"+"	1154985	1155989	1005	"MOPS2h"	142	13.4535414320696	6	110	0	0.996019900497512	-Inf	"SD"	2	5.40540540540541
"ECK120001457"	"adiA"	"-"	4336277	4338544	2268	"MOPS2h"	12	0	22	308	19.4805194805195	0.239858906525573	Inf	"AD"	NA	NA
"ECK120001458"	"rcsF"	"-"	219591	219995	405	"MOPS2h"	488	114.730566161437	2	96	0	1	-Inf	"SD"	1	7.14285714285714
"ECK120001459"	"yaeB"	"-"	218887	219594	708	"MOPS2h"	93	12.5073133001949	5	169	0	0.981638418079096	-Inf	"SD"	1	3.84615384615385
"ECK120001460"	"metQ"	"-"	220113	220928	816	"MOPS2h"	1492	174.097687411378	0	0	0	1	-Inf	"SD"	53	182.758620689655
"ECK120001462"	"ftsH"	"-"	3323023	3324957	1935	"MOPS2h"	9646	474.657804552944	7	141	0	1	-Inf	"SD"	41	57.7464788732394
"ECK120001464"	"sra"	"-"	1553850	1553987	138	"MOPS2h"	55	37.948790705126	1	100	0	0.934782608695652	-Inf	"SD"	NA	NA
"ECK120001466"	"ppk"	"+"	2621066	2623132	2067	"MOPS2h"	447	20.5911870821692	18	255	54.9019607843137	0.999516207063377	-2.87852827147029	"SD"	16	20
"ECK120001469"	"gltF"	"+"	3359198	3359962	765	"MOPS2h"	16	1.9914659507289	1	66	0	0.526797385620915	-Inf	"SD"	NA	NA
"ECK120001470"	"yhcA"	"+"	3360134	3360808	675	"MOPS2h"	2	0	12	357	33.6134453781513	0.14962962962963	Inf	"AD"	NA	NA
"ECK120001472"	"glpX"	"-"	4112592	4113602	1011	"MOPS2h"	401	37.7665709925414	0	0	0	1	-Inf	"SD"	5	13.8888888888889
"ECK120001473"	"nikR"	"+"	3616611	3617012	402	"MOPS2h"	52	12.3166224378102	13	272	44.1176470588235	0.982587064676617	-2.35950037201103	"SD"	5	33.3333333333333
"ECK120001474"	"yhhH"	"+"	3621422	3621805	384	"MOPS2h"	5	1.23980424178679	0	0	0	0.513020833333333	-Inf	"SD"	NA	NA
"ECK120001476"	"ybfB"	"+"	732999	733325	327	"MOPS2h"	8	2.32946705245811	0	0	0	0.847094801223242	-Inf	"SD"	NA	NA
"ECK120001477"	"ybfC"	"+"	734873	735442	570	"MOPS2h"	5	0.83523654183531	1	58	0	0.373684210526316	-Inf	"SD"	NA	NA
"ECK120001478"	"ybfD"	"+"	737315	738076	762	"MOPS2h"	0	0	0	0	0	0	NA	"NO"	NA	NA
"ECK120001480"	"ydcC"	"+"	1529840	1530976	1137	"MOPS2h"	3	0	0	0	0	0.0395778364116095	NA	"NO"	NA	NA
"ECK120001482"	"fabI"	"-"	1348275	1349063	789	"MOPS2h"	4732	571.060433485392	2	52	0	1	-Inf	"SD"	30	107.142857142857
"ECK120001483"	"ftsN"	"-"	4120403	4121362	960	"MOPS2h"	654	64.8665579302848	11	210	42.8571428571429	1	-5.17140607421728	"SD"	0	0
"ECK120001484"	"fadD"	"-"	1886085	1887770	1686	"MOPS2h"	127	7.17233372045766	1	35	0	0.934756820877817	-Inf	"SD"	7	11.2903225806452
"ECK120001486"	"menC"	"-"	2373022	2373984	963	"MOPS2h"	162	16.0178073256641	0	0	0	0.977154724818276	-Inf	"SD"	2	5.71428571428571
"ECK120001489"	"ibpB"	"-"	3864492	3864920	429	"MOPS2h"	428	94.9950148000663	0	0	0	1	-Inf	"SD"	NA	NA
"ECK120001491"	"yceH"	"+"	1125380	1126027	648	"MOPS2h"	454	66.7106519432536	1	42	0	1	-Inf	"SD"	23	95.8333333333333
"ECK120001493"	"pyrH"	"+"	191855	192580	726	"MOPS2h"	631	82.7574454550705	0	0	0	1	-Inf	"SD"	7	26.9230769230769
"ECK120001497"	"hemE"	"+"	4195739	4196803	1065	"MOPS2h"	573	51.2294097518931	1	55	0	1	-Inf	"SD"	11	28.2051282051282
"ECK120001498"	"gadE"	"+"	3656389	3656916	528	"MOPS2h"	8	1.44268129953372	1	74	0	0.316287878787879	-Inf	"SD"	NA	NA
"ECK120001501"	"rnt"	"+"	1726371	1727018	648	"MOPS2h"	148	21.7470847744527	0	0	0	1	-Inf	"SD"	4	16.6666666666667
"ECK120001505"	"hydN"	"-"	2835600	2836127	528	"MOPS2h"	22	3.96737357371772	0	0	0	0.623106060606061	-Inf	"SD"	NA	NA
"ECK120001506"	"glmM"	"-"	3320755	3322092	1338	"MOPS2h"	674	47.9643011423452	0	0	0	1	-Inf	"SD"	28	58.3333333333333
"ECK120001510"	"caiD"	"-"	35377	36162	786	"MOPS2h"	0	0	0	0	0	0	NA	"NO"	NA	NA
"ECK120001511"	"caiC"	"-"	36271	37824	1554	"MOPS2h"	26	1.59307664736156	3	100	0	0.657014157014157	-Inf	"SD"	NA	NA
"ECK120001512"	"caiB"	"-"	37898	39115	1218	"MOPS2h"	24	1.87619636983695	0	0	0	0.5311986863711	-Inf	"SD"	NA	NA
"ECK120001513"	"caiA"	"-"	39244	40386	1143	"MOPS2h"	59	4.9149614876503	0	0	0	0.759405074365704	-Inf	"SD"	NA	NA
"ECK120001516"	"fixB"	"+"	43188	44129	942	"MOPS2h"	6	0.606477488975958	0	0	0	0.392781316348195	-Inf	"SD"	NA	NA
"ECK120001517"	"fixC"	"+"	44180	45466	1287	"MOPS2h"	4	0	5	160	0	0.0947940947940948	NA	"NO"	NA	NA
"ECK120001518"	"fixX"	"+"	45463	45750	288	"MOPS2h"	1	0.330614464476477	0	0	0	0.329861111111111	-Inf	"SD"	NA	NA
"ECK120001519"	"yaaU"	"+"	45807	47138	1332	"MOPS2h"	8	0.571873668283636	1	62	0	0.352102102102102	-Inf	"SD"	NA	NA
"ECK120001520"	"kefF"	"+"	47246	47776	531	"MOPS2h"	18	3.22769375488899	1	49	0	0.851224105461394	-Inf	"SD"	NA	NA
"ECK120001525"	"thiP"	"-"	72911	74521	1611	"MOPS2h"	43	2.54148325765158	0	0	0	0.760397268777157	-Inf	"SD"	NA	NA
"ECK120001526"	"tbpA"	"-"	74497	75480	984	"MOPS2h"	67	6.48326901070945	0	0	0	0.821138211382114	-Inf	"SD"	9	25
"ECK120001528"	"leuC"	"-"	79464	80864	1401	"MOPS2h"	6603	448.76347250121	2	160	0	1	-Inf	"SD"	14	28
"ECK120001529"	"leuB"	"-"	80867	81958	1092	"MOPS2h"	5549	483.845185946366	0	0	0	1	-Inf	"SD"	15	37.5
"ECK120001532"	"ybiB"	"+"	834471	835433	963	"MOPS2h"	401	39.6490168987117	1	39	0	1	-Inf	"SD"	8	22.8571428571429
"ECK120001534"	"gcl"	"+"	533140	534921	1782	"MOPS2h"	9	0	0	0	0	0.24354657687991	NA	"NO"	NA	NA
"ECK120001535"	"thiC"	"-"	4192227	4194122	1896	"MOPS2h"	59	2.96297520062463	1	49	0	0.683016877637131	-Inf	"SD"	0	0
"ECK120001536"	"thiE"	"-"	4191592	4192227	636	"MOPS2h"	12	1.79654652394765	0	0	0	0.654088050314465	-Inf	"SD"	0	0
"ECK120001537"	"thiF"	"-"	4190844	4191599	756	"MOPS2h"	22	2.77086408323142	0	0	0	0.945767195767196	-Inf	"SD"	NA	NA
"ECK120001538"	"thiG"	"-"	4189888	4190658	771	"MOPS2h"	39	4.81642239299583	2	100	0	0.861219195849546	-Inf	"SD"	0	0
"ECK120001539"	"thiH"	"-"	4188758	4189891	1134	"MOPS2h"	23	1.93120830043402	1	73	0	0.655202821869489	-Inf	"SD"	NA	NA
"ECK120001540"	"lipB"	"-"	660860	661501	642	"MOPS2h"	143	21.2087634034256	4	137	0	1	-Inf	"SD"	2	8.33333333333333
"ECK120001541"	"ybeD"	"-"	661602	661865	264	"MOPS2h"	1513	545.694201548629	2	140	0	1	-Inf	"SD"	7	70
"ECK120001542"	"ybeF"	"-"	659648	660601	954	"MOPS2h"	2	0	45	988	45.5465587044534	0.143605870020964	Inf	"AD"	NA	NA
"ECK120001544"	"moaB"	"+"	817278	817790	513	"MOPS2h"	165	30.6253398672947	0	0	0	1	-Inf	"SD"	9	47.3684210526316
"ECK120001545"	"moaD"	"+"	818271	818516	246	"MOPS2h"	46	17.8047984771722	0	0	0	1	-Inf	"SD"	0	0
"ECK120001546"	"moaE"	"+"	818518	818970	453	"MOPS2h"	131	27.5351490414316	0	0	0	1	-Inf	"SD"	5	29.4117647058824
"ECK120001549"	"sseB"	"-"	2652179	2652955	777	"MOPS2h"	199	24.3863271403808	0	0	0	1	-Inf	"SD"	1	3.44827586206897
"ECK120001550"	"glnE"	"-"	3194823	3197663	2841	"MOPS2h"	634	21.248699858391	1	35	0	0.993664202745512	-Inf	"SD"	12	11.1111111111111
"ECK120001553"	"smg"	"-"	3430013	3430486	474	"MOPS2h"	741	148.851838892397	2	183	0	1	-Inf	"SD"	NA	NA
"ECK120001561"	"eptA"	"-"	4331970	4333613	1644	"MOPS2h"	76	4.40175754164302	5	58	0	0.741484184914842	-Inf	"SD"	NA	NA
"ECK120001563"	"basR"	"-"	4331305	4331973	669	"MOPS2h"	184	26.1882237691143	1	54	0	1	-Inf	"SD"	1	4
"ECK120001565"	"baeS"	"+"	2160900	2162303	1404	"MOPS2h"	84	5.69674154174852	3	100	0	0.817663817663818	-Inf	"SD"	NA	NA
"ECK120001566"	"baeR"	"+"	2162300	2163022	723	"MOPS2h"	199	26.2077125699528	2	97	0	1	-Inf	"SD"	5	17.8571428571429
"ECK120001567"	"mfd"	"-"	1169741	1173187	3447	"MOPS2h"	911	25.1646811185855	5	100	0	1	-Inf	"SD"	24	18.4615384615385
"ECK120001568"	"rnb"	"-"	1345002	1346936	1935	"MOPS2h"	786	38.6772791186621	12	127	0	1	-Inf	"SD"	25	34.7222222222222
"ECK120001570"	"mdlB"	"+"	469860	471641	1782	"MOPS2h"	67	3.57998692847256	2	46	0	0.791806958473625	-Inf	"SD"	0	0
"ECK120001571"	"sdaB"	"+"	2927598	2928965	1368	"MOPS2h"	76	5.28983143162363	0	0	0	0.934210526315789	-Inf	"SD"	5	10.2040816326531
"ECK120001572"	"artP"	"-"	902229	902957	729	"MOPS2h"	1511	197.35642699218	2	100	0	1	-Inf	"SD"	4	14.8148148148148
"ECK120001573"	"artI"	"-"	901480	902211	732	"MOPS2h"	2183	283.959885620518	4	100	0	1	-Inf	"SD"	6	22.2222222222222
"ECK120001574"	"artQ"	"-"	900757	901473	717	"MOPS2h"	377	50.0652665202203	0	0	0	1	-Inf	"SD"	2	7.69230769230769
"ECK120001575"	"artM"	"-"	900089	900757	669	"MOPS2h"	254	36.1511349856252	0	0	0	1	-Inf	"SD"	0	0
"ECK120001577"	"potF"	"+"	893007	894119	1113	"MOPS2h"	227	19.4198124255293	1	54	0	1	-Inf	"SD"	11	26.8292682926829
"ECK120001578"	"potG"	"+"	894214	895347	1134	"MOPS2h"	157	13.1825957899192	0	0	0	0.932098765432099	-Inf	"SD"	NA	NA
"ECK120001579"	"potH"	"+"	895357	896310	954	"MOPS2h"	66	6.58733725447471	0	0	0	0.950733752620545	-Inf	"SD"	NA	NA
"ECK120001580"	"potI"	"+"	896307	897152	846	"MOPS2h"	95	10.6922124681754	0	0	0	1	-Inf	"SD"	NA	NA
"ECK120001590"	"psuK"	"-"	2256377	2257318	942	"MOPS2h"	5	0.505397907479965	0	0	0	0.348195329087049	-Inf	"SD"	NA	NA
"ECK120001591"	"accA"	"+"	208621	209580	960	"MOPS2h"	2366	234.670146885403	1	76	0	1	-Inf	"SD"	32	91.4285714285714
"ECK120001598"	"fliG"	"+"	2012904	2013899	996	"MOPS2h"	21	2.00758662766439	2	114	0	0.453815261044177	-Inf	"SD"	8	21.6216216216216
"ECK120001599"	"fliH"	"+"	2013892	2014578	687	"MOPS2h"	12	1.66317844138385	0	0	0	0.74235807860262	-Inf	"SD"	8	32
"ECK120001601"	"uidB"	"-"	1690914	1692287	1374	"MOPS2h"	8	0.554392813794616	3	47	0	0.263464337700146	-Inf	"SD"	NA	NA
"ECK120001604"	"yedF"	"+"	2007503	2007736	234	"MOPS2h"	35	14.2418538543713	3	52	0	0.965811965811966	-Inf	"SD"	NA	NA
"ECK120001605"	"yedK"	"+"	2007845	2008513	669	"MOPS2h"	10	1.42327303093012	0	0	0	0.62780269058296	-Inf	"SD"	NA	NA
"ECK120001609"	"moaC"	"+"	817793	818278	486	"MOPS2h"	69	13.5184581030382	1	42	0	1	-Inf	"SD"	2	11.7647058823529
"ECK120001611"	"atoC"	"+"	2319888	2321273	1386	"MOPS2h"	14	0.961787533022478	10	136	0	0.52958152958153	-Inf	"SD"	2	3.84615384615385
"ECK120001612"	"atoD"	"+"	2321469	2322131	663	"MOPS2h"	1	0	4	101	0	0.108597285067873	NA	"NO"	NA	NA
"ECK120001613"	"atoA"	"+"	2322131	2322781	651	"MOPS2h"	0	0	0	0	0	0	NA	"NO"	NA	NA
"ECK120001614"	"atoE"	"+"	2322778	2324100	1323	"MOPS2h"	4	0	8	145	0	0.124716553287982	NA	"NO"	NA	NA
"ECK120001618"	"panB"	"-"	148807	149601	795	"MOPS2h"	720	86.2342331494871	0	0	0	1	-Inf	"SD"	14	50
"ECK120001619"	"hslV"	"-"	4119780	4120310	531	"MOPS2h"	1298	232.75258299144	0	0	0	1	-Inf	"SD"	6	31.5789473684211
"ECK120001620"	"modF"	"-"	791539	793011	1473	"MOPS2h"	127	8.20947362708189	3	100	0	0.980991174473863	-Inf	"SD"	5	9.09090909090909
"ECK120001621"	"yadC"	"-"	149715	150953	1239	"MOPS2h"	2	0	10	102	58.8235294117647	0.0895883777239709	Inf	"AD"	NA	NA
"ECK120001622"	"aas"	"-"	2971877	2974036	2160	"MOPS2h"	165	7.27351821848249	7	111	0	0.953240740740741	-Inf	"SD"	3	3.7037037037037
"ECK120001623"	"lptB"	"+"	3341966	3342691	726	"MOPS2h"	826	108.332250310441	3	214	0	1	-Inf	"SD"	10	37.037037037037
"ECK120001624"	"hpf"	"+"	3344195	3344482	288	"MOPS2h"	632	208.948341549133	5	173	0	1	-Inf	"SD"	3	27.2727272727273
"ECK120001625"	"ptsN"	"+"	3344600	3345091	492	"MOPS2h"	445	86.1210361124091	1	97	0	1	-Inf	"SD"	6	33.3333333333333
"ECK120001630"	"setC"	"+"	3834976	3836160	1185	"MOPS2h"	3	0	1	100	0	0.10042194092827	NA	"NO"	NA	NA
"ECK120001633"	"yicN"	"-"	3839973	3840425	453	"MOPS2h"	84	17.6561261029027	0	0	0	0.997792494481236	-Inf	"SD"	NA	NA
"ECK120001638"	"yidG"	"-"	3853631	3853993	363	"MOPS2h"	87	22.8205951017152	0	0	0	1	-Inf	"SD"	NA	NA
"ECK120001641"	"galM"	"-"	787020	788060	1041	"MOPS2h"	3706	338.976056811478	7	94	0	1	-Inf	"SD"	17	44.7368421052632
"ECK120001647"	"acrB"	"-"	480478	483627	3150	"MOPS2h"	3145	95.0658277283218	3	100	0	1	-Inf	"SD"	20	17.5438596491228
"ECK120001652"	"glvB"	"-"	3860010	3860495	486	"MOPS2h"	0	0	5	76	0	0	NA	"NO"	NA	NA
"ECK120001659"	"mdtL"	"+"	3889638	3890813	1176	"MOPS2h"	38	3.07673868982191	0	0	0	0.401360544217687	-Inf	"SD"	NA	NA
"ECK120001660"	"yidZ"	"+"	3890788	3891747	960	"MOPS2h"	68	6.74453507532013	15	605	24.7933884297521	0.898958333333333	-1.16875649580333	"SD"	NA	NA
"ECK120001661"	"yieE"	"+"	3891892	3892653	762	"MOPS2h"	77	9.62166189531542	1	98	0	0.583989501312336	-Inf	"SD"	NA	NA
"ECK120001665"	"cbrB"	"+"	3895529	3895996	468	"MOPS2h"	21	4.27255615631139	46	355	109.859154929577	0.816239316239316	0.868374669896869	"AD"	NA	NA
"ECK120001668"	"yieL"	"-"	3897431	3898627	1197	"MOPS2h"	27	2.14775110757651	4	192	0	0.715121136173768	-Inf	"SD"	NA	NA
"ECK120001674"	"efeB"	"+"	1082599	1083870	1272	"MOPS2h"	20	1.49712210328971	0	0	0	0.647798742138365	-Inf	"SD"	NA	NA
"ECK120001676"	"metI"	"-"	220968	221621	654	"MOPS2h"	215	31.3022135174059	0	0	0	1	-Inf	"SD"	3	13.0434782608696
"ECK120001678"	"nfrB"	"-"	590164	592401	2238	"MOPS2h"	88	3.74400937787839	6	69	0	0.751563896336014	-Inf	"SD"	NA	NA
"ECK120001679"	"nfrA"	"-"	587205	590177	2973	"MOPS2h"	184	5.89301099950806	6	193	0	0.922300706357215	-Inf	"SD"	NA	NA
"ECK120001681"	"yddA"	"-"	1575681	1577366	1686	"MOPS2h"	4	0	0	0	0	0.13582443653618	NA	"NO"	NA	NA
"ECK120001682"	"yddB"	"-"	1573271	1575643	2373	"MOPS2h"	5	0	5	114	0	0.13653603034134	NA	"NO"	NA	NA
"ECK120001683"	"pqqL"	"-"	1570431	1573226	2796	"MOPS2h"	32	1.08975068119285	8	152	39.4736842105263	0.457796852646638	0.139036300326569	"AD"	8	7.61904761904762
"ECK120001690"	"otsB"	"-"	1979611	1980411	801	"MOPS2h"	48	5.70588558916706	4	100	0	0.901373283395755	-Inf	"SD"	NA	NA
"ECK120001693"	"tsaE"	"+"	4393608	4394069	462	"MOPS2h"	177	36.4792271453526	0	0	0	1	-Inf	"SD"	5	29.4117647058824
"ECK120001696"	"ydcD"	"+"	1527946	1528428	483	"MOPS2h"	13	2.56277547619033	1	62	0	0.660455486542443	-Inf	"SD"	NA	NA
"ECK120001699"	"yibG"	"+"	3766200	3766661	462	"MOPS2h"	3	0	0	0	0	0.16017316017316	NA	"NO"	NA	NA
"ECK120001702"	"yibJ"	"+"	3765244	3765945	702	"MOPS2h"	18	2.44146066074937	0	0	0	0.300569800569801	-Inf	"SD"	NA	NA
"ECK120001704"	"ybbB"	"-"	529356	530450	1095	"MOPS2h"	122	10.6086482409548	1	39	0	0.924200913242009	-Inf	"SD"	0	0
"ECK120001705"	"ybbC"	"+"	526805	527173	369	"MOPS2h"	87	22.4495285146954	0	0	0	1	-Inf	"SD"	NA	NA
"ECK120001706"	"ybbD"	"+"	527864	528124	261	"MOPS2h"	1	0.36481596080163	0	0	0	0.348659003831418	-Inf	"SD"	NA	NA
"ECK120001707"	"nuoM"	"-"	2389534	2391063	1530	"MOPS2h"	1690	105.17429552287	2	43	0	1	-Inf	"SD"	NA	NA
"ECK120001708"	"nuoF"	"-"	2398240	2399577	1338	"MOPS2h"	3682	262.024564994236	0	0	0	1	-Inf	"SD"	16	32.6530612244898
"ECK120001709"	"ybfE"	"-"	710828	711121	294	"MOPS2h"	91	29.4719179761888	2	81	0	1	-Inf	"SD"	NA	NA
"ECK120001712"	"ybfH"	"-"	715611	715820	210	"MOPS2h"	1	0.453414122710597	0	0	0	0.285714285714286	-Inf	"SD"	NA	NA
"ECK120001714"	"ydeK"	"-"	1592133	1596110	3978	"MOPS2h"	178	4.26058821189596	5	38	0	0.688034188034188	-Inf	"SD"	NA	NA
"ECK120001721"	"gmd"	"-"	2125217	2126338	1122	"MOPS2h"	2	0	11	395	22.7848101265823	0.139928698752228	Inf	"AD"	NA	NA
"ECK120001722"	"fcl"	"-"	2124249	2125214	966	"MOPS2h"	2	0	6	138	0	0.161490683229814	NA	"NO"	NA	NA
"ECK120001723"	"gmm"	"-"	2123767	2124246	480	"MOPS2h"	4	0.793474714743544	8	139	50.3597122302158	0.58125	0.819170671896098	"AD"	NA	NA
"ECK120001724"	"wcaI"	"-"	2122547	2123770	1224	"MOPS2h"	3	0	2	215	0	0.0857843137254902	NA	"NO"	NA	NA
"ECK120001725"	"cmtB"	"-"	3076909	3077352	444	"MOPS2h"	1	0	0	0	0	0.220720720720721	NA	"NO"	NA	NA
"ECK120001726"	"cmtA"	"-"	3075493	3076881	1389	"MOPS2h"	4	0	0	0	0	0.100791936645068	NA	"NO"	NA	NA
"ECK120001727"	"ygdD"	"-"	2939258	2939653	396	"MOPS2h"	129	31.0176479399749	0	0	0	1	-Inf	"SD"	NA	NA
"ECK120001729"	"gcvA"	"-"	2939672	2940589	918	"MOPS2h"	244	25.3082131238464	1	37	0	1	-Inf	"SD"	3	8.82352941176471
"ECK120001733"	"hybA"	"-"	3142176	3143162	987	"MOPS2h"	176	16.9789118291628	1	66	0	1	-Inf	"SD"	3	8.33333333333333
"ECK120001734"	"hybB"	"-"	3141008	3142186	1179	"MOPS2h"	180	14.536941338813	1	96	0	1	-Inf	"SD"	NA	NA
"ECK120001735"	"hybC"	"-"	3139308	3141011	1704	"MOPS2h"	415	23.1895779308853	9	111	0	1	-Inf	"SD"	15	24.1935483870968
"ECK120001736"	"hybD"	"-"	3138814	3139308	495	"MOPS2h"	153	29.4306985104878	0	0	0	1	-Inf	"SD"	3	16.6666666666667
"ECK120001737"	"hybE"	"-"	3138333	3138821	489	"MOPS2h"	69	13.4355227772527	2	57	0	1	-Inf	"SD"	1	5.55555555555556
"ECK120001738"	"hybF"	"-"	3137999	3138340	342	"MOPS2h"	28	7.79554105712956	1	36	0	0.921052631578947	-Inf	"SD"	NA	NA
"ECK120001740"	"yebE"	"-"	1927072	1927731	660	"MOPS2h"	74	10.6758416165495	3	111	0	1	-Inf	"SD"	5	20.8333333333333
"ECK120001741"	"yebF"	"-"	1928058	1928414	357	"MOPS2h"	187	49.8755534981657	2	64	0	1	-Inf	"SD"	1	7.69230769230769
"ECK120001744"	"gcvP"	"-"	3044190	3047063	2874	"MOPS2h"	113	3.74374291298624	2	49	0	0.836464857341684	-Inf	"SD"	60	57.6923076923077
"ECK120001746"	"yjfC"	"+"	4411051	4412214	1164	"MOPS2h"	9	0.736213652854835	1	100	0	0.436426116838488	-Inf	"SD"	NA	NA
"ECK120001747"	"torA"	"+"	1058479	1061025	2547	"MOPS2h"	41	1.53274267630084	4	62	0	0.521005104043973	-Inf	"SD"	NA	NA
"ECK120001749"	"ispF"	"-"	2869323	2869802	480	"MOPS2h"	259	51.3774877796445	1	48	0	1	-Inf	"SD"	2	11.7647058823529
"ECK120001750"	"umpG"	"-"	2867535	2868296	762	"MOPS2h"	436	54.4810985241237	1	49	0	1	-Inf	"SD"	1	3.7037037037037
"ECK120001751"	"purU"	"-"	1287005	1287847	843	"MOPS2h"	720	81.3240988776302	6	269	0	1	-Inf	"SD"	11	34.375
"ECK120001754"	"puuB"	"+"	1362256	1363536	1281	"MOPS2h"	15	1.11495276076376	1	67	0	0.481654957064793	-Inf	"SD"	NA	NA
"ECK120001763"	"rdoA"	"+"	4040438	4041424	987	"MOPS2h"	1310	126.377127819337	1	37	0	1	-Inf	"SD"	2	5.26315789473684
"ECK120001766"	"yihI"	"+"	4049370	4049879	510	"MOPS2h"	273	50.9690816764677	0	0	0	1	-Inf	"SD"	NA	NA
"ECK120001768"	"typA"	"+"	4056430	4058253	1824	"MOPS2h"	8897	464.443719544297	9	150	0	1	-Inf	"SD"	33	49.2537313432836
"ECK120001769"	"yihL"	"+"	4058470	4059180	711	"MOPS2h"	27	3.61583414313514	3	213	0	1	-Inf	"SD"	NA	NA
"ECK120001770"	"yihM"	"+"	4059188	4060168	981	"MOPS2h"	18	1.74710028934358	0	0	0	0.553516819571865	-Inf	"SD"	0	0
"ECK120001772"	"yihO"	"-"	4062386	4063789	1404	"MOPS2h"	13	0.881638571937272	3	86	0	0.353276353276353	-Inf	"SD"	NA	NA
"ECK120001773"	"yihP"	"-"	4063832	4065238	1407	"MOPS2h"	3	0	10	108	74.0740740740741	0.103766879886283	Inf	"AD"	NA	NA
"ECK120001774"	"yihQ"	"-"	4065263	4067299	2037	"MOPS2h"	5	0	2	48	0	0.190967108492882	NA	"NO"	NA	NA
"ECK120001775"	"yihR"	"-"	4067498	4068424	927	"MOPS2h"	2	0	2	86	0	0.108953613807983	NA	"NO"	NA	NA
"ECK120001776"	"yihS"	"-"	4068538	4069779	1242	"MOPS2h"	8	0.613313789173754	5	79	0	0.276167471819646	-Inf	"SD"	NA	NA
"ECK120001777"	"yihT"	"-"	4069796	4070674	879	"MOPS2h"	11	1.19156612452955	6	151	0	0.436860068259386	-Inf	"SD"	NA	NA
"ECK120001780"	"yihW"	"+"	4072692	4073477	786	"MOPS2h"	152	18.4134590291632	0	0	0	0.936386768447837	-Inf	"SD"	7	24.1379310344828
"ECK120001781"	"yihX"	"+"	4073576	4074175	600	"MOPS2h"	267	42.3715497673053	0	0	0	1	-Inf	"SD"	5	21.7391304347826
"ECK120001782"	"yihY"	"+"	4074169	4075041	873	"MOPS2h"	412	44.9362999964729	4	160	0	0.906071019473081	-Inf	"SD"	NA	NA
"ECK120001783"	"dtd"	"+"	4075038	4075475	438	"MOPS2h"	283	61.5214641842255	0	0	0	1	-Inf	"SD"	NA	NA
"ECK120001784"	"yiiD"	"+"	4075472	4076461	990	"MOPS2h"	278	26.7376934180249	1	77	0	1	-Inf	"SD"	3	8.10810810810811
"ECK120001785"	"yiiE"	"+"	4077314	4077532	219	"MOPS2h"	0	0	0	0	0	0	NA	"NO"	NA	NA
"ECK120001787"	"fdoI"	"-"	4079248	4079883	636	"MOPS2h"	404	60.4837329729041	2	99	0	1	-Inf	"SD"	3	12
"ECK120001788"	"fdoH"	"-"	4079880	4080782	903	"MOPS2h"	292	30.789982286394	2	158	0	1	-Inf	"SD"	4	12.1212121212121
"ECK120001793"	"frvX"	"-"	4087878	4088948	1071	"MOPS2h"	16	1.42247567909207	1	43	0	0.366946778711485	-Inf	"SD"	NA	NA
"ECK120001794"	"frvB"	"-"	4088938	4090389	1452	"MOPS2h"	4	0	0	0	0	0.0971074380165289	NA	"NO"	NA	NA
"ECK120001795"	"frvA"	"-"	4090400	4090846	447	"MOPS2h"	0	0	0	0	0	0	NA	"NO"	NA	NA
"ECK120001796"	"rhaM"	"-"	4091147	4091461	315	"MOPS2h"	0	0	3	179	0	0	NA	"NO"	NA	NA
"ECK120001797"	"rhaD"	"-"	4091471	4092295	825	"MOPS2h"	1	0	0	0	0	0.0618181818181818	NA	"NO"	NA	NA
"ECK120001798"	"rhaA"	"-"	4092746	4094005	1260	"MOPS2h"	6	0	4	199	0	0.179365079365079	NA	"NO"	NA	NA
"ECK120001800"	"kdgT"	"+"	4099713	4100696	984	"MOPS2h"	14	1.35471292761093	1	46	0	0.579268292682927	-Inf	"SD"	NA	NA
"ECK120001802"	"gph"	"-"	3511653	3512411	759	"MOPS2h"	287	36.0043072144502	0	0	0	1	-Inf	"SD"	8	29.6296296296296
"ECK120001803"	"fieF"	"+"	4104492	4105394	903	"MOPS2h"	427	45.0250768366104	4	128	0	0.92358803986711	-Inf	"SD"	0	0
"ECK120001806"	"yiiS"	"+"	4110990	4111289	300	"MOPS2h"	126	39.9911256230746	0	0	0	1	-Inf	"SD"	1	9.09090909090909
"ECK120001810"	"menA"	"-"	4117446	4118372	927	"MOPS2h"	238	24.4462112762412	1	46	0	1	-Inf	"SD"	NA	NA
"ECK120001811"	"hslU"	"-"	4118439	4119770	1332	"MOPS2h"	2028	144.969974909902	20	323	46.4396284829721	1	-5.59464782009359	"SD"	24	48
"ECK120001814"	"tehB"	"+"	1499586	1500179	594	"MOPS2h"	243	38.9523950874104	0	0	0	1	-Inf	"SD"	5	21.7391304347826
"ECK120001816"	"opgH"	"+"	1110086	1112629	2544	"MOPS2h"	1269	47.4961987268659	2	174	0	0.987028301886792	-Inf	"SD"	10	10.3092783505155
"ECK120001820"	"slp"	"+"	3651984	3652550	567	"MOPS2h"	39	6.54931510581973	3	86	0	0.966490299823633	-Inf	"SD"	0	0
"ECK120001821"	"yeeA"	"-"	2077557	2078615	1059	"MOPS2h"	158	14.2061195387513	6	223	0	0.793201133144476	-Inf	"SD"	NA	NA
"ECK120001822"	"sbmC"	"-"	2078813	2079286	474	"MOPS2h"	180	36.1583414313514	0	0	0	1	-Inf	"SD"	3	16.6666666666667
"ECK120001825"	"yeeE"	"-"	2082491	2083549	1059	"MOPS2h"	1125	101.151167601868	4	254	0	1	-Inf	"SD"	NA	NA
"ECK120001826"	"plaP"	"-"	2083728	2085086	1359	"MOPS2h"	540	37.8345559347915	7	120	0	1	-Inf	"SD"	NA	NA
"ECK120001828"	"recT"	"-"	1412008	1412817	810	"MOPS2h"	18	2.11593257264945	4	133	0	0.983950617283951	-Inf	"SD"	NA	NA
"ECK120001829"	"lar"	"-"	1411757	1411951	195	"MOPS2h"	1	0	0	0	0	0.112820512820513	NA	"NO"	NA	NA
"ECK120001830"	"rcbA"	"-"	1411555	1411764	210	"MOPS2h"	3	1.36024236813179	5	152	0	0.595238095238095	-Inf	"SD"	NA	NA
"ECK120001833"	"gldA"	"-"	4135955	4137058	1104	"MOPS2h"	254	21.90680190705	2	100	0	0.938405797101449	-Inf	"SD"	18	46.1538461538462
"ECK120001834"	"fsaB"	"-"	4137069	4137731	663	"MOPS2h"	122	17.5210706242013	1	53	0	0.675716440422323	-Inf	"SD"	2	8.33333333333333
"ECK120001837"	"frwB"	"+"	4141647	4141967	321	"MOPS2h"	3	0.889878184759115	0	0	0	0.426791277258567	-Inf	"SD"	NA	NA
"ECK120001838"	"pflD"	"+"	4142018	4144315	2298	"MOPS2h"	25	1.03586777381664	0	0	0	0.461705831157528	-Inf	"SD"	NA	NA
"ECK120001839"	"pflC"	"+"	4144281	4145159	879	"MOPS2h"	12	1.29989031766861	0	0	0	0.477815699658703	-Inf	"SD"	NA	NA
"ECK120001842"	"eptC"	"-"	4146555	4148288	1734	"MOPS2h"	439	24.1062560396136	104	1073	56.8499534016775	1	-0.982526454520664	"SD"	8	11.9402985074627
"ECK120001843"	"nfi"	"+"	4196813	4197484	672	"MOPS2h"	163	23.095781875571	4	129	0	1	-Inf	"SD"	4	16
"ECK120001844"	"yjaG"	"+"	4197527	4198117	591	"MOPS2h"	443	71.3724464226173	5	79	0	1	-Inf	"SD"	6	26.0869565217391
"ECK120001851"	"yjbE"	"+"	4233929	4234171	243	"MOPS2h"	1	0	1	78	0	0.135802469135802	NA	"NO"	NA	NA
"ECK120001852"	"yjbF"	"+"	4234285	4234923	639	"MOPS2h"	1	0	0	0	0	0.0719874804381847	NA	"NO"	NA	NA
"ECK120001853"	"yjbG"	"+"	4234920	4235657	738	"MOPS2h"	2	0	1	36	0	0.197831978319783	NA	"NO"	NA	NA
"ECK120001855"	"yjbI"	"+"	4248978	4250306	1329	"MOPS2h"	1	0	9	165	48.4848484848485	0.0609480812641084	Inf	"AD"	NA	NA
"ECK120001859"	"yjbM"	"+"	4258622	4259329	708	"MOPS2h"	6	0.806923438722249	0	0	0	0.27683615819209	-Inf	"SD"	NA	NA
"ECK120001860"	"dusA"	"+"	4259692	4260729	1038	"MOPS2h"	303	27.7945478112479	2	44	0	0.996146435452794	-Inf	"SD"	6	16.2162162162162
"ECK120001863"	"yjbQ"	"+"	4268261	4268677	417	"MOPS2h"	127	28.9989320208432	4	211	0	1	-Inf	"SD"	0	0
"ECK120001867"	"ghxP"	"+"	4276502	4277851	1350	"MOPS2h"	675	47.6084828846127	5	149	0	1	-Inf	"SD"	0	0
"ECK120001870"	"actP"	"-"	4281276	4282925	1650	"MOPS2h"	39	2.2505828272726	6	117	0	0.744242424242424	-Inf	"SD"	NA	NA
"ECK120001871"	"yjcH"	"-"	4282922	4283236	315	"MOPS2h"	19	5.74324555433423	0	0	0	0.831746031746032	-Inf	"SD"	NA	NA
"ECK120001872"	"nrfB"	"+"	4287268	4287834	567	"MOPS2h"	14	2.35103619183272	0	0	0	0.587301587301587	-Inf	"SD"	NA	NA
"ECK120001873"	"nrfC"	"+"	4287831	4288502	672	"MOPS2h"	5	0.708459566735308	0	0	0	0.263392857142857	-Inf	"SD"	NA	NA
"ECK120001874"	"nrfD"	"+"	4288499	4289455	957	"MOPS2h"	9	0.895457358331273	0	0	0	0.349007314524556	-Inf	"SD"	NA	NA
"ECK120001875"	"nrfE"	"+"	4289535	4291193	1659	"MOPS2h"	12	0.688730312978122	0	0	0	0.305003013863773	-Inf	"SD"	NA	NA
"ECK120001876"	"nrfF"	"+"	4291186	4291569	384	"MOPS2h"	6	1.48776509014415	1	97	0	0.5390625	-Inf	"SD"	NA	NA
"ECK120001877"	"nrfG"	"+"	4291566	4292162	597	"MOPS2h"	3	0.47847721492073	0	0	0	0.338358458961474	-Inf	"SD"	NA	NA
"ECK120001879"	"mdtP"	"-"	4297587	4299053	1467	"MOPS2h"	9	0.584153164228376	4	103	0	0.250852079072938	-Inf	"SD"	NA	NA
"ECK120001880"	"mdtO"	"-"	4299050	4301101	2052	"MOPS2h"	4	0	11	109	0	0.149610136452242	NA	"NO"	0	0
"ECK120001881"	"mdtN"	"-"	4301101	4302132	1032	"MOPS2h"	0	0	6	174	0	0	NA	"NO"	NA	NA
"ECK120001882"	"yjcS"	"-"	4302635	4304620	1986	"MOPS2h"	1	0	2	45	0	0.0307150050352467	NA	"NO"	NA	NA
"ECK120001883"	"alsK"	"-"	4304893	4305822	930	"MOPS2h"	9	0.921454507444116	11	432	25.462962962963	0.425806451612903	1.25551867742035	"AD"	NA	NA
"ECK120001884"	"alsE"	"-"	4305806	4306501	696	"MOPS2h"	6	0.820835911803667	1	36	0	0.307471264367816	-Inf	"SD"	NA	NA
"ECK120001885"	"alsC"	"-"	4306512	4307492	981	"MOPS2h"	2	0	3	160	0	0.0866462793068298	NA	"NO"	NA	NA
"ECK120001886"	"alsA"	"-"	4307471	4309003	1533	"MOPS2h"	4	0	6	124	0	0.185909980430528	NA	"NO"	NA	NA
"ECK120001887"	"lldP"	"+"	3775422	3777077	1656	"MOPS2h"	103	5.92231127670906	7	68	0	0.977657004830918	-Inf	"SD"	0	0
"ECK120001888"	"lldR"	"+"	3777077	3777853	777	"MOPS2h"	23	2.81852022225506	4	189	0	0.58043758043758	-Inf	"SD"	NA	NA
"ECK120001889"	"lldD"	"+"	3777850	3779040	1191	"MOPS2h"	77	6.1559247390683	2	95	0	0.91183879093199	-Inf	"SD"	11	25.5813953488372
"ECK120001892"	"adiY"	"-"	4335191	4335952	762	"MOPS2h"	38	4.74835262366216	6	104	0	0.885826771653543	-Inf	"SD"	NA	NA
"ECK120001893"	"flgK"	"+"	1137601	1139244	1644	"MOPS2h"	240	13.9002869736095	4	103	0	0.948296836982968	-Inf	"SD"	8	13.7931034482759
"ECK120001894"	"zntR"	"-"	3436727	3437152	426	"MOPS2h"	62	13.8578682574929	8	219	31.9634703196347	1	-3.30720661387346	"SD"	NA	NA
"ECK120001895"	"yhdN"	"-"	3437163	3437531	369	"MOPS2h"	88	22.7075690723356	0	0	0	1	-Inf	"SD"	NA	NA
"ECK120001897"	"htrE"	"-"	152829	155426	2598	"MOPS2h"	17	0.623051739059596	13	163	0	0.363356428021555	-Inf	"SD"	NA	NA
"ECK120001898"	"yadV"	"-"	155461	156201	741	"MOPS2h"	2	0	9	100	60	0.198380566801619	Inf	"AD"	NA	NA
"ECK120001899"	"fimI"	"+"	4541751	4542290	540	"MOPS2h"	423	74.5866231858932	0	0	0	1	-Inf	"SD"	NA	NA
"ECK120001900"	"fliP"	"+"	2019893	2020630	738	"MOPS2h"	4	0.516081115280354	2	62	0	0.37940379403794	-Inf	"SD"	2	7.40740740740741
"ECK120001901"	"fliQ"	"+"	2020640	2020909	270	"MOPS2h"	1	0.352655428774909	4	195	0	0.37037037037037	-Inf	"SD"	NA	NA
"ECK120001902"	"fliR"	"+"	2020917	2021702	786	"MOPS2h"	6	0.726847066940651	3	47	0	0.396946564885496	-Inf	"SD"	NA	NA
"ECK120001903"	"rfbA"	"-"	2108162	2109043	882	"MOPS2h"	564	60.887039335423	0	0	0	1	-Inf	"SD"	19	57.5757575757576
"ECK120001904"	"rfbC"	"-"	2107605	2108162	558	"MOPS2h"	505	86.1730604183849	0	0	0	1	-Inf	"SD"	5	23.8095238095238
"ECK120001905"	"rfbX"	"-"	2106361	2107608	1248	"MOPS2h"	407	31.052327778906	1	100	0	1	-Inf	"SD"	NA	NA
"ECK120001906"	"glf"	"-"	2105250	2106353	1104	"MOPS2h"	547	47.1772466265999	0	0	0	1	-Inf	"SD"	25	58.1395348837209
"ECK120001907"	"wbbH"	"-"	2104084	2105250	1167	"MOPS2h"	185	15.0943776069466	0	0	0	0.911739502999143	-Inf	"SD"	NA	NA
"ECK120001908"	"wbbI"	"-"	2103089	2104081	993	"MOPS2h"	864	82.8473901557006	1	100	0	1	-Inf	"SD"	21	55.2631578947368
"ECK120001909"	"wbbJ"	"-"	2102518	2103108	591	"MOPS2h"	554	89.2558359325733	0	0	0	1	-Inf	"SD"	4	18.1818181818182
"ECK120001910"	"wbbK"	"-"	2101415	2102533	1119	"MOPS2h"	469	39.9077363232946	0	0	0	1	-Inf	"SD"	6	13.953488372093
"ECK120001911"	"wbbL_1"	"-"	2100940	2101413	474	"MOPS2h"	299	60.063022710967	1	41	0	1	-Inf	"SD"	NA	NA
"ECK120001913"	"yehB"	"-"	2186452	2188932	2481	"MOPS2h"	8	0	3	53	0	0.198307134220073	NA	"NO"	NA	NA
"ECK120001914"	"yehC"	"-"	2188948	2189667	720	"MOPS2h"	1	0	0	0	0	0.0375	NA	"NO"	NA	NA
"ECK120001915"	"yehD"	"-"	2189702	2190244	543	"MOPS2h"	6	1.05212116872072	0	0	0	0.593001841620626	-Inf	"SD"	3	15.7894736842105
"ECK120001916"	"yehE"	"-"	2190537	2190818	282	"MOPS2h"	10	3.37648814784487	14	217	64.5161290322581	0.556737588652482	-0.27009666620099	"SD"	NA	NA
"ECK120001917"	"molR_1"	"+"	2194496	2195320	825	"MOPS2h"	10	1.15414503962697	1	58	0	0.475151515151515	-Inf	"SD"	NA	NA
"ECK120001918"	"yehI"	"+"	2198301	2201933	3633	"MOPS2h"	36	0.943520717779277	24	268	0	0.337737407101569	-Inf	"SD"	NA	NA
"ECK120001919"	"yehL"	"+"	2202618	2203706	1089	"MOPS2h"	1	0	0	0	0	0.0918273645546373	NA	"NO"	NA	NA
"ECK120001920"	"yehM"	"+"	2203717	2205996	2280	"MOPS2h"	7	0	6	125	0	0.125438596491228	NA	"NO"	NA	NA
"ECK120001921"	"yehP"	"+"	2205989	2207125	1137	"MOPS2h"	7	0.586208232528212	0	0	0	0.403693931398417	-Inf	"SD"	NA	NA
"ECK120001922"	"yehQ"	"+"	2207122	2208966	1845	"MOPS2h"	13	0.67090544986446	4	196	0	0.423306233062331	-Inf	"SD"	NA	NA
"ECK120001925"	"yehT"	"-"	2210265	2210984	720	"MOPS2h"	67	8.86046764796958	0	0	0	0.994444444444444	-Inf	"SD"	2	7.40740740740741
"ECK120001929"	"yehX"	"-"	2214503	2215429	927	"MOPS2h"	24	2.46516416231004	0	0	0	0.759439050701187	-Inf	"SD"	NA	NA
"ECK120001930"	"yehY"	"-"	2215422	2216579	1158	"MOPS2h"	12	0.986704308489382	0	0	0	0.514680483592401	-Inf	"SD"	NA	NA
"ECK120001931"	"osmF"	"-"	2216586	2217503	918	"MOPS2h"	34	3.52655428774909	2	73	0	0.888888888888889	-Inf	"SD"	0	0
"ECK120001937"	"mdtQ"	"-"	2225345	2226433	1089	"MOPS2h"	3	0	1	62	0	0.109274563820018	NA	"NO"	NA	NA
"ECK120001941"	"yohK"	"+"	2229041	2229736	696	"MOPS2h"	106	14.5014344418648	1	81	0	1	-Inf	"SD"	1	4.16666666666667
"ECK120001942"	"sanA"	"+"	2230900	2231619	720	"MOPS2h"	80	10.5796628632473	5	123	0	0.848611111111111	-Inf	"SD"	1	3.7037037037037
"ECK120001950"	"psuG"	"-"	2255451	2256389	939	"MOPS2h"	3	0	0	0	0	0.11395101171459	NA	"NO"	0	0
"ECK120001953"	"yeiQ"	"+"	2264267	2265733	1467	"MOPS2h"	6	0	2	76	0	0.187457396046353	NA	"NO"	NA	NA
"ECK120001954"	"yejA"	"+"	2270386	2272200	1815	"MOPS2h"	90	4.72150243483762	20	295	37.2881355932203	0.884297520661157	-1.10174249057929	"SD"	5	7.14285714285714
"ECK120001955"	"yejB"	"+"	2272201	2273295	1095	"MOPS2h"	31	2.69564012679999	0	0	0	0.757077625570776	-Inf	"SD"	NA	NA
"ECK120001956"	"yejE"	"+"	2273295	2274320	1026	"MOPS2h"	37	3.43375022754516	1	100	0	0.861598440545809	-Inf	"SD"	1	2.63157894736842
"ECK120001963"	"yejM"	"+"	2282398	2284158	1761	"MOPS2h"	480	25.953517075087	28	291	44.6735395189003	0.99488926746167	-3.31934652940624	"SD"	0	0
"ECK120001966"	"ccmG"	"-"	2290429	2290986	558	"MOPS2h"	46	7.84942728563506	1	41	0	0.969534050179211	-Inf	"SD"	1	4.76190476190476
"ECK120001967"	"ccmF"	"-"	2290983	2292926	1944	"MOPS2h"	63	3.08573500178045	0	0	0	0.808127572016461	-Inf	"SD"	NA	NA
"ECK120001968"	"ccmE"	"-"	2292923	2293402	480	"MOPS2h"	41	8.13311582612133	0	0	0	1	-Inf	"SD"	1	5.55555555555556
"ECK120001969"	"ccmC"	"-"	2293605	2294342	738	"MOPS2h"	114	14.7083117854901	0	0	0	1	-Inf	"SD"	NA	NA
"ECK120001970"	"ccmB"	"-"	2294384	2295046	663	"MOPS2h"	39	5.60099798642502	1	48	0	0.941176470588235	-Inf	"SD"	NA	NA
"ECK120001971"	"ccmA"	"-"	2295043	2295666	624	"MOPS2h"	112	17.0902246252456	0	0	0	1	-Inf	"SD"	NA	NA
"ECK120001972"	"napC"	"-"	2295679	2296281	603	"MOPS2h"	97	15.3168253393281	1	60	0	0.920398009950249	-Inf	"SD"	1	4.34782608695652
"ECK120001973"	"napB"	"-"	2296291	2296740	450	"MOPS2h"	16	3.38549211623912	0	0	0	0.731111111111111	-Inf	"SD"	NA	NA
"ECK120001974"	"napH"	"-"	2296737	2297600	864	"MOPS2h"	27	2.97553018028829	0	0	0	0.797453703703704	-Inf	"SD"	2	6.25
"ECK120001975"	"napG"	"-"	2297587	2298282	696	"MOPS2h"	33	4.51459751492017	0	0	0	0.806034482758621	-Inf	"SD"	NA	NA
"ECK120001976"	"napA"	"-"	2298289	2300775	2487	"MOPS2h"	197	7.5423169507589	8	271	0	0.975874547647768	-Inf	"SD"	14	15.0537634408602
"ECK120001979"	"yojI"	"-"	2304994	2306637	1644	"MOPS2h"	32	1.85337159648127	4	70	0	0.689172749391727	-Inf	"SD"	1	1.61290322580645
"ECK120001980"	"apbE"	"-"	2308501	2309556	1056	"MOPS2h"	108	9.73809877185259	0	0	0	0.998106060606061	-Inf	"SD"	NA	NA
"ECK120001981"	"nikA"	"+"	3611690	3613264	1575	"MOPS2h"	6	0	3	99	0	0.194285714285714	NA	"NO"	11	18.6440677966102
"ECK120001982"	"nikB"	"+"	3613264	3614208	945	"MOPS2h"	3	0	0	0	0	0.169312169312169	NA	"NO"	NA	NA
"ECK120001983"	"nikC"	"+"	3614205	3615038	834	"MOPS2h"	4	0	0	0	0	0.189448441247002	NA	"NO"	NA	NA
"ECK120001984"	"nikD"	"+"	3615038	3615802	765	"MOPS2h"	4	0.497866487682224	2	94	0	0.33202614379085	-Inf	"SD"	NA	NA
"ECK120001985"	"nikE"	"+"	3615799	3616605	807	"MOPS2h"	29	3.42167534982346	3	219	0	0.313506815365551	-Inf	"SD"	2	6.66666666666667
"ECK120001986"	"recX"	"-"	2820161	2820661	501	"MOPS2h"	48	9.12258354675213	3	158	0	0.812375249500998	-Inf	"SD"	NA	NA
"ECK120001987"	"ppdA"	"-"	2961729	2962199	471	"MOPS2h"	1	0	0	0	0	0.212314225053079	NA	"NO"	NA	NA
"ECK120001988"	"nuoA"	"-"	2402651	2403094	444	"MOPS2h"	920	197.296415557854	2	55	0	1	-Inf	"SD"	3	18.75
"ECK120001989"	"nuoB"	"-"	2401973	2402635	663	"MOPS2h"	1547	222.172920128192	1	62	0	1	-Inf	"SD"	5	20
"ECK120001990"	"nuoC"	"-"	2400077	2401867	1791	"MOPS2h"	11081	589.111779837401	5	54	0	1	-Inf	"SD"	39	57.3529411764706
"ECK120001991"	"nuoE"	"-"	2399574	2400074	501	"MOPS2h"	8192	1556.92092531236	13	138	94.2028985507246	1	-9.22596833443372	"SD"	6	31.5789473684211
"ECK120001992"	"nuoG"	"-"	2395461	2398187	2727	"MOPS2h"	4560	159.218688635008	0	0	0	1	-Inf	"SD"	44	44
"ECK120001993"	"nuoH"	"-"	2394487	2395464	978	"MOPS2h"	1760	171.351594840324	1	100	0	1	-Inf	"SD"	6	16.6666666666667
"ECK120001994"	"nuoI"	"-"	2393930	2394472	543	"MOPS2h"	1390	243.741404086967	1	100	0	1	-Inf	"SD"	13	61.9047619047619
"ECK120001995"	"nuoJ"	"-"	2393364	2393918	555	"MOPS2h"	574	98.4766456784421	3	190	0	1	-Inf	"SD"	NA	NA
"ECK120001996"	"nuoK"	"-"	2393065	2393367	303	"MOPS2h"	478	150.210262830659	3	190	0	1	-Inf	"SD"	2	18.1818181818182
"ECK120001997"	"nuoL"	"-"	2391227	2393068	1842	"MOPS2h"	3506	181.232726377255	6	100	0	1	-Inf	"SD"	8	12.1212121212121
"ECK120002000"	"secG"	"-"	3320195	3320527	333	"MOPS2h"	1160	331.686727604509	1	70	0	1	-Inf	"SD"	3	27.2727272727273
"ECK120002002"	"yfiH"	"-"	2732325	2733056	732	"MOPS2h"	173	22.5034632214153	0	0	0	0.96448087431694	-Inf	"SD"	1	3.84615384615385
"ECK120002006"	"feoA"	"+"	3538185	3538412	228	"MOPS2h"	41	17.1223491076239	0	0	0	0.995614035087719	-Inf	"SD"	1	12.5
"ECK120002007"	"feoB"	"+"	3538429	3540750	2322	"MOPS2h"	1303	53.4313981039193	2	100	0	1	-Inf	"SD"	0	0
"ECK120002009"	"yeiR"	"+"	2265851	2266837	987	"MOPS2h"	108	10.4188777133499	2	45	0	0.918946301925025	-Inf	"SD"	3	8.33333333333333
"ECK120002011"	"hofB"	"-"	115714	117099	1386	"MOPS2h"	32	2.19837150405138	0	0	0	0.70995670995671	-Inf	"SD"	NA	NA
"ECK120002012"	"ppdD"	"-"	117109	117549	441	"MOPS2h"	1	0	1	56	0	0.113378684807256	NA	"NO"	NA	NA
"ECK120002014"	"ydcF"	"+"	1485259	1486059	801	"MOPS2h"	135	16.0478032195324	4	129	0	1	-Inf	"SD"	3	10
"ECK120002015"	"nlpD"	"-"	2865636	2866775	1140	"MOPS2h"	1724	143.994779812407	4	77	0	1	-Inf	"SD"	4	10
"ECK120002017"	"hofQ"	"-"	3517487	3518725	1239	"MOPS2h"	13	0.999048066989451	1	46	0	0.413236481033091	-Inf	"SD"	NA	NA
"ECK120002018"	"prfC"	"+"	4607437	4609026	1590	"MOPS2h"	869	52.0399643103502	1	78	0	1	-Inf	"SD"	15	25
"ECK120002019"	"yjjG"	"+"	4606669	4607346	678	"MOPS2h"	158	22.1892044122974	0	0	0	1	-Inf	"SD"	2	8
"ECK120002024"	"rssB"	"+"	1289465	1290478	1014	"MOPS2h"	198	18.5926619549375	3	136	0	1	-Inf	"SD"	0	0
"ECK120002025"	"yggI"	"+"	3087777	3088274	498	"MOPS2h"	9	1.72078853799805	2	162	0	0.789156626506024	-Inf	"SD"	0	0
"ECK120002027"	"hisJ"	"-"	2424028	2424810	783	"MOPS2h"	1290	156.870863144701	1	100	0	1	-Inf	"SD"	22	78.5714285714286
"ECK120002028"	"hisQ"	"-"	2423252	2423938	687	"MOPS2h"	179	24.8090784173091	2	123	0	1	-Inf	"SD"	1	4
"ECK120002029"	"treB"	"-"	4462782	4464203	1422	"MOPS2h"	32	2.14271652926527	0	0	0	0.674402250351617	-Inf	"SD"	35	68.6274509803922
"ECK120002030"	"lgt"	"-"	2963184	2964059	876	"MOPS2h"	467	50.7606427103062	3	142	0	1	-Inf	"SD"	7	21.2121212121212
"ECK120002031"	"uraA"	"-"	2616893	2618182	1290	"MOPS2h"	30	2.21434804114477	0	0	0	0.691472868217054	-Inf	"SD"	NA	NA
"ECK120002032"	"hscA"	"-"	2655107	2656957	1851	"MOPS2h"	1260	64.8154386111421	0	0	0	1	-Inf	"SD"	14	21.2121212121212
"ECK120002033"	"hscB"	"-"	2656974	2657489	516	"MOPS2h"	269	49.6383019223287	0	0	0	1	-Inf	"SD"	4	20
"ECK120002034"	"iscA"	"-"	2657585	2657908	324	"MOPS2h"	1222	359.120778302449	0	0	0	1	-Inf	"SD"	2	16.6666666666667
"ECK120002035"	"ucpA"	"-"	2541854	2542645	792	"MOPS2h"	707	84.9979732308615	0	0	0	1	-Inf	"SD"	10	35.7142857142857
"ECK120002037"	"mdtD"	"+"	2159488	2160903	1416	"MOPS2h"	24	1.6138468774445	1	100	0	0.544491525423729	-Inf	"SD"	NA	NA
"ECK120002040"	"yfhG"	"-"	2686815	2687528	714	"MOPS2h"	226	30.1387034507632	1	43	0	0.967787114845938	-Inf	"SD"	NA	NA
"ECK120002043"	"sdaC"	"+"	2926251	2927540	1290	"MOPS2h"	1260	93.0026177280806	6	255	23.5294117647059	1	-6.27616501312553	"SD"	2	4.25531914893617
"ECK120002044"	"napD"	"-"	2300772	2301035	264	"MOPS2h"	16	5.77072519813487	0	0	0	0.806818181818182	-Inf	"SD"	NA	NA
"ECK120002045"	"pgm"	"+"	712781	714421	1641	"MOPS2h"	2616	151.790117277449	0	0	0	1	-Inf	"SD"	41	70.6896551724138
"ECK120002046"	"rapZ"	"+"	3345137	3345991	855	"MOPS2h"	326	36.3049483517748	0	0	0	1	-Inf	"SD"	9	28.125
"ECK120002047"	"npr"	"+"	3345988	3346260	273	"MOPS2h"	68	23.7170464187081	4	138	0	1	-Inf	"SD"	NA	NA
"ECK120002048"	"galP"	"+"	3086306	3087700	1395	"MOPS2h"	89	6.07477416018714	3	98	0	0.941218637992832	-Inf	"SD"	NA	NA
"ECK120002049"	"cobS"	"-"	2062503	2063246	744	"MOPS2h"	546	69.8769668145121	0	0	0	1	-Inf	"SD"	1	3.84615384615385
"ECK120002050"	"cobT"	"-"	2061412	2062491	1080	"MOPS2h"	290	25.5675185861809	2	100	0	1	-Inf	"SD"	2	5.40540540540541
"ECK120002052"	"narU"	"-"	1540696	1542084	1389	"MOPS2h"	12	0.822608775544063	8	124	0	0.470122390208783	-Inf	"SD"	NA	NA
"ECK120002056"	"yaiE"	"+"	407401	407685	285	"MOPS2h"	75	25.0570962550593	13	344	34.8837209302326	1	-3.38411292649265	"SD"	1	10
"ECK120002059"	"rsmB"	"+"	3433229	3434518	1290	"MOPS2h"	390	28.7865245348821	5	150	0	1	-Inf	"SD"	4	8.33333333333333
"ECK120002061"	"mukF"	"+"	973542	974864	1323	"MOPS2h"	960	69.0916758416148	6	256	0	1	-Inf	"SD"	3	5.88235294117647
"ECK120002064"	"brnQ"	"+"	418815	420134	1320	"MOPS2h"	1278	92.1873350402045	7	142	42.2535211267606	1	-6.26346225175005	"SD"	2	4.34782608695652
"ECK120002065"	"ccmD"	"-"	2293399	2293608	210	"MOPS2h"	44	19.9502213992663	0	0	0	1	-Inf	"SD"	NA	NA
"ECK120002068"	"gspM"	"+"	3463104	3463565	462	"MOPS2h"	3	0	4	62	0	0.17965367965368	NA	"NO"	NA	NA
"ECK120002069"	"yjdC"	"-"	4360756	4361331	576	"MOPS2h"	318	52.5676998517598	1	54	0	1	-Inf	"SD"	7	31.8181818181818
"ECK120002070"	"cutA"	"-"	4363041	4363379	339	"MOPS2h"	79	22.1892044122974	7	203	29.5566502463054	1	-4.20875163008963	"SD"	0	0
"ECK120002071"	"dipZ"	"-"	4361368	4363065	1698	"MOPS2h"	518	29.0473429142866	3	100	0	1	-Inf	"SD"	0	0
"ECK120002076"	"ampG"	"-"	451294	452769	1476	"MOPS2h"	91	5.87042268631403	0	0	0	0.88550135501355	-Inf	"SD"	0	0
"ECK120002077"	"ptsP"	"-"	2964210	2966456	2247	"MOPS2h"	1407	59.6218383788607	1	77	0	1	-Inf	"SD"	15	17.8571428571429
"ECK120002080"	"glnK"	"+"	471822	472160	339	"MOPS2h"	41	11.5159162139771	0	0	0	0.84070796460177	-Inf	"SD"	NA	NA
"ECK120002092"	"cspC"	"-"	1905250	1905459	210	"MOPS2h"	1156	524.14672585345	0	0	0	1	-Inf	"SD"	NA	NA
"ECK120002097"	"waaF"	"+"	3792952	3793998	1047	"MOPS2h"	214	19.4617293931368	5	58	0	0.976122254059217	-Inf	"SD"	2	5.12820512820513
"ECK120002107"	"acpT"	"+"	3610992	3611579	588	"MOPS2h"	96	15.5456270643633	0	0	0	0.889455782312925	-Inf	"SD"	NA	NA
"ECK120002108"	"rbbA"	"-"	3624826	3627561	2736	"MOPS2h"	1210	42.1098423175302	3	100	0	1	-Inf	"SD"	1	0.99009900990099
"ECK120002109"	"yhiI"	"-"	3627558	3628625	1068	"MOPS2h"	755	67.3116190597052	3	48	0	1	-Inf	"SD"	13	33.3333333333333
"ECK120002110"	"yhiJ"	"-"	3628991	3630613	1623	"MOPS2h"	6	0	3	69	0	0.188539741219963	NA	"NO"	NA	NA
"ECK120002111"	"yhiK"	"-"	3630875	3631267	393	"MOPS2h"	0	0	1	59	0	0	NA	"NO"	NA	NA
"ECK120002119"	"arsR"	"+"	3646551	3646904	354	"MOPS2h"	11	2.95871927531491	1	100	0	0.963276836158192	-Inf	"SD"	NA	NA
"ECK120002120"	"arsB"	"+"	3646958	3648247	1290	"MOPS2h"	13	0.959550817829403	4	133	0	0.428682170542636	-Inf	"SD"	NA	NA
"ECK120002121"	"arsC"	"+"	3648260	3648685	426	"MOPS2h"	30	6.70542012459333	0	0	0	1	-Inf	"SD"	0	0
"ECK120002123"	"mdtE"	"+"	3657255	3658412	1158	"MOPS2h"	1	0	9	186	0	0.0604490500863558	NA	"NO"	0	0
"ECK120002126"	"gadX"	"-"	3663009	3663833	825	"MOPS2h"	107	12.3493519240086	0	0	0	0.939393939393939	-Inf	"SD"	NA	NA
"ECK120002131"	"yhjD"	"+"	3671385	3672398	1014	"MOPS2h"	119	11.1743776395836	2	72	0	0.935897435897436	-Inf	"SD"	2	5.26315789473684
"ECK120002137"	"yhjK"	"-"	3681653	3683602	1950	"MOPS2h"	271	13.2327167812616	3	139	0	0.977435897435897	-Inf	"SD"	2	2.7027027027027
"ECK120002138"	"bcsC"	"-"	3683723	3687196	3474	"MOPS2h"	105	2.87788756642736	6	172	0	0.772596430627519	-Inf	"SD"	NA	NA
"ECK120002139"	"bcsZ"	"-"	3687178	3688284	1107	"MOPS2h"	20	1.72027038426785	1	100	0	0.498644986449864	-Inf	"SD"	NA	NA
"ECK120002140"	"bcsB"	"-"	3688291	3690630	2340	"MOPS2h"	41	1.66833145151207	1	61	0	0.563247863247863	-Inf	"SD"	NA	NA
"ECK120002141"	"bcsA"	"-"	3690641	3693259	2619	"MOPS2h"	19	0.690768365641574	5	100	0	0.320351279114166	-Inf	"SD"	NA	NA
"ECK120002142"	"bcsQ"	"-"	3693256	3693984	729	"MOPS2h"	15	1.95919682652727	0	0	0	0.828532235939643	-Inf	"SD"	NA	NA
"ECK120002145"	"bcsF"	"+"	3696049	3696240	192	"MOPS2h"	14	6.94290375400601	0	0	0	0.875	-Inf	"SD"	NA	NA
"ECK120002148"	"eptB"	"-"	3706807	3708498	1692	"MOPS2h"	51	2.87001492566814	13	310	0	0.900118203309693	-Inf	"SD"	6	9.375
"ECK120002149"	"yhjX"	"-"	3708822	3710030	1209	"MOPS2h"	10	0.787567955080441	4	100	0	0.435897435897436	-Inf	"SD"	NA	NA
"ECK120002156"	"xylG"	"+"	3730224	3731765	1542	"MOPS2h"	10	0.617490050384081	88	478	184.100418410042	0.263294422827497	4.83301572789494	"AD"	NA	NA
"ECK120002157"	"xylH"	"+"	3731743	3732924	1182	"MOPS2h"	13	1.04722551184427	4	100	0	0.466159052453469	-Inf	"SD"	NA	NA
"ECK120002161"	"yiaL"	"+"	3741766	3742233	468	"MOPS2h"	1	0	0	0	0	0.213675213675214	NA	"NO"	NA	NA
"ECK120002162"	"yiaM"	"+"	3742351	3742824	474	"MOPS2h"	0	0	0	0	0	0	NA	"NO"	NA	NA
"ECK120002163"	"yiaN"	"+"	3742827	3744104	1278	"MOPS2h"	2	0	7	64	0	0.0774647887323944	NA	"NO"	NA	NA
"ECK120002164"	"yiaO"	"+"	3744117	3745103	987	"MOPS2h"	1	0	1	69	0	0.0405268490374873	NA	"NO"	NA	NA
"ECK120002165"	"lyxK"	"+"	3745107	3746603	1497	"MOPS2h"	4	0	0	0	0	0.142284569138277	NA	"NO"	NA	NA
"ECK120002166"	"sgbH"	"+"	3746600	3747262	663	"MOPS2h"	4	0.574461331941028	0	0	0	0.411764705882353	-Inf	"SD"	NA	NA
"ECK120002167"	"sgbU"	"+"	3747255	3748115	861	"MOPS2h"	5	0.552944052086094	0	0	0	0.441347270615563	-Inf	"SD"	NA	NA
"ECK120002172"	"yiaW"	"-"	3752128	3752451	324	"MOPS2h"	2	0.587759047958181	0	0	0	0.290123456790123	-Inf	"SD"	NA	NA
"ECK120002173"	"aldB"	"-"	3752996	3754534	1539	"MOPS2h"	13	0.804301855100669	0	0	0	0.348927875243665	-Inf	"SD"	1	1.78571428571429
"ECK120002174"	"yiaY"	"-"	3754699	3755850	1152	"MOPS2h"	3	0	1	71	0	0.137152777777778	NA	"NO"	NA	NA
"ECK120002175"	"grxC"	"-"	3782214	3782465	252	"MOPS2h"	452	170.785986220991	1	69	0	1	-Inf	"SD"	1	11.1111111111111
"ECK120002178"	"envC"	"+"	3784861	3786120	1260	"MOPS2h"	468	35.3663015714266	0	0	0	0.987301587301587	-Inf	"SD"	1	2.12765957446809
"ECK120002181"	"tmk"	"+"	1154347	1154988	642	"MOPS2h"	468	69.410498411211	1	100	0	1	-Inf	"SD"	7	29.1666666666667
"ECK120002182"	"ycfH"	"+"	1156000	1156797	798	"MOPS2h"	214	25.5343742789652	43	527	79.696394686907	0.986215538847118	-1.60397947317007	"SD"	2	6.66666666666667
"ECK120002183"	"sapD"	"-"	1350660	1351652	993	"MOPS2h"	106	10.1641474033614	0	0	0	1	-Inf	"SD"	NA	NA
"ECK120002184"	"sapF"	"-"	1349852	1350658	807	"MOPS2h"	102	12.0348581269653	6	182	0	1	-Inf	"SD"	2	6.45161290322581
"ECK120002186"	"yjtD"	"+"	4638965	4639651	687	"MOPS2h"	41	5.68252634139482	1	63	0	0.954876273653566	-Inf	"SD"	2	8
"ECK120002187"	"pepB"	"-"	2653097	2654380	1284	"MOPS2h"	528	39.1546401294011	4	145	0	1	-Inf	"SD"	27	58.695652173913
"ECK120002188"	"iscX"	"-"	2654558	2654758	201	"MOPS2h"	553	261.965084927272	2	37	0	1	-Inf	"SD"	0	0
"ECK120002190"	"zapD"	"-"	111856	112599	744	"MOPS2h"	494	63.2220175940824	5	100	0	1	-Inf	"SD"	11	39.2857142857143
"ECK120002197"	"yadH"	"+"	143702	144472	771	"MOPS2h"	253	31.2449965494345	0	0	0	1	-Inf	"SD"	NA	NA
"ECK120002198"	"yadI"	"+"	144577	145017	441	"MOPS2h"	115	24.8298210055803	7	278	0	1	-Inf	"SD"	NA	NA
"ECK120002199"	"yfaD"	"+"	2354926	2355825	900	"MOPS2h"	187	19.7839695542724	3	100	0	0.491111111111111	-Inf	"SD"	NA	NA
"ECK120002200"	"yadK"	"-"	151003	151599	597	"MOPS2h"	5	0.797462024867884	2	149	0	0.418760469011725	-Inf	"SD"	NA	NA
"ECK120002201"	"yadL"	"-"	151626	152231	606	"MOPS2h"	6	0.942742235338865	1	75	0	0.452145214521452	-Inf	"SD"	NA	NA
"ECK120002202"	"yadM"	"-"	152243	152812	570	"MOPS2h"	17	2.83980424224005	2	48	0	0.735087719298246	-Inf	"SD"	NA	NA
"ECK120002203"	"yadN"	"-"	156299	156883	585	"MOPS2h"	1	0	1	35	0	0.170940170940171	NA	"NO"	NA	NA
"ECK120002209"	"btuF"	"-"	177662	178462	801	"MOPS2h"	77	9.15319146595549	1	35	0	0.784019975031211	-Inf	"SD"	1	3.44827586206897
"ECK120002212"	"yaeI"	"-"	184257	185069	813	"MOPS2h"	9	1.05406235168884	5	171	0	0.500615006150061	-Inf	"SD"	NA	NA
"ECK120002214"	"yagB"	"-"	279609	279959	351	"MOPS2h"	109	29.5688013357423	0	0	0	1	-Inf	"SD"	NA	NA
"ECK120002216"	"rseA"	"-"	2706776	2707426	651	"MOPS2h"	835	122.129287891403	6	180	0	1	-Inf	"SD"	3	12.5
"ECK120002223"	"arfB"	"+"	214833	215255	423	"MOPS2h"	81	18.2330359983623	1	37	0	1	-Inf	"SD"	NA	NA
"ECK120002227"	"ybgD"	"-"	751452	752018	567	"MOPS2h"	3	0	1	46	0	0.209876543209877	NA	"NO"	NA	NA
"ECK120002229"	"kduD"	"-"	2980519	2981280	762	"MOPS2h"	32	3.9986127357155	7	186	0	0.841207349081365	-Inf	"SD"	2	7.40740740740741
"ECK120002230"	"menF"	"-"	2377370	2378665	1296	"MOPS2h"	264	19.39604858262	3	102	0	1	-Inf	"SD"	1	2.04081632653061
"ECK120002231"	"ygiL"	"+"	3183436	3183987	552	"MOPS2h"	2	0	1	100	0	0.233695652173913	NA	"NO"	NA	NA
"ECK120002232"	"intB"	"+"	4494773	4495963	1191	"MOPS2h"	196	15.6696266085375	4	100	0	0.877413937867338	-Inf	"SD"	NA	NA
"ECK120002234"	"rsmE"	"+"	3089156	3089887	732	"MOPS2h"	563	73.2338138361665	0	0	0	1	-Inf	"SD"	8	29.6296296296296
"ECK120002235"	"cusA"	"+"	597937	601080	3144	"MOPS2h"	59	1.78683237289577	0	0	0	0.535941475826972	-Inf	"SD"	NA	NA
"ECK120002239"	"nlpI"	"-"	3306062	3306946	885	"MOPS2h"	3974	427.561832730962	3	100	0	1	-Inf	"SD"	1	2.94117647058824
"ECK120002241"	"ygdH"	"+"	2924330	2925694	1365	"MOPS2h"	106	7.39413800112666	11	168	0	0.812454212454212	-Inf	"SD"	18	35.2941176470588
"ECK120002242"	"yhfG"	"-"	3489475	3489642	168	"MOPS2h"	21	11.9021207211532	0	0	0	1	-Inf	"SD"	NA	NA
"ECK120002243"	"ycaI"	"+"	963543	965807	2265	"MOPS2h"	34	1.42930544642546	13	218	0	0.426490066225166	-Inf	"SD"	NA	NA
"ECK120002246"	"yecE"	"+"	1949419	1950237	819	"MOPS2h"	41	4.76666129003448	16	253	35.5731225296443	0.885225885225885	-1.40498220730479	"SD"	NA	NA
"ECK120002248"	"nrdF"	"+"	2801524	2802483	960	"MOPS2h"	13	1.28939641145826	6	154	0	0.608333333333333	-Inf	"SD"	NA	NA
"ECK120002250"	"rcsD"	"+"	2311510	2314182	2673	"MOPS2h"	766	27.2862685294525	10	167	0	0.999625888514777	-Inf	"SD"	11	11
"ECK120002252"	"lhgO"	"+"	2788004	2789272	1269	"MOPS2h"	12	0.900396839425299	2	38	0	0.440504334121355	-Inf	"SD"	NA	NA
"ECK120002258"	"ybgE"	"+"	773532	773825	294	"MOPS2h"	623	201.769284606216	0	0	0	1	-Inf	"SD"	NA	NA
"ECK120002260"	"ycbF"	"+"	1003170	1003880	711	"MOPS2h"	32	4.28543305853054	16	483	33.1262939958592	0.866385372714487	-0.421369096150611	"SD"	NA	NA
"ECK120002261"	"dhaM"	"-"	1246919	1248337	1419	"MOPS2h"	688	46.165801585079	8	238	0	0.997885835095137	-Inf	"SD"	5	9.80392156862745
"ECK120002263"	"rlmN"	"-"	2641151	2642305	1155	"MOPS2h"	1993	164.30079028404	2	100	0	1	-Inf	"SD"	5	11.6279069767442
"ECK120002271"	"nudK"	"-"	2580925	2581500	576	"MOPS2h"	112	18.5144100106827	1	100	0	1	-Inf	"SD"	6	27.2727272727273
"ECK120002272"	"rfbD"	"-"	2109101	2110000	900	"MOPS2h"	570	60.3040783205094	3	110	0	1	-Inf	"SD"	9	27.2727272727273
"ECK120002273"	"rfbB"	"-"	2110000	2111085	1086	"MOPS2h"	1193	104.598379523652	3	100	0	1	-Inf	"SD"	25	60.9756097560976
"ECK120002274"	"gatA"	"-"	2172619	2173071	453	"MOPS2h"	345	72.5162322083504	0	0	0	1	-Inf	"SD"	19	111.764705882353
"ECK120002275"	"gatB"	"-"	2172304	2172588	285	"MOPS2h"	97	32.40717782321	0	0	0	1	-Inf	"SD"	12	120
"ECK120002276"	"gatC"	"-"	2170945	2172300	1356	"MOPS2h"	112	7.86452814613071	0	0	0	0.963126843657817	-Inf	"SD"	NA	NA
"ECK120002277"	"gatD"	"-"	2169857	2170897	1041	"MOPS2h"	25	2.28667064767592	0	0	0	0.634005763688761	-Inf	"SD"	8	21.6216216216216
"ECK120002278"	"gatY"	"-"	2174372	2175226	855	"MOPS2h"	9081	1011.30440485419	0	0	0	1	-Inf	"SD"	53	170.967741935484
"ECK120002279"	"ybiI"	"-"	837413	837679	267	"MOPS2h"	4	1.42647139729177	10	335	29.8507462686567	0.408239700374532	0.487549180804886	"AD"	NA	NA
"ECK120002282"	"prmC"	"+"	1265317	1266150	834	"MOPS2h"	341	38.9316370831005	1	54	0	0.965227817745803	-Inf	"SD"	4	12.9032258064516
"ECK120002283"	"modA"	"+"	794312	795085	774	"MOPS2h"	63	7.75021814400671	3	178	0	0.941860465116279	-Inf	"SD"	18	66.6666666666667
"ECK120002285"	"tomB"	"-"	479558	479932	375	"MOPS2h"	179	45.4502316605102	1	100	0	1	-Inf	"SD"	NA	NA
"ECK120002286"	"puuR"	"+"	1359935	1360492	558	"MOPS2h"	190	32.4215474841448	0	0	0	1	-Inf	"SD"	NA	NA
"ECK120002287"	"ydiF"	"+"	1773611	1775206	1596	"MOPS2h"	3	0	0	0	0	0.0827067669172932	NA	"NO"	NA	NA
"ECK120002290"	"rseP"	"+"	196546	197898	1353	"MOPS2h"	1254	88.2498707129405	2	76	0	1	-Inf	"SD"	NA	NA
"ECK120002291"	"menE"	"-"	2371670	2373025	1356	"MOPS2h"	51	3.58116906654166	10	146	54.7945205479452	0.777286135693215	-1.16235872460518	"SD"	0	0
"ECK120002292"	"menH"	"-"	2374856	2375614	759	"MOPS2h"	80	10.0360438228432	2	65	0	0.998682476943347	-Inf	"SD"	1	3.57142857142857
"ECK120002296"	"yggL"	"-"	3099829	3100155	327	"MOPS2h"	2790	812.401634544767	0	0	0	1	-Inf	"SD"	6	46.1538461538462
"ECK120002300"	"ybcH"	"-"	586314	587204	891	"MOPS2h"	54	5.77072519813487	5	118	0	0.951739618406285	-Inf	"SD"	1	3.03030303030303
"ECK120002305"	"alsB"	"-"	4309130	4310065	936	"MOPS2h"	15	1.52591291296835	1	66	0	0.556623931623932	-Inf	"SD"	6	18.1818181818182
"ECK120002306"	"adiC"	"-"	4333717	4335054	1338	"MOPS2h"	14	0.996291121651087	1	76	0	0.375186846038864	-Inf	"SD"	NA	NA
"ECK120002307"	"yjdL"	"-"	4352977	4354434	1458	"MOPS2h"	22	1.43674433945333	2	64	0	0.56721536351166	-Inf	"SD"	NA	NA
"ECK120002308"	"yjeM"	"+"	4381862	4383364	1503	"MOPS2h"	18	1.14032294334402	0	0	0	0.411842980705256	-Inf	"SD"	NA	NA
"ECK120002309"	"ulaB"	"+"	4419416	4419721	306	"MOPS2h"	3	0.93349966440417	0	0	0	0.486928104575163	-Inf	"SD"	NA	NA
"ECK120002310"	"ulaC"	"+"	4419731	4420195	465	"MOPS2h"	11	2.25244435153006	3	168	0	0.361290322580645	-Inf	"SD"	1	5.88235294117647
"ECK120002313"	"ytfR"	"+"	4449081	4450583	1503	"MOPS2h"	13	0.8235665701929	4	100	0	0.457751164337991	-Inf	"SD"	NA	NA
"ECK120002314"	"ytfT"	"+"	4450597	4451619	1023	"MOPS2h"	8	0.744609702985144	0	0	0	0.366568914956012	-Inf	"SD"	NA	NA
"ECK120002317"	"idnT"	"-"	4489229	4490548	1320	"MOPS2h"	29	2.09188788432389	6	129	0	0.460606060606061	-Inf	"SD"	NA	NA
"ECK120002319"	"yjhF"	"-"	4518694	4520043	1350	"MOPS2h"	11	0.775841943304799	38	583	60.0343053173242	0.442222222222222	3.17352024447584	"AD"	NA	NA
"ECK120002320"	"sgcA"	"-"	4525572	4526003	432	"MOPS2h"	10	2.20409642984318	1	100	0	0.375	-Inf	"SD"	0	0
"ECK120002321"	"sgcC"	"-"	4526953	4528266	1314	"MOPS2h"	21	1.52173232964515	2	52	0	0.71841704718417	-Inf	"SD"	NA	NA
"ECK120002322"	"sgcX"	"-"	4528553	4529674	1122	"MOPS2h"	14	1.18809048196894	10	191	31.413612565445	0.46524064171123	0.0143896935023241	"AD"	NA	NA
"ECK120002329"	"fabF"	"+"	1151162	1152403	1242	"MOPS2h"	11672	894.824818404507	17	519	26.9749518304432	1	-8.32003463340983	"SD"	46	106.976744186047
"ECK120002332"	"yabP"	"+"	58474	59124	651	"MOPS2h"	56	8.19070673283659	6	170	35.2941176470588	0.93394777265745	-2.77095353394084	"SD"	NA	NA
"ECK120002337"	"dppB"	"-"	3702794	3703813	1020	"MOPS2h"	784	73.1863736892869	1	66	0	1	-Inf	"SD"	9	24.3243243243243
"ECK120002338"	"dppC"	"-"	3701882	3702784	903	"MOPS2h"	857	90.3664891076701	0	0	0	1	-Inf	"SD"	NA	NA
"ECK120002339"	"dppD"	"-"	3700888	3701871	984	"MOPS2h"	715	69.1871245172725	0	0	0	1	-Inf	"SD"	8	22.2222222222222
"ECK120002341"	"gntK"	"-"	3575088	3575615	528	"MOPS2h"	72	12.9841316958035	0	0	0	0.910984848484849	-Inf	"SD"	0	0
"ECK120002342"	"gntR"	"-"	3575754	3576749	996	"MOPS2h"	320	30.5917962310764	0	0	0	1	-Inf	"SD"	4	11.1111111111111
"ECK120002345"	"cas3"	"-"	2882575	2885241	2667	"MOPS2h"	33	1.17816268105903	9	286	24.4755244755245	0.467941507311586	0.248888066480053	"AD"	NA	NA
"ECK120002349"	"gltJ"	"-"	685152	685892	741	"MOPS2h"	85	10.9223240086156	3	69	0	0.994601889338731	-Inf	"SD"	3	10.7142857142857
"ECK120002350"	"gltK"	"-"	684478	685152	675	"MOPS2h"	64	9.02797897663766	1	100	0	0.915555555555556	-Inf	"SD"	NA	NA
"ECK120002351"	"gltL"	"-"	683753	684478	726	"MOPS2h"	113	14.8202715315736	0	0	0	0.983471074380165	-Inf	"SD"	0	0
"ECK120002352"	"lpxH"	"-"	552441	553163	723	"MOPS2h"	103	13.5647959532921	3	49	0	0.782849239280775	-Inf	"SD"	1	3.7037037037037
"ECK120002353"	"grxB"	"-"	1122630	1123277	648	"MOPS2h"	288	42.318651452989	7	197	0	1	-Inf	"SD"	8	33.3333333333333
"ECK120002355"	"rarA"	"+"	937217	938560	1344	"MOPS2h"	1247	88.3449079718929	0	0	0	1	-Inf	"SD"	2	4
"ECK120002356"	"yciM"	"+"	1338582	1339751	1170	"MOPS2h"	396	32.2272807218917	1	44	0	1	-Inf	"SD"	1	2.22222222222222
"ECK120002358"	"nudL"	"+"	1894194	1894772	579	"MOPS2h"	237	38.9748201853306	2	183	0	1	-Inf	"SD"	1	4.76190476190476
"ECK120002364"	"yggN"	"-"	3098926	3099645	720	"MOPS2h"	344	45.4925503119632	3	100	0	1	-Inf	"SD"	6	23.0769230769231
"ECK120002365"	"ygbE"	"-"	2871036	2871359	324	"MOPS2h"	45	13.2245785790591	3	203	0	1	-Inf	"SD"	NA	NA
"ECK120002368"	"yedJ"	"-"	2030408	2031103	696	"MOPS2h"	584	79.8946954155569	5	105	0	1	-Inf	"SD"	0	0
"ECK120002371"	"dxr"	"+"	193521	194717	1197	"MOPS2h"	239	19.011574618918	2	83	0	0.994987468671679	-Inf	"SD"	NA	NA
"ECK120002373"	"ygjI"	"+"	3224256	3225689	1434	"MOPS2h"	1	0	2	38	0	0.0278940027894003	NA	"NO"	NA	NA
"ECK120002375"	"uxaA"	"-"	3239849	3241336	1488	"MOPS2h"	66	4.22333315911887	0	0	0	0.814516129032258	-Inf	"SD"	5	9.25925925925926
"ECK120002377"	"exuR"	"+"	3244674	3245450	777	"MOPS2h"	331	40.562182328975	22	282	39.0070921985816	1	-4.20455984553224	"SD"	7	23.3333333333333
"ECK120002378"	"yhaO"	"-"	3254701	3255969	1269	"MOPS2h"	17	1.27556218918584	8	90	0	0.550039401103231	-Inf	"SD"	NA	NA
"ECK120002380"	"agaA"	"+"	3279144	3279647	504	"MOPS2h"	2	0.377845102258831	0	0	0	0.279761904761905	-Inf	"SD"	NA	NA
"ECK120002381"	"kbaY"	"+"	3281165	3282025	861	"MOPS2h"	2	0	7	151	0	0.16144018583043	NA	"NO"	NA	NA
"ECK120002382"	"agaB"	"+"	3282192	3282668	477	"MOPS2h"	2	0	1	50	0	0.090146750524109	NA	"NO"	NA	NA
"ECK120002383"	"agaC"	"+"	3282707	3283510	804	"MOPS2h"	2	0	4	100	0	0.227611940298507	NA	"NO"	NA	NA
"ECK120002384"	"diaA"	"+"	3293831	3294421	591	"MOPS2h"	273	43.9834714974594	1	42	0	0.925549915397631	-Inf	"SD"	3	14.2857142857143
"ECK120002386"	"mlaD"	"-"	3335932	3336483	552	"MOPS2h"	817	140.928009118582	0	0	0	1	-Inf	"SD"	11	55
"ECK120002387"	"mlaE"	"-"	3336488	3337270	783	"MOPS2h"	495	60.1946335322689	0	0	0	1	-Inf	"SD"	4	14.2857142857143
"ECK120002391"	"yhdW"	"+"	3417171	3418088	918	"MOPS2h"	12	1.24466621920556	6	245	0	0.491285403050109	-Inf	"SD"	NA	NA
"ECK120002392"	"yhdX"	"+"	3418156	3419337	1182	"MOPS2h"	7	0.563890660223839	5	78	0	0.291878172588832	-Inf	"SD"	NA	NA
"ECK120002393"	"yhdY"	"+"	3419347	3420450	1104	"MOPS2h"	3	0	3	68	0	0.16213768115942	NA	"NO"	NA	NA
"ECK120002401"	"abgT"	"-"	1398271	1399797	1527	"MOPS2h"	103	6.42262441010492	4	63	0	0.26784544859201	-Inf	"SD"	NA	NA
"ECK120002402"	"ybgF"	"+"	778821	779612	792	"MOPS2h"	3834	460.936675201023	9	197	35.5329949238579	1	-8.36299792530096	"SD"	8	28.5714285714286
"ECK120002409"	"proQ"	"-"	1912860	1913558	699	"MOPS2h"	1169	159.239818289305	1	100	0	1	-Inf	"SD"	17	65.3846153846154
"ECK120002412"	"ycjF"	"+"	1383535	1384596	1062	"MOPS2h"	292	26.1801826785441	1	100	0	1	-Inf	"SD"	1	2.56410256410256
"ECK120002416"	"ycfK"	"+"	1206724	1207353	630	"MOPS2h"	2	0	0	0	0	0.0507936507936508	NA	"NO"	NA	NA
"ECK120002418"	"ybcJ"	"-"	555884	556096	213	"MOPS2h"	312	139.472738591541	0	0	0	1	-Inf	"SD"	0	0
"ECK120002424"	"frlA"	"+"	3497932	3499269	1338	"MOPS2h"	0	0	5	95	0	0	NA	"NO"	NA	NA
"ECK120002425"	"feoC"	"+"	3540750	3540986	237	"MOPS2h"	39	15.6686146202523	2	138	0	1	-Inf	"SD"	NA	NA
"ECK120002428"	"xapB"	"-"	2520751	2522007	1257	"MOPS2h"	18	1.36348876996504	1	64	0	0.66030230708035	-Inf	"SD"	NA	NA
"ECK120002433"	"mngB"	"+"	767201	769834	2634	"MOPS2h"	127	4.59094709669386	7	141	0	0.86712224753227	-Inf	"SD"	NA	NA
"ECK120002434"	"cobU"	"-"	2063243	2063788	546	"MOPS2h"	216	37.6682501944188	0	0	0	1	-Inf	"SD"	1	5
"ECK120002437"	"dctA"	"-"	3680184	3681470	1287	"MOPS2h"	160	11.8373850218151	4	100	0	1	-Inf	"SD"	6	13.3333333333333
"ECK120002438"	"dgoA"	"-"	3871018	3871635	618	"MOPS2h"	14	2.15701864202129	0	0	0	0.614886731391586	-Inf	"SD"	NA	NA
"ECK120002439"	"dgoK"	"-"	3871619	3872497	879	"MOPS2h"	39	4.22464353242297	3	100	0	0.758816837315131	-Inf	"SD"	NA	NA
"ECK120002441"	"glcB"	"-"	3119656	3121827	2172	"MOPS2h"	269	11.7925247660781	3	44	0	0.898710865561694	-Inf	"SD"	55	68.75
"ECK120002442"	"gpsA"	"-"	3780665	3781684	1020	"MOPS2h"	988	92.229766843132	3	150	0	1	-Inf	"SD"	11	30.5555555555556
"ECK120002444"	"kefB"	"-"	3476824	3478629	1806	"MOPS2h"	176	9.27917274384477	3	100	0	0.961240310077519	-Inf	"SD"	NA	NA
"ECK120002445"	"pta"	"+"	2412769	2414913	2145	"MOPS2h"	1340	59.482859734621	9	181	0	1	-Inf	"SD"	63	81.8181818181818
"ECK120002446"	"uxuB"	"+"	4550924	4552384	1461	"MOPS2h"	89	5.80034904412119	1	100	0	0.911019849418207	-Inf	"SD"	6	11.1111111111111
"ECK120002450"	"nrdE"	"+"	2799370	2801514	2145	"MOPS2h"	84	3.72877628187176	14	105	0	0.8	-Inf	"SD"	NA	NA
"ECK120002451"	"alaT"	"+"	4035283	4035358	76	"MOPS2h"	0	0	0	0	0	0	NA	"NO"	NA	NA
"ECK120002452"	"alaU"	"-"	3424980	3425055	76	"MOPS2h"	0	0	0	0	0	0	NA	"NO"	NA	NA
"ECK120002453"	"alaV"	"+"	225500	225575	76	"MOPS2h"	0	0	0	0	0	0	NA	"NO"	NA	NA
"ECK120002455"	"alaX"	"-"	2516063	2516138	76	"MOPS2h"	299	374.603589013137	0	0	0	1	-Inf	"SD"	NA	NA
"ECK120002456"	"argQ"	"-"	2815806	2815882	77	"MOPS2h"	6	0	0	0	0	0.142857142857143	NA	"NO"	NA	NA
"ECK120002458"	"argV"	"-"	2816495	2816571	77	"MOPS2h"	99	122.421813131861	0	0	0	1	-Inf	"SD"	NA	NA
"ECK120002459"	"argW"	"+"	2464331	2464405	75	"MOPS2h"	137	173.929657471785	0	0	0	1	-Inf	"SD"	NA	NA
"ECK120002460"	"argX"	"+"	3980398	3980474	77	"MOPS2h"	420	519.365267832138	0	0	0	1	-Inf	"SD"	NA	NA
"ECK120002461"	"argY"	"-"	2816220	2816296	77	"MOPS2h"	77	95.2169657692253	0	0	0	1	-Inf	"SD"	NA	NA
"ECK120002462"	"argZ"	"-"	2816081	2816157	77	"MOPS2h"	4	4.9463358841156	0	0	0	0.337662337662338	-Inf	"SD"	NA	NA
"ECK120002463"	"asnT"	"+"	2042573	2042648	76	"MOPS2h"	17	21.2985318168004	0	0	0	1	-Inf	"SD"	NA	NA
"ECK120002467"	"aspU"	"+"	228928	229004	77	"MOPS2h"	24	29.6780153046936	0	0	0	1	-Inf	"SD"	NA	NA
"ECK120002468"	"aspV"	"+"	236931	237007	77	"MOPS2h"	214	264.628969800185	0	0	0	1	-Inf	"SD"	NA	NA
"ECK120002470"	"glnU"	"-"	696088	696162	75	"MOPS2h"	60	76.1735726153803	71	862	82.3665893271462	1	-2.42339963137798	"SD"	NA	NA
"ECK120002472"	"glnW"	"-"	695979	696053	75	"MOPS2h"	39	49.5128221999972	71	862	82.3665893271462	1	-1.80191125463171	"SD"	NA	NA
"ECK120002474"	"gltT"	"+"	4166395	4166470	76	"MOPS2h"	0	0	0	0	0	0	NA	"NO"	NA	NA
"ECK120002475"	"gltU"	"+"	3941458	3941533	76	"MOPS2h"	0	0	0	0	0	0	NA	"NO"	NA	NA
"ECK120002476"	"gltV"	"+"	4207797	4207872	76	"MOPS2h"	0	0	0	0	0	0	NA	"NO"	NA	NA
"ECK120002477"	"gltW"	"-"	2727391	2727466	76	"MOPS2h"	12	15.0342577530356	0	0	0	0.289473684210526	-Inf	"SD"	NA	NA
"ECK120002478"	"glyT"	"+"	4173696	4173770	75	"MOPS2h"	7748	9836.54734373277	0	0	0	1	-Inf	"SD"	NA	NA
"ECK120002479"	"glyU"	"-"	2997006	2997079	74	"MOPS2h"	12570	16174.0170232319	1	51	0	1	-Inf	"SD"	NA	NA
"ECK120002480"	"glyV"	"+"	4390383	4390458	76	"MOPS2h"	63	78.9298532034368	0	0	0	1	-Inf	"SD"	NA	NA
"ECK120002481"	"glyW"	"-"	1990066	1990141	76	"MOPS2h"	237	296.926590622453	0	0	0	1	-Inf	"SD"	NA	NA
"ECK120002482"	"glyX"	"+"	4390495	4390570	76	"MOPS2h"	1	1.25285481275296	0	0	0	0.315789473684211	-Inf	"SD"	NA	NA
"ECK120002484"	"hisR"	"+"	3980532	3980608	77	"MOPS2h"	3470	4290.94637947028	0	0	0	1	-Inf	"SD"	NA	NA
"ECK120002485"	"ileT"	"+"	4035164	4035240	77	"MOPS2h"	0	0	0	0	0	0	NA	"NO"	NA	NA
"ECK120002486"	"ileU"	"-"	3425098	3425174	77	"MOPS2h"	0	0	0	0	0	0	NA	"NO"	NA	NA
"ECK120002487"	"ileV"	"+"	225381	225457	77	"MOPS2h"	0	0	0	0	0	0	NA	"NO"	NA	NA
"ECK120002490"	"leuQ"	"-"	4604338	4604424	87	"MOPS2h"	79	86.4613827099862	0	0	0	1	-Inf	"SD"	NA	NA
"ECK120002491"	"leuT"	"+"	3980629	3980715	87	"MOPS2h"	220	240.778534129076	0	0	0	1	-Inf	"SD"	NA	NA
"ECK120002492"	"leuU"	"-"	3320094	3320180	87	"MOPS2h"	48581	53169.3725751119	0	0	0	1	-Inf	"SD"	NA	NA
"ECK120002494"	"leuW"	"-"	696186	696270	85	"MOPS2h"	3278	3672.01427990024	71	862	82.3665893271462	1	-8.0145369292271	"SD"	NA	NA
"ECK120002496"	"leuZ"	"-"	1989839	1989925	87	"MOPS2h"	4788	5240.21646095461	0	0	0	1	-Inf	"SD"	NA	NA
"ECK120002497"	"lysT"	"+"	779777	779852	76	"MOPS2h"	103	129.044045713555	0	0	0	1	-Inf	"SD"	NA	NA
"ECK120002499"	"lysW"	"+"	780066	780141	76	"MOPS2h"	2	0	0	0	0	0.171052631578947	NA	"NO"	NA	NA
"ECK120002500"	"metT"	"-"	696280	696356	77	"MOPS2h"	51	63.0657825224739	71	862	82.3665893271462	1	-2.15096652754194	"SD"	NA	NA
"ECK120002501"	"metU"	"-"	695887	695963	77	"MOPS2h"	118	145.91690858141	71	862	82.3665893271462	1	-3.36118423493228	"SD"	NA	NA
"ECK120002506"	"pheU"	"-"	4360574	4360649	76	"MOPS2h"	30	37.5856443825889	4	139	0	1	-Inf	"SD"	NA	NA
"ECK120002508"	"proK"	"-"	3706639	3706715	77	"MOPS2h"	369	456.299485309664	0	0	0	1	-Inf	"SD"	NA	NA
"ECK120002510"	"proM"	"+"	3980758	3980834	77	"MOPS2h"	5041	6233.61979795669	0	0	0	1	-Inf	"SD"	NA	NA
"ECK120002513"	"rrfB"	"+"	4169660	4169779	120	"MOPS2h"	29	23.0107667275628	0	0	0	0.75	-Inf	"SD"	NA	NA
"ECK120002514"	"rrfC"	"+"	3944723	3944842	120	"MOPS2h"	7	5.55432300320481	0	0	0	0.766666666666667	-Inf	"SD"	NA	NA
"ECK120002515"	"rrfD"	"-"	3421690	3421809	120	"MOPS2h"	239	189.640456823707	0	0	0	0.758333333333333	-Inf	"SD"	NA	NA
"ECK120002516"	"rrfE"	"+"	4211063	4211182	120	"MOPS2h"	27	21.4238172980757	0	0	0	0.758333333333333	-Inf	"SD"	NA	NA
"ECK120002517"	"rrfG"	"-"	2724091	2724210	120	"MOPS2h"	162	128.542903788454	0	0	0	0.766666666666667	-Inf	"SD"	NA	NA
"ECK120002518"	"rrfH"	"+"	228756	228875	120	"MOPS2h"	0	0	0	0	0	0	NA	"NO"	NA	NA
"ECK120002519"	"rrlA"	"+"	4035542	4038446	2905	"MOPS2h"	1053	34.5141015335609	0	0	0	0.206540447504303	-Inf	"SD"	NA	NA
"ECK120002520"	"rrlB"	"+"	4166664	4169567	2904	"MOPS2h"	0	0	0	0	0	0	NA	"NO"	NA	NA
"ECK120002521"	"rrlC"	"+"	3941727	3944630	2904	"MOPS2h"	1402	45.9690723169607	0	0	0	0.295798898071625	-Inf	"SD"	NA	NA
"ECK120002522"	"rrlD"	"-"	3421902	3424805	2904	"MOPS2h"	68	0	0	0	0	0.0991735537190083	NA	"NO"	NA	NA
"ECK120002523"	"rrlE"	"+"	4208066	4210969	2904	"MOPS2h"	10	0	0	0	0	0.0268595041322314	NA	"NO"	NA	NA
"ECK120002524"	"rrlG"	"-"	2724303	2727206	2904	"MOPS2h"	0	0	0	0	0	0	NA	"NO"	NA	NA
"ECK120002525"	"rrlH"	"+"	225759	228662	2904	"MOPS2h"	1991	65.2813288039007	0	0	0	0.298898071625344	-Inf	"SD"	NA	NA
"ECK120002526"	"rrsA"	"+"	4033554	4035095	1542	"MOPS2h"	39	0	0	0	0	0.126459143968872	NA	"NO"	NA	NA
"ECK120002527"	"rrsB"	"+"	4164682	4166223	1542	"MOPS2h"	4	0	0	0	0	0.0440985732814527	NA	"NO"	NA	NA
"ECK120002531"	"rrsG"	"-"	2727638	2729179	1542	"MOPS2h"	2621	161.844142205668	0	0	0	0.190661478599222	-Inf	"SD"	NA	NA
"ECK120002532"	"rrsH"	"+"	223771	225312	1542	"MOPS2h"	1889	116.643870517553	0	0	0	0.223735408560311	-Inf	"SD"	NA	NA
"ECK120002537"	"serV"	"-"	2816575	2816667	93	"MOPS2h"	6158	6304.79650760096	0	0	0	1	-Inf	"SD"	NA	NA
"ECK120002541"	"ssrS"	"+"	3054005	3054187	183	"MOPS2h"	19844	10325.0572061448	1	42	0	1	-Inf	"SD"	NA	NA
"ECK120002542"	"ssrA"	"+"	2753615	2753977	363	"MOPS2h"	1038235	272334.94891298	0	0	0	1	-Inf	"SD"	NA	NA
"ECK120002543"	"thrT"	"+"	4173777	4173852	76	"MOPS2h"	311	389.637846766172	0	0	0	1	-Inf	"SD"	NA	NA
"ECK120002545"	"thrV"	"-"	3421602	3421677	76	"MOPS2h"	332	415.947797833984	0	0	0	1	-Inf	"SD"	NA	NA
"ECK120002548"	"tyrT"	"-"	1286761	1286845	85	"MOPS2h"	34	38.0867863076901	0	0	0	1	-Inf	"SD"	NA	NA
"ECK120002550"	"tyrV"	"-"	1286467	1286551	85	"MOPS2h"	14	15.6827943619901	1	100	0	1	-Inf	"SD"	NA	NA
"ECK120002551"	"valT"	"+"	779988	780063	76	"MOPS2h"	31	38.8384991953419	0	0	0	1	-Inf	"SD"	NA	NA
"ECK120002554"	"valW"	"+"	1744540	1744616	77	"MOPS2h"	44	54.4096947252716	0	0	0	1	-Inf	"SD"	NA	NA
"ECK120002555"	"valX"	"+"	2519073	2519148	76	"MOPS2h"	78	97.7226753947313	0	0	0	1	-Inf	"SD"	NA	NA
"ECK120002556"	"valY"	"+"	2519195	2519270	76	"MOPS2h"	22	27.5628058805652	0	0	0	1	-Inf	"SD"	NA	NA
"ECK120002557"	"dicF"	"+"	1647406	1647458	53	"MOPS2h"	24	43.1171165747435	0	0	0	1	-Inf	"SD"	NA	NA
"ECK120002561"	"rpmA"	"-"	3330884	3331141	258	"MOPS2h"	4222	1558.16290495221	0	0	0	1	-Inf	"SD"	1	11.1111111111111
"ECK120002562"	"acpP"	"+"	1150838	1151074	237	"MOPS2h"	55531	22310.098422493	1	48	0	1	-Inf	"SD"	7	77.7777777777778
"ECK120002564"	"nfsB"	"-"	603994	604647	654	"MOPS2h"	253	36.8346977669939	7	171	0	1	-Inf	"SD"	6	25
"ECK120002566"	"eutC"	"-"	2554432	2555319	888	"MOPS2h"	61	6.54080508099408	12	102	107.843137254902	0.994369369369369	-1.57196469834551	"SD"	NA	NA
"ECK120002568"	"gadA"	"-"	3664203	3665603	1401	"MOPS2h"	2	0	0	0	0	0.0713775874375446	NA	"NO"	NA	NA
"ECK120002569"	"frmA"	"-"	377686	378795	1110	"MOPS2h"	275	23.5897888167	3	100	0	1	-Inf	"SD"	6	15.3846153846154
"ECK120002570"	"folP"	"-"	3322085	3322933	849	"MOPS2h"	262	29.3837986237185	0	0	0	0.936395759717314	-Inf	"SD"	7	22.5806451612903
"ECK120002572"	"glcF"	"-"	3122258	3123481	1224	"MOPS2h"	80	6.2233310960278	1	81	0	0.820261437908497	-Inf	"SD"	1	2.22222222222222
"ECK120002581"	"sraF"	"+"	3236396	3236583	188	"MOPS2h"	29	14.6877234431252	0	0	0	1	-Inf	"SD"	NA	NA
"ECK120002628"	"ydaE"	"-"	1415862	1416032	171	"MOPS2h"	2	1.11364872244708	0	0	0	0.830409356725146	-Inf	"SD"	NA	NA
"ECK120002629"	"yoeB"	"-"	2087235	2087489	255	"MOPS2h"	796	297.226293146288	4	170	0	1	-Inf	"SD"	NA	NA
"ECK120002651"	"ecnB"	"+"	4374576	4374722	147	"MOPS2h"	32	20.7275027524844	1	80	0	1	-Inf	"SD"	1	20
"ECK120002669"	"tisB"	"+"	3851576	3851665	90	"MOPS2h"	29	30.6810223034171	1	51	0	1	-Inf	"SD"	NA	NA
"ECK120002671"	"thiS"	"-"	4190660	4190860	201	"MOPS2h"	10	4.73716247608086	0	0	0	0.850746268656716	-Inf	"SD"	NA	NA
"ECK120002674"	"sapC"	"-"	1351652	1352542	891	"MOPS2h"	134	14.3199477138902	0	0	0	0.967452300785634	-Inf	"SD"	NA	NA
"ECK120002675"	"sapB"	"-"	1352529	1353494	966	"MOPS2h"	192	18.9251112087901	9	179	50.2793296089385	1	-3.39423296621309	"SD"	NA	NA
"ECK120002676"	"sapA"	"-"	1353491	1355134	1644	"MOPS2h"	281	16.2749193316012	11	129	0	0.95985401459854	-Inf	"SD"	3	4.83870967741935
"ECK120002680"	"flgC"	"+"	1130661	1131065	405	"MOPS2h"	12	2.82124343019927	1	100	0	0.511111111111111	-Inf	"SD"	NA	NA
"ECK120002682"	"flgD"	"+"	1131077	1131772	696	"MOPS2h"	22	3.00973167661344	0	0	0	0.704022988505747	-Inf	"SD"	NA	NA
"ECK120002683"	"flgE"	"+"	1131797	1133005	1209	"MOPS2h"	37	2.91400143379763	8	99	0	0.680727874276261	-Inf	"SD"	8	19.047619047619
"ECK120002684"	"flgF"	"+"	1133025	1133780	756	"MOPS2h"	5	0.629741837098051	1	94	0	0.347883597883598	-Inf	"SD"	NA	NA
"ECK120002685"	"flgG"	"+"	1133952	1134734	783	"MOPS2h"	11	1.33765852293931	1	44	0	0.551724137931034	-Inf	"SD"	0	0
"ECK120002686"	"flgH"	"+"	1134787	1135485	699	"MOPS2h"	4	0	0	0	0	0.226037195994278	NA	"NO"	7	28
"ECK120002687"	"flgI"	"+"	1135497	1136594	1098	"MOPS2h"	11	0.953904028653441	0	0	0	0.525500910746812	-Inf	"SD"	3	7.89473684210526
"ECK120002688"	"flgJ"	"+"	1136594	1137535	942	"MOPS2h"	5	0.505397907479965	2	107	0	0.31104033970276	-Inf	"SD"	NA	NA
"ECK120002689"	"flgM"	"-"	1129058	1129351	294	"MOPS2h"	139	45.0175450405521	0	0	0	1	-Inf	"SD"	1	10
"ECK120002690"	"flhA"	"-"	1960996	1963074	2079	"MOPS2h"	37	1.69457803437294	3	151	0	0.656084656084656	-Inf	"SD"	4	5.33333333333333
"ECK120002692"	"fliI"	"+"	2014578	2015951	1374	"MOPS2h"	10	0.69299101724327	0	0	0	0.293304221251819	-Inf	"SD"	1	2.04081632653061
"ECK120002693"	"fliJ"	"+"	2015970	2016413	444	"MOPS2h"	3	0.64335787681909	1	70	0	0.5	-Inf	"SD"	NA	NA
"ECK120002694"	"fliK"	"+"	2016410	2017537	1128	"MOPS2h"	0	0	3	98	0	0	NA	"NO"	NA	NA
"ECK120002695"	"nanT"	"-"	3369106	3370596	1491	"MOPS2h"	16	1.02177830469994	2	100	0	0.384976525821596	-Inf	"SD"	NA	NA
"ECK120002699"	"maa"	"-"	478591	479142	552	"MOPS2h"	68	11.729626217948	9	308	19.4805194805195	0.972826086956522	-3.28905072952103	"SD"	9	45
"ECK120002706"	"insA-1"	"-"	20233	20508	276	"MOPS2h"	0	0	0	0	0	0	NA	"NO"	NA	NA
"ECK120002711"	"b0165"	"-"	184987	185118	132	"MOPS2h"	74	53.3792080827475	4	171	0	0.303030303030303	-Inf	"SD"	NA	NA
"ECK120002712"	"ispU"	"+"	194903	195664	762	"MOPS2h"	798	99.7154050969053	1	44	0	1	-Inf	"SD"	2	7.14285714285714
"ECK120002713"	"bamA"	"+"	197928	200360	2433	"MOPS2h"	3447	134.90048541164	11	75	0	1	-Inf	"SD"	7	7.69230769230769
"ECK120002714"	"ldcC"	"+"	209679	211820	2142	"MOPS2h"	80	3.55618919773017	9	77	77.9220779220779	0.854341736694678	-1.56729767518597	"SD"	NA	NA
"ECK120002715"	"yaeR"	"+"	211877	212266	390	"MOPS2h"	42	10.2541347751473	0	0	0	1	-Inf	"SD"	0	0
"ECK120002729"	"yafQ"	"-"	245961	246239	279	"MOPS2h"	1930	658.669333098942	0	0	0	1	-Inf	"SD"	NA	NA
"ECK120002735"	"dinB"	"+"	250898	251953	1056	"MOPS2h"	67	6.04122794179744	2	132	0	0.84469696969697	-Inf	"SD"	NA	NA
"ECK120002736"	"yafN"	"+"	252005	252298	294	"MOPS2h"	38	12.3069547592876	0	0	0	1	-Inf	"SD"	NA	NA
"ECK120002737"	"yafO"	"+"	252301	252699	399	"MOPS2h"	46	10.9773945498355	1	54	0	1	-Inf	"SD"	NA	NA
"ECK120002738"	"yafP"	"+"	252709	253161	453	"MOPS2h"	6	1.26115186449305	0	0	0	0.50551876379691	-Inf	"SD"	NA	NA
"ECK120002739"	"ykfJ"	"+"	253467	253733	267	"MOPS2h"	0	0	0	0	0	0	NA	"NO"	NA	NA
"ECK120002742"	"ykfG"	"-"	263480	263956	477	"MOPS2h"	0	0	7	132	0	0	NA	"NO"	NA	NA
"ECK120002743"	"yafX"	"-"	263972	264430	459	"MOPS2h"	0	0	71	1141	62.2261174408414	0	Inf	"AD"	NA	NA
"ECK120002744"	"ykfF"	"-"	264528	264767	240	"MOPS2h"	0	0	71	1141	62.2261174408414	0	Inf	"AD"	NA	NA
"ECK120002745"	"ykfB"	"-"	264844	265311	468	"MOPS2h"	73	14.8522190195587	1	56	0	0.931623931623932	-Inf	"SD"	1	5.88235294117647
"ECK120002746"	"yafY"	"-"	265334	265777	444	"MOPS2h"	27	5.79022089137181	2	146	0	0.38963963963964	-Inf	"SD"	NA	NA
"ECK120002747"	"yafZ"	"-"	266408	267229	822	"MOPS2h"	1	0	8	272	29.4117647058824	0.0815085158150852	Inf	"AD"	NA	NA
"ECK120002748"	"ykfA"	"-"	267321	268184	864	"MOPS2h"	16	1.76327714387454	6	111	0	0.815972222222222	-Inf	"SD"	NA	NA
"ECK120002751"	"insI-1"	"+"	269827	270978	1152	"MOPS2h"	9	0	0	0	0	0.0685763888888889	NA	"NO"	NA	NA
"ECK120002752"	"insO-1"	"+"	271054	271479	426	"MOPS2h"	49	10.9521862035024	2	100	0	0.755868544600939	-Inf	"SD"	NA	NA
"ECK120002757"	"afuB"	"-"	278038	278400	363	"MOPS2h"	7	1.83613983577019	0	0	0	0.680440771349862	-Inf	"SD"	NA	NA
"ECK120002758"	"insB-2"	"-"	278402	278905	504	"MOPS2h"	4	0	0	0	0	0.0714285714285714	NA	"NO"	NA	NA
"ECK120002759"	"insA-2"	"-"	278824	279099	276	"MOPS2h"	0	0	0	0	0	0	NA	"NO"	NA	NA
"ECK120002761"	"yagF"	"+"	282425	284392	1968	"MOPS2h"	32	1.54824334584106	0	0	0	0.527439024390244	-Inf	"SD"	0	0
"ECK120002762"	"yagG"	"+"	284619	286001	1383	"MOPS2h"	9	0	2	67	0	0.190166305133767	NA	"NO"	NA	NA
"ECK120002765"	"insB-3"	"-"	289873	290376	504	"MOPS2h"	1	0	1	100	0	0.0396825396825397	NA	"NO"	NA	NA
"ECK120002770"	"yagM"	"-"	293169	294023	855	"MOPS2h"	2	0	4	163	0	0.181286549707602	NA	"NO"	NA	NA
"ECK120002771"	"yagN"	"-"	294363	294803	441	"MOPS2h"	147	31.7389885897418	18	222	76.5765765765766	0.936507936507937	-3.22264950379853	"SD"	NA	NA
"ECK120002772"	"intF"	"-"	294920	296320	1401	"MOPS2h"	560	38.0596008784912	28	590	35.5932203389831	0.975731620271235	-3.17979919950541	"SD"	NA	NA
"ECK120002773"	"yagP"	"-"	296605	297015	411	"MOPS2h"	3	0.695014348680477	75	434	172.811059907834	0.527980535279805	4.43177592768638	"AD"	NA	NA
"ECK120002774"	"paoD"	"-"	296994	297950	957	"MOPS2h"	12	1.1939431444417	4	182	0	0.592476489028213	-Inf	"SD"	NA	NA
"ECK120002775"	"paoC"	"-"	297960	300158	2199	"MOPS2h"	31	1.34230374663301	0	0	0	0.477944520236471	-Inf	"SD"	NA	NA
"ECK120002776"	"paoB"	"-"	300155	301111	957	"MOPS2h"	8	0.795962096294465	0	0	0	0.344827586206897	-Inf	"SD"	NA	NA
"ECK120002780"	"ecpE"	"-"	303719	304429	711	"MOPS2h"	25	3.34799457697698	21	690	30.4347826086957	0.755274261603376	0.327092136853426	"AD"	NA	NA
"ECK120002781"	"ecpD"	"-"	304398	306041	1644	"MOPS2h"	49	2.83797525711195	17	324	30.8641975308642	0.659975669099757	-0.504862011316189	"SD"	NA	NA
"ECK120002782"	"ecpC"	"-"	306031	308556	2526	"MOPS2h"	18	0.67850569431752	9	180	0	0.304829770387965	-Inf	"SD"	NA	NA
"ECK120002783"	"ecpB"	"-"	308582	309250	669	"MOPS2h"	4	0	1	100	0	0.22272047832586	NA	"NO"	0	0
"ECK120002784"	"ecpA"	"-"	309308	309895	588	"MOPS2h"	12	1.94320338304541	6	358	0	0.556122448979592	-Inf	"SD"	NA	NA
"ECK120002788"	"insE-1"	"+"	314506	314814	309	"MOPS2h"	0	0	0	0	0	0	NA	"NO"	NA	NA
"ECK120002792"	"rclB"	"-"	317555	317791	237	"MOPS2h"	1	0	0	0	0	0.172995780590717	NA	"NO"	NA	NA
"ECK120002795"	"ykgE"	"+"	320832	321551	720	"MOPS2h"	100	13.2245785790591	1	100	0	1	-Inf	"SD"	8	30.7692307692308
"ECK120002796"	"ykgF"	"+"	321562	322989	1428	"MOPS2h"	55	3.66732011015924	0	0	0	0.871848739495798	-Inf	"SD"	11	20.7547169811321
"ECK120002799"	"ykgH"	"-"	323920	324588	669	"MOPS2h"	4	0	2	44	0	0.221225710014948	NA	"NO"	NA	NA
"ECK120002803"	"yahE"	"+"	335149	336012	864	"MOPS2h"	2	0	0	0	0	0.168981481481481	NA	"NO"	NA	NA
"ECK120002804"	"yahF"	"+"	336002	337549	1548	"MOPS2h"	4	0	0	0	0	0.160206718346253	NA	"NO"	NA	NA
"ECK120002805"	"yahG"	"+"	337549	338967	1419	"MOPS2h"	9	0.603913102130393	1	100	0	0.353770260747005	-Inf	"SD"	NA	NA
"ECK120002806"	"yahI"	"+"	339389	340339	951	"MOPS2h"	2	0	4	144	0	0.0157728706624606	NA	"NO"	NA	NA
"ECK120002807"	"yahJ"	"+"	340349	341731	1383	"MOPS2h"	186	12.8057524461865	0	0	0	0.983369486623283	-Inf	"SD"	1	1.96078431372549
"ECK120002808"	"yahK"	"+"	342108	343157	1050	"MOPS2h"	109	9.88442787509101	2	100	0	0.920952380952381	-Inf	"SD"	1	2.63157894736842
"ECK120002809"	"yahL"	"+"	343400	344215	816	"MOPS2h"	4	0	0	0	0	0.25	NA	"NO"	NA	NA
"ECK120002815"	"prpC"	"+"	349236	350405	1170	"MOPS2h"	2	0	3	159	0	0.170940170940171	NA	"NO"	NA	NA
"ECK120002816"	"prpD"	"+"	350439	351890	1452	"MOPS2h"	4	0	5	145	0	0.171487603305785	NA	"NO"	NA	NA
"ECK120002817"	"prpE"	"+"	351930	353816	1887	"MOPS2h"	5	0	2	38	0	0.174880763116057	NA	"NO"	NA	NA
"ECK120002819"	"mhpE"	"+"	373092	374105	1014	"MOPS2h"	41	3.84999565733554	1	100	0	0.67948717948718	-Inf	"SD"	NA	NA
"ECK120002820"	"mhpT"	"+"	374683	375894	1212	"MOPS2h"	12	0.942742235338865	0	0	0	0.426567656765677	-Inf	"SD"	NA	NA
"ECK120002823"	"frmR"	"-"	378830	379105	276	"MOPS2h"	79	27.2541315064087	0	0	0	1	-Inf	"SD"	1	10
"ECK120002824"	"yaiO"	"-"	379293	380066	774	"MOPS2h"	39	4.79775408914701	0	0	0	0.828165374677003	-Inf	"SD"	NA	NA
"ECK120002832"	"tauB"	"+"	385431	386198	768	"MOPS2h"	40	4.95921696714715	0	0	0	0.904947916666667	-Inf	"SD"	NA	NA
"ECK120002833"	"tauC"	"+"	386195	387022	828	"MOPS2h"	35	4.02487174145276	0	0	0	0.806763285024155	-Inf	"SD"	NA	NA
"ECK120002845"	"proY"	"+"	420210	421583	1374	"MOPS2h"	435	30.1451092500823	9	94	0	1	-Inf	"SD"	NA	NA
"ECK120002846"	"thiL"	"+"	434858	435835	978	"MOPS2h"	163	15.8694942948709	4	73	0	1	-Inf	"SD"	2	5.71428571428571
"ECK120002848"	"dxs"	"-"	437539	439401	1863	"MOPS2h"	963	49.2184315811938	22	284	49.2957746478873	1	-4.13569995261424	"SD"	13	19.1176470588235
"ECK120002853"	"ppiD"	"+"	461139	463010	1872	"MOPS2h"	2638	134.178608813684	0	0	0	1	-Inf	"SD"	38	55.8823529411765
"ECK120002854"	"ybaV"	"+"	463161	463532	372	"MOPS2h"	59	15.1016155386675	2	92	0	1	-Inf	"SD"	NA	NA
"ECK120002858"	"ybaO"	"+"	467607	468065	459	"MOPS2h"	34	7.05310857549817	0	0	0	0.790849673202614	-Inf	"SD"	0	0
"ECK120002859"	"mdlA"	"+"	468095	469867	1773	"MOPS2h"	118	6.3370569434679	0	0	0	0.900733220530175	-Inf	"SD"	1	1.51515151515152
"ECK120002863"	"ylaC"	"-"	478005	478475	471	"MOPS2h"	53	10.7144356385752	5	127	0	0.902335456475584	-Inf	"SD"	1	5.55555555555556
"ECK120002870"	"ybaT"	"+"	511800	513092	1293	"MOPS2h"	17	1.25188586084828	3	75	0	0.502706883217324	-Inf	"SD"	NA	NA
"ECK120002877"	"ybbO"	"-"	517564	518373	810	"MOPS2h"	266	31.2687813513752	3	102	0	1	-Inf	"SD"	10	34.4827586206897
"ECK120002878"	"ybbP"	"+"	519640	522054	2415	"MOPS2h"	211	8.31916346886399	0	0	0	0.920910973084886	-Inf	"SD"	2	2.24719101123596
"ECK120002879"	"ylbH"	"+"	527173	527883	711	"MOPS2h"	35	4.68719240776777	4	102	0	0.859353023909986	-Inf	"SD"	NA	NA
"ECK120002884"	"allR"	"+"	532235	533050	816	"MOPS2h"	1475	172.114000624519	0	0	0	1	-Inf	"SD"	5	17.2413793103448
"ECK120002885"	"hyi"	"+"	534934	535710	777	"MOPS2h"	2	0	0	0	0	0.153153153153153	NA	"NO"	0	0
"ECK120002886"	"glxR"	"+"	535810	536688	879	"MOPS2h"	1	0	3	103	0	0.0659840728100114	NA	"NO"	NA	NA
"ECK120002888"	"ybbW"	"+"	536857	538311	1455	"MOPS2h"	1	0	0	0	0	0.0687285223367698	NA	"NO"	NA	NA
"ECK120002889"	"allB"	"+"	538371	539732	1362	"MOPS2h"	11	0.769006331469514	3	111	0	0.441262848751836	-Inf	"SD"	NA	NA
"ECK120002890"	"ybbY"	"+"	539789	541090	1302	"MOPS2h"	7	0.511919170802287	0	0	0	0.346390168970814	-Inf	"SD"	NA	NA
"ECK120002893"	"allC"	"-"	543281	544516	1236	"MOPS2h"	129	9.93769302931235	2	100	0	0.608414239482201	-Inf	"SD"	NA	NA
"ECK120002896"	"ylbE_2"	"+"	547838	548839	1002	"MOPS2h"	3	0	1	83	0	0.158682634730539	NA	"NO"	NA	NA
"ECK120002897"	"ylbF"	"+"	548850	549665	816	"MOPS2h"	5	0.583437290252606	1	35	0	0.367647058823529	-Inf	"SD"	NA	NA
"ECK120002899"	"sfmC"	"+"	558197	558889	693	"MOPS2h"	0	0	6	129	0	0	NA	"NO"	NA	NA
"ECK120002900"	"sfmD"	"+"	558920	561523	2604	"MOPS2h"	24	0.877575721375349	1	57	0	0.335253456221198	-Inf	"SD"	NA	NA
"ECK120002901"	"sfmH"	"+"	561565	562542	978	"MOPS2h"	0	0	0	0	0	0	NA	"NO"	NA	NA
"ECK120002904"	"insE-3"	"+"	566056	566364	309	"MOPS2h"	0	0	0	0	0	0	NA	"NO"	NA	NA
"ECK120002905"	"insF-3"	"+"	566361	567227	867	"MOPS2h"	3	0	0	0	0	0.0426758938869665	NA	"NO"	NA	NA
"ECK120002906"	"renD"	"+"	567285	567470	186	"MOPS2h"	17	8.70262590363888	0	0	0	1	-Inf	"SD"	NA	NA
"ECK120002908"	"ybcK"	"+"	568125	569651	1527	"MOPS2h"	2	0	0	0	0	0.130975769482646	NA	"NO"	NA	NA
"ECK120002909"	"ybcL"	"+"	570116	570667	552	"MOPS2h"	29	5.00234059294843	1	81	0	0.909420289855073	-Inf	"SD"	0	0
"ECK120002910"	"ybcM"	"+"	570677	571474	798	"MOPS2h"	41	4.89209974503539	6	158	0	0.839598997493734	-Inf	"SD"	NA	NA
"ECK120002911"	"ybcN"	"+"	571689	572144	456	"MOPS2h"	1	0	1	98	0	0.116228070175439	NA	"NO"	NA	NA
"ECK120002912"	"ninE"	"+"	572144	572314	171	"MOPS2h"	1	0.55682436122354	0	0	0	0.274853801169591	-Inf	"SD"	NA	NA
"ECK120002913"	"ybcO"	"+"	572307	572597	291	"MOPS2h"	1	0	1	73	0	0.164948453608247	NA	"NO"	NA	NA
"ECK120002914"	"rusA"	"+"	572594	572956	363	"MOPS2h"	1	0.262305690824312	0	0	0	0.275482093663912	-Inf	"SD"	NA	NA
"ECK120002916"	"insH-2"	"-"	573960	574976	1017	"MOPS2h"	11	0	0	0	0	0.0344149459193707	NA	"NO"	NA	NA
"ECK120002918"	"rrrD"	"+"	576836	577333	498	"MOPS2h"	43	8.22154523710179	4	187	0	0.875502008032129	-Inf	"SD"	0	0
"ECK120002926"	"cusS"	"-"	592551	593993	1443	"MOPS2h"	50	3.29927116317482	7	340	17.6470588235294	0.843381843381843	-1.4591129503324	"SD"	NA	NA
"ECK120002929"	"cusF"	"+"	596354	596686	333	"MOPS2h"	29	8.29216819011272	1	73	0	1	-Inf	"SD"	NA	NA
"ECK120002930"	"cusB"	"+"	596702	597925	1224	"MOPS2h"	37	2.87829063191286	4	139	0	0.527777777777778	-Inf	"SD"	NA	NA
"ECK120002932"	"ybdF"	"-"	604741	605109	369	"MOPS2h"	56	14.4502712278499	0	0	0	1	-Inf	"SD"	0	0
"ECK120002933"	"ybdJ"	"-"	605174	605422	249	"MOPS2h"	33	12.619115945319	0	0	0	0.979919678714859	-Inf	"SD"	NA	NA
"ECK120002934"	"ybdK"	"-"	605488	606606	1119	"MOPS2h"	15	1.27636683336763	1	65	0	0.495084897229669	-Inf	"SD"	NA	NA
"ECK120002938"	"ybdN"	"-"	634572	635792	1221	"MOPS2h"	13	1.01377604832099	2	100	0	0.324324324324324	-Inf	"SD"	NA	NA
"ECK120002939"	"ybdO"	"-"	635939	636841	903	"MOPS2h"	4	0.421780579265671	13	89	134.831460674157	0.308970099667774	2.50846983243199	"AD"	NA	NA
"ECK120002945"	"citT"	"-"	644340	645803	1464	"MOPS2h"	30	1.95116733133658	3	201	0	0.5	-Inf	"SD"	NA	NA
"ECK120002946"	"citG"	"-"	645854	646732	879	"MOPS2h"	0	0	8	93	0	0	NA	"NO"	NA	NA
"ECK120002947"	"citX"	"-"	646707	647258	552	"MOPS2h"	0	0	0	0	0	0	NA	"NO"	NA	NA
"ECK120002948"	"citF"	"-"	647262	648794	1533	"MOPS2h"	4	0	2	74	0	0.128506196999348	NA	"NO"	NA	NA
"ECK120002949"	"citE"	"-"	648805	649713	909	"MOPS2h"	2	0	32	188	148.936170212766	0.115511551155116	Inf	"AD"	NA	NA
"ECK120002950"	"citD"	"-"	649710	650006	297	"MOPS2h"	0	0	1	72	0	0	NA	"NO"	NA	NA
"ECK120002955"	"ybeM_2"	"+"	657478	658041	564	"MOPS2h"	25	4.22061018480609	2	95	0	0.851063829787234	-Inf	"SD"	NA	NA
"ECK120002956"	"cobC"	"-"	668519	669130	612	"MOPS2h"	27	4.20074848981877	5	219	0	0.781045751633987	-Inf	"SD"	NA	NA
"ECK120002957"	"nadD"	"-"	669154	669795	642	"MOPS2h"	104	15.4245552024913	2	52	0	0.982866043613707	-Inf	"SD"	1	4
"ECK120002965"	"rihA"	"-"	682700	683635	936	"MOPS2h"	72	7.3243819822481	0	0	0	1	-Inf	"SD"	6	17.6470588235294
"ECK120002966"	"gltI"	"-"	686062	686970	909	"MOPS2h"	1855	194.309649617066	5	104	0	1	-Inf	"SD"	27	81.8181818181818
"ECK120002967"	"insH-3"	"-"	687220	688236	1017	"MOPS2h"	0	0	0	0	0	0	NA	"NO"	NA	NA
"ECK120002968"	"ybeX"	"-"	690129	691007	879	"MOPS2h"	3739	405.02415814691	1	100	0	1	-Inf	"SD"	15	45.4545454545455
"ECK120002969"	"ybeY"	"-"	691097	691564	468	"MOPS2h"	394	80.1612916946042	1	74	0	1	-Inf	"SD"	2	11.1111111111111
"ECK120002970"	"ybeZ"	"-"	691561	692640	1080	"MOPS2h"	1255	110.645640778128	0	0	0	1	-Inf	"SD"	23	58.974358974359
"ECK120002973"	"chiP"	"+"	707557	708963	1407	"MOPS2h"	15	1.01510624487447	5	213	0	0.529495380241649	-Inf	"SD"	NA	NA
"ECK120002976"	"ybfO"	"+"	733443	734876	1434	"MOPS2h"	9	0	1	100	0	0.195258019525802	NA	"NO"	NA	NA
"ECK120002977"	"ybfL"	"+"	736123	737184	1062	"MOPS2h"	0	0	0	0	0	0	NA	"NO"	NA	NA
"ECK120002980"	"ybgJ"	"+"	742816	743472	657	"MOPS2h"	385	55.796852086989	0	0	0	1	-Inf	"SD"	4	16.6666666666667
"ECK120002981"	"ybgK"	"+"	743466	744398	933	"MOPS2h"	758	77.3574062733899	2	208	0	1	-Inf	"SD"	3	8.82352941176471
"ECK120002982"	"ybgL"	"+"	744388	745122	735	"MOPS2h"	402	52.0778506656171	4	60	0	1	-Inf	"SD"	0	0
"ECK120002985"	"ybgO"	"-"	747144	748205	1062	"MOPS2h"	7	0.627607119006193	26	317	56.782334384858	0.402071563088512	2.52006328441884	"AD"	NA	NA
"ECK120002986"	"ybgP"	"-"	748202	748930	729	"MOPS2h"	4	0.522452487073939	5	100	0	0.307270233196159	-Inf	"SD"	NA	NA
"ECK120002987"	"ybgQ"	"-"	748945	751392	2448	"MOPS2h"	3	0	7	107	0	0.100081699346405	NA	"NO"	NA	NA
"ECK120002988"	"b0725"	"+"	757687	757947	261	"MOPS2h"	398	145.196752399049	0	0	0	0.961685823754789	-Inf	"SD"	NA	NA
"ECK120002989"	"valZ"	"+"	780291	780366	76	"MOPS2h"	33	41.3442088208478	0	0	0	1	-Inf	"SD"	NA	NA
"ECK120002990"	"lysY"	"+"	780370	780445	76	"MOPS2h"	3	0	0	0	0	0.197368421052632	NA	"NO"	NA	NA
"ECK120002991"	"lysZ"	"+"	780592	780667	76	"MOPS2h"	94	117.768352398779	0	0	0	1	-Inf	"SD"	NA	NA
"ECK120002992"	"lysQ"	"+"	780800	780875	76	"MOPS2h"	47	58.8841761993894	0	0	0	0.842105263157895	-Inf	"SD"	NA	NA
"ECK120003000"	"ybhI"	"+"	801110	802543	1434	"MOPS2h"	3	0	2	70	0	0.145746164574616	NA	"NO"	NA	NA
"ECK120003003"	"ybhL"	"+"	819107	819811	705	"MOPS2h"	657	88.7341085253632	9	137	0	1	-Inf	"SD"	NA	NA
"ECK120003006"	"clsB"	"-"	821721	822962	1242	"MOPS2h"	23	1.76327714387454	7	271	25.830258302583	0.818035426731079	-0.33283242154895	"SD"	NA	NA
"ECK120003010"	"ybhS"	"-"	825342	826475	1134	"MOPS2h"	32	2.68689850495168	2	100	0	0.785714285714286	-Inf	"SD"	NA	NA
"ECK120003011"	"ybhF"	"-"	826468	828204	1737	"MOPS2h"	169	9.26405711859475	0	0	0	0.978698906160046	-Inf	"SD"	0	0
"ECK120003012"	"ybhG"	"-"	828197	829195	999	"MOPS2h"	135	12.8671575363818	3	133	0	0.93993993993994	-Inf	"SD"	6	16.6666666666667
"ECK120003013"	"ybiX"	"-"	837753	838430	678	"MOPS2h"	17	2.38744604436111	26	259	57.9150579150579	0.504424778761062	0.329494371724496	"AD"	1	3.84615384615385
"ECK120003014"	"fiu"	"-"	838472	840754	2283	"MOPS2h"	4	0	28	325	30.7692307692308	0.0862899693385896	Inf	"AD"	NA	NA
"ECK120003025"	"ybiV"	"-"	858436	859251	816	"MOPS2h"	307	35.82304962151	10	467	21.4132762312634	0.966911764705882	-4.16281625428135	"SD"	8	26.6666666666667
"ECK120003026"	"ybiW"	"-"	859397	861829	2433	"MOPS2h"	30	1.1740686284738	17	100	60	0.563912864775997	0.0315176642810441	"AD"	NA	NA
"ECK120003029"	"gsiA"	"+"	866776	868614	1839	"MOPS2h"	1194	61.8211294880125	3	100	0	1	-Inf	"SD"	3	4.34782608695652
"ECK120003030"	"gsiB"	"+"	868634	870172	1539	"MOPS2h"	1167	72.2015588386524	13	157	70.0636942675159	1	-5.03645455651187	"SD"	6	10.7142857142857
"ECK120003031"	"gsiC"	"+"	870190	871110	921	"MOPS2h"	204	21.0904028413919	2	100	0	1	-Inf	"SD"	NA	NA
"ECK120003032"	"gsiD"	"+"	871113	872024	912	"MOPS2h"	88	9.18760196018841	0	0	0	0.986842105263158	-Inf	"SD"	NA	NA
"ECK120003033"	"yliE"	"+"	872202	874550	2349	"MOPS2h"	50	2.02675533778683	0	0	0	0.649212430821626	-Inf	"SD"	0	0
"ECK120003042"	"ybjI"	"-"	884539	885354	816	"MOPS2h"	202	23.5708665262053	1	96	0	1	-Inf	"SD"	4	13.3333333333333
"ECK120003047"	"ybjN"	"+"	892180	892656	477	"MOPS2h"	196	39.124790965971	2	121	0	1	-Inf	"SD"	NA	NA
"ECK120003048"	"ybjO"	"+"	897212	897700	489	"MOPS2h"	18	3.50491898537026	5	172	0	0.642126789366053	-Inf	"SD"	NA	NA
"ECK120003054"	"ybjT"	"-"	906075	907505	1431	"MOPS2h"	179	11.9104380661714	12	489	18.4049079754601	0.995108315863033	-2.7261576648653	"SD"	0	0
"ECK120003055"	"ltaE"	"-"	907516	908517	1002	"MOPS2h"	453	43.0471911112366	2	100	0	1	-Inf	"SD"	10	27.7777777777778
"ECK120003056"	"hcr"	"-"	910405	911373	969	"MOPS2h"	68	6.68189233468248	6	100	0	0.966976264189886	-Inf	"SD"	1	2.77777777777778
"ECK120003057"	"hcp"	"-"	911385	913037	1653	"MOPS2h"	56	3.22574112708809	1	66	0	0.572897761645493	-Inf	"SD"	0	0
"ECK120003058"	"ybjE"	"-"	913181	914080	900	"MOPS2h"	94	9.94488309145243	3	165	0	0.987777777777778	-Inf	"SD"	1	3.125
"ECK120003064"	"ftsK"	"+"	932447	936436	3990	"MOPS2h"	2164	51.6414821866175	8	186	0	0.963408521303258	-Inf	"SD"	6	4.08163265306122
"ECK120003065"	"lolA"	"+"	936592	937206	615	"MOPS2h"	1391	215.360649406492	2	52	0	1	-Inf	"SD"	7	31.8181818181818
"ECK120003070"	"ycaL"	"+"	959487	960251	765	"MOPS2h"	16	1.9914659507289	6	128	0	0.462745098039216	-Inf	"SD"	NA	NA
"ECK120003071"	"ycaQ"	"+"	968612	969844	1233	"MOPS2h"	46	3.55229555992244	2	100	0	0.70316301703163	-Inf	"SD"	NA	NA
"ECK120003072"	"ycaR"	"+"	969896	970078	183	"MOPS2h"	438	227.896344300113	0	0	0	1	-Inf	"SD"	0	0
"ECK120003074"	"ycbK"	"+"	982298	982846	549	"MOPS2h"	1539	266.919690926845	7	199	0	1	-Inf	"SD"	NA	NA
"ECK120003076"	"ssuC"	"-"	993264	994055	792	"MOPS2h"	14	1.68312818278934	1	36	0	0.72979797979798	-Inf	"SD"	NA	NA
"ECK120003077"	"ssuD"	"-"	994066	995211	1146	"MOPS2h"	12	0.997036290777229	2	100	0	0.412739965095986	-Inf	"SD"	NA	NA
"ECK120003078"	"ssuA"	"-"	995208	996167	960	"MOPS2h"	6	0	7	175	0	0.25	NA	"NO"	NA	NA
"ECK120003081"	"elfD"	"+"	997713	998414	702	"MOPS2h"	0	0	2	100	0	0	NA	"NO"	NA	NA
"ECK120003082"	"elfC"	"+"	998439	1001039	2601	"MOPS2h"	26	0.951803579392487	5	102	0	0.477508650519031	-Inf	"SD"	NA	NA
"ECK120003083"	"elfG"	"+"	1001030	1002100	1071	"MOPS2h"	17	1.51138040903532	6	92	0	0.531279178338002	-Inf	"SD"	NA	NA
"ECK120003084"	"ycbU"	"+"	1002112	1002654	543	"MOPS2h"	20	3.50707056240241	2	92	0	0.76427255985267	-Inf	"SD"	NA	NA
"ECK120003085"	"ycbV"	"+"	1002662	1003177	516	"MOPS2h"	27	4.98228309257574	0	0	0	0.965116279069767	-Inf	"SD"	NA	NA
"ECK120003089"	"uup"	"+"	1009187	1011094	1908	"MOPS2h"	676	33.7351513941281	0	0	0	0.958595387840671	-Inf	"SD"	22	30.5555555555556
"ECK120003090"	"pqiA"	"+"	1011224	1012477	1254	"MOPS2h"	155	11.7692421804066	1	100	0	0.984848484848485	-Inf	"SD"	NA	NA
"ECK120003091"	"pqiB"	"+"	1012482	1014122	1641	"MOPS2h"	707	41.0227878116041	2	89	0	1	-Inf	"SD"	1	1.63934426229508
"ECK120003092"	"ymbA"	"+"	1014134	1014682	549	"MOPS2h"	80	13.8749676895046	2	76	0	1	-Inf	"SD"	5	23.8095238095238
"ECK120003103"	"etp"	"-"	1043453	1043899	447	"MOPS2h"	23	4.89930696351719	2	41	0	0.805369127516778	-Inf	"SD"	NA	NA
"ECK120003104"	"gfcE"	"-"	1043887	1045026	1140	"MOPS2h"	56	4.67732463427774	3	100	0	0.785964912280702	-Inf	"SD"	NA	NA
"ECK120003105"	"gfcD"	"-"	1045072	1047168	2097	"MOPS2h"	28	1.27137579472499	16	276	25.3623188405797	0.409155937052933	0.13903630032657	"AD"	NA	NA
"ECK120003106"	"gfcC"	"-"	1047168	1047914	747	"MOPS2h"	27	3.4415770759961	2	64	0	0.867469879518072	-Inf	"SD"	NA	NA
"ECK120003107"	"gfcB"	"-"	1047911	1048555	645	"MOPS2h"	13	1.91910163565881	2	63	0	0.662015503875969	-Inf	"SD"	NA	NA
"ECK120003112"	"ymcE"	"+"	1051070	1051300	231	"MOPS2h"	68	28.0292366766551	0	0	0	0.852813852813853	-Inf	"SD"	NA	NA
"ECK120003118"	"rutF"	"-"	1069083	1069577	495	"MOPS2h"	9	1.73121755944046	0	0	0	0.666666666666667	-Inf	"SD"	NA	NA
"ECK120003119"	"rutE"	"-"	1069588	1070178	591	"MOPS2h"	5	0.805558086034055	1	100	0	0.428087986463621	-Inf	"SD"	NA	NA
"ECK120003120"	"rutD"	"-"	1070188	1070988	801	"MOPS2h"	1	0	0	0	0	0.0199750312109863	NA	"NO"	NA	NA
"ECK120003121"	"rutC"	"-"	1070996	1071382	387	"MOPS2h"	0	0	3	251	0	0	NA	"NO"	NA	NA
"ECK120003122"	"rutB"	"-"	1071394	1072086	693	"MOPS2h"	1	0	5	251	0	0.115440115440115	NA	"NO"	0	0
"ECK120003124"	"efeU_1"	"+"	1080579	1080689	111	"MOPS2h"	0	0	0	0	0	0	NA	"NO"	NA	NA
"ECK120003125"	"efeO"	"+"	1081466	1082593	1128	"MOPS2h"	81	6.83738849938586	0	0	0	0.949468085106383	-Inf	"SD"	6	14.6341463414634
"ECK120003127"	"pgaC"	"-"	1085744	1087069	1326	"MOPS2h"	13	0	0	0	0	0.182503770739065	NA	"NO"	NA	NA
"ECK120003128"	"pgaB"	"-"	1087062	1089080	2019	"MOPS2h"	13	0.613085960871684	2	47	0	0.270430906389302	-Inf	"SD"	NA	NA
"ECK120003136"	"ycdX"	"+"	1098102	1098839	738	"MOPS2h"	447	57.6720646325796	9	116	77.5862068965517	1	-5.00180385945063	"SD"	5	18.5185185185185
"ECK120003137"	"ycdY"	"+"	1098863	1099417	555	"MOPS2h"	525	90.0701027546726	5	158	0	1	-Inf	"SD"	3	14.2857142857143
"ECK120003140"	"csgF"	"-"	1100934	1101350	417	"MOPS2h"	10	2.28338047408214	3	220	0	0.956834532374101	-Inf	"SD"	NA	NA
"ECK120003141"	"csgE"	"-"	1101375	1101764	390	"MOPS2h"	7	1.70902246252456	0	0	0	0.520512820512821	-Inf	"SD"	NA	NA
"ECK120003144"	"csgC"	"+"	1104184	1104516	333	"MOPS2h"	1	0	1	100	0	0.042042042042042	NA	"NO"	NA	NA
"ECK120003145"	"ymdA"	"+"	1104637	1104948	312	"MOPS2h"	11	3.35700840853038	3	158	0	0.791666666666667	-Inf	"SD"	NA	NA
"ECK120003146"	"ymdB"	"+"	1105043	1105576	534	"MOPS2h"	24	4.2794141918753	2	39	0	0.803370786516854	-Inf	"SD"	1	5.26315789473684
"ECK120003149"	"b1052"	"-"	1113434	1113532	99	"MOPS2h"	26	25.0064758585844	1	100	0	1	-Inf	"SD"	NA	NA
"ECK120003150"	"yceJ"	"-"	1117703	1118269	567	"MOPS2h"	32	5.37379700990337	1	100	0	0.700176366843034	-Inf	"SD"	NA	NA
"ECK120003151"	"yceO"	"-"	1118530	1118670	141	"MOPS2h"	8	5.40238103655179	0	0	0	1	-Inf	"SD"	NA	NA
"ECK120003152"	"solA"	"-"	1118691	1119809	1119	"MOPS2h"	542	46.1193882456838	0	0	0	0.981233243967828	-Inf	"SD"	6	14.6341463414634
"ECK120003153"	"bssS"	"-"	1119924	1120178	255	"MOPS2h"	62	23.1507916772234	1	100	0	1	-Inf	"SD"	NA	NA
"ECK120003154"	"dinI"	"-"	1120465	1120710	246	"MOPS2h"	25	9.67652091150664	1	62	0	1	-Inf	"SD"	NA	NA
"ECK120003156"	"yceM"	"+"	1126029	1126952	924	"MOPS2h"	203	20.9188788432389	1	93	0	1	-Inf	"SD"	4	11.7647058823529
"ECK120003160"	"ycfL"	"+"	1161470	1161847	378	"MOPS2h"	244	61.4628033007698	0	0	0	1	-Inf	"SD"	NA	NA
"ECK120003161"	"lpoB"	"+"	1161861	1162502	642	"MOPS2h"	259	38.4130749754351	0	0	0	1	-Inf	"SD"	9	39.1304347826087
"ECK120003162"	"thiK"	"+"	1162483	1163307	825	"MOPS2h"	75	8.6560877972023	1	46	0	0.899393939393939	-Inf	"SD"	0	0
"ECK120003163"	"nagZ"	"+"	1163318	1164343	1026	"MOPS2h"	1385	128.533623382434	1	41	0	1	-Inf	"SD"	5	13.1578947368421
"ECK120003164"	"ycfP"	"+"	1164366	1164908	543	"MOPS2h"	1517	266.011302158223	21	300	66.6666666666667	1	-6.05534373332534	"SD"	11	52.3809523809524
"ECK120003170"	"lolD"	"+"	1175842	1176543	702	"MOPS2h"	431	58.4594191546099	0	0	0	1	-Inf	"SD"	6	24
"ECK120003171"	"lolE"	"+"	1176543	1177787	1245	"MOPS2h"	391	29.9034808158772	2	100	0	1	-Inf	"SD"	0	0
"ECK120003172"	"nagK"	"+"	1177816	1178727	912	"MOPS2h"	463	48.3393148587186	1	46	0	1	-Inf	"SD"	4	12.1212121212121
"ECK120003175"	"ymfA"	"-"	1180487	1180948	462	"MOPS2h"	3	0.61829198551445	1	100	0	0.255411255411255	-Inf	"SD"	NA	NA
"ECK120003176"	"nudJ"	"-"	1193050	1193511	462	"MOPS2h"	126	25.9682633916069	0	0	0	1	-Inf	"SD"	2	11.7647058823529
"ECK120003180"	"xisE"	"-"	1200010	1200255	246	"MOPS2h"	20	7.74121672920531	0	0	0	1	-Inf	"SD"	NA	NA
"ECK120003186"	"ymfL"	"+"	1202479	1203048	570	"MOPS2h"	9	1.50342577530356	749	456	1640.35087719298	0.571929824561404	6.6367127217274	"AD"	NA	NA
"ECK120003187"	"ymfM"	"+"	1203045	1203383	339	"MOPS2h"	2	0.561752010437908	0	0	0	0.415929203539823	-Inf	"SD"	NA	NA
"ECK120003188"	"ymfN"	"+"	1203393	1204760	1368	"MOPS2h"	11	0.765633496682367	0	0	0	0.422514619883041	-Inf	"SD"	NA	NA
"ECK120003189"	"ymfR"	"+"	1204772	1204954	183	"MOPS2h"	1	0.520311288356423	0	0	0	0.437158469945355	-Inf	"SD"	NA	NA
"ECK120003190"	"ymfO"	"+"	1204954	1205427	474	"MOPS2h"	4	0.803518698474475	0	0	0	0.464135021097046	-Inf	"SD"	NA	NA
"ECK120003191"	"ymfP"	"+"	1205483	1206145	663	"MOPS2h"	3	0	0	0	0	0.182503770739065	NA	"NO"	NA	NA
"ECK120003192"	"ymfQ"	"+"	1206136	1206720	585	"MOPS2h"	4	0.651056176199831	0	0	0	0.314529914529915	-Inf	"SD"	NA	NA
"ECK120003196"	"ycgX"	"-"	1211926	1212330	405	"MOPS2h"	19	4.46696876448218	1	69	0	0.807407407407407	-Inf	"SD"	NA	NA
"ECK120003197"	"bluR"	"-"	1212551	1213282	732	"MOPS2h"	558	72.5834247257209	0	0	0	1	-Inf	"SD"	1	3.57142857142857
"ECK120003200"	"ymgA"	"+"	1215291	1215563	273	"MOPS2h"	48	16.7414445308528	0	0	0	1	-Inf	"SD"	NA	NA
"ECK120003201"	"ariR"	"+"	1215592	1215858	267	"MOPS2h"	12	4.2794141918753	1	81	0	0.891385767790262	-Inf	"SD"	NA	NA
"ECK120003202"	"ymgC"	"+"	1215971	1216219	249	"MOPS2h"	3	1.14719235866537	1	41	0	0.285140562248996	-Inf	"SD"	NA	NA
"ECK120003203"	"ycgG"	"+"	1216551	1218074	1524	"MOPS2h"	12	0.749739887946656	12	268	37.3134328358209	0.2749343832021	1.4155379358895	"AD"	NA	NA
"ECK120003204"	"ycgH_1"	"+"	1220024	1220344	321	"MOPS2h"	13	3.85613880062283	0	0	0	0.981308411214953	-Inf	"SD"	NA	NA
"ECK120003207"	"ymgG"	"-"	1221867	1222142	276	"MOPS2h"	25	8.62472516025592	0	0	0	1	-Inf	"SD"	NA	NA
"ECK120003212"	"ycgM"	"+"	1227302	1227961	660	"MOPS2h"	596	85.9838054522096	1	48	0	1	-Inf	"SD"	5	20.8333333333333
"ECK120003221"	"dhaL"	"-"	1248348	1248980	633	"MOPS2h"	917	137.936741880537	0	0	0	1	-Inf	"SD"	8	34.7826086956522
"ECK120003225"	"ychQ"	"+"	1266147	1266539	393	"MOPS2h"	144	34.8886592131513	5	158	0	1	-Inf	"SD"	NA	NA
"ECK120003227"	"ychG_1"	"-"	1294191	1294421	231	"MOPS2h"	6	2.4731679420578	1	49	0	0.935064935064935	-Inf	"SD"	NA	NA
"ECK120003230"	"yciO"	"+"	1322122	1322742	621	"MOPS2h"	473	72.5243555697964	5	101	0	1	-Inf	"SD"	10	43.4782608695652
"ECK120003231"	"yciQ"	"+"	1322770	1324665	1896	"MOPS2h"	180	9.03958535783785	1	83	0	0.617616033755274	-Inf	"SD"	NA	NA
"ECK120003232"	"yciS"	"+"	1338267	1338575	309	"MOPS2h"	398	122.641917074925	0	0	0	1	-Inf	"SD"	2	18.1818181818182
"ECK120003233"	"yciT"	"-"	1341621	1342370	750	"MOPS2h"	567	71.9840261215344	0	0	0	1	-Inf	"SD"	7	25
"ECK120003234"	"gmr"	"-"	1342781	1344766	1986	"MOPS2h"	66	3.16431004066912	18	230	30.4347826086957	0.736656596173212	-1.1764641355425	"SD"	NA	NA
"ECK120003235"	"yciW"	"-"	1347004	1348131	1128	"MOPS2h"	476	40.180208959354	5	119	0	1	-Inf	"SD"	1	2.38095238095238
"ECK120003236"	"ycjD"	"-"	1349431	1349784	354	"MOPS2h"	35	9.4141067850929	1	36	0	0.932203389830508	-Inf	"SD"	NA	NA
"ECK120003237"	"ymjA"	"-"	1355447	1355692	246	"MOPS2h"	19	7.35415589274505	1	73	0	1	-Inf	"SD"	NA	NA
"ECK120003238"	"puuP"	"-"	1355826	1357211	1386	"MOPS2h"	18	1.2365839710289	6	119	0	0.432178932178932	-Inf	"SD"	NA	NA
"ECK120003242"	"ycjM"	"+"	1368240	1369919	1680	"MOPS2h"	4	0	1	41	0	0.143452380952381	NA	"NO"	NA	NA
"ECK120003243"	"ycjN"	"+"	1369933	1371225	1293	"MOPS2h"	3	0	0	0	0	0.133797370456303	NA	"NO"	0	0
"ECK120003244"	"ycjO"	"+"	1371246	1372127	882	"MOPS2h"	2	0	6	306	19.6078431372549	0.0634920634920635	Inf	"AD"	NA	NA
"ECK120003245"	"ycjP"	"+"	1372114	1372956	843	"MOPS2h"	2	0	0	0	0	0.237247924080664	NA	"NO"	NA	NA
"ECK120003246"	"ycjQ"	"+"	1372987	1374039	1053	"MOPS2h"	16	1.44679150266629	0	0	0	0.560303893637227	-Inf	"SD"	NA	NA
"ECK120003247"	"ycjR"	"+"	1374058	1374846	789	"MOPS2h"	25	3.01701412450017	2	57	0	0.634980988593156	-Inf	"SD"	NA	NA
"ECK120003248"	"ycjS"	"+"	1374856	1375911	1056	"MOPS2h"	4	0	1	51	0	0.166666666666667	NA	"NO"	NA	NA
"ECK120003249"	"ycjT"	"+"	1375908	1378175	2268	"MOPS2h"	15	0.629741837098051	0	0	0	0.392857142857143	-Inf	"SD"	NA	NA
"ECK120003250"	"ycjU"	"+"	1378172	1378831	660	"MOPS2h"	10	1.44268129953372	3	36	0	0.522727272727273	-Inf	"SD"	NA	NA
"ECK120003251"	"ycjV"	"+"	1378845	1379813	969	"MOPS2h"	4	0	0	0	0	0.224974200206398	NA	"NO"	NA	NA
"ECK120003264"	"abgB"	"-"	1399834	1401279	1446	"MOPS2h"	12	0.790182288541289	12	290	31.0344827586207	0.435684647302905	1.18773949190225	"AD"	NA	NA
"ECK120003271"	"intR"	"-"	1410024	1411259	1236	"MOPS2h"	119	9.16732922859046	2	100	0	0.568770226537217	-Inf	"SD"	NA	NA
"ECK120003272"	"ydaQ"	"-"	1411261	1411476	216	"MOPS2h"	0	0	0	0	0	0	NA	"NO"	NA	NA
"ECK120003277"	"ydaT"	"+"	1418708	1419130	423	"MOPS2h"	16	3.60158735770119	2	77	0	0.527186761229314	-Inf	"SD"	NA	NA
"ECK120003278"	"ydaU"	"+"	1419143	1420000	858	"MOPS2h"	4	0.443901938318067	3	95	0	0.271561771561772	-Inf	"SD"	NA	NA
"ECK120003279"	"ydaV"	"+"	1420007	1420753	747	"MOPS2h"	21	2.67678217021919	0	0	0	0.825970548862115	-Inf	"SD"	NA	NA
"ECK120003280"	"ydaW"	"+"	1420776	1421336	561	"MOPS2h"	21	3.56427144590683	2	99	0	0.625668449197861	-Inf	"SD"	NA	NA
"ECK120003281"	"rzpR"	"+"	1421369	1421668	300	"MOPS2h"	1	0.317389885897418	0	0	0	0.333333333333333	-Inf	"SD"	NA	NA
"ECK120003282"	"b1364"	"+"	1423202	1423483	282	"MOPS2h"	3	1.01294644435346	0	0	0	0.595744680851064	-Inf	"SD"	NA	NA
"ECK120003283"	"ynaK"	"+"	1423401	1423664	264	"MOPS2h"	6	2.16402194930058	0	0	0	0.689393939393939	-Inf	"SD"	NA	NA
"ECK120003284"	"ydaY"	"+"	1423645	1424004	360	"MOPS2h"	4	1.05796628632473	2	62	0	0.613888888888889	-Inf	"SD"	NA	NA
"ECK120003285"	""	"+"	1424079	1424312	234	"MOPS2h"	1	0.406910110124895	0	0	0	0.427350427350427	-Inf	"SD"	NA	NA
"ECK120003286"	"ynaA"	"+"	1424478	1425506	1029	"MOPS2h"	77	7.12507907116652	7	261	0	0.796890184645287	-Inf	"SD"	NA	NA
"ECK120003290"	"stfR"	"+"	1427073	1430435	3363	"MOPS2h"	15	0.42469654669592	6	133	0	0.269104965804341	-Inf	"SD"	NA	NA
"ECK120003293"	"ynaE"	"-"	1432015	1432248	234	"MOPS2h"	0	0	0	0	0	0	NA	"NO"	0	0
"ECK120003294"	"uspF"	"-"	1433209	1433643	435	"MOPS2h"	338	73.9846768505705	74	1155	64.0692640692641	1	-2.32162932568717	"SD"	1	6.25
"ECK120003295"	"ompN"	"-"	1433784	1434917	1134	"MOPS2h"	10	0.839655782797401	0	0	0	0.395061728395062	-Inf	"SD"	NA	NA
"ECK120003299"	"ynbE"	"+"	1443711	1443896	186	"MOPS2h"	75	38.3939378101715	0	0	0	1	-Inf	"SD"	NA	NA
"ECK120003304"	"paaB"	"+"	1452892	1453179	288	"MOPS2h"	0	0	0	0	0	0	NA	"NO"	NA	NA
"ECK120003305"	"paaC"	"+"	1453188	1453934	747	"MOPS2h"	8	1.01972654103588	0	0	0	0.469879518072289	-Inf	"SD"	NA	NA
"ECK120003306"	"paaD"	"+"	1453949	1454446	498	"MOPS2h"	5	0.955993632221138	2	99	0	0.301204819277108	-Inf	"SD"	NA	NA
"ECK120003307"	"paaE"	"+"	1454454	1455524	1071	"MOPS2h"	5	0.444523649716271	4	109	0	0.363211951447246	-Inf	"SD"	NA	NA
"ECK120003308"	"paaF"	"+"	1455521	1456288	768	"MOPS2h"	3	0.371941272536036	1	37	0	0.256510416666667	-Inf	"SD"	NA	NA
"ECK120003309"	"paaG"	"+"	1456288	1457076	789	"MOPS2h"	7	0.844763954860047	0	0	0	0.482889733840304	-Inf	"SD"	NA	NA
"ECK120003310"	"paaH"	"+"	1457078	1458505	1428	"MOPS2h"	13	0.866821116946729	1	57	0	0.411064425770308	-Inf	"SD"	NA	NA
"ECK120003311"	"paaI"	"+"	1458495	1458917	423	"MOPS2h"	3	0.675297629568974	0	0	0	0.33096926713948	-Inf	"SD"	NA	NA
"ECK120003312"	"paaJ"	"+"	1458917	1460122	1206	"MOPS2h"	25	1.97381769836703	4	113	0	0.728026533996683	-Inf	"SD"	NA	NA
"ECK120003313"	"paaK"	"+"	1460149	1461462	1314	"MOPS2h"	36	2.60868399367741	5	101	0	0.681887366818874	-Inf	"SD"	NA	NA
"ECK120003314"	"paaX"	"+"	1461563	1462513	951	"MOPS2h"	163	16.3200477606559	0	0	0	1	-Inf	"SD"	4	11.4285714285714
"ECK120003320"	"ynbA"	"+"	1475645	1476250	606	"MOPS2h"	2	0	1	56	0	0.165016501650165	NA	"NO"	NA	NA
"ECK120003321"	"ynbB"	"+"	1476250	1477146	897	"MOPS2h"	0	0	1	68	0	0	NA	"NO"	0	0
"ECK120003322"	"ynbC"	"+"	1477162	1478919	1758	"MOPS2h"	29	1.57070080051623	5	114	0	0.566552901023891	-Inf	"SD"	NA	NA
"ECK120003339"	"ydcR"	"+"	1508027	1509433	1407	"MOPS2h"	95	6.42900621753831	6	116	0	0.899786780383795	-Inf	"SD"	NA	NA
"ECK120003340"	"ydcS"	"+"	1509678	1510823	1146	"MOPS2h"	12	0.997036290777229	2	100	0	0.344677137870855	-Inf	"SD"	0	0
"ECK120003341"	"ydcT"	"+"	1510841	1511854	1014	"MOPS2h"	3	0	1	62	0	0.14792899408284	NA	"NO"	NA	NA
"ECK120003342"	"ydcU"	"+"	1511855	1512796	942	"MOPS2h"	11	1.11187539645592	16	318	47.1698113207547	0.492569002123142	1.43196738081398	"AD"	NA	NA
"ECK120003343"	"ydcV"	"+"	1512786	1513580	795	"MOPS2h"	4	0.479079073052706	0	0	0	0.322012578616352	-Inf	"SD"	NA	NA
"ECK120003355"	"yncH"	"+"	1524964	1525176	213	"MOPS2h"	0	0	0	0	0	0	NA	"NO"	NA	NA
"ECK120003356"	"yncI"	"+"	1528610	1529356	747	"MOPS2h"	11	1.40212399392434	0	0	0	0.591700133868809	-Inf	"SD"	NA	NA
"ECK120003357"	"yncM"	"+"	1529400	1529600	201	"MOPS2h"	1	0.473716247608086	0	0	0	0.348258706467662	-Inf	"SD"	NA	NA
"ECK120003360"	"yddJ"	"-"	1542408	1542743	336	"MOPS2h"	1	0	5	127	0	0.104166666666667	NA	"NO"	NA	NA
"ECK120003361"	"yddK"	"-"	1542782	1543738	957	"MOPS2h"	1	0	0	0	0	0.0219435736677116	NA	"NO"	NA	NA
"ECK120003362"	"yddL"	"-"	1543762	1544052	291	"MOPS2h"	1	0	0	0	0	0.178694158075601	NA	"NO"	NA	NA
"ECK120003364"	"adhP"	"-"	1550852	1551862	1011	"MOPS2h"	13	1.22435267556867	0	0	0	0.474777448071217	-Inf	"SD"	NA	NA
"ECK120003367"	"ddpD"	"-"	1556055	1557041	987	"MOPS2h"	14	1.35059525913795	0	0	0	0.674772036474164	-Inf	"SD"	NA	NA
"ECK120003368"	"ddpC"	"-"	1557038	1557934	897	"MOPS2h"	14	1.48610648915179	2	100	0	0.636566332218506	-Inf	"SD"	NA	NA
"ECK120003369"	"ddpB"	"-"	1557931	1558953	1023	"MOPS2h"	8	0.744609702985144	0	0	0	0.330400782013685	-Inf	"SD"	NA	NA
"ECK120003370"	"ddpA"	"-"	1558955	1560505	1551	"MOPS2h"	10	0.613906935971794	2	100	0	0.29464861379755	-Inf	"SD"	NA	NA
"ECK120003371"	"ddpX"	"-"	1560519	1561100	582	"MOPS2h"	1	0	0	0	0	0.0738831615120275	NA	"NO"	NA	NA
"ECK120003372"	"dosP"	"-"	1561358	1563757	2400	"MOPS2h"	16	0.634779771794836	11	141	0	0.335	-Inf	"SD"	NA	NA
"ECK120003373"	"dosC"	"-"	1563782	1565164	1383	"MOPS2h"	32	2.20314020579552	3	141	0	0.612436731742589	-Inf	"SD"	NA	NA
"ECK120003374"	"yddW"	"-"	1565528	1566847	1320	"MOPS2h"	265	19.1155272188218	13	206	0	0.999242424242424	-Inf	"SD"	NA	NA
"ECK120003375"	"gadC"	"-"	1566978	1568513	1536	"MOPS2h"	20	1.23980424178679	5	235	0	0.599609375	-Inf	"SD"	NA	NA
"ECK120003376"	"ydeM"	"-"	1577657	1578814	1158	"MOPS2h"	1	0	2	49	0	0.0699481865284974	NA	"NO"	NA	NA
"ECK120003377"	"ydeN"	"-"	1578866	1580548	1683	"MOPS2h"	6	0	10	100	70	0.141414141414141	Inf	"AD"	10	15.8730158730159
"ECK120003378"	"ydeO"	"-"	1580950	1581711	762	"MOPS2h"	7	0.874696535937766	0	0	0	0.280839895013123	-Inf	"SD"	NA	NA
"ECK120003379"	"safA"	"-"	1581786	1581983	198	"MOPS2h"	0	0	0	0	0	0	NA	"NO"	NA	NA
"ECK120003380"	"ydeP"	"-"	1582231	1584510	2280	"MOPS2h"	128	5.34551386774598	6	191	0	0.864912280701754	-Inf	"SD"	NA	NA
"ECK120003381"	"ydeQ"	"-"	1584844	1585758	915	"MOPS2h"	3	0	4	100	0	0.183606557377049	NA	"NO"	NA	NA
"ECK120003382"	"ydeR"	"-"	1585817	1586320	504	"MOPS2h"	4	0.755690204517661	4	234	0	0.420634920634921	-Inf	"SD"	NA	NA
"ECK120003383"	"ydeS"	"-"	1586333	1586863	531	"MOPS2h"	3	0.537948959148166	1	100	0	0.391713747645951	-Inf	"SD"	NA	NA
"ECK120003384"	"ydeT"	"-"	1586877	1588025	1149	"MOPS2h"	3	0	1	100	0	0.164490861618799	NA	"NO"	NA	NA
"ECK120003385"	"yneL"	"-"	1588381	1588560	180	"MOPS2h"	7	3.70288200213654	0	0	0	0.927777777777778	-Inf	"SD"	NA	NA
"ECK120003386"	"ydeU"	"-"	1590689	1592089	1401	"MOPS2h"	121	8.22359233267399	1	43	0	0.916488222698073	-Inf	"SD"	NA	NA
"ECK120003387"	"lsrK"	"-"	1596641	1598233	1593	"MOPS2h"	83	4.96108484547753	8	247	28.3400809716599	0.761456371625863	-1.82522880353404	"SD"	0	0
"ECK120003390"	"lsrC"	"+"	1601043	1602071	1029	"MOPS2h"	9	0.832801449876606	1	56	0	0.421768707482993	-Inf	"SD"	NA	NA
"ECK120003391"	"lsrD"	"+"	1602071	1603063	993	"MOPS2h"	6	0	2	100	0	0.225579053373615	NA	"NO"	NA	NA
"ECK120003392"	"lsrB"	"+"	1603075	1604097	1023	"MOPS2h"	5	0.465381064365715	3	94	0	0.440860215053763	-Inf	"SD"	1	2.7027027027027
"ECK120003393"	"lsrF"	"+"	1604124	1604999	876	"MOPS2h"	14	1.52173232964515	1	100	0	0.639269406392694	-Inf	"SD"	4	12.5
"ECK120003394"	"lsrG"	"+"	1605023	1605313	291	"MOPS2h"	7	2.29044247554838	2	41	0	0.780068728522337	-Inf	"SD"	NA	NA
"ECK120003397"	"yneF"	"-"	1608931	1609878	948	"MOPS2h"	49	4.92155202815616	8	121	66.1157024793388	0.895569620253165	-1.62104144098697	"SD"	NA	NA
"ECK120003398"	"yneG"	"-"	1609990	1610349	360	"MOPS2h"	15	3.96737357371772	27	520	51.9230769230769	1	0.444775157114601	"AD"	NA	NA
"ECK120003399"	"yneH"	"-"	1610349	1611275	927	"MOPS2h"	143	14.6882698004307	0	0	0	0.950377562028047	-Inf	"SD"	2	5.88235294117647
"ECK120003402"	"yneK"	"+"	1613787	1614902	1116	"MOPS2h"	3	0	1	54	0	0.114695340501792	NA	"NO"	NA	NA
"ECK120003403"	"ydfH"	"+"	1626376	1627062	687	"MOPS2h"	615	85.2378951209222	2	146	0	1	-Inf	"SD"	1	3.7037037037037
"ECK120003410"	"ydfN"	"-"	1632909	1633871	963	"MOPS2h"	1	0	3	59	0	0.0508826583592939	NA	"NO"	NA	NA
"ECK120003413"	"ynfN"	"-"	1635978	1636133	156	"MOPS2h"	0	0	0	0	0	0	NA	"NO"	NA	NA
"ECK120003414"	"cspI"	"-"	1636479	1636691	213	"MOPS2h"	3	1.34108402491867	0	0	0	0.413145539906103	-Inf	"SD"	NA	NA
"ECK120003415"	"ydfP"	"-"	1637054	1637551	498	"MOPS2h"	5	0.955993632221138	0	0	0	0.309236947791165	-Inf	"SD"	NA	NA
"ECK120003416"	"rrrQ"	"-"	1637548	1638081	534	"MOPS2h"	4	0.713235698645883	0	0	0	0.295880149812734	-Inf	"SD"	NA	NA
"ECK120003417"	"ydfR"	"-"	1638078	1638389	312	"MOPS2h"	9	2.74664324334304	1	60	0	0.705128205128205	-Inf	"SD"	NA	NA
"ECK120003418"	"essQ"	"-"	1638394	1638609	216	"MOPS2h"	2	0	0	0	0	0.166666666666667	NA	"NO"	NA	NA
"ECK120003420"	"ydfU"	"-"	1641279	1642328	1050	"MOPS2h"	11	0	7	208	28.8461538461538	0.228571428571429	Inf	"AD"	NA	NA
"ECK120003425"	"insD"	"+"	1648905	1649561	657	"MOPS2h"	3	0	0	0	0	0.0395738203957382	NA	"NO"	NA	NA
"ECK120003428"	"rspA"	"-"	1651951	1653165	1215	"MOPS2h"	8	0.626942984488726	15	208	28.8461538461538	0.37037037037037	0.936628253444276	"AD"	NA	NA
"ECK120003434"	"ynfE"	"+"	1656093	1658519	2427	"MOPS2h"	401	15.7321809944208	14	214	0	0.968273588792748	-Inf	"SD"	4	4.44444444444444
"ECK120003435"	"ynfF"	"+"	1658580	1661003	2424	"MOPS2h"	90	3.53528338252074	4	155	0	0.663778877887789	-Inf	"SD"	3	3.33333333333333
"ECK120003436"	"ynfG"	"+"	1661014	1661631	618	"MOPS2h"	14	2.15701864202129	1	100	0	0.645631067961165	-Inf	"SD"	NA	NA
"ECK120003437"	"ynfH"	"+"	1661633	1662487	855	"MOPS2h"	157	17.4842849424192	1	67	0	0.95906432748538	-Inf	"SD"	NA	NA
"ECK120003438"	"dmsD"	"+"	1662530	1663144	615	"MOPS2h"	126	19.5078661575974	1	66	0	1	-Inf	"SD"	2	8.69565217391304
"ECK120003441"	"mlc"	"-"	1665368	1666588	1221	"MOPS2h"	263	20.5094692852631	22	334	32.9341317365269	0.872235872235872	-3.22071473143763	"SD"	1	2.27272727272727
"ECK120003450"	"ydgI"	"+"	1677581	1678963	1383	"MOPS2h"	189	13.0122968404798	10	343	29.1545189504373	0.961677512653652	-2.70180373395324	"SD"	NA	NA
"ECK120003456"	"uidR"	"-"	1694486	1695076	591	"MOPS2h"	329	53.0057220610408	3	100	0	1	-Inf	"SD"	6	27.2727272727273
"ECK120003458"	"cnu"	"+"	1702973	1703188	216	"MOPS2h"	119	52.4574950302677	1	41	0	1	-Inf	"SD"	0	0
"ECK120003459"	"ydgK"	"+"	1703274	1703714	441	"MOPS2h"	336	72.5462596336955	0	0	0	1	-Inf	"SD"	0	0
"ECK120003460"	"rsxA"	"+"	1703791	1704372	582	"MOPS2h"	228	37.301491744645	0	0	0	1	-Inf	"SD"	0	0
"ECK120003461"	"rsxB"	"+"	1704372	1704950	579	"MOPS2h"	216	35.5213551056177	1	36	0	1	-Inf	"SD"	1	4.76190476190476
"ECK120003462"	"rsxC"	"+"	1704943	1707165	2223	"MOPS2h"	217	9.29468356811601	12	183	43.7158469945355	0.815114709851552	-2.53833384518751	"SD"	1	1.25
"ECK120003463"	"rsxD"	"+"	1707166	1708224	1059	"MOPS2h"	28	2.51754017142428	5	177	0	0.785646836638338	-Inf	"SD"	NA	NA
"ECK120003464"	"rsxG"	"+"	1708228	1708848	621	"MOPS2h"	22	3.37322584045565	1	52	0	0.714975845410628	-Inf	"SD"	0	0
"ECK120003465"	"rsxE"	"+"	1708852	1709547	696	"MOPS2h"	45	6.1562693385275	0	0	0	0.979885057471264	-Inf	"SD"	NA	NA
"ECK120003466"	"tppB"	"+"	1710793	1712295	1503	"MOPS2h"	109	6.90528893469432	2	96	0	0.949434464404524	-Inf	"SD"	NA	NA
"ECK120003473"	"ydhJ"	"+"	1719288	1720145	858	"MOPS2h"	60	6.658529074771	5	117	0	0.857808857808858	-Inf	"SD"	6	19.3548387096774
"ECK120003476"	"ydhF"	"-"	1722760	1723656	897	"MOPS2h"	104	11.0396482051276	0	0	0	0.94314381270903	-Inf	"SD"	7	20.5882352941176
"ECK120003479"	"nemA"	"+"	1724683	1725780	1098	"MOPS2h"	198	17.1702725157619	3	62	0	0.901639344262295	-Inf	"SD"	7	17.5
"ECK120003480"	"gloA"	"+"	1725861	1726268	408	"MOPS2h"	838	195.568179692674	0	0	0	1	-Inf	"SD"	1	6.66666666666667
"ECK120003484"	"ydhR"	"+"	1744724	1745029	306	"MOPS2h"	765	238.042414423063	0	0	0	1	-Inf	"SD"	2	18.1818181818182
"ECK120003487"	"ydhU"	"-"	1747587	1748372	786	"MOPS2h"	24	2.90738826776261	0	0	0	0.709923664122137	-Inf	"SD"	NA	NA
"ECK120003488"	"ydhX"	"-"	1748369	1749088	720	"MOPS2h"	12	1.58694942948709	8	260	26.9230769230769	0.377777777777778	-0.180829328103903	"SD"	NA	NA
"ECK120003489"	"ydhW"	"-"	1749101	1749748	648	"MOPS2h"	17	2.49797595382227	1	100	0	0.779320987654321	-Inf	"SD"	NA	NA
"ECK120003490"	"ydhV"	"-"	1749752	1751854	2103	"MOPS2h"	89	4.02962907915409	8	192	0	0.805515929624346	-Inf	"SD"	0	0
"ECK120003491"	"ydhY"	"-"	1751875	1752501	627	"MOPS2h"	530	80.486430395039	1	100	0	1	-Inf	"SD"	NA	NA
"ECK120003494"	"sufE"	"-"	1756898	1757314	417	"MOPS2h"	25	5.70845118520536	5	100	0	0.772182254196643	-Inf	"SD"	1	6.25
"ECK120003495"	"sufS"	"-"	1757327	1758547	1221	"MOPS2h"	42	3.27527646380628	7	258	0	0.81981981981982	-Inf	"SD"	NA	NA
"ECK120003496"	"sufD"	"-"	1758544	1759815	1272	"MOPS2h"	24	1.79654652394765	2	40	0	0.661163522012579	-Inf	"SD"	NA	NA
"ECK120003497"	"sufC"	"-"	1759790	1760536	747	"MOPS2h"	24	3.05917962310764	2	103	0	0.891566265060241	-Inf	"SD"	3	10.7142857142857
"ECK120003498"	"sufB"	"-"	1760546	1762033	1488	"MOPS2h"	50	3.19949481751429	1	100	0	0.591397849462366	-Inf	"SD"	NA	NA
"ECK120003499"	"ydiH"	"-"	1762958	1763227	270	"MOPS2h"	174	61.3620446068341	0	0	0	1	-Inf	"SD"	0	0
"ECK120003500"	"menI"	"-"	1763246	1763656	411	"MOPS2h"	160	37.0674319296254	1	40	0	1	-Inf	"SD"	4	26.6666666666667
"ECK120003503"	"ydiL"	"+"	1768639	1768995	357	"MOPS2h"	5	1.33357094914881	0	0	0	0.30812324929972	-Inf	"SD"	0	0
"ECK120003504"	"ydiM"	"+"	1769095	1770309	1215	"MOPS2h"	6	0	4	167	0	0.0946502057613169	NA	"NO"	NA	NA
"ECK120003505"	"ydiN"	"+"	1770536	1771801	1266	"MOPS2h"	2	0	1	54	0	0.101895734597156	NA	"NO"	NA	NA
"ECK120003509"	"ydiR"	"+"	1778425	1779363	939	"MOPS2h"	13	1.31823275292857	2	44	0	0.638977635782748	-Inf	"SD"	NA	NA
"ECK120003510"	"ydiS"	"+"	1779419	1780708	1290	"MOPS2h"	24	1.77147843291582	0	0	0	0.602325581395349	-Inf	"SD"	NA	NA
"ECK120003511"	"ydiT"	"+"	1780705	1780998	294	"MOPS2h"	10	3.23867230507569	0	0	0	1	-Inf	"SD"	NA	NA
"ECK120003513"	"ydiV"	"-"	1789331	1790044	714	"MOPS2h"	89	11.8687814474244	7	230	0	0.878151260504202	-Inf	"SD"	NA	NA
"ECK120003515"	"arpB_2"	"+"	1801602	1803017	1416	"MOPS2h"	3	0	3	114	0	0.170197740112994	NA	"NO"	NA	NA
"ECK120003517"	"ydiZ"	"+"	1805424	1805714	291	"MOPS2h"	114	37.301491744645	5	200	0	1	-Inf	"SD"	NA	NA
"ECK120003521"	"ydjM"	"+"	1808235	1808825	591	"MOPS2h"	3	0.483334851620433	0	0	0	0.429780033840948	-Inf	"SD"	NA	NA
"ECK120003527"	"spy"	"-"	1823164	1823649	486	"MOPS2h"	67	13.1266187377327	3	110	0	0.940329218106996	-Inf	"SD"	NA	NA
"ECK120003528"	"astE"	"-"	1823979	1824947	969	"MOPS2h"	9	0.88436810311974	0	0	0	0.5562435500516	-Inf	"SD"	NA	NA
"ECK120003529"	"astB"	"-"	1824940	1826283	1344	"MOPS2h"	14	0.991843393429431	2	64	0	0.505208333333333	-Inf	"SD"	NA	NA
"ECK120003530"	"astD"	"-"	1826280	1827758	1479	"MOPS2h"	20	1.28758574400575	1	100	0	0.645706558485463	-Inf	"SD"	NA	NA
"ECK120003531"	"astA"	"-"	1827755	1828789	1035	"MOPS2h"	6	0.551982410256379	1	39	0	0.316908212560386	-Inf	"SD"	NA	NA
"ECK120003533"	"ydjX"	"+"	1831425	1832135	711	"MOPS2h"	46	6.16031002163765	5	136	0	0.866385372714487	-Inf	"SD"	NA	NA
"ECK120003534"	"ydjY"	"+"	1832140	1832817	678	"MOPS2h"	41	5.75795810698855	0	0	0	0.927728613569322	-Inf	"SD"	3	12.5
"ECK120003535"	"ydjZ"	"+"	1832832	1833539	708	"MOPS2h"	26	3.49666823446308	0	0	0	0.590395480225989	-Inf	"SD"	1	3.84615384615385
"ECK120003536"	"ynjA"	"+"	1833539	1834087	549	"MOPS2h"	63	10.9265370554849	2	45	0	1	-Inf	"SD"	1	4.76190476190476
"ECK120003537"	"ynjB"	"+"	1834097	1835263	1167	"MOPS2h"	125	10.1989037884774	0	0	0	0.963153384747215	-Inf	"SD"	3	6.97674418604651
"ECK120003538"	"ynjC"	"+"	1835281	1836771	1491	"MOPS2h"	66	4.21483550688724	0	0	0	0.788732394366197	-Inf	"SD"	NA	NA
"ECK120003539"	"ynjD"	"+"	1836771	1837424	654	"MOPS2h"	58	8.44431806516066	0	0	0	0.773700305810398	-Inf	"SD"	NA	NA
"ECK120003545"	"ydjF"	"-"	1852120	1852878	759	"MOPS2h"	22	2.75991205128189	0	0	0	0.870882740447958	-Inf	"SD"	3	10.7142857142857
"ECK120003546"	"ydjG"	"-"	1853015	1853995	981	"MOPS2h"	22	2.1353447980866	0	0	0	0.716615698267074	-Inf	"SD"	1	2.77777777777778
"ECK120003547"	"ydjH"	"-"	1854005	1854952	948	"MOPS2h"	3	0	1	100	0	0.175105485232068	NA	"NO"	NA	NA
"ECK120003548"	"ydjI"	"-"	1854957	1855793	837	"MOPS2h"	5	0.568799078669207	1	52	0	0.318996415770609	-Inf	"SD"	NA	NA
"ECK120003549"	"ydjJ"	"-"	1855814	1856857	1044	"MOPS2h"	5	0.456019951002037	0	0	0	0.263409961685824	-Inf	"SD"	NA	NA
"ECK120003550"	"ydjK"	"-"	1856874	1858253	1380	"MOPS2h"	6	0.413986807692284	1	42	0	0.285507246376812	-Inf	"SD"	NA	NA
"ECK120003551"	"ydjL"	"-"	1858280	1859356	1077	"MOPS2h"	5	0.4420471948432	4	142	0	0.260909935004643	-Inf	"SD"	NA	NA
"ECK120003552"	"yeaC"	"-"	1859726	1859998	273	"MOPS2h"	668	232.985103054368	0	0	0	1	-Inf	"SD"	NA	NA
"ECK120003557"	"yeaH"	"+"	1866979	1868262	1284	"MOPS2h"	25	1.85391288491482	8	143	0	0.667445482866044	-Inf	"SD"	NA	NA
"ECK120003558"	"yeaI"	"+"	1868409	1869884	1476	"MOPS2h"	5	0	2	46	0	0.155826558265583	NA	"NO"	NA	NA
"ECK120003569"	"yoaG"	"-"	1877427	1877609	183	"MOPS2h"	2	1.04062257671285	0	0	0	0.480874316939891	-Inf	"SD"	NA	NA
"ECK120003570"	"yeaR"	"-"	1877613	1877972	360	"MOPS2h"	1	0	0	0	0	0.230555555555556	NA	"NO"	NA	NA
"ECK120003571"	"leuE"	"-"	1878145	1878783	639	"MOPS2h"	80	11.9207468881659	4	287	0	1	-Inf	"SD"	NA	NA
"ECK120003574"	"yeaV"	"+"	1881212	1882657	1446	"MOPS2h"	2	0	1	48	0	0.138312586445367	NA	"NO"	NA	NA
"ECK120003575"	"yeaW"	"+"	1882689	1883813	1125	"MOPS2h"	2	0	1	93	0	0.0728888888888889	NA	"NO"	NA	NA
"ECK120003577"	"yeaY"	"-"	1887975	1888556	582	"MOPS2h"	118	19.3051580081935	2	97	0	1	-Inf	"SD"	1	4.76190476190476
"ECK120003578"	"tsaB"	"-"	1888596	1889291	696	"MOPS2h"	502	68.6766046209068	1	43	0	1	-Inf	"SD"	5	20
"ECK120003585"	"yobD"	"+"	1902825	1903283	459	"MOPS2h"	63	13.0689953016584	1	100	0	1	-Inf	"SD"	NA	NA
"ECK120003587"	"yobF"	"-"	1905472	1905615	144	"MOPS2h"	467	308.793909821029	8	177	45.1977401129944	1	-7.59242858403737	"SD"	NA	NA
"ECK120003588"	"yebO"	"-"	1906285	1906572	288	"MOPS2h"	228	75.3800979006367	1	50	0	1	-Inf	"SD"	0	0
"ECK120003594"	"yebT"	"+"	1915534	1918167	2634	"MOPS2h"	265	9.57953528050293	17	110	118.181818181818	0.963933181473045	-1.88144404682298	"SD"	0	0
"ECK120003595"	"rsmF"	"+"	1918247	1919686	1440	"MOPS2h"	122	8.06699293322604	3	45	0	0.972916666666667	-Inf	"SD"	5	9.43396226415094
"ECK120003596"	"yebV"	"+"	1919804	1920040	237	"MOPS2h"	36	14.4633365725406	3	100	0	1	-Inf	"SD"	NA	NA
"ECK120003599"	"yebY"	"-"	1921389	1921730	342	"MOPS2h"	960	267.275693387299	153	654	233.94495412844	1	-3.12672508379999	"SD"	3	25
"ECK120003600"	"yebZ"	"-"	1921743	1922615	873	"MOPS2h"	475	51.807627423118	1	72	0	1	-Inf	"SD"	NA	NA
"ECK120003602"	"yobB"	"+"	1923464	1924120	657	"MOPS2h"	71	10.289809086172	2	71	0	1	-Inf	"SD"	NA	NA
"ECK120003606"	"yecN"	"+"	1950290	1950685	396	"MOPS2h"	177	42.5590983362447	1	48	0	1	-Inf	"SD"	NA	NA
"ECK120003607"	"cmoA"	"+"	1950726	1951469	744	"MOPS2h"	277	35.4504025780584	4	76	0	1	-Inf	"SD"	7	25
"ECK120003610"	"torY"	"-"	1955056	1956156	1101	"MOPS2h"	18	0	4	77	0	0.114441416893733	NA	"NO"	NA	NA
"ECK120003611"	"cutC"	"-"	1956544	1956984	441	"MOPS2h"	89	19.2161223434491	0	0	0	1	-Inf	"SD"	5	18.5185185185185
"ECK120003615"	"flhB"	"-"	1963067	1964215	1149	"MOPS2h"	11	0.911563640958641	0	0	0	0.318537859007833	-Inf	"SD"	NA	NA
"ECK120003616"	"insB-5"	"-"	1976542	1977045	504	"MOPS2h"	0	0	0	0	0	0	NA	"NO"	NA	NA
"ECK120003623"	"yecS"	"-"	1995835	1996503	669	"MOPS2h"	434	61.7700495423674	2	58	0	1	-Inf	"SD"	2	8
"ECK120003624"	"dcyD"	"-"	1996518	1997504	987	"MOPS2h"	577	55.6638188944711	0	0	0	1	-Inf	"SD"	4	11.4285714285714
"ECK120003625"	"fliY"	"-"	1997609	1998409	801	"MOPS2h"	2347	278.994030786981	0	0	0	1	-Inf	"SD"	53	182.758620689655
"ECK120003628"	"yedN_1"	"-"	2009573	2009893	321	"MOPS2h"	0	0	0	0	0	0	NA	"NO"	NA	NA
"ECK120003636"	"yodC"	"-"	2026212	2026394	183	"MOPS2h"	109	56.7139304308501	0	0	0	1	-Inf	"SD"	NA	NA
"ECK120003638"	"yedS_1"	"+"	2032075	2032560	486	"MOPS2h"	17	3.33063460509636	0	0	0	0.611111111111111	-Inf	"SD"	NA	NA
"ECK120003639"	"yedS_2"	"+"	2032570	2032779	210	"MOPS2h"	5	2.26707061355298	2	70	0	0.852380952380952	-Inf	"SD"	NA	NA
"ECK120003640"	"yedS_3"	"+"	2032863	2033267	405	"MOPS2h"	6	1.41062171509963	9	326	24.5398773006135	0.496296296296296	0.18174075128081	"AD"	NA	NA
"ECK120003645"	"yedY"	"+"	2037502	2038506	1005	"MOPS2h"	95	9.00060870455364	4	59	0	0.980099502487562	-Inf	"SD"	1	2.7027027027027
"ECK120003646"	"yedZ"	"+"	2038507	2039142	636	"MOPS2h"	36	5.38963957184294	4	124	0	0.952830188679245	-Inf	"SD"	NA	NA
"ECK120003647"	"zinT"	"+"	2039399	2040049	651	"MOPS2h"	2	0	0	0	0	0.122887864823349	NA	"NO"	NA	NA
"ECK120003665"	"yeeP"	"+"	2068810	2069235	426	"MOPS2h"	12	2.68216804983733	46	543	84.7145488029466	0.7981220657277	1.77823422979167	"AD"	NA	NA
"ECK120003666"	"flu"	"+"	2069563	2072682	3120	"MOPS2h"	4259	129.977261926644	32	608	50.9868421052632	1	-4.38984723618387	"SD"	25	23.3644859813084
"ECK120003667"	"yeeR"	"+"	2072803	2074335	1533	"MOPS2h"	551	34.2234495361012	7	104	0	1	-Inf	"SD"	NA	NA
"ECK120003668"	"yeeS"	"+"	2074332	2074778	447	"MOPS2h"	132	28.1177617036639	8	255	27.4509803921569	0.706935123042506	-4.32798302188756	"SD"	NA	NA
"ECK120003669"	"yeeT"	"+"	2074841	2075062	222	"MOPS2h"	2	0.857810502425453	5	181	0	0.279279279279279	-Inf	"SD"	NA	NA
"ECK120003670"	"cbeA"	"+"	2075136	2075504	369	"MOPS2h"	0	0	12	611	19.6399345335516	0	Inf	"AD"	NA	NA
"ECK120003671"	"cbtA"	"+"	2075593	2075967	375	"MOPS2h"	2	0.507823817435868	8	185	43.2432432432432	0.368	1.65567193961322	"AD"	NA	NA
"ECK120003672"	"yeeW"	"+"	2075964	2076158	195	"MOPS2h"	31	15.1370560966461	0	0	0	0.805128205128205	-Inf	"SD"	NA	NA
"ECK120003674"	"yeeY"	"-"	2085353	2086282	930	"MOPS2h"	194	19.8624638271287	0	0	0	0.997849462365591	-Inf	"SD"	NA	NA
"ECK120003675"	"yeeZ"	"-"	2086328	2087152	825	"MOPS2h"	1115	128.687171918408	2	40	0	1	-Inf	"SD"	15	50
"ECK120003677"	"ugd"	"-"	2096471	2097637	1167	"MOPS2h"	10	0.815912303078195	15	247	40.4858299595142	0.342759211653813	1.29351399993732	"AD"	2	4.54545454545455
"ECK120003678"	"insH-7"	"-"	2099919	2100935	1017	"MOPS2h"	7	0	0	0	0	0.0422812192723697	NA	"NO"	NA	NA
"ECK120003679"	"galF"	"-"	2111458	2112351	894	"MOPS2h"	2840	302.478951660626	6	100	0	1	-Inf	"SD"	38	115.151515151515
"ECK120003680"	"wcaM"	"-"	2112526	2113920	1395	"MOPS2h"	19	1.29686189936579	4	100	0	0.392831541218638	-Inf	"SD"	NA	NA
"ECK120003681"	"wcaL"	"-"	2113931	2115151	1221	"MOPS2h"	37	2.88536259906743	4	125	0	0.711711711711712	-Inf	"SD"	NA	NA
"ECK120003682"	"wcaK"	"-"	2115148	2116428	1281	"MOPS2h"	4	0.29732073620367	7	268	0	0.271662763466042	-Inf	"SD"	NA	NA
"ECK120003683"	"wzxC"	"-"	2116704	2118182	1479	"MOPS2h"	3	0	1	95	0	0.120351588911427	NA	"NO"	NA	NA
"ECK120003684"	"wcaJ"	"-"	2118184	2119578	1395	"MOPS2h"	3	0	0	0	0	0.172759856630824	NA	"NO"	NA	NA
"ECK120003685"	"wcaF"	"-"	2126364	2126912	549	"MOPS2h"	1	0	0	0	0	0.0327868852459016	NA	"NO"	NA	NA
"ECK120003686"	"wcaE"	"-"	2126928	2127674	747	"MOPS2h"	1	0	0	0	0	0.0910307898259705	NA	"NO"	NA	NA
"ECK120003687"	"wcaD"	"-"	2127685	2128902	1218	"MOPS2h"	1	0	0	0	0	0.0377668308702791	NA	"NO"	NA	NA
"ECK120003688"	"wcaC"	"-"	2128877	2130094	1218	"MOPS2h"	2	0	3	49	0	0.0804597701149425	NA	"NO"	NA	NA
"ECK120003689"	"wcaB"	"-"	2130091	2130579	489	"MOPS2h"	0	0	1	100	0	0	NA	"NO"	NA	NA
"ECK120003690"	"wcaA"	"-"	2130582	2131421	840	"MOPS2h"	4	0	2	100	0	0.20952380952381	NA	"NO"	NA	NA
"ECK120003691"	"wzc"	"-"	2131514	2133676	2163	"MOPS2h"	6	0	1	76	0	0.200184928340268	NA	"NO"	NA	NA
"ECK120003692"	"wzb"	"-"	2133679	2134122	444	"MOPS2h"	0	0	1	49	0	0	NA	"NO"	NA	NA
"ECK120003698"	"yegL"	"-"	2150493	2151152	660	"MOPS2h"	15	2.16402194930058	0	0	0	0.724242424242424	-Inf	"SD"	NA	NA
"ECK120003700"	"mdtB"	"+"	2153287	2156409	3123	"MOPS2h"	77	2.34764853161395	16	287	0	0.783221261607429	-Inf	"SD"	NA	NA
"ECK120003701"	"mdtC"	"+"	2156410	2159487	3078	"MOPS2h"	48	1.48486496326277	6	198	0	0.494801819363223	-Inf	"SD"	NA	NA
"ECK120003702"	"yegP"	"+"	2163213	2163545	333	"MOPS2h"	21	6.00467351697817	1	54	0	0.867867867867868	-Inf	"SD"	0	0
"ECK120003703"	"yegQ"	"+"	2163692	2165053	1362	"MOPS2h"	651	45.5111928896958	11	114	0	1	-Inf	"SD"	13	25.4901960784314
"ECK120003705"	"yegZ"	"-"	2165626	2165844	219	"MOPS2h"	1	0.434780665612901	3	147	0	0.337899543378995	-Inf	"SD"	NA	NA
"ECK120003706"	""	"-"	2165759	2166025	267	"MOPS2h"	3	1.06985354796882	3	147	0	0.382022471910112	-Inf	"SD"	NA	NA
"ECK120003711"	"gatZ"	"-"	2173081	2174343	1263	"MOPS2h"	2362	178.070049997554	4	69	0	1	-Inf	"SD"	74	157.446808510638
"ECK120003714"	"yegU"	"+"	2178117	2179121	1005	"MOPS2h"	29	2.7475542361269	2	109	0	0.886567164179105	-Inf	"SD"	1	2.77777777777778
"ECK120003717"	"yegX"	"-"	2180855	2181673	819	"MOPS2h"	31	3.60406097539192	8	298	26.8456375838926	0.673992673992674	-1.17155151451589	"SD"	NA	NA
"ECK120003718"	"thiD"	"-"	2181738	2182538	801	"MOPS2h"	44	5.23039512340314	9	298	26.8456375838926	0.868913857677903	-1.70884803199861	"SD"	0	0
"ECK120003722"	"yeiS"	"+"	2231622	2231861	240	"MOPS2h"	11	4.36411093108949	0	0	0	1	-Inf	"SD"	NA	NA
"ECK120003723"	"preT"	"+"	2232055	2233293	1239	"MOPS2h"	124	9.52938156205322	5	76	0	0.882970137207425	-Inf	"SD"	13	29.5454545454545
"ECK120003724"	"lpxT"	"+"	2266876	2267589	714	"MOPS2h"	18	2.40042770846787	0	0	0	0.696078431372549	-Inf	"SD"	1	3.7037037037037
"ECK120003725"	"mepS"	"+"	2268001	2268567	567	"MOPS2h"	1490	250.217423273626	5	202	0	1	-Inf	"SD"	NA	NA
"ECK120003726"	"rtn"	"+"	2268748	2270304	1557	"MOPS2h"	109	6.66579914505174	1	53	0	0.964033397559409	-Inf	"SD"	2	3.38983050847458
"ECK120003730"	"yfaQ"	"-"	2326170	2327819	1650	"MOPS2h"	14	0.807901527738882	5	86	0	0.318181818181818	-Inf	"SD"	NA	NA
"ECK120003731"	"yfaS_2"	"-"	2327820	2328305	486	"MOPS2h"	8	1.56735746122182	0	0	0	0.534979423868313	-Inf	"SD"	NA	NA
"ECK120003732"	"yfaS_1"	"-"	2328321	2332424	4104	"MOPS2h"	17	0	68	101	504.950495049505	0.212231968810916	Inf	"AD"	NA	NA
"ECK120003733"	"yfaT"	"-"	2332358	2332981	624	"MOPS2h"	6	0.915547747781013	2	100	0	0.594551282051282	-Inf	"SD"	NA	NA
"ECK120003735"	"yfaV"	"-"	2356885	2358174	1290	"MOPS2h"	20	1.47623202742985	1	100	0	0.5	-Inf	"SD"	NA	NA
"ECK120003736"	"yfaW"	"-"	2358231	2359448	1218	"MOPS2h"	3	0	3	68	0	0.138752052545156	NA	"NO"	NA	NA
"ECK120003737"	"yfaX"	"-"	2359451	2360233	783	"MOPS2h"	5	0.608026601336049	6	180	0	0.575989782886335	-Inf	"SD"	NA	NA
"ECK120003738"	"yfaY"	"-"	2360453	2361655	1203	"MOPS2h"	511	40.4454443126136	3	100	0	1	-Inf	"SD"	7	15.9090909090909
"ECK120003743"	"arnC"	"+"	2365093	2366061	969	"MOPS2h"	11	1.08089434825746	2	112	0	0.439628482972136	-Inf	"SD"	0	0
"ECK120003744"	"arnA"	"+"	2366061	2368043	1983	"MOPS2h"	113	5.42587853349595	17	244	32.7868852459016	0.684316691880988	-1.76178484595637	"SD"	0	0
"ECK120003745"	"arnD"	"+"	2368040	2368930	891	"MOPS2h"	31	3.3128237248552	1	100	0	0.845117845117845	-Inf	"SD"	NA	NA
"ECK120003746"	"arnT"	"+"	2368930	2370582	1653	"MOPS2h"	10	0.576025201265731	4	100	0	0.280096793708409	-Inf	"SD"	NA	NA
"ECK120003749"	"elaB"	"-"	2378744	2379049	306	"MOPS2h"	249	77.4804721455461	1	100	0	1	-Inf	"SD"	3	27.2727272727273
"ECK120003762"	"yfbT"	"-"	2409461	2410111	651	"MOPS2h"	392	57.3349471298561	2	100	0	1	-Inf	"SD"	4	17.3913043478261
"ECK120003763"	"yfbU"	"-"	2410122	2410616	495	"MOPS2h"	783	150.61592767132	0	0	0	1	-Inf	"SD"	14	70
"ECK120003767"	"yfcE"	"-"	2417256	2417810	555	"MOPS2h"	459	78.7470041226566	3	100	0	1	-Inf	"SD"	3	15
"ECK120003770"	"folX"	"+"	2419347	2419709	363	"MOPS2h"	1111	291.421622505811	3	134	0	1	-Inf	"SD"	3	21.4285714285714
"ECK120003776"	"epmC"	"-"	2442225	2442773	549	"MOPS2h"	299	51.8576917395235	2	104	0	1	-Inf	"SD"	2	9.52380952380952
"ECK120003779"	"yfcP"	"-"	2448073	2448612	540	"MOPS2h"	4	0	2	96	0	0.201851851851852	NA	"NO"	NA	NA
"ECK120003780"	"yfcQ"	"-"	2448609	2449097	489	"MOPS2h"	6	1.16830632845675	0	0	0	0.351738241308793	-Inf	"SD"	NA	NA
"ECK120003781"	"yfcR"	"-"	2449094	2449606	513	"MOPS2h"	5	0.928040602039233	0	0	0	0.53411306042885	-Inf	"SD"	NA	NA
"ECK120003782"	"yfcS"	"-"	2449606	2450358	753	"MOPS2h"	1	0	0	0	0	0.132802124833997	NA	"NO"	NA	NA
"ECK120003783"	"yfcT"	"-"	2450378	2451274	897	"MOPS2h"	3	0	0	0	0	0.21850613154961	NA	"NO"	NA	NA
"ECK120003784"	"yfcU"	"-"	2451287	2453023	1737	"MOPS2h"	33	1.8089578988972	6	58	0	0.554979850316638	-Inf	"SD"	NA	NA
"ECK120003785"	"yfcV"	"-"	2453105	2453668	564	"MOPS2h"	3	0.506473222176731	1	100	0	0.421985815602837	-Inf	"SD"	NA	NA
"ECK120003786"	"sixA"	"-"	2454349	2454834	486	"MOPS2h"	222	43.4941695489054	1	100	0	1	-Inf	"SD"	NA	NA
"ECK120003787"	"fadJ"	"-"	2455037	2457181	2145	"MOPS2h"	42	1.86438814093588	0	0	0	0.716083916083916	-Inf	"SD"	1	1.2987012987013
"ECK120003788"	"fadI"	"-"	2457181	2458491	1311	"MOPS2h"	17	1.23469749662611	2	99	0	0.418764302059497	-Inf	"SD"	2	4.25531914893617
"ECK120003793"	"intS"	"+"	2464567	2465724	1158	"MOPS2h"	48	3.94681723395753	22	134	119.402985074627	0.905008635578584	-0.302617808501946	"SD"	2	4.54545454545455
"ECK120003794"	"yfdG"	"+"	2465877	2466239	363	"MOPS2h"	121	31.7389885897418	3	79	0	1	-Inf	"SD"	NA	NA
"ECK120003795"	"yfdH"	"+"	2466236	2467156	921	"MOPS2h"	201	20.7802498584303	8	181	0	1	-Inf	"SD"	8	22.8571428571429
"ECK120003796"	"yfdI"	"+"	2467153	2468484	1332	"MOPS2h"	21	0	2	38	0	0.193693693693694	NA	"NO"	2	3.92156862745098
"ECK120003799"	"yfdL"	"-"	2469566	2470084	519	"MOPS2h"	2	0.36692472358083	0	0	0	0.373795761078998	-Inf	"SD"	NA	NA
"ECK120003800"	"yfdM"	"-"	2470134	2470409	276	"MOPS2h"	0	0	0	0	0	0	NA	"NO"	NA	NA
"ECK120003801"	"yfdN"	"-"	2470409	2470903	495	"MOPS2h"	0	0	0	0	0	0	NA	"NO"	NA	NA
"ECK120003804"	"yfdQ"	"+"	2472054	2472878	825	"MOPS2h"	5	0.577072519813487	1	100	0	0.261818181818182	-Inf	"SD"	NA	NA
"ECK120003805"	"yfdR"	"+"	2473006	2473542	537	"MOPS2h"	0	0	1	100	0	0	NA	"NO"	NA	NA
"ECK120003806"	"yfdS"	"+"	2473533	2473895	363	"MOPS2h"	1	0	0	0	0	0.0578512396694215	NA	"NO"	NA	NA
"ECK120003807"	"yfdT"	"+"	2473895	2474200	306	"MOPS2h"	8	2.48933243841112	2	100	0	0.996732026143791	-Inf	"SD"	NA	NA
"ECK120003810"	"yfdV"	"-"	2487264	2488208	945	"MOPS2h"	6	0.604552163614129	2	65	0	0.411640211640212	-Inf	"SD"	NA	NA
"ECK120003811"	"oxc"	"-"	2488278	2489972	1695	"MOPS2h"	14	0.786452814613071	1	72	0	0.448377581120944	-Inf	"SD"	0	0
"ECK120003812"	"frc"	"-"	2490026	2491276	1251	"MOPS2h"	6	0	1	57	0	0.244604316546763	NA	"NO"	0	0
"ECK120003819"	"ypdB"	"+"	2498405	2499139	735	"MOPS2h"	191	24.7434564107783	16	361	36.01108033241	1	-3.25046351594096	"SD"	1	3.44827586206897
"ECK120003822"	"ypdE"	"-"	2502532	2503569	1038	"MOPS2h"	5	0.458655904476037	0	0	0	0.298651252408478	-Inf	"SD"	NA	NA
"ECK120003823"	"ypdF"	"-"	2503569	2504654	1086	"MOPS2h"	2	0	2	43	0	0.135359116022099	NA	"NO"	NA	NA
"ECK120003824"	"fryC"	"-"	2504669	2505916	1248	"MOPS2h"	5	0.381478228242089	2	100	0	0.306089743589744	-Inf	"SD"	NA	NA
"ECK120003825"	"fryB"	"-"	2505938	2506264	327	"MOPS2h"	1	0	0	0	0	0.0642201834862385	NA	"NO"	NA	NA
"ECK120003832"	"zipA"	"-"	2528269	2529255	987	"MOPS2h"	1095	105.635843482575	3	95	0	1	-Inf	"SD"	2	5.55555555555556
"ECK120003838"	"murP"	"+"	2544695	2546119	1425	"MOPS2h"	46	3.07367047395394	15	181	38.6740331491713	0.492631578947368	-1.13453567582997	"SD"	NA	NA
"ECK120003841"	"yfeY"	"-"	2548663	2549238	576	"MOPS2h"	203	33.5573681443624	0	0	0	1	-Inf	"SD"	9	42.8571428571429
"ECK120003842"	"yfeZ"	"-"	2549299	2549748	450	"MOPS2h"	211	44.6461772829034	0	0	0	1	-Inf	"SD"	NA	NA
"ECK120003844"	"eutK"	"-"	2553250	2553750	501	"MOPS2h"	46	8.74247589897079	5	114	0	0.980039920159681	-Inf	"SD"	NA	NA
"ECK120003845"	"eutL"	"-"	2553763	2554422	660	"MOPS2h"	34	4.90511641841464	6	174	0	0.840909090909091	-Inf	"SD"	0	0
"ECK120003847"	"yffL"	"+"	2558279	2558920	642	"MOPS2h"	130	19.2806940031142	0	0	0	0.939252336448598	-Inf	"SD"	NA	NA
"ECK120003848"	"yffM"	"+"	2559390	2559635	246	"MOPS2h"	2	0.774121672920531	1	100	0	0.365853658536585	-Inf	"SD"	NA	NA
"ECK120003849"	"yffN"	"+"	2559632	2560015	384	"MOPS2h"	8	1.98368678685886	0	0	0	0.7265625	-Inf	"SD"	NA	NA
"ECK120003850"	"yffO"	"+"	2560133	2560549	417	"MOPS2h"	7	1.5983663318575	0	0	0	0.280575539568345	-Inf	"SD"	NA	NA
"ECK120003851"	"yffP"	"+"	2560546	2561139	594	"MOPS2h"	6	0.961787533022478	3	100	0	0.398989898989899	-Inf	"SD"	NA	NA
"ECK120003852"	"yffQ"	"+"	2561599	2561991	393	"MOPS2h"	36	8.72216480328782	0	0	0	0.463104325699746	-Inf	"SD"	NA	NA
"ECK120003853"	"yffR"	"+"	2562002	2562394	393	"MOPS2h"	157	38.0383298365608	0	0	0	1	-Inf	"SD"	1	6.66666666666667
"ECK120003856"	"eutH"	"-"	2564903	2566129	1227	"MOPS2h"	7	0.543210073663062	2	59	0	0.277098614506927	-Inf	"SD"	NA	NA
"ECK120003857"	"eutG"	"-"	2566346	2567533	1188	"MOPS2h"	6	0.480893766511239	0	0	0	0.293771043771044	-Inf	"SD"	NA	NA
"ECK120003858"	"eutJ"	"-"	2567523	2568359	837	"MOPS2h"	4	0.455039262935366	0	0	0	0.284348864994026	-Inf	"SD"	NA	NA
"ECK120003859"	"eutE"	"-"	2568370	2569773	1404	"MOPS2h"	5	0	1	75	0	0.235042735042735	NA	"NO"	NA	NA
"ECK120003860"	"eutN"	"-"	2569785	2570072	288	"MOPS2h"	3	0.991843393429431	0	0	0	0.284722222222222	-Inf	"SD"	NA	NA
"ECK120003861"	"eutM"	"-"	2570179	2570472	294	"MOPS2h"	25	8.09668076268923	1	65	0	0.894557823129252	-Inf	"SD"	NA	NA
"ECK120003862"	"eutD"	"-"	2570511	2571527	1017	"MOPS2h"	13	0	4	124	0	0.181907571288102	NA	"NO"	NA	NA
"ECK120003863"	"eutT"	"-"	2571524	2572327	804	"MOPS2h"	4	0.473716247608086	0	0	0	0.284825870646766	-Inf	"SD"	NA	NA
"ECK120003864"	"eutQ"	"-"	2572324	2573025	702	"MOPS2h"	2	0	3	76	0	0.192307692307692	NA	"NO"	NA	NA
"ECK120003865"	"eutP"	"-"	2573000	2573479	480	"MOPS2h"	0	0	0	0	0	0	NA	"NO"	NA	NA
"ECK120003866"	"eutS"	"-"	2573492	2573827	336	"MOPS2h"	3	0.850151480082369	0	0	0	0.610119047619048	-Inf	"SD"	NA	NA
"ECK120003870"	"tmcA"	"-"	2591866	2593881	2016	"MOPS2h"	186	8.78489862751781	0	0	0	0.919146825396825	-Inf	"SD"	0	0
"ECK120003871"	"ypfJ"	"-"	2593896	2594759	864	"MOPS2h"	291	32.0696030542183	0	0	0	1	-Inf	"SD"	1	3.2258064516129
"ECK120003872"	"hyfC"	"+"	2601869	2602816	948	"MOPS2h"	1	0	3	82	0	0.100210970464135	NA	"NO"	NA	NA
"ECK120003873"	"hyfD"	"+"	2602833	2604272	1440	"MOPS2h"	1	0	0	0	0	0.0173611111111111	NA	"NO"	NA	NA
"ECK120003874"	"hyfE"	"+"	2604284	2604934	651	"MOPS2h"	3	0	3	169	0	0.153609831029186	NA	"NO"	NA	NA
"ECK120003875"	"hyfF"	"+"	2604939	2606519	1581	"MOPS2h"	10	0	8	127	0	0.194813409234662	NA	"NO"	NA	NA
"ECK120003876"	"hyfG"	"+"	2606509	2608176	1668	"MOPS2h"	20	1.14169023704107	6	274	0	0.475419664268585	-Inf	"SD"	0	0
"ECK120003877"	"hyfH"	"+"	2608186	2608731	546	"MOPS2h"	10	1.74390047196383	5	167	0	0.657509157509158	-Inf	"SD"	NA	NA
"ECK120003878"	"hyfI"	"+"	2608728	2609486	759	"MOPS2h"	8	1.00360438228433	8	100	0	0.47562582345191	-Inf	"SD"	NA	NA
"ECK120003879"	"hyfJ"	"+"	2609479	2609892	414	"MOPS2h"	5	1.14996335470079	0	0	0	0.519323671497585	-Inf	"SD"	NA	NA
"ECK120003880"	"hyfR"	"+"	2609922	2611934	2013	"MOPS2h"	7	0	16	234	29.9145299145299	0.191256830601093	Inf	"AD"	NA	NA
"ECK120003888"	"yfgH"	"+"	2627814	2628332	519	"MOPS2h"	8	1.46769889432332	1	81	0	0.647398843930636	-Inf	"SD"	NA	NA
"ECK120003892"	"bamB"	"-"	2635496	2636674	1179	"MOPS2h"	1431	115.568683643564	3	101	0	1	-Inf	"SD"	4	9.52380952380952
"ECK120003893"	"yfgM"	"-"	2636685	2637305	621	"MOPS2h"	971	148.881922321929	0	0	0	1	-Inf	"SD"	10	45.4545454545455
"ECK120003894"	"pbpC"	"-"	2643035	2645347	2313	"MOPS2h"	69	2.84045423176677	4	102	0	0.769563337656723	-Inf	"SD"	NA	NA
"ECK120003896"	"iscU"	"-"	2657925	2658311	387	"MOPS2h"	1715	421.956321173699	2	132	0	1	-Inf	"SD"	3	21.4285714285714
"ECK120003897"	"iscS"	"-"	2658339	2659553	1215	"MOPS2h"	5293	414.801152112354	6	142	0	1	-Inf	"SD"	48	106.666666666667
"ECK120003898"	"iscR"	"-"	2659665	2660153	489	"MOPS2h"	579	112.741560696077	2	68	0	1	-Inf	"SD"	3	17.6470588235294
"ECK120003900"	"yfhR"	"+"	2662385	2663266	882	"MOPS2h"	3	0.323867230507569	5	100	0	0.285714285714286	-Inf	"SD"	NA	NA
"ECK120003904"	"hcaC"	"+"	2668930	2669250	321	"MOPS2h"	14	4.1527648622092	1	100	0	1	-Inf	"SD"	NA	NA
"ECK120003905"	"hcaB"	"+"	2669247	2670059	813	"MOPS2h"	71	8.31538077443419	1	43	0	0.907749077490775	-Inf	"SD"	NA	NA
"ECK120003906"	"hcaD"	"+"	2670069	2671271	1203	"MOPS2h"	89	7.0443141757781	1	97	0	0.832086450540316	-Inf	"SD"	NA	NA
"ECK120003909"	"yphC"	"-"	2672722	2673783	1062	"MOPS2h"	61	5.46914775133969	1	63	0	0.936911487758945	-Inf	"SD"	NA	NA
"ECK120003910"	"yphD"	"-"	2673849	2674847	999	"MOPS2h"	27	2.57343150727636	1	55	0	0.561561561561562	-Inf	"SD"	NA	NA
"ECK120003911"	"yphE"	"-"	2674872	2676383	1512	"MOPS2h"	21	1.32245785790591	8	94	0	0.484126984126984	-Inf	"SD"	NA	NA
"ECK120003912"	"yphF"	"-"	2676406	2677389	984	"MOPS2h"	4	0.387060836460266	2	100	0	0.285569105691057	-Inf	"SD"	NA	NA
"ECK120003915"	"glrK"	"-"	2687693	2689120	1428	"MOPS2h"	216	14.4025662508072	0	0	0	0.861344537815126	-Inf	"SD"	NA	NA
"ECK120003917"	"rseC"	"-"	2705344	2705823	480	"MOPS2h"	111	22.0189233341334	13	375	34.6666666666667	1	-3.08216039837052	"SD"	NA	NA
"ECK120003918"	"rseB"	"-"	2705820	2706776	957	"MOPS2h"	546	54.3244130720972	11	280	25	1	-5.27810195014625	"SD"	5	13.8888888888889
"ECK120003919"	"yfiP"	"+"	2717245	2717943	699	"MOPS2h"	42	5.72119107626247	8	275	21.8181818181818	0.733905579399142	-2.25328112245219	"SD"	NA	NA
"ECK120003920"	"pka"	"+"	2717975	2720635	2661	"MOPS2h"	264	9.44655353742032	7	78	0	0.868094701240135	-Inf	"SD"	4	4.08163265306122
"ECK120003928"	"yfjI"	"+"	2757007	2758416	1410	"MOPS2h"	2	0	1	100	0	0.0794326241134752	NA	"NO"	NA	NA
"ECK120003931"	"yfjL"	"-"	2761559	2763175	1617	"MOPS2h"	223	13.1313440733069	44	630	49.2063492063492	0.935683364254793	-1.08267447182979	"SD"	NA	NA
"ECK120003934"	"rnlB"	"+"	2765006	2765377	372	"MOPS2h"	547	140.009893214425	98	590	166.101694915254	1	-2.83660321333934	"SD"	NA	NA
"ECK120003935"	"yfjP"	"+"	2765732	2766595	864	"MOPS2h"	16	1.76327714387454	0	0	0	0.554398148148148	-Inf	"SD"	NA	NA
"ECK120003936"	"yfjQ"	"+"	2766687	2767508	822	"MOPS2h"	2	0	2	105	0	0.0839416058394161	NA	"NO"	NA	NA
"ECK120003937"	"yfjR"	"+"	2767725	2768426	702	"MOPS2h"	2	0	9	295	27.1186440677966	0.142450142450142	Inf	"AD"	NA	NA
"ECK120003938"	"ypjK"	"+"	2768467	2768703	237	"MOPS2h"	1	0.401759349237238	1	48	0	0.421940928270042	-Inf	"SD"	NA	NA
"ECK120003939"	"yfjS"	"+"	2768703	2769146	444	"MOPS2h"	20	4.28905251212727	1	76	0	0.416666666666667	-Inf	"SD"	NA	NA
"ECK120003942"	"ypjM_3"	"-"	2770189	2770707	519	"MOPS2h"	18	3.30232251222747	48	619	75.9289176090468	0.89402697495183	1.50917973282318	"AD"	NA	NA
"ECK120003943"	"ypjM_2"	"-"	2770858	2771058	201	"MOPS2h"	5	2.36858123804043	0	0	0	0.427860696517413	-Inf	"SD"	NA	NA
"ECK120003946"	"yfjX"	"+"	2773941	2774399	459	"MOPS2h"	0	0	6	290	0	0	NA	"NO"	NA	NA
"ECK120003947"	"yfjY"	"+"	2774408	2774890	483	"MOPS2h"	2	0	1	100	0	0.211180124223602	NA	"NO"	NA	NA
"ECK120003948"	"yfjZ"	"+"	2775137	2775454	318	"MOPS2h"	2	0	3	229	0	0.226415094339623	NA	"NO"	NA	NA
"ECK120003951"	"pinH"	"-"	2781087	2781230	144	"MOPS2h"	0	0	1	74	0	0	NA	"NO"	NA	NA
"ECK120003952"	"ypjB"	"-"	2781660	2782451	792	"MOPS2h"	4	0	1	36	0	0.23989898989899	NA	"NO"	NA	NA
"ECK120003958"	"ygaQ_2"	"+"	2784770	2785456	687	"MOPS2h"	1	0	3	115	0	0.0116448326055313	NA	"NO"	NA	NA
"ECK120003959"	"ygaQ_3"	"+"	2785664	2786260	597	"MOPS2h"	0	0	0	0	0	0	NA	"NO"	NA	NA
"ECK120003960"	"ygaQ_4"	"+"	2786399	2786671	273	"MOPS2h"	2	0.697560188785534	0	0	0	0.564102564102564	-Inf	"SD"	NA	NA
"ECK120003961"	"csiD"	"+"	2787007	2787984	978	"MOPS2h"	17	1.6551006319804	0	0	0	0.680981595092024	-Inf	"SD"	0	0
"ECK120003968"	"nrdH"	"+"	2798745	2798990	246	"MOPS2h"	17	6.58003421982451	0	0	0	1	-Inf	"SD"	NA	NA
"ECK120003969"	"nrdI"	"+"	2798987	2799397	411	"MOPS2h"	54	12.5102582762486	1	50	0	0.980535279805353	-Inf	"SD"	NA	NA
"ECK120003970"	"ygaX"	"+"	2806338	2806604	267	"MOPS2h"	1	0	1	100	0	0.0674157303370786	NA	"NO"	NA	NA
"ECK120003971"	"ygaY"	"+"	2806634	2807515	882	"MOPS2h"	9	0.971601691522707	20	220	36.3636363636364	0.430839002267574	0.719634998345184	"AD"	NA	NA
"ECK120003972"	"ygaZ"	"+"	2807639	2808376	738	"MOPS2h"	201	25.9330760428378	3	97	0	1	-Inf	"SD"	NA	NA
"ECK120003973"	"ygaH"	"+"	2808366	2808701	336	"MOPS2h"	36	10.2018177609884	4	228	0	0.973214285714286	-Inf	"SD"	0	0
"ECK120003974"	"yqaA"	"-"	2814534	2814962	429	"MOPS2h"	136	30.1853318056285	0	0	0	0.986013986013986	-Inf	"SD"	NA	NA
"ECK120003975"	"yqaB"	"-"	2814959	2815525	567	"MOPS2h"	186	31.2351951200633	2	101	0	1	-Inf	"SD"	2	9.52380952380952
"ECK120003976"	"pncC"	"-"	2821871	2822368	498	"MOPS2h"	119	22.7526484468631	0	0	0	1	-Inf	"SD"	9	50
"ECK120003983"	"ygbK"	"+"	2860357	2861523	1167	"MOPS2h"	8	0.652729842462556	14	103	67.9611650485437	0.375321336760925	1.10086892199493	"AD"	NA	NA
"ECK120003984"	"ygbL"	"+"	2861615	2862253	639	"MOPS2h"	10	1.49009336102074	1	79	0	0.765258215962441	-Inf	"SD"	NA	NA
"ECK120003985"	"ygbM"	"+"	2862258	2863034	777	"MOPS2h"	19	2.32834279229766	3	72	0	0.787644787644788	-Inf	"SD"	NA	NA
"ECK120003987"	"truD"	"-"	2868277	2869326	1050	"MOPS2h"	654	59.3065672505461	1	72	0	1	-Inf	"SD"	9	23.0769230769231
"ECK120003988"	"ispD"	"-"	2869802	2870512	711	"MOPS2h"	457	61.2013408671392	3	92	0	1	-Inf	"SD"	2	7.69230769230769
"ECK120003989"	"ftsB"	"-"	2870531	2870842	312	"MOPS2h"	168	51.2706738757367	0	0	0	1	-Inf	"SD"	NA	NA
"ECK120003990"	"cas1"	"-"	2876877	2877794	918	"MOPS2h"	53	5.49727580149122	0	0	0	0.860566448801743	-Inf	"SD"	NA	NA
"ECK120003991"	"casE"	"-"	2877810	2878409	600	"MOPS2h"	13	2.06303425833322	8	100	0	0.716666666666667	-Inf	"SD"	NA	NA
"ECK120003992"	"casD"	"-"	2878396	2879070	675	"MOPS2h"	33	4.65505165982879	5	100	0	0.933333333333333	-Inf	"SD"	NA	NA
"ECK120003993"	"casC"	"-"	2879073	2880164	1092	"MOPS2h"	10	0.871950235981917	2	96	0	0.514652014652015	-Inf	"SD"	NA	NA
"ECK120003994"	"casB"	"-"	2880177	2880659	483	"MOPS2h"	6	1.18281945054938	0	0	0	0.488612836438923	-Inf	"SD"	NA	NA
"ECK120003995"	"casA"	"-"	2880652	2882160	1509	"MOPS2h"	5	0	1	78	0	0.123923127899271	NA	"NO"	NA	NA
"ECK120003997"	"ygcN"	"+"	2890679	2891950	1272	"MOPS2h"	42	3.14395641690838	2	87	0	0.282232704402516	-Inf	"SD"	NA	NA
"ECK120003998"	"ygcO"	"+"	2891941	2892201	261	"MOPS2h"	8	2.91852768641304	1	100	0	0.850574712643678	-Inf	"SD"	NA	NA
"ECK120004001"	"ygcR"	"-"	2893798	2894577	780	"MOPS2h"	13	1.58694942948709	0	0	0	0.738461538461539	-Inf	"SD"	NA	NA
"ECK120004002"	"ygcS"	"-"	2894555	2895892	1338	"MOPS2h"	10	0.711636515465062	0	0	0	0.37593423019432	-Inf	"SD"	NA	NA
"ECK120004003"	"ygcU"	"-"	2895986	2897440	1455	"MOPS2h"	17	1.11250063098064	3	123	0	0.460481099656357	-Inf	"SD"	NA	NA
"ECK120004009"	"gudX"	"-"	2917428	2918768	1341	"MOPS2h"	36	2.55616015487853	1	100	0	0.793437733035048	-Inf	"SD"	0	0
"ECK120004010"	"gudP"	"-"	2918770	2920122	1353	"MOPS2h"	4	0	2	101	0	0.139689578713969	NA	"NO"	NA	NA
"ECK120004011"	"yqcA"	"-"	2920557	2921006	450	"MOPS2h"	180	38.0867863076901	1	83	0	1	-Inf	"SD"	3	18.75
"ECK120004012"	"truC"	"-"	2921024	2921806	783	"MOPS2h"	119	14.471033111798	1	100	0	1	-Inf	"SD"	0	0
"ECK120004013"	"yqcC"	"-"	2921806	2922135	330	"MOPS2h"	49	14.1382767354304	2	37	0	1	-Inf	"SD"	1	7.69230769230769
"ECK120004022"	"rppH"	"-"	2966469	2966999	531	"MOPS2h"	267	47.8774573641868	0	0	0	1	-Inf	"SD"	1	4.76190476190476
"ECK120004023"	"ygdQ"	"+"	2968442	2969155	714	"MOPS2h"	245	32.6724882541459	9	420	16.6666666666667	1	-4.54457759868589	"SD"	0	0
"ECK120004024"	"ygdR"	"+"	2969293	2969511	219	"MOPS2h"	351	152.608013630128	3	171	0	1	-Inf	"SD"	1	12.5
"ECK120004026"	"kduI"	"-"	2981310	2982146	837	"MOPS2h"	9	1.02383834160457	2	46	0	0.445639187574671	-Inf	"SD"	2	6.45161290322581
"ECK120004029"	"yqeH"	"+"	2985558	2986190	633	"MOPS2h"	13	1.95548270932058	0	0	0	0.519747235387046	-Inf	"SD"	NA	NA
"ECK120004030"	"yqeI"	"+"	2986524	2987333	810	"MOPS2h"	134	15.7519424852793	2	86	0	0.591358024691358	-Inf	"SD"	NA	NA
"ECK120004034"	"ygeG"	"+"	2989290	2989781	492	"MOPS2h"	1	0	0	0	0	0.107723577235772	NA	"NO"	NA	NA
"ECK120004035"	"ygeH"	"+"	2990116	2991492	1377	"MOPS2h"	3	0	3	69	0	0.166303558460421	NA	"NO"	NA	NA
"ECK120004036"	"ygeI"	"+"	2991660	2991878	219	"MOPS2h"	1	0	0	0	0	0.0547945205479452	NA	"NO"	NA	NA
"ECK120004039"	"ygeL"	"-"	2992959	2993114	156	"MOPS2h"	0	0	0	0	0	0	NA	"NO"	NA	NA
"ECK120004040"	"ygeM"	"-"	2993336	2993767	432	"MOPS2h"	6	1.32245785790591	0	0	0	0.384259259259259	-Inf	"SD"	NA	NA
"ECK120004041"	"ygeN"	"-"	2993770	2994042	273	"MOPS2h"	3	1.0463402831783	0	0	0	0.860805860805861	-Inf	"SD"	NA	NA
"ECK120004042"	"ygeO"	"-"	2993984	2994409	426	"MOPS2h"	2	0.447028008306222	0	0	0	0.300469483568075	-Inf	"SD"	NA	NA
"ECK120004043"	"insD-4"	"-"	2994394	2995299	906	"MOPS2h"	0	0	0	0	0	0	NA	"NO"	NA	NA
"ECK120004044"	"insC-4"	"-"	2995257	2995667	411	"MOPS2h"	3	0	0	0	0	0.0364963503649635	NA	"NO"	NA	NA
"ECK120004045"	"ygeP"	"-"	2995711	2996010	300	"MOPS2h"	31	9.83908646281995	0	0	0	0.99	-Inf	"SD"	NA	NA
"ECK120004046"	"ygeQ"	"-"	2996056	2996850	795	"MOPS2h"	19	2.27562559700035	8	121	0	0.820125786163522	-Inf	"SD"	NA	NA
"ECK120004049"	"xdhB"	"+"	3000636	3001514	879	"MOPS2h"	4	0.433296772556202	1	80	0	0.273037542662116	-Inf	"SD"	2	6.25
"ECK120004053"	"ygeX"	"+"	3005532	3006728	1197	"MOPS2h"	7	0.55682436122354	10	107	93.4579439252336	0.283208020050125	1.84470576400324	"AD"	0	0
"ECK120004054"	"ygeY"	"+"	3006786	3007997	1212	"MOPS2h"	10	0.785618529449054	0	0	0	0.378712871287129	-Inf	"SD"	7	15.5555555555556
"ECK120004055"	"hyuA"	"+"	3008050	3009435	1386	"MOPS2h"	4	0	1	100	0	0.134199134199134	NA	"NO"	NA	NA
"ECK120004060"	"ygfK"	"+"	3014082	3017180	3099	"MOPS2h"	12	0	18	121	0	0.216521458535011	NA	"NO"	3	2.58620689655172
"ECK120004061"	"ssnA"	"+"	3017183	3018511	1329	"MOPS2h"	3	0	1	100	0	0.122648607975922	NA	"NO"	1	2.04081632653061
"ECK120004062"	"ygfM"	"+"	3018562	3019341	780	"MOPS2h"	4	0.488292132149873	5	71	0	0.287179487179487	-Inf	"SD"	1	3.44827586206897
"ECK120004063"	"xdhD"	"+"	3019338	3022208	2871	"MOPS2h"	34	1.12761296975049	6	100	0	0.476837338906304	-Inf	"SD"	1	0.961538461538462
"ECK120004064"	"xanQ"	"+"	3022373	3023773	1401	"MOPS2h"	7	0	8	210	0	0.181299072091363	NA	"NO"	NA	NA
"ECK120004065"	"guaD"	"+"	3023788	3025107	1320	"MOPS2h"	50	3.60670324883429	7	149	0	0.818181818181818	-Inf	"SD"	NA	NA
"ECK120004078"	"scpB"	"+"	3062015	3062800	786	"MOPS2h"	10	1.21141177823442	1	45	0	0.486005089058524	-Inf	"SD"	NA	NA
"ECK120004081"	"yggP"	"-"	3074201	3075478	1278	"MOPS2h"	7	0.521532676357259	0	0	0	0.258215962441315	-Inf	"SD"	NA	NA
"ECK120004085"	"yqgE"	"+"	3090959	3091522	564	"MOPS2h"	1117	188.576863057136	2	128	0	1	-Inf	"SD"	7	33.3333333333333
"ECK120004089"	"yggT"	"+"	3093842	3094408	567	"MOPS2h"	357	59.9514228917345	4	116	0	1	-Inf	"SD"	2	9.52380952380952
"ECK120004090"	"yggU"	"+"	3094405	3094695	291	"MOPS2h"	117	38.2831099484514	0	0	0	1	-Inf	"SD"	0	0
"ECK120004091"	"rdgB"	"+"	3094703	3095296	594	"MOPS2h"	155	24.846177936414	2	100	0	1	-Inf	"SD"	1	4.76190476190476
"ECK120004093"	"yggX"	"+"	3102115	3102390	276	"MOPS2h"	998	344.299028397416	0	0	0	1	-Inf	"SD"	6	54.5454545454545
"ECK120004094"	"mltC"	"+"	3102455	3103534	1080	"MOPS2h"	164	14.4588725797713	6	121	0	0.961111111111111	-Inf	"SD"	NA	NA
"ECK120004097"	"yghE"	"-"	3109150	3110010	861	"MOPS2h"	10	1.10588810417219	241	439	542.141230068337	0.371660859465738	5.4276842500474	"AD"	NA	NA
"ECK120004098"	"yghF"	"-"	3110076	3110942	867	"MOPS2h"	5	0	2	102	0	0.21683967704729	NA	"NO"	NA	NA
"ECK120004099"	"yghG"	"-"	3111089	3111499	411	"MOPS2h"	9	2.08504304604143	0	0	0	0.632603406326034	-Inf	"SD"	NA	NA
"ECK120004100"	"pppA"	"-"	3111565	3112374	810	"MOPS2h"	26	3.05634704938254	1	100	0	0.672839506172839	-Inf	"SD"	NA	NA
"ECK120004101"	"yghJ"	"-"	3112572	3117134	4563	"MOPS2h"	331	6.9070382795559	8	126	0	0.905982905982906	-Inf	"SD"	0	0
"ECK120004102"	"glcA"	"-"	3117619	3119301	1683	"MOPS2h"	27	1.52754490538864	2	55	0	0.411170528817588	-Inf	"SD"	NA	NA
"ECK120004103"	"glcG"	"-"	3121849	3122253	405	"MOPS2h"	87	20.4540148689447	0	0	0	1	-Inf	"SD"	8	57.1428571428571
"ECK120004104"	"glcE"	"-"	3123492	3124544	1053	"MOPS2h"	18	1.62764044049958	0	0	0	0.592592592592593	-Inf	"SD"	1	2.63157894736842
"ECK120004110"	"yghR"	"-"	3130476	3131234	759	"MOPS2h"	8	1.00360438228433	1	35	0	0.575757575757576	-Inf	"SD"	NA	NA
"ECK120004114"	"hybO"	"-"	3143165	3144283	1119	"MOPS2h"	490	41.6946498900093	1	54	0	1	-Inf	"SD"	1	2.5
"ECK120004115"	"yghW"	"-"	3144472	3144759	288	"MOPS2h"	9	2.97553018028829	2	100	0	0.611111111111111	-Inf	"SD"	NA	NA
"ECK120004116"	"yghX_1"	"-"	3144878	3145288	411	"MOPS2h"	22	5.0967718903235	0	0	0	0.982968369829684	-Inf	"SD"	NA	NA
"ECK120004124"	"dkgA"	"+"	3154645	3155472	828	"MOPS2h"	51	5.86481310897402	1	49	0	0.894927536231884	-Inf	"SD"	5	16.1290322580645
"ECK120004125"	"yqhG"	"+"	3155672	3156598	927	"MOPS2h"	9	0.924436560866265	4	37	0	0.442286947141316	-Inf	"SD"	NA	NA
"ECK120004128"	"ygiS"	"-"	3164133	3165740	1608	"MOPS2h"	117	6.92810012126826	7	450	15.5555555555556	0.898009950248756	-2.3070329521169	"SD"	9	14.7540983606557
"ECK120004129"	"mqsA"	"-"	3165873	3166268	396	"MOPS2h"	1094	263.048890281648	0	0	0	1	-Inf	"SD"	2	13.3333333333333
"ECK120004130"	"mqsR"	"-"	3166270	3166566	297	"MOPS2h"	706	226.340666104623	0	0	0	1	-Inf	"SD"	NA	NA
"ECK120004131"	"ygiV"	"-"	3166771	3167253	483	"MOPS2h"	10	1.97136575091564	1	100	0	0.805383022774327	-Inf	"SD"	NA	NA
"ECK120004135"	"yqiA"	"-"	3173447	3174028	582	"MOPS2h"	456	74.60298348929	0	0	0	1	-Inf	"SD"	0	0
"ECK120004136"	"cpdA"	"-"	3174028	3174855	828	"MOPS2h"	494	56.808189722219	1	100	0	1	-Inf	"SD"	4	12.9032258064516
"ECK120004137"	"yqiB"	"-"	3174880	3175302	423	"MOPS2h"	428	96.3424618185069	5	163	0	1	-Inf	"SD"	0	0
"ECK120004139"	"insC-5"	"+"	3184164	3184574	411	"MOPS2h"	0	0	0	0	0	0	NA	"NO"	NA	NA
"ECK120004140"	"insD-5"	"+"	3184532	3185437	906	"MOPS2h"	0	0	1	100	0	0	NA	"NO"	NA	NA
"ECK120004141"	"yqiG"	"+"	3185422	3187887	2466	"MOPS2h"	22	0.849461981720583	14	76	0	0.267234387672344	-Inf	"SD"	NA	NA
"ECK120004142"	"yqiH"	"+"	3187903	3188652	750	"MOPS2h"	3	0	0	0	0	0.126666666666667	NA	"NO"	NA	NA
"ECK120004145"	"yqiK"	"+"	3190886	3192547	1662	"MOPS2h"	10	0.572905931222776	5	146	0	0.256919374247894	-Inf	"SD"	NA	NA
"ECK120004152"	"ygjJ"	"+"	3225823	3226893	1071	"MOPS2h"	1	0	1	83	0	0.0130718954248366	NA	"NO"	NA	NA
"ECK120004153"	"ygjK"	"+"	3226910	3229261	2352	"MOPS2h"	12	0.485800845761354	2	73	0	0.313775510204082	-Inf	"SD"	NA	NA
"ECK120004155"	"higB"	"-"	3232163	3232477	315	"MOPS2h"	214	64.6870815067118	0	0	0	0.942857142857143	-Inf	"SD"	NA	NA
"ECK120004158"	"ygjQ"	"+"	3234562	3235254	693	"MOPS2h"	3	0	0	0	0	0.246753246753247	NA	"NO"	NA	NA
"ECK120004159"	"ygjR"	"+"	3235315	3236319	1005	"MOPS2h"	94	8.90586545503202	1	49	0	0.989054726368159	-Inf	"SD"	2	5.55555555555556
"ECK120004160"	"alx"	"+"	3236602	3237567	966	"MOPS2h"	12	1.18281945054938	0	0	0	0.549689440993789	-Inf	"SD"	NA	NA
"ECK120004162"	"yqjA"	"+"	3245795	3246457	663	"MOPS2h"	336	48.2547518830463	0	0	0	0.968325791855204	-Inf	"SD"	2	8
"ECK120004163"	"mzrA"	"+"	3246461	3246844	384	"MOPS2h"	42	10.414355631009	3	178	0	1	-Inf	"SD"	NA	NA
"ECK120004164"	"yqjC"	"+"	3246991	3247359	369	"MOPS2h"	237	61.155612160722	0	0	0	1	-Inf	"SD"	1	7.14285714285714
"ECK120004165"	"yqjD"	"+"	3247397	3247702	306	"MOPS2h"	534	166.162940263942	0	0	0	1	-Inf	"SD"	2	18.1818181818182
"ECK120004166"	"yqjE"	"+"	3247705	3248109	405	"MOPS2h"	275	64.6534952753999	0	0	0	1	-Inf	"SD"	NA	NA
"ECK120004167"	"yqjK"	"+"	3248099	3248398	300	"MOPS2h"	288	91.4082871384563	0	0	0	1	-Inf	"SD"	NA	NA
"ECK120004168"	"yqjF"	"+"	3248584	3248976	393	"MOPS2h"	9	2.18054120082195	0	0	0	0.71501272264631	-Inf	"SD"	NA	NA
"ECK120004169"	"yqjG"	"+"	3249046	3250032	987	"MOPS2h"	87	8.39298482464296	1	56	0	0.886524822695035	-Inf	"SD"	1	2.7027027027027
"ECK120004170"	"yhaH"	"+"	3250326	3250691	366	"MOPS2h"	807	209.945604851817	1	100	0	1	-Inf	"SD"	NA	NA
"ECK120004176"	"tdcG"	"-"	3256307	3257671	1365	"MOPS2h"	403	28.111675608057	0	0	0	0.56043956043956	-Inf	"SD"	1	2.04081632653061
"ECK120004177"	"tdcF"	"-"	3257743	3258132	390	"MOPS2h"	5	1.22073033037468	0	0	0	0.433333333333333	-Inf	"SD"	6	42.8571428571429
"ECK120004178"	"tdcE"	"-"	3258146	3260440	2295	"MOPS2h"	38	1.57657721099371	1	66	0	0.534640522875817	-Inf	"SD"	10	11.6279069767442
"ECK120004182"	"agaV"	"+"	3278239	3278712	474	"MOPS2h"	1	0	2	63	0	0.210970464135021	NA	"NO"	2	11.7647058823529
"ECK120004183"	"agaW"	"+"	3278723	3279124	402	"MOPS2h"	4	0.947432495216172	0	0	0	0.527363184079602	-Inf	"SD"	NA	NA
"ECK120004184"	"agaS"	"+"	3279998	3281152	1155	"MOPS2h"	1	0	12	149	0	0.0502164502164502	NA	"NO"	NA	NA
"ECK120004185"	"agaD"	"+"	3283500	3284291	792	"MOPS2h"	6	0	5	141	0	0.184343434343434	NA	"NO"	NA	NA
"ECK120004186"	"agaI"	"+"	3284292	3285047	756	"MOPS2h"	16	2.01517387871376	2	99	0	0.794973544973545	-Inf	"SD"	NA	NA
"ECK120004187"	"yraH"	"+"	3285448	3286032	585	"MOPS2h"	8	1.30211235239966	0	0	0	0.552136752136752	-Inf	"SD"	NA	NA
"ECK120004188"	"yraI"	"+"	3286112	3286807	696	"MOPS2h"	2	0	4	183	0	0.14367816091954	NA	"NO"	NA	NA
"ECK120004193"	"yraN"	"+"	3293416	3293811	396	"MOPS2h"	208	50.0129517171689	1	75	0	1	-Inf	"SD"	NA	NA
"ECK120004203"	"yhbV"	"+"	3300511	3301389	879	"MOPS2h"	132	14.2987934943547	0	0	0	1	-Inf	"SD"	NA	NA
"ECK120004207"	"ibaG"	"-"	3334571	3334825	255	"MOPS2h"	422	157.574743351424	0	0	0	1	-Inf	"SD"	0	0
"ECK120004208"	"mlaB"	"-"	3334985	3335278	294	"MOPS2h"	228	73.8417285557258	1	53	0	1	-Inf	"SD"	1	9.09090909090909
"ECK120004209"	"mlaC"	"-"	3335278	3335913	636	"MOPS2h"	978	146.418541701733	0	0	0	1	-Inf	"SD"	14	58.3333333333333
"ECK120004210"	"kdsD"	"+"	3339288	3340274	987	"MOPS2h"	655	63.1885639096683	2	36	0	1	-Inf	"SD"	3	8.57142857142857
"ECK120004211"	"kdsC"	"+"	3340295	3340861	567	"MOPS2h"	607	101.934212031605	0	0	0	1	-Inf	"SD"	4	20
"ECK120004212"	"lptC"	"+"	3340858	3341433	576	"MOPS2h"	432	71.412724326919	0	0	0	1	-Inf	"SD"	0	0
"ECK120004213"	"lptA"	"+"	3341402	3341959	558	"MOPS2h"	484	82.5896262227689	11	400	27.5	1	-5.23038515257813	"SD"	4	20
"ECK120004217"	"yhcD"	"+"	3360829	3363210	2382	"MOPS2h"	16	0.639576596266837	46	568	26.4084507042254	0.354324097397145	2.22977344770261	"AD"	NA	NA
"ECK120004223"	"nanK"	"-"	3367497	3368372	876	"MOPS2h"	14	1.52173232964515	0	0	0	0.703196347031963	-Inf	"SD"	3	10
"ECK120004224"	"nanE"	"-"	3368369	3369058	690	"MOPS2h"	30	4.13986807692284	2	80	0	0.917391304347826	-Inf	"SD"	6	25
"ECK120004229"	"degQ"	"+"	3378765	3380132	1368	"MOPS2h"	496	34.5231103958595	1	100	0	1	-Inf	"SD"	13	27.6595744680851
"ECK120004232"	"aaeB"	"-"	3384243	3386210	1968	"MOPS2h"	38	1.83853897318626	7	290	0	0.628556910569106	-Inf	"SD"	NA	NA
"ECK120004233"	"aaeA"	"-"	3386216	3387148	933	"MOPS2h"	44	4.49040353038147	2	129	0	0.838156484458735	-Inf	"SD"	NA	NA
"ECK120004237"	"yhdP"	"-"	3390480	3394280	3801	"MOPS2h"	193	4.83474727531189	7	109	0	0.900289397526967	-Inf	"SD"	4	2.87769784172662
"ECK120004239"	"yhdT"	"+"	3405397	3405639	243	"MOPS2h"	28	10.9715022285527	0	0	0	1	-Inf	"SD"	NA	NA
"ECK120004241"	"yhdV"	"+"	3416412	3416633	222	"MOPS2h"	33	14.15387329002	0	0	0	1	-Inf	"SD"	NA	NA
"ECK120004244"	"tsaC"	"-"	3428865	3429437	573	"MOPS2h"	110	18.2789986642492	1	41	0	1	-Inf	"SD"	6	28.5714285714286
"ECK120004245"	"yrdD"	"-"	3429442	3429984	543	"MOPS2h"	339	59.4448460327208	4	159	0	1	-Inf	"SD"	NA	NA
"ECK120004248"	"gspD"	"+"	3454399	3456351	1953	"MOPS2h"	6	0	23	431	20.8816705336427	0.22068612391193	Inf	"AD"	NA	NA
"ECK120004249"	"gspE"	"+"	3456361	3457842	1482	"MOPS2h"	3	0	13	431	20.8816705336427	0.114035087719298	Inf	"AD"	NA	NA
"ECK120004250"	"gspF"	"+"	3457839	3459035	1197	"MOPS2h"	3	0	8	200	0	0.215538847117794	NA	"NO"	NA	NA
"ECK120004251"	"gspG"	"+"	3459045	3459482	438	"MOPS2h"	1	0	0	0	0	0.105022831050228	NA	"NO"	NA	NA
"ECK120004252"	"gspH"	"+"	3459490	3459999	510	"MOPS2h"	4	0.746799731523336	0	0	0	0.498039215686275	-Inf	"SD"	NA	NA
"ECK120004253"	"gspI"	"+"	3459996	3460373	378	"MOPS2h"	0	0	0	0	0	0	NA	"NO"	NA	NA
"ECK120004254"	"gspJ"	"+"	3460366	3460953	588	"MOPS2h"	1	0	2	100	0	0.170068027210884	NA	"NO"	NA	NA
"ECK120004255"	"gspK"	"+"	3460946	3461929	984	"MOPS2h"	2	0	14	123	0	0.15650406504065	NA	"NO"	NA	NA
"ECK120004256"	"gspL"	"+"	3461944	3463107	1164	"MOPS2h"	17	1.3906257887258	37	231	82.2510822510823	0.598797250859107	1.4502651693315	"AD"	NA	NA
"ECK120004257"	"tusB"	"-"	3472700	3472987	288	"MOPS2h"	84	27.7716150160241	1	65	0	1	-Inf	"SD"	1	9.09090909090909
"ECK120004258"	"tusC"	"-"	3472995	3473354	360	"MOPS2h"	62	16.3984774380333	2	70	0	1	-Inf	"SD"	0	0
"ECK120004259"	"tusD"	"-"	3473354	3473740	387	"MOPS2h"	258	63.4779771794836	0	0	0	1	-Inf	"SD"	0	0
"ECK120004260"	"yheO"	"-"	3473740	3474462	723	"MOPS2h"	310	40.8260849079666	2	52	0	1	-Inf	"SD"	1	3.7037037037037
"ECK120004263"	"yheT"	"+"	3481224	3482246	1023	"MOPS2h"	66	6.14303004962744	1	79	0	0.956011730205279	-Inf	"SD"	1	2.63157894736842
"ECK120004264"	"yheU"	"+"	3482240	3482458	219	"MOPS2h"	86	37.3911372427095	0	0	0	1	-Inf	"SD"	NA	NA
"ECK120004266"	"yhfL"	"+"	3497470	3497637	168	"MOPS2h"	140	79.3474714743544	0	0	0	1	-Inf	"SD"	NA	NA
"ECK120004267"	"frlB"	"+"	3499290	3500312	1023	"MOPS2h"	10	0.93076212873143	2	100	0	0.355816226783969	-Inf	"SD"	NA	NA
"ECK120004268"	"frlC"	"+"	3500362	3501192	831	"MOPS2h"	17	1.94788016615744	0	0	0	0.53309265944645	-Inf	"SD"	NA	NA
"ECK120004269"	"frlD"	"+"	3501189	3501974	786	"MOPS2h"	13	1.57483531170474	0	0	0	0.687022900763359	-Inf	"SD"	NA	NA
"ECK120004272"	"yhfT"	"-"	3504054	3505358	1305	"MOPS2h"	16	1.16741107456521	3	101	0	0.616858237547893	-Inf	"SD"	NA	NA
"ECK120004273"	"yhfU"	"-"	3505370	3505723	354	"MOPS2h"	4	1.07589791829633	13	291	44.6735395189003	0.440677966101695	1.27297042245407	"AD"	NA	NA
"ECK120004274"	"php"	"-"	3505734	3506612	879	"MOPS2h"	5	0.541620965695252	20	291	44.6735395189003	0.31740614334471	2.26315613262711	"AD"	NA	NA
"ECK120004275"	"yhfW"	"-"	3506609	3507835	1227	"MOPS2h"	3	0	3	100	0	0.121434392828036	NA	"NO"	NA	NA
"ECK120004276"	"yhfX"	"-"	3507835	3508998	1164	"MOPS2h"	3	0	0	0	0	0.0902061855670103	NA	"NO"	NA	NA
"ECK120004277"	"yhfY"	"-"	3509082	3509444	363	"MOPS2h"	12	3.14766828989175	0	0	0	0.652892561983471	-Inf	"SD"	NA	NA
"ECK120004278"	"yhfZ"	"-"	3509461	3510366	906	"MOPS2h"	58	6.09556734504975	0	0	0	0.964679911699779	-Inf	"SD"	NA	NA
"ECK120004279"	"hofP"	"-"	3518637	3519041	405	"MOPS2h"	8	1.88082895346618	0	0	0	0.901234567901235	-Inf	"SD"	NA	NA
"ECK120004280"	"hofO"	"-"	3519031	3519471	441	"MOPS2h"	2	0.431822974010092	0	0	0	0.27437641723356	-Inf	"SD"	NA	NA
"ECK120004281"	"hofN"	"-"	3519455	3519994	540	"MOPS2h"	8	1.41062171509963	0	0	0	0.766666666666667	-Inf	"SD"	NA	NA
"ECK120004285"	"yrfG"	"+"	3526691	3527359	669	"MOPS2h"	92	13.0941118845571	0	0	0	0.980568011958146	-Inf	"SD"	1	4
"ECK120004286"	"hslR"	"+"	3527370	3527771	402	"MOPS2h"	203	48.0821991322208	0	0	0	1	-Inf	"SD"	1	6.66666666666667
"ECK120004289"	"yhgF"	"+"	3535407	3537728	2322	"MOPS2h"	292	11.9738820002643	1	44	0	0.929371231696813	-Inf	"SD"	17	20
"ECK120004291"	"nfuA"	"+"	3543646	3544221	576	"MOPS2h"	372	61.4942903926247	0	0	0	1	-Inf	"SD"	5	23.8095238095238
"ECK120004296"	"yhhW"	"-"	3576973	3577668	696	"MOPS2h"	98	13.4069865594599	1	59	0	0.954022988505747	-Inf	"SD"	1	3.84615384615385
"ECK120004297"	"yhhX"	"-"	3577791	3578828	1038	"MOPS2h"	356	32.6563003986939	3	100	0	1	-Inf	"SD"	6	15.3846153846154
"ECK120004299"	"yhhZ"	"+"	3579886	3581064	1179	"MOPS2h"	5	0	3	55	0	0.229007633587786	NA	"NO"	NA	NA
"ECK120004300"	"yrhA"	"+"	3581064	3581477	414	"MOPS2h"	0	0	1	100	0	0	NA	"NO"	NA	NA
"ECK120004301"	"insA-6"	"+"	3581506	3581781	276	"MOPS2h"	0	0	0	0	0	0	NA	"NO"	NA	NA
"ECK120004302"	"insB-6"	"+"	3581700	3582203	504	"MOPS2h"	1	0	0	0	0	0.0694444444444444	NA	"NO"	NA	NA
"ECK120004307"	"insK"	"+"	3719177	3720072	896	"MOPS2h"	12	1.27522722012355	0	0	0	0.261160714285714	-Inf	"SD"	NA	NA
"ECK120004311"	"rffT"	"+"	3975548	3976627	1080	"MOPS2h"	92	8.1110748618229	0	0	0	0.953703703703704	-Inf	"SD"	NA	NA
"ECK120004314"	"tatA"	"+"	4019968	4020237	270	"MOPS2h"	716	252.501287002835	0	0	0	1	-Inf	"SD"	1	10
"ECK120004315"	"tatB"	"+"	4020241	4020756	516	"MOPS2h"	628	115.884214153243	0	0	0	1	-Inf	"SD"	2	11.1111111111111
"ECK120004320"	"phnE_2"	"-"	4320466	4320834	369	"MOPS2h"	0	0	4	193	0	0	NA	"NO"	NA	NA
"ECK120004321"	"yjcZ"	"+"	4327383	4328261	879	"MOPS2h"	39	4.22464353242297	3	187	0	0.992036405005688	-Inf	"SD"	10	30.3030303030303
"ECK120004323"	"dcuR"	"-"	4347338	4348057	720	"MOPS2h"	99	13.0923327932685	17	506	29.6442687747036	0.970833333333333	-2.12568777391144	"SD"	4	14.8148148148148
"ECK120004326"	"yjdJ"	"+"	4350108	4350380	273	"MOPS2h"	37	12.9048634925324	0	0	0	1	-Inf	"SD"	NA	NA
"ECK120004327"	"ghoS"	"+"	4350607	4350903	297	"MOPS2h"	5	1.60297922170413	2	56	0	0.447811447811448	-Inf	"SD"	NA	NA
"ECK120004334"	"yjeN"	"+"	4383416	4383730	315	"MOPS2h"	4	1.20910432722826	0	0	0	0.523809523809524	-Inf	"SD"	NA	NA
"ECK120004340"	"yjeT"	"+"	4402409	4402606	198	"MOPS2h"	92	44.242226519034	0	0	0	1	-Inf	"SD"	1	14.2857142857143
"ECK120004341"	"rlmB"	"+"	4407298	4408029	732	"MOPS2h"	578	75.1849811675031	3	91	0	1	-Inf	"SD"	5	18.5185185185185
"ECK120004342"	"yjfI"	"+"	4408156	4408557	402	"MOPS2h"	6	1.42114874282426	0	0	0	0.422885572139304	-Inf	"SD"	NA	NA
"ECK120004343"	"yjfJ"	"+"	4408576	4409274	699	"MOPS2h"	5	0.681094175745532	0	0	0	0.294706723891273	-Inf	"SD"	NA	NA
"ECK120004344"	"yjfK"	"+"	4409325	4409984	660	"MOPS2h"	1	0	1	63	0	0.0666666666666667	NA	"NO"	NA	NA
"ECK120004345"	"yjfL"	"+"	4410002	4410400	399	"MOPS2h"	0	0	0	0	0	0	NA	"NO"	NA	NA
"ECK120004346"	"yjfM"	"+"	4410410	4411048	639	"MOPS2h"	3	0	0	0	0	0.173708920187793	NA	"NO"	NA	NA
"ECK120004353"	"ulaD"	"+"	4420209	4420859	651	"MOPS2h"	17	2.48646454389682	0	0	0	0.860215053763441	-Inf	"SD"	0	0
"ECK120004354"	"ulaE"	"+"	4420869	4421723	855	"MOPS2h"	12	1.3363784669365	0	0	0	0.525146198830409	-Inf	"SD"	NA	NA
"ECK120004362"	"ytfF"	"-"	4430114	4431088	975	"MOPS2h"	17	1.66019324930957	0	0	0	0.585641025641026	-Inf	"SD"	NA	NA
"ECK120004378"	"tabA"	"+"	4472885	4473337	453	"MOPS2h"	185	38.8855158218691	0	0	0	1	-Inf	"SD"	7	41.1764705882353
"ECK120004386"	"idnR"	"-"	4488164	4489162	999	"MOPS2h"	24	2.28749467313454	27	210	95.2380952380952	0.481481481481481	0.806231616188601	"AD"	NA	NA
"ECK120004387"	"idnO"	"-"	4490610	4491374	765	"MOPS2h"	17	2.11593257264945	2	105	0	0.660130718954248	-Inf	"SD"	1	3.57142857142857
"ECK120004389"	"insC-6"	"+"	4496250	4496660	411	"MOPS2h"	1	0	0	0	0	0.0535279805352798	NA	"NO"	NA	NA
"ECK120004396"	"yjhC"	"+"	4503310	4504428	1119	"MOPS2h"	9	0.765820100020579	0	0	0	0.345844504021448	-Inf	"SD"	3	7.31707317073171
"ECK120004405"	"yjhG"	"-"	4520150	4522117	1968	"MOPS2h"	65	3.14486929623966	19	317	22.0820189274448	0.682418699186992	-1.16757323140164	"SD"	NA	NA
"ECK120004406"	"yjhH"	"-"	4522128	4523033	906	"MOPS2h"	22	2.31211175157059	5	66	0	0.876379690949227	-Inf	"SD"	0	0
"ECK120004407"	"yjhI"	"-"	4523038	4523826	789	"MOPS2h"	10	1.20680564980007	0	0	0	0.457541191381496	-Inf	"SD"	NA	NA
"ECK120004408"	"sgcR"	"-"	4524129	4524911	783	"MOPS2h"	14	1.70247448374094	11	193	46.6321243523316	0.581098339719029	0.0803637309057225	"AD"	NA	NA
"ECK120004409"	"sgcE"	"-"	4524928	4525560	633	"MOPS2h"	14	2.1059044561914	10	160	50	0.849921011058452	-0.396368078399289	"SD"	NA	NA
"ECK120004410"	"sgcQ"	"-"	4526134	4526940	807	"MOPS2h"	7	0.825921636164284	183	844	216.824644549763	0.360594795539033	5.46969493373419	"AD"	NA	NA
"ECK120004411"	"yjhP"	"-"	4530460	4531206	747	"MOPS2h"	34	4.33383779940249	1	67	0	0.937081659973226	-Inf	"SD"	1	3.7037037037037
"ECK120004412"	"yjhQ"	"-"	4531262	4531807	546	"MOPS2h"	35	6.10365165187342	1	35	0	0.622710622710623	-Inf	"SD"	NA	NA
"ECK120004415"	"nanM"	"-"	4535682	4536788	1107	"MOPS2h"	119	10.2356087863937	0	0	0	0.987353206865402	-Inf	"SD"	4	10
"ECK120004420"	"iadA"	"-"	4556377	4557549	1173	"MOPS2h"	425	34.4989006410237	1	100	0	1	-Inf	"SD"	15	36.5853658536585
"ECK120004421"	"yjiG"	"-"	4557562	4558023	462	"MOPS2h"	151	31.1206966042273	0	0	0	1	-Inf	"SD"	NA	NA
"ECK120004425"	"yjiK"	"-"	4560766	4561734	969	"MOPS2h"	6	0.58957873541316	16	190	73.6842105263158	0.39938080495356	2.2476704309815	"AD"	0	0
"ECK120004426"	"yjiL"	"-"	4561945	4562712	768	"MOPS2h"	35	4.33931484625376	5	231	0	0.8125	-Inf	"SD"	0	0
"ECK120004427"	"yjiM"	"-"	4562722	4563873	1152	"MOPS2h"	233	19.2582925557548	0	0	0	1	-Inf	"SD"	1	2.32558139534884
"ECK120004428"	"yjiN"	"-"	4563989	4565269	1281	"MOPS2h"	69	5.12878269951331	2	100	0	0.887587822014052	-Inf	"SD"	0	0
"ECK120004433"	"yjiT"	"+"	4570437	4571954	1518	"MOPS2h"	101	6.3352526631698	1	73	0	0.94729907773386	-Inf	"SD"	NA	NA
"ECK120004434"	"symE"	"-"	4577522	4577863	342	"MOPS2h"	5	1.39206090305885	0	0	0	0.552631578947368	-Inf	"SD"	NA	NA
"ECK120004435"	"yjiX"	"-"	4586899	4587102	204	"MOPS2h"	94	43.874484226996	1	93	0	0.941176470588235	-Inf	"SD"	NA	NA
"ECK120004444"	"yjjU"	"+"	4610434	4611507	1074	"MOPS2h"	117	10.3727979469268	2	100	0	1	-Inf	"SD"	NA	NA
"ECK120004450"	"cysT"	"-"	1989938	1990011	74	"MOPS2h"	532	684.532780935512	0	0	0	1	-Inf	"SD"	NA	NA
"ECK120004454"	""	"+"	732593	732814	222	"MOPS2h"	8	3.43124200970181	0	0	0	0.630630630630631	-Inf	"SD"	NA	NA
"ECK120004455"	"ydbA_2"	"+"	1468714	1472037	3324	"MOPS2h"	498	14.2653576874471	2	60	0	0.995487364620939	-Inf	"SD"	NA	NA
"ECK120004458"	"molR_2"	"+"	2195432	2197369	1938	"MOPS2h"	26	1.27742059339518	13	68	0	0.454592363261094	-Inf	"SD"	NA	NA
"ECK120004459"	"molR_3"	"+"	2197344	2198291	948	"MOPS2h"	3	0	0	0	0	0.121308016877637	NA	"NO"	NA	NA
"ECK120004461"	"ilvG_1"	"+"	3948583	3949566	984	"MOPS2h"	29288	2834.05944456206	0	0	0	1	-Inf	"SD"	NA	NA
"ECK120004465"	"dgoD"	"-"	3869873	3871021	1149	"MOPS2h"	25	2.07173554763328	2	56	0	0.787641427328111	-Inf	"SD"	NA	NA
"ECK120004466"	"rpe"	"-"	3512404	3513081	678	"MOPS2h"	563	79.0665954691355	6	373	16.0857908847185	1	-6.04196199399275	"SD"	14	56
"ECK120004467"	"thiM"	"-"	2182535	2183323	789	"MOPS2h"	24	2.89633355952016	0	0	0	0.681875792141952	-Inf	"SD"	0	0
"ECK120004470"	"mhpB"	"+"	369501	370445	945	"MOPS2h"	9	0	2	137	0	0.238095238095238	NA	"NO"	NA	NA
"ECK120004471"	"mhpC"	"+"	370463	371329	867	"MOPS2h"	12	1.31788187915883	14	167	65.8682634730539	0.517877739331027	0.739282455367949	"AD"	NA	NA
"ECK120004472"	"mhpD"	"+"	371339	372148	810	"MOPS2h"	11	1.293069905508	1	62	0	0.412345679012346	-Inf	"SD"	NA	NA
"ECK120004473"	"mhpF"	"+"	372145	373095	951	"MOPS2h"	18	1.80221386313991	0	0	0	0.534174553101998	-Inf	"SD"	NA	NA
"ECK120004474"	"hcaF"	"+"	2668412	2668930	519	"MOPS2h"	25	4.58655904476037	1	80	0	0.803468208092486	-Inf	"SD"	NA	NA
"ECK120004475"	"ruvA"	"-"	1943389	1944000	612	"MOPS2h"	282	43.874484226996	0	0	0	1	-Inf	"SD"	2	9.09090909090909
"ECK120015144"	"sgcB"	"-"	4528278	4528556	279	"MOPS2h"	1	0	6	191	31.413612565445	0.200716845878136	Inf	"AD"	NA	NA
"ECK120015304"	"ymgF"	"+"	1218206	1218424	219	"MOPS2h"	4	1.7391226624516	0	0	0	0.931506849315068	-Inf	"SD"	NA	NA
"ECK120016284"	"ykfH"	"-"	263250	263471	222	"MOPS2h"	0	0	0	0	0	0	NA	"NO"	NA	NA
"ECK120016285"	"ykgN"	"-"	279248	279586	339	"MOPS2h"	32	8.98803216700652	16	375	42.6666666666667	0.890855457227139	-1.48993338263368	"SD"	NA	NA
"ECK120016287"	"ylcG"	"+"	572953	573093	141	"MOPS2h"	2	1.35059525913795	0	0	0	0.368794326241135	-Inf	"SD"	NA	NA
"ECK120016289"	"ybdZ"	"+"	613165	613383	219	"MOPS2h"	1	0	0	0	0	0.223744292237443	NA	"NO"	NA	NA
"ECK120016292"	"ybfQ"	"+"	735668	735922	255	"MOPS2h"	0	0	0	0	0	0	NA	"NO"	NA	NA
"ECK120016293"	"cydX"	"+"	773419	773532	114	"MOPS2h"	690	576.313213866364	0	0	0	1	-Inf	"SD"	NA	NA
"ECK120016296"	"ymgH"	"+"	1222688	1222909	222	"MOPS2h"	0	0	1	100	0	0	NA	"NO"	NA	NA
"ECK120016297"	"ymjB"	"+"	1379813	1379926	114	"MOPS2h"	0	0	0	0	0	0	NA	"NO"	NA	NA
"ECK120016301"	"rzoR"	"+"	1421424	1421609	186	"MOPS2h"	1	0.511919170802287	0	0	0	0.327956989247312	-Inf	"SD"	NA	NA
"ECK120016310"	"yehK"	"+"	2201994	2202311	318	"MOPS2h"	0	0	0	0	0	0	NA	"NO"	NA	NA
"ECK120016312"	"arnE"	"+"	2370579	2370914	336	"MOPS2h"	4	1.13353530677649	5	192	0	0.44047619047619	-Inf	"SD"	NA	NA
"ECK120016313"	"ypdJ"	"+"	2474116	2474256	141	"MOPS2h"	6	4.05178577741384	1	65	0	1	-Inf	"SD"	NA	NA
"ECK120016316"	"ypjJ"	"+"	2774899	2775099	201	"MOPS2h"	0	0	0	0	0	0	NA	"NO"	NA	NA
"ECK120016318"	"yheV"	"-"	3476614	3476814	201	"MOPS2h"	164	77.6894646077261	0	0	0	1	-Inf	"SD"	0	0
"ECK120016322"	"yidD"	"+"	3882839	3883096	258	"MOPS2h"	431	159.064000955566	1	64	0	1	-Inf	"SD"	NA	NA
"ECK120016323"	"yifL"	"+"	3992545	3992748	204	"MOPS2h"	341	159.161692780911	4	193	0	1	-Inf	"SD"	0	0
"ECK120016327"	"ytjA"	"+"	4610133	4610312	180	"MOPS2h"	73	38.6157694508525	0	0	0	1	-Inf	"SD"	NA	NA
"ECK120016545"	"efeU_2"	"+"	1080677	1081408	732	"MOPS2h"	7	0.91054475462374	1	100	0	0.532786885245902	-Inf	"SD"	NA	NA
"ECK120016922"	"ymiA"	"+"	1333184	1333312	129	"MOPS2h"	88	64.9542092069134	0	0	0	1	-Inf	"SD"	NA	NA
"ECK120016923"	"yciX"	"+"	1333315	1333482	168	"MOPS2h"	147	83.3148450480722	0	0	0	1	-Inf	"SD"	NA	NA
"ECK120016925"	"yjhW"	"+"	4507574	4507816	243	"MOPS2h"	14	5.48575111427636	3	174	0	1	-Inf	"SD"	NA	NA
"ECK120023909"	"insEF-3"	"+"	566056	567227	1172	"MOPS2h"	3	0	0	0	0	0.0315699658703072	NA	"NO"	NA	NA
"ECK120023913"	"insAB-2"	"-"	278402	279099	698	"MOPS2h"	4	0	0	0	0	0.0515759312320917	NA	"NO"	NA	NA
"ECK120023915"	"insAB-5"	"-"	1976542	1977239	698	"MOPS2h"	0	0	0	0	0	0	NA	"NO"	NA	NA
"ECK120023916"	"insAB-6"	"+"	3581506	3582203	698	"MOPS2h"	1	0	0	0	0	0.0501432664756447	NA	"NO"	NA	NA
"ECK120023920"	"insCD-4"	"-"	2994394	2995667	1274	"MOPS2h"	3	0	0	0	0	0.0117739403453689	NA	"NO"	NA	NA
"ECK120023921"	"insCD-5"	"+"	3184164	3185437	1274	"MOPS2h"	0	0	1	100	0	0	NA	"NO"	NA	NA
"ECK120026444"	"yahH"	"+"	339017	339313	297	"MOPS2h"	0	0	0	0	0	0	NA	"NO"	NA	NA
"ECK120026445"	"ylbE_1"	"+"	547581	547841	261	"MOPS2h"	0	0	0	0	0	0	NA	"NO"	NA	NA
"ECK120026451"	"wbbL_2"	"-"	2099420	2099701	282	"MOPS2h"	86	29.0377980714659	5	64	0	1	-Inf	"SD"	NA	NA
"ECK120026454"	"yrhC"	"+"	3621910	3622155	246	"MOPS2h"	0	0	0	0	0	0	NA	"NO"	NA	NA
"ECK120026458"	"insB-7_1"	"+"	4516744	4517037	294	"MOPS2h"	9	2.91480507456812	0	0	0	0.67687074829932	-Inf	"SD"	NA	NA
"ECK120029856"	"uof"	"-"	709862	709948	87	"MOPS2h"	249	272.517522718817	0	0	0	1	-Inf	"SD"	NA	NA
"ECK120030068"	"ylcH"	"+"	571591	571692	102	"MOPS2h"	5	4.66749832202085	0	0	0	0.549019607843137	-Inf	"SD"	NA	NA
"ECK120030072"	"appX"	"+"	1039668	1039760	93	"MOPS2h"	21	21.500605173696	0	0	0	1	-Inf	"SD"	NA	NA
"ECK120030075"	"yciZ"	"-"	1342460	1342633	174	"MOPS2h"	817	447.081959962397	15	314	47.7707006369427	1	-7.21943302245846	"SD"	NA	NA
"ECK120030077"	"ydgU"	"+"	1669801	1669884	84	"MOPS2h"	0	0	7	181	38.6740331491713	0	Inf	"AD"	NA	NA
"ECK120030086"	"yrhD"	"+"	3582427	3582582	156	"MOPS2h"	3	1.83109549556203	0	0	0	0.512820512820513	-Inf	"SD"	NA	NA
"ECK120030091"	"ytcA"	"-"	4302151	4302426	276	"MOPS2h"	0	0	0	0	0	0	NA	"NO"	NA	NA
"ECK120033231"	"ykfL"	"-"	265777	265998	222	"MOPS2h"	0	0	1	100	0	0	NA	"NO"	NA	NA
"ECK120033232"	"ykfK"	"-"	266000	266191	192	"MOPS2h"	0	0	1	100	0	0	NA	"NO"	NA	NA
"ECK120035075"	"ibsA"	"-"	2151373	2151432	60	"MOPS2h"	4	6.34779771794836	16	205	78.0487804878049	0.866666666666667	-0.988184250161508	"SD"	NA	NA
"ECK120048853"	"ilvX"	"+"	3948530	3948580	51	"MOPS2h"	14687	27420.6191422081	0	0	0	1	-Inf	"SD"	NA	NA
"ECK120048855"	"yoeI"	"-"	2085076	2085138	63	"MOPS2h"	27	40.8072710439537	0	0	0	1	-Inf	"SD"	NA	NA
"ECK120048857"	"ymjD"	"-"	1388892	1388957	66	"MOPS2h"	2	0	0	0	0	0.166666666666667	NA	"NO"	NA	NA
"ECK120048863"	"yrbN"	"-"	3305875	3305955	81	"MOPS2h"	1051	1235.4695188081	0	0	0	1	-Inf	"SD"	NA	NA
"ECK120048868"	"yqfG"	"+"	3030839	3030964	126	"MOPS2h"	4	3.02276081807065	0	0	0	0.69047619047619	-Inf	"SD"	NA	NA
"ECK125121987"	"rpsP5"	"-"	2744205	2744454	250	"MOPS2h"	1163	442.949324758436	0	0	0	1	-Inf	"SD"	NA	NA
"ECK125121997"	"fimA3"	"+"	4541230	4541277	48	"MOPS2h"	1433	2842.62316556875	0	0	0	1	-Inf	"SD"	NA	NA
"ECK125121999"	"spy3"	"-"	1823084	1823131	48	"MOPS2h"	6	11.9021207211532	0	0	0	0.729166666666667	-Inf	"SD"	NA	NA
"ECK125122001"	"rpsI3"	"-"	3375389	3375473	85	"MOPS2h"	607	679.961155551997	0	0	0	1	-Inf	"SD"	NA	NA
"ECK125122003"	"glnA3"	"-"	4054007	4054201	195	"MOPS2h"	25	12.2073033037468	0	0	0	1	-Inf	"SD"	NA	NA
"ECK125122010"	"ryeF"	"-"	1956157	1956543	387	"MOPS2h"	18	0	0	0	0	0.209302325581395	NA	"NO"	NA	NA
"ECK125135293"	""	"+"	1298697	1298951	255	"MOPS2h"	359	134.050551808439	0	0	0	0.933333333333333	-Inf	"SD"	NA	NA
"ECK125135299"	""	"-"	2276280	2276520	241	"MOPS2h"	12	4.74109373124773	0	0	0	0.858921161825726	-Inf	"SD"	NA	NA
"ECK125135311"	""	"-"	4439248	4439353	106	"MOPS2h"	15	13.4740989296074	4	138	0	1	-Inf	"SD"	NA	NA
"ECK125145757"	"esrE"	"+"	4018001	4018252	252	"MOPS2h"	58	21.9150159310122	0	0	0	1	-Inf	"SD"	NA	NA
"ECK125146691"	"nc1"	"-"	296361	296528	168	"MOPS2h"	1	0.566767653388246	75	434	172.811059907834	0.583333333333333	4.72606126750462	"AD"	NA	NA
"ECK125158035"	"agrB"	"+"	3646317	3646400	84	"MOPS2h"	48	54.4096947252716	2	102	0	1	-Inf	"SD"	NA	NA
