"RegDbId"	"Gene"	"Strand"	"Start"	"End"	"Length"	"Sample"	"mRNARaw"	"mRNATPM"	"asRNARaw"	"asRNALen"	"asRNARPK"	"mRNACoverage"	"Gamma"	"TrMode"	"PeptideRaw"	"NPPH"
"ECK120000001"	"alr"	"+"	4263805	4264884	1080	"MOPS1h"	343	36.3408133892697	0	0	0	1	-Inf	"SD"	5	12.8205128205128
"ECK120000002"	"modB"	"+"	795085	795774	690	"MOPS1h"	237	39.3028038835402	0	0	0	1	-Inf	"SD"	0	0
"ECK120000005"	"dcuB"	"-"	4345427	4346767	1341	"MOPS1h"	25	2.13321932744652	2	100	0	0.539149888143177	-Inf	"SD"	NA	NA
"ECK120000006"	"hisM"	"-"	2422539	2423255	717	"MOPS1h"	337	53.7817617183624	6	150	0	1	-Inf	"SD"	NA	NA
"ECK120000008"	"rhsE"	"+"	1525914	1527962	2049	"MOPS1h"	8	0	0	0	0	0.168862859931674	NA	"NO"	NA	NA
"ECK120000010"	"cydC"	"-"	926697	928418	1722	"MOPS1h"	448	29.7693358632146	4	36	0	0.98664343786295	-Inf	"SD"	3	4.76190476190476
"ECK120000011"	"mepM"	"-"	1938337	1939659	1323	"MOPS1h"	150	12.97345631794	2	115	0	0.899470899470899	-Inf	"SD"	NA	NA
"ECK120000013"	"rodZ"	"-"	2639853	2640866	1014	"MOPS1h"	615	69.4003146996076	4	52	0	1	-Inf	"SD"	6	16.6666666666667
"ECK120000014"	"garL"	"-"	3270809	3271579	771	"MOPS1h"	12	1.78094762216702	1	42	0	0.495460440985733	-Inf	"SD"	21	77.7777777777778
"ECK120000019"	"aceA"	"+"	4215132	4216436	1305	"MOPS1h"	2829	248.054274241264	3	38	0	1	-Inf	"SD"	134	279.166666666667
"ECK120000020"	"aceB"	"+"	4213501	4215102	1602	"MOPS1h"	3611	257.922515442696	18	227	35.2422907488987	1	-7.3327220038911	"SD"	34	56.6666666666667
"ECK120000021"	"aceE"	"+"	123017	125680	2664	"MOPS1h"	3546	152.310130342389	6	173	0	1	-Inf	"SD"	231	231
"ECK120000022"	"aceF"	"+"	125695	127587	1893	"MOPS1h"	1311	79.2458187392852	1	80	0	1	-Inf	"SD"	220	333.333333333333
"ECK120000026"	"ada"	"-"	2307363	2308427	1065	"MOPS1h"	34	3.65303293955292	1	57	0	0.592488262910798	-Inf	"SD"	NA	NA
"ECK120000029"	"adk"	"+"	496399	497043	645	"MOPS1h"	1476	261.849001322426	2	95	0	1	-Inf	"SD"	41	170.833333333333
"ECK120000031"	"alaS"	"-"	2817403	2820033	2631	"MOPS1h"	3186	138.563614113037	3	135	0	1	-Inf	"SD"	97	101.041666666667
"ECK120000033"	"puuC"	"+"	1360767	1362254	1488	"MOPS1h"	25	1.92247790195281	1	61	0	0.588037634408602	-Inf	"SD"	NA	NA
"ECK120000034"	"alkB"	"-"	2306713	2307363	651	"MOPS1h"	13	2.28500230632105	0	0	0	0.576036866359447	-Inf	"SD"	1	4.16666666666667
"ECK120000035"	"amn"	"+"	2053085	2054539	1455	"MOPS1h"	308	24.2221116804558	9	171	0	0.942955326460481	-Inf	"SD"	7	12.962962962963
"ECK120000036"	"ampC"	"-"	4375834	4376967	1134	"MOPS1h"	40	4.03618641002579	6	134	0	0.664021164021164	-Inf	"SD"	2	4.76190476190476
"ECK120000041"	"ansA"	"+"	1848884	1849900	1017	"MOPS1h"	178	20.0273426557651	3	109	0	0.966568338249754	-Inf	"SD"	7	18.9189189189189
"ECK120000042"	"ansB"	"-"	3097704	3098750	1047	"MOPS1h"	152	16.6119718033268	22	233	47.2103004291845	0.972301814708691	-2.91664789922665	"SD"	31	83.7837837837838
"ECK120000043"	"apaG"	"-"	51229	51606	378	"MOPS1h"	112	33.9039658442166	5	212	0	0.830687830687831	-Inf	"SD"	NA	NA
"ECK120000047"	"apt"	"+"	490636	491187	552	"MOPS1h"	217	44.9826394658662	5	165	0	1	-Inf	"SD"	35	175
"ECK120000048"	"araA"	"-"	66835	68337	1503	"MOPS1h"	7	0.532921618808794	1	36	0	0.329341317365269	-Inf	"SD"	2	3.57142857142857
"ECK120000051"	"araD"	"-"	65855	66550	696	"MOPS1h"	3	0	0	0	0	0.224137931034483	NA	"NO"	NA	NA
"ECK120000052"	"araE"	"-"	2978786	2980204	1419	"MOPS1h"	129	10.4023531567483	0	0	0	0.942212825933756	-Inf	"SD"	NA	NA
"ECK120000054"	"araG"	"-"	1981579	1983093	1515	"MOPS1h"	25	1.88821591954177	13	173	34.6820809248555	0.547854785478548	-0.653989342044422	"SD"	NA	NA
"ECK120000055"	"araH"	"-"	1980578	1981567	990	"MOPS1h"	24	2.77396084179954	10	138	50.7246376811594	0.670707070707071	-0.986520595047744	"SD"	NA	NA
"ECK120000058"	"arcB"	"-"	3348711	3351047	2337	"MOPS1h"	499	24.432399006158	6	180	0	0.997004706889174	-Inf	"SD"	15	17.0454545454545
"ECK120000060"	"argB"	"+"	4154039	4154812	774	"MOPS1h"	2766	408.91730897574	0	0	0	1	-Inf	"SD"	15	55.5555555555556
"ECK120000063"	"argF"	"-"	288525	289529	1005	"MOPS1h"	5742	653.764607051278	0	0	0	1	-Inf	"SD"	25	67.5675675675676
"ECK120000068"	"argT"	"-"	2425031	2425813	783	"MOPS1h"	131	19.1440496792775	0	0	0	0.966794380587484	-Inf	"SD"	11	39.2857142857143
"ECK120000069"	"aroA"	"+"	958035	959318	1284	"MOPS1h"	229	20.4077317771409	7	181	38.6740331491713	0.964953271028037	-3.8656171102682	"SD"	12	26.0869565217391
"ECK120000070"	"aroB"	"-"	3515420	3516508	1089	"MOPS1h"	736	77.3346658925933	0	0	0	1	-Inf	"SD"	12	30.7692307692308
"ECK120000071"	"aroC"	"-"	2444410	2445495	1086	"MOPS1h"	654	68.9084057179071	1	54	0	1	-Inf	"SD"	8	20.5128205128205
"ECK120000072"	"aroD"	"+"	1772710	1773468	759	"MOPS1h"	86	12.9652517605848	0	0	0	0.778656126482213	-Inf	"SD"	4	14.8148148148148
"ECK120000073"	"aroE"	"-"	3428042	3428860	819	"MOPS1h"	96	13.4125579163934	1	47	0	0.920634920634921	-Inf	"SD"	8	27.5862068965517
"ECK120000076"	"aroH"	"+"	1786459	1787505	1047	"MOPS1h"	1924	210.272590457899	8	258	0	1	-Inf	"SD"	5	12.8205128205128
"ECK120000077"	"aroK"	"-"	3516565	3517086	522	"MOPS1h"	1567	343.49686084841	0	0	0	1	-Inf	"SD"	52	260
"ECK120000078"	"aroL"	"+"	405629	406153	525	"MOPS1h"	162	35.3085587149056	2	49	0	1	-Inf	"SD"	7	36.8421052631579
"ECK120000079"	"aroM"	"+"	406652	407329	678	"MOPS1h"	47	7.93217784961484	4	90	0	0.846607669616519	-Inf	"SD"	NA	NA
"ECK120000088"	"asnB"	"-"	696736	698400	1665	"MOPS1h"	778	53.4674704597308	2	100	0	0.987387387387387	-Inf	"SD"	30	47.6190476190476
"ECK120000090"	"asnS"	"-"	986808	988208	1401	"MOPS1h"	3020	246.656796479071	8	229	26.2008733624454	1	-7.68332682441163	"SD"	33	62.2641509433962
"ECK120000094"	"atpA"	"-"	3916339	3917880	1542	"MOPS1h"	5655	419.635783473104	3	39	0	1	-Inf	"SD"	101	183.636363636364
"ECK120000095"	"atpB"	"-"	3919259	3920074	816	"MOPS1h"	4177	585.731520212148	14	407	22.1130221130221	1	-8.34609881610015	"SD"	2	6.66666666666667
"ECK120000096"	"atpC"	"-"	3913576	3913995	420	"MOPS1h"	989	269.445714267296	0	0	0	1	-Inf	"SD"	3	20
"ECK120000097"	"atpD"	"-"	3914016	3915398	1383	"MOPS1h"	4752	393.168332761783	6	103	0	1	-Inf	"SD"	98	196
"ECK120000098"	"atpE"	"-"	3918973	3919212	240	"MOPS1h"	3125	1489.92037401343	0	0	0	1	-Inf	"SD"	NA	NA
"ECK120000099"	"atpF"	"-"	3918441	3918911	471	"MOPS1h"	3643	885.039273992301	0	0	0	1	-Inf	"SD"	60	352.941176470588
"ECK120000100"	"atpG"	"-"	3915425	3916288	864	"MOPS1h"	2945	390.02804457507	0	0	0	1	-Inf	"SD"	23	71.875
"ECK120000101"	"atpH"	"-"	3917893	3918426	534	"MOPS1h"	1997	427.918523959343	0	0	0	1	-Inf	"SD"	9	47.3684210526316
"ECK120000102"	"atpI"	"-"	3920083	3920463	381	"MOPS1h"	565	169.686679446694	1	65	0	1	-Inf	"SD"	NA	NA
"ECK120000104"	"bcp"	"+"	2598500	2598970	471	"MOPS1h"	777	188.766268430419	3	121	0	1	-Inf	"SD"	14	77.7777777777778
"ECK120000105"	"betA"	"-"	324801	326471	1671	"MOPS1h"	143	9.79228097879416	4	138	0	0.8491921005386	-Inf	"SD"	0	0
"ECK120000106"	"betB"	"-"	326485	327957	1473	"MOPS1h"	53	4.11715674839392	5	138	0	0.754243041412084	-Inf	"SD"	5	9.43396226415094
"ECK120000110"	"bglB"	"-"	3900312	3901724	1413	"MOPS1h"	2	0	2	97	0	0.0721868365180467	NA	"NO"	NA	NA
"ECK120000111"	"bglF"	"-"	3901743	3903620	1878	"MOPS1h"	2	0	32	193	88.0829015544041	0.077209797657082	Inf	"AD"	NA	NA
"ECK120000112"	"bglG"	"-"	3903754	3904590	837	"MOPS1h"	1	0	0	0	0	0.0645161290322581	NA	"NO"	NA	NA
"ECK120000115"	"bioC"	"+"	810745	811500	756	"MOPS1h"	34	5.14613767278288	3	111	0	0.674603174603175	-Inf	"SD"	NA	NA
"ECK120000117"	"bioF"	"+"	809604	810758	1155	"MOPS1h"	85	8.42095255546289	4	138	0	0.833766233766234	-Inf	"SD"	0	0
"ECK120000123"	"btuC"	"-"	1792196	1793176	981	"MOPS1h"	165	19.2459439138615	1	53	0	0.99184505606524	-Inf	"SD"	NA	NA
"ECK120000124"	"btuD"	"-"	1790833	1791582	750	"MOPS1h"	122	18.6132772484749	0	0	0	0.993333333333333	-Inf	"SD"	0	0
"ECK120000125"	"btuE"	"-"	1791582	1792133	552	"MOPS1h"	251	52.0306106264167	0	0	0	1	-Inf	"SD"	5	25
"ECK120000127"	"cadA"	"-"	4354493	4356640	2148	"MOPS1h"	5	0	13	135	0	0.120111731843575	NA	"NO"	5	6.17283950617284
"ECK120000128"	"cadB"	"-"	4356720	4358054	1335	"MOPS1h"	0	0	1	46	0	0	NA	"NO"	NA	NA
"ECK120000129"	"cadC"	"-"	4358419	4359957	1539	"MOPS1h"	22	1.63571765037887	10	198	40.4040404040404	0.283300844704353	-0.0318518336602501	"SD"	NA	NA
"ECK120000130"	"carA"	"+"	29651	30799	1149	"MOPS1h"	319	31.7683700844471	2	35	0	1	-Inf	"SD"	12	29.2682926829268
"ECK120000131"	"carB"	"+"	30817	34038	3222	"MOPS1h"	1618	57.4615398770347	3	57	0	1	-Inf	"SD"	78	66.1016949152542
"ECK120000133"	"cdd"	"+"	2229866	2230750	885	"MOPS1h"	878	113.520821229237	1	39	0	1	-Inf	"SD"	111	346.875
"ECK120000135"	"cdsA"	"+"	195677	196534	858	"MOPS1h"	187	24.9389748757939	0	0	0	1	-Inf	"SD"	NA	NA
"ECK120000136"	"chbB"	"-"	1819323	1819643	321	"MOPS1h"	15	5.34700395907622	0	0	0	0.78816199376947	-Inf	"SD"	1	9.09090909090909
"ECK120000137"	"chbC"	"-"	1817880	1819238	1359	"MOPS1h"	16	1.34717745076357	3	39	0	0.464311994113319	-Inf	"SD"	NA	NA
"ECK120000138"	"chbA"	"-"	1817479	1817829	351	"MOPS1h"	16	5.21599474526409	0	0	0	1	-Inf	"SD"	NA	NA
"ECK120000139"	"chbR"	"-"	1816629	1817471	843	"MOPS1h"	35	4.75077813208551	0	0	0	0.688018979833926	-Inf	"SD"	NA	NA
"ECK120000140"	"chbF"	"-"	1815172	1816524	1353	"MOPS1h"	59	4.98974663616381	1	43	0	0.645232815964523	-Inf	"SD"	NA	NA
"ECK120000142"	"cheA"	"-"	1971384	1973348	1965	"MOPS1h"	3097	180.344511445773	1	65	0	1	-Inf	"SD"	33	46.4788732394366
"ECK120000143"	"cheB"	"-"	1965476	1966525	1050	"MOPS1h"	155	16.8914401259579	0	0	0	1	-Inf	"SD"	4	10.8108108108108
"ECK120000144"	"cheR"	"-"	1966528	1967388	861	"MOPS1h"	285	37.8761639331078	0	0	0	1	-Inf	"SD"	2	6.06060606060606
"ECK120000145"	"cheW"	"-"	1970860	1971363	504	"MOPS1h"	1031	234.073585616433	0	0	0	1	-Inf	"SD"	9	50
"ECK120000146"	"cheY"	"-"	1965072	1965461	390	"MOPS1h"	337	98.8757003899125	0	0	0	1	-Inf	"SD"	11	78.5714285714286
"ECK120000147"	"cheZ"	"-"	1964417	1965061	645	"MOPS1h"	217	38.496770519625	0	0	0	1	-Inf	"SD"	19	79.1666666666667
"ECK120000153"	"clpB"	"-"	2729622	2732195	2574	"MOPS1h"	1978	87.9310023249919	3	44	0	1	-Inf	"SD"	78	81.25
"ECK120000154"	"clpP"	"+"	455901	456524	624	"MOPS1h"	1671	306.419316304792	0	0	0	1	-Inf	"SD"	11	47.8260869565217
"ECK120000155"	"clpX"	"+"	456650	457924	1275	"MOPS1h"	2174	195.107351678807	3	170	0	1	-Inf	"SD"	31	67.3913043478261
"ECK120000157"	"cpsB"	"-"	2121108	2122544	1437	"MOPS1h"	7	0	0	0	0	0.178844815588031	NA	"NO"	NA	NA
"ECK120000158"	"cpsG"	"-"	2119633	2121003	1371	"MOPS1h"	5	0	0	0	0	0.147337709700948	NA	"NO"	NA	NA
"ECK120000163"	"cstA"	"+"	629117	631222	2106	"MOPS1h"	658	35.7512973164976	4	100	0	0.998575498575499	-Inf	"SD"	11	14.6666666666667
"ECK120000164"	"lnt"	"-"	688566	690104	1539	"MOPS1h"	272	20.223418222866	9	253	0	1	-Inf	"SD"	4	7.01754385964912
"ECK120000165"	"cvpA"	"-"	2428297	2428785	489	"MOPS1h"	1108	259.271738802552	0	0	0	1	-Inf	"SD"	1	5.55555555555556
"ECK120000168"	"cydA"	"+"	770681	772249	1569	"MOPS1h"	4770	347.872192565062	1	79	0	1	-Inf	"SD"	29	50
"ECK120000169"	"cydB"	"+"	772265	773404	1140	"MOPS1h"	2054	206.167339669799	0	0	0	1	-Inf	"SD"	2	4.76190476190476
"ECK120000170"	"cynS"	"+"	358713	359183	471	"MOPS1h"	15	3.6441364561857	3	86	0	0.832271762208068	-Inf	"SD"	NA	NA
"ECK120000173"	"cyoA"	"-"	449887	450834	948	"MOPS1h"	898	108.390764221898	0	0	0	1	-Inf	"SD"	28	80
"ECK120000174"	"cyoB"	"-"	447874	449865	1992	"MOPS1h"	2719	156.186737231518	2	55	0	1	-Inf	"SD"	4	5.40540540540541
"ECK120000175"	"cyoC"	"-"	447270	447884	615	"MOPS1h"	1535	285.599565937715	1	82	0	1	-Inf	"SD"	NA	NA
"ECK120000176"	"cyoD"	"-"	446941	447270	330	"MOPS1h"	599	207.700318029741	0	0	0	1	-Inf	"SD"	NA	NA
"ECK120000177"	"cyoE"	"-"	446039	446929	891	"MOPS1h"	1318	169.26298099499	2	69	0	1	-Inf	"SD"	NA	NA
"ECK120000178"	"cysA"	"-"	2537739	2538836	1098	"MOPS1h"	6925	721.675092636885	0	0	0	1	-Inf	"SD"	11	26.8292682926829
"ECK120000179"	"cysB"	"+"	1331879	1332853	975	"MOPS1h"	1111	130.386828644739	2	54	0	1	-Inf	"SD"	17	47.2222222222222
"ECK120000180"	"cysC"	"-"	2871409	2872014	606	"MOPS1h"	2913	550.037297362517	2	102	0	1	-Inf	"SD"	3	13.6363636363636
"ECK120000183"	"cysG"	"+"	3495850	3497223	1374	"MOPS1h"	268	22.318877078671	3	103	0	0.991266375545852	-Inf	"SD"	0	0
"ECK120000184"	"cysH"	"-"	2885600	2886334	735	"MOPS1h"	5472	851.889035661214	0	0	0	1	-Inf	"SD"	7	25
"ECK120000185"	"cysI"	"-"	2886409	2888121	1713	"MOPS1h"	11375	759.833297570419	0	0	0	1	-Inf	"SD"	18	28.125
"ECK120000187"	"cysK"	"+"	2530431	2531402	972	"MOPS1h"	17842	2100.39777289067	5	130	0	1	-Inf	"SD"	203	597.058823529412
"ECK120000189"	"cysN"	"-"	2872014	2873441	1428	"MOPS1h"	8105	649.455038998524	0	0	0	1	-Inf	"SD"	22	41.5094339622642
"ECK120000190"	"cysP"	"-"	2540534	2541550	1017	"MOPS1h"	4955	557.502712692787	0	0	0	1	-Inf	"SD"	28	73.6842105263158
"ECK120000192"	"cysU"	"-"	2539701	2540534	834	"MOPS1h"	1589	218.012866698805	0	0	0	1	-Inf	"SD"	4	13.3333333333333
"ECK120000193"	"cysW"	"-"	2538826	2539701	876	"MOPS1h"	4562	595.902838027331	0	0	0	1	-Inf	"SD"	4	12.1212121212121
"ECK120000194"	"cytR"	"-"	4121454	4122479	1026	"MOPS1h"	137	15.2790898705845	2	92	0	0.896686159844055	-Inf	"SD"	NA	NA
"ECK120000195"	"dacA"	"-"	661975	663186	1212	"MOPS1h"	725	68.447827083389	1	56	0	1	-Inf	"SD"	24	54.5454545454545
"ECK120000198"	"dam"	"-"	3513099	3513935	837	"MOPS1h"	129	17.6355306205804	9	223	31.390134529148	0.980884109916368	-3.65498625216647	"SD"	4	12.5
"ECK120000200"	"dapB"	"+"	28374	29195	822	"MOPS1h"	227	31.5993623265212	0	0	0	1	-Inf	"SD"	9	31.0344827586207
"ECK120000201"	"dapD"	"-"	185123	185947	825	"MOPS1h"	1595	221.223377133513	1	99	0	1	-Inf	"SD"	48	160
"ECK120000202"	"dapE"	"+"	2589629	2590756	1128	"MOPS1h"	208	21.0998085307093	2	46	0	1	-Inf	"SD"	7	17.0731707317073
"ECK120000203"	"dapF"	"+"	3992785	3993609	825	"MOPS1h"	791	109.710151293172	1	77	0	1	-Inf	"SD"	9	30
"ECK120000205"	"dcm"	"-"	2028923	2030341	1419	"MOPS1h"	306	24.6753493485657	0	0	0	1	-Inf	"SD"	5	9.43396226415094
"ECK120000208"	"ddlB"	"+"	102233	103153	921	"MOPS1h"	368	45.7206575228198	0	0	0	1	-Inf	"SD"	8	24.2424242424242
"ECK120000209"	"deaD"	"-"	3303993	3305882	1890	"MOPS1h"	4471	270.686841588379	13	184	32.6086956521739	1	-7.81744654206421	"SD"	20	28.169014084507
"ECK120000210"	"dedA"	"-"	2432104	2432763	660	"MOPS1h"	171	29.6467064967326	2	131	0	0.992424242424242	-Inf	"SD"	NA	NA
"ECK120000211"	"accD"	"-"	2431034	2431948	915	"MOPS1h"	2309	288.753407462568	0	0	0	1	-Inf	"SD"	17	51.5151515151515
"ECK120000212"	"dedD"	"-"	2429044	2429706	663	"MOPS1h"	209	36.0709048376535	0	0	0	1	-Inf	"SD"	5	21.7391304347826
"ECK120000213"	"deoA"	"+"	4616252	4617574	1323	"MOPS1h"	179	15.4816578727418	6	69	0	0.99244142101285	-Inf	"SD"	73	155.31914893617
"ECK120000214"	"deoB"	"+"	4617626	4618849	1224	"MOPS1h"	1576	147.332675102441	0	0	0	1	-Inf	"SD"	127	288.636363636364
"ECK120000216"	"deoD"	"+"	4618906	4619625	720	"MOPS1h"	394	62.6163869185376	1	100	0	1	-Inf	"SD"	194	746.153846153846
"ECK120000221"	"dicB"	"+"	1647633	1647821	189	"MOPS1h"	3	1.8162838845116	3	168	0	0.634920634920635	-Inf	"SD"	NA	NA
"ECK120000224"	"dksA"	"-"	160149	160604	456	"MOPS1h"	2114	530.474386638212	0	0	0	1	-Inf	"SD"	12	66.6666666666667
"ECK120000226"	"dmsA"	"+"	940182	942626	2445	"MOPS1h"	925	43.2899563885128	7	114	0	0.918609406952965	-Inf	"SD"	9	10
"ECK120000227"	"dmsB"	"+"	942637	943254	618	"MOPS1h"	38	7.03589582446728	1	54	0	0.896440129449838	-Inf	"SD"	0	0
"ECK120000231"	"dnaC"	"-"	4598261	4598998	738	"MOPS1h"	236	36.5914753318679	0	0	0	0.991869918699187	-Inf	"SD"	1	3.57142857142857
"ECK120000232"	"dnaE"	"+"	205126	208608	3483	"MOPS1h"	896	29.4360013531183	4	83	0	0.939132931380993	-Inf	"SD"	10	7.69230769230769
"ECK120000233"	"dnaG"	"+"	3209129	3210874	1746	"MOPS1h"	577	37.8142814924864	4	59	0	0.979954180985109	-Inf	"SD"	6	9.09090909090909
"ECK120000234"	"dnaJ"	"+"	14168	15298	1131	"MOPS1h"	277	28.024730387809	1	100	0	0.96816976127321	-Inf	"SD"	5	12.1951219512195
"ECK120000236"	"dnaN"	"-"	3879244	3880344	1101	"MOPS1h"	824	85.6375377046016	13	153	52.2875816993464	1	-5.74209950497001	"SD"	6	14.6341463414634
"ECK120000238"	"dnaT"	"-"	4599001	4599540	540	"MOPS1h"	163	34.5396652037957	1	48	0	1	-Inf	"SD"	0	0
"ECK120000239"	"dnaX"	"+"	491316	493247	1932	"MOPS1h"	435	25.7635920574744	1	100	0	1	-Inf	"SD"	6	8.45070422535211
"ECK120000241"	"acpS"	"-"	2698640	2699020	381	"MOPS1h"	185	55.5611251285636	0	0	0	1	-Inf	"SD"	NA	NA
"ECK120000242"	"dppA"	"-"	3704121	3705728	1608	"MOPS1h"	3873	275.604136527952	8	134	52.2388059701493	1	-7.62102690414298	"SD"	50	83.3333333333333
"ECK120000245"	"dut"	"+"	3811955	3812410	456	"MOPS1h"	1007	252.690495432677	0	0	0	1	-Inf	"SD"	4	25
"ECK120000246"	"ebgA"	"+"	3220655	3223747	3093	"MOPS1h"	5	0	9	148	40.5405405405405	0.0740381506627869	Inf	"AD"	NA	NA
"ECK120000247"	"ebgC"	"+"	3223744	3224193	450	"MOPS1h"	3	0	1	97	0	0.177777777777778	NA	"NO"	NA	NA
"ECK120000251"	"edd"	"-"	1930817	1932628	1812	"MOPS1h"	383	24.1860451707398	2	44	0	0.864790286975717	-Inf	"SD"	0	0
"ECK120000253"	"entA"	"+"	627774	628520	747	"MOPS1h"	8	1.22544454858614	2	69	0	0.37483266398929	-Inf	"SD"	NA	NA
"ECK120000254"	"entB"	"+"	626917	627774	858	"MOPS1h"	13	1.73372552612471	1	100	0	0.590909090909091	-Inf	"SD"	NA	NA
"ECK120000257"	"entE"	"+"	625293	626903	1611	"MOPS1h"	2	0	3	66	0	0.0620732464307883	NA	"NO"	NA	NA
"ECK120000258"	"entF"	"+"	613380	617261	3882	"MOPS1h"	14	0	2	98	0	0.171818650180319	NA	"NO"	2	1.40845070422535
"ECK120000259"	"lpxC"	"+"	106557	107474	918	"MOPS1h"	5081	633.331067847296	1	36	0	1	-Inf	"SD"	0	0
"ECK120000261"	"acrF"	"+"	3413055	3416159	3105	"MOPS1h"	23	0.847599146105415	8	143	0	0.347826086956522	-Inf	"SD"	NA	NA
"ECK120000262"	"envY"	"-"	585370	586131	762	"MOPS1h"	8	1.20132162440138	8	183	0	0.434383202099738	-Inf	"SD"	NA	NA
"ECK120000264"	"era"	"-"	2700503	2701408	906	"MOPS1h"	466	58.8548148802336	0	0	0	1	-Inf	"SD"	8	23.5294117647059
"ECK120000265"	"exbB"	"-"	3149272	3150006	735	"MOPS1h"	100	15.568147581528	3	79	0	0.948299319727891	-Inf	"SD"	3	11.5384615384615
"ECK120000270"	"accC"	"+"	3403939	3405288	1350	"MOPS1h"	2115	179.267219401295	0	0	0	1	-Inf	"SD"	14	28.5714285714286
"ECK120000271"	"fabH"	"+"	1147982	1148935	954	"MOPS1h"	880	105.550082345203	1	100	0	1	-Inf	"SD"	23	67.6470588235294
"ECK120000276"	"fbaA"	"-"	3068187	3069266	1080	"MOPS1h"	2485	263.285484758995	6	93	0	1	-Inf	"SD"	42	107.692307692308
"ECK120000279"	"fdhF"	"-"	4295242	4297389	2148	"MOPS1h"	196	10.4410956266058	5	92	0	0.913873370577281	-Inf	"SD"	NA	NA
"ECK120000280"	"fecA"	"-"	4512376	4514700	2325	"MOPS1h"	37	1.8209710687297	2	51	0	0.349247311827957	-Inf	"SD"	4	4.70588235294118
"ECK120000281"	"fecB"	"-"	4511429	4512331	903	"MOPS1h"	11	1.39389228346239	3	75	0	0.464008859357697	-Inf	"SD"	9	27.2727272727273
"ECK120000282"	"fecC"	"-"	4510434	4511432	999	"MOPS1h"	3	0	1	100	0	0.128128128128128	NA	"NO"	NA	NA
"ECK120000283"	"fecD"	"-"	4509481	4510437	957	"MOPS1h"	11	1.31524005430151	0	0	0	0.382445141065831	-Inf	"SD"	NA	NA
"ECK120000286"	"fecR"	"-"	4514787	4515740	954	"MOPS1h"	2	0	1	69	0	0.09958071278826	NA	"NO"	NA	NA
"ECK120000292"	"fepG"	"-"	619419	620411	993	"MOPS1h"	3	0	1	100	0	0.116817724068479	NA	"NO"	NA	NA
"ECK120000296"	"fhuA"	"+"	167484	169727	2244	"MOPS1h"	101	5.15018465113518	13	183	0	0.590017825311943	-Inf	"SD"	0	0
"ECK120000298"	"fhuC"	"+"	169778	170575	798	"MOPS1h"	16	2.29425332780413	0	0	0	0.536340852130326	-Inf	"SD"	NA	NA
"ECK120000299"	"fhuD"	"+"	170575	171465	891	"MOPS1h"	15	1.92636169569413	0	0	0	0.655443322109989	-Inf	"SD"	NA	NA
"ECK120000301"	"fic"	"-"	3488883	3489485	603	"MOPS1h"	20	3.79522005718843	0	0	0	0.752902155887231	-Inf	"SD"	0	0
"ECK120000302"	"fimA"	"+"	4541138	4541686	549	"MOPS1h"	6077	1266.60492070884	1	51	0	1	-Inf	"SD"	3	16.6666666666667
"ECK120000304"	"fimC"	"+"	4542327	4543052	726	"MOPS1h"	493	77.7024258526803	0	0	0	1	-Inf	"SD"	6	22.2222222222222
"ECK120000305"	"fimD"	"+"	4543119	4545755	2637	"MOPS1h"	546	23.692276473049	5	159	0	0.862343572241183	-Inf	"SD"	NA	NA
"ECK120000306"	"fimE"	"+"	4540060	4540656	597	"MOPS1h"	16	3.06669037786884	4	102	0	0.696817420435511	-Inf	"SD"	NA	NA
"ECK120000307"	"fimF"	"+"	4545765	4546295	531	"MOPS1h"	76	16.3773394332233	0	0	0	0.941619585687382	-Inf	"SD"	1	5.26315789473684
"ECK120000308"	"fimG"	"+"	4546308	4546811	504	"MOPS1h"	42	9.53549039368592	1	71	0	0.906746031746032	-Inf	"SD"	NA	NA
"ECK120000310"	"lpxD"	"+"	200971	201996	1026	"MOPS1h"	1870	208.554000423306	3	37	0	1	-Inf	"SD"	18	50
"ECK120000311"	"fis"	"+"	3409293	3409589	297	"MOPS1h"	1511	582.146504438765	0	0	0	1	-Inf	"SD"	3	27.2727272727273
"ECK120000312"	"fldA"	"-"	710158	710688	531	"MOPS1h"	340	73.267044832841	0	0	0	1	-Inf	"SD"	8	40
"ECK120000313"	"flhC"	"-"	1975290	1975868	579	"MOPS1h"	882	174.30678812914	3	47	0	1	-Inf	"SD"	NA	NA
"ECK120000314"	"flhD"	"-"	1975871	1976221	351	"MOPS1h"	93	30.3179694568475	3	105	0	0.914529914529915	-Inf	"SD"	NA	NA
"ECK120000316"	"fliL"	"+"	2017642	2018106	465	"MOPS1h"	13	3.19900322884947	1	38	0	0.445161290322581	-Inf	"SD"	6	35.2941176470588
"ECK120000317"	"fliM"	"+"	2018111	2019115	1005	"MOPS1h"	84	9.56395454411483	2	100	0	0.647761194029851	-Inf	"SD"	10	26.3157894736842
"ECK120000318"	"fliN"	"+"	2019112	2019525	414	"MOPS1h"	57	15.7542884765246	0	0	0	0.92512077294686	-Inf	"SD"	3	20
"ECK120000319"	"fnr"	"-"	1396798	1397550	753	"MOPS1h"	1098	166.852086888719	8	192	0	1	-Inf	"SD"	6	21.4285714285714
"ECK120000321"	"folC"	"-"	2429696	2430964	1269	"MOPS1h"	267	24.0754225542708	3	89	0	0.99290780141844	-Inf	"SD"	14	31.1111111111111
"ECK120000325"	"frdB"	"-"	4377806	4378540	735	"MOPS1h"	507	78.9305082383471	1	35	0	1	-Inf	"SD"	16	59.2592592592593
"ECK120000326"	"frdC"	"-"	4377400	4377795	396	"MOPS1h"	320	92.465361393318	0	0	0	1	-Inf	"SD"	NA	NA
"ECK120000327"	"frdD"	"-"	4377030	4377389	360	"MOPS1h"	150	47.6774519684296	0	0	0	1	-Inf	"SD"	0	0
"ECK120000329"	"frr"	"+"	192872	193429	558	"MOPS1h"	2852	584.843410812736	0	0	0	1	-Inf	"SD"	17	80.9523809523809
"ECK120000330"	"fruA"	"-"	2257741	2259432	1692	"MOPS1h"	126	8.52107652201721	2	41	0	0.940307328605201	-Inf	"SD"	5	8.62068965517241
"ECK120000331"	"fruK"	"-"	2259449	2260387	939	"MOPS1h"	92	11.2110557983272	0	0	0	0.998935037273695	-Inf	"SD"	4	11.7647058823529
"ECK120000332"	"cra"	"+"	88028	89032	1005	"MOPS1h"	464	52.8294631960629	0	0	0	1	-Inf	"SD"	19	50
"ECK120000333"	"ftsA"	"+"	103982	105244	1263	"MOPS1h"	1049	95.0378092444326	0	0	0	1	-Inf	"SD"	15	33.3333333333333
"ECK120000334"	"ftsE"	"-"	3600102	3600770	669	"MOPS1h"	518	88.598816572723	1	41	0	1	-Inf	"SD"	6	25
"ECK120000335"	"ftsI"	"+"	91413	93179	1767	"MOPS1h"	711	46.042333921295	3	47	0	1	-Inf	"SD"	6	9.375
"ECK120000336"	"ftsQ"	"+"	103155	103985	831	"MOPS1h"	656	90.3289775921728	0	0	0	0.972322503008424	-Inf	"SD"	2	6.45161290322581
"ECK120000338"	"ftsW"	"+"	98403	99647	1245	"MOPS1h"	127	11.672359325283	0	0	0	0.992771084337349	-Inf	"SD"	NA	NA
"ECK120000339"	"ftsX"	"-"	3599051	3600109	1059	"MOPS1h"	510	55.1059501504795	2	40	0	1	-Inf	"SD"	5	12.8205128205128
"ECK120000341"	"ftsZ"	"+"	105305	106456	1152	"MOPS1h"	4217	418.866281147641	1	41	0	1	-Inf	"SD"	35	87.5
"ECK120000343"	"fucI"	"+"	2933606	2935381	1776	"MOPS1h"	10	0.644289891465265	5	75	0	0.28490990990991	-Inf	"SD"	8	12.3076923076923
"ECK120000344"	"fucK"	"+"	2935460	2936908	1449	"MOPS1h"	182	14.3723333470049	4	74	0	0.620427881297447	-Inf	"SD"	NA	NA
"ECK120000348"	"fucU"	"+"	2936910	2937332	423	"MOPS1h"	181	48.9623762058766	1	36	0	0.990543735224586	-Inf	"SD"	2	13.3333333333333
"ECK120000350"	"fumB"	"-"	4343703	4345349	1647	"MOPS1h"	55	3.82114369145884	6	112	0	0.691560412871888	-Inf	"SD"	9	15
"ECK120000353"	"fusA"	"-"	3469422	3471536	2115	"MOPS1h"	44343	2399.04822994164	0	0	0	1	-Inf	"SD"	379	485.897435897436
"ECK120000354"	"gabT"	"+"	2790757	2792037	1281	"MOPS1h"	13	1.16123068026152	0	0	0	0.39032006245121	-Inf	"SD"	1	2.17391304347826
"ECK120000355"	"galE"	"-"	790262	791278	1017	"MOPS1h"	87	9.78864500590767	2	100	0	0.939036381514258	-Inf	"SD"	14	37.8378378378378
"ECK120000356"	"galK"	"-"	788054	789202	1149	"MOPS1h"	919	91.5207903059777	0	0	0	0.899042645778938	-Inf	"SD"	8	19.5121951219512
"ECK120000358"	"galS"	"-"	2238650	2239690	1041	"MOPS1h"	5	0	1	45	0	0.193083573487032	NA	"NO"	1	2.7027027027027
"ECK120000359"	"galT"	"-"	789206	790252	1047	"MOPS1h"	57	6.22948942624754	6	47	0	0.736389684813754	-Inf	"SD"	1	2.5
"ECK120000361"	"epd"	"-"	3070694	3071713	1020	"MOPS1h"	1663	186.559064996467	11	414	21.7391304347826	1	-6.69549174633726	"SD"	3	8.10810810810811
"ECK120000363"	"ispG"	"-"	2638708	2639826	1119	"MOPS1h"	769	78.6358403511472	0	0	0	1	-Inf	"SD"	22	53.6585365853659
"ECK120000364"	"gcvH"	"-"	3047182	3047571	390	"MOPS1h"	34	9.97558995031758	0	0	0	0.858974358974359	-Inf	"SD"	1	7.14285714285714
"ECK120000368"	"mnmG"	"-"	3921767	3923656	1890	"MOPS1h"	1056	63.9331927348085	2	65	0	1	-Inf	"SD"	11	15.7142857142857
"ECK120000369"	"rsmG"	"-"	3921080	3921703	624	"MOPS1h"	62	11.3692385463178	20	643	31.104199066874	1	-1.50706372798843	"SD"	3	13.0434782608696
"ECK120000370"	"glgA"	"-"	3564623	3566056	1434	"MOPS1h"	665	53.063607630135	4	102	0	1	-Inf	"SD"	0	0
"ECK120000371"	"glgB"	"-"	3569339	3571525	2187	"MOPS1h"	1953	102.182785947153	2	82	0	1	-Inf	"SD"	1	1.19047619047619
"ECK120000372"	"glgC"	"-"	3566056	3567351	1296	"MOPS1h"	1112	98.1802344238773	2	104	0	1	-Inf	"SD"	6	12.2448979591837
"ECK120000374"	"glgX"	"-"	3567369	3569342	1974	"MOPS1h"	827	47.9383012497158	5	66	0	1	-Inf	"SD"	3	4.05405405405405
"ECK120000375"	"glmS"	"-"	3909862	3911691	1830	"MOPS1h"	2908	181.830859441565	2	35	0	1	-Inf	"SD"	58	86.5671641791045
"ECK120000378"	"glnG"	"-"	4051892	4053301	1410	"MOPS1h"	240	19.4767463360393	1	100	0	0.985106382978723	-Inf	"SD"	3	5.76923076923077
"ECK120000379"	"glnH"	"-"	846481	847227	747	"MOPS1h"	4812	737.104895974565	2	100	0	1	-Inf	"SD"	88	325.925925925926
"ECK120000380"	"glnL"	"-"	4053313	4054362	1050	"MOPS1h"	115	12.5323588031301	2	46	0	0.94	-Inf	"SD"	3	7.69230769230769
"ECK120000381"	"glnP"	"-"	845683	846342	660	"MOPS1h"	1558	270.11443697023	1	83	0	1	-Inf	"SD"	4	16.6666666666667
"ECK120000382"	"glnQ"	"-"	844964	845686	723	"MOPS1h"	1537	243.253920914444	0	0	0	1	-Inf	"SD"	11	40.7407407407407
"ECK120000383"	"glnS"	"+"	705316	706980	1665	"MOPS1h"	1632	112.157984306273	7	148	0	1	-Inf	"SD"	33	52.3809523809524
"ECK120000385"	"glpB"	"+"	2352287	2353546	1260	"MOPS1h"	1660	150.751562414463	0	0	0	1	-Inf	"SD"	37	82.2222222222222
"ECK120000386"	"glpC"	"+"	2353543	2354733	1191	"MOPS1h"	431	41.4085275534371	5	99	0	1	-Inf	"SD"	16	36.3636363636364
"ECK120000390"	"glpG"	"-"	3558645	3559475	831	"MOPS1h"	86	11.8419086477544	0	0	0	0.908543922984356	-Inf	"SD"	1	3.2258064516129
"ECK120000391"	"glpK"	"-"	4113737	4115245	1509	"MOPS1h"	43	3.26064482646914	11	123	48.780487804878	0.604373757455268	-1.44212289480542	"SD"	5	8.92857142857143
"ECK120000396"	"gltB"	"+"	3352654	3357207	4554	"MOPS1h"	3840	96.4855944973753	5	151	0	1	-Inf	"SD"	79	48.4662576687117
"ECK120000397"	"gltD"	"+"	3357220	3358638	1419	"MOPS1h"	1185	95.5564999282691	6	162	0	1	-Inf	"SD"	12	23.0769230769231
"ECK120000402"	"glyQ"	"-"	3722430	3723341	912	"MOPS1h"	1826	229.102703406191	0	0	0	1	-Inf	"SD"	24	68.5714285714286
"ECK120000404"	"gnd"	"-"	2097886	2099292	1407	"MOPS1h"	2550	207.381667410653	1	44	0	1	-Inf	"SD"	64	125.490196078431
"ECK120000411"	"gshA"	"-"	2812905	2814461	1557	"MOPS1h"	1205	88.5569628084126	2	70	0	1	-Inf	"SD"	16	27.5862068965517
"ECK120000412"	"gshB"	"+"	3089900	3090850	951	"MOPS1h"	603	72.5539521437553	1	100	0	1	-Inf	"SD"	15	41.6666666666667
"ECK120000417"	"gyrB"	"-"	3875728	3878142	2415	"MOPS1h"	2754	130.488151772477	12	351	22.7920227920228	1	-6.34970310176299	"SD"	56	62.2222222222222
"ECK120000418"	"hdhA"	"-"	1695297	1696064	768	"MOPS1h"	438	65.258512381788	0	0	0	1	-Inf	"SD"	5	18.5185185185185
"ECK120000423"	"hemD"	"-"	3987111	3987851	741	"MOPS1h"	339	52.3486841046077	2	38	0	1	-Inf	"SD"	2	7.14285714285714
"ECK120000426"	"hemX"	"-"	3985908	3987089	1182	"MOPS1h"	323	31.268663930564	2	77	0	0.99492385786802	-Inf	"SD"	7	16.2790697674419
"ECK120000427"	"hemY"	"-"	3984709	3985905	1197	"MOPS1h"	276	26.3839132697475	2	57	0	0.99749373433584	-Inf	"SD"	5	11.1111111111111
"ECK120000428"	"hflC"	"+"	4401323	4402327	1005	"MOPS1h"	1258	143.231604958291	2	80	0	1	-Inf	"SD"	13	34.2105263157895
"ECK120000429"	"hflK"	"+"	4400061	4401320	1260	"MOPS1h"	967	87.8173258161361	2	66	0	0.996825396825397	-Inf	"SD"	17	36.9565217391304
"ECK120000430"	"hflX"	"+"	4398695	4399975	1281	"MOPS1h"	1029	91.9158746145463	0	0	0	1	-Inf	"SD"	11	22.9166666666667
"ECK120000431"	"hfq"	"+"	4398311	4398619	309	"MOPS1h"	711	263.290627957697	0	0	0	1	-Inf	"SD"	33	300
"ECK120000432"	"hha"	"-"	479314	479532	219	"MOPS1h"	50	26.1246312155779	0	0	0	1	-Inf	"SD"	0	0
"ECK120000433"	"ihfA"	"-"	1793277	1793576	300	"MOPS1h"	1982	755.97367841142	0	0	0	1	-Inf	"SD"	4	36.3636363636364
"ECK120000434"	"ihfB"	"+"	963051	963335	285	"MOPS1h"	3287	1319.71187048613	0	0	0	1	-Inf	"SD"	7	63.6363636363636
"ECK120000435"	"hipB"	"-"	1590200	1590466	267	"MOPS1h"	21	8.99978868617548	3	48	0	0.816479400749064	-Inf	"SD"	NA	NA
"ECK120000436"	"hipA"	"-"	1588878	1590200	1323	"MOPS1h"	41	3.54607806023694	1	61	0	0.653817082388511	-Inf	"SD"	NA	NA
"ECK120000437"	"hisA"	"+"	2093149	2093886	738	"MOPS1h"	209	32.4051624761034	1	39	0	1	-Inf	"SD"	4	15.3846153846154
"ECK120000438"	"hisB"	"+"	2091492	2092559	1068	"MOPS1h"	515	55.1772758735758	2	40	0	1	-Inf	"SD"	6	15
"ECK120000439"	"hisC"	"+"	2090422	2091492	1071	"MOPS1h"	199	21.2612054716358	0	0	0	1	-Inf	"SD"	7	17.9487179487179
"ECK120000440"	"hisD"	"+"	2089121	2090425	1305	"MOPS1h"	160	14.0292272458827	2	68	0	0.996168582375479	-Inf	"SD"	5	10.8695652173913
"ECK120000441"	"hisF"	"+"	2093868	2094644	777	"MOPS1h"	154	22.6790041795773	1	52	0	1	-Inf	"SD"	9	32.1428571428571
"ECK120000442"	"hisG"	"+"	2088216	2089115	900	"MOPS1h"	95	12.0782878320022	2	56	0	0.937777777777778	-Inf	"SD"	14	42.4242424242424
"ECK120000443"	"hisH"	"+"	2092559	2093149	591	"MOPS1h"	187	36.2058213932846	0	0	0	1	-Inf	"SD"	4	18.1818181818182
"ECK120000445"	"hisP"	"-"	2421758	2422531	774	"MOPS1h"	309	45.6816516534721	0	0	0	1	-Inf	"SD"	5	17.2413793103448
"ECK120000446"	"hisS"	"-"	2637323	2638597	1275	"MOPS1h"	1383	124.118430253813	1	41	0	1	-Inf	"SD"	26	55.3191489361702
"ECK120000447"	"truA"	"-"	2432846	2433658	813	"MOPS1h"	445	62.6316343201511	1	100	0	1	-Inf	"SD"	4	13.3333333333333
"ECK120000448"	"hlpA"	"+"	200482	200967	486	"MOPS1h"	1109	261.107625841918	0	0	0	1	-Inf	"SD"	95	527.777777777778
"ECK120000451"	"hsdM"	"-"	4579482	4581071	1590	"MOPS1h"	311	22.3814151881987	2	160	0	1	-Inf	"SD"	16	27.1186440677966
"ECK120000453"	"hsdS"	"-"	4578091	4579485	1395	"MOPS1h"	27	2.21469454304963	10	181	38.6740331491713	0.527598566308244	-0.661680904740476	"SD"	2	3.92156862745098
"ECK120000454"	"htpG"	"+"	494344	496218	1875	"MOPS1h"	478	29.170972212364	5	93	0	1	-Inf	"SD"	55	77.4647887323944
"ECK120000456"	"degP"	"+"	180884	182308	1425	"MOPS1h"	582	46.7339402873702	1	42	0	1	-Inf	"SD"	21	42.8571428571429
"ECK120000459"	"hupA"	"+"	4198304	4198576	273	"MOPS1h"	2199	921.694214317158	0	0	0	1	-Inf	"SD"	17	170
"ECK120000460"	"hupB"	"+"	460675	460947	273	"MOPS1h"	2724	1141.74399263299	0	0	0	1	-Inf	"SD"	20	222.222222222222
"ECK120000462"	"hyaB"	"+"	1032477	1034270	1794	"MOPS1h"	12	0.765390533272448	1	43	0	0.301003344481605	-Inf	"SD"	0	0
"ECK120000463"	"hyaC"	"+"	1034289	1034996	708	"MOPS1h"	7	1.1313293687424	1	47	0	0.30225988700565	-Inf	"SD"	NA	NA
"ECK120000464"	"hyaD"	"+"	1034993	1035580	588	"MOPS1h"	28	5.44885165353481	0	0	0	0.751700680272109	-Inf	"SD"	NA	NA
"ECK120000465"	"hyaE"	"+"	1035577	1035975	399	"MOPS1h"	1	0	0	0	0	0.135338345864662	NA	"NO"	NA	NA
"ECK120000466"	"hyaF"	"+"	1035972	1036829	858	"MOPS1h"	5	0.666817510047967	0	0	0	0.283216783216783	-Inf	"SD"	NA	NA
"ECK120000468"	"hycB"	"-"	2847260	2847871	612	"MOPS1h"	1	0	0	0	0	0.163398692810458	NA	"NO"	NA	NA
"ECK120000469"	"hycC"	"-"	2845437	2847263	1827	"MOPS1h"	9	0.56367430898636	2	38	0	0.257799671592775	-Inf	"SD"	NA	NA
"ECK120000470"	"hycD"	"-"	2844511	2845434	924	"MOPS1h"	1	0	2	100	0	0.0606060606060606	NA	"NO"	NA	NA
"ECK120000471"	"hycE"	"-"	2842784	2844493	1710	"MOPS1h"	22	1.47214588534098	3	43	0	0.526315789473684	-Inf	"SD"	NA	NA
"ECK120000472"	"hycF"	"-"	2842232	2842774	543	"MOPS1h"	4	0	1	96	0	0.224677716390424	NA	"NO"	NA	NA
"ECK120000473"	"hycG"	"-"	2841465	2842232	768	"MOPS1h"	33	4.9167372342443	0	0	0	0.638020833333333	-Inf	"SD"	NA	NA
"ECK120000474"	"hycH"	"-"	2841058	2841468	411	"MOPS1h"	55	15.312466325627	2	40	0	0.817518248175182	-Inf	"SD"	NA	NA
"ECK120000477"	"hypB"	"+"	2849023	2849895	873	"MOPS1h"	159	20.840453231561	7	122	0	1	-Inf	"SD"	8	25
"ECK120000478"	"hypC"	"+"	2849886	2850158	273	"MOPS1h"	60	25.1485460932376	3	160	0	1	-Inf	"SD"	NA	NA
"ECK120000479"	"hypD"	"+"	2850158	2851279	1122	"MOPS1h"	84	8.56664377614564	43	572	75.1748251748252	0.915329768270945	0.0056065611809663	"AD"	2	4.8780487804878
"ECK120000480"	"hypE"	"+"	2851318	2852286	969	"MOPS1h"	62	7.3213672372573	6	109	0	0.871001031991744	-Inf	"SD"	2	5.71428571428571
"ECK120000485"	"ileS"	"+"	22391	25207	2817	"MOPS1h"	5495	223.205621781913	2	47	0	1	-Inf	"SD"	89	85.5769230769231
"ECK120000487"	"ilvB"	"-"	3849119	3850807	1689	"MOPS1h"	422	28.5895342531827	6	59	0	0.991711071640024	-Inf	"SD"	9	15
"ECK120000489"	"ilvD"	"+"	3951501	3953351	1851	"MOPS1h"	439	27.1382838432941	3	75	0	0.992436520799568	-Inf	"SD"	11	16.6666666666667
"ECK120000490"	"ilvE"	"+"	3950507	3951436	930	"MOPS1h"	222	27.3145660309455	0	0	0	1	-Inf	"SD"	6	17.6470588235294
"ECK120000491"	"ilvG_2"	"+"	3949646	3950227	582	"MOPS1h"	416	81.7889485314091	12	106	0	0.910652920962199	-Inf	"SD"	NA	NA
"ECK120000492"	"ilvH"	"+"	87357	87848	492	"MOPS1h"	84	19.5361266602346	1	52	0	1	-Inf	"SD"	4	22.2222222222222
"ECK120000493"	"ilvI"	"+"	85630	87354	1725	"MOPS1h"	364	24.1455200229682	2	100	0	0.99304347826087	-Inf	"SD"	2	3.17460317460317
"ECK120000494"	"ilvM"	"+"	3950224	3950487	264	"MOPS1h"	17	7.36833348603003	1	42	0	0.799242424242424	-Inf	"SD"	NA	NA
"ECK120000495"	"ilvN"	"-"	3848825	3849115	291	"MOPS1h"	67	26.3454786134828	0	0	0	1	-Inf	"SD"	0	0
"ECK120000497"	"infA"	"-"	925448	925666	219	"MOPS1h"	802	419.039084697869	0	0	0	1	-Inf	"SD"	2	25
"ECK120000498"	"infB"	"-"	3311364	3314036	2673	"MOPS1h"	4406	188.612214027296	4	72	0	1	-Inf	"SD"	101	104.123711340206
"ECK120000499"	"infC"	"-"	1798120	1798662	543	"MOPS1h"	4809	1013.39609509913	2	80	0	1	-Inf	"SD"	52	247.619047619048
"ECK120000501"	"ispA"	"-"	439426	440325	900	"MOPS1h"	401	50.9830886382407	2	60	0	0.967777777777778	-Inf	"SD"	5	15.625
"ECK120000504"	"katG"	"+"	4131858	4134038	2181	"MOPS1h"	3084	161.801663681581	6	102	0	1	-Inf	"SD"	179	223.75
"ECK120000505"	"kbl"	"-"	3789378	3790574	1197	"MOPS1h"	509	48.6572893271793	1	52	0	1	-Inf	"SD"	22	51.1627906976744
"ECK120000506"	"kdpA"	"-"	726282	727955	1674	"MOPS1h"	3	0	0	0	0	0.0639187574671446	NA	"NO"	NA	NA
"ECK120000507"	"kdpB"	"-"	724211	726259	2049	"MOPS1h"	13	0.725981699080041	1	95	0	0.274768179599805	-Inf	"SD"	NA	NA
"ECK120000508"	"kdpC"	"-"	723630	724202	573	"MOPS1h"	106	21.1677901933133	0	0	0	0.574171029668412	-Inf	"SD"	NA	NA
"ECK120000509"	"kdpD"	"-"	720953	723637	2685	"MOPS1h"	292	12.4440813182404	3	56	0	0.934823091247672	-Inf	"SD"	1	1.01010101010101
"ECK120000512"	"kdsB"	"+"	970075	970821	747	"MOPS1h"	273	41.8182952205021	3	56	0	1	-Inf	"SD"	6	21.4285714285714
"ECK120000514"	"kefC"	"+"	47769	49631	1863	"MOPS1h"	124	7.61610826935301	1	100	0	0.840579710144927	-Inf	"SD"	NA	NA
"ECK120000516"	"rsmA"	"-"	51609	52430	822	"MOPS1h"	271	37.724348856772	3	193	0	1	-Inf	"SD"	12	40
"ECK120000518"	"lacI"	"-"	365652	366734	1083	"MOPS1h"	55	5.81110217897757	7	279	25.089605734767	0.914127423822715	-2.05338499520989	"SD"	0	0
"ECK120000519"	"lacY"	"-"	361150	362403	1254	"MOPS1h"	1	0	6	86	0	0.0366826156299841	NA	"NO"	NA	NA
"ECK120000520"	"lacZ"	"-"	362455	365529	3075	"MOPS1h"	4	0	6	203	0	0.0624390243902439	NA	"NO"	5	4.31034482758621
"ECK120000521"	"lamB"	"+"	4245994	4247334	1341	"MOPS1h"	11	0.938616504076466	11	123	0	0.38627889634601	-Inf	"SD"	12	24
"ECK120000522"	"lepA"	"-"	2703347	2705146	1800	"MOPS1h"	910	57.8486417216946	0	0	0	1	-Inf	"SD"	25	37.3134328358209
"ECK120000523"	"lepB"	"-"	2702357	2703331	975	"MOPS1h"	284	33.3302064222376	0	0	0	1	-Inf	"SD"	2	5.55555555555556
"ECK120000526"	"lexA"	"+"	4255138	4255746	609	"MOPS1h"	838	157.453023643523	1	74	0	1	-Inf	"SD"	9	40.9090909090909
"ECK120000527"	"ligA"	"-"	2526183	2528198	2016	"MOPS1h"	340	19.2980162729358	1	97	0	0.973214285714286	-Inf	"SD"	11	14.8648648648649
"ECK120000529"	"livF"	"-"	3590747	3591460	714	"MOPS1h"	34	5.44885165353481	2	100	0	0.84593837535014	-Inf	"SD"	0	0
"ECK120000530"	"livG"	"-"	3591462	3592229	768	"MOPS1h"	126	18.7729967125692	0	0	0	0.91015625	-Inf	"SD"	0	0
"ECK120000531"	"livH"	"-"	3593500	3594426	927	"MOPS1h"	120	14.8124122620364	0	0	0	0.994606256742179	-Inf	"SD"	NA	NA
"ECK120000534"	"livM"	"-"	3592226	3593503	1278	"MOPS1h"	145	12.9825925547836	0	0	0	0.923317683881064	-Inf	"SD"	0	0
"ECK120000535"	"lon"	"+"	458112	460466	2355	"MOPS1h"	2421	117.632724805674	3	69	0	1	-Inf	"SD"	68	78.1609195402299
"ECK120000538"	"lpxA"	"+"	202560	203348	789	"MOPS1h"	1496	216.959598919455	1	41	0	1	-Inf	"SD"	4	14.2857142857143
"ECK120000539"	"lpxB"	"+"	203348	204496	1149	"MOPS1h"	526	52.3829550608751	0	0	0	1	-Inf	"SD"	2	4.76190476190476
"ECK120000541"	"lspA"	"+"	25207	25701	495	"MOPS1h"	389	89.9225639550018	0	0	0	1	-Inf	"SD"	4	22.2222222222222
"ECK120000543"	"lysC"	"-"	4229907	4231256	1350	"MOPS1h"	254	21.5290183110775	2	57	0	0.994074074074074	-Inf	"SD"	3	6.12244897959184
"ECK120000548"	"malF"	"-"	4241554	4243098	1545	"MOPS1h"	16	1.18499298096291	3	96	0	0.398705501618123	-Inf	"SD"	1	1.75438596491228
"ECK120000549"	"malG"	"-"	4240649	4241539	891	"MOPS1h"	14	1.79793758264785	2	45	0	0.510662177328844	-Inf	"SD"	NA	NA
"ECK120000552"	"malM"	"+"	4247577	4248497	921	"MOPS1h"	17	2.11209559208678	19	201	44.7761194029851	0.411509229098806	-0.230678225067853	"SD"	10	31.25
"ECK120000557"	"malY"	"+"	1698981	1700153	1173	"MOPS1h"	126	12.2912715049046	2	39	0	0.932651321398124	-Inf	"SD"	1	2.27272727272727
"ECK120000561"	"manY"	"+"	1901106	1901906	801	"MOPS1h"	804	114.854446090239	9	213	32.8638497652582	1	-6.35823606806377	"SD"	12	42.8571428571429
"ECK120000562"	"manZ"	"+"	1901919	1902770	852	"MOPS1h"	1102	148.001555124534	7	252	0	1	-Inf	"SD"	16	51.6129032258064
"ECK120000564"	"mazE"	"-"	2909113	2909361	249	"MOPS1h"	81	37.2228781633041	0	0	0	1	-Inf	"SD"	NA	NA
"ECK120000565"	"mazG"	"-"	2907916	2908707	792	"MOPS1h"	103	14.8811440992371	1	43	0	0.911616161616162	-Inf	"SD"	2	6.66666666666667
"ECK120000566"	"mcrA"	"+"	1209569	1210402	834	"MOPS1h"	11	1.50921430691432	1	66	0	0.296163069544364	-Inf	"SD"	1	3.2258064516129
"ECK120000567"	"mcrB"	"-"	4575981	4577360	1380	"MOPS1h"	44	3.648361541932	11	166	36.144578313253	0.829710144927536	-1.60421429760177	"SD"	1	1.88679245283019
"ECK120000572"	"menD"	"-"	2375611	2377281	1671	"MOPS1h"	245	16.7769848937382	1	39	0	0.973668461998803	-Inf	"SD"	5	8.19672131147541
"ECK120000573"	"mepA"	"-"	2443582	2444406	825	"MOPS1h"	199	27.6009103759054	0	0	0	1	-Inf	"SD"	2	6.66666666666667
"ECK120000578"	"metF"	"+"	4130639	4131529	891	"MOPS1h"	24480	3143.82228737281	0	0	0	1	-Inf	"SD"	46	139.393939393939
"ECK120000583"	"metL"	"+"	4127858	4130290	2433	"MOPS1h"	8132	382.454292880167	2	81	0	1	-Inf	"SD"	20	22.4719101123596
"ECK120000585"	"mglA"	"-"	2235791	2237311	1521	"MOPS1h"	2	0	10	214	46.7289719626168	0.0565417488494412	Inf	"AD"	17	30.3571428571429
"ECK120000586"	"mglB"	"-"	2237372	2238370	999	"MOPS1h"	10	1.1454042514938	0	0	0	0.334334334334334	-Inf	"SD"	61	169.444444444444
"ECK120000588"	"miaA"	"+"	4397275	4398225	951	"MOPS1h"	737	88.6770526201454	1	67	0	1	-Inf	"SD"	4	11.4285714285714
"ECK120000590"	"minD"	"-"	1223772	1224584	813	"MOPS1h"	1482	208.584454072953	5	203	0	1	-Inf	"SD"	38	126.666666666667
"ECK120000592"	"groL"	"+"	4369048	4370694	1647	"MOPS1h"	2171	150.830962802857	5	42	0	1	-Inf	"SD"	463	812.280701754386
"ECK120000594"	"motA"	"-"	1974276	1975163	888	"MOPS1h"	2124	273.694345894445	2	56	0	1	-Inf	"SD"	11	34.375
"ECK120000595"	"motB"	"-"	1973353	1974279	927	"MOPS1h"	1194	147.383502007262	1	75	0	1	-Inf	"SD"	3	8.82352941176471
"ECK120000596"	"mprA"	"+"	2808792	2809322	531	"MOPS1h"	265	57.1051967079496	3	116	0	1	-Inf	"SD"	7	33.3333333333333
"ECK120000597"	"mraY"	"+"	96002	97084	1083	"MOPS1h"	272	28.7385416851254	0	0	0	1	-Inf	"SD"	NA	NA
"ECK120000598"	"mrcB"	"+"	164730	167264	2535	"MOPS1h"	741	33.447566304006	4	100	0	1	-Inf	"SD"	18	19.1489361702128
"ECK120000599"	"mrdA"	"-"	665539	667440	1902	"MOPS1h"	139	8.36235435156052	2	48	0	0.90273396424816	-Inf	"SD"	2	2.8169014084507
"ECK120000600"	"mrdB"	"-"	664424	665536	1113	"MOPS1h"	122	12.5426396553065	2	52	0	0.947888589398023	-Inf	"SD"	NA	NA
"ECK120000601"	"mreB"	"-"	3398066	3399109	1044	"MOPS1h"	949	104.013567627677	0	0	0	1	-Inf	"SD"	28	75.6756756756757
"ECK120000602"	"mreC"	"-"	3396897	3398000	1104	"MOPS1h"	325	33.6851562820427	0	0	0	0.928442028985507	-Inf	"SD"	6	15
"ECK120000603"	"mreD"	"-"	3396409	3396897	489	"MOPS1h"	89	20.8259790193386	3	131	0	0.897750511247444	-Inf	"SD"	1	5.26315789473684
"ECK120000606"	"msbA"	"+"	965844	967592	1749	"MOPS1h"	929	60.7785288215041	4	110	0	0.993138936535163	-Inf	"SD"	18	28.125
"ECK120000609"	"mtlD"	"+"	3772447	3773595	1149	"MOPS1h"	301	29.9757974778012	1	100	0	1	-Inf	"SD"	12	29.2682926829268
"ECK120000611"	"mukB"	"+"	975549	980009	4461	"MOPS1h"	1878	48.1712197964819	21	246	65.0406504065041	1	-3.91202764623136	"SD"	51	30
"ECK120000612"	"murC"	"+"	100765	102240	1476	"MOPS1h"	332	25.7380716317376	1	36	0	0.997967479674797	-Inf	"SD"	11	20.3703703703704
"ECK120000613"	"murD"	"+"	97087	98403	1317	"MOPS1h"	354	30.7568437299755	0	0	0	0.990888382687927	-Inf	"SD"	4	8.51063829787234
"ECK120000614"	"murE"	"+"	93166	94653	1488	"MOPS1h"	390	29.9906552704638	1	100	0	0.971774193548387	-Inf	"SD"	9	16.9811320754717
"ECK120000615"	"murF"	"+"	94650	96008	1359	"MOPS1h"	488	41.088912248289	2	100	0	0.950699043414275	-Inf	"SD"	4	8.51063829787234
"ECK120000616"	"murG"	"+"	99644	100711	1068	"MOPS1h"	100	10.7140341502089	0	0	0	0.873595505617977	-Inf	"SD"	4	10.5263157894737
"ECK120000622"	"emrE"	"+"	567538	567870	333	"MOPS1h"	25	8.59053188620353	0	0	0	0.906906906906907	-Inf	"SD"	NA	NA
"ECK120000623"	"nadA"	"+"	781308	782351	1044	"MOPS1h"	82	8.98747370439363	5	161	0	0.947318007662835	-Inf	"SD"	0	0
"ECK120000625"	"nagA"	"-"	700826	701974	1149	"MOPS1h"	352	35.0547531966313	2	62	0	0.981723237597911	-Inf	"SD"	3	7.31707317073171
"ECK120000627"	"umpH"	"-"	698797	699549	753	"MOPS1h"	386	58.6565624217174	1	76	0	1	-Inf	"SD"	9	33.3333333333333
"ECK120000629"	"nagC"	"-"	699597	700817	1221	"MOPS1h"	397	37.2048126417033	1	100	0	0.950859950859951	-Inf	"SD"	11	24.4444444444444
"ECK120000630"	"nanA"	"-"	3370705	3371598	894	"MOPS1h"	14	1.79190423505507	2	74	0	0.671140939597315	-Inf	"SD"	24	72.7272727272727
"ECK120000631"	"narG"	"+"	1279087	1282830	3744	"MOPS1h"	165	5.04280741973775	2	100	0	0.836805555555556	-Inf	"SD"	63	45
"ECK120000632"	"narH"	"+"	1282827	1284365	1539	"MOPS1h"	72	5.35325776487631	1	53	0	0.820662768031189	-Inf	"SD"	28	48.2758620689655
"ECK120000633"	"narI"	"+"	1285072	1285749	678	"MOPS1h"	68	11.4763424207193	0	0	0	1	-Inf	"SD"	3	12
"ECK120000634"	"narJ"	"+"	1284362	1285072	711	"MOPS1h"	27	4.34528676167966	0	0	0	0.648382559774965	-Inf	"SD"	2	7.69230769230769
"ECK120000637"	"narV"	"-"	1533961	1534641	681	"MOPS1h"	6	1.00815757466283	0	0	0	0.345080763582966	-Inf	"SD"	NA	NA
"ECK120000638"	"narW"	"-"	1534638	1535333	696	"MOPS1h"	3	0.493215020363065	0	0	0	0.373563218390805	-Inf	"SD"	NA	NA
"ECK120000640"	"narY"	"-"	1535333	1536877	1545	"MOPS1h"	14	1.03686885834255	1	94	0	0.394822006472492	-Inf	"SD"	0	0
"ECK120000641"	"narZ"	"-"	1536874	1540614	3741	"MOPS1h"	38	1.16230516426645	5	100	0	0.409783480352847	-Inf	"SD"	1	0.714285714285714
"ECK120000642"	"ndh"	"+"	1165308	1166612	1305	"MOPS1h"	655	57.4321490378324	1	43	0	1	-Inf	"SD"	25	53.1914893617021
"ECK120000643"	"ndk"	"-"	2642455	2642886	432	"MOPS1h"	566	149.919098967395	0	0	0	1	-Inf	"SD"	8	53.3333333333333
"ECK120000644"	"nfo"	"+"	2248862	2249719	858	"MOPS1h"	288	38.4086885787629	0	0	0	1	-Inf	"SD"	3	9.67741935483871
"ECK120000645"	"nhaA"	"+"	17489	18655	1167	"MOPS1h"	156	15.2960051559383	1	69	0	0.991431019708655	-Inf	"SD"	NA	NA
"ECK120000646"	"nirB"	"+"	3492033	3494576	2544	"MOPS1h"	513	23.074087603589	4	160	0	1	-Inf	"SD"	1	1.0752688172043
"ECK120000647"	"nirC"	"+"	3495025	3495831	807	"MOPS1h"	94	13.3284177993528	3	103	0	0.396530359355638	-Inf	"SD"	NA	NA
"ECK120000648"	"nirD"	"+"	3494573	3494899	327	"MOPS1h"	12	4.1991150357516	1	83	0	0.541284403669725	-Inf	"SD"	NA	NA
"ECK120000651"	"bamC"	"-"	2595853	2596887	1035	"MOPS1h"	1956	216.248338667242	1	41	0	1	-Inf	"SD"	2	5.40540540540541
"ECK120000654"	"nrdB"	"+"	2345406	2346536	1131	"MOPS1h"	533	53.9248422263618	0	0	0	1	-Inf	"SD"	11	25
"ECK120000655"	"nth"	"+"	1709547	1710182	636	"MOPS1h"	21	3.77821317485669	1	52	0	0.772012578616352	-Inf	"SD"	3	12.5
"ECK120000658"	"nusA"	"-"	3314061	3315548	1488	"MOPS1h"	1269	97.5849783031245	4	189	0	1	-Inf	"SD"	26	47.2727272727273
"ECK120000659"	"nusB"	"+"	434361	434780	420	"MOPS1h"	548	149.298535306854	1	37	0	1	-Inf	"SD"	10	62.5
"ECK120000660"	"nusG"	"+"	4175766	4176311	546	"MOPS1h"	1453	304.506978945619	1	74	0	1	-Inf	"SD"	17	80.9523809523809
"ECK120000661"	"ogt"	"-"	1397745	1398260	516	"MOPS1h"	71	15.7446469291093	0	0	0	1	-Inf	"SD"	0	0
"ECK120000664"	"ompF"	"-"	985117	986205	1089	"MOPS1h"	18928	1988.84586415082	10	108	55.5555555555556	1	-10.6946813502529	"SD"	121	310.25641025641
"ECK120000667"	"oppA"	"+"	1299206	1300837	1632	"MOPS1h"	5172	362.629090559879	3	98	0	1	-Inf	"SD"	46	75.4098360655738
"ECK120000668"	"oppB"	"+"	1300923	1301843	921	"MOPS1h"	274	34.0420113077517	6	76	0	1	-Inf	"SD"	6	18.1818181818182
"ECK120000669"	"oppC"	"+"	1301858	1302766	909	"MOPS1h"	302	38.0160805134409	0	0	0	0.964796479647965	-Inf	"SD"	2	6.06060606060606
"ECK120000670"	"oppD"	"+"	1302778	1303791	1014	"MOPS1h"	477	53.8275611572566	1	100	0	1	-Inf	"SD"	6	16.2162162162162
"ECK120000675"	"pabA"	"-"	3488288	3488851	564	"MOPS1h"	17	3.44900716367363	0	0	0	0.718085106382979	-Inf	"SD"	3	14.2857142857143
"ECK120000677"	"pal"	"+"	778290	778811	522	"MOPS1h"	4340	951.356972611423	0	0	0	1	-Inf	"SD"	4	21.0526315789474
"ECK120000678"	"panF"	"+"	3405629	3407080	1452	"MOPS1h"	145	11.4268273312765	13	285	45.6140350877193	0.809228650137741	-2.13584136522925	"SD"	NA	NA
"ECK120000679"	"parC"	"-"	3161737	3163995	2259	"MOPS1h"	609	30.8478812735975	1	54	0	1	-Inf	"SD"	19	22.6190476190476
"ECK120000682"	"pcm"	"-"	2866915	2867541	627	"MOPS1h"	117	21.3521985849044	0	0	0	1	-Inf	"SD"	4	17.3913043478261
"ECK120000683"	"pcnB"	"-"	157729	159126	1398	"MOPS1h"	696	56.9673932532653	3	66	0	1	-Inf	"SD"	9	16.6666666666667
"ECK120000684"	"pdxA"	"-"	52427	53416	990	"MOPS1h"	179	20.6891246117549	1	97	0	0.943434343434343	-Inf	"SD"	6	17.1428571428571
"ECK120000685"	"pdxJ"	"-"	2699020	2699751	732	"MOPS1h"	530	82.8493427648121	0	0	0	1	-Inf	"SD"	5	19.2307692307692
"ECK120000689"	"pepP"	"-"	3051537	3052862	1326	"MOPS1h"	1041	89.8320859712855	0	0	0	1	-Inf	"SD"	9	18
"ECK120000691"	"pfkA"	"+"	4105575	4106537	963	"MOPS1h"	4403	523.174631818057	1	83	0	1	-Inf	"SD"	32	91.4285714285714
"ECK120000693"	"pflB"	"-"	950495	952777	2283	"MOPS1h"	11835	593.180177709713	5	97	0	1	-Inf	"SD"	132	155.294117647059
"ECK120000695"	"pgk"	"-"	3069481	3070644	1164	"MOPS1h"	5405	531.333253380128	0	0	0	1	-Inf	"SD"	225	548.780487804878
"ECK120000698"	"pgsA"	"-"	1990293	1990841	549	"MOPS1h"	115	23.9689922464236	0	0	0	0.967213114754098	-Inf	"SD"	2	9.52380952380952
"ECK120000701"	"pheS"	"-"	1795983	1796966	984	"MOPS1h"	616	71.6324644208601	0	0	0	1	-Inf	"SD"	20	54.0540540540541
"ECK120000702"	"pheT"	"-"	1793581	1795968	2388	"MOPS1h"	2281	109.298761748732	0	0	0	1	-Inf	"SD"	47	54.0229885057471
"ECK120000704"	"yjdN"	"-"	4323321	4323764	444	"MOPS1h"	10	2.57715956586106	1	100	0	0.754504504504504	-Inf	"SD"	NA	NA
"ECK120000705"	"phnC"	"-"	4322400	4323188	789	"MOPS1h"	0	0	0	0	0	0	NA	"NO"	NA	NA
"ECK120000706"	"phnD"	"-"	4321359	4322375	1017	"MOPS1h"	1	0	2	39	0	0.0511307767944936	NA	"NO"	NA	NA
"ECK120000707"	"phnF"	"-"	4319720	4320445	726	"MOPS1h"	1	0	2	60	0	0.137741046831956	NA	"NO"	NA	NA
"ECK120000708"	"phnG"	"-"	4319267	4319719	453	"MOPS1h"	0	0	1	47	0	0	NA	"NO"	NA	NA
"ECK120000709"	"phnH"	"-"	4318686	4319270	585	"MOPS1h"	0	0	2	131	0	0	NA	"NO"	NA	NA
"ECK120000710"	"phnI"	"-"	4317622	4318686	1065	"MOPS1h"	0	0	0	0	0	0	NA	"NO"	NA	NA
"ECK120000711"	"phnJ"	"-"	4316784	4317629	846	"MOPS1h"	1	0	1	100	0	0.0484633569739953	NA	"NO"	NA	NA
"ECK120000712"	"phnK"	"-"	4316029	4316787	759	"MOPS1h"	0	0	3	117	0	0	NA	"NO"	NA	NA
"ECK120000713"	"phnL"	"-"	4315238	4315918	681	"MOPS1h"	0	0	13	282	39.0070921985816	0	Inf	"AD"	NA	NA
"ECK120000714"	"phnM"	"-"	4314105	4315241	1137	"MOPS1h"	1	0	2	60	0	0.0642040457343887	NA	"NO"	NA	NA
"ECK120000715"	"phnN"	"-"	4313548	4314105	558	"MOPS1h"	7	1.43545016679143	0	0	0	0.347670250896057	-Inf	"SD"	NA	NA
"ECK120000716"	"phnO"	"-"	4313127	4313561	435	"MOPS1h"	7	1.84133607602211	1	100	0	0.625287356321839	-Inf	"SD"	1	5.88235294117647
"ECK120000718"	"phoA"	"+"	400971	402386	1416	"MOPS1h"	357	28.8488989029311	1	70	0	0.96045197740113	-Inf	"SD"	2	4.08163265306122
"ECK120000721"	"creC"	"+"	4634719	4636143	1425	"MOPS1h"	51	4.09524219013037	3	83	0	0.726315789473684	-Inf	"SD"	1	1.92307692307692
"ECK120000722"	"phoP"	"-"	1188999	1189670	672	"MOPS1h"	321	54.6587931495211	12	135	44.4444444444444	1	-5.50934729497355	"SD"	16	61.5384615384615
"ECK120000723"	"phoQ"	"-"	1187539	1188999	1461	"MOPS1h"	172	13.4710829381025	2	61	0	0.861738535249829	-Inf	"SD"	2	3.63636363636364
"ECK120000724"	"phoR"	"+"	417113	418408	1296	"MOPS1h"	141	12.4491124584233	2	100	0	0.890432098765432	-Inf	"SD"	NA	NA
"ECK120000725"	"pstS"	"-"	3908508	3909548	1041	"MOPS1h"	430	47.2652549773481	7	201	0	1	-Inf	"SD"	19	51.3513513513514
"ECK120000726"	"phoU"	"-"	3904876	3905601	726	"MOPS1h"	572	90.1537273584851	0	0	0	1	-Inf	"SD"	9	33.3333333333333
"ECK120000734"	"pnp"	"-"	3307055	3309190	2136	"MOPS1h"	4062	217.602033590743	6	208	0	1	-Inf	"SD"	138	179.220779220779
"ECK120000738"	"polB"	"-"	63429	65780	2352	"MOPS1h"	57	2.77307628795968	7	63	0	0.578656462585034	-Inf	"SD"	NA	NA
"ECK120000741"	"potB"	"-"	1182840	1183667	828	"MOPS1h"	247	34.1342916991366	1	40	0	1	-Inf	"SD"	1	3.2258064516129
"ECK120000742"	"potC"	"-"	1182049	1182843	795	"MOPS1h"	360	51.8154949694631	2	43	0	1	-Inf	"SD"	NA	NA
"ECK120000743"	"potD"	"-"	1181006	1182052	1047	"MOPS1h"	1267	138.469528123783	1	61	0	1	-Inf	"SD"	14	35.8974358974359
"ECK120000744"	"potE"	"-"	716169	717488	1320	"MOPS1h"	26	2.25384318396213	0	0	0	0.636363636363636	-Inf	"SD"	NA	NA
"ECK120000745"	"poxB"	"-"	908554	910272	1719	"MOPS1h"	28	1.86383058305903	2	101	0	0.394415357766143	-Inf	"SD"	1	1.61290322580645
"ECK120000747"	"ppc"	"-"	4148470	4151121	2652	"MOPS1h"	2814	121.41570121191	54	823	58.3232077764277	1	-3.66077678375395	"SD"	41	41.4141414141414
"ECK120000751"	"prc"	"-"	1910792	1912840	2049	"MOPS1h"	805	44.9550205968795	3	94	0	0.99219131283553	-Inf	"SD"	17	22.0779220779221
"ECK120000752"	"prfA"	"+"	1264235	1265317	1083	"MOPS1h"	225	23.772690732181	1	35	0	0.993536472760849	-Inf	"SD"	5	12.1951219512195
"ECK120000753"	"prfB"	"-"	3033206	3034304	1099	"MOPS1h"	2388	248.634224496327	0	0	0	1	-Inf	"SD"	32	78.0487804878049
"ECK120000755"	"priB"	"+"	4423543	4423857	315	"MOPS1h"	3190	1158.7891183184	11	284	38.7323943661972	1	-9.04089880297882	"SD"	NA	NA
"ECK120000757"	"secY"	"-"	3440788	3442119	1332	"MOPS1h"	19306	1658.48808595045	10	100	0	1	-Inf	"SD"	8	16.3265306122449
"ECK120000758"	"proA"	"+"	260727	261980	1254	"MOPS1h"	453	41.3356664912892	7	169	0	0.981658692185008	-Inf	"SD"	13	28.8888888888889
"ECK120000761"	"proS"	"-"	217057	218775	1719	"MOPS1h"	2360	157.09429200069	0	0	0	1	-Inf	"SD"	64	100
"ECK120000762"	"proV"	"+"	2802837	2804039	1203	"MOPS1h"	111	10.5579993386448	1	38	0	0.952618453865337	-Inf	"SD"	7	15.9090909090909
"ECK120000763"	"proW"	"+"	2804032	2805096	1065	"MOPS1h"	59	6.33908657157712	9	174	0	0.84131455399061	-Inf	"SD"	2	5.26315789473684
"ECK120000764"	"proX"	"+"	2805154	2806146	993	"MOPS1h"	38	4.37883546779535	6	104	0	0.969788519637462	-Inf	"SD"	15	41.6666666666667
"ECK120000765"	"prs"	"-"	1260151	1261098	948	"MOPS1h"	1033	124.685589578197	3	100	0	1	-Inf	"SD"	54	158.823529411765
"ECK120000766"	"psd"	"-"	4387415	4388383	969	"MOPS1h"	249	29.4035555173721	4	183	0	1	-Inf	"SD"	15	41.6666666666667
"ECK120000768"	"pspB"	"+"	1366825	1367049	225	"MOPS1h"	46	23.3937364325095	1	45	0	1	-Inf	"SD"	NA	NA
"ECK120000769"	"pspC"	"+"	1367049	1367408	360	"MOPS1h"	81	25.745824062952	1	45	0	1	-Inf	"SD"	NA	NA
"ECK120000770"	"pspD"	"+"	1367417	1367638	222	"MOPS1h"	43	22.1635722664051	0	0	0	1	-Inf	"SD"	NA	NA
"ECK120000771"	"pspE"	"+"	1367713	1368027	315	"MOPS1h"	143	51.9457190970319	0	0	0	1	-Inf	"SD"	1	9.09090909090909
"ECK120000773"	"pstA"	"-"	3906572	3907462	891	"MOPS1h"	368	47.2600736010292	0	0	0	1	-Inf	"SD"	0	0
"ECK120000774"	"pstB"	"-"	3905616	3906389	774	"MOPS1h"	1098	162.325092283212	1	81	0	1	-Inf	"SD"	7	24.1379310344828
"ECK120000775"	"pstC"	"-"	3907462	3908421	960	"MOPS1h"	328	39.0955106141123	1	35	0	1	-Inf	"SD"	2	5.88235294117647
"ECK120000777"	"ptrA"	"-"	2954018	2956906	2889	"MOPS1h"	255	10.099896367144	7	76	0	0.916926272066459	-Inf	"SD"	9	8.33333333333333
"ECK120000779"	"ptsH"	"+"	2531786	2532043	258	"MOPS1h"	2453	1087.9329272424	0	0	0	1	-Inf	"SD"	14	155.555555555556
"ECK120000780"	"ptsI"	"+"	2532088	2533815	1728	"MOPS1h"	7783	515.380012042066	0	0	0	1	-Inf	"SD"	67	104.6875
"ECK120000781"	"purA"	"+"	4402710	4404008	1299	"MOPS1h"	7545	664.621478248132	9	239	25.1046025104602	1	-9.11335470059617	"SD"	61	129.787234042553
"ECK120000782"	"purC"	"-"	2594927	2595640	714	"MOPS1h"	3373	540.558136099204	0	0	0	1	-Inf	"SD"	25	92.5925925925926
"ECK120000784"	"purE"	"-"	551814	552323	510	"MOPS1h"	546	122.503005998883	0	0	0	1	-Inf	"SD"	3	16.6666666666667
"ECK120000785"	"purF"	"-"	2426743	2428260	1518	"MOPS1h"	1791	135.004452925624	0	0	0	1	-Inf	"SD"	16	28.5714285714286
"ECK120000790"	"purN"	"+"	2620256	2620894	639	"MOPS1h"	523	93.6537366365772	3	72	0	1	-Inf	"SD"	4	17.3913043478261
"ECK120000797"	"pyrC"	"-"	1120784	1121830	1047	"MOPS1h"	249	27.2130327567655	2	166	0	1	-Inf	"SD"	10	25.6410256410256
"ECK120000798"	"pyrD"	"+"	1003991	1005001	1011	"MOPS1h"	43	4.86677847986344	0	0	0	0.905044510385757	-Inf	"SD"	11	29.7297297297297
"ECK120000800"	"pyrF"	"+"	1339945	1340682	738	"MOPS1h"	104	16.1250569259079	0	0	0	1	-Inf	"SD"	9	34.6153846153846
"ECK120000801"	"pyrG"	"-"	2906051	2907688	1638	"MOPS1h"	2180	152.28841800905	6	100	0	1	-Inf	"SD"	16	26.6666666666667
"ECK120000802"	"pyrI"	"-"	4469009	4469470	462	"MOPS1h"	1768	437.88953288407	1	45	0	1	-Inf	"SD"	15	88.2352941176471
"ECK120000804"	"racC"	"-"	1415512	1415787	276	"MOPS1h"	11	4.56045192741501	1	36	0	0.793478260869565	-Inf	"SD"	NA	NA
"ECK120000805"	"rbsA"	"+"	3931801	3933306	1506	"MOPS1h"	22	1.67156006901267	1	57	0	0.530544488711819	-Inf	"SD"	11	20
"ECK120000806"	"rbsB"	"+"	3934301	3935191	891	"MOPS1h"	96	12.3287148524424	4	179	0	0.771043771043771	-Inf	"SD"	30	96.7741935483871
"ECK120000807"	"rbsC"	"+"	3933311	3934276	966	"MOPS1h"	29	3.43514560766325	1	46	0	0.521739130434783	-Inf	"SD"	3	9.09090909090909
"ECK120000808"	"rbsD"	"+"	3931374	3931793	420	"MOPS1h"	34	9.26304781100918	0	0	0	0.623809523809524	-Inf	"SD"	0	0
"ECK120000809"	"rbsK"	"+"	3935317	3936246	930	"MOPS1h"	37	4.55242767182425	3	78	0	0.825806451612903	-Inf	"SD"	13	40.625
"ECK120000814"	"recA"	"-"	2820730	2821791	1062	"MOPS1h"	3016	324.960892964483	0	0	0	1	-Inf	"SD"	24	63.1578947368421
"ECK120000815"	"recB"	"-"	2950483	2954025	3543	"MOPS1h"	177	5.71644978723932	2	100	0	0.756703358735535	-Inf	"SD"	3	2.23880597014925
"ECK120000816"	"recC"	"-"	2957082	2960450	3369	"MOPS1h"	241	8.185407604197	19	199	55.2763819095477	0.732264766993173	-1.89555073582207	"SD"	7	5.42635658914729
"ECK120000818"	"recE"	"-"	1412810	1415410	2601	"MOPS1h"	53	2.33163086904431	733	302	2397.35099337748	0.559015763168012	5.95657838511183	"AD"	NA	NA
"ECK120000819"	"recF"	"-"	3878171	3879244	1074	"MOPS1h"	486	51.7793109645962	11	148	40.5405405405405	0.908752327746741	-5.43126945625038	"SD"	0	0
"ECK120000821"	"recJ"	"-"	3034395	3036128	1734	"MOPS1h"	318	20.9846778213988	1	37	0	0.976931949250288	-Inf	"SD"	3	4.76190476190476
"ECK120000822"	"recN"	"+"	2749817	2751478	1662	"MOPS1h"	222	15.2843239523341	6	105	0	0.97352587244284	-Inf	"SD"	NA	NA
"ECK120000823"	"recO"	"-"	2699763	2700491	729	"MOPS1h"	231	36.2584079167317	0	0	0	0.997256515775034	-Inf	"SD"	NA	NA
"ECK120000824"	"recQ"	"+"	4003887	4005716	1830	"MOPS1h"	104	6.5028918094645	3	35	0	0.87431693989071	-Inf	"SD"	NA	NA
"ECK120000825"	"recR"	"+"	493629	494234	606	"MOPS1h"	293	55.3247264425738	2	91	0	1	-Inf	"SD"	2	9.09090909090909
"ECK120000826"	"relA"	"-"	2909439	2911673	2235	"MOPS1h"	388	19.8645383771819	0	0	0	0.860850111856823	-Inf	"SD"	NA	NA
"ECK120000831"	"rfe"	"+"	3965939	3967042	1104	"MOPS1h"	301	31.1976370489072	9	414	14.4927536231884	1	-4.70033045061154	"SD"	NA	NA
"ECK120000836"	"rho"	"+"	3964440	3965699	1260	"MOPS1h"	599	54.3977023411225	7	137	0	0.988095238095238	-Inf	"SD"	48	102.127659574468
"ECK120000838"	"rhsB"	"+"	3617215	3621450	4236	"MOPS1h"	14	0	0	0	0	0.0708215297450425	NA	"NO"	NA	NA
"ECK120000839"	"rhsC"	"+"	728806	732999	4194	"MOPS1h"	14	0	0	0	0	0.102288984263233	NA	"NO"	NA	NA
"ECK120000840"	"rhsD"	"+"	522485	526765	4281	"MOPS1h"	55	1.47008261150028	0	0	0	0.284746554543331	-Inf	"SD"	NA	NA
"ECK120000841"	"rimI"	"+"	4606208	4606654	447	"MOPS1h"	56	14.3352338804406	0	0	0	0.948545861297539	-Inf	"SD"	2	11.7647058823529
"ECK120000843"	"rimK"	"+"	891190	892092	903	"MOPS1h"	90	11.4045732283287	4	120	0	0.934662236987818	-Inf	"SD"	3	9.375
"ECK120000845"	"rlpA"	"-"	663325	664413	1089	"MOPS1h"	169	17.7575523584895	42	1004	41.8326693227092	0.997245179063361	-1.07997150613768	"SD"	2	5.26315789473684
"ECK120000846"	"lptE"	"-"	670828	671409	582	"MOPS1h"	816	160.432168273149	7	100	60	1	-7.06278522969322	"SD"	2	9.52380952380952
"ECK120000848"	"rnc"	"-"	2701405	2702085	681	"MOPS1h"	266	44.6949858100521	0	0	0	1	-Inf	"SD"	4	15.3846153846154
"ECK120000852"	"rnhB"	"+"	204493	205089	597	"MOPS1h"	165	31.6252445217724	0	0	0	1	-Inf	"SD"	NA	NA
"ECK120000853"	"rnpA"	"+"	3882516	3882875	360	"MOPS1h"	357	113.472335684862	1	58	0	1	-Inf	"SD"	1	7.14285714285714
"ECK120000855"	"rplA"	"+"	4176902	4177606	705	"MOPS1h"	16641	2700.93779815025	8	125	64	1	-10.7211727949115	"SD"	266	1064
"ECK120000856"	"rplB"	"-"	3448565	3449386	822	"MOPS1h"	10155	1413.61905033402	7	93	0	1	-Inf	"SD"	58	193.333333333333
"ECK120000857"	"rplC"	"-"	3450319	3450948	630	"MOPS1h"	12662	2299.77865456859	0	0	0	1	-Inf	"SD"	107	486.363636363636
"ECK120000858"	"rplD"	"-"	3449703	3450308	606	"MOPS1h"	12648	2388.21549503643	1	56	0	1	-Inf	"SD"	57	259.090909090909
"ECK120000859"	"rplE"	"-"	3444921	3445460	540	"MOPS1h"	15235	3228.293247729	3	75	0	1	-Inf	"SD"	118	590
"ECK120000860"	"rplF"	"-"	3443629	3444162	534	"MOPS1h"	6930	1484.96513321895	2	100	0	1	-Inf	"SD"	72	378.947368421053
"ECK120000862"	"rplJ"	"+"	4178019	4178516	498	"MOPS1h"	13177	3027.69052813492	8	59	0	1	-Inf	"SD"	19	105.555555555556
"ECK120000863"	"rplK"	"+"	4176470	4176898	429	"MOPS1h"	3349	893.268736460256	3	144	0	1	-Inf	"SD"	22	146.666666666667
"ECK120000864"	"rplL"	"+"	4178583	4178948	366	"MOPS1h"	14270	4461.35894812781	0	0	0	1	-Inf	"SD"	84	700
"ECK120000865"	"rplM"	"-"	3376245	3376673	429	"MOPS1h"	5017	1338.16937916426	1	100	0	1	-Inf	"SD"	11	68.75
"ECK120000866"	"rplN"	"-"	3445800	3446171	372	"MOPS1h"	11641	3580.73044106122	1	73	0	1	-Inf	"SD"	10	71.4285714285714
"ECK120000867"	"rplO"	"-"	3442127	3442561	435	"MOPS1h"	8957	2356.12103327572	0	0	0	1	-Inf	"SD"	11	73.3333333333333
"ECK120000868"	"rplP"	"-"	3446781	3447191	411	"MOPS1h"	7572	2108.10900032087	1	53	0	1	-Inf	"SD"	19	126.666666666667
"ECK120000869"	"rplQ"	"-"	3437638	3438021	384	"MOPS1h"	7244	2158.59663787065	15	140	100	1	-9.59045113952257	"SD"	14	100
"ECK120000870"	"rplR"	"-"	3443266	3443619	354	"MOPS1h"	7363	2379.99375487151	1	100	0	1	-Inf	"SD"	4	30.7692307692308
"ECK120000872"	"rplT"	"-"	1797417	1797773	357	"MOPS1h"	2875	921.496970818387	0	0	0	1	-Inf	"SD"	7	53.8461538461538
"ECK120000873"	"rplV"	"-"	3447923	3448255	333	"MOPS1h"	12167	4180.84005837754	1	73	0	1	-Inf	"SD"	13	108.333333333333
"ECK120000874"	"rplW"	"-"	3449404	3449706	303	"MOPS1h"	6984	2637.45999641594	0	0	0	1	-Inf	"SD"	0	0
"ECK120000875"	"rplX"	"-"	3445475	3445789	315	"MOPS1h"	4669	1696.04589135694	2	75	0	1	-Inf	"SD"	85	772.727272727273
"ECK120000877"	"rpmB"	"-"	3809461	3809697	237	"MOPS1h"	2508	1210.88657758807	0	0	0	1	-Inf	"SD"	2	22.2222222222222
"ECK120000878"	"rpmC"	"-"	3446590	3446781	192	"MOPS1h"	12719	7580.1188948307	0	0	0	1	-Inf	"SD"	3	42.8571428571429
"ECK120000879"	"rpmD"	"-"	3442565	3442744	180	"MOPS1h"	3730	2371.1586112299	0	0	0	1	-Inf	"SD"	1	14.2857142857143
"ECK120000881"	"rpmF"	"+"	1146590	1146763	174	"MOPS1h"	1252	823.340273992743	0	0	0	1	-Inf	"SD"	NA	NA
"ECK120000882"	"rpmG"	"-"	3809273	3809440	168	"MOPS1h"	736	501.294352125203	0	0	0	1	-Inf	"SD"	0	0
"ECK120000884"	"rpoA"	"-"	3438062	3439051	990	"MOPS1h"	26504	3063.37742296063	0	0	0	1	-Inf	"SD"	125	337.837837837838
"ECK120000885"	"rpoB"	"+"	4179268	4183296	4029	"MOPS1h"	6288	178.582765734913	2	99	0	1	-Inf	"SD"	193	127.814569536424
"ECK120000886"	"rpoC"	"+"	4183373	4187596	4224	"MOPS1h"	6966	188.705187734137	5	71	0	1	-Inf	"SD"	267	172.258064516129
"ECK120000888"	"rpoH"	"-"	3597952	3598806	855	"MOPS1h"	1953	261.372810370086	0	0	0	1	-Inf	"SD"	NA	NA
"ECK120000889"	"rpoN"	"+"	3342739	3344172	1434	"MOPS1h"	1457	116.261167394145	13	159	0	1	-Inf	"SD"	12	22.2222222222222
"ECK120000890"	"rpoZ"	"+"	3820129	3820404	276	"MOPS1h"	2898	1201.47178960443	0	0	0	1	-Inf	"SD"	4	40
"ECK120000891"	"rpsA"	"+"	961218	962891	1674	"MOPS1h"	7487	511.772161846068	8	79	88.6075949367089	1	-8.51393103585343	"SD"	367	601.639344262295
"ECK120000892"	"rpsB"	"+"	189874	190599	726	"MOPS1h"	6732	1061.04002198832	0	0	0	1	-Inf	"SD"	75	277.777777777778
"ECK120000893"	"rpsC"	"-"	3447204	3447905	702	"MOPS1h"	13081	2132.20085196249	1	41	0	1	-Inf	"SD"	95	365.384615384615
"ECK120000894"	"rpsD"	"-"	3439077	3439697	621	"MOPS1h"	12711	2342.13755350999	0	0	0	1	-Inf	"SD"	152	660.869565217391
"ECK120000895"	"rpsE"	"-"	3442748	3443251	504	"MOPS1h"	8541	1939.1100822017	0	0	0	1	-Inf	"SD"	99	550
"ECK120000897"	"rpsG"	"-"	3471564	3472103	540	"MOPS1h"	21698	4597.80156804883	0	0	0	1	-Inf	"SD"	60	300
"ECK120000898"	"rpsH"	"-"	3444175	3444567	393	"MOPS1h"	5021	1461.91442035716	0	0	0	1	-Inf	"SD"	81	578.571428571429
"ECK120000899"	"rpsI"	"-"	3375837	3376229	393	"MOPS1h"	6377	1856.72739665756	2	60	0	1	-Inf	"SD"	11	73.3333333333333
"ECK120000900"	"rpsJ"	"-"	3450981	3451292	312	"MOPS1h"	8948	3281.67569395006	0	0	0	1	-Inf	"SD"	47	391.666666666667
"ECK120000901"	"rpsK"	"-"	3439731	3440120	390	"MOPS1h"	13007	3816.24995540532	0	0	0	1	-Inf	"SD"	6	42.8571428571429
"ECK120000902"	"rpsL"	"-"	3472200	3472574	375	"MOPS1h"	1740	530.936105120432	1	100	0	1	-Inf	"SD"	4	28.5714285714286
"ECK120000903"	"rpsM"	"-"	3440137	3440493	357	"MOPS1h"	9994	3203.28373090747	0	0	0	1	-Inf	"SD"	93	715.384615384615
"ECK120000904"	"rpsN"	"-"	3444601	3444906	306	"MOPS1h"	6423	2401.82175680959	8	120	58.3333333333333	1	-10.7444865477076	"SD"	3	25
"ECK120000905"	"rpsO"	"-"	3309437	3309706	270	"MOPS1h"	1367	579.334016363051	0	0	0	1	-Inf	"SD"	4	40
"ECK120000906"	"rpsP"	"-"	2743959	2744207	249	"MOPS1h"	740	340.060862232655	0	0	0	1	-Inf	"SD"	11	122.222222222222
"ECK120000907"	"rpsQ"	"-"	3446336	3446590	255	"MOPS1h"	17069	7659.35461316823	0	0	0	1	-Inf	"SD"	2	20
"ECK120000908"	"rpsR"	"+"	4423862	4424089	228	"MOPS1h"	1856	931.466851088477	15	284	38.7323943661972	1	-8.7258570936767	"SD"	5	55.5555555555556
"ECK120000909"	"rpsS"	"-"	3448270	3448548	279	"MOPS1h"	3348	1373.11061669077	0	0	0	1	-Inf	"SD"	10	100
"ECK120000916"	"sbcC"	"-"	411831	414977	3147	"MOPS1h"	152	5.52676659614971	5	83	0	0.832538925961233	-Inf	"SD"	6	5.04201680672269
"ECK120000918"	"sbp"	"+"	4106857	4107846	990	"MOPS1h"	5644	652.343124629859	0	0	0	1	-Inf	"SD"	38	102.702702702703
"ECK120000919"	"sdaA"	"+"	1894956	1896320	1365	"MOPS1h"	155	12.9934154815061	9	145	0	0.998534798534799	-Inf	"SD"	3	6.12244897959184
"ECK120000920"	"sdhA"	"+"	755130	756896	1767	"MOPS1h"	1244	80.5578950746709	1	40	0	1	-Inf	"SD"	50	78.125
"ECK120000921"	"sdhB"	"+"	756912	757628	717	"MOPS1h"	1229	196.13586098477	6	207	0	1	-Inf	"SD"	36	133.333333333333
"ECK120000923"	"sdhD"	"+"	754783	755130	348	"MOPS1h"	72	23.6743209774271	3	185	0	1	-Inf	"SD"	NA	NA
"ECK120000925"	"secA"	"+"	108279	110984	2706	"MOPS1h"	1704	72.0553243052808	3	43	0	0.996674057649667	-Inf	"SD"	69	67.6470588235294
"ECK120000926"	"secB"	"-"	3781684	3782151	468	"MOPS1h"	827	202.201296296878	1	77	0	1	-Inf	"SD"	19	111.764705882353
"ECK120000927"	"secD"	"+"	426871	428718	1848	"MOPS1h"	2577	159.564667172264	4	72	0	1	-Inf	"SD"	19	28.3582089552239
"ECK120000928"	"secE"	"+"	4175381	4175764	384	"MOPS1h"	1070	318.842960038873	2	48	0	1	-Inf	"SD"	0	0
"ECK120000929"	"secF"	"+"	428729	429700	972	"MOPS1h"	645	75.9307568386101	0	0	0	1	-Inf	"SD"	1	2.85714285714286
"ECK120000930"	"selA"	"-"	3757881	3759272	1392	"MOPS1h"	243	19.9752083247041	0	0	0	0.934626436781609	-Inf	"SD"	4	7.84313725490196
"ECK120000931"	"selB"	"-"	3756040	3757884	1845	"MOPS1h"	315	19.5361266602346	0	0	0	0.978861788617886	-Inf	"SD"	14	20.2898550724638
"ECK120000932"	"selD"	"-"	1844989	1846032	1044	"MOPS1h"	1664	182.379954196476	1	36	0	1	-Inf	"SD"	20	54.0540540540541
"ECK120000935"	"serC"	"+"	956876	957964	1089	"MOPS1h"	1662	174.633443904198	0	0	0	1	-Inf	"SD"	27	67.5
"ECK120000936"	"serS"	"+"	938651	939943	1293	"MOPS1h"	2908	257.34762009131	1	36	0	1	-Inf	"SD"	21	43.75
"ECK120000937"	"maeA"	"-"	1551996	1553693	1698	"MOPS1h"	490	33.0204260982763	1	70	0	0.989399293286219	-Inf	"SD"	26	41.2698412698413
"ECK120000938"	"sfsA"	"-"	160782	161486	705	"MOPS1h"	132	21.4244209696433	5	175	0	0.872340425531915	-Inf	"SD"	4	15.3846153846154
"ECK120000944"	"prlF"	"+"	3275024	3275359	336	"MOPS1h"	196	66.7484327558014	1	36	0	1	-Inf	"SD"	0	0
"ECK120000948"	"speA"	"-"	3081957	3083933	1977	"MOPS1h"	430	24.8877746238843	19	293	27.3037542662116	0.972685887708649	-3.95929342521141	"SD"	41	55.4054054054054
"ECK120000952"	"speE"	"-"	135598	136464	867	"MOPS1h"	195	25.7359256300174	8	236	25.4237288135593	1	-4.42267736115779	"SD"	7	21.875
"ECK120000955"	"spoT"	"+"	3820423	3822531	2109	"MOPS1h"	986	53.4964069881896	0	0	0	0.973447131341868	-Inf	"SD"	3	3.79746835443038
"ECK120000956"	"trmH"	"+"	3822538	3823227	690	"MOPS1h"	39	6.46755000615219	1	36	0	0.859420289855072	-Inf	"SD"	2	8
"ECK120000958"	"srlE"	"+"	2824414	2825373	960	"MOPS1h"	42	5.00613245668511	2	43	0	0.680208333333333	-Inf	"SD"	11	33.3333333333333
"ECK120000959"	"srlB"	"+"	2825384	2825755	372	"MOPS1h"	2	0	0	0	0	0.223118279569892	NA	"NO"	11	84.6153846153846
"ECK120000960"	"srlD"	"+"	2825759	2826538	780	"MOPS1h"	8	1.17359881768442	0	0	0	0.444871794871795	-Inf	"SD"	20	71.4285714285714
"ECK120000961"	"gutM"	"+"	2826643	2827002	360	"MOPS1h"	6	0	4	196	0	0.213888888888889	NA	"NO"	NA	NA
"ECK120000963"	"srlR"	"+"	2827069	2827842	774	"MOPS1h"	178	26.3149967453658	2	44	0	0.963824289405685	-Inf	"SD"	2	7.14285714285714
"ECK120000966"	"sspA"	"-"	3374804	3375442	639	"MOPS1h"	1312	234.94015768105	1	36	0	1	-Inf	"SD"	24	100
"ECK120000968"	"sucA"	"+"	757929	760730	2802	"MOPS1h"	2175	88.8209490632414	2	100	0	1	-Inf	"SD"	118	112.380952380952
"ECK120000969"	"sucB"	"+"	760745	761962	1218	"MOPS1h"	1525	143.2672202007	2	60	0	1	-Inf	"SD"	46	104.545454545455
"ECK120000970"	"sucC"	"+"	762237	763403	1167	"MOPS1h"	1087	106.581779516058	0	0	0	1	-Inf	"SD"	160	390.243902439024
"ECK120000973"	"sulA"	"-"	1019633	1020142	510	"MOPS1h"	108	18.0167295710227	NA	184	92.3913043478261	1	-2.40573050285718	"SD"	NA	NA
"ECK120000974"	"surA"	"-"	53416	54702	1287	"MOPS1h"	1711	152.123301292276	4	112	0	1	-Inf	"SD"	27	57.4468085106383
"ECK120000976"	"tap"	"-"	1967407	1969008	1602	"MOPS1h"	1492	106.568926347411	0	0	0	1	-Inf	"SD"	8	13.7931034482759
"ECK120000977"	"tar"	"-"	1969054	1970715	1662	"MOPS1h"	1603	110.363834664827	2	48	0	1	-Inf	"SD"	28	46.6666666666667
"ECK120000979"	"tdcB"	"-"	3263061	3264050	990	"MOPS1h"	1	0	0	0	0	0.0212121212121212	NA	"NO"	NA	NA
"ECK120000980"	"tdcC"	"-"	3261708	3263039	1332	"MOPS1h"	21	1.80401169610274	7	60	0	0.597597597597598	-Inf	"SD"	NA	NA
"ECK120000982"	"tdh"	"-"	3788343	3789368	1026	"MOPS1h"	706	78.7374996250557	1	37	0	1	-Inf	"SD"	18	48.6486486486486
"ECK120000985"	"tgt"	"+"	425361	426488	1128	"MOPS1h"	557	56.5028526519474	0	0	0	1	-Inf	"SD"	4	9.30232558139535
"ECK120000986"	"mnmE"	"+"	3884851	3886215	1365	"MOPS1h"	198	16.5980404215368	1	75	0	0.995604395604396	-Inf	"SD"	5	10.2040816326531
"ECK120000987"	"thrA"	"+"	337	2799	2463	"MOPS1h"	531	24.6691615057112	5	89	0	0.99066179455948	-Inf	"SD"	46	51.685393258427
"ECK120000988"	"thrB"	"+"	2801	3733	933	"MOPS1h"	261	32.0098134116016	2	135	0	1	-Inf	"SD"	2	5.88235294117647
"ECK120000989"	"thrC"	"+"	3734	5020	1287	"MOPS1h"	168	14.9367122250744	3	135	0	0.953379953379953	-Inf	"SD"	24	51.063829787234
"ECK120000991"	"thyA"	"-"	2962383	2963177	795	"MOPS1h"	309	44.4749665154558	11	218	41.2844036697248	1	-4.62692470764151	"SD"	7	23.3333333333333
"ECK120000992"	"tig"	"+"	454357	455655	1299	"MOPS1h"	5727	504.478092236852	4	36	0	1	-Inf	"SD"	207	431.25
"ECK120000994"	"tnaA"	"+"	3886753	3888168	1416	"MOPS1h"	62	5.01017291871633	3	114	0	0.717514124293785	-Inf	"SD"	457	862.264150943396
"ECK120000995"	"tnaB"	"+"	3888259	3889506	1248	"MOPS1h"	2	0	7	65	0	0.126602564102564	NA	"NO"	1	2.22222222222222
"ECK120000996"	"tolA"	"+"	775565	776830	1266	"MOPS1h"	172	15.5460127745401	0	0	0	0.941548183254344	-Inf	"SD"	0	0
"ECK120000997"	"tolB"	"+"	776963	778255	1293	"MOPS1h"	2389	211.417972626596	2	100	0	1	-Inf	"SD"	14	30.4347826086957
"ECK120000999"	"tolQ"	"+"	774376	775068	693	"MOPS1h"	220	36.3256776902321	1	67	0	1	-Inf	"SD"	2	7.69230769230769
"ECK120001000"	"tolR"	"+"	775072	775500	429	"MOPS1h"	65	17.3372552612471	0	0	0	1	-Inf	"SD"	2	13.3333333333333
"ECK120001003"	"topB"	"-"	1843023	1844984	1962	"MOPS1h"	318	18.5460914079029	2	35	0	0.980632008154944	-Inf	"SD"	4	5.47945205479452
"ECK120001008"	"trkA"	"+"	3434540	3435916	1377	"MOPS1h"	122	10.1379505710648	3	100	0	0.801742919389978	-Inf	"SD"	3	6
"ECK120001009"	"trkG"	"+"	1421806	1423263	1458	"MOPS1h"	14	0	0	0	0	0.227709190672154	NA	"NO"	NA	NA
"ECK120001010"	"trkH"	"+"	4031168	4032619	1452	"MOPS1h"	294	23.1688774854848	3	46	0	0.933884297520661	-Inf	"SD"	NA	NA
"ECK120001012"	"trmD"	"-"	2742594	2743361	768	"MOPS1h"	5833	869.070554162031	2	36	0	1	-Inf	"SD"	10	35.7142857142857
"ECK120001013"	"trpA"	"-"	1314440	1315246	807	"MOPS1h"	1195	169.441056066241	4	113	0	1	-Inf	"SD"	62	213.793103448276
"ECK120001014"	"trpB"	"-"	1315246	1316439	1194	"MOPS1h"	2460	235.751822798667	0	0	0	1	-Inf	"SD"	20	46.5116279069767
"ECK120001015"	"trpC"	"-"	1316451	1317809	1359	"MOPS1h"	3554	299.241791250859	1	35	0	1	-Inf	"SD"	14	28.5714285714286
"ECK120001016"	"trpD"	"-"	1317813	1319408	1596	"MOPS1h"	5317	381.204529497955	1	65	0	1	-Inf	"SD"	28	49.1228070175439
"ECK120001017"	"trpE"	"-"	1319408	1320970	1563	"MOPS1h"	6058	443.500965872931	2	39	0	1	-Inf	"SD"	32	56.140350877193
"ECK120001019"	"trpS"	"-"	3510656	3511660	1005	"MOPS1h"	770	87.6695833210526	1	45	0	1	-Inf	"SD"	26	70.2702702702703
"ECK120001022"	"tsf"	"+"	190857	191708	852	"MOPS1h"	7229	970.874085295148	3	73	0	1	-Inf	"SD"	259	863.333333333333
"ECK120001025"	"tufA"	"-"	3468167	3469351	1185	"MOPS1h"	1939	187.233578464375	0	0	0	0.378902953586498	-Inf	"SD"	870	2023.25581395349
"ECK120001026"	"tufB"	"+"	4173967	4175151	1185	"MOPS1h"	2354	227.306778599865	0	0	0	0.372151898734177	-Inf	"SD"	NA	NA
"ECK120001032"	"tyrS"	"-"	1713972	1715246	1275	"MOPS1h"	2068	185.594297733106	3	59	0	1	-Inf	"SD"	30	62.5
"ECK120001033"	"ubiX"	"-"	2426079	2426648	570	"MOPS1h"	36	7.22689798258301	0	0	0	0.875438596491228	-Inf	"SD"	2	9.52380952380952
"ECK120001035"	"ugpA"	"-"	3588047	3588934	888	"MOPS1h"	1	0	0	0	0	0.0202702702702703	NA	"NO"	NA	NA
"ECK120001036"	"ugpB"	"-"	3589032	3590348	1317	"MOPS1h"	23	1.99832600505491	2	96	0	0.482915717539863	-Inf	"SD"	0	0
"ECK120001037"	"ugpC"	"-"	3586133	3587203	1071	"MOPS1h"	59	6.30357348154027	1	97	0	0.842203548085901	-Inf	"SD"	NA	NA
"ECK120001038"	"ugpE"	"-"	3587205	3588050	846	"MOPS1h"	9	1.21729664600246	0	0	0	0.466903073286052	-Inf	"SD"	NA	NA
"ECK120001040"	"uhpA"	"-"	3848159	3848749	591	"MOPS1h"	102	19.7486298508825	1	39	0	0.976311336717428	-Inf	"SD"	2	9.52380952380952
"ECK120001041"	"uhpB"	"-"	3846657	3848159	1503	"MOPS1h"	65	4.9485578889388	0	0	0	0.811709913506321	-Inf	"SD"	NA	NA
"ECK120001042"	"uhpC"	"-"	3845328	3846647	1320	"MOPS1h"	24	2.08047063134966	0	0	0	0.542424242424242	-Inf	"SD"	NA	NA
"ECK120001044"	"uidA"	"-"	1692284	1694095	1812	"MOPS1h"	11	0.694638373049968	2	38	0	0.301876379690949	-Inf	"SD"	2	2.94117647058824
"ECK120001046"	"umuD"	"+"	1229990	1230409	420	"MOPS1h"	5	1.3622129133837	0	0	0	0.452380952380952	-Inf	"SD"	NA	NA
"ECK120001048"	"usg"	"-"	2433658	2434671	1014	"MOPS1h"	268	30.2427387634062	1	47	0	0.933925049309665	-Inf	"SD"	5	13.8888888888889
"ECK120001052"	"uvrC"	"-"	1990898	1992730	1833	"MOPS1h"	228	14.2330069378749	6	112	0	0.931805782869613	-Inf	"SD"	7	10.2941176470588
"ECK120001054"	"uxaB"	"-"	1607253	1608704	1452	"MOPS1h"	14	1.10327988026118	1	53	0	0.449724517906336	-Inf	"SD"	8	14.5454545454545
"ECK120001058"	"xerC"	"+"	3994310	3995206	897	"MOPS1h"	155	19.7725887762049	0	0	0	0.988851727982163	-Inf	"SD"	5	14.7058823529412
"ECK120001059"	"dsbC"	"-"	3036134	3036844	711	"MOPS1h"	113	18.185829780363	2	97	0	1	-Inf	"SD"	6	23.0769230769231
"ECK120001064"	"xylB"	"-"	3725940	3727394	1455	"MOPS1h"	48	3.7748745476035	2	55	0	0.795189003436426	-Inf	"SD"	NA	NA
"ECK120001067"	"ribF"	"+"	21407	22348	942	"MOPS1h"	1087	132.039210929129	0	0	0	1	-Inf	"SD"	10	28.5714285714286
"ECK120001068"	"fkpB"	"+"	25826	26275	450	"MOPS1h"	217	55.1787044114625	2	100	0	1	-Inf	"SD"	1	6.25
"ECK120001069"	"ispH"	"+"	26277	27227	951	"MOPS1h"	223	26.8317269122014	0	0	0	1	-Inf	"SD"	3	8.57142857142857
"ECK120001070"	"rihC"	"+"	27293	28207	915	"MOPS1h"	61	7.62839231494874	1	73	0	0.946448087431694	-Inf	"SD"	4	12.1212121212121
"ECK120001071"	"hepA"	"-"	60358	63264	2907	"MOPS1h"	395	15.5480648318099	4	43	0	0.96422428620571	-Inf	"SD"	19	17.2727272727273
"ECK120001072"	"mraZ"	"+"	89634	90092	459	"MOPS1h"	426	106.199187129679	1	40	0	1	-Inf	"SD"	1	5.88235294117647
"ECK120001073"	"rsmH"	"+"	90094	91035	942	"MOPS1h"	438	53.2043922603113	2	50	0	1	-Inf	"SD"	11	31.4285714285714
"ECK120001074"	"ftsL"	"+"	91032	91397	366	"MOPS1h"	235	73.4701718857768	0	0	0	1	-Inf	"SD"	1	7.14285714285714
"ECK120001075"	"secM"	"+"	107705	108217	513	"MOPS1h"	293	65.3543552128649	6	260	0	1	-Inf	"SD"	NA	NA
"ECK120001079"	"frsA"	"+"	256527	257771	1245	"MOPS1h"	273	25.0909771323013	6	100	0	0.94859437751004	-Inf	"SD"	2	4.25531914893617
"ECK120001081"	"yaiA"	"+"	406203	406394	192	"MOPS1h"	180	107.274266928967	13	266	48.8721804511278	1	-5.3666486088186	"SD"	NA	NA
"ECK120001084"	"yajC"	"+"	426511	426843	333	"MOPS1h"	592	203.4237950653	0	0	0	1	-Inf	"SD"	2	16.6666666666667
"ECK120001088"	"ybaB"	"+"	493300	493629	330	"MOPS1h"	919	318.658751701722	0	0	0	1	-Inf	"SD"	9	75
"ECK120001093"	"entH"	"+"	628523	628936	414	"MOPS1h"	14	3.86947436265516	0	0	0	0.932367149758454	-Inf	"SD"	NA	NA
"ECK120001094"	"ybgA"	"+"	738224	738733	510	"MOPS1h"	7	1.57055135896003	4	89	0	0.486274509803922	-Inf	"SD"	NA	NA
"ECK120001096"	"ybgC"	"+"	773975	774379	405	"MOPS1h"	263	74.3061918085747	5	100	0	1	-Inf	"SD"	1	6.25
"ECK120001098"	"aat"	"-"	925951	926655	705	"MOPS1h"	92	14.9321721909635	2	70	0	0.940425531914894	-Inf	"SD"	0	0
"ECK120001099"	"yccA"	"-"	1029982	1030641	660	"MOPS1h"	1982	343.624399277918	0	0	0	1	-Inf	"SD"	NA	NA
"ECK120001101"	"yceB"	"-"	1121936	1122496	561	"MOPS1h"	240	48.9522501494037	0	0	0	0.991087344028521	-Inf	"SD"	6	28.5714285714286
"ECK120001106"	"yciB"	"-"	1310375	1310914	540	"MOPS1h"	102	21.6137782256881	0	0	0	1	-Inf	"SD"	NA	NA
"ECK120001110"	"yciF"	"-"	1313294	1313794	501	"MOPS1h"	0	0	0	0	0	0	NA	"NO"	NA	NA
"ECK120001111"	"yciG"	"-"	1313880	1314059	180	"MOPS1h"	0	0	0	0	0	0	NA	"NO"	NA	NA
"ECK120001113"	"rem"	"-"	1642675	1642926	252	"MOPS1h"	15	6.81106456691851	0	0	0	0.738095238095238	-Inf	"SD"	NA	NA
"ECK120001114"	"hokD"	"-"	1643143	1643298	156	"MOPS1h"	501	367.483129787434	0	0	0	1	-Inf	"SD"	NA	NA
"ECK120001115"	"relE"	"-"	1643370	1643657	288	"MOPS1h"	1051	417.575016823496	0	0	0	1	-Inf	"SD"	0	0
"ECK120001117"	"nlpC"	"-"	1790291	1790755	465	"MOPS1h"	423	104.090643523333	1	49	0	1	-Inf	"SD"	NA	NA
"ECK120001121"	"yebC"	"-"	1945435	1946175	741	"MOPS1h"	908	140.214174533876	0	0	0	1	-Inf	"SD"	2	7.69230769230769
"ECK120001122"	"nudB"	"-"	1946204	1946656	453	"MOPS1h"	506	127.813460641194	0	0	0	1	-Inf	"SD"	1	5.88235294117647
"ECK120001126"	"yfaA"	"-"	2332978	2334666	1689	"MOPS1h"	19	1.28720651850822	3	42	0	0.44582593250444	-Inf	"SD"	NA	NA
"ECK120001128"	"yfcA"	"-"	2442773	2443582	810	"MOPS1h"	97	13.7028528620375	1	100	0	0.850617283950617	-Inf	"SD"	NA	NA
"ECK120001133"	"hyfA"	"+"	2599223	2599840	618	"MOPS1h"	0	0	0	0	0	0	NA	"NO"	NA	NA
"ECK120001134"	"raiA"	"+"	2735176	2735517	342	"MOPS1h"	975	326.21414504715	24	174	74.7126436781609	1	-6.97116390696115	"SD"	5	38.4615384615385
"ECK120001136"	"rimM"	"-"	2743392	2743940	549	"MOPS1h"	2312	481.880957162882	0	0	0	1	-Inf	"SD"	8	38.0952380952381
"ECK120001137"	"ppdC"	"-"	2960463	2960786	324	"MOPS1h"	18	0	1	55	0	0.203703703703704	NA	"NO"	NA	NA
"ECK120001138"	"ygdB"	"-"	2960771	2961178	408	"MOPS1h"	8	2.24364479851433	0	0	0	0.340686274509804	-Inf	"SD"	NA	NA
"ECK120001139"	"ppdB"	"-"	2961175	2961738	564	"MOPS1h"	12	2.43459329200492	0	0	0	0.574468085106383	-Inf	"SD"	NA	NA
"ECK120001142"	"argO"	"-"	3066195	3066830	636	"MOPS1h"	36	6.47693687118289	4	63	0	0.875786163522013	-Inf	"SD"	1	4.34782608695652
"ECK120001143"	"mscS"	"-"	3066969	3067829	861	"MOPS1h"	1897	252.109063091598	2	76	0	1	-Inf	"SD"	19	61.2903225806452
"ECK120001144"	"yggC"	"-"	3071998	3072711	714	"MOPS1h"	65	10.4169222788166	4	127	0	0.920168067226891	-Inf	"SD"	NA	NA
"ECK120001145"	"yggD"	"-"	3072708	3073217	510	"MOPS1h"	144	32.3084850986064	0	0	0	1	-Inf	"SD"	1	5.26315789473684
"ECK120001146"	"ygiA"	"+"	3177618	3177878	261	"MOPS1h"	228	99.9582441269145	1	60	0	0.980842911877395	-Inf	"SD"	NA	NA
"ECK120001147"	"ygiB"	"+"	3177862	3178437	576	"MOPS1h"	650	129.126432414497	4	86	0	1	-Inf	"SD"	1	4.34782608695652
"ECK120001152"	"ttdB"	"+"	3205393	3205998	606	"MOPS1h"	9	1.69939432758759	4	58	0	0.594059405940594	-Inf	"SD"	NA	NA
"ECK120001154"	"tdcD"	"-"	3260474	3261694	1221	"MOPS1h"	14	1.31200850625654	1	71	0	0.384111384111384	-Inf	"SD"	NA	NA
"ECK120001155"	"yhaB"	"+"	3265876	3266415	540	"MOPS1h"	0	0	2	99	0	0	NA	"NO"	NA	NA
"ECK120001157"	"garK"	"-"	3268647	3269873	1227	"MOPS1h"	23	2.14490248464329	0	0	0	0.464547677261614	-Inf	"SD"	5	12.8205128205128
"ECK120001158"	"garR"	"-"	3269889	3270779	891	"MOPS1h"	37	4.75169218271218	0	0	0	0.890011223344557	-Inf	"SD"	66	220
"ECK120001159"	"truB"	"-"	3309855	3310799	945	"MOPS1h"	317	38.3841327593452	3	112	0	1	-Inf	"SD"	4	11.4285714285714
"ECK120001160"	"rbfA"	"-"	3310799	3311200	402	"MOPS1h"	210	59.7747159007177	1	37	0	1	-Inf	"SD"	12	80
"ECK120001161"	"rimP"	"-"	3315576	3316028	453	"MOPS1h"	273	68.9586457609604	0	0	0	1	-Inf	"SD"	13	76.4705882352941
"ECK120001163"	"bfd"	"-"	3464819	3465013	195	"MOPS1h"	1	0.58679940884221	0	0	0	0.507692307692308	-Inf	"SD"	NA	NA
"ECK120001165"	"damX"	"-"	3514042	3515328	1287	"MOPS1h"	1879	167.060013517351	0	0	0	1	-Inf	"SD"	5	10.8695652173913
"ECK120001168"	"yibA"	"+"	3764360	3765202	843	"MOPS1h"	6	0	1	61	0	0.227758007117438	NA	"NO"	0	0
"ECK120001170"	"waaC"	"+"	3794002	3794961	960	"MOPS1h"	84	10.0122649133702	7	171	0	0.935416666666667	-Inf	"SD"	4	11.1111111111111
"ECK120001174"	"dinD"	"+"	3815783	3816607	825	"MOPS1h"	33	4.57703538896924	1	58	0	0.808484848484848	-Inf	"SD"	NA	NA
"ECK120001177"	"yidB"	"-"	3875090	3875488	399	"MOPS1h"	45	12.9051749688982	0	0	0	1	-Inf	"SD"	NA	NA
"ECK120001178"	"yidC"	"+"	3883099	3884745	1647	"MOPS1h"	1525	105.949893263177	6	136	0	1	-Inf	"SD"	10	16.1290322580645
"ECK120001179"	"glmU"	"-"	3911853	3913223	1371	"MOPS1h"	1104	92.1416314628381	2	37	0	1	-Inf	"SD"	4	8.16326530612245
"ECK120001180"	"mioC"	"-"	3924035	3924478	444	"MOPS1h"	503	129.631126162811	9	365	21.9178082191781	1	-6.34019645480658	"SD"	1	6.25
"ECK120001181"	"yigA"	"+"	3993606	3994313	708	"MOPS1h"	355	57.3745608433644	1	65	0	1	-Inf	"SD"	4	14.8148148148148
"ECK120001182"	"yigB"	"+"	3995206	3995922	717	"MOPS1h"	72	11.4904654116383	0	0	0	1	-Inf	"SD"	4	14.8148148148148
"ECK120001184"	"murI"	"+"	4163451	4164308	858	"MOPS1h"	283	37.7418710687149	3	100	0	1	-Inf	"SD"	5	16.1290322580645
"ECK120001185"	"murB"	"+"	4170080	4171108	1029	"MOPS1h"	372	41.3667921452031	4	109	0	0.993197278911565	-Inf	"SD"	4	10.5263157894737
"ECK120001192"	"nsrR"	"+"	4404213	4404638	426	"MOPS1h"	206	55.3327048196986	1	100	0	1	-Inf	"SD"	4	25
"ECK120001194"	"yjjA"	"-"	4597718	4598212	495	"MOPS1h"	124	28.6642620319286	1	51	0	0.965656565656566	-Inf	"SD"	NA	NA
"ECK120001195"	"yjjB"	"-"	4599647	4599973	327	"MOPS1h"	3	1.0497787589379	3	148	0	0.305810397553517	-Inf	"SD"	NA	NA
"ECK120001197"	"creB"	"+"	4634030	4634719	690	"MOPS1h"	165	27.36271156449	2	77	0	1	-Inf	"SD"	NA	NA
"ECK120001201"	"argH"	"+"	4154873	4156246	1374	"MOPS1h"	1832	152.567846298975	1	48	0	1	-Inf	"SD"	11	22
"ECK120001202"	"fliO"	"+"	2019528	2019893	366	"MOPS1h"	4	1.25055611720471	0	0	0	0.371584699453552	-Inf	"SD"	1	7.69230769230769
"ECK120001203"	"dcuA"	"-"	4363495	4364796	1302	"MOPS1h"	3108	273.145660309455	4	55	0	1	-Inf	"SD"	4	8.69565217391304
"ECK120001204"	"leuA"	"-"	81958	83529	1572	"MOPS1h"	2250	163.777506761781	8	212	33.0188679245283	1	-6.87016659313935	"SD"	10	17.5438596491228
"ECK120001206"	"fdnH"	"+"	1548485	1549369	885	"MOPS1h"	30	3.87884354997393	0	0	0	0.805649717514124	-Inf	"SD"	NA	NA
"ECK120001207"	"fdnI"	"+"	1549362	1550015	654	"MOPS1h"	23	4.02415190926195	1	67	0	0.844036697247706	-Inf	"SD"	0	0
"ECK120001209"	"rpmI"	"-"	1797826	1798023	198	"MOPS1h"	486	280.863535232204	1	60	0	1	-Inf	"SD"	NA	NA
"ECK120001210"	"rpmJ"	"-"	3440640	3440756	117	"MOPS1h"	1626	1590.22639796239	0	0	0	1	-Inf	"SD"	NA	NA
"ECK120001211"	"rstB"	"+"	1680906	1682207	1302	"MOPS1h"	107	9.40366333755201	6	99	0	0.920890937019969	-Inf	"SD"	2	4.08163265306122
"ECK120001212"	"ydiB"	"+"	1771813	1772679	867	"MOPS1h"	22	2.90354032748914	3	146	0	0.307958477508651	-Inf	"SD"	NA	NA
"ECK120001215"	"chiA"	"-"	3465182	3467875	2694	"MOPS1h"	64	2.7183580632334	17	194	67.0103092783505	0.553823311061618	-0.0642238777477675	"SD"	0	0
"ECK120001216"	"ybhB"	"-"	806656	807132	477	"MOPS1h"	48	11.5145544376585	7	128	46.875	1	-3.26235227534566	"SD"	2	11.7647058823529
"ECK120001221"	"yggF"	"-"	3073239	3074204	966	"MOPS1h"	63	7.46255769940637	0	0	0	0.591097308488613	-Inf	"SD"	NA	NA
"ECK120001224"	"mazF"	"-"	2908778	2909113	336	"MOPS1h"	71	24.1792792125607	2	100	0	1	-Inf	"SD"	NA	NA
"ECK120001226"	"ychA"	"+"	1266543	1267352	810	"MOPS1h"	257	36.305496758182	2	153	0	1	-Inf	"SD"	NA	NA
"ECK120001227"	"mukE"	"+"	974872	975549	678	"MOPS1h"	323	54.5126264984169	0	0	0	1	-Inf	"SD"	4	14.8148148148148
"ECK120001228"	"ycbB"	"+"	980270	982117	1848	"MOPS1h"	303	18.761386943421	5	141	0	0.88961038961039	-Inf	"SD"	1	1.47058823529412
"ECK120001229"	"rlmH"	"-"	667471	667938	468	"MOPS1h"	233	56.9684426084313	0	0	0	1	-Inf	"SD"	4	23.5294117647059
"ECK120001230"	"rsfS"	"-"	667942	668259	318	"MOPS1h"	204	73.4052845400727	0	0	0	1	-Inf	"SD"	0	0
"ECK120001233"	"focA"	"-"	952832	953689	858	"MOPS1h"	1770	236.05339855698	2	36	0	1	-Inf	"SD"	NA	NA
"ECK120001234"	"rnr"	"+"	4404677	4407118	2442	"MOPS1h"	2330	109.177850699205	11	279	32.258064516129	0.999180999180999	-5.92253948446309	"SD"	22	23.9130434782609
"ECK120001236"	"nfsA"	"+"	890407	891129	723	"MOPS1h"	97	15.3517438703325	2	76	0	0.968188105117566	-Inf	"SD"	5	18.5185185185185
"ECK120001238"	"gspB"	"-"	3451530	3451949	420	"MOPS1h"	37	10.0803755590394	2	87	0	0.711904761904762	-Inf	"SD"	NA	NA
"ECK120001239"	"cmk"	"+"	960424	961107	684	"MOPS1h"	198	33.1232824201722	8	147	0	0.963450292397661	-Inf	"SD"	11	44
"ECK120001241"	"yiaB"	"-"	3725430	3725771	342	"MOPS1h"	4	1.33831444121908	0	0	0	0.385964912280702	-Inf	"SD"	NA	NA
"ECK120001242"	"fmt"	"+"	3432236	3433183	948	"MOPS1h"	746	90.0439978948063	4	67	0	1	-Inf	"SD"	9	26.4705882352941
"ECK120001245"	"pheL"	"+"	2735621	2735668	48	"MOPS1h"	77	183.558190078454	0	0	0	1	-Inf	"SD"	NA	NA
"ECK120001246"	"pheM"	"-"	1797250	1797294	45	"MOPS1h"	54	137.311061669077	0	0	0	1	-Inf	"SD"	NA	NA
"ECK120001247"	"fruL"	"+"	87860	87946	87	"MOPS1h"	2	2.63048010860301	1	52	0	0.862068965517241	-Inf	"SD"	NA	NA
"ECK120001249"	"ivbL"	"-"	3850913	3851011	99	"MOPS1h"	282	325.940398911446	0	0	0	1	-Inf	"SD"	NA	NA
"ECK120001250"	"tnaC"	"+"	3886458	3886532	75	"MOPS1h"	4	6.10271385195899	0	0	0	0.76	-Inf	"SD"	NA	NA
"ECK120001251"	"thrL"	"+"	190	255	66	"MOPS1h"	184	319.005496806947	0	0	0	1	-Inf	"SD"	NA	NA
"ECK120001254"	"mutL"	"+"	4395435	4397282	1848	"MOPS1h"	227	14.0555605153682	5	51	0	0.943181818181818	-Inf	"SD"	7	10.2941176470588
"ECK120001255"	"hyfB"	"+"	2599840	2601858	2019	"MOPS1h"	13	0.736768945723132	4	45	0	0.312035661218425	-Inf	"SD"	NA	NA
"ECK120001256"	"phnE_1"	"-"	4320684	4321304	621	"MOPS1h"	0	0	5	60	0	0	NA	"NO"	NA	NA
"ECK120001257"	"fabZ"	"+"	202101	202556	456	"MOPS1h"	1825	457.954472854653	0	0	0	1	-Inf	"SD"	23	135.294117647059
"ECK120001258"	"glrR"	"-"	2685491	2686825	1335	"MOPS1h"	141	12.0854305214356	0	0	0	0.824719101123595	-Inf	"SD"	0	0
"ECK120001263"	"yeiB"	"-"	2239832	2240989	1158	"MOPS1h"	78	7.70744301251297	0	0	0	0.706390328151986	-Inf	"SD"	NA	NA
"ECK120001267"	"ispE"	"-"	1261249	1262100	852	"MOPS1h"	331	44.4541876100006	3	96	0	0.996478873239437	-Inf	"SD"	3	9.67741935483871
"ECK120001268"	"wzzE"	"+"	3967054	3968100	1047	"MOPS1h"	321	35.0818615057098	0	0	0	1	-Inf	"SD"	5	12.8205128205128
"ECK120001269"	"radA"	"+"	4623935	4625317	1383	"MOPS1h"	244	20.1879362781724	0	0	0	1	-Inf	"SD"	5	10.2040816326531
"ECK120001270"	"dsbA"	"+"	4041441	4042067	627	"MOPS1h"	629	114.790879571836	0	0	0	1	-Inf	"SD"	17	73.9130434782609
"ECK120001271"	"yhdE"	"-"	3395807	3396400	594	"MOPS1h"	202	38.9125062530213	0	0	0	1	-Inf	"SD"	2	9.09090909090909
"ECK120001272"	"rng"	"-"	3394348	3395817	1470	"MOPS1h"	609	47.4050093857529	3	46	0	1	-Inf	"SD"	10	18.1818181818182
"ECK120001273"	"ydfA"	"+"	1646532	1646687	156	"MOPS1h"	3	2.20049778315829	0	0	0	0.333333333333333	-Inf	"SD"	NA	NA
"ECK120001274"	"ydfB"	"+"	1646689	1646817	129	"MOPS1h"	3	2.66106708661002	0	0	0	0.496124031007752	-Inf	"SD"	NA	NA
"ECK120001275"	"ydfC"	"+"	1646847	1647065	219	"MOPS1h"	11	5.74741886742713	0	0	0	0.666666666666667	-Inf	"SD"	NA	NA
"ECK120001276"	"ydfD"	"+"	1647818	1648009	192	"MOPS1h"	4	2.38387259842148	3	168	0	0.432291666666667	-Inf	"SD"	NA	NA
"ECK120001277"	"ydfE"	"+"	1648102	1649022	921	"MOPS1h"	15	1.86361375772363	0	0	0	0.489685124864278	-Inf	"SD"	NA	NA
"ECK120001280"	"ydbC"	"+"	1472245	1473105	861	"MOPS1h"	19	2.52507759554052	1	44	0	0.396051103368177	-Inf	"SD"	6	19.3548387096774
"ECK120001281"	"ydbD"	"+"	1473168	1475474	2307	"MOPS1h"	14	0.694392018265815	4	115	0	0.305591677503251	-Inf	"SD"	NA	NA
"ECK120001282"	"dusB"	"+"	3408302	3409267	966	"MOPS1h"	2375	281.326579937939	6	162	0	1	-Inf	"SD"	NA	NA
"ECK120001285"	"purB"	"-"	1189839	1191209	1371	"MOPS1h"	553	46.1542773541209	6	132	0	1	-Inf	"SD"	13	25
"ECK120001288"	"fabD"	"+"	1148951	1149880	930	"MOPS1h"	2064	253.951640936358	0	0	0	1	-Inf	"SD"	37	115.625
"ECK120001289"	"fabG"	"+"	1149893	1150627	735	"MOPS1h"	1648	256.563072143582	1	51	0	1	-Inf	"SD"	48	184.615384615385
"ECK120001292"	"ribD"	"+"	432679	433782	1104	"MOPS1h"	489	50.683204375135	4	63	0	1	-Inf	"SD"	9	22.5
"ECK120001293"	"ribE"	"+"	433871	434341	471	"MOPS1h"	459	111.510575559283	1	40	0	1	-Inf	"SD"	24	150
"ECK120001295"	"ubiH"	"-"	3050362	3051540	1179	"MOPS1h"	539	52.3117488264296	0	0	0	1	-Inf	"SD"	3	7.14285714285714
"ECK120001298"	"codB"	"+"	354146	355405	1260	"MOPS1h"	126	11.4425884724231	0	0	0	0.973015873015873	-Inf	"SD"	NA	NA
"ECK120001299"	"fdx"	"-"	2654770	2655105	336	"MOPS1h"	114	38.8230680314355	0	0	0	1	-Inf	"SD"	NA	NA
"ECK120001300"	"gabD"	"+"	2789295	2790743	1449	"MOPS1h"	12	0.947626374527794	0	0	0	0.339544513457557	-Inf	"SD"	0	0
"ECK120001301"	"gabP"	"+"	2792275	2793675	1401	"MOPS1h"	5	0	4	124	0	0.124910778015703	NA	"NO"	NA	NA
"ECK120001304"	"ubiI"	"-"	3049137	3050339	1203	"MOPS1h"	163	15.5040891189108	1	52	0	0.969243557772236	-Inf	"SD"	3	6.81818181818182
"ECK120001307"	"endA"	"+"	3088369	3089076	708	"MOPS1h"	8	1.29294784999131	0	0	0	0.488700564971751	-Inf	"SD"	NA	NA
"ECK120001308"	"lysP"	"-"	2245085	2246554	1470	"MOPS1h"	155	12.0653143756842	8	118	0	1	-Inf	"SD"	NA	NA
"ECK120001310"	"waaG"	"-"	3803966	3805090	1125	"MOPS1h"	223	22.6817531497809	14	182	49.4505494505495	0.897777777777778	-3.65546334372476	"SD"	2	4.76190476190476
"ECK120001311"	"waaP"	"-"	3803176	3803973	798	"MOPS1h"	94	13.4787383008493	0	0	0	0.982456140350877	-Inf	"SD"	2	6.45161290322581
"ECK120001314"	"mdtG"	"-"	1113487	1114713	1227	"MOPS1h"	27	2.51792900371169	1	75	0	0.556642216788916	-Inf	"SD"	NA	NA
"ECK120001315"	"mnmA"	"-"	1191890	1192996	1107	"MOPS1h"	867	89.6181048382189	0	0	0	1	-Inf	"SD"	6	14.6341463414634
"ECK120001316"	"hflD"	"-"	1191213	1191854	642	"MOPS1h"	197	35.1119926646005	4	79	0	1	-Inf	"SD"	9	39.1304347826087
"ECK120001319"	"waaS"	"-"	3802204	3803139	936	"MOPS1h"	85	10.3912395315808	0	0	0	0.772435897435897	-Inf	"SD"	5	13.5135135135135
"ECK120001320"	"waaB"	"-"	3801081	3802190	1110	"MOPS1h"	179	18.4524624915652	0	0	0	0.935135135135135	-Inf	"SD"	0	0
"ECK120001321"	"waaI"	"-"	3800062	3801081	1020	"MOPS1h"	118	13.2375043112346	0	0	0	0.874509803921569	-Inf	"SD"	1	2.56410256410256
"ECK120001322"	"waaJ"	"-"	3799006	3800022	1017	"MOPS1h"	108	12.151421386644	0	0	0	0.843657817109145	-Inf	"SD"	2	5.12820512820513
"ECK120001323"	"emrA"	"+"	2809449	2810621	1173	"MOPS1h"	114	11.1206742187232	4	78	0	0.895993179880648	-Inf	"SD"	4	9.30232558139535
"ECK120001324"	"fliA"	"-"	1999094	1999813	720	"MOPS1h"	1267	201.357772146668	1	44	0	1	-Inf	"SD"	7	25
"ECK120001325"	"fliZ"	"-"	1998497	1999048	552	"MOPS1h"	220	45.6045192741501	8	118	0	1	-Inf	"SD"	8	36.3636363636364
"ECK120001331"	"gluQ"	"-"	159186	160112	927	"MOPS1h"	105	12.9608607292818	6	184	0	0.666666666666667	-Inf	"SD"	1	2.85714285714286
"ECK120001332"	"amiB"	"+"	4394088	4395425	1338	"MOPS1h"	240	20.5248223720594	0	0	0	0.891629297458894	-Inf	"SD"	3	6.25
"ECK120001333"	"bglH"	"-"	3898627	3900243	1617	"MOPS1h"	7	0	0	0	0	0.244279529993816	NA	"NO"	NA	NA
"ECK120001336"	"menB"	"-"	2373984	2374841	858	"MOPS1h"	267	35.6080550365614	0	0	0	1	-Inf	"SD"	18	56.25
"ECK120001337"	"ubiC"	"+"	4250529	4251026	498	"MOPS1h"	112	25.734335520309	1	59	0	1	-Inf	"SD"	4	21.0526315789474
"ECK120001342"	"folK"	"-"	157253	157732	480	"MOPS1h"	38	9.05871587400162	0	0	0	0.854166666666667	-Inf	"SD"	3	16.6666666666667
"ECK120001344"	"ftsP"	"-"	3159279	3160691	1413	"MOPS1h"	479	38.7898080558434	5	79	0	1	-Inf	"SD"	2	3.84615384615385
"ECK120001345"	"plsC"	"-"	3160766	3161503	738	"MOPS1h"	213	33.0253569732537	5	213	0	0.990514905149051	-Inf	"SD"	1	3.7037037037037
"ECK120001346"	"sufA"	"-"	1762042	1762410	369	"MOPS1h"	3	0	1	91	0	0.230352303523035	NA	"NO"	1	7.69230769230769
"ECK120001347"	"appB"	"+"	1038519	1039655	1137	"MOPS1h"	24	2.41532210499696	2	100	0	0.680738786279683	-Inf	"SD"	NA	NA
"ECK120001348"	"appC"	"+"	1036963	1038507	1545	"MOPS1h"	30	2.22186183930546	0	0	0	0.601294498381877	-Inf	"SD"	NA	NA
"ECK120001350"	"elbB"	"-"	3347828	3348481	654	"MOPS1h"	269	47.0650810257158	0	0	0	1	-Inf	"SD"	7	30.4347826086957
"ECK120001355"	"fliS"	"+"	2003327	2003737	411	"MOPS1h"	465	129.45994257121	1	49	0	1	-Inf	"SD"	NA	NA
"ECK120001356"	"fliT"	"+"	2003737	2004102	366	"MOPS1h"	554	173.202022232852	1	46	0	1	-Inf	"SD"	NA	NA
"ECK120001358"	"osmY"	"+"	4609419	4610024	606	"MOPS1h"	56	10.5740091494339	2	100	0	1	-Inf	"SD"	1	4.76190476190476
"ECK120001365"	"hdeB"	"-"	3653989	3654315	327	"MOPS1h"	50	17.496312648965	0	0	0	0.871559633027523	-Inf	"SD"	0	0
"ECK120001367"	"psiF"	"+"	402505	402825	321	"MOPS1h"	24	8.55520633452195	7	215	27.906976744186	1	-2.83376824422886	"SD"	NA	NA
"ECK120001368"	"treC"	"-"	4461077	4462732	1656	"MOPS1h"	13	0.898270834187804	4	44	0	0.318840579710145	-Inf	"SD"	34	53.125
"ECK120001370"	"ychF"	"-"	1255944	1257035	1092	"MOPS1h"	962	100.803755590394	0	0	0	1	-Inf	"SD"	11	27.5
"ECK120001371"	"cydD"	"-"	928419	930185	1767	"MOPS1h"	418	27.0684888594955	2	69	0	1	-Inf	"SD"	9	13.8461538461538
"ECK120001375"	"lpxK"	"+"	967589	968575	987	"MOPS1h"	106	12.2888994739296	0	0	0	0.932117527862209	-Inf	"SD"	0	0
"ECK120001377"	"glnD"	"-"	185978	188650	2673	"MOPS1h"	432	18.4930722786636	7	74	0	0.930041152263374	-Inf	"SD"	8	7.84313725490196
"ECK120001378"	"holA"	"-"	669797	670828	1032	"MOPS1h"	271	30.0478825196382	6	115	0	0.959302325581395	-Inf	"SD"	1	2.56410256410256
"ECK120001379"	"holC"	"-"	4481860	4482303	444	"MOPS1h"	1297	334.257595692179	2	39	0	1	-Inf	"SD"	4	23.5294117647059
"ECK120001381"	"dps"	"-"	847631	848134	504	"MOPS1h"	557	126.45876545912	4	146	0	1	-Inf	"SD"	10	52.6315789473684
"ECK120001382"	"nrdD"	"-"	4458545	4460683	2139	"MOPS1h"	418	22.3609255795833	3	88	0	0.985039738195418	-Inf	"SD"	12	15
"ECK120001383"	"dcd"	"-"	2139658	2140239	582	"MOPS1h"	764	150.208549706723	8	149	53.6912751677852	1	-6.55275121647863	"SD"	7	33.3333333333333
"ECK120001384"	"bcr"	"-"	2276592	2277782	1191	"MOPS1h"	208	19.9836977520068	0	0	0	1	-Inf	"SD"	0	0
"ECK120001389"	"waaY"	"-"	3798290	3798988	699	"MOPS1h"	29	4.74728277110544	2	64	0	0.793991416309013	-Inf	"SD"	4	14.8148148148148
"ECK120001390"	"waaZ"	"-"	3797368	3798219	852	"MOPS1h"	55	7.38664748806656	0	0	0	0.877934272300469	-Inf	"SD"	1	3.03030303030303
"ECK120001401"	"plsX"	"+"	1146844	1147914	1071	"MOPS1h"	476	50.8559487663249	5	100	0	0.943977591036415	-Inf	"SD"	1	2.63157894736842
"ECK120001406"	"gcvT"	"-"	3047595	3048689	1095	"MOPS1h"	43	4.49343656907939	1	100	0	0.665753424657534	-Inf	"SD"	51	127.5
"ECK120001407"	"rpiA"	"-"	3056688	3057347	660	"MOPS1h"	1295	224.51745563315	0	0	0	1	-Inf	"SD"	11	47.8260869565217
"ECK120001408"	"scpA"	"+"	3058872	3061016	2145	"MOPS1h"	8	0	9	142	0	0.198601398601399	NA	"NO"	NA	NA
"ECK120001409"	"argK"	"+"	3061009	3062004	996	"MOPS1h"	9	1.03396883786956	0	0	0	0.427710843373494	-Inf	"SD"	NA	NA
"ECK120001410"	"csrA"	"-"	2816983	2817168	186	"MOPS1h"	690	424.48312075118	3	92	0	1	-Inf	"SD"	1	14.2857142857143
"ECK120001414"	"rffE"	"+"	3968156	3969286	1131	"MOPS1h"	242	24.4836994723819	3	68	0	0.993810786914235	-Inf	"SD"	2	4.76190476190476
"ECK120001415"	"rffD"	"+"	3969283	3970545	1263	"MOPS1h"	147	13.3179770819176	0	0	0	0.925574030087094	-Inf	"SD"	3	6.52173913043478
"ECK120001416"	"rffG"	"+"	3970545	3971612	1068	"MOPS1h"	156	16.7138932743259	1	47	0	1	-Inf	"SD"	7	17.5
"ECK120001417"	"rffH"	"+"	3971631	3972512	882	"MOPS1h"	60	7.78407379076402	1	94	0	0.979591836734694	-Inf	"SD"	5	15.1515151515152
"ECK120001418"	"rffC"	"+"	3972619	3973164	546	"MOPS1h"	40	8.38284869774586	0	0	0	0.888278388278388	-Inf	"SD"	0	0
"ECK120001419"	"rffA"	"+"	3973169	3974299	1131	"MOPS1h"	66	6.67737258337688	1	44	0	0.82316534040672	-Inf	"SD"	4	9.52380952380952
"ECK120001420"	"wzyE"	"+"	3976624	3977976	1353	"MOPS1h"	68	5.750894428121	4	134	0	0.643754619364376	-Inf	"SD"	NA	NA
"ECK120001421"	"rffM"	"+"	3977979	3978719	741	"MOPS1h"	55	8.49314933850568	5	162	0	0.821862348178138	-Inf	"SD"	1	3.57142857142857
"ECK120001422"	"yifK"	"+"	3978910	3980295	1386	"MOPS1h"	127	10.4849115151352	2	100	0	0.928571428571429	-Inf	"SD"	NA	NA
"ECK120001428"	"rarD"	"-"	4001311	4002201	891	"MOPS1h"	30	3.85272339138825	2	36	0	0.735129068462402	-Inf	"SD"	NA	NA
"ECK120001432"	"yigL"	"+"	4008223	4009023	801	"MOPS1h"	233	33.2849327599823	3	54	0	1	-Inf	"SD"	7	23.3333333333333
"ECK120001434"	"rmuC"	"+"	4015356	4016783	1428	"MOPS1h"	142	11.3784843353227	6	100	0	0.946778711484594	-Inf	"SD"	2	3.63636363636364
"ECK120001435"	"ubiE"	"+"	4016878	4017633	756	"MOPS1h"	455	68.867430621065	3	193	0	1	-Inf	"SD"	15	53.5714285714286
"ECK120001436"	"ubiJ"	"+"	4017647	4018252	606	"MOPS1h"	141	26.6238444655389	0	0	0	0.986798679867987	-Inf	"SD"	3	13.6363636363636
"ECK120001437"	"ubiB"	"+"	4018249	4019889	1641	"MOPS1h"	337	23.4987953394673	4	63	0	0.960390006093845	-Inf	"SD"	3	4.76190476190476
"ECK120001438"	"tatC"	"+"	4020759	4021535	777	"MOPS1h"	181	26.6551932240487	0	0	0	0.931788931788932	-Inf	"SD"	NA	NA
"ECK120001440"	"yigZ"	"+"	4030515	4031129	615	"MOPS1h"	204	37.9559032255986	0	0	0	0.934959349593496	-Inf	"SD"	0	0
"ECK120001441"	"hemG"	"+"	4032631	4033176	546	"MOPS1h"	111	23.2624051362448	2	62	0	0.86996336996337	-Inf	"SD"	7	33.3333333333333
"ECK120001442"	"wzxE"	"+"	3974301	3975551	1251	"MOPS1h"	32	2.92696108007625	1	71	0	0.676258992805755	-Inf	"SD"	NA	NA
"ECK120001443"	"pdxH"	"-"	1715375	1716031	657	"MOPS1h"	114	19.8547197238392	4	131	0	1	-Inf	"SD"	7	26.9230769230769
"ECK120001444"	"mliC"	"-"	1716090	1716419	330	"MOPS1h"	21	7.28164720972379	2	69	0	0.921212121212121	-Inf	"SD"	0	0
"ECK120001445"	"csgA"	"+"	1103670	1104125	456	"MOPS1h"	50	12.5466978864288	6	116	0	0.995614035087719	-Inf	"SD"	NA	NA
"ECK120001446"	"gadB"	"-"	1568669	1570069	1401	"MOPS1h"	3	0	0	0	0	0.0606709493219129	NA	"NO"	0	0
"ECK120001447"	"dinF"	"+"	4255765	4257144	1380	"MOPS1h"	145	12.0230096268214	0	0	0	0.639130434782609	-Inf	"SD"	NA	NA
"ECK120001449"	"pabC"	"+"	1152523	1153332	810	"MOPS1h"	125	17.6583155438628	0	0	0	1	-Inf	"SD"	2	6.66666666666667
"ECK120001450"	"yceG"	"+"	1153335	1154357	1023	"MOPS1h"	167	18.6794943782469	1	57	0	1	-Inf	"SD"	2	5.26315789473684
"ECK120001453"	"prmA"	"+"	3407092	3407973	882	"MOPS1h"	327	42.4232021596639	20	285	45.6140350877193	1	-4.02826999315063	"SD"	5	15.625
"ECK120001454"	"yhdJ"	"+"	3409675	3410559	885	"MOPS1h"	10	1.29294784999131	2	77	0	0.36271186440678	-Inf	"SD"	NA	NA
"ECK120001455"	"yhbE"	"-"	3329792	3330757	966	"MOPS1h"	294	34.8252692638964	3	104	0	1	-Inf	"SD"	NA	NA
"ECK120001456"	"holB"	"+"	1154985	1155989	1005	"MOPS1h"	88	10.0193809509774	2	60	0	0.928358208955224	-Inf	"SD"	5	13.5135135135135
"ECK120001457"	"adiA"	"-"	4336277	4338544	2268	"MOPS1h"	12	0	13	249	24.0963855421687	0.216931216931217	Inf	"AD"	NA	NA
"ECK120001458"	"rcsF"	"-"	219591	219995	405	"MOPS1h"	186	52.5511470585357	0	0	0	1	-Inf	"SD"	1	7.14285714285714
"ECK120001459"	"yaeB"	"-"	218887	219594	708	"MOPS1h"	37	5.97988380620982	0	0	0	0.690677966101695	-Inf	"SD"	0	0
"ECK120001460"	"metQ"	"-"	220113	220928	816	"MOPS1h"	15980	2240.84024251619	0	0	0	1	-Inf	"SD"	86	296.551724137931
"ECK120001462"	"ftsH"	"-"	3323023	3324957	1935	"MOPS1h"	2962	175.157349123087	5	179	0	1	-Inf	"SD"	37	52.112676056338
"ECK120001464"	"sra"	"-"	1553850	1553987	138	"MOPS1h"	70	58.0421154398273	1	81	0	1	-Inf	"SD"	NA	NA
"ECK120001466"	"ppk"	"+"	2621066	2623132	2067	"MOPS1h"	376	20.8147714834595	20	204	68.6274509803922	0.951136913401064	-2.89410898754575	"SD"	13	16.25
"ECK120001469"	"gltF"	"+"	3359198	3359962	765	"MOPS1h"	13	1.94449215871242	5	123	0	0.372549019607843	-Inf	"SD"	NA	NA
"ECK120001470"	"yhcA"	"+"	3360134	3360808	675	"MOPS1h"	1	0	1	54	0	0.148148148148148	NA	"NO"	NA	NA
"ECK120001472"	"glpX"	"-"	4112592	4113602	1011	"MOPS1h"	284	32.1433741460748	4	199	0	0.961424332344214	-Inf	"SD"	4	11.1111111111111
"ECK120001473"	"nikR"	"+"	3616611	3617012	402	"MOPS1h"	24	6.83139610293917	8	271	29.520295202952	0.788557213930348	-2.09410854089339	"SD"	5	33.3333333333333
"ECK120001474"	"yhhH"	"+"	3621422	3621805	384	"MOPS1h"	3	0.893952224408055	0	0	0	0.263020833333333	-Inf	"SD"	NA	NA
"ECK120001476"	"ybfB"	"+"	732999	733325	327	"MOPS1h"	2	0	0	0	0	0.195718654434251	NA	"NO"	NA	NA
"ECK120001477"	"ybfC"	"+"	734873	735442	570	"MOPS1h"	2	0.401494332365723	0	0	0	0.278947368421053	-Inf	"SD"	NA	NA
"ECK120001478"	"ybfD"	"+"	737315	738076	762	"MOPS1h"	0	0	0	0	0	0	NA	"NO"	NA	NA
"ECK120001480"	"ydcC"	"+"	1529840	1530976	1137	"MOPS1h"	0	0	0	0	0	0	NA	"NO"	NA	NA
"ECK120001482"	"fabI"	"-"	1348275	1349063	789	"MOPS1h"	2770	401.723321528669	4	163	0	1	-Inf	"SD"	33	117.857142857143
"ECK120001483"	"ftsN"	"-"	4120403	4121362	960	"MOPS1h"	349	41.5985768424548	8	179	0	1	-Inf	"SD"	1	2.77777777777778
"ECK120001484"	"fadD"	"-"	1886085	1887770	1686	"MOPS1h"	100	6.7868259029793	4	58	0	0.833926453143535	-Inf	"SD"	7	11.2903225806452
"ECK120001486"	"menC"	"-"	2373022	2373984	963	"MOPS1h"	157	18.6551027016659	0	0	0	1	-Inf	"SD"	2	5.71428571428571
"ECK120001489"	"ibpB"	"-"	3864492	3864920	429	"MOPS1h"	118	31.473786474264	0	0	0	0.836829836829837	-Inf	"SD"	NA	NA
"ECK120001491"	"yceH"	"+"	1125380	1126027	648	"MOPS1h"	481	84.9364977659801	0	0	0	1	-Inf	"SD"	18	75
"ECK120001493"	"pyrH"	"+"	191855	192580	726	"MOPS1h"	488	76.9143687953509	0	0	0	1	-Inf	"SD"	8	30.7692307692308
"ECK120001497"	"hemE"	"+"	4195739	4196803	1065	"MOPS1h"	450	48.3489653764357	4	52	0	1	-Inf	"SD"	11	28.2051282051282
"ECK120001498"	"gadE"	"+"	3656389	3656916	528	"MOPS1h"	6	0	0	0	0	0.130681818181818	NA	"NO"	NA	NA
"ECK120001501"	"rnt"	"+"	1726371	1727018	648	"MOPS1h"	83	14.6564019014061	0	0	0	0.936728395061728	-Inf	"SD"	5	20.8333333333333
"ECK120001505"	"hydN"	"-"	2835600	2836127	528	"MOPS1h"	16	3.46745105224943	0	0	0	0.611742424242424	-Inf	"SD"	NA	NA
"ECK120001506"	"glmM"	"-"	3320755	3322092	1338	"MOPS1h"	535	45.753249871049	0	0	0	1	-Inf	"SD"	24	50
"ECK120001510"	"caiD"	"-"	35377	36162	786	"MOPS1h"	3	0	1	61	0	0.241730279898219	NA	"NO"	NA	NA
"ECK120001511"	"caiC"	"-"	36271	37824	1554	"MOPS1h"	18	1.32539634815712	5	74	0	0.423423423423423	-Inf	"SD"	NA	NA
"ECK120001512"	"caiB"	"-"	37898	39115	1218	"MOPS1h"	17	1.59707720879469	0	0	0	0.493431855500821	-Inf	"SD"	NA	NA
"ECK120001513"	"caiA"	"-"	39244	40386	1143	"MOPS1h"	62	6.20682839274044	0	0	0	0.757655293088364	-Inf	"SD"	NA	NA
"ECK120001516"	"fixB"	"+"	43188	44129	942	"MOPS1h"	3	0	0	0	0	0.152866242038217	NA	"NO"	NA	NA
"ECK120001517"	"fixC"	"+"	44180	45466	1287	"MOPS1h"	3	0	1	92	0	0.154623154623155	NA	"NO"	NA	NA
"ECK120001518"	"fixX"	"+"	45463	45750	288	"MOPS1h"	3	1.19193629921074	0	0	0	0.305555555555556	-Inf	"SD"	NA	NA
"ECK120001519"	"yaaU"	"+"	45807	47138	1332	"MOPS1h"	19	1.63220105837867	1	40	0	0.468468468468468	-Inf	"SD"	NA	NA
"ECK120001520"	"kefF"	"+"	47246	47776	531	"MOPS1h"	16	3.44786093331016	1	66	0	0.807909604519774	-Inf	"SD"	NA	NA
"ECK120001525"	"thiP"	"-"	72911	74521	1611	"MOPS1h"	29	2.05980798075897	0	0	0	0.644320297951583	-Inf	"SD"	NA	NA
"ECK120001526"	"tbpA"	"-"	74497	75480	984	"MOPS1h"	49	5.69803694256842	0	0	0	0.754065040650406	-Inf	"SD"	6	16.6666666666667
"ECK120001528"	"leuC"	"-"	79464	80864	1401	"MOPS1h"	2031	165.880779353971	1	100	0	1	-Inf	"SD"	7	14
"ECK120001529"	"leuB"	"-"	80867	81958	1092	"MOPS1h"	1588	166.399546650255	0	0	0	1	-Inf	"SD"	11	27.5
"ECK120001532"	"ybiB"	"+"	834471	835433	963	"MOPS1h"	219	26.0220859341709	0	0	0	0.976116303219107	-Inf	"SD"	8	22.8571428571429
"ECK120001534"	"gcl"	"+"	533140	534921	1782	"MOPS1h"	6	0	1	44	0	0.217171717171717	NA	"NO"	NA	NA
"ECK120001535"	"thiC"	"-"	4192227	4194122	1896	"MOPS1h"	59	3.56072109637639	2	100	0	0.565928270042194	-Inf	"SD"	0	0
"ECK120001536"	"thiE"	"-"	4191592	4192227	636	"MOPS1h"	14	2.51880878323779	1	100	0	0.724842767295597	-Inf	"SD"	0	0
"ECK120001537"	"thiF"	"-"	4190844	4191599	756	"MOPS1h"	26	3.93528174977514	0	0	0	0.765873015873016	-Inf	"SD"	NA	NA
"ECK120001538"	"thiG"	"-"	4189888	4190658	771	"MOPS1h"	25	3.71030754618129	2	39	0	0.785992217898833	-Inf	"SD"	0	0
"ECK120001539"	"thiH"	"-"	4188758	4189891	1134	"MOPS1h"	30	3.02713980751934	2	100	0	0.835097001763668	-Inf	"SD"	NA	NA
"ECK120001540"	"lipB"	"-"	660860	661501	642	"MOPS1h"	78	13.9022102935982	4	98	0	1	-Inf	"SD"	3	12.5
"ECK120001541"	"ybeD"	"-"	661602	661865	264	"MOPS1h"	391	169.471670178691	2	100	0	1	-Inf	"SD"	2	20
"ECK120001542"	"ybeF"	"-"	659648	660601	954	"MOPS1h"	4	0.479773101569103	46	959	47.9666319082377	0.262054507337526	4.26120968071136	"AD"	NA	NA
"ECK120001544"	"moaB"	"+"	817278	817790	513	"MOPS1h"	147	32.7887038098674	0	0	0	1	-Inf	"SD"	10	52.6315789473684
"ECK120001545"	"moaD"	"+"	818271	818516	246	"MOPS1h"	47	21.8618560245482	0	0	0	1	-Inf	"SD"	0	0
"ECK120001546"	"moaE"	"+"	818518	818970	453	"MOPS1h"	97	24.5017898857625	1	42	0	1	-Inf	"SD"	4	23.5294117647059
"ECK120001549"	"sseB"	"-"	2652179	2652955	777	"MOPS1h"	102	15.0211586124473	0	0	0	1	-Inf	"SD"	1	3.44827586206897
"ECK120001550"	"glnE"	"-"	3194823	3197663	2841	"MOPS1h"	495	19.9369281726485	5	186	0	0.989440337909187	-Inf	"SD"	8	7.40740740740741
"ECK120001553"	"smg"	"-"	3430013	3430486	474	"MOPS1h"	756	182.502043990546	1	47	0	1	-Inf	"SD"	NA	NA
"ECK120001561"	"eptA"	"-"	4331970	4333613	1644	"MOPS1h"	41	2.85368690613958	5	219	0	0.258515815085158	-Inf	"SD"	NA	NA
"ECK120001563"	"basR"	"-"	4331305	4331973	669	"MOPS1h"	112	19.1565008805888	0	0	0	1	-Inf	"SD"	0	0
"ECK120001565"	"baeS"	"+"	2160900	2162303	1404	"MOPS1h"	36	2.93399704421105	0	0	0	0.43019943019943	-Inf	"SD"	NA	NA
"ECK120001566"	"baeR"	"+"	2162300	2163022	723	"MOPS1h"	115	18.2005210833839	3	163	0	0.946058091286307	-Inf	"SD"	8	28.5714285714286
"ECK120001567"	"mfd"	"-"	1169741	1173187	3447	"MOPS1h"	386	12.8135745586171	6	100	0	0.982303452277343	-Inf	"SD"	24	18.4615384615385
"ECK120001568"	"rnb"	"-"	1345002	1346936	1935	"MOPS1h"	1245	73.6228560628774	4	50	0	1	-Inf	"SD"	29	40.2777777777778
"ECK120001570"	"mdlB"	"+"	469860	471641	1782	"MOPS1h"	34	2.18320992178668	0	0	0	0.611111111111111	-Inf	"SD"	0	0
"ECK120001571"	"sdaB"	"+"	2927598	2928965	1368	"MOPS1h"	113	9.45184574110973	1	72	0	0.910818713450292	-Inf	"SD"	8	16.3265306122449
"ECK120001572"	"artP"	"-"	902229	902957	729	"MOPS1h"	2343	367.76385172685	0	0	0	1	-Inf	"SD"	3	11.1111111111111
"ECK120001573"	"artI"	"-"	901480	902211	732	"MOPS1h"	4575	715.161779526444	1	44	0	1	-Inf	"SD"	9	33.3333333333333
"ECK120001574"	"artQ"	"-"	900757	901473	717	"MOPS1h"	742	118.415629658828	0	0	0	1	-Inf	"SD"	1	3.84615384615385
"ECK120001575"	"artM"	"-"	900089	900757	669	"MOPS1h"	371	63.4559091669502	0	0	0	1	-Inf	"SD"	1	4
"ECK120001577"	"potF"	"+"	893007	894119	1113	"MOPS1h"	285	29.3004287029702	1	100	0	0.984725965858041	-Inf	"SD"	9	21.9512195121951
"ECK120001578"	"potG"	"+"	894214	895347	1134	"MOPS1h"	108	10.8977033070696	0	0	0	0.924162257495591	-Inf	"SD"	NA	NA
"ECK120001579"	"potH"	"+"	895357	896310	954	"MOPS1h"	43	5.15756084186786	2	45	0	0.885744234800839	-Inf	"SD"	NA	NA
"ECK120001580"	"potI"	"+"	896307	897152	846	"MOPS1h"	60	8.11531097334972	0	0	0	0.995271867612293	-Inf	"SD"	NA	NA
"ECK120001590"	"psuK"	"-"	2256377	2257318	942	"MOPS1h"	2	0	0	0	0	0.0966029723991507	NA	"NO"	NA	NA
"ECK120001591"	"accA"	"+"	208621	209580	960	"MOPS1h"	1502	179.028832141453	0	0	0	1	-Inf	"SD"	25	71.4285714285714
"ECK120001598"	"fliG"	"+"	2012904	2013899	996	"MOPS1h"	44	5.05495876291784	1	90	0	0.730923694779116	-Inf	"SD"	13	35.1351351351351
"ECK120001599"	"fliH"	"+"	2013892	2014578	687	"MOPS1h"	15	2.4983817625378	0	0	0	0.596797671033479	-Inf	"SD"	10	40
"ECK120001601"	"uidB"	"-"	1690914	1692287	1374	"MOPS1h"	7	0.582955744592152	3	100	0	0.254002911208151	-Inf	"SD"	NA	NA
"ECK120001604"	"yedF"	"+"	2007503	2007736	234	"MOPS1h"	27	13.2029866989497	3	112	0	0.961538461538462	-Inf	"SD"	NA	NA
"ECK120001605"	"yedK"	"+"	2007845	2008513	669	"MOPS1h"	10	1.71040186433828	0	0	0	0.379671150971599	-Inf	"SD"	NA	NA
"ECK120001609"	"moaC"	"+"	817793	818278	486	"MOPS1h"	62	14.5975408495933	0	0	0	1	-Inf	"SD"	1	5.88235294117647
"ECK120001611"	"atoC"	"+"	2319888	2321273	1386	"MOPS1h"	12	0.990700300642693	8	274	21.8978102189781	0.305194805194805	0.27651381078605	"AD"	3	5.76923076923077
"ECK120001612"	"atoD"	"+"	2321469	2322131	663	"MOPS1h"	0	0	1	72	0	0	NA	"NO"	NA	NA
"ECK120001613"	"atoA"	"+"	2322131	2322781	651	"MOPS1h"	1	0	0	0	0	0.153609831029186	NA	"NO"	NA	NA
"ECK120001614"	"atoE"	"+"	2322778	2324100	1323	"MOPS1h"	2	0	3	54	0	0.145880574452003	NA	"NO"	NA	NA
"ECK120001618"	"panB"	"-"	148807	149601	795	"MOPS1h"	568	81.7533365073751	3	166	0	1	-Inf	"SD"	16	57.1428571428571
"ECK120001619"	"hslV"	"-"	4119780	4120310	531	"MOPS1h"	226	48.7010356830061	1	80	0	1	-Inf	"SD"	10	52.6315789473684
"ECK120001620"	"modF"	"-"	791539	793011	1473	"MOPS1h"	108	8.38967790238761	1	100	0	0.918533604887984	-Inf	"SD"	3	5.45454545454545
"ECK120001621"	"yadC"	"-"	149715	150953	1239	"MOPS1h"	3	0	8	64	93.75	0.099273607748184	Inf	"AD"	NA	NA
"ECK120001622"	"aas"	"-"	2971877	2974036	2160	"MOPS1h"	146	7.73434220821191	11	143	0	0.857407407407407	-Inf	"SD"	2	2.46913580246914
"ECK120001623"	"lptB"	"+"	3341966	3342691	726	"MOPS1h"	466	73.4469177431015	2	99	0	1	-Inf	"SD"	11	40.7407407407407
"ECK120001624"	"hpf"	"+"	3344195	3344482	288	"MOPS1h"	658	261.431361626889	1	38	0	1	-Inf	"SD"	3	27.2727272727273
"ECK120001625"	"ptsN"	"+"	3344600	3345091	492	"MOPS1h"	392	91.1685910810947	5	172	0	1	-Inf	"SD"	10	55.5555555555556
"ECK120001630"	"setC"	"+"	3834976	3836160	1185	"MOPS1h"	6	0	0	0	0	0.181434599156118	NA	"NO"	NA	NA
"ECK120001633"	"yicN"	"-"	3839973	3840425	453	"MOPS1h"	55	13.8927674609994	0	0	0	0.748344370860927	-Inf	"SD"	NA	NA
"ECK120001638"	"yidG"	"-"	3853631	3853993	363	"MOPS1h"	68	21.4351519593601	1	47	0	0.942148760330578	-Inf	"SD"	NA	NA
"ECK120001641"	"galM"	"-"	787020	788060	1041	"MOPS1h"	1314	144.433825674966	8	329	18.2370820668693	0.998078770413064	-6.91123043765292	"SD"	15	39.4736842105263
"ECK120001647"	"acrB"	"-"	480478	483627	3150	"MOPS1h"	1849	67.1661780492391	5	100	0	0.998412698412698	-Inf	"SD"	19	16.6666666666667
"ECK120001652"	"glvB"	"-"	3860010	3860495	486	"MOPS1h"	1	0	4	137	0	0.0925925925925926	NA	"NO"	NA	NA
"ECK120001659"	"mdtL"	"+"	3889638	3890813	1176	"MOPS1h"	25	2.43252305961376	2	55	0	0.267857142857143	-Inf	"SD"	NA	NA
"ECK120001660"	"yidZ"	"+"	3890788	3891747	960	"MOPS1h"	31	3.69500252755329	15	317	44.1640378548896	0.6	-0.400148524071915	"SD"	NA	NA
"ECK120001661"	"yieE"	"+"	3891892	3892653	762	"MOPS1h"	60	9.00991218301032	1	44	0	0.736220472440945	-Inf	"SD"	NA	NA
"ECK120001665"	"cbrB"	"+"	3895529	3895996	468	"MOPS1h"	11	2.6894972905268	33	280	96.4285714285714	0.739316239316239	1.00562287175841	"AD"	NA	NA
"ECK120001668"	"yieL"	"-"	3897431	3898627	1197	"MOPS1h"	11	1.05153277524356	1	56	0	0.442773600668337	-Inf	"SD"	NA	NA
"ECK120001674"	"efeB"	"+"	1082599	1083870	1272	"MOPS1h"	12	1.07948947853048	0	0	0	0.449685534591195	-Inf	"SD"	NA	NA
"ECK120001676"	"metI"	"-"	220968	221621	654	"MOPS1h"	2746	480.448745340579	0	0	0	1	-Inf	"SD"	2	8.69565217391304
"ECK120001678"	"nfrB"	"-"	590164	592401	2238	"MOPS1h"	84	4.29480532477007	5	132	0	0.720732797140304	-Inf	"SD"	NA	NA
"ECK120001679"	"nfrA"	"-"	587205	590177	2973	"MOPS1h"	170	6.54302065358872	7	120	0	0.864110326269761	-Inf	"SD"	NA	NA
"ECK120001681"	"yddA"	"-"	1575681	1577366	1686	"MOPS1h"	2	0	0	0	0	0.0824436536180308	NA	"NO"	NA	NA
"ECK120001682"	"yddB"	"-"	1573271	1575643	2373	"MOPS1h"	9	0	7	100	0	0.20480404551201	NA	"NO"	NA	NA
"ECK120001683"	"pqqL"	"-"	1570431	1573226	2796	"MOPS1h"	60	2.45549108850281	4	95	0	0.63555078683834	-Inf	"SD"	7	6.66666666666667
"ECK120001690"	"otsB"	"-"	1979611	1980411	801	"MOPS1h"	21	2.99992956205849	0	0	0	0.651685393258427	-Inf	"SD"	NA	NA
"ECK120001693"	"tsaE"	"+"	4393608	4394069	462	"MOPS1h"	117	28.9779837937988	0	0	0	0.909090909090909	-Inf	"SD"	7	41.1764705882353
"ECK120001696"	"ydcD"	"+"	1527946	1528428	483	"MOPS1h"	6	1.42143956179169	3	104	0	0.409937888198758	-Inf	"SD"	NA	NA
"ECK120001699"	"yibG"	"+"	3766200	3766661	462	"MOPS1h"	3	0	0	0	0	0.153679653679654	NA	"NO"	NA	NA
"ECK120001702"	"yibJ"	"+"	3765244	3765945	702	"MOPS1h"	6	0	1	45	0	0.160968660968661	NA	"NO"	NA	NA
"ECK120001704"	"ybbB"	"-"	529356	530450	1095	"MOPS1h"	105	10.9723451105427	1	100	0	0.944292237442922	-Inf	"SD"	1	2.4390243902439
"ECK120001705"	"ybbC"	"+"	526805	527173	369	"MOPS1h"	35	10.8534037001303	0	0	0	1	-Inf	"SD"	NA	NA
"ECK120001706"	"ybbD"	"+"	527864	528124	261	"MOPS1h"	1	0	0	0	0	0.164750957854406	NA	"NO"	NA	NA
"ECK120001707"	"nuoM"	"-"	2389534	2391063	1530	"MOPS1h"	796	59.5313753205803	0	0	0	1	-Inf	"SD"	NA	NA
"ECK120001708"	"nuoF"	"-"	2398240	2399577	1338	"MOPS1h"	1811	154.876888815831	0	0	0	1	-Inf	"SD"	24	48.9795918367347
"ECK120001709"	"ybfE"	"-"	710828	711121	294	"MOPS1h"	64	24.9090361304449	1	100	0	0.989795918367347	-Inf	"SD"	NA	NA
"ECK120001712"	"ybfH"	"-"	715611	715820	210	"MOPS1h"	1	0	0	0	0	0.2	NA	"NO"	NA	NA
"ECK120001714"	"ydeK"	"-"	1592133	1596110	3978	"MOPS1h"	113	3.25040849015538	3	100	0	0.550779286073404	-Inf	"SD"	NA	NA
"ECK120001721"	"gmd"	"-"	2125217	2126338	1122	"MOPS1h"	4	0	10	211	0	0.150623885918004	NA	"NO"	NA	NA
"ECK120001722"	"fcl"	"-"	2124249	2125214	966	"MOPS1h"	3	0	0	0	0	0.208074534161491	NA	"NO"	NA	NA
"ECK120001723"	"gmm"	"-"	2123767	2124246	480	"MOPS1h"	0	0	8	100	70	0	Inf	"AD"	NA	NA
"ECK120001724"	"wcaI"	"-"	2122547	2123770	1224	"MOPS1h"	7	0.654396399566681	0	0	0	0.291666666666667	-Inf	"SD"	NA	NA
"ECK120001725"	"cmtB"	"-"	3076909	3077352	444	"MOPS1h"	2	0	0	0	0	0.209459459459459	NA	"NO"	NA	NA
"ECK120001726"	"cmtA"	"-"	3075493	3076881	1389	"MOPS1h"	5	0	0	0	0	0.125989920806336	NA	"NO"	NA	NA
"ECK120001727"	"ygdD"	"-"	2939258	2939653	396	"MOPS1h"	85	24.5611116201001	0	0	0	1	-Inf	"SD"	NA	NA
"ECK120001729"	"gcvA"	"-"	2939672	2940589	918	"MOPS1h"	161	20.0681562533782	3	78	0	0.875816993464052	-Inf	"SD"	3	8.82352941176471
"ECK120001733"	"hybA"	"-"	3142176	3143162	987	"MOPS1h"	145	16.8102870162244	0	0	0	0.993920972644377	-Inf	"SD"	5	13.8888888888889
"ECK120001734"	"hybB"	"-"	3141008	3142186	1179	"MOPS1h"	121	11.7434538181781	3	37	0	0.983884648006785	-Inf	"SD"	NA	NA
"ECK120001735"	"hybC"	"-"	3139308	3141011	1704	"MOPS1h"	305	20.4811589441845	3	100	0	0.984154929577465	-Inf	"SD"	18	29.0322580645161
"ECK120001736"	"hybD"	"-"	3138814	3139308	495	"MOPS1h"	127	29.3577522423785	0	0	0	0.975757575757576	-Inf	"SD"	2	11.1111111111111
"ECK120001737"	"hybE"	"-"	3138333	3138821	489	"MOPS1h"	56	13.1039867986849	0	0	0	1	-Inf	"SD"	1	5.55555555555556
"ECK120001738"	"hybF"	"-"	3137999	3138340	342	"MOPS1h"	15	5.01867915457154	1	100	0	0.707602339181287	-Inf	"SD"	NA	NA
"ECK120001740"	"yebE"	"-"	1927072	1927731	660	"MOPS1h"	51	8.84200018323603	1	100	0	0.893939393939394	-Inf	"SD"	4	16.6666666666667
"ECK120001741"	"yebF"	"-"	1928058	1928414	357	"MOPS1h"	145	46.4754993977969	0	0	0	1	-Inf	"SD"	1	7.69230769230769
"ECK120001744"	"gcvP"	"-"	3044190	3047063	2874	"MOPS1h"	97	3.86197314483313	0	0	0	0.728253305497564	-Inf	"SD"	67	64.4230769230769
"ECK120001746"	"yjfC"	"+"	4411051	4412214	1164	"MOPS1h"	7	0.688128172740221	2	150	0	0.323883161512028	-Inf	"SD"	NA	NA
"ECK120001747"	"torA"	"+"	1058479	1061025	2547	"MOPS1h"	28	1.25792099422005	1	49	0	0.415783274440518	-Inf	"SD"	NA	NA
"ECK120001749"	"ispF"	"-"	2869323	2869802	480	"MOPS1h"	55	13.1112992913181	1	98	0	0.985416666666667	-Inf	"SD"	3	17.6470588235294
"ECK120001750"	"umpG"	"-"	2867535	2868296	762	"MOPS1h"	186	27.930727767332	0	0	0	1	-Inf	"SD"	3	11.1111111111111
"ECK120001751"	"purU"	"-"	1287005	1287847	843	"MOPS1h"	345	46.8290987305572	7	180	33.3333333333333	1	-5.28629896135346	"SD"	14	43.75
"ECK120001754"	"puuB"	"+"	1362256	1363536	1281	"MOPS1h"	21	1.87583417580707	0	0	0	0.547228727556596	-Inf	"SD"	NA	NA
"ECK120001763"	"rdoA"	"+"	4040438	4041424	987	"MOPS1h"	1125	130.424640643121	7	76	0	1	-Inf	"SD"	3	7.89473684210526
"ECK120001766"	"yihI"	"+"	4049370	4049879	510	"MOPS1h"	252	56.5398489225612	1	43	0	1	-Inf	"SD"	NA	NA
"ECK120001768"	"typA"	"+"	4056430	4058253	1824	"MOPS1h"	7160	449.171784334153	12	155	58.0645161290323	1	-7.96312658789573	"SD"	27	40.2985074626866
"ECK120001769"	"yihL"	"+"	4058470	4059180	711	"MOPS1h"	9	1.44842892055989	3	96	0	0.535864978902954	-Inf	"SD"	NA	NA
"ECK120001770"	"yihM"	"+"	4059188	4060168	981	"MOPS1h"	6	0.6998525059586	0	0	0	0.390417940876656	-Inf	"SD"	0	0
"ECK120001772"	"yihO"	"-"	4062386	4063789	1404	"MOPS1h"	7	0	2	76	0	0.200854700854701	NA	"NO"	NA	NA
"ECK120001773"	"yihP"	"-"	4063832	4065238	1407	"MOPS1h"	6	0	8	145	0	0.198294243070362	NA	"NO"	NA	NA
"ECK120001774"	"yihQ"	"-"	4065263	4067299	2037	"MOPS1h"	6	0	2	70	0	0.201276386843397	NA	"NO"	NA	NA
"ECK120001775"	"yihR"	"-"	4067498	4068424	927	"MOPS1h"	0	0	2	76	0	0	NA	"NO"	NA	NA
"ECK120001776"	"yihS"	"-"	4068538	4069779	1242	"MOPS1h"	13	1.19769444558374	5	61	0	0.4170692431562	-Inf	"SD"	NA	NA
"ECK120001777"	"yihT"	"-"	4069796	4070674	879	"MOPS1h"	5	0	4	154	0	0.228668941979522	NA	"NO"	NA	NA
"ECK120001780"	"yihW"	"+"	4072692	4073477	786	"MOPS1h"	76	11.0640804567959	0	0	0	0.916030534351145	-Inf	"SD"	6	20.6896551724138
"ECK120001781"	"yihX"	"+"	4073576	4074175	600	"MOPS1h"	179	34.1370556093956	0	0	0	0.976666666666667	-Inf	"SD"	4	17.3913043478261
"ECK120001782"	"yihY"	"+"	4074169	4075041	873	"MOPS1h"	376	49.2830843714901	1	49	0	0.910652920962199	-Inf	"SD"	NA	NA
"ECK120001783"	"dtd"	"+"	4075038	4075475	438	"MOPS1h"	271	70.797750594216	0	0	0	1	-Inf	"SD"	NA	NA
"ECK120001784"	"yiiD"	"+"	4075472	4076461	990	"MOPS1h"	211	24.3877390674876	1	66	0	0.984848484848485	-Inf	"SD"	5	13.5135135135135
"ECK120001785"	"yiiE"	"+"	4077314	4077532	219	"MOPS1h"	0	0	0	0	0	0	NA	"NO"	NA	NA
"ECK120001787"	"fdoI"	"-"	4079248	4079883	636	"MOPS1h"	269	48.3971116207833	3	176	0	1	-Inf	"SD"	4	16
"ECK120001788"	"fdoH"	"-"	4079880	4080782	903	"MOPS1h"	341	43.2106607873342	0	0	0	0.994462901439646	-Inf	"SD"	4	12.1212121212121
"ECK120001793"	"frvX"	"-"	4087878	4088948	1071	"MOPS1h"	12	1.28208274200819	1	51	0	0.338935574229692	-Inf	"SD"	NA	NA
"ECK120001794"	"frvB"	"-"	4088938	4090389	1452	"MOPS1h"	4	0	1	51	0	0.172865013774105	NA	"NO"	NA	NA
"ECK120001795"	"frvA"	"-"	4090400	4090846	447	"MOPS1h"	0	0	0	0	0	0	NA	"NO"	NA	NA
"ECK120001796"	"rhaM"	"-"	4091147	4091461	315	"MOPS1h"	4	1.45302710760928	2	37	0	0.415873015873016	-Inf	"SD"	NA	NA
"ECK120001797"	"rhaD"	"-"	4091471	4092295	825	"MOPS1h"	4	0	0	0	0	0.193939393939394	NA	"NO"	NA	NA
"ECK120001798"	"rhaA"	"-"	4092746	4094005	1260	"MOPS1h"	2	0	0	0	0	0.0888888888888889	NA	"NO"	NA	NA
"ECK120001800"	"kdgT"	"+"	4099713	4100696	984	"MOPS1h"	8	0.930291745725456	3	185	0	0.360772357723577	-Inf	"SD"	NA	NA
"ECK120001802"	"gph"	"-"	3511653	3512411	759	"MOPS1h"	195	29.397954573419	0	0	0	1	-Inf	"SD"	8	29.6296296296296
"ECK120001803"	"fieF"	"+"	4104492	4105394	903	"MOPS1h"	493	62.4717177951782	2	118	0	0.87375415282392	-Inf	"SD"	2	6.06060606060606
"ECK120001806"	"yiiS"	"+"	4110990	4111289	300	"MOPS1h"	98	37.3791223432488	0	0	0	1	-Inf	"SD"	2	18.1818181818182
"ECK120001810"	"menA"	"-"	4117446	4118372	927	"MOPS1h"	108	13.3311710358327	0	0	0	0.957928802588997	-Inf	"SD"	NA	NA
"ECK120001811"	"hslU"	"-"	4118439	4119770	1332	"MOPS1h"	389	33.4171690373317	22	522	38.3141762452107	1	-3.06251761437873	"SD"	23	46
"ECK120001814"	"tehB"	"+"	1499586	1500179	594	"MOPS1h"	187	36.0229637094802	1	83	0	0.956228956228956	-Inf	"SD"	5	21.7391304347826
"ECK120001816"	"opgH"	"+"	1110086	1112629	2544	"MOPS1h"	522	23.478896158038	2	100	0	1	-Inf	"SD"	14	14.4329896907216
"ECK120001820"	"slp"	"+"	3651984	3652550	567	"MOPS1h"	21	4.23799573052708	2	112	0	0.765432098765432	-Inf	"SD"	1	4.76190476190476
"ECK120001821"	"yeeA"	"-"	2077557	2078615	1059	"MOPS1h"	121	13.0741568004079	4	91	0	0.873465533522191	-Inf	"SD"	NA	NA
"ECK120001822"	"sbmC"	"-"	2078813	2079286	474	"MOPS1h"	190	45.8669158177297	0	0	0	1	-Inf	"SD"	4	22.2222222222222
"ECK120001825"	"yeeE"	"-"	2082491	2083549	1059	"MOPS1h"	1852	200.110234664094	0	0	0	1	-Inf	"SD"	NA	NA
"ECK120001826"	"plaP"	"-"	2083728	2085086	1359	"MOPS1h"	283	23.8282011603807	3	128	0	0.997056659308315	-Inf	"SD"	NA	NA
"ECK120001828"	"recT"	"-"	1412008	1412817	810	"MOPS1h"	26	3.67292963312347	3	89	0	0.751851851851852	-Inf	"SD"	NA	NA
"ECK120001829"	"lar"	"-"	1411757	1411951	195	"MOPS1h"	0	0	0	0	0	0	NA	"NO"	NA	NA
"ECK120001830"	"rcbA"	"-"	1411555	1411764	210	"MOPS1h"	1	0	3	125	0	0.228571428571429	NA	"NO"	NA	NA
"ECK120001833"	"gldA"	"-"	4135955	4137058	1104	"MOPS1h"	229	23.7350793495008	0	0	0	0.997282608695652	-Inf	"SD"	17	43.5897435897436
"ECK120001834"	"fsaB"	"-"	4137069	4137731	663	"MOPS1h"	105	18.1217464495389	1	54	0	0.446455505279035	-Inf	"SD"	4	16.6666666666667
"ECK120001837"	"frwB"	"+"	4141647	4141967	321	"MOPS1h"	2	0	0	0	0	0.168224299065421	NA	"NO"	NA	NA
"ECK120001838"	"pflD"	"+"	4142018	4144315	2298	"MOPS1h"	33	1.64319155609209	6	100	0	0.522193211488251	-Inf	"SD"	NA	NA
"ECK120001839"	"pflC"	"+"	4144281	4145159	879	"MOPS1h"	10	1.30177343258511	0	0	0	0.374288964732651	-Inf	"SD"	NA	NA
"ECK120001842"	"eptC"	"-"	4146555	4148288	1734	"MOPS1h"	305	20.1268136337315	101	823	58.3232077764277	0.982698961937716	-1.06801247985842	"SD"	12	17.910447761194
"ECK120001843"	"nfi"	"+"	4196813	4197484	672	"MOPS1h"	107	18.219597716507	0	0	0	0.889880952380952	-Inf	"SD"	2	8
"ECK120001844"	"yjaG"	"+"	4197527	4198117	591	"MOPS1h"	183	35.431365320701	5	170	0	0.988155668358714	-Inf	"SD"	6	26.0869565217391
"ECK120001851"	"yjbE"	"+"	4233929	4234171	243	"MOPS1h"	2	0	0	0	0	0.193415637860082	NA	"NO"	NA	NA
"ECK120001852"	"yjbF"	"+"	4234285	4234923	639	"MOPS1h"	4	0.716280968539788	0	0	0	0.286384976525822	-Inf	"SD"	NA	NA
"ECK120001853"	"yjbG"	"+"	4234920	4235657	738	"MOPS1h"	1	0	0	0	0	0.0785907859078591	NA	"NO"	NA	NA
"ECK120001855"	"yjbI"	"+"	4248978	4250306	1329	"MOPS1h"	1	0	13	183	71.0382513661202	0.0579382994732882	Inf	"AD"	NA	NA
"ECK120001859"	"yjbM"	"+"	4258622	4259329	708	"MOPS1h"	4	0	0	0	0	0.149717514124294	NA	"NO"	NA	NA
"ECK120001860"	"dusA"	"+"	4259692	4260729	1038	"MOPS1h"	189	20.8347709179958	0	0	0	0.947013487475915	-Inf	"SD"	5	13.5135135135135
"ECK120001863"	"yjbQ"	"+"	4268261	4268677	417	"MOPS1h"	137	37.5931563722294	1	45	0	1	-Inf	"SD"	0	0
"ECK120001867"	"ghxP"	"+"	4276502	4277851	1350	"MOPS1h"	632	53.5682660338622	1	100	0	1	-Inf	"SD"	1	2.17391304347826
"ECK120001870"	"actP"	"-"	4281276	4282925	1650	"MOPS1h"	36	2.49656475761959	4	69	0	0.728484848484849	-Inf	"SD"	NA	NA
"ECK120001871"	"yjcH"	"-"	4282922	4283236	315	"MOPS1h"	10	3.63256776902321	3	165	0	0.647619047619048	-Inf	"SD"	NA	NA
"ECK120001872"	"nrfB"	"+"	4287268	4287834	567	"MOPS1h"	18	3.63256776902321	3	108	0	0.802469135802469	-Inf	"SD"	NA	NA
"ECK120001873"	"nrfC"	"+"	4287831	4288502	672	"MOPS1h"	6	1.02165968503778	0	0	0	0.443452380952381	-Inf	"SD"	NA	NA
"ECK120001874"	"nrfD"	"+"	4288499	4289455	957	"MOPS1h"	4	0	0	0	0	0.183908045977011	NA	"NO"	NA	NA
"ECK120001875"	"nrfE"	"+"	4289535	4291193	1659	"MOPS1h"	10	0.68972805740947	0	0	0	0.250753465943339	-Inf	"SD"	NA	NA
"ECK120001876"	"nrfF"	"+"	4291186	4291569	384	"MOPS1h"	2	0.59596814960537	0	0	0	0.322916666666667	-Inf	"SD"	NA	NA
"ECK120001877"	"nrfG"	"+"	4291566	4292162	597	"MOPS1h"	2	0	0	0	0	0.206030150753769	NA	"NO"	NA	NA
"ECK120001879"	"mdtP"	"-"	4297587	4299053	1467	"MOPS1h"	9	0.701999292786694	2	148	0	0.251533742331288	-Inf	"SD"	NA	NA
"ECK120001880"	"mdtO"	"-"	4299050	4301101	2052	"MOPS1h"	4	0	6	132	0	0.132066276803119	NA	"NO"	0	0
"ECK120001881"	"mdtN"	"-"	4301101	4302132	1032	"MOPS1h"	1	0	3	160	0	0.0542635658914729	NA	"NO"	NA	NA
"ECK120001882"	"yjcS"	"-"	4302635	4304620	1986	"MOPS1h"	2	0	6	56	0	0.0795568982880161	NA	"NO"	NA	NA
"ECK120001883"	"alsK"	"-"	4304893	4305822	930	"MOPS1h"	10	1.2303858572498	10	480	20.8333333333333	0.465591397849462	0.700889174644225	"AD"	NA	NA
"ECK120001884"	"alsE"	"-"	4305806	4306501	696	"MOPS1h"	9	1.47964506108919	1	83	0	0.51867816091954	-Inf	"SD"	NA	NA
"ECK120001885"	"alsC"	"-"	4306512	4307492	981	"MOPS1h"	4	0	3	100	0	0.211009174311927	NA	"NO"	NA	NA
"ECK120001886"	"alsA"	"-"	4307471	4309003	1533	"MOPS1h"	5	0	10	122	57.3770491803279	0.166340508806262	Inf	"AD"	NA	NA
"ECK120001887"	"lldP"	"+"	3775422	3777077	1656	"MOPS1h"	12	0.829173077711819	2	100	0	0.297705314009662	-Inf	"SD"	2	3.38983050847458
"ECK120001888"	"lldR"	"+"	3777077	3777853	777	"MOPS1h"	14	2.06172765268885	1	37	0	0.550836550836551	-Inf	"SD"	NA	NA
"ECK120001889"	"lldD"	"+"	3777850	3779040	1191	"MOPS1h"	48	4.61162255815541	1	72	0	0.806045340050378	-Inf	"SD"	14	32.5581395348837
"ECK120001892"	"adiY"	"-"	4335191	4335952	762	"MOPS1h"	26	3.90429527930447	3	65	0	0.639107611548556	-Inf	"SD"	NA	NA
"ECK120001893"	"flgK"	"+"	1137601	1139244	1644	"MOPS1h"	1882	130.991189203773	2	81	0	1	-Inf	"SD"	10	17.2413793103448
"ECK120001894"	"zntR"	"-"	3436727	3437152	426	"MOPS1h"	67	17.9965593345622	7	155	0	1	-Inf	"SD"	NA	NA
"ECK120001895"	"yhdN"	"-"	3437163	3437531	369	"MOPS1h"	55	17.0553486716334	0	0	0	0.905149051490515	-Inf	"SD"	NA	NA
"ECK120001897"	"htrE"	"-"	152829	155426	2598	"MOPS1h"	11	0	7	82	0	0.169745958429561	NA	"NO"	NA	NA
"ECK120001898"	"yadV"	"-"	155461	156201	741	"MOPS1h"	0	0	5	100	0	0	NA	"NO"	NA	NA
"ECK120001899"	"fimI"	"+"	4541751	4542290	540	"MOPS1h"	320	67.8079316884332	0	0	0	1	-Inf	"SD"	NA	NA
"ECK120001900"	"fliP"	"+"	2019893	2020630	738	"MOPS1h"	5	0.77524312143788	1	55	0	0.295392953929539	-Inf	"SD"	2	7.40740740740741
"ECK120001901"	"fliQ"	"+"	2020640	2020909	270	"MOPS1h"	5	2.11899786526354	2	61	0	0.4	-Inf	"SD"	NA	NA
"ECK120001902"	"fliR"	"+"	2020917	2021702	786	"MOPS1h"	4	0.582320024041888	4	238	0	0.270992366412214	-Inf	"SD"	NA	NA
"ECK120001903"	"rfbA"	"-"	2108162	2109043	882	"MOPS1h"	268	34.7688629320793	0	0	0	1	-Inf	"SD"	25	75.7575757575758
"ECK120001904"	"rfbC"	"-"	2107605	2108162	558	"MOPS1h"	272	55.7774921953241	3	38	0	0.974910394265233	-Inf	"SD"	7	33.3333333333333
"ECK120001905"	"rfbX"	"-"	2106361	2107608	1248	"MOPS1h"	199	18.2457941186875	0	0	0	0.993589743589744	-Inf	"SD"	NA	NA
"ECK120001906"	"glf"	"-"	2105250	2106353	1104	"MOPS1h"	388	40.2148942690232	0	0	0	0.996376811594203	-Inf	"SD"	14	32.5581395348837
"ECK120001907"	"wbbH"	"-"	2104084	2105250	1167	"MOPS1h"	127	12.4525170179754	1	68	0	0.936589545844045	-Inf	"SD"	NA	NA
"ECK120001908"	"wbbI"	"-"	2103089	2104081	993	"MOPS1h"	249	28.6928955652906	0	0	0	1	-Inf	"SD"	21	55.2631578947368
"ECK120001909"	"wbbJ"	"-"	2102518	2103108	591	"MOPS1h"	185	35.8185933569928	1	58	0	1	-Inf	"SD"	3	13.6363636363636
"ECK120001910"	"wbbK"	"-"	2101415	2102533	1119	"MOPS1h"	156	15.9521340634317	0	0	0	0.847184986595174	-Inf	"SD"	8	18.6046511627907
"ECK120001911"	"wbbL_1"	"-"	2100940	2101413	474	"MOPS1h"	120	28.9685784111977	0	0	0	0.978902953586498	-Inf	"SD"	NA	NA
"ECK120001913"	"yehB"	"-"	2186452	2188932	2481	"MOPS1h"	5	0	4	98	0	0.111245465538089	NA	"NO"	NA	NA
"ECK120001914"	"yehC"	"-"	2188948	2189667	720	"MOPS1h"	0	0	0	0	0	0	NA	"NO"	NA	NA
"ECK120001915"	"yehD"	"-"	2189702	2190244	543	"MOPS1h"	4	0.842916277894888	1	100	0	0.287292817679558	-Inf	"SD"	2	10.5263157894737
"ECK120001916"	"yehE"	"-"	2190537	2190818	282	"MOPS1h"	9	3.65188993800737	9	106	66.0377358490566	0.712765957446808	-1.38321645833708	"SD"	NA	NA
"ECK120001917"	"molR_1"	"+"	2194496	2195320	825	"MOPS1h"	7	0.970886294629839	0	0	0	0.277575757575758	-Inf	"SD"	NA	NA
"ECK120001918"	"yehI"	"+"	2198301	2201933	3633	"MOPS1h"	32	0	17	127	0	0.236994219653179	NA	"NO"	NA	NA
"ECK120001919"	"yehL"	"+"	2202618	2203706	1089	"MOPS1h"	2	0	1	60	0	0.0734618916437098	NA	"NO"	NA	NA
"ECK120001920"	"yehM"	"+"	2203717	2205996	2280	"MOPS1h"	5	0	7	129	0	0.109649122807018	NA	"NO"	NA	NA
"ECK120001921"	"yehP"	"+"	2205989	2207125	1137	"MOPS1h"	2	0	2	73	0	0.0703605980650836	NA	"NO"	NA	NA
"ECK120001922"	"yehQ"	"+"	2207122	2208966	1845	"MOPS1h"	9	0.558175047435273	7	107	0	0.252574525745257	-Inf	"SD"	NA	NA
"ECK120001925"	"yehT"	"-"	2210265	2210984	720	"MOPS1h"	36	5.72129423621155	0	0	0	0.886111111111111	-Inf	"SD"	2	7.40740740740741
"ECK120001929"	"yehX"	"-"	2214503	2215429	927	"MOPS1h"	14	1.72811476390424	0	0	0	0.636461704422869	-Inf	"SD"	NA	NA
"ECK120001930"	"yehY"	"-"	2215422	2216579	1158	"MOPS1h"	6	0	1	47	0	0.178756476683938	NA	"NO"	NA	NA
"ECK120001931"	"osmF"	"-"	2216586	2217503	918	"MOPS1h"	17	2.11899786526354	0	0	0	0.655773420479303	-Inf	"SD"	1	3.03030303030303
"ECK120001937"	"mdtQ"	"-"	2225345	2226433	1089	"MOPS1h"	1	0	0	0	0	0.0413223140495868	NA	"NO"	NA	NA
"ECK120001941"	"yohK"	"+"	2229041	2229736	696	"MOPS1h"	201	33.0454063643254	2	201	0	1	-Inf	"SD"	1	4.16666666666667
"ECK120001942"	"sanA"	"+"	2230900	2231619	720	"MOPS1h"	54	8.58194135431733	6	181	0	0.622222222222222	-Inf	"SD"	0	0
"ECK120001950"	"psuG"	"-"	2255451	2256389	939	"MOPS1h"	1	0	0	0	0	0.00851970181043664	NA	"NO"	1	3.03030303030303
"ECK120001953"	"yeiQ"	"+"	2264267	2265733	1467	"MOPS1h"	8	0	3	67	0	0.230402181322427	NA	"NO"	NA	NA
"ECK120001954"	"yejA"	"+"	2270386	2272200	1815	"MOPS1h"	77	4.8544314731492	17	145	0	0.818732782369146	-Inf	"SD"	2	2.85714285714286
"ECK120001955"	"yejB"	"+"	2272201	2273295	1095	"MOPS1h"	33	3.44845132045628	0	0	0	0.676712328767123	-Inf	"SD"	NA	NA
"ECK120001956"	"yejE"	"+"	2273295	2274320	1026	"MOPS1h"	37	4.12646952709215	1	53	0	0.657894736842105	-Inf	"SD"	0	0
"ECK120001963"	"yejM"	"+"	2282398	2284158	1761	"MOPS1h"	339	22.0274701428247	15	163	36.8098159509202	0.946053378762067	-4.19819749993514	"SD"	2	2.98507462686567
"ECK120001966"	"ccmG"	"-"	2290429	2290986	558	"MOPS1h"	41	8.40763669120694	0	0	0	0.78673835125448	-Inf	"SD"	1	4.76190476190476
"ECK120001967"	"ccmF"	"-"	2290983	2292926	1944	"MOPS1h"	70	4.12027362690132	0	0	0	0.817901234567901	-Inf	"SD"	NA	NA
"ECK120001968"	"ccmE"	"-"	2292923	2293402	480	"MOPS1h"	29	6.91323053542229	0	0	0	0.9125	-Inf	"SD"	1	5.55555555555556
"ECK120001969"	"ccmC"	"-"	2293605	2294342	738	"MOPS1h"	64	9.92311195440486	0	0	0	0.89159891598916	-Inf	"SD"	NA	NA
"ECK120001970"	"ccmB"	"-"	2294384	2295046	663	"MOPS1h"	20	3.45176122848359	0	0	0	0.85972850678733	-Inf	"SD"	NA	NA
"ECK120001971"	"ccmA"	"-"	2295043	2295666	624	"MOPS1h"	59	10.8191141005283	0	0	0	0.961538461538462	-Inf	"SD"	NA	NA
"ECK120001972"	"napC"	"-"	2295679	2296281	603	"MOPS1h"	79	14.9911192258943	0	0	0	0.988391376451078	-Inf	"SD"	1	4.34782608695652
"ECK120001973"	"napB"	"-"	2296291	2296740	450	"MOPS1h"	8	2.034237950653	1	44	0	0.504444444444444	-Inf	"SD"	NA	NA
"ECK120001974"	"napH"	"-"	2296737	2297600	864	"MOPS1h"	20	2.64874733157942	1	42	0	0.726851851851852	-Inf	"SD"	2	6.25
"ECK120001975"	"napG"	"-"	2297587	2298282	696	"MOPS1h"	12	1.97286008145226	1	42	0	0.686781609195402	-Inf	"SD"	NA	NA
"ECK120001976"	"napA"	"-"	2298289	2300775	2487	"MOPS1h"	142	6.53336374380411	3	75	0	0.93124246079614	-Inf	"SD"	21	22.5806451612903
"ECK120001979"	"yojI"	"-"	2304994	2306637	1644	"MOPS1h"	17	1.183236034253	5	116	0	0.37956204379562	-Inf	"SD"	0	0
"ECK120001980"	"apbE"	"-"	2308501	2309556	1056	"MOPS1h"	38	4.11759812454619	0	0	0	0.893939393939394	-Inf	"SD"	NA	NA
"ECK120001981"	"nikA"	"+"	3611690	3613264	1575	"MOPS1h"	21	1.52567846298975	1	100	0	0.546031746031746	-Inf	"SD"	12	20.3389830508475
"ECK120001982"	"nikB"	"+"	3613264	3614208	945	"MOPS1h"	5	0	1	39	0	0.232804232804233	NA	"NO"	NA	NA
"ECK120001983"	"nikC"	"+"	3614205	3615038	834	"MOPS1h"	4	0.548805202514298	0	0	0	0.279376498800959	-Inf	"SD"	NA	NA
"ECK120001984"	"nikD"	"+"	3615038	3615802	765	"MOPS1h"	3	0	1	39	0	0.130718954248366	NA	"NO"	NA	NA
"ECK120001985"	"nikE"	"+"	3615799	3616605	807	"MOPS1h"	9	0	4	81	0	0.244114002478315	NA	"NO"	3	10
"ECK120001986"	"recX"	"-"	2820161	2820661	501	"MOPS1h"	29	6.62345440519501	1	38	0	0.744510978043912	-Inf	"SD"	NA	NA
"ECK120001987"	"ppdA"	"-"	2961729	2962199	471	"MOPS1h"	2	0	0	0	0	0.171974522292994	NA	"NO"	NA	NA
"ECK120001988"	"nuoA"	"-"	2402651	2403094	444	"MOPS1h"	509	131.177421902328	3	150	0	1	-Inf	"SD"	4	25
"ECK120001989"	"nuoB"	"-"	2401973	2402635	663	"MOPS1h"	1046	180.527112249692	3	63	0	1	-Inf	"SD"	7	28
"ECK120001990"	"nuoC"	"-"	2400077	2401867	1791	"MOPS1h"	5748	367.236172749793	2	65	0	1	-Inf	"SD"	41	60.2941176470588
"ECK120001991"	"nuoE"	"-"	2399574	2400074	501	"MOPS1h"	3818	872.012031690847	6	102	58.8235294117647	1	-9.50516982483874	"SD"	7	36.8421052631579
"ECK120001992"	"nuoG"	"-"	2395461	2398187	2727	"MOPS1h"	2743	115.097250384513	0	0	0	1	-Inf	"SD"	48	48
"ECK120001993"	"nuoH"	"-"	2394487	2395464	978	"MOPS1h"	853	99.8008994578416	0	0	0	1	-Inf	"SD"	11	30.5555555555556
"ECK120001994"	"nuoI"	"-"	2393930	2394472	543	"MOPS1h"	530	111.686406821073	0	0	0	1	-Inf	"SD"	14	66.6666666666667
"ECK120001995"	"nuoJ"	"-"	2393364	2393918	555	"MOPS1h"	286	58.965410866901	1	50	0	1	-Inf	"SD"	NA	NA
"ECK120001996"	"nuoK"	"-"	2393065	2393367	303	"MOPS1h"	250	94.4107959770883	0	0	0	1	-Inf	"SD"	3	27.2727272727273
"ECK120001997"	"nuoL"	"-"	2391227	2393068	1842	"MOPS1h"	1661	103.182081719298	4	101	0	1	-Inf	"SD"	8	12.1212121212121
"ECK120002000"	"secG"	"-"	3320195	3320527	333	"MOPS1h"	965	331.594530807456	1	35	0	1	-Inf	"SD"	4	36.3636363636364
"ECK120002002"	"yfiH"	"-"	2732325	2733056	732	"MOPS1h"	97	15.1629929211071	0	0	0	0.993169398907104	-Inf	"SD"	1	3.84615384615385
"ECK120002006"	"feoA"	"+"	3538185	3538412	228	"MOPS1h"	37	18.5691128719147	0	0	0	1	-Inf	"SD"	0	0
"ECK120002007"	"feoB"	"+"	3538429	3540750	2322	"MOPS1h"	1108	54.6011542956279	1	42	0	1	-Inf	"SD"	1	1.19047619047619
"ECK120002009"	"yeiR"	"+"	2265851	2266837	987	"MOPS1h"	49	5.6807176813448	1	62	0	0.842958459979737	-Inf	"SD"	5	13.8888888888889
"ECK120002011"	"hofB"	"-"	115714	117099	1386	"MOPS1h"	15	1.23837537580337	3	62	0	0.420634920634921	-Inf	"SD"	NA	NA
"ECK120002012"	"ppdD"	"-"	117109	117549	441	"MOPS1h"	1	0	0	0	0	0.0204081632653061	NA	"NO"	NA	NA
"ECK120002014"	"ydcF"	"+"	1485259	1486059	801	"MOPS1h"	175	24.9994130171541	1	41	0	1	-Inf	"SD"	2	6.66666666666667
"ECK120002015"	"nlpD"	"-"	2865636	2866775	1140	"MOPS1h"	1320	132.493129680689	4	116	0	0.992105263157895	-Inf	"SD"	3	7.5
"ECK120002017"	"hofQ"	"-"	3517487	3518725	1239	"MOPS1h"	13	1.20059443213479	0	0	0	0.301049233252623	-Inf	"SD"	NA	NA
"ECK120002018"	"prfC"	"+"	4607437	4609026	1590	"MOPS1h"	722	51.9594268999339	4	91	0	0.99685534591195	-Inf	"SD"	17	28.3333333333333
"ECK120002019"	"yjjG"	"+"	4606669	4607346	678	"MOPS1h"	91	15.3580464747862	2	37	0	0.96165191740413	-Inf	"SD"	1	4
"ECK120002024"	"rssB"	"+"	1289465	1290478	1014	"MOPS1h"	136	15.347061462027	4	109	0	1	-Inf	"SD"	1	2.7027027027027
"ECK120002025"	"yggI"	"+"	3087777	3088274	498	"MOPS1h"	7	1.60839597001931	1	100	0	0.618473895582329	-Inf	"SD"	1	5.26315789473684
"ECK120002027"	"hisJ"	"-"	2424028	2424810	783	"MOPS1h"	3378	493.653433714499	1	100	0	1	-Inf	"SD"	45	160.714285714286
"ECK120002028"	"hisQ"	"-"	2423252	2423938	687	"MOPS1h"	382	63.6254555526292	3	74	0	1	-Inf	"SD"	2	8
"ECK120002029"	"treB"	"-"	4462782	4464203	1422	"MOPS1h"	23	1.85077028738208	1	57	0	0.60196905766526	-Inf	"SD"	35	68.6274509803922
"ECK120002030"	"lgt"	"-"	2963184	2964059	876	"MOPS1h"	240	31.3495574586934	6	153	0	0.997716894977169	-Inf	"SD"	8	24.2424242424242
"ECK120002031"	"uraA"	"-"	2616893	2618182	1290	"MOPS1h"	217	19.2483852598125	1	65	0	0.998449612403101	-Inf	"SD"	NA	NA
"ECK120002032"	"hscA"	"-"	2655107	2656957	1851	"MOPS1h"	495	30.6001150397052	0	0	0	0.996218260399784	-Inf	"SD"	19	28.7878787878788
"ECK120002033"	"hscB"	"-"	2656974	2657489	516	"MOPS1h"	103	22.840825826736	0	0	0	1	-Inf	"SD"	3	15
"ECK120002034"	"iscA"	"-"	2657585	2657908	324	"MOPS1h"	454	160.337505138274	0	0	0	1	-Inf	"SD"	1	8.33333333333333
"ECK120002035"	"ucpA"	"-"	2541854	2542645	792	"MOPS1h"	332	47.9664062227837	0	0	0	1	-Inf	"SD"	13	46.4285714285714
"ECK120002037"	"mdtD"	"+"	2159488	2160903	1416	"MOPS1h"	20	1.61618481248914	2	67	0	0.578389830508475	-Inf	"SD"	NA	NA
"ECK120002040"	"yfhG"	"-"	2686815	2687528	714	"MOPS1h"	108	17.3081170171106	1	70	0	0.963585434173669	-Inf	"SD"	NA	NA
"ECK120002043"	"sdaC"	"+"	2926251	2927540	1290	"MOPS1h"	1352	119.925423369892	8	225	26.6666666666667	1	-6.64295931660158	"SD"	7	14.8936170212766
"ECK120002044"	"napD"	"-"	2300772	2301035	264	"MOPS1h"	8	3.46745105224943	0	0	0	0.643939393939394	-Inf	"SD"	NA	NA
"ECK120002045"	"pgm"	"+"	712781	714421	1641	"MOPS1h"	1518	105.849173072141	0	0	0	1	-Inf	"SD"	42	72.4137931034483
"ECK120002046"	"rapZ"	"+"	3345137	3345991	855	"MOPS1h"	261	34.9300069158179	2	51	0	1	-Inf	"SD"	10	31.25
"ECK120002047"	"npr"	"+"	3345988	3346260	273	"MOPS1h"	53	22.2145490490265	4	205	0	0.857142857142857	-Inf	"SD"	NA	NA
"ECK120002048"	"galP"	"+"	3086306	3087700	1395	"MOPS1h"	63	5.16762060044914	8	131	53.4351145038168	0.814336917562724	-1.88407332607693	"SD"	NA	NA
"ECK120002049"	"cobS"	"-"	2062503	2063246	744	"MOPS1h"	254	39.064750967681	0	0	0	1	-Inf	"SD"	1	3.84615384615385
"ECK120002050"	"cobT"	"-"	2061412	2062491	1080	"MOPS1h"	180	19.0709807873718	0	0	0	0.986111111111111	-Inf	"SD"	3	8.10810810810811
"ECK120002052"	"narU"	"-"	1540696	1542084	1389	"MOPS1h"	1	0	1	60	0	0.0583153347732181	NA	"NO"	NA	NA
"ECK120002056"	"yaiE"	"+"	407401	407685	285	"MOPS1h"	109	43.7628822278638	6	281	21.3523131672598	1	-5.18860144635483	"SD"	0	0
"ECK120002059"	"rsmB"	"+"	3433229	3434518	1290	"MOPS1h"	172	15.2567846298975	10	161	0	0.92015503875969	-Inf	"SD"	4	8.33333333333333
"ECK120002061"	"mukF"	"+"	973542	974864	1323	"MOPS1h"	474	40.9961219646905	4	100	0	0.99244142101285	-Inf	"SD"	3	5.88235294117647
"ECK120002064"	"brnQ"	"+"	418815	420134	1320	"MOPS1h"	291	25.2257064051146	4	80	0	0.975	-Inf	"SD"	4	8.69565217391304
"ECK120002065"	"ccmD"	"-"	2293399	2293608	210	"MOPS1h"	21	11.4425884724231	0	0	0	1	-Inf	"SD"	NA	NA
"ECK120002068"	"gspM"	"+"	3463104	3463565	462	"MOPS1h"	2	0	4	106	0	0.220779220779221	NA	"NO"	NA	NA
"ECK120002069"	"yjdC"	"-"	4360756	4361331	576	"MOPS1h"	352	69.9269295536968	2	82	0	1	-Inf	"SD"	5	22.7272727272727
"ECK120002070"	"cutA"	"-"	4363041	4363379	339	"MOPS1h"	31	10.4637239718323	2	62	0	0.935103244837758	-Inf	"SD"	0	0
"ECK120002071"	"dipZ"	"-"	4361368	4363065	1698	"MOPS1h"	284	19.1383694120622	5	38	0	0.978798586572438	-Inf	"SD"	1	1.61290322580645
"ECK120002076"	"ampG"	"-"	451294	452769	1476	"MOPS1h"	46	3.56611835861425	3	67	0	0.694444444444444	-Inf	"SD"	1	1.88679245283019
"ECK120002077"	"ptsP"	"-"	2964210	2966456	2247	"MOPS1h"	742	37.7854946441386	4	64	0	0.977303070761015	-Inf	"SD"	9	10.7142857142857
"ECK120002080"	"glnK"	"+"	471822	472160	339	"MOPS1h"	114	38.479501057706	0	0	0	1	-Inf	"SD"	NA	NA
"ECK120002092"	"cspC"	"-"	1905250	1905459	210	"MOPS1h"	1053	573.764079117216	1	101	0	1	-Inf	"SD"	NA	NA
"ECK120002097"	"waaF"	"+"	3792952	3793998	1047	"MOPS1h"	253	27.6501899094847	5	35	0	0.85577841451767	-Inf	"SD"	5	12.8205128205128
"ECK120002107"	"acpT"	"+"	3610992	3611579	588	"MOPS1h"	86	16.7357586501426	4	217	0	0.901360544217687	-Inf	"SD"	NA	NA
"ECK120002108"	"rbbA"	"-"	3624826	3627561	2736	"MOPS1h"	1079	45.1262900648557	2	48	0	1	-Inf	"SD"	1	0.99009900990099
"ECK120002109"	"yhiI"	"-"	3627558	3628625	1068	"MOPS1h"	407	43.6061189913502	4	77	0	1	-Inf	"SD"	9	23.0769230769231
"ECK120002110"	"yhiJ"	"-"	3628991	3630613	1623	"MOPS1h"	7	0	4	100	0	0.144177449168207	NA	"NO"	NA	NA
"ECK120002111"	"yhiK"	"-"	3630875	3631267	393	"MOPS1h"	0	0	0	0	0	0	NA	"NO"	NA	NA
"ECK120002119"	"arsR"	"+"	3646551	3646904	354	"MOPS1h"	7	2.2626587374848	3	106	0	0.675141242937853	-Inf	"SD"	NA	NA
"ECK120002120"	"arsB"	"+"	3646958	3648247	1290	"MOPS1h"	8	0.709617889762673	0	0	0	0.308527131782946	-Inf	"SD"	NA	NA
"ECK120002121"	"arsC"	"+"	3648260	3648685	426	"MOPS1h"	16	4.29768581123872	0	0	0	0.788732394366197	-Inf	"SD"	1	6.25
"ECK120002123"	"mdtE"	"+"	3657255	3658412	1158	"MOPS1h"	7	0.691693603687062	9	67	0	0.303972366148532	-Inf	"SD"	0	0
"ECK120002126"	"gadX"	"-"	3663009	3663833	825	"MOPS1h"	31	4.29963930478929	0	0	0	0.745454545454545	-Inf	"SD"	NA	NA
"ECK120002131"	"yhjD"	"+"	3671385	3672398	1014	"MOPS1h"	81	9.14052925311905	11	221	31.6742081447964	0.861932938856016	-2.70685087517484	"SD"	2	5.26315789473684
"ECK120002137"	"yhjK"	"-"	3681653	3683602	1950	"MOPS1h"	142	8.33255160555939	0	0	0	0.872307692307692	-Inf	"SD"	3	4.05405405405405
"ECK120002138"	"bcsC"	"-"	3683723	3687196	3474	"MOPS1h"	91	2.9973389493106	5	68	0	0.554979850316638	-Inf	"SD"	NA	NA
"ECK120002139"	"bcsZ"	"-"	3687178	3688284	1107	"MOPS1h"	5	0.516828747625253	0	0	0	0.253839205058717	-Inf	"SD"	NA	NA
"ECK120002140"	"bcsB"	"-"	3688291	3690630	2340	"MOPS1h"	24	1.17359881768442	2	35	0	0.298717948717949	-Inf	"SD"	NA	NA
"ECK120002141"	"bcsA"	"-"	3690641	3693259	2619	"MOPS1h"	20	0	6	159	0	0.219931271477663	NA	"NO"	NA	NA
"ECK120002142"	"bcsQ"	"-"	3693256	3693984	729	"MOPS1h"	26	4.08103292569274	0	0	0	0.735253772290809	-Inf	"SD"	NA	NA
"ECK120002145"	"bcsF"	"+"	3696049	3696240	192	"MOPS1h"	10	5.9596814960537	0	0	0	0.84375	-Inf	"SD"	NA	NA
"ECK120002148"	"eptB"	"-"	3706807	3708498	1692	"MOPS1h"	49	3.31375198078447	8	55	0	0.768321513002364	-Inf	"SD"	2	3.125
"ECK120002149"	"yhjX"	"-"	3708822	3710030	1209	"MOPS1h"	9	0.851805593480628	1	38	0	0.34656741108354	-Inf	"SD"	NA	NA
"ECK120002156"	"xylG"	"+"	3730224	3731765	1542	"MOPS1h"	9	0	58	372	150.537634408602	0.125810635538262	Inf	"AD"	NA	NA
"ECK120002157"	"xylH"	"+"	3731743	3732924	1182	"MOPS1h"	17	1.64571915424021	2	58	0	0.515228426395939	-Inf	"SD"	NA	NA
"ECK120002161"	"yiaL"	"+"	3741766	3742233	468	"MOPS1h"	2	0.488999507368509	0	0	0	0.252136752136752	-Inf	"SD"	NA	NA
"ECK120002162"	"yiaM"	"+"	3742351	3742824	474	"MOPS1h"	0	0	0	0	0	0	NA	"NO"	NA	NA
"ECK120002163"	"yiaN"	"+"	3742827	3744104	1278	"MOPS1h"	0	0	3	99	0	0	NA	"NO"	NA	NA
"ECK120002164"	"yiaO"	"+"	3744117	3745103	987	"MOPS1h"	4	0.463732055619984	1	56	0	0.250253292806484	-Inf	"SD"	NA	NA
"ECK120002165"	"lyxK"	"+"	3745107	3746603	1497	"MOPS1h"	4	0	1	100	0	0.0668002672010688	NA	"NO"	NA	NA
"ECK120002166"	"sgbH"	"+"	3746600	3747262	663	"MOPS1h"	3	0	0	0	0	0.184012066365008	NA	"NO"	NA	NA
"ECK120002167"	"sgbU"	"+"	3747255	3748115	861	"MOPS1h"	10	1.32898820817922	0	0	0	0.444831591173055	-Inf	"SD"	NA	NA
"ECK120002172"	"yiaW"	"-"	3752128	3752451	324	"MOPS1h"	1	0	0	0	0	0.0709876543209877	NA	"NO"	NA	NA
"ECK120002173"	"aldB"	"-"	3752996	3754534	1539	"MOPS1h"	7	0.520455616029641	1	64	0	0.265756985055231	-Inf	"SD"	2	3.57142857142857
"ECK120002174"	"yiaY"	"-"	3754699	3755850	1152	"MOPS1h"	0	0	3	121	0	0	NA	"NO"	NA	NA
"ECK120002175"	"grxC"	"-"	3782214	3782465	252	"MOPS1h"	238	108.06889112844	1	47	0	1	-Inf	"SD"	0	0
"ECK120002178"	"envC"	"+"	3784861	3786120	1260	"MOPS1h"	335	30.4227550655694	2	99	0	0.956349206349206	-Inf	"SD"	2	4.25531914893617
"ECK120002181"	"tmk"	"+"	1154347	1154988	642	"MOPS1h"	338	60.2429112722587	1	35	0	1	-Inf	"SD"	4	16.6666666666667
"ECK120002182"	"ycfH"	"+"	1156000	1156797	798	"MOPS1h"	126	18.0672449564575	46	281	110.320284697509	0.93859649122807	-1.54303640824186	"SD"	6	20
"ECK120002183"	"sapD"	"-"	1350660	1351652	993	"MOPS1h"	78	8.9881359602115	2	61	0	0.886203423967774	-Inf	"SD"	NA	NA
"ECK120002184"	"sapF"	"-"	1349852	1350658	807	"MOPS1h"	80	11.3433342973215	2	118	0	0.952912019826518	-Inf	"SD"	4	12.9032258064516
"ECK120002186"	"yjtD"	"+"	4638965	4639651	687	"MOPS1h"	32	5.32988109341396	1	62	0	0.918486171761281	-Inf	"SD"	2	8
"ECK120002187"	"pepB"	"-"	2653097	2654380	1284	"MOPS1h"	300	26.7350197953811	9	129	54.2635658914729	1	-4.25523201266714	"SD"	34	73.9130434782609
"ECK120002188"	"iscX"	"-"	2654558	2654758	201	"MOPS1h"	207	117.841582775701	0	0	0	1	-Inf	"SD"	0	0
"ECK120002190"	"zapD"	"-"	111856	112599	744	"MOPS1h"	213	32.7590234492758	0	0	0	1	-Inf	"SD"	16	57.1428571428571
"ECK120002197"	"yadH"	"+"	143702	144472	771	"MOPS1h"	142	21.0745468623097	0	0	0	0.955901426718547	-Inf	"SD"	NA	NA
"ECK120002198"	"yadI"	"+"	144577	145017	441	"MOPS1h"	66	17.1249623396808	3	79	0	1	-Inf	"SD"	NA	NA
"ECK120002199"	"yfaD"	"+"	2354926	2355825	900	"MOPS1h"	91	11.5697283443389	2	82	0	0.406666666666667	-Inf	"SD"	NA	NA
"ECK120002200"	"yadK"	"-"	151003	151599	597	"MOPS1h"	7	1.34167704031762	2	38	0	0.355108877721943	-Inf	"SD"	NA	NA
"ECK120002201"	"yadL"	"-"	151626	152231	606	"MOPS1h"	3	0.56646477586253	0	0	0	0.405940594059406	-Inf	"SD"	NA	NA
"ECK120002202"	"yadM"	"-"	152243	152812	570	"MOPS1h"	12	2.40896599419434	1	100	0	0.678947368421053	-Inf	"SD"	NA	NA
"ECK120002203"	"yadN"	"-"	156299	156883	585	"MOPS1h"	1	0	0	0	0	0.0974358974358974	NA	"NO"	NA	NA
"ECK120002209"	"btuF"	"-"	177662	178462	801	"MOPS1h"	42	5.99985912411698	0	0	0	0.68414481897628	-Inf	"SD"	1	3.44827586206897
"ECK120002212"	"yaeI"	"-"	184257	185069	813	"MOPS1h"	9	1.26670721096935	6	310	19.3548387096774	0.451414514145141	-0.0780486899972956	"SD"	NA	NA
"ECK120002214"	"yagB"	"-"	279609	279959	351	"MOPS1h"	46	14.9959848926343	0	0	0	1	-Inf	"SD"	NA	NA
"ECK120002216"	"rseA"	"-"	2706776	2707426	651	"MOPS1h"	700	123.03858572498	1	94	0	1	-Inf	"SD"	3	12.5
"ECK120002223"	"arfB"	"+"	214833	215255	423	"MOPS1h"	64	17.3126634098127	4	132	0	1	-Inf	"SD"	NA	NA
"ECK120002227"	"ybgD"	"-"	751452	752018	567	"MOPS1h"	3	0.605427961503868	1	100	0	0.395061728395062	-Inf	"SD"	NA	NA
"ECK120002229"	"kduD"	"-"	2980519	2981280	762	"MOPS1h"	60	9.00991218301032	6	102	0	0.89238845144357	-Inf	"SD"	3	11.1111111111111
"ECK120002230"	"menF"	"-"	2377370	2378665	1296	"MOPS1h"	189	16.6871081889504	5	106	0	0.94212962962963	-Inf	"SD"	2	4.08163265306122
"ECK120002231"	"ygiL"	"+"	3183436	3183987	552	"MOPS1h"	2	0	0	0	0	0.144927536231884	NA	"NO"	NA	NA
"ECK120002232"	"intB"	"+"	4494773	4495963	1191	"MOPS1h"	107	10.2800752858881	6	165	0	0.89840470193115	-Inf	"SD"	NA	NA
"ECK120002234"	"rsmE"	"+"	3089156	3089887	732	"MOPS1h"	296	46.2705763365743	1	100	0	1	-Inf	"SD"	6	22.2222222222222
"ECK120002235"	"cusA"	"+"	597937	601080	3144	"MOPS1h"	45	1.63777506761781	0	0	0	0.448473282442748	-Inf	"SD"	NA	NA
"ECK120002239"	"nlpI"	"-"	3306062	3306946	885	"MOPS1h"	2659	343.79483331269	8	122	49.1803278688525	1	-8.16236964751732	"SD"	2	5.88235294117647
"ECK120002241"	"ygdH"	"+"	2924330	2925694	1365	"MOPS1h"	153	12.8257585075512	2	96	0	0.912820512820513	-Inf	"SD"	14	27.4509803921569
"ECK120002242"	"yhfG"	"-"	3489475	3489642	168	"MOPS1h"	8	5.44885165353481	1	94	0	0.970238095238095	-Inf	"SD"	NA	NA
"ECK120002243"	"ycaI"	"+"	963543	965807	2265	"MOPS1h"	31	1.56609378651265	9	145	0	0.422958057395143	-Inf	"SD"	NA	NA
"ECK120002246"	"yecE"	"+"	1949419	1950237	819	"MOPS1h"	11	1.53685559458674	18	143	62.9370629370629	0.493284493284493	0.228015293094861	"AD"	NA	NA
"ECK120002248"	"nrdF"	"+"	2801524	2802483	960	"MOPS1h"	17	2.02629170865826	3	207	0	0.559375	-Inf	"SD"	NA	NA
"ECK120002250"	"rcsD"	"+"	2311510	2314182	2673	"MOPS1h"	529	22.6454519338265	10	114	0	0.982042648709315	-Inf	"SD"	17	17
"ECK120002252"	"lhgO"	"+"	2788004	2789272	1269	"MOPS1h"	8	0.721360975408864	0	0	0	0.304176516942474	-Inf	"SD"	NA	NA
"ECK120002258"	"ybgE"	"+"	773532	773825	294	"MOPS1h"	392	152.567846298975	3	179	0	1	-Inf	"SD"	NA	NA
"ECK120002260"	"ycbF"	"+"	1003170	1003880	711	"MOPS1h"	16	2.57498474766202	13	333	36.036036036036	0.617440225035162	-0.101529481010592	"SD"	NA	NA
"ECK120002261"	"dhaM"	"-"	1246919	1248337	1419	"MOPS1h"	374	30.1587603149136	7	217	0	0.996476391825229	-Inf	"SD"	4	7.84313725490196
"ECK120002263"	"rlmN"	"-"	2641151	2642305	1155	"MOPS1h"	1099	108.877963040632	7	123	0	1	-Inf	"SD"	5	11.6279069767442
"ECK120002271"	"nudK"	"-"	2580925	2581500	576	"MOPS1h"	80	15.8924839894765	0	0	0	0.986111111111111	-Inf	"SD"	6	27.2727272727273
"ECK120002272"	"rfbD"	"-"	2109101	2110000	900	"MOPS1h"	269	34.2006255453535	10	96	72.9166666666667	0.981111111111111	-4.61052398063315	"SD"	10	30.3030303030303
"ECK120002273"	"rfbB"	"-"	2110000	2111085	1086	"MOPS1h"	500	52.6822673684305	1	76	0	0.996316758747698	-Inf	"SD"	33	80.4878048780488
"ECK120002274"	"gatA"	"-"	2172619	2173071	453	"MOPS1h"	430	108.616181967813	0	0	0	1	-Inf	"SD"	21	123.529411764706
"ECK120002275"	"gatB"	"-"	2172304	2172588	285	"MOPS1h"	116	46.5733425544239	0	0	0	1	-Inf	"SD"	3	30
"ECK120002276"	"gatC"	"-"	2170945	2172300	1356	"MOPS1h"	106	8.94479629850184	0	0	0	0.746312684365782	-Inf	"SD"	NA	NA
"ECK120002277"	"gatD"	"-"	2169857	2170897	1041	"MOPS1h"	18	1.97854555719132	0	0	0	0.582132564841499	-Inf	"SD"	10	27.027027027027
"ECK120002278"	"gatY"	"-"	2174372	2175226	855	"MOPS1h"	4741	634.494876581964	1	36	0	1	-Inf	"SD"	77	248.387096774194
"ECK120002279"	"ybiI"	"-"	837413	837679	267	"MOPS1h"	1	0	1	65	0	0.0149812734082397	NA	"NO"	NA	NA
"ECK120002282"	"prmC"	"+"	1265317	1266150	834	"MOPS1h"	133	18.2477729836004	2	100	0	0.81294964028777	-Inf	"SD"	4	12.9032258064516
"ECK120002283"	"modA"	"+"	794312	795085	774	"MOPS1h"	209	30.8979456167497	2	51	0	0.962532299741602	-Inf	"SD"	20	74.0740740740741
"ECK120002285"	"tomB"	"-"	479558	479932	375	"MOPS1h"	106	32.3443834153826	0	0	0	1	-Inf	"SD"	NA	NA
"ECK120002286"	"puuR"	"+"	1359935	1360492	558	"MOPS1h"	45	9.22789392937347	0	0	0	0.960573476702509	-Inf	"SD"	NA	NA
"ECK120002287"	"ydiF"	"+"	1773611	1775206	1596	"MOPS1h"	2	0	0	0	0	0.0238095238095238	NA	"NO"	NA	NA
"ECK120002290"	"rseP"	"+"	196546	197898	1353	"MOPS1h"	637	53.8723492751923	0	0	0	1	-Inf	"SD"	NA	NA
"ECK120002291"	"menE"	"-"	2371670	2373025	1356	"MOPS1h"	61	5.14747711517559	0	0	0	0.66740412979351	-Inf	"SD"	2	4
"ECK120002292"	"menH"	"-"	2374856	2375614	759	"MOPS1h"	80	12.0606993121719	1	49	0	0.703557312252964	-Inf	"SD"	1	3.57142857142857
"ECK120002296"	"yggL"	"-"	3099829	3100155	327	"MOPS1h"	1298	454.204276367131	0	0	0	1	-Inf	"SD"	7	53.8461538461538
"ECK120002300"	"ybcH"	"-"	586314	587204	891	"MOPS1h"	34	4.36641984357335	3	110	0	0.777777777777778	-Inf	"SD"	1	3.03030303030303
"ECK120002305"	"alsB"	"-"	4309130	4310065	936	"MOPS1h"	7	0.85574913789489	1	78	0	0.411324786324786	-Inf	"SD"	8	24.2424242424242
"ECK120002306"	"adiC"	"-"	4333717	4335054	1338	"MOPS1h"	16	0	0	0	0	0.224962630792227	NA	"NO"	NA	NA
"ECK120002307"	"yjdL"	"-"	4352977	4354434	1458	"MOPS1h"	16	1.25570243867469	4	79	0	0.451303155006859	-Inf	"SD"	NA	NA
"ECK120002308"	"yjeM"	"+"	4381862	4383364	1503	"MOPS1h"	9	0	0	0	0	0.248835662009315	NA	"NO"	NA	NA
"ECK120002309"	"ulaB"	"+"	4419416	4419721	306	"MOPS1h"	4	1.49576319900956	2	100	0	0.281045751633987	-Inf	"SD"	NA	NA
"ECK120002310"	"ulaC"	"+"	4419731	4420195	465	"MOPS1h"	19	4.67546625754923	4	71	0	0.640860215053763	-Inf	"SD"	2	11.7647058823529
"ECK120002313"	"ytfR"	"+"	4449081	4450583	1503	"MOPS1h"	15	1.14197489744742	4	55	0	0.501663339986693	-Inf	"SD"	NA	NA
"ECK120002314"	"ytfT"	"+"	4450597	4451619	1023	"MOPS1h"	6	0.671119558499889	0	0	0	0.321603128054741	-Inf	"SD"	NA	NA
"ECK120002317"	"idnT"	"-"	4489229	4490548	1320	"MOPS1h"	35	3.03401967071825	4	233	0	0.353030303030303	-Inf	"SD"	NA	NA
"ECK120002319"	"yjhF"	"-"	4518694	4520043	1350	"MOPS1h"	10	0.847599146105415	35	627	49.4417862838915	0.331851851851852	2.87081417608654	"AD"	NA	NA
"ECK120002320"	"sgcA"	"-"	4525572	4526003	432	"MOPS1h"	10	2.64874733157942	3	116	0	0.56712962962963	-Inf	"SD"	0	0
"ECK120002321"	"sgcC"	"-"	4526953	4528266	1314	"MOPS1h"	17	1.48039576888275	0	0	0	0.405631659056317	-Inf	"SD"	NA	NA
"ECK120002322"	"sgcX"	"-"	4528553	4529674	1122	"MOPS1h"	8	0.815870835823394	10	103	0	0.392156862745098	-Inf	"SD"	NA	NA
"ECK120002329"	"fabF"	"+"	1151162	1152403	1242	"MOPS1h"	7412	682.870094666667	3	76	0	1	-Inf	"SD"	35	81.3953488372093
"ECK120002332"	"yabP"	"+"	58474	59124	651	"MOPS1h"	36	6.32769869442752	5	182	0	0.841781874039939	-Inf	"SD"	NA	NA
"ECK120002337"	"dppB"	"-"	3702794	3703813	1020	"MOPS1h"	305	34.2155831773436	7	101	0	0.98921568627451	-Inf	"SD"	4	10.8108108108108
"ECK120002338"	"dppC"	"-"	3701882	3702784	903	"MOPS1h"	312	39.5358538582061	0	0	0	1	-Inf	"SD"	NA	NA
"ECK120002339"	"dppD"	"-"	3700888	3701871	984	"MOPS1h"	336	39.0722533204691	0	0	0	1	-Inf	"SD"	8	22.2222222222222
"ECK120002341"	"gntK"	"-"	3575088	3575615	528	"MOPS1h"	34	7.36833348603003	0	0	0	0.90719696969697	-Inf	"SD"	1	5
"ECK120002342"	"gntR"	"-"	3575754	3576749	996	"MOPS1h"	319	36.6484510311543	1	93	0	1	-Inf	"SD"	5	13.8888888888889
"ECK120002345"	"cas3"	"-"	2882575	2885241	2667	"MOPS1h"	43	1.84488678033068	12	190	57.8947368421053	0.492313460817398	0.253971242134965	"AD"	NA	NA
"ECK120002349"	"gltJ"	"-"	685152	685892	741	"MOPS1h"	66	10.1917792062068	0	0	0	0.956815114709852	-Inf	"SD"	2	7.14285714285714
"ECK120002350"	"gltK"	"-"	684478	685152	675	"MOPS1h"	46	7.79791214416982	2	48	0	0.957037037037037	-Inf	"SD"	NA	NA
"ECK120002351"	"gltL"	"-"	683753	684478	726	"MOPS1h"	111	17.494866672713	0	0	0	1	-Inf	"SD"	1	3.7037037037037
"ECK120002352"	"lpxH"	"-"	552441	553163	723	"MOPS1h"	97	15.3517438703325	1	74	0	0.748271092669433	-Inf	"SD"	0	0
"ECK120002353"	"grxB"	"-"	1122630	1123277	648	"MOPS1h"	273	48.2072014347455	7	159	0	1	-Inf	"SD"	11	45.8333333333333
"ECK120002355"	"rarA"	"+"	937217	938560	1344	"MOPS1h"	654	55.6804528345589	2	100	0	0.967261904761905	-Inf	"SD"	2	4
"ECK120002356"	"yciM"	"+"	1338582	1339751	1170	"MOPS1h"	240	23.4719763536884	1	61	0	0.971794871794872	-Inf	"SD"	3	6.66666666666667
"ECK120002358"	"nudL"	"+"	1894194	1894772	579	"MOPS1h"	99	19.5650476471483	0	0	0	0.782383419689119	-Inf	"SD"	0	0
"ECK120002364"	"yggN"	"-"	3098926	3099645	720	"MOPS1h"	202	32.1028176587426	3	84	0	1	-Inf	"SD"	7	26.9230769230769
"ECK120002365"	"ygbE"	"-"	2871036	2871359	324	"MOPS1h"	136	48.0306182793069	0	0	0	1	-Inf	"SD"	NA	NA
"ECK120002368"	"yedJ"	"-"	2030408	2031103	696	"MOPS1h"	355	58.3637774096293	2	83	0	1	-Inf	"SD"	0	0
"ECK120002371"	"dxr"	"+"	193521	194717	1197	"MOPS1h"	136	13.0007688575567	4	50	0	0.949874686716792	-Inf	"SD"	NA	NA
"ECK120002373"	"ygjI"	"+"	3224256	3225689	1434	"MOPS1h"	1	0	0	0	0	0.0251046025104603	NA	"NO"	NA	NA
"ECK120002375"	"uxaA"	"-"	3239849	3241336	1488	"MOPS1h"	45	3.46046022351505	1	35	0	0.730510752688172	-Inf	"SD"	3	5.55555555555556
"ECK120002377"	"exuR"	"+"	3244674	3245450	777	"MOPS1h"	169	24.8879980931725	24	356	44.9438202247191	0.976833976833977	-2.95930637922564	"SD"	7	23.3333333333333
"ECK120002378"	"yhaO"	"-"	3254701	3255969	1269	"MOPS1h"	10	0.90170121926108	3	93	0	0.443656422379827	-Inf	"SD"	NA	NA
"ECK120002380"	"agaA"	"+"	3279144	3279647	504	"MOPS1h"	2	0	0	0	0	0.170634920634921	NA	"NO"	NA	NA
"ECK120002381"	"kbaY"	"+"	3281165	3282025	861	"MOPS1h"	1	0	4	71	0	0.0429732868757259	NA	"NO"	NA	NA
"ECK120002382"	"agaB"	"+"	3282192	3282668	477	"MOPS1h"	3	0.719659652353654	1	42	0	0.339622641509434	-Inf	"SD"	NA	NA
"ECK120002383"	"agaC"	"+"	3282707	3283510	804	"MOPS1h"	4	0	1	39	0	0.166666666666667	NA	"NO"	NA	NA
"ECK120002384"	"diaA"	"+"	3293831	3294421	591	"MOPS1h"	120	23.2336821775088	0	0	0	1	-Inf	"SD"	3	14.2857142857143
"ECK120002386"	"mlaD"	"-"	3335932	3336483	552	"MOPS1h"	331	68.614072180653	1	56	0	0.998188405797101	-Inf	"SD"	15	75
"ECK120002387"	"mlaE"	"-"	3336488	3337270	783	"MOPS1h"	262	38.288099358555	0	0	0	1	-Inf	"SD"	5	17.8571428571429
"ECK120002391"	"yhdW"	"+"	3417171	3418088	918	"MOPS1h"	7	0.872528532755575	12	287	34.8432055749129	0.410675381263617	1.1967257848924	"AD"	NA	NA
"ECK120002392"	"yhdX"	"+"	3418156	3419337	1182	"MOPS1h"	3	0	5	100	0	0.157360406091371	NA	"NO"	NA	NA
"ECK120002393"	"yhdY"	"+"	3419347	3420450	1104	"MOPS1h"	5	0	7	149	0	0.221920289855072	NA	"NO"	NA	NA
"ECK120002401"	"abgT"	"-"	1398271	1399797	1527	"MOPS1h"	48	0	1	38	0	0.134250163719712	NA	"NO"	NA	NA
"ECK120002402"	"ybgF"	"+"	778821	779612	792	"MOPS1h"	1751	252.979449687031	5	135	0	1	-Inf	"SD"	7	25
"ECK120002409"	"proQ"	"-"	1912860	1913558	699	"MOPS1h"	464	75.956524337687	1	61	0	1	-Inf	"SD"	16	61.5384615384615
"ECK120002412"	"ycjF"	"+"	1383535	1384596	1062	"MOPS1h"	77	8.29641537077758	0	0	0	0.721280602636535	-Inf	"SD"	1	2.56410256410256
"ECK120002416"	"ycfK"	"+"	1206724	1207353	630	"MOPS1h"	0	0	0	0	0	0	NA	"NO"	NA	NA
"ECK120002418"	"ybcJ"	"-"	555884	556096	213	"MOPS1h"	150	80.5816089607261	0	0	0	1	-Inf	"SD"	0	0
"ECK120002424"	"frlA"	"+"	3497932	3499269	1338	"MOPS1h"	0	0	6	58	0	0	NA	"NO"	NA	NA
"ECK120002425"	"feoC"	"+"	3540750	3540986	237	"MOPS1h"	54	26.071720570078	1	46	0	1	-Inf	"SD"	NA	NA
"ECK120002428"	"xapB"	"-"	2520751	2522007	1257	"MOPS1h"	21	1.91164962546448	0	0	0	0.529832935560859	-Inf	"SD"	NA	NA
"ECK120002433"	"mngB"	"+"	767201	769834	2634	"MOPS1h"	82	3.56223331335875	10	113	0	0.685649202733485	-Inf	"SD"	NA	NA
"ECK120002434"	"cobU"	"-"	2063243	2063788	546	"MOPS1h"	128	26.8251158327868	0	0	0	1	-Inf	"SD"	2	10
"ECK120002437"	"dctA"	"-"	3680184	3681470	1287	"MOPS1h"	69	6.13472109244129	1	44	0	0.811188811188811	-Inf	"SD"	4	8.88888888888889
"ECK120002438"	"dgoA"	"-"	3871018	3871635	618	"MOPS1h"	9	1.66639637947909	1	53	0	0.632686084142395	-Inf	"SD"	NA	NA
"ECK120002439"	"dgoK"	"-"	3871619	3872497	879	"MOPS1h"	15	1.95266014887766	2	63	0	0.485779294653015	-Inf	"SD"	NA	NA
"ECK120002441"	"glcB"	"-"	3119656	3121827	2172	"MOPS1h"	301	15.8573624778976	2	51	0	0.935543278084715	-Inf	"SD"	56	70
"ECK120002442"	"gpsA"	"-"	3780665	3781684	1020	"MOPS1h"	666	74.7133717905273	1	54	0	0.964705882352941	-Inf	"SD"	6	16.6666666666667
"ECK120002444"	"kefB"	"-"	3476824	3478629	1806	"MOPS1h"	85	5.38549291337743	4	135	0	0.75968992248062	-Inf	"SD"	NA	NA
"ECK120002445"	"pta"	"+"	2412769	2414913	2145	"MOPS1h"	2266	120.880678221495	11	203	0	1	-Inf	"SD"	68	88.3116883116883
"ECK120002446"	"uxuB"	"+"	4550924	4552384	1461	"MOPS1h"	80	6.26561997121046	10	167	47.9041916167665	0.767282683093771	-1.96938536343503	"SD"	6	11.1111111111111
"ECK120002450"	"nrdE"	"+"	2799370	2801514	2145	"MOPS1h"	44	2.34719763536884	18	231	34.6320346320346	0.510955710955711	-0.552867417601552	"SD"	NA	NA
"ECK120002451"	"alaT"	"+"	4035283	4035358	76	"MOPS1h"	0	0	0	0	0	0	NA	"NO"	NA	NA
"ECK120002452"	"alaU"	"-"	3424980	3425055	76	"MOPS1h"	0	0	0	0	0	0	NA	"NO"	NA	NA
"ECK120002453"	"alaV"	"+"	225500	225575	76	"MOPS1h"	0	0	0	0	0	0	NA	"NO"	NA	NA
"ECK120002455"	"alaX"	"-"	2516063	2516138	76	"MOPS1h"	374	563.095801142926	0	0	0	1	-Inf	"SD"	NA	NA
"ECK120002456"	"argQ"	"-"	2815806	2815882	77	"MOPS1h"	12	17.8326054115685	0	0	0	0.688311688311688	-Inf	"SD"	NA	NA
"ECK120002458"	"argV"	"-"	2816495	2816571	77	"MOPS1h"	103	153.063196449296	0	0	0	1	-Inf	"SD"	NA	NA
"ECK120002459"	"argW"	"+"	2464331	2464405	75	"MOPS1h"	243	370.739866506509	0	0	0	1	-Inf	"SD"	NA	NA
"ECK120002460"	"argX"	"+"	3980398	3980474	77	"MOPS1h"	702	1043.20741657676	0	0	0	1	-Inf	"SD"	NA	NA
"ECK120002461"	"argY"	"-"	2816220	2816296	77	"MOPS1h"	72	106.995632469411	0	0	0	1	-Inf	"SD"	NA	NA
"ECK120002462"	"argZ"	"-"	2816081	2816157	77	"MOPS1h"	7	10.4023531567483	0	0	0	0.961038961038961	-Inf	"SD"	NA	NA
"ECK120002463"	"asnT"	"+"	2042573	2042648	76	"MOPS1h"	12	18.0672449564575	0	0	0	1	-Inf	"SD"	NA	NA
"ECK120002467"	"aspU"	"+"	228928	229004	77	"MOPS1h"	22	32.6931099212089	0	0	0	1	-Inf	"SD"	NA	NA
"ECK120002468"	"aspV"	"+"	236931	237007	77	"MOPS1h"	192	285.321686585096	0	0	0	1	-Inf	"SD"	NA	NA
"ECK120002470"	"glnU"	"-"	696088	696162	75	"MOPS1h"	44	67.1298523715489	46	321	143.302180685358	1	-2.86724870343557	"SD"	NA	NA
"ECK120002472"	"glnW"	"-"	695979	696053	75	"MOPS1h"	13	19.8338200188667	46	321	143.302180685358	1	-1.10825680293936	"SD"	NA	NA
"ECK120002474"	"gltT"	"+"	4166395	4166470	76	"MOPS1h"	1	0	0	0	0	0.0789473684210526	NA	"NO"	NA	NA
"ECK120002475"	"gltU"	"+"	3941458	3941533	76	"MOPS1h"	2	3.01120749274292	0	0	0	0.592105263157895	-Inf	"SD"	NA	NA
"ECK120002476"	"gltV"	"+"	4207797	4207872	76	"MOPS1h"	0	0	0	0	0	0	NA	"NO"	NA	NA
"ECK120002477"	"gltW"	"-"	2727391	2727466	76	"MOPS1h"	12	18.0672449564575	0	0	0	0.0526315789473684	-Inf	"SD"	NA	NA
"ECK120002478"	"glyT"	"+"	4173696	4173770	75	"MOPS1h"	10244	15629.050174867	0	0	0	1	-Inf	"SD"	NA	NA
"ECK120002479"	"glyU"	"-"	2997006	2997079	74	"MOPS1h"	13966	21595.5662980893	1	70	0	1	-Inf	"SD"	NA	NA
"ECK120002480"	"glyV"	"+"	4390383	4390458	76	"MOPS1h"	43	64.7409610939728	0	0	0	1	-Inf	"SD"	NA	NA
"ECK120002481"	"glyW"	"-"	1990066	1990141	76	"MOPS1h"	249	374.895332846494	0	0	0	1	-Inf	"SD"	NA	NA
"ECK120002482"	"glyX"	"+"	4390495	4390570	76	"MOPS1h"	3	4.51681123911438	0	0	0	0.776315789473684	-Inf	"SD"	NA	NA
"ECK120002484"	"hisR"	"+"	3980532	3980608	77	"MOPS1h"	4522	6719.92013925939	0	0	0	1	-Inf	"SD"	NA	NA
"ECK120002485"	"ileT"	"+"	4035164	4035240	77	"MOPS1h"	0	0	0	0	0	0	NA	"NO"	NA	NA
"ECK120002486"	"ileU"	"-"	3425098	3425174	77	"MOPS1h"	0	0	0	0	0	0	NA	"NO"	NA	NA
"ECK120002487"	"ileV"	"+"	225381	225457	77	"MOPS1h"	0	0	0	0	0	0	NA	"NO"	NA	NA
"ECK120002490"	"leuQ"	"-"	4604338	4604424	87	"MOPS1h"	74	97.3277640183115	0	0	0	1	-Inf	"SD"	NA	NA
"ECK120002491"	"leuT"	"+"	3980629	3980715	87	"MOPS1h"	210	276.200411403316	0	0	0	1	-Inf	"SD"	NA	NA
"ECK120002492"	"leuU"	"-"	3320094	3320180	87	"MOPS1h"	56852	74774.0275671492	0	0	0	1	-Inf	"SD"	NA	NA
"ECK120002494"	"leuW"	"-"	696186	696270	85	"MOPS1h"	3514	4730.50069318762	0	0	0	1	-Inf	"SD"	NA	NA
"ECK120002496"	"leuZ"	"-"	1989839	1989925	87	"MOPS1h"	6632	8722.67204012759	0	0	0	1	-Inf	"SD"	NA	NA
"ECK120002497"	"lysT"	"+"	779777	779852	76	"MOPS1h"	104	156.582789622632	0	0	0	1	-Inf	"SD"	NA	NA
"ECK120002499"	"lysW"	"+"	780066	780141	76	"MOPS1h"	2	0	0	0	0	0.0526315789473684	NA	"NO"	NA	NA
"ECK120002500"	"metT"	"-"	696280	696356	77	"MOPS1h"	100	148.605045096404	1	46	0	1	-Inf	"SD"	NA	NA
"ECK120002501"	"metU"	"-"	695887	695963	77	"MOPS1h"	88	130.772439684835	0	0	0	1	-Inf	"SD"	NA	NA
"ECK120002506"	"pheU"	"-"	4360574	4360649	76	"MOPS1h"	17	25.5952636883148	4	116	0	1	-Inf	"SD"	NA	NA
"ECK120002508"	"proK"	"-"	3706639	3706715	77	"MOPS1h"	776	1153.17514994809	1	50	0	1	-Inf	"SD"	NA	NA
"ECK120002510"	"proM"	"+"	3980758	3980834	77	"MOPS1h"	4382	6511.87307612442	0	0	0	1	-Inf	"SD"	NA	NA
"ECK120002513"	"rrfB"	"+"	4169660	4169779	120	"MOPS1h"	30	28.6064711810578	0	0	0	0.75	-Inf	"SD"	NA	NA
"ECK120002514"	"rrfC"	"+"	3944723	3944842	120	"MOPS1h"	6	5.72129423621155	0	0	0	0.775	-Inf	"SD"	NA	NA
"ECK120002515"	"rrfD"	"-"	3421690	3421809	120	"MOPS1h"	177	168.778179968241	0	0	0	0.733333333333333	-Inf	"SD"	NA	NA
"ECK120002516"	"rrfE"	"+"	4211063	4211182	120	"MOPS1h"	10	9.53549039368592	0	0	0	0.708333333333333	-Inf	"SD"	NA	NA
"ECK120002517"	"rrfG"	"-"	2724091	2724210	120	"MOPS1h"	118	112.518786645494	0	0	0	0.758333333333333	-Inf	"SD"	NA	NA
"ECK120002518"	"rrfH"	"+"	228756	228875	120	"MOPS1h"	0	0	0	0	0	0	NA	"NO"	NA	NA
"ECK120002519"	"rrlA"	"+"	4035542	4038446	2905	"MOPS1h"	679	26.7453272728926	0	0	0	0.197246127366609	-Inf	"SD"	NA	NA
"ECK120002520"	"rrlB"	"+"	4166664	4169567	2904	"MOPS1h"	2	0	0	0	0	0.0351239669421488	NA	"NO"	NA	NA
"ECK120002521"	"rrlC"	"+"	3941727	3944630	2904	"MOPS1h"	1295	51.0266944620796	0	0	0	0.275826446280992	-Inf	"SD"	NA	NA
"ECK120002522"	"rrlD"	"-"	3421902	3424805	2904	"MOPS1h"	86	0	0	0	0	0.0878099173553719	NA	"NO"	NA	NA
"ECK120002523"	"rrlE"	"+"	4208066	4210969	2904	"MOPS1h"	2	0	0	0	0	0.0261707988980716	NA	"NO"	NA	NA
"ECK120002524"	"rrlG"	"-"	2724303	2727206	2904	"MOPS1h"	1	0	0	0	0	0.00654269972451791	NA	"NO"	NA	NA
"ECK120002525"	"rrlH"	"+"	225759	228662	2904	"MOPS1h"	1650	65.0147072296767	0	0	0	0.297520661157025	-Inf	"SD"	NA	NA
"ECK120002526"	"rrsA"	"+"	4033554	4035095	1542	"MOPS1h"	60	0	0	0	0	0.123865110246433	NA	"NO"	NA	NA
"ECK120002527"	"rrsB"	"+"	4164682	4166223	1542	"MOPS1h"	12	0	0	0	0	0.00713359273670558	NA	"NO"	NA	NA
"ECK120002531"	"rrsG"	"-"	2727638	2729179	1542	"MOPS1h"	2325	172.52930089743	0	0	0	0.184176394293126	-Inf	"SD"	NA	NA
"ECK120002532"	"rrsH"	"+"	223771	225312	1542	"MOPS1h"	1430	106.114795820785	0	0	0	0.160181582360571	-Inf	"SD"	NA	NA
"ECK120002537"	"serV"	"-"	2816575	2816667	93	"MOPS1h"	6816	8386.31000301461	0	0	0	1	-Inf	"SD"	NA	NA
"ECK120002541"	"ssrS"	"+"	3054005	3054187	183	"MOPS1h"	23873	14927.263093014	0	0	0	1	-Inf	"SD"	NA	NA
"ECK120002542"	"ssrA"	"+"	2753615	2753977	363	"MOPS1h"	925707	291803.973747696	0	0	0	1	-Inf	"SD"	NA	NA
"ECK120002543"	"thrT"	"+"	4173777	4173852	76	"MOPS1h"	572	861.205342924476	0	0	0	1	-Inf	"SD"	NA	NA
"ECK120002545"	"thrV"	"-"	3421602	3421677	76	"MOPS1h"	344	517.927688751783	0	0	0	1	-Inf	"SD"	NA	NA
"ECK120002548"	"tyrT"	"-"	1286761	1286845	85	"MOPS1h"	21	28.2699244612806	0	0	0	1	-Inf	"SD"	NA	NA
"ECK120002550"	"tyrV"	"-"	1286467	1286551	85	"MOPS1h"	8	10.7694950328688	0	0	0	1	-Inf	"SD"	NA	NA
"ECK120002551"	"valT"	"+"	779988	780063	76	"MOPS1h"	21	31.6176786738007	0	0	0	0.460526315789474	-Inf	"SD"	NA	NA
"ECK120002554"	"valW"	"+"	1744540	1744616	77	"MOPS1h"	74	109.967733371339	1	93	0	1	-Inf	"SD"	NA	NA
"ECK120002555"	"valX"	"+"	2519073	2519148	76	"MOPS1h"	107	161.099600861746	0	0	0	1	-Inf	"SD"	NA	NA
"ECK120002556"	"valY"	"+"	2519195	2519270	76	"MOPS1h"	25	37.6400936592865	0	0	0	1	-Inf	"SD"	NA	NA
"ECK120002557"	"dicF"	"+"	1647406	1647458	53	"MOPS1h"	14	30.2257053988535	0	0	0	1	-Inf	"SD"	NA	NA
"ECK120002561"	"rpmA"	"-"	3330884	3331141	258	"MOPS1h"	2202	976.611620785879	0	0	0	1	-Inf	"SD"	0	0
"ECK120002562"	"acpP"	"+"	1150838	1151074	237	"MOPS1h"	14767	7129.64995663595	0	0	0	1	-Inf	"SD"	8	88.8888888888889
"ECK120002564"	"nfsB"	"-"	603994	604647	654	"MOPS1h"	216	37.7920353217644	4	159	0	1	-Inf	"SD"	8	33.3333333333333
"ECK120002566"	"eutC"	"-"	2554432	2555319	888	"MOPS1h"	65	8.37576858904844	1	38	0	0.872747747747748	-Inf	"SD"	NA	NA
"ECK120002568"	"gadA"	"-"	3664203	3665603	1401	"MOPS1h"	5	0	1	46	0	0.0428265524625268	NA	"NO"	NA	NA
"ECK120002569"	"frmA"	"-"	377686	378795	1110	"MOPS1h"	330	34.018506269366	1	64	0	0.993693693693694	-Inf	"SD"	4	10.2564102564103
"ECK120002570"	"folP"	"-"	3322085	3322933	849	"MOPS1h"	168	22.6425778959609	1	40	0	0.830388692579505	-Inf	"SD"	7	22.5806451612903
"ECK120002572"	"glcF"	"-"	3122258	3123481	1224	"MOPS1h"	58	5.42214159640964	0	0	0	0.555555555555556	-Inf	"SD"	3	6.66666666666667
"ECK120002581"	"sraF"	"+"	3236396	3236583	188	"MOPS1h"	53	32.2583611190651	0	0	0	0.930851063829787	-Inf	"SD"	NA	NA
"ECK120002628"	"ydaE"	"-"	1415862	1416032	171	"MOPS1h"	2	0	0	0	0	0.152046783625731	NA	"NO"	NA	NA
"ECK120002629"	"yoeB"	"-"	2087235	2087489	255	"MOPS1h"	318	142.695809185512	4	129	0	1	-Inf	"SD"	NA	NA
"ECK120002651"	"ecnB"	"+"	4374576	4374722	147	"MOPS1h"	16	12.4545180652224	0	0	0	1	-Inf	"SD"	1	20
"ECK120002669"	"tisB"	"+"	3851576	3851665	90	"MOPS1h"	46	58.4843410812736	2	127	0	1	-Inf	"SD"	NA	NA
"ECK120002671"	"thiS"	"-"	4190660	4190860	201	"MOPS1h"	7	3.98498106004785	0	0	0	0.930348258706468	-Inf	"SD"	NA	NA
"ECK120002674"	"sapC"	"-"	1351652	1352542	891	"MOPS1h"	87	11.1728978350259	0	0	0	0.982042648709315	-Inf	"SD"	NA	NA
"ECK120002675"	"sapB"	"-"	1352529	1353494	966	"MOPS1h"	117	13.859035727469	13	191	68.0628272251309	1	-2.41424335395771	"SD"	NA	NA
"ECK120002676"	"sapA"	"-"	1353491	1355134	1644	"MOPS1h"	161	11.2059412655725	5	128	0	0.864963503649635	-Inf	"SD"	5	8.06451612903226
"ECK120002680"	"flgC"	"+"	1130661	1131065	405	"MOPS1h"	40	11.3013219480722	2	117	0	0.896296296296296	-Inf	"SD"	NA	NA
"ECK120002682"	"flgD"	"+"	1131077	1131772	696	"MOPS1h"	53	8.71346535974748	1	46	0	0.843390804597701	-Inf	"SD"	NA	NA
"ECK120002683"	"flgE"	"+"	1131797	1133005	1209	"MOPS1h"	95	8.99128126451774	5	95	0	0.851116625310174	-Inf	"SD"	8	19.047619047619
"ECK120002684"	"flgF"	"+"	1133025	1133780	756	"MOPS1h"	10	1.51356990375967	0	0	0	0.493386243386243	-Inf	"SD"	NA	NA
"ECK120002685"	"flgG"	"+"	1133952	1134734	783	"MOPS1h"	22	3.21503124384813	4	49	0	0.805874840357599	-Inf	"SD"	1	3.57142857142857
"ECK120002686"	"flgH"	"+"	1134787	1135485	699	"MOPS1h"	8	1.3095952472015	0	0	0	0.274678111587983	-Inf	"SD"	10	40
"ECK120002687"	"flgI"	"+"	1135497	1136594	1098	"MOPS1h"	13	1.35476912697177	0	0	0	0.398907103825137	-Inf	"SD"	2	5.26315789473684
"ECK120002688"	"flgJ"	"+"	1136594	1137535	942	"MOPS1h"	13	1.57912579768047	0	0	0	0.574309978768577	-Inf	"SD"	NA	NA
"ECK120002689"	"flgM"	"-"	1129058	1129351	294	"MOPS1h"	980	381.419615747437	0	0	0	1	-Inf	"SD"	0	0
"ECK120002690"	"flhA"	"-"	1960996	1963074	2079	"MOPS1h"	28	1.5410893565553	2	93	0	0.434343434343434	-Inf	"SD"	5	6.66666666666667
"ECK120002692"	"fliI"	"+"	2014578	2015951	1374	"MOPS1h"	12	0.999352705015118	1	73	0	0.338427947598253	-Inf	"SD"	0	0
"ECK120002693"	"fliJ"	"+"	2015970	2016413	444	"MOPS1h"	4	1.03086382634442	0	0	0	0.486486486486487	-Inf	"SD"	NA	NA
"ECK120002694"	"fliK"	"+"	2016410	2017537	1128	"MOPS1h"	6	0.608648323001229	2	101	0	0.269503546099291	-Inf	"SD"	NA	NA
"ECK120002695"	"nanT"	"-"	3369106	3370596	1491	"MOPS1h"	12	0.92093267383687	1	100	0	0.354795439302482	-Inf	"SD"	NA	NA
"ECK120002699"	"maa"	"-"	478591	479142	552	"MOPS1h"	43	8.91361058540206	1	79	0	0.90036231884058	-Inf	"SD"	5	25
"ECK120002706"	"insA-1"	"-"	20233	20508	276	"MOPS1h"	0	0	0	0	0	0	NA	"NO"	NA	NA
"ECK120002711"	"b0165"	"-"	184987	185118	132	"MOPS1h"	52	45.0768636792425	0	0	0	0.492424242424242	-Inf	"SD"	NA	NA
"ECK120002712"	"ispU"	"+"	194903	195664	762	"MOPS1h"	472	70.8779758396812	0	0	0	1	-Inf	"SD"	2	7.14285714285714
"ECK120002713"	"bamA"	"+"	197928	200360	2433	"MOPS1h"	1940	91.2397107953178	13	52	0	1	-Inf	"SD"	13	14.2857142857143
"ECK120002714"	"ldcC"	"+"	209679	211820	2142	"MOPS1h"	66	3.52572754052253	12	100	90	0.676470588235294	-0.969924084517051	"SD"	NA	NA
"ECK120002715"	"yaeR"	"+"	211877	212266	390	"MOPS1h"	13	3.81419615747437	0	0	0	0.58974358974359	-Inf	"SD"	2	13.3333333333333
"ECK120002729"	"yafQ"	"-"	245961	246239	279	"MOPS1h"	534	219.008682590464	0	0	0	1	-Inf	"SD"	NA	NA
"ECK120002735"	"dinB"	"+"	250898	251953	1056	"MOPS1h"	34	3.68416674301501	1	49	0	0.581439393939394	-Inf	"SD"	NA	NA
"ECK120002736"	"yafN"	"+"	252005	252298	294	"MOPS1h"	19	7.39487010122582	0	0	0	0.925170068027211	-Inf	"SD"	NA	NA
"ECK120002737"	"yafO"	"+"	252301	252699	399	"MOPS1h"	28	8.02988664731446	0	0	0	0.974937343358396	-Inf	"SD"	NA	NA
"ECK120002738"	"yafP"	"+"	252709	253161	453	"MOPS1h"	2	0	0	0	0	0.150110375275938	NA	"NO"	NA	NA
"ECK120002739"	"ykfJ"	"+"	253467	253733	267	"MOPS1h"	2	0.857122732016712	1	44	0	0.277153558052434	-Inf	"SD"	NA	NA
"ECK120002742"	"ykfG"	"-"	263480	263956	477	"MOPS1h"	0	0	7	113	0	0	NA	"NO"	NA	NA
"ECK120002743"	"yafX"	"-"	263972	264430	459	"MOPS1h"	0	0	24	369	65.0406504065041	0	Inf	"AD"	NA	NA
"ECK120002744"	"ykfF"	"-"	264528	264767	240	"MOPS1h"	0	0	29	677	42.8360413589365	0	Inf	"AD"	NA	NA
"ECK120002745"	"ykfB"	"-"	264844	265311	468	"MOPS1h"	268	65.5259339873802	29	677	42.8360413589365	1	-3.49794120709796	"SD"	1	5.88235294117647
"ECK120002746"	"yafY"	"-"	265334	265777	444	"MOPS1h"	130	33.5030743561938	0	0	0	0.281531531531532	-Inf	"SD"	NA	NA
"ECK120002747"	"yafZ"	"-"	266408	267229	822	"MOPS1h"	0	0	5	191	0	0	NA	"NO"	NA	NA
"ECK120002748"	"ykfA"	"-"	267321	268184	864	"MOPS1h"	18	2.38387259842148	2	122	0	0.614583333333333	-Inf	"SD"	NA	NA
"ECK120002751"	"insI-1"	"+"	269827	270978	1152	"MOPS1h"	9	0	0	0	0	0.0581597222222222	NA	"NO"	NA	NA
"ECK120002752"	"insO-1"	"+"	271054	271479	426	"MOPS1h"	24	6.44652871685809	1	100	0	0.828638497652582	-Inf	"SD"	NA	NA
"ECK120002757"	"afuB"	"-"	278038	278400	363	"MOPS1h"	1	0	0	0	0	0.0110192837465565	NA	"NO"	NA	NA
"ECK120002758"	"insB-2"	"-"	278402	278905	504	"MOPS1h"	0	0	0	0	0	0	NA	"NO"	NA	NA
"ECK120002759"	"insA-2"	"-"	278824	279099	276	"MOPS1h"	0	0	0	0	0	0	NA	"NO"	NA	NA
"ECK120002761"	"yagF"	"+"	282425	284392	1968	"MOPS1h"	31	1.80244025734307	1	58	0	0.559959349593496	-Inf	"SD"	0	0
"ECK120002762"	"yagG"	"+"	284619	286001	1383	"MOPS1h"	9	0.744636993867013	3	54	0	0.328994938539407	-Inf	"SD"	NA	NA
"ECK120002765"	"insB-3"	"-"	289873	290376	504	"MOPS1h"	0	0	0	0	0	0	NA	"NO"	NA	NA
"ECK120002770"	"yagM"	"-"	293169	294023	855	"MOPS1h"	0	0	1	100	0	0	NA	"NO"	NA	NA
"ECK120002771"	"yagN"	"-"	294363	294803	441	"MOPS1h"	110	28.5416038994681	15	195	71.7948717948718	0.816326530612245	-3.3495676772607	"SD"	NA	NA
"ECK120002772"	"intF"	"-"	294920	296320	1401	"MOPS1h"	144	11.761118772512	22	162	67.9012345679012	0.901498929336188	-2.41844987372536	"SD"	NA	NA
"ECK120002773"	"yagP"	"-"	296605	297015	411	"MOPS1h"	2	0.556816957295528	1	58	0	0.257907542579075	-Inf	"SD"	NA	NA
"ECK120002774"	"paoD"	"-"	296994	297950	957	"MOPS1h"	6	0	5	101	0	0.246603970741902	NA	"NO"	NA	NA
"ECK120002775"	"paoC"	"-"	297960	300158	2199	"MOPS1h"	24	1.24885003791794	3	114	0	0.414279217826285	-Inf	"SD"	NA	NA
"ECK120002776"	"paoB"	"-"	300155	301111	957	"MOPS1h"	0	0	1	76	0	0	NA	"NO"	NA	NA
"ECK120002780"	"ecpE"	"-"	303719	304429	711	"MOPS1h"	15	2.41404820093314	4	140	0	0.580872011251758	-Inf	"SD"	NA	NA
"ECK120002781"	"ecpD"	"-"	304398	306041	1644	"MOPS1h"	29	2.01846147019629	16	100	0	0.440389294403893	-Inf	"SD"	NA	NA
"ECK120002782"	"ecpC"	"-"	306031	308556	2526	"MOPS1h"	5	0	11	273	32.967032967033	0.154394299287411	Inf	"AD"	NA	NA
"ECK120002783"	"ecpB"	"-"	308582	309250	669	"MOPS1h"	2	0	2	119	0	0.243647234678625	NA	"NO"	0	0
"ECK120002784"	"ecpA"	"-"	309308	309895	588	"MOPS1h"	10	1.946018447691	9	147	0	0.448979591836735	-Inf	"SD"	NA	NA
"ECK120002788"	"insE-1"	"+"	314506	314814	309	"MOPS1h"	0	0	0	0	0	0	NA	"NO"	NA	NA
"ECK120002792"	"rclB"	"-"	317555	317791	237	"MOPS1h"	0	0	0	0	0	0	NA	"NO"	NA	NA
"ECK120002795"	"ykgE"	"+"	320832	321551	720	"MOPS1h"	89	14.1443107506341	0	0	0	1	-Inf	"SD"	10	38.4615384615385
"ECK120002796"	"ykgF"	"+"	321562	322989	1428	"MOPS1h"	58	4.64754993977969	4	65	0	0.739495798319328	-Inf	"SD"	12	22.6415094339623
"ECK120002799"	"ykgH"	"-"	323920	324588	669	"MOPS1h"	0	0	0	0	0	0	NA	"NO"	NA	NA
"ECK120002803"	"yahE"	"+"	335149	336012	864	"MOPS1h"	5	0	0	0	0	0.231481481481481	NA	"NO"	NA	NA
"ECK120002804"	"yahF"	"+"	336002	337549	1548	"MOPS1h"	8	0.591348241468894	2	45	0	0.306847545219638	-Inf	"SD"	NA	NA
"ECK120002805"	"yahG"	"+"	337549	338967	1419	"MOPS1h"	4	0	0	0	0	0.0894996476391825	NA	"NO"	NA	NA
"ECK120002806"	"yahI"	"+"	339389	340339	951	"MOPS1h"	6	0	0	0	0	0.16403785488959	NA	"NO"	NA	NA
"ECK120002807"	"yahJ"	"+"	340349	341731	1383	"MOPS1h"	89	7.36363249490713	0	0	0	0.872740419378163	-Inf	"SD"	2	3.92156862745098
"ECK120002808"	"yahK"	"+"	342108	343157	1050	"MOPS1h"	80	8.7181626456557	0	0	0	0.940952380952381	-Inf	"SD"	2	5.26315789473684
"ECK120002809"	"yahL"	"+"	343400	344215	816	"MOPS1h"	1	0	1	94	0	0.0686274509803922	NA	"NO"	NA	NA
"ECK120002815"	"prpC"	"+"	349236	350405	1170	"MOPS1h"	2	0	1	37	0	0.104273504273504	NA	"NO"	NA	NA
"ECK120002816"	"prpD"	"+"	350439	351890	1452	"MOPS1h"	1	0	9	157	0	0.0323691460055096	NA	"NO"	NA	NA
"ECK120002817"	"prpE"	"+"	351930	353816	1887	"MOPS1h"	12	0.727668583301946	1	100	0	0.295177530471648	-Inf	"SD"	NA	NA
"ECK120002819"	"mhpE"	"+"	373092	374105	1014	"MOPS1h"	46	5.19091784745032	0	0	0	0.747534516765286	-Inf	"SD"	NA	NA
"ECK120002820"	"mhpT"	"+"	374683	375894	1212	"MOPS1h"	8	0.755286367816707	1	52	0	0.282178217821782	-Inf	"SD"	NA	NA
"ECK120002823"	"frmR"	"-"	378830	379105	276	"MOPS1h"	107	44.3607596575823	1	35	0	1	-Inf	"SD"	0	0
"ECK120002824"	"yaiO"	"-"	379293	380066	774	"MOPS1h"	31	4.58294887138393	1	76	0	0.736434108527132	-Inf	"SD"	NA	NA
"ECK120002832"	"tauB"	"+"	385431	386198	768	"MOPS1h"	108	16.091140039345	1	61	0	0.98828125	-Inf	"SD"	NA	NA
"ECK120002833"	"tauC"	"+"	386195	387022	828	"MOPS1h"	94	12.9903782174852	0	0	0	0.893719806763285	-Inf	"SD"	NA	NA
"ECK120002845"	"proY"	"+"	420210	421583	1374	"MOPS1h"	155	12.9083057731119	3	100	0	0.91703056768559	-Inf	"SD"	NA	NA
"ECK120002846"	"thiL"	"+"	434858	435835	978	"MOPS1h"	157	18.3689814945851	3	112	0	0.978527607361963	-Inf	"SD"	4	11.4285714285714
"ECK120002848"	"dxs"	"-"	437539	439401	1863	"MOPS1h"	475	29.1746082898603	20	165	66.6666666666667	0.979602791196994	-3.72913785699054	"SD"	15	22.0588235294118
"ECK120002853"	"ppiD"	"+"	461139	463010	1872	"MOPS1h"	1241	75.8560485805399	0	0	0	1	-Inf	"SD"	36	52.9411764705882
"ECK120002854"	"ybaV"	"+"	463161	463532	372	"MOPS1h"	39	11.9962621081855	3	147	0	1	-Inf	"SD"	NA	NA
"ECK120002858"	"ybaO"	"+"	467607	468065	459	"MOPS1h"	28	6.9802282620446	0	0	0	0.751633986928105	-Inf	"SD"	2	11.7647058823529
"ECK120002859"	"mdlA"	"+"	468095	469867	1773	"MOPS1h"	67	4.32404640525859	1	50	0	0.76029328821207	-Inf	"SD"	2	3.03030303030303
"ECK120002863"	"ylaC"	"-"	478005	478475	471	"MOPS1h"	17	4.13002131701046	2	61	0	0.717622080679405	-Inf	"SD"	0	0
"ECK120002870"	"ybaT"	"+"	511800	513092	1293	"MOPS1h"	7	0.619475013974955	2	40	0	0.346481051817479	-Inf	"SD"	NA	NA
"ECK120002877"	"ybbO"	"-"	517564	518373	810	"MOPS1h"	203	28.6771044432332	0	0	0	1	-Inf	"SD"	9	31.0344827586207
"ECK120002878"	"ybbP"	"+"	519640	522054	2415	"MOPS1h"	156	7.39148572131679	1	36	0	0.874120082815735	-Inf	"SD"	4	4.49438202247191
"ECK120002879"	"ylbH"	"+"	527173	527883	711	"MOPS1h"	20	3.21873093457753	2	92	0	0.70042194092827	-Inf	"SD"	NA	NA
"ECK120002884"	"allR"	"+"	532235	533050	816	"MOPS1h"	705	98.8605989345379	0	0	0	1	-Inf	"SD"	6	20.6896551724138
"ECK120002885"	"hyi"	"+"	534934	535710	777	"MOPS1h"	2	0	0	0	0	0.137709137709138	NA	"NO"	0	0
"ECK120002886"	"glxR"	"+"	535810	536688	879	"MOPS1h"	6	0.781064059551065	2	98	0	0.284414106939704	-Inf	"SD"	NA	NA
"ECK120002888"	"ybbW"	"+"	536857	538311	1455	"MOPS1h"	2	0	0	0	0	0.100343642611684	NA	"NO"	NA	NA
"ECK120002889"	"allB"	"+"	538371	539732	1362	"MOPS1h"	4	0	3	84	0	0.212187958883994	NA	"NO"	NA	NA
"ECK120002890"	"ybbY"	"+"	539789	541090	1302	"MOPS1h"	3	0	0	0	0	0.10752688172043	NA	"NO"	NA	NA
"ECK120002893"	"allC"	"-"	543281	544516	1236	"MOPS1h"	129	11.9425073862668	3	123	0	0.571197411003236	-Inf	"SD"	NA	NA
"ECK120002896"	"ylbE_2"	"+"	547838	548839	1002	"MOPS1h"	7	0.799382428213191	1	61	0	0.305389221556886	-Inf	"SD"	NA	NA
"ECK120002897"	"ylbF"	"+"	548850	549665	816	"MOPS1h"	2	0	0	0	0	0.137254901960784	NA	"NO"	NA	NA
"ECK120002899"	"sfmC"	"+"	558197	558889	693	"MOPS1h"	0	0	3	144	0	0	NA	"NO"	NA	NA
"ECK120002900"	"sfmD"	"+"	558920	561523	2604	"MOPS1h"	16	0.703077632714169	2	84	0	0.2642089093702	-Inf	"SD"	NA	NA
"ECK120002901"	"sfmH"	"+"	561565	562542	978	"MOPS1h"	0	0	0	0	0	0	NA	"NO"	NA	NA
"ECK120002904"	"insE-3"	"+"	566056	566364	309	"MOPS1h"	0	0	0	0	0	0	NA	"NO"	NA	NA
"ECK120002905"	"insF-3"	"+"	566361	567227	867	"MOPS1h"	2	0	0	0	0	0.041522491349481	NA	"NO"	NA	NA
"ECK120002906"	"renD"	"+"	567285	567470	186	"MOPS1h"	11	6.76712221487388	0	0	0	0.725806451612903	-Inf	"SD"	NA	NA
"ECK120002908"	"ybcK"	"+"	568125	569651	1527	"MOPS1h"	4	0	1	50	0	0.130975769482646	NA	"NO"	NA	NA
"ECK120002909"	"ybcL"	"+"	570116	570667	552	"MOPS1h"	17	3.52398558027523	2	76	0	0.530797101449275	-Inf	"SD"	0	0
"ECK120002910"	"ybcM"	"+"	570677	571474	798	"MOPS1h"	21	3.01120749274292	1	36	0	0.695488721804511	-Inf	"SD"	NA	NA
"ECK120002911"	"ybcN"	"+"	571689	572144	456	"MOPS1h"	0	0	1	100	0	0	NA	"NO"	NA	NA
"ECK120002912"	"ninE"	"+"	572144	572314	171	"MOPS1h"	0	0	0	0	0	0	NA	"NO"	NA	NA
"ECK120002913"	"ybcO"	"+"	572307	572597	291	"MOPS1h"	1	0.393216098708698	0	0	0	0.257731958762887	-Inf	"SD"	NA	NA
"ECK120002914"	"rusA"	"+"	572594	572956	363	"MOPS1h"	0	0	0	0	0	0	NA	"NO"	NA	NA
"ECK120002916"	"insH-2"	"-"	573960	574976	1017	"MOPS1h"	2	0	0	0	0	0.0324483775811209	NA	"NO"	NA	NA
"ECK120002918"	"rrrD"	"+"	576836	577333	498	"MOPS1h"	16	3.67633364575843	4	82	0	0.803212851405622	-Inf	"SD"	0	0
"ECK120002926"	"cusS"	"-"	592551	593993	1443	"MOPS1h"	29	2.29961930492218	5	183	0	0.661815661815662	-Inf	"SD"	NA	NA
"ECK120002929"	"cusF"	"+"	596354	596686	333	"MOPS1h"	20	6.87242550896283	1	46	0	0.921921921921922	-Inf	"SD"	NA	NA
"ECK120002930"	"cusB"	"+"	596702	597925	1224	"MOPS1h"	28	2.61758559826672	4	101	0	0.584150326797386	-Inf	"SD"	NA	NA
"ECK120002932"	"ybdF"	"-"	604741	605109	369	"MOPS1h"	61	18.9159321630843	1	39	0	1	-Inf	"SD"	2	14.2857142857143
"ECK120002933"	"ybdJ"	"-"	605174	605422	249	"MOPS1h"	5	2.29770852859902	0	0	0	0.329317269076305	-Inf	"SD"	NA	NA
"ECK120002934"	"ybdK"	"-"	605488	606606	1119	"MOPS1h"	12	1.22708723564859	2	37	0	0.395889186773905	-Inf	"SD"	NA	NA
"ECK120002938"	"ybdN"	"-"	634572	635792	1221	"MOPS1h"	18	1.68686807947269	8	156	0	0.43980343980344	-Inf	"SD"	NA	NA
"ECK120002939"	"ybdO"	"-"	635939	636841	903	"MOPS1h"	3	0	24	190	126.315789473684	0.173864894795127	Inf	"AD"	NA	NA
"ECK120002945"	"citT"	"-"	644340	645803	1464	"MOPS1h"	15	0	0	0	0	0.197404371584699	NA	"NO"	NA	NA
"ECK120002946"	"citG"	"-"	645854	646732	879	"MOPS1h"	0	0	9	92	76.0869565217391	0	Inf	"AD"	NA	NA
"ECK120002947"	"citX"	"-"	646707	647258	552	"MOPS1h"	0	0	0	0	0	0	NA	"NO"	NA	NA
"ECK120002948"	"citF"	"-"	647262	648794	1533	"MOPS1h"	2	0	0	0	0	0.117416829745597	NA	"NO"	NA	NA
"ECK120002949"	"citE"	"-"	648805	649713	909	"MOPS1h"	1	0	24	101	227.722772277228	0.105610561056106	Inf	"AD"	NA	NA
"ECK120002950"	"citD"	"-"	649710	650006	297	"MOPS1h"	0	0	0	0	0	0	NA	"NO"	NA	NA
"ECK120002955"	"ybeM_2"	"+"	657478	658041	564	"MOPS1h"	32	6.49224877867978	0	0	0	0.817375886524823	-Inf	"SD"	NA	NA
"ECK120002956"	"cobC"	"-"	668519	669130	612	"MOPS1h"	11	2.05667439863814	2	63	0	0.42156862745098	-Inf	"SD"	NA	NA
"ECK120002957"	"nadD"	"-"	669154	669795	642	"MOPS1h"	44	7.84227247331178	0	0	0	0.757009345794392	-Inf	"SD"	1	4
"ECK120002965"	"rihA"	"-"	682700	683635	936	"MOPS1h"	72	8.80199113263316	0	0	0	0.955128205128205	-Inf	"SD"	6	17.6470588235294
"ECK120002966"	"gltI"	"-"	686062	686970	909	"MOPS1h"	1482	186.555732850727	1	39	0	1	-Inf	"SD"	35	106.060606060606
"ECK120002967"	"insH-3"	"-"	687220	688236	1017	"MOPS1h"	0	0	0	0	0	0	NA	"NO"	NA	NA
"ECK120002968"	"ybeX"	"-"	690129	691007	879	"MOPS1h"	1196	155.692102537179	0	0	0	1	-Inf	"SD"	14	42.4242424242424
"ECK120002969"	"ybeY"	"-"	691097	691564	468	"MOPS1h"	130	31.7849679789531	4	100	0	1	-Inf	"SD"	2	11.1111111111111
"ECK120002970"	"ybeZ"	"-"	691561	692640	1080	"MOPS1h"	431	45.6644039964293	0	0	0	1	-Inf	"SD"	18	46.1538461538462
"ECK120002973"	"chiP"	"+"	707557	708963	1407	"MOPS1h"	5	0	1	42	0	0.10589907604833	NA	"NO"	NA	NA
"ECK120002976"	"ybfO"	"+"	733443	734876	1434	"MOPS1h"	2	0	7	154	45.4545454545455	0.0516039051603905	Inf	"AD"	NA	NA
"ECK120002977"	"ybfL"	"+"	736123	737184	1062	"MOPS1h"	0	0	1	52	0	0	NA	"NO"	NA	NA
"ECK120002980"	"ybgJ"	"+"	742816	743472	657	"MOPS1h"	270	47.0243361880402	1	100	0	1	-Inf	"SD"	5	20.8333333333333
"ECK120002981"	"ybgK"	"+"	743466	744398	933	"MOPS1h"	537	65.8592712721458	0	0	0	1	-Inf	"SD"	3	8.82352941176471
"ECK120002982"	"ybgL"	"+"	744388	745122	735	"MOPS1h"	277	43.1237688008327	3	69	0	1	-Inf	"SD"	1	3.84615384615385
"ECK120002985"	"ybgO"	"-"	747144	748205	1062	"MOPS1h"	4	0	16	230	26.0869565217391	0.236346516007533	Inf	"AD"	NA	NA
"ECK120002986"	"ybgP"	"-"	748202	748930	729	"MOPS1h"	2	0	1	38	0	0.185185185185185	NA	"NO"	NA	NA
"ECK120002987"	"ybgQ"	"-"	748945	751392	2448	"MOPS1h"	3	0	7	125	0	0.0694444444444444	NA	"NO"	NA	NA
"ECK120002988"	"b0725"	"+"	757687	757947	261	"MOPS1h"	319	139.853859107394	0	0	0	0.773946360153257	-Inf	"SD"	NA	NA
"ECK120002989"	"valZ"	"+"	780291	780366	76	"MOPS1h"	30	45.1681123911438	0	0	0	0.618421052631579	-Inf	"SD"	NA	NA
"ECK120002990"	"lysY"	"+"	780370	780445	76	"MOPS1h"	3	4.51681123911438	0	0	0	0.802631578947368	-Inf	"SD"	NA	NA
"ECK120002991"	"lysZ"	"+"	780592	780667	76	"MOPS1h"	60	90.3362247822877	0	0	0	1	-Inf	"SD"	NA	NA
"ECK120002992"	"lysQ"	"+"	780800	780875	76	"MOPS1h"	17	25.5952636883148	0	0	0	0.894736842105263	-Inf	"SD"	NA	NA
"ECK120003000"	"ybhI"	"+"	801110	802543	1434	"MOPS1h"	5	0	4	152	0	0.207112970711297	NA	"NO"	NA	NA
"ECK120003003"	"ybhL"	"+"	819107	819811	705	"MOPS1h"	635	103.064449361541	0	0	0	1	-Inf	"SD"	NA	NA
"ECK120003006"	"clsB"	"-"	821721	822962	1242	"MOPS1h"	9	0.829173077711819	1	37	0	0.398550724637681	-Inf	"SD"	NA	NA
"ECK120003010"	"ybhS"	"-"	825342	826475	1134	"MOPS1h"	19	1.91718854476225	2	100	0	0.597883597883598	-Inf	"SD"	NA	NA
"ECK120003011"	"ybhF"	"-"	826468	828204	1737	"MOPS1h"	162	10.6718441711718	1	100	0	0.886586067933218	-Inf	"SD"	0	0
"ECK120003012"	"ybhG"	"-"	828197	829195	999	"MOPS1h"	133	15.2338765448676	3	39	0	0.994994994994995	-Inf	"SD"	6	16.6666666666667
"ECK120003013"	"ybiX"	"-"	837753	838430	678	"MOPS1h"	9	1.5189276733305	12	268	26.1194029850746	0.458702064896755	-0.117626347599528	"SD"	1	3.84615384615385
"ECK120003014"	"fiu"	"-"	838472	840754	2283	"MOPS1h"	5	0	20	101	0	0.058694699956198	NA	"NO"	NA	NA
"ECK120003025"	"ybiV"	"-"	858436	859251	816	"MOPS1h"	59	8.27344019452161	2	39	0	0.89093137254902	-Inf	"SD"	5	16.6666666666667
"ECK120003026"	"ybiW"	"-"	859397	861829	2433	"MOPS1h"	23	1.08170791149088	19	48	125	0.392108508014797	0.14972341825141	"AD"	NA	NA
"ECK120003029"	"gsiA"	"+"	866776	868614	1839	"MOPS1h"	1225	76.2217013524649	2	100	0	1	-Inf	"SD"	2	2.89855072463768
"ECK120003030"	"gsiB"	"+"	868634	870172	1539	"MOPS1h"	719	53.4582268464731	11	157	63.6942675159236	0.9772579597141	-4.74034008057489	"SD"	8	14.2857142857143
"ECK120003031"	"gsiC"	"+"	870190	871110	921	"MOPS1h"	157	19.5058239975074	0	0	0	0.976112920738328	-Inf	"SD"	NA	NA
"ECK120003032"	"gsiD"	"+"	871113	872024	912	"MOPS1h"	59	7.40255175299302	1	55	0	0.759868421052632	-Inf	"SD"	NA	NA
"ECK120003033"	"yliE"	"+"	872202	874550	2349	"MOPS1h"	68	3.31245643305565	1	70	0	0.694338016177097	-Inf	"SD"	1	1.11111111111111
"ECK120003042"	"ybjI"	"-"	884539	885354	816	"MOPS1h"	119	16.6871081889504	0	0	0	0.908088235294118	-Inf	"SD"	4	13.3333333333333
"ECK120003047"	"ybjN"	"+"	892180	892656	477	"MOPS1h"	141	33.8240036606218	3	138	0	0.979035639412998	-Inf	"SD"	NA	NA
"ECK120003048"	"ybjO"	"+"	897212	897700	489	"MOPS1h"	12	2.80799717114677	5	99	0	0.805725971370143	-Inf	"SD"	NA	NA
"ECK120003054"	"ybjT"	"-"	906075	907505	1431	"MOPS1h"	185	14.7930039650473	2	40	0	0.958071278825996	-Inf	"SD"	0	0
"ECK120003055"	"ltaE"	"-"	907516	908517	1002	"MOPS1h"	522	59.6110896467551	1	38	0	1	-Inf	"SD"	6	16.6666666666667
"ECK120003056"	"hcr"	"-"	910405	911373	969	"MOPS1h"	65	7.67562694228588	10	100	90	0.847265221878225	-2.09228768752223	"SD"	0	0
"ECK120003057"	"hcp"	"-"	911385	913037	1653	"MOPS1h"	51	3.53038119838825	2	45	0	0.511191772534785	-Inf	"SD"	0	0
"ECK120003058"	"ybjE"	"-"	913181	914080	900	"MOPS1h"	37	4.70417526088505	11	415	26.5060240963855	0.822222222222222	-1.09643828712578	"SD"	1	3.125
"ECK120003064"	"ftsK"	"+"	932447	936436	3990	"MOPS1h"	1260	36.1344899129151	8	69	0	0.955889724310777	-Inf	"SD"	10	6.80272108843537
"ECK120003065"	"lolA"	"+"	936592	937206	615	"MOPS1h"	694	129.124494306693	0	0	0	1	-Inf	"SD"	6	27.2727272727273
"ECK120003070"	"ycaL"	"+"	959487	960251	765	"MOPS1h"	11	1.64533951891051	1	44	0	0.526797385620915	-Inf	"SD"	NA	NA
"ECK120003071"	"ycaQ"	"+"	968612	969844	1233	"MOPS1h"	31	2.87688761269356	1	81	0	0.549878345498783	-Inf	"SD"	NA	NA
"ECK120003072"	"ycaR"	"+"	969896	970078	183	"MOPS1h"	169	105.671991903798	0	0	0	1	-Inf	"SD"	0	0
"ECK120003074"	"ycbK"	"+"	982298	982846	549	"MOPS1h"	588	122.554499486062	0	0	0	1	-Inf	"SD"	NA	NA
"ECK120003076"	"ssuC"	"-"	993264	994055	792	"MOPS1h"	29	4.18983668813472	0	0	0	0.590909090909091	-Inf	"SD"	NA	NA
"ECK120003077"	"ssuD"	"-"	994066	995211	1146	"MOPS1h"	25	2.49620167373977	1	100	0	0.582024432809773	-Inf	"SD"	NA	NA
"ECK120003078"	"ssuA"	"-"	995208	996167	960	"MOPS1h"	14	1.66871081889504	12	316	31.6455696202532	0.303125	0.261266037087109	"AD"	NA	NA
"ECK120003081"	"elfD"	"+"	997713	998414	702	"MOPS1h"	0	0	0	0	0	0	NA	"NO"	NA	NA
"ECK120003082"	"elfC"	"+"	998439	1001039	2601	"MOPS1h"	22	0.967846775829713	1	40	0	0.378316032295271	-Inf	"SD"	NA	NA
"ECK120003083"	"elfG"	"+"	1001030	1002100	1071	"MOPS1h"	15	1.60260342751024	6	166	0	0.49953314659197	-Inf	"SD"	NA	NA
"ECK120003084"	"ycbU"	"+"	1002112	1002654	543	"MOPS1h"	9	1.8965616252635	5	166	0	0.406998158379374	-Inf	"SD"	NA	NA
"ECK120003085"	"ycbV"	"+"	1002662	1003177	516	"MOPS1h"	8	1.77404472440668	3	211	0	0.474806201550388	-Inf	"SD"	NA	NA
"ECK120003089"	"uup"	"+"	1009187	1011094	1908	"MOPS1h"	352	21.1100164690405	0	0	0	0.941823899371069	-Inf	"SD"	21	29.1666666666667
"ECK120003090"	"pqiA"	"+"	1011224	1012477	1254	"MOPS1h"	89	8.12113535921576	2	69	0	0.92902711323764	-Inf	"SD"	NA	NA
"ECK120003091"	"pqiB"	"+"	1012482	1014122	1641	"MOPS1h"	341	23.7777127915678	3	62	0	0.993296770262035	-Inf	"SD"	0	0
"ECK120003092"	"ymbA"	"+"	1014134	1014682	549	"MOPS1h"	31	6.46120660555767	3	145	0	0.950819672131147	-Inf	"SD"	4	19.047619047619
"ECK120003103"	"etp"	"-"	1043453	1043899	447	"MOPS1h"	16	4.09578110869731	2	100	0	0.731543624161074	-Inf	"SD"	NA	NA
"ECK120003104"	"gfcE"	"-"	1043887	1045026	1140	"MOPS1h"	31	3.11158107583435	2	83	0	0.657894736842105	-Inf	"SD"	NA	NA
"ECK120003105"	"gfcD"	"-"	1045072	1047168	2097	"MOPS1h"	14	0.763930560867542	8	164	0	0.394372913686218	-Inf	"SD"	NA	NA
"ECK120003106"	"gfcC"	"-"	1047168	1047914	747	"MOPS1h"	9	1.37862511715941	1	43	0	0.42570281124498	-Inf	"SD"	NA	NA
"ECK120003107"	"gfcB"	"-"	1047911	1048555	645	"MOPS1h"	5	0.887022362203342	0	0	0	0.334883720930233	-Inf	"SD"	NA	NA
"ECK120003112"	"ymcE"	"+"	1051070	1051300	231	"MOPS1h"	41	20.3093561631752	2	85	0	0.632034632034632	-Inf	"SD"	NA	NA
"ECK120003118"	"rutF"	"-"	1069083	1069577	495	"MOPS1h"	6	1.38698042089977	1	42	0	0.43030303030303	-Inf	"SD"	NA	NA
"ECK120003119"	"rutE"	"-"	1069588	1070178	591	"MOPS1h"	6	1.16168410887544	1	52	0	0.385786802030457	-Inf	"SD"	NA	NA
"ECK120003120"	"rutD"	"-"	1070188	1070988	801	"MOPS1h"	2	0	1	51	0	0.0212234706616729	NA	"NO"	NA	NA
"ECK120003121"	"rutC"	"-"	1070996	1071382	387	"MOPS1h"	2	0	0	0	0	0.219638242894057	NA	"NO"	NA	NA
"ECK120003122"	"rutB"	"-"	1071394	1072086	693	"MOPS1h"	1	0	1	91	0	0.0735930735930736	NA	"NO"	0	0
"ECK120003124"	"efeU_1"	"+"	1080579	1080689	111	"MOPS1h"	0	0	0	0	0	0	NA	"NO"	NA	NA
"ECK120003125"	"efeO"	"+"	1081466	1082593	1128	"MOPS1h"	25	2.53603467917179	0	0	0	0.507978723404255	-Inf	"SD"	5	12.1951219512195
"ECK120003127"	"pgaC"	"-"	1085744	1087069	1326	"MOPS1h"	12	1.03552836854508	0	0	0	0.358974358974359	-Inf	"SD"	NA	NA
"ECK120003128"	"pgaB"	"-"	1087062	1089080	2019	"MOPS1h"	6	0	3	69	0	0.149083704804359	NA	"NO"	NA	NA
"ECK120003136"	"ycdX"	"+"	1098102	1098839	738	"MOPS1h"	286	44.3439065462467	14	108	129.62962962963	1	-3.98523714001155	"SD"	7	25.9259259259259
"ECK120003137"	"ycdY"	"+"	1098863	1099417	555	"MOPS1h"	376	77.5209597411007	9	205	43.9024390243902	1	-5.42851762034902	"SD"	4	19.047619047619
"ECK120003140"	"csgF"	"-"	1100934	1101350	417	"MOPS1h"	2	0	0	0	0	0.196642685851319	NA	"NO"	NA	NA
"ECK120003141"	"csgE"	"-"	1101375	1101764	390	"MOPS1h"	1	0	0	0	0	0.0923076923076923	NA	"NO"	NA	NA
"ECK120003144"	"csgC"	"+"	1104184	1104516	333	"MOPS1h"	1	0	1	44	0	0.108108108108108	NA	"NO"	NA	NA
"ECK120003145"	"ymdA"	"+"	1104637	1104948	312	"MOPS1h"	6	2.20049778315829	4	36	0	0.560897435897436	-Inf	"SD"	NA	NA
"ECK120003146"	"ymdB"	"+"	1105043	1105576	534	"MOPS1h"	18	3.8570522940752	2	48	0	0.745318352059925	-Inf	"SD"	3	15.7894736842105
"ECK120003149"	"b1052"	"-"	1113434	1113532	99	"MOPS1h"	43	49.7001317489084	0	0	0	0.707070707070707	-Inf	"SD"	NA	NA
"ECK120003150"	"yceJ"	"-"	1117703	1118269	567	"MOPS1h"	14	2.82533048701805	4	194	0	0.506172839506173	-Inf	"SD"	NA	NA
"ECK120003151"	"yceO"	"-"	1118530	1118670	141	"MOPS1h"	1	0	0	0	0	0.24822695035461	NA	"NO"	NA	NA
"ECK120003152"	"solA"	"-"	1118691	1119809	1119	"MOPS1h"	193	19.7356530400148	3	54	0	0.988382484361037	-Inf	"SD"	5	12.1951219512195
"ECK120003153"	"bssS"	"-"	1119924	1120178	255	"MOPS1h"	59	26.4750086224691	1	35	0	1	-Inf	"SD"	NA	NA
"ECK120003154"	"dinI"	"-"	1120465	1120710	246	"MOPS1h"	10	4.65145872862728	0	0	0	0.951219512195122	-Inf	"SD"	NA	NA
"ECK120003156"	"yceM"	"+"	1126029	1126952	924	"MOPS1h"	241	29.8448465568611	1	40	0	1	-Inf	"SD"	2	5.88235294117647
"ECK120003160"	"ycfL"	"+"	1161470	1161847	378	"MOPS1h"	461	139.551145126642	1	35	0	1	-Inf	"SD"	NA	NA
"ECK120003161"	"lpoB"	"+"	1161861	1162502	642	"MOPS1h"	489	87.1561645329423	1	65	0	1	-Inf	"SD"	9	39.1304347826087
"ECK120003162"	"thiK"	"+"	1162483	1163307	825	"MOPS1h"	68	9.43146686211844	1	73	0	0.88969696969697	-Inf	"SD"	0	0
"ECK120003163"	"nagZ"	"+"	1163318	1164343	1026	"MOPS1h"	738	82.3063381349732	1	100	0	0.990253411306043	-Inf	"SD"	6	15.7894736842105
"ECK120003164"	"ycfP"	"+"	1164366	1164908	543	"MOPS1h"	780	164.368674189503	0	0	0	1	-Inf	"SD"	14	66.6666666666667
"ECK120003170"	"lolD"	"+"	1175842	1176543	702	"MOPS1h"	166	27.0579727410575	0	0	0	1	-Inf	"SD"	6	24
"ECK120003171"	"lolE"	"+"	1176543	1177787	1245	"MOPS1h"	128	11.764267666427	0	0	0	0.918875502008032	-Inf	"SD"	0	0
"ECK120003172"	"nagK"	"+"	1177816	1178727	912	"MOPS1h"	221	27.7282023290077	0	0	0	0.971491228070175	-Inf	"SD"	4	12.1212121212121
"ECK120003175"	"ymfA"	"-"	1180487	1180948	462	"MOPS1h"	2	0	1	55	0	0.231601731601732	NA	"NO"	NA	NA
"ECK120003176"	"nudJ"	"-"	1193050	1193511	462	"MOPS1h"	31	7.67792732998087	0	0	0	0.941558441558442	-Inf	"SD"	2	11.7647058823529
"ECK120003180"	"xisE"	"-"	1200010	1200255	246	"MOPS1h"	6	2.79087523717637	1	56	0	0.878048780487805	-Inf	"SD"	NA	NA
"ECK120003186"	"ymfL"	"+"	1202479	1203048	570	"MOPS1h"	7	1.40523016328003	694	316	2193.03797468354	0.363157894736842	6.62397699778055	"AD"	NA	NA
"ECK120003187"	"ymfM"	"+"	1203045	1203383	339	"MOPS1h"	3	1.012618448887	0	0	0	0.389380530973451	-Inf	"SD"	NA	NA
"ECK120003188"	"ymfN"	"+"	1203393	1204760	1368	"MOPS1h"	9	0.752801873185731	0	0	0	0.355994152046784	-Inf	"SD"	NA	NA
"ECK120003189"	"ymfR"	"+"	1204772	1204954	183	"MOPS1h"	0	0	0	0	0	0	NA	"NO"	NA	NA
"ECK120003190"	"ymfO"	"+"	1204954	1205427	474	"MOPS1h"	3	0.724214460279943	0	0	0	0.305907172995781	-Inf	"SD"	NA	NA
"ECK120003191"	"ymfP"	"+"	1205483	1206145	663	"MOPS1h"	6	1.03552836854508	0	0	0	0.618401206636501	-Inf	"SD"	NA	NA
"ECK120003192"	"ymfQ"	"+"	1206136	1206720	585	"MOPS1h"	1	0	0	0	0	0.123076923076923	NA	"NO"	NA	NA
"ECK120003196"	"ycgX"	"-"	1211926	1212330	405	"MOPS1h"	15	4.23799573052708	0	0	0	0.765432098765432	-Inf	"SD"	NA	NA
"ECK120003197"	"bluR"	"-"	1212551	1213282	732	"MOPS1h"	418	65.3415571239461	1	46	0	0.972677595628415	-Inf	"SD"	1	3.57142857142857
"ECK120003200"	"ymgA"	"+"	1215291	1215563	273	"MOPS1h"	13	5.44885165353481	0	0	0	0.600732600732601	-Inf	"SD"	NA	NA
"ECK120003201"	"ariR"	"+"	1215592	1215858	267	"MOPS1h"	3	1.28568409802507	0	0	0	0.651685393258427	-Inf	"SD"	NA	NA
"ECK120003202"	"ymgC"	"+"	1215971	1216219	249	"MOPS1h"	5	2.29770852859902	0	0	0	0.29718875502008	-Inf	"SD"	NA	NA
"ECK120003203"	"ycgG"	"+"	1216551	1218074	1524	"MOPS1h"	7	0	4	77	0	0.23753280839895	NA	"NO"	NA	NA
"ECK120003204"	"ycgH_1"	"+"	1220024	1220344	321	"MOPS1h"	18	6.41640475089146	1	35	0	0.825545171339564	-Inf	"SD"	NA	NA
"ECK120003207"	"ymgG"	"-"	1221867	1222142	276	"MOPS1h"	12	4.97503846627091	0	0	0	0.782608695652174	-Inf	"SD"	NA	NA
"ECK120003212"	"ycgM"	"+"	1227302	1227961	660	"MOPS1h"	431	74.7235701759751	0	0	0	1	-Inf	"SD"	2	8.33333333333333
"ECK120003221"	"dhaL"	"-"	1248348	1248980	633	"MOPS1h"	495	89.4799572488063	0	0	0	1	-Inf	"SD"	9	39.1304347826087
"ECK120003225"	"ychQ"	"+"	1266147	1266539	393	"MOPS1h"	74	21.5458408895499	1	100	0	0.709923664122137	-Inf	"SD"	NA	NA
"ECK120003227"	"ychG_1"	"-"	1294191	1294421	231	"MOPS1h"	3	1.48605045096404	0	0	0	0.74025974025974	-Inf	"SD"	NA	NA
"ECK120003230"	"yciO"	"+"	1322122	1322742	621	"MOPS1h"	297	54.7254231289801	4	101	0	1	-Inf	"SD"	11	47.8260869565217
"ECK120003231"	"yciQ"	"+"	1322770	1324665	1896	"MOPS1h"	157	9.47513918866259	2	100	0	0.699894514767933	-Inf	"SD"	NA	NA
"ECK120003232"	"yciS"	"+"	1338267	1338575	309	"MOPS1h"	249	92.2072663311765	0	0	0	1	-Inf	"SD"	3	27.2727272727273
"ECK120003233"	"yciT"	"-"	1341621	1342370	750	"MOPS1h"	234	35.7008760339601	0	0	0	1	-Inf	"SD"	9	32.1428571428571
"ECK120003234"	"gmr"	"-"	1342781	1344766	1986	"MOPS1h"	62	3.57220788162252	14	128	46.875	0.755287009063444	-1.57378163348851	"SD"	NA	NA
"ECK120003235"	"yciW"	"-"	1347004	1348131	1128	"MOPS1h"	2358	239.198790939483	2	96	0	1	-Inf	"SD"	4	9.52380952380952
"ECK120003236"	"ycjD"	"-"	1349431	1349784	354	"MOPS1h"	30	9.69710887493483	3	192	0	0.847457627118644	-Inf	"SD"	NA	NA
"ECK120003237"	"ymjA"	"-"	1355447	1355692	246	"MOPS1h"	16	7.44233396580365	0	0	0	1	-Inf	"SD"	NA	NA
"ECK120003238"	"puuP"	"-"	1355826	1357211	1386	"MOPS1h"	18	1.48605045096404	1	63	0	0.504329004329004	-Inf	"SD"	NA	NA
"ECK120003242"	"ycjM"	"+"	1368240	1369919	1680	"MOPS1h"	4	0	1	42	0	0.129166666666667	NA	"NO"	NA	NA
"ECK120003243"	"ycjN"	"+"	1369933	1371225	1293	"MOPS1h"	4	0	1	100	0	0.161639597834493	NA	"NO"	0	0
"ECK120003244"	"ycjO"	"+"	1371246	1372127	882	"MOPS1h"	0	0	4	193	0	0	NA	"NO"	NA	NA
"ECK120003245"	"ycjP"	"+"	1372114	1372956	843	"MOPS1h"	2	0	0	0	0	0.103202846975089	NA	"NO"	NA	NA
"ECK120003246"	"ycjQ"	"+"	1372987	1374039	1053	"MOPS1h"	7	0.760665900351014	0	0	0	0.354226020892688	-Inf	"SD"	NA	NA
"ECK120003247"	"ycjR"	"+"	1374058	1374846	789	"MOPS1h"	6	0.870158819195673	1	49	0	0.343472750316857	-Inf	"SD"	NA	NA
"ECK120003248"	"ycjS"	"+"	1374856	1375911	1056	"MOPS1h"	6	0.650147072296767	3	124	0	0.266098484848485	-Inf	"SD"	NA	NA
"ECK120003249"	"ycjT"	"+"	1375908	1378175	2268	"MOPS1h"	17	0.85768961213048	2	54	0	0.319223985890653	-Inf	"SD"	NA	NA
"ECK120003250"	"ycjU"	"+"	1378172	1378831	660	"MOPS1h"	3	0	0	0	0	0.212121212121212	NA	"NO"	NA	NA
"ECK120003251"	"ycjV"	"+"	1378845	1379813	969	"MOPS1h"	4	0.472346273371439	0	0	0	0.313725490196078	-Inf	"SD"	NA	NA
"ECK120003264"	"abgB"	"-"	1399834	1401279	1446	"MOPS1h"	7	0	5	55	0	0.24896265560166	NA	"NO"	NA	NA
"ECK120003271"	"intR"	"-"	1410024	1411259	1236	"MOPS1h"	83	7.68393886093137	0	0	0	0.739482200647249	-Inf	"SD"	NA	NA
"ECK120003272"	"ydaQ"	"-"	1411261	1411476	216	"MOPS1h"	0	0	0	0	0	0	NA	"NO"	NA	NA
"ECK120003277"	"ydaT"	"+"	1418708	1419130	423	"MOPS1h"	5	1.35255182889162	3	64	0	0.439716312056738	-Inf	"SD"	NA	NA
"ECK120003278"	"ydaU"	"+"	1419143	1420000	858	"MOPS1h"	0	0	1	44	0	0	NA	"NO"	NA	NA
"ECK120003279"	"ydaV"	"+"	1420007	1420753	747	"MOPS1h"	21	3.21679194003862	0	0	0	0.670682730923695	-Inf	"SD"	NA	NA
"ECK120003280"	"ydaW"	"+"	1420776	1421336	561	"MOPS1h"	15	3.05951563433773	0	0	0	0.452762923351159	-Inf	"SD"	NA	NA
"ECK120003281"	"rzpR"	"+"	1421369	1421668	300	"MOPS1h"	0	0	3	130	0	0	NA	"NO"	NA	NA
"ECK120003282"	"b1364"	"+"	1423202	1423483	282	"MOPS1h"	4	1.62306219466994	0	0	0	0.358156028368794	-Inf	"SD"	NA	NA
"ECK120003283"	"ynaK"	"+"	1423401	1423664	264	"MOPS1h"	6	2.60058828918707	1	77	0	0.731060606060606	-Inf	"SD"	NA	NA
"ECK120003284"	"ydaY"	"+"	1423645	1424004	360	"MOPS1h"	5	1.58924839894765	4	97	0	0.552777777777778	-Inf	"SD"	NA	NA
"ECK120003285"	""	"+"	1424079	1424312	234	"MOPS1h"	0	0	0	0	0	0	NA	"NO"	NA	NA
"ECK120003286"	"ynaA"	"+"	1424478	1425506	1029	"MOPS1h"	43	4.78164532861218	2	55	0	0.585034013605442	-Inf	"SD"	NA	NA
"ECK120003290"	"stfR"	"+"	1427073	1430435	3363	"MOPS1h"	8	0	4	128	0	0.109723461195361	NA	"NO"	NA	NA
"ECK120003293"	"ynaE"	"-"	1432015	1432248	234	"MOPS1h"	0	0	0	0	0	0	NA	"NO"	0	0
"ECK120003294"	"uspF"	"-"	1433209	1433643	435	"MOPS1h"	234	61.5532345413105	10	293	34.1296928327645	1	-4.94376276531112	"SD"	3	18.75
"ECK120003295"	"ompN"	"-"	1433784	1434917	1134	"MOPS1h"	8	0	11	196	56.1224489795918	0.201058201058201	Inf	"AD"	NA	NA
"ECK120003299"	"ynbE"	"+"	1443711	1443896	186	"MOPS1h"	31	19.0709807873718	0	0	0	1	-Inf	"SD"	NA	NA
"ECK120003304"	"paaB"	"+"	1452892	1453179	288	"MOPS1h"	1	0	0	0	0	0.21875	NA	"NO"	NA	NA
"ECK120003305"	"paaC"	"+"	1453188	1453934	747	"MOPS1h"	5	0.765902842866339	0	0	0	0.393574297188755	-Inf	"SD"	NA	NA
"ECK120003306"	"paaD"	"+"	1453949	1454446	498	"MOPS1h"	5	0	3	125	0	0.200803212851406	NA	"NO"	NA	NA
"ECK120003307"	"paaE"	"+"	1454454	1455524	1071	"MOPS1h"	5	0	0	0	0	0.212885154061625	NA	"NO"	NA	NA
"ECK120003308"	"paaF"	"+"	1455521	1456288	768	"MOPS1h"	3	0	0	0	0	0.177083333333333	NA	"NO"	NA	NA
"ECK120003309"	"paaG"	"+"	1456288	1457076	789	"MOPS1h"	5	0.725132349329728	0	0	0	0.378960709759189	-Inf	"SD"	NA	NA
"ECK120003310"	"paaH"	"+"	1457078	1458505	1428	"MOPS1h"	10	0.801301713755119	0	0	0	0.359943977591036	-Inf	"SD"	NA	NA
"ECK120003311"	"paaI"	"+"	1458495	1458917	423	"MOPS1h"	2	0	1	100	0	0.191489361702128	NA	"NO"	NA	NA
"ECK120003312"	"paaJ"	"+"	1458917	1460122	1206	"MOPS1h"	36	3.41569805146958	1	100	0	0.720563847429519	-Inf	"SD"	NA	NA
"ECK120003313"	"paaK"	"+"	1460149	1461462	1314	"MOPS1h"	32	2.78662732966164	5	196	0	0.668188736681887	-Inf	"SD"	NA	NA
"ECK120003314"	"paaX"	"+"	1461563	1462513	951	"MOPS1h"	108	12.994737697389	0	0	0	0.878023133543638	-Inf	"SD"	4	11.4285714285714
"ECK120003320"	"ynbA"	"+"	1475645	1476250	606	"MOPS1h"	0	0	0	0	0	0	NA	"NO"	NA	NA
"ECK120003321"	"ynbB"	"+"	1476250	1477146	897	"MOPS1h"	0	0	0	0	0	0	NA	"NO"	0	0
"ECK120003322"	"ynbC"	"+"	1477162	1478919	1758	"MOPS1h"	20	1.30177343258511	4	54	0	0.361774744027304	-Inf	"SD"	NA	NA
"ECK120003339"	"ydcR"	"+"	1508027	1509433	1407	"MOPS1h"	44	3.5783503396348	5	115	0	0.631130063965885	-Inf	"SD"	NA	NA
"ECK120003340"	"ydcS"	"+"	1509678	1510823	1146	"MOPS1h"	11	1.0983287364455	0	0	0	0.341186736474695	-Inf	"SD"	0	0
"ECK120003341"	"ydcT"	"+"	1510841	1511854	1014	"MOPS1h"	3	0	0	0	0	0.186390532544379	NA	"NO"	NA	NA
"ECK120003342"	"ydcU"	"+"	1511855	1512796	942	"MOPS1h"	6	0.72882729123714	15	283	49.469964664311	0.270700636942675	1.94177793959807	"AD"	NA	NA
"ECK120003343"	"ydcV"	"+"	1512786	1513580	795	"MOPS1h"	5	0.719659652353654	1	59	0	0.257861635220126	-Inf	"SD"	NA	NA
"ECK120003355"	"yncH"	"+"	1524964	1525176	213	"MOPS1h"	0	0	0	0	0	0	NA	"NO"	NA	NA
"ECK120003356"	"yncI"	"+"	1528610	1529356	747	"MOPS1h"	3	0	0	0	0	0.19946452476573	NA	"NO"	NA	NA
"ECK120003357"	"yncM"	"+"	1529400	1529600	201	"MOPS1h"	0	0	0	0	0	0	NA	"NO"	NA	NA
"ECK120003360"	"yddJ"	"-"	1542408	1542743	336	"MOPS1h"	0	0	0	0	0	0	NA	"NO"	NA	NA
"ECK120003361"	"yddK"	"-"	1542782	1543738	957	"MOPS1h"	0	0	0	0	0	0	NA	"NO"	NA	NA
"ECK120003362"	"yddL"	"-"	1543762	1544052	291	"MOPS1h"	0	0	0	0	0	0	NA	"NO"	NA	NA
"ECK120003364"	"adhP"	"-"	1550852	1551862	1011	"MOPS1h"	27	3.05588416177472	0	0	0	0.705242334322453	-Inf	"SD"	NA	NA
"ECK120003367"	"ddpD"	"-"	1556055	1557041	987	"MOPS1h"	5	0	1	46	0	0.24822695035461	NA	"NO"	NA	NA
"ECK120003368"	"ddpC"	"-"	1557038	1557934	897	"MOPS1h"	12	1.5307810665449	0	0	0	0.384615384615385	-Inf	"SD"	NA	NA
"ECK120003369"	"ddpB"	"-"	1557931	1558953	1023	"MOPS1h"	4	0.447413038999926	1	39	0	0.26197458455523	-Inf	"SD"	NA	NA
"ECK120003370"	"ddpA"	"-"	1558955	1560505	1551	"MOPS1h"	9	0	2	69	0	0.154094132817537	NA	"NO"	NA	NA
"ECK120003371"	"ddpX"	"-"	1560519	1561100	582	"MOPS1h"	0	0	0	0	0	0	NA	"NO"	NA	NA
"ECK120003372"	"dosP"	"-"	1561358	1563757	2400	"MOPS1h"	26	1.23961375117917	7	121	0	0.336666666666667	-Inf	"SD"	NA	NA
"ECK120003373"	"dosC"	"-"	1563782	1565164	1383	"MOPS1h"	31	2.56486075665305	8	239	29.2887029288703	0.508315256688359	-0.873453678529944	"SD"	NA	NA
"ECK120003374"	"yddW"	"-"	1565528	1566847	1320	"MOPS1h"	186	16.1236473929598	9	100	0	0.968181818181818	-Inf	"SD"	NA	NA
"ECK120003375"	"gadC"	"-"	1566978	1568513	1536	"MOPS1h"	26	1.93689648621745	2	92	0	0.486328125	-Inf	"SD"	NA	NA
"ECK120003376"	"ydeM"	"-"	1577657	1578814	1158	"MOPS1h"	1	0	3	44	0	0.0492227979274611	NA	"NO"	NA	NA
"ECK120003377"	"ydeN"	"-"	1578866	1580548	1683	"MOPS1h"	2	0	16	103	87.378640776699	0.0790255496137849	Inf	"AD"	9	14.2857142857143
"ECK120003378"	"ydeO"	"-"	1580950	1581711	762	"MOPS1h"	8	1.20132162440138	0	0	0	0.272965879265092	-Inf	"SD"	NA	NA
"ECK120003379"	"safA"	"-"	1581786	1581983	198	"MOPS1h"	0	0	0	0	0	0	NA	"NO"	NA	NA
"ECK120003380"	"ydeP"	"-"	1582231	1584510	2280	"MOPS1h"	69	3.46288861665436	8	82	0	0.705701754385965	-Inf	"SD"	NA	NA
"ECK120003381"	"ydeQ"	"-"	1584844	1585758	915	"MOPS1h"	5	0.625278058602355	4	60	0	0.279781420765027	-Inf	"SD"	NA	NA
"ECK120003382"	"ydeR"	"-"	1585817	1586320	504	"MOPS1h"	0	0	7	152	46.0526315789474	0	Inf	"AD"	NA	NA
"ECK120003383"	"ydeS"	"-"	1586333	1586863	531	"MOPS1h"	3	0.646473924995656	5	101	0	0.337099811676083	-Inf	"SD"	NA	NA
"ECK120003384"	"ydeT"	"-"	1586877	1588025	1149	"MOPS1h"	0	0	2	37	0	0	NA	"NO"	NA	NA
"ECK120003385"	"yneL"	"-"	1588381	1588560	180	"MOPS1h"	2	1.27139871915812	0	0	0	0.333333333333333	-Inf	"SD"	NA	NA
"ECK120003386"	"ydeU"	"-"	1590689	1592089	1401	"MOPS1h"	76	6.20725712993687	0	0	0	0.886509635974304	-Inf	"SD"	NA	NA
"ECK120003387"	"lsrK"	"-"	1596641	1598233	1593	"MOPS1h"	47	3.37603049719953	5	101	0	0.573760200878845	-Inf	"SD"	0	0
"ECK120003390"	"lsrC"	"+"	1601043	1602071	1029	"MOPS1h"	7	0.778407379076402	2	88	0	0.345966958211856	-Inf	"SD"	NA	NA
"ECK120003391"	"lsrD"	"+"	1602071	1603063	993	"MOPS1h"	4	0	0	0	0	0.205438066465257	NA	"NO"	NA	NA
"ECK120003392"	"lsrB"	"+"	1603075	1604097	1023	"MOPS1h"	11	1.2303858572498	1	50	0	0.311827956989247	-Inf	"SD"	0	0
"ECK120003393"	"lsrF"	"+"	1604124	1604999	876	"MOPS1h"	24	3.13495574586934	0	0	0	0.626712328767123	-Inf	"SD"	3	9.375
"ECK120003394"	"lsrG"	"+"	1605023	1605313	291	"MOPS1h"	8	3.14572878966958	2	99	0	0.608247422680412	-Inf	"SD"	NA	NA
"ECK120003397"	"yneF"	"-"	1608931	1609878	948	"MOPS1h"	28	3.3796674813064	4	108	0	0.294303797468354	-Inf	"SD"	NA	NA
"ECK120003398"	"yneG"	"-"	1609990	1610349	360	"MOPS1h"	2	0.635699359579061	24	229	61.1353711790393	0.297222222222222	2.13901028703612	"AD"	NA	NA
"ECK120003399"	"yneH"	"-"	1610349	1611275	927	"MOPS1h"	88	10.8624356588267	15	229	61.1353711790393	0.867313915857605	-1.95584889930533	"SD"	1	2.94117647058824
"ECK120003402"	"yneK"	"+"	1613787	1614902	1116	"MOPS1h"	1	0	0	0	0	0.0331541218637993	NA	"NO"	NA	NA
"ECK120003403"	"ydfH"	"+"	1626376	1627062	687	"MOPS1h"	191	31.8127277763146	3	135	0	0.992721979621543	-Inf	"SD"	2	7.40740740740741
"ECK120003410"	"ydfN"	"-"	1632909	1633871	963	"MOPS1h"	0	0	0	0	0	0	NA	"NO"	NA	NA
"ECK120003413"	"ynfN"	"-"	1635978	1636133	156	"MOPS1h"	0	0	0	0	0	0	NA	"NO"	NA	NA
"ECK120003414"	"cspI"	"-"	1636479	1636691	213	"MOPS1h"	2	1.07442145280968	0	0	0	0.39906103286385	-Inf	"SD"	NA	NA
"ECK120003415"	"ydfP"	"-"	1637054	1637551	498	"MOPS1h"	2	0	1	56	0	0.152610441767068	NA	"NO"	NA	NA
"ECK120003416"	"rrrQ"	"-"	1637548	1638081	534	"MOPS1h"	2	0	0	0	0	0.123595505617978	NA	"NO"	NA	NA
"ECK120003417"	"ydfR"	"-"	1638078	1638389	312	"MOPS1h"	4	1.46699852210553	0	0	0	0.55448717948718	-Inf	"SD"	NA	NA
"ECK120003418"	"essQ"	"-"	1638394	1638609	216	"MOPS1h"	1	0	0	0	0	0.0509259259259259	NA	"NO"	NA	NA
"ECK120003420"	"ydfU"	"-"	1641279	1642328	1050	"MOPS1h"	5	0	4	100	0	0.14952380952381	NA	"NO"	NA	NA
"ECK120003425"	"insD"	"+"	1648905	1649561	657	"MOPS1h"	0	0	0	0	0	0	NA	"NO"	NA	NA
"ECK120003428"	"rspA"	"-"	1651951	1653165	1215	"MOPS1h"	3	0	8	73	0	0.097119341563786	NA	"NO"	NA	NA
"ECK120003434"	"ynfE"	"+"	1656093	1658519	2427	"MOPS1h"	630	29.7026400396644	12	234	25.6410256410256	0.971981870622167	-4.62948485586615	"SD"	5	5.55555555555556
"ECK120003435"	"ynfF"	"+"	1658580	1661003	2424	"MOPS1h"	240	11.3292955172506	11	176	39.7727272727273	0.801980198019802	-3.01655942142913	"SD"	7	7.77777777777778
"ECK120003436"	"ynfG"	"+"	1661014	1661631	618	"MOPS1h"	19	3.51794791223364	1	42	0	0.551779935275081	-Inf	"SD"	NA	NA
"ECK120003437"	"ynfH"	"+"	1661633	1662487	855	"MOPS1h"	130	17.398087735848	2	49	0	0.900584795321637	-Inf	"SD"	NA	NA
"ECK120003438"	"dmsD"	"+"	1662530	1663144	615	"MOPS1h"	83	15.4428429790426	0	0	0	0.991869918699187	-Inf	"SD"	5	21.7391304347826
"ECK120003441"	"mlc"	"-"	1665368	1666588	1221	"MOPS1h"	137	12.8389403826533	12	229	26.2008733624454	0.923832923832924	-3.41941982860313	"SD"	1	2.27272727272727
"ECK120003450"	"ydgI"	"+"	1677581	1678963	1383	"MOPS1h"	265	21.9254225971954	6	138	0	1	-Inf	"SD"	NA	NA
"ECK120003456"	"uidR"	"-"	1694486	1695076	591	"MOPS1h"	157	30.3974008489074	3	42	0	1	-Inf	"SD"	6	27.2727272727273
"ECK120003458"	"cnu"	"+"	1702973	1703188	216	"MOPS1h"	60	31.7849679789531	1	68	0	1	-Inf	"SD"	0	0
"ECK120003459"	"ydgK"	"+"	1703274	1703714	441	"MOPS1h"	179	46.4449736182253	0	0	0	1	-Inf	"SD"	0	0
"ECK120003460"	"rsxA"	"+"	1703791	1704372	582	"MOPS1h"	104	20.4472371328523	0	0	0	1	-Inf	"SD"	0	0
"ECK120003461"	"rsxB"	"+"	1704372	1704950	579	"MOPS1h"	67	13.2409918420095	0	0	0	1	-Inf	"SD"	0	0
"ECK120003462"	"rsxC"	"+"	1704943	1707165	2223	"MOPS1h"	71	3.65462789717517	12	184	65.2173913043478	0.561853351327036	-0.6066901171077	"SD"	0	0
"ECK120003463"	"rsxD"	"+"	1707166	1708224	1059	"MOPS1h"	32	3.45762824473597	2	82	0	0.67233238904627	-Inf	"SD"	NA	NA
"ECK120003464"	"rsxG"	"+"	1708228	1708848	621	"MOPS1h"	13	2.39538889116748	0	0	0	0.388083735909823	-Inf	"SD"	0	0
"ECK120003465"	"rsxE"	"+"	1708852	1709547	696	"MOPS1h"	46	7.56263031223366	0	0	0	0.896551724137931	-Inf	"SD"	NA	NA
"ECK120003466"	"tppB"	"+"	1710793	1712295	1503	"MOPS1h"	186	14.160488728348	4	84	0	0.974051896207585	-Inf	"SD"	NA	NA
"ECK120003473"	"ydhJ"	"+"	1719288	1720145	858	"MOPS1h"	16	2.13381603215349	5	103	0	0.652680652680653	-Inf	"SD"	3	9.67741935483871
"ECK120003476"	"ydhF"	"-"	1722760	1723656	897	"MOPS1h"	67	8.54686095487568	0	0	0	0.875139353400223	-Inf	"SD"	6	17.6470588235294
"ECK120003479"	"nemA"	"+"	1724683	1725780	1098	"MOPS1h"	95	9.90023592787063	0	0	0	0.957194899817851	-Inf	"SD"	8	20
"ECK120003480"	"gloA"	"+"	1725861	1726268	408	"MOPS1h"	410	114.98679592386	0	0	0	1	-Inf	"SD"	2	13.3333333333333
"ECK120003484"	"ydhR"	"+"	1744724	1745029	306	"MOPS1h"	456	170.517004687089	3	218	0	1	-Inf	"SD"	1	9.09090909090909
"ECK120003487"	"ydhU"	"-"	1747587	1748372	786	"MOPS1h"	14	2.03812008414661	0	0	0	0.578880407124682	-Inf	"SD"	NA	NA
"ECK120003488"	"ydhX"	"-"	1748369	1749088	720	"MOPS1h"	12	1.90709807873718	6	171	35.0877192982456	0.313888888888889	-0.668344635021487	"SD"	NA	NA
"ECK120003489"	"ydhW"	"-"	1749101	1749748	648	"MOPS1h"	15	2.64874733157942	0	0	0	0.515432098765432	-Inf	"SD"	NA	NA
"ECK120003490"	"ydhV"	"-"	1749752	1751854	2103	"MOPS1h"	152	8.27043959965911	4	156	0	0.894436519258203	-Inf	"SD"	2	2.56410256410256
"ECK120003491"	"ydhY"	"-"	1751875	1752501	627	"MOPS1h"	510	93.0736861393267	0	0	0	1	-Inf	"SD"	NA	NA
"ECK120003494"	"sufE"	"-"	1756898	1757314	417	"MOPS1h"	13	3.56723381634293	4	127	0	0.580335731414868	-Inf	"SD"	0	0
"ECK120003495"	"sufS"	"-"	1757327	1758547	1221	"MOPS1h"	27	2.53030211920904	3	113	0	0.58968058968059	-Inf	"SD"	NA	NA
"ECK120003496"	"sufD"	"-"	1758544	1759815	1272	"MOPS1h"	14	1.2594043916189	1	36	0	0.398584905660377	-Inf	"SD"	NA	NA
"ECK120003497"	"sufC"	"-"	1759790	1760536	747	"MOPS1h"	15	2.29770852859902	2	64	0	0.433734939759036	-Inf	"SD"	3	10.7142857142857
"ECK120003498"	"sufB"	"-"	1760546	1762033	1488	"MOPS1h"	22	1.69178055371847	0	0	0	0.386424731182796	-Inf	"SD"	NA	NA
"ECK120003499"	"ydiH"	"-"	1762958	1763227	270	"MOPS1h"	162	68.6555308345386	1	41	0	1	-Inf	"SD"	0	0
"ECK120003500"	"menI"	"-"	1763246	1763656	411	"MOPS1h"	282	78.5111909786695	1	37	0	1	-Inf	"SD"	7	46.6666666666667
"ECK120003503"	"ydiL"	"+"	1768639	1768995	357	"MOPS1h"	2	0.641041371004096	0	0	0	0.400560224089636	-Inf	"SD"	1	7.14285714285714
"ECK120003504"	"ydiM"	"+"	1769095	1770309	1215	"MOPS1h"	0	0	2	36	0	0	NA	"NO"	NA	NA
"ECK120003505"	"ydiN"	"+"	1770536	1771801	1266	"MOPS1h"	1	0	0	0	0	0.028436018957346	NA	"NO"	NA	NA
"ECK120003509"	"ydiR"	"+"	1778425	1779363	939	"MOPS1h"	3	0	3	97	0	0.143769968051118	NA	"NO"	NA	NA
"ECK120003510"	"ydiS"	"+"	1779419	1780708	1290	"MOPS1h"	10	0.887022362203342	1	72	0	0.356589147286822	-Inf	"SD"	NA	NA
"ECK120003511"	"ydiT"	"+"	1780705	1780998	294	"MOPS1h"	7	2.72442582676741	0	0	0	0.629251700680272	-Inf	"SD"	NA	NA
"ECK120003513"	"ydiV"	"-"	1789331	1790044	714	"MOPS1h"	72	11.5387446780737	0	0	0	0.712885154061625	-Inf	"SD"	NA	NA
"ECK120003515"	"arpB_2"	"+"	1801602	1803017	1416	"MOPS1h"	1	0	3	100	0	0.028954802259887	NA	"NO"	NA	NA
"ECK120003517"	"ydiZ"	"+"	1805424	1805714	291	"MOPS1h"	51	20.0540210341436	7	201	34.8258706467662	1	-3.84039280835677	"SD"	NA	NA
"ECK120003521"	"ydjM"	"+"	1808235	1808825	591	"MOPS1h"	3	0	1	40	0	0.186125211505922	NA	"NO"	NA	NA
"ECK120003527"	"spy"	"-"	1823164	1823649	486	"MOPS1h"	41	9.65321249731167	1	42	0	1	-Inf	"SD"	NA	NA
"ECK120003528"	"astE"	"-"	1823979	1824947	969	"MOPS1h"	12	1.41703882011432	0	0	0	0.459236326109391	-Inf	"SD"	NA	NA
"ECK120003529"	"astB"	"-"	1824940	1826283	1344	"MOPS1h"	13	1.10679799212426	0	0	0	0.412946428571429	-Inf	"SD"	NA	NA
"ECK120003530"	"astD"	"-"	1826280	1827758	1479	"MOPS1h"	16	1.23787299228377	0	0	0	0.269100743745774	-Inf	"SD"	NA	NA
"ECK120003531"	"astA"	"-"	1827755	1828789	1035	"MOPS1h"	2	0	0	0	0	0.0975845410628019	NA	"NO"	NA	NA
"ECK120003533"	"ydjX"	"+"	1831425	1832135	711	"MOPS1h"	106	17.0592739532609	2	100	0	0.627285513361463	-Inf	"SD"	NA	NA
"ECK120003534"	"ydjY"	"+"	1832140	1832817	678	"MOPS1h"	167	28.1845468273548	1	63	0	0.858407079646018	-Inf	"SD"	3	12.5
"ECK120003535"	"ydjZ"	"+"	1832832	1833539	708	"MOPS1h"	42	6.78797621245439	0	0	0	0.970338983050847	-Inf	"SD"	1	3.84615384615385
"ECK120003536"	"ynjA"	"+"	1833539	1834087	549	"MOPS1h"	49	10.2128749571718	0	0	0	0.781420765027322	-Inf	"SD"	1	4.76190476190476
"ECK120003537"	"ynjB"	"+"	1834097	1835263	1167	"MOPS1h"	85	8.33436178368435	0	0	0	0.78063410454156	-Inf	"SD"	0	0
"ECK120003538"	"ynjC"	"+"	1835281	1836771	1491	"MOPS1h"	26	1.99535412664655	1	52	0	0.424547283702213	-Inf	"SD"	NA	NA
"ECK120003539"	"ynjD"	"+"	1836771	1837424	654	"MOPS1h"	32	5.5988200476688	4	149	0	0.715596330275229	-Inf	"SD"	NA	NA
"ECK120003545"	"ydjF"	"-"	1852120	1852878	759	"MOPS1h"	12	1.80910489682579	1	50	0	0.50197628458498	-Inf	"SD"	4	14.2857142857143
"ECK120003546"	"ydjG"	"-"	1853015	1853995	981	"MOPS1h"	28	3.26597836114013	2	41	0	0.694189602446483	-Inf	"SD"	1	2.77777777777778
"ECK120003547"	"ydjH"	"-"	1854005	1854952	948	"MOPS1h"	4	0	1	100	0	0.128691983122363	NA	"NO"	NA	NA
"ECK120003548"	"ydjI"	"-"	1854957	1855793	837	"MOPS1h"	6	0.820257238166531	0	0	0	0.290322580645161	-Inf	"SD"	NA	NA
"ECK120003549"	"ydjJ"	"-"	1855814	1856857	1044	"MOPS1h"	7	0.767223365009212	0	0	0	0.257662835249042	-Inf	"SD"	NA	NA
"ECK120003550"	"ydjK"	"-"	1856874	1858253	1380	"MOPS1h"	1	0	1	100	0	0.0391304347826087	NA	"NO"	NA	NA
"ECK120003551"	"ydjL"	"-"	1858280	1859356	1077	"MOPS1h"	4	0	3	39	0	0.203342618384401	NA	"NO"	NA	NA
"ECK120003552"	"yeaC"	"-"	1859726	1859998	273	"MOPS1h"	505	211.666929618083	0	0	0	1	-Inf	"SD"	NA	NA
"ECK120003557"	"yeaH"	"+"	1866979	1868262	1284	"MOPS1h"	46	4.09936970195843	5	100	0	0.781152647975078	-Inf	"SD"	NA	NA
"ECK120003558"	"yeaI"	"+"	1868409	1869884	1476	"MOPS1h"	2	0	3	52	0	0.0779132791327913	NA	"NO"	NA	NA
"ECK120003569"	"yoaG"	"-"	1877427	1877609	183	"MOPS1h"	1	0	0	0	0	0.0109289617486339	NA	"NO"	NA	NA
"ECK120003570"	"yeaR"	"-"	1877613	1877972	360	"MOPS1h"	2	0	0	0	0	0.247222222222222	NA	"NO"	NA	NA
"ECK120003571"	"leuE"	"-"	1878145	1878783	639	"MOPS1h"	56	10.027933559557	2	77	0	0.978090766823161	-Inf	"SD"	NA	NA
"ECK120003574"	"yeaV"	"+"	1881212	1882657	1446	"MOPS1h"	2	0	3	123	0	0.114107883817427	NA	"NO"	NA	NA
"ECK120003575"	"yeaW"	"+"	1882689	1883813	1125	"MOPS1h"	6	0.610271385195899	2	44	0	0.295111111111111	-Inf	"SD"	NA	NA
"ECK120003577"	"yeaY"	"-"	1887975	1888556	582	"MOPS1h"	87	17.1049002938284	3	104	0	0.934707903780069	-Inf	"SD"	1	4.76190476190476
"ECK120003578"	"tsaB"	"-"	1888596	1889291	696	"MOPS1h"	328	53.9248422263618	0	0	0	1	-Inf	"SD"	2	8
"ECK120003585"	"yobD"	"+"	1902825	1903283	459	"MOPS1h"	32	7.97740372805097	3	75	0	0.986928104575163	-Inf	"SD"	NA	NA
"ECK120003587"	"yobF"	"-"	1905472	1905615	144	"MOPS1h"	436	346.456150970588	7	133	45.1127819548872	1	-8.17349455396462	"SD"	NA	NA
"ECK120003588"	"yebO"	"-"	1906285	1906572	288	"MOPS1h"	74	29.4010953805316	14	244	53.2786885245902	1	-3.49928637739671	"SD"	1	9.09090909090909
"ECK120003594"	"yebT"	"+"	1915534	1918167	2634	"MOPS1h"	124	5.38679183971323	14	110	63.6363636363636	0.870159453302961	-1.94399948942392	"SD"	1	1.05263157894737
"ECK120003595"	"rsmF"	"+"	1918247	1919686	1440	"MOPS1h"	50	3.97312099736913	1	37	0	0.600694444444444	-Inf	"SD"	4	7.54716981132075
"ECK120003596"	"yebV"	"+"	1919804	1920040	237	"MOPS1h"	14	6.75933496261281	2	115	0	1	-Inf	"SD"	NA	NA
"ECK120003599"	"yebY"	"-"	1921389	1921730	342	"MOPS1h"	189	63.2353573476014	3	104	0	0.941520467836257	-Inf	"SD"	2	16.6666666666667
"ECK120003600"	"yebZ"	"-"	1921743	1922615	873	"MOPS1h"	194	25.4279743831625	1	79	0	0.962199312714777	-Inf	"SD"	NA	NA
"ECK120003602"	"yobB"	"+"	1923464	1924120	657	"MOPS1h"	35	6.09574728363483	2	76	0	0.757990867579909	-Inf	"SD"	NA	NA
"ECK120003606"	"yecN"	"+"	1950290	1950685	396	"MOPS1h"	94	27.1616999092872	0	0	0	0.96969696969697	-Inf	"SD"	NA	NA
"ECK120003607"	"cmoA"	"+"	1950726	1951469	744	"MOPS1h"	139	21.3779542697152	1	63	0	1	-Inf	"SD"	6	21.4285714285714
"ECK120003610"	"torY"	"-"	1955056	1956156	1101	"MOPS1h"	5	0	0	0	0	0.145322434150772	NA	"NO"	NA	NA
"ECK120003611"	"cutC"	"-"	1956544	1956984	441	"MOPS1h"	62	16.0870858342456	0	0	0	0.931972789115646	-Inf	"SD"	5	18.5185185185185
"ECK120003615"	"flhB"	"-"	1963067	1964215	1149	"MOPS1h"	30	2.98762101107653	1	52	0	0.503046127067015	-Inf	"SD"	NA	NA
"ECK120003616"	"insB-5"	"-"	1976542	1977045	504	"MOPS1h"	0	0	0	0	0	0	NA	"NO"	NA	NA
"ECK120003623"	"yecS"	"-"	1995835	1996503	669	"MOPS1h"	1212	207.3007059578	0	0	0	1	-Inf	"SD"	3	12
"ECK120003624"	"dcyD"	"-"	1996518	1997504	987	"MOPS1h"	1833	212.505214487858	0	0	0	1	-Inf	"SD"	5	14.2857142857143
"ECK120003625"	"fliY"	"-"	1997609	1998409	801	"MOPS1h"	8621	1231.54251211935	0	0	0	1	-Inf	"SD"	67	231.034482758621
"ECK120003628"	"yedN_1"	"-"	2009573	2009893	321	"MOPS1h"	0	0	0	0	0	0	NA	"NO"	NA	NA
"ECK120003636"	"yodC"	"-"	2026212	2026394	183	"MOPS1h"	85	53.1486349812002	0	0	0	1	-Inf	"SD"	NA	NA
"ECK120003638"	"yedS_1"	"+"	2032075	2032560	486	"MOPS1h"	16	3.76710731602407	0	0	0	0.504115226337449	-Inf	"SD"	NA	NA
"ECK120003639"	"yedS_2"	"+"	2032570	2032779	210	"MOPS1h"	0	0	2	92	0	0	NA	"NO"	NA	NA
"ECK120003640"	"yedS_3"	"+"	2032863	2033267	405	"MOPS1h"	12	3.39039658442166	6	170	0	0.587654320987654	-Inf	"SD"	NA	NA
"ECK120003645"	"yedY"	"+"	2037502	2038506	1005	"MOPS1h"	59	6.71753950122351	0	0	0	0.827860696517413	-Inf	"SD"	0	0
"ECK120003646"	"yedZ"	"+"	2038507	2039142	636	"MOPS1h"	21	3.77821317485669	3	77	0	0.817610062893082	-Inf	"SD"	NA	NA
"ECK120003647"	"zinT"	"+"	2039399	2040049	651	"MOPS1h"	12	2.10923289814251	1	57	0	0.407066052227343	-Inf	"SD"	NA	NA
"ECK120003665"	"yeeP"	"+"	2068810	2069235	426	"MOPS1h"	6	1.61163217921452	37	326	110.429447852761	0.539906103286385	2.15947438959583	"AD"	NA	NA
"ECK120003666"	"flu"	"+"	2069563	2072682	3120	"MOPS1h"	3791	139.034784932551	28	612	42.483660130719	1	-4.7407904406311	"SD"	22	20.5607476635514
"ECK120003667"	"yeeR"	"+"	2072803	2074335	1533	"MOPS1h"	305	22.7657500592893	3	99	0	0.989562948467058	-Inf	"SD"	NA	NA
"ECK120003668"	"yeeS"	"+"	2074332	2074778	447	"MOPS1h"	115	29.4384267187619	3	116	0	0.747203579418344	-Inf	"SD"	NA	NA
"ECK120003669"	"yeeT"	"+"	2074841	2075062	222	"MOPS1h"	1	0	6	172	34.8837209302326	0.144144144144144	Inf	"AD"	NA	NA
"ECK120003670"	"cbeA"	"+"	2075136	2075504	369	"MOPS1h"	0	0	8	195	0	0	NA	"NO"	NA	NA
"ECK120003671"	"cbtA"	"+"	2075593	2075967	375	"MOPS1h"	1	0	5	143	0	0.2	NA	"NO"	NA	NA
"ECK120003672"	"yeeW"	"+"	2075964	2076158	195	"MOPS1h"	30	17.6039822652663	1	35	0	0.805128205128205	-Inf	"SD"	NA	NA
"ECK120003674"	"yeeY"	"-"	2085353	2086282	930	"MOPS1h"	86	10.5813183723482	2	42	0	0.838709677419355	-Inf	"SD"	NA	NA
"ECK120003675"	"yeeZ"	"-"	2086328	2087152	825	"MOPS1h"	536	74.3421505602277	3	132	0	1	-Inf	"SD"	9	30
"ECK120003677"	"ugd"	"-"	2096471	2097637	1167	"MOPS1h"	5	0	23	360	58.3333333333333	0.168808911739503	Inf	"AD"	0	0
"ECK120003678"	"insH-7"	"-"	2099919	2100935	1017	"MOPS1h"	2	0	0	0	0	0.0304818092428712	NA	"NO"	NA	NA
"ECK120003679"	"galF"	"-"	2111458	2112351	894	"MOPS1h"	1379	176.502567152925	6	124	0	1	-Inf	"SD"	31	93.9393939393939
"ECK120003680"	"wcaM"	"-"	2112526	2113920	1395	"MOPS1h"	20	1.64051447633306	3	49	0	0.457347670250896	-Inf	"SD"	NA	NA
"ECK120003681"	"wcaL"	"-"	2113931	2115151	1221	"MOPS1h"	8	0.749719146432308	3	50	0	0.318591318591319	-Inf	"SD"	NA	NA
"ECK120003682"	"wcaK"	"-"	2115148	2116428	1281	"MOPS1h"	4	0	7	206	0	0.176424668227947	NA	"NO"	NA	NA
"ECK120003683"	"wzxC"	"-"	2116704	2118182	1479	"MOPS1h"	4	0	0	0	0	0.123056118999324	NA	"NO"	NA	NA
"ECK120003684"	"wcaJ"	"-"	2118184	2119578	1395	"MOPS1h"	3	0	2	76	0	0.109677419354839	NA	"NO"	NA	NA
"ECK120003685"	"wcaF"	"-"	2126364	2126912	549	"MOPS1h"	0	0	3	78	0	0	NA	"NO"	NA	NA
"ECK120003686"	"wcaE"	"-"	2126928	2127674	747	"MOPS1h"	0	0	0	0	0	0	NA	"NO"	NA	NA
"ECK120003687"	"wcaD"	"-"	2127685	2128902	1218	"MOPS1h"	1	0	0	0	0	0.0821018062397373	NA	"NO"	NA	NA
"ECK120003688"	"wcaC"	"-"	2128877	2130094	1218	"MOPS1h"	3	0	3	73	0	0.130541871921182	NA	"NO"	NA	NA
"ECK120003689"	"wcaB"	"-"	2130091	2130579	489	"MOPS1h"	2	0	2	104	0	0.157464212678937	NA	"NO"	NA	NA
"ECK120003690"	"wcaA"	"-"	2130582	2131421	840	"MOPS1h"	2	0	1	100	0	0.113095238095238	NA	"NO"	NA	NA
"ECK120003691"	"wzc"	"-"	2131514	2133676	2163	"MOPS1h"	5	0	7	186	32.258064516129	0.152565880721221	Inf	"AD"	NA	NA
"ECK120003692"	"wzb"	"-"	2133679	2134122	444	"MOPS1h"	2	0.515431913172212	0	0	0	0.272522522522523	-Inf	"SD"	NA	NA
"ECK120003698"	"yegL"	"-"	2150493	2151152	660	"MOPS1h"	6	0	1	48	0	0.231818181818182	NA	"NO"	NA	NA
"ECK120003700"	"mdtB"	"+"	2153287	2156409	3123	"MOPS1h"	50	1.831986627029	13	203	0	0.568683957732949	-Inf	"SD"	NA	NA
"ECK120003701"	"mdtC"	"+"	2156410	2159487	3078	"MOPS1h"	45	1.67289305152385	9	180	0	0.382066276803119	-Inf	"SD"	NA	NA
"ECK120003702"	"yegP"	"+"	2163213	2163545	333	"MOPS1h"	12	4.1234553053777	0	0	0	0.93993993993994	-Inf	"SD"	0	0
"ECK120003703"	"yegQ"	"+"	2163692	2165053	1362	"MOPS1h"	459	38.5620272308532	6	109	0	1	-Inf	"SD"	11	21.5686274509804
"ECK120003705"	"yegZ"	"-"	2165626	2165844	219	"MOPS1h"	11	5.74741886742713	1	79	0	0.844748858447489	-Inf	"SD"	NA	NA
"ECK120003706"	""	"-"	2165759	2166025	267	"MOPS1h"	10	4.28561366008356	1	79	0	0.621722846441948	-Inf	"SD"	NA	NA
"ECK120003711"	"gatZ"	"-"	2173081	2174343	1263	"MOPS1h"	1862	168.694376370957	3	65	0	1	-Inf	"SD"	76	161.702127659574
"ECK120003714"	"yegU"	"+"	2178117	2179121	1005	"MOPS1h"	18	2.04941883088175	0	0	0	0.517412935323383	-Inf	"SD"	0	0
"ECK120003717"	"yegX"	"-"	2180855	2181673	819	"MOPS1h"	14	1.95599802947404	1	56	0	0.444444444444444	-Inf	"SD"	NA	NA
"ECK120003718"	"thiD"	"-"	2181738	2182538	801	"MOPS1h"	25	3.5713447167363	0	0	0	0.761548064918851	-Inf	"SD"	0	0
"ECK120003722"	"yeiS"	"+"	2231622	2231861	240	"MOPS1h"	5	2.38387259842148	0	0	0	0.525	-Inf	"SD"	NA	NA
"ECK120003723"	"preT"	"+"	2232055	2233293	1239	"MOPS1h"	34	3.14001620712176	6	47	0	0.744955609362389	-Inf	"SD"	12	27.2727272727273
"ECK120003724"	"lpxT"	"+"	2266876	2267589	714	"MOPS1h"	12	1.92312411301229	3	57	0	0.571428571428571	-Inf	"SD"	2	7.40740740740741
"ECK120003725"	"mepS"	"+"	2268001	2268567	567	"MOPS1h"	889	179.408485925646	7	166	42.1686746987952	1	-7.0016774931811	"SD"	NA	NA
"ECK120003726"	"rtn"	"+"	2268748	2270304	1557	"MOPS1h"	107	7.86356433236527	1	55	0	0.857418111753372	-Inf	"SD"	2	3.38983050847458
"ECK120003730"	"yfaQ"	"-"	2326170	2327819	1650	"MOPS1h"	17	1.1789333577648	4	172	0	0.44969696969697	-Inf	"SD"	NA	NA
"ECK120003731"	"yfaS_2"	"-"	2327820	2328305	486	"MOPS1h"	8	1.88355365801203	0	0	0	0.417695473251029	-Inf	"SD"	NA	NA
"ECK120003732"	"yfaS_1"	"-"	2328321	2332424	4104	"MOPS1h"	9	0	60	169	248.520710059172	0.0662768031189084	Inf	"AD"	NA	NA
"ECK120003733"	"yfaT"	"-"	2332358	2332981	624	"MOPS1h"	2	0	0	0	0	0.107371794871795	NA	"NO"	NA	NA
"ECK120003735"	"yfaV"	"-"	2356885	2358174	1290	"MOPS1h"	9	0	1	100	0	0.188372093023256	NA	"NO"	NA	NA
"ECK120003736"	"yfaW"	"-"	2358231	2359448	1218	"MOPS1h"	7	0	3	100	0	0.238916256157635	NA	"NO"	NA	NA
"ECK120003737"	"yfaX"	"-"	2359451	2360233	783	"MOPS1h"	2	0	0	0	0	0.136653895274585	NA	"NO"	NA	NA
"ECK120003738"	"yfaY"	"-"	2360453	2361655	1203	"MOPS1h"	223	21.2111157884485	0	0	0	0.989193682460515	-Inf	"SD"	4	9.09090909090909
"ECK120003743"	"arnC"	"+"	2365093	2366061	969	"MOPS1h"	9	1.06277911508574	0	0	0	0.474716202270382	-Inf	"SD"	0	0
"ECK120003744"	"arnA"	"+"	2366061	2368043	1983	"MOPS1h"	69	3.98153607966311	10	299	23.4113712374582	0.548159354513364	-1.50789830384288	"SD"	0	0
"ECK120003745"	"arnD"	"+"	2368040	2368930	891	"MOPS1h"	19	2.44005814787923	0	0	0	0.712682379349046	-Inf	"SD"	NA	NA
"ECK120003746"	"arnT"	"+"	2368930	2370582	1653	"MOPS1h"	11	0	1	39	0	0.190562613430127	NA	"NO"	NA	NA
"ECK120003749"	"elaB"	"-"	2378744	2379049	306	"MOPS1h"	105	39.2637839740009	1	43	0	1	-Inf	"SD"	3	27.2727272727273
"ECK120003762"	"yfbT"	"-"	2409461	2410111	651	"MOPS1h"	285	50.0942813308846	2	57	0	1	-Inf	"SD"	9	39.1304347826087
"ECK120003763"	"yfbU"	"-"	2410122	2410616	495	"MOPS1h"	573	132.456630195928	0	0	0	1	-Inf	"SD"	12	60
"ECK120003767"	"yfcE"	"-"	2417256	2417810	555	"MOPS1h"	339	69.8925674261519	0	0	0	1	-Inf	"SD"	2	10
"ECK120003770"	"folX"	"+"	2419347	2419709	363	"MOPS1h"	388	122.306455297525	0	0	0	1	-Inf	"SD"	3	21.4285714285714
"ECK120003776"	"epmC"	"-"	2442225	2442773	549	"MOPS1h"	127	26.470104480833	0	0	0	1	-Inf	"SD"	1	4.76190476190476
"ECK120003779"	"yfcP"	"-"	2448073	2448612	540	"MOPS1h"	3	0.635699359579061	3	151	0	0.275925925925926	-Inf	"SD"	NA	NA
"ECK120003780"	"yfcQ"	"-"	2448609	2449097	489	"MOPS1h"	2	0.467999528524462	1	46	0	0.267893660531697	-Inf	"SD"	NA	NA
"ECK120003781"	"yfcR"	"-"	2449094	2449606	513	"MOPS1h"	4	0.892209627479384	1	42	0	0.510721247563353	-Inf	"SD"	NA	NA
"ECK120003782"	"yfcS"	"-"	2449606	2450358	753	"MOPS1h"	1	0	1	41	0	0.0318725099601594	NA	"NO"	NA	NA
"ECK120003783"	"yfcT"	"-"	2450378	2451274	897	"MOPS1h"	0	0	1	79	0	0	NA	"NO"	NA	NA
"ECK120003784"	"yfcU"	"-"	2451287	2453023	1737	"MOPS1h"	36	2.37152092692707	2	52	0	0.366148531951641	-Inf	"SD"	NA	NA
"ECK120003785"	"yfcV"	"-"	2453105	2453668	564	"MOPS1h"	0	0	1	43	0	0	NA	"NO"	NA	NA
"ECK120003786"	"sixA"	"-"	2454349	2454834	486	"MOPS1h"	236	55.564832911355	2	174	0	1	-Inf	"SD"	NA	NA
"ECK120003787"	"fadJ"	"-"	2455037	2457181	2145	"MOPS1h"	21	1.12025341688058	3	100	0	0.472727272727273	-Inf	"SD"	2	2.5974025974026
"ECK120003788"	"fadI"	"-"	2457181	2458491	1311	"MOPS1h"	10	0.872813766012441	3	40	0	0.372234935163997	-Inf	"SD"	2	4.25531914893617
"ECK120003793"	"intS"	"+"	2464567	2465724	1158	"MOPS1h"	18	1.7786406951953	16	145	89.6551724137931	0.64853195164076	0.547736523336853	"AD"	0	0
"ECK120003794"	"yfdG"	"+"	2465877	2466239	363	"MOPS1h"	89	28.0548312409272	5	115	0	1	-Inf	"SD"	NA	NA
"ECK120003795"	"yfdH"	"+"	2466236	2467156	921	"MOPS1h"	156	19.3815830803258	7	100	0	0.98914223669924	-Inf	"SD"	7	20
"ECK120003796"	"yfdI"	"+"	2467153	2468484	1332	"MOPS1h"	22	0	2	100	0	0.195195195195195	NA	"NO"	5	9.80392156862745
"ECK120003799"	"yfdL"	"-"	2469566	2470084	519	"MOPS1h"	2	0	1	76	0	0.0828516377649326	NA	"NO"	NA	NA
"ECK120003800"	"yfdM"	"-"	2470134	2470409	276	"MOPS1h"	0	0	0	0	0	0	NA	"NO"	NA	NA
"ECK120003801"	"yfdN"	"-"	2470409	2470903	495	"MOPS1h"	0	0	0	0	0	0	NA	"NO"	NA	NA
"ECK120003804"	"yfdQ"	"+"	2472054	2472878	825	"MOPS1h"	12	1.66437650507972	0	0	0	0.368484848484848	-Inf	"SD"	NA	NA
"ECK120003805"	"yfdR"	"+"	2473006	2473542	537	"MOPS1h"	3	0.639250752649336	0	0	0	0.314711359404097	-Inf	"SD"	NA	NA
"ECK120003806"	"yfdS"	"+"	2473533	2473895	363	"MOPS1h"	2	0	0	0	0	0.112947658402204	NA	"NO"	NA	NA
"ECK120003807"	"yfdT"	"+"	2473895	2474200	306	"MOPS1h"	9	3.3654671977715	3	123	0	0.718954248366013	-Inf	"SD"	NA	NA
"ECK120003810"	"yfdV"	"-"	2487264	2488208	945	"MOPS1h"	6	0.726513553804642	2	43	0	0.26031746031746	-Inf	"SD"	NA	NA
"ECK120003811"	"oxc"	"-"	2488278	2489972	1695	"MOPS1h"	16	1.08012634547947	3	105	0	0.435988200589971	-Inf	"SD"	0	0
"ECK120003812"	"frc"	"-"	2490026	2491276	1251	"MOPS1h"	19	1.73788314129528	0	0	0	0.607513988808953	-Inf	"SD"	1	2.17391304347826
"ECK120003819"	"ypdB"	"+"	2498405	2499139	735	"MOPS1h"	86	13.3886069201141	12	305	36.0655737704918	0.870748299319728	-2.60543042769224	"SD"	2	6.89655172413793
"ECK120003822"	"ypdE"	"-"	2502532	2503569	1038	"MOPS1h"	6	0.661421298983994	0	0	0	0.304431599229287	-Inf	"SD"	NA	NA
"ECK120003823"	"ypdF"	"-"	2503569	2504654	1086	"MOPS1h"	3	0	3	159	0	0.0644567219152855	NA	"NO"	NA	NA
"ECK120003824"	"fryC"	"-"	2504669	2505916	1248	"MOPS1h"	3	0	1	46	0	0.113782051282051	NA	"NO"	NA	NA
"ECK120003825"	"fryB"	"-"	2505938	2506264	327	"MOPS1h"	0	0	0	0	0	0	NA	"NO"	NA	NA
"ECK120003832"	"zipA"	"-"	2528269	2529255	987	"MOPS1h"	935	108.397368001171	1	43	0	1	-Inf	"SD"	2	5.55555555555556
"ECK120003838"	"murP"	"+"	2544695	2546119	1425	"MOPS1h"	35	2.81046032656006	6	107	0	0.364210526315789	-Inf	"SD"	NA	NA
"ECK120003841"	"yfeY"	"-"	2548663	2549238	576	"MOPS1h"	109	21.6535094356618	0	0	0	0.987847222222222	-Inf	"SD"	7	33.3333333333333
"ECK120003842"	"yfeZ"	"-"	2549299	2549748	450	"MOPS1h"	136	34.5820451611009	1	63	0	1	-Inf	"SD"	NA	NA
"ECK120003844"	"eutK"	"-"	2553250	2553750	501	"MOPS1h"	37	8.45061424111088	1	36	0	0.920159680638723	-Inf	"SD"	NA	NA
"ECK120003845"	"eutL"	"-"	2553763	2554422	660	"MOPS1h"	14	2.4272157365746	4	72	0	0.613636363636364	-Inf	"SD"	1	4.34782608695652
"ECK120003847"	"yffL"	"+"	2558279	2558920	642	"MOPS1h"	57	10.1593075222448	0	0	0	0.81619937694704	-Inf	"SD"	NA	NA
"ECK120003848"	"yffM"	"+"	2559390	2559635	246	"MOPS1h"	0	0	0	0	0	0	NA	"NO"	NA	NA
"ECK120003849"	"yffN"	"+"	2559632	2560015	384	"MOPS1h"	7	2.0858885236188	1	54	0	0.799479166666667	-Inf	"SD"	NA	NA
"ECK120003850"	"yffO"	"+"	2560133	2560549	417	"MOPS1h"	14	3.84163641760008	0	0	0	0.652278177458034	-Inf	"SD"	NA	NA
"ECK120003851"	"yffP"	"+"	2560546	2561139	594	"MOPS1h"	16	3.0821787131106	1	53	0	0.38047138047138	-Inf	"SD"	NA	NA
"ECK120003852"	"yffQ"	"+"	2561599	2561991	393	"MOPS1h"	23	6.69668027648172	0	0	0	0.641221374045801	-Inf	"SD"	NA	NA
"ECK120003853"	"yffR"	"+"	2562002	2562394	393	"MOPS1h"	113	32.9010813583667	1	45	0	1	-Inf	"SD"	2	13.3333333333333
"ECK120003856"	"eutH"	"-"	2564903	2566129	1227	"MOPS1h"	24	2.23815911441039	0	0	0	0.666666666666667	-Inf	"SD"	NA	NA
"ECK120003857"	"eutG"	"-"	2566346	2567533	1188	"MOPS1h"	14	1.34845318698589	0	0	0	0.347643097643098	-Inf	"SD"	NA	NA
"ECK120003858"	"eutJ"	"-"	2567523	2568359	837	"MOPS1h"	2	0	1	55	0	0.178016726403823	NA	"NO"	NA	NA
"ECK120003859"	"eutE"	"-"	2568370	2569773	1404	"MOPS1h"	3	0	0	0	0	0.155982905982906	NA	"NO"	NA	NA
"ECK120003860"	"eutN"	"-"	2569785	2570072	288	"MOPS1h"	1	0	0	0	0	0.0347222222222222	NA	"NO"	NA	NA
"ECK120003861"	"eutM"	"-"	2570179	2570472	294	"MOPS1h"	30	11.676110686146	1	50	0	0.95578231292517	-Inf	"SD"	NA	NA
"ECK120003862"	"eutD"	"-"	2570511	2571527	1017	"MOPS1h"	12	1.35015793184933	1	45	0	0.330383480825959	-Inf	"SD"	NA	NA
"ECK120003863"	"eutT"	"-"	2571524	2572327	804	"MOPS1h"	5	0.71160376072283	3	88	0	0.29726368159204	-Inf	"SD"	NA	NA
"ECK120003864"	"eutQ"	"-"	2572324	2573025	702	"MOPS1h"	5	0	3	75	0	0.212250712250712	NA	"NO"	NA	NA
"ECK120003865"	"eutP"	"-"	2573000	2573479	480	"MOPS1h"	1	0	3	94	0	0.104166666666667	NA	"NO"	NA	NA
"ECK120003866"	"eutS"	"-"	2573492	2573827	336	"MOPS1h"	2	0	0	0	0	0.220238095238095	NA	"NO"	NA	NA
"ECK120003870"	"tmcA"	"-"	2591866	2593881	2016	"MOPS1h"	95	5.39209278214382	1	47	0	0.776289682539683	-Inf	"SD"	0	0
"ECK120003871"	"ypfJ"	"-"	2593896	2594759	864	"MOPS1h"	172	22.779227051583	1	62	0	1	-Inf	"SD"	1	3.2258064516129
"ECK120003872"	"hyfC"	"+"	2601869	2602816	948	"MOPS1h"	1	0	1	64	0	0.0569620253164557	NA	"NO"	NA	NA
"ECK120003873"	"hyfD"	"+"	2602833	2604272	1440	"MOPS1h"	1	0	2	37	0	0.0576388888888889	NA	"NO"	NA	NA
"ECK120003874"	"hyfE"	"+"	2604284	2604934	651	"MOPS1h"	1	0	2	129	0	0.122887864823349	NA	"NO"	NA	NA
"ECK120003875"	"hyfF"	"+"	2604939	2606519	1581	"MOPS1h"	5	0	2	42	0	0.184693232131562	NA	"NO"	NA	NA
"ECK120003876"	"hyfG"	"+"	2606509	2608176	1668	"MOPS1h"	24	1.64641560754289	3	41	0	0.597721822541966	-Inf	"SD"	1	1.58730158730159
"ECK120003877"	"hyfH"	"+"	2608186	2608731	546	"MOPS1h"	3	0.62871365233094	3	94	0	0.384615384615385	-Inf	"SD"	NA	NA
"ECK120003878"	"hyfI"	"+"	2608728	2609486	759	"MOPS1h"	4	0	4	82	0	0.155467720685112	NA	"NO"	NA	NA
"ECK120003879"	"hyfJ"	"+"	2609479	2609892	414	"MOPS1h"	5	1.3819551295197	0	0	0	0.647342995169082	-Inf	"SD"	NA	NA
"ECK120003880"	"hyfR"	"+"	2609922	2611934	2013	"MOPS1h"	8	0	18	320	21.875	0.170392449080974	Inf	"AD"	NA	NA
"ECK120003888"	"yfgH"	"+"	2627814	2628332	519	"MOPS1h"	5	1.10236883163999	2	41	0	0.364161849710983	-Inf	"SD"	NA	NA
"ECK120003892"	"bamB"	"-"	2635496	2636674	1179	"MOPS1h"	1115	108.214471134451	1	60	0	1	-Inf	"SD"	3	7.14285714285714
"ECK120003893"	"yfgM"	"-"	2636685	2637305	621	"MOPS1h"	740	136.35290611261	0	0	0	1	-Inf	"SD"	17	77.2727272727273
"ECK120003894"	"pbpC"	"-"	2643035	2645347	2313	"MOPS1h"	37	1.83041838944944	4	155	0	0.429312581063554	-Inf	"SD"	NA	NA
"ECK120003896"	"iscU"	"-"	2657925	2658311	387	"MOPS1h"	558	164.986159369822	0	0	0	1	-Inf	"SD"	7	50
"ECK120003897"	"iscS"	"-"	2658339	2659553	1215	"MOPS1h"	1356	127.704938013216	6	139	0	1	-Inf	"SD"	77	171.111111111111
"ECK120003898"	"iscR"	"-"	2659665	2660153	489	"MOPS1h"	179	41.8859578029394	3	113	0	1	-Inf	"SD"	7	41.1764705882353
"ECK120003900"	"yfhR"	"+"	2662385	2663266	882	"MOPS1h"	1	0	3	100	0	0.0396825396825397	NA	"NO"	NA	NA
"ECK120003904"	"hcaC"	"+"	2668930	2669250	321	"MOPS1h"	5	1.78233465302541	1	46	0	0.32398753894081	-Inf	"SD"	NA	NA
"ECK120003905"	"hcaB"	"+"	2669247	2670059	813	"MOPS1h"	40	5.62980982653043	0	0	0	0.810578105781058	-Inf	"SD"	NA	NA
"ECK120003906"	"hcaD"	"+"	2670069	2671271	1203	"MOPS1h"	53	5.04120689142498	5	84	0	0.677472984206151	-Inf	"SD"	NA	NA
"ECK120003909"	"yphC"	"-"	2672722	2673783	1062	"MOPS1h"	40	4.3098261666377	0	0	0	0.830508474576271	-Inf	"SD"	NA	NA
"ECK120003910"	"yphD"	"-"	2673849	2674847	999	"MOPS1h"	18	2.06172765268885	1	51	0	0.349349349349349	-Inf	"SD"	NA	NA
"ECK120003911"	"yphE"	"-"	2674872	2676383	1512	"MOPS1h"	13	0	2	48	0	0.204365079365079	NA	"NO"	NA	NA
"ECK120003912"	"yphF"	"-"	2676406	2677389	984	"MOPS1h"	7	0.814005277509774	0	0	0	0.266260162601626	-Inf	"SD"	NA	NA
"ECK120003915"	"glrK"	"-"	2687693	2689120	1428	"MOPS1h"	145	11.6188748494492	3	120	0	0.796218487394958	-Inf	"SD"	NA	NA
"ECK120003917"	"rseC"	"-"	2705344	2705823	480	"MOPS1h"	22	5.24451971652726	0	0	0	0.927083333333333	-Inf	"SD"	NA	NA
"ECK120003918"	"rseB"	"-"	2705820	2706776	957	"MOPS1h"	364	43.5224890696135	8	270	0	1	-Inf	"SD"	3	8.33333333333333
"ECK120003919"	"yfiP"	"+"	2717245	2717943	699	"MOPS1h"	37	6.05687801830694	6	126	0	0.59656652360515	-Inf	"SD"	NA	NA
"ECK120003920"	"pka"	"+"	2717975	2720635	2661	"MOPS1h"	173	7.43918754501765	8	133	0	0.773393461104848	-Inf	"SD"	6	6.12244897959184
"ECK120003928"	"yfjI"	"+"	2757007	2758416	1410	"MOPS1h"	2	0	0	0	0	0.0659574468085106	NA	"NO"	NA	NA
"ECK120003931"	"yfjL"	"-"	2761559	2763175	1617	"MOPS1h"	178	12.5960466796	22	270	44.4444444444444	0.860235003092146	-2.39186469812275	"SD"	NA	NA
"ECK120003934"	"rnlB"	"+"	2765006	2765377	372	"MOPS1h"	246	75.6687302208625	51	435	112.64367816092	1	-2.94884358146717	"SD"	NA	NA
"ECK120003935"	"yfjP"	"+"	2765732	2766595	864	"MOPS1h"	4	0	3	87	0	0.196759259259259	NA	"NO"	NA	NA
"ECK120003936"	"yfjQ"	"+"	2766687	2767508	822	"MOPS1h"	3	0.417612717971646	0	0	0	0.259124087591241	-Inf	"SD"	NA	NA
"ECK120003937"	"yfjR"	"+"	2767725	2768426	702	"MOPS1h"	3	0.488999507368509	5	227	0	0.294871794871795	-Inf	"SD"	NA	NA
"ECK120003938"	"ypjK"	"+"	2768467	2768703	237	"MOPS1h"	2	0.965619280373258	0	0	0	0.286919831223629	-Inf	"SD"	NA	NA
"ECK120003939"	"yfjS"	"+"	2768703	2769146	444	"MOPS1h"	10	2.57715956586106	1	51	0	0.261261261261261	-Inf	"SD"	NA	NA
"ECK120003942"	"ypjM_3"	"-"	2770189	2770707	519	"MOPS1h"	9	1.98426389695198	2	48	0	0.53757225433526	-Inf	"SD"	NA	NA
"ECK120003943"	"ypjM_2"	"-"	2770858	2771058	201	"MOPS1h"	4	2.27713203431306	0	0	0	0.766169154228856	-Inf	"SD"	NA	NA
"ECK120003946"	"yfjX"	"+"	2773941	2774399	459	"MOPS1h"	0	0	5	259	0	0	NA	"NO"	NA	NA
"ECK120003947"	"yfjY"	"+"	2774408	2774890	483	"MOPS1h"	2	0	1	58	0	0.196687370600414	NA	"NO"	NA	NA
"ECK120003948"	"yfjZ"	"+"	2775137	2775454	318	"MOPS1h"	3	1.07948947853048	1	39	0	0.342767295597484	-Inf	"SD"	NA	NA
"ECK120003951"	"pinH"	"-"	2781087	2781230	144	"MOPS1h"	1	0	1	51	0	0.0694444444444444	NA	"NO"	NA	NA
"ECK120003952"	"ypjB"	"-"	2781660	2782451	792	"MOPS1h"	0	0	0	0	0	0	NA	"NO"	NA	NA
"ECK120003958"	"ygaQ_2"	"+"	2784770	2785456	687	"MOPS1h"	1	0	3	87	0	0.0727802037845706	NA	"NO"	NA	NA
"ECK120003959"	"ygaQ_3"	"+"	2785664	2786260	597	"MOPS1h"	2	0	3	73	0	0.144053601340034	NA	"NO"	NA	NA
"ECK120003960"	"ygaQ_4"	"+"	2786399	2786671	273	"MOPS1h"	0	0	0	0	0	0	NA	"NO"	NA	NA
"ECK120003961"	"csiD"	"+"	2787007	2787984	978	"MOPS1h"	9	1.05299893918004	0	0	0	0.313905930470348	-Inf	"SD"	0	0
"ECK120003968"	"nrdH"	"+"	2798745	2798990	246	"MOPS1h"	6	2.79087523717637	0	0	0	0.670731707317073	-Inf	"SD"	NA	NA
"ECK120003969"	"nrdI"	"+"	2798987	2799397	411	"MOPS1h"	32	8.90907131672845	1	42	0	0.824817518248175	-Inf	"SD"	NA	NA
"ECK120003970"	"ygaX"	"+"	2806338	2806604	267	"MOPS1h"	2	0	0	0	0	0.0636704119850187	NA	"NO"	NA	NA
"ECK120003971"	"ygaY"	"+"	2806634	2807515	882	"MOPS1h"	4	0	5	150	0	0.163265306122449	NA	"NO"	NA	NA
"ECK120003972"	"ygaZ"	"+"	2807639	2808376	738	"MOPS1h"	140	21.7068074002606	3	108	0	1	-Inf	"SD"	NA	NA
"ECK120003973"	"ygaH"	"+"	2808366	2808701	336	"MOPS1h"	31	10.5571500787237	6	187	32.0855614973262	0.985119047619048	-3.13711411823812	"SD"	0	0
"ECK120003974"	"yqaA"	"-"	2814534	2814962	429	"MOPS1h"	116	30.9403324662256	0	0	0	1	-Inf	"SD"	NA	NA
"ECK120003975"	"yqaB"	"-"	2814959	2815525	567	"MOPS1h"	165	33.2985378827127	0	0	0	1	-Inf	"SD"	2	9.52380952380952
"ECK120003976"	"pncC"	"-"	2821871	2822368	498	"MOPS1h"	103	23.6663978445699	0	0	0	0.981927710843373	-Inf	"SD"	13	72.2222222222222
"ECK120003983"	"ygbK"	"+"	2860357	2861523	1167	"MOPS1h"	5	0.490256575510844	11	197	0	0.286203941730934	-Inf	"SD"	NA	NA
"ECK120003984"	"ygbL"	"+"	2861615	2862253	639	"MOPS1h"	4	0	0	0	0	0.244131455399061	NA	"NO"	NA	NA
"ECK120003985"	"ygbM"	"+"	2862258	2863034	777	"MOPS1h"	12	1.76719513087616	3	64	0	0.532818532818533	-Inf	"SD"	NA	NA
"ECK120003987"	"truD"	"-"	2868277	2869326	1050	"MOPS1h"	173	18.8530267212304	1	58	0	0.989523809523809	-Inf	"SD"	6	15.3846153846154
"ECK120003988"	"ispD"	"-"	2869802	2870512	711	"MOPS1h"	123	19.7951952476518	1	59	0	0.954992967651195	-Inf	"SD"	2	7.69230769230769
"ECK120003989"	"ftsB"	"-"	2870531	2870842	312	"MOPS1h"	87	31.9072178557952	2	46	0	1	-Inf	"SD"	NA	NA
"ECK120003990"	"cas1"	"-"	2876877	2877794	918	"MOPS1h"	55	6.8555813287938	0	0	0	0.798474945533769	-Inf	"SD"	NA	NA
"ECK120003991"	"casE"	"-"	2877810	2878409	600	"MOPS1h"	10	1.90709807873718	4	100	0	0.526666666666667	-Inf	"SD"	NA	NA
"ECK120003992"	"casD"	"-"	2878396	2879070	675	"MOPS1h"	19	3.22087675520058	4	72	0	0.605925925925926	-Inf	"SD"	NA	NA
"ECK120003993"	"casC"	"-"	2879073	2880164	1092	"MOPS1h"	15	1.57178413082735	3	107	0	0.456959706959707	-Inf	"SD"	NA	NA
"ECK120003994"	"casB"	"-"	2880177	2880659	483	"MOPS1h"	7	1.65834615542364	0	0	0	0.623188405797101	-Inf	"SD"	NA	NA
"ECK120003995"	"casA"	"-"	2880652	2882160	1509	"MOPS1h"	4	0	1	51	0	0.0894632206759443	NA	"NO"	NA	NA
"ECK120003997"	"ygcN"	"+"	2890679	2891950	1272	"MOPS1h"	31	2.78868115287041	2	49	0	0.452830188679245	-Inf	"SD"	NA	NA
"ECK120003998"	"ygcO"	"+"	2891941	2892201	261	"MOPS1h"	3	1.31524005430151	0	0	0	0.482758620689655	-Inf	"SD"	NA	NA
"ECK120004001"	"ygcR"	"-"	2893798	2894577	780	"MOPS1h"	6	0.880199113263316	1	42	0	0.35	-Inf	"SD"	NA	NA
"ECK120004002"	"ygcS"	"-"	2894555	2895892	1338	"MOPS1h"	9	0.769680838952227	0	0	0	0.34304932735426	-Inf	"SD"	NA	NA
"ECK120004003"	"ygcU"	"-"	2895986	2897440	1455	"MOPS1h"	12	0	2	77	0	0.220618556701031	NA	"NO"	NA	NA
"ECK120004009"	"gudX"	"-"	2917428	2918768	1341	"MOPS1h"	19	1.62124668885935	1	100	0	0.488441461595824	-Inf	"SD"	1	2.04081632653061
"ECK120004010"	"gudP"	"-"	2918770	2920122	1353	"MOPS1h"	5	0	4	138	0	0.169992609016999	NA	"NO"	NA	NA
"ECK120004011"	"yqcA"	"-"	2920557	2921006	450	"MOPS1h"	248	63.0613764702429	0	0	0	1	-Inf	"SD"	5	31.25
"ECK120004012"	"truC"	"-"	2921024	2921806	783	"MOPS1h"	81	11.8371604887136	0	0	0	0.974457215836526	-Inf	"SD"	1	3.33333333333333
"ECK120004013"	"yqcC"	"-"	2921806	2922135	330	"MOPS1h"	38	13.1763139985478	2	56	0	0.918181818181818	-Inf	"SD"	1	7.69230769230769
"ECK120004022"	"rppH"	"-"	2966469	2966999	531	"MOPS1h"	206	44.3912095163684	0	0	0	1	-Inf	"SD"	2	9.52380952380952
"ECK120004023"	"ygdQ"	"+"	2968442	2969155	714	"MOPS1h"	147	23.5582703844005	7	187	0	0.964985994397759	-Inf	"SD"	0	0
"ECK120004024"	"ygdR"	"+"	2969293	2969511	219	"MOPS1h"	197	102.931046989377	1	69	0	1	-Inf	"SD"	2	25
"ECK120004026"	"kduI"	"-"	2981310	2982146	837	"MOPS1h"	20	2.73419079388844	1	45	0	0.538829151732378	-Inf	"SD"	2	6.45161290322581
"ECK120004029"	"yqeH"	"+"	2985558	2986190	633	"MOPS1h"	4	0.723070361606515	1	41	0	0.262243285939968	-Inf	"SD"	NA	NA
"ECK120004030"	"yqeI"	"+"	2986524	2987333	810	"MOPS1h"	126	17.7995820682137	1	44	0	0.644444444444444	-Inf	"SD"	NA	NA
"ECK120004034"	"ygeG"	"+"	2989290	2989781	492	"MOPS1h"	0	0	0	0	0	0	NA	"NO"	NA	NA
"ECK120004035"	"ygeH"	"+"	2990116	2991492	1377	"MOPS1h"	2	0	2	95	0	0.0573710965867829	NA	"NO"	NA	NA
"ECK120004036"	"ygeI"	"+"	2991660	2991878	219	"MOPS1h"	2	0	0	0	0	0.114155251141553	NA	"NO"	NA	NA
"ECK120004039"	"ygeL"	"-"	2992959	2993114	156	"MOPS1h"	0	0	0	0	0	0	NA	"NO"	NA	NA
"ECK120004040"	"ygeM"	"-"	2993336	2993767	432	"MOPS1h"	2	0.529749466315884	0	0	0	0.31712962962963	-Inf	"SD"	NA	NA
"ECK120004041"	"ygeN"	"-"	2993770	2994042	273	"MOPS1h"	0	0	0	0	0	0	NA	"NO"	NA	NA
"ECK120004042"	"ygeO"	"-"	2993984	2994409	426	"MOPS1h"	3	0	0	0	0	0.161971830985915	NA	"NO"	NA	NA
"ECK120004043"	"insD-4"	"-"	2994394	2995299	906	"MOPS1h"	0	0	0	0	0	0	NA	"NO"	NA	NA
"ECK120004044"	"insC-4"	"-"	2995257	2995667	411	"MOPS1h"	0	0	0	0	0	0	NA	"NO"	NA	NA
"ECK120004045"	"ygeP"	"-"	2995711	2996010	300	"MOPS1h"	19	7.2469726992013	1	82	0	0.896666666666667	-Inf	"SD"	NA	NA
"ECK120004046"	"ygeQ"	"-"	2996056	2996850	795	"MOPS1h"	21	3.02257053988535	8	189	31.7460317460317	0.608805031446541	-1.33274160323705	"SD"	NA	NA
"ECK120004049"	"xdhB"	"+"	3000636	3001514	879	"MOPS1h"	6	0.781064059551065	1	42	0	0.405005688282139	-Inf	"SD"	1	3.125
"ECK120004053"	"ygeX"	"+"	3005532	3006728	1197	"MOPS1h"	4	0	10	135	0	0.177109440267335	NA	"NO"	1	2.32558139534884
"ECK120004054"	"ygeY"	"+"	3006786	3007997	1212	"MOPS1h"	12	1.13292955172506	0	0	0	0.520627062706271	-Inf	"SD"	6	13.3333333333333
"ECK120004055"	"hyuA"	"+"	3008050	3009435	1386	"MOPS1h"	3	0	0	0	0	0.104617604617605	NA	"NO"	NA	NA
"ECK120004060"	"ygfK"	"+"	3014082	3017180	3099	"MOPS1h"	11	0	18	95	0	0.191674733785092	NA	"NO"	4	3.44827586206897
"ECK120004061"	"ssnA"	"+"	3017183	3018511	1329	"MOPS1h"	7	0	1	96	0	0.224981188863807	NA	"NO"	0	0
"ECK120004062"	"ygfM"	"+"	3018562	3019341	780	"MOPS1h"	3	0	1	83	0	0.193589743589744	NA	"NO"	1	3.44827586206897
"ECK120004063"	"xdhD"	"+"	3019338	3022208	2871	"MOPS1h"	43	1.71379764651408	6	135	0	0.505398815743643	-Inf	"SD"	2	1.92307692307692
"ECK120004064"	"xanQ"	"+"	3022373	3023773	1401	"MOPS1h"	9	0	10	426	21.1267605633803	0.232690935046395	Inf	"AD"	NA	NA
"ECK120004065"	"guaD"	"+"	3023788	3025107	1320	"MOPS1h"	61	5.28786285468037	8	208	0	0.81969696969697	-Inf	"SD"	NA	NA
"ECK120004078"	"scpB"	"+"	3062015	3062800	786	"MOPS1h"	5	0.72790003005236	0	0	0	0.326972010178117	-Inf	"SD"	NA	NA
"ECK120004081"	"yggP"	"-"	3074201	3075478	1278	"MOPS1h"	6	0.537210726404841	1	35	0	0.253521126760563	-Inf	"SD"	NA	NA
"ECK120004085"	"yqgE"	"+"	3090959	3091522	564	"MOPS1h"	444	90.0799518041819	3	100	0	1	-Inf	"SD"	6	28.5714285714286
"ECK120004089"	"yggT"	"+"	3093842	3094408	567	"MOPS1h"	187	37.7383429337411	7	198	30.3030303030303	1	-4.97492476557542	"SD"	3	14.2857142857143
"ECK120004090"	"yggU"	"+"	3094405	3094695	291	"MOPS1h"	64	25.1658303173567	0	0	0	0.814432989690722	-Inf	"SD"	1	10
"ECK120004091"	"rdgB"	"+"	3094703	3095296	594	"MOPS1h"	101	19.4562531265107	0	0	0	1	-Inf	"SD"	1	4.76190476190476
"ECK120004093"	"yggX"	"+"	3102115	3102390	276	"MOPS1h"	766	317.573288763627	0	0	0	1	-Inf	"SD"	7	63.6363636363636
"ECK120004094"	"mltC"	"+"	3102455	3103534	1080	"MOPS1h"	80	8.47599146105415	10	471	12.7388535031847	0.82037037037037	-2.82034772846654	"SD"	NA	NA
"ECK120004097"	"yghE"	"-"	3109150	3110010	861	"MOPS1h"	4	0	158	433	362.586605080831	0.0847851335656214	Inf	"AD"	NA	NA
"ECK120004098"	"yghF"	"-"	3110076	3110942	867	"MOPS1h"	0	0	1	52	0	0	NA	"NO"	NA	NA
"ECK120004099"	"yghG"	"-"	3111089	3111499	411	"MOPS1h"	3	0	0	0	0	0.221411192214112	NA	"NO"	NA	NA
"ECK120004100"	"pppA"	"-"	3111565	3112374	810	"MOPS1h"	30	4.23799573052708	0	0	0	0.503703703703704	-Inf	"SD"	NA	NA
"ECK120004101"	"yghJ"	"-"	3112572	3117134	4563	"MOPS1h"	267	6.6955317162765	5	64	0	0.867411790488714	-Inf	"SD"	5	2.9940119760479
"ECK120004102"	"glcA"	"-"	3117619	3119301	1683	"MOPS1h"	17	1.15581701741648	4	100	0	0.352941176470588	-Inf	"SD"	NA	NA
"ECK120004103"	"glcG"	"-"	3121849	3122253	405	"MOPS1h"	85	24.0153091396534	0	0	0	0.94320987654321	-Inf	"SD"	6	42.8571428571429
"ECK120004104"	"glcE"	"-"	3123492	3124544	1053	"MOPS1h"	16	1.73866491508803	1	40	0	0.546058879392213	-Inf	"SD"	1	2.63157894736842
"ECK120004110"	"yghR"	"-"	3130476	3131234	759	"MOPS1h"	1	0	0	0	0	0.0210803689064559	NA	"NO"	NA	NA
"ECK120004114"	"hybO"	"-"	3143165	3144283	1119	"MOPS1h"	345	35.278758024897	2	55	0	1	-Inf	"SD"	4	10
"ECK120004115"	"yghW"	"-"	3144472	3144759	288	"MOPS1h"	2	0.794624199473827	0	0	0	0.402777777777778	-Inf	"SD"	NA	NA
"ECK120004116"	"yghX_1"	"-"	3144878	3145288	411	"MOPS1h"	8	2.22726782918211	0	0	0	0.630170316301703	-Inf	"SD"	NA	NA
"ECK120004124"	"dkgA"	"+"	3154645	3155472	828	"MOPS1h"	74	10.2264679584458	2	135	0	0.884057971014493	-Inf	"SD"	6	19.3548387096774
"ECK120004125"	"yqhG"	"+"	3155672	3156598	927	"MOPS1h"	8	0.987494150802425	4	47	0	0.381877022653722	-Inf	"SD"	NA	NA
"ECK120004128"	"ygiS"	"-"	3164133	3165740	1608	"MOPS1h"	49	3.48685842754187	3	65	0	0.733208955223881	-Inf	"SD"	8	13.1147540983607
"ECK120004129"	"mqsA"	"-"	3165873	3166268	396	"MOPS1h"	227	65.592615738385	0	0	0	0.977272727272727	-Inf	"SD"	0	0
"ECK120004130"	"mqsR"	"-"	3166270	3166566	297	"MOPS1h"	182	70.1195657232662	1	96	0	1	-Inf	"SD"	NA	NA
"ECK120004131"	"ygiV"	"-"	3166771	3167253	483	"MOPS1h"	6	1.42143956179169	1	56	0	0.370600414078675	-Inf	"SD"	NA	NA
"ECK120004135"	"yqiA"	"-"	3173447	3174028	582	"MOPS1h"	181	35.5860569331372	2	66	0	1	-Inf	"SD"	3	13.6363636363636
"ECK120004136"	"cpdA"	"-"	3174028	3174855	828	"MOPS1h"	239	33.0287275955208	1	43	0	1	-Inf	"SD"	5	16.1290322580645
"ECK120004137"	"yqiB"	"-"	3174880	3175302	423	"MOPS1h"	288	77.9069853441573	3	38	0	1	-Inf	"SD"	0	0
"ECK120004139"	"insC-5"	"+"	3184164	3184574	411	"MOPS1h"	0	0	0	0	0	0	NA	"NO"	NA	NA
"ECK120004140"	"insD-5"	"+"	3184532	3185437	906	"MOPS1h"	0	0	0	0	0	0	NA	"NO"	NA	NA
"ECK120004141"	"yqiG"	"+"	3185422	3187887	2466	"MOPS1h"	8	0	10	94	0	0.166666666666667	NA	"NO"	NA	NA
"ECK120004142"	"yqiH"	"+"	3187903	3188652	750	"MOPS1h"	2	0	2	100	0	0.205333333333333	NA	"NO"	NA	NA
"ECK120004145"	"yqiK"	"+"	3190886	3192547	1662	"MOPS1h"	18	1.23926950964871	3	64	0	0.456077015643803	-Inf	"SD"	NA	NA
"ECK120004152"	"ygjJ"	"+"	3225823	3226893	1071	"MOPS1h"	0	0	0	0	0	0	NA	"NO"	NA	NA
"ECK120004153"	"ygjK"	"+"	3226910	3229261	2352	"MOPS1h"	7	0	9	109	64.2201834862385	0.145408163265306	Inf	"AD"	NA	NA
"ECK120004155"	"higB"	"-"	3232163	3232477	315	"MOPS1h"	62	22.5219201679439	0	0	0	0.66984126984127	-Inf	"SD"	NA	NA
"ECK120004158"	"ygjQ"	"+"	3234562	3235254	693	"MOPS1h"	2	0	4	96	0	0.141414141414141	NA	"NO"	NA	NA
"ECK120004159"	"ygjR"	"+"	3235315	3236319	1005	"MOPS1h"	58	6.60368289950786	0	0	0	0.823880597014925	-Inf	"SD"	2	5.55555555555556
"ECK120004160"	"alx"	"+"	3236602	3237567	966	"MOPS1h"	13	1.53989285860766	2	85	0	0.399585921325052	-Inf	"SD"	NA	NA
"ECK120004162"	"yqjA"	"+"	3245795	3246457	663	"MOPS1h"	283	48.8424213830428	0	0	0	0.986425339366516	-Inf	"SD"	2	8
"ECK120004163"	"mzrA"	"+"	3246461	3246844	384	"MOPS1h"	39	11.6213789173047	5	145	0	0.924479166666667	-Inf	"SD"	NA	NA
"ECK120004164"	"yqjC"	"+"	3246991	3247359	369	"MOPS1h"	112	34.730891840417	0	0	0	0.986449864498645	-Inf	"SD"	0	0
"ECK120004165"	"yqjD"	"+"	3247397	3247702	306	"MOPS1h"	243	90.8676143398305	0	0	0	1	-Inf	"SD"	2	18.1818181818182
"ECK120004166"	"yqjE"	"+"	3247705	3248109	405	"MOPS1h"	170	48.0306182793069	0	0	0	1	-Inf	"SD"	NA	NA
"ECK120004167"	"yqjK"	"+"	3248099	3248398	300	"MOPS1h"	126	48.058871584177	0	0	0	1	-Inf	"SD"	NA	NA
"ECK120004168"	"yqjF"	"+"	3248584	3248976	393	"MOPS1h"	0	0	0	0	0	0	NA	"NO"	NA	NA
"ECK120004169"	"yqjG"	"+"	3249046	3250032	987	"MOPS1h"	59	6.84004782039476	5	58	0	0.885511651469098	-Inf	"SD"	2	5.40540540540541
"ECK120004170"	"yhaH"	"+"	3250326	3250691	366	"MOPS1h"	426	133.184226482302	1	66	0	1	-Inf	"SD"	NA	NA
"ECK120004176"	"tdcG"	"-"	3256307	3257671	1365	"MOPS1h"	832	69.7453011652456	0	0	0	0.717216117216117	-Inf	"SD"	2	4.08163265306122
"ECK120004177"	"tdcF"	"-"	3257743	3258132	390	"MOPS1h"	6	1.76039822652663	0	0	0	0.538461538461538	-Inf	"SD"	7	50
"ECK120004178"	"tdcE"	"-"	3258146	3260440	2295	"MOPS1h"	20	0.997175466006371	2	35	0	0.259694989106754	-Inf	"SD"	25	29.0697674418605
"ECK120004182"	"agaV"	"+"	3278239	3278712	474	"MOPS1h"	4	0.965619280373258	2	88	0	0.383966244725738	-Inf	"SD"	1	5.88235294117647
"ECK120004183"	"agaW"	"+"	3278723	3279124	402	"MOPS1h"	4	1.13856601715653	0	0	0	0.674129353233831	-Inf	"SD"	NA	NA
"ECK120004184"	"agaS"	"+"	3279998	3281152	1155	"MOPS1h"	5	0.495350150321346	3	100	0	0.301298701298701	-Inf	"SD"	NA	NA
"ECK120004185"	"agaD"	"+"	3283500	3284291	792	"MOPS1h"	4	0	2	119	0	0.246212121212121	NA	"NO"	NA	NA
"ECK120004186"	"agaI"	"+"	3284292	3285047	756	"MOPS1h"	4	0	2	81	0	0.212962962962963	NA	"NO"	NA	NA
"ECK120004187"	"yraH"	"+"	3285448	3286032	585	"MOPS1h"	9	1.76039822652663	3	120	0	0.562393162393162	-Inf	"SD"	NA	NA
"ECK120004188"	"yraI"	"+"	3286112	3286807	696	"MOPS1h"	0	0	0	0	0	0	NA	"NO"	NA	NA
"ECK120004193"	"yraN"	"+"	3293416	3293811	396	"MOPS1h"	164	47.3884977140755	1	100	0	1	-Inf	"SD"	NA	NA
"ECK120004203"	"yhbV"	"+"	3300511	3301389	879	"MOPS1h"	90	11.715960893266	0	0	0	0.850967007963595	-Inf	"SD"	NA	NA
"ECK120004207"	"ibaG"	"-"	3334571	3334825	255	"MOPS1h"	228	102.310202812254	0	0	0	1	-Inf	"SD"	0	0
"ECK120004208"	"mlaB"	"-"	3334985	3335278	294	"MOPS1h"	86	33.4715173002853	0	0	0	1	-Inf	"SD"	0	0
"ECK120004209"	"mlaC"	"-"	3335278	3335913	636	"MOPS1h"	473	85.0997538908196	1	67	0	1	-Inf	"SD"	12	50
"ECK120004210"	"kdsD"	"+"	3339288	3340274	987	"MOPS1h"	399	46.2572725480934	0	0	0	1	-Inf	"SD"	6	17.1428571428571
"ECK120004211"	"kdsC"	"+"	3340295	3340861	567	"MOPS1h"	304	61.3500334323919	1	51	0	1	-Inf	"SD"	3	15
"ECK120004212"	"lptC"	"+"	3340858	3341433	576	"MOPS1h"	246	48.8693882676403	1	75	0	1	-Inf	"SD"	1	4.54545454545455
"ECK120004213"	"lptA"	"+"	3341402	3341959	558	"MOPS1h"	306	62.7496787197396	3	43	0	1	-Inf	"SD"	4	20
"ECK120004217"	"yhcD"	"+"	3360829	3363210	2382	"MOPS1h"	15	0	44	299	36.7892976588629	0.191855583543241	Inf	"AD"	NA	NA
"ECK120004223"	"nanK"	"-"	3367497	3368372	876	"MOPS1h"	10	1.30623156077889	1	58	0	0.358447488584475	-Inf	"SD"	4	13.3333333333333
"ECK120004224"	"nanE"	"-"	3368369	3369058	690	"MOPS1h"	9	1.49251153988127	0	0	0	0.515942028985507	-Inf	"SD"	5	20.8333333333333
"ECK120004229"	"degQ"	"+"	3378765	3380132	1368	"MOPS1h"	300	25.0933957728577	2	37	0	0.995614035087719	-Inf	"SD"	6	12.7659574468085
"ECK120004232"	"aaeB"	"-"	3384243	3386210	1968	"MOPS1h"	26	1.51172408680387	1	43	0	0.42530487804878	-Inf	"SD"	NA	NA
"ECK120004233"	"aaeA"	"-"	3386216	3387148	933	"MOPS1h"	25	3.06607408157104	8	150	46.6666666666667	0.508038585209003	-1.13096572821653	"SD"	NA	NA
"ECK120004237"	"yhdP"	"-"	3390480	3394280	3801	"MOPS1h"	290	8.73020430676848	10	55	0	0.962641410155222	-Inf	"SD"	8	5.75539568345324
"ECK120004239"	"yhdT"	"+"	3405397	3405639	243	"MOPS1h"	16	7.53421463204814	0	0	0	0.897119341563786	-Inf	"SD"	NA	NA
"ECK120004241"	"yhdV"	"+"	3416412	3416633	222	"MOPS1h"	10	5.15431913172212	0	0	0	0.842342342342342	-Inf	"SD"	NA	NA
"ECK120004244"	"tsaC"	"-"	3428865	3429437	573	"MOPS1h"	42	8.38723762376563	2	112	0	0.804537521815009	-Inf	"SD"	6	28.5714285714286
"ECK120004245"	"yrdD"	"-"	3429442	3429984	543	"MOPS1h"	209	44.0423755200079	0	0	0	1	-Inf	"SD"	NA	NA
"ECK120004248"	"gspD"	"+"	3454399	3456351	1953	"MOPS1h"	7	0	11	196	30.6122448979592	0.0890937019969278	Inf	"AD"	NA	NA
"ECK120004249"	"gspE"	"+"	3456361	3457842	1482	"MOPS1h"	5	0	12	331	33.2326283987915	0.165991902834008	Inf	"AD"	NA	NA
"ECK120004250"	"gspF"	"+"	3457839	3459035	1197	"MOPS1h"	1	0	12	143	0	0.0618212197159566	NA	"NO"	NA	NA
"ECK120004251"	"gspG"	"+"	3459045	3459482	438	"MOPS1h"	1	0	0	0	0	0.0867579908675799	NA	"NO"	NA	NA
"ECK120004252"	"gspH"	"+"	3459490	3459999	510	"MOPS1h"	0	0	0	0	0	0	NA	"NO"	NA	NA
"ECK120004253"	"gspI"	"+"	3459996	3460373	378	"MOPS1h"	0	0	0	0	0	0	NA	"NO"	NA	NA
"ECK120004254"	"gspJ"	"+"	3460366	3460953	588	"MOPS1h"	0	0	4	84	0	0	NA	"NO"	NA	NA
"ECK120004255"	"gspK"	"+"	3460946	3461929	984	"MOPS1h"	3	0	16	295	33.8983050847458	0.142276422764228	Inf	"AD"	NA	NA
"ECK120004256"	"gspL"	"+"	3461944	3463107	1164	"MOPS1h"	13	1.27795232080327	24	145	75.8620689655172	0.301546391752577	0.783669512053322	"AD"	NA	NA
"ECK120004257"	"tusB"	"-"	3472700	3472987	288	"MOPS1h"	42	16.6871081889504	2	120	0	1	-Inf	"SD"	0	0
"ECK120004258"	"tusC"	"-"	3472995	3473354	360	"MOPS1h"	32	10.171189753265	2	159	0	0.794444444444444	-Inf	"SD"	1	7.69230769230769
"ECK120004259"	"tusD"	"-"	3473354	3473740	387	"MOPS1h"	203	60.0218465090928	2	159	0	0.950904392764858	-Inf	"SD"	1	7.14285714285714
"ECK120004260"	"yheO"	"-"	3473740	3474462	723	"MOPS1h"	187	29.5956299355895	0	0	0	1	-Inf	"SD"	1	3.7037037037037
"ECK120004263"	"yheT"	"+"	3481224	3482246	1023	"MOPS1h"	61	6.82304884474887	2	100	0	0.884652981427175	-Inf	"SD"	1	2.63157894736842
"ECK120004264"	"yheU"	"+"	3482240	3482458	219	"MOPS1h"	64	33.4395279559397	0	0	0	1	-Inf	"SD"	NA	NA
"ECK120004266"	"yhfL"	"+"	3497470	3497637	168	"MOPS1h"	20	13.622129133837	0	0	0	1	-Inf	"SD"	NA	NA
"ECK120004267"	"frlB"	"+"	3499290	3500312	1023	"MOPS1h"	5	0	3	80	0	0.225806451612903	NA	"NO"	NA	NA
"ECK120004268"	"frlC"	"+"	3500362	3501192	831	"MOPS1h"	19	2.61623563148061	0	0	0	0.628158844765343	-Inf	"SD"	NA	NA
"ECK120004269"	"frlD"	"+"	3501189	3501974	786	"MOPS1h"	16	2.32928009616755	1	35	0	0.581424936386768	-Inf	"SD"	NA	NA
"ECK120004272"	"yhfT"	"-"	3504054	3505358	1305	"MOPS1h"	11	0.964509373154438	0	0	0	0.479693486590038	-Inf	"SD"	NA	NA
"ECK120004273"	"yhfU"	"-"	3505370	3505723	354	"MOPS1h"	4	1.29294784999131	14	248	56.4516129032258	0.514124293785311	1.11476274078944	"AD"	NA	NA
"ECK120004274"	"php"	"-"	3505734	3506612	879	"MOPS1h"	7	0.911241402809576	22	248	56.4516129032258	0.350398179749716	1.61952162379224	"AD"	NA	NA
"ECK120004275"	"yhfW"	"-"	3506609	3507835	1227	"MOPS1h"	0	0	0	0	0	0	NA	"NO"	NA	NA
"ECK120004276"	"yhfX"	"-"	3507835	3508998	1164	"MOPS1h"	5	0.491520123385872	0	0	0	0.276632302405498	-Inf	"SD"	NA	NA
"ECK120004277"	"yhfY"	"-"	3509082	3509444	363	"MOPS1h"	9	2.83700540638589	0	0	0	0.74931129476584	-Inf	"SD"	NA	NA
"ECK120004278"	"yhfZ"	"-"	3509461	3510366	906	"MOPS1h"	16	2.02076617614536	1	44	0	0.705298013245033	-Inf	"SD"	NA	NA
"ECK120004279"	"hofP"	"-"	3518637	3519041	405	"MOPS1h"	7	1.97773134091264	0	0	0	0.841975308641975	-Inf	"SD"	NA	NA
"ECK120004280"	"hofO"	"-"	3519031	3519471	441	"MOPS1h"	3	0.778407379076402	0	0	0	0.383219954648526	-Inf	"SD"	NA	NA
"ECK120004281"	"hofN"	"-"	3519455	3519994	540	"MOPS1h"	3	0.635699359579061	0	0	0	0.298148148148148	-Inf	"SD"	NA	NA
"ECK120004285"	"yrfG"	"+"	3526691	3527359	669	"MOPS1h"	99	16.932978456949	2	131	0	0.94170403587444	-Inf	"SD"	2	8
"ECK120004286"	"hslR"	"+"	3527370	3527771	402	"MOPS1h"	146	41.5576596262133	0	0	0	1	-Inf	"SD"	1	6.66666666666667
"ECK120004289"	"yhgF"	"+"	3535407	3537728	2322	"MOPS1h"	430	21.1899786526354	5	216	0	0.97588285960379	-Inf	"SD"	16	18.8235294117647
"ECK120004291"	"nfuA"	"+"	3543646	3544221	576	"MOPS1h"	193	38.3406176246121	1	39	0	1	-Inf	"SD"	7	33.3333333333333
"ECK120004296"	"yhhW"	"-"	3576973	3577668	696	"MOPS1h"	67	11.0151354547751	12	297	30.3030303030303	0.941091954022989	-2.61341842451789	"SD"	2	7.69230769230769
"ECK120004297"	"yhhX"	"-"	3577791	3578828	1038	"MOPS1h"	171	18.8505070210438	3	111	0	0.989402697495183	-Inf	"SD"	6	15.3846153846154
"ECK120004299"	"yhhZ"	"+"	3579886	3581064	1179	"MOPS1h"	2	0	0	0	0	0.083969465648855	NA	"NO"	NA	NA
"ECK120004300"	"yrhA"	"+"	3581064	3581477	414	"MOPS1h"	0	0	1	39	0	0	NA	"NO"	NA	NA
"ECK120004301"	"insA-6"	"+"	3581506	3581781	276	"MOPS1h"	0	0	0	0	0	0	NA	"NO"	NA	NA
"ECK120004302"	"insB-6"	"+"	3581700	3582203	504	"MOPS1h"	0	0	1	75	0	0	NA	"NO"	NA	NA
"ECK120004307"	"insK"	"+"	3719177	3720072	896	"MOPS1h"	18	2.298734291335	7	103	0	0.559151785714286	-Inf	"SD"	NA	NA
"ECK120004311"	"rffT"	"+"	3975548	3976627	1080	"MOPS1h"	54	5.72129423621155	0	0	0	0.855555555555556	-Inf	"SD"	NA	NA
"ECK120004314"	"tatA"	"+"	4019968	4020237	270	"MOPS1h"	701	297.083500709948	0	0	0	1	-Inf	"SD"	3	30
"ECK120004315"	"tatB"	"+"	4020241	4020756	516	"MOPS1h"	488	108.216728188808	0	0	0	1	-Inf	"SD"	4	22.2222222222222
"ECK120004320"	"phnE_2"	"-"	4320466	4320834	369	"MOPS1h"	0	0	1	51	0	0	NA	"NO"	NA	NA
"ECK120004321"	"yjcZ"	"+"	4327383	4328261	879	"MOPS1h"	226	29.4200795764235	2	100	0	1	-Inf	"SD"	9	27.2727272727273
"ECK120004323"	"dcuR"	"-"	4347338	4348057	720	"MOPS1h"	45	7.15161779526444	8	217	0	0.7	-Inf	"SD"	2	7.40740740740741
"ECK120004326"	"yjdJ"	"+"	4350108	4350380	273	"MOPS1h"	13	5.44885165353481	0	0	0	0.516483516483517	-Inf	"SD"	NA	NA
"ECK120004327"	"ghoS"	"+"	4350607	4350903	297	"MOPS1h"	2	0.77054467827765	0	0	0	0.444444444444444	-Inf	"SD"	NA	NA
"ECK120004334"	"yjeN"	"+"	4383416	4383730	315	"MOPS1h"	3	1.08977033070696	0	0	0	0.279365079365079	-Inf	"SD"	NA	NA
"ECK120004340"	"yjeT"	"+"	4402409	4402606	198	"MOPS1h"	59	34.096602013786	0	0	0	1	-Inf	"SD"	1	14.2857142857143
"ECK120004341"	"rlmB"	"+"	4407298	4408029	732	"MOPS1h"	314	49.0843276002849	1	53	0	1	-Inf	"SD"	3	11.1111111111111
"ECK120004342"	"yjfI"	"+"	4408156	4408557	402	"MOPS1h"	4	1.13856601715653	1	43	0	0.27363184079602	-Inf	"SD"	NA	NA
"ECK120004343"	"yjfJ"	"+"	4408576	4409274	699	"MOPS1h"	6	0.982196435401125	0	0	0	0.397711015736767	-Inf	"SD"	NA	NA
"ECK120004344"	"yjfK"	"+"	4409325	4409984	660	"MOPS1h"	2	0	0	0	0	0.160606060606061	NA	"NO"	NA	NA
"ECK120004345"	"yjfL"	"+"	4410002	4410400	399	"MOPS1h"	0	0	0	0	0	0	NA	"NO"	NA	NA
"ECK120004346"	"yjfM"	"+"	4410410	4411048	639	"MOPS1h"	3	0	0	0	0	0.226917057902973	NA	"NO"	NA	NA
"ECK120004353"	"ulaD"	"+"	4420209	4420859	651	"MOPS1h"	10	1.75769408178542	0	0	0	0.428571428571429	-Inf	"SD"	1	4.16666666666667
"ECK120004354"	"ulaE"	"+"	4420869	4421723	855	"MOPS1h"	12	1.60597732946289	0	0	0	0.525146198830409	-Inf	"SD"	NA	NA
"ECK120004362"	"ytfF"	"-"	4430114	4431088	975	"MOPS1h"	11	1.29095869945286	0	0	0	0.452307692307692	-Inf	"SD"	NA	NA
"ECK120004378"	"tabA"	"+"	4472885	4473337	453	"MOPS1h"	121	30.5640884141986	0	0	0	1	-Inf	"SD"	9	52.9411764705882
"ECK120004386"	"idnR"	"-"	4488164	4489162	999	"MOPS1h"	35	4.00891488022831	18	361	30.4709141274238	0.833833833833834	-0.865708261866413	"SD"	NA	NA
"ECK120004387"	"idnO"	"-"	4490610	4491374	765	"MOPS1h"	20	2.99152639801911	1	95	0	0.841830065359477	-Inf	"SD"	1	3.57142857142857
"ECK120004389"	"insC-6"	"+"	4496250	4496660	411	"MOPS1h"	2	0	0	0	0	0.0900243309002433	NA	"NO"	NA	NA
"ECK120004396"	"yjhC"	"+"	4503310	4504428	1119	"MOPS1h"	4	0	0	0	0	0.141197497765862	NA	"NO"	3	7.31707317073171
"ECK120004405"	"yjhG"	"-"	4520150	4522117	1968	"MOPS1h"	76	4.41888579219591	24	128	46.875	0.650914634146341	-1.88064823873435	"SD"	NA	NA
"ECK120004406"	"yjhH"	"-"	4522128	4523033	906	"MOPS1h"	17	2.14706406215445	12	170	0	0.579470198675497	-Inf	"SD"	1	3.03030303030303
"ECK120004407"	"yjhI"	"-"	4523038	4523826	789	"MOPS1h"	8	1.16021175892756	1	37	0	0.268694550063371	-Inf	"SD"	NA	NA
"ECK120004408"	"sgcR"	"-"	4524129	4524911	783	"MOPS1h"	17	2.48434232479173	9	176	34.0909090909091	0.704980842911877	-1.0498295745893	"SD"	NA	NA
"ECK120004409"	"sgcE"	"-"	4524928	4525560	633	"MOPS1h"	10	1.80767590401629	2	123	0	0.652448657187994	-Inf	"SD"	NA	NA
"ECK120004410"	"sgcQ"	"-"	4526134	4526940	807	"MOPS1h"	9	1.27612510844867	210	357	549.019607843137	0.516728624535316	4.94101197459952	"AD"	NA	NA
"ECK120004411"	"yjhP"	"-"	4530460	4531206	747	"MOPS1h"	10	1.53180568573268	2	101	0	0.64524765729585	-Inf	"SD"	1	3.7037037037037
"ECK120004412"	"yjhQ"	"-"	4531262	4531807	546	"MOPS1h"	2	0	15	312	48.0769230769231	0.168498168498169	Inf	"AD"	NA	NA
"ECK120004415"	"nanM"	"-"	4535682	4536788	1107	"MOPS1h"	34	3.51443548385172	0	0	0	0.514001806684733	-Inf	"SD"	4	10
"ECK120004420"	"iadA"	"-"	4556377	4557549	1173	"MOPS1h"	425	41.458653885591	1	60	0	1	-Inf	"SD"	13	31.7073170731707
"ECK120004421"	"yjiG"	"-"	4557562	4558023	462	"MOPS1h"	153	37.894286499583	3	39	0	1	-Inf	"SD"	NA	NA
"ECK120004425"	"yjiK"	"-"	4560766	4561734	969	"MOPS1h"	9	1.06277911508574	11	122	65.5737704918033	0.253869969040248	0.590230122621601	"AD"	1	3.125
"ECK120004426"	"yjiL"	"-"	4561945	4562712	768	"MOPS1h"	59	8.79053020667921	2	45	0	0.848958333333333	-Inf	"SD"	1	3.7037037037037
"ECK120004427"	"yjiM"	"-"	4562722	4563873	1152	"MOPS1h"	266	26.4212546325047	1	65	0	1	-Inf	"SD"	4	9.30232558139535
"ECK120004428"	"yjiN"	"-"	4563989	4565269	1281	"MOPS1h"	32	2.8584139821822	0	0	0	0.58704137392662	-Inf	"SD"	0	0
"ECK120004433"	"yjiT"	"+"	4570437	4571954	1518	"MOPS1h"	75	5.65345280258059	1	40	0	0.878129117259552	-Inf	"SD"	NA	NA
"ECK120004434"	"symE"	"-"	4577522	4577863	342	"MOPS1h"	8	2.67662888243815	0	0	0	0.695906432748538	-Inf	"SD"	NA	NA
"ECK120004435"	"yjiX"	"-"	4586899	4587102	204	"MOPS1h"	74	41.5074287725152	0	0	0	0.906862745098039	-Inf	"SD"	NA	NA
"ECK120004444"	"yjjU"	"+"	4610434	4611507	1074	"MOPS1h"	76	8.09717620022492	8	101	0	0.973929236499069	-Inf	"SD"	NA	NA
"ECK120004450"	"cysT"	"-"	1989938	1990011	74	"MOPS1h"	1026	1586.49942874407	0	0	0	1	-Inf	"SD"	NA	NA
"ECK120004454"	""	"+"	732593	732814	222	"MOPS1h"	8	4.1234553053777	0	0	0	0.689189189189189	-Inf	"SD"	NA	NA
"ECK120004455"	"ydbA_2"	"+"	1468714	1472037	3324	"MOPS1h"	318	10.9468806685636	5	163	0	0.938026474127557	-Inf	"SD"	NA	NA
"ECK120004458"	"molR_2"	"+"	2195432	2197369	1938	"MOPS1h"	12	0.708519410057158	13	310	19.3548387096774	0.331785345717234	0.760155124063917	"AD"	NA	NA
"ECK120004459"	"molR_3"	"+"	2197344	2198291	948	"MOPS1h"	0	0	1	38	0	0	NA	"NO"	NA	NA
"ECK120004461"	"ilvG_1"	"+"	3948583	3949566	984	"MOPS1h"	1777	206.641054019267	0	0	0	1	-Inf	"SD"	NA	NA
"ECK120004465"	"dgoD"	"-"	3869873	3871021	1149	"MOPS1h"	23	2.29050944182534	0	0	0	0.583115752828547	-Inf	"SD"	NA	NA
"ECK120004466"	"rpe"	"-"	3512404	3513081	678	"MOPS1h"	375	63.2886530554375	0	0	0	1	-Inf	"SD"	15	60
"ECK120004467"	"thiM"	"-"	2182535	2183323	789	"MOPS1h"	16	2.32042351785513	1	36	0	0.615969581749049	-Inf	"SD"	0	0
"ECK120004470"	"mhpB"	"+"	369501	370445	945	"MOPS1h"	11	0	0	0	0	0.205291005291005	NA	"NO"	NA	NA
"ECK120004471"	"mhpC"	"+"	370463	371329	867	"MOPS1h"	12	1.58374926953953	7	119	0	0.463667820069204	-Inf	"SD"	NA	NA
"ECK120004472"	"mhpD"	"+"	371339	372148	810	"MOPS1h"	14	1.97773134091264	0	0	0	0.767901234567901	-Inf	"SD"	NA	NA
"ECK120004473"	"mhpF"	"+"	372145	373095	951	"MOPS1h"	20	2.40643290692389	0	0	0	0.425867507886435	-Inf	"SD"	NA	NA
"ECK120004474"	"hcaF"	"+"	2668412	2668930	519	"MOPS1h"	15	3.30710649491997	0	0	0	0.639691714836224	-Inf	"SD"	NA	NA
"ECK120004475"	"ruvA"	"-"	1943389	1944000	612	"MOPS1h"	169	31.5979975790769	0	0	0	1	-Inf	"SD"	3	13.6363636363636
"ECK120015144"	"sgcB"	"-"	4528278	4528556	279	"MOPS1h"	2	0	2	71	0	0.121863799283154	NA	"NO"	NA	NA
"ECK120015304"	"ymgF"	"+"	1218206	1218424	219	"MOPS1h"	2	0	0	0	0	0.150684931506849	NA	"NO"	NA	NA
"ECK120016284"	"ykfH"	"-"	263250	263471	222	"MOPS1h"	1	0	0	0	0	0.0045045045045045	NA	"NO"	NA	NA
"ECK120016285"	"ykgN"	"-"	279248	279586	339	"MOPS1h"	17	5.73817121035967	3	80	0	0.834808259587021	-Inf	"SD"	NA	NA
"ECK120016287"	"ylcG"	"+"	572953	573093	141	"MOPS1h"	1	0	0	0	0	0.113475177304965	NA	"NO"	NA	NA
"ECK120016289"	"ybdZ"	"+"	613165	613383	219	"MOPS1h"	3	1.56747787293467	0	0	0	0.278538812785388	-Inf	"SD"	NA	NA
"ECK120016292"	"ybfQ"	"+"	735668	735922	255	"MOPS1h"	0	0	0	0	0	0	NA	"NO"	NA	NA
"ECK120016293"	"cydX"	"+"	773419	773532	114	"MOPS1h"	439	440.640029771381	0	0	0	1	-Inf	"SD"	NA	NA
"ECK120016296"	"ymgH"	"+"	1222688	1222909	222	"MOPS1h"	1	0	1	100	0	0.175675675675676	NA	"NO"	NA	NA
"ECK120016297"	"ymjB"	"+"	1379813	1379926	114	"MOPS1h"	0	0	0	0	0	0	NA	"NO"	NA	NA
"ECK120016301"	"rzoR"	"+"	1421424	1421609	186	"MOPS1h"	0	0	3	130	0	0	NA	"NO"	NA	NA
"ECK120016310"	"yehK"	"+"	2201994	2202311	318	"MOPS1h"	0	0	0	0	0	0	NA	"NO"	NA	NA
"ECK120016312"	"arnE"	"+"	2370579	2370914	336	"MOPS1h"	8	2.72442582676741	3	148	0	0.675595238095238	-Inf	"SD"	NA	NA
"ECK120016313"	"ypdJ"	"+"	2474116	2474256	141	"MOPS1h"	4	3.24612438933989	3	123	0	0.645390070921986	-Inf	"SD"	NA	NA
"ECK120016316"	"ypjJ"	"+"	2774899	2775099	201	"MOPS1h"	4	2.27713203431306	0	0	0	0.323383084577114	-Inf	"SD"	NA	NA
"ECK120016318"	"yheV"	"-"	3476614	3476814	201	"MOPS1h"	96	54.6511688235133	0	0	0	1	-Inf	"SD"	1	12.5
"ECK120016322"	"yidD"	"+"	3882839	3883096	258	"MOPS1h"	125	55.4388976377088	1	58	0	1	-Inf	"SD"	NA	NA
"ECK120016323"	"yifL"	"+"	3992545	3992748	204	"MOPS1h"	201	112.743151125345	1	72	0	1	-Inf	"SD"	0	0
"ECK120016327"	"ytjA"	"+"	4610133	4610312	180	"MOPS1h"	19	12.0782878320022	0	0	0	1	-Inf	"SD"	NA	NA
"ECK120016545"	"efeU_2"	"+"	1080677	1081408	732	"MOPS1h"	6	0.937917087903533	1	57	0	0.479508196721311	-Inf	"SD"	NA	NA
"ECK120016922"	"ymiA"	"+"	1333184	1333312	129	"MOPS1h"	52	46.1251628345738	0	0	0	1	-Inf	"SD"	NA	NA
"ECK120016923"	"yciX"	"+"	1333315	1333482	168	"MOPS1h"	113	76.9650296061792	0	0	0	1	-Inf	"SD"	NA	NA
"ECK120016925"	"yjhW"	"+"	4507574	4507816	243	"MOPS1h"	10	4.70888414503009	0	0	0	0.806584362139918	-Inf	"SD"	NA	NA
"ECK120023909"	"insEF-3"	"+"	566056	567227	1172	"MOPS1h"	2	0	0	0	0	0.0307167235494881	NA	"NO"	NA	NA
"ECK120023913"	"insAB-2"	"-"	278402	279099	698	"MOPS1h"	0	0	0	0	0	0	NA	"NO"	NA	NA
"ECK120023915"	"insAB-5"	"-"	1976542	1977239	698	"MOPS1h"	0	0	0	0	0	0	NA	"NO"	NA	NA
"ECK120023916"	"insAB-6"	"+"	3581506	3582203	698	"MOPS1h"	0	0	1	75	0	0	NA	"NO"	NA	NA
"ECK120023920"	"insCD-4"	"-"	2994394	2995667	1274	"MOPS1h"	0	0	0	0	0	0	NA	"NO"	NA	NA
"ECK120023921"	"insCD-5"	"+"	3184164	3185437	1274	"MOPS1h"	0	0	0	0	0	0	NA	"NO"	NA	NA
"ECK120026444"	"yahH"	"+"	339017	339313	297	"MOPS1h"	0	0	0	0	0	0	NA	"NO"	NA	NA
"ECK120026445"	"ylbE_1"	"+"	547581	547841	261	"MOPS1h"	1	0	0	0	0	0.157088122605364	NA	"NO"	NA	NA
"ECK120026451"	"wbbL_2"	"-"	2099420	2099701	282	"MOPS1h"	34	13.7960286546945	3	139	0	0.833333333333333	-Inf	"SD"	NA	NA
"ECK120026454"	"yrhC"	"+"	3621910	3622155	246	"MOPS1h"	0	0	0	0	0	0	NA	"NO"	NA	NA
"ECK120026458"	"insB-7_1"	"+"	4516744	4517037	294	"MOPS1h"	5	1.946018447691	0	0	0	0.472789115646259	-Inf	"SD"	NA	NA
"ECK120029856"	"uof"	"-"	709862	709948	87	"MOPS1h"	132	173.611687167799	0	0	0	1	-Inf	"SD"	NA	NA
"ECK120030068"	"ylcH"	"+"	571591	571692	102	"MOPS1h"	2	2.24364479851433	2	100	0	0.656862745098039	-Inf	"SD"	NA	NA
"ECK120030072"	"appX"	"+"	1039668	1039760	93	"MOPS1h"	15	18.4557878587469	0	0	0	1	-Inf	"SD"	NA	NA
"ECK120030075"	"yciZ"	"-"	1342460	1342633	174	"MOPS1h"	418	274.885171349015	29	444	65.3153153153153	1	-5.56663237245575	"SD"	NA	NA
"ECK120030077"	"ydgU"	"+"	1669801	1669884	84	"MOPS1h"	0	0	3	100	0	0	NA	"NO"	NA	NA
"ECK120030086"	"yrhD"	"+"	3582427	3582582	156	"MOPS1h"	1	0.733499261052763	0	0	0	0.352564102564103	-Inf	"SD"	NA	NA
"ECK120030091"	"ytcA"	"-"	4302151	4302426	276	"MOPS1h"	0	0	0	0	0	0	NA	"NO"	NA	NA
"ECK120033231"	"ykfL"	"-"	265777	265998	222	"MOPS1h"	2	1.03086382634442	1	100	0	0.315315315315315	-Inf	"SD"	NA	NA
"ECK120033232"	"ykfK"	"-"	266000	266191	192	"MOPS1h"	0	0	0	0	0	0	NA	"NO"	NA	NA
"ECK120035075"	"ibsA"	"-"	2151373	2151432	60	"MOPS1h"	4	7.62839231494874	239	530	450.943396226415	0.833333333333333	2.6475596722381	"AD"	NA	NA
"ECK120048853"	"ilvX"	"+"	3948530	3948580	51	"MOPS1h"	744	1669.27173009466	0	0	0	1	-Inf	"SD"	NA	NA
"ECK120048855"	"yoeI"	"-"	2085076	2085138	63	"MOPS1h"	12	21.7954066141392	0	0	0	1	-Inf	"SD"	NA	NA
"ECK120048857"	"ymjD"	"-"	1388892	1388957	66	"MOPS1h"	2	3.46745105224943	0	0	0	0.651515151515151	-Inf	"SD"	NA	NA
"ECK120048863"	"yrbN"	"-"	3305875	3305955	81	"MOPS1h"	469	662.539999205733	0	0	0	1	-Inf	"SD"	NA	NA
"ECK120048868"	"yqfG"	"+"	3030839	3030964	126	"MOPS1h"	2	1.8162838845116	0	0	0	0.579365079365079	-Inf	"SD"	NA	NA
"ECK125121987"	"rpsP5"	"-"	2744205	2744454	250	"MOPS1h"	658	301.168928594176	0	0	0	1	-Inf	"SD"	NA	NA
"ECK125121997"	"fimA3"	"+"	4541230	4541277	48	"MOPS1h"	575	1370.72674409235	0	0	0	1	-Inf	"SD"	NA	NA
"ECK125121999"	"spy3"	"-"	1823084	1823131	48	"MOPS1h"	20	47.6774519684296	0	0	0	1	-Inf	"SD"	NA	NA
"ECK125122001"	"rpsI3"	"-"	3375389	3375473	85	"MOPS1h"	330	444.241670105838	0	0	0	1	-Inf	"SD"	NA	NA
"ECK125122003"	"glnA3"	"-"	4054007	4054201	195	"MOPS1h"	52	30.5135692597949	2	46	0	1	-Inf	"SD"	NA	NA
"ECK125122010"	"ryeF"	"-"	1956157	1956543	387	"MOPS1h"	13	0	0	0	0	0.155038759689922	NA	"NO"	NA	NA
"ECK125135293"	""	"+"	1298697	1298951	255	"MOPS1h"	159	71.3479045927558	0	0	0	0.843137254901961	-Inf	"SD"	NA	NA
"ECK125135299"	""	"-"	2276280	2276520	241	"MOPS1h"	4	1.89918480870093	0	0	0	0.651452282157676	-Inf	"SD"	NA	NA
"ECK125135311"	""	"-"	4439248	4439353	106	"MOPS1h"	15	16.1923421779572	8	244	32.7868852459016	1	-3.33916787239648	"SD"	NA	NA
"ECK125145757"	"esrE"	"+"	4018001	4018252	252	"MOPS1h"	61	27.698329238802	0	0	0	1	-Inf	"SD"	NA	NA
"ECK125146691"	"nc1"	"-"	296361	296528	168	"MOPS1h"	1	0.681106456691852	22	257	85.6031128404669	0.392857142857143	2.69155131006489	"AD"	NA	NA
"ECK125158035"	"agrB"	"+"	3646317	3646400	84	"MOPS1h"	62	84.4572006297896	1	69	0	0.654761904761905	-Inf	"SD"	NA	NA
