"RegDbId"	"Gene"	"Strand"	"Start"	"End"	"Length"	"Sample"	"mRNARaw"	"mRNATPM"	"asRNARaw"	"asRNALen"	"asRNARPK"	"mRNACoverage"	"Gamma"	"TrMode"	"PeptideRaw"	"NPPH"
"ECK120000001"	"alr"	"+"	4263805	4264884	1080	"M-P1h"	738	40.7806195110854	0	0	0	1	-Inf	"SD"	4	10.2564102564103
"ECK120000002"	"modB"	"+"	795085	795774	690	"M-P1h"	258	22.3147398385155	1	72	0	1	-Inf	"SD"	NA	NA
"ECK120000005"	"dcuB"	"-"	4345427	4346767	1341	"M-P1h"	53	2.3586760889262	4	66	0	0.756152125279642	-Inf	"SD"	NA	NA
"ECK120000006"	"hisM"	"-"	2422539	2423255	717	"M-P1h"	89	7.40784801813778	23	574	40.0696864111498	1	-0.687420638923078	"SD"	NA	NA
"ECK120000008"	"rhsE"	"+"	1525914	1527962	2049	"M-P1h"	31	0.902902692456986	1	40	0	0.268911664226452	-Inf	"SD"	NA	NA
"ECK120000010"	"cydC"	"-"	926697	928418	1722	"M-P1h"	1054	36.5282340143486	14	185	0	1	-Inf	"SD"	9	14.2857142857143
"ECK120000011"	"mepM"	"-"	1938337	1939659	1323	"M-P1h"	1010	45.5598979107309	5	208	0	1	-Inf	"SD"	NA	NA
"ECK120000013"	"rodZ"	"-"	2639853	2640866	1014	"M-P1h"	2084	122.653789956851	19	370	32.4324324324324	1	-5.67541359726961	"SD"	5	13.8888888888889
"ECK120000014"	"garL"	"-"	3270809	3271579	771	"M-P1h"	93	7.19862885931659	4	103	0	1	-Inf	"SD"	13	48.1481481481481
"ECK120000019"	"aceA"	"+"	4215132	4216436	1305	"M-P1h"	9590	438.560292807748	10	217	0	1	-Inf	"SD"	110	229.166666666667
"ECK120000020"	"aceB"	"+"	4213501	4215102	1602	"M-P1h"	6959	259.242103934999	36	808	44.5544554455446	1	-5.17015933093792	"SD"	35	58.3333333333333
"ECK120000021"	"aceE"	"+"	123017	125680	2664	"M-P1h"	22253	498.511934728732	24	638	21.9435736677116	1	-7.47605740678231	"SD"	229	229
"ECK120000022"	"aceF"	"+"	125695	127587	1893	"M-P1h"	9348	294.706220238589	1	83	0	1	-Inf	"SD"	171	259.090909090909
"ECK120000026"	"ada"	"-"	2307363	2308427	1065	"M-P1h"	79	4.42688964806011	3	53	0	0.886384976525822	-Inf	"SD"	NA	NA
"ECK120000029"	"adk"	"+"	496399	497043	645	"M-P1h"	1394	128.980564035061	3	145	0	1	-Inf	"SD"	42	175
"ECK120000031"	"alaS"	"-"	2817403	2820033	2631	"M-P1h"	4948	112.235450866786	4	101	0	1	-Inf	"SD"	67	69.7916666666667
"ECK120000033"	"puuC"	"+"	1360767	1362254	1488	"M-P1h"	91	3.64972106167267	1	72	0	0.942876344086022	-Inf	"SD"	0	0
"ECK120000034"	"alkB"	"-"	2306713	2307363	651	"M-P1h"	44	4.03360067098518	1	38	0	0.918586789554531	-Inf	"SD"	NA	NA
"ECK120000035"	"amn"	"+"	2053085	2054539	1455	"M-P1h"	6825	279.937368029327	22	203	54.1871921182266	1	-6.99145674697723	"SD"	6	11.1111111111111
"ECK120000036"	"ampC"	"-"	4375834	4376967	1134	"M-P1h"	61	3.21024363166371	19	324	52.4691358024691	0.900352733686067	0.0828519559140862	"AD"	3	7.14285714285714
"ECK120000041"	"ansA"	"+"	1848884	1849900	1017	"M-P1h"	615	36.0890438151198	81	763	98.2961992136304	1	-1.26659841858882	"SD"	6	16.2162162162162
"ECK120000042"	"ansB"	"-"	3097704	3098750	1047	"M-P1h"	455	25.9349806101668	43	307	71.6612377850163	1	-2.55932386223355	"SD"	12	32.4324324324324
"ECK120000043"	"apaG"	"-"	51229	51606	378	"M-P1h"	325	51.311271161838	12	209	33.4928229665072	1	-5.19577703435274	"SD"	NA	NA
"ECK120000047"	"apt"	"+"	490636	491187	552	"M-P1h"	392	42.3807074452425	1	43	0	1	-Inf	"SD"	33	165
"ECK120000048"	"araA"	"-"	66835	68337	1503	"M-P1h"	37	1.46914261419615	8	176	34.0909090909091	0.819028609447771	-0.291940043707022	"SD"	NA	NA
"ECK120000051"	"araD"	"-"	65855	66550	696	"M-P1h"	4	0.34298250219584	1	56	0	0.307471264367816	-Inf	"SD"	NA	NA
"ECK120000052"	"araE"	"-"	2978786	2980204	1419	"M-P1h"	257	10.8086621093683	3	113	0	1	-Inf	"SD"	NA	NA
"ECK120000054"	"araG"	"-"	1981579	1983093	1515	"M-P1h"	37	1.4575058410144	75	254	106.299212598425	0.815181518151815	1.88945774217924	"AD"	NA	NA
"ECK120000055"	"araH"	"-"	1980578	1981567	990	"M-P1h"	84	5.0636689415095	73	980	63.265306122449	1	1.29208512985949	"AD"	NA	NA
"ECK120000058"	"arcB"	"-"	3348711	3351047	2337	"M-P1h"	2686	68.5912170116631	11	116	0	1	-Inf	"SD"	13	14.7727272727273
"ECK120000060"	"argB"	"+"	4154039	4154812	774	"M-P1h"	120	9.25255122202732	1	56	0	1	-Inf	"SD"	9	33.3333333333333
"ECK120000063"	"argF"	"-"	288525	289529	1005	"M-P1h"	149	8.84792472828792	0	0	0	0.992039800995025	-Inf	"SD"	12	32.4324324324324
"ECK120000068"	"argT"	"-"	2425031	2425813	783	"M-P1h"	152	11.5851867408373	1	75	0	1	-Inf	"SD"	9	32.1428571428571
"ECK120000069"	"aroA"	"+"	958035	959318	1284	"M-P1h"	2219	103.136761676657	35	339	100.294985250737	1	-3.92288009653997	"SD"	4	8.69565217391304
"ECK120000070"	"aroB"	"-"	3515420	3516508	1089	"M-P1h"	1529	83.7916646273596	1	75	0	1	-Inf	"SD"	9	23.0769230769231
"ECK120000071"	"aroC"	"-"	2444410	2445495	1086	"M-P1h"	1032	56.7114935122492	2	48	0	1	-Inf	"SD"	11	28.2051282051282
"ECK120000072"	"aroD"	"+"	1772710	1773468	759	"M-P1h"	219	17.2196195371208	1	69	0	0.998682476943347	-Inf	"SD"	2	7.40740740740741
"ECK120000073"	"aroE"	"-"	3428042	3428860	819	"M-P1h"	810	59.0231426855699	1	75	0	1	-Inf	"SD"	6	20.6896551724138
"ECK120000076"	"aroH"	"+"	1786459	1787505	1047	"M-P1h"	979	55.8029582798975	17	203	39.4088669950739	1	-5.12419779538849	"SD"	4	10.2564102564103
"ECK120000077"	"aroK"	"-"	3516565	3517086	522	"M-P1h"	2898	331.321097121182	0	0	0	1	-Inf	"SD"	20	100
"ECK120000078"	"aroL"	"+"	405629	406153	525	"M-P1h"	498	56.6097519624266	132	890	148.314606741573	1	-1.10051267287174	"SD"	5	26.3157894736842
"ECK120000079"	"aroM"	"+"	406652	407329	678	"M-P1h"	254	22.3576027537572	0	0	0	1	-Inf	"SD"	NA	NA
"ECK120000088"	"asnB"	"-"	696736	698400	1665	"M-P1h"	5770	206.81535889164	7	145	0	1	-Inf	"SD"	19	30.1587301587302
"ECK120000090"	"asnS"	"-"	986808	988208	1401	"M-P1h"	4736	201.741279578525	73	806	73.2009925558313	1	-4.09564754855189	"SD"	31	58.4905660377358
"ECK120000094"	"atpA"	"-"	3916339	3917880	1542	"M-P1h"	6080	235.310018627123	30	252	71.4285714285714	1	-6.0304220296892	"SD"	87	158.181818181818
"ECK120000095"	"atpB"	"-"	3919259	3920074	816	"M-P1h"	4247	310.608484690782	75	441	117.913832199546	1	-4.90044180595041	"SD"	NA	NA
"ECK120000096"	"atpC"	"-"	3913576	3913995	420	"M-P1h"	1555	220.954227664592	2	103	0	1	-Inf	"SD"	4	26.6666666666667
"ECK120000097"	"atpD"	"-"	3914016	3915398	1383	"M-P1h"	6683	288.383556629368	14	251	27.8884462151394	1	-7.68641826835666	"SD"	123	246
"ECK120000098"	"atpE"	"-"	3918973	3919212	240	"M-P1h"	3892	967.793726446003	1	100	0	1	-Inf	"SD"	NA	NA
"ECK120000099"	"atpF"	"-"	3918441	3918911	471	"M-P1h"	3329	421.807308846989	0	0	0	1	-Inf	"SD"	18	105.882352941176
"ECK120000100"	"atpG"	"-"	3915425	3916288	864	"M-P1h"	3701	255.638673459565	3	189	0	1	-Inf	"SD"	15	46.875
"ECK120000101"	"atpH"	"-"	3917893	3918426	534	"M-P1h"	2362	263.973207139446	1	64	0	1	-Inf	"SD"	10	52.6315789473684
"ECK120000102"	"atpI"	"-"	3920083	3920463	381	"M-P1h"	522	81.7648680037895	23	548	41.970802919708	1	-4.15177532573515	"SD"	NA	NA
"ECK120000104"	"bcp"	"+"	2598500	2598970	471	"M-P1h"	1528	193.60816098474	18	411	29.1970802919708	1	-6.33396155041741	"SD"	10	55.5555555555556
"ECK120000105"	"betA"	"-"	324801	326471	1671	"M-P1h"	130	4.64288701356667	6	166	0	0.809694793536804	-Inf	"SD"	NA	NA
"ECK120000106"	"betB"	"-"	326485	327957	1473	"M-P1h"	89	3.60585677461289	3	100	0	0.926680244399185	-Inf	"SD"	2	3.77358490566038
"ECK120000110"	"bglB"	"-"	3900312	3901724	1413	"M-P1h"	10	0.422356372130759	4	124	0	0.359518754423213	-Inf	"SD"	NA	NA
"ECK120000111"	"bglF"	"-"	3901743	3903620	1878	"M-P1h"	8	0	121	412	155.339805825243	0.222577209797657	Inf	"AD"	NA	NA
"ECK120000112"	"bglG"	"-"	3903754	3904590	837	"M-P1h"	27	1.9251275929702	0	0	0	0.531660692951015	-Inf	"SD"	NA	NA
"ECK120000115"	"bioC"	"+"	810745	811500	756	"M-P1h"	28	2.21033168081764	7	110	0	0.902116402116402	-Inf	"SD"	NA	NA
"ECK120000117"	"bioF"	"+"	809604	810758	1155	"M-P1h"	39	2.01513355835582	3	100	0	0.903030303030303	-Inf	"SD"	NA	NA
"ECK120000123"	"btuC"	"-"	1792196	1793176	981	"M-P1h"	385	23.4214045077465	4	139	0	1	-Inf	"SD"	NA	NA
"ECK120000124"	"btuD"	"-"	1790833	1791582	750	"M-P1h"	440	35.0116538241514	1	70	0	1	-Inf	"SD"	NA	NA
"ECK120000125"	"btuE"	"-"	1791582	1792133	552	"M-P1h"	433	46.8133834790562	4	176	0	1	-Inf	"SD"	5	25
"ECK120000127"	"cadA"	"-"	4354493	4356640	2148	"M-P1h"	38	1.05577295368664	69	798	48.8721804511278	0.518621973929236	2.88517451068847	"AD"	NA	NA
"ECK120000128"	"cadB"	"-"	4356720	4358054	1335	"M-P1h"	7	0	2	100	0	0.242696629213483	NA	"NO"	NA	NA
"ECK120000129"	"cadC"	"-"	4358419	4359957	1539	"M-P1h"	49	1.90010969052744	17	460	32.6086956521739	0.680311890838207	0.658879795105926	"AD"	NA	NA
"ECK120000130"	"carA"	"+"	29651	30799	1149	"M-P1h"	128	6.64830834543582	5	225	0	0.978241949521323	-Inf	"SD"	2	4.8780487804878
"ECK120000131"	"carB"	"+"	30817	34038	3222	"M-P1h"	438	8.11278164411837	18	269	33.457249070632	0.968963376784606	-2.17219975216789	"SD"	27	22.8813559322034
"ECK120000133"	"cdd"	"+"	2229866	2230750	885	"M-P1h"	6954	468.934978222552	3	107	0	1	-Inf	"SD"	65	203.125
"ECK120000135"	"cdsA"	"+"	195677	196534	858	"M-P1h"	933	64.8956472861039	2	62	0	1	-Inf	"SD"	NA	NA
"ECK120000136"	"chbB"	"-"	1819323	1819643	321	"M-P1h"	63	11.7126921777907	0	0	0	1	-Inf	"SD"	2	18.1818181818182
"ECK120000137"	"chbC"	"-"	1817880	1819238	1359	"M-P1h"	68	2.98614346282648	4	100	0	0.928623988226637	-Inf	"SD"	NA	NA
"ECK120000138"	"chbA"	"-"	1817479	1817829	351	"M-P1h"	94	15.9823983074506	0	0	0	1	-Inf	"SD"	NA	NA
"ECK120000139"	"chbR"	"-"	1816629	1817471	843	"M-P1h"	231	16.3533080584337	0	0	0	1	-Inf	"SD"	NA	NA
"ECK120000140"	"chbF"	"-"	1815172	1816524	1353	"M-P1h"	205	9.04226596698125	0	0	0	0.955654101995565	-Inf	"SD"	NA	NA
"ECK120000142"	"cheA"	"-"	1971384	1973348	1965	"M-P1h"	2008	60.9849070774601	2	100	0	1	-Inf	"SD"	23	32.3943661971831
"ECK120000143"	"cheB"	"-"	1965476	1966525	1050	"M-P1h"	520	29.5552921892187	0	0	0	1	-Inf	"SD"	3	8.10810810810811
"ECK120000144"	"cheR"	"-"	1966528	1967388	861	"M-P1h"	587	40.6870462360961	0	0	0	1	-Inf	"SD"	NA	NA
"ECK120000145"	"cheW"	"-"	1970860	1971363	504	"M-P1h"	1005	119.002678886878	0	0	0	1	-Inf	"SD"	5	27.7777777777778
"ECK120000146"	"cheY"	"-"	1965072	1965461	390	"M-P1h"	1232	188.524289822354	0	0	0	1	-Inf	"SD"	6	42.8571428571429
"ECK120000147"	"cheZ"	"-"	1964417	1965061	645	"M-P1h"	896	82.9028589493648	0	0	0	1	-Inf	"SD"	12	50
"ECK120000153"	"clpB"	"-"	2729622	2732195	2574	"M-P1h"	4913	113.909365886612	34	388	46.3917525773196	1	-4.9837456568036	"SD"	93	96.875
"ECK120000154"	"clpP"	"+"	455901	456524	624	"M-P1h"	2523	241.298084020799	2	116	0	1	-Inf	"SD"	8	34.7826086956522
"ECK120000155"	"clpX"	"+"	456650	457924	1275	"M-P1h"	5201	243.443330935042	16	282	46.0992907801418	1	-6.54893054542449	"SD"	20	43.4782608695652
"ECK120000157"	"cpsB"	"-"	2121108	2122544	1437	"M-P1h"	186	7.7246247049869	2	56	0	0.729297146833681	-Inf	"SD"	NA	NA
"ECK120000158"	"cpsG"	"-"	2119633	2121003	1371	"M-P1h"	101	4.39648030167009	7	194	0	0.971553610503282	-Inf	"SD"	NA	NA
"ECK120000163"	"cstA"	"+"	629117	631222	2106	"M-P1h"	941	26.6656680980692	11	198	0	1	-Inf	"SD"	15	20
"ECK120000164"	"lnt"	"-"	688566	690104	1539	"M-P1h"	671	26.0198694355901	56	371	75.4716981132076	1	-2.21611499052997	"SD"	10	17.5438596491228
"ECK120000165"	"cvpA"	"-"	2428297	2428785	489	"M-P1h"	596	72.7375407110786	4	278	0	1	-Inf	"SD"	NA	NA
"ECK120000168"	"cydA"	"+"	770681	772249	1569	"M-P1h"	30114	1145.42515129117	3	100	0	1	-Inf	"SD"	25	43.1034482758621
"ECK120000169"	"cydB"	"+"	772265	773404	1140	"M-P1h"	19437	1017.5261892644	2	100	0	1	-Inf	"SD"	NA	NA
"ECK120000170"	"cynS"	"+"	358713	359183	471	"M-P1h"	37	4.68815573065142	16	288	45.1388888888889	0.75583864118896	-0.850508870590671	"SD"	NA	NA
"ECK120000173"	"cyoA"	"-"	449887	450834	948	"M-P1h"	1641	103.305027196189	3	35	0	1	-Inf	"SD"	32	91.4285714285714
"ECK120000174"	"cyoB"	"-"	447874	449865	1992	"M-P1h"	2740	82.0885229653057	12	282	0	1	-Inf	"SD"	12	16.2162162162162
"ECK120000175"	"cyoC"	"-"	447270	447884	615	"M-P1h"	1580	153.321543908424	13	476	16.8067226890756	1	-6.58234471555347	"SD"	NA	NA
"ECK120000176"	"cyoD"	"-"	446941	447270	330	"M-P1h"	765	138.346669294813	8	476	16.8067226890756	1	-6.43407219604979	"SD"	NA	NA
"ECK120000177"	"cyoE"	"-"	446039	446929	891	"M-P1h"	1982	132.753860344865	2	73	0	1	-Inf	"SD"	NA	NA
"ECK120000178"	"cysA"	"-"	2537739	2538836	1098	"M-P1h"	1105	60.0594223107416	1	100	0	1	-Inf	"SD"	14	34.1463414634146
"ECK120000179"	"cysB"	"+"	1331879	1332853	975	"M-P1h"	1638	100.260645041888	25	330	33.3333333333333	1	-5.51010808708233	"SD"	17	47.2222222222222
"ECK120000180"	"cysC"	"-"	2871409	2872014	606	"M-P1h"	523	51.5051050574684	5	223	0	1	-Inf	"SD"	NA	NA
"ECK120000183"	"cysG"	"+"	3495850	3497223	1374	"M-P1h"	751	32.6192834730271	14	313	22.3642172523962	1	-4.54222635935416	"SD"	0	0
"ECK120000184"	"cysH"	"-"	2885600	2886334	735	"M-P1h"	1445	117.328014322585	0	0	0	1	-Inf	"SD"	5	17.8571428571429
"ECK120000185"	"cysI"	"-"	2886409	2888121	1713	"M-P1h"	1724	60.0621827663161	1	78	0	1	-Inf	"SD"	24	37.5
"ECK120000187"	"cysK"	"+"	2530431	2531402	972	"M-P1h"	6047	371.274324275118	28	426	61.0328638497653	1	-6.15783011462027	"SD"	103	302.941176470588
"ECK120000189"	"cysN"	"-"	2872014	2873441	1428	"M-P1h"	1437	60.0550832521313	2	100	0	1	-Inf	"SD"	16	30.188679245283
"ECK120000190"	"cysP"	"-"	2540534	2541550	1017	"M-P1h"	1351	79.2785336491495	6	271	0	1	-Inf	"SD"	30	78.9473684210526
"ECK120000192"	"cysU"	"-"	2539701	2540534	834	"M-P1h"	460	32.9164502107375	0	0	0	1	-Inf	"SD"	7	23.3333333333333
"ECK120000193"	"cysW"	"-"	2538826	2539701	876	"M-P1h"	877	59.7470820434713	5	175	0	1	-Inf	"SD"	NA	NA
"ECK120000194"	"cytR"	"-"	4121454	4122479	1026	"M-P1h"	659	38.3318046752322	19	297	26.9360269360269	1	-4.58239811211659	"SD"	NA	NA
"ECK120000195"	"dacA"	"-"	661975	663186	1212	"M-P1h"	1321	65.0461221614874	8	99	0	1	-Inf	"SD"	17	38.6363636363636
"ECK120000198"	"dam"	"-"	3513099	3513935	837	"M-P1h"	336	23.9571433791847	41	698	58.7392550143266	1	-1.54676007832593	"SD"	NA	NA
"ECK120000200"	"dapB"	"+"	28374	29195	822	"M-P1h"	280	20.3285979403666	0	0	0	1	-Inf	"SD"	7	24.1379310344828
"ECK120000201"	"dapD"	"-"	185123	185947	825	"M-P1h"	3457	250.072907582833	37	481	70.6860706860707	1	-5.20067021059448	"SD"	38	126.666666666667
"ECK120000202"	"dapE"	"+"	2589629	2590756	1128	"M-P1h"	565	29.8923845663768	6	211	0	1	-Inf	"SD"	7	17.0731707317073
"ECK120000203"	"dapF"	"+"	3992785	3993609	825	"M-P1h"	1316	95.1969761003786	6	313	0	1	-Inf	"SD"	5	16.6666666666667
"ECK120000205"	"dcm"	"-"	2028923	2030341	1419	"M-P1h"	603	25.3604017585567	7	127	0	1	-Inf	"SD"	NA	NA
"ECK120000208"	"ddlB"	"+"	102233	103153	921	"M-P1h"	1831	118.64513279542	0	0	0	1	-Inf	"SD"	3	9.09090909090909
"ECK120000209"	"deaD"	"-"	3303993	3305882	1890	"M-P1h"	37196	1174.50710285276	20	195	61.5384615384615	1	-8.93480531692891	"SD"	10	14.0845070422535
"ECK120000210"	"dedA"	"-"	2432104	2432763	660	"M-P1h"	1054	95.3054832919824	13	439	25.0569476082005	1	-5.4369837914697	"SD"	NA	NA
"ECK120000211"	"accD"	"-"	2431034	2431948	915	"M-P1h"	2659	173.427696569334	0	0	0	1	-Inf	"SD"	7	21.2121212121212
"ECK120000212"	"dedD"	"-"	2429044	2429706	663	"M-P1h"	658	59.2288878452582	0	0	0	1	-Inf	"SD"	NA	NA
"ECK120000213"	"deoA"	"+"	4616252	4617574	1323	"M-P1h"	2423	109.298646175942	10	245	28.5714285714286	1	-6.28670489383067	"SD"	61	129.787234042553
"ECK120000214"	"deoB"	"+"	4617626	4618849	1224	"M-P1h"	3900	190.153534305635	1	100	0	1	-Inf	"SD"	46	104.545454545455
"ECK120000216"	"deoD"	"+"	4618906	4619625	720	"M-P1h"	1355	112.312478531546	5	167	0	1	-Inf	"SD"	102	392.307692307692
"ECK120000221"	"dicB"	"+"	1647633	1647821	189	"M-P1h"	0	0	3	101	0	0	NA	"NO"	NA	NA
"ECK120000224"	"dksA"	"-"	160149	160604	456	"M-P1h"	2116	276.931292957178	0	0	0	1	-Inf	"SD"	11	61.1111111111111
"ECK120000226"	"dmsA"	"+"	940182	942626	2445	"M-P1h"	3168	77.3263520042607	25	116	137.931034482759	1	-4.59481634295561	"SD"	NA	NA
"ECK120000227"	"dmsB"	"+"	942637	943254	618	"M-P1h"	584	56.3956471571724	2	100	0	1	-Inf	"SD"	NA	NA
"ECK120000231"	"dnaC"	"-"	4598261	4598998	738	"M-P1h"	465	37.6025938383001	1	77	0	1	-Inf	"SD"	2	7.14285714285714
"ECK120000232"	"dnaE"	"+"	205126	208608	3483	"M-P1h"	2587	44.3265740951568	14	200	40	1	-4.79202805381361	"SD"	10	7.69230769230769
"ECK120000233"	"dnaG"	"+"	3209129	3210874	1746	"M-P1h"	1512	51.6807448669526	8	230	0	1	-Inf	"SD"	1	1.51515151515152
"ECK120000234"	"dnaJ"	"+"	14168	15298	1131	"M-P1h"	728	38.4140402459341	0	0	0	1	-Inf	"SD"	8	19.5121951219512
"ECK120000236"	"dnaN"	"-"	3879244	3880344	1101	"M-P1h"	1496	81.0896614455823	13	173	46.242774566474	1	-5.66337417903887	"SD"	2	4.8780487804878
"ECK120000238"	"dnaT"	"-"	4599001	4599540	540	"M-P1h"	368	40.6701029270445	9	187	48.1283422459893	1	-4.49789983027947	"SD"	NA	NA
"ECK120000239"	"dnaX"	"+"	491316	493247	1932	"M-P1h"	1092	33.7315834768257	8	217	0	1	-Inf	"SD"	NA	NA
"ECK120000241"	"acpS"	"-"	2698640	2699020	381	"M-P1h"	251	39.316057220213	0	0	0	1	-Inf	"SD"	NA	NA
"ECK120000242"	"dppA"	"-"	3704121	3705728	1608	"M-P1h"	5844	216.892919933367	69	691	81.0419681620839	1	-4.27541232228257	"SD"	14	23.3333333333333
"ECK120000245"	"dut"	"+"	3811955	3812410	456	"M-P1h"	1674	219.084586205254	5	141	0	1	-Inf	"SD"	10	62.5
"ECK120000246"	"ebgA"	"+"	3220655	3223747	3093	"M-P1h"	17	0.328012363884674	37	137	80.2919708029197	0.350468800517297	2.74568142276062	"AD"	NA	NA
"ECK120000247"	"ebgC"	"+"	3223744	3224193	450	"M-P1h"	5	0.663099504245292	1	36	0	0.466666666666667	-Inf	"SD"	NA	NA
"ECK120000251"	"edd"	"-"	1930817	1932628	1812	"M-P1h"	1306	43.0136400270373	1	100	0	1	-Inf	"SD"	NA	NA
"ECK120000253"	"entA"	"+"	627774	628520	747	"M-P1h"	26	2.07717916992501	8	100	0	0.783132530120482	-Inf	"SD"	NA	NA
"ECK120000254"	"entB"	"+"	626917	627774	858	"M-P1h"	12	0.834670704644423	0	0	0	0.615384615384615	-Inf	"SD"	NA	NA
"ECK120000257"	"entE"	"+"	625293	626903	1611	"M-P1h"	7	0.259312655291455	4	178	0	0.371818746120422	-Inf	"SD"	2	3.38983050847458
"ECK120000258"	"entF"	"+"	613380	617261	3882	"M-P1h"	45	0.691796237041069	17	191	0	0.597114889232354	-Inf	"SD"	3	2.11267605633803
"ECK120000259"	"lpxC"	"+"	106557	107474	918	"M-P1h"	11863	771.210727339401	1	100	0	1	-Inf	"SD"	NA	NA
"ECK120000261"	"acrF"	"+"	3413055	3416159	3105	"M-P1h"	104	1.99890865047856	32	394	35.5329949238579	0.803864734299517	0.486214284308758	"AD"	NA	NA
"ECK120000262"	"envY"	"-"	585370	586131	762	"M-P1h"	15	1.17478258626134	28	713	18.2328190743338	0.677165354330709	1.1461178373103	"AD"	NA	NA
"ECK120000264"	"era"	"-"	2700503	2701408	906	"M-P1h"	862	56.7806396681564	5	217	0	1	-Inf	"SD"	2	5.88235294117647
"ECK120000265"	"exbB"	"-"	3149272	3150006	735	"M-P1h"	73	5.92729760937628	7	287	0	0.907482993197279	-Inf	"SD"	2	7.69230769230769
"ECK120000270"	"accC"	"+"	3403939	3405288	1350	"M-P1h"	2834	125.281599668744	3	100	0	1	-Inf	"SD"	17	34.6938775510204
"ECK120000271"	"fabH"	"+"	1147982	1148935	954	"M-P1h"	2708	169.403156367571	3	117	0	1	-Inf	"SD"	15	44.1176470588235
"ECK120000276"	"fbaA"	"-"	3068187	3069266	1080	"M-P1h"	19317	1067.42442695886	9	139	0	1	-Inf	"SD"	46	117.948717948718
"ECK120000279"	"fdhF"	"-"	4295242	4297389	2148	"M-P1h"	541	15.030872840644	21	387	46.5116279069767	1	-2.06185997711469	"SD"	NA	NA
"ECK120000280"	"fecA"	"-"	4512376	4514700	2325	"M-P1h"	92	2.36148984737678	6	101	0	0.556989247311828	-Inf	"SD"	5	5.88235294117647
"ECK120000281"	"fecB"	"-"	4511429	4512331	903	"M-P1h"	70	4.62627561101366	6	68	0	0.992248062015504	-Inf	"SD"	6	18.1818181818182
"ECK120000282"	"fecC"	"-"	4510434	4511432	999	"M-P1h"	14	0.836341717066133	0	0	0	0.529529529529529	-Inf	"SD"	NA	NA
"ECK120000283"	"fecD"	"-"	4509481	4510437	957	"M-P1h"	18	1.12248818900457	4	100	0	0.640543364681296	-Inf	"SD"	NA	NA
"ECK120000286"	"fecR"	"-"	4514787	4515740	954	"M-P1h"	7	0.437895899029909	6	215	0	0.330188679245283	-Inf	"SD"	NA	NA
"ECK120000292"	"fepG"	"-"	619419	620411	993	"M-P1h"	1	0	3	125	0	0.040281973816717	NA	"NO"	NA	NA
"ECK120000296"	"fhuA"	"+"	167484	169727	2244	"M-P1h"	288	7.65933117203118	93	635	85.0393700787402	0.647058823529412	0.495740988614351	"AD"	NA	NA
"ECK120000298"	"fhuC"	"+"	169778	170575	798	"M-P1h"	52	3.88885423542351	0	0	0	0.99749373433584	-Inf	"SD"	1	3.44827586206897
"ECK120000299"	"fhuD"	"+"	170575	171465	891	"M-P1h"	38	2.54523042033546	0	0	0	0.888888888888889	-Inf	"SD"	NA	NA
"ECK120000301"	"fic"	"-"	3488883	3489485	603	"M-P1h"	76	7.52172571979734	2	100	0	1	-Inf	"SD"	NA	NA
"ECK120000302"	"fimA"	"+"	4541138	4541686	549	"M-P1h"	7610	827.243807755192	3	74	0	1	-Inf	"SD"	NA	NA
"ECK120000304"	"fimC"	"+"	4542327	4543052	726	"M-P1h"	1365	112.206300408449	0	0	0	1	-Inf	"SD"	3	11.1111111111111
"ECK120000305"	"fimD"	"+"	4543119	4545755	2637	"M-P1h"	1089	24.6455754308233	17	417	28.7769784172662	1	-3.36022235484679	"SD"	NA	NA
"ECK120000306"	"fimE"	"+"	4540060	4540656	597	"M-P1h"	51	5.09820221856933	0	0	0	0.83249581239531	-Inf	"SD"	NA	NA
"ECK120000307"	"fimF"	"+"	4545765	4546295	531	"M-P1h"	236	26.5239801698117	0	0	0	1	-Inf	"SD"	NA	NA
"ECK120000308"	"fimG"	"+"	4546308	4546811	504	"M-P1h"	145	17.1695407349227	6	130	46.1538461538462	1	-3.83874513850946	"SD"	NA	NA
"ECK120000310"	"lpxD"	"+"	200971	201996	1026	"M-P1h"	4845	281.817289304249	11	154	0	1	-Inf	"SD"	9	25
"ECK120000311"	"fis"	"+"	3409293	3409589	297	"M-P1h"	3711	745.685533410387	0	0	0	1	-Inf	"SD"	NA	NA
"ECK120000312"	"fldA"	"-"	710158	710688	531	"M-P1h"	850	95.5312845099149	5	115	0	1	-Inf	"SD"	9	45
"ECK120000313"	"flhC"	"-"	1975290	1975868	579	"M-P1h"	1027	105.85541826838	6	100	0	1	-Inf	"SD"	NA	NA
"ECK120000314"	"flhD"	"-"	1975871	1976221	351	"M-P1h"	561	95.3843133029766	13	362	35.9116022099448	1	-5.19716849487874	"SD"	NA	NA
"ECK120000316"	"fliL"	"+"	2017642	2018106	465	"M-P1h"	309	39.6576284151861	8	379	0	1	-Inf	"SD"	2	11.7647058823529
"ECK120000317"	"fliM"	"+"	2018111	2019115	1005	"M-P1h"	1231	73.0992975873989	18	438	22.8310502283105	1	-5.1917856382464	"SD"	9	23.6842105263158
"ECK120000318"	"fliN"	"+"	2019112	2019525	414	"M-P1h"	604	87.0678479487296	1	92	0	1	-Inf	"SD"	NA	NA
"ECK120000319"	"fnr"	"-"	1396798	1397550	753	"M-P1h"	3418	270.893319383714	42	701	55.6348074179743	1	-5.11810688085756	"SD"	5	17.8571428571429
"ECK120000321"	"folC"	"-"	2429696	2430964	1269	"M-P1h"	1077	50.649515324268	9	234	29.9145299145299	1	-5.17704973136109	"SD"	12	26.6666666666667
"ECK120000325"	"frdB"	"-"	4377806	4378540	735	"M-P1h"	1577	128.04586753406	0	0	0	1	-Inf	"SD"	14	51.8518518518519
"ECK120000326"	"frdC"	"-"	4377400	4377795	396	"M-P1h"	1493	225.00171814505	1	100	0	1	-Inf	"SD"	NA	NA
"ECK120000327"	"frdD"	"-"	4377030	4377389	360	"M-P1h"	552	91.5077315858502	2	100	0	1	-Inf	"SD"	NA	NA
"ECK120000329"	"frr"	"+"	192872	193429	558	"M-P1h"	6572	702.885474500009	0	0	0	1	-Inf	"SD"	16	76.1904761904762
"ECK120000330"	"fruA"	"-"	2257741	2259432	1692	"M-P1h"	6752	238.151481524692	7	173	34.6820809248555	1	-7.63270130758168	"SD"	5	8.62068965517241
"ECK120000331"	"fruK"	"-"	2259449	2260387	939	"M-P1h"	5746	365.191988951448	2	100	0	1	-Inf	"SD"	2	5.88235294117647
"ECK120000332"	"cra"	"+"	88028	89032	1005	"M-P1h"	1984	117.813977590089	3	164	0	1	-Inf	"SD"	13	34.2105263157895
"ECK120000333"	"ftsA"	"+"	103982	105244	1263	"M-P1h"	3466	163.774552141153	0	0	0	1	-Inf	"SD"	5	11.1111111111111
"ECK120000334"	"ftsE"	"-"	3600102	3600770	669	"M-P1h"	789	70.3837007420899	2	100	0	1	-Inf	"SD"	4	16.6666666666667
"ECK120000335"	"ftsI"	"+"	91413	93179	1767	"M-P1h"	1412	47.6891256363846	16	144	55.5555555555556	1	-4.89751652143516	"SD"	NA	NA
"ECK120000336"	"ftsQ"	"+"	103155	103985	831	"M-P1h"	2468	177.241470376612	1	68	0	1	-Inf	"SD"	NA	NA
"ECK120000338"	"ftsW"	"+"	98403	99647	1245	"M-P1h"	726	34.8007402468975	2	91	0	1	-Inf	"SD"	NA	NA
"ECK120000339"	"ftsX"	"-"	3599051	3600109	1059	"M-P1h"	595	33.5306689823752	13	216	41.6666666666667	1	-4.21941245547625	"SD"	4	10.2564102564103
"ECK120000341"	"ftsZ"	"+"	105305	106456	1152	"M-P1h"	9685	501.728023329348	1	96	0	1	-Inf	"SD"	46	115
"ECK120000343"	"fucI"	"+"	2933606	2935381	1776	"M-P1h"	77	2.58743218717335	11	161	49.6894409937888	0.829954954954955	-0.693449147060393	"SD"	6	9.23076923076923
"ECK120000344"	"fucK"	"+"	2935460	2936908	1449	"M-P1h"	186	7.66065265774064	8	289	24.2214532871972	1	-2.4520404822091	"SD"	NA	NA
"ECK120000348"	"fucU"	"+"	2936910	2937332	423	"M-P1h"	165	23.2790251490368	0	0	0	1	-Inf	"SD"	NA	NA
"ECK120000350"	"fumB"	"-"	4343703	4345349	1647	"M-P1h"	178	6.44982031451704	14	428	21.0280373831776	0.989071038251366	-1.84126206251333	"SD"	NA	NA
"ECK120000353"	"fusA"	"-"	3469422	3471536	2115	"M-P1h"	45223	1276.05739916957	5	126	0	1	-Inf	"SD"	349	447.435897435897
"ECK120000354"	"gabT"	"+"	2790757	2792037	1281	"M-P1h"	56	2.60891608227656	1	48	0	0.712724434035909	-Inf	"SD"	NA	NA
"ECK120000355"	"galE"	"-"	790262	791278	1017	"M-P1h"	328	19.2474900347306	4	162	0	1	-Inf	"SD"	12	32.4324324324324
"ECK120000356"	"galK"	"-"	788054	789202	1149	"M-P1h"	1280	66.4830834543582	42	991	41.372351160444	1	-3.01929148033876	"SD"	10	24.390243902439
"ECK120000358"	"galS"	"-"	2238650	2239690	1041	"M-P1h"	49	2.80909588253769	1	100	0	0.881844380403458	-Inf	"SD"	NA	NA
"ECK120000359"	"galT"	"-"	789206	790252	1047	"M-P1h"	347	19.7789852125888	47	991	41.372351160444	1	-1.27027259374497	"SD"	2	5
"ECK120000361"	"epd"	"-"	3070694	3071713	1020	"M-P1h"	9163	536.115949182318	25	394	43.1472081218274	1	-7.30086649860924	"SD"	3	8.10810810810811
"ECK120000363"	"ispG"	"-"	2638708	2639826	1119	"M-P1h"	2360	125.864463540393	8	304	26.3157894736842	1	-6.29765529598841	"SD"	14	34.1463414634146
"ECK120000364"	"gcvH"	"-"	3047182	3047571	390	"M-P1h"	3778	578.120752393549	0	0	0	1	-Inf	"SD"	NA	NA
"ECK120000368"	"mnmG"	"-"	3921767	3923656	1890	"M-P1h"	1736	54.8162256842774	9	131	0	1	-Inf	"SD"	12	17.1428571428571
"ECK120000369"	"rsmG"	"-"	3921080	3921703	624	"M-P1h"	236	22.5708869714263	65	722	90.0277008310249	1	-0.795951490186738	"SD"	2	8.69565217391304
"ECK120000370"	"glgA"	"-"	3564623	3566056	1434	"M-P1h"	4452	185.279434700839	6	161	0	1	-Inf	"SD"	NA	NA
"ECK120000371"	"glgB"	"-"	3569339	3571525	2187	"M-P1h"	4331	118.184524810138	7	100	0	1	-Inf	"SD"	NA	NA
"ECK120000372"	"glgC"	"-"	3566056	3567351	1296	"M-P1h"	3642	167.708916282038	8	161	0	1	-Inf	"SD"	3	6.12244897959184
"ECK120000374"	"glgX"	"-"	3567369	3569342	1974	"M-P1h"	1814	54.8417553511075	17	262	34.3511450381679	1	-4.92920593734541	"SD"	0	0
"ECK120000375"	"glmS"	"-"	3909862	3911691	1830	"M-P1h"	2401	78.3000939193252	32	438	47.9452054794521	1	-4.22055280499585	"SD"	52	77.6119402985075
"ECK120000378"	"glnG"	"-"	4051892	4053301	1410	"M-P1h"	828	35.0455142243682	4	219	0	1	-Inf	"SD"	NA	NA
"ECK120000379"	"glnH"	"-"	846481	847227	747	"M-P1h"	4113	328.593766380829	5	116	0	1	-Inf	"SD"	34	125.925925925926
"ECK120000380"	"glnL"	"-"	4053313	4054362	1050	"M-P1h"	889	50.5281822234912	25	653	38.2848392036753	1	-3.33708827921716	"SD"	2	5.12820512820513
"ECK120000381"	"glnP"	"-"	845683	846342	660	"M-P1h"	2387	215.838888631842	0	0	0	1	-Inf	"SD"	NA	NA
"ECK120000382"	"glnQ"	"-"	844964	845686	723	"M-P1h"	2316	191.17076163885	9	133	0	1	-Inf	"SD"	14	51.8518518518519
"ECK120000383"	"glnS"	"+"	705316	706980	1665	"M-P1h"	4099	146.921344210889	6	145	0	1	-Inf	"SD"	24	38.0952380952381
"ECK120000385"	"glpB"	"+"	2352287	2353546	1260	"M-P1h"	9099	430.967313509136	2	100	0	1	-Inf	"SD"	9	20
"ECK120000386"	"glpC"	"+"	2353543	2354733	1191	"M-P1h"	6597	330.564289383339	6	124	0	1	-Inf	"SD"	2	4.54545454545455
"ECK120000390"	"glpG"	"-"	3558645	3559475	831	"M-P1h"	255	18.3130368500956	0	0	0	1	-Inf	"SD"	2	6.45161290322581
"ECK120000391"	"glpK"	"-"	4113737	4115245	1509	"M-P1h"	112	4.42945195678763	23	423	44.9172576832151	0.941020543406229	-0.221128790802931	"SD"	NA	NA
"ECK120000396"	"gltB"	"+"	3352654	3357207	4554	"M-P1h"	12635	165.578305062041	18	154	0	1	-Inf	"SD"	93	57.0552147239264
"ECK120000397"	"gltD"	"+"	3357220	3358638	1419	"M-P1h"	6308	265.295877766129	14	238	37.8151260504202	1	-7.20346154200324	"SD"	8	15.3846153846154
"ECK120000402"	"glyQ"	"-"	3722430	3723341	912	"M-P1h"	2286	149.590013161652	5	126	0	1	-Inf	"SD"	27	77.1428571428571
"ECK120000404"	"gnd"	"-"	2097886	2099292	1407	"M-P1h"	5665	240.285204150293	8	131	0	1	-Inf	"SD"	52	101.960784313725
"ECK120000411"	"gshA"	"-"	2812905	2814461	1557	"M-P1h"	2271	87.0461834763617	17	318	31.4465408805031	1	-5.44370913945609	"SD"	9	15.5172413793103
"ECK120000412"	"gshB"	"+"	3089900	3090850	951	"M-P1h"	1210	75.9322145239876	13	427	25.7611241217799	1	-5.10913665537969	"SD"	14	38.8888888888889
"ECK120000417"	"gyrB"	"-"	3875728	3878142	2415	"M-P1h"	3266	80.7086825167126	25	421	42.7553444180523	1	-4.48665507311184	"SD"	41	45.5555555555556
"ECK120000418"	"hdhA"	"-"	1695297	1696064	768	"M-P1h"	271	21.0585897246649	1	100	0	1	-Inf	"SD"	3	11.1111111111111
"ECK120000423"	"hemD"	"-"	3987111	3987851	741	"M-P1h"	982	79.088710101483	9	226	26.5486725663717	1	-6.0423654540033	"SD"	NA	NA
"ECK120000426"	"hemX"	"-"	3985908	3987089	1182	"M-P1h"	1048	52.9133208463756	3	100	0	1	-Inf	"SD"	4	9.30232558139535
"ECK120000427"	"hemY"	"-"	3984709	3985905	1197	"M-P1h"	747	37.2432578700175	7447	657	11322.6788432268	1	5.32005751377749	"AD"	3	6.66666666666667
"ECK120000428"	"hflC"	"+"	4401323	4402327	1005	"M-P1h"	3226	191.566477674207	9	272	25.7352941176471	1	-7.09627448774735	"SD"	15	39.4736842105263
"ECK120000429"	"hflK"	"+"	4400061	4401320	1260	"M-P1h"	2779	131.62525159269	1	65	0	1	-Inf	"SD"	21	45.6521739130435
"ECK120000430"	"hflX"	"+"	4398695	4399975	1281	"M-P1h"	3041	141.673460825054	0	0	0	1	-Inf	"SD"	9	18.75
"ECK120000431"	"hfq"	"+"	4398311	4398619	309	"M-P1h"	1181	228.093353741851	3	154	0	1	-Inf	"SD"	39	354.545454545455
"ECK120000432"	"hha"	"-"	479314	479532	219	"M-P1h"	409	111.455218042325	3	129	0	1	-Inf	"SD"	NA	NA
"ECK120000433"	"ihfA"	"-"	1793277	1793576	300	"M-P1h"	5620	1117.98576415756	1	86	0	1	-Inf	"SD"	5	45.4545454545455
"ECK120000434"	"ihfB"	"+"	963051	963335	285	"M-P1h"	6345	1328.64200666412	2	100	0	1	-Inf	"SD"	4	36.3636363636364
"ECK120000435"	"hipB"	"-"	1590200	1590466	267	"M-P1h"	51	11.399351028037	17	362	46.9613259668508	1	-1.7453450417492	"SD"	NA	NA
"ECK120000436"	"hipA"	"-"	1588878	1590200	1323	"M-P1h"	100	4.51088098126049	5	176	0	0.894935752078609	-Inf	"SD"	NA	NA
"ECK120000437"	"hisA"	"+"	2093149	2093886	738	"M-P1h"	982	79.4102089230337	5	172	0	1	-Inf	"SD"	7	26.9230769230769
"ECK120000438"	"hisB"	"+"	2091492	2092559	1068	"M-P1h"	1775	99.1855297782634	3	100	0	1	-Inf	"SD"	8	20
"ECK120000439"	"hisC"	"+"	2090422	2091492	1071	"M-P1h"	1236	68.8731922056454	4	235	0	1	-Inf	"SD"	7	17.9487179487179
"ECK120000440"	"hisD"	"+"	2089121	2090425	1305	"M-P1h"	1008	46.096848295121	7	185	0	1	-Inf	"SD"	3	6.52173913043478
"ECK120000441"	"hisF"	"+"	2093868	2094644	777	"M-P1h"	1809	138.943668321977	6	104	0	1	-Inf	"SD"	5	17.8571428571429
"ECK120000442"	"hisG"	"+"	2088216	2089115	900	"M-P1h"	661	43.8308772306138	0	0	0	1	-Inf	"SD"	13	39.3939393939394
"ECK120000443"	"hisH"	"+"	2092559	2093149	591	"M-P1h"	598	60.3858127216271	2	100	0	1	-Inf	"SD"	4	18.1818181818182
"ECK120000445"	"hisP"	"-"	2421758	2422531	774	"M-P1h"	102	7.86466853872323	1	100	0	0.934108527131783	-Inf	"SD"	6	20.6896551724138
"ECK120000446"	"hisS"	"-"	2637323	2638597	1275	"M-P1h"	5063	236.983961646629	3	164	0	1	-Inf	"SD"	15	31.9148936170213
"ECK120000447"	"truA"	"-"	2432846	2433658	813	"M-P1h"	2348	172.35693387099	2	100	0	1	-Inf	"SD"	4	13.3333333333333
"ECK120000448"	"hlpA"	"+"	200482	200967	486	"M-P1h"	3083	378.580698442265	0	0	0	1	-Inf	"SD"	23	127.777777777778
"ECK120000451"	"hsdM"	"-"	4579482	4581071	1590	"M-P1h"	594	22.2951569163228	20	349	51.5759312320917	1	-2.63066154190233	"SD"	11	18.6440677966102
"ECK120000453"	"hsdS"	"-"	4578091	4579485	1395	"M-P1h"	210	8.98392876719427	22	592	35.472972972973	0.990681003584229	-1.09695716088641	"SD"	3	5.88235294117647
"ECK120000454"	"htpG"	"+"	494344	496218	1875	"M-P1h"	1426	45.3878348665817	12	223	0	1	-Inf	"SD"	75	105.633802816901
"ECK120000456"	"degP"	"+"	180884	182308	1425	"M-P1h"	646	27.0544597732079	6	103	0	1	-Inf	"SD"	21	42.8571428571429
"ECK120000459"	"hupA"	"+"	4198304	4198576	273	"M-P1h"	5879	1285.17428092024	2	99	0	1	-Inf	"SD"	9	90
"ECK120000460"	"hupB"	"+"	460675	460947	273	"M-P1h"	9766	2134.88893136028	0	0	0	1	-Inf	"SD"	25	277.777777777778
"ECK120000462"	"hyaB"	"+"	1032477	1034270	1794	"M-P1h"	62	2.06248340785325	6	72	0	0.779821627647715	-Inf	"SD"	NA	NA
"ECK120000463"	"hyaC"	"+"	1034289	1034996	708	"M-P1h"	21	1.77013850709548	3	114	0	0.594632768361582	-Inf	"SD"	NA	NA
"ECK120000464"	"hyaD"	"+"	1034993	1035580	588	"M-P1h"	49	4.97324628183969	0	0	0	0.967687074829932	-Inf	"SD"	NA	NA
"ECK120000465"	"hyaE"	"+"	1035577	1035975	399	"M-P1h"	15	2.24356975120587	2	35	0	0.964912280701754	-Inf	"SD"	NA	NA
"ECK120000466"	"hyaF"	"+"	1035972	1036829	858	"M-P1h"	19	1.32156194902034	0	0	0	0.750582750582751	-Inf	"SD"	NA	NA
"ECK120000468"	"hycB"	"-"	2847260	2847871	612	"M-P1h"	1	0	1	100	0	0.0800653594771242	NA	"NO"	NA	NA
"ECK120000469"	"hycC"	"-"	2845437	2847263	1827	"M-P1h"	6	0	2	77	0	0.193212917350848	NA	"NO"	NA	NA
"ECK120000470"	"hycD"	"-"	2844511	2845434	924	"M-P1h"	4	0	5	113	0	0.183982683982684	NA	"NO"	NA	NA
"ECK120000471"	"hycE"	"-"	2842784	2844493	1710	"M-P1h"	27	0.942299295506467	9	217	0	0.601754385964912	-Inf	"SD"	NA	NA
"ECK120000472"	"hycF"	"-"	2842232	2842774	543	"M-P1h"	4	0.43962398071511	3	79	0	0.36279926335175	-Inf	"SD"	NA	NA
"ECK120000473"	"hycG"	"-"	2841465	2842232	768	"M-P1h"	26	2.02038130199737	7	117	0	0.904947916666667	-Inf	"SD"	NA	NA
"ECK120000474"	"hycH"	"-"	2841058	2841468	411	"M-P1h"	64	9.29307334416759	5	194	0	1	-Inf	"SD"	NA	NA
"ECK120000477"	"hypB"	"+"	2849023	2849895	873	"M-P1h"	356	24.3364354135385	5	154	0	1	-Inf	"SD"	NA	NA
"ECK120000478"	"hypC"	"+"	2849886	2850158	273	"M-P1h"	91	19.8929851273587	2	140	0	1	-Inf	"SD"	NA	NA
"ECK120000479"	"hypD"	"+"	2850158	2851279	1122	"M-P1h"	336	17.8717727347394	36	273	106.227106227106	1	-1.62355793975799	"SD"	NA	NA
"ECK120000480"	"hypE"	"+"	2851318	2852286	969	"M-P1h"	299	18.4148685853878	8	264	26.5151515151515	1	-3.71737236944102	"SD"	NA	NA
"ECK120000485"	"ileS"	"+"	22391	25207	2817	"M-P1h"	6775	143.530324001976	5	177	0	1	-Inf	"SD"	60	57.6923076923077
"ECK120000487"	"ilvB"	"-"	3849119	3850807	1689	"M-P1h"	409	14.451564683996	13	136	0	0.984014209591474	-Inf	"SD"	12	20
"ECK120000489"	"ilvD"	"+"	3951501	3953351	1851	"M-P1h"	744	23.9876514339626	10	295	20.3389830508475	1	-4.3211856032319	"SD"	7	10.6060606060606
"ECK120000490"	"ilvE"	"+"	3950507	3951436	930	"M-P1h"	260	16.6844391390751	0	0	0	1	-Inf	"SD"	7	20.5882352941176
"ECK120000491"	"ilvG_2"	"+"	3949646	3950227	582	"M-P1h"	242	24.8149608289733	13	328	21.3414634146341	1	-4.1477114450243	"SD"	NA	NA
"ECK120000492"	"ilvH"	"+"	87357	87848	492	"M-P1h"	340	41.2415545323291	0	0	0	1	-Inf	"SD"	3	16.6666666666667
"ECK120000493"	"ilvI"	"+"	85630	87354	1725	"M-P1h"	975	33.7315834768257	6	293	0	1	-Inf	"SD"	3	4.76190476190476
"ECK120000494"	"ilvM"	"+"	3950224	3950487	264	"M-P1h"	27	6.10352952771234	1	60	0	1	-Inf	"SD"	NA	NA
"ECK120000495"	"ilvN"	"-"	3848825	3849115	291	"M-P1h"	96	19.6879028064581	0	0	0	1	-Inf	"SD"	3	27.2727272727273
"ECK120000497"	"infA"	"-"	925448	925666	219	"M-P1h"	4345	1184.04137504622	36	492	73.1707317073171	1	-7.36150687337388	"SD"	3	37.5
"ECK120000498"	"infB"	"-"	3311364	3314036	2673	"M-P1h"	11520	257.202231949689	10	302	0	1	-Inf	"SD"	105	108.247422680412
"ECK120000499"	"infC"	"-"	1798120	1798662	543	"M-P1h"	18224	2002.92685613804	0	0	0	1	-Inf	"SD"	27	128.571428571429
"ECK120000501"	"ispA"	"-"	439426	440325	900	"M-P1h"	1490	98.8018261325484	14	495	22.2222222222222	1	-5.48896227821079	"SD"	5	15.625
"ECK120000504"	"katG"	"+"	4131858	4134038	2181	"M-P1h"	6770	185.248293414331	15	236	29.6610169491525	1	-7.0478896144796	"SD"	102	127.5
"ECK120000505"	"kbl"	"-"	3789378	3790574	1197	"M-P1h"	614	30.6122628275646	0	0	0	1	-Inf	"SD"	26	60.4651162790698
"ECK120000506"	"kdpA"	"-"	726282	727955	1674	"M-P1h"	8	0.285204087847437	1	38	0	0.259259259259259	-Inf	"SD"	NA	NA
"ECK120000507"	"kdpB"	"-"	724211	726259	2049	"M-P1h"	33	0.961154479067114	6	97	0	0.698389458272328	-Inf	"SD"	NA	NA
"ECK120000508"	"kdpC"	"-"	723630	724202	573	"M-P1h"	86	8.95705089504111	1	73	0	0.68760907504363	-Inf	"SD"	NA	NA
"ECK120000509"	"kdpD"	"-"	720953	723637	2685	"M-P1h"	308	6.84585409969441	7	173	0	0.941154562383613	-Inf	"SD"	1	1.01010101010101
"ECK120000512"	"kdsB"	"+"	970075	970821	747	"M-P1h"	915	73.1007284800532	14	357	28.0112044817927	1	-5.1918138782104	"SD"	6	21.4285714285714
"ECK120000514"	"kefC"	"+"	47769	49631	1863	"M-P1h"	157	5.02930541867202	8	147	0	0.854535695115405	-Inf	"SD"	NA	NA
"ECK120000516"	"rsmA"	"-"	51609	52430	822	"M-P1h"	1130	82.0404131164795	13	209	33.4928229665072	1	-5.87283602427886	"SD"	8	26.6666666666667
"ECK120000518"	"lacI"	"-"	365652	366734	1083	"M-P1h"	115	6.33710052533589	21	351	56.980056980057	1	-0.663822901164283	"SD"	NA	NA
"ECK120000519"	"lacY"	"-"	361150	362403	1254	"M-P1h"	14	0.666272229145987	13	126	0	0.481658692185008	-Inf	"SD"	NA	NA
"ECK120000520"	"lacZ"	"-"	362455	365529	3075	"M-P1h"	110	2.13485694049704	8	265	0	0.585691056910569	-Inf	"SD"	3	2.58620689655172
"ECK120000521"	"lamB"	"+"	4245994	4247334	1341	"M-P1h"	258	11.481857187603	32	474	50.6329113924051	1	-1.25824970551322	"SD"	10	20
"ECK120000522"	"lepA"	"-"	2703347	2705146	1800	"M-P1h"	1879	62.2981984238451	4	97	0	1	-Inf	"SD"	20	29.8507462686567
"ECK120000523"	"lepB"	"-"	2702357	2703331	975	"M-P1h"	960	58.7608176069674	1	100	0	1	-Inf	"SD"	NA	NA
"ECK120000526"	"lexA"	"+"	4255138	4255746	609	"M-P1h"	1927	188.836366208967	1	70	0	1	-Inf	"SD"	4	18.1818181818182
"ECK120000527"	"ligA"	"-"	2526183	2528198	2016	"M-P1h"	461	13.6468246186196	5	167	0	0.992559523809524	-Inf	"SD"	13	17.5675675675676
"ECK120000529"	"livF"	"-"	3590747	3591460	714	"M-P1h"	47	3.92844664279774	0	0	0	0.889355742296919	-Inf	"SD"	3	11.5384615384615
"ECK120000530"	"livG"	"-"	3591462	3592229	768	"M-P1h"	142	11.0343901878318	0	0	0	1	-Inf	"SD"	1	3.57142857142857
"ECK120000531"	"livH"	"-"	3593500	3594426	927	"M-P1h"	127	8.17608126593709	0	0	0	1	-Inf	"SD"	NA	NA
"ECK120000534"	"livM"	"-"	3592226	3593503	1278	"M-P1h"	184	8.59227526627702	0	0	0	0.996087636932707	-Inf	"SD"	1	2.17391304347826
"ECK120000535"	"lon"	"+"	458112	460466	2355	"M-P1h"	3243	82.1821028892031	7	161	0	1	-Inf	"SD"	41	47.1264367816092
"ECK120000538"	"lpxA"	"+"	202560	203348	789	"M-P1h"	2714	205.283504318067	3	62	0	1	-Inf	"SD"	2	7.14285714285714
"ECK120000539"	"lpxB"	"+"	203348	204496	1149	"M-P1h"	1000	51.9399089487174	6	181	0	1	-Inf	"SD"	1	2.38095238095238
"ECK120000541"	"lspA"	"+"	25207	25701	495	"M-P1h"	535	64.5014972311329	1	100	0	1	-Inf	"SD"	1	5.55555555555556
"ECK120000543"	"lysC"	"-"	4229907	4231256	1350	"M-P1h"	1036	45.7980724265415	3	95	0	1	-Inf	"SD"	3	6.12244897959184
"ECK120000548"	"malF"	"-"	4241554	4243098	1545	"M-P1h"	111	4.28761427016858	13	328	24.390243902439	0.983171521035599	-1.42210321627397	"SD"	7	12.280701754386
"ECK120000549"	"malG"	"-"	4240649	4241539	891	"M-P1h"	60	4.01878487421389	1	100	0	0.961840628507295	-Inf	"SD"	NA	NA
"ECK120000552"	"malM"	"+"	4247577	4248497	921	"M-P1h"	84	5.44303176123171	37	508	47.244094488189	0.943539630836048	-0.181376048681866	"SD"	5	15.625
"ECK120000557"	"malY"	"+"	1698981	1700153	1173	"M-P1h"	316	16.0771951412925	5	267	0	1	-Inf	"SD"	1	2.27272727272727
"ECK120000561"	"manY"	"+"	1901106	1901906	801	"M-P1h"	27061	2016.19502071706	48	666	61.5615615615616	1	-7.94179556824022	"SD"	4	14.2857142857143
"ECK120000562"	"manZ"	"+"	1901919	1902770	852	"M-P1h"	31743	2223.46136231602	45	666	61.5615615615616	1	-8.08296770974024	"SD"	14	45.1612903225806
"ECK120000564"	"mazE"	"-"	2909113	2909361	249	"M-P1h"	235	56.323512107582	2	93	0	1	-Inf	"SD"	NA	NA
"ECK120000565"	"mazG"	"-"	2907916	2908707	792	"M-P1h"	368	27.7296156320758	1	65	0	1	-Inf	"SD"	NA	NA
"ECK120000566"	"mcrA"	"+"	1209569	1210402	834	"M-P1h"	129	9.23091755909812	1	47	0	1	-Inf	"SD"	NA	NA
"ECK120000567"	"mcrB"	"-"	4575981	4577360	1380	"M-P1h"	121	5.23272000089219	17	201	39.8009950248756	0.957246376811594	-1.70948915832466	"SD"	NA	NA
"ECK120000572"	"menD"	"-"	2375611	2377281	1671	"M-P1h"	365	13.0357981534757	1	100	0	0.980251346499102	-Inf	"SD"	3	4.91803278688525
"ECK120000573"	"mepA"	"-"	2443582	2444406	825	"M-P1h"	500	36.169063867925	2	97	0	1	-Inf	"SD"	NA	NA
"ECK120000578"	"metF"	"+"	4130639	4131529	891	"M-P1h"	92	6.16213680712796	8	252	27.7777777777778	0.787878787878788	-2.13800388519308	"SD"	40	121.212121212121
"ECK120000583"	"metL"	"+"	4127858	4130290	2433	"M-P1h"	302	7.40774538651337	8	180	0	0.9724619810933	-Inf	"SD"	20	22.4719101123596
"ECK120000585"	"mglA"	"-"	2235791	2237311	1521	"M-P1h"	25	0.98091642639836	20	284	66.9014084507042	0.616699539776463	1.95379728867776	"AD"	13	23.2142857142857
"ECK120000586"	"mglB"	"-"	2237372	2238370	999	"M-P1h"	81	4.83883422016834	6	220	0	0.881881881881882	-Inf	"SD"	56	155.555555555556
"ECK120000588"	"miaA"	"+"	4397275	4398225	951	"M-P1h"	1593	99.9669568072003	0	0	0	1	-Inf	"SD"	6	17.1428571428571
"ECK120000590"	"minD"	"-"	1223772	1224584	813	"M-P1h"	3948	289.806292556503	22	429	39.6270396270396	1	-6.41341036384663	"SD"	29	96.6666666666667
"ECK120000592"	"groL"	"+"	4369048	4370694	1647	"M-P1h"	2789	101.059263242629	11	198	0	1	-Inf	"SD"	289	507.017543859649
"ECK120000594"	"motA"	"-"	1974276	1975163	888	"M-P1h"	1662	111.696423248886	0	0	0	1	-Inf	"SD"	6	18.75
"ECK120000595"	"motB"	"-"	1973353	1974279	927	"M-P1h"	1189	76.5461466551118	6	146	0	1	-Inf	"SD"	2	5.88235294117647
"ECK120000596"	"mprA"	"+"	2808792	2809322	531	"M-P1h"	465	52.2612321142476	8	255	0	1	-Inf	"SD"	6	28.5714285714286
"ECK120000597"	"mraY"	"+"	96002	97084	1083	"M-P1h"	804	44.3045984553918	0	0	0	1	-Inf	"SD"	NA	NA
"ECK120000598"	"mrcB"	"+"	164730	167264	2535	"M-P1h"	1358	31.9700281691754	14	412	26.6990291262136	1	-3.86114458643233	"SD"	9	9.57446808510638
"ECK120000599"	"mrdA"	"-"	665539	667440	1902	"M-P1h"	705	22.1207484460377	13	479	22.964509394572	1	-3.32982477050389	"SD"	1	1.40845070422535
"ECK120000600"	"mrdB"	"-"	664424	665536	1113	"M-P1h"	476	25.5230752577433	6	129	0	1	-Inf	"SD"	NA	NA
"ECK120000601"	"mreB"	"-"	3398066	3399109	1044	"M-P1h"	1327	75.8562967356467	1	37	0	1	-Inf	"SD"	16	43.2432432432432
"ECK120000602"	"mreC"	"-"	3396897	3398000	1104	"M-P1h"	823	44.4889314125442	4	73	0	1	-Inf	"SD"	4	10
"ECK120000603"	"mreD"	"-"	3396409	3396897	489	"M-P1h"	243	29.656413410725	4	132	0	1	-Inf	"SD"	NA	NA
"ECK120000606"	"msbA"	"+"	965844	967592	1749	"M-P1h"	2035	69.4377782747428	28	574	41.8118466898955	1	-3.8546144772264	"SD"	14	21.875
"ECK120000609"	"mtlD"	"+"	3772447	3773595	1149	"M-P1h"	2228	115.722117137742	2	85	0	1	-Inf	"SD"	7	17.0731707317073
"ECK120000611"	"mukB"	"+"	975549	980009	4461	"M-P1h"	3268	43.7190823108328	48	599	63.4390651085142	1	-2.52419179464412	"SD"	47	27.6470588235294
"ECK120000612"	"murC"	"+"	100765	102240	1476	"M-P1h"	1211	48.9642377829907	0	0	0	1	-Inf	"SD"	8	14.8148148148148
"ECK120000613"	"murD"	"+"	97087	98403	1317	"M-P1h"	1194	54.1052944010623	1	55	0	1	-Inf	"SD"	2	4.25531914893617
"ECK120000614"	"murE"	"+"	93166	94653	1488	"M-P1h"	821	32.9277032047612	3	100	0	1	-Inf	"SD"	6	11.3207547169811
"ECK120000615"	"murF"	"+"	94650	96008	1359	"M-P1h"	921	40.4446783715175	1	100	0	1	-Inf	"SD"	0	0
"ECK120000616"	"murG"	"+"	99644	100711	1068	"M-P1h"	498	27.8278275096198	2	65	0	1	-Inf	"SD"	5	13.1578947368421
"ECK120000622"	"emrE"	"+"	567538	567870	333	"M-P1h"	54	9.67766844033669	0	0	0	0.966966966966967	-Inf	"SD"	NA	NA
"ECK120000623"	"nadA"	"+"	781308	782351	1044	"M-P1h"	171	9.77500131258145	27	483	53.8302277432712	1	-0.910585272890518	"SD"	NA	NA
"ECK120000625"	"nagA"	"-"	700826	701974	1149	"M-P1h"	936	48.6157547759994	11	229	0	1	-Inf	"SD"	2	4.8780487804878
"ECK120000627"	"umpH"	"-"	698797	699549	753	"M-P1h"	738	58.4901315696843	5	132	0	1	-Inf	"SD"	9	33.3333333333333
"ECK120000629"	"nagC"	"-"	699597	700817	1221	"M-P1h"	1123	54.8889982752429	2	97	0	1	-Inf	"SD"	4	8.88888888888889
"ECK120000630"	"nanA"	"-"	3370705	3371598	894	"M-P1h"	68	4.53933888812213	4	231	0	0.969798657718121	-Inf	"SD"	16	48.4848484848485
"ECK120000631"	"narG"	"+"	1279087	1282830	3744	"M-P1h"	616	9.81897342824759	21	179	33.5195530726257	0.996260683760684	-3.03253779310594	"SD"	34	24.2857142857143
"ECK120000632"	"narH"	"+"	1282827	1284365	1539	"M-P1h"	308	11.9435466261725	14	303	33.003300330033	1	-2.57815940219493	"SD"	8	13.7931034482759
"ECK120000633"	"narI"	"+"	1285072	1285749	678	"M-P1h"	113	9.94649256367937	0	0	0	1	-Inf	"SD"	NA	NA
"ECK120000634"	"narJ"	"+"	1284362	1285072	711	"M-P1h"	103	8.64547454902089	11	303	33.003300330033	0.980309423347398	-2.11194515539204	"SD"	NA	NA
"ECK120000637"	"narV"	"-"	1533961	1534641	681	"M-P1h"	31	2.71666316717234	5	175	0	0.8928046989721	-Inf	"SD"	NA	NA
"ECK120000638"	"narW"	"-"	1534638	1535333	696	"M-P1h"	27	2.31513188982192	2	180	0	0.800287356321839	-Inf	"SD"	NA	NA
"ECK120000640"	"narY"	"-"	1535333	1536877	1545	"M-P1h"	92	3.5536983140136	3	163	0	0.893851132686084	-Inf	"SD"	NA	NA
"ECK120000641"	"narZ"	"-"	1536874	1540614	3741	"M-P1h"	167	2.66409664496304	26	190	31.5789473684211	0.936380646885859	-1.15061201391767	"SD"	NA	NA
"ECK120000642"	"ndh"	"+"	1165308	1166612	1305	"M-P1h"	3616	165.363297058688	4	67	0	1	-Inf	"SD"	18	38.2978723404255
"ECK120000643"	"ndk"	"-"	2642455	2642886	432	"M-P1h"	221	30.5302063412936	0	0	0	1	-Inf	"SD"	12	80
"ECK120000644"	"nfo"	"+"	2248862	2249719	858	"M-P1h"	507	35.2648372712269	0	0	0	1	-Inf	"SD"	3	9.67741935483871
"ECK120000645"	"nhaA"	"+"	17489	18655	1167	"M-P1h"	324	16.5689644762577	5	109	0	0.994001713796058	-Inf	"SD"	NA	NA
"ECK120000646"	"nirB"	"+"	3492033	3494576	2544	"M-P1h"	3758	88.1578279582714	17	146	54.7945205479452	1	-5.7839448688513	"SD"	NA	NA
"ECK120000647"	"nirC"	"+"	3495025	3495831	807	"M-P1h"	310	22.9250014478855	6	249	0	1	-Inf	"SD"	NA	NA
"ECK120000648"	"nirD"	"+"	3494573	3494899	327	"M-P1h"	151	27.5581720571667	1	100	0	1	-Inf	"SD"	NA	NA
"ECK120000651"	"bamC"	"-"	2595853	2596887	1035	"M-P1h"	4709	271.524831781833	5	233	0	1	-Inf	"SD"	9	24.3243243243243
"ECK120000654"	"nrdB"	"+"	2345406	2346536	1131	"M-P1h"	433	22.8479113001229	12	333	24.024024024024	1	-3.8359184734525	"SD"	10	22.7272727272727
"ECK120000655"	"nth"	"+"	1709547	1710182	636	"M-P1h"	95	8.91430937310887	45	968	44.4214876033058	1	-0.0517863710600914	"SD"	3	12.5
"ECK120000658"	"nusA"	"-"	3314061	3315548	1488	"M-P1h"	5347	214.45119249191	14	362	35.9116022099448	1	-6.36599390486509	"SD"	27	49.0909090909091
"ECK120000659"	"nusB"	"+"	434361	434780	420	"M-P1h"	1587	225.501195693702	10	217	36.8663594470046	1	-7.13891936788465	"SD"	3	18.75
"ECK120000660"	"nusG"	"+"	4175766	4176311	546	"M-P1h"	1752	191.497307379849	4	106	0	1	-Inf	"SD"	21	100
"ECK120000661"	"ogt"	"-"	1397745	1398260	516	"M-P1h"	306	35.3910084242545	10	171	46.7836257309942	1	-4.46723905998499	"SD"	NA	NA
"ECK120000664"	"ompF"	"-"	985117	986205	1089	"M-P1h"	38139	2090.07867705877	15	293	34.1296928327645	1	-10.0293415355166	"SD"	49	125.641025641026
"ECK120000667"	"oppA"	"+"	1299206	1300837	1632	"M-P1h"	45842	1676.34967685364	14	195	0	1	-Inf	"SD"	44	72.1311475409836
"ECK120000668"	"oppB"	"+"	1300923	1301843	921	"M-P1h"	4213	272.993962024633	10	243	41.1522633744856	1	-7.09272523229915	"SD"	4	12.1212121212121
"ECK120000669"	"oppC"	"+"	1301858	1302766	909	"M-P1h"	4643	304.828811704048	2	39	0	1	-Inf	"SD"	0	0
"ECK120000670"	"oppD"	"+"	1302778	1303791	1014	"M-P1h"	8789	517.276468296911	2	37	0	1	-Inf	"SD"	7	18.9189189189189
"ECK120000675"	"pabA"	"-"	3488288	3488851	564	"M-P1h"	35	3.70348127371041	0	0	0	0.939716312056738	-Inf	"SD"	NA	NA
"ECK120000677"	"pal"	"+"	778290	778811	522	"M-P1h"	6714	767.594839914291	1	64	0	1	-Inf	"SD"	3	15.7894736842105
"ECK120000678"	"panF"	"+"	3405629	3407080	1452	"M-P1h"	214	8.7956587133363	62	607	93.9044481054366	0.929752066115702	0.374170293043749	"AD"	NA	NA
"ECK120000679"	"parC"	"-"	3161737	3163995	2259	"M-P1h"	855	22.5876524354472	9	100	0	1	-Inf	"SD"	15	17.8571428571429
"ECK120000682"	"pcm"	"-"	2866915	2867541	627	"M-P1h"	217	20.6544391035256	0	0	0	1	-Inf	"SD"	3	13.0434782608696
"ECK120000683"	"pcnB"	"-"	157729	159126	1398	"M-P1h"	1127	48.1102880655221	24	430	32.5581395348837	1	-4.10284670545478	"SD"	4	7.40740740740741
"ECK120000684"	"pdxA"	"-"	52427	53416	990	"M-P1h"	493	29.7189141448117	2	100	0	1	-Inf	"SD"	1	2.85714285714286
"ECK120000685"	"pdxJ"	"-"	2699020	2699751	732	"M-P1h"	909	74.1095224621684	0	0	0	1	-Inf	"SD"	6	23.0769230769231
"ECK120000689"	"pepP"	"-"	3051537	3052862	1326	"M-P1h"	1542	69.4004141773466	1	100	0	1	-Inf	"SD"	8	16
"ECK120000691"	"pfkA"	"+"	4105575	4106537	963	"M-P1h"	8649	535.995103945563	0	0	0	1	-Inf	"SD"	23	65.7142857142857
"ECK120000693"	"pflB"	"-"	950495	952777	2283	"M-P1h"	318407	8323.34522397755	8	121	0	1	-Inf	"SD"	60	70.5882352941177
"ECK120000695"	"pgk"	"-"	3069481	3070644	1164	"M-P1h"	26907	1379.53750211815	7	161	0	1	-Inf	"SD"	211	514.634146341463
"ECK120000698"	"pgsA"	"-"	1990293	1990841	549	"M-P1h"	515	55.9829909321844	0	0	0	1	-Inf	"SD"	2	9.52380952380952
"ECK120000701"	"pheS"	"-"	1795983	1796966	984	"M-P1h"	1097	66.5323313558309	2	97	0	1	-Inf	"SD"	21	56.7567567567568
"ECK120000702"	"pheT"	"-"	1793581	1795968	2388	"M-P1h"	3797	94.8915383524889	2	96	0	1	-Inf	"SD"	38	43.6781609195402
"ECK120000704"	"yjdN"	"-"	4323321	4323764	444	"M-P1h"	20	2.68824123342686	4	99	0	0.84009009009009	-Inf	"SD"	NA	NA
"ECK120000705"	"phnC"	"-"	4322400	4323188	789	"M-P1h"	2758	208.611608293747	3	128	0	1	-Inf	"SD"	NA	NA
"ECK120000706"	"phnD"	"-"	4321359	4322375	1017	"M-P1h"	7701	451.905246211769	2	100	0	1	-Inf	"SD"	7	18.9189189189189
"ECK120000707"	"phnF"	"-"	4319720	4320445	726	"M-P1h"	785	64.5288980370934	2	136	0	1	-Inf	"SD"	2	7.14285714285714
"ECK120000708"	"phnG"	"-"	4319267	4319719	453	"M-P1h"	793	104.471107324473	0	0	0	1	-Inf	"SD"	NA	NA
"ECK120000709"	"phnH"	"-"	4318686	4319270	585	"M-P1h"	815	83.142476301525	0	0	0	1	-Inf	"SD"	NA	NA
"ECK120000710"	"phnI"	"-"	4317622	4318686	1065	"M-P1h"	472	26.4492647327136	1	50	0	0.988732394366197	-Inf	"SD"	NA	NA
"ECK120000711"	"phnJ"	"-"	4316784	4317629	846	"M-P1h"	367	25.889097665747	2	35	0	1	-Inf	"SD"	NA	NA
"ECK120000712"	"phnK"	"-"	4316029	4316787	759	"M-P1h"	386	30.3505622891718	2	77	0	1	-Inf	"SD"	NA	NA
"ECK120000713"	"phnL"	"-"	4315238	4315918	681	"M-P1h"	358	31.3730778660548	15	487	30.8008213552361	1	-3.38649266635927	"SD"	NA	NA
"ECK120000714"	"phnM"	"-"	4314105	4315241	1137	"M-P1h"	537	28.1861029377088	3	100	0	1	-Inf	"SD"	0	0
"ECK120000715"	"phnN"	"-"	4313548	4314105	558	"M-P1h"	298	31.8715568169511	0	0	0	1	-Inf	"SD"	NA	NA
"ECK120000716"	"phnO"	"-"	4313127	4313561	435	"M-P1h"	237	32.5147412081657	1	83	0	1	-Inf	"SD"	NA	NA
"ECK120000718"	"phoA"	"+"	400971	402386	1416	"M-P1h"	41037	1729.55175989708	2	163	0	1	-Inf	"SD"	28	57.1428571428571
"ECK120000721"	"creC"	"+"	4634719	4636143	1425	"M-P1h"	122	5.10935618007951	19	303	46.2046204620462	0.950175438596491	-0.867714684281413	"SD"	NA	NA
"ECK120000722"	"phoP"	"-"	1188999	1189670	672	"M-P1h"	706	62.6984263389075	130	532	240.601503759398	1	-1.29228542320802	"SD"	22	84.6153846153846
"ECK120000723"	"phoQ"	"-"	1187539	1188999	1461	"M-P1h"	649	26.5103641635643	11	236	0	1	-Inf	"SD"	NA	NA
"ECK120000724"	"phoR"	"+"	417113	418408	1296	"M-P1h"	2631	121.153805254817	28	414	45.8937198067633	1	-4.99469648955328	"SD"	0	0
"ECK120000725"	"pstS"	"-"	3908508	3909548	1041	"M-P1h"	8932	512.058049445442	19	484	26.8595041322314	1	-7.62165193709756	"SD"	56	151.351351351351
"ECK120000726"	"phoU"	"-"	3904876	3905601	726	"M-P1h"	2482	204.02640118225	1	72	0	1	-Inf	"SD"	14	51.8518518518519
"ECK120000734"	"pnp"	"-"	3307055	3309190	2136	"M-P1h"	23971	669.739812483029	11	256	27.34375	1	-8.90203009377927	"SD"	117	151.948051948052
"ECK120000738"	"polB"	"-"	63429	65780	2352	"M-P1h"	226	5.73445744742739	20	112	53.5714285714286	0.974914965986395	-2.25662258957326	"SD"	NA	NA
"ECK120000741"	"potB"	"-"	1182840	1183667	828	"M-P1h"	607	43.7501520735752	13	224	31.25	1	-4.96578929941435	"SD"	NA	NA
"ECK120000742"	"potC"	"-"	1182049	1182843	795	"M-P1h"	615	46.1667390691533	11	199	45.2261306532663	1	-4.68078502132817	"SD"	NA	NA
"ECK120000743"	"potD"	"-"	1181006	1182052	1047	"M-P1h"	1066	60.7619545723909	4	53	0	1	-Inf	"SD"	24	61.5384615384615
"ECK120000744"	"potE"	"-"	716169	717488	1320	"M-P1h"	60	2.71267979009437	2	100	0	0.778787878787879	-Inf	"SD"	NA	NA
"ECK120000745"	"poxB"	"-"	908554	910272	1719	"M-P1h"	105	3.64531141077255	7	207	0	0.821407795229785	-Inf	"SD"	NA	NA
"ECK120000747"	"ppc"	"-"	4148470	4151121	2652	"M-P1h"	12545	282.304862469135	116	1056	104.166666666667	1	-3.68167854937488	"SD"	28	28.2828282828283
"ECK120000751"	"prc"	"-"	1910792	1912840	2049	"M-P1h"	4226	123.086025107201	11	314	22.2929936305732	1	-6.45809633358169	"SD"	15	19.4805194805195
"ECK120000752"	"prfA"	"+"	1264235	1265317	1083	"M-P1h"	1123	61.8831642604539	6	104	0	1	-Inf	"SD"	4	9.75609756097561
"ECK120000753"	"prfB"	"-"	3033206	3034304	1099	"M-P1h"	3460	187.888248973598	1	100	0	1	-Inf	"SD"	17	41.4634146341463
"ECK120000755"	"priB"	"+"	4423543	4423857	315	"M-P1h"	3325	629.944529033027	43	584	73.6301369863014	1	-6.19474432490213	"SD"	NA	NA
"ECK120000757"	"secY"	"-"	3440788	3442119	1332	"M-P1h"	35079	1571.68023712301	22	500	34	1	-8.85255726528355	"SD"	17	34.6938775510204
"ECK120000758"	"proA"	"+"	260727	261980	1254	"M-P1h"	995	47.3529191428755	28	271	95.9409594095941	1	-3.18686983720348	"SD"	7	15.5555555555556
"ECK120000761"	"proS"	"-"	217057	218775	1719	"M-P1h"	1646	57.144596020301	12	135	0	1	-Inf	"SD"	59	92.1875
"ECK120000762"	"proV"	"+"	2802837	2804039	1203	"M-P1h"	224	11.112290943961	3	82	0	1	-Inf	"SD"	17	38.6363636363636
"ECK120000763"	"proW"	"+"	2804032	2805096	1065	"M-P1h"	125	7.00457222794322	16	323	24.7678018575851	0.95868544600939	-2.13022504226448	"SD"	NA	NA
"ECK120000764"	"proX"	"+"	2805154	2806146	993	"M-P1h"	112	6.73116113070749	19	514	19.4552529182879	1	-1.75085539235747	"SD"	20	55.5555555555556
"ECK120000765"	"prs"	"-"	1260151	1261098	948	"M-P1h"	4061	255.650039880392	14	168	71.4285714285714	1	-6.73499203502051	"SD"	21	61.7647058823529
"ECK120000766"	"psd"	"-"	4387415	4388383	969	"M-P1h"	796	49.0241986420358	7	220	0	1	-Inf	"SD"	5	13.8888888888889
"ECK120000768"	"pspB"	"+"	1366825	1367049	225	"M-P1h"	117	31.0330567986796	0	0	0	1	-Inf	"SD"	NA	NA
"ECK120000769"	"pspC"	"+"	1367049	1367408	360	"M-P1h"	204	33.8180747165099	4	218	0	1	-Inf	"SD"	NA	NA
"ECK120000770"	"pspD"	"+"	1367417	1367638	222	"M-P1h"	123	33.0653671711503	0	0	0	1	-Inf	"SD"	NA	NA
"ECK120000771"	"pspE"	"+"	1367713	1368027	315	"M-P1h"	876	165.964333062536	0	0	0	1	-Inf	"SD"	2	18.1818181818182
"ECK120000773"	"pstA"	"-"	3906572	3907462	891	"M-P1h"	2577	172.606810347487	0	0	0	1	-Inf	"SD"	1	3.125
"ECK120000774"	"pstB"	"-"	3905616	3906389	774	"M-P1h"	4564	351.905364811106	1	100	0	1	-Inf	"SD"	12	41.3793103448276
"ECK120000775"	"pstC"	"-"	3907462	3908421	960	"M-P1h"	3765	234.05340313908	5	135	0	1	-Inf	"SD"	NA	NA
"ECK120000777"	"ptrA"	"-"	2954018	2956906	2889	"M-P1h"	926	19.1286648265153	21	305	22.9508196721311	0.998615437867774	-3.77223744535362	"SD"	8	7.40740740740741
"ECK120000779"	"ptsH"	"+"	2531786	2532043	258	"M-P1h"	10103	2336.96312490355	0	0	0	1	-Inf	"SD"	48	533.333333333333
"ECK120000780"	"ptsI"	"+"	2532088	2533815	1728	"M-P1h"	45758	1580.31807891959	12	279	0	1	-Inf	"SD"	46	71.875
"ECK120000781"	"purA"	"+"	4402710	4404008	1299	"M-P1h"	19120	878.41541717113	22	269	48.3271375464684	1	-8.40024794199473	"SD"	52	110.63829787234
"ECK120000782"	"purC"	"-"	2594927	2595640	714	"M-P1h"	867	72.4673029639497	59	468	121.794871794872	1	-2.66829637774359	"SD"	10	37.037037037037
"ECK120000784"	"purE"	"-"	551814	552323	510	"M-P1h"	157	18.3717568529137	1	100	0	1	-Inf	"SD"	NA	NA
"ECK120000785"	"purF"	"-"	2426743	2428260	1518	"M-P1h"	582	22.8808643164482	17	254	39.3700787401575	1	-3.51606964532105	"SD"	2	3.57142857142857
"ECK120000790"	"purN"	"+"	2620256	2620894	639	"M-P1h"	255	23.815545575007	6	232	25.8620689655172	1	-4.31079728790631	"SD"	NA	NA
"ECK120000797"	"pyrC"	"-"	1120784	1121830	1047	"M-P1h"	499	28.4429787351061	3	100	0	1	-Inf	"SD"	12	30.7692307692308
"ECK120000798"	"pyrD"	"+"	1003991	1005001	1011	"M-P1h"	143	8.44123701249941	16	150	53.3333333333333	0.990108803165183	-2.39938252759097	"SD"	6	16.2162162162162
"ECK120000800"	"pyrF"	"+"	1339945	1340682	738	"M-P1h"	111	8.97610304527163	3	139	0	1	-Inf	"SD"	11	42.3076923076923
"ECK120000801"	"pyrG"	"-"	2906051	2907688	1638	"M-P1h"	7193	262.070040331669	10	344	20.3488372093023	1	-7.54838179778388	"SD"	12	20
"ECK120000802"	"pyrI"	"-"	4469009	4469470	462	"M-P1h"	168	21.701438320755	2	170	0	1	-Inf	"SD"	3	17.6470588235294
"ECK120000804"	"racC"	"-"	1415512	1415787	276	"M-P1h"	24	5.18947438105011	139	311	446.945337620579	1	2.42142455606492	"AD"	NA	NA
"ECK120000805"	"rbsA"	"+"	3931801	3933306	1506	"M-P1h"	174	6.89517811187335	3	147	0	0.9933598937583	-Inf	"SD"	5	9.09090909090909
"ECK120000806"	"rbsB"	"+"	3934301	3935191	891	"M-P1h"	902	60.4157326090155	29	416	67.3076923076923	1	-3.43142555239145	"SD"	26	83.8709677419355
"ECK120000807"	"rbsC"	"+"	3933311	3934276	966	"M-P1h"	671	41.4540155914836	0	0	0	0.960662525879917	-Inf	"SD"	NA	NA
"ECK120000808"	"rbsD"	"+"	3931374	3931793	420	"M-P1h"	331	47.0327005511125	0	0	0	1	-Inf	"SD"	NA	NA
"ECK120000809"	"rbsK"	"+"	3935317	3936246	930	"M-P1h"	235	15.0801661449332	32	416	67.3076923076923	1	-1.42915359122759	"SD"	4	12.5
"ECK120000814"	"recA"	"-"	2820730	2821791	1062	"M-P1h"	2747	154.367316793374	2	72	0	1	-Inf	"SD"	15	39.4736842105263
"ECK120000815"	"recB"	"-"	2950483	2954025	3543	"M-P1h"	720	12.1278148109215	11	174	0	0.95004233700254	-Inf	"SD"	3	2.23880597014925
"ECK120000816"	"recC"	"-"	2957082	2960450	3369	"M-P1h"	637	11.2839105308348	75	597	75.3768844221105	0.962006530127634	-0.326270225520461	"SD"	4	3.10077519379845
"ECK120000818"	"recE"	"-"	1412810	1415410	2601	"M-P1h"	159	3.64819450432531	27	235	29.7872340425532	0.938869665513264	-1.38175582199936	"SD"	NA	NA
"ECK120000819"	"recF"	"-"	3878171	3879244	1074	"M-P1h"	563	31.2842196276619	12	148	40.5405405405405	1	-4.70432880608926	"SD"	NA	NA
"ECK120000821"	"recJ"	"-"	3034395	3036128	1734	"M-P1h"	779	26.8107879138624	1	45	0	0.980968858131488	-Inf	"SD"	NA	NA
"ECK120000822"	"recN"	"+"	2749817	2751478	1662	"M-P1h"	550	19.7493534657894	29	383	46.9973890339426	1	-2.45573661291496	"SD"	NA	NA
"ECK120000823"	"recO"	"-"	2699763	2700491	729	"M-P1h"	546	44.6978184343122	4	217	0	1	-Inf	"SD"	NA	NA
"ECK120000824"	"recQ"	"+"	4003887	4005716	1830	"M-P1h"	180	5.87006118512225	7	169	0	0.973224043715847	-Inf	"SD"	NA	NA
"ECK120000825"	"recR"	"+"	493629	494234	606	"M-P1h"	695	68.4436864530412	4	151	0	1	-Inf	"SD"	NA	NA
"ECK120000826"	"relA"	"-"	2909439	2911673	2235	"M-P1h"	1239	33.0837698963725	11	151	39.7350993377483	1	-4.78501732806436	"SD"	NA	NA
"ECK120000831"	"rfe"	"+"	3965939	3967042	1104	"M-P1h"	721	38.9751148826784	20	497	38.2293762575453	1	-3.35848195173466	"SD"	NA	NA
"ECK120000836"	"rho"	"+"	3964440	3965699	1260	"M-P1h"	9515	450.670841635282	7	261	0	1	-Inf	"SD"	57	121.276595744681
"ECK120000838"	"rhsB"	"+"	3617215	3621450	4236	"M-P1h"	22	0	3	112	0	0.132672332389046	NA	"NO"	NA	NA
"ECK120000839"	"rhsC"	"+"	728806	732999	4194	"M-P1h"	63	0	0	0	0	0.234859322842155	NA	"NO"	NA	NA
"ECK120000840"	"rhsD"	"+"	522485	526765	4281	"M-P1h"	237	3.30388050118011	1	56	0	0.510161177295025	-Inf	"SD"	NA	NA
"ECK120000841"	"rimI"	"+"	4606208	4606654	447	"M-P1h"	128	17.0892758141068	0	0	0	0.991051454138702	-Inf	"SD"	NA	NA
"ECK120000843"	"rimK"	"+"	891190	892092	903	"M-P1h"	144	9.51690982837096	12	267	44.9438202247191	0.968992248062015	-1.98745879595589	"SD"	1	3.125
"ECK120000845"	"rlpA"	"-"	663325	664413	1089	"M-P1h"	535	29.3188623777877	117	1041	107.588856868396	1	-0.388330393229597	"SD"	1	2.63157894736842
"ECK120000846"	"lptE"	"-"	670828	671409	582	"M-P1h"	1485	152.2736232687	24	529	35.9168241965974	1	-5.32452283205186	"SD"	NA	NA
"ECK120000848"	"rnc"	"-"	2701405	2702085	681	"M-P1h"	529	46.3585424333603	5	192	0	1	-Inf	"SD"	5	19.2307692307692
"ECK120000852"	"rnhB"	"+"	204493	205089	597	"M-P1h"	887	88.6687327033528	0	0	0	1	-Inf	"SD"	NA	NA
"ECK120000853"	"rnpA"	"+"	3882516	3882875	360	"M-P1h"	1017	168.593048954365	0	0	0	1	-Inf	"SD"	NA	NA
"ECK120000855"	"rplA"	"+"	4176902	4177606	705	"M-P1h"	9483	802.745438139332	82	866	93.5334872979215	1	-5.63087684317047	"SD"	221	884
"ECK120000856"	"rplB"	"-"	3448565	3449386	822	"M-P1h"	12280	891.554223956078	15	251	27.8884462151394	1	-9.31475190723385	"SD"	43	143.333333333333
"ECK120000857"	"rplC"	"-"	3450319	3450948	630	"M-P1h"	17929	1698.3872873734	0	0	0	1	-Inf	"SD"	69	313.636363636364
"ECK120000858"	"rplD"	"-"	3449703	3450308	606	"M-P1h"	21877	2154.44968134271	0	0	0	1	-Inf	"SD"	27	122.727272727273
"ECK120000859"	"rplE"	"-"	3444921	3445460	540	"M-P1h"	19908	2200.16415508588	26	233	111.587982832618	1	-8.7248838292007	"SD"	44	220
"ECK120000860"	"rplF"	"-"	3443629	3444162	534	"M-P1h"	7787	870.262220150239	1	100	0	1	-Inf	"SD"	48	252.631578947368
"ECK120000862"	"rplJ"	"+"	4178019	4178516	498	"M-P1h"	10499	1258.17139067554	22	382	54.9738219895288	1	-8.22672341923865	"SD"	14	77.7777777777778
"ECK120000863"	"rplK"	"+"	4176470	4176898	429	"M-P1h"	1659	230.786449834183	81	866	93.5334872979215	1	-3.83249280328729	"SD"	13	86.6666666666667
"ECK120000864"	"rplL"	"+"	4178583	4178948	366	"M-P1h"	10535	1717.80818292397	0	0	0	1	-Inf	"SD"	79	658.333333333333
"ECK120000865"	"rplM"	"-"	3376245	3376673	429	"M-P1h"	6872	955.976180386079	1	75	0	1	-Inf	"SD"	12	75
"ECK120000866"	"rplN"	"-"	3445800	3446171	372	"M-P1h"	11630	1865.76949218695	7	108	0	1	-Inf	"SD"	10	71.4285714285714
"ECK120000867"	"rplO"	"-"	3442127	3442561	435	"M-P1h"	11755	1612.70372532484	1	69	0	1	-Inf	"SD"	11	73.3333333333333
"ECK120000868"	"rplP"	"-"	3446781	3447191	411	"M-P1h"	7084	1028.62705578255	3	139	0	1	-Inf	"SD"	13	86.6666666666667
"ECK120000869"	"rplQ"	"-"	3437638	3438021	384	"M-P1h"	9868	1533.62482216231	20	202	99.009900990099	1	-8.5827298774072	"SD"	13	92.8571428571429
"ECK120000870"	"rplR"	"-"	3443266	3443619	354	"M-P1h"	8240	1389.13726652064	0	0	0	1	-Inf	"SD"	NA	NA
"ECK120000872"	"rplT"	"-"	1797417	1797773	357	"M-P1h"	9781	1635.06964311509	4	171	0	1	-Inf	"SD"	4	30.7692307692308
"ECK120000873"	"rplV"	"-"	3447923	3448255	333	"M-P1h"	14327	2567.62881008711	5	132	0	1	-Inf	"SD"	11	91.6666666666667
"ECK120000874"	"rplW"	"-"	3449404	3449706	303	"M-P1h"	12170	2397.00622772234	4	128	0	1	-Inf	"SD"	NA	NA
"ECK120000875"	"rplX"	"-"	3445475	3445789	315	"M-P1h"	5900	1117.79630715635	6	108	0	1	-Inf	"SD"	71	645.454545454545
"ECK120000877"	"rpmB"	"-"	3809461	3809697	237	"M-P1h"	5765	1451.68429442055	0	0	0	1	-Inf	"SD"	3	33.3333333333333
"ECK120000878"	"rpmC"	"-"	3446590	3446781	192	"M-P1h"	8547	2656.64599818024	0	0	0	1	-Inf	"SD"	5	71.4285714285714
"ECK120000879"	"rpmD"	"-"	3442565	3442744	180	"M-P1h"	3739	1239.66452318657	0	0	0	1	-Inf	"SD"	5	71.4285714285714
"ECK120000881"	"rpmF"	"+"	1146590	1146763	174	"M-P1h"	3224	1105.77558707939	0	0	0	1	-Inf	"SD"	NA	NA
"ECK120000882"	"rpmG"	"-"	3809273	3809440	168	"M-P1h"	926	328.944718355968	1	75	0	1	-Inf	"SD"	NA	NA
"ECK120000884"	"rpoA"	"-"	3438062	3439051	990	"M-P1h"	40515	2442.31603768163	11	235	34.0425531914894	1	-10.5759622778661	"SD"	75	202.702702702703
"ECK120000885"	"rpoB"	"+"	4179268	4183296	4029	"M-P1h"	20554	304.453027779398	19	196	0	1	-Inf	"SD"	241	159.602649006623
"ECK120000886"	"rpoC"	"+"	4183373	4187596	4224	"M-P1h"	21962	310.291008073191	22	305	0	1	-Inf	"SD"	373	240.645161290323
"ECK120000888"	"rpoH"	"-"	3597952	3598806	855	"M-P1h"	5799	404.769897380889	1	100	0	1	-Inf	"SD"	NA	NA
"ECK120000889"	"rpoN"	"+"	3342739	3344172	1434	"M-P1h"	5447	226.688472779755	42	493	42.5963488843813	1	-5.75417789307537	"SD"	6	11.1111111111111
"ECK120000890"	"rpoZ"	"+"	3820129	3820404	276	"M-P1h"	6048	1307.74754402463	0	0	0	1	-Inf	"SD"	3	30
"ECK120000891"	"rpsA"	"+"	961218	962891	1674	"M-P1h"	28120	1002.49236878374	44	573	75.043630017452	1	-6.86503887942305	"SD"	359	588.524590163934
"ECK120000892"	"rpsB"	"+"	189874	190599	726	"M-P1h"	7838	644.302551356355	0	0	0	1	-Inf	"SD"	46	170.37037037037
"ECK120000893"	"rpsC"	"-"	3447204	3447905	702	"M-P1h"	14232	1209.90155697679	2	73	0	1	-Inf	"SD"	110	423.076923076923
"ECK120000894"	"rpsD"	"-"	3439077	3439697	621	"M-P1h"	26510	2547.6475155859	2	57	0	1	-Inf	"SD"	78	339.130434782609
"ECK120000895"	"rpsE"	"-"	3442748	3443251	504	"M-P1h"	9827	1163.62121932473	0	0	0	1	-Inf	"SD"	61	338.888888888889
"ECK120000897"	"rpsG"	"-"	3471564	3472103	540	"M-P1h"	30027	3318.48146899556	4	132	0	1	-Inf	"SD"	38	190
"ECK120000898"	"rpsH"	"-"	3444175	3444567	393	"M-P1h"	5631	855.094650779825	1	68	0	1	-Inf	"SD"	25	178.571428571429
"ECK120000899"	"rpsI"	"-"	3375837	3376229	393	"M-P1h"	6907	1048.8614372112	9	203	34.4827586206897	1	-9.54918155671103	"SD"	5	33.3333333333333
"ECK120000900"	"rpsJ"	"-"	3450981	3451292	312	"M-P1h"	14515	2776.41037618858	1	37	0	1	-Inf	"SD"	20	166.666666666667
"ECK120000901"	"rpsK"	"-"	3439731	3440120	390	"M-P1h"	23090	3533.30020454395	3	74	0	1	-Inf	"SD"	6	42.8571428571429
"ECK120000902"	"rpsL"	"-"	3472200	3472574	375	"M-P1h"	3718	591.696949628159	4	186	0	1	-Inf	"SD"	NA	NA
"ECK120000903"	"rpsM"	"-"	3440137	3440493	357	"M-P1h"	19286	3224.00093417009	0	0	0	1	-Inf	"SD"	17	130.769230769231
"ECK120000904"	"rpsN"	"-"	3444601	3444906	306	"M-P1h"	10400	2028.30436592677	12	245	48.9795918367347	1	-9.7230240372176	"SD"	8	66.6666666666667
"ECK120000905"	"rpsO"	"-"	3309437	3309706	270	"M-P1h"	3234	714.821265576424	0	0	0	1	-Inf	"SD"	2	20
"ECK120000906"	"rpsP"	"-"	2743959	2744207	249	"M-P1h"	1690	405.049938135377	0	0	0	1	-Inf	"SD"	7	77.7777777777778
"ECK120000907"	"rpsQ"	"-"	3446336	3446590	255	"M-P1h"	8184	1915.34341508593	0	0	0	1	-Inf	"SD"	NA	NA
"ECK120000908"	"rpsR"	"+"	4423862	4424089	228	"M-P1h"	2084	545.486592176521	43	584	73.6301369863014	1	-5.98706326612726	"SD"	8	88.8888888888889
"ECK120000909"	"rpsS"	"-"	3448270	3448548	279	"M-P1h"	5937	1269.94250216268	2	96	0	1	-Inf	"SD"	8	80
"ECK120000916"	"sbcC"	"-"	411831	414977	3147	"M-P1h"	285	5.40467184108412	10	110	0	0.968859231013664	-Inf	"SD"	3	2.52100840336134
"ECK120000918"	"sbp"	"+"	4106857	4107846	990	"M-P1h"	432	26.041725984906	5	121	0	1	-Inf	"SD"	31	83.7837837837838
"ECK120000919"	"sdaA"	"+"	1894956	1896320	1365	"M-P1h"	591	25.8390202423495	16	186	0	1	-Inf	"SD"	NA	NA
"ECK120000920"	"sdhA"	"+"	755130	756896	1767	"M-P1h"	782	26.4113996088193	3	126	0	1	-Inf	"SD"	83	129.6875
"ECK120000921"	"sdhB"	"+"	756912	757628	717	"M-P1h"	1026	85.3983378270714	25	417	45.5635491606715	1	-4.49013666617716	"SD"	32	118.518518518519
"ECK120000923"	"sdhD"	"+"	754783	755130	348	"M-P1h"	90	15.4342125988128	8	100	70	1	-3.46263315113894	"SD"	NA	NA
"ECK120000925"	"secA"	"+"	108279	110984	2706	"M-P1h"	5363	118.277249709562	18	127	0	1	-Inf	"SD"	55	53.921568627451
"ECK120000926"	"secB"	"-"	3781684	3782151	468	"M-P1h"	2185	278.629310918454	9	142	49.2957746478873	1	-7.63677639546255	"SD"	10	58.8235294117647
"ECK120000927"	"secD"	"+"	426871	428718	1848	"M-P1h"	4639	149.810970788664	10	145	0	1	-Inf	"SD"	33	49.2537313432836
"ECK120000928"	"secE"	"+"	4175381	4175764	384	"M-P1h"	2254	350.303034977083	4	60	0	1	-Inf	"SD"	NA	NA
"ECK120000929"	"secF"	"+"	428729	429700	972	"M-P1h"	2339	143.610161150902	2	64	0	1	-Inf	"SD"	9	25.7142857142857
"ECK120000930"	"selA"	"-"	3757881	3759272	1392	"M-P1h"	488	20.9219326339463	1	38	0	1	-Inf	"SD"	2	3.92156862745098
"ECK120000931"	"selB"	"-"	3756040	3757884	1845	"M-P1h"	791	25.5859369686842	0	0	0	1	-Inf	"SD"	8	11.5942028985507
"ECK120000932"	"selD"	"-"	1844989	1846032	1044	"M-P1h"	3152	180.180141153548	2	72	0	1	-Inf	"SD"	23	62.1621621621622
"ECK120000935"	"serC"	"+"	956876	957964	1089	"M-P1h"	5912	323.987129677534	8	227	0	1	-Inf	"SD"	26	65
"ECK120000936"	"serS"	"+"	938651	939943	1293	"M-P1h"	8048	371.45880349184	12	228	43.859649122807	1	-7.53705840782351	"SD"	16	33.3333333333333
"ECK120000937"	"maeA"	"-"	1551996	1553693	1698	"M-P1h"	1275	44.8119364618064	15	155	58.0645161290323	1	-4.63781425946647	"SD"	24	38.0952380952381
"ECK120000938"	"sfsA"	"-"	160782	161486	705	"M-P1h"	590	49.9440903197517	6	138	0	1	-Inf	"SD"	3	11.5384615384615
"ECK120000944"	"prlF"	"+"	3275024	3275359	336	"M-P1h"	576	102.306780654988	2	47	0	1	-Inf	"SD"	NA	NA
"ECK120000948"	"speA"	"-"	3081957	3083933	1977	"M-P1h"	2062	62.244818410643	30	523	36.3288718929254	1	-4.03388242091091	"SD"	29	39.1891891891892
"ECK120000952"	"speE"	"-"	135598	136464	867	"M-P1h"	618	42.5393245976045	25	540	46.2962962962963	1	-3.08879712762341	"SD"	7	21.875
"ECK120000955"	"spoT"	"+"	3820423	3822531	2109	"M-P1h"	3491	98.7857910094017	9	85	0	1	-Inf	"SD"	4	5.06329113924051
"ECK120000956"	"trmH"	"+"	3822538	3823227	690	"M-P1h"	130	11.2438611589419	2	102	0	1	-Inf	"SD"	NA	NA
"ECK120000958"	"srlE"	"+"	2824414	2825373	960	"M-P1h"	8333	518.025765832126	2	49	0	1	-Inf	"SD"	7	21.2121212121212
"ECK120000959"	"srlB"	"+"	2825384	2825755	372	"M-P1h"	1729	277.378800687123	0	0	0	1	-Inf	"SD"	6	46.1538461538462
"ECK120000960"	"srlD"	"+"	2825759	2826538	780	"M-P1h"	5051	386.459491839573	9	287	27.8745644599303	1	-7.91610148539719	"SD"	23	82.1428571428571
"ECK120000961"	"gutM"	"+"	2826643	2827002	360	"M-P1h"	1499	248.496539215923	17	357	47.6190476190476	1	-6.19154720308344	"SD"	NA	NA
"ECK120000963"	"srlR"	"+"	2827069	2827842	774	"M-P1h"	2531	195.15172619126	5	104	0	1	-Inf	"SD"	0	0
"ECK120000966"	"sspA"	"-"	3374804	3375442	639	"M-P1h"	2544	237.595089971834	3	80	0	1	-Inf	"SD"	23	95.8333333333333
"ECK120000968"	"sucA"	"+"	757929	760730	2802	"M-P1h"	5693	121.253495000057	24	449	42.3162583518931	1	-4.99588310323234	"SD"	100	95.2380952380952
"ECK120000969"	"sucB"	"+"	760745	761962	1218	"M-P1h"	7133	349.499169737561	11	344	29.0697674418605	1	-7.44914521814532	"SD"	45	102.272727272727
"ECK120000970"	"sucC"	"+"	762237	763403	1167	"M-P1h"	5438	278.092681549041	0	0	0	1	-Inf	"SD"	128	312.19512195122
"ECK120000973"	"sulA"	"-"	1019633	1020142	510	"M-P1h"	720	84.2526428923429	NA	170	229.411764705882	1	-3.43317591332417	"SD"	NA	NA
"ECK120000974"	"surA"	"-"	53416	54702	1287	"M-P1h"	4232	196.240356780844	5	126	0	1	-Inf	"SD"	15	31.9148936170213
"ECK120000976"	"tap"	"-"	1967407	1969008	1602	"M-P1h"	2475	92.2006333150054	6	236	0	1	-Inf	"SD"	7	12.0689655172414
"ECK120000977"	"tar"	"-"	1969054	1970715	1662	"M-P1h"	2220	79.7155721710044	5	205	0	1	-Inf	"SD"	23	38.3333333333333
"ECK120000979"	"tdcB"	"-"	3263061	3264050	990	"M-P1h"	10	0.602817731132083	2	173	0	0.571717171717172	-Inf	"SD"	NA	NA
"ECK120000980"	"tdcC"	"-"	3261708	3263039	1332	"M-P1h"	62	2.77784927454109	32	355	56.3380281690141	0.936936936936937	0.52603167885615	"AD"	NA	NA
"ECK120000982"	"tdh"	"-"	3788343	3789368	1026	"M-P1h"	730	42.4616349209704	2	55	0	1	-Inf	"SD"	10	27.027027027027
"ECK120000985"	"tgt"	"+"	425361	426488	1128	"M-P1h"	966	51.1080415772036	10	208	28.8461538461538	1	-5.41244399843142	"SD"	6	13.953488372093
"ECK120000986"	"mnmE"	"+"	3884851	3886215	1365	"M-P1h"	275	12.0232327692828	4	161	0	1	-Inf	"SD"	1	2.04081632653061
"ECK120000987"	"thrA"	"+"	337	2799	2463	"M-P1h"	2423	58.709747824105	37	272	121.323529411765	1	-3.15306213030953	"SD"	95	106.741573033708
"ECK120000988"	"thrB"	"+"	2801	3733	933	"M-P1h"	1657	105.989313041908	3	101	0	1	-Inf	"SD"	NA	NA
"ECK120000989"	"thrC"	"+"	3734	5020	1287	"M-P1h"	1670	77.4388931531215	8	246	0	1	-Inf	"SD"	19	40.4255319148936
"ECK120000991"	"thyA"	"-"	2962383	2963177	795	"M-P1h"	990	74.3171897210761	50	382	112.565445026178	1	-3.11128738280875	"SD"	9	30
"ECK120000992"	"tig"	"+"	454357	455655	1299	"M-P1h"	7647	351.32022463952	8	122	0	1	-Inf	"SD"	133	277.083333333333
"ECK120000994"	"tnaA"	"+"	3886753	3888168	1416	"M-P1h"	159	6.70123863400432	2	55	0	0.858050847457627	-Inf	"SD"	291	549.056603773585
"ECK120000995"	"tnaB"	"+"	3888259	3889506	1248	"M-P1h"	28	1.33895092203376	48	433	66.9745958429561	0.707532051282051	2.11494981921662	"AD"	NA	NA
"ECK120000996"	"tolA"	"+"	775565	776830	1266	"M-P1h"	667	31.4422300472708	0	0	0	1	-Inf	"SD"	NA	NA
"ECK120000997"	"tolB"	"+"	776963	778255	1293	"M-P1h"	3807	175.713676055347	11	320	28.125	1	-6.60908576602529	"SD"	16	34.7826086956522
"ECK120000999"	"tolQ"	"+"	774376	775068	693	"M-P1h"	952	81.9832114339633	22	303	36.3036303630363	1	-5.21975307524903	"SD"	1	3.84615384615385
"ECK120001000"	"tolR"	"+"	775072	775500	429	"M-P1h"	339	47.1588948124099	1	49	0	1	-Inf	"SD"	NA	NA
"ECK120001003"	"topB"	"-"	1843023	1844984	1962	"M-P1h"	984	29.930729916393	7	225	0	1	-Inf	"SD"	NA	NA
"ECK120001008"	"trkA"	"+"	3434540	3435916	1377	"M-P1h"	555	24.0536094677214	13	177	0	1	-Inf	"SD"	NA	NA
"ECK120001009"	"trkG"	"+"	1421806	1423263	1458	"M-P1h"	181	7.40870433755542	1	92	0	0.969135802469136	-Inf	"SD"	NA	NA
"ECK120001010"	"trkH"	"+"	4031168	4032619	1452	"M-P1h"	774	31.8123357201977	9	221	36.1990950226244	1	-4.31344249086426	"SD"	NA	NA
"ECK120001012"	"trmD"	"-"	2742594	2743361	768	"M-P1h"	10161	789.580554215204	5	269	0	1	-Inf	"SD"	6	21.4285714285714
"ECK120001013"	"trpA"	"-"	1314440	1315246	807	"M-P1h"	2394	177.040172471735	6	101	0	1	-Inf	"SD"	10	34.4827586206897
"ECK120001014"	"trpB"	"-"	1315246	1316439	1194	"M-P1h"	3735	186.684169474083	3	132	0	1	-Inf	"SD"	14	32.5581395348837
"ECK120001015"	"trpC"	"-"	1316451	1317809	1359	"M-P1h"	2751	120.807068621112	2	100	0	1	-Inf	"SD"	3	6.12244897959184
"ECK120001016"	"trpD"	"-"	1317813	1319408	1596	"M-P1h"	1042	38.9633280126087	18	400	20	1	-4.60597309877176	"SD"	14	24.5614035087719
"ECK120001017"	"trpE"	"-"	1319408	1320970	1563	"M-P1h"	843	32.1876899469547	20	400	20	1	-4.33036523065801	"SD"	11	19.2982456140351
"ECK120001019"	"trpS"	"-"	3510656	3511660	1005	"M-P1h"	1005	59.6789553820762	4	83	0	1	-Inf	"SD"	21	56.7567567567568
"ECK120001022"	"tsf"	"+"	190857	191708	852	"M-P1h"	5375	376.495757251948	5	194	0	1	-Inf	"SD"	140	466.666666666667
"ECK120001025"	"tufA"	"-"	3468167	3469351	1185	"M-P1h"	4500	226.628944488897	0	0	0	0.372151898734177	-Inf	"SD"	671	1560.46511627907
"ECK120001026"	"tufB"	"+"	4173967	4175151	1185	"M-P1h"	1486	74.8379136690003	1	100	0	0.429535864978903	-Inf	"SD"	NA	NA
"ECK120001032"	"tyrS"	"-"	1713972	1715246	1275	"M-P1h"	3592	168.130829594053	11	254	0	1	-Inf	"SD"	21	43.75
"ECK120001033"	"ubiX"	"-"	2426079	2426648	570	"M-P1h"	71	7.43369444232879	8	219	0	1	-Inf	"SD"	1	4.76190476190476
"ECK120001035"	"ugpA"	"-"	3588047	3588934	888	"M-P1h"	462	31.0491862460802	3	172	0	1	-Inf	"SD"	NA	NA
"ECK120001036"	"ugpB"	"-"	3589032	3590348	1317	"M-P1h"	3752	170.019317079385	12	212	33.0188679245283	1	-6.92412803291686	"SD"	26	54.1666666666667
"ECK120001037"	"ugpC"	"-"	3586133	3587203	1071	"M-P1h"	679	37.8356775951725	1	79	0	1	-Inf	"SD"	3	7.5
"ECK120001038"	"ugpE"	"-"	3587205	3588050	846	"M-P1h"	477	33.648772715426	3	214	0	1	-Inf	"SD"	NA	NA
"ECK120001040"	"uhpA"	"-"	3848159	3848749	591	"M-P1h"	189	19.0851481678721	2	141	0	1	-Inf	"SD"	1	4.76190476190476
"ECK120001041"	"uhpB"	"-"	3846657	3848159	1503	"M-P1h"	98	3.89124259976279	1	100	0	0.872920825016633	-Inf	"SD"	NA	NA
"ECK120001042"	"uhpC"	"-"	3845328	3846647	1320	"M-P1h"	55	2.48662314091984	0	0	0	0.890151515151515	-Inf	"SD"	NA	NA
"ECK120001044"	"uidA"	"-"	1692284	1694095	1812	"M-P1h"	159	5.23672952855967	16	324	40.1234567901235	0.932671081677704	-1.01015446981263	"SD"	NA	NA
"ECK120001046"	"umuD"	"+"	1229990	1230409	420	"M-P1h"	43	6.10998828911733	0	0	0	1	-Inf	"SD"	NA	NA
"ECK120001048"	"usg"	"-"	2433658	2434671	1014	"M-P1h"	1701	100.112330478217	1	80	0	1	-Inf	"SD"	12	33.3333333333333
"ECK120001052"	"uvrC"	"-"	1990898	1992730	1833	"M-P1h"	2063	67.1673131223259	28	155	129.032258064516	1	-4.06968741317483	"SD"	7	10.2941176470588
"ECK120001054"	"uxaB"	"-"	1607253	1608704	1452	"M-P1h"	162	6.65839584841346	10	355	16.9014084507042	0.922865013774105	-2.47214023688331	"SD"	NA	NA
"ECK120001058"	"xerC"	"+"	3994310	3995206	897	"M-P1h"	658	43.777873624756	1	72	0	1	-Inf	"SD"	NA	NA
"ECK120001059"	"dsbC"	"-"	3036134	3036844	711	"M-P1h"	320	26.8597267542397	3	83	0	1	-Inf	"SD"	6	23.0769230769231
"ECK120001064"	"xylB"	"-"	3725940	3727394	1455	"M-P1h"	46	1.88675735228557	8	162	0	0.672164948453608	-Inf	"SD"	NA	NA
"ECK120001067"	"ribF"	"+"	21407	22348	942	"M-P1h"	2139	135.513041998154	2	100	0	1	-Inf	"SD"	4	11.4285714285714
"ECK120001068"	"fkpB"	"+"	25826	26275	450	"M-P1h"	411	54.506779248963	0	0	0	1	-Inf	"SD"	2	12.5
"ECK120001069"	"ispH"	"+"	26277	27227	951	"M-P1h"	324	20.3322624014645	0	0	0	0.96950578338591	-Inf	"SD"	4	11.4285714285714
"ECK120001070"	"rihC"	"+"	27293	28207	915	"M-P1h"	105	6.84840471597596	8	328	18.2926829268293	1	-2.51273355648916	"SD"	2	6.06060606060606
"ECK120001071"	"hepA"	"-"	60358	63264	2907	"M-P1h"	673	13.8162837881449	16	96	0	0.99312005503956	-Inf	"SD"	17	15.4545454545455
"ECK120001072"	"mraZ"	"+"	89634	90092	459	"M-P1h"	730	94.9142427645221	0	0	0	1	-Inf	"SD"	NA	NA
"ECK120001073"	"rsmH"	"+"	90094	91035	942	"M-P1h"	961	60.8826710426489	0	0	0	1	-Inf	"SD"	5	14.2857142857143
"ECK120001074"	"ftsL"	"+"	91032	91397	366	"M-P1h"	534	87.0725742459801	0	0	0	1	-Inf	"SD"	NA	NA
"ECK120001075"	"secM"	"+"	107705	108217	513	"M-P1h"	742	86.3192687982467	15	346	40.4624277456647	1	-4.94618391167174	"SD"	NA	NA
"ECK120001079"	"frsA"	"+"	256527	257771	1245	"M-P1h"	697	33.4106280331784	6	245	24.4897959183673	1	-4.79920079090742	"SD"	2	4.25531914893617
"ECK120001081"	"yaiA"	"+"	406203	406394	192	"M-P1h"	641	199.240679166202	132	890	148.314606741573	1	-2.91590239925473	"SD"	NA	NA
"ECK120001084"	"yajC"	"+"	426511	426843	333	"M-P1h"	843	151.079157318589	4	187	0	1	-Inf	"SD"	2	16.6666666666667
"ECK120001088"	"ybaB"	"+"	493300	493629	330	"M-P1h"	1683	304.362672448589	2	151	0	1	-Inf	"SD"	8	66.6666666666667
"ECK120001093"	"entH"	"+"	628523	628936	414	"M-P1h"	28	4.03625785192786	1	61	0	1	-Inf	"SD"	NA	NA
"ECK120001094"	"ybgA"	"+"	738224	738733	510	"M-P1h"	24	2.80842142974476	8	444	18.018018018018	0.717647058823529	-0.811687536577893	"SD"	NA	NA
"ECK120001096"	"ybgC"	"+"	773975	774379	405	"M-P1h"	762	112.284849385536	5	183	0	1	-Inf	"SD"	NA	NA
"ECK120001098"	"aat"	"-"	925951	926655	705	"M-P1h"	207	17.5227571121841	8	203	0	1	-Inf	"SD"	NA	NA
"ECK120001099"	"yccA"	"-"	1029982	1030641	660	"M-P1h"	7232	653.936674732084	3	153	0	1	-Inf	"SD"	NA	NA
"ECK120001101"	"yceB"	"-"	1121936	1122496	561	"M-P1h"	1235	131.378805520257	1	82	0	1	-Inf	"SD"	6	28.5714285714286
"ECK120001106"	"yciB"	"-"	1310375	1310914	540	"M-P1h"	308	34.0391078845916	15	316	41.1392405063291	1	-3.71060969821857	"SD"	NA	NA
"ECK120001110"	"yciF"	"-"	1313294	1313794	501	"M-P1h"	35	4.16918849974584	1	100	0	0.904191616766467	-Inf	"SD"	NA	NA
"ECK120001111"	"yciG"	"-"	1313880	1314059	180	"M-P1h"	9	2.98394776910381	0	0	0	0.761111111111111	-Inf	"SD"	NA	NA
"ECK120001113"	"rem"	"-"	1642675	1642926	252	"M-P1h"	103	24.3925889061661	1	100	0	1	-Inf	"SD"	NA	NA
"ECK120001114"	"hokD"	"-"	1643143	1643298	156	"M-P1h"	1706	652.642935139885	0	0	0	1	-Inf	"SD"	NA	NA
"ECK120001115"	"relE"	"-"	1643370	1643657	288	"M-P1h"	2189	453.601504622795	2	159	0	1	-Inf	"SD"	NA	NA
"ECK120001117"	"nlpC"	"-"	1790291	1790755	465	"M-P1h"	769	98.6948745996057	6	390	15.3846153846154	1	-6.36186885396087	"SD"	NA	NA
"ECK120001121"	"yebC"	"-"	1945435	1946175	741	"M-P1h"	943	75.9477124497947	4	224	0	1	-Inf	"SD"	NA	NA
"ECK120001122"	"nudB"	"-"	1946204	1946656	453	"M-P1h"	1039	136.879546671031	1	100	0	1	-Inf	"SD"	NA	NA
"ECK120001126"	"yfaA"	"-"	2332978	2334666	1689	"M-P1h"	93	3.2860526054074	9	100	0	0.880994671403197	-Inf	"SD"	NA	NA
"ECK120001128"	"yfcA"	"-"	2442773	2443582	810	"M-P1h"	486	35.8073732292457	8	157	0	1	-Inf	"SD"	NA	NA
"ECK120001133"	"hyfA"	"+"	2599223	2599840	618	"M-P1h"	6	0.579407333806565	4	184	0	0.333333333333333	-Inf	"SD"	NA	NA
"ECK120001134"	"raiA"	"+"	2735176	2735517	342	"M-P1h"	17082	2980.80677145212	31	661	46.8986384266263	1	-8.90921892590624	"SD"	2	15.3846153846154
"ECK120001136"	"rimM"	"-"	2743392	2743940	549	"M-P1h"	3703	402.53401052792	1	69	0	1	-Inf	"SD"	5	23.8095238095238
"ECK120001137"	"ppdC"	"-"	2960463	2960786	324	"M-P1h"	49	9.02552103000536	4	106	0	1	-Inf	"SD"	NA	NA
"ECK120001138"	"ygdB"	"-"	2960771	2961178	408	"M-P1h"	18	2.63289509038572	0	0	0	1	-Inf	"SD"	NA	NA
"ECK120001139"	"ppdB"	"-"	2961175	2961738	564	"M-P1h"	28	2.96278501896832	1	100	0	0.898936170212766	-Inf	"SD"	NA	NA
"ECK120001142"	"argO"	"-"	3066195	3066830	636	"M-P1h"	86	8.06979585355119	2	150	0	1	-Inf	"SD"	NA	NA
"ECK120001143"	"mscS"	"-"	3066969	3067829	861	"M-P1h"	1021	70.7691213067362	11	284	21.1267605633803	1	-5.8820136954754	"SD"	13	41.9354838709677
"ECK120001144"	"yggC"	"-"	3071998	3072711	714	"M-P1h"	330	27.5827104707075	11	213	32.8638497652582	1	-4.30026550087471	"SD"	NA	NA
"ECK120001145"	"yggD"	"-"	3072708	3073217	510	"M-P1h"	531	62.1363241331029	3	100	0	1	-Inf	"SD"	NA	NA
"ECK120001146"	"ygiA"	"+"	3177618	3177878	261	"M-P1h"	539	123.245045789039	2	107	0	1	-Inf	"SD"	NA	NA
"ECK120001147"	"ygiB"	"+"	3177862	3178437	576	"M-P1h"	1057	109.515027498011	5	95	0	1	-Inf	"SD"	NA	NA
"ECK120001152"	"ttdB"	"+"	3205393	3205998	606	"M-P1h"	9	0.886321119535786	7	137	51.0948905109489	0.714521452145215	0.659525431372645	"AD"	NA	NA
"ECK120001154"	"tdcD"	"-"	3260474	3261694	1221	"M-P1h"	33	1.61294474005611	3	92	0	0.634725634725635	-Inf	"SD"	NA	NA
"ECK120001155"	"yhaB"	"+"	3265876	3266415	540	"M-P1h"	2	0	2	77	0	0.227777777777778	NA	"NO"	NA	NA
"ECK120001157"	"garK"	"-"	3268647	3269873	1227	"M-P1h"	169	8.21983982035117	1	75	0	1	-Inf	"SD"	NA	NA
"ECK120001158"	"garR"	"-"	3269889	3270779	891	"M-P1h"	143	9.57810395020977	1	100	0	0.986531986531986	-Inf	"SD"	27	90
"ECK120001159"	"truB"	"-"	3309855	3310799	945	"M-P1h"	859	54.2478546806386	6	216	0	1	-Inf	"SD"	4	11.4285714285714
"ECK120001160"	"rbfA"	"-"	3310799	3311200	402	"M-P1h"	330	48.9901872539432	3	202	0	1	-Inf	"SD"	7	46.6666666666667
"ECK120001161"	"rimP"	"-"	3315576	3316028	453	"M-P1h"	2066	272.178193861743	1	100	0	1	-Inf	"SD"	7	41.1764705882353
"ECK120001163"	"bfd"	"-"	3464819	3465013	195	"M-P1h"	1	0	43	975	44.1025641025641	0.123076923076923	Inf	"AD"	NA	NA
"ECK120001165"	"damX"	"-"	3514042	3515328	1287	"M-P1h"	3299	152.976591923442	22	194	82.4742268041237	1	-5.57909519705983	"SD"	8	17.3913043478261
"ECK120001168"	"yibA"	"+"	3764360	3765202	843	"M-P1h"	47	3.32729644478954	2	111	0	0.754448398576512	-Inf	"SD"	NA	NA
"ECK120001170"	"waaC"	"+"	3794002	3794961	960	"M-P1h"	817	50.7892776532878	53	369	67.7506775067751	1	-3.34452395547804	"SD"	NA	NA
"ECK120001174"	"dinD"	"+"	3815783	3816607	825	"M-P1h"	250	18.0845319339625	14	155	64.5161290322581	1	-3.17668435335714	"SD"	NA	NA
"ECK120001177"	"yidB"	"-"	3875090	3875488	399	"M-P1h"	39	5.83328135313527	2	101	0	1	-Inf	"SD"	NA	NA
"ECK120001178"	"yidC"	"+"	3883099	3884745	1647	"M-P1h"	2152	77.9776029035993	9	102	0	1	-Inf	"SD"	13	20.9677419354839
"ECK120001179"	"glmU"	"-"	3911853	3913223	1371	"M-P1h"	1083	47.1424570961259	15	326	21.4723926380368	1	-5.0735282224871	"SD"	6	12.2448979591837
"ECK120001180"	"mioC"	"-"	3924035	3924478	444	"M-P1h"	1010	135.756182288056	9	234	34.1880341880342	1	-6.40680218400465	"SD"	NA	NA
"ECK120001181"	"yigA"	"+"	3993606	3994313	708	"M-P1h"	951	80.1619866784668	1	68	0	1	-Inf	"SD"	2	7.40740740740741
"ECK120001182"	"yigB"	"+"	3995206	3995922	717	"M-P1h"	228	18.9774084060159	2	46	0	1	-Inf	"SD"	NA	NA
"ECK120001184"	"murI"	"+"	4163451	4164308	858	"M-P1h"	854	59.4007318138614	8	200	0	1	-Inf	"SD"	0	0
"ECK120001185"	"murB"	"+"	4170080	4171108	1029	"M-P1h"	1099	63.7387482652107	12	181	44.1988950276243	1	-5.31602687677086	"SD"	4	10.5263157894737
"ECK120001192"	"nsrR"	"+"	4404213	4404638	426	"M-P1h"	749	104.928491974589	2	128	0	1	-Inf	"SD"	0	0
"ECK120001194"	"yjjA"	"-"	4597718	4598212	495	"M-P1h"	263	31.7082126575476	39	432	85.6481481481482	1	-2.09925938141198	"SD"	NA	NA
"ECK120001195"	"yjjB"	"-"	4599647	4599973	327	"M-P1h"	11	2.00754895780685	7	211	0	0.914373088685015	-Inf	"SD"	NA	NA
"ECK120001197"	"creB"	"+"	4634030	4634719	690	"M-P1h"	254	21.9687748797788	3	38	0	0.981159420289855	-Inf	"SD"	NA	NA
"ECK120001201"	"argH"	"+"	4154873	4156246	1374	"M-P1h"	200	8.68689306871561	1	61	0	1	-Inf	"SD"	7	14
"ECK120001202"	"fliO"	"+"	2019528	2019893	366	"M-P1h"	78	12.7184659010982	0	0	0	1	-Inf	"SD"	NA	NA
"ECK120001203"	"dcuA"	"-"	4363495	4364796	1302	"M-P1h"	4934	226.156655802737	26	427	44.4964871194379	1	-5.8951792264065	"SD"	NA	NA
"ECK120001204"	"leuA"	"-"	81958	83529	1572	"M-P1h"	965	36.6349821524832	17	481	31.1850311850312	1	-3.61018750700392	"SD"	15	26.3157894736842
"ECK120001206"	"fdnH"	"+"	1548485	1549369	885	"M-P1h"	67	4.51806780858656	5	74	0	0.980790960451977	-Inf	"SD"	NA	NA
"ECK120001207"	"fdnI"	"+"	1549362	1550015	654	"M-P1h"	102	9.30772698619538	15	422	30.8056872037915	1	-1.83991727104792	"SD"	NA	NA
"ECK120001209"	"rpmI"	"-"	1797826	1798023	198	"M-P1h"	2452	739.054538367934	1	100	0	1	-Inf	"SD"	NA	NA
"ECK120001210"	"rpmJ"	"-"	3440640	3440756	117	"M-P1h"	3852	1964.81483873297	0	0	0	1	-Inf	"SD"	NA	NA
"ECK120001211"	"rstB"	"+"	1680906	1682207	1302	"M-P1h"	388	17.7845120493438	30	367	49.0463215258856	1	-2.30455258029478	"SD"	1	2.04081632653061
"ECK120001212"	"ydiB"	"+"	1771813	1772679	867	"M-P1h"	67	4.61186852433576	0	0	0	0.719723183391003	-Inf	"SD"	NA	NA
"ECK120001215"	"chiA"	"-"	3465182	3467875	2694	"M-P1h"	206	4.56342420516247	72	975	44.1025641025641	0.802524127691166	0.914219890265587	"AD"	NA	NA
"ECK120001216"	"ybhB"	"-"	806656	807132	477	"M-P1h"	86	10.7597278047349	31	672	46.1309523809524	1	-0.795301461025306	"SD"	1	5.88235294117647
"ECK120001221"	"yggF"	"-"	3073239	3074204	966	"M-P1h"	221	13.6532599787152	1	62	0	0.641821946169772	-Inf	"SD"	NA	NA
"ECK120001224"	"mazF"	"-"	2908778	2909113	336	"M-P1h"	134	23.8005357773756	21	361	58.1717451523546	1	-2.50253281761585	"SD"	NA	NA
"ECK120001226"	"ychA"	"+"	1266543	1267352	810	"M-P1h"	1128	83.1084711987432	4	276	0	1	-Inf	"SD"	NA	NA
"ECK120001227"	"mukE"	"+"	974872	975549	678	"M-P1h"	725	63.8159921121022	2	69	0	1	-Inf	"SD"	4	14.8148148148148
"ECK120001228"	"ycbB"	"+"	980270	982117	1848	"M-P1h"	811	26.1902774972207	39	727	37.1389270976616	1	-2.27800003335334	"SD"	2	2.94117647058824
"ECK120001229"	"rlmH"	"-"	667471	667938	468	"M-P1h"	504	64.2696442576206	0	0	0	1	-Inf	"SD"	5	29.4117647058824
"ECK120001230"	"rsfS"	"-"	667942	668259	318	"M-P1h"	538	100.966283004896	0	0	0	1	-Inf	"SD"	NA	NA
"ECK120001233"	"focA"	"-"	952832	953689	858	"M-P1h"	13877	965.227114029221	17	164	67.0731707317073	1	-8.77722110864649	"SD"	NA	NA
"ECK120001234"	"rnr"	"+"	4404677	4407118	2442	"M-P1h"	4761	116.351968294048	12	185	43.2432432432432	1	-6.18427990128453	"SD"	7	7.60869565217391
"ECK120001236"	"nfsA"	"+"	890407	891129	723	"M-P1h"	142	11.7211779588587	5	195	0	1	-Inf	"SD"	6	22.2222222222222
"ECK120001238"	"gspB"	"-"	3451530	3451949	420	"M-P1h"	110	15.6302026000676	3	143	0	0.980952380952381	-Inf	"SD"	NA	NA
"ECK120001239"	"cmk"	"+"	960424	961107	684	"M-P1h"	426	37.168472211644	32	456	67.9824561403509	0.944444444444444	-2.58373926766866	"SD"	8	32
"ECK120001241"	"yiaB"	"-"	3725430	3725771	342	"M-P1h"	14	2.44299817353528	0	0	0	0.745614035087719	-Inf	"SD"	NA	NA
"ECK120001242"	"fmt"	"+"	3432236	3433183	948	"M-P1h"	2395	150.771200569697	26	237	67.5105485232068	1	-5.55814516444088	"SD"	10	29.4117647058824
"ECK120001245"	"pheL"	"+"	2735621	2735668	48	"M-P1h"	140	174.063619864389	0	0	0	1	-Inf	"SD"	NA	NA
"ECK120001246"	"pheM"	"-"	1797250	1797294	45	"M-P1h"	56	74.2671444754726	0	0	0	1	-Inf	"SD"	NA	NA
"ECK120001247"	"fruL"	"+"	87860	87946	87	"M-P1h"	40	27.4386001756672	0	0	0	1	-Inf	"SD"	NA	NA
"ECK120001249"	"ivbL"	"-"	3850913	3851011	99	"M-P1h"	1984	1195.99037856605	0	0	0	1	-Inf	"SD"	NA	NA
"ECK120001250"	"tnaC"	"+"	3886458	3886532	75	"M-P1h"	30	23.8715821528305	0	0	0	1	-Inf	"SD"	NA	NA
"ECK120001251"	"thrL"	"+"	190	255	66	"M-P1h"	285	257.704580058966	0	0	0	1	-Inf	"SD"	NA	NA
"ECK120001254"	"mutL"	"+"	4395435	4397282	1848	"M-P1h"	732	23.639066742251	8	145	0	1	-Inf	"SD"	6	8.82352941176471
"ECK120001255"	"hyfB"	"+"	2599840	2601858	2019	"M-P1h"	19	0.561614736136428	9	139	43.1654676258993	0.403169886082219	1.09538170989345	"AD"	NA	NA
"ECK120001256"	"phnE_1"	"-"	4320684	4321304	621	"M-P1h"	461	44.3027349937796	6	125	0	1	-Inf	"SD"	NA	NA
"ECK120001257"	"fabZ"	"+"	202101	202556	456	"M-P1h"	3940	515.647114485483	1	40	0	1	-Inf	"SD"	13	76.4705882352941
"ECK120001258"	"glrR"	"-"	2685491	2686825	1335	"M-P1h"	313	13.9921445951984	1	100	0	0.967790262172285	-Inf	"SD"	0	0
"ECK120001263"	"yeiB"	"-"	2239832	2240989	1158	"M-P1h"	290	14.945506960969	2	97	0	1	-Inf	"SD"	NA	NA
"ECK120001267"	"ispE"	"-"	1261249	1262100	852	"M-P1h"	827	57.9278123250904	9	543	16.5745856353591	1	-5.00818737021872	"SD"	6	19.3548387096774
"ECK120001268"	"wzzE"	"+"	3967054	3968100	1047	"M-P1h"	1171	66.746950097814	1	100	0	1	-Inf	"SD"	6	15.3846153846154
"ECK120001269"	"radA"	"+"	4623935	4625317	1383	"M-P1h"	204	8.80296955744291	0	0	0	1	-Inf	"SD"	NA	NA
"ECK120001270"	"dsbA"	"+"	4041441	4042067	627	"M-P1h"	1093	104.033649493795	0	0	0	1	-Inf	"SD"	19	82.6086956521739
"ECK120001271"	"yhdE"	"-"	3395807	3396400	594	"M-P1h"	396	39.7859702547175	10	316	31.6455696202532	1	-4.31418787710708	"SD"	3	13.6363636363636
"ECK120001272"	"rng"	"-"	3394348	3395817	1470	"M-P1h"	711	28.8651273990859	4	129	0	1	-Inf	"SD"	7	12.7272727272727
"ECK120001273"	"ydfA"	"+"	1646532	1646687	156	"M-P1h"	34	13.0069518140423	1	100	0	1	-Inf	"SD"	NA	NA
"ECK120001274"	"ydfB"	"+"	1646689	1646817	129	"M-P1h"	29	13.4161992719396	33	646	51.0835913312693	1	-1.02343809306146	"SD"	NA	NA
"ECK120001275"	"ydfC"	"+"	1646847	1647065	219	"M-P1h"	47	12.8078123422721	33	646	51.0835913312693	1	-0.956486145433611	"SD"	NA	NA
"ECK120001276"	"ydfD"	"+"	1647818	1648009	192	"M-P1h"	2	0.621655785229961	3	101	0	0.515625	-Inf	"SD"	NA	NA
"ECK120001277"	"ydfE"	"+"	1648102	1649022	921	"M-P1h"	25	1.61994992893801	6	104	0	0.808903365906623	-Inf	"SD"	NA	NA
"ECK120001280"	"ydbC"	"+"	1472245	1473105	861	"M-P1h"	176	12.1991825171259	6	100	0	1	-Inf	"SD"	5	16.1290322580645
"ECK120001281"	"ydbD"	"+"	1473168	1475474	2307	"M-P1h"	69	1.78493624679812	3	100	0	0.727351538794972	-Inf	"SD"	NA	NA
"ECK120001282"	"dusB"	"+"	3408302	3409267	966	"M-P1h"	7194	444.441413062791	14	177	56.4971751412429	1	-7.79584944312784	"SD"	NA	NA
"ECK120001285"	"purB"	"-"	1189839	1191209	1371	"M-P1h"	532	23.1576982226583	17	319	25.0783699059561	1	-3.85534805243756	"SD"	13	25
"ECK120001288"	"fabD"	"+"	1148951	1149880	930	"M-P1h"	3992	256.170311704568	0	0	0	1	-Inf	"SD"	23	71.875
"ECK120001289"	"fabG"	"+"	1149893	1150627	735	"M-P1h"	4630	375.936820978249	3	189	0	1	-Inf	"SD"	26	100
"ECK120001292"	"ribD"	"+"	432679	433782	1104	"M-P1h"	1066	57.6247884395772	13	229	39.3013100436681	1	-5.00062073725429	"SD"	8	20
"ECK120001293"	"ribE"	"+"	433871	434341	471	"M-P1h"	1013	128.354101490538	0	0	0	1	-Inf	"SD"	13	81.25
"ECK120001295"	"ubiH"	"-"	3050362	3051540	1179	"M-P1h"	1009	51.0738473117175	1	50	0	1	-Inf	"SD"	2	4.76190476190476
"ECK120001298"	"codB"	"+"	354146	355405	1260	"M-P1h"	103	4.87851778123322	1	100	0	0.968253968253968	-Inf	"SD"	NA	NA
"ECK120001299"	"fdx"	"-"	2654770	2655105	336	"M-P1h"	329	58.4356438116163	5	141	0	1	-Inf	"SD"	NA	NA
"ECK120001300"	"gabD"	"+"	2789295	2790743	1449	"M-P1h"	42	1.72982479368337	1	41	0	0.529330572808834	-Inf	"SD"	0	0
"ECK120001301"	"gabP"	"+"	2792275	2793675	1401	"M-P1h"	47	2.00207773230377	8	554	10.8303249097473	0.788008565310492	-0.73846358324126	"SD"	NA	NA
"ECK120001304"	"ubiI"	"-"	3049137	3050339	1203	"M-P1h"	610	30.2611494456081	6	347	17.2910662824208	1	-4.65636047726862	"SD"	NA	NA
"ECK120001307"	"endA"	"+"	3088369	3089076	708	"M-P1h"	14	1.18009233806365	3	48	0	0.574858757062147	-Inf	"SD"	NA	NA
"ECK120001308"	"lysP"	"-"	2245085	2246554	1470	"M-P1h"	316	12.8289455107048	44	151	211.920529801325	1	-1.00325878116897	"SD"	NA	NA
"ECK120001310"	"waaG"	"-"	3803966	3805090	1125	"M-P1h"	1241	65.8325187814725	14	156	70.5128205128205	1	-4.90322496810426	"SD"	1	2.38095238095238
"ECK120001311"	"waaP"	"-"	3803176	3803973	798	"M-P1h"	571	42.7026109312851	0	0	0	1	-Inf	"SD"	NA	NA
"ECK120001314"	"mdtG"	"-"	1113487	1114713	1227	"M-P1h"	230	11.1867642525489	25	328	48.780487804878	0.988590057049715	-1.80564898999706	"SD"	NA	NA
"ECK120001315"	"mnmA"	"-"	1191890	1192996	1107	"M-P1h"	1888	101.783078375212	4	214	0	1	-Inf	"SD"	9	21.9512195121951
"ECK120001316"	"hflD"	"-"	1191213	1191854	642	"M-P1h"	496	46.1071057157474	14	427	30.4449648711944	1	-4.14840557783908	"SD"	3	13.0434782608696
"ECK120001319"	"waaS"	"-"	3802204	3803139	936	"M-P1h"	559	35.6415983531844	1	100	0	1	-Inf	"SD"	NA	NA
"ECK120001320"	"waaB"	"-"	3801081	3802190	1110	"M-P1h"	700	37.635377267976	0	0	0	1	-Inf	"SD"	NA	NA
"ECK120001321"	"waaI"	"-"	3800062	3801081	1020	"M-P1h"	659	38.5572858792042	2	100	0	1	-Inf	"SD"	2	5.12820512820513
"ECK120001322"	"waaJ"	"-"	3799006	3800022	1017	"M-P1h"	599	35.1501418622062	1	100	0	1	-Inf	"SD"	NA	NA
"ECK120001323"	"emrA"	"+"	2809449	2810621	1173	"M-P1h"	249	12.66842275374	8	100	0	0.868712702472293	-Inf	"SD"	3	6.97674418604651
"ECK120001324"	"fliA"	"-"	1999094	1999813	720	"M-P1h"	1913	158.563668952655	20	294	57.8231292517007	1	-5.54338369348169	"SD"	5	17.8571428571429
"ECK120001325"	"fliZ"	"-"	1998497	1999048	552	"M-P1h"	457	49.4081206695812	36	236	76.271186440678	1	-3.77867936955318	"SD"	NA	NA
"ECK120001331"	"gluQ"	"-"	159186	160112	927	"M-P1h"	266	17.1247056436163	30	430	32.5581395348837	0.94066882416397	-2.61258045753365	"SD"	NA	NA
"ECK120001332"	"amiB"	"+"	4394088	4395425	1338	"M-P1h"	542	24.1748832713642	2	72	0	1	-Inf	"SD"	0	0
"ECK120001333"	"bglH"	"-"	3898627	3900243	1617	"M-P1h"	15	0.553608120427423	8	177	0	0.415584415584416	-Inf	"SD"	NA	NA
"ECK120001336"	"menB"	"-"	2373984	2374841	858	"M-P1h"	336	23.3707797300438	0	0	0	1	-Inf	"SD"	8	25
"ECK120001337"	"ubiC"	"+"	4250529	4251026	498	"M-P1h"	287	34.393293563566	0	0	0	1	-Inf	"SD"	3	15.7894736842105
"ECK120001342"	"folK"	"-"	157253	157732	480	"M-P1h"	157	19.5199916562208	0	0	0	0.945833333333333	-Inf	"SD"	2	11.1111111111111
"ECK120001344"	"ftsP"	"-"	3159279	3160691	1413	"M-P1h"	755	31.8879060958723	25	384	54.6875	1	-2.92454813381534	"SD"	1	1.92307692307692
"ECK120001345"	"plsC"	"-"	3160766	3161503	738	"M-P1h"	579	46.8212942631736	43	322	77.639751552795	1	-3.22716481486971	"SD"	NA	NA
"ECK120001346"	"sufA"	"-"	1762042	1762410	369	"M-P1h"	51	8.24831090646582	1	100	0	1	-Inf	"SD"	NA	NA
"ECK120001347"	"appB"	"+"	1038519	1039655	1137	"M-P1h"	68	3.56918994369497	15	189	42.3280423280423	0.968337730870712	-1.15752477507369	"SD"	NA	NA
"ECK120001348"	"appC"	"+"	1036963	1038507	1545	"M-P1h"	80	3.09017244696835	7	136	0	0.87378640776699	-Inf	"SD"	NA	NA
"ECK120001350"	"elbB"	"-"	3347828	3348481	654	"M-P1h"	448	40.8809969589758	1	100	0	1	-Inf	"SD"	7	30.4347826086957
"ECK120001355"	"fliS"	"+"	2003327	2003737	411	"M-P1h"	625	90.7526693766366	0	0	0	1	-Inf	"SD"	NA	NA
"ECK120001356"	"fliT"	"+"	2003737	2004102	366	"M-P1h"	645	105.171929566774	4	169	0	1	-Inf	"SD"	NA	NA
"ECK120001358"	"osmY"	"+"	4609419	4610024	606	"M-P1h"	75	7.38600932946488	2	115	0	0.965346534653465	-Inf	"SD"	0	0
"ECK120001365"	"hdeB"	"-"	3653989	3654315	327	"M-P1h"	737	134.505780173059	1	95	0	1	-Inf	"SD"	NA	NA
"ECK120001367"	"psiF"	"+"	402505	402825	321	"M-P1h"	7881	1465.20201671696	7	197	35.5329949238579	1	-10.0314570493905	"SD"	NA	NA
"ECK120001368"	"treC"	"-"	4461077	4462732	1656	"M-P1h"	21	0.756798347236474	11	307	32.5732899022801	0.555555555555556	1.40201915689233	"AD"	34	53.125
"ECK120001370"	"ychF"	"-"	1255944	1257035	1092	"M-P1h"	1133	61.9196487618062	6	129	0	1	-Inf	"SD"	9	22.5
"ECK120001371"	"cydD"	"-"	928419	930185	1767	"M-P1h"	864	29.1808814092325	13	347	0	1	-Inf	"SD"	16	24.6153846153846
"ECK120001375"	"lpxK"	"+"	967589	968575	987	"M-P1h"	446	26.9673901726505	0	0	0	1	-Inf	"SD"	NA	NA
"ECK120001377"	"glnD"	"-"	185978	188650	2673	"M-P1h"	1628	36.3476765290012	47	242	41.3223140495868	1	-4.1837912398514	"SD"	2	1.96078431372549
"ECK120001378"	"holA"	"-"	669797	670828	1032	"M-P1h"	757	43.7761329692168	16	234	55.5555555555556	1	-4.07356098913698	"SD"	NA	NA
"ECK120001379"	"holC"	"-"	4481860	4482303	444	"M-P1h"	1558	209.413992083952	5	165	0	1	-Inf	"SD"	NA	NA
"ECK120001381"	"dps"	"-"	847631	848134	504	"M-P1h"	3278	388.150031235012	70	1104	63.4057971014493	1	-4.79311567137017	"SD"	7	36.8421052631579
"ECK120001382"	"nrdD"	"-"	4458545	4460683	2139	"M-P1h"	258	7.19830317371466	12	234	0	1	-Inf	"SD"	13	16.25
"ECK120001383"	"dcd"	"-"	2139658	2140239	582	"M-P1h"	606	62.1399432328835	43	301	142.857142857143	1	-2.85311235857817	"SD"	4	19.047619047619
"ECK120001384"	"bcr"	"-"	2276592	2277782	1191	"M-P1h"	958	48.003727335037	10	305	22.9508196721311	1	-5.09964769853006	"SD"	NA	NA
"ECK120001389"	"waaY"	"-"	3798290	3798988	699	"M-P1h"	168	14.3434399201557	1	37	0	0.978540772532189	-Inf	"SD"	6	22.2222222222222
"ECK120001390"	"waaZ"	"-"	3797368	3798219	852	"M-P1h"	248	17.3713391252992	2	122	0	1	-Inf	"SD"	NA	NA
"ECK120001401"	"plsX"	"+"	1146844	1147914	1071	"M-P1h"	1510	84.1411975975118	10	187	0	1	-Inf	"SD"	NA	NA
"ECK120001406"	"gcvT"	"-"	3047595	3048689	1095	"M-P1h"	4960	270.326592415615	2	37	0	1	-Inf	"SD"	37	92.5
"ECK120001407"	"rpiA"	"-"	3056688	3057347	660	"M-P1h"	1476	133.463845672643	1	100	0	1	-Inf	"SD"	8	34.7826086956522
"ECK120001408"	"scpA"	"+"	3058872	3061016	2145	"M-P1h"	27	0.751203634179981	37	264	60.6060606060606	0.471794871794872	2.09079595750784	"AD"	NA	NA
"ECK120001409"	"argK"	"+"	3061009	3062004	996	"M-P1h"	16	0.958698078426927	4	88	0	0.555220883534137	-Inf	"SD"	NA	NA
"ECK120001410"	"csrA"	"-"	2816983	2817168	186	"M-P1h"	2134	684.703713899735	22	267	82.3970037453184	1	-7.28183250379469	"SD"	3	42.8571428571429
"ECK120001414"	"rffE"	"+"	3968156	3969286	1131	"M-P1h"	648	34.1927171419853	7	284	0	1	-Inf	"SD"	3	7.14285714285714
"ECK120001415"	"rffD"	"+"	3969283	3970545	1263	"M-P1h"	490	23.1533556114152	7	182	0	1	-Inf	"SD"	5	10.8695652173913
"ECK120001416"	"rffG"	"+"	3970545	3971612	1068	"M-P1h"	300	16.7637515118192	0	0	0	1	-Inf	"SD"	6	15
"ECK120001417"	"rffH"	"+"	3971631	3972512	882	"M-P1h"	177	11.9763890052466	0	0	0	1	-Inf	"SD"	5	15.1515151515152
"ECK120001418"	"rffC"	"+"	3972619	3973164	546	"M-P1h"	98	10.7116073762701	2	100	0	1	-Inf	"SD"	NA	NA
"ECK120001419"	"rffA"	"+"	3973169	3974299	1131	"M-P1h"	246	12.9805685446426	9	252	0	1	-Inf	"SD"	5	11.9047619047619
"ECK120001420"	"wzyE"	"+"	3976624	3977976	1353	"M-P1h"	385	16.9818165721355	6	93	0	1	-Inf	"SD"	NA	NA
"ECK120001421"	"rffM"	"+"	3977979	3978719	741	"M-P1h"	206	16.5909106730198	8	143	48.951048951049	1	-3.56689434553537	"SD"	NA	NA
"ECK120001422"	"yifK"	"+"	3978910	3980295	1386	"M-P1h"	106	4.5641913928572	7	114	0	0.97979797979798	-Inf	"SD"	NA	NA
"ECK120001428"	"rarD"	"-"	4001311	4002201	891	"M-P1h"	58	3.88482537840676	10	116	60.3448275862069	0.983164983164983	-1.47242292426364	"SD"	NA	NA
"ECK120001432"	"yigL"	"+"	4008223	4009023	801	"M-P1h"	587	43.7347650552793	21	439	38.7243735763098	1	-3.6851738921666	"SD"	5	16.6666666666667
"ECK120001434"	"rmuC"	"+"	4015356	4016783	1428	"M-P1h"	1384	57.8401080173624	6	159	0	1	-Inf	"SD"	0	0
"ECK120001435"	"ubiE"	"+"	4016878	4017633	756	"M-P1h"	1395	110.121881955022	13	218	59.6330275229358	1	-5.40444573706999	"SD"	11	39.2857142857143
"ECK120001436"	"ubiJ"	"+"	4017647	4018252	606	"M-P1h"	693	68.2467262042555	3	100	0	1	-Inf	"SD"	2	9.09090909090909
"ECK120001437"	"ubiB"	"+"	4018249	4019889	1641	"M-P1h"	1606	58.4060952733787	22	123	65.0406504065041	1	-5.1899751267192	"SD"	NA	NA
"ECK120001438"	"tatC"	"+"	4020759	4021535	777	"M-P1h"	1004	77.114119953159	0	0	0	1	-Inf	"SD"	NA	NA
"ECK120001440"	"yigZ"	"+"	4030515	4031129	615	"M-P1h"	363	35.2251395182011	2	100	0	1	-Inf	"SD"	NA	NA
"ECK120001441"	"hemG"	"+"	4032631	4033176	546	"M-P1h"	303	33.1185411735698	31	507	61.1439842209073	1	-2.41729900488182	"SD"	5	23.8095238095238
"ECK120001442"	"wzxE"	"+"	3974301	3975551	1251	"M-P1h"	242	11.5446100739108	4	252	0	0.999200639488409	-Inf	"SD"	NA	NA
"ECK120001443"	"pdxH"	"-"	1715375	1716031	657	"M-P1h"	491	44.6002543266354	10	248	32.258064516129	1	-4.80090812670796	"SD"	5	19.2307692307692
"ECK120001444"	"mliC"	"-"	1716090	1716419	330	"M-P1h"	54	9.76564724433975	3	65	0	1	-Inf	"SD"	NA	NA
"ECK120001445"	"csgA"	"+"	1103670	1104125	456	"M-P1h"	803	105.092546429402	46	260	130.769230769231	1	-3.94998179481783	"SD"	NA	NA
"ECK120001446"	"gadB"	"-"	1568669	1570069	1401	"M-P1h"	27	0	0	0	0	0.198429693076374	NA	"NO"	0	0
"ECK120001447"	"dinF"	"+"	4255765	4257144	1380	"M-P1h"	382	16.5198267796762	3	83	0	0.927536231884058	-Inf	"SD"	NA	NA
"ECK120001449"	"pabC"	"+"	1152523	1153332	810	"M-P1h"	187	13.7777341437633	6	158	0	1	-Inf	"SD"	NA	NA
"ECK120001450"	"yceG"	"+"	1153335	1154357	1023	"M-P1h"	329	19.192938729915	6	279	0	1	-Inf	"SD"	NA	NA
"ECK120001453"	"prmA"	"+"	3407092	3407973	882	"M-P1h"	425	28.7568662555356	22	426	51.6431924882629	1	-2.70833103954584	"SD"	3	9.375
"ECK120001454"	"yhdJ"	"+"	3409675	3410559	885	"M-P1h"	67	4.51806780858656	20	464	28.0172413793103	0.971751412429379	-0.797194300061917	"SD"	NA	NA
"ECK120001455"	"yhbE"	"-"	3329792	3330757	966	"M-P1h"	980	60.5438677789179	4	100	0	1	-Inf	"SD"	NA	NA
"ECK120001456"	"holB"	"+"	1154985	1155989	1005	"M-P1h"	317	18.8241083145454	8	204	0	1	-Inf	"SD"	2	5.40540540540541
"ECK120001457"	"adiA"	"-"	4336277	4338544	2268	"M-P1h"	34	0.89465806128333	45	418	45.4545454545455	0.562610229276896	2.08659112441988	"AD"	NA	NA
"ECK120001458"	"rcsF"	"-"	219591	219995	405	"M-P1h"	682	100.496413754509	4	227	0	1	-Inf	"SD"	NA	NA
"ECK120001459"	"yaeB"	"-"	218887	219594	708	"M-P1h"	126	10.6208310425729	4	103	0	0.998587570621469	-Inf	"SD"	NA	NA
"ECK120001460"	"metQ"	"-"	220113	220928	816	"M-P1h"	3464	253.343016474892	8	317	22.0820189274448	1	-7.49952142341322	"SD"	58	200
"ECK120001462"	"ftsH"	"-"	3323023	3324957	1935	"M-P1h"	8744	269.68102628469	71	437	146.453089244851	1	-4.39703830735573	"SD"	43	60.5633802816901
"ECK120001464"	"sra"	"-"	1553850	1553987	138	"M-P1h"	792	342.505309149307	0	0	0	1	-Inf	"SD"	NA	NA
"ECK120001466"	"ppk"	"+"	2621066	2623132	2067	"M-P1h"	1784	51.5081066287489	110	1143	90.1137357830271	1	-1.32215517202724	"SD"	10	12.5
"ECK120001469"	"gltF"	"+"	3359198	3359962	765	"M-P1h"	130	10.1415218296339	3	144	0	1	-Inf	"SD"	NA	NA
"ECK120001470"	"yhcA"	"+"	3360134	3360808	675	"M-P1h"	16	1.41461227572329	7	184	0	0.811851851851852	-Inf	"SD"	NA	NA
"ECK120001472"	"glpX"	"-"	4112592	4113602	1011	"M-P1h"	395	23.3167036359249	0	0	0	1	-Inf	"SD"	4	11.1111111111111
"ECK120001473"	"nikR"	"+"	3616611	3617012	402	"M-P1h"	55	8.16503120899053	35	346	98.2658959537572	1	-0.263923653810989	"SD"	1	6.66666666666667
"ECK120001474"	"yhhH"	"+"	3621422	3621805	384	"M-P1h"	30	4.66241838922471	1	74	0	0.984375	-Inf	"SD"	NA	NA
"ECK120001476"	"ybfB"	"+"	732999	733325	327	"M-P1h"	19	3.46758456348455	0	0	0	1	-Inf	"SD"	NA	NA
"ECK120001477"	"ybfC"	"+"	734873	735442	570	"M-P1h"	14	1.46579890412117	0	0	0	0.729824561403509	-Inf	"SD"	NA	NA
"ECK120001478"	"ybfD"	"+"	737315	738076	762	"M-P1h"	2	0	0	0	0	0.0551181102362205	NA	"NO"	NA	NA
"ECK120001480"	"ydcC"	"+"	1529840	1530976	1137	"M-P1h"	2	0	0	0	0	0.0457343887423043	NA	"NO"	NA	NA
"ECK120001482"	"fabI"	"-"	1348275	1349063	789	"M-P1h"	2609	197.341438012468	34	788	38.0710659898477	1	-5.03958761591108	"SD"	32	114.285714285714
"ECK120001483"	"ftsN"	"-"	4120403	4121362	960	"M-P1h"	353	21.9444492186176	37	372	75.2688172043011	1	-1.97035732832065	"SD"	NA	NA
"ECK120001484"	"fadD"	"-"	1886085	1887770	1686	"M-P1h"	193	6.83157674302533	7	98	0	0.907473309608541	-Inf	"SD"	5	8.06451612903226
"ECK120001486"	"menC"	"-"	2373022	2373984	963	"M-P1h"	278	17.2281927271207	0	0	0	1	-Inf	"SD"	3	8.57142857142857
"ECK120001489"	"ibpB"	"-"	3864492	3864920	429	"M-P1h"	154	21.4232147525402	0	0	0	1	-Inf	"SD"	NA	NA
"ECK120001491"	"yceH"	"+"	1125380	1126027	648	"M-P1h"	652	60.0473439955459	2	100	0	1	-Inf	"SD"	11	45.8333333333333
"ECK120001493"	"pyrH"	"+"	191855	192580	726	"M-P1h"	730	60.0077650536028	2	100	0	1	-Inf	"SD"	8	30.7692307692308
"ECK120001497"	"hemE"	"+"	4195739	4196803	1065	"M-P1h"	886	49.6484079516615	5	145	0	1	-Inf	"SD"	11	28.2051282051282
"ECK120001498"	"gadE"	"+"	3656389	3656916	528	"M-P1h"	90	10.1725492128539	2	100	0	0.767045454545455	-Inf	"SD"	NA	NA
"ECK120001501"	"rnt"	"+"	1726371	1727018	648	"M-P1h"	225	20.7218595076654	1	40	0	1	-Inf	"SD"	2	8.33333333333333
"ECK120001505"	"hydN"	"-"	2835600	2836127	528	"M-P1h"	60	6.78169947523594	4	131	0	0.649621212121212	-Inf	"SD"	NA	NA
"ECK120001506"	"glmM"	"-"	3320755	3322092	1338	"M-P1h"	609	27.1632913510347	3	100	0	1	-Inf	"SD"	14	29.1666666666667
"ECK120001510"	"caiD"	"-"	35377	36162	786	"M-P1h"	10	0.759274241502242	1	100	0	0.559796437659033	-Inf	"SD"	NA	NA
"ECK120001511"	"caiC"	"-"	36271	37824	1554	"M-P1h"	78	2.99546880296136	10	139	0	0.857786357786358	-Inf	"SD"	NA	NA
"ECK120001512"	"caiB"	"-"	37898	39115	1218	"M-P1h"	89	4.36077752791854	2	73	0	0.923645320197044	-Inf	"SD"	NA	NA
"ECK120001513"	"caiA"	"-"	39244	40386	1143	"M-P1h"	135	7.04869551756806	1	100	0	0.976377952755906	-Inf	"SD"	NA	NA
"ECK120001516"	"fixB"	"+"	43188	44129	942	"M-P1h"	8	0.506827646556911	2	100	0	0.462845010615711	-Inf	"SD"	NA	NA
"ECK120001517"	"fixC"	"+"	44180	45466	1287	"M-P1h"	7	0.324594162917276	15	235	38.2978723404255	0.424242424242424	2.47128794488981	"AD"	NA	NA
"ECK120001518"	"fixX"	"+"	45463	45750	288	"M-P1h"	2	0.414437190153307	0	0	0	0.520833333333333	-Inf	"SD"	NA	NA
"ECK120001519"	"yaaU"	"+"	45807	47138	1332	"M-P1h"	17	0.761668349470943	5	181	0	0.554804804804805	-Inf	"SD"	NA	NA
"ECK120001520"	"kefF"	"+"	47246	47776	531	"M-P1h"	30	3.37169239446758	4	164	0	1	-Inf	"SD"	NA	NA
"ECK120001525"	"thiP"	"-"	72911	74521	1611	"M-P1h"	53	1.96336724720673	0	0	0	0.819987585350714	-Inf	"SD"	NA	NA
"ECK120001526"	"tbpA"	"-"	74497	75480	984	"M-P1h"	69	4.1848047981334	1	100	0	0.720528455284553	-Inf	"SD"	1	2.77777777777778
"ECK120001528"	"leuC"	"-"	79464	80864	1401	"M-P1h"	3382	144.064401928752	8	139	0	1	-Inf	"SD"	9	18
"ECK120001529"	"leuB"	"-"	80867	81958	1092	"M-P1h"	1443	78.8614767548865	3	94	0	1	-Inf	"SD"	8	20
"ECK120001532"	"ybiB"	"+"	834471	835433	963	"M-P1h"	337	20.8845357879125	13	143	41.958041958042	0.996884735202492	-4.12132876533284	"SD"	9	25.7142857142857
"ECK120001534"	"gcl"	"+"	533140	534921	1782	"M-P1h"	45	1.50704432783021	2	134	0	0.602132435465769	-Inf	"SD"	NA	NA
"ECK120001535"	"thiC"	"-"	4192227	4194122	1896	"M-P1h"	188	5.91753355054342	0	0	0	0.844409282700422	-Inf	"SD"	NA	NA
"ECK120001536"	"thiE"	"-"	4191592	4192227	636	"M-P1h"	15	1.40752253259614	3	167	0	0.729559748427673	-Inf	"SD"	NA	NA
"ECK120001537"	"thiF"	"-"	4190844	4191599	756	"M-P1h"	15	1.18410625758088	2	61	0	0.75	-Inf	"SD"	NA	NA
"ECK120001538"	"thiG"	"-"	4189888	4190658	771	"M-P1h"	33	2.55435217588653	1	89	0	0.82230869001297	-Inf	"SD"	NA	NA
"ECK120001539"	"thiH"	"-"	4188758	4189891	1134	"M-P1h"	42	2.21033168081764	1	70	0	0.791005291005291	-Inf	"SD"	NA	NA
"ECK120001540"	"lipB"	"-"	660860	661501	642	"M-P1h"	316	29.3746883189036	6	148	0	1	-Inf	"SD"	1	4.16666666666667
"ECK120001541"	"ybeD"	"-"	661602	661865	264	"M-P1h"	2946	665.962888468169	19	495	38.3838383838384	1	-7.45329855494941	"SD"	2	20
"ECK120001542"	"ybeF"	"-"	659648	660601	954	"M-P1h"	14	0.875791798059819	159	995	158.793969849246	0.650943396226415	5.17319280940941	"AD"	NA	NA
"ECK120001544"	"moaB"	"+"	817278	817790	513	"M-P1h"	373	43.392300891841	0	0	0	1	-Inf	"SD"	4	21.0526315789474
"ECK120001545"	"moaD"	"+"	818271	818516	246	"M-P1h"	192	46.5786968835717	0	0	0	1	-Inf	"SD"	NA	NA
"ECK120001546"	"moaE"	"+"	818518	818970	453	"M-P1h"	227	29.9053485027181	1	100	0	1	-Inf	"SD"	2	11.7647058823529
"ECK120001549"	"sseB"	"-"	2652179	2652955	777	"M-P1h"	326	25.0390469170616	95	472	199.152542372881	1	-0.413446986861328	"SD"	2	6.89655172413793
"ECK120001550"	"glnE"	"-"	3194823	3197663	2841	"M-P1h"	795	16.7000244733371	2	104	0	0.994368180218233	-Inf	"SD"	6	5.55555555555556
"ECK120001553"	"smg"	"-"	3430013	3430486	474	"M-P1h"	2895	364.494885719643	5	151	0	1	-Inf	"SD"	NA	NA
"ECK120001561"	"eptA"	"-"	4331970	4333613	1644	"M-P1h"	1159	42.0729375230087	17	211	37.914691943128	1	-4.71674874004039	"SD"	0	0
"ECK120001563"	"basR"	"-"	4331305	4331973	669	"M-P1h"	2152	191.971766789579	7	244	28.6885245901639	1	-7.09932351257316	"SD"	1	4
"ECK120001565"	"baeS"	"+"	2160900	2162303	1404	"M-P1h"	187	7.94869277524804	14	236	0	0.787037037037037	-Inf	"SD"	NA	NA
"ECK120001566"	"baeR"	"+"	2162300	2163022	723	"M-P1h"	398	32.8523156875053	6	109	0	1	-Inf	"SD"	6	21.4285714285714
"ECK120001567"	"mfd"	"-"	1169741	1173187	3447	"M-P1h"	1662	28.7747095575894	11	104	0	1	-Inf	"SD"	21	16.1538461538462
"ECK120001568"	"rnb"	"-"	1345002	1346936	1935	"M-P1h"	1515	46.725383671238	28	390	28.2051282051282	1	-4.40863108140684	"SD"	30	41.6666666666667
"ECK120001570"	"mdlB"	"+"	469860	471641	1782	"M-P1h"	179	5.99468743736905	8	109	0	0.991021324354658	-Inf	"SD"	NA	NA
"ECK120001571"	"sdaB"	"+"	2927598	2928965	1368	"M-P1h"	316	13.7854896935205	3	158	0	1	-Inf	"SD"	NA	NA
"ECK120001572"	"artP"	"-"	902229	902957	729	"M-P1h"	466	38.1486875281859	2	77	0	1	-Inf	"SD"	3	11.1111111111111
"ECK120001573"	"artI"	"-"	901480	902211	732	"M-P1h"	868	70.7668487317516	7	269	0	1	-Inf	"SD"	9	33.3333333333333
"ECK120001574"	"artQ"	"-"	900757	901473	717	"M-P1h"	248	20.642093353912	2	100	0	1	-Inf	"SD"	1	3.84615384615385
"ECK120001575"	"artM"	"-"	900089	900757	669	"M-P1h"	158	14.0945813906847	0	0	0	1	-Inf	"SD"	NA	NA
"ECK120001577"	"potF"	"+"	893007	894119	1113	"M-P1h"	367	19.6785055033441	1	77	0	1	-Inf	"SD"	14	34.1463414634146
"ECK120001578"	"potG"	"+"	894214	895347	1134	"M-P1h"	42	2.21033168081764	0	0	0	0.957671957671958	-Inf	"SD"	NA	NA
"ECK120001579"	"potH"	"+"	895357	896310	954	"M-P1h"	32	2.00180982413673	2	100	0	0.840670859538784	-Inf	"SD"	NA	NA
"ECK120001580"	"potI"	"+"	896307	897152	846	"M-P1h"	40	2.82170001806507	1	100	0	0.836879432624113	-Inf	"SD"	NA	NA
"ECK120001590"	"psuK"	"-"	2256377	2257318	942	"M-P1h"	10	0.633534558196138	0	0	0	0.329087048832272	-Inf	"SD"	NA	NA
"ECK120001591"	"accA"	"+"	208621	209580	960	"M-P1h"	1550	96.3566467106439	11	200	40	1	-5.91224037726868	"SD"	25	71.4285714285714
"ECK120001598"	"fliG"	"+"	2012904	2013899	996	"M-P1h"	1125	67.4084586393933	20	274	62.043795620438	1	-4.30932298550158	"SD"	10	27.027027027027
"ECK120001599"	"fliH"	"+"	2013892	2014578	687	"M-P1h"	536	46.5617468483157	0	0	0	1	-Inf	"SD"	5	20
"ECK120001601"	"uidB"	"-"	1690914	1692287	1374	"M-P1h"	48	2.08485433649175	9	100	0	0.622270742358079	-Inf	"SD"	NA	NA
"ECK120001604"	"yedF"	"+"	2007503	2007736	234	"M-P1h"	89	22.6984061068581	13	292	44.5205479452055	1	-3.1260074659575	"SD"	NA	NA
"ECK120001605"	"yedK"	"+"	2007845	2008513	669	"M-P1h"	47	4.19269193267202	0	0	0	0.85949177877429	-Inf	"SD"	NA	NA
"ECK120001609"	"moaC"	"+"	817793	818278	486	"M-P1h"	199	24.4364446934839	0	0	0	1	-Inf	"SD"	NA	NA
"ECK120001611"	"atoC"	"+"	2319888	2321273	1386	"M-P1h"	190	8.1810977796497	49	331	69.4864048338369	1	-0.830660582852318	"SD"	NA	NA
"ECK120001612"	"atoD"	"+"	2321469	2322131	663	"M-P1h"	2	0.180027014727228	16	104	144.230769230769	0.250377073906486	4.05867718300551	"AD"	NA	NA
"ECK120001613"	"atoA"	"+"	2322131	2322781	651	"M-P1h"	1	0	2	103	0	0.032258064516129	NA	"NO"	NA	NA
"ECK120001614"	"atoE"	"+"	2322778	2324100	1323	"M-P1h"	11	0.496196907938654	5	128	0	0.437641723356009	-Inf	"SD"	NA	NA
"ECK120001618"	"panB"	"-"	148807	149601	795	"M-P1h"	765	57.4269193299224	10	242	0	1	-Inf	"SD"	12	42.8571428571429
"ECK120001619"	"hslV"	"-"	4119780	4120310	531	"M-P1h"	819	92.047202368965	2	54	0	1	-Inf	"SD"	12	63.1578947368421
"ECK120001620"	"modF"	"-"	791539	793011	1473	"M-P1h"	238	9.64262822874008	9	200	0	1	-Inf	"SD"	NA	NA
"ECK120001621"	"yadC"	"-"	149715	150953	1239	"M-P1h"	24	1.15600882096031	8	189	0	0.407586763518967	-Inf	"SD"	NA	NA
"ECK120001622"	"aas"	"-"	2971877	2974036	2160	"M-P1h"	434	11.9910493684357	23	450	33.3333333333333	1	-1.99892351250073	"SD"	5	6.17283950617284
"ECK120001623"	"lptB"	"+"	3341966	3342691	726	"M-P1h"	1289	105.958916649444	3	39	0	1	-Inf	"SD"	14	51.8518518518519
"ECK120001624"	"hpf"	"+"	3344195	3344482	288	"M-P1h"	2075	429.978584784056	9	209	43.0622009569378	1	-7.90012409095262	"SD"	1	9.09090909090909
"ECK120001625"	"ptsN"	"+"	3344600	3345091	492	"M-P1h"	1464	177.581281868617	0	0	0	1	-Inf	"SD"	5	27.7777777777778
"ECK120001630"	"setC"	"+"	3834976	3836160	1185	"M-P1h"	12	0.604343851970392	2	123	0	0.332489451476793	-Inf	"SD"	NA	NA
"ECK120001633"	"yicN"	"-"	3839973	3840425	453	"M-P1h"	248	32.6719225932779	2	38	0	0.995584988962472	-Inf	"SD"	NA	NA
"ECK120001638"	"yidG"	"-"	3853631	3853993	363	"M-P1h"	235	38.6351364043744	8	103	58.252427184466	1	-5.00880718056369	"SD"	NA	NA
"ECK120001641"	"galM"	"-"	787020	788060	1041	"M-P1h"	1827	104.739146477477	38	495	58.5858585858586	1	-4.1746040429161	"SD"	16	42.1052631578947
"ECK120001647"	"acrB"	"-"	480478	483627	3150	"M-P1h"	4624	87.6049173608637	27	247	44.5344129554656	1	-5.31543642330434	"SD"	44	38.5964912280702
"ECK120001652"	"glvB"	"-"	3860010	3860495	486	"M-P1h"	1	0	4	170	0	0.119341563786008	NA	"NO"	NA	NA
"ECK120001659"	"mdtL"	"+"	3889638	3890813	1176	"M-P1h"	124	6.29267896885838	7	122	0	0.461734693877551	-Inf	"SD"	NA	NA
"ECK120001660"	"yidZ"	"+"	3890788	3891747	960	"M-P1h"	230	14.2980830602891	66	428	154.205607476636	1	-0.115283808693001	"SD"	NA	NA
"ECK120001661"	"yieE"	"+"	3891892	3892653	762	"M-P1h"	220	17.2301445984997	9	275	25.4545454545455	0.913385826771654	-3.62143607668933	"SD"	NA	NA
"ECK120001665"	"cbrB"	"+"	3895529	3895996	468	"M-P1h"	35	4.46316974011254	89	994	89.5372233400402	1	1.99573666088924	"AD"	NA	NA
"ECK120001668"	"yieL"	"-"	3897431	3898627	1197	"M-P1h"	34	1.69514158979999	7	210	0	0.786131996658312	-Inf	"SD"	NA	NA
"ECK120001674"	"efeB"	"+"	1082599	1083870	1272	"M-P1h"	17	0.797596101804478	1	100	0	0.463050314465409	-Inf	"SD"	NA	NA
"ECK120001676"	"metI"	"-"	220968	221621	654	"M-P1h"	350	31.9382788741998	1	42	0	1	-Inf	"SD"	NA	NA
"ECK120001678"	"nfrB"	"-"	590164	592401	2238	"M-P1h"	132	3.51993838714659	21	404	37.1287128712871	0.686773905272565	-0.230587675489139	"SD"	NA	NA
"ECK120001679"	"nfrA"	"-"	587205	590177	2973	"M-P1h"	189	3.79391946424904	23	346	0	0.867137571476623	-Inf	"SD"	NA	NA
"ECK120001681"	"yddA"	"-"	1575681	1577366	1686	"M-P1h"	6	0	6	54	0	0.209964412811388	NA	"NO"	NA	NA
"ECK120001682"	"yddB"	"-"	1573271	1575643	2373	"M-P1h"	27	0.67902730523222	22	174	34.4827586206897	0.482932996207332	0.821492911036039	"AD"	NA	NA
"ECK120001683"	"pqqL"	"-"	1570431	1573226	2796	"M-P1h"	152	3.2443495057495	43	407	36.8550368550369	0.836194563662375	-0.11296674517523	"SD"	5	4.76190476190476
"ECK120001690"	"otsB"	"-"	1979611	1980411	801	"M-P1h"	102	7.59956735202469	62	980	63.265306122449	0.967540574282147	0.706350928108492	"AD"	NA	NA
"ECK120001693"	"tsaE"	"+"	4393608	4394069	462	"M-P1h"	172	22.2181392331539	1	94	0	1	-Inf	"SD"	5	29.4117647058824
"ECK120001696"	"ydcD"	"+"	1527946	1528428	483	"M-P1h"	157	19.3987494720206	3	100	0	1	-Inf	"SD"	NA	NA
"ECK120001699"	"yibG"	"+"	3766200	3766661	462	"M-P1h"	7	0.904226596698125	0	0	0	0.367965367965368	-Inf	"SD"	NA	NA
"ECK120001702"	"yibJ"	"+"	3765244	3765945	702	"M-P1h"	22	1.87028065299954	1	51	0	0.57977207977208	-Inf	"SD"	NA	NA
"ECK120001704"	"ybbB"	"-"	529356	530450	1095	"M-P1h"	228	12.4263030384597	1	100	0	1	-Inf	"SD"	NA	NA
"ECK120001705"	"ybbC"	"+"	526805	527173	369	"M-P1h"	339	54.8270077900375	0	0	0	1	-Inf	"SD"	NA	NA
"ECK120001706"	"ybbD"	"+"	527864	528124	261	"M-P1h"	5	0	0	0	0	0.191570881226054	NA	"NO"	NA	NA
"ECK120001707"	"nuoM"	"-"	2389534	2391063	1530	"M-P1h"	5828	227.326112396562	3	166	0	1	-Inf	"SD"	NA	NA
"ECK120001708"	"nuoF"	"-"	2398240	2399577	1338	"M-P1h"	2406	107.315072234137	1	100	0	1	-Inf	"SD"	19	38.7755102040816
"ECK120001709"	"ybfE"	"-"	710828	711121	294	"M-P1h"	174	35.3201980832696	14	518	27.027027027027	1	-3.65699470167036	"SD"	NA	NA
"ECK120001712"	"ybfH"	"-"	715611	715820	210	"M-P1h"	2	0.568371003638821	0	0	0	0.647619047619048	-Inf	"SD"	NA	NA
"ECK120001714"	"ydeK"	"-"	1592133	1596110	3978	"M-P1h"	387	5.80587122495312	9	117	0	0.74534942182001	-Inf	"SD"	NA	NA
"ECK120001721"	"gmd"	"-"	2125217	2126338	1122	"M-P1h"	14	0.744657197280809	21	411	51.0948905109489	0.588235294117647	2.49574098861435	"AD"	NA	NA
"ECK120001722"	"fcl"	"-"	2124249	2125214	966	"M-P1h"	5	0.308897284586316	16	323	49.5356037151703	0.415113871635611	3.37287281123281	"AD"	NA	NA
"ECK120001723"	"gmm"	"-"	2123767	2124246	480	"M-P1h"	4	0.497324628183969	4	276	0	0.441666666666667	-Inf	"SD"	NA	NA
"ECK120001724"	"wcaI"	"-"	2122547	2123770	1224	"M-P1h"	10	0.487573164886244	0	0	0	0.419934640522876	-Inf	"SD"	NA	NA
"ECK120001725"	"cmtB"	"-"	3076909	3077352	444	"M-P1h"	7	0.9408844316994	3	103	0	0.470720720720721	-Inf	"SD"	NA	NA
"ECK120001726"	"cmtA"	"-"	3075493	3076881	1389	"M-P1h"	18	0.773377391560383	0	0	0	0.460043196544276	-Inf	"SD"	NA	NA
"ECK120001727"	"ygdD"	"-"	2939258	2939653	396	"M-P1h"	106	15.9746698750002	1	63	0	1	-Inf	"SD"	NA	NA
"ECK120001729"	"gcvA"	"-"	2939672	2940589	918	"M-P1h"	178	11.5717364466335	6	137	0	1	-Inf	"SD"	2	5.88235294117647
"ECK120001733"	"hybA"	"-"	3142176	3143162	987	"M-P1h"	492	29.7487801904575	1	100	0	1	-Inf	"SD"	NA	NA
"ECK120001734"	"hybB"	"-"	3141008	3142186	1179	"M-P1h"	541	27.3844909768475	12	233	38.6266094420601	1	-3.92729025212034	"SD"	NA	NA
"ECK120001735"	"hybC"	"-"	3139308	3141011	1704	"M-P1h"	1005	35.1979754454147	21	233	38.6266094420601	1	-4.28942363711374	"SD"	2	3.2258064516129
"ECK120001736"	"hybD"	"-"	3138814	3139308	495	"M-P1h"	302	36.4101909603778	0	0	0	1	-Inf	"SD"	NA	NA
"ECK120001737"	"hybE"	"-"	3138333	3138821	489	"M-P1h"	160	19.5268565667325	2	63	0	1	-Inf	"SD"	NA	NA
"ECK120001738"	"hybF"	"-"	3137999	3138340	342	"M-P1h"	51	8.89949334644997	0	0	0	0.91812865497076	-Inf	"SD"	NA	NA
"ECK120001740"	"yebE"	"-"	1927072	1927731	660	"M-P1h"	852	77.0401060386802	9	167	0	1	-Inf	"SD"	2	8.33333333333333
"ECK120001741"	"yebF"	"-"	1928058	1928414	357	"M-P1h"	530	88.5990093907574	1	100	0	1	-Inf	"SD"	NA	NA
"ECK120001744"	"gcvP"	"-"	3044190	3047063	2874	"M-P1h"	9960	206.820596939972	6	102	0	1	-Inf	"SD"	67	64.4230769230769
"ECK120001746"	"yjfC"	"+"	4411051	4412214	1164	"M-P1h"	21	1.07668218472818	11	174	0	0.719072164948454	-Inf	"SD"	NA	NA
"ECK120001747"	"torA"	"+"	1058479	1061025	2547	"M-P1h"	76	1.78076191952799	8	142	42.2535211267606	0.701609736945426	-0.569460241163831	"SD"	NA	NA
"ECK120001749"	"ispF"	"-"	2869323	2869802	480	"M-P1h"	121	15.0440700025651	3	164	0	1	-Inf	"SD"	4	23.5294117647059
"ECK120001750"	"umpG"	"-"	2867535	2868296	762	"M-P1h"	361	28.2731009093563	0	0	0	1	-Inf	"SD"	2	7.40740740740741
"ECK120001751"	"purU"	"-"	1287005	1287847	843	"M-P1h"	901	63.7849807820293	12	226	26.5486725663717	1	-5.7321104468659	"SD"	9	28.125
"ECK120001754"	"puuB"	"+"	1362256	1363536	1281	"M-P1h"	75	3.49408403876325	5	100	0	1	-Inf	"SD"	NA	NA
"ECK120001763"	"rdoA"	"+"	4040438	4041424	987	"M-P1h"	1936	117.060240749442	7	139	0	1	-Inf	"SD"	1	2.63157894736842
"ECK120001766"	"yihI"	"+"	4049370	4049879	510	"M-P1h"	356	41.6582512078807	1	100	0	1	-Inf	"SD"	NA	NA
"ECK120001768"	"typA"	"+"	4056430	4058253	1824	"M-P1h"	11691	382.514620269656	35	348	40.2298850574713	1	-7.09394425338344	"SD"	34	50.7462686567164
"ECK120001769"	"yihL"	"+"	4058470	4059180	711	"M-P1h"	112	9.40090436398388	9	225	40	1	-2.38480264371147	"SD"	2	7.40740740740741
"ECK120001770"	"yihM"	"+"	4059188	4060168	981	"M-P1h"	110	6.69182985935615	1	100	0	0.853211009174312	-Inf	"SD"	NA	NA
"ECK120001772"	"yihO"	"-"	4062386	4063789	1404	"M-P1h"	23	0.977646704977032	10	333	24.024024024024	0.581908831908832	0.710686791531951	"AD"	NA	NA
"ECK120001773"	"yihP"	"-"	4063832	4065238	1407	"M-P1h"	22	0.933146423884632	22	260	38.4615384615385	0.556503198294243	1.099824616771	"AD"	NA	NA
"ECK120001774"	"yihQ"	"-"	4065263	4067299	2037	"M-P1h"	29	0.849626758016795	4	100	0	0.60726558664703	-Inf	"SD"	NA	NA
"ECK120001775"	"yihR"	"-"	4067498	4068424	927	"M-P1h"	8	0.515028741161391	4	166	0	0.445523193096009	-Inf	"SD"	NA	NA
"ECK120001776"	"yihS"	"-"	4068538	4069779	1242	"M-P1h"	32	1.53762203882966	23	320	46.875	0.753623188405797	0.964261581113404	"AD"	NA	NA
"ECK120001777"	"yihT"	"-"	4069796	4070674	879	"M-P1h"	13	0.882623913500559	9	216	0	0.379977246871445	-Inf	"SD"	NA	NA
"ECK120001780"	"yihW"	"+"	4072692	4073477	786	"M-P1h"	130	9.87056513952915	0	0	0	0.982188295165394	-Inf	"SD"	6	20.6896551724138
"ECK120001781"	"yihX"	"+"	4073576	4074175	600	"M-P1h"	378	37.597741890708	0	0	0	1	-Inf	"SD"	4	17.3913043478261
"ECK120001782"	"yihY"	"+"	4074169	4075041	873	"M-P1h"	911	62.2766647801506	14	291	34.3642611683849	1	-4.96061977800085	"SD"	NA	NA
"ECK120001783"	"dtd"	"+"	4075038	4075475	438	"M-P1h"	540	73.5767943066693	1	100	0	1	-Inf	"SD"	NA	NA
"ECK120001784"	"yiiD"	"+"	4075472	4076461	990	"M-P1h"	304	18.3256590264153	6	118	0	1	-Inf	"SD"	1	2.7027027027027
"ECK120001785"	"yiiE"	"+"	4077314	4077532	219	"M-P1h"	5	1.36253322790128	0	0	0	0.977168949771689	-Inf	"SD"	NA	NA
"ECK120001787"	"fdoI"	"-"	4079248	4079883	636	"M-P1h"	620	58.1775980139737	3	138	0	1	-Inf	"SD"	2	8
"ECK120001788"	"fdoH"	"-"	4079880	4080782	903	"M-P1h"	675	44.6105148204889	6	155	0	1	-Inf	"SD"	3	9.09090909090909
"ECK120001793"	"frvX"	"-"	4087878	4088948	1071	"M-P1h"	26	1.44878883280484	2	100	0	0.393090569561158	-Inf	"SD"	NA	NA
"ECK120001794"	"frvB"	"-"	4088938	4090389	1452	"M-P1h"	6	0	0	0	0	0.130165289256198	NA	"NO"	NA	NA
"ECK120001795"	"frvA"	"-"	4090400	4090846	447	"M-P1h"	0	0	2	119	0	0	NA	"NO"	NA	NA
"ECK120001796"	"rhaM"	"-"	4091147	4091461	315	"M-P1h"	3	0.568371003638821	9	188	31.9148936170213	0.603174603174603	1.07812954567168	"AD"	NA	NA
"ECK120001797"	"rhaD"	"-"	4091471	4092295	825	"M-P1h"	7	0.50636689415095	9	314	22.2929936305732	0.413333333333333	1.46717183641758	"AD"	NA	NA
"ECK120001798"	"rhaA"	"-"	4092746	4094005	1260	"M-P1h"	3	0	7	194	0	0.141269841269841	NA	"NO"	NA	NA
"ECK120001800"	"kdgT"	"+"	4099713	4100696	984	"M-P1h"	40	2.42597379601936	5	285	0	0.649390243902439	-Inf	"SD"	NA	NA
"ECK120001802"	"gph"	"-"	3511653	3512411	759	"M-P1h"	247	19.4212147290815	2	76	0	1	-Inf	"SD"	7	25.9259259259259
"ECK120001803"	"fieF"	"+"	4104492	4105394	903	"M-P1h"	825	54.5239625583753	10	271	0	1	-Inf	"SD"	NA	NA
"ECK120001806"	"yiiS"	"+"	4110990	4111289	300	"M-P1h"	135	26.8555299219343	0	0	0	1	-Inf	"SD"	NA	NA
"ECK120001810"	"menA"	"-"	4117446	4118372	927	"M-P1h"	191	12.2963111952282	2	100	0	1	-Inf	"SD"	NA	NA
"ECK120001811"	"hslU"	"-"	4118439	4119770	1332	"M-P1h"	1357	60.7990558960041	62	689	85.6313497822932	1	-2.36526206170135	"SD"	17	34
"ECK120001814"	"tehB"	"+"	1499586	1500179	594	"M-P1h"	762	76.5578518537746	4	193	0	1	-Inf	"SD"	7	30.4347826086957
"ECK120001816"	"opgH"	"+"	1110086	1112629	2544	"M-P1h"	1939	45.4864365117318	11	120	50	1	-5.24433010481688	"SD"	17	17.5257731958763
"ECK120001820"	"slp"	"+"	3651984	3652550	567	"M-P1h"	92	9.68335783977251	2	144	0	0.850088183421517	-Inf	"SD"	NA	NA
"ECK120001821"	"yeeA"	"-"	2077557	2078615	1059	"M-P1h"	301	16.9625737204957	27	432	34.7222222222222	0.975448536355052	-2.49932067987444	"SD"	NA	NA
"ECK120001822"	"sbmC"	"-"	2078813	2079286	474	"M-P1h"	646	81.334610077682	4	118	0	1	-Inf	"SD"	2	11.1111111111111
"ECK120001825"	"yeeE"	"-"	2082491	2083549	1059	"M-P1h"	893	50.3241805063211	0	0	0	1	-Inf	"SD"	NA	NA
"ECK120001826"	"plaP"	"-"	2083728	2085086	1359	"M-P1h"	432	18.9707937638388	24	324	37.037037037037	1	-2.98267373339052	"SD"	NA	NA
"ECK120001828"	"recT"	"-"	1412008	1412817	810	"M-P1h"	74	5.45215147935017	16	415	36.144578313253	0.969135802469136	-0.86186314496404	"SD"	NA	NA
"ECK120001829"	"lar"	"-"	1411757	1411951	195	"M-P1h"	0	0	0	0	0	0	NA	"NO"	NA	NA
"ECK120001830"	"rcbA"	"-"	1411555	1411764	210	"M-P1h"	2	0.568371003638821	5	144	0	0.476190476190476	-Inf	"SD"	NA	NA
"ECK120001833"	"gldA"	"-"	4135955	4137058	1104	"M-P1h"	1355	73.2472686075302	0	0	0	0.990942028985507	-Inf	"SD"	9	23.0769230769231
"ECK120001834"	"fsaB"	"-"	4137069	4137731	663	"M-P1h"	479	43.1164700271712	1	41	0	0.654600301659125	-Inf	"SD"	NA	NA
"ECK120001837"	"frwB"	"+"	4141647	4141967	321	"M-P1h"	12	2.23098898624584	0	0	0	0.890965732087227	-Inf	"SD"	NA	NA
"ECK120001838"	"pflD"	"+"	4142018	4144315	2298	"M-P1h"	50	1.29849772371793	16	220	40.9090909090909	0.833333333333333	0.471153421598108	"AD"	NA	NA
"ECK120001839"	"pflC"	"+"	4144281	4145159	879	"M-P1h"	16	1.08630635507761	2	40	0	0.488054607508532	-Inf	"SD"	NA	NA
"ECK120001842"	"eptC"	"-"	4146555	4148288	1734	"M-P1h"	1227	42.2295722340297	180	1056	104.166666666667	1	-0.940750109632007	"SD"	11	16.4179104477612
"ECK120001843"	"nfi"	"+"	4196813	4197484	672	"M-P1h"	270	23.9781517160128	6	161	0	1	-Inf	"SD"	2	8
"ECK120001844"	"yjaG"	"+"	4197527	4198117	591	"M-P1h"	825	83.3081864470607	16	357	39.2156862745098	1	-4.89495953961364	"SD"	3	13.0434782608696
"ECK120001851"	"yjbE"	"+"	4233929	4234171	243	"M-P1h"	11	2.70151649877711	1	39	0	1	-Inf	"SD"	NA	NA
"ECK120001852"	"yjbF"	"+"	4234285	4234923	639	"M-P1h"	3	0.280182889117729	0	0	0	0.328638497652582	-Inf	"SD"	NA	NA
"ECK120001853"	"yjbG"	"+"	4234920	4235657	738	"M-P1h"	2	0	0	0	0	0.2289972899729	NA	"NO"	NA	NA
"ECK120001855"	"yjbI"	"+"	4248978	4250306	1329	"M-P1h"	5	0	24	171	134.502923976608	0.237020316027088	Inf	"AD"	NA	NA
"ECK120001859"	"yjbM"	"+"	4258622	4259329	708	"M-P1h"	14	1.18009233806365	1	100	0	0.394067796610169	-Inf	"SD"	NA	NA
"ECK120001860"	"dusA"	"+"	4259692	4260729	1038	"M-P1h"	532	30.5869019877308	1	100	0	1	-Inf	"SD"	5	13.5135135135135
"ECK120001863"	"yjbQ"	"+"	4268261	4268677	417	"M-P1h"	699	100.037385640459	1	38	0	1	-Inf	"SD"	0	0
"ECK120001867"	"ghxP"	"+"	4276502	4277851	1350	"M-P1h"	219	9.68125276198126	12	267	0	0.976296296296296	-Inf	"SD"	NA	NA
"ECK120001870"	"actP"	"-"	4281276	4282925	1650	"M-P1h"	55	1.98929851273587	8	125	0	0.744848484848485	-Inf	"SD"	NA	NA
"ECK120001871"	"yjcH"	"-"	4282922	4283236	315	"M-P1h"	18	3.41022602183293	0	0	0	0.917460317460317	-Inf	"SD"	NA	NA
"ECK120001872"	"nrfB"	"+"	4287268	4287834	567	"M-P1h"	76	7.99929560676859	0	0	0	0.887125220458554	-Inf	"SD"	NA	NA
"ECK120001873"	"nrfC"	"+"	4287831	4288502	672	"M-P1h"	49	4.35159049660973	1	100	0	0.921130952380952	-Inf	"SD"	NA	NA
"ECK120001874"	"nrfD"	"+"	4288499	4289455	957	"M-P1h"	55	3.4298250219584	0	0	0	0.899686520376176	-Inf	"SD"	NA	NA
"ECK120001875"	"nrfE"	"+"	4289535	4291193	1659	"M-P1h"	46	1.65475102325226	5	91	0	0.763110307414105	-Inf	"SD"	NA	NA
"ECK120001876"	"nrfF"	"+"	4291186	4291569	384	"M-P1h"	12	1.86496735568988	6	101	59.4059405940594	0.653645833333333	-0.636115971994439	"SD"	NA	NA
"ECK120001877"	"nrfG"	"+"	4291566	4292162	597	"M-P1h"	15	1.49947124075568	5	237	0	0.775544388609715	-Inf	"SD"	NA	NA
"ECK120001879"	"mdtP"	"-"	4297587	4299053	1467	"M-P1h"	9	0.366128560626235	9	225	0	0.420586230402181	-Inf	"SD"	NA	NA
"ECK120001880"	"mdtO"	"-"	4299050	4301101	2052	"M-P1h"	15	0.436249673845587	39	405	41.9753086419753	0.46588693957115	2.96230878853328	"AD"	NA	NA
"ECK120001881"	"mdtN"	"-"	4301101	4302132	1032	"M-P1h"	0	0	23	272	69.8529411764706	0	Inf	"AD"	NA	NA
"ECK120001882"	"yjcS"	"-"	4302635	4304620	1986	"M-P1h"	5	0	6	100	0	0.132426988922457	NA	"NO"	NA	NA
"ECK120001883"	"alsK"	"-"	4304893	4305822	930	"M-P1h"	25	1.60427299414183	33	476	65.1260504201681	0.811827956989247	1.95034855389195	"AD"	NA	NA
"ECK120001884"	"alsE"	"-"	4305806	4306501	696	"M-P1h"	29	2.48662314091984	8	231	0	0.863505747126437	-Inf	"SD"	NA	NA
"ECK120001885"	"alsC"	"-"	4306512	4307492	981	"M-P1h"	19	1.15586152116152	27	911	29.6377607025247	0.767584097859327	2.22399084222352	"AD"	NA	NA
"ECK120001886"	"alsA"	"-"	4307471	4309003	1533	"M-P1h"	17	0.661801853552052	16	254	51.1811023622047	0.431833007175473	1.97404038583393	"AD"	NA	NA
"ECK120001887"	"lldP"	"+"	3775422	3777077	1656	"M-P1h"	50	1.80190082675351	6	61	0	0.71195652173913	-Inf	"SD"	NA	NA
"ECK120001888"	"lldR"	"+"	3777077	3777853	777	"M-P1h"	28	2.15059298674149	14	267	41.1985018726592	0.848133848133848	0.0327690122718033	"AD"	NA	NA
"ECK120001889"	"lldD"	"+"	3777850	3779040	1191	"M-P1h"	105	5.26136886239967	3	148	0	0.998320738874895	-Inf	"SD"	16	37.2093023255814
"ECK120001892"	"adiY"	"-"	4335191	4335952	762	"M-P1h"	284	22.2425502998814	8	185	0	1	-Inf	"SD"	NA	NA
"ECK120001893"	"flgK"	"+"	1137601	1139244	1644	"M-P1h"	1757	63.7809760379002	7	134	0	1	-Inf	"SD"	7	12.0689655172414
"ECK120001894"	"zntR"	"-"	3436727	3437152	426	"M-P1h"	216	30.2597520247147	22	236	84.7457627118644	1	-2.91932825976586	"SD"	NA	NA
"ECK120001895"	"yhdN"	"-"	3437163	3437531	369	"M-P1h"	320	51.754107648413	0	0	0	1	-Inf	"SD"	NA	NA
"ECK120001897"	"htrE"	"-"	152829	155426	2598	"M-P1h"	30	0.689133433973167	36	426	46.9483568075117	0.380292532717475	2.53714474201113	"AD"	NA	NA
"ECK120001898"	"yadV"	"-"	155461	156201	741	"M-P1h"	2	0	14	179	55.8659217877095	0.176788124156545	Inf	"AD"	NA	NA
"ECK120001899"	"fimI"	"+"	4541751	4542290	540	"M-P1h"	1072	118.473778091825	9	163	0	1	-Inf	"SD"	NA	NA
"ECK120001900"	"fliP"	"+"	2019893	2020630	738	"M-P1h"	112	9.05696883847227	7	118	0	0.990514905149051	-Inf	"SD"	2	7.40740740740741
"ECK120001901"	"fliQ"	"+"	2020640	2020909	270	"M-P1h"	101	22.3243499762581	4	105	0	1	-Inf	"SD"	NA	NA
"ECK120001902"	"fliR"	"+"	2020917	2021702	786	"M-P1h"	100	7.59274241502242	17	489	32.719836400818	0.963104325699746	-1.24654916023171	"SD"	NA	NA
"ECK120001903"	"rfbA"	"-"	2108162	2109043	882	"M-P1h"	1034	69.9637640193501	4	130	0	1	-Inf	"SD"	16	48.4848484848485
"ECK120001904"	"rfbC"	"-"	2107605	2108162	558	"M-P1h"	1191	127.379275734862	5	59	0	1	-Inf	"SD"	6	28.5714285714286
"ECK120001905"	"rfbX"	"-"	2106361	2107608	1248	"M-P1h"	836	39.9772489578652	1	100	0	1	-Inf	"SD"	NA	NA
"ECK120001906"	"glf"	"-"	2105250	2106353	1104	"M-P1h"	2224	120.222823160994	2	133	0	1	-Inf	"SD"	23	53.4883720930233
"ECK120001907"	"wbbH"	"-"	2104084	2105250	1167	"M-P1h"	723	36.9733373960935	0	0	0	1	-Inf	"SD"	NA	NA
"ECK120001908"	"wbbI"	"-"	2103089	2104081	993	"M-P1h"	1626	97.7220357011641	3	109	0	1	-Inf	"SD"	8	21.0526315789474
"ECK120001909"	"wbbJ"	"-"	2102518	2103108	591	"M-P1h"	1422	143.593019548752	1	61	0	1	-Inf	"SD"	1	4.54545454545455
"ECK120001910"	"wbbK"	"-"	2101415	2102533	1119	"M-P1h"	1183	63.0922289696123	0	0	0	1	-Inf	"SD"	14	32.5581395348837
"ECK120001911"	"wbbL_1"	"-"	2100940	2101413	474	"M-P1h"	1018	128.171258605387	0	0	0	1	-Inf	"SD"	NA	NA
"ECK120001913"	"yehB"	"-"	2186452	2188932	2481	"M-P1h"	31	0.745686262331465	2	60	0	0.633212414349053	-Inf	"SD"	NA	NA
"ECK120001914"	"yehC"	"-"	2188948	2189667	720	"M-P1h"	10	0.828874380306614	0	0	0	0.493055555555556	-Inf	"SD"	NA	NA
"ECK120001915"	"yehD"	"-"	2189702	2190244	543	"M-P1h"	65	7.14388968662054	0	0	0	0.92817679558011	-Inf	"SD"	NA	NA
"ECK120001916"	"yehE"	"-"	2190537	2190818	282	"M-P1h"	23	4.86743253116225	0	0	0	1	-Inf	"SD"	NA	NA
"ECK120001917"	"molR_1"	"+"	2194496	2195320	825	"M-P1h"	23	1.66377693792455	1	100	0	0.79030303030303	-Inf	"SD"	NA	NA
"ECK120001918"	"yehI"	"+"	2198301	2201933	3633	"M-P1h"	130	2.13549799055048	58	735	48.9795918367347	0.710707404349023	1.75342436611375	"AD"	NA	NA
"ECK120001919"	"yehL"	"+"	2202618	2203706	1089	"M-P1h"	6	0.328809671526591	4	236	0	0.373737373737374	-Inf	"SD"	NA	NA
"ECK120001920"	"yehM"	"+"	2203717	2205996	2280	"M-P1h"	29	0.759074432491321	17	217	46.0829493087558	0.46140350877193	1.3976867360963	"AD"	NA	NA
"ECK120001921"	"yehP"	"+"	2205989	2207125	1137	"M-P1h"	17	0.892297485923743	9	266	33.8345864661654	0.557607739665787	1.01240022636862	"AD"	NA	NA
"ECK120001922"	"yehQ"	"+"	2207122	2208966	1845	"M-P1h"	38	1.22916005664981	26	406	27.0935960591133	0.591869918699187	0.839830733425871	"AD"	NA	NA
"ECK120001925"	"yehT"	"-"	2210265	2210984	720	"M-P1h"	496	41.1121692632081	5	81	0	1	-Inf	"SD"	2	7.40740740740741
"ECK120001929"	"yehX"	"-"	2214503	2215429	927	"M-P1h"	42	2.70390089109731	1	82	0	0.888888888888889	-Inf	"SD"	NA	NA
"ECK120001930"	"yehY"	"-"	2215422	2216579	1158	"M-P1h"	39	2.00991300509583	6	101	0	0.710708117443869	-Inf	"SD"	NA	NA
"ECK120001931"	"osmF"	"-"	2216586	2217503	918	"M-P1h"	43	2.79541947868113	4	102	0	0.793028322440087	-Inf	"SD"	NA	NA
"ECK120001937"	"mdtQ"	"-"	2225345	2226433	1089	"M-P1h"	3	0	0	0	0	0.170798898071625	NA	"NO"	NA	NA
"ECK120001941"	"yohK"	"+"	2229041	2229736	696	"M-P1h"	565	48.4462784351625	7	141	0	1	-Inf	"SD"	NA	NA
"ECK120001942"	"sanA"	"+"	2230900	2231619	720	"M-P1h"	607	50.3126748846115	18	236	72.0338983050847	1	-3.88731524139127	"SD"	2	7.40740740740741
"ECK120001950"	"psuG"	"-"	2255451	2256389	939	"M-P1h"	17	1.08044967145399	4	135	0	0.583599574014909	-Inf	"SD"	NA	NA
"ECK120001953"	"yeiQ"	"+"	2264267	2265733	1467	"M-P1h"	75	3.05107133855195	11	163	36.8098159509202	0.796182685753238	-1.34628150681693	"SD"	NA	NA
"ECK120001954"	"yejA"	"+"	2270386	2272200	1815	"M-P1h"	367	12.0673149450259	45	326	70.5521472392638	0.998898071625344	-1.39139893661869	"SD"	1	1.42857142857143
"ECK120001955"	"yejB"	"+"	2272201	2273295	1095	"M-P1h"	151	8.22970069652376	1	100	0	1	-Inf	"SD"	NA	NA
"ECK120001956"	"yejE"	"+"	2273295	2274320	1026	"M-P1h"	323	18.7878192869499	16	271	0	1	-Inf	"SD"	NA	NA
"ECK120001963"	"yejM"	"+"	2282398	2284158	1761	"M-P1h"	1026	34.7703624202216	41	376	74.468085106383	1	-2.63435937243384	"SD"	0	0
"ECK120001966"	"ccmG"	"-"	2290429	2290986	558	"M-P1h"	245	26.2031255709833	0	0	0	1	-Inf	"SD"	NA	NA
"ECK120001967"	"ccmF"	"-"	2290983	2292926	1944	"M-P1h"	384	11.7884356310274	0	0	0	1	-Inf	"SD"	NA	NA
"ECK120001968"	"ccmE"	"-"	2292923	2293402	480	"M-P1h"	123	15.292732316657	1	38	0	1	-Inf	"SD"	NA	NA
"ECK120001969"	"ccmC"	"-"	2293605	2294342	738	"M-P1h"	227	18.3565350565465	0	0	0	1	-Inf	"SD"	NA	NA
"ECK120001970"	"ccmB"	"-"	2294384	2295046	663	"M-P1h"	116	10.4415668541792	1	83	0	0.990950226244344	-Inf	"SD"	NA	NA
"ECK120001971"	"ccmA"	"-"	2295043	2295666	624	"M-P1h"	254	24.2923952997554	0	0	0	1	-Inf	"SD"	NA	NA
"ECK120001972"	"napC"	"-"	2295679	2296281	603	"M-P1h"	156	15.4393317406366	3	157	0	1	-Inf	"SD"	NA	NA
"ECK120001973"	"napB"	"-"	2296291	2296740	450	"M-P1h"	21	2.78501791783022	1	98	0	0.737777777777778	-Inf	"SD"	NA	NA
"ECK120001974"	"napH"	"-"	2296737	2297600	864	"M-P1h"	69	4.76602768676303	2	100	0	1	-Inf	"SD"	NA	NA
"ECK120001975"	"napG"	"-"	2297587	2298282	696	"M-P1h"	55	4.71600940519281	1	76	0	0.971264367816092	-Inf	"SD"	NA	NA
"ECK120001976"	"napA"	"-"	2298289	2300775	2487	"M-P1h"	421	10.1024689247503	29	341	55.7184750733138	1	-1.4106365901215	"SD"	13	13.9784946236559
"ECK120001979"	"yojI"	"-"	2304994	2306637	1644	"M-P1h"	33	1.1979352357716	16	431	27.8422273781903	0.585158150851582	1.00248449232879	"AD"	6	9.67741935483871
"ECK120001980"	"apbE"	"-"	2308501	2309556	1056	"M-P1h"	53	2.99525060156254	0	0	0	0.890151515151515	-Inf	"SD"	NA	NA
"ECK120001981"	"nikA"	"+"	3611690	3613264	1575	"M-P1h"	123	4.66064222983833	14	491	24.4399185336049	0.968888888888889	-0.957494364059038	"SD"	1	1.69491525423729
"ECK120001982"	"nikB"	"+"	3613264	3614208	945	"M-P1h"	105	6.63099504245292	0	0	0	0.954497354497355	-Inf	"SD"	NA	NA
"ECK120001983"	"nikC"	"+"	3614205	3615038	834	"M-P1h"	70	5.00902503206875	2	100	0	0.989208633093525	-Inf	"SD"	NA	NA
"ECK120001984"	"nikD"	"+"	3615038	3615802	765	"M-P1h"	40	3.12046825527196	1	100	0	0.992156862745098	-Inf	"SD"	NA	NA
"ECK120001985"	"nikE"	"+"	3615799	3616605	807	"M-P1h"	69	5.10266161259388	9	241	29.045643153527	0.90458488228005	-1.86582314415838	"SD"	NA	NA
"ECK120001986"	"recX"	"-"	2820161	2820661	501	"M-P1h"	55	6.55158192817204	4	152	0	0.970059880239521	-Inf	"SD"	NA	NA
"ECK120001987"	"ppdA"	"-"	2961729	2962199	471	"M-P1h"	5	0.633534558196138	1	100	0	0.552016985138004	-Inf	"SD"	NA	NA
"ECK120001988"	"nuoA"	"-"	2402651	2403094	444	"M-P1h"	1214	163.17624286901	19	238	42.0168067226891	1	-6.35028721773381	"SD"	2	12.5
"ECK120001989"	"nuoB"	"-"	2401973	2402635	663	"M-P1h"	2013	181.197190322955	12	238	42.0168067226891	1	-6.50141677463698	"SD"	4	16
"ECK120001990"	"nuoC"	"-"	2400077	2401867	1791	"M-P1h"	6622	220.655523472981	11	176	0	1	-Inf	"SD"	47	69.1176470588235
"ECK120001991"	"nuoE"	"-"	2399574	2400074	501	"M-P1h"	3428	408.34223363225	37	133	278.195488721805	1	-5.78610970800394	"SD"	4	21.0526315789474
"ECK120001992"	"nuoG"	"-"	2395461	2398187	2727	"M-P1h"	5637	123.362769156129	6	107	0	1	-Inf	"SD"	49	49
"ECK120001993"	"nuoH"	"-"	2394487	2395464	978	"M-P1h"	3198	195.146522813783	0	0	0	1	-Inf	"SD"	19	52.7777777777778
"ECK120001994"	"nuoI"	"-"	2393930	2394472	543	"M-P1h"	2551	280.370193701062	2	83	0	1	-Inf	"SD"	9	42.8571428571429
"ECK120001995"	"nuoJ"	"-"	2393364	2393918	555	"M-P1h"	1633	175.595917367442	3	120	0	1	-Inf	"SD"	NA	NA
"ECK120001996"	"nuoK"	"-"	2393065	2393367	303	"M-P1h"	1407	277.123070041522	3	109	0	1	-Inf	"SD"	3	27.2727272727273
"ECK120001997"	"nuoL"	"-"	2391227	2393068	1842	"M-P1h"	8608	278.890579765968	40	313	108.626198083067	1	-5.35802064793055	"SD"	11	16.6666666666667
"ECK120002000"	"secG"	"-"	3320195	3320527	333	"M-P1h"	831	148.928564331848	3	144	0	1	-Inf	"SD"	3	27.2727272727273
"ECK120002002"	"yfiH"	"-"	2732325	2733056	732	"M-P1h"	505	41.1719569234269	1	83	0	1	-Inf	"SD"	NA	NA
"ECK120002006"	"feoA"	"+"	3538185	3538412	228	"M-P1h"	59	15.4432384541338	4	209	0	1	-Inf	"SD"	NA	NA
"ECK120002007"	"feoB"	"+"	3538429	3540750	2322	"M-P1h"	549	14.1101406135917	5	100	0	0.996124031007752	-Inf	"SD"	NA	NA
"ECK120002009"	"yeiR"	"+"	2265851	2266837	987	"M-P1h"	116	7.0139400449046	7	223	0	0.977710233029382	-Inf	"SD"	2	5.55555555555556
"ECK120002011"	"hofB"	"-"	115714	117099	1386	"M-P1h"	112	4.82254184905667	16	310	22.5806451612903	0.945887445887446	-1.78436693057838	"SD"	NA	NA
"ECK120002012"	"ppdD"	"-"	117109	117549	441	"M-P1h"	3	0.405979288313444	1	100	0	0.396825396825397	-Inf	"SD"	NA	NA
"ECK120002014"	"ydcF"	"+"	1485259	1486059	801	"M-P1h"	211	15.7206736399726	40	613	50.5709624796085	1	-1.34232291862719	"SD"	6	20
"ECK120002015"	"nlpD"	"-"	2865636	2866775	1140	"M-P1h"	7871	412.046541940633	12	179	44.6927374301676	1	-8.00859158817407	"SD"	4	10
"ECK120002017"	"hofQ"	"-"	3517487	3518725	1239	"M-P1h"	34	1.63767916302711	3	101	0	0.700564971751412	-Inf	"SD"	NA	NA
"ECK120002018"	"prfC"	"+"	4607437	4609026	1590	"M-P1h"	835	31.3408350591407	6	169	0	1	-Inf	"SD"	11	18.3333333333333
"ECK120002019"	"yjjG"	"+"	4606669	4607346	678	"M-P1h"	164	14.4356175260479	2	205	0	1	-Inf	"SD"	NA	NA
"ECK120002024"	"rssB"	"+"	1289465	1290478	1014	"M-P1h"	779	45.8480337698594	7	235	0	1	-Inf	"SD"	NA	NA
"ECK120002025"	"yggI"	"+"	3087777	3088274	498	"M-P1h"	12	1.43804711764039	10	268	37.3134328358209	0.710843373493976	0.475889053518691	"AD"	NA	NA
"ECK120002027"	"hisJ"	"-"	2424028	2424810	783	"M-P1h"	903	68.825155440632	0	0	0	1	-Inf	"SD"	33	117.857142857143
"ECK120002028"	"hisQ"	"-"	2423252	2423938	687	"M-P1h"	101	8.77376199940277	5	176	0	1	-Inf	"SD"	0	0
"ECK120002029"	"treB"	"-"	4462782	4464203	1422	"M-P1h"	46	1.93054286046098	3	49	0	0.814345991561181	-Inf	"SD"	43	84.3137254901961
"ECK120002030"	"lgt"	"-"	2963184	2964059	876	"M-P1h"	880	59.9514620276565	13	179	39.1061452513966	1	-5.42029620458148	"SD"	11	33.3333333333333
"ECK120002031"	"uraA"	"-"	2616893	2618182	1290	"M-P1h"	88	4.07112253769202	16	299	40.133779264214	0.997674418604651	-0.762392240321121	"SD"	NA	NA
"ECK120002032"	"hscA"	"-"	2655107	2656957	1851	"M-P1h"	1020	32.8862963207551	1	100	0	1	-Inf	"SD"	12	18.1818181818182
"ECK120002033"	"hscB"	"-"	2656974	2657489	516	"M-P1h"	311	35.9692928756312	5	198	0	1	-Inf	"SD"	8	40
"ECK120002034"	"iscA"	"-"	2657585	2657908	324	"M-P1h"	1439	265.055607391382	1	100	0	1	-Inf	"SD"	NA	NA
"ECK120002035"	"ucpA"	"-"	2541854	2542645	792	"M-P1h"	1318	99.3142212040107	3	45	0	1	-Inf	"SD"	8	28.5714285714286
"ECK120002037"	"mdtD"	"+"	2159488	2160903	1416	"M-P1h"	88	3.70886163391434	14	308	22.7272727272727	0.858757062146893	-1.40554961921229	"SD"	NA	NA
"ECK120002040"	"yfhG"	"-"	2686815	2687528	714	"M-P1h"	338	28.2513822396944	4	116	0	1	-Inf	"SD"	NA	NA
"ECK120002043"	"sdaC"	"+"	2926251	2927540	1290	"M-P1h"	1716	79.3868894849944	9	255	23.5294117647059	1	-6.04779445918337	"SD"	NA	NA
"ECK120002044"	"napD"	"-"	2300772	2301035	264	"M-P1h"	40	9.04226596698125	0	0	0	1	-Inf	"SD"	NA	NA
"ECK120002045"	"pgm"	"+"	712781	714421	1641	"M-P1h"	2520	91.6459278262231	2	100	0	1	-Inf	"SD"	22	37.9310344827586
"ECK120002046"	"rapZ"	"+"	3345137	3345991	855	"M-P1h"	1857	129.618503093001	2	96	0	1	-Inf	"SD"	7	21.875
"ECK120002047"	"npr"	"+"	3345988	3346260	273	"M-P1h"	591	129.195101211747	3	101	0	1	-Inf	"SD"	NA	NA
"ECK120002048"	"galP"	"+"	3086306	3087700	1395	"M-P1h"	107	4.57752560995137	11	334	29.940119760479	0.915412186379928	-1.19456795751283	"SD"	NA	NA
"ECK120002049"	"cobS"	"-"	2062503	2063246	744	"M-P1h"	447	35.85550141907	1	96	0	1	-Inf	"SD"	NA	NA
"ECK120002050"	"cobT"	"-"	2061412	2062491	1080	"M-P1h"	366	20.2245348794814	6	217	0	1	-Inf	"SD"	1	2.7027027027027
"ECK120002052"	"narU"	"-"	1540696	1542084	1389	"M-P1h"	28	1.20303149798282	35	309	48.5436893203884	0.625629949604032	1.31828808481671	"AD"	NA	NA
"ECK120002056"	"yaiE"	"+"	407401	407685	285	"M-P1h"	349	73.0805453626127	32	607	52.7182866556837	1	-3.51334358987315	"SD"	NA	NA
"ECK120002059"	"rsmB"	"+"	3433229	3434518	1290	"M-P1h"	1134	52.4619654288949	33	677	25.1107828655835	1	-3.94766520609687	"SD"	2	4.16666666666667
"ECK120002061"	"mukF"	"+"	973542	974864	1323	"M-P1h"	1165	52.5517634316847	7	94	0	0.99546485260771	-Inf	"SD"	3	5.88235294117647
"ECK120002064"	"brnQ"	"+"	418815	420134	1320	"M-P1h"	962	43.4932993011798	18	240	58.3333333333333	1	-3.95729442018222	"SD"	4	8.69565217391304
"ECK120002065"	"ccmD"	"-"	2293399	2293608	210	"M-P1h"	114	32.3971472074128	0	0	0	1	-Inf	"SD"	NA	NA
"ECK120002068"	"gspM"	"+"	3463104	3463565	462	"M-P1h"	25	3.2293807024933	64	700	91.4285714285714	0.714285714285714	1.98681437892574	"AD"	NA	NA
"ECK120002069"	"yjdC"	"-"	4360756	4361331	576	"M-P1h"	449	46.5205745947087	1	80	0	1	-Inf	"SD"	6	27.2727272727273
"ECK120002070"	"cutA"	"-"	4363041	4363379	339	"M-P1h"	101	17.7804557333029	4	163	0	1	-Inf	"SD"	NA	NA
"ECK120002071"	"dipZ"	"-"	4361368	4363065	1698	"M-P1h"	553	19.4360791085325	5	161	0	0.997644287396938	-Inf	"SD"	NA	NA
"ECK120002076"	"ampG"	"-"	451294	452769	1476	"M-P1h"	381	15.4049336047229	0	0	0	1	-Inf	"SD"	NA	NA
"ECK120002077"	"ptsP"	"-"	2964210	2966456	2247	"M-P1h"	3300	87.6459958882295	8	188	0	1	-Inf	"SD"	11	13.0952380952381
"ECK120002080"	"glnK"	"+"	471822	472160	339	"M-P1h"	33	5.80945583365344	0	0	0	0.769911504424779	-Inf	"SD"	NA	NA
"ECK120002092"	"cspC"	"-"	1905250	1905459	210	"M-P1h"	9604	2729.31755947362	0	0	0	1	-Inf	"SD"	NA	NA
"ECK120002097"	"waaF"	"+"	3792952	3793998	1047	"M-P1h"	1256	71.5919464755375	20	617	29.1734197730956	1	-4.3137284932341	"SD"	4	10.2564102564103
"ECK120002107"	"acpT"	"+"	3610992	3611579	588	"M-P1h"	123	12.4838631156384	13	491	24.4399185336049	1	-2.37895813249732	"SD"	NA	NA
"ECK120002108"	"rbbA"	"-"	3624826	3627561	2736	"M-P1h"	330	7.19811961845218	5	106	0	0.975877192982456	-Inf	"SD"	NA	NA
"ECK120002109"	"yhiI"	"-"	3627558	3628625	1068	"M-P1h"	184	10.2817675939158	5	237	0	0.997191011235955	-Inf	"SD"	8	20.5128205128205
"ECK120002110"	"yhiJ"	"-"	3628991	3630613	1623	"M-P1h"	30	1.10312302000141	7	114	0	0.439309919901417	-Inf	"SD"	NA	NA
"ECK120002111"	"yhiK"	"-"	3630875	3631267	393	"M-P1h"	0	0	0	0	0	0	NA	"NO"	NA	NA
"ECK120002119"	"arsR"	"+"	3646551	3646904	354	"M-P1h"	8	1.34867695778703	6	351	17.0940170940171	0.621468926553672	-0.16851042191144	"SD"	NA	NA
"ECK120002120"	"arsB"	"+"	3646958	3648247	1290	"M-P1h"	15	0.693941341652049	9	100	0	0.482170542635659	-Inf	"SD"	NA	NA
"ECK120002121"	"arsC"	"+"	3648260	3648685	426	"M-P1h"	34	4.76310911500139	3	153	0	0.906103286384977	-Inf	"SD"	NA	NA
"ECK120002123"	"mdtE"	"+"	3657255	3658412	1158	"M-P1h"	46	2.37066662139508	16	212	33.0188679245283	0.88860103626943	-0.759865968725767	"SD"	NA	NA
"ECK120002126"	"gadX"	"-"	3663009	3663833	825	"M-P1h"	243	17.5781650398115	0	0	0	0.958787878787879	-Inf	"SD"	NA	NA
"ECK120002131"	"yhjD"	"+"	3671385	3672398	1014	"M-P1h"	112	6.59175838539698	37	645	54.2635658914729	0.751479289940828	0.0866915591751056	"AD"	NA	NA
"ECK120002137"	"yhjK"	"-"	3681653	3683602	1950	"M-P1h"	429	13.1293701840568	3	100	0	1	-Inf	"SD"	1	1.35135135135135
"ECK120002138"	"bcsC"	"-"	3683723	3687196	3474	"M-P1h"	192	3.29831877759316	9	69	0	0.832757628094416	-Inf	"SD"	NA	NA
"ECK120002139"	"bcsZ"	"-"	3687178	3688284	1107	"M-P1h"	14	0.754747403206023	2	70	0	0.51219512195122	-Inf	"SD"	NA	NA
"ECK120002140"	"bcsB"	"-"	3688291	3690630	2340	"M-P1h"	39	0.994649256367937	1	51	0	0.623076923076923	-Inf	"SD"	NA	NA
"ECK120002141"	"bcsA"	"-"	3690641	3693259	2619	"M-P1h"	62	1.41278932175973	2	72	0	0.660175639557083	-Inf	"SD"	NA	NA
"ECK120002142"	"bcsQ"	"-"	3693256	3693984	729	"M-P1h"	67	5.48489713388081	4	212	0	0.953360768175583	-Inf	"SD"	NA	NA
"ECK120002145"	"bcsF"	"+"	3696049	3696240	192	"M-P1h"	33	10.2573204562944	0	0	0	1	-Inf	"SD"	NA	NA
"ECK120002148"	"eptB"	"-"	3706807	3708498	1692	"M-P1h"	612	21.5860051381978	49	421	104.513064133017	1	-1.294520843651	"SD"	0	0
"ECK120002149"	"yhjX"	"-"	3708822	3710030	1209	"M-P1h"	45	2.22130106881177	4	80	0	0.890818858560794	-Inf	"SD"	NA	NA
"ECK120002156"	"xylG"	"+"	3730224	3731765	1542	"M-P1h"	43	1.66419914489577	99	663	141.779788838612	0.591439688715953	3.49783267417498	"AD"	NA	NA
"ECK120002157"	"xylH"	"+"	3731743	3732924	1182	"M-P1h"	34	1.71665353890913	4	163	0	0.794416243654822	-Inf	"SD"	NA	NA
"ECK120002161"	"yiaL"	"+"	3741766	3742233	468	"M-P1h"	0	0	0	0	0	0	NA	"NO"	NA	NA
"ECK120002162"	"yiaM"	"+"	3742351	3742824	474	"M-P1h"	2	0.251809938320997	0	0	0	0.381856540084388	-Inf	"SD"	NA	NA
"ECK120002163"	"yiaN"	"+"	3742827	3744104	1278	"M-P1h"	2	0	11	76	78.9473684210526	0.0579029733959311	Inf	"AD"	NA	NA
"ECK120002164"	"yiaO"	"+"	3744117	3745103	987	"M-P1h"	10	0.604650003871086	3	252	0	0.462006079027356	-Inf	"SD"	NA	NA
"ECK120002165"	"lyxK"	"+"	3745107	3746603	1497	"M-P1h"	20	0.797314033160671	0	0	0	0.55377421509686	-Inf	"SD"	NA	NA
"ECK120002166"	"sgbH"	"+"	3746600	3747262	663	"M-P1h"	3	0.270040522090843	0	0	0	0.34841628959276	-Inf	"SD"	NA	NA
"ECK120002167"	"sgbU"	"+"	3747255	3748115	861	"M-P1h"	18	1.24764366652424	1	100	0	0.717770034843206	-Inf	"SD"	NA	NA
"ECK120002172"	"yiaW"	"-"	3752128	3752451	324	"M-P1h"	1	0.184194306734803	0	0	0	0.271604938271605	-Inf	"SD"	NA	NA
"ECK120002173"	"aldB"	"-"	3752996	3754534	1539	"M-P1h"	67	2.59810916868038	2	100	0	0.870695256660169	-Inf	"SD"	NA	NA
"ECK120002174"	"yiaY"	"-"	3754699	3755850	1152	"M-P1h"	6	0.31082789261498	2	100	0	0.326388888888889	-Inf	"SD"	NA	NA
"ECK120002175"	"grxC"	"-"	3782214	3782465	252	"M-P1h"	606	143.513678418802	5	127	0	1	-Inf	"SD"	NA	NA
"ECK120002178"	"envC"	"+"	3784861	3786120	1260	"M-P1h"	1233	58.4001206238889	17	287	55.7491289198606	1	-4.18982753873116	"SD"	NA	NA
"ECK120002181"	"tmk"	"+"	1154347	1154988	642	"M-P1h"	598	55.5888089072922	3	65	0	1	-Inf	"SD"	4	16.6666666666667
"ECK120002182"	"ycfH"	"+"	1156000	1156797	798	"M-P1h"	559	41.8051830308028	326	1139	286.215978928885	1	0.641190144894635	"AD"	3	10
"ECK120002183"	"sapD"	"-"	1350660	1351652	993	"M-P1h"	151	9.07504759586456	2	150	0	0.956696878147029	-Inf	"SD"	0	0
"ECK120002184"	"sapF"	"-"	1349852	1350658	807	"M-P1h"	166	12.2759685172548	34	186	102.150537634409	1	-1.69176552734115	"SD"	2	6.45161290322581
"ECK120002186"	"yjtD"	"+"	4638965	4639651	687	"M-P1h"	138	11.9879124348275	2	66	0	1	-Inf	"SD"	NA	NA
"ECK120002187"	"pepB"	"-"	2653097	2654380	1284	"M-P1h"	903	41.9704803037499	27	226	115.044247787611	1	-3.01279144493306	"SD"	18	39.1304347826087
"ECK120002188"	"iscX"	"-"	2654558	2654758	201	"M-P1h"	664	197.148389918899	6	244	24.5901639344262	1	-7.36010371216244	"SD"	NA	NA
"ECK120002190"	"zapD"	"-"	111856	112599	744	"M-P1h"	782	62.7270740709457	6	210	0	1	-Inf	"SD"	6	21.4285714285714
"ECK120002197"	"yadH"	"+"	143702	144472	771	"M-P1h"	569	44.043223881195	1	100	0	1	-Inf	"SD"	NA	NA
"ECK120002198"	"yadI"	"+"	144577	145017	441	"M-P1h"	407	55.0778567811905	21	678	30.9734513274336	1	-3.71301118864556	"SD"	NA	NA
"ECK120002199"	"yfaD"	"+"	2354926	2355825	900	"M-P1h"	325	21.550733887972	22	400	47.5	0.885555555555556	-2.50366567597079	"SD"	NA	NA
"ECK120002200"	"yadK"	"-"	151003	151599	597	"M-P1h"	15	1.49947124075568	1	100	0	0.809045226130653	-Inf	"SD"	NA	NA
"ECK120002201"	"yadL"	"-"	151626	152231	606	"M-P1h"	21	2.06808261225017	1	100	0	0.884488448844885	-Inf	"SD"	NA	NA
"ECK120002202"	"yadM"	"-"	152243	152812	570	"M-P1h"	21	2.19869835618176	1	100	0	0.889473684210526	-Inf	"SD"	NA	NA
"ECK120002203"	"yadN"	"-"	156299	156883	585	"M-P1h"	5	0.510076541727147	0	0	0	0.415384615384615	-Inf	"SD"	NA	NA
"ECK120002209"	"btuF"	"-"	177662	178462	801	"M-P1h"	202	15.0501235794999	7	142	0	0.965043695380774	-Inf	"SD"	3	10.3448275862069
"ECK120002212"	"yaeI"	"-"	184257	185069	813	"M-P1h"	138	10.1300071866255	35	481	70.6860706860707	1	-0.575028546168401	"SD"	NA	NA
"ECK120002214"	"yagB"	"-"	279609	279959	351	"M-P1h"	140	23.8035719472669	22	471	44.5859872611465	1	-2.50271684657724	"SD"	NA	NA
"ECK120002216"	"rseA"	"-"	2706776	2707426	651	"M-P1h"	4090	374.941516916577	3	64	0	1	-Inf	"SD"	0	0
"ECK120002223"	"arfB"	"+"	214833	215255	423	"M-P1h"	293	41.3379052646533	3	136	0	1	-Inf	"SD"	NA	NA
"ECK120002227"	"ybgD"	"-"	751452	752018	567	"M-P1h"	11	1.15779278519019	5	100	0	0.604938271604938	-Inf	"SD"	NA	NA
"ECK120002229"	"kduD"	"-"	2980519	2981280	762	"M-P1h"	105	8.2234781038294	30	472	63.5593220338983	0.982939632545932	-0.454786207279879	"SD"	NA	NA
"ECK120002230"	"menF"	"-"	2377370	2378665	1296	"M-P1h"	387	17.8207991765922	23	289	62.2837370242215	1	-2.30749322453307	"SD"	NA	NA
"ECK120002231"	"ygiL"	"+"	3183436	3183987	552	"M-P1h"	19	2.054166942499	6	244	0	0.717391304347826	-Inf	"SD"	NA	NA
"ECK120002232"	"intB"	"+"	4494773	4495963	1191	"M-P1h"	526	26.3569525868783	16	157	0	1	-Inf	"SD"	NA	NA
"ECK120002234"	"rsmE"	"+"	3089156	3089887	732	"M-P1h"	592	48.2649475221163	0	0	0	1	-Inf	"SD"	7	25.9259259259259
"ECK120002235"	"cusA"	"+"	597937	601080	3144	"M-P1h"	683	12.9646076736508	7	184	0	1	-Inf	"SD"	NA	NA
"ECK120002239"	"nlpI"	"-"	3306062	3306946	885	"M-P1h"	24473	1650.3085593961	4	105	0	1	-Inf	"SD"	NA	NA
"ECK120002241"	"ygdH"	"+"	2924330	2925694	1365	"M-P1h"	1970	86.1300674744983	49	192	62.5	1	-5.16541065053096	"SD"	13	25.4901960784314
"ECK120002242"	"yhfG"	"-"	3489475	3489642	168	"M-P1h"	23	8.17033317730806	2	90	0	1	-Inf	"SD"	NA	NA
"ECK120002243"	"ycaI"	"+"	963543	965807	2265	"M-P1h"	160	4.21573194751973	120	830	109.638554216867	0.886534216335541	2.11008340752934	"AD"	NA	NA
"ECK120002246"	"yecE"	"+"	1949419	1950237	819	"M-P1h"	130	9.47285006064702	65	467	68.5224839400428	0.970695970695971	-0.565726644103043	"SD"	NA	NA
"ECK120002248"	"nrdF"	"+"	2801524	2802483	960	"M-P1h"	16	0.994649256367937	9	313	0	0.59375	-Inf	"SD"	NA	NA
"ECK120002250"	"rcsD"	"+"	2311510	2314182	2673	"M-P1h"	2422	54.0749831408113	20	130	0	1	-Inf	"SD"	7	7
"ECK120002252"	"lhgO"	"+"	2788004	2789272	1269	"M-P1h"	13	0.611368337247432	1	100	0	0.38849487785658	-Inf	"SD"	NA	NA
"ECK120002258"	"ybgE"	"+"	773532	773825	294	"M-P1h"	3870	785.569922886514	2	100	0	1	-Inf	"SD"	NA	NA
"ECK120002260"	"ycbF"	"+"	1003170	1003880	711	"M-P1h"	84	7.05067827298791	80	488	163.934426229508	0.911392405063291	1.18223794901242	"AD"	NA	NA
"ECK120002261"	"dhaM"	"-"	1246919	1248337	1419	"M-P1h"	9418	396.093306404788	21	638	25.0783699059561	1	-6.95162460595457	"SD"	5	9.80392156862745
"ECK120002263"	"rlmN"	"-"	2641151	2642305	1155	"M-P1h"	1230	63.5542122250682	25	683	33.6749633967789	1	-3.78828198058177	"SD"	4	9.30232558139535
"ECK120002271"	"nudK"	"-"	2580925	2581500	576	"M-P1h"	615	63.719717986071	1	41	0	1	-Inf	"SD"	7	31.8181818181818
"ECK120002272"	"rfbD"	"-"	2109101	2110000	900	"M-P1h"	1094	72.5430857644349	9	405	22.2222222222222	1	-5.3327693028488	"SD"	6	18.1818181818182
"ECK120002273"	"rfbB"	"-"	2110000	2111085	1086	"M-P1h"	2494	137.052775987936	2	100	0	1	-Inf	"SD"	18	43.9024390243902
"ECK120002274"	"gatA"	"-"	2172619	2173071	453	"M-P1h"	28088	3700.35871693545	1	100	0	1	-Inf	"SD"	11	64.7058823529412
"ECK120002275"	"gatB"	"-"	2172304	2172588	285	"M-P1h"	10392	2176.0831730896	0	0	0	1	-Inf	"SD"	NA	NA
"ECK120002276"	"gatC"	"-"	2170945	2172300	1356	"M-P1h"	29474	1297.18107000834	2	102	0	1	-Inf	"SD"	NA	NA
"ECK120002277"	"gatD"	"-"	2169857	2170897	1041	"M-P1h"	11406	653.888727269896	1	100	0	1	-Inf	"SD"	2	5.40540540540541
"ECK120002278"	"gatY"	"-"	2174372	2175226	855	"M-P1h"	47283	3300.35093255054	0	0	0	1	-Inf	"SD"	23	74.1935483870968
"ECK120002279"	"ybiI"	"-"	837413	837679	267	"M-P1h"	14	3.12923361553958	0	0	0	0.808988764044944	-Inf	"SD"	NA	NA
"ECK120002282"	"prmC"	"+"	1265317	1266150	834	"M-P1h"	664	47.514180304195	12	357	25.2100840336134	1	-4.72228932917555	"SD"	NA	NA
"ECK120002283"	"modA"	"+"	794312	795085	774	"M-P1h"	224	17.2714289477843	2	76	0	1	-Inf	"SD"	17	62.962962962963
"ECK120002285"	"tomB"	"-"	479558	479932	375	"M-P1h"	530	84.3462569400011	7	247	28.3400809716599	1	-5.91282531472531	"SD"	NA	NA
"ECK120002286"	"puuR"	"+"	1359935	1360492	558	"M-P1h"	329	35.1870543381776	1	97	0	1	-Inf	"SD"	0	0
"ECK120002287"	"ydiF"	"+"	1773611	1775206	1596	"M-P1h"	16	0.598285266988233	1	77	0	0.532581453634085	-Inf	"SD"	NA	NA
"ECK120002290"	"rseP"	"+"	196546	197898	1353	"M-P1h"	2210	97.4800379855052	0	0	0	1	-Inf	"SD"	8	16.3265306122449
"ECK120002291"	"menE"	"-"	2371670	2373025	1356	"M-P1h"	133	5.85346686269627	29	463	53.9956803455724	0.963864306784661	-0.227363255305719	"SD"	NA	NA
"ECK120002292"	"menH"	"-"	2374856	2375614	759	"M-P1h"	118	9.27815116611989	1	100	0	0.914361001317523	-Inf	"SD"	NA	NA
"ECK120002296"	"yggL"	"-"	3099829	3100155	327	"M-P1h"	1596	291.277103332702	0	0	0	1	-Inf	"SD"	6	46.1538461538462
"ECK120002300"	"ybcH"	"-"	586314	587204	891	"M-P1h"	31	2.07637218501051	20	280	46.4285714285714	0.757575757575758	0.324446556560541	"AD"	NA	NA
"ECK120002305"	"alsB"	"-"	4309130	4310065	936	"M-P1h"	49	3.12421881807878	8	136	44.1176470588235	0.848290598290598	-1.38046109652625	"SD"	5	15.1515151515152
"ECK120002306"	"adiC"	"-"	4333717	4335054	1338	"M-P1h"	82	3.65745466467134	8	200	0	0.811659192825112	-Inf	"SD"	NA	NA
"ECK120002307"	"yjdL"	"-"	4352977	4354434	1458	"M-P1h"	69	2.82431270326698	6	167	0	0.699588477366255	-Inf	"SD"	NA	NA
"ECK120002308"	"yjeM"	"+"	4381862	4383364	1503	"M-P1h"	59	2.34268687128576	0	0	0	0.854956753160346	-Inf	"SD"	NA	NA
"ECK120002309"	"ulaB"	"+"	4419416	4419721	306	"M-P1h"	21	4.09561458504445	1	100	0	0.852941176470588	-Inf	"SD"	NA	NA
"ECK120002310"	"ulaC"	"+"	4419731	4420195	465	"M-P1h"	39	5.00533174172252	7	381	18.3727034120735	0.948387096774194	-1.83803886352485	"SD"	NA	NA
"ECK120002313"	"ytfR"	"+"	4449081	4450583	1503	"M-P1h"	102	4.05006882832454	8	143	0	0.958749168330007	-Inf	"SD"	NA	NA
"ECK120002314"	"ytfT"	"+"	4450597	4451619	1023	"M-P1h"	47	2.74184838998786	1	100	0	0.774193548387097	-Inf	"SD"	NA	NA
"ECK120002317"	"idnT"	"-"	4489229	4490548	1320	"M-P1h"	231	10.4438171918633	23	488	24.5901639344262	0.868181818181818	-2.12154279916468	"SD"	NA	NA
"ECK120002319"	"yjhF"	"-"	4518694	4520043	1350	"M-P1h"	39	1.72405871103776	107	904	118.362831858407	0.828148148148148	3.63372998676149	"AD"	NA	NA
"ECK120002320"	"sgcA"	"-"	4525572	4526003	432	"M-P1h"	14	1.93404022071543	0	0	0	0.810185185185185	-Inf	"SD"	NA	NA
"ECK120002321"	"sgcC"	"-"	4526953	4528266	1314	"M-P1h"	105	4.76886629765449	5	75	0	0.994672754946728	-Inf	"SD"	NA	NA
"ECK120002322"	"sgcX"	"-"	4528553	4529674	1122	"M-P1h"	53	2.81905938970592	78	1003	76.7696909272183	0.973262032085562	2.4496445740249	"AD"	NA	NA
"ECK120002329"	"fabF"	"+"	1151162	1152403	1242	"M-P1h"	10804	519.139640859864	31	300	80	1	-6.75694443828293	"SD"	15	34.8837209302326
"ECK120002332"	"yabP"	"+"	58474	59124	651	"M-P1h"	218	19.9846578698811	2	93	0	0.984639016897081	-Inf	"SD"	NA	NA
"ECK120002337"	"dppB"	"-"	3702794	3703813	1020	"M-P1h"	510	29.8394776910381	4	100	0	1	-Inf	"SD"	0	0
"ECK120002338"	"dppC"	"-"	3701882	3702784	903	"M-P1h"	633	41.8347494538807	4	100	0	1	-Inf	"SD"	NA	NA
"ECK120002339"	"dppD"	"-"	3700888	3701871	984	"M-P1h"	686	41.605450601732	6	322	0	1	-Inf	"SD"	1	2.77777777777778
"ECK120002341"	"gntK"	"-"	3575088	3575615	528	"M-P1h"	297	33.5694124024179	3	109	0	1	-Inf	"SD"	NA	NA
"ECK120002342"	"gntR"	"-"	3575754	3576749	996	"M-P1h"	616	36.9098760194367	2	100	0	1	-Inf	"SD"	3	8.33333333333333
"ECK120002345"	"cas3"	"-"	2882575	2885241	2667	"M-P1h"	171	3.82643470953695	18	174	51.7241379310345	0.880389951256093	-1.08800387660826	"SD"	NA	NA
"ECK120002349"	"gltJ"	"-"	685152	685892	741	"M-P1h"	252	20.2956771339854	7	140	50	0.99055330634278	-3.85767374185207	"SD"	1	3.57142857142857
"ECK120002350"	"gltK"	"-"	684478	685152	675	"M-P1h"	182	16.0912146363524	7	188	0	1	-Inf	"SD"	NA	NA
"ECK120002351"	"gltL"	"-"	683753	684478	726	"M-P1h"	334	27.4556075724703	0	0	0	1	-Inf	"SD"	NA	NA
"ECK120002352"	"lpxH"	"-"	552441	553163	723	"M-P1h"	429	35.4111643968336	0	0	0	1	-Inf	"SD"	NA	NA
"ECK120002353"	"grxB"	"-"	1122630	1123277	648	"M-P1h"	878	80.8613006565786	31	793	39.0920554854981	1	-3.70510928897946	"SD"	6	25
"ECK120002355"	"rarA"	"+"	937217	938560	1344	"M-P1h"	2011	89.2964131498179	1	62	0	1	-Inf	"SD"	1	2
"ECK120002356"	"yciM"	"+"	1338582	1339751	1170	"M-P1h"	699	35.6543502667276	5	143	0	1	-Inf	"SD"	NA	NA
"ECK120002358"	"nudL"	"+"	1894194	1894772	579	"M-P1h"	226	23.2943763667517	5	317	0	1	-Inf	"SD"	NA	NA
"ECK120002364"	"yggN"	"-"	3098926	3099645	720	"M-P1h"	393	32.5747631460499	13	523	22.9445506692161	1	-3.76264837792337	"SD"	4	15.3846153846154
"ECK120002365"	"ygbE"	"-"	2871036	2871359	324	"M-P1h"	80	14.7355445387843	3	103	0	1	-Inf	"SD"	NA	NA
"ECK120002368"	"yedJ"	"-"	2030408	2031103	696	"M-P1h"	627	53.762507219198	7	82	0	1	-Inf	"SD"	NA	NA
"ECK120002371"	"dxr"	"+"	193521	194717	1197	"M-P1h"	653	32.5566899452763	21	566	35.3356890459364	1	-3.02488212243116	"SD"	NA	NA
"ECK120002373"	"ygjI"	"+"	3224256	3225689	1434	"M-P1h"	6	0	5	102	0	0.212691771269177	NA	"NO"	NA	NA
"ECK120002375"	"uxaA"	"-"	3239849	3241336	1488	"M-P1h"	160	6.41709197656734	8	207	0	0.924731182795699	-Inf	"SD"	NA	NA
"ECK120002377"	"exuR"	"+"	3244674	3245450	777	"M-P1h"	562	43.165473519597	122	1422	85.7946554149086	1	-0.822996666965928	"SD"	4	13.3333333333333
"ECK120002378"	"yhaO"	"-"	3254701	3255969	1269	"M-P1h"	43	2.02221834627997	33	616	53.5714285714286	0.860520094562648	1.70652724578186	"AD"	NA	NA
"ECK120002380"	"agaA"	"+"	3279144	3279647	504	"M-P1h"	8	0.947285006064702	0	0	0	0.430555555555556	-Inf	"SD"	NA	NA
"ECK120002381"	"kbaY"	"+"	3281165	3282025	861	"M-P1h"	1	0	36	596	48.6577181208054	0.116144018583043	Inf	"AD"	NA	NA
"ECK120002382"	"agaB"	"+"	3282192	3282668	477	"M-P1h"	6	0.750678684051273	0	0	0	0.664570230607966	-Inf	"SD"	NA	NA
"ECK120002383"	"agaC"	"+"	3282707	3283510	804	"M-P1h"	11	0.816503120899053	9	270	0	0.414179104477612	-Inf	"SD"	NA	NA
"ECK120002384"	"diaA"	"+"	3293831	3294421	591	"M-P1h"	247	24.9419661241503	4	144	0	1	-Inf	"SD"	3	14.2857142857143
"ECK120002386"	"mlaD"	"-"	3335932	3336483	552	"M-P1h"	589	63.679175217469	0	0	0	1	-Inf	"SD"	8	40
"ECK120002387"	"mlaE"	"-"	3336488	3337270	783	"M-P1h"	371	28.2770018477015	0	0	0	1	-Inf	"SD"	7	25
"ECK120002391"	"yhdW"	"+"	3417171	3418088	918	"M-P1h"	37	2.40536094677214	27	358	61.4525139664804	0.907407407407407	0.871250123706556	"AD"	NA	NA
"ECK120002392"	"yhdX"	"+"	3418156	3419337	1182	"M-P1h"	18	0.908816579422481	8	110	0	0.693739424703892	-Inf	"SD"	NA	NA
"ECK120002393"	"yhdY"	"+"	3419347	3420450	1104	"M-P1h"	16	0.864912396841685	5	174	0	0.467391304347826	-Inf	"SD"	NA	NA
"ECK120002401"	"abgT"	"-"	1398271	1399797	1527	"M-P1h"	207	8.09007450169599	11	233	0	0.755730189914866	-Inf	"SD"	NA	NA
"ECK120002402"	"ybgF"	"+"	778821	779612	792	"M-P1h"	2680	201.943939929248	18	366	40.9836065573771	1	-6.07284854237261	"SD"	11	39.2857142857143
"ECK120002409"	"proQ"	"-"	1912860	1913558	699	"M-P1h"	1800	153.679713430239	12	408	29.4117647058824	1	-6.00074851783604	"SD"	11	42.3076923076923
"ECK120002412"	"ycjF"	"+"	1383535	1384596	1062	"M-P1h"	254	14.2734978032461	0	0	0	0.923728813559322	-Inf	"SD"	2	5.12820512820513
"ECK120002416"	"ycfK"	"+"	1206724	1207353	630	"M-P1h"	1	0	0	0	0	0.158730158730159	NA	"NO"	NA	NA
"ECK120002418"	"ybcJ"	"-"	555884	556096	213	"M-P1h"	438	122.720105433565	0	0	0	1	-Inf	"SD"	NA	NA
"ECK120002424"	"frlA"	"+"	3497932	3499269	1338	"M-P1h"	7	0	10	160	0	0.0829596412556054	NA	"NO"	NA	NA
"ECK120002425"	"feoC"	"+"	3540750	3540986	237	"M-P1h"	20	5.03619876641994	5	164	0	1	-Inf	"SD"	NA	NA
"ECK120002428"	"xapB"	"-"	2520751	2522007	1257	"M-P1h"	52	2.46881915661731	1	100	0	0.855210819411297	-Inf	"SD"	NA	NA
"ECK120002433"	"mngB"	"+"	767201	769834	2634	"M-P1h"	289	6.54791879476843	55	641	56.1622464898596	0.979878511769172	0.13696047648255	"AD"	NA	NA
"ECK120002434"	"cobU"	"-"	2063243	2063788	546	"M-P1h"	241	26.3418099763377	0	0	0	1	-Inf	"SD"	NA	NA
"ECK120002437"	"dctA"	"-"	3680184	3681470	1287	"M-P1h"	104	4.82254184905667	10	283	21.2014134275618	0.865578865578866	-2.00675935191483	"SD"	11	24.4444444444444
"ECK120002438"	"dgoA"	"-"	3871018	3871635	618	"M-P1h"	25	2.41419722419402	0	0	0	0.865695792880259	-Inf	"SD"	NA	NA
"ECK120002439"	"dgoK"	"-"	3871619	3872497	879	"M-P1h"	64	4.34522542031044	13	111	81.0810810810811	0.712172923777019	-1.27143411612988	"SD"	NA	NA
"ECK120002441"	"glcB"	"-"	3119656	3121827	2172	"M-P1h"	990	27.2017338067475	10	253	27.6679841897233	1	-4.28019987782061	"SD"	52	65
"ECK120002442"	"gpsA"	"-"	3780665	3781684	1020	"M-P1h"	2091	122.341858533256	3	100	0	1	-Inf	"SD"	7	19.4444444444444
"ECK120002444"	"kefB"	"-"	3476824	3478629	1806	"M-P1h"	310	10.243895995816	11	272	29.4117647058824	0.981727574750831	-2.67862070050898	"SD"	0	0
"ECK120002445"	"pta"	"+"	2412769	2414913	2145	"M-P1h"	10707	297.893974487595	22	557	28.7253141831239	1	-6.54058322709887	"SD"	55	71.4285714285714
"ECK120002446"	"uxuB"	"+"	4550924	4552384	1461	"M-P1h"	149	6.08635479255945	15	232	38.7931034482759	0.901437371663244	-1.75758152893195	"SD"	1	1.85185185185185
"ECK120002450"	"nrdE"	"+"	2799370	2801514	2145	"M-P1h"	8	0	40	321	68.5358255451713	0.194871794871795	Inf	"AD"	NA	NA
"ECK120002451"	"alaT"	"+"	4035283	4035358	76	"M-P1h"	0	0	0	0	0	0	NA	"NO"	NA	NA
"ECK120002452"	"alaU"	"-"	3424980	3425055	76	"M-P1h"	0	0	0	0	0	0	NA	"NO"	NA	NA
"ECK120002453"	"alaV"	"+"	225500	225575	76	"M-P1h"	0	0	0	0	0	0	NA	"NO"	NA	NA
"ECK120002455"	"alaX"	"-"	2516063	2516138	76	"M-P1h"	95	74.5986942275953	0	0	0	1	-Inf	"SD"	NA	NA
"ECK120002456"	"argQ"	"-"	2815806	2815882	77	"M-P1h"	10	7.75051368598393	0	0	0	1	-Inf	"SD"	NA	NA
"ECK120002458"	"argV"	"-"	2816495	2816571	77	"M-P1h"	45	34.8773115869277	0	0	0	1	-Inf	"SD"	NA	NA
"ECK120002459"	"argW"	"+"	2464331	2464405	75	"M-P1h"	8	6.3657552407548	0	0	0	0.76	-Inf	"SD"	NA	NA
"ECK120002460"	"argX"	"+"	3980398	3980474	77	"M-P1h"	168	130.20862992453	0	0	0	1	-Inf	"SD"	NA	NA
"ECK120002461"	"argY"	"-"	2816220	2816296	77	"M-P1h"	59	45.7280307473052	0	0	0	1	-Inf	"SD"	NA	NA
"ECK120002462"	"argZ"	"-"	2816081	2816157	77	"M-P1h"	5	3.87525684299196	0	0	0	0.545454545454545	-Inf	"SD"	NA	NA
"ECK120002463"	"asnT"	"+"	2042573	2042648	76	"M-P1h"	66	51.8264612528557	18	348	51.7241379310345	1	-3.84762007718815	"SD"	NA	NA
"ECK120002467"	"aspU"	"+"	228928	229004	77	"M-P1h"	11	8.52556505458232	0	0	0	1	-Inf	"SD"	NA	NA
"ECK120002468"	"aspV"	"+"	236931	237007	77	"M-P1h"	145	112.382448446767	1	58	0	1	-Inf	"SD"	NA	NA
"ECK120002470"	"glnU"	"-"	696088	696162	75	"M-P1h"	77	61.2703941922649	54	955	56.544502617801	1	-2.50415882075115	"SD"	NA	NA
"ECK120002472"	"glnW"	"-"	695979	696053	75	"M-P1h"	86	68.4318688381141	54	955	56.544502617801	1	-2.66363703475835	"SD"	NA	NA
"ECK120002474"	"gltT"	"+"	4166395	4166470	76	"M-P1h"	1	0	0	0	0	0.0131578947368421	NA	"NO"	NA	NA
"ECK120002475"	"gltU"	"+"	3941458	3941533	76	"M-P1h"	0	0	0	0	0	0	NA	"NO"	NA	NA
"ECK120002476"	"gltV"	"+"	4207797	4207872	76	"M-P1h"	0	0	0	0	0	0	NA	"NO"	NA	NA
"ECK120002477"	"gltW"	"-"	2727391	2727466	76	"M-P1h"	8	6.28199530337645	0	0	0	0.263157894736842	-Inf	"SD"	NA	NA
"ECK120002478"	"glyT"	"+"	4173696	4173770	75	"M-P1h"	3709	2951.32327349494	0	0	0	1	-Inf	"SD"	NA	NA
"ECK120002479"	"glyU"	"-"	2997006	2997079	74	"M-P1h"	787	634.693755212081	0	0	0	1	-Inf	"SD"	NA	NA
"ECK120002480"	"glyV"	"+"	4390383	4390458	76	"M-P1h"	10	7.85249412922056	0	0	0	1	-Inf	"SD"	NA	NA
"ECK120002481"	"glyW"	"-"	1990066	1990141	76	"M-P1h"	206	161.761379061944	0	0	0	1	-Inf	"SD"	NA	NA
"ECK120002482"	"glyX"	"+"	4390495	4390570	76	"M-P1h"	1	0.785249412922056	0	0	0	0.460526315789474	-Inf	"SD"	NA	NA
"ECK120002484"	"hisR"	"+"	3980532	3980608	77	"M-P1h"	284	220.114588681944	0	0	0	1	-Inf	"SD"	NA	NA
"ECK120002485"	"ileT"	"+"	4035164	4035240	77	"M-P1h"	0	0	0	0	0	0	NA	"NO"	NA	NA
"ECK120002486"	"ileU"	"-"	3425098	3425174	77	"M-P1h"	0	0	0	0	0	0	NA	"NO"	NA	NA
"ECK120002487"	"ileV"	"+"	225381	225457	77	"M-P1h"	0	0	0	0	0	0	NA	"NO"	NA	NA
"ECK120002490"	"leuQ"	"-"	4604338	4604424	87	"M-P1h"	256	175.60704112427	0	0	0	1	-Inf	"SD"	NA	NA
"ECK120002491"	"leuT"	"+"	3980629	3980715	87	"M-P1h"	214	146.79651093982	0	0	0	1	-Inf	"SD"	NA	NA
"ECK120002492"	"leuU"	"-"	3320094	3320180	87	"M-P1h"	2390	1639.45636049612	0	0	0	1	-Inf	"SD"	NA	NA
"ECK120002494"	"leuW"	"-"	696186	696270	85	"M-P1h"	150	105.315803615429	54	955	56.544502617801	1	-3.28561872491031	"SD"	NA	NA
"ECK120002496"	"leuZ"	"-"	1989839	1989925	87	"M-P1h"	510	349.842152239757	0	0	0	1	-Inf	"SD"	NA	NA
"ECK120002497"	"lysT"	"+"	779777	779852	76	"M-P1h"	145	113.861164873698	0	0	0	1	-Inf	"SD"	NA	NA
"ECK120002499"	"lysW"	"+"	780066	780141	76	"M-P1h"	1	0	0	0	0	0.0263157894736842	NA	"NO"	NA	NA
"ECK120002500"	"metT"	"-"	696280	696356	77	"M-P1h"	119	92.2311128632087	54	955	56.544502617801	1	-3.09422219316517	"SD"	NA	NA
"ECK120002501"	"metU"	"-"	695887	695963	77	"M-P1h"	193	149.58491413949	0	0	0	1	-Inf	"SD"	NA	NA
"ECK120002506"	"pheU"	"-"	4360574	4360649	76	"M-P1h"	13	10.2082423679867	0	0	0	1	-Inf	"SD"	NA	NA
"ECK120002508"	"proK"	"-"	3706639	3706715	77	"M-P1h"	139	107.732140235177	0	0	0	1	-Inf	"SD"	NA	NA
"ECK120002510"	"proM"	"+"	3980758	3980834	77	"M-P1h"	200	155.010273719679	0	0	0	1	-Inf	"SD"	NA	NA
"ECK120002513"	"rrfB"	"+"	4169660	4169779	120	"M-P1h"	23	11.4384664482313	0	0	0	0.75	-Inf	"SD"	NA	NA
"ECK120002514"	"rrfC"	"+"	3944723	3944842	120	"M-P1h"	3	1.49197388455191	0	0	0	0.658333333333333	-Inf	"SD"	NA	NA
"ECK120002515"	"rrfD"	"-"	3421690	3421809	120	"M-P1h"	184	91.5077315858502	0	0	0	0.758333333333333	-Inf	"SD"	NA	NA
"ECK120002516"	"rrfE"	"+"	4211063	4211182	120	"M-P1h"	14	6.96254479457556	0	0	0	0.7	-Inf	"SD"	NA	NA
"ECK120002517"	"rrfG"	"-"	2724091	2724210	120	"M-P1h"	82	40.7806195110854	0	0	0	0.766666666666667	-Inf	"SD"	NA	NA
"ECK120002518"	"rrfH"	"+"	228756	228875	120	"M-P1h"	0	0	0	0	0	0	NA	"NO"	NA	NA
"ECK120002519"	"rrlA"	"+"	4035542	4038446	2905	"M-P1h"	1017	20.8927702662897	0	0	0	0.201721170395869	-Inf	"SD"	NA	NA
"ECK120002520"	"rrlB"	"+"	4166664	4169567	2904	"M-P1h"	0	0	0	0	0	0	NA	"NO"	NA	NA
"ECK120002521"	"rrlC"	"+"	3941727	3944630	2904	"M-P1h"	902	18.5366452323116	0	0	0	0.287878787878788	-Inf	"SD"	NA	NA
"ECK120002522"	"rrlD"	"-"	3421902	3424805	2904	"M-P1h"	58	0	0	0	0	0.112258953168044	NA	"NO"	NA	NA
"ECK120002523"	"rrlE"	"+"	4208066	4210969	2904	"M-P1h"	1	0	0	0	0	0.0137741046831956	NA	"NO"	NA	NA
"ECK120002524"	"rrlG"	"-"	2724303	2727206	2904	"M-P1h"	1	0	0	0	0	0.0227272727272727	NA	"NO"	NA	NA
"ECK120002525"	"rrlH"	"+"	225759	228662	2904	"M-P1h"	1051	21.5986852984029	0	0	0	0.297865013774105	-Inf	"SD"	NA	NA
"ECK120002526"	"rrsA"	"+"	4033554	4035095	1542	"M-P1h"	19	0	0	0	0	0.116731517509728	NA	"NO"	NA	NA
"ECK120002527"	"rrsB"	"+"	4164682	4166223	1542	"M-P1h"	0	0	0	0	0	0	NA	"NO"	NA	NA
"ECK120002531"	"rrsG"	"-"	2727638	2729179	1542	"M-P1h"	931	36.0318466022782	0	0	0	0.19325551232166	-Inf	"SD"	NA	NA
"ECK120002532"	"rrsH"	"+"	223771	225312	1542	"M-P1h"	950	36.767190410488	0	0	0	0.190661478599222	-Inf	"SD"	NA	NA
"ECK120002537"	"serV"	"-"	2816575	2816667	93	"M-P1h"	2983	1914.21853661004	0	0	0	1	-Inf	"SD"	NA	NA
"ECK120002541"	"ssrS"	"+"	3054005	3054187	183	"M-P1h"	3283	1070.63393726424	0	0	0	1	-Inf	"SD"	NA	NA
"ECK120002542"	"ssrA"	"+"	2753615	2753977	363	"M-P1h"	2426012	398848.104419784	0	0	0	1	-Inf	"SD"	NA	NA
"ECK120002543"	"thrT"	"+"	4173777	4173852	76	"M-P1h"	106	83.2364377697379	0	0	0	1	-Inf	"SD"	NA	NA
"ECK120002545"	"thrV"	"-"	3421602	3421677	76	"M-P1h"	296	232.433826224929	0	0	0	1	-Inf	"SD"	NA	NA
"ECK120002548"	"tyrT"	"-"	1286761	1286845	85	"M-P1h"	16	11.2336857189791	0	0	0	1	-Inf	"SD"	NA	NA
"ECK120002550"	"tyrV"	"-"	1286467	1286551	85	"M-P1h"	13	9.12736964667048	0	0	0	1	-Inf	"SD"	NA	NA
"ECK120002551"	"valT"	"+"	779988	780063	76	"M-P1h"	51	40.0477200590248	0	0	0	0.855263157894737	-Inf	"SD"	NA	NA
"ECK120002554"	"valW"	"+"	1744540	1744616	77	"M-P1h"	15	11.6257705289759	0	0	0	1	-Inf	"SD"	NA	NA
"ECK120002555"	"valX"	"+"	2519073	2519148	76	"M-P1h"	213	167.258124952398	0	0	0	1	-Inf	"SD"	NA	NA
"ECK120002556"	"valY"	"+"	2519195	2519270	76	"M-P1h"	51	40.0477200590248	0	0	0	0.921052631578947	-Inf	"SD"	NA	NA
"ECK120002557"	"dicF"	"+"	1647406	1647458	53	"M-P1h"	14	15.7642523650767	0	0	0	1	-Inf	"SD"	NA	NA
"ECK120002561"	"rpmA"	"-"	3330884	3331141	258	"M-P1h"	3506	810.986114610695	0	0	0	1	-Inf	"SD"	25	277.777777777778
"ECK120002562"	"acpP"	"+"	1150838	1151074	237	"M-P1h"	37760	9508.34327100084	0	0	0	1	-Inf	"SD"	7	77.7777777777778
"ECK120002564"	"nfsB"	"-"	603994	604647	654	"M-P1h"	402	36.6833945926524	2	100	0	1	-Inf	"SD"	6	25
"ECK120002566"	"eutC"	"-"	2554432	2555319	888	"M-P1h"	154	10.3497287486934	11	143	62.9370629370629	0.986486486486487	-2.52352414561808	"SD"	NA	NA
"ECK120002568"	"gadA"	"-"	3664203	3665603	1401	"M-P1h"	1	0	2	100	0	0.0442541042112777	NA	"NO"	NA	NA
"ECK120002569"	"frmA"	"-"	377686	378795	1110	"M-P1h"	147	7.90342922627496	5	205	0	1	-Inf	"SD"	5	12.8205128205128
"ECK120002570"	"folP"	"-"	3322085	3322933	849	"M-P1h"	227	15.9565640420863	1	96	0	0.992932862190813	-Inf	"SD"	4	12.9032258064516
"ECK120002572"	"glcF"	"-"	3122258	3123481	1224	"M-P1h"	304	14.8222242125418	2	106	0	0.992647058823529	-Inf	"SD"	NA	NA
"ECK120002581"	"sraF"	"+"	3236396	3236583	188	"M-P1h"	77	24.4429764064887	0	0	0	1	-Inf	"SD"	NA	NA
"ECK120002628"	"ydaE"	"-"	1415862	1416032	171	"M-P1h"	4	1.39599895630588	0	0	0	0.456140350877193	-Inf	"SD"	NA	NA
"ECK120002629"	"yoeB"	"-"	2087235	2087489	255	"M-P1h"	1207	282.480388808494	5	64	0	1	-Inf	"SD"	NA	NA
"ECK120002651"	"ecnB"	"+"	4374576	4374722	147	"M-P1h"	20	8.11958576626888	0	0	0	1	-Inf	"SD"	NA	NA
"ECK120002669"	"tisB"	"+"	3851576	3851665	90	"M-P1h"	119	78.9088410051897	0	0	0	1	-Inf	"SD"	NA	NA
"ECK120002671"	"thiS"	"-"	4190660	4190860	201	"M-P1h"	4	1.1876409031259	0	0	0	1	-Inf	"SD"	NA	NA
"ECK120002674"	"sapC"	"-"	1351652	1352542	891	"M-P1h"	202	13.5299090765201	4	107	0	1	-Inf	"SD"	NA	NA
"ECK120002675"	"sapB"	"-"	1352529	1353494	966	"M-P1h"	190	11.73809681428	47	632	71.2025316455696	1	-0.383201605881097	"SD"	NA	NA
"ECK120002676"	"sapA"	"-"	1353491	1355134	1644	"M-P1h"	348	12.6327715772278	66	632	71.2025316455696	1	-0.489174288552966	"SD"	3	4.83870967741935
"ECK120002680"	"flgC"	"+"	1130661	1131065	405	"M-P1h"	994	146.471312715515	1	40	0	1	-Inf	"SD"	NA	NA
"ECK120002682"	"flgD"	"+"	1131077	1131772	696	"M-P1h"	1728	148.168440948603	6	146	0	1	-Inf	"SD"	NA	NA
"ECK120002683"	"flgE"	"+"	1131797	1133005	1209	"M-P1h"	3255	160.674110644051	17	307	26.0586319218241	1	-6.64992177151947	"SD"	7	16.6666666666667
"ECK120002684"	"flgF"	"+"	1133025	1133780	756	"M-P1h"	469	37.0230556536954	4	174	0	1	-Inf	"SD"	NA	NA
"ECK120002685"	"flgG"	"+"	1133952	1134734	783	"M-P1h"	832	63.4136537393198	0	0	0	1	-Inf	"SD"	2	7.14285714285714
"ECK120002686"	"flgH"	"+"	1134787	1135485	699	"M-P1h"	313	26.7231946131472	4	122	0	1	-Inf	"SD"	5	20
"ECK120002687"	"flgI"	"+"	1135497	1136594	1098	"M-P1h"	480	26.0891608227656	0	0	0	1	-Inf	"SD"	3	7.89473684210526
"ECK120002688"	"flgJ"	"+"	1136594	1137535	942	"M-P1h"	369	23.3774251974375	12	195	0	1	-Inf	"SD"	NA	NA
"ECK120002689"	"flgM"	"-"	1129058	1129351	294	"M-P1h"	2232	453.072885757803	1	52	0	1	-Inf	"SD"	2	20
"ECK120002690"	"flhA"	"-"	1960996	1963074	2079	"M-P1h"	402	11.5396537102427	1	92	0	0.974506974506975	-Inf	"SD"	3	4
"ECK120002692"	"fliI"	"+"	2014578	2015951	1374	"M-P1h"	356	15.4626696623138	0	0	0	1	-Inf	"SD"	NA	NA
"ECK120002693"	"fliJ"	"+"	2015970	2016413	444	"M-P1h"	135	18.1456283256313	0	0	0	1	-Inf	"SD"	NA	NA
"ECK120002694"	"fliK"	"+"	2016410	2017537	1128	"M-P1h"	174	9.20579630893729	6	100	0	0.953900709219858	-Inf	"SD"	NA	NA
"ECK120002695"	"nanT"	"-"	3369106	3370596	1491	"M-P1h"	62	2.48161987504274	7	172	0	0.786049631120054	-Inf	"SD"	NA	NA
"ECK120002699"	"maa"	"-"	478591	479142	552	"M-P1h"	204	22.055266119463	9	158	0	1	-Inf	"SD"	6	30
"ECK120002706"	"insA-1"	"-"	20233	20508	276	"M-P1h"	0	0	0	0	0	0	NA	"NO"	NA	NA
"ECK120002711"	"b0165"	"-"	184987	185118	132	"M-P1h"	142	64.2000883655669	34	481	70.6860706860707	1	-3.23896863161149	"SD"	NA	NA
"ECK120002712"	"ispU"	"+"	194903	195664	762	"M-P1h"	1517	118.809678890564	8	96	0	1	-Inf	"SD"	NA	NA
"ECK120002713"	"bamA"	"+"	197928	200360	2433	"M-P1h"	6160	151.098382718286	58	527	39.8481973434535	1	-5.16895508058067	"SD"	13	14.2857142857143
"ECK120002714"	"ldcC"	"+"	209679	211820	2142	"M-P1h"	223	6.21307518683613	28	118	101.694915254237	0.975256769374416	-1.37227310716449	"SD"	NA	NA
"ECK120002715"	"yaeR"	"+"	211877	212266	390	"M-P1h"	98	14.9962503267781	1	100	0	0.933333333333333	-Inf	"SD"	0	0
"ECK120002729"	"yafQ"	"-"	245961	246239	279	"M-P1h"	5459	1167.69683666937	3	79	0	1	-Inf	"SD"	NA	NA
"ECK120002735"	"dinB"	"+"	250898	251953	1056	"M-P1h"	106	5.99050120312508	1	100	0	1	-Inf	"SD"	NA	NA
"ECK120002736"	"yafN"	"+"	252005	252298	294	"M-P1h"	93	18.8780369065751	0	0	0	1	-Inf	"SD"	NA	NA
"ECK120002737"	"yafO"	"+"	252301	252699	399	"M-P1h"	114	17.0511301091646	0	0	0	1	-Inf	"SD"	NA	NA
"ECK120002738"	"yafP"	"+"	252709	253161	453	"M-P1h"	33	4.34747357087973	0	0	0	0.7439293598234	-Inf	"SD"	NA	NA
"ECK120002739"	"ykfJ"	"+"	253467	253733	267	"M-P1h"	7	1.56461680776979	0	0	0	0.385767790262172	-Inf	"SD"	NA	NA
"ECK120002742"	"ykfG"	"-"	263480	263956	477	"M-P1h"	0	0	6	184	32.6086956521739	0	Inf	"AD"	NA	NA
"ECK120002743"	"yafX"	"-"	263972	264430	459	"M-P1h"	0	0	190	1384	137.28323699422	0	Inf	"AD"	NA	NA
"ECK120002744"	"ykfF"	"-"	264528	264767	240	"M-P1h"	1	0.248662314091984	190	1384	137.28323699422	0.416666666666667	7.25566773122387	"AD"	NA	NA
"ECK120002745"	"ykfB"	"-"	264844	265311	468	"M-P1h"	371	47.3095992451929	4	186	0	1	-Inf	"SD"	NA	NA
"ECK120002746"	"yafY"	"-"	265334	265777	444	"M-P1h"	81	10.8873769953788	2	114	0	1	-Inf	"SD"	NA	NA
"ECK120002747"	"yafZ"	"-"	266408	267229	822	"M-P1h"	3	0.217806406503928	17	336	47.6190476190476	0.278588807785888	3.87695361024493	"AD"	NA	NA
"ECK120002748"	"ykfA"	"-"	267321	268184	864	"M-P1h"	73	5.04231914686524	8	269	22.3048327137546	1	-2.07105302871099	"SD"	NA	NA
"ECK120002751"	"insI-1"	"+"	269827	270978	1152	"M-P1h"	27	0	0	0	0	0.0694444444444444	NA	"NO"	NA	NA
"ECK120002752"	"insO-1"	"+"	271054	271479	426	"M-P1h"	102	14.2893273450042	17	259	54.0540540540541	0.89906103286385	-2.35143927240365	"SD"	NA	NA
"ECK120002757"	"afuB"	"-"	278038	278400	363	"M-P1h"	10	1.64404835763295	2	37	0	0.584022038567493	-Inf	"SD"	NA	NA
"ECK120002758"	"insB-2"	"-"	278402	278905	504	"M-P1h"	4	0	0	0	0	0.0496031746031746	NA	"NO"	NA	NA
"ECK120002759"	"insA-2"	"-"	278824	279099	276	"M-P1h"	0	0	0	0	0	0	NA	"NO"	NA	NA
"ECK120002761"	"yagF"	"+"	282425	284392	1968	"M-P1h"	62	1.880129691915	3	130	0	0.839939024390244	-Inf	"SD"	NA	NA
"ECK120002762"	"yagG"	"+"	284619	286001	1383	"M-P1h"	12	0.517821738673113	6	113	0	0.342733188720174	-Inf	"SD"	NA	NA
"ECK120002765"	"insB-3"	"-"	289873	290376	504	"M-P1h"	1	0	3	164	0	0.0853174603174603	NA	"NO"	NA	NA
"ECK120002770"	"yagM"	"-"	293169	294023	855	"M-P1h"	5	0.348999739076469	6	163	0	0.338011695906433	-Inf	"SD"	NA	NA
"ECK120002771"	"yagN"	"-"	294363	294803	441	"M-P1h"	225	30.4484466235083	67	506	132.411067193676	0.950113378684807	-1.18413562791734	"SD"	NA	NA
"ECK120002772"	"intF"	"-"	294920	296320	1401	"M-P1h"	265	11.2883106183085	168	774	166.666666666667	0.940042826552463	1.19254147368791	"AD"	NA	NA
"ECK120002773"	"yagP"	"-"	296605	297015	411	"M-P1h"	15	2.17806406503928	31	502	61.7529880478088	0.737226277372263	1.50922182574444	"AD"	NA	NA
"ECK120002774"	"paoD"	"-"	296994	297950	957	"M-P1h"	18	1.12248818900457	13	665	18.0451127819549	0.616509926854754	1.09633414104927	"AD"	NA	NA
"ECK120002775"	"paoC"	"-"	297960	300158	2199	"M-P1h"	61	1.65548716612399	13	264	0	0.735788994997726	-Inf	"SD"	NA	NA
"ECK120002776"	"paoB"	"-"	300155	301111	957	"M-P1h"	9	0.561244094502284	5	172	0	0.457680250783699	-Inf	"SD"	NA	NA
"ECK120002780"	"ecpE"	"-"	303719	304429	711	"M-P1h"	56	4.70045218199194	18	250	44	0.90154711673699	-1.09529602651649	"SD"	NA	NA
"ECK120002781"	"ecpD"	"-"	304398	306041	1644	"M-P1h"	138	5.00954734959034	72	1642	43.8489646772229	0.831508515815085	1.52331665563023	"AD"	NA	NA
"ECK120002782"	"ecpC"	"-"	306031	308556	2526	"M-P1h"	20	0.472517461457452	38	542	68.2656826568266	0.343230403800475	3.96908572181354	"AD"	NA	NA
"ECK120002783"	"ecpB"	"-"	308582	309250	669	"M-P1h"	5	0.446031056667236	3	114	0	0.424514200298954	-Inf	"SD"	NA	NA
"ECK120002784"	"ecpA"	"-"	309308	309895	588	"M-P1h"	40	4.05979288313444	15	425	32.9411764705882	0.797619047619048	-0.535979300708992	"SD"	NA	NA
"ECK120002788"	"insE-1"	"+"	314506	314814	309	"M-P1h"	0	0	0	0	0	0	NA	"NO"	NA	NA
"ECK120002792"	"rclB"	"-"	317555	317791	237	"M-P1h"	4	1.00723975328399	1	99	0	0.438818565400844	-Inf	"SD"	NA	NA
"ECK120002795"	"ykgE"	"+"	320832	321551	720	"M-P1h"	764	63.3260026554253	5	162	0	1	-Inf	"SD"	3	11.5384615384615
"ECK120002796"	"ykgF"	"+"	321562	322989	1428	"M-P1h"	772	32.2634128536154	2	40	0	1	-Inf	"SD"	NA	NA
"ECK120002799"	"ykgH"	"-"	323920	324588	669	"M-P1h"	7	0.624443479334131	13	231	56.2770562770563	0.29745889387145	2.05786872400935	"AD"	NA	NA
"ECK120002803"	"yahE"	"+"	335149	336012	864	"M-P1h"	7	0.483510055178858	0	0	0	0.278935185185185	-Inf	"SD"	NA	NA
"ECK120002804"	"yahF"	"+"	336002	337549	1548	"M-P1h"	14	0.539732154618261	1	100	0	0.376614987080103	-Inf	"SD"	NA	NA
"ECK120002805"	"yahG"	"+"	337549	338967	1419	"M-P1h"	16	0.672912816147442	0	0	0	0.596899224806202	-Inf	"SD"	NA	NA
"ECK120002806"	"yahI"	"+"	339389	340339	951	"M-P1h"	9	0.564785066707346	13	269	37.1747211895911	0.476340694006309	1.82422615159002	"AD"	NA	NA
"ECK120002807"	"yahJ"	"+"	340349	341731	1383	"M-P1h"	117	5.04876195206285	3	100	0	1	-Inf	"SD"	0	0
"ECK120002808"	"yahK"	"+"	342108	343157	1050	"M-P1h"	175	9.94649256367937	1	100	0	0.96952380952381	-Inf	"SD"	1	2.63157894736842
"ECK120002809"	"yahL"	"+"	343400	344215	816	"M-P1h"	11	0.804495722062302	1	57	0	0.655637254901961	-Inf	"SD"	NA	NA
"ECK120002815"	"prpC"	"+"	349236	350405	1170	"M-P1h"	7	0	5	191	0	0.223931623931624	NA	"NO"	NA	NA
"ECK120002816"	"prpD"	"+"	350439	351890	1452	"M-P1h"	11	0.452113298349062	8	186	0	0.355371900826446	-Inf	"SD"	NA	NA
"ECK120002817"	"prpE"	"+"	351930	353816	1887	"M-P1h"	17	0.537648246685371	4	224	0	0.459459459459459	-Inf	"SD"	NA	NA
"ECK120002819"	"mhpE"	"+"	373092	374105	1014	"M-P1h"	37	2.17763446660436	0	0	0	0.641025641025641	-Inf	"SD"	NA	NA
"ECK120002820"	"mhpT"	"+"	374683	375894	1212	"M-P1h"	33	1.62492205248227	2	115	0	0.665841584158416	-Inf	"SD"	NA	NA
"ECK120002823"	"frmR"	"-"	378830	379105	276	"M-P1h"	45	9.73026446446895	0	0	0	1	-Inf	"SD"	NA	NA
"ECK120002824"	"yaiO"	"-"	379293	380066	774	"M-P1h"	174	13.4161992719396	1	40	0	0.978036175710594	-Inf	"SD"	NA	NA
"ECK120002832"	"tauB"	"+"	385431	386198	768	"M-P1h"	23	1.78726038253614	1	43	0	0.680989583333333	-Inf	"SD"	NA	NA
"ECK120002833"	"tauC"	"+"	386195	387022	828	"M-P1h"	19	1.36944462833267	0	0	0	0.601449275362319	-Inf	"SD"	NA	NA
"ECK120002845"	"proY"	"+"	420210	421583	1374	"M-P1h"	558	24.2364316617166	18	228	35.0877192982456	1	-3.92103349572669	"SD"	NA	NA
"ECK120002846"	"thiL"	"+"	434858	435835	978	"M-P1h"	650	39.6639274011754	10	217	36.8663594470046	1	-4.63168372567918	"SD"	2	5.71428571428571
"ECK120002848"	"dxs"	"-"	437539	439401	1863	"M-P1h"	1342	42.9893495022793	86	382	115.183246073298	0.997316156736447	-2.28840385133685	"SD"	12	17.6470588235294
"ECK120002853"	"ppiD"	"+"	461139	463010	1872	"M-P1h"	2994	95.4480728706925	7	197	0	1	-Inf	"SD"	37	54.4117647058824
"ECK120002854"	"ybaV"	"+"	463161	463532	372	"M-P1h"	51	8.18179227012335	0	0	0	1	-Inf	"SD"	NA	NA
"ECK120002858"	"ybaO"	"+"	467607	468065	459	"M-P1h"	121	15.7323607869961	2	100	0	1	-Inf	"SD"	NA	NA
"ECK120002859"	"mdlA"	"+"	468095	469867	1773	"M-P1h"	304	10.2326014868309	6	60	0	0.98195149464185	-Inf	"SD"	NA	NA
"ECK120002863"	"ylaC"	"-"	478005	478475	471	"M-P1h"	173	21.9202957135864	13	222	54.0540540540541	1	-3.19116095001838	"SD"	NA	NA
"ECK120002870"	"ybaT"	"+"	511800	513092	1293	"M-P1h"	49	2.26161547851642	8	80	0	0.615622583139985	-Inf	"SD"	NA	NA
"ECK120002877"	"ybbO"	"-"	517564	518373	810	"M-P1h"	292	21.513895026625	3	100	0	1	-Inf	"SD"	7	24.1379310344828
"ECK120002878"	"ybbP"	"+"	519640	522054	2415	"M-P1h"	343	8.47614148904851	3	97	0	1	-Inf	"SD"	NA	NA
"ECK120002879"	"ylbH"	"+"	527173	527883	711	"M-P1h"	153	12.8423068543708	2	58	0	0.950773558368495	-Inf	"SD"	NA	NA
"ECK120002884"	"allR"	"+"	532235	533050	816	"M-P1h"	1266	92.5901440118977	4	100	0	1	-Inf	"SD"	2	6.89655172413793
"ECK120002885"	"hyi"	"+"	534934	535710	777	"M-P1h"	10	0.768068923836245	0	0	0	0.444015444015444	-Inf	"SD"	NA	NA
"ECK120002886"	"glxR"	"+"	535810	536688	879	"M-P1h"	15	1.01841220788526	2	107	0	0.657565415244596	-Inf	"SD"	NA	NA
"ECK120002888"	"ybbW"	"+"	536857	538311	1455	"M-P1h"	12	0.492197570161454	0	0	0	0.405498281786942	-Inf	"SD"	NA	NA
"ECK120002889"	"allB"	"+"	538371	539732	1362	"M-P1h"	53	2.32230883645377	10	302	23.1788079470199	0.887665198237885	-0.730133017209118	"SD"	NA	NA
"ECK120002890"	"ybbY"	"+"	539789	541090	1302	"M-P1h"	19	0.87089105396271	13	297	37.037037037037	0.665130568356375	1.33693936564375	"AD"	NA	NA
"ECK120002893"	"allC"	"-"	543281	544516	1236	"M-P1h"	319	15.4025782903579	2	80	0	0.900485436893204	-Inf	"SD"	NA	NA
"ECK120002896"	"ylbE_2"	"+"	547838	548839	1002	"M-P1h"	19	1.13163687850244	0	0	0	0.552894211576846	-Inf	"SD"	NA	NA
"ECK120002897"	"ylbF"	"+"	548850	549665	816	"M-P1h"	11	0.804495722062302	1	44	0	0.610294117647059	-Inf	"SD"	NA	NA
"ECK120002899"	"sfmC"	"+"	558197	558889	693	"M-P1h"	0	0	14	464	30.1724137931034	0	Inf	"AD"	NA	NA
"ECK120002900"	"sfmD"	"+"	558920	561523	2604	"M-P1h"	46	1.05423653900749	3	61	0	0.491935483870968	-Inf	"SD"	NA	NA
"ECK120002901"	"sfmH"	"+"	561565	562542	978	"M-P1h"	1	0	2	100	0	0.0582822085889571	NA	"NO"	NA	NA
"ECK120002904"	"insE-3"	"+"	566056	566364	309	"M-P1h"	0	0	0	0	0	0	NA	"NO"	NA	NA
"ECK120002905"	"insF-3"	"+"	566361	567227	867	"M-P1h"	9	0	0	0	0	0.0449826989619377	NA	"NO"	NA	NA
"ECK120002906"	"renD"	"+"	567285	567470	186	"M-P1h"	57	18.2887121332169	0	0	0	1	-Inf	"SD"	NA	NA
"ECK120002908"	"ybcK"	"+"	568125	569651	1527	"M-P1h"	45	1.75871184819478	2	124	0	0.826457105435494	-Inf	"SD"	NA	NA
"ECK120002909"	"ybcL"	"+"	570116	570667	552	"M-P1h"	147	15.892765291966	10	501	19.9600798403194	1	-2.99029826588643	"SD"	NA	NA
"ECK120002910"	"ybcM"	"+"	570677	571474	798	"M-P1h"	230	17.2007014259117	9	413	21.7917675544794	1	-3.25639858599531	"SD"	NA	NA
"ECK120002911"	"ybcN"	"+"	571689	572144	456	"M-P1h"	2	0.261749804307352	3	100	0	0.326754385964912	-Inf	"SD"	NA	NA
"ECK120002912"	"ninE"	"+"	572144	572314	171	"M-P1h"	2	0	3	180	0	0.181286549707602	NA	"NO"	NA	NA
"ECK120002913"	"ybcO"	"+"	572307	572597	291	"M-P1h"	2	0.410164641801211	2	180	0	0.556701030927835	-Inf	"SD"	NA	NA
"ECK120002914"	"rusA"	"+"	572594	572956	363	"M-P1h"	3	0.493214507289886	1	100	0	0.286501377410468	-Inf	"SD"	NA	NA
"ECK120002916"	"insH-2"	"-"	573960	574976	1017	"M-P1h"	21	0	0	0	0	0.0412979351032448	NA	"NO"	NA	NA
"ECK120002918"	"rrrD"	"+"	576836	577333	498	"M-P1h"	134	16.058192813651	16	155	77.4193548387097	0.957831325301205	-2.74220323038413	"SD"	NA	NA
"ECK120002926"	"cusS"	"-"	592551	593993	1443	"M-P1h"	236	9.76038355521136	16	361	22.1606648199446	0.953568953568954	-2.60886593758624	"SD"	NA	NA
"ECK120002929"	"cusF"	"+"	596354	596686	333	"M-P1h"	720	129.035579204489	6	139	0	1	-Inf	"SD"	NA	NA
"ECK120002930"	"cusB"	"+"	596702	597925	1224	"M-P1h"	1118	54.5106798342821	9	286	27.972027972028	1	-5.09039510286614	"SD"	NA	NA
"ECK120002932"	"ybdF"	"-"	604741	605109	369	"M-P1h"	170	27.4943696882194	6	120	0	1	-Inf	"SD"	1	7.14285714285714
"ECK120002933"	"ybdJ"	"-"	605174	605422	249	"M-P1h"	40	9.58698078426928	0	0	0	1	-Inf	"SD"	NA	NA
"ECK120002934"	"ybdK"	"-"	605488	606606	1119	"M-P1h"	33	1.75996919357329	7	232	25.8620689655172	0.663092046470063	-0.552515770376497	"SD"	NA	NA
"ECK120002938"	"ybdN"	"-"	634572	635792	1221	"M-P1h"	37	1.80845319339625	13	263	38.0228136882129	0.743652743652744	0.145243741530218	"AD"	NA	NA
"ECK120002939"	"ybdO"	"-"	635939	636841	903	"M-P1h"	36	2.37922745709274	16	154	77.9220779220779	0.932447397563677	0.0125412040441051	"AD"	NA	NA
"ECK120002945"	"citT"	"-"	644340	645803	1464	"M-P1h"	102	4.15796000612826	8	282	24.822695035461	0.626366120218579	-1.57044905434545	"SD"	NA	NA
"ECK120002946"	"citG"	"-"	645854	646732	879	"M-P1h"	3	0.203682441577052	11	95	0	0.308304891922639	-Inf	"SD"	NA	NA
"ECK120002947"	"citX"	"-"	646707	647258	552	"M-P1h"	0	0	4	101	0	0	NA	"NO"	NA	NA
"ECK120002948"	"citF"	"-"	647262	648794	1533	"M-P1h"	18	0.700731374349232	4	75	0	0.53163731245923	-Inf	"SD"	NA	NA
"ECK120002949"	"citE"	"-"	648805	649713	909	"M-P1h"	0	0	38	391	92.0716112531969	0	Inf	"AD"	NA	NA
"ECK120002950"	"citD"	"-"	649710	650006	297	"M-P1h"	0	0	1	67	0	0	NA	"NO"	NA	NA
"ECK120002955"	"ybeM_2"	"+"	657478	658041	564	"M-P1h"	71	7.51277629809825	1	100	0	0.969858156028369	-Inf	"SD"	NA	NA
"ECK120002956"	"cobC"	"-"	668519	669130	612	"M-P1h"	100	9.75146329772488	10	189	47.6190476190476	0.941176470588235	-2.43762181835536	"SD"	NA	NA
"ECK120002957"	"nadD"	"-"	669154	669795	642	"M-P1h"	315	29.2817304444767	11	171	40.9356725146199	1	-4.38650208192297	"SD"	2	8
"ECK120002965"	"rihA"	"-"	682700	683635	936	"M-P1h"	892	56.8735344025769	3	96	0	1	-Inf	"SD"	6	17.6470588235294
"ECK120002966"	"gltI"	"-"	686062	686970	909	"M-P1h"	3588	235.564457547733	7	198	0	1	-Inf	"SD"	17	51.5151515151515
"ECK120002967"	"insH-3"	"-"	687220	688236	1017	"M-P1h"	0	0	0	0	0	0	NA	"NO"	NA	NA
"ECK120002968"	"ybeX"	"-"	690129	691007	879	"M-P1h"	2394	162.538588378488	1	46	0	1	-Inf	"SD"	8	24.2424242424242
"ECK120002969"	"ybeY"	"-"	691097	691564	468	"M-P1h"	336	42.8464295050804	7	288	24.3055555555556	1	-4.93567625385335	"SD"	NA	NA
"ECK120002970"	"ybeZ"	"-"	691561	692640	1080	"M-P1h"	1356	74.9302439797179	1	80	0	1	-Inf	"SD"	14	35.8974358974359
"ECK120002973"	"chiP"	"+"	707557	708963	1407	"M-P1h"	11	0.466573211942316	6	100	0	0.426439232409382	-Inf	"SD"	NA	NA
"ECK120002976"	"ybfO"	"+"	733443	734876	1434	"M-P1h"	22	0.915576721342871	3	82	0	0.331938633193863	-Inf	"SD"	NA	NA
"ECK120002977"	"ybfL"	"+"	736123	737184	1062	"M-P1h"	0	0	0	0	0	0	NA	"NO"	NA	NA
"ECK120002980"	"ybgJ"	"+"	742816	743472	657	"M-P1h"	526	47.7794985250717	1	100	0	1	-Inf	"SD"	4	16.6666666666667
"ECK120002981"	"ybgK"	"+"	743466	744398	933	"M-P1h"	1044	66.7790240288184	12	120	50	1	-5.79828869771257	"SD"	NA	NA
"ECK120002982"	"ybgL"	"+"	744388	745122	735	"M-P1h"	493	40.0295578277056	14	431	30.1624129930394	1	-3.94448215122869	"SD"	NA	NA
"ECK120002985"	"ybgO"	"-"	747144	748205	1062	"M-P1h"	16	0.899117971858022	118	1045	111.004784688995	0.749529190207156	4.68947057321613	"AD"	NA	NA
"ECK120002986"	"ybgP"	"-"	748202	748930	729	"M-P1h"	10	0.818641363265792	14	408	29.4117647058824	0.493827160493827	1.55173093744513	"AD"	NA	NA
"ECK120002987"	"ybgQ"	"-"	748945	751392	2448	"M-P1h"	13	0.316922557176058	39	370	59.4594594594595	0.333741830065359	3.79530127047326	"AD"	NA	NA
"ECK120002988"	"b0725"	"+"	757687	757947	261	"M-P1h"	465	106.324575680711	0	0	0	0.954022988505747	-Inf	"SD"	NA	NA
"ECK120002989"	"valZ"	"+"	780291	780366	76	"M-P1h"	71	55.752708317466	0	0	0	1	-Inf	"SD"	NA	NA
"ECK120002990"	"lysY"	"+"	780370	780445	76	"M-P1h"	5	3.92624706461028	0	0	0	0.960526315789474	-Inf	"SD"	NA	NA
"ECK120002991"	"lysZ"	"+"	780592	780667	76	"M-P1h"	103	80.8806895309718	0	0	0	1	-Inf	"SD"	NA	NA
"ECK120002992"	"lysQ"	"+"	780800	780875	76	"M-P1h"	45	35.3362235814925	0	0	0	0.934210526315789	-Inf	"SD"	NA	NA
"ECK120003000"	"ybhI"	"+"	801110	802543	1434	"M-P1h"	6	0.249702742184419	3	113	0	0.279637377963738	-Inf	"SD"	NA	NA
"ECK120003003"	"ybhL"	"+"	819107	819811	705	"M-P1h"	1951	165.154102057349	12	405	29.6296296296296	1	-6.10463458731732	"SD"	NA	NA
"ECK120003006"	"clsB"	"-"	821721	822962	1242	"M-P1h"	50	2.40253443567135	7	254	23.6220472440945	0.918679549114332	-1.00152270354869	"SD"	NA	NA
"ECK120003010"	"ybhS"	"-"	825342	826475	1134	"M-P1h"	118	6.20997948420194	5	97	0	1	-Inf	"SD"	NA	NA
"ECK120003011"	"ybhF"	"-"	826468	828204	1737	"M-P1h"	354	12.1625504923748	1	100	0	1	-Inf	"SD"	1	1.58730158730159
"ECK120003012"	"ybhG"	"-"	828197	829195	999	"M-P1h"	240	14.3372865782766	4	94	0	1	-Inf	"SD"	3	8.33333333333333
"ECK120003013"	"ybiX"	"-"	837753	838430	678	"M-P1h"	36	3.16879409108369	34	618	55.0161812297735	0.820058997050148	1.10160083022878	"AD"	NA	NA
"ECK120003014"	"fiu"	"-"	838472	840754	2283	"M-P1h"	9	0	46	693	25.974025974026	0.23915900131406	Inf	"AD"	NA	NA
"ECK120003025"	"ybiV"	"-"	858436	859251	816	"M-P1h"	218	15.9436424917802	6	251	0	0.958333333333333	-Inf	"SD"	6	20
"ECK120003026"	"ybiW"	"-"	859397	861829	2433	"M-P1h"	107	2.62459853098321	55	310	64.5161290322581	0.717632552404439	0.607903240709049	"AD"	NA	NA
"ECK120003029"	"gsiA"	"+"	866776	868614	1839	"M-P1h"	1182	38.3580887773867	10	100	0	1	-Inf	"SD"	3	4.34782608695652
"ECK120003030"	"gsiB"	"+"	868634	870172	1539	"M-P1h"	2054	79.6494960070075	38	222	144.144144144144	1	-3.63752142270558	"SD"	3	5.35714285714286
"ECK120003031"	"gsiC"	"+"	870190	871110	921	"M-P1h"	531	34.4077364906433	8	225	26.6666666666667	1	-4.84162667670726	"SD"	NA	NA
"ECK120003032"	"gsiD"	"+"	871113	872024	912	"M-P1h"	307	20.0892974805893	0	0	0	1	-Inf	"SD"	NA	NA
"ECK120003033"	"yliE"	"+"	872202	874550	2349	"M-P1h"	253	6.42774615226279	5	105	0	0.961685823754789	-Inf	"SD"	NA	NA
"ECK120003042"	"ybjI"	"-"	884539	885354	816	"M-P1h"	212	15.5048266433826	0	0	0	1	-Inf	"SD"	4	13.3333333333333
"ECK120003047"	"ybjN"	"+"	892180	892656	477	"M-P1h"	571	71.4395880988795	3	103	0	1	-Inf	"SD"	NA	NA
"ECK120003048"	"ybjO"	"+"	897212	897700	489	"M-P1h"	31	3.78332845980442	36	408	88.2352941176471	0.985685071574642	0.928340873292075	"AD"	NA	NA
"ECK120003054"	"ybjT"	"-"	906075	907505	1431	"M-P1h"	342	14.2628949969742	5	137	0	1	-Inf	"SD"	NA	NA
"ECK120003055"	"ltaE"	"-"	907516	908517	1002	"M-P1h"	399	23.7643744485513	3	109	0	1	-Inf	"SD"	9	25
"ECK120003056"	"hcr"	"-"	910405	911373	969	"M-P1h"	140	8.62234649483042	4	146	0	0.993808049535604	-Inf	"SD"	NA	NA
"ECK120003057"	"hcp"	"-"	911385	913037	1653	"M-P1h"	120	4.33241055405272	3	100	0	0.84875983061101	-Inf	"SD"	NA	NA
"ECK120003058"	"ybjE"	"-"	913181	914080	900	"M-P1h"	89	5.90158558778309	15	344	23.2558139534884	0.99	-1.88303071246496	"SD"	NA	NA
"ECK120003064"	"ftsK"	"+"	932447	936436	3990	"M-P1h"	3361	50.2709195586863	32	193	41.4507772020725	0.985714285714286	-4.97358026891389	"SD"	6	4.08163265306122
"ECK120003065"	"lolA"	"+"	936592	937206	615	"M-P1h"	2161	209.701174927913	3	119	0	1	-Inf	"SD"	15	68.1818181818182
"ECK120003070"	"ycaL"	"+"	959487	960251	765	"M-P1h"	72	5.61684285948953	8	126	0	0.973856209150327	-Inf	"SD"	NA	NA
"ECK120003071"	"ycaQ"	"+"	968612	969844	1233	"M-P1h"	129	6.2437836531126	3	105	0	0.959448499594485	-Inf	"SD"	NA	NA
"ECK120003072"	"ycaR"	"+"	969896	970078	183	"M-P1h"	923	301.003692992658	3	103	0	1	-Inf	"SD"	NA	NA
"ECK120003074"	"ycbK"	"+"	982298	982846	549	"M-P1h"	3690	401.120847650021	9	215	41.8604651162791	1	-7.79989623321585	"SD"	NA	NA
"ECK120003076"	"ssuC"	"-"	993264	994055	792	"M-P1h"	14	1.05493102948115	0	0	0	0.587121212121212	-Inf	"SD"	NA	NA
"ECK120003077"	"ssuD"	"-"	994066	995211	1146	"M-P1h"	7	0.364531141077254	0	0	0	0.317626527050611	-Inf	"SD"	NA	NA
"ECK120003078"	"ssuA"	"-"	995208	996167	960	"M-P1h"	7	0.435159049660973	2	67	0	0.463541666666667	-Inf	"SD"	NA	NA
"ECK120003081"	"elfD"	"+"	997713	998414	702	"M-P1h"	12	1.02015308345429	7	157	0	0.682336182336182	-Inf	"SD"	NA	NA
"ECK120003082"	"elfC"	"+"	998439	1001039	2601	"M-P1h"	116	2.66157586479079	13	271	25.830258302583	0.799692425990004	-0.926853861842574	"SD"	NA	NA
"ECK120003083"	"elfG"	"+"	1001030	1002100	1071	"M-P1h"	46	2.56324178111625	25	399	32.5814536340852	0.836601307189543	0.0205420541187394	"AD"	NA	NA
"ECK120003084"	"ycbU"	"+"	1002112	1002654	543	"M-P1h"	47	5.16558177340255	0	0	0	0.942909760589319	-Inf	"SD"	NA	NA
"ECK120003085"	"ycbV"	"+"	1002662	1003177	516	"M-P1h"	73	8.44295299009993	3	110	0	1	-Inf	"SD"	NA	NA
"ECK120003089"	"uup"	"+"	1009187	1011094	1908	"M-P1h"	873	27.3059371323651	3	199	0	1	-Inf	"SD"	14	19.4444444444444
"ECK120003090"	"pqiA"	"+"	1011224	1012477	1254	"M-P1h"	231	10.9934917809088	4	94	0	1	-Inf	"SD"	NA	NA
"ECK120003091"	"pqiB"	"+"	1012482	1014122	1641	"M-P1h"	537	19.529310810588	6	79	0	1	-Inf	"SD"	NA	NA
"ECK120003092"	"ymbA"	"+"	1014134	1014682	549	"M-P1h"	93	10.1095498188217	12	366	32.7868852459016	1	-2.07461244409728	"SD"	6	28.5714285714286
"ECK120003103"	"etp"	"-"	1043453	1043899	447	"M-P1h"	74	9.87973758003052	24	255	70.5882352941177	1	-1.45647581571892	"SD"	NA	NA
"ECK120003104"	"gfcE"	"-"	1043887	1045026	1140	"M-P1h"	274	14.3438892760429	22	255	70.5882352941177	1	-1.99436744518171	"SD"	NA	NA
"ECK120003105"	"gfcD"	"-"	1045072	1047168	2097	"M-P1h"	42	1.19528666001297	37	502	23.9043824701195	0.625655698617072	1.00567775132339	"AD"	NA	NA
"ECK120003106"	"gfcC"	"-"	1047168	1047914	747	"M-P1h"	37	2.95598574181636	1	57	0	0.854082998661312	-Inf	"SD"	NA	NA
"ECK120003107"	"gfcB"	"-"	1047911	1048555	645	"M-P1h"	23	2.12808678106628	8	201	34.8258706467662	0.91937984496124	-0.604130156404386	"SD"	NA	NA
"ECK120003112"	"ymcE"	"+"	1051070	1051300	231	"M-P1h"	2097	541.760906650277	1	100	0	1	-Inf	"SD"	NA	NA
"ECK120003118"	"rutF"	"-"	1069083	1069577	495	"M-P1h"	14	1.68788964716983	9	333	27.027027027027	0.874747474747475	0.0927763216360858	"AD"	NA	NA
"ECK120003119"	"rutE"	"-"	1069588	1070178	591	"M-P1h"	14	1.41371467910164	3	126	0	0.576988155668359	-Inf	"SD"	NA	NA
"ECK120003120"	"rutD"	"-"	1070188	1070988	801	"M-P1h"	4	0.298022249099007	6	118	0	0.31210986267166	-Inf	"SD"	NA	NA
"ECK120003121"	"rutC"	"-"	1070996	1071382	387	"M-P1h"	1	0	3	105	0	0.108527131782946	NA	"NO"	NA	NA
"ECK120003122"	"rutB"	"-"	1071394	1072086	693	"M-P1h"	2	0	5	113	0	0.207792207792208	NA	"NO"	NA	NA
"ECK120003124"	"efeU_1"	"+"	1080579	1080689	111	"M-P1h"	2	1.07529649337074	0	0	0	0.468468468468468	-Inf	"SD"	NA	NA
"ECK120003125"	"efeO"	"+"	1081466	1082593	1128	"M-P1h"	34	1.79883376151648	0	0	0	0.687943262411348	-Inf	"SD"	6	14.6341463414634
"ECK120003127"	"pgaC"	"-"	1085744	1087069	1326	"M-P1h"	122	5.49082394918047	4	223	0	1	-Inf	"SD"	NA	NA
"ECK120003128"	"pgaB"	"-"	1087062	1089080	2019	"M-P1h"	169	4.99541528458191	18	163	36.8098159509202	0.991579990094106	-2.05757021294515	"SD"	NA	NA
"ECK120003136"	"ycdX"	"+"	1098102	1098839	738	"M-P1h"	611	49.4089996455943	72	432	159.722222222222	1	-1.84010557969576	"SD"	3	11.1111111111111
"ECK120003137"	"ycdY"	"+"	1098863	1099417	555	"M-P1h"	860	92.4754984298839	9	190	47.3684210526316	1	-5.68300235962528	"SD"	2	9.52380952380952
"ECK120003140"	"csgF"	"-"	1100934	1101350	417	"M-P1h"	74	10.5905100678025	6	223	0	0.973621103117506	-Inf	"SD"	NA	NA
"ECK120003141"	"csgE"	"-"	1101375	1101764	390	"M-P1h"	85	13.0069518140423	1	69	0	1	-Inf	"SD"	NA	NA
"ECK120003144"	"csgC"	"+"	1104184	1104516	333	"M-P1h"	21	3.7635377267976	6	184	32.6086956521739	0.804804804804805	-1.64905502770194	"SD"	NA	NA
"ECK120003145"	"ymdA"	"+"	1104637	1104948	312	"M-P1h"	75	14.345902736076	8	186	32.258064516129	1	-3.57953244362807	"SD"	NA	NA
"ECK120003146"	"ymdB"	"+"	1105043	1105576	534	"M-P1h"	135	15.0873763606373	20	660	30.3030303030303	0.98689138576779	-1.91527004319152	"SD"	2	10.5263157894737
"ECK120003149"	"b1052"	"-"	1113434	1113532	99	"M-P1h"	98	59.0761376509442	0	0	0	1	-Inf	"SD"	NA	NA
"ECK120003150"	"yceJ"	"-"	1117703	1118269	567	"M-P1h"	95	9.99911950846075	9	365	16.4383561643836	0.934744268077601	-3.05876665538316	"SD"	NA	NA
"ECK120003151"	"yceO"	"-"	1118530	1118670	141	"M-P1h"	24	10.1581200650343	0	0	0	1	-Inf	"SD"	NA	NA
"ECK120003152"	"solA"	"-"	1118691	1119809	1119	"M-P1h"	325	17.3330299367067	4	116	0	0.980339588918677	-Inf	"SD"	6	14.6341463414634
"ECK120003153"	"bssS"	"-"	1119924	1120178	255	"M-P1h"	146	34.169127395228	3	167	0	1	-Inf	"SD"	NA	NA
"ECK120003154"	"dinI"	"-"	1120465	1120710	246	"M-P1h"	31	7.52051876766001	0	0	0	1	-Inf	"SD"	NA	NA
"ECK120003156"	"yceM"	"+"	1126029	1126952	924	"M-P1h"	484	31.2604052001352	1	77	0	1	-Inf	"SD"	NA	NA
"ECK120003160"	"ycfL"	"+"	1161470	1161847	378	"M-P1h"	591	93.3075730973732	2	113	0	1	-Inf	"SD"	NA	NA
"ECK120003161"	"lpoB"	"+"	1161861	1162502	642	"M-P1h"	406	37.7408970173255	7	150	46.6666666666667	1	-4.75262998072087	"SD"	7	30.4347826086957
"ECK120003162"	"thiK"	"+"	1162483	1163307	825	"M-P1h"	182	13.1655392479247	3	261	0	1	-Inf	"SD"	NA	NA
"ECK120003163"	"nagZ"	"+"	1163318	1164343	1026	"M-P1h"	2407	140.007061992844	4	106	0	1	-Inf	"SD"	7	18.4210526315789
"ECK120003164"	"ycfP"	"+"	1164366	1164908	543	"M-P1h"	2907	319.496727984707	42	305	124.590163934426	1	-5.39365792760389	"SD"	7	33.3333333333333
"ECK120003170"	"lolD"	"+"	1175842	1176543	702	"M-P1h"	632	53.7280623952595	2	215	0	1	-Inf	"SD"	4	16
"ECK120003171"	"lolE"	"+"	1176543	1177787	1245	"M-P1h"	696	33.3626931292571	7	159	0	1	-Inf	"SD"	1	2.22222222222222
"ECK120003172"	"nagK"	"+"	1177816	1178727	912	"M-P1h"	919	60.1370175396141	4	104	0	1	-Inf	"SD"	3	9.09090909090909
"ECK120003175"	"ymfA"	"-"	1180487	1180948	462	"M-P1h"	21	2.71267979009437	3	74	0	0.794372294372294	-Inf	"SD"	NA	NA
"ECK120003176"	"nudJ"	"-"	1193050	1193511	462	"M-P1h"	143	18.4720576182617	2	112	0	1	-Inf	"SD"	2	11.7647058823529
"ECK120003180"	"xisE"	"-"	1200010	1200255	246	"M-P1h"	75	18.1948034701452	8	222	36.036036036036	1	-3.50738265787224	"SD"	NA	NA
"ECK120003186"	"ymfL"	"+"	1202479	1203048	570	"M-P1h"	44	4.60679655580939	45	611	73.6497545008183	1	0.966161114028886	"AD"	NA	NA
"ECK120003187"	"ymfM"	"+"	1203045	1203383	339	"M-P1h"	7	1.23230881319921	0	0	0	0.510324483775811	-Inf	"SD"	NA	NA
"ECK120003188"	"ymfN"	"+"	1203393	1204760	1368	"M-P1h"	43	1.87587359753602	2	60	0	0.746345029239766	-Inf	"SD"	NA	NA
"ECK120003189"	"ymfR"	"+"	1204772	1204954	183	"M-P1h"	1	0.32611451028457	0	0	0	0.366120218579235	-Inf	"SD"	NA	NA
"ECK120003190"	"ymfO"	"+"	1204954	1205427	474	"M-P1h"	17	2.14038447572847	0	0	0	0.875527426160338	-Inf	"SD"	NA	NA
"ECK120003191"	"ymfP"	"+"	1205483	1206145	663	"M-P1h"	13	1.17017559572699	0	0	0	0.532428355957768	-Inf	"SD"	NA	NA
"ECK120003192"	"ymfQ"	"+"	1206136	1206720	585	"M-P1h"	4	0	0	0	0	0.21025641025641	NA	"NO"	NA	NA
"ECK120003196"	"ycgX"	"-"	1211926	1212330	405	"M-P1h"	26	3.83124158008391	0	0	0	0.874074074074074	-Inf	"SD"	NA	NA
"ECK120003197"	"bluR"	"-"	1212551	1213282	732	"M-P1h"	1436	117.07510919216	2	111	0	1	-Inf	"SD"	1	3.57142857142857
"ECK120003200"	"ymgA"	"+"	1215291	1215563	273	"M-P1h"	19	4.15348041120677	0	0	0	0.886446886446886	-Inf	"SD"	NA	NA
"ECK120003201"	"ariR"	"+"	1215592	1215858	267	"M-P1h"	12	2.68220024189107	0	0	0	0.868913857677903	-Inf	"SD"	NA	NA
"ECK120003202"	"ymgC"	"+"	1215971	1216219	249	"M-P1h"	3	0.719023558820196	0	0	0	0.405622489959839	-Inf	"SD"	NA	NA
"ECK120003203"	"ycgG"	"+"	1216551	1218074	1524	"M-P1h"	34	1.33142026442952	7	136	0	0.648950131233596	-Inf	"SD"	NA	NA
"ECK120003204"	"ycgH_1"	"+"	1220024	1220344	321	"M-P1h"	42	7.80846145186044	2	101	0	1	-Inf	"SD"	NA	NA
"ECK120003207"	"ymgG"	"-"	1221867	1222142	276	"M-P1h"	15	3.24342148815632	0	0	0	0.815217391304348	-Inf	"SD"	NA	NA
"ECK120003212"	"ycgM"	"+"	1227302	1227961	660	"M-P1h"	663	59.9502233610857	2	178	0	1	-Inf	"SD"	5	20.8333333333333
"ECK120003221"	"dhaL"	"-"	1248348	1248980	633	"M-P1h"	4328	408.041893986771	1	100	0	1	-Inf	"SD"	9	39.1304347826087
"ECK120003225"	"ychQ"	"+"	1266147	1266539	393	"M-P1h"	631	95.820409277583	11	281	39.1459074733096	1	-5.44475754680224	"SD"	NA	NA
"ECK120003227"	"ychG_1"	"-"	1294191	1294421	231	"M-P1h"	68	17.5678310215636	1	69	0	1	-Inf	"SD"	NA	NA
"ECK120003230"	"yciO"	"+"	1322122	1322742	621	"M-P1h"	691	66.406051801956	10	154	38.961038961039	1	-5.79020841416222	"SD"	10	43.4782608695652
"ECK120003231"	"yciQ"	"+"	1322770	1324665	1896	"M-P1h"	400	12.5904969160498	14	225	40	0.95253164556962	-2.80626641214975	"SD"	NA	NA
"ECK120003232"	"yciS"	"+"	1338267	1338575	309	"M-P1h"	764	147.555734342739	0	0	0	1	-Inf	"SD"	0	0
"ECK120003233"	"yciT"	"-"	1341621	1342370	750	"M-P1h"	706	56.1777899996611	1	100	0	1	-Inf	"SD"	6	21.4285714285714
"ECK120003234"	"gmr"	"-"	1342781	1344766	1986	"M-P1h"	116	3.48577987125924	126	785	98.0891719745223	0.989929506545821	2.1433769803801	"AD"	NA	NA
"ECK120003235"	"yciW"	"-"	1347004	1348131	1128	"M-P1h"	454	24.0197214037789	41	788	38.0710659898477	1	-2.0011850119992	"SD"	0	0
"ECK120003236"	"ycjD"	"-"	1349431	1349784	354	"M-P1h"	176	29.6708930713147	1	100	0	1	-Inf	"SD"	NA	NA
"ECK120003237"	"ymjA"	"-"	1355447	1355692	246	"M-P1h"	146	35.4192174218826	19	588	32.312925170068	1	-3.22046101281279	"SD"	0	0
"ECK120003238"	"puuP"	"-"	1355826	1357211	1386	"M-P1h"	60	2.58350456199464	11	327	27.5229357798165	0.718614718614719	-0.521332524744588	"SD"	NA	NA
"ECK120003242"	"ycjM"	"+"	1368240	1369919	1680	"M-P1h"	26	0.923602880913085	0	0	0	0.592261904761905	-Inf	"SD"	NA	NA
"ECK120003243"	"ycjN"	"+"	1369933	1371225	1293	"M-P1h"	21	0.969263776507039	1	43	0	0.510440835266821	-Inf	"SD"	NA	NA
"ECK120003244"	"ycjO"	"+"	1371246	1372127	882	"M-P1h"	18	1.21793786494033	8	326	24.5398773006135	0.751700680272109	0.393631371399612	"AD"	NA	NA
"ECK120003245"	"ycjP"	"+"	1372114	1372956	843	"M-P1h"	7	0.495554789649506	1	88	0	0.33926453143535	-Inf	"SD"	NA	NA
"ECK120003246"	"ycjQ"	"+"	1372987	1374039	1053	"M-P1h"	16	0.906802740848262	0	0	0	0.502374169040836	-Inf	"SD"	NA	NA
"ECK120003247"	"ycjR"	"+"	1374058	1374846	789	"M-P1h"	17	1.28585835423992	6	113	0	0.555133079847909	-Inf	"SD"	NA	NA
"ECK120003248"	"ycjS"	"+"	1374856	1375911	1056	"M-P1h"	20	1.13028324587266	4	173	0	0.508522727272727	-Inf	"SD"	NA	NA
"ECK120003249"	"ycjT"	"+"	1375908	1378175	2268	"M-P1h"	47	1.23673320236225	12	205	29.2682926829268	0.716490299823633	-0.0434998987298494	"SD"	NA	NA
"ECK120003250"	"ycjU"	"+"	1378172	1378831	660	"M-P1h"	8	0.7233812773585	2	105	0	0.515151515151515	-Inf	"SD"	NA	NA
"ECK120003251"	"ycjV"	"+"	1378845	1379813	969	"M-P1h"	19	1.17017559572699	0	0	0	0.736842105263158	-Inf	"SD"	NA	NA
"ECK120003264"	"abgB"	"-"	1399834	1401279	1446	"M-P1h"	48	1.98104416206062	59	500	76	0.689488243430152	1.93973837695795	"AD"	NA	NA
"ECK120003271"	"intR"	"-"	1410024	1411259	1236	"M-P1h"	161	7.77371506190475	20	199	80.4020100502513	0.87621359223301	-1.28053232292584	"SD"	NA	NA
"ECK120003272"	"ydaQ"	"-"	1411261	1411476	216	"M-P1h"	1	0.276291460102205	3	126	0	0.462962962962963	-Inf	"SD"	NA	NA
"ECK120003277"	"ydaT"	"+"	1418708	1419130	423	"M-P1h"	21	2.96278501896832	16	419	38.1861575178998	0.711583924349882	0.111117957625594	"AD"	NA	NA
"ECK120003278"	"ydaU"	"+"	1419143	1420000	858	"M-P1h"	20	1.39111784107404	6	136	0	0.736596736596737	-Inf	"SD"	NA	NA
"ECK120003279"	"ydaV"	"+"	1420007	1420753	747	"M-P1h"	55	4.39403285945675	1	100	0	0.867469879518072	-Inf	"SD"	NA	NA
"ECK120003280"	"ydaW"	"+"	1420776	1421336	561	"M-P1h"	83	8.82950676775816	6	260	0	1	-Inf	"SD"	NA	NA
"ECK120003281"	"rzpR"	"+"	1421369	1421668	300	"M-P1h"	4	0.79571940509435	41	226	181.41592920354	0.49	3.36529222239837	"AD"	NA	NA
"ECK120003282"	"b1364"	"+"	1423202	1423483	282	"M-P1h"	37	7.83021755013057	0	0	0	1	-Inf	"SD"	NA	NA
"ECK120003283"	"ynaK"	"+"	1423401	1423664	264	"M-P1h"	32	7.233812773585	0	0	0	1	-Inf	"SD"	NA	NA
"ECK120003284"	"ydaY"	"+"	1423645	1424004	360	"M-P1h"	25	4.14437190153307	7	369	18.970189701897	1	-1.56572664410304	"SD"	NA	NA
"ECK120003285"	""	"+"	1424079	1424312	234	"M-P1h"	5	1.27519135431787	0	0	0	0.67948717948718	-Inf	"SD"	NA	NA
"ECK120003286"	"ynaA"	"+"	1424478	1425506	1029	"M-P1h"	97	5.62571299520058	11	146	54.7945205479452	0.881438289601555	-1.81396404800876	"SD"	NA	NA
"ECK120003290"	"stfR"	"+"	1427073	1430435	3363	"M-P1h"	60	1.06474496667397	14	100	0	0.489146595301814	-Inf	"SD"	NA	NA
"ECK120003293"	"ynaE"	"-"	1432015	1432248	234	"M-P1h"	1	0.255038270863574	0	0	0	0.384615384615385	-Inf	"SD"	NA	NA
"ECK120003294"	"uspF"	"-"	1433209	1433643	435	"M-P1h"	554	76.0049224865982	519	1629	318.600368324125	1	0.449641680329186	"AD"	NA	NA
"ECK120003295"	"ompN"	"-"	1433784	1434917	1134	"M-P1h"	10	0.526269447813723	0	0	0	0.329805996472663	-Inf	"SD"	NA	NA
"ECK120003299"	"ynbE"	"+"	1443711	1443896	186	"M-P1h"	162	51.9784450101954	0	0	0	1	-Inf	"SD"	NA	NA
"ECK120003304"	"paaB"	"+"	1452892	1453179	288	"M-P1h"	1	0.207218595076654	1	42	0	0.336805555555556	-Inf	"SD"	NA	NA
"ECK120003305"	"paaC"	"+"	1453188	1453934	747	"M-P1h"	30	2.39674519606732	2	51	0	0.974564926372155	-Inf	"SD"	NA	NA
"ECK120003306"	"paaD"	"+"	1453949	1454446	498	"M-P1h"	8	0.958698078426927	13	345	37.6811594202899	0.718875502008032	1.43936317749358	"AD"	NA	NA
"ECK120003307"	"paaE"	"+"	1454454	1455524	1071	"M-P1h"	9	0.501503826740136	2	100	0	0.475256769374416	-Inf	"SD"	NA	NA
"ECK120003308"	"paaF"	"+"	1455521	1456288	768	"M-P1h"	7	0.543948812076216	0	0	0	0.411458333333333	-Inf	"SD"	NA	NA
"ECK120003309"	"paaG"	"+"	1456288	1457076	789	"M-P1h"	13	0.983303447359938	3	87	0	0.698352344740177	-Inf	"SD"	NA	NA
"ECK120003310"	"paaH"	"+"	1457078	1458505	1428	"M-P1h"	39	1.62988743690544	0	0	0	0.925070028011205	-Inf	"SD"	NA	NA
"ECK120003311"	"paaI"	"+"	1458495	1458917	423	"M-P1h"	6	0.846510005419521	0	0	0	0.491725768321513	-Inf	"SD"	NA	NA
"ECK120003312"	"paaJ"	"+"	1458917	1460122	1206	"M-P1h"	59	2.91961722018449	1	82	0	0.940298507462687	-Inf	"SD"	NA	NA
"ECK120003313"	"paaK"	"+"	1460149	1461462	1314	"M-P1h"	198	8.99271930414847	16	246	28.4552845528455	0.942922374429224	-2.68333061041527	"SD"	NA	NA
"ECK120003314"	"paaX"	"+"	1461563	1462513	951	"M-P1h"	260	16.3160130382122	1	59	0	0.97055730809674	-Inf	"SD"	2	5.71428571428571
"ECK120003320"	"ynbA"	"+"	1475645	1476250	606	"M-P1h"	10	0.984801243928651	0	0	0	0.546204620462046	-Inf	"SD"	NA	NA
"ECK120003321"	"ynbB"	"+"	1476250	1477146	897	"M-P1h"	6	0	0	0	0	0.163879598662207	NA	"NO"	NA	NA
"ECK120003322"	"ynbC"	"+"	1477162	1478919	1758	"M-P1h"	76	2.57997759330933	5	107	0	0.87485779294653	-Inf	"SD"	NA	NA
"ECK120003339"	"ydcR"	"+"	1508027	1509433	1407	"M-P1h"	282	11.9612405243394	41	285	77.1929824561404	1	-1.44279159324056	"SD"	NA	NA
"ECK120003340"	"ydcS"	"+"	1509678	1510823	1146	"M-P1h"	54	2.81209737402453	4	109	0	0.858638743455497	-Inf	"SD"	NA	NA
"ECK120003341"	"ydcT"	"+"	1510841	1511854	1014	"M-P1h"	26	1.53022962518144	3	151	0	0.651873767258383	-Inf	"SD"	NA	NA
"ECK120003342"	"ydcU"	"+"	1511855	1512796	942	"M-P1h"	46	2.91425896770224	22	439	50.1138952164009	0.943736730360934	0.594374439477469	"AD"	NA	NA
"ECK120003343"	"ydcV"	"+"	1512786	1513580	795	"M-P1h"	20	1.50135736810255	1	100	0	0.724528301886792	-Inf	"SD"	NA	NA
"ECK120003355"	"yncH"	"+"	1524964	1525176	213	"M-P1h"	0	0	0	0	0	0	NA	"NO"	NA	NA
"ECK120003356"	"yncI"	"+"	1528610	1529356	747	"M-P1h"	32	2.55652820913847	2	174	0	0.803212851405622	-Inf	"SD"	NA	NA
"ECK120003357"	"yncM"	"+"	1529400	1529600	201	"M-P1h"	5	1.48455112890737	0	0	0	0.990049751243781	-Inf	"SD"	NA	NA
"ECK120003360"	"yddJ"	"-"	1542408	1542743	336	"M-P1h"	2	0.355231877274263	1	41	0	0.398809523809524	-Inf	"SD"	NA	NA
"ECK120003361"	"yddK"	"-"	1542782	1543738	957	"M-P1h"	0	0	0	0	0	0	NA	"NO"	NA	NA
"ECK120003362"	"yddL"	"-"	1543762	1544052	291	"M-P1h"	1	0.205082320900606	0	0	0	0.336769759450172	-Inf	"SD"	NA	NA
"ECK120003364"	"adhP"	"-"	1550852	1551862	1011	"M-P1h"	89	5.25363702176537	1	100	0	0.935707220573689	-Inf	"SD"	NA	NA
"ECK120003367"	"ddpD"	"-"	1556055	1557041	987	"M-P1h"	20	1.20930000774217	9	147	40.8163265306122	0.648429584599797	-0.0111377924254023	"SD"	NA	NA
"ECK120003368"	"ddpC"	"-"	1557038	1557934	897	"M-P1h"	39	2.59473719052505	4	91	0	0.759197324414716	-Inf	"SD"	NA	NA
"ECK120003369"	"ddpB"	"-"	1557931	1558953	1023	"M-P1h"	18	1.05006959616556	2	69	0	0.664711632453568	-Inf	"SD"	NA	NA
"ECK120003370"	"ddpA"	"-"	1558955	1560505	1551	"M-P1h"	28	1.07737637053394	18	146	61.6438356164384	0.515796260477112	0.740474577705196	"AD"	NA	NA
"ECK120003371"	"ddpX"	"-"	1560519	1561100	582	"M-P1h"	3	0.307623481350908	7	197	0	0.371134020618557	-Inf	"SD"	NA	NA
"ECK120003372"	"dosP"	"-"	1561358	1563757	2400	"M-P1h"	484	12.035256002052	16	192	0	0.959583333333333	-Inf	"SD"	NA	NA
"ECK120003373"	"dosC"	"-"	1563782	1565164	1383	"M-P1h"	523	22.5683974438365	18	439	34.1685649202733	1	-2.91126957220353	"SD"	NA	NA
"ECK120003374"	"yddW"	"-"	1565528	1566847	1320	"M-P1h"	240	10.8507191603775	23	705	28.3687943262411	0.988636363636364	-1.43971875919094	"SD"	NA	NA
"ECK120003375"	"gadC"	"-"	1566978	1568513	1536	"M-P1h"	177	6.87706712410644	30	559	46.5116279069767	0.910807291666667	-0.403281803936346	"SD"	NA	NA
"ECK120003376"	"ydeM"	"-"	1577657	1578814	1158	"M-P1h"	12	0.618434770798717	10	195	35.8974358974359	0.516407599309154	1.17873348661009	"AD"	NA	NA
"ECK120003377"	"ydeN"	"-"	1578866	1580548	1683	"M-P1h"	35	1.24109532880135	64	272	77.2058823529412	0.696969696969697	1.75877539444814	"AD"	8	12.6984126984127
"ECK120003378"	"ydeO"	"-"	1580950	1581711	762	"M-P1h"	7	0.548231873588627	2	98	0	0.497375328083989	-Inf	"SD"	NA	NA
"ECK120003379"	"safA"	"-"	1581786	1581983	198	"M-P1h"	0	0	0	0	0	0	NA	"NO"	NA	NA
"ECK120003380"	"ydeP"	"-"	1582231	1584510	2280	"M-P1h"	102	2.66984800393499	9	269	0	0.859210526315789	-Inf	"SD"	NA	NA
"ECK120003381"	"ydeQ"	"-"	1584844	1585758	915	"M-P1h"	5	0.32611451028457	0	0	0	0.27103825136612	-Inf	"SD"	NA	NA
"ECK120003382"	"ydeR"	"-"	1585817	1586320	504	"M-P1h"	1	0	14	279	50.1792114695341	0.198412698412698	Inf	"AD"	NA	NA
"ECK120003383"	"ydeS"	"-"	1586333	1586863	531	"M-P1h"	0	0	16	279	50.1792114695341	0	Inf	"AD"	NA	NA
"ECK120003384"	"ydeT"	"-"	1586877	1588025	1149	"M-P1h"	1	0	2	95	0	0.0870322019147084	NA	"NO"	NA	NA
"ECK120003385"	"yneL"	"-"	1588381	1588560	180	"M-P1h"	1	0.331549752122646	1	100	0	0.516666666666667	-Inf	"SD"	NA	NA
"ECK120003386"	"ydeU"	"-"	1590689	1592089	1401	"M-P1h"	432	18.4020761777708	6	154	38.961038961039	1	-3.93876223372709	"SD"	NA	NA
"ECK120003387"	"lsrK"	"-"	1596641	1598233	1593	"M-P1h"	281	10.5271729205043	17	225	40	0.962962962962963	-2.5480492399689	"SD"	NA	NA
"ECK120003390"	"lsrC"	"+"	1601043	1602071	1029	"M-P1h"	19	1.10194378256506	4	100	0	0.596695821185617	-Inf	"SD"	NA	NA
"ECK120003391"	"lsrD"	"+"	1602071	1603063	993	"M-P1h"	22	1.3221923649604	20	605	29.7520661157025	0.820745216515609	1.44506481761779	"AD"	NA	NA
"ECK120003392"	"lsrB"	"+"	1603075	1604097	1023	"M-P1h"	63	3.67524358657948	22	605	29.7520661157025	0.903225806451613	-0.0298429650278748	"SD"	NA	NA
"ECK120003393"	"lsrF"	"+"	1604124	1604999	876	"M-P1h"	140	9.53773259530899	2	60	0	1	-Inf	"SD"	NA	NA
"ECK120003394"	"lsrG"	"+"	1605023	1605313	291	"M-P1h"	71	14.560844783943	8	386	20.7253886010363	1	-3.185950249312	"SD"	NA	NA
"ECK120003397"	"yneF"	"-"	1608931	1609878	948	"M-P1h"	412	25.9364236470627	13	118	84.7457627118644	0.994725738396624	-3.6969076561132	"SD"	NA	NA
"ECK120003398"	"yneG"	"-"	1609990	1610349	360	"M-P1h"	52	8.62029355518879	185	629	294.117647058824	0.991666666666667	2.1017163659893	"AD"	NA	NA
"ECK120003399"	"yneH"	"-"	1610349	1611275	927	"M-P1h"	281	18.0903845332939	186	629	294.117647058824	1	1.03230219620532	"AD"	NA	NA
"ECK120003402"	"yneK"	"+"	1613787	1614902	1116	"M-P1h"	6	0.320854598828367	14	357	33.6134453781513	0.253584229390681	2.90304283911359	"AD"	NA	NA
"ECK120003403"	"ydfH"	"+"	1626376	1627062	687	"M-P1h"	1574	136.731696901584	2	55	0	1	-Inf	"SD"	NA	NA
"ECK120003410"	"ydfN"	"-"	1632909	1633871	963	"M-P1h"	9	0.55774724656146	6	102	0	0.301142263759086	-Inf	"SD"	NA	NA
"ECK120003413"	"ynfN"	"-"	1635978	1636133	156	"M-P1h"	22	8.41626293849793	5	191	0	0.955128205128205	-Inf	"SD"	NA	NA
"ECK120003414"	"cspI"	"-"	1636479	1636691	213	"M-P1h"	219	61.3600527167826	0	0	0	1	-Inf	"SD"	NA	NA
"ECK120003415"	"ydfP"	"-"	1637054	1637551	498	"M-P1h"	17	2.03723341665722	8	205	39.0243902439024	0.825301204819277	-0.348539381897855	"SD"	NA	NA
"ECK120003416"	"rrrQ"	"-"	1637548	1638081	534	"M-P1h"	28	3.12923361553958	2	100	0	0.99063670411985	-Inf	"SD"	NA	NA
"ECK120003417"	"ydfR"	"-"	1638078	1638389	312	"M-P1h"	48	9.18137775108865	2	100	0	1	-Inf	"SD"	NA	NA
"ECK120003418"	"essQ"	"-"	1638394	1638609	216	"M-P1h"	29	8.01245234296394	2	55	0	1	-Inf	"SD"	NA	NA
"ECK120003420"	"ydfU"	"-"	1641279	1642328	1050	"M-P1h"	39	2.2166469141914	22	105	171.428571428571	0.544761904761905	0.699617922417954	"AD"	NA	NA
"ECK120003425"	"insD"	"+"	1648905	1649561	657	"M-P1h"	5	0	0	0	0	0.0867579908675799	NA	"NO"	NA	NA
"ECK120003428"	"rspA"	"-"	1651951	1653165	1215	"M-P1h"	29	1.42443597208248	25	211	37.914691943128	0.792592592592593	0.167681130649972	"AD"	NA	NA
"ECK120003434"	"ynfE"	"+"	1656093	1658519	2427	"M-P1h"	1945	47.8267689403124	61	931	48.3351235230935	1	-2.40982142310834	"SD"	NA	NA
"ECK120003435"	"ynfF"	"+"	1658580	1661003	2424	"M-P1h"	2920	71.8904908067915	27	206	43.6893203883495	1	-5.31973214156771	"SD"	NA	NA
"ECK120003436"	"ynfG"	"+"	1661014	1661631	618	"M-P1h"	325	31.3845639145223	2	97	0	1	-Inf	"SD"	NA	NA
"ECK120003437"	"ynfH"	"+"	1661633	1662487	855	"M-P1h"	912	63.657552407548	2	160	0	1	-Inf	"SD"	NA	NA
"ECK120003438"	"dmsD"	"+"	1662530	1663144	615	"M-P1h"	500	48.5194759203872	0	0	0	1	-Inf	"SD"	3	13.0434782608696
"ECK120003441"	"mlc"	"-"	1665368	1666588	1221	"M-P1h"	471	23.0211203808009	50	561	83.7789661319073	0.995085995085995	-1.29222538566334	"SD"	NA	NA
"ECK120003450"	"ydgI"	"+"	1677581	1678963	1383	"M-P1h"	203	8.75981774588682	6	154	0	0.991323210412148	-Inf	"SD"	NA	NA
"ECK120003456"	"uidR"	"-"	1694486	1695076	591	"M-P1h"	931	94.0120261602589	7	228	0	1	-Inf	"SD"	1	4.54545454545455
"ECK120003458"	"cnu"	"+"	1702973	1703188	216	"M-P1h"	167	46.1406738370682	6	108	0	1	-Inf	"SD"	NA	NA
"ECK120003459"	"ydgK"	"+"	1703274	1703714	441	"M-P1h"	515	69.6931111604745	2	177	0	1	-Inf	"SD"	NA	NA
"ECK120003460"	"rsxA"	"+"	1703791	1704372	582	"M-P1h"	262	26.8657840379793	0	0	0	1	-Inf	"SD"	NA	NA
"ECK120003461"	"rsxB"	"+"	1704372	1704950	579	"M-P1h"	257	26.4896226825451	3	192	0	1	-Inf	"SD"	NA	NA
"ECK120003462"	"rsxC"	"+"	1704943	1707165	2223	"M-P1h"	300	8.0538401325339	37	205	131.707317073171	0.806117858749438	-0.576717428021019	"SD"	NA	NA
"ECK120003463"	"rsxD"	"+"	1707166	1708224	1059	"M-P1h"	125	7.04425818957463	13	238	29.4117647058824	0.995278564683664	-2.33102096132774	"SD"	NA	NA
"ECK120003464"	"rsxG"	"+"	1708228	1708848	621	"M-P1h"	39	3.7479537196473	11	281	32.0284697508897	0.901771336553945	-1.05810623191505	"SD"	NA	NA
"ECK120003465"	"rsxE"	"+"	1708852	1709547	696	"M-P1h"	99	8.48881692934705	11	281	32.0284697508897	1	-2.23756659550417	"SD"	NA	NA
"ECK120003466"	"tppB"	"+"	1710793	1712295	1503	"M-P1h"	1383	54.9141685252239	11	122	0	1	-Inf	"SD"	NA	NA
"ECK120003473"	"ydhJ"	"+"	1719288	1720145	858	"M-P1h"	167	11.6158339729682	18	137	109.489051094891	0.996503496503496	-1.95305833208158	"SD"	1	3.2258064516129
"ECK120003476"	"ydhF"	"-"	1722760	1723656	897	"M-P1h"	460	30.6045925036288	0	0	0	1	-Inf	"SD"	1	2.94117647058824
"ECK120003479"	"nemA"	"+"	1724683	1725780	1098	"M-P1h"	482	26.1978656595271	6	217	0	1	-Inf	"SD"	4	10
"ECK120003480"	"gloA"	"+"	1725861	1726268	408	"M-P1h"	1177	172.162084521333	0	0	0	1	-Inf	"SD"	4	26.6666666666667
"ECK120003484"	"ydhR"	"+"	1744724	1745029	306	"M-P1h"	1077	210.046519432994	38	502	75.6972111553785	1	-4.78856565112357	"SD"	2	18.1818181818182
"ECK120003487"	"ydhU"	"-"	1747587	1748372	786	"M-P1h"	191	14.5021380126928	0	0	0	1	-Inf	"SD"	NA	NA
"ECK120003488"	"ydhX"	"-"	1748369	1749088	720	"M-P1h"	217	17.9865740526535	27	311	86.8167202572347	1	-1.73588910666693	"SD"	NA	NA
"ECK120003489"	"ydhW"	"-"	1749101	1749748	648	"M-P1h"	361	33.247072365632	4	177	0	1	-Inf	"SD"	NA	NA
"ECK120003490"	"ydhV"	"-"	1749752	1751854	2103	"M-P1h"	1304	37.0049252583107	5	136	0	1	-Inf	"SD"	NA	NA
"ECK120003491"	"ydhY"	"-"	1751875	1752501	627	"M-P1h"	1270	120.880818716486	0	0	0	1	-Inf	"SD"	NA	NA
"ECK120003494"	"sufE"	"-"	1756898	1757314	417	"M-P1h"	53	7.58509504856125	41	753	45.1527224435591	1	-0.157632512583794	"SD"	NA	NA
"ECK120003495"	"sufS"	"-"	1757327	1758547	1221	"M-P1h"	84	4.10567752014284	12	229	0	0.983619983619984	-Inf	"SD"	NA	NA
"ECK120003496"	"sufD"	"-"	1758544	1759815	1272	"M-P1h"	48	2.25203605215382	6	260	0	0.816823899371069	-Inf	"SD"	NA	NA
"ECK120003497"	"sufC"	"-"	1759790	1760536	747	"M-P1h"	45	3.59511779410098	3	142	0	1	-Inf	"SD"	NA	NA
"ECK120003498"	"sufB"	"-"	1760546	1762033	1488	"M-P1h"	131	5.25399405581451	8	86	0	0.89247311827957	-Inf	"SD"	NA	NA
"ECK120003499"	"ydiH"	"-"	1762958	1763227	270	"M-P1h"	1515	334.865249643872	23	686	33.5276967930029	1	-6.18580299796807	"SD"	NA	NA
"ECK120003500"	"menI"	"-"	1763246	1763656	411	"M-P1h"	438	63.5994706991469	0	0	0	1	-Inf	"SD"	1	6.66666666666667
"ECK120003503"	"ydiL"	"+"	1768639	1768995	357	"M-P1h"	21	3.51052678718096	2	100	0	0.745098039215686	-Inf	"SD"	NA	NA
"ECK120003504"	"ydiM"	"+"	1769095	1770309	1215	"M-P1h"	17	0.835014190531108	10	175	0	0.320164609053498	-Inf	"SD"	NA	NA
"ECK120003505"	"ydiN"	"+"	1770536	1771801	1266	"M-P1h"	11	0.51853752701646	1	98	0	0.406003159557662	-Inf	"SD"	NA	NA
"ECK120003509"	"ydiR"	"+"	1778425	1779363	939	"M-P1h"	22	1.39822898658752	17	214	32.7102803738318	0.70926517571885	0.00182617835847971	"AD"	NA	NA
"ECK120003510"	"ydiS"	"+"	1779419	1780708	1290	"M-P1h"	38	1.75798473218519	3	148	0	0.789147286821705	-Inf	"SD"	NA	NA
"ECK120003511"	"ydiT"	"+"	1780705	1780998	294	"M-P1h"	11	2.23288608572394	0	0	0	0.82312925170068	-Inf	"SD"	NA	NA
"ECK120003513"	"ydiV"	"-"	1789331	1790044	714	"M-P1h"	551	46.0547680889692	11	273	25.6410256410256	1	-5.03985179520005	"SD"	NA	NA
"ECK120003515"	"arpB_2"	"+"	1801602	1803017	1416	"M-P1h"	6	0.252876929585069	3	198	0	0.286016949152542	-Inf	"SD"	NA	NA
"ECK120003517"	"ydiZ"	"+"	1805424	1805714	291	"M-P1h"	305	62.5501078746847	29	189	148.148148148148	1	-3.48151364019996	"SD"	NA	NA
"ECK120003521"	"ydjM"	"+"	1808235	1808825	591	"M-P1h"	6	0.605877719614987	1	100	0	0.417935702199662	-Inf	"SD"	NA	NA
"ECK120003527"	"spy"	"-"	1823164	1823649	486	"M-P1h"	216	26.5239801698117	10	190	36.8421052631579	1	-4.24379854921568	"SD"	NA	NA
"ECK120003528"	"astE"	"-"	1823979	1824947	969	"M-P1h"	47	2.89464489469307	1	53	0	0.859649122807018	-Inf	"SD"	NA	NA
"ECK120003529"	"astB"	"-"	1824940	1826283	1344	"M-P1h"	29	1.2877155551192	3	54	0	0.710565476190476	-Inf	"SD"	NA	NA
"ECK120003530"	"astD"	"-"	1826280	1827758	1479	"M-P1h"	46	1.85614060011867	2	100	0	0.743745774171738	-Inf	"SD"	NA	NA
"ECK120003531"	"astA"	"-"	1827755	1828789	1035	"M-P1h"	9	0.518947438105011	2	96	0	0.578743961352657	-Inf	"SD"	NA	NA
"ECK120003533"	"ydjX"	"+"	1831425	1832135	711	"M-P1h"	621	52.1246572324463	29	365	57.5342465753425	1	-3.6335047585379	"SD"	NA	NA
"ECK120003534"	"ydjY"	"+"	1832140	1832817	678	"M-P1h"	772	67.9530288421281	1	96	0	1	-Inf	"SD"	1	4.16666666666667
"ECK120003535"	"ydjZ"	"+"	1832832	1833539	708	"M-P1h"	238	20.0615697470821	0	0	0	1	-Inf	"SD"	NA	NA
"ECK120003536"	"ynjA"	"+"	1833539	1834087	549	"M-P1h"	302	32.82886070198	2	100	0	1	-Inf	"SD"	NA	NA
"ECK120003537"	"ynjB"	"+"	1834097	1835263	1167	"M-P1h"	502	25.6716671823498	1	100	0	1	-Inf	"SD"	2	4.65116279069767
"ECK120003538"	"ynjC"	"+"	1835281	1836771	1491	"M-P1h"	137	5.48357940130412	2	100	0	0.994634473507713	-Inf	"SD"	NA	NA
"ECK120003539"	"ynjD"	"+"	1836771	1837424	654	"M-P1h"	79	7.20892580303367	4	148	0	0.87308868501529	-Inf	"SD"	NA	NA
"ECK120003545"	"ydjF"	"-"	1852120	1852878	759	"M-P1h"	89	6.99792757444636	2	100	0	1	-Inf	"SD"	3	10.7142857142857
"ECK120003546"	"ydjG"	"-"	1853015	1853995	981	"M-P1h"	111	6.75266467625939	2	98	0	1	-Inf	"SD"	NA	NA
"ECK120003547"	"ydjH"	"-"	1854005	1854952	948	"M-P1h"	53	3.33648168275321	0	0	0	0.941983122362869	-Inf	"SD"	NA	NA
"ECK120003548"	"ydjI"	"-"	1854957	1855793	837	"M-P1h"	59	4.2067602957497	0	0	0	1	-Inf	"SD"	NA	NA
"ECK120003549"	"ydjJ"	"-"	1855814	1856857	1044	"M-P1h"	61	3.48698877232438	1	52	0	0.914750957854406	-Inf	"SD"	NA	NA
"ECK120003550"	"ydjK"	"-"	1856874	1858253	1380	"M-P1h"	18	0.778421157157516	0	0	0	0.652173913043478	-Inf	"SD"	NA	NA
"ECK120003551"	"ydjL"	"-"	1858280	1859356	1077	"M-P1h"	22	1.21906872646767	10	127	0	0.608170844939647	-Inf	"SD"	NA	NA
"ECK120003552"	"yeaC"	"-"	1859726	1859998	273	"M-P1h"	553	120.888140389334	2	43	0	1	-Inf	"SD"	NA	NA
"ECK120003557"	"yeaH"	"+"	1866979	1868262	1284	"M-P1h"	148	6.87888270759134	11	150	53.3333333333333	0.900311526479751	-2.10410235122224	"SD"	NA	NA
"ECK120003558"	"yeaI"	"+"	1868409	1869884	1476	"M-P1h"	25	1.01082241500807	5	91	0	0.579268292682927	-Inf	"SD"	NA	NA
"ECK120003569"	"yoaG"	"-"	1877427	1877609	183	"M-P1h"	7	2.28280157199199	4	275	0	0.672131147540984	-Inf	"SD"	NA	NA
"ECK120003570"	"yeaR"	"-"	1877613	1877972	360	"M-P1h"	0	0	4	275	0	0	NA	"NO"	NA	NA
"ECK120003571"	"leuE"	"-"	1878145	1878783	639	"M-P1h"	197	18.3986763853975	7	204	34.3137254901961	1	-3.71610324916737	"SD"	NA	NA
"ECK120003574"	"yeaV"	"+"	1881212	1882657	1446	"M-P1h"	6	0	13	441	22.6757369614512	0.223374827109267	Inf	"AD"	NA	NA
"ECK120003575"	"yeaW"	"+"	1882689	1883813	1125	"M-P1h"	27	1.43229492916983	2	100	0	0.759111111111111	-Inf	"SD"	NA	NA
"ECK120003577"	"yeaY"	"-"	1887975	1888556	582	"M-P1h"	231	23.6870080640199	2	100	0	1	-Inf	"SD"	6	28.5714285714286
"ECK120003578"	"tsaB"	"-"	1888596	1889291	696	"M-P1h"	499	42.7870671489311	2	178	0	1	-Inf	"SD"	4	16
"ECK120003585"	"yobD"	"+"	1902825	1903283	459	"M-P1h"	1187	154.333159125326	4	139	0	1	-Inf	"SD"	NA	NA
"ECK120003587"	"yobF"	"-"	1905472	1905615	144	"M-P1h"	3314	1373.44484816806	13	210	61.9047619047619	1	-9.04507164035364	"SD"	NA	NA
"ECK120003588"	"yebO"	"-"	1906285	1906572	288	"M-P1h"	434	89.9328702632677	21	225	84.4444444444444	1	-4.56477719027418	"SD"	NA	NA
"ECK120003594"	"yebT"	"+"	1915534	1918167	2634	"M-P1h"	730	16.5397256753666	31	123	81.3008130081301	0.992027334851936	-3.0478634013391	"SD"	2	2.10526315789474
"ECK120003595"	"rsmF"	"+"	1918247	1919686	1440	"M-P1h"	263	10.899698101032	5	107	0	0.960416666666667	-Inf	"SD"	1	1.88679245283019
"ECK120003596"	"yebV"	"+"	1919804	1920040	237	"M-P1h"	319	80.327370324398	22	206	101.941747572816	1	-4.25743041480345	"SD"	NA	NA
"ECK120003599"	"yebY"	"-"	1921389	1921730	342	"M-P1h"	1210	211.144842141264	698	651	1072.19662058372	1	-0.596934063782005	"SD"	2	16.6666666666667
"ECK120003600"	"yebZ"	"-"	1921743	1922615	873	"M-P1h"	1025	70.0697929743736	2	100	0	1	-Inf	"SD"	NA	NA
"ECK120003602"	"yobB"	"+"	1923464	1924120	657	"M-P1h"	219	19.8929851273587	9	354	25.4237288135593	1	-3.46619097055213	"SD"	NA	NA
"ECK120003606"	"yecN"	"+"	1950290	1950685	396	"M-P1h"	249	37.5254037629722	21	362	58.0110497237569	1	-3.15940636192531	"SD"	NA	NA
"ECK120003607"	"cmoA"	"+"	1950726	1951469	744	"M-P1h"	299	23.9838812624204	3	141	0	1	-Inf	"SD"	6	21.4285714285714
"ECK120003610"	"torY"	"-"	1955056	1956156	1101	"M-P1h"	23	1.24669934040668	7	315	0	0.529518619436876	-Inf	"SD"	NA	NA
"ECK120003611"	"cutC"	"-"	1956544	1956984	441	"M-P1h"	419	56.7017739344443	0	0	0	1	-Inf	"SD"	3	11.1111111111111
"ECK120003615"	"flhB"	"-"	1963067	1964215	1149	"M-P1h"	395	20.5162640347434	0	0	0	1	-Inf	"SD"	NA	NA
"ECK120003616"	"insB-5"	"-"	1976542	1977045	504	"M-P1h"	0	0	0	0	0	0	NA	"NO"	NA	NA
"ECK120003623"	"yecS"	"-"	1995835	1996503	669	"M-P1h"	432	38.5370832960492	1	65	0	1	-Inf	"SD"	1	4
"ECK120003624"	"dcyD"	"-"	1996518	1997504	987	"M-P1h"	591	35.7348152287812	1	55	0	1	-Inf	"SD"	5	14.2857142857143
"ECK120003625"	"fliY"	"-"	1997609	1998409	801	"M-P1h"	4005	298.394776910381	2	195	0	1	-Inf	"SD"	33	113.793103448276
"ECK120003628"	"yedN_1"	"-"	2009573	2009893	321	"M-P1h"	6	1.11549449312292	0	0	0	0.373831775700935	-Inf	"SD"	NA	NA
"ECK120003636"	"yodC"	"-"	2026212	2026394	183	"M-P1h"	147	47.9388330118317	0	0	0	1	-Inf	"SD"	NA	NA
"ECK120003638"	"yedS_1"	"+"	2032075	2032560	486	"M-P1h"	61	7.490568473882	3	128	0	0.792181069958848	-Inf	"SD"	NA	NA
"ECK120003639"	"yedS_2"	"+"	2032570	2032779	210	"M-P1h"	29	8.24137955276291	51	959	53.1803962460897	1	0.307611391794449	"AD"	NA	NA
"ECK120003640"	"yedS_3"	"+"	2032863	2033267	405	"M-P1h"	41	6.04157326090154	51	959	53.1803962460897	0.975308641975309	0.755572962409803	"AD"	NA	NA
"ECK120003645"	"yedY"	"+"	2037502	2038506	1005	"M-P1h"	221	13.1234319795411	8	149	0	0.951243781094527	-Inf	"SD"	0	0
"ECK120003646"	"yedZ"	"+"	2038507	2039142	636	"M-P1h"	68	6.38076881443582	15	413	29.0556900726392	0.966981132075472	-1.41069585796042	"SD"	NA	NA
"ECK120003647"	"zinT"	"+"	2039399	2040049	651	"M-P1h"	41	3.75858244341801	6	311	0	0.8678955453149	-Inf	"SD"	NA	NA
"ECK120003665"	"yeeP"	"+"	2068810	2069235	426	"M-P1h"	34	4.76310911500139	113	650	173.846153846154	1	2.24634726867509	"AD"	NA	NA
"ECK120003666"	"flu"	"+"	2069563	2072682	3120	"M-P1h"	11115	212.606278548647	121	662	169.184290030211	1	-3.24661356482274	"SD"	38	35.5140186915888
"ECK120003667"	"yeeR"	"+"	2072803	2074335	1533	"M-P1h"	1362	53.0220073257585	21	247	40.4858299595142	1	-4.72851938418153	"SD"	NA	NA
"ECK120003668"	"yeeS"	"+"	2074332	2074778	447	"M-P1h"	445	59.4119354474808	0	0	0	1	-Inf	"SD"	NA	NA
"ECK120003669"	"yeeT"	"+"	2074841	2075062	222	"M-P1h"	7	1.8817688633988	95	1528	62.17277486911	0.815315315315315	3.33583807990785	"AD"	NA	NA
"ECK120003670"	"cbeA"	"+"	2075136	2075504	369	"M-P1h"	6	0.970389518407744	95	1528	62.17277486911	0.685636856368564	4.29129164095459	"AD"	NA	NA
"ECK120003671"	"cbtA"	"+"	2075593	2075967	375	"M-P1h"	9	1.43229492916983	95	1528	62.17277486911	0.810666666666667	3.72959891955628	"AD"	NA	NA
"ECK120003672"	"yeeW"	"+"	2075964	2076158	195	"M-P1h"	65	19.8929851273587	1	61	0	1	-Inf	"SD"	NA	NA
"ECK120003674"	"yeeY"	"-"	2085353	2086282	930	"M-P1h"	467	29.9678195305695	2	139	0	1	-Inf	"SD"	NA	NA
"ECK120003675"	"yeeZ"	"-"	2086328	2087152	825	"M-P1h"	1799	130.136291796794	3	43	0	1	-Inf	"SD"	12	40
"ECK120003677"	"ugd"	"-"	2096471	2097637	1167	"M-P1h"	1024	52.3661099496539	78	558	100.358422939068	1	-2.22513470495065	"SD"	0	0
"ECK120003678"	"insH-7"	"-"	2099919	2100935	1017	"M-P1h"	27	0	0	0	0	0.0432645034414946	NA	"NO"	NA	NA
"ECK120003679"	"galF"	"-"	2111458	2112351	894	"M-P1h"	2700	180.238455851908	19	617	30.7941653160454	1	-5.56776363002689	"SD"	21	63.6363636363636
"ECK120003680"	"wcaM"	"-"	2112526	2113920	1395	"M-P1h"	203	8.68446447495446	18	404	34.6534653465347	0.949820788530466	-1.63301006112662	"SD"	NA	NA
"ECK120003681"	"wcaL"	"-"	2113931	2115151	1221	"M-P1h"	127	6.20739339354929	3	72	0	0.957411957411957	-Inf	"SD"	NA	NA
"ECK120003682"	"wcaK"	"-"	2115148	2116428	1281	"M-P1h"	94	4.37925199524993	9	211	28.436018957346	0.825136612021858	-1.86765006333043	"SD"	NA	NA
"ECK120003683"	"wzxC"	"-"	2116704	2118182	1479	"M-P1h"	52	2.09824589578632	5	225	0	0.822853279242732	-Inf	"SD"	NA	NA
"ECK120003684"	"wcaJ"	"-"	2118184	2119578	1395	"M-P1h"	34	1.45454084802193	8	148	40.5405405405405	0.689605734767025	-0.277529406528231	"SD"	NA	NA
"ECK120003685"	"wcaF"	"-"	2126364	2126912	549	"M-P1h"	1	0	7	265	0	0.114754098360656	NA	"NO"	NA	NA
"ECK120003686"	"wcaE"	"-"	2126928	2127674	747	"M-P1h"	5	0.399457532677886	0	0	0	0.307898259705489	-Inf	"SD"	NA	NA
"ECK120003687"	"wcaD"	"-"	2127685	2128902	1218	"M-P1h"	13	0.636967504077989	0	0	0	0.547619047619048	-Inf	"SD"	NA	NA
"ECK120003688"	"wcaC"	"-"	2128877	2130094	1218	"M-P1h"	6	0.293985001882149	5	43	0	0.25615763546798	-Inf	"SD"	NA	NA
"ECK120003689"	"wcaB"	"-"	2130091	2130579	489	"M-P1h"	1	0	9	240	33.3333333333333	0.102249488752556	Inf	"AD"	NA	NA
"ECK120003690"	"wcaA"	"-"	2130582	2131421	840	"M-P1h"	6	0.426278252729116	10	240	33.3333333333333	0.429761904761905	1.90820454422937	"AD"	NA	NA
"ECK120003691"	"wzc"	"-"	2131514	2133676	2163	"M-P1h"	12	0.331089905032323	17	286	34.965034965035	0.307443365695793	2.59470507141259	"AD"	NA	NA
"ECK120003692"	"wzb"	"-"	2133679	2134122	444	"M-P1h"	1	0	0	0	0	0.184684684684685	NA	"NO"	NA	NA
"ECK120003698"	"yegL"	"-"	2150493	2151152	660	"M-P1h"	22	1.98929851273587	2	115	0	0.933333333333333	-Inf	"SD"	NA	NA
"ECK120003700"	"mdtB"	"+"	2153287	2156409	3123	"M-P1h"	311	5.94305319366817	34	518	36.6795366795367	0.935959013768812	-0.64520487538204	"SD"	NA	NA
"ECK120003701"	"mdtC"	"+"	2156410	2159487	3078	"M-P1h"	176	3.41244189319214	5	197	0	0.872969460688759	-Inf	"SD"	NA	NA
"ECK120003702"	"yegP"	"+"	2163213	2163545	333	"M-P1h"	31	5.55569854908217	4	78	0	0.894894894894895	-Inf	"SD"	0	0
"ECK120003703"	"yegQ"	"+"	2163692	2165053	1362	"M-P1h"	485	21.2513167109449	54	972	54.5267489711934	1	-1.00348796721482	"SD"	3	5.88235294117647
"ECK120003705"	"yegZ"	"-"	2165626	2165844	219	"M-P1h"	17	4.63261297486437	1	100	0	1	-Inf	"SD"	NA	NA
"ECK120003706"	""	"-"	2165759	2166025	267	"M-P1h"	32	7.15253397837618	1	100	0	1	-Inf	"SD"	NA	NA
"ECK120003711"	"gatZ"	"-"	2173081	2174343	1263	"M-P1h"	40712	1923.71308908558	5	102	0	1	-Inf	"SD"	22	46.8085106382979
"ECK120003714"	"yegU"	"+"	2178117	2179121	1005	"M-P1h"	45	2.67219203203326	3	52	0	0.97910447761194	-Inf	"SD"	2	5.55555555555556
"ECK120003717"	"yegX"	"-"	2180855	2181673	819	"M-P1h"	97	7.06820350679047	0	0	0	0.744810744810745	-Inf	"SD"	NA	NA
"ECK120003718"	"thiD"	"-"	2181738	2182538	801	"M-P1h"	43	3.20373917781433	24	720	30.5555555555556	0.870162297128589	0.457746823628312	"AD"	2	6.89655172413793
"ECK120003722"	"yeiS"	"+"	2231622	2231861	240	"M-P1h"	84	20.8876343837267	2	46	0	1	-Inf	"SD"	NA	NA
"ECK120003723"	"preT"	"+"	2232055	2233293	1239	"M-P1h"	759	36.5587789628699	23	420	35.7142857142857	1	-3.60718348038194	"SD"	3	6.81818181818182
"ECK120003724"	"lpxT"	"+"	2266876	2267589	714	"M-P1h"	43	3.59411075830431	3	106	0	0.959383753501401	-Inf	"SD"	NA	NA
"ECK120003725"	"mepS"	"+"	2268001	2268567	567	"M-P1h"	1754	184.615322293054	30	503	35.7852882703777	1	-5.68038157877579	"SD"	NA	NA
"ECK120003726"	"rtn"	"+"	2268748	2270304	1557	"M-P1h"	405	15.5234277005401	12	228	35.0877192982456	1	-3.27830334140855	"SD"	NA	NA
"ECK120003730"	"yfaQ"	"-"	2326170	2327819	1650	"M-P1h"	35	1.26591723537737	16	229	34.9344978165939	0.739393939393939	0.33788881947262	"AD"	NA	NA
"ECK120003731"	"yfaS_2"	"-"	2327820	2328305	486	"M-P1h"	8	0.982369635918951	0	0	0	0.666666666666667	-Inf	"SD"	NA	NA
"ECK120003732"	"yfaS_1"	"-"	2328321	2332424	4104	"M-P1h"	57	0.828874380306614	298	321	719.626168224299	0.544103313840156	5.80059557014277	"AD"	NA	NA
"ECK120003733"	"yfaT"	"-"	2332358	2332981	624	"M-P1h"	20	1.9127870314768	6	141	0	0.685897435897436	-Inf	"SD"	NA	NA
"ECK120003735"	"yfaV"	"-"	2356885	2358174	1290	"M-P1h"	43	1.98929851273587	2	102	0	0.772093023255814	-Inf	"SD"	NA	NA
"ECK120003736"	"yfaW"	"-"	2358231	2359448	1218	"M-P1h"	44	2.15589001380243	0	0	0	0.854679802955665	-Inf	"SD"	NA	NA
"ECK120003737"	"yfaX"	"-"	2359451	2360233	783	"M-P1h"	14	1.06705667349817	8	318	18.8679245283019	0.711366538952746	0.169397603238996	"AD"	NA	NA
"ECK120003738"	"yfaY"	"-"	2360453	2361655	1203	"M-P1h"	653	32.3943124393149	7	300	20	1	-4.7546342263648	"SD"	3	6.81818181818182
"ECK120003743"	"arnC"	"+"	2365093	2366061	969	"M-P1h"	4608	283.798376058418	9	420	19.047619047619	1	-7.47065061874283	"SD"	1	2.77777777777778
"ECK120003744"	"arnA"	"+"	2366061	2368043	1983	"M-P1h"	13590	408.994958972474	13	122	0	1	-Inf	"SD"	4	5.40540540540541
"ECK120003745"	"arnD"	"+"	2368040	2368930	891	"M-P1h"	3070	205.627826063944	0	0	0	1	-Inf	"SD"	0	0
"ECK120003746"	"arnT"	"+"	2368930	2370582	1653	"M-P1h"	2547	91.955414009769	6	129	0	1	-Inf	"SD"	NA	NA
"ECK120003749"	"elaB"	"-"	2378744	2379049	306	"M-P1h"	434	84.6427014242519	0	0	0	1	-Inf	"SD"	NA	NA
"ECK120003762"	"yfbT"	"-"	2409461	2410111	651	"M-P1h"	651	59.6789553820762	1	100	0	1	-Inf	"SD"	9	39.1304347826087
"ECK120003763"	"yfbU"	"-"	2410122	2410616	495	"M-P1h"	1636	197.241961626418	4	105	0	1	-Inf	"SD"	14	70
"ECK120003767"	"yfcE"	"-"	2417256	2417810	555	"M-P1h"	241	25.9146454902349	4	140	0	1	-Inf	"SD"	1	5
"ECK120003770"	"folX"	"+"	2419347	2419709	363	"M-P1h"	1182	194.326515872215	13	377	31.8302387267905	1	-6.33930455417622	"SD"	4	28.5714285714286
"ECK120003776"	"epmC"	"-"	2442225	2442773	549	"M-P1h"	693	75.3324518757356	2	143	0	1	-Inf	"SD"	NA	NA
"ECK120003779"	"yfcP"	"-"	2448073	2448612	540	"M-P1h"	11	1.2156824244497	23	372	51.0752688172043	0.683333333333333	1.64423301914152	"AD"	NA	NA
"ECK120003780"	"yfcQ"	"-"	2448609	2449097	489	"M-P1h"	13	1.58655709604702	8	161	0	0.554192229038855	-Inf	"SD"	NA	NA
"ECK120003781"	"yfcR"	"-"	2449094	2449606	513	"M-P1h"	9	1.04699921722941	2	100	0	0.592592592592593	-Inf	"SD"	NA	NA
"ECK120003782"	"yfcS"	"-"	2449606	2450358	753	"M-P1h"	6	0.475529524956783	2	75	0	0.48472775564409	-Inf	"SD"	NA	NA
"ECK120003783"	"yfcT"	"-"	2450378	2451274	897	"M-P1h"	10	0.665317228339757	6	96	0	0.53288740245262	-Inf	"SD"	NA	NA
"ECK120003784"	"yfcU"	"-"	2451287	2453023	1737	"M-P1h"	129	4.43211585739081	25	337	26.7062314540059	0.748992515831894	-1.29999868798615	"SD"	NA	NA
"ECK120003785"	"yfcV"	"-"	2453105	2453668	564	"M-P1h"	4	0.423255002709761	1	100	0	0.320921985815603	-Inf	"SD"	NA	NA
"ECK120003786"	"sixA"	"-"	2454349	2454834	486	"M-P1h"	358	43.961041207373	5	100	0	1	-Inf	"SD"	NA	NA
"ECK120003787"	"fadJ"	"-"	2455037	2457181	2145	"M-P1h"	176	4.89673480058061	6	74	0	0.913286713286713	-Inf	"SD"	2	2.5974025974026
"ECK120003788"	"fadI"	"-"	2457181	2458491	1311	"M-P1h"	122	5.55364802182555	1	100	0	0.928299008390542	-Inf	"SD"	2	4.25531914893617
"ECK120003793"	"intS"	"+"	2464567	2465724	1158	"M-P1h"	61	3.14371008489348	27	153	84.9673202614379	0.743523316062176	-0.273956554148154	"SD"	NA	NA
"ECK120003794"	"yfdG"	"+"	2465877	2466239	363	"M-P1h"	363	59.6789553820762	0	0	0	1	-Inf	"SD"	NA	NA
"ECK120003795"	"yfdH"	"+"	2466236	2467156	921	"M-P1h"	1358	87.9956801399126	60	566	106.007067137809	1	-2.87439829526047	"SD"	2	5.71428571428571
"ECK120003796"	"yfdI"	"+"	2467153	2468484	1332	"M-P1h"	470	21.0578896618437	328	479	684.759916492693	0.977477477477477	1.63933495240875	"AD"	9	17.6470588235294
"ECK120003799"	"yfdL"	"-"	2469566	2470084	519	"M-P1h"	1	0	2	100	0	0.192678227360308	NA	"NO"	NA	NA
"ECK120003800"	"yfdM"	"-"	2470134	2470409	276	"M-P1h"	1	0	0	0	0	0.195652173913043	NA	"NO"	NA	NA
"ECK120003801"	"yfdN"	"-"	2470409	2470903	495	"M-P1h"	1	0	0	0	0	0.202020202020202	NA	"NO"	NA	NA
"ECK120003804"	"yfdQ"	"+"	2472054	2472878	825	"M-P1h"	71	5.13600706924535	0	0	0	0.837575757575758	-Inf	"SD"	NA	NA
"ECK120003805"	"yfdR"	"+"	2473006	2473542	537	"M-P1h"	3	0.333401985374728	4	110	0	0.389199255121043	-Inf	"SD"	NA	NA
"ECK120003806"	"yfdS"	"+"	2473533	2473895	363	"M-P1h"	2	0	2	140	0	0.173553719008264	NA	"NO"	NA	NA
"ECK120003807"	"yfdT"	"+"	2473895	2474200	306	"M-P1h"	14	2.73040972336296	31	495	62.6262626262626	1	1.18315075830633	"AD"	NA	NA
"ECK120003810"	"yfdV"	"-"	2487264	2488208	945	"M-P1h"	27	1.70511301091646	13	191	47.1204188481675	0.73968253968254	0.078129545671685	"AD"	NA	NA
"ECK120003811"	"oxc"	"-"	2488278	2489972	1695	"M-P1h"	48	1.69002351524464	9	215	0	0.645427728613569	-Inf	"SD"	NA	NA
"ECK120003812"	"frc"	"-"	2490026	2491276	1251	"M-P1h"	30	1.4311500091625	4	213	0	0.771382893685052	-Inf	"SD"	NA	NA
"ECK120003819"	"ypdB"	"+"	2498405	2499139	735	"M-P1h"	441	35.8073732292457	43	619	64.6203554119548	1	-2.16218478366203	"SD"	2	6.89655172413793
"ECK120003822"	"ypdE"	"-"	2502532	2503569	1038	"M-P1h"	8	0.459953413349335	8	218	32.1100917431193	0.521194605009634	1.60586717769989	"AD"	NA	NA
"ECK120003823"	"ypdF"	"-"	2503569	2504654	1086	"M-P1h"	10	0.549529975893888	6	215	27.906976744186	0.383977900552486	1.12676432092256	"AD"	NA	NA
"ECK120003824"	"fryC"	"-"	2504669	2505916	1248	"M-P1h"	16	0.765114812590721	9	169	0	0.642628205128205	-Inf	"SD"	NA	NA
"ECK120003825"	"fryB"	"-"	2505938	2506264	327	"M-P1h"	7	1.27753115496799	1	48	0	0.709480122324159	-Inf	"SD"	NA	NA
"ECK120003832"	"zipA"	"-"	2528269	2529255	987	"M-P1h"	1061	64.1533654107223	4	40	0	1	-Inf	"SD"	3	8.33333333333333
"ECK120003838"	"murP"	"+"	2544695	2546119	1425	"M-P1h"	60	2.51279812135058	43	613	60.3588907014682	0.697543859649123	1.5582305012443	"AD"	NA	NA
"ECK120003841"	"yfeY"	"-"	2548663	2549238	576	"M-P1h"	145	15.0233481430574	6	292	20.5479452054795	1	-3.64610006056706	"SD"	5	23.8095238095238
"ECK120003842"	"yfeZ"	"-"	2549299	2549748	450	"M-P1h"	251	33.2875951131136	0	0	0	1	-Inf	"SD"	NA	NA
"ECK120003844"	"eutK"	"-"	2553250	2553750	501	"M-P1h"	108	12.8649245135015	1	54	0	1	-Inf	"SD"	NA	NA
"ECK120003845"	"eutL"	"-"	2553763	2554422	660	"M-P1h"	40	3.6169063867925	3	100	0	0.945454545454545	-Inf	"SD"	NA	NA
"ECK120003847"	"yffL"	"+"	2558279	2558920	642	"M-P1h"	428	39.7859702547175	2	47	0	1	-Inf	"SD"	NA	NA
"ECK120003848"	"yffM"	"+"	2559390	2559635	246	"M-P1h"	4	0.970389518407744	2	139	0	0.560975609756098	-Inf	"SD"	NA	NA
"ECK120003849"	"yffN"	"+"	2559632	2560015	384	"M-P1h"	17	2.64203708722733	1	86	0	0.869791666666667	-Inf	"SD"	NA	NA
"ECK120003850"	"yffO"	"+"	2560133	2560549	417	"M-P1h"	34	4.8659100311525	0	0	0	0.887290167865707	-Inf	"SD"	NA	NA
"ECK120003851"	"yffP"	"+"	2560546	2561139	594	"M-P1h"	34	3.4159671430818	8	133	0	0.932659932659933	-Inf	"SD"	NA	NA
"ECK120003852"	"yffQ"	"+"	2561599	2561991	393	"M-P1h"	48	7.28903271842152	0	0	0	1	-Inf	"SD"	NA	NA
"ECK120003853"	"yffR"	"+"	2562002	2562394	393	"M-P1h"	241	36.5970184404081	1	66	0	1	-Inf	"SD"	NA	NA
"ECK120003856"	"eutH"	"-"	2564903	2566129	1227	"M-P1h"	25	1.21595263614662	0	0	0	0.756316218418908	-Inf	"SD"	NA	NA
"ECK120003857"	"eutG"	"-"	2566346	2567533	1188	"M-P1h"	12	0.602817731132083	2	100	0	0.373737373737374	-Inf	"SD"	NA	NA
"ECK120003858"	"eutJ"	"-"	2567523	2568359	837	"M-P1h"	2	0	0	0	0	0.166069295101553	NA	"NO"	NA	NA
"ECK120003859"	"eutE"	"-"	2568370	2569773	1404	"M-P1h"	6	0	1	68	0	0.185897435897436	NA	"NO"	NA	NA
"ECK120003860"	"eutN"	"-"	2569785	2570072	288	"M-P1h"	1	0.207218595076654	1	48	0	0.347222222222222	-Inf	"SD"	NA	NA
"ECK120003861"	"eutM"	"-"	2570179	2570472	294	"M-P1h"	98	19.8929851273587	1	92	0	1	-Inf	"SD"	NA	NA
"ECK120003862"	"eutD"	"-"	2570511	2571527	1017	"M-P1h"	44	2.58198037051264	3	101	0	0.420845624385447	-Inf	"SD"	NA	NA
"ECK120003863"	"eutT"	"-"	2571524	2572327	804	"M-P1h"	17	1.26186845957126	2	44	0	0.845771144278607	-Inf	"SD"	NA	NA
"ECK120003864"	"eutQ"	"-"	2572324	2573025	702	"M-P1h"	10	0.850127569545245	11	140	78.5714285714286	0.514245014245014	1.3717522713389	"AD"	NA	NA
"ECK120003865"	"eutP"	"-"	2573000	2573479	480	"M-P1h"	3	0.372993471137976	5	140	0	0.508333333333333	-Inf	"SD"	NA	NA
"ECK120003866"	"eutS"	"-"	2573492	2573827	336	"M-P1h"	9	1.59854344773418	1	100	0	0.291666666666667	-Inf	"SD"	NA	NA
"ECK120003870"	"tmcA"	"-"	2591866	2593881	2016	"M-P1h"	255	7.5486773920781	4	100	0	0.941468253968254	-Inf	"SD"	NA	NA
"ECK120003871"	"ypfJ"	"-"	2593896	2594759	864	"M-P1h"	256	17.6826534465411	3	71	0	1	-Inf	"SD"	NA	NA
"ECK120003872"	"hyfC"	"+"	2601869	2602816	948	"M-P1h"	0	0	3	156	0	0	NA	"NO"	NA	NA
"ECK120003873"	"hyfD"	"+"	2602833	2604272	1440	"M-P1h"	2	0	3	85	0	0.0743055555555556	NA	"NO"	NA	NA
"ECK120003874"	"hyfE"	"+"	2604284	2604934	651	"M-P1h"	4	0.366690970089562	8	170	0	0.30568356374808	-Inf	"SD"	NA	NA
"ECK120003875"	"hyfF"	"+"	2604939	2606519	1581	"M-P1h"	39	1.47215639462427	27	378	39.6825396825397	0.71157495256167	1.02703155638905	"AD"	NA	NA
"ECK120003876"	"hyfG"	"+"	2606509	2608176	1668	"M-P1h"	60	2.14672501374375	13	385	20.7792207792208	0.784772182254197	-0.424065494879453	"SD"	NA	NA
"ECK120003877"	"hyfH"	"+"	2608186	2608731	546	"M-P1h"	14	1.53022962518144	16	173	80.9248554913295	0.749084249084249	0.871678668204257	"AD"	NA	NA
"ECK120003878"	"hyfI"	"+"	2608728	2609486	759	"M-P1h"	12	0.943540796554565	22	126	103.174603174603	0.741765480895916	1.46235482011981	"AD"	NA	NA
"ECK120003879"	"hyfJ"	"+"	2609479	2609892	414	"M-P1h"	13	1.87397685982365	0	0	0	0.565217391304348	-Inf	"SD"	NA	NA
"ECK120003880"	"hyfR"	"+"	2609922	2611934	2013	"M-P1h"	35	1.03763707817818	65	940	64.8936170212766	0.591654247391952	3.55550730482366	"AD"	NA	NA
"ECK120003888"	"yfgH"	"+"	2627814	2628332	519	"M-P1h"	9	1.034895180036	3	82	0	0.71868978805395	-Inf	"SD"	NA	NA
"ECK120003892"	"bamB"	"-"	2635496	2636674	1179	"M-P1h"	3089	156.359875466695	4	134	0	1	-Inf	"SD"	9	21.4285714285714
"ECK120003893"	"yfgM"	"-"	2636685	2637305	621	"M-P1h"	2586	248.518162025844	2	120	0	1	-Inf	"SD"	15	68.1818181818182
"ECK120003894"	"pbpC"	"-"	2643035	2645347	2313	"M-P1h"	294	7.58565191626909	10	100	0	0.993082576740164	-Inf	"SD"	NA	NA
"ECK120003896"	"iscU"	"-"	2657925	2658311	387	"M-P1h"	1931	297.777940162246	8	545	14.6788990825688	1	-7.54002116552184	"SD"	2	14.2857142857143
"ECK120003897"	"iscS"	"-"	2658339	2659553	1215	"M-P1h"	4492	220.640220227396	13	545	14.6788990825688	1	-7.10748008662305	"SD"	38	84.4444444444444
"ECK120003898"	"iscR"	"-"	2659665	2660153	489	"M-P1h"	792	96.6579400053259	6	143	0	1	-Inf	"SD"	8	47.0588235294118
"ECK120003900"	"yfhR"	"+"	2662385	2663266	882	"M-P1h"	7	0.473642503032351	13	382	28.7958115183246	0.489795918367347	2.21563306942162	"AD"	NA	NA
"ECK120003904"	"hcaC"	"+"	2668930	2669250	321	"M-P1h"	26	4.83380947019932	5	267	0	0.922118380062305	-Inf	"SD"	NA	NA
"ECK120003905"	"hcaB"	"+"	2669247	2670059	813	"M-P1h"	77	5.65225038674031	5	123	0	0.905289052890529	-Inf	"SD"	NA	NA
"ECK120003906"	"hcaD"	"+"	2670069	2671271	1203	"M-P1h"	114	5.65536235540872	11	249	32.1285140562249	0.950955943474647	-1.82154755970426	"SD"	NA	NA
"ECK120003909"	"yphC"	"-"	2672722	2673783	1062	"M-P1h"	76	4.27081036632561	0	0	0	0.932203389830508	-Inf	"SD"	NA	NA
"ECK120003910"	"yphD"	"-"	2673849	2674847	999	"M-P1h"	27	1.61294474005611	2	170	0	0.771771771771772	-Inf	"SD"	NA	NA
"ECK120003911"	"yphE"	"-"	2674872	2676383	1512	"M-P1h"	17	0.670993545962497	11	160	0	0.471560846560847	-Inf	"SD"	NA	NA
"ECK120003912"	"yphF"	"-"	2676406	2677389	984	"M-P1h"	10	0.60649344900484	12	355	30.9859154929577	0.690040650406504	1.85893955637358	"AD"	NA	NA
"ECK120003915"	"glrK"	"-"	2687693	2689120	1428	"M-P1h"	498	20.8124088097157	4	159	0	0.992296918767507	-Inf	"SD"	NA	NA
"ECK120003917"	"rseC"	"-"	2705344	2705823	480	"M-P1h"	395	49.1108070331669	45	496	88.7096774193548	1	-2.48046510153425	"SD"	NA	NA
"ECK120003918"	"rseB"	"-"	2705820	2706776	957	"M-P1h"	2246	140.061581805792	16	236	33.8983050847458	1	-6.45184557063017	"SD"	2	5.55555555555556
"ECK120003919"	"yfiP"	"+"	2717245	2717943	699	"M-P1h"	80	6.83020948578841	7	171	40.9356725146199	0.918454935622318	-2.28650300016992	"SD"	NA	NA
"ECK120003920"	"pka"	"+"	2717975	2720635	2661	"M-P1h"	1210	27.1369921128569	18	250	24	1	-4.49915450913418	"SD"	2	2.04081632653061
"ECK120003928"	"yfjI"	"+"	2757007	2758416	1410	"M-P1h"	43	1.81999651165197	0	0	0	0.502127659574468	-Inf	"SD"	NA	NA
"ECK120003931"	"yfjL"	"-"	2761559	2763175	1617	"M-P1h"	1003	37.0179296525804	101	1249	79.2634107285829	1	-0.902723779774507	"SD"	NA	NA
"ECK120003934"	"rnlB"	"+"	2765006	2765377	372	"M-P1h"	923	148.074397359291	345	759	454.545454545455	1	-1.10165394758781	"SD"	NA	NA
"ECK120003935"	"yfjP"	"+"	2765732	2766595	864	"M-P1h"	14	0.967020110357717	13	174	63.2183908045977	0.564814814814815	1.18588572602756	"AD"	NA	NA
"ECK120003936"	"yfjQ"	"+"	2766687	2767508	822	"M-P1h"	3	0.217806406503928	3	178	0	0.293187347931873	-Inf	"SD"	NA	NA
"ECK120003937"	"yfjR"	"+"	2767725	2768426	702	"M-P1h"	0	0	8	212	33.0188679245283	0	Inf	"AD"	NA	NA
"ECK120003938"	"ypjK"	"+"	2768467	2768703	237	"M-P1h"	1	0.251809938320997	3	169	0	0.421940928270042	-Inf	"SD"	NA	NA
"ECK120003939"	"yfjS"	"+"	2768703	2769146	444	"M-P1h"	13	1.74735680172746	13	168	77.3809523809524	0.380630630630631	0.573337393634506	"AD"	NA	NA
"ECK120003942"	"ypjM_3"	"-"	2770189	2770707	519	"M-P1h"	44	5.05948754684269	13	199	65.3266331658292	1	-0.960479644853922	"SD"	NA	NA
"ECK120003943"	"ypjM_2"	"-"	2770858	2771058	201	"M-P1h"	24	7.12584541875537	0	0	0	1	-Inf	"SD"	NA	NA
"ECK120003946"	"yfjX"	"+"	2773941	2774399	459	"M-P1h"	0	0	25	591	42.3011844331641	0	Inf	"AD"	NA	NA
"ECK120003947"	"yfjY"	"+"	2774408	2774890	483	"M-P1h"	1	0	1	100	0	0.13871635610766	NA	"NO"	NA	NA
"ECK120003948"	"yfjZ"	"+"	2775137	2775454	318	"M-P1h"	3	0.563009013038455	0	0	0	0.537735849056604	-Inf	"SD"	NA	NA
"ECK120003951"	"pinH"	"-"	2781087	2781230	144	"M-P1h"	7	2.90106033107315	6	176	34.0909090909091	1	-1.27354589260973	"SD"	NA	NA
"ECK120003952"	"ypjB"	"-"	2781660	2782451	792	"M-P1h"	20	1.50704432783021	2	125	0	0.457070707070707	-Inf	"SD"	NA	NA
"ECK120003958"	"ygaQ_2"	"+"	2784770	2785456	687	"M-P1h"	5	0.43434465343578	6	253	23.7154150197628	0.308588064046579	1.4661222219363	"AD"	NA	NA
"ECK120003959"	"ygaQ_3"	"+"	2785664	2786260	597	"M-P1h"	1	0	2	100	0	0.108877721943049	NA	"NO"	NA	NA
"ECK120003960"	"ygaQ_4"	"+"	2786399	2786671	273	"M-P1h"	1	0.218604232168777	0	0	0	0.366300366300366	-Inf	"SD"	NA	NA
"ECK120003961"	"csiD"	"+"	2787007	2787984	978	"M-P1h"	6	0.366128560626235	1	100	0	0.474437627811861	-Inf	"SD"	NA	NA
"ECK120003968"	"nrdH"	"+"	2798745	2798990	246	"M-P1h"	0	0	1	98	0	0	NA	"NO"	NA	NA
"ECK120003969"	"nrdI"	"+"	2798987	2799397	411	"M-P1h"	0	0	2	100	0	0	NA	"NO"	NA	NA
"ECK120003970"	"ygaX"	"+"	2806338	2806604	267	"M-P1h"	28	6.25846723107916	13	189	68.7830687830688	0.962546816479401	-1.26729774494456	"SD"	NA	NA
"ECK120003971"	"ygaY"	"+"	2806634	2807515	882	"M-P1h"	55	3.7214768095399	42	297	53.8720538720539	0.807256235827664	-0.217803340682736	"SD"	NA	NA
"ECK120003972"	"ygaZ"	"+"	2807639	2808376	738	"M-P1h"	379	30.6481356230446	8	224	0	1	-Inf	"SD"	NA	NA
"ECK120003973"	"ygaH"	"+"	2808366	2808701	336	"M-P1h"	100	17.7615938637132	8	270	29.6296296296296	1	-3.47261723971156	"SD"	NA	NA
"ECK120003974"	"yqaA"	"-"	2814534	2814962	429	"M-P1h"	209	29.0743628784474	1	100	0	1	-Inf	"SD"	NA	NA
"ECK120003975"	"yqaB"	"-"	2814959	2815525	567	"M-P1h"	244	25.6819490533097	0	0	0	1	-Inf	"SD"	3	14.2857142857143
"ECK120003976"	"pncC"	"-"	2821871	2822368	498	"M-P1h"	114	13.6614476175837	1	52	0	1	-Inf	"SD"	3	16.6666666666667
"ECK120003983"	"ygbK"	"+"	2860357	2861523	1167	"M-P1h"	21	1.07391436420189	13	252	31.7460317460317	0.622107969151671	0.575192950212985	"AD"	NA	NA
"ECK120003984"	"ygbL"	"+"	2861615	2862253	639	"M-P1h"	11	1.02733726009834	4	251	0	0.55868544600939	-Inf	"SD"	NA	NA
"ECK120003985"	"ygbM"	"+"	2862258	2863034	777	"M-P1h"	31	2.38101366389236	6	107	0	0.846846846846847	-Inf	"SD"	NA	NA
"ECK120003987"	"truD"	"-"	2868277	2869326	1050	"M-P1h"	381	21.6549352386391	0	0	0	0.957142857142857	-Inf	"SD"	7	17.9487179487179
"ECK120003988"	"ispD"	"-"	2869802	2870512	711	"M-P1h"	298	25.0131205398857	4	152	0	1	-Inf	"SD"	NA	NA
"ECK120003989"	"ftsB"	"-"	2870531	2870842	312	"M-P1h"	238	45.5243313491479	1	39	0	1	-Inf	"SD"	NA	NA
"ECK120003990"	"cas1"	"-"	2876877	2877794	918	"M-P1h"	139	9.03635598922505	0	0	0	0.979302832244009	-Inf	"SD"	NA	NA
"ECK120003991"	"casE"	"-"	2877810	2878409	600	"M-P1h"	34	3.38180747165099	7	104	67.3076923076923	1	-1.27236770141245	"SD"	NA	NA
"ECK120003992"	"casD"	"-"	2878396	2879070	675	"M-P1h"	77	6.80782157691833	10	206	38.8349514563107	0.943703703703704	-2.08912132147231	"SD"	NA	NA
"ECK120003993"	"casC"	"-"	2879073	2880164	1092	"M-P1h"	40	2.18604232168777	11	235	0	0.836080586080586	-Inf	"SD"	NA	NA
"ECK120003994"	"casB"	"-"	2880177	2880659	483	"M-P1h"	24	2.96541393202863	1	62	0	0.929606625258799	-Inf	"SD"	NA	NA
"ECK120003995"	"casA"	"-"	2880652	2882160	1509	"M-P1h"	36	1.42375241468174	6	144	41.6666666666667	0.683233929754804	-0.246663882910071	"SD"	NA	NA
"ECK120003997"	"ygcN"	"+"	2890679	2891950	1272	"M-P1h"	203	9.52423580390053	6	132	0	0.894654088050314	-Inf	"SD"	NA	NA
"ECK120003998"	"ygcO"	"+"	2891941	2892201	261	"M-P1h"	32	7.3169600468446	3	132	0	1	-Inf	"SD"	NA	NA
"ECK120004001"	"ygcR"	"-"	2893798	2894577	780	"M-P1h"	18	1.3772066626633	4	206	0	0.717948717948718	-Inf	"SD"	NA	NA
"ECK120004002"	"ygcS"	"-"	2894555	2895892	1338	"M-P1h"	18	0.802855902001026	1	55	0	0.507473841554559	-Inf	"SD"	NA	NA
"ECK120004003"	"ygcU"	"-"	2895986	2897440	1455	"M-P1h"	32	1.31252685376388	5	204	0	0.789003436426117	-Inf	"SD"	NA	NA
"ECK120004009"	"gudX"	"-"	2917428	2918768	1341	"M-P1h"	122	5.42940533677353	16	185	75.6756756756757	0.927665920954512	-0.955367366316406	"SD"	NA	NA
"ECK120004010"	"gudP"	"-"	2918770	2920122	1353	"M-P1h"	75	3.30814608548094	7	110	0	0.937176644493718	-Inf	"SD"	NA	NA
"ECK120004011"	"yqcA"	"-"	2920557	2921006	450	"M-P1h"	714	94.6906092062276	1	50	0	1	-Inf	"SD"	2	12.5
"ECK120004012"	"truC"	"-"	2921024	2921806	783	"M-P1h"	307	23.3990284831384	4	100	0	1	-Inf	"SD"	NA	NA
"ECK120004013"	"yqcC"	"-"	2921806	2922135	330	"M-P1h"	148	26.7651072622645	1	100	0	1	-Inf	"SD"	NA	NA
"ECK120004022"	"rppH"	"-"	2966469	2966999	531	"M-P1h"	656	73.7276736923578	0	0	0	1	-Inf	"SD"	2	9.52380952380952
"ECK120004023"	"ygdQ"	"+"	2968442	2969155	714	"M-P1h"	416	34.7709319873161	34	761	44.6780551905388	1	-2.35427508557725	"SD"	NA	NA
"ECK120004024"	"ygdR"	"+"	2969293	2969511	219	"M-P1h"	934	254.52120697196	3	141	0	1	-Inf	"SD"	NA	NA
"ECK120004026"	"kduI"	"-"	2981310	2982146	837	"M-P1h"	39	2.78073985651251	4	172	0	0.960573476702509	-Inf	"SD"	2	6.45161290322581
"ECK120004029"	"yqeH"	"+"	2985558	2986190	633	"M-P1h"	14	1.31991370513281	3	158	0	0.388625592417062	-Inf	"SD"	NA	NA
"ECK120004030"	"yqeI"	"+"	2986524	2987333	810	"M-P1h"	204	15.0302554295599	12	172	34.8837209302326	0.928395061728395	-3.64676321619395	"SD"	NA	NA
"ECK120004034"	"ygeG"	"+"	2989290	2989781	492	"M-P1h"	3	0.363896069402904	0	0	0	0.300813008130081	-Inf	"SD"	NA	NA
"ECK120004035"	"ygeH"	"+"	2990116	2991492	1377	"M-P1h"	17	0.736777226939213	1	55	0	0.297022512708787	-Inf	"SD"	NA	NA
"ECK120004036"	"ygeI"	"+"	2991660	2991878	219	"M-P1h"	4	1.09002658232103	0	0	0	0.310502283105023	-Inf	"SD"	NA	NA
"ECK120004039"	"ygeL"	"-"	2992959	2993114	156	"M-P1h"	4	1.53022962518144	0	0	0	0.826923076923077	-Inf	"SD"	NA	NA
"ECK120004040"	"ygeM"	"-"	2993336	2993767	432	"M-P1h"	7	0.967020110357717	1	71	0	0.537037037037037	-Inf	"SD"	NA	NA
"ECK120004041"	"ygeN"	"-"	2993770	2994042	273	"M-P1h"	5	1.09302116084389	0	0	0	0.472527472527473	-Inf	"SD"	NA	NA
"ECK120004042"	"ygeO"	"-"	2993984	2994409	426	"M-P1h"	4	0.560365778235458	0	0	0	0.528169014084507	-Inf	"SD"	NA	NA
"ECK120004043"	"insD-4"	"-"	2994394	2995299	906	"M-P1h"	2	0	0	0	0	0.0518763796909492	NA	"NO"	NA	NA
"ECK120004044"	"insC-4"	"-"	2995257	2995667	411	"M-P1h"	1	0	0	0	0	0.0583941605839416	NA	"NO"	NA	NA
"ECK120004045"	"ygeP"	"-"	2995711	2996010	300	"M-P1h"	39	7.75826419966991	5	144	0	0.826666666666667	-Inf	"SD"	NA	NA
"ECK120004046"	"ygeQ"	"-"	2996056	2996850	795	"M-P1h"	65	4.87941144633328	23	184	76.0869565217391	1	-0.801280313514731	"SD"	NA	NA
"ECK120004049"	"xdhB"	"+"	3000636	3001514	879	"M-P1h"	13	0.882623913500559	7	358	16.7597765363128	0.453924914675768	0.44316366500787	"AD"	NA	NA
"ECK120004053"	"ygeX"	"+"	3005532	3006728	1197	"M-P1h"	19	0.947285006064702	17	177	50.8474576271186	0.67000835421888	0.926126452226632	"AD"	NA	NA
"ECK120004054"	"ygeY"	"+"	3006786	3007997	1212	"M-P1h"	67	3.29908416716098	3	110	0	0.896864686468647	-Inf	"SD"	NA	NA
"ECK120004055"	"hyuA"	"+"	3008050	3009435	1386	"M-P1h"	16	0.688934549865238	7	174	0	0.438672438672439	-Inf	"SD"	NA	NA
"ECK120004060"	"ygfK"	"+"	3014082	3017180	3099	"M-P1h"	89	1.71391643401252	54	568	54.5774647887324	0.799290093578574	1.85497144629109	"AD"	NA	NA
"ECK120004061"	"ssnA"	"+"	3017183	3018511	1329	"M-P1h"	36	1.61658569883728	3	53	0	0.795334838224229	-Inf	"SD"	NA	NA
"ECK120004062"	"ygfM"	"+"	3018562	3019341	780	"M-P1h"	24	1.83627555021773	16	514	27.2373540856031	0.842307692307692	0.608644262370462	"AD"	NA	NA
"ECK120004063"	"xdhD"	"+"	3019338	3022208	2871	"M-P1h"	149	3.09723592892001	14	215	0	0.840822013235806	-Inf	"SD"	NA	NA
"ECK120004064"	"xanQ"	"+"	3022373	3023773	1401	"M-P1h"	15	0.63896097839482	40	691	53.5455861070912	0.529621698786581	3.53372553773565	"AD"	NA	NA
"ECK120004065"	"guaD"	"+"	3023788	3025107	1320	"M-P1h"	112	5.0636689415095	26	194	67.0103092783505	0.943181818181818	-0.961671462386294	"SD"	NA	NA
"ECK120004078"	"scpB"	"+"	3062015	3062800	786	"M-P1h"	25	1.89818560375561	3	156	0	0.798982188295165	-Inf	"SD"	NA	NA
"ECK120004081"	"yggP"	"-"	3074201	3075478	1278	"M-P1h"	20	0.933942963725763	0	0	0	0.647104851330203	-Inf	"SD"	NA	NA
"ECK120004085"	"yqgE"	"+"	3090959	3091522	564	"M-P1h"	2116	223.901896433463	9	278	25.1798561151079	1	-7.32129611037322	"SD"	7	33.3333333333333
"ECK120004089"	"yggT"	"+"	3093842	3094408	567	"M-P1h"	247	25.9977107219979	7	219	27.3972602739726	1	-4.43727827863689	"SD"	3	14.2857142857143
"ECK120004090"	"yggU"	"+"	3094405	3094695	291	"M-P1h"	66	13.53543317944	1	83	0	1	-Inf	"SD"	NA	NA
"ECK120004091"	"rdgB"	"+"	3094703	3095296	594	"M-P1h"	245	24.6150573545601	3	168	0	1	-Inf	"SD"	3	14.2857142857143
"ECK120004093"	"yggX"	"+"	3102115	3102390	276	"M-P1h"	554	119.790366962573	0	0	0	1	-Inf	"SD"	6	54.5454545454545
"ECK120004094"	"mltC"	"+"	3102455	3103534	1080	"M-P1h"	211	11.659499616313	17	372	40.3225806451613	0.937962962962963	-1.95847146876343	"SD"	NA	NA
"ECK120004097"	"yghE"	"-"	3109150	3110010	861	"M-P1h"	6	0	410	1020	401.960784313725	0.120789779326365	Inf	"AD"	NA	NA
"ECK120004098"	"yghF"	"-"	3110076	3110942	867	"M-P1h"	7	0.481837010005229	1	100	0	0.573241061130334	-Inf	"SD"	NA	NA
"ECK120004099"	"yghG"	"-"	3111089	3111499	411	"M-P1h"	3	0.435612813007856	2	133	0	0.435523114355231	-Inf	"SD"	NA	NA
"ECK120004100"	"pppA"	"-"	3111565	3112374	810	"M-P1h"	33	2.4313648488994	1	91	0	0.925925925925926	-Inf	"SD"	NA	NA
"ECK120004101"	"yghJ"	"-"	3112572	3117134	4563	"M-P1h"	440	5.75470970153705	29	338	29.585798816568	0.947622178391409	-1.52474315290724	"SD"	25	14.9700598802395
"ECK120004102"	"glcA"	"-"	3117619	3119301	1683	"M-P1h"	149	5.28352011404002	9	100	0	0.789067142008319	-Inf	"SD"	NA	NA
"ECK120004103"	"glcG"	"-"	3121849	3122253	405	"M-P1h"	321	47.3010979694975	0	0	0	1	-Inf	"SD"	3	21.4285714285714
"ECK120004104"	"glcE"	"-"	3123492	3124544	1053	"M-P1h"	65	3.68388613469606	1	100	0	0.881291547958215	-Inf	"SD"	NA	NA
"ECK120004110"	"yghR"	"-"	3130476	3131234	759	"M-P1h"	13	1.02216919626745	2	38	0	0.691699604743083	-Inf	"SD"	NA	NA
"ECK120004114"	"hybO"	"-"	3143165	3144283	1119	"M-P1h"	728	38.825987058223	2	100	0	1	-Inf	"SD"	NA	NA
"ECK120004115"	"yghW"	"-"	3144472	3144759	288	"M-P1h"	13	2.6938417359965	18	319	56.4263322884013	0.878472222222222	0.418331812027933	"AD"	NA	NA
"ECK120004116"	"yghX_1"	"-"	3144878	3145288	411	"M-P1h"	91	13.2135886612383	1	99	0	1	-Inf	"SD"	NA	NA
"ECK120004124"	"dkgA"	"+"	3154645	3155472	828	"M-P1h"	373	26.8843603351624	46	860	48.8372093023256	1	-1.67830591269275	"SD"	1	3.2258064516129
"ECK120004125"	"yqhG"	"+"	3155672	3156598	927	"M-P1h"	24	1.54508622348417	48	860	48.8372093023256	0.719525350593312	2.44270197796754	"AD"	NA	NA
"ECK120004128"	"ygiS"	"-"	3164133	3165740	1608	"M-P1h"	184	6.8289351929739	46	194	134.020618556701	1	-0.39314901945259	"SD"	3	4.91803278688525
"ECK120004129"	"mqsA"	"-"	3165873	3166268	396	"M-P1h"	197	29.6887732582551	0	0	0	1	-Inf	"SD"	NA	NA
"ECK120004130"	"mqsR"	"-"	3166270	3166566	297	"M-P1h"	289	58.0714414323907	1	100	0	1	-Inf	"SD"	NA	NA
"ECK120004131"	"ygiV"	"-"	3166771	3167253	483	"M-P1h"	107	13.2208037802943	6	109	0	1	-Inf	"SD"	NA	NA
"ECK120004135"	"yqiA"	"-"	3173447	3174028	582	"M-P1h"	780	79.9821051512362	3	89	0	1	-Inf	"SD"	0	0
"ECK120004136"	"cpdA"	"-"	3174028	3174855	828	"M-P1h"	1220	87.9327603455713	5	113	0	1	-Inf	"SD"	0	0
"ECK120004137"	"yqiB"	"-"	3174880	3175302	423	"M-P1h"	1005	141.79042590777	27	194	139.175257731959	1	-4.71465690349847	"SD"	NA	NA
"ECK120004139"	"insC-5"	"+"	3184164	3184574	411	"M-P1h"	0	0	0	0	0	0	NA	"NO"	NA	NA
"ECK120004140"	"insD-5"	"+"	3184532	3185437	906	"M-P1h"	0	0	0	0	0	0	NA	"NO"	NA	NA
"ECK120004141"	"yqiG"	"+"	3185422	3187887	2466	"M-P1h"	72	1.74245125203142	37	399	45.1127819548872	0.590835360908354	1.04687861168724	"AD"	NA	NA
"ECK120004142"	"yqiH"	"+"	3187903	3188652	750	"M-P1h"	5	0.397859702547175	4	120	0	0.294666666666667	-Inf	"SD"	NA	NA
"ECK120004145"	"yqiK"	"+"	3190886	3192547	1662	"M-P1h"	67	2.40583033128707	15	315	34.9206349206349	0.820697954271961	-0.129031377765729	"SD"	NA	NA
"ECK120004152"	"ygjJ"	"+"	3225823	3226893	1071	"M-P1h"	2	0	4	100	0	0.138188608776844	NA	"NO"	NA	NA
"ECK120004153"	"ygjK"	"+"	3226910	3229261	2352	"M-P1h"	14	0.355231877274263	29	351	48.4330484330484	0.386904761904762	3.2587017913135	"AD"	NA	NA
"ECK120004155"	"higB"	"-"	3232163	3232477	315	"M-P1h"	65	12.3147050788411	0	0	0	0.926984126984127	-Inf	"SD"	NA	NA
"ECK120004158"	"ygjQ"	"+"	3234562	3235254	693	"M-P1h"	3	0	17	453	30.9050772626932	0.207792207792208	Inf	"AD"	NA	NA
"ECK120004159"	"ygjR"	"+"	3235315	3236319	1005	"M-P1h"	424	25.177987146269	14	422	28.436018957346	1	-3.39105664049135	"SD"	1	2.77777777777778
"ECK120004160"	"alx"	"+"	3236602	3237567	966	"M-P1h"	38	2.347619362856	7	212	0	0.894409937888199	-Inf	"SD"	NA	NA
"ECK120004162"	"yqjA"	"+"	3245795	3246457	663	"M-P1h"	1030	92.7139125845227	2	100	0	1	-Inf	"SD"	NA	NA
"ECK120004163"	"mzrA"	"+"	3246461	3246844	384	"M-P1h"	301	46.7795978385546	12	374	32.0855614973262	1	-4.28477314803299	"SD"	NA	NA
"ECK120004164"	"yqjC"	"+"	3246991	3247359	369	"M-P1h"	428	69.2211189797524	6	154	38.961038961039	1	-5.85010595233519	"SD"	NA	NA
"ECK120004165"	"yqjD"	"+"	3247397	3247702	306	"M-P1h"	809	157.778676157188	1	65	0	1	-Inf	"SD"	NA	NA
"ECK120004166"	"yqjE"	"+"	3247705	3248109	405	"M-P1h"	475	69.9938365592252	0	0	0	1	-Inf	"SD"	NA	NA
"ECK120004167"	"yqjK"	"+"	3248099	3248398	300	"M-P1h"	423	84.1473270887275	1	54	0	1	-Inf	"SD"	NA	NA
"ECK120004168"	"yqjF"	"+"	3248584	3248976	393	"M-P1h"	14	2.12596787620628	4	208	0	0.732824427480916	-Inf	"SD"	NA	NA
"ECK120004169"	"yqjG"	"+"	3249046	3250032	987	"M-P1h"	121	7.31626504684015	7	179	0	0.997973657548126	-Inf	"SD"	1	2.7027027027027
"ECK120004170"	"yhaH"	"+"	3250326	3250691	366	"M-P1h"	363	59.1897836166494	3	100	0	1	-Inf	"SD"	NA	NA
"ECK120004176"	"tdcG"	"-"	3256307	3257671	1365	"M-P1h"	72	3.14790094323039	0	0	0	0.905494505494505	-Inf	"SD"	NA	NA
"ECK120004177"	"tdcF"	"-"	3257743	3258132	390	"M-P1h"	19	2.90743628784474	0	0	0	0.915384615384615	-Inf	"SD"	NA	NA
"ECK120004178"	"tdcE"	"-"	3258146	3260440	2295	"M-P1h"	104	2.7044058212357	4	100	0	0.870152505446623	-Inf	"SD"	NA	NA
"ECK120004182"	"agaV"	"+"	3278239	3278712	474	"M-P1h"	8	1.00723975328399	0	0	0	0.79746835443038	-Inf	"SD"	2	11.7647058823529
"ECK120004183"	"agaW"	"+"	3278723	3279124	402	"M-P1h"	6	0.890730677344421	1	36	0	0.723880597014925	-Inf	"SD"	NA	NA
"ECK120004184"	"agaS"	"+"	3279998	3281152	1155	"M-P1h"	4	0.206680364959571	41	596	48.6577181208054	0.277922077922078	4.8105796587154	"AD"	NA	NA
"ECK120004185"	"agaD"	"+"	3283500	3284291	792	"M-P1h"	33	2.48662314091984	2	36	0	0.91540404040404	-Inf	"SD"	NA	NA
"ECK120004186"	"agaI"	"+"	3284292	3285047	756	"M-P1h"	14	1.10516584040882	0	0	0	0.630952380952381	-Inf	"SD"	NA	NA
"ECK120004187"	"yraH"	"+"	3285448	3286032	585	"M-P1h"	20	2.04030616690859	6	116	0	0.87008547008547	-Inf	"SD"	NA	NA
"ECK120004188"	"yraI"	"+"	3286112	3286807	696	"M-P1h"	3	0.25723687664688	7	203	0	0.386494252873563	-Inf	"SD"	NA	NA
"ECK120004193"	"yraN"	"+"	3293416	3293811	396	"M-P1h"	409	61.6381130082555	3	122	0	1	-Inf	"SD"	NA	NA
"ECK120004203"	"yhbV"	"+"	3300511	3301389	879	"M-P1h"	161	10.9309576979685	2	73	0	1	-Inf	"SD"	NA	NA
"ECK120004207"	"ibaG"	"-"	3334571	3334825	255	"M-P1h"	469	109.762470879191	0	0	0	1	-Inf	"SD"	NA	NA
"ECK120004208"	"mlaB"	"-"	3334985	3335278	294	"M-P1h"	191	38.7710220339339	0	0	0	1	-Inf	"SD"	NA	NA
"ECK120004209"	"mlaC"	"-"	3335278	3335913	636	"M-P1h"	695	65.2152106769544	3	151	0	1	-Inf	"SD"	8	33.3333333333333
"ECK120004210"	"kdsD"	"+"	3339288	3340274	987	"M-P1h"	889	53.7533853441396	3	73	0	1	-Inf	"SD"	2	5.71428571428571
"ECK120004211"	"kdsC"	"+"	3340295	3340861	567	"M-P1h"	972	102.306780654988	2	63	0	1	-Inf	"SD"	2	10
"ECK120004212"	"lptC"	"+"	3340858	3341433	576	"M-P1h"	917	95.0097258426457	7	267	22.4719101123596	1	-6.30696889414718	"SD"	2	9.09090909090909
"ECK120004213"	"lptA"	"+"	3341402	3341959	558	"M-P1h"	868	92.8339305943408	10	391	25.5754475703325	1	-5.53658029844353	"SD"	2	10
"ECK120004217"	"yhcD"	"+"	3360829	3363210	2382	"M-P1h"	155	3.88339130319976	100	1083	60.0184672206833	0.957178841309824	1.74312263290273	"AD"	NA	NA
"ECK120004223"	"nanK"	"-"	3367497	3368372	876	"M-P1h"	32	2.18005316464205	0	0	0	0.932648401826484	-Inf	"SD"	4	13.3333333333333
"ECK120004224"	"nanE"	"-"	3368369	3369058	690	"M-P1h"	27	2.33526347147255	1	100	0	0.789855072463768	-Inf	"SD"	3	12.5
"ECK120004229"	"degQ"	"+"	3378765	3380132	1368	"M-P1h"	314	13.6982397587514	9	350	0	1	-Inf	"SD"	5	10.6382978723404
"ECK120004232"	"aaeB"	"-"	3384243	3386210	1968	"M-P1h"	108	3.27506462462614	13	127	0	0.896341463414634	-Inf	"SD"	NA	NA
"ECK120004233"	"aaeA"	"-"	3386216	3387148	933	"M-P1h"	45	2.87840620813872	5	100	0	0.764201500535906	-Inf	"SD"	NA	NA
"ECK120004237"	"yhdP"	"-"	3390480	3394280	3801	"M-P1h"	584	9.16930016920087	38	515	52.4271844660194	0.992107340173639	-0.763852219570179	"SD"	2	1.43884892086331
"ECK120004239"	"yhdT"	"+"	3405397	3405639	243	"M-P1h"	13	3.19270131673659	4	124	0	1	-Inf	"SD"	NA	NA
"ECK120004241"	"yhdV"	"+"	3416412	3416633	222	"M-P1h"	55	14.7853267838477	0	0	0	1	-Inf	"SD"	NA	NA
"ECK120004244"	"tsaC"	"-"	3428865	3429437	573	"M-P1h"	355	36.973872880693	7	110	54.5454545454545	1	-4.94539985762958	"SD"	5	23.8095238095238
"ECK120004245"	"yrdD"	"-"	3429442	3429984	543	"M-P1h"	1096	120.45697071594	5	295	0	1	-Inf	"SD"	NA	NA
"ECK120004248"	"gspD"	"+"	3454399	3456351	1953	"M-P1h"	37	1.13063049110948	81	988	39.4736842105263	0.757808499743984	2.7863466144045	"AD"	NA	NA
"ECK120004249"	"gspE"	"+"	3456361	3457842	1482	"M-P1h"	6	0.241615203976017	47	988	39.4736842105263	0.251686909581646	5.01269097773133	"AD"	NA	NA
"ECK120004250"	"gspF"	"+"	3457839	3459035	1197	"M-P1h"	12	0.598285266988233	33	309	55.0161812297735	0.421888053467001	2.50662930475709	"AD"	NA	NA
"ECK120004251"	"gspG"	"+"	3459045	3459482	438	"M-P1h"	2	0	3	179	0	0.0410958904109589	NA	"NO"	NA	NA
"ECK120004252"	"gspH"	"+"	3459490	3459999	510	"M-P1h"	4	0.468070238290794	1	95	0	0.376470588235294	-Inf	"SD"	NA	NA
"ECK120004253"	"gspI"	"+"	3459996	3460373	378	"M-P1h"	1	0	1	43	0	0.201058201058201	NA	"NO"	NA	NA
"ECK120004254"	"gspJ"	"+"	3460366	3460953	588	"M-P1h"	5	0.507474110391805	42	615	35.7723577235772	0.380952380952381	3.1160973958707	"AD"	NA	NA
"ECK120004255"	"gspK"	"+"	3460946	3461929	984	"M-P1h"	8	0.485194759203872	33	615	35.7723577235772	0.257113821138211	3.18086765126094	"AD"	NA	NA
"ECK120004256"	"gspL"	"+"	3461944	3463107	1164	"M-P1h"	78	3.99910525756181	157	881	98.7514188422248	0.716494845360825	2.12133814717917	"AD"	NA	NA
"ECK120004257"	"tusB"	"-"	3472700	3472987	288	"M-P1h"	223	46.2097467020938	13	451	26.6075388026608	1	-4.26709087047244	"SD"	NA	NA
"ECK120004258"	"tusC"	"-"	3472995	3473354	360	"M-P1h"	183	30.3368023192221	12	451	26.6075388026608	1	-3.65996271394881	"SD"	NA	NA
"ECK120004259"	"tusD"	"-"	3473354	3473740	387	"M-P1h"	360	55.5153073321639	3	142	0	1	-Inf	"SD"	NA	NA
"ECK120004260"	"yheO"	"-"	3473740	3474462	723	"M-P1h"	584	48.2054079434751	20	417	35.9712230215827	1	-4.00616059903598	"SD"	2	7.40740740740741
"ECK120004263"	"yheT"	"+"	3481224	3482246	1023	"M-P1h"	166	9.68397516463798	3	141	0	0.996089931573803	-Inf	"SD"	NA	NA
"ECK120004264"	"yheU"	"+"	3482240	3482458	219	"M-P1h"	124	33.7908240519518	3	141	0	1	-Inf	"SD"	NA	NA
"ECK120004266"	"yhfL"	"+"	3497470	3497637	168	"M-P1h"	44	15.6302026000676	0	0	0	1	-Inf	"SD"	NA	NA
"ECK120004267"	"frlB"	"+"	3499290	3500312	1023	"M-P1h"	30	1.75011599360927	7	250	0	0.86119257086999	-Inf	"SD"	NA	NA
"ECK120004268"	"frlC"	"+"	3500362	3501192	831	"M-P1h"	31	2.22629075432535	1	73	0	0.900120336943442	-Inf	"SD"	NA	NA
"ECK120004269"	"frlD"	"+"	3501189	3501974	786	"M-P1h"	26	1.97411302790583	8	104	0	0.858778625954199	-Inf	"SD"	NA	NA
"ECK120004272"	"yhfT"	"-"	3504054	3505358	1305	"M-P1h"	39	1.78350901141837	6	152	0	0.788505747126437	-Inf	"SD"	NA	NA
"ECK120004273"	"yhfU"	"-"	3505370	3505723	354	"M-P1h"	19	3.2031077747442	70	640	109.375	0.652542372881356	2.12788258086878	"AD"	NA	NA
"ECK120004274"	"php"	"-"	3505734	3506612	879	"M-P1h"	6	0.407364883154104	73	640	109.375	0.392491467576792	5.10296139865162	"AD"	NA	NA
"ECK120004275"	"yhfW"	"-"	3506609	3507835	1227	"M-P1h"	0	0	9	182	0	0	NA	"NO"	NA	NA
"ECK120004276"	"yhfX"	"-"	3507835	3508998	1164	"M-P1h"	11	0.563976382476665	0	0	0	0.452749140893471	-Inf	"SD"	NA	NA
"ECK120004277"	"yhfY"	"-"	3509082	3509444	363	"M-P1h"	11	1.80845319339625	0	0	0	0.958677685950413	-Inf	"SD"	NA	NA
"ECK120004278"	"yhfZ"	"-"	3509461	3510366	906	"M-P1h"	66	4.34747357087973	0	0	0	0.965783664459161	-Inf	"SD"	NA	NA
"ECK120004279"	"hofP"	"-"	3518637	3519041	405	"M-P1h"	29	4.27330791624743	1	81	0	0.967901234567901	-Inf	"SD"	NA	NA
"ECK120004280"	"hofO"	"-"	3519031	3519471	441	"M-P1h"	10	1.35326429437815	0	0	0	0.743764172335601	-Inf	"SD"	NA	NA
"ECK120004281"	"hofN"	"-"	3519455	3519994	540	"M-P1h"	18	1.98929851273587	1	100	0	0.824074074074074	-Inf	"SD"	NA	NA
"ECK120004285"	"yrfG"	"+"	3526691	3527359	669	"M-P1h"	168	14.9866435040191	21	675	25.1851851851852	1	-2.14007065360255	"SD"	NA	NA
"ECK120004286"	"hslR"	"+"	3527370	3527771	402	"M-P1h"	195	28.9487470136937	0	0	0	1	-Inf	"SD"	2	13.3333333333333
"ECK120004289"	"yhgF"	"+"	3535407	3537728	2322	"M-P1h"	564	14.4956635811761	6	253	0	1	-Inf	"SD"	14	16.4705882352941
"ECK120004291"	"nfuA"	"+"	3543646	3544221	576	"M-P1h"	264	27.3528545501183	10	295	33.8983050847458	1	-3.77361949574438	"SD"	6	28.5714285714286
"ECK120004296"	"yhhW"	"-"	3576973	3577668	696	"M-P1h"	361	30.9541708231746	48	763	61.5989515072084	1	-1.7194011520764	"SD"	1	3.84615384615385
"ECK120004297"	"yhhX"	"-"	3577791	3578828	1038	"M-P1h"	777	44.6729752715542	3	103	0	1	-Inf	"SD"	7	17.9487179487179
"ECK120004299"	"yhhZ"	"+"	3579886	3581064	1179	"M-P1h"	11	0.556801110434978	1	52	0	0.340966921119593	-Inf	"SD"	NA	NA
"ECK120004300"	"yrhA"	"+"	3581064	3581477	414	"M-P1h"	1	0	3	104	0	0.217391304347826	NA	"NO"	NA	NA
"ECK120004301"	"insA-6"	"+"	3581506	3581781	276	"M-P1h"	0	0	0	0	0	0	NA	"NO"	NA	NA
"ECK120004302"	"insB-6"	"+"	3581700	3582203	504	"M-P1h"	1	0	0	0	0	0.0694444444444444	NA	"NO"	NA	NA
"ECK120004307"	"insK"	"+"	3719177	3720072	896	"M-P1h"	28	1.86496735568988	1	51	0	0.782366071428571	-Inf	"SD"	NA	NA
"ECK120004311"	"rffT"	"+"	3975548	3976627	1080	"M-P1h"	291	16.0801629779483	5	290	0	1	-Inf	"SD"	NA	NA
"ECK120004314"	"tatA"	"+"	4019968	4020237	270	"M-P1h"	1327	293.311014044501	2	100	0	1	-Inf	"SD"	NA	NA
"ECK120004315"	"tatB"	"+"	4020241	4020756	516	"M-P1h"	1856	214.659188351034	3	100	0	1	-Inf	"SD"	3	16.6666666666667
"ECK120004320"	"phnE_2"	"-"	4320466	4320834	369	"M-P1h"	147	23.7745432009897	7	125	0	1	-Inf	"SD"	NA	NA
"ECK120004321"	"yjcZ"	"+"	4327383	4328261	879	"M-P1h"	418	28.3797535264026	12	190	63.1578947368421	1	-3.56375574893192	"SD"	6	18.1818181818182
"ECK120004323"	"dcuR"	"-"	4347338	4348057	720	"M-P1h"	251	20.804746945696	51	638	79.9373040752351	1	-1.0283435883652	"SD"	2	7.40740740740741
"ECK120004326"	"yjdJ"	"+"	4350108	4350380	273	"M-P1h"	50	10.9302116084389	0	0	0	0.996336996336996	-Inf	"SD"	NA	NA
"ECK120004327"	"ghoS"	"+"	4350607	4350903	297	"M-P1h"	4	0.803756974842778	1	63	0	0.582491582491583	-Inf	"SD"	NA	NA
"ECK120004334"	"yjeN"	"+"	4383416	4383730	315	"M-P1h"	12	2.27348401455529	0	0	0	0.758730158730159	-Inf	"SD"	NA	NA
"ECK120004340"	"yjeT"	"+"	4402409	4402606	198	"M-P1h"	236	71.1324922735858	0	0	0	1	-Inf	"SD"	NA	NA
"ECK120004341"	"rlmB"	"+"	4407298	4408029	732	"M-P1h"	650	52.9936079212426	3	127	0	1	-Inf	"SD"	3	11.1111111111111
"ECK120004342"	"yjfI"	"+"	4408156	4408557	402	"M-P1h"	15	2.22682669336105	0	0	0	0.932835820895522	-Inf	"SD"	NA	NA
"ECK120004343"	"yjfJ"	"+"	4408576	4409274	699	"M-P1h"	20	1.7075523714471	4	100	0	0.759656652360515	-Inf	"SD"	NA	NA
"ECK120004344"	"yjfK"	"+"	4409325	4409984	660	"M-P1h"	5	0.452113298349062	1	83	0	0.493939393939394	-Inf	"SD"	NA	NA
"ECK120004345"	"yjfL"	"+"	4410002	4410400	399	"M-P1h"	1	0	2	120	0	0.025062656641604	NA	"NO"	NA	NA
"ECK120004346"	"yjfM"	"+"	4410410	4411048	639	"M-P1h"	13	1.21412585284349	0	0	0	0.857589984350548	-Inf	"SD"	NA	NA
"ECK120004353"	"ulaD"	"+"	4420209	4420859	651	"M-P1h"	55	5.04200083873148	0	0	0	1	-Inf	"SD"	NA	NA
"ECK120004354"	"ulaE"	"+"	4420869	4421723	855	"M-P1h"	34	2.37319822571999	0	0	0	0.88187134502924	-Inf	"SD"	NA	NA
"ECK120004362"	"ytfF"	"-"	4430114	4431088	975	"M-P1h"	55	3.36650517539917	0	0	0	0.918974358974359	-Inf	"SD"	NA	NA
"ECK120004378"	"tabA"	"+"	4472885	4473337	453	"M-P1h"	431	56.7806396681564	1	100	0	1	-Inf	"SD"	7	41.1764705882353
"ECK120004386"	"idnR"	"-"	4488164	4489162	999	"M-P1h"	178	10.6334875455551	37	209	90.9090909090909	1	-1.48454352244599	"SD"	NA	NA
"ECK120004387"	"idnO"	"-"	4490610	4491374	765	"M-P1h"	43	3.35450337441736	1	41	0	0.881045751633987	-Inf	"SD"	NA	NA
"ECK120004389"	"insC-6"	"+"	4496250	4496660	411	"M-P1h"	8	0	0	0	0	0.097323600973236	NA	"NO"	NA	NA
"ECK120004396"	"yjhC"	"+"	4503310	4504428	1119	"M-P1h"	362	19.306328729501	3	115	0	1	-Inf	"SD"	2	4.8780487804878
"ECK120004405"	"yjhG"	"-"	4520150	4522117	1968	"M-P1h"	244	7.39922007785905	62	890	42.6966292134831	0.948678861788618	0.038626208504341	"AD"	NA	NA
"ECK120004406"	"yjhH"	"-"	4522128	4523033	906	"M-P1h"	73	4.8085692526397	29	394	40.6091370558376	0.98233995584989	-0.58753579154938	"SD"	NA	NA
"ECK120004407"	"yjhI"	"-"	4523038	4523826	789	"M-P1h"	43	3.2524652489598	3	98	0	0.827629911280101	-Inf	"SD"	NA	NA
"ECK120004408"	"sgcR"	"-"	4524129	4524911	783	"M-P1h"	55	4.19200836017138	135	1163	109.200343938091	0.841634738186462	2.59911499782295	"AD"	NA	NA
"ECK120004409"	"sgcE"	"-"	4524928	4525560	633	"M-P1h"	28	2.63982741026562	127	1163	109.200343938091	0.881516587677725	3.2663129814273	"AD"	NA	NA
"ECK120004410"	"sgcQ"	"-"	4526134	4526940	807	"M-P1h"	37	2.7362098502315	543	1138	477.152899824253	0.770755885997522	5.3107014127376	"AD"	NA	NA
"ECK120004411"	"yjhP"	"-"	4530460	4531206	747	"M-P1h"	37	2.95598574181636	6	153	0	0.965194109772423	-Inf	"SD"	NA	NA
"ECK120004412"	"yjhQ"	"-"	4531262	4531807	546	"M-P1h"	30	3.27906348253166	4	198	0	0.93040293040293	-Inf	"SD"	NA	NA
"ECK120004415"	"nanM"	"-"	4535682	4536788	1107	"M-P1h"	78	4.20502124643356	0	0	0	0.948509485094851	-Inf	"SD"	9	22.5
"ECK120004420"	"iadA"	"-"	4556377	4557549	1173	"M-P1h"	258	13.1263175520679	3	100	0	0.994884910485934	-Inf	"SD"	9	21.9512195121951
"ECK120004421"	"yjiG"	"-"	4557562	4558023	462	"M-P1h"	25	3.2293807024933	7	165	42.4242424242424	1	-1.20583069901666	"SD"	NA	NA
"ECK120004425"	"yjiK"	"-"	4560766	4561734	969	"M-P1h"	90	5.54293703239098	59	221	167.420814479638	0.944272445820433	0.416874651998759	"AD"	NA	NA
"ECK120004426"	"yjiL"	"-"	4561945	4562712	768	"M-P1h"	117	9.09171585898818	11	215	37.2093023255814	1	-2.50648069157785	"SD"	NA	NA
"ECK120004427"	"yjiM"	"-"	4562722	4563873	1152	"M-P1h"	370	19.1677200445905	5	126	0	1	-Inf	"SD"	NA	NA
"ECK120004428"	"yjiN"	"-"	4563989	4565269	1281	"M-P1h"	117	5.45077110047066	7	166	0	0.978142076502732	-Inf	"SD"	NA	NA
"ECK120004433"	"yjiT"	"+"	4570437	4571954	1518	"M-P1h"	373	14.6641965464522	4	142	0	1	-Inf	"SD"	NA	NA
"ECK120004434"	"symE"	"-"	4577522	4577863	342	"M-P1h"	10	1.74499869538235	0	0	0	0.722222222222222	-Inf	"SD"	NA	NA
"ECK120004435"	"yjiX"	"-"	4586899	4587102	204	"M-P1h"	190	55.5833407970318	0	0	0	1	-Inf	"SD"	NA	NA
"ECK120004444"	"yjjU"	"+"	4610434	4611507	1074	"M-P1h"	192	10.6688635319913	7	363	0	0.999068901303538	-Inf	"SD"	NA	NA
"ECK120004450"	"cysT"	"-"	1989938	1990011	74	"M-P1h"	374	301.620666390493	0	0	0	1	-Inf	"SD"	NA	NA
"ECK120004454"	""	"+"	732593	732814	222	"M-P1h"	28	7.5270754535952	0	0	0	1	-Inf	"SD"	NA	NA
"ECK120004455"	"ydbA_2"	"+"	1468714	1472037	3324	"M-P1h"	1167	20.9522686314329	8	202	0	1	-Inf	"SD"	NA	NA
"ECK120004458"	"molR_2"	"+"	2195432	2197369	1938	"M-P1h"	44	1.35494016347335	42	437	50.3432494279176	0.481424148606811	1.69927438269949	"AD"	NA	NA
"ECK120004459"	"molR_3"	"+"	2197344	2198291	948	"M-P1h"	3	0	1	93	0	0.188818565400844	NA	"NO"	NA	NA
"ECK120004461"	"ilvG_1"	"+"	3948583	3949566	984	"M-P1h"	962	58.3446697942656	3	201	0	1	-Inf	"SD"	NA	NA
"ECK120004465"	"dgoD"	"-"	3869873	3871021	1149	"M-P1h"	74	3.84355326220508	5	190	0	0.979982593559617	-Inf	"SD"	NA	NA
"ECK120004466"	"rpe"	"-"	3512404	3513081	678	"M-P1h"	651	57.3023598137635	4	77	0	1	-Inf	"SD"	13	52
"ECK120004467"	"thiM"	"-"	2182535	2183323	789	"M-P1h"	38	2.87427161535982	4	100	0	0.817490494296578	-Inf	"SD"	NA	NA
"ECK120004470"	"mhpB"	"+"	369501	370445	945	"M-P1h"	7	0.442066336163528	5	206	0	0.271957671957672	-Inf	"SD"	NA	NA
"ECK120004471"	"mhpC"	"+"	370463	371329	867	"M-P1h"	20	1.37667717144351	18	140	78.5714285714286	0.786620530565167	0.676313234256175	"AD"	NA	NA
"ECK120004472"	"mhpD"	"+"	371339	372148	810	"M-P1h"	18	1.32619900849058	0	0	0	0.741975308641975	-Inf	"SD"	NA	NA
"ECK120004473"	"mhpF"	"+"	372145	373095	951	"M-P1h"	8	0.50203117040653	1	74	0	0.316508937960042	-Inf	"SD"	NA	NA
"ECK120004474"	"hcaF"	"+"	2668412	2668930	519	"M-P1h"	45	5.17447590018002	8	267	0	1	-Inf	"SD"	NA	NA
"ECK120004475"	"ruvA"	"-"	1943389	1944000	612	"M-P1h"	336	32.7649166803556	3	38	0	1	-Inf	"SD"	NA	NA
"ECK120015144"	"sgcB"	"-"	4528278	4528556	279	"M-P1h"	16	3.42244905416925	0	0	0	1	-Inf	"SD"	NA	NA
"ECK120015304"	"ymgF"	"+"	1218206	1218424	219	"M-P1h"	15	4.08759968370385	1	96	0	1	-Inf	"SD"	NA	NA
"ECK120016284"	"ykfH"	"-"	263250	263471	222	"M-P1h"	1	0	0	0	0	0.0135135135135135	NA	"NO"	NA	NA
"ECK120016285"	"ykgN"	"-"	279248	279586	339	"M-P1h"	84	14.7877057583906	21	471	44.5859872611465	0.932153392330384	-1.81593700957926	"SD"	NA	NA
"ECK120016287"	"ylcG"	"+"	572953	573093	141	"M-P1h"	3	1.26976500812928	0	0	0	0.560283687943262	-Inf	"SD"	NA	NA
"ECK120016289"	"ybdZ"	"+"	613165	613383	219	"M-P1h"	2	0.545013291160514	1	92	0	0.666666666666667	-Inf	"SD"	NA	NA
"ECK120016292"	"ybfQ"	"+"	735668	735922	255	"M-P1h"	0	0	0	0	0	0	NA	"NO"	NA	NA
"ECK120016293"	"cydX"	"+"	773419	773532	114	"M-P1h"	4025	2107.08592467418	0	0	0	1	-Inf	"SD"	NA	NA
"ECK120016296"	"ymgH"	"+"	1222688	1222909	222	"M-P1h"	1	0.268824123342686	5	125	0	0.342342342342342	-Inf	"SD"	NA	NA
"ECK120016297"	"ymjB"	"+"	1379813	1379926	114	"M-P1h"	2	1.04699921722941	0	0	0	0.342105263157895	-Inf	"SD"	NA	NA
"ECK120016301"	"rzoR"	"+"	1421424	1421609	186	"M-P1h"	3	0.962563796485101	41	226	181.41592920354	0.5	3.09066984228936	"AD"	NA	NA
"ECK120016310"	"yehK"	"+"	2201994	2202311	318	"M-P1h"	4	0.750678684051273	0	0	0	0.537735849056604	-Inf	"SD"	NA	NA
"ECK120016312"	"arnE"	"+"	2370579	2370914	336	"M-P1h"	696	123.620693291444	1	75	0	1	-Inf	"SD"	NA	NA
"ECK120016313"	"ypdJ"	"+"	2474116	2474256	141	"M-P1h"	7	2.96278501896832	31	495	62.6262626262626	0.829787234042553	1.06531426801247	"AD"	NA	NA
"ECK120016316"	"ypjJ"	"+"	2774899	2775099	201	"M-P1h"	2	0.593820451562948	0	0	0	0.402985074626866	-Inf	"SD"	NA	NA
"ECK120016318"	"yheV"	"-"	3476614	3476814	201	"M-P1h"	433	128.562127763378	0	0	0	1	-Inf	"SD"	NA	NA
"ECK120016322"	"yidD"	"+"	3882839	3883096	258	"M-P1h"	280	64.7678585541913	1	100	0	1	-Inf	"SD"	NA	NA
"ECK120016323"	"yifL"	"+"	3992545	3992748	204	"M-P1h"	468	136.910544700057	4	313	0	1	-Inf	"SD"	NA	NA
"ECK120016327"	"ytjA"	"+"	4610133	4610312	180	"M-P1h"	59	19.5614353752361	5	185	0	1	-Inf	"SD"	NA	NA
"ECK120016545"	"efeU_2"	"+"	1080677	1081408	732	"M-P1h"	6	0.489171765426854	0	0	0	0.370218579234973	-Inf	"SD"	NA	NA
"ECK120016922"	"ymiA"	"+"	1333184	1333312	129	"M-P1h"	361	167.008549557593	8	371	21.5633423180593	1	-6.70570624417951	"SD"	NA	NA
"ECK120016923"	"yciX"	"+"	1333315	1333482	168	"M-P1h"	433	153.815402859756	8	371	21.5633423180593	1	-6.58698426466356	"SD"	NA	NA
"ECK120016925"	"yjhW"	"+"	4507574	4507816	243	"M-P1h"	29	7.12217986041239	0	0	0	1	-Inf	"SD"	NA	NA
"ECK120023909"	"insEF-3"	"+"	566056	567227	1172	"M-P1h"	9	0	0	0	0	0.0332764505119454	NA	"NO"	NA	NA
"ECK120023913"	"insAB-2"	"-"	278402	279099	698	"M-P1h"	4	0	0	0	0	0.0358166189111748	NA	"NO"	NA	NA
"ECK120023915"	"insAB-5"	"-"	1976542	1977239	698	"M-P1h"	0	0	0	0	0	0	NA	"NO"	NA	NA
"ECK120023916"	"insAB-6"	"+"	3581506	3582203	698	"M-P1h"	1	0	0	0	0	0.0501432664756447	NA	"NO"	NA	NA
"ECK120023920"	"insCD-4"	"-"	2994394	2995667	1274	"M-P1h"	3	0	0	0	0	0.0557299843014129	NA	"NO"	NA	NA
"ECK120023921"	"insCD-5"	"+"	3184164	3185437	1274	"M-P1h"	0	0	0	0	0	0	NA	"NO"	NA	NA
"ECK120026444"	"yahH"	"+"	339017	339313	297	"M-P1h"	1	0.200939243710694	0	0	0	0.296296296296296	-Inf	"SD"	NA	NA
"ECK120026445"	"ylbE_1"	"+"	547581	547841	261	"M-P1h"	5	1.14327500731947	0	0	0	0.71264367816092	-Inf	"SD"	NA	NA
"ECK120026451"	"wbbL_2"	"-"	2099420	2099701	282	"M-P1h"	209	44.23014778317	5	327	0	1	-Inf	"SD"	NA	NA
"ECK120026454"	"yrhC"	"+"	3621910	3622155	246	"M-P1h"	1	0	0	0	0	0.146341463414634	NA	"NO"	NA	NA
"ECK120026458"	"insB-7_1"	"+"	4516744	4517037	294	"M-P1h"	36	7.30762718964199	1	60	0	0.993197278911565	-Inf	"SD"	NA	NA
"ECK120029856"	"uof"	"-"	709862	709948	87	"M-P1h"	603	413.636897648184	0	0	0	1	-Inf	"SD"	NA	NA
"ECK120030068"	"ylcH"	"+"	571591	571692	102	"M-P1h"	0	0	5	139	0	0	NA	"NO"	NA	NA
"ECK120030072"	"appX"	"+"	1039668	1039760	93	"M-P1h"	54	34.6522966734636	0	0	0	1	-Inf	"SD"	NA	NA
"ECK120030075"	"yciZ"	"-"	1342460	1342633	174	"M-P1h"	1310	449.307077876551	77	785	98.0891719745223	1	-4.86669953259678	"SD"	NA	NA
"ECK120030077"	"ydgU"	"+"	1669801	1669884	84	"M-P1h"	6	4.26278252729116	15	218	68.8073394495413	0.892857142857143	-0.506832955049474	"SD"	NA	NA
"ECK120030086"	"yrhD"	"+"	3582427	3582582	156	"M-P1h"	11	4.20813146924897	1	66	0	1	-Inf	"SD"	NA	NA
"ECK120030091"	"ytcA"	"-"	4302151	4302426	276	"M-P1h"	0	0	0	0	0	0	NA	"NO"	NA	NA
"ECK120033231"	"ykfL"	"-"	265777	265998	222	"M-P1h"	3	0.806472370028057	5	217	0	0.531531531531532	-Inf	"SD"	NA	NA
"ECK120033232"	"ykfK"	"-"	266000	266191	192	"M-P1h"	0	0	5	217	0	0	NA	"NO"	NA	NA
"ECK120035075"	"ibsA"	"-"	2151373	2151432	60	"M-P1h"	6	5.96789553820762	331	586	564.846416382253	1	3.47153702897898	"AD"	NA	NA
"ECK120048853"	"ilvX"	"+"	3948530	3948580	51	"M-P1h"	385	450.517604354889	0	0	0	1	-Inf	"SD"	NA	NA
"ECK120048855"	"yoeI"	"-"	2085076	2085138	63	"M-P1h"	16	15.1565600970352	5	287	0	1	-Inf	"SD"	NA	NA
"ECK120048857"	"ymjD"	"-"	1388892	1388957	66	"M-P1h"	6	5.42535958018875	0	0	0	1	-Inf	"SD"	NA	NA
"ECK120048863"	"yrbN"	"-"	3305875	3305955	81	"M-P1h"	3715	2737.12739807918	0	0	0	1	-Inf	"SD"	NA	NA
"ECK120048868"	"yqfG"	"+"	3030839	3030964	126	"M-P1h"	0	0	0	0	0	0	NA	"NO"	NA	NA
"ECK125121987"	"rpsP5"	"-"	2744205	2744454	250	"M-P1h"	1228	293.143028836759	2	37	0	1	-Inf	"SD"	NA	NA
"ECK125121997"	"fimA3"	"+"	4541230	4541277	48	"M-P1h"	1308	1626.25153416158	0	0	0	1	-Inf	"SD"	NA	NA
"ECK125121999"	"spy3"	"-"	1823084	1823131	48	"M-P1h"	18	22.3796082682786	0	0	0	1	-Inf	"SD"	NA	NA
"ECK125122001"	"rpsI3"	"-"	3375389	3375473	85	"M-P1h"	884	620.661135973593	0	0	0	1	-Inf	"SD"	NA	NA
"ECK125122003"	"glnA3"	"-"	4054007	4054201	195	"M-P1h"	345	105.58584413752	25	653	38.2848392036753	1	-4.4003445208568	"SD"	NA	NA
"ECK125122010"	"ryeF"	"-"	1956157	1956543	387	"M-P1h"	65	10.0235971571963	0	0	0	0.421188630490956	-Inf	"SD"	NA	NA
"ECK125135293"	""	"+"	1298697	1298951	255	"M-P1h"	1550	362.754434675365	12	390	30.7692307692308	1	-7.23981503529718	"SD"	NA	NA
"ECK125135299"	""	"-"	2276280	2276520	241	"M-P1h"	121	29.9632929511669	7	141	49.645390070922	0.867219917012448	-4.41969745170263	"SD"	NA	NA
"ECK125135311"	""	"-"	4439248	4439353	106	"M-P1h"	40	22.5203605215382	55	1005	54.726368159204	1	-1.0337263995151	"SD"	NA	NA
"ECK125145757"	"esrE"	"+"	4018001	4018252	252	"M-P1h"	326	77.2037279942732	1	100	0	1	-Inf	"SD"	NA	NA
"ECK125146691"	"nc1"	"-"	296361	296528	168	"M-P1h"	5	1.77615938637132	31	502	61.7529880478088	0.80952380952381	1.80350716556267	"AD"	NA	NA
"ECK125158035"	"agrB"	"+"	3646317	3646400	84	"M-P1h"	68	48.3115353092998	1	100	0	1	-Inf	"SD"	NA	NA
