"RegDbId"	"Gene"	"Strand"	"Start"	"End"	"Length"	"Sample"	"mRNARaw"	"mRNATPM"	"asRNARaw"	"asRNALen"	"asRNARPK"	"mRNACoverage"	"Gamma"	"TrMode"	"PeptideRaw"	"NPPH"
"ECK120000001"	"alr"	"+"	4263805	4264884	1080	"M-P2h"	328	21.7783571588261	1	82	0	1	-Inf	"SD"	5	12.8205128205128
"ECK120000002"	"modB"	"+"	795085	795774	690	"M-P2h"	97	10.0808620358723	1	100	0	1	-Inf	"SD"	NA	NA
"ECK120000005"	"dcuB"	"-"	4345427	4346767	1341	"M-P2h"	5	0	9	368	16.304347826087	0.233407904548844	Inf	"AD"	NA	NA
"ECK120000006"	"hisM"	"-"	2422539	2423255	717	"M-P2h"	378	37.8048632790726	31	188	101.063829787234	1	-3.31450051335134	"SD"	NA	NA
"ECK120000008"	"rhsE"	"+"	1525914	1527962	2049	"M-P2h"	21	0.734940810452119	2	102	0	0.272327964860908	-Inf	"SD"	NA	NA
"ECK120000010"	"cydC"	"-"	926697	928418	1722	"M-P2h"	740	30.8158108859059	12	270	0	1	-Inf	"SD"	10	15.8730158730159
"ECK120000011"	"mepM"	"-"	1938337	1939659	1323	"M-P2h"	305	16.5316051106072	6	102	0	0.955404383975813	-Inf	"SD"	NA	NA
"ECK120000013"	"rodZ"	"-"	2639853	2640866	1014	"M-P2h"	1124	79.4883320171327	14	294	40.8163265306122	1	-5.04963679377219	"SD"	7	19.4444444444444
"ECK120000014"	"garL"	"-"	3270809	3271579	771	"M-P2h"	13	1.20910495756983	2	114	0	0.595330739299611	-Inf	"SD"	11	40.7407407407407
"ECK120000019"	"aceA"	"+"	4215132	4216436	1305	"M-P2h"	39283	2158.58504021068	12	238	33.6134453781513	1	-10.3977983102795	"SD"	111	231.25
"ECK120000020"	"aceB"	"+"	4213501	4215102	1602	"M-P2h"	69563	3113.8007516568	23	740	31.0810810810811	1	-9.40282705455249	"SD"	54	90
"ECK120000021"	"aceE"	"+"	123017	125680	2664	"M-P2h"	6044	162.691649639022	22	328	48.780487804878	1	-5.66792448936932	"SD"	186	186
"ECK120000022"	"aceF"	"+"	125695	127587	1893	"M-P2h"	2060	78.0353951769619	1	75	0	1	-Inf	"SD"	131	198.484848484848
"ECK120000026"	"ada"	"-"	2307363	2308427	1065	"M-P2h"	55	3.70329329907899	2	61	0	0.75868544600939	-Inf	"SD"	NA	NA
"ECK120000029"	"adk"	"+"	496399	497043	645	"M-P2h"	749	83.2716424320175	2	100	0	1	-Inf	"SD"	24	100
"ECK120000031"	"alaS"	"-"	2817403	2820033	2631	"M-P2h"	3314	90.3247324052546	1	78	0	1	-Inf	"SD"	60	62.5
"ECK120000033"	"puuC"	"+"	1360767	1362254	1488	"M-P2h"	910	43.8544318279863	1	67	0	1	-Inf	"SD"	0	0
"ECK120000034"	"alkB"	"-"	2306713	2307363	651	"M-P2h"	43	4.73655401847011	1	100	0	0.940092165898618	-Inf	"SD"	NA	NA
"ECK120000035"	"amn"	"+"	2053085	2054539	1455	"M-P2h"	18492	911.372498171766	5	131	0	1	-Inf	"SD"	16	29.6296296296296
"ECK120000036"	"ampC"	"-"	4375834	4376967	1134	"M-P2h"	27	1.70736249502992	293	687	416.302765647744	0.729276895943563	5.0661738482814	"AD"	1	2.38095238095238
"ECK120000041"	"ansA"	"+"	1848884	1849900	1017	"M-P2h"	286	20.1660160179935	8	150	0	1	-Inf	"SD"	6	16.2162162162162
"ECK120000042"	"ansB"	"-"	3097704	3098750	1047	"M-P2h"	63	4.31488172096387	27	313	47.9233226837061	0.850047755491882	-0.524358512236345	"SD"	11	29.7297297297297
"ECK120000043"	"apaG"	"-"	51229	51606	378	"M-P2h"	292	55.3944276165264	2	121	0	1	-Inf	"SD"	NA	NA
"ECK120000047"	"apt"	"+"	490636	491187	552	"M-P2h"	95	12.341261512988	3	125	0	0.940217391304348	-Inf	"SD"	16	80
"ECK120000048"	"araA"	"-"	66835	68337	1503	"M-P2h"	22	1.04963602488865	5	169	0	0.676646706586826	-Inf	"SD"	NA	NA
"ECK120000051"	"araD"	"-"	65855	66550	696	"M-P2h"	3	0	0	0	0	0.221264367816092	NA	"NO"	NA	NA
"ECK120000052"	"araE"	"-"	2978786	2980204	1419	"M-P2h"	155	7.83293153110979	4	100	0	0.904862579281184	-Inf	"SD"	NA	NA
"ECK120000054"	"araG"	"-"	1981579	1983093	1515	"M-P2h"	35	1.65664875755379	27	241	70.5394190871369	0.707590759075908	1.03726699138993	"AD"	NA	NA
"ECK120000055"	"araH"	"-"	1980578	1981567	990	"M-P2h"	91	6.591453995964	73	406	165.024630541872	1	1.02356435395029	"AD"	NA	NA
"ECK120000058"	"arcB"	"-"	3348711	3351047	2337	"M-P2h"	1163	35.6858487086999	3	162	0	1	-Inf	"SD"	5	5.68181818181818
"ECK120000060"	"argB"	"+"	4154039	4154812	774	"M-P2h"	554	51.3267577963259	0	0	0	1	-Inf	"SD"	10	37.037037037037
"ECK120000063"	"argF"	"-"	288525	289529	1005	"M-P2h"	614	43.8104119620215	0	0	0	1	-Inf	"SD"	9	24.3243243243243
"ECK120000068"	"argT"	"-"	2425031	2425813	783	"M-P2h"	1468	134.443348650785	0	0	0	1	-Inf	"SD"	12	42.8571428571429
"ECK120000069"	"aroA"	"+"	958035	959318	1284	"M-P2h"	1942	108.45741008148	33	362	85.6353591160221	1	-4.12871659918577	"SD"	6	13.0434782608696
"ECK120000070"	"aroB"	"-"	3515420	3516508	1089	"M-P2h"	868	57.1566640209466	0	0	0	1	-Inf	"SD"	14	35.8974358974359
"ECK120000071"	"aroC"	"-"	2444410	2445495	1086	"M-P2h"	823	54.3431786401513	0	0	0	1	-Inf	"SD"	7	17.9487179487179
"ECK120000072"	"aroD"	"+"	1772710	1773468	759	"M-P2h"	294	27.7766957689453	0	0	0	1	-Inf	"SD"	3	11.1111111111111
"ECK120000073"	"aroE"	"-"	3428042	3428860	819	"M-P2h"	464	40.6264716766094	2	78	0	1	-Inf	"SD"	6	20.6896551724138
"ECK120000076"	"aroH"	"+"	1786459	1787505	1047	"M-P2h"	621	42.5324055352153	18	227	39.647577092511	1	-4.56249364112312	"SD"	2	5.12820512820513
"ECK120000077"	"aroK"	"-"	3516565	3517086	522	"M-P2h"	1774	243.701465095191	0	0	0	1	-Inf	"SD"	12	60
"ECK120000078"	"aroL"	"+"	405629	406153	525	"M-P2h"	105	14.3418449582514	121	969	124.871001031992	1	0.754776420886195	"AD"	4	21.0526315789474
"ECK120000079"	"aroM"	"+"	406652	407329	678	"M-P2h"	64	6.76901236967615	0	0	0	1	-Inf	"SD"	NA	NA
"ECK120000088"	"asnB"	"-"	696736	698400	1665	"M-P2h"	1546	66.5840609773471	6	217	0	1	-Inf	"SD"	22	34.9206349206349
"ECK120000090"	"asnS"	"-"	986808	988208	1401	"M-P2h"	2141	109.585617614619	55	815	58.8957055214724	1	-3.5128802505093	"SD"	39	73.5849056603774
"ECK120000094"	"atpA"	"-"	3916339	3917880	1542	"M-P2h"	3503	162.90364101412	15	213	46.9483568075117	1	-6.34787503927543	"SD"	74	134.545454545455
"ECK120000095"	"atpB"	"-"	3919259	3920074	816	"M-P2h"	2239	196.760973416206	64	822	77.8588807785888	1	-3.94222838215686	"SD"	NA	NA
"ECK120000096"	"atpC"	"-"	3913576	3913995	420	"M-P2h"	679	115.929913412532	0	0	0	1	-Inf	"SD"	4	26.6666666666667
"ECK120000097"	"atpD"	"-"	3914016	3915398	1383	"M-P2h"	3476	180.232296004634	10	79	0	1	-Inf	"SD"	118	236
"ECK120000098"	"atpE"	"-"	3918973	3919212	240	"M-P2h"	2402	717.689824785828	1	100	0	1	-Inf	"SD"	NA	NA
"ECK120000099"	"atpF"	"-"	3918441	3918911	471	"M-P2h"	1854	282.269432617813	0	0	0	1	-Inf	"SD"	16	94.1176470588235
"ECK120000100"	"atpG"	"-"	3915425	3916288	864	"M-P2h"	2155	178.858078038378	1	46	0	1	-Inf	"SD"	18	56.25
"ECK120000101"	"atpH"	"-"	3917893	3918426	534	"M-P2h"	1356	182.09308767218	0	0	0	1	-Inf	"SD"	9	47.3684210526316
"ECK120000102"	"atpI"	"-"	3920083	3920463	381	"M-P2h"	265	49.8764949335513	3	91	0	1	-Inf	"SD"	NA	NA
"ECK120000104"	"bcp"	"+"	2598500	2598970	471	"M-P2h"	1771	269.632775170522	14	338	35.5029585798817	1	-6.81181765769373	"SD"	11	61.1111111111111
"ECK120000105"	"betA"	"-"	324801	326471	1671	"M-P2h"	157	6.73749149744303	10	210	38.0952380952381	0.888689407540395	-2.0741396421062	"SD"	NA	NA
"ECK120000106"	"betB"	"-"	326485	327957	1473	"M-P2h"	164	7.98391912136192	8	210	38.0952380952381	1	-2.31902520085799	"SD"	2	3.77358490566038
"ECK120000110"	"bglB"	"-"	3900312	3901724	1413	"M-P2h"	9	0.456746654721381	7	138	43.4782608695652	0.344656758669498	1.39356833833702	"AD"	NA	NA
"ECK120000111"	"bglF"	"-"	3901743	3903620	1878	"M-P2h"	15	0	27	252	59.5238095238095	0.203940362087327	Inf	"AD"	NA	NA
"ECK120000112"	"bglG"	"-"	3903754	3904590	837	"M-P2h"	42	3.59831235511683	2	181	0	0.861409796893668	-Inf	"SD"	NA	NA
"ECK120000115"	"bioC"	"+"	810745	811500	756	"M-P2h"	199	18.8758409172753	1	41	0	1	-Inf	"SD"	NA	NA
"ECK120000117"	"bioF"	"+"	809604	810758	1155	"M-P2h"	401	24.8964494729818	5	255	0	1	-Inf	"SD"	NA	NA
"ECK120000123"	"btuC"	"-"	1792196	1793176	981	"M-P2h"	243	17.7628354987517	1	100	0	1	-Inf	"SD"	NA	NA
"ECK120000124"	"btuD"	"-"	1790833	1791582	750	"M-P2h"	361	34.5160401995249	1	100	0	1	-Inf	"SD"	NA	NA
"ECK120000125"	"btuE"	"-"	1791582	1792133	552	"M-P2h"	506	65.733456058652	0	0	0	1	-Inf	"SD"	5	25
"ECK120000127"	"cadA"	"-"	4354493	4356640	2148	"M-P2h"	17	0.567531108683131	32	428	46.7289719626168	0.318901303538175	2.81722862034668	"AD"	NA	NA
"ECK120000128"	"cadB"	"-"	4356720	4358054	1335	"M-P2h"	1	0	6	207	0	0.0749063670411985	NA	"NO"	NA	NA
"ECK120000129"	"cadC"	"-"	4358419	4359957	1539	"M-P2h"	25	1.16486719933815	6	169	0	0.497076023391813	-Inf	"SD"	NA	NA
"ECK120000130"	"carA"	"+"	29651	30799	1149	"M-P2h"	108	6.74029266967426	5	172	0	0.976501305483029	-Inf	"SD"	3	7.31707317073171
"ECK120000131"	"carB"	"+"	30817	34038	3222	"M-P2h"	597	13.286904779758	4	100	0	0.997206703910615	-Inf	"SD"	25	21.1864406779661
"ECK120000133"	"cdd"	"+"	2229866	2230750	885	"M-P2h"	956	77.4621682490864	1	38	0	1	-Inf	"SD"	62	193.75
"ECK120000135"	"cdsA"	"+"	195677	196534	858	"M-P2h"	456	38.111196392556	2	118	0	1	-Inf	"SD"	NA	NA
"ECK120000136"	"chbB"	"-"	1819323	1819643	321	"M-P2h"	19	4.24447124932672	0	0	0	0.990654205607477	-Inf	"SD"	3	27.2727272727273
"ECK120000137"	"chbC"	"-"	1817880	1819238	1359	"M-P2h"	31	1.63575126455405	8	325	18.4615384615385	0.544518027961737	-0.446918980174081	"SD"	NA	NA
"ECK120000138"	"chbA"	"-"	1817479	1817829	351	"M-P2h"	75	15.3224839297557	0	0	0	1	-Inf	"SD"	NA	NA
"ECK120000139"	"chbR"	"-"	1816629	1817471	843	"M-P2h"	190	16.1622214832014	0	0	0	1	-Inf	"SD"	NA	NA
"ECK120000140"	"chbF"	"-"	1815172	1816524	1353	"M-P2h"	143	7.57902375842551	3	143	0	0.87139689578714	-Inf	"SD"	NA	NA
"ECK120000142"	"cheA"	"-"	1971384	1973348	1965	"M-P2h"	345	12.5901692381596	1	51	0	1	-Inf	"SD"	17	23.943661971831
"ECK120000143"	"cheB"	"-"	1965476	1966525	1050	"M-P2h"	57	3.89278648866822	1	96	0	0.877142857142857	-Inf	"SD"	3	8.10810810810811
"ECK120000144"	"cheR"	"-"	1966528	1967388	861	"M-P2h"	66	5.49687437424268	0	0	0	0.976771196283391	-Inf	"SD"	NA	NA
"ECK120000145"	"cheW"	"-"	1970860	1971363	504	"M-P2h"	298	42.3995019599097	0	0	0	1	-Inf	"SD"	4	22.2222222222222
"ECK120000146"	"cheY"	"-"	1965072	1965461	390	"M-P2h"	164	30.1546483737592	0	0	0	1	-Inf	"SD"	10	71.4285714285714
"ECK120000147"	"cheZ"	"-"	1964417	1965061	645	"M-P2h"	131	14.5641991436506	0	0	0	0.986046511627907	-Inf	"SD"	9	37.5
"ECK120000153"	"clpB"	"-"	2729622	2732195	2574	"M-P2h"	8485	236.384138443595	5	136	0	1	-Inf	"SD"	105	109.375
"ECK120000154"	"clpP"	"+"	455901	456524	624	"M-P2h"	1957	224.89575787899	1	101	0	1	-Inf	"SD"	9	39.1304347826087
"ECK120000155"	"clpX"	"+"	456650	457924	1275	"M-P2h"	3944	221.820535354288	2	100	0	1	-Inf	"SD"	16	34.7826086956522
"ECK120000157"	"cpsB"	"-"	2121108	2122544	1437	"M-P2h"	575	28.6936703235718	1	62	0	0.599164926931106	-Inf	"SD"	NA	NA
"ECK120000158"	"cpsG"	"-"	2119633	2121003	1371	"M-P2h"	634	33.1609398378241	3	159	0	1	-Inf	"SD"	NA	NA
"ECK120000163"	"cstA"	"+"	629117	631222	2106	"M-P2h"	947	32.2453161810637	8	90	0	1	-Inf	"SD"	16	21.3333333333333
"ECK120000164"	"lnt"	"-"	688566	690104	1539	"M-P2h"	403	18.777659253331	27	295	50.8474576271186	0.994152046783626	-2.64598282786699	"SD"	11	19.2982456140351
"ECK120000165"	"cvpA"	"-"	2428297	2428785	489	"M-P2h"	193	28.3024138746678	0	0	0	1	-Inf	"SD"	NA	NA
"ECK120000168"	"cydA"	"+"	770681	772249	1569	"M-P2h"	3168	144.789562867241	5	118	0	1	-Inf	"SD"	27	46.551724137931
"ECK120000169"	"cydB"	"+"	772265	773404	1140	"M-P2h"	2440	153.482902184795	7	183	32.7868852459016	1	-6.99889973395274	"SD"	NA	NA
"ECK120000170"	"cynS"	"+"	358713	359183	471	"M-P2h"	74	11.2664174831274	42	893	47.0324748040314	0.961783439490446	-0.423567604513165	"SD"	NA	NA
"ECK120000173"	"cyoA"	"-"	449887	450834	948	"M-P2h"	1665	125.944999237809	1	45	0	1	-Inf	"SD"	39	111.428571428571
"ECK120000174"	"cyoB"	"-"	447874	449865	1992	"M-P2h"	3050	109.795750809906	11	138	0	1	-Inf	"SD"	5	6.75675675675676
"ECK120000175"	"cyoC"	"-"	447270	447884	615	"M-P2h"	1586	184.928179705582	18	355	45.0704225352113	1	-5.85274936675313	"SD"	NA	NA
"ECK120000176"	"cyoD"	"-"	446941	447270	330	"M-P2h"	600	130.380408711376	16	355	45.0704225352113	1	-5.34851138752582	"SD"	NA	NA
"ECK120000177"	"cyoE"	"-"	446039	446929	891	"M-P2h"	1118	89.9785783576039	4	115	0	1	-Inf	"SD"	NA	NA
"ECK120000178"	"cysA"	"-"	2537739	2538836	1098	"M-P2h"	1089	71.1214442601809	1	70	0	1	-Inf	"SD"	10	24.390243902439
"ECK120000179"	"cysB"	"+"	1331879	1332853	975	"M-P2h"	668	49.1300124723687	8	188	0	1	-Inf	"SD"	14	38.8888888888889
"ECK120000180"	"cysC"	"-"	2871409	2872014	606	"M-P2h"	551	65.2009618151526	9	424	21.2264150943396	1	-5.17882443493165	"SD"	NA	NA
"ECK120000183"	"cysG"	"+"	3495850	3497223	1374	"M-P2h"	451	23.537744090871	5	113	0	1	-Inf	"SD"	2	4
"ECK120000184"	"cysH"	"-"	2885600	2886334	735	"M-P2h"	1809	176.492500200522	0	0	0	1	-Inf	"SD"	4	14.2857142857143
"ECK120000185"	"cysI"	"-"	2886409	2888121	1713	"M-P2h"	3119	130.566883901885	0	0	0	1	-Inf	"SD"	22	34.375
"ECK120000187"	"cysK"	"+"	2530431	2531402	972	"M-P2h"	5634	415.64791406784	24	229	82.9694323144105	1	-6.77321874260132	"SD"	100	294.117647058824
"ECK120000189"	"cysN"	"-"	2872014	2873441	1428	"M-P2h"	1697	85.2174751195817	2	42	0	1	-Inf	"SD"	13	24.5283018867925
"ECK120000190"	"cysP"	"-"	2540534	2541550	1017	"M-P2h"	987	69.5939084257329	5	138	0	1	-Inf	"SD"	29	76.3157894736842
"ECK120000192"	"cysU"	"-"	2539701	2540534	834	"M-P2h"	316	27.170401719469	0	0	0	1	-Inf	"SD"	5	16.6666666666667
"ECK120000193"	"cysW"	"-"	2538826	2539701	876	"M-P2h"	729	59.6758274803952	1	36	0	1	-Inf	"SD"	NA	NA
"ECK120000194"	"cytR"	"-"	4121454	4122479	1026	"M-P2h"	249	17.403115958112	7	129	0	0.855750487329435	-Inf	"SD"	NA	NA
"ECK120000195"	"dacA"	"-"	661975	663186	1212	"M-P2h"	1151	68.1000971408717	1	100	0	1	-Inf	"SD"	19	43.1818181818182
"ECK120000198"	"dam"	"-"	3513099	3513935	837	"M-P2h"	245	20.9901554048481	27	281	46.2633451957295	1	-3.01312931958689	"SD"	NA	NA
"ECK120000200"	"dapB"	"+"	28374	29195	822	"M-P2h"	280	24.4264999288952	0	0	0	1	-Inf	"SD"	6	20.6896551724138
"ECK120000201"	"dapD"	"-"	185123	185947	825	"M-P2h"	2533	220.169050177277	6	265	0	1	-Inf	"SD"	42	140
"ECK120000202"	"dapE"	"+"	2589629	2590756	1128	"M-P2h"	209	13.2865496288765	3	161	0	1	-Inf	"SD"	4	9.75609756097561
"ECK120000203"	"dapF"	"+"	3992785	3993609	825	"M-P2h"	875	76.0552384149693	1	100	0	1	-Inf	"SD"	7	23.3333333333333
"ECK120000205"	"dcm"	"-"	2028923	2030341	1419	"M-P2h"	525	26.5308971215009	6	114	0	1	-Inf	"SD"	NA	NA
"ECK120000208"	"ddlB"	"+"	102233	103153	921	"M-P2h"	813	63.3003254672006	0	0	0	1	-Inf	"SD"	2	6.06060606060606
"ECK120000209"	"deaD"	"-"	3303993	3305882	1890	"M-P2h"	6526	247.605503168117	17	184	65.2173913043478	1	-6.68886516353803	"SD"	13	18.3098591549296
"ECK120000210"	"dedA"	"-"	2432104	2432763	660	"M-P2h"	927	100.718865729538	9	264	22.7272727272727	1	-6.39115572493432	"SD"	NA	NA
"ECK120000211"	"accD"	"-"	2431034	2431948	915	"M-P2h"	1923	150.706928167854	0	0	0	1	-Inf	"SD"	11	33.3333333333333
"ECK120000212"	"dedD"	"-"	2429044	2429706	663	"M-P2h"	420	45.4266582388052	0	0	0	1	-Inf	"SD"	NA	NA
"ECK120000213"	"deoA"	"+"	4616252	4617574	1323	"M-P2h"	726	39.350640361642	5	106	0	1	-Inf	"SD"	55	117.021276595745
"ECK120000214"	"deoB"	"+"	4617626	4618849	1224	"M-P2h"	1515	88.7577414695702	2	70	0	1	-Inf	"SD"	31	70.4545454545455
"ECK120000216"	"deoD"	"+"	4618906	4619625	720	"M-P2h"	447	44.5194770579052	1	100	0	1	-Inf	"SD"	100	384.615384615385
"ECK120000221"	"dicB"	"+"	1647633	1647821	189	"M-P2h"	3	1.13824166335328	0	0	0	0.62962962962963	-Inf	"SD"	NA	NA
"ECK120000224"	"dksA"	"-"	160149	160604	456	"M-P2h"	962	151.281303178046	0	0	0	1	-Inf	"SD"	11	61.1111111111111
"ECK120000226"	"dmsA"	"+"	940182	942626	2445	"M-P2h"	218	6.39370593230837	9	203	0	0.976687116564417	-Inf	"SD"	NA	NA
"ECK120000227"	"dmsB"	"+"	942637	943254	618	"M-P2h"	40	4.64137377289688	2	78	0	0.985436893203884	-Inf	"SD"	NA	NA
"ECK120000231"	"dnaC"	"-"	4598261	4598998	738	"M-P2h"	414	40.2271261024123	2	185	0	0.955284552845528	-Inf	"SD"	0	0
"ECK120000232"	"dnaE"	"+"	205126	208608	3483	"M-P2h"	1398	28.7825139989024	8	186	0	1	-Inf	"SD"	5	3.84615384615385
"ECK120000233"	"dnaG"	"+"	3209129	3210874	1746	"M-P2h"	440	18.0710532120006	12	449	15.5902004454343	0.979954180985109	-3.69018185911338	"SD"	0	0
"ECK120000234"	"dnaJ"	"+"	14168	15298	1131	"M-P2h"	1366	86.6090195091571	1	69	0	1	-Inf	"SD"	7	17.0731707317073
"ECK120000236"	"dnaN"	"-"	3879244	3880344	1101	"M-P2h"	605	39.4042515882928	19	127	94.488188976378	1	-4.03724498915219	"SD"	4	9.75609756097561
"ECK120000238"	"dnaT"	"-"	4599001	4599540	540	"M-P2h"	247	32.8003305989637	8	192	31.25	1	-4.77260404508845	"SD"	NA	NA
"ECK120000239"	"dnaX"	"+"	491316	493247	1932	"M-P2h"	583	21.6389637957053	2	41	0	1	-Inf	"SD"	NA	NA
"ECK120000241"	"acpS"	"-"	2698640	2699020	381	"M-P2h"	168	31.6198156559872	0	0	0	1	-Inf	"SD"	NA	NA
"ECK120000242"	"dppA"	"-"	3704121	3705728	1608	"M-P2h"	4625	206.253211852962	26	126	103.174603174603	1	-6.30976115224678	"SD"	17	28.3333333333333
"ECK120000245"	"dut"	"+"	3811955	3812410	456	"M-P2h"	3113	489.541264857856	0	0	0	1	-Inf	"SD"	5	31.25
"ECK120000246"	"ebgA"	"+"	3220655	3223747	3093	"M-P2h"	17	0.394134116214473	27	183	49.1803278688525	0.278047203362431	2.19123836700548	"AD"	NA	NA
"ECK120000247"	"ebgC"	"+"	3223744	3224193	450	"M-P2h"	3	0	2	95	0	0.2	NA	"NO"	NA	NA
"ECK120000251"	"edd"	"-"	1930817	1932628	1812	"M-P2h"	579	22.9137092462128	2	100	0	0.68046357615894	-Inf	"SD"	NA	NA
"ECK120000253"	"entA"	"+"	627774	628520	747	"M-P2h"	29	2.78389226097248	3	44	0	0.777777777777778	-Inf	"SD"	NA	NA
"ECK120000254"	"entB"	"+"	626917	627774	858	"M-P2h"	15	1.25365777607092	0	0	0	0.833333333333333	-Inf	"SD"	NA	NA
"ECK120000257"	"entE"	"+"	625293	626903	1611	"M-P2h"	5	0	3	144	0	0.227188081936685	NA	"NO"	1	1.69491525423729
"ECK120000258"	"entF"	"+"	613380	617261	3882	"M-P2h"	28	0.517222641461924	8	135	0	0.418083462132921	-Inf	"SD"	0	0
"ECK120000259"	"lpxC"	"+"	106557	107474	918	"M-P2h"	8170	638.196477717394	3	100	0	1	-Inf	"SD"	NA	NA
"ECK120000261"	"acrF"	"+"	3413055	3416159	3105	"M-P2h"	63	1.45496977837333	61	508	98.4251968503937	0.641545893719807	2.78093890810689	"AD"	NA	NA
"ECK120000262"	"envY"	"-"	585370	586131	762	"M-P2h"	9	0.846959347928229	11	178	33.7078651685393	0.628608923884514	0.50266977549641	"AD"	NA	NA
"ECK120000264"	"era"	"-"	2700503	2701408	906	"M-P2h"	443	35.0631198482635	3	188	0	1	-Inf	"SD"	2	5.88235294117647
"ECK120000265"	"exbB"	"-"	3149272	3150006	735	"M-P2h"	56	5.46355998409575	7	215	0	0.904761904761905	-Inf	"SD"	3	11.5384615384615
"ECK120000270"	"accC"	"+"	3403939	3405288	1350	"M-P2h"	1675	88.9725566854482	1	65	0	1	-Inf	"SD"	17	34.6938775510204
"ECK120000271"	"fabH"	"+"	1147982	1148935	954	"M-P2h"	1723	129.512572657584	1	69	0	1	-Inf	"SD"	19	55.8823529411765
"ECK120000276"	"fbaA"	"-"	3068187	3069266	1080	"M-P2h"	9246	613.910641129593	8	133	0	1	-Inf	"SD"	45	115.384615384615
"ECK120000279"	"fdhF"	"-"	4295242	4297389	2148	"M-P2h"	213	7.11083094997099	11	225	26.6666666666667	0.856145251396648	-2.56698375279503	"SD"	NA	NA
"ECK120000280"	"fecA"	"-"	4512376	4514700	2325	"M-P2h"	61	1.88140331710394	2	100	0	0.739354838709677	-Inf	"SD"	4	4.70588235294118
"ECK120000281"	"fecB"	"-"	4511429	4512331	903	"M-P2h"	34	2.70001510841941	6	101	0	0.888150609080842	-Inf	"SD"	8	24.2424242424242
"ECK120000282"	"fecC"	"-"	4510434	4511432	999	"M-P2h"	6	0.430686034782323	1	100	0	0.273273273273273	-Inf	"SD"	NA	NA
"ECK120000283"	"fecD"	"-"	4509481	4510437	957	"M-P2h"	37	2.7724569668511	1	36	0	0.582027168234065	-Inf	"SD"	NA	NA
"ECK120000286"	"fecR"	"-"	4514787	4515740	954	"M-P2h"	20	1.5033380459383	2	91	0	0.579664570230608	-Inf	"SD"	NA	NA
"ECK120000292"	"fepG"	"-"	619419	620411	993	"M-P2h"	0	0	11	154	58.4415584415584	0	Inf	"AD"	NA	NA
"ECK120000296"	"fhuA"	"+"	167484	169727	2244	"M-P2h"	219	6.99836017347827	53	411	58.3941605839416	0.5650623885918	-0.543982509546982	"SD"	NA	NA
"ECK120000298"	"fhuC"	"+"	169778	170575	798	"M-P2h"	32	2.87555788636619	0	0	0	0.974937343358396	-Inf	"SD"	2	6.89655172413793
"ECK120000299"	"fhuD"	"+"	170575	171465	891	"M-P2h"	37	2.97782414958081	0	0	0	0.86307519640853	-Inf	"SD"	NA	NA
"ECK120000301"	"fic"	"-"	3488883	3489485	603	"M-P2h"	60	7.13524624788624	1	58	0	1	-Inf	"SD"	NA	NA
"ECK120000302"	"fimA"	"+"	4541138	4541686	549	"M-P2h"	4257	556.040382397778	1	100	0	1	-Inf	"SD"	NA	NA
"ECK120000304"	"fimC"	"+"	4542327	4543052	726	"M-P2h"	631	62.3257862855138	0	0	0	1	-Inf	"SD"	3	11.1111111111111
"ECK120000305"	"fimD"	"+"	4543119	4545755	2637	"M-P2h"	481	13.0800671689778	11	251	27.8884462151394	0.971937808115283	-3.22387121712363	"SD"	NA	NA
"ECK120000306"	"fimE"	"+"	4540060	4540656	597	"M-P2h"	92	11.0506678070278	4	197	0	0.988274706867672	-Inf	"SD"	NA	NA
"ECK120000307"	"fimF"	"+"	4545765	4546295	531	"M-P2h"	209	28.2245348048449	0	0	0	1	-Inf	"SD"	NA	NA
"ECK120000308"	"fimG"	"+"	4546308	4546811	504	"M-P2h"	167	23.7607947224998	2	100	0	1	-Inf	"SD"	NA	NA
"ECK120000310"	"lpxD"	"+"	200971	201996	1026	"M-P2h"	3243	226.659859647218	7	372	16.1290322580645	1	-7.56135070340335	"SD"	15	41.6666666666667
"ECK120000311"	"fis"	"+"	3409293	3409589	297	"M-P2h"	173	41.7700198279038	1	99	0	1	-Inf	"SD"	NA	NA
"ECK120000312"	"fldA"	"-"	710158	710688	531	"M-P2h"	770	103.985128228376	0	0	0	1	-Inf	"SD"	7	35
"ECK120000313"	"flhC"	"-"	1975290	1975868	579	"M-P2h"	171	21.1783720886095	7	192	0	1	-Inf	"SD"	NA	NA
"ECK120000314"	"flhD"	"-"	1975871	1976221	351	"M-P2h"	150	30.6449678595114	10	165	42.4242424242424	1	-4.45215145940947	"SD"	NA	NA
"ECK120000316"	"fliL"	"+"	2017642	2018106	465	"M-P2h"	13	2.00477402642223	2	100	0	0.795698924731183	-Inf	"SD"	3	17.6470588235294
"ECK120000317"	"fliM"	"+"	2018111	2019115	1005	"M-P2h"	68	4.85196744856264	3	125	0	0.758208955223881	-Inf	"SD"	5	13.1578947368421
"ECK120000318"	"fliN"	"+"	2019112	2019525	414	"M-P2h"	46	7.96769164347297	0	0	0	0.840579710144927	-Inf	"SD"	NA	NA
"ECK120000319"	"fnr"	"-"	1396798	1397550	753	"M-P2h"	2519	239.887831672212	25	300	66.6666666666667	1	-5.90621616845071	"SD"	3	10.7142857142857
"ECK120000321"	"folC"	"-"	2429696	2430964	1269	"M-P2h"	666	37.6346286138511	10	461	19.5227765726681	1	-4.3859919230636	"SD"	13	28.8888888888889
"ECK120000325"	"frdB"	"-"	4377806	4378540	735	"M-P2h"	386	37.6595384618029	0	0	0	1	-Inf	"SD"	8	29.6296296296296
"ECK120000326"	"frdC"	"-"	4377400	4377795	396	"M-P2h"	341	61.7496102369155	0	0	0	1	-Inf	"SD"	NA	NA
"ECK120000327"	"frdD"	"-"	4377030	4377389	360	"M-P2h"	122	24.3014595125926	3	139	0	1	-Inf	"SD"	NA	NA
"ECK120000329"	"frr"	"+"	192872	193429	558	"M-P2h"	3881	498.7517946503	0	0	0	1	-Inf	"SD"	17	80.9523809523809
"ECK120000330"	"fruA"	"-"	2257741	2259432	1692	"M-P2h"	158	6.69625148759963	4	105	0	0.970449172576832	-Inf	"SD"	6	10.3448275862069
"ECK120000331"	"fruK"	"-"	2259449	2260387	939	"M-P2h"	57	4.35295613748843	4	65	0	0.92332268370607	-Inf	"SD"	2	5.88235294117647
"ECK120000332"	"cra"	"+"	88028	89032	1005	"M-P2h"	846	60.3641832571176	1	100	0	1	-Inf	"SD"	9	23.6842105263158
"ECK120000333"	"ftsA"	"+"	103982	105244	1263	"M-P2h"	2581	146.541179086487	0	0	0	1	-Inf	"SD"	4	8.88888888888889
"ECK120000334"	"ftsE"	"-"	3600102	3600770	669	"M-P2h"	542	58.096262835368	1	100	0	1	-Inf	"SD"	6	25
"ECK120000335"	"ftsI"	"+"	91413	93179	1767	"M-P2h"	484	19.6419155625174	3	100	0	0.992076966610074	-Inf	"SD"	NA	NA
"ECK120000336"	"ftsQ"	"+"	103155	103985	831	"M-P2h"	1296	111.83532530622	1	61	0	1	-Inf	"SD"	NA	NA
"ECK120000338"	"ftsW"	"+"	98403	99647	1245	"M-P2h"	372	21.426370781002	6	211	0	1	-Inf	"SD"	NA	NA
"ECK120000339"	"ftsX"	"-"	3599051	3600109	1059	"M-P2h"	477	32.2996224980448	7	253	0	1	-Inf	"SD"	4	10.2564102564103
"ECK120000341"	"ftsZ"	"+"	105305	106456	1152	"M-P2h"	8654	538.69065220793	2	100	0	1	-Inf	"SD"	40	100
"ECK120000343"	"fucI"	"+"	2933606	2935381	1776	"M-P2h"	50	2.01884078804214	3	100	0	0.737612612612613	-Inf	"SD"	9	13.8461538461538
"ECK120000344"	"fucK"	"+"	2935460	2936908	1449	"M-P2h"	279	13.807366264155	7	190	0	0.835748792270531	-Inf	"SD"	NA	NA
"ECK120000348"	"fucU"	"+"	2936910	2937332	423	"M-P2h"	345	58.4862471701739	4	100	0	1	-Inf	"SD"	NA	NA
"ECK120000350"	"fumB"	"-"	4343703	4345349	1647	"M-P2h"	31	1.3497182565446	15	196	0	0.631451123254402	-Inf	"SD"	NA	NA
"ECK120000353"	"fusA"	"-"	3469422	3471536	2115	"M-P2h"	38365	1300.76804213549	10	337	0	1	-Inf	"SD"	344	441.025641025641
"ECK120000354"	"gabT"	"+"	2790757	2792037	1281	"M-P2h"	93	5.20605613238632	1	66	0	0.825136612021858	-Inf	"SD"	NA	NA
"ECK120000355"	"galE"	"-"	790262	791278	1017	"M-P2h"	266	18.7558051076443	5	192	0	1	-Inf	"SD"	12	32.4324324324324
"ECK120000356"	"galK"	"-"	788054	789202	1149	"M-P2h"	923	57.6045382787902	22	378	34.3915343915344	1	-4.46959894813433	"SD"	7	17.0731707317073
"ECK120000358"	"galS"	"-"	2238650	2239690	1041	"M-P2h"	20	1.37769884325181	8	166	36.144578313253	0.508165225744476	-0.199226152142545	"SD"	NA	NA
"ECK120000359"	"galT"	"-"	789206	790252	1047	"M-P2h"	258	17.6704680001378	5	53	0	1	-Inf	"SD"	1	2.5
"ECK120000361"	"epd"	"-"	3070694	3071713	1020	"M-P2h"	1090	76.6304461004606	17	211	52.1327014218009	1	-5.12234227544389	"SD"	2	5.40540540540541
"ECK120000363"	"ispG"	"-"	2638708	2639826	1119	"M-P2h"	1632	104.583963234433	8	166	36.144578313253	1	-6.4454834315497	"SD"	18	43.9024390243902
"ECK120000364"	"gcvH"	"-"	3047182	3047571	390	"M-P2h"	245	45.0481027534818	0	0	0	1	-Inf	"SD"	NA	NA
"ECK120000368"	"mnmG"	"-"	3921767	3923656	1890	"M-P2h"	568	21.5507088261555	9	234	0	0.979365079365079	-Inf	"SD"	5	7.14285714285714
"ECK120000369"	"rsmG"	"-"	3921080	3921703	624	"M-P2h"	96	11.0321884294241	30	622	48.2315112540193	1	-0.878684597526144	"SD"	2	8.69565217391304
"ECK120000370"	"glgA"	"-"	3564623	3566056	1434	"M-P2h"	8250	412.553071497816	2	90	0	1	-Inf	"SD"	NA	NA
"ECK120000371"	"glgB"	"-"	3569339	3571525	2187	"M-P2h"	3539	116.039756075106	7	100	0	1	-Inf	"SD"	NA	NA
"ECK120000372"	"glgC"	"-"	3566056	3567351	1296	"M-P2h"	2861	158.302540222057	5	136	0	1	-Inf	"SD"	2	4.08163265306122
"ECK120000374"	"glgX"	"-"	3567369	3569342	1974	"M-P2h"	1373	49.8767809718316	5	237	0	1	-Inf	"SD"	1	1.35135135135135
"ECK120000375"	"glmS"	"-"	3909862	3911691	1830	"M-P2h"	3327	130.369721792629	36	525	59.0476190476191	1	-4.39419681860034	"SD"	52	77.6119402985075
"ECK120000378"	"glnG"	"-"	4051892	4053301	1410	"M-P2h"	193	9.81551800334224	8	140	0	0.985815602836879	-Inf	"SD"	NA	NA
"ECK120000379"	"glnH"	"-"	846481	847227	747	"M-P2h"	3623	347.794540051838	2	93	0	1	-Inf	"SD"	57	211.111111111111
"ECK120000380"	"glnL"	"-"	4053313	4054362	1050	"M-P2h"	81	5.53185448389695	22	450	31.1111111111111	0.98	-0.982336379549293	"SD"	2	5.12820512820513
"ECK120000381"	"glnP"	"-"	845683	846342	660	"M-P2h"	1377	149.611518996304	2	79	0	1	-Inf	"SD"	NA	NA
"ECK120000382"	"glnQ"	"-"	844964	845686	723	"M-P2h"	1101	109.200354765109	10	138	57.9710144927536	1	-6.09276182788901	"SD"	15	55.5555555555556
"ECK120000383"	"glnS"	"+"	705316	706980	1665	"M-P2h"	2460	105.948764556451	7	156	0	1	-Inf	"SD"	20	31.7460317460317
"ECK120000385"	"glpB"	"+"	2352287	2353546	1260	"M-P2h"	649	36.935941975814	1	48	0	0.998412698412698	-Inf	"SD"	9	20
"ECK120000386"	"glpC"	"+"	2353543	2354733	1191	"M-P2h"	313	18.8454973632774	21	630	20.6349206349206	1	-2.85763634220317	"SD"	2	4.54545454545455
"ECK120000390"	"glpG"	"-"	3558645	3559475	831	"M-P2h"	215	18.5529281950905	0	0	0	0.992779783393502	-Inf	"SD"	1	3.2258064516129
"ECK120000391"	"glpK"	"-"	4113737	4115245	1509	"M-P2h"	132	6.27277513084552	15	207	43.4782608695652	0.94831013916501	-1.80110693866521	"SD"	NA	NA
"ECK120000396"	"gltB"	"+"	3352654	3357207	4554	"M-P2h"	20497	322.754497265347	6	135	0	1	-Inf	"SD"	96	58.8957055214724
"ECK120000397"	"gltD"	"+"	3357220	3358638	1419	"M-P2h"	8207	414.741090811729	18	429	32.6340326340326	1	-7.21064035311705	"SD"	14	26.9230769230769
"ECK120000402"	"glyQ"	"-"	3722430	3723341	912	"M-P2h"	1977	155.448615583678	3	128	0	1	-Inf	"SD"	26	74.2857142857143
"ECK120000404"	"gnd"	"-"	2097886	2099292	1407	"M-P2h"	7661	390.450867893261	11	199	30.1507537688442	1	-8.34596280322678	"SD"	63	123.529411764706
"ECK120000411"	"gshA"	"-"	2812905	2814461	1557	"M-P2h"	1431	65.906166137629	17	206	58.252427184466	1	-4.77930713820223	"SD"	8	13.7931034482759
"ECK120000412"	"gshB"	"+"	3089900	3090850	951	"M-P2h"	898	67.7128116325432	4	101	0	1	-Inf	"SD"	16	44.4444444444444
"ECK120000417"	"gyrB"	"-"	3875728	3878142	2415	"M-P2h"	1980	58.7926563505956	4	100	0	1	-Inf	"SD"	34	37.7777777777778
"ECK120000418"	"hdhA"	"-"	1695297	1696064	768	"M-P2h"	834	77.8717362967554	2	100	0	1	-Inf	"SD"	3	11.1111111111111
"ECK120000423"	"hemD"	"-"	3987111	3987851	741	"M-P2h"	638	61.7415457716893	7	112	0	1	-Inf	"SD"	NA	NA
"ECK120000426"	"hemX"	"-"	3985908	3987089	1182	"M-P2h"	658	39.919348487857	5	135	0	1	-Inf	"SD"	7	16.2790697674419
"ECK120000427"	"hemY"	"-"	3984709	3985905	1197	"M-P2h"	338	20.2487201164952	6350	655	9688.54961832061	1	5.9699448953032	"AD"	4	8.88888888888889
"ECK120000428"	"hflC"	"+"	4401323	4402327	1005	"M-P2h"	2363	168.605868837552	7	199	0	1	-Inf	"SD"	13	34.2105263157895
"ECK120000429"	"hflK"	"+"	4400061	4401320	1260	"M-P2h"	2104	119.743022984765	4	99	0	1	-Inf	"SD"	21	45.6521739130435
"ECK120000430"	"hflX"	"+"	4398695	4399975	1281	"M-P2h"	2017	112.909841064766	0	0	0	1	-Inf	"SD"	8	16.6666666666667
"ECK120000431"	"hfq"	"+"	4398311	4398619	309	"M-P2h"	780	181.013577142978	2	67	0	1	-Inf	"SD"	41	372.727272727273
"ECK120000432"	"hha"	"-"	479314	479532	219	"M-P2h"	245	80.2226487390772	1	100	0	1	-Inf	"SD"	NA	NA
"ECK120000433"	"ihfA"	"-"	1793277	1793576	300	"M-P2h"	2257	539.492401179555	0	0	0	1	-Inf	"SD"	5	45.4545454545455
"ECK120000434"	"ihfB"	"+"	963051	963335	285	"M-P2h"	5878	1478.97130990529	0	0	0	1	-Inf	"SD"	2	18.1818181818182
"ECK120000435"	"hipB"	"-"	1590200	1590466	267	"M-P2h"	44	11.8172505273981	4	171	0	1	-Inf	"SD"	NA	NA
"ECK120000436"	"hipA"	"-"	1588878	1590200	1323	"M-P2h"	125	6.77524799615049	4	100	0	0.950869236583522	-Inf	"SD"	NA	NA
"ECK120000437"	"hisA"	"+"	2093149	2093886	738	"M-P2h"	795	77.2477421531831	0	0	0	1	-Inf	"SD"	6	23.0769230769231
"ECK120000438"	"hisB"	"+"	2091492	2092559	1068	"M-P2h"	1859	124.819708695643	4	37	0	1	-Inf	"SD"	14	35
"ECK120000439"	"hisC"	"+"	2090422	2091492	1071	"M-P2h"	1162	77.8021654597949	0	0	0	1	-Inf	"SD"	10	25.6410256410256
"ECK120000440"	"hisD"	"+"	2089121	2090425	1305	"M-P2h"	925	50.8283777256034	1	45	0	1	-Inf	"SD"	4	8.69565217391304
"ECK120000441"	"hisF"	"+"	2093868	2094644	777	"M-P2h"	884	81.5842403030514	3	157	0	1	-Inf	"SD"	9	32.1428571428571
"ECK120000442"	"hisG"	"+"	2088216	2089115	900	"M-P2h"	566	45.097134702057	2	141	0	1	-Inf	"SD"	9	27.2727272727273
"ECK120000443"	"hisH"	"+"	2092559	2093149	591	"M-P2h"	581	70.4958707338751	0	0	0	1	-Inf	"SD"	6	27.2727272727273
"ECK120000445"	"hisP"	"-"	2421758	2422531	774	"M-P2h"	399	36.9663833226246	0	0	0	0.976744186046512	-Inf	"SD"	5	17.2413793103448
"ECK120000446"	"hisS"	"-"	2637323	2638597	1275	"M-P2h"	2957	166.309158986468	2	199	0	1	-Inf	"SD"	12	25.531914893617
"ECK120000447"	"truA"	"-"	2432846	2433658	813	"M-P2h"	1919	169.261995540494	1	100	0	1	-Inf	"SD"	5	16.6666666666667
"ECK120000448"	"hlpA"	"+"	200482	200967	486	"M-P2h"	2098	309.55957533345	3	129	0	1	-Inf	"SD"	23	127.777777777778
"ECK120000451"	"hsdM"	"-"	4579482	4581071	1590	"M-P2h"	293	13.2143414237976	7	156	0	0.993081761006289	-Inf	"SD"	8	13.5593220338983
"ECK120000453"	"hsdS"	"-"	4578091	4579485	1395	"M-P2h"	91	4.67780606165187	3	100	0	1	-Inf	"SD"	3	5.88235294117647
"ECK120000454"	"htpG"	"+"	494344	496218	1875	"M-P2h"	2964	113.357942550019	1	100	0	1	-Inf	"SD"	84	118.30985915493
"ECK120000456"	"degP"	"+"	180884	182308	1425	"M-P2h"	1172	58.9776922493705	6	178	0	1	-Inf	"SD"	29	59.1836734693878
"ECK120000459"	"hupA"	"+"	4198304	4198576	273	"M-P2h"	6831	1794.30664669991	2	135	0	1	-Inf	"SD"	12	120
"ECK120000460"	"hupB"	"+"	460675	460947	273	"M-P2h"	5297	1391.36909787285	1	48	0	1	-Inf	"SD"	23	255.555555555556
"ECK120000462"	"hyaB"	"+"	1032477	1034270	1794	"M-P2h"	21	0.839405641369226	4	100	0	0.547380156075808	-Inf	"SD"	NA	NA
"ECK120000463"	"hyaC"	"+"	1034289	1034996	708	"M-P2h"	9	0.911557942261738	3	104	0	0.531073446327684	-Inf	"SD"	NA	NA
"ECK120000464"	"hyaD"	"+"	1034993	1035580	588	"M-P2h"	37	4.51231516543622	0	0	0	0.928571428571429	-Inf	"SD"	NA	NA
"ECK120000465"	"hyaE"	"+"	1035577	1035975	399	"M-P2h"	23	4.13361446165139	0	0	0	1	-Inf	"SD"	NA	NA
"ECK120000466"	"hyaF"	"+"	1035972	1036829	858	"M-P2h"	32	2.67446992228463	1	100	0	0.559440559440559	-Inf	"SD"	NA	NA
"ECK120000468"	"hycB"	"-"	2847260	2847871	612	"M-P2h"	2	0	1	79	0	0.147058823529412	NA	"NO"	NA	NA
"ECK120000469"	"hycC"	"-"	2845437	2847263	1827	"M-P2h"	6	0	1	45	0	0.170771756978654	NA	"NO"	NA	NA
"ECK120000470"	"hycD"	"-"	2844511	2845434	924	"M-P2h"	5	0	2	100	0	0.142857142857143	NA	"NO"	NA	NA
"ECK120000471"	"hycE"	"-"	2842784	2844493	1710	"M-P2h"	34	1.4257974519899	4	76	0	0.630994152046784	-Inf	"SD"	NA	NA
"ECK120000472"	"hycF"	"-"	2842232	2842774	543	"M-P2h"	7	0.924428312226146	1	36	0	0.548802946593002	-Inf	"SD"	NA	NA
"ECK120000473"	"hycG"	"-"	2841465	2842232	768	"M-P2h"	39	3.64148407143101	4	109	0	0.727864583333333	-Inf	"SD"	NA	NA
"ECK120000474"	"hycH"	"-"	2841058	2841468	411	"M-P2h"	81	14.1324749588608	3	65	0	1	-Inf	"SD"	NA	NA
"ECK120000477"	"hypB"	"+"	2849023	2849895	873	"M-P2h"	40	3.28564603854556	5	118	0	0.893470790378007	-Inf	"SD"	NA	NA
"ECK120000478"	"hypC"	"+"	2849886	2850158	273	"M-P2h"	14	3.67739614314137	0	0	0	1	-Inf	"SD"	NA	NA
"ECK120000479"	"hypD"	"+"	2850158	2851279	1122	"M-P2h"	46	2.93995039251142	6	130	0	0.878787878787879	-Inf	"SD"	NA	NA
"ECK120000480"	"hypE"	"+"	2851318	2852286	969	"M-P2h"	48	3.55215974198176	9	128	0	0.81733746130031	-Inf	"SD"	NA	NA
"ECK120000485"	"ileS"	"+"	22391	25207	2817	"M-P2h"	7311	186.107966790514	9	199	0	1	-Inf	"SD"	76	73.0769230769231
"ECK120000487"	"ilvB"	"-"	3849119	3850807	1689	"M-P2h"	291	12.3548753192751	6	119	0	1	-Inf	"SD"	11	18.3333333333333
"ECK120000489"	"ilvD"	"+"	3951501	3953351	1851	"M-P2h"	867	33.5882754694865	2	189	0	1	-Inf	"SD"	13	19.6969696969697
"ECK120000490"	"ilvE"	"+"	3950507	3951436	930	"M-P2h"	229	17.6574327711804	3	43	0	1	-Inf	"SD"	7	20.5882352941176
"ECK120000491"	"ilvG_2"	"+"	3949646	3950227	582	"M-P2h"	209	25.7512508271008	5	194	0	1	-Inf	"SD"	NA	NA
"ECK120000492"	"ilvH"	"+"	87357	87848	492	"M-P2h"	627	91.3855364717845	2	57	0	1	-Inf	"SD"	5	27.7777777777778
"ECK120000493"	"ilvI"	"+"	85630	87354	1725	"M-P2h"	1966	81.7277309794845	3	45	0	1	-Inf	"SD"	6	9.52380952380952
"ECK120000494"	"ilvM"	"+"	3950224	3950487	264	"M-P2h"	22	5.97576873260473	0	0	0	0.965909090909091	-Inf	"SD"	NA	NA
"ECK120000495"	"ilvN"	"-"	3848825	3849115	291	"M-P2h"	53	13.0604430032186	2	76	0	1	-Inf	"SD"	2	18.1818181818182
"ECK120000497"	"infA"	"-"	925448	925666	219	"M-P2h"	574	187.950205617267	0	0	0	1	-Inf	"SD"	1	12.5
"ECK120000498"	"infB"	"-"	3311364	3314036	2673	"M-P2h"	3947	105.887134399959	5	156	0	1	-Inf	"SD"	84	86.5979381443299
"ECK120000499"	"infC"	"-"	1798120	1798662	543	"M-P2h"	9803	1294.59582067899	5	230	0	1	-Inf	"SD"	32	152.380952380952
"ECK120000501"	"ispA"	"-"	439426	440325	900	"M-P2h"	851	67.805055885955	12	163	49.079754601227	1	-5.40524904174468	"SD"	6	18.75
"ECK120000504"	"katG"	"+"	4131858	4134038	2181	"M-P2h"	9294	305.577962040321	2	100	0	1	-Inf	"SD"	90	112.5
"ECK120000505"	"kbl"	"-"	3789378	3790574	1197	"M-P2h"	172	10.3040824261455	1	45	0	1	-Inf	"SD"	22	51.1627906976744
"ECK120000506"	"kdpA"	"-"	726282	727955	1674	"M-P2h"	5	0	0	0	0	0.238351254480287	NA	"NO"	NA	NA
"ECK120000507"	"kdpB"	"-"	724211	726259	2049	"M-P2h"	27	0.944923899152724	3	100	0	0.601268911664226	-Inf	"SD"	NA	NA
"ECK120000508"	"kdpC"	"-"	723630	724202	573	"M-P2h"	83	10.3872001006532	1	49	0	0.897033158813264	-Inf	"SD"	NA	NA
"ECK120000509"	"kdpD"	"-"	720953	723637	2685	"M-P2h"	395	10.5494017849335	3	73	0	0.904655493482309	-Inf	"SD"	5	5.05050505050505
"ECK120000512"	"kdsB"	"+"	970075	970821	747	"M-P2h"	642	61.6296148808391	7	322	18.6335403726708	1	-5.68251746488767	"SD"	6	21.4285714285714
"ECK120000514"	"kefC"	"+"	47769	49631	1863	"M-P2h"	270	10.3926412740952	7	220	0	0.949543746645196	-Inf	"SD"	NA	NA
"ECK120000516"	"rsmA"	"-"	51609	52430	822	"M-P2h"	964	84.0969497551965	23	382	44.5026178010471	1	-4.6284468225737	"SD"	5	16.6666666666667
"ECK120000518"	"lacI"	"-"	365652	366734	1083	"M-P2h"	127	8.40911500322217	30	327	91.743119266055	1	-0.486991474831078	"SD"	NA	NA
"ECK120000519"	"lacY"	"-"	361150	362403	1254	"M-P2h"	9	0.514659508071221	7	217	0	0.467304625199362	-Inf	"SD"	NA	NA
"ECK120000520"	"lacZ"	"-"	362455	365529	3075	"M-P2h"	96	2.23872701787338	4	100	0	0.410081300813008	-Inf	"SD"	1	0.862068965517241
"ECK120000521"	"lamB"	"+"	4245994	4247334	1341	"M-P2h"	42	2.24592650352929	21	218	64.2201834862385	0.639075316927666	0.318116109907563	"AD"	7	14
"ECK120000522"	"lepA"	"-"	2703347	2705146	1800	"M-P2h"	1036	41.27264271319	65	370	172.972972972973	1	-1.68904200774527	"SD"	21	31.3432835820896
"ECK120000523"	"lepB"	"-"	2702357	2703331	975	"M-P2h"	543	39.9365221145153	4	107	0	1	-Inf	"SD"	NA	NA
"ECK120000526"	"lexA"	"+"	4255138	4255746	609	"M-P2h"	666	78.4209256337882	0	0	0	1	-Inf	"SD"	5	22.7272727272727
"ECK120000527"	"ligA"	"-"	2526183	2528198	2016	"M-P2h"	328	11.6669770493711	8	110	0	0.958333333333333	-Inf	"SD"	6	8.10810810810811
"ECK120000529"	"livF"	"-"	3590747	3591460	714	"M-P2h"	507	50.9195755870689	1	94	0	1	-Inf	"SD"	4	15.3846153846154
"ECK120000530"	"livG"	"-"	3591462	3592229	768	"M-P2h"	1510	140.990793534893	1	94	0	1	-Inf	"SD"	2	7.14285714285714
"ECK120000531"	"livH"	"-"	3593500	3594426	927	"M-P2h"	1039	80.3731225006643	0	0	0	1	-Inf	"SD"	NA	NA
"ECK120000534"	"livM"	"-"	3592226	3593503	1278	"M-P2h"	1475	82.7629941839622	0	0	0	1	-Inf	"SD"	2	4.34782608695652
"ECK120000535"	"lon"	"+"	458112	460466	2355	"M-P2h"	3082	93.846212656753	3	100	0	1	-Inf	"SD"	52	59.7701149425287
"ECK120000538"	"lpxA"	"+"	202560	203348	789	"M-P2h"	1647	149.689598518631	5	190	0	1	-Inf	"SD"	4	14.2857142857143
"ECK120000539"	"lpxB"	"+"	203348	204496	1149	"M-P2h"	550	34.3255645214893	2	95	0	1	-Inf	"SD"	2	4.76190476190476
"ECK120000541"	"lspA"	"+"	25207	25701	495	"M-P2h"	494	71.5643576704663	4	199	0	1	-Inf	"SD"	1	5.55555555555556
"ECK120000543"	"lysC"	"-"	4229907	4231256	1350	"M-P2h"	690	36.6513815599757	0	0	0	1	-Inf	"SD"	3	6.12244897959184
"ECK120000548"	"malF"	"-"	4241554	4243098	1545	"M-P2h"	20	0.928274754579375	11	249	36.144578313253	0.640129449838188	0.955373118070931	"AD"	7	12.280701754386
"ECK120000549"	"malG"	"-"	4240649	4241539	891	"M-P2h"	7	0.56337213640718	1	80	0	0.474747474747475	-Inf	"SD"	NA	NA
"ECK120000552"	"malM"	"+"	4247577	4248497	921	"M-P2h"	12	0.934322147117352	38	690	47.8260869565217	0.572204125950054	2.82047405345288	"AD"	8	25
"ECK120000557"	"malY"	"+"	1698981	1700153	1173	"M-P2h"	240	14.6719641516638	10	253	31.6205533596838	0.942881500426258	-3.19691820885577	"SD"	1	2.27272727272727
"ECK120000561"	"manY"	"+"	1901106	1901906	801	"M-P2h"	1636	146.462286839571	36	444	74.3243243243243	1	-4.47191939245035	"SD"	10	35.7142857142857
"ECK120000562"	"manZ"	"+"	1901919	1902770	852	"M-P2h"	1850	155.706650074912	46	444	74.3243243243243	1	-4.56022072709514	"SD"	16	51.6129032258064
"ECK120000564"	"mazE"	"-"	2909113	2909361	249	"M-P2h"	272	78.332968446674	2	102	0	1	-Inf	"SD"	NA	NA
"ECK120000565"	"mazG"	"-"	2907916	2908707	792	"M-P2h"	270	24.446326633383	2	98	0	0.933080808080808	-Inf	"SD"	NA	NA
"ECK120000566"	"mcrA"	"+"	1209569	1210402	834	"M-P2h"	190	16.3366339452503	1	100	0	1	-Inf	"SD"	NA	NA
"ECK120000567"	"mcrB"	"-"	4575981	4577360	1380	"M-P2h"	107	5.56006308164092	5	100	0	0.980434782608696	-Inf	"SD"	NA	NA
"ECK120000572"	"menD"	"-"	2375611	2377281	1671	"M-P2h"	216	9.26941505380698	0	0	0	0.997606223818073	-Inf	"SD"	1	1.63934426229508
"ECK120000573"	"mepA"	"-"	2443582	2444406	825	"M-P2h"	421	36.5934347116595	2	60	0	1	-Inf	"SD"	NA	NA
"ECK120000578"	"metF"	"+"	4130639	4131529	891	"M-P2h"	250	20.1204334431136	5	74	0	1	-Inf	"SD"	46	139.393939393939
"ECK120000583"	"metL"	"+"	4127858	4130290	2433	"M-P2h"	259	7.63365771513995	3	161	0	0.965063707357172	-Inf	"SD"	15	16.8539325842697
"ECK120000585"	"mglA"	"-"	2235791	2237311	1521	"M-P2h"	86	4.05456497833536	6	266	22.5563909774436	0.982248520710059	-1.7565127275322	"SD"	11	19.6428571428571
"ECK120000586"	"mglB"	"-"	2237372	2238370	999	"M-P2h"	163	11.7003039449198	1	53	0	1	-Inf	"SD"	57	158.333333333333
"ECK120000588"	"miaA"	"+"	4397275	4398225	951	"M-P2h"	1309	98.703864618039	0	0	0	1	-Inf	"SD"	2	5.71428571428571
"ECK120000590"	"minD"	"-"	1223772	1224584	813	"M-P2h"	3884	342.581339593163	7	246	28.4552845528455	1	-7.93487593256232	"SD"	22	73.3333333333333
"ECK120000592"	"groL"	"+"	4369048	4370694	1647	"M-P2h"	10041	437.178097224656	1	43	0	1	-Inf	"SD"	267	468.421052631579
"ECK120000594"	"motA"	"-"	1974276	1975163	888	"M-P2h"	118	9.52892851955889	1	68	0	1	-Inf	"SD"	5	15.625
"ECK120000595"	"motB"	"-"	1973353	1974279	927	"M-P2h"	98	7.58091049573157	6	177	0	0.997842502696872	-Inf	"SD"	1	2.94117647058824
"ECK120000596"	"mprA"	"+"	2808792	2809322	531	"M-P2h"	431	58.2046626836754	10	309	29.126213592233	1	-5.01506591811839	"SD"	6	28.5714285714286
"ECK120000597"	"mraY"	"+"	96002	97084	1083	"M-P2h"	560	37.0795622189324	3	166	0	1	-Inf	"SD"	NA	NA
"ECK120000598"	"mrcB"	"+"	164730	167264	2535	"M-P2h"	1452	41.0736861526252	8	164	0	1	-Inf	"SD"	11	11.7021276595745
"ECK120000599"	"mrdA"	"-"	665539	667440	1902	"M-P2h"	265	9.99103289678393	3	50	0	0.965825446898002	-Inf	"SD"	2	2.8169014084507
"ECK120000600"	"mrdB"	"-"	664424	665536	1113	"M-P2h"	300	19.3286320192067	1	74	0	0.978436657681941	-Inf	"SD"	NA	NA
"ECK120000601"	"mreB"	"-"	3398066	3399109	1044	"M-P2h"	895	61.4748622492096	4	102	0	1	-Inf	"SD"	15	40.5405405405405
"ECK120000602"	"mreC"	"-"	3396897	3398000	1104	"M-P2h"	447	29.0344415595034	1	100	0	0.995471014492754	-Inf	"SD"	3	7.5
"ECK120000603"	"mreD"	"-"	3396409	3396897	489	"M-P2h"	142	20.8235376694447	1	100	0	0.993865030674847	-Inf	"SD"	NA	NA
"ECK120000606"	"msbA"	"+"	965844	967592	1749	"M-P2h"	716	29.3560920243224	15	217	32.258064516129	1	-4.39016119256076	"SD"	7	10.9375
"ECK120000609"	"mtlD"	"+"	3772447	3773595	1149	"M-P2h"	532	33.2021824098769	0	0	0	1	-Inf	"SD"	10	24.390243902439
"ECK120000611"	"mukB"	"+"	975549	980009	4461	"M-P2h"	2908	46.7452198370264	24	338	35.5029585798817	1	-4.28371253170062	"SD"	38	22.3529411764706
"ECK120000612"	"murC"	"+"	100765	102240	1476	"M-P2h"	527	25.6034969275016	1	100	0	0.98780487804878	-Inf	"SD"	6	11.1111111111111
"ECK120000613"	"murD"	"+"	97087	98403	1317	"M-P2h"	712	38.7676294999049	1	100	0	1	-Inf	"SD"	2	4.25531914893617
"ECK120000614"	"murE"	"+"	93166	94653	1488	"M-P2h"	498	23.9994582970738	2	111	0	1	-Inf	"SD"	7	13.2075471698113
"ECK120000615"	"murF"	"+"	94650	96008	1359	"M-P2h"	677	35.7226969710676	6	81	0	1	-Inf	"SD"	1	2.12765957446809
"ECK120000616"	"murG"	"+"	99644	100711	1068	"M-P2h"	265	17.7930192600028	0	0	0	1	-Inf	"SD"	3	7.89473684210526
"ECK120000622"	"emrE"	"+"	567538	567870	333	"M-P2h"	25	5.38357543477904	0	0	0	0.75975975975976	-Inf	"SD"	NA	NA
"ECK120000623"	"nadA"	"+"	781308	782351	1044	"M-P2h"	179	12.2949724498419	16	279	46.594982078853	1	-2.24148497382903	"SD"	NA	NA
"ECK120000625"	"nagA"	"-"	700826	701974	1149	"M-P2h"	1106	69.0255897468494	6	235	0	1	-Inf	"SD"	4	9.75609756097561
"ECK120000627"	"umpH"	"-"	698797	699549	753	"M-P2h"	535	50.9487852102555	7	190	0	1	-Inf	"SD"	9	33.3333333333333
"ECK120000629"	"nagC"	"-"	699597	700817	1221	"M-P2h"	765	44.9283840829741	4	100	0	1	-Inf	"SD"	4	8.88888888888889
"ECK120000630"	"nanA"	"-"	3370705	3371598	894	"M-P2h"	22	1.7646565384873	1	70	0	0.672259507829978	-Inf	"SD"	17	51.5151515151515
"ECK120000631"	"narG"	"+"	1279087	1282830	3744	"M-P2h"	191	3.65824303822918	9	287	0	0.901175213675214	-Inf	"SD"	24	17.1428571428571
"ECK120000632"	"narH"	"+"	1282827	1284365	1539	"M-P2h"	120	5.59136255682314	6	216	0	0.983105912930474	-Inf	"SD"	7	12.0689655172414
"ECK120000633"	"narI"	"+"	1285072	1285749	678	"M-P2h"	88	9.30739200830471	0	0	0	0.892330383480826	-Inf	"SD"	NA	NA
"ECK120000634"	"narJ"	"+"	1284362	1285072	711	"M-P2h"	42	4.23598796235272	7	216	0	0.926863572433193	-Inf	"SD"	NA	NA
"ECK120000637"	"narV"	"-"	1533961	1534641	681	"M-P2h"	38	4.00139580333004	6	128	0	0.883994126284875	-Inf	"SD"	NA	NA
"ECK120000638"	"narW"	"-"	1534638	1535333	696	"M-P2h"	27	2.78182337552289	4	128	0	0.811781609195402	-Inf	"SD"	NA	NA
"ECK120000640"	"narY"	"-"	1535333	1536877	1545	"M-P2h"	132	6.12661338022388	1	100	0	0.93915857605178	-Inf	"SD"	NA	NA
"ECK120000641"	"narZ"	"-"	1536874	1540614	3741	"M-P2h"	252	4.83045299315603	21	434	25.3456221198157	0.977813418871959	-1.13465496558755	"SD"	NA	NA
"ECK120000642"	"ndh"	"+"	1165308	1166612	1305	"M-P2h"	810	44.5091740083663	8	68	0	1	-Inf	"SD"	17	36.1702127659574
"ECK120000643"	"ndk"	"-"	2642455	2642886	432	"M-P2h"	330	54.7778800488767	1	53	0	1	-Inf	"SD"	10	66.6666666666667
"ECK120000644"	"nfo"	"+"	2248862	2249719	858	"M-P2h"	484	40.4513575745551	1	100	0	1	-Inf	"SD"	4	12.9032258064516
"ECK120000645"	"nhaA"	"+"	17489	18655	1167	"M-P2h"	208	12.7810786260338	1	67	0	0.868894601542416	-Inf	"SD"	NA	NA
"ECK120000646"	"nirB"	"+"	3492033	3494576	2544	"M-P2h"	149	4.19995066584012	18	234	38.4615384615385	0.958333333333333	-1.22237547501125	"SD"	NA	NA
"ECK120000647"	"nirC"	"+"	3495025	3495831	807	"M-P2h"	117	10.3965047095131	2	100	0	0.627013630731103	-Inf	"SD"	NA	NA
"ECK120000648"	"nirD"	"+"	3494573	3494899	327	"M-P2h"	2	0	11	100	60	0.214067278287462	Inf	"AD"	NA	NA
"ECK120000651"	"bamC"	"-"	2595853	2596887	1035	"M-P2h"	3126	216.582644152144	0	0	0	1	-Inf	"SD"	9	24.3243243243243
"ECK120000654"	"nrdB"	"+"	2345406	2346536	1131	"M-P2h"	685	43.4313165181352	1	100	0	1	-Inf	"SD"	9	20.4545454545455
"ECK120000655"	"nth"	"+"	1709547	1710182	636	"M-P2h"	75	8.45627650840292	5	160	0	1	-Inf	"SD"	2	8.33333333333333
"ECK120000658"	"nusA"	"-"	3314061	3315548	1488	"M-P2h"	1403	67.6129317084229	10	173	0	1	-Inf	"SD"	26	47.2727272727273
"ECK120000659"	"nusB"	"+"	434361	434780	420	"M-P2h"	907	154.857778299214	0	0	0	1	-Inf	"SD"	3	18.75
"ECK120000660"	"nusG"	"+"	4175766	4176311	546	"M-P2h"	863	113.342602554679	7	118	0	1	-Inf	"SD"	18	85.7142857142857
"ECK120000661"	"ogt"	"-"	1397745	1398260	516	"M-P2h"	150	20.8457048811793	11	151	66.2251655629139	1	-3.38167825146102	"SD"	NA	NA
"ECK120000664"	"ompF"	"-"	985117	986205	1089	"M-P2h"	29295	1929.03741070695	18	400	30	1	-9.65063100133301	"SD"	32	82.0512820512821
"ECK120000667"	"oppA"	"+"	1299206	1300837	1632	"M-P2h"	88460	3886.88604475158	8	189	0	1	-Inf	"SD"	78	127.868852459016
"ECK120000668"	"oppB"	"+"	1300923	1301843	921	"M-P2h"	6734	524.310444890687	6	186	0	1	-Inf	"SD"	7	21.2121212121212
"ECK120000669"	"oppC"	"+"	1301858	1302766	909	"M-P2h"	7362	580.773721576713	5	62	0	1	-Inf	"SD"	1	3.03030303030303
"ECK120000670"	"oppD"	"+"	1302778	1303791	1014	"M-P2h"	12965	916.873865304382	1	35	0	1	-Inf	"SD"	8	21.6216216216216
"ECK120000675"	"pabA"	"-"	3488288	3488851	564	"M-P2h"	16	2.03430424939735	0	0	0	0.631205673758865	-Inf	"SD"	NA	NA
"ECK120000677"	"pal"	"+"	778290	778811	522	"M-P2h"	7836	1076.46261583197	2	46	0	1	-Inf	"SD"	5	26.3157894736842
"ECK120000678"	"panF"	"+"	3405629	3407080	1452	"M-P2h"	122	6.02515525105601	51	398	118.090452261307	0.803719008264463	0.641662340834744	"AD"	NA	NA
"ECK120000679"	"parC"	"-"	3161737	3163995	2259	"M-P2h"	653	20.728695789593	2	97	0	1	-Inf	"SD"	14	16.6666666666667
"ECK120000682"	"pcm"	"-"	2866915	2867541	627	"M-P2h"	241	27.5628758767031	0	0	0	1	-Inf	"SD"	2	8.69565217391304
"ECK120000683"	"pcnB"	"-"	157729	159126	1398	"M-P2h"	376	19.286601231411	14	349	0	1	-Inf	"SD"	3	5.55555555555556
"ECK120000684"	"pdxA"	"-"	52427	53416	990	"M-P2h"	336	24.3376762927902	3	179	0	1	-Inf	"SD"	1	2.85714285714286
"ECK120000685"	"pdxJ"	"-"	2699020	2699751	732	"M-P2h"	617	60.4434312789691	1	58	0	1	-Inf	"SD"	5	19.2307692307692
"ECK120000689"	"pepP"	"-"	3051537	3052862	1326	"M-P2h"	1214	65.6523370260827	1	56	0	1	-Inf	"SD"	6	12
"ECK120000691"	"pfkA"	"+"	4105575	4106537	963	"M-P2h"	2061	153.471144646708	6	218	0	1	-Inf	"SD"	22	62.8571428571429
"ECK120000693"	"pflB"	"-"	950495	952777	2283	"M-P2h"	44236	1389.4565343259	21	312	32.0512820512821	1	-9.44030498879877	"SD"	68	80
"ECK120000695"	"pgk"	"-"	3069481	3070644	1164	"M-P2h"	8598	529.687211989025	42	471	59.447983014862	1	-6.56357004129317	"SD"	215	524.390243902439
"ECK120000698"	"pgsA"	"-"	1990293	1990841	549	"M-P2h"	341	44.5407024659719	1	79	0	1	-Inf	"SD"	1	4.76190476190476
"ECK120000701"	"pheS"	"-"	1795983	1796966	984	"M-P2h"	553	40.3000013308587	3	45	0	1	-Inf	"SD"	18	48.6486486486486
"ECK120000702"	"pheT"	"-"	1793581	1795968	2388	"M-P2h"	2750	82.5797186666483	3	46	0	1	-Inf	"SD"	40	45.9770114942529
"ECK120000704"	"yjdN"	"-"	4323321	4323764	444	"M-P2h"	37	5.97576873260473	6	168	0	1	-Inf	"SD"	NA	NA
"ECK120000705"	"phnC"	"-"	4322400	4323188	789	"M-P2h"	13945	1267.408288611	0	0	0	1	-Inf	"SD"	NA	NA
"ECK120000706"	"phnD"	"-"	4321359	4322375	1017	"M-P2h"	58096	4096.38065238235	0	0	0	1	-Inf	"SD"	15	40.5405405405405
"ECK120000707"	"phnF"	"-"	4319720	4320445	726	"M-P2h"	2332	230.338722056764	0	0	0	1	-Inf	"SD"	5	17.8571428571429
"ECK120000708"	"phnG"	"-"	4319267	4319719	453	"M-P2h"	2106	333.376660950081	0	0	0	1	-Inf	"SD"	NA	NA
"ECK120000709"	"phnH"	"-"	4318686	4319270	585	"M-P2h"	2192	268.695078192196	0	0	0	1	-Inf	"SD"	NA	NA
"ECK120000710"	"phnI"	"-"	4317622	4318686	1065	"M-P2h"	1440	96.9589518304317	1	59	0	1	-Inf	"SD"	NA	NA
"ECK120000711"	"phnJ"	"-"	4316784	4317629	846	"M-P2h"	956	81.0331192676613	1	100	0	1	-Inf	"SD"	NA	NA
"ECK120000712"	"phnK"	"-"	4316029	4316787	759	"M-P2h"	816	77.0945025423788	3	126	0	1	-Inf	"SD"	NA	NA
"ECK120000713"	"phnL"	"-"	4315238	4315918	681	"M-P2h"	672	70.7615257852049	12	444	24.7747747747748	1	-5.00738972740515	"SD"	NA	NA
"ECK120000714"	"phnM"	"-"	4314105	4315241	1137	"M-P2h"	1075	67.7989592353571	1	72	0	1	-Inf	"SD"	0	0
"ECK120000715"	"phnN"	"-"	4313548	4314105	558	"M-P2h"	544	69.9100686136983	0	0	0	1	-Inf	"SD"	NA	NA
"ECK120000716"	"phnO"	"-"	4313127	4313561	435	"M-P2h"	333	54.8946479436517	0	0	0	1	-Inf	"SD"	NA	NA
"ECK120000718"	"phoA"	"+"	400971	402386	1416	"M-P2h"	106587	5397.79035510288	0	0	0	1	-Inf	"SD"	61	124.489795918367
"ECK120000721"	"creC"	"+"	4634719	4636143	1425	"M-P2h"	122	6.13931608739181	21	258	73.6434108527132	0.952982456140351	-0.692078531455593	"SD"	NA	NA
"ECK120000722"	"phoP"	"-"	1188999	1189670	672	"M-P2h"	604	64.4529341873796	52	360	136.111111111111	1	-2.71739238370687	"SD"	18	69.2307692307692
"ECK120000723"	"phoQ"	"-"	1187539	1188999	1461	"M-P2h"	457	22.4306062488736	7	109	0	1	-Inf	"SD"	NA	NA
"ECK120000724"	"phoR"	"+"	417113	418408	1296	"M-P2h"	2242	124.052532393517	7	236	0	1	-Inf	"SD"	5	10
"ECK120000725"	"pstS"	"-"	3908508	3909548	1041	"M-P2h"	23615	1626.71790916958	15	262	30.5343511450382	1	-9.98967647301427	"SD"	120	324.324324324324
"ECK120000726"	"phoU"	"-"	3904876	3905601	726	"M-P2h"	4072	402.203806267214	0	0	0	1	-Inf	"SD"	22	81.4814814814815
"ECK120000734"	"pnp"	"-"	3307055	3309190	2136	"M-P2h"	7267	243.965794268756	15	130	61.5384615384615	1	-7.25246317057249	"SD"	114	148.051948051948
"ECK120000738"	"polB"	"-"	63429	65780	2352	"M-P2h"	160	4.87817855722835	10	233	0	0.871598639455782	-Inf	"SD"	NA	NA
"ECK120000741"	"potB"	"-"	1182840	1183667	828	"M-P2h"	86	7.44805957976821	18	550	30.9090909090909	1	-1.13132986722819	"SD"	NA	NA
"ECK120000742"	"potC"	"-"	1182049	1182843	795	"M-P2h"	234	21.1068661649737	14	205	68.2926829268293	0.940880503144654	-2.91421365862984	"SD"	NA	NA
"ECK120000743"	"potD"	"-"	1181006	1182052	1047	"M-P2h"	1137	77.8733415354909	5	249	0	1	-Inf	"SD"	22	56.4102564102564
"ECK120000744"	"potE"	"-"	716169	717488	1320	"M-P2h"	56	3.04220953659877	2	52	0	0.935606060606061	-Inf	"SD"	NA	NA
"ECK120000745"	"poxB"	"-"	908554	910272	1719	"M-P2h"	160	6.67450608877317	0	0	0	0.921465968586387	-Inf	"SD"	NA	NA
"ECK120000747"	"ppc"	"-"	4148470	4151121	2652	"M-P2h"	6255	169.13318290698	94	940	94.6808510638298	1	-3.24821058924995	"SD"	29	29.2929292929293
"ECK120000751"	"prc"	"-"	1910792	1912840	2049	"M-P2h"	2464	86.2330550930486	13	143	48.951048951049	1	-5.94474226090181	"SD"	20	25.974025974026
"ECK120000752"	"prfA"	"+"	1264235	1265317	1083	"M-P2h"	352	23.3071533947575	1	63	0	1	-Inf	"SD"	4	9.75609756097561
"ECK120000753"	"prfB"	"-"	3033206	3034304	1099	"M-P2h"	1659	108.248957168967	2	114	0	1	-Inf	"SD"	13	31.7073170731707
"ECK120000755"	"priB"	"+"	4423543	4423857	315	"M-P2h"	565	128.621307958921	36	661	54.4629349470499	1	-4.15898894874872	"SD"	NA	NA
"ECK120000757"	"secY"	"-"	3440788	3442119	1332	"M-P2h"	14881	801.129860449468	24	239	50.2092050209205	1	-8.38285790153286	"SD"	13	26.530612244898
"ECK120000758"	"proA"	"+"	260727	261980	1254	"M-P2h"	1303	74.5112598907556	12	294	40.8163265306122	1	-4.9563521463207	"SD"	9	20
"ECK120000761"	"proS"	"-"	217057	218775	1719	"M-P2h"	1059	44.1768871750674	5	119	0	1	-Inf	"SD"	51	79.6875
"ECK120000762"	"proV"	"+"	2802837	2804039	1203	"M-P2h"	81	4.8283019186133	0	0	0	0.985037406483791	-Inf	"SD"	16	36.3636363636364
"ECK120000763"	"proW"	"+"	2804032	2805096	1065	"M-P2h"	59	3.97262372083019	6	223	0	0.832863849765258	-Inf	"SD"	NA	NA
"ECK120000764"	"proX"	"+"	2805154	2806146	993	"M-P2h"	64	4.62174258473357	14	141	42.5531914893617	0.979859013091641	-1.94540250302623	"SD"	22	61.1111111111111
"ECK120000765"	"prs"	"-"	1260151	1261098	948	"M-P2h"	2836	214.522533236291	38	782	44.7570332480818	1	-4.93763046267205	"SD"	31	91.1764705882353
"ECK120000766"	"psd"	"-"	4387415	4388383	969	"M-P2h"	614	45.4380433661833	4	77	0	1	-Inf	"SD"	9	25
"ECK120000768"	"pspB"	"+"	1366825	1367049	225	"M-P2h"	153	48.7622728580546	0	0	0	1	-Inf	"SD"	NA	NA
"ECK120000769"	"pspC"	"+"	1367049	1367408	360	"M-P2h"	239	47.606957569751	3	42	0	1	-Inf	"SD"	NA	NA
"ECK120000770"	"pspD"	"+"	1367417	1367638	222	"M-P2h"	122	39.4077721825825	0	0	0	1	-Inf	"SD"	NA	NA
"ECK120000771"	"pspE"	"+"	1367713	1368027	315	"M-P2h"	146	33.2366565699158	0	0	0	1	-Inf	"SD"	2	18.1818181818182
"ECK120000773"	"pstA"	"-"	3906572	3907462	891	"M-P2h"	4639	373.354762970415	1	65	0	1	-Inf	"SD"	6	18.75
"ECK120000774"	"pstB"	"-"	3905616	3906389	774	"M-P2h"	10761	996.980578783868	1	100	0	1	-Inf	"SD"	15	51.7241379310345
"ECK120000775"	"pstC"	"-"	3907462	3908421	960	"M-P2h"	7687	574.196678094157	3	100	0	1	-Inf	"SD"	NA	NA
"ECK120000777"	"ptrA"	"-"	2954018	2956906	2889	"M-P2h"	813	20.1798545362727	10	175	0	0.998615437867774	-Inf	"SD"	7	6.48148148148148
"ECK120000779"	"ptsH"	"+"	2531786	2532043	258	"M-P2h"	2920	811.592776707247	1	43	0	1	-Inf	"SD"	47	522.222222222222
"ECK120000780"	"ptsI"	"+"	2532088	2533815	1728	"M-P2h"	11663	483.995768947007	15	168	59.5238095238095	1	-7.918850625403	"SD"	51	79.6875
"ECK120000781"	"purA"	"+"	4402710	4404008	1299	"M-P2h"	9513	525.15000418724	25	268	74.6268656716418	1	-7.03658576376551	"SD"	44	93.6170212765958
"ECK120000782"	"purC"	"-"	2594927	2595640	714	"M-P2h"	501	50.3169770594112	105	374	272.727272727273	1	-1.30247609847037	"SD"	10	37.037037037037
"ECK120000784"	"purE"	"-"	551814	552323	510	"M-P2h"	32	4.49940233984356	4	205	0	0.796078431372549	-Inf	"SD"	NA	NA
"ECK120000785"	"purF"	"-"	2426743	2428260	1518	"M-P2h"	240	11.3374268444675	11	196	0	1	-Inf	"SD"	2	3.57142857142857
"ECK120000790"	"purN"	"+"	2620256	2620894	639	"M-P2h"	107	12.007647969741	8	195	0	1	-Inf	"SD"	NA	NA
"ECK120000797"	"pyrC"	"-"	1120784	1121830	1047	"M-P2h"	596	40.8201508840392	15	485	28.8659793814433	1	-3.86578278274951	"SD"	13	33.3333333333333
"ECK120000798"	"pyrD"	"+"	1003991	1005001	1011	"M-P2h"	40	2.83716022912984	3	145	0	0.963402571711177	-Inf	"SD"	8	21.6216216216216
"ECK120000800"	"pyrF"	"+"	1339945	1340682	738	"M-P2h"	57	5.53851736192633	1	64	0	0.959349593495935	-Inf	"SD"	13	50
"ECK120000801"	"pyrG"	"-"	2906051	2907688	1638	"M-P2h"	2554	111.810354161703	8	187	32.0855614973262	1	-6.54187557861631	"SD"	13	21.6666666666667
"ECK120000802"	"pyrI"	"-"	4469009	4469470	462	"M-P2h"	444	68.9153588902987	7	191	31.413612565445	0.971861471861472	-5.84371923548865	"SD"	5	29.4117647058824
"ECK120000804"	"racC"	"-"	1415512	1415787	276	"M-P2h"	25	6.49540079630949	65	139	467.625899280576	1	1.00102116875614	"AD"	NA	NA
"ECK120000805"	"rbsA"	"+"	3931801	3933306	1506	"M-P2h"	48	2.28555298139464	2	100	0	0.737051792828685	-Inf	"SD"	6	10.9090909090909
"ECK120000806"	"rbsB"	"+"	3934301	3935191	891	"M-P2h"	282	22.6958489238321	55	259	208.494208494208	0.998877665544332	-1.07139713998916	"SD"	24	77.4193548387097
"ECK120000807"	"rbsC"	"+"	3933311	3934276	966	"M-P2h"	153	11.3576722495469	1	97	0	0.89648033126294	-Inf	"SD"	NA	NA
"ECK120000808"	"rbsD"	"+"	3931374	3931793	420	"M-P2h"	59	10.0734387206765	1	100	0	0.94047619047619	-Inf	"SD"	NA	NA
"ECK120000809"	"rbsK"	"+"	3935317	3936246	930	"M-P2h"	94	7.24802917244961	5	146	0	0.967741935483871	-Inf	"SD"	4	12.5
"ECK120000814"	"recA"	"-"	2820730	2821791	1062	"M-P2h"	2797	188.861301074525	2	100	0	1	-Inf	"SD"	17	44.7368421052632
"ECK120000815"	"recB"	"-"	2950483	2954025	3543	"M-P2h"	733	14.8356934157469	10	204	0	0.992943832909963	-Inf	"SD"	0	0
"ECK120000816"	"recC"	"-"	2957082	2960450	3369	"M-P2h"	449	9.55697296861807	37	435	57.4712643678161	0.978628673196794	-0.934625643120422	"SD"	8	6.2015503875969
"ECK120000818"	"recE"	"-"	1412810	1415410	2601	"M-P2h"	228	6.28592973948733	11	138	0	0.981545559400231	-Inf	"SD"	NA	NA
"ECK120000819"	"recF"	"-"	3878171	3879244	1074	"M-P2h"	287	19.1625209637716	5	167	0	0.961824953445065	-Inf	"SD"	NA	NA
"ECK120000821"	"recJ"	"-"	3034395	3036128	1734	"M-P2h"	642	26.5497821891504	2	48	0	1	-Inf	"SD"	NA	NA
"ECK120000822"	"recN"	"+"	2749817	2751478	1662	"M-P2h"	468	20.1924892914008	15	278	32.3741007194245	1	-3.4877499626465	"SD"	NA	NA
"ECK120000823"	"recO"	"-"	2699763	2700491	729	"M-P2h"	306	30.1001684308979	1	76	0	0.969821673525377	-Inf	"SD"	NA	NA
"ECK120000824"	"recQ"	"+"	4003887	4005716	1830	"M-P2h"	65	2.54704896799546	5	211	0	0.829508196721311	-Inf	"SD"	NA	NA
"ECK120000825"	"recR"	"+"	493629	494234	606	"M-P2h"	487	57.6277103520496	2	185	0	1	-Inf	"SD"	NA	NA
"ECK120000826"	"relA"	"-"	2909439	2911673	2235	"M-P2h"	744	23.8709902660828	5	101	0	0.940939597315436	-Inf	"SD"	NA	NA
"ECK120000831"	"rfe"	"+"	3965939	3967042	1104	"M-P2h"	209	13.5753876642868	9	112	0	1	-Inf	"SD"	NA	NA
"ECK120000836"	"rho"	"+"	3964440	3965699	1260	"M-P2h"	4438	252.575825098093	2	59	0	1	-Inf	"SD"	45	95.7446808510638
"ECK120000838"	"rhsB"	"+"	3617215	3621450	4236	"M-P2h"	19	0	0	0	0	0.0984419263456091	NA	"NO"	NA	NA
"ECK120000839"	"rhsC"	"+"	728806	732999	4194	"M-P2h"	18	0	1	67	0	0.140200286123033	NA	"NO"	NA	NA
"ECK120000840"	"rhsD"	"+"	522485	526765	4281	"M-P2h"	153	2.56283844733994	2	122	0	0.486568558747956	-Inf	"SD"	NA	NA
"ECK120000841"	"rimI"	"+"	4606208	4606654	447	"M-P2h"	67	10.7483625526045	0	0	0	1	-Inf	"SD"	NA	NA
"ECK120000843"	"rimK"	"+"	891190	892092	903	"M-P2h"	105	8.33828195247171	13	294	27.2108843537415	0.977851605758583	-2.38167825146102	"SD"	2	6.25
"ECK120000845"	"rlpA"	"-"	663325	664413	1089	"M-P2h"	473	31.1464309699398	65	1084	57.1955719557196	1	-1.32872673551137	"SD"	3	7.89473684210526
"ECK120000846"	"lptE"	"-"	670828	671409	582	"M-P2h"	795	97.9533225241394	30	310	77.4193548387097	1	-4.35098811781803	"SD"	NA	NA
"ECK120000848"	"rnc"	"-"	2701405	2702085	681	"M-P2h"	241	25.3772733842774	2	58	0	1	-Inf	"SD"	1	3.84615384615385
"ECK120000852"	"rnhB"	"+"	204493	205089	597	"M-P2h"	330	39.6382649599912	0	0	0	1	-Inf	"SD"	NA	NA
"ECK120000853"	"rnpA"	"+"	3882516	3882875	360	"M-P2h"	169	33.6634971936733	0	0	0	1	-Inf	"SD"	NA	NA
"ECK120000855"	"rplA"	"+"	4176902	4177606	705	"M-P2h"	2021	205.566444401603	34	144	201.388888888889	1	-5.14740807524177	"SD"	153	612
"ECK120000856"	"rplB"	"-"	3448565	3449386	822	"M-P2h"	1822	158.946724537311	15	363	38.5674931129477	1	-5.82697264933852	"SD"	35	116.666666666667
"ECK120000857"	"rplC"	"-"	3450319	3450948	630	"M-P2h"	1984	225.827146009291	0	0	0	1	-Inf	"SD"	51	231.818181818182
"ECK120000858"	"rplD"	"-"	3449703	3450308	606	"M-P2h"	2720	321.863187181879	1	97	0	1	-Inf	"SD"	21	95.4545454545455
"ECK120000859"	"rplE"	"-"	3444921	3445460	540	"M-P2h"	5690	755.602757522687	23	256	85.9375	1	-7.42398063278157	"SD"	34	170
"ECK120000860"	"rplF"	"-"	3443629	3444162	534	"M-P2h"	2518	338.13450940896	0	0	0	1	-Inf	"SD"	42	221.052631578947
"ECK120000862"	"rplJ"	"+"	4178019	4178516	498	"M-P2h"	2506	360.850034792951	22	333	66.0660660660661	1	-6.35775205989224	"SD"	16	88.8888888888889
"ECK120000863"	"rplK"	"+"	4176470	4176898	429	"M-P2h"	358	59.8412645111187	6	289	0	1	-Inf	"SD"	10	66.6666666666667
"ECK120000864"	"rplL"	"+"	4178583	4178948	366	"M-P2h"	2908	569.755261456215	0	0	0	1	-Inf	"SD"	138	1150
"ECK120000865"	"rplM"	"-"	3376245	3376673	429	"M-P2h"	1152	192.561834404494	1	43	0	1	-Inf	"SD"	11	68.75
"ECK120000866"	"rplN"	"-"	3445800	3446171	372	"M-P2h"	4296	828.12588629903	18	232	73.2758620689655	1	-7.9281715369028	"SD"	9	64.2857142857143
"ECK120000867"	"rplO"	"-"	3442127	3442561	435	"M-P2h"	5422	893.810153605044	0	0	0	1	-Inf	"SD"	11	73.3333333333333
"ECK120000868"	"rplP"	"-"	3446781	3447191	411	"M-P2h"	1755	306.203624108651	0	0	0	1	-Inf	"SD"	19	126.666666666667
"ECK120000869"	"rplQ"	"-"	3437638	3438021	384	"M-P2h"	4231	790.108672114082	7	110	63.6363636363636	1	-9.14048045885335	"SD"	15	107.142857142857
"ECK120000870"	"rplR"	"-"	3443266	3443619	354	"M-P2h"	3402	689.137804349874	1	98	0	1	-Inf	"SD"	NA	NA
"ECK120000872"	"rplT"	"-"	1797417	1797773	357	"M-P2h"	4294	862.51935925394	1	51	0	1	-Inf	"SD"	4	30.7692307692308
"ECK120000873"	"rplV"	"-"	3447923	3448255	333	"M-P2h"	2511	540.726316669206	9	120	0	1	-Inf	"SD"	16	133.333333333333
"ECK120000874"	"rplW"	"-"	3449404	3449706	303	"M-P2h"	1552	367.302695960497	3	100	0	1	-Inf	"SD"	NA	NA
"ECK120000875"	"rplX"	"-"	3445475	3445789	315	"M-P2h"	2294	522.225275146486	3	120	0	1	-Inf	"SD"	67	609.090909090909
"ECK120000877"	"rpmB"	"-"	3809461	3809697	237	"M-P2h"	1658	501.662002970058	0	0	0	1	-Inf	"SD"	3	33.3333333333333
"ECK120000878"	"rpmC"	"-"	3446590	3446781	192	"M-P2h"	2163	807.849235539002	0	0	0	1	-Inf	"SD"	3	42.8571428571429
"ECK120000879"	"rpmD"	"-"	3442565	3442744	180	"M-P2h"	2177	867.283235392033	0	0	0	1	-Inf	"SD"	2	28.5714285714286
"ECK120000881"	"rpmF"	"+"	1146590	1146763	174	"M-P2h"	894	368.437051513698	0	0	0	1	-Inf	"SD"	NA	NA
"ECK120000882"	"rpmG"	"-"	3809273	3809440	168	"M-P2h"	261	111.405402800702	2	95	0	1	-Inf	"SD"	NA	NA
"ECK120000884"	"rpoA"	"-"	3438062	3439051	990	"M-P2h"	17520	1269.03597812406	8	320	18.75	1	-10.0464828500762	"SD"	64	172.972972972973
"ECK120000885"	"rpoB"	"+"	4179268	4183296	4029	"M-P2h"	11609	206.620101911566	16	207	0	1	-Inf	"SD"	226	149.668874172185
"ECK120000886"	"rpoC"	"+"	4183373	4187596	4224	"M-P2h"	15912	270.131909298882	8	110	0	1	-Inf	"SD"	314	202.58064516129
"ECK120000888"	"rpoH"	"-"	3597952	3598806	855	"M-P2h"	8933	749.214625801516	3	66	0	1	-Inf	"SD"	NA	NA
"ECK120000889"	"rpoN"	"+"	3342739	3344172	1434	"M-P2h"	3975	198.775570812584	13	353	28.328611898017	1	-6.63499665274557	"SD"	7	12.962962962963
"ECK120000890"	"rpoZ"	"+"	3820129	3820404	276	"M-P2h"	3229	838.945966851333	0	0	0	1	-Inf	"SD"	4	40
"ECK120000891"	"rpsA"	"+"	961218	962891	1674	"M-P2h"	8027	343.85301517289	20	367	35.4223433242507	1	-7.04713656285099	"SD"	332	544.262295081967
"ECK120000892"	"rpsB"	"+"	189874	190599	726	"M-P2h"	2185	215.819085632088	0	0	0	1	-Inf	"SD"	40	148.148148148148
"ECK120000893"	"rpsC"	"-"	3447204	3447905	702	"M-P2h"	2987	305.121729987869	2	45	0	1	-Inf	"SD"	98	376.923076923077
"ECK120000894"	"rpsD"	"-"	3439077	3439697	621	"M-P2h"	10793	1246.30863634788	1	38	0	1	-Inf	"SD"	61	265.217391304348
"ECK120000895"	"rpsE"	"-"	3442748	3443251	504	"M-P2h"	4735	673.696784497224	0	0	0	1	-Inf	"SD"	67	372.222222222222
"ECK120000897"	"rpsG"	"-"	3471564	3472103	540	"M-P2h"	16950	2250.87288928111	4	118	0	1	-Inf	"SD"	19	95
"ECK120000898"	"rpsH"	"-"	3444175	3444567	393	"M-P2h"	1883	343.583893847167	1	98	0	1	-Inf	"SD"	19	135.714285714286
"ECK120000899"	"rpsI"	"-"	3375837	3376229	393	"M-P2h"	1406	256.547506505107	10	246	36.5853658536585	1	-7.15508528664737	"SD"	4	26.6666666666667
"ECK120000900"	"rpsJ"	"-"	3450981	3451292	312	"M-P2h"	1486	341.538166794255	2	158	0	1	-Inf	"SD"	14	116.666666666667
"ECK120000901"	"rpsK"	"-"	3439731	3440120	390	"M-P2h"	8903	1636.99289311938	0	0	0	1	-Inf	"SD"	3	21.4285714285714
"ECK120000902"	"rpsL"	"-"	3472200	3472574	375	"M-P2h"	1412	270.009134414012	6	378	15.8730158730159	1	-7.81382999844254	"SD"	NA	NA
"ECK120000903"	"rpsM"	"-"	3440137	3440493	357	"M-P2h"	7895	1585.83845861897	0	0	0	1	-Inf	"SD"	17	130.769230769231
"ECK120000904"	"rpsN"	"-"	3444601	3444906	306	"M-P2h"	2919	684.049761979341	9	224	40.1785714285714	1	-8.56996056264306	"SD"	6	50
"ECK120000905"	"rpsO"	"-"	3309437	3309706	270	"M-P2h"	782	207.691162173195	0	0	0	1	-Inf	"SD"	2	20
"ECK120000906"	"rpsP"	"-"	2743959	2744207	249	"M-P2h"	450	129.594984562512	0	0	0	1	-Inf	"SD"	6	66.6666666666667
"ECK120000907"	"rpsQ"	"-"	3446336	3446590	255	"M-P2h"	2316	651.288488692355	0	0	0	1	-Inf	"SD"	NA	NA
"ECK120000908"	"rpsR"	"+"	4423862	4424089	228	"M-P2h"	349	109.765436193634	36	661	54.4629349470499	1	-3.93028312187835	"SD"	5	55.5555555555556
"ECK120000909"	"rpsS"	"-"	3448270	3448548	279	"M-P2h"	1003	257.793378013013	2	73	0	1	-Inf	"SD"	6	60
"ECK120000916"	"sbcC"	"-"	411831	414977	3147	"M-P2h"	211	4.80795882775824	7	127	0	0.932634254845885	-Inf	"SD"	2	1.68067226890756
"ECK120000918"	"sbp"	"+"	4106857	4107846	990	"M-P2h"	164	11.8791039048143	1	100	0	0.961616161616162	-Inf	"SD"	25	67.5675675675676
"ECK120000919"	"sdaA"	"+"	1894956	1896320	1365	"M-P2h"	195	10.2441749701795	16	266	22.5563909774436	0.983882783882784	-3.09369748849699	"SD"	NA	NA
"ECK120000920"	"sdhA"	"+"	755130	756896	1767	"M-P2h"	6285	255.060825021533	1	65	0	1	-Inf	"SD"	80	125
"ECK120000921"	"sdhB"	"+"	756912	757628	717	"M-P2h"	4770	477.061369950202	11	210	33.3333333333333	1	-8.41260423140912	"SD"	34	125.925925925926
"ECK120000923"	"sdhD"	"+"	754783	755130	348	"M-P2h"	800	164.848792623579	5	164	0	1	-Inf	"SD"	NA	NA
"ECK120000925"	"secA"	"+"	108279	110984	2706	"M-P2h"	2200	58.3001827571193	1	99	0	0.998521803399852	-Inf	"SD"	49	48.0392156862745
"ECK120000926"	"secB"	"-"	3781684	3782151	468	"M-P2h"	799	122.426646598748	2	100	0	1	-Inf	"SD"	11	64.7058823529412
"ECK120000927"	"secD"	"+"	426871	428718	1848	"M-P2h"	3075	119.32135618675	9	150	0	1	-Inf	"SD"	26	38.8059701492537
"ECK120000928"	"secE"	"+"	4175381	4175764	384	"M-P2h"	900	168.068495604508	5	118	0	1	-Inf	"SD"	NA	NA
"ECK120000929"	"secF"	"+"	428729	429700	972	"M-P2h"	1230	90.7431548284422	5	323	0	1	-Inf	"SD"	9	25.7142857142857
"ECK120000930"	"selA"	"-"	3757881	3759272	1392	"M-P2h"	339	17.4636689685604	1	100	0	1	-Inf	"SD"	1	1.96078431372549
"ECK120000931"	"selB"	"-"	3756040	3757884	1845	"M-P2h"	484	18.8115256362972	2	190	0	1	-Inf	"SD"	10	14.4927536231884
"ECK120000932"	"selD"	"-"	1844989	1846032	1044	"M-P2h"	2448	168.14576847605	2	44	0	1	-Inf	"SD"	18	48.6486486486486
"ECK120000935"	"serC"	"+"	956876	957964	1089	"M-P2h"	7415	488.268045754976	6	182	0	1	-Inf	"SD"	26	65
"ECK120000936"	"serS"	"+"	938651	939943	1293	"M-P2h"	3247	180.077225751903	4	307	0	1	-Inf	"SD"	19	39.5833333333333
"ECK120000937"	"maeA"	"-"	1551996	1553693	1698	"M-P2h"	927	39.1486757252621	1	63	0	1	-Inf	"SD"	27	42.8571428571429
"ECK120000938"	"sfsA"	"-"	160782	161486	705	"M-P2h"	327	33.2608744776467	1	94	0	1	-Inf	"SD"	2	7.69230769230769
"ECK120000944"	"prlF"	"+"	3275024	3275359	336	"M-P2h"	459	97.9599231523418	4	163	0	1	-Inf	"SD"	NA	NA
"ECK120000948"	"speA"	"-"	3081957	3083933	1977	"M-P2h"	688	24.9549553143068	11	198	0	1	-Inf	"SD"	28	37.8378378378378
"ECK120000952"	"speE"	"-"	135598	136464	867	"M-P2h"	384	31.7604871047781	7	231	25.974025974026	1	-4.72612672805392	"SD"	4	12.5
"ECK120000955"	"spoT"	"+"	3820423	3822531	2109	"M-P2h"	1531	52.0563409935581	5	40	0	1	-Inf	"SD"	3	3.79746835443038
"ECK120000956"	"trmH"	"+"	3822538	3823227	690	"M-P2h"	70	7.27484889186663	1	98	0	0.982608695652174	-Inf	"SD"	NA	NA
"ECK120000958"	"srlE"	"+"	2824414	2825373	960	"M-P2h"	13	0.971062419048269	1	100	0	0.49375	-Inf	"SD"	8	24.2424242424242
"ECK120000959"	"srlB"	"+"	2825384	2825755	372	"M-P2h"	7	1.34936713316881	0	0	0	0.5	-Inf	"SD"	6	46.1538461538462
"ECK120000960"	"srlD"	"+"	2825759	2826538	780	"M-P2h"	24	2.20643768588482	7	152	0	0.870512820512821	-Inf	"SD"	27	96.4285714285714
"ECK120000961"	"gutM"	"+"	2826643	2827002	360	"M-P2h"	24	4.78061498608378	8	271	29.520295202952	0.761111111111111	-1.57912431566724	"SD"	NA	NA
"ECK120000963"	"srlR"	"+"	2827069	2827842	774	"M-P2h"	235	21.7721806536761	11	393	25.4452926208651	0.965116279069767	-3.44441400680898	"SD"	2	7.14285714285714
"ECK120000966"	"sspA"	"-"	3374804	3375442	639	"M-P2h"	1106	124.116436023678	0	0	0	1	-Inf	"SD"	17	70.8333333333333
"ECK120000968"	"sucA"	"+"	757929	760730	2802	"M-P2h"	12623	323.049801763039	9	245	24.4897959183673	1	-8.07257837368407	"SD"	105	100
"ECK120000969"	"sucB"	"+"	760745	761962	1218	"M-P2h"	8873	522.394048910362	6	275	0	1	-Inf	"SD"	49	111.363636363636
"ECK120000970"	"sucC"	"+"	762237	763403	1167	"M-P2h"	5741	352.770059577211	0	0	0	1	-Inf	"SD"	126	307.317073170732
"ECK120000973"	"sulA"	"-"	1019633	1020142	510	"M-P2h"	467	65.663152897092	NA	170	152.941176470588	1	-3.65850049598547	"SD"	NA	NA
"ECK120000974"	"surA"	"-"	53416	54702	1287	"M-P2h"	2990	166.59718890898	0	0	0	1	-Inf	"SD"	18	38.2978723404255
"ECK120000976"	"tap"	"-"	1967407	1969008	1602	"M-P2h"	242	10.8324796501149	14	308	42.2077922077922	0.995006242197253	-2.05877999800054	"SD"	5	8.62068965517241
"ECK120000977"	"tar"	"-"	1969054	1970715	1662	"M-P2h"	175	7.55061031195543	3	46	0	1	-Inf	"SD"	25	41.6666666666667
"ECK120000979"	"tdcB"	"-"	3263061	3264050	990	"M-P2h"	3	0	2	100	0	0.211111111111111	NA	"NO"	NA	NA
"ECK120000980"	"tdcC"	"-"	3261708	3263039	1332	"M-P2h"	48	2.58411620869394	12	294	23.8095238095238	0.863363363363363	-0.884244122868049	"SD"	NA	NA
"ECK120000982"	"tdh"	"-"	3788343	3789368	1026	"M-P2h"	358	25.0213474417835	14	479	29.2275574112735	1	-3.15966075087535	"SD"	7	18.9189189189189
"ECK120000985"	"tgt"	"+"	425361	426488	1128	"M-P2h"	351	22.3137747355772	14	205	29.2682926829268	1	-4.21682827846037	"SD"	6	13.953488372093
"ECK120000986"	"mnmE"	"+"	3884851	3886215	1365	"M-P2h"	282	14.8146530337981	3	159	0	1	-Inf	"SD"	2	4.08163265306122
"ECK120000987"	"thrA"	"+"	337	2799	2463	"M-P2h"	6407	186.537151131783	14	160	56.25	1	-6.69532227249874	"SD"	114	128.089887640449
"ECK120000988"	"thrB"	"+"	2801	3733	933	"M-P2h"	3059	235.110952450648	2	53	0	1	-Inf	"SD"	NA	NA
"ECK120000989"	"thrC"	"+"	3734	5020	1287	"M-P2h"	2213	123.304207041998	4	56	0	1	-Inf	"SD"	23	48.936170212766
"ECK120000991"	"thyA"	"-"	2962383	2963177	795	"M-P2h"	900	81.180254480668	39	644	57.4534161490683	1	-3.45553168669213	"SD"	5	16.6666666666667
"ECK120000992"	"tig"	"+"	454357	455655	1299	"M-P2h"	2064	113.939830615207	9	167	41.9161676646707	1	-6.34670152919353	"SD"	127	264.583333333333
"ECK120000994"	"tnaA"	"+"	3886753	3888168	1416	"M-P2h"	75	3.79815809275724	2	223	0	0.745762711864407	-Inf	"SD"	282	532.075471698113
"ECK120000995"	"tnaB"	"+"	3888259	3889506	1248	"M-P2h"	3	0	14	564	15.9574468085106	0.220352564102564	Inf	"AD"	NA	NA
"ECK120000996"	"tolA"	"+"	775565	776830	1266	"M-P2h"	460	26.0554845213097	0	0	0	1	-Inf	"SD"	NA	NA
"ECK120000997"	"tolB"	"+"	776963	778255	1293	"M-P2h"	6114	339.079814674202	3	133	0	1	-Inf	"SD"	13	28.2608695652174
"ECK120000999"	"tolQ"	"+"	774376	775068	693	"M-P2h"	382	39.528028672814	14	638	21.9435736677116	1	-3.81937727511669	"SD"	4	15.3846153846154
"ECK120001000"	"tolR"	"+"	775072	775500	429	"M-P2h"	197	32.9294109181296	2	44	0	1	-Inf	"SD"	NA	NA
"ECK120001003"	"topB"	"-"	1843023	1844984	1962	"M-P2h"	492	17.9821297641684	2	66	0	1	-Inf	"SD"	NA	NA
"ECK120001008"	"trkA"	"+"	3434540	3435916	1377	"M-P2h"	245	12.7587219127508	38	442	76.9230769230769	1	-0.90787716489302	"SD"	NA	NA
"ECK120001009"	"trkG"	"+"	1421806	1423263	1458	"M-P2h"	147	7.22994241722547	0	0	0	0.994513031550069	-Inf	"SD"	NA	NA
"ECK120001010"	"trkH"	"+"	4031168	4032619	1452	"M-P2h"	527	26.0266952238239	9	130	46.1538461538462	1	-4.43888582419606	"SD"	NA	NA
"ECK120001012"	"trmD"	"-"	2742594	2743361	768	"M-P2h"	2464	230.067096205282	5	108	0	1	-Inf	"SD"	7	25
"ECK120001013"	"trpA"	"-"	1314440	1315246	807	"M-P2h"	644	57.2252054096274	1	53	0	1	-Inf	"SD"	17	58.6206896551724
"ECK120001014"	"trpB"	"-"	1315246	1316439	1194	"M-P2h"	1181	70.9284710874993	2	54	0	1	-Inf	"SD"	22	51.1627906976744
"ECK120001015"	"trpC"	"-"	1316451	1317809	1359	"M-P2h"	1073	56.6181002215	0	0	0	1	-Inf	"SD"	12	24.4897959183673
"ECK120001016"	"trpD"	"-"	1317813	1319408	1596	"M-P2h"	577	25.9249515692701	18	297	40.4040404040404	1	-3.43323498297774	"SD"	21	36.8421052631579
"ECK120001017"	"trpE"	"-"	1319408	1320970	1563	"M-P2h"	298	13.6720083095294	23	297	40.4040404040404	1	-2.51011886801709	"SD"	16	28.0701754385965
"ECK120001019"	"trpS"	"-"	3510656	3511660	1005	"M-P2h"	1055	75.2768479151999	2	96	0	1	-Inf	"SD"	16	43.2432432432432
"ECK120001022"	"tsf"	"+"	190857	191708	852	"M-P2h"	3317	279.177815296477	8	229	30.5676855895197	1	-7.63961366578034	"SD"	115	383.333333333333
"ECK120001025"	"tufA"	"-"	3468167	3469351	1185	"M-P2h"	3289	199.03092011683	0	0	0	0.419409282700422	-Inf	"SD"	587	1365.11627906977
"ECK120001026"	"tufB"	"+"	4173967	4175151	1185	"M-P2h"	970	58.6986903354591	0	0	0	0.241350210970464	-Inf	"SD"	NA	NA
"ECK120001032"	"tyrS"	"-"	1713972	1715246	1275	"M-P2h"	2139	120.302770061567	14	415	31.3253012048193	1	-5.53201442855349	"SD"	32	66.6666666666667
"ECK120001033"	"ubiX"	"-"	2426079	2426648	570	"M-P2h"	43	5.40964327372639	16	301	39.8671096345515	0.935087719298246	-1.1724990562046	"SD"	0	0
"ECK120001035"	"ugpA"	"-"	3588047	3588934	888	"M-P2h"	2713	219.084602318333	1	64	0	1	-Inf	"SD"	NA	NA
"ECK120001036"	"ugpB"	"-"	3589032	3590348	1317	"M-P2h"	32231	1754.94307080258	10	147	40.8163265306122	1	-10.5141741100402	"SD"	50	104.166666666667
"ECK120001037"	"ugpC"	"-"	3586133	3587203	1071	"M-P2h"	7786	521.314681815803	0	0	0	1	-Inf	"SD"	8	20
"ECK120001038"	"ugpE"	"-"	3587205	3588050	846	"M-P2h"	4922	417.201896480574	1	64	0	1	-Inf	"SD"	NA	NA
"ECK120001040"	"uhpA"	"-"	3848159	3848749	591	"M-P2h"	60	7.28012434429002	1	42	0	0.991539763113367	-Inf	"SD"	2	9.52380952380952
"ECK120001041"	"uhpB"	"-"	3846657	3848159	1503	"M-P2h"	36	1.71758622254507	0	0	0	0.795076513639388	-Inf	"SD"	NA	NA
"ECK120001042"	"uhpC"	"-"	3845328	3846647	1320	"M-P2h"	47	2.55328300393111	2	169	0	0.763636363636364	-Inf	"SD"	NA	NA
"ECK120001044"	"uidA"	"-"	1692284	1694095	1812	"M-P2h"	58	2.29532838735811	16	303	52.8052805280528	0.836092715231788	0.479371333642905	"AD"	NA	NA
"ECK120001046"	"umuD"	"+"	1229990	1230409	420	"M-P2h"	40	6.82944998011969	3	153	0	0.973809523809524	-Inf	"SD"	NA	NA
"ECK120001048"	"usg"	"-"	2433658	2434671	1014	"M-P2h"	2570	181.748232459102	4	101	0	1	-Inf	"SD"	7	19.4444444444444
"ECK120001052"	"uvrC"	"-"	1990898	1992730	1833	"M-P2h"	792	30.9840185677443	25	349	40.1146131805158	1	-3.46802553875788	"SD"	5	7.35294117647059
"ECK120001054"	"uxaB"	"-"	1607253	1608704	1452	"M-P2h"	93	4.59294621596892	1	45	0	0.792699724517906	-Inf	"SD"	NA	NA
"ECK120001058"	"xerC"	"+"	3994310	3995206	897	"M-P2h"	479	38.2928859253199	2	100	0	1	-Inf	"SD"	NA	NA
"ECK120001059"	"dsbC"	"-"	3036134	3036844	711	"M-P2h"	296	29.853629448962	3	54	0	1	-Inf	"SD"	6	23.0769230769231
"ECK120001064"	"xylB"	"-"	3725940	3727394	1455	"M-P2h"	90	4.4356221520365	15	320	34.375	0.845360824742268	-1.01163295117249	"SD"	NA	NA
"ECK120001067"	"ribF"	"+"	21407	22348	942	"M-P2h"	1869	142.27658294571	0	0	0	1	-Inf	"SD"	2	5.71428571428571
"ECK120001068"	"fkpB"	"+"	25826	26275	450	"M-P2h"	361	57.5267336658749	0	0	0	1	-Inf	"SD"	2	12.5
"ECK120001069"	"ispH"	"+"	26277	27227	951	"M-P2h"	334	25.1849433020818	0	0	0	1	-Inf	"SD"	4	11.4285714285714
"ECK120001070"	"rihC"	"+"	27293	28207	915	"M-P2h"	35	2.74297581168742	4	146	0	0.80655737704918	-Inf	"SD"	3	9.09090909090909
"ECK120001071"	"hepA"	"-"	60358	63264	2907	"M-P2h"	251	6.19161177248209	5	149	0	0.91296869625043	-Inf	"SD"	15	13.6363636363636
"ECK120001072"	"mraZ"	"+"	89634	90092	459	"M-P2h"	334	52.1805688023524	0	0	0	1	-Inf	"SD"	NA	NA
"ECK120001073"	"rsmH"	"+"	90094	91035	942	"M-P2h"	444	33.7992524493822	2	100	0	1	-Inf	"SD"	7	20
"ECK120001074"	"ftsL"	"+"	91032	91397	366	"M-P2h"	286	56.0350772959001	0	0	0	1	-Inf	"SD"	NA	NA
"ECK120001075"	"secM"	"+"	107705	108217	513	"M-P2h"	321	44.8706845185057	8	202	34.6534653465347	1	-5.0022744607334	"SD"	NA	NA
"ECK120001079"	"frsA"	"+"	256527	257771	1245	"M-P2h"	717	41.2976017472539	2	100	0	1	-Inf	"SD"	2	4.25531914893617
"ECK120001081"	"yaiA"	"+"	406203	406394	192	"M-P2h"	250	93.3713864469489	121	969	124.871001031992	1	-1.94797345794209	"SD"	NA	NA
"ECK120001084"	"yajC"	"+"	426511	426843	333	"M-P2h"	574	123.606891982527	2	109	0	1	-Inf	"SD"	2	16.6666666666667
"ECK120001088"	"ybaB"	"+"	493300	493629	330	"M-P2h"	1595	346.594586491074	0	0	0	1	-Inf	"SD"	11	91.6666666666667
"ECK120001093"	"entH"	"+"	628523	628936	414	"M-P2h"	29	5.023109949146	1	43	0	0.978260869565217	-Inf	"SD"	NA	NA
"ECK120001094"	"ybgA"	"+"	738224	738733	510	"M-P2h"	10	1.40606323120111	13	643	20.2177293934681	0.601960784313725	0.886850148836834	"AD"	NA	NA
"ECK120001096"	"ybgC"	"+"	773975	774379	405	"M-P2h"	257	45.5043722749456	3	100	0	1	-Inf	"SD"	NA	NA
"ECK120001098"	"aat"	"-"	925951	926655	705	"M-P2h"	167	16.9864404824679	11	288	24.3055555555556	1	-3.60088483440605	"SD"	NA	NA
"ECK120001099"	"yccA"	"-"	1029982	1030641	660	"M-P2h"	7792	846.603453899201	7	367	19.0735694822888	1	-9.24011573705468	"SD"	NA	NA
"ECK120001101"	"yceB"	"-"	1121936	1122496	561	"M-P2h"	360	46.0166148393091	2	171	0	0.92156862745098	-Inf	"SD"	5	23.8095238095238
"ECK120001106"	"yciB"	"-"	1310375	1310914	540	"M-P2h"	113	15.0058192618741	20	411	43.7956204379562	1	-2.0594532751978	"SD"	NA	NA
"ECK120001110"	"yciF"	"-"	1313294	1313794	501	"M-P2h"	23	3.29204025987805	0	0	0	0.972055888223553	-Inf	"SD"	NA	NA
"ECK120001111"	"yciG"	"-"	1313880	1314059	180	"M-P2h"	4	1.59353832869459	0	0	0	0.75	-Inf	"SD"	NA	NA
"ECK120001113"	"rem"	"-"	1642675	1642926	252	"M-P2h"	61	17.3581853661375	0	0	0	1	-Inf	"SD"	NA	NA
"ECK120001114"	"hokD"	"-"	1643143	1643298	156	"M-P2h"	920	422.900556461258	0	0	0	1	-Inf	"SD"	NA	NA
"ECK120001115"	"relE"	"-"	1643370	1643657	288	"M-P2h"	1888	470.093806964905	4	150	0	1	-Inf	"SD"	NA	NA
"ECK120001117"	"nlpC"	"-"	1790291	1790755	465	"M-P2h"	805	124.141776251531	3	139	0	1	-Inf	"SD"	NA	NA
"ECK120001121"	"yebC"	"-"	1945435	1946175	741	"M-P2h"	853	82.5478660552524	0	0	0	1	-Inf	"SD"	NA	NA
"ECK120001122"	"nudB"	"-"	1946204	1946656	453	"M-P2h"	515	81.5237323785811	0	0	0	1	-Inf	"SD"	NA	NA
"ECK120001126"	"yfaA"	"-"	2332978	2334666	1689	"M-P2h"	12	0.509479394609284	9	129	0	0.37951450562463	-Inf	"SD"	NA	NA
"ECK120001128"	"yfcA"	"-"	2442773	2443582	810	"M-P2h"	286	25.3195534448141	5	69	0	1	-Inf	"SD"	NA	NA
"ECK120001133"	"hyfA"	"+"	2599223	2599840	618	"M-P2h"	0	0	3	57	0	0	NA	"NO"	NA	NA
"ECK120001134"	"raiA"	"+"	2735176	2735517	342	"M-P2h"	2598	544.738497098494	68	437	132.723112128146	1	-5.55336711671017	"SD"	3	23.0769230769231
"ECK120001136"	"rimM"	"-"	2743392	2743940	549	"M-P2h"	1012	132.185310544175	0	0	0	1	-Inf	"SD"	7	33.3333333333333
"ECK120001137"	"ppdC"	"-"	2960463	2960786	324	"M-P2h"	21	4.64782012535923	1	100	0	0.580246913580247	-Inf	"SD"	NA	NA
"ECK120001138"	"ygdB"	"-"	2960771	2961178	408	"M-P2h"	8	1.40606323120111	0	0	0	0.433823529411765	-Inf	"SD"	NA	NA
"ECK120001139"	"ppdB"	"-"	2961175	2961738	564	"M-P2h"	19	2.41573629615936	0	0	0	0.856382978723404	-Inf	"SD"	NA	NA
"ECK120001142"	"argO"	"-"	3066195	3066830	636	"M-P2h"	82	9.24552898252052	6	278	21.5827338129496	0.79874213836478	-2.94572145988833	"SD"	NA	NA
"ECK120001143"	"mscS"	"-"	3066969	3067829	861	"M-P2h"	1572	130.925553277417	10	310	29.0322580645161	1	-6.18460598469521	"SD"	32	103.225806451613
"ECK120001144"	"yggC"	"-"	3071998	3072711	714	"M-P2h"	186	18.6805543573862	2	44	0	1	-Inf	"SD"	NA	NA
"ECK120001145"	"yggD"	"-"	3072708	3073217	510	"M-P2h"	327	45.9782676602764	3	263	0	1	-Inf	"SD"	NA	NA
"ECK120001146"	"ygiA"	"+"	3177618	3177878	261	"M-P2h"	424	116.493146787329	0	0	0	1	-Inf	"SD"	NA	NA
"ECK120001147"	"ygiB"	"+"	3177862	3178437	576	"M-P2h"	709	88.267083987849	2	56	0	1	-Inf	"SD"	NA	NA
"ECK120001152"	"ttdB"	"+"	3205393	3205998	606	"M-P2h"	4	0.473328216443939	3	81	0	0.381188118811881	-Inf	"SD"	NA	NA
"ECK120001154"	"tdcD"	"-"	3260474	3261694	1221	"M-P2h"	33	1.93808715652045	0	0	0	0.673218673218673	-Inf	"SD"	NA	NA
"ECK120001155"	"yhaB"	"+"	3265876	3266415	540	"M-P2h"	0	0	4	239	0	0	NA	"NO"	NA	NA
"ECK120001157"	"garK"	"-"	3268647	3269873	1227	"M-P2h"	66	3.85721991542212	0	0	0	0.91361043194784	-Inf	"SD"	NA	NA
"ECK120001158"	"garR"	"-"	3269889	3270779	891	"M-P2h"	96	7.72624644215561	0	0	0	0.985409652076319	-Inf	"SD"	30	100
"ECK120001159"	"truB"	"-"	3309855	3310799	945	"M-P2h"	311	23.5995438201914	4	168	0	1	-Inf	"SD"	3	8.57142857142857
"ECK120001160"	"rbfA"	"-"	3310799	3311200	402	"M-P2h"	162	28.8977473039393	1	100	0	1	-Inf	"SD"	4	26.6666666666667
"ECK120001161"	"rimP"	"-"	3315576	3316028	453	"M-P2h"	433	68.5432546017973	0	0	0	1	-Inf	"SD"	2	11.7647058823529
"ECK120001163"	"bfd"	"-"	3464819	3465013	195	"M-P2h"	5	1.83869807157069	0	0	0	0.666666666666667	-Inf	"SD"	NA	NA
"ECK120001165"	"damX"	"-"	3514042	3515328	1287	"M-P2h"	2210	123.137052671855	2	63	0	1	-Inf	"SD"	9	19.5652173913043
"ECK120001168"	"yibA"	"+"	3764360	3765202	843	"M-P2h"	36	3.06231564944869	9	154	58.4415584415584	0.615658362989324	-0.766626090333676	"SD"	NA	NA
"ECK120001170"	"waaC"	"+"	3794002	3794961	960	"M-P2h"	442	33.0161222476411	7	123	0	1	-Inf	"SD"	NA	NA
"ECK120001174"	"dinD"	"+"	3815783	3816607	825	"M-P2h"	66	5.73673798330054	4	107	0	0.955151515151515	-Inf	"SD"	NA	NA
"ECK120001177"	"yidB"	"-"	3875090	3875488	399	"M-P2h"	54	9.70500786648588	0	0	0	0.974937343358396	-Inf	"SD"	NA	NA
"ECK120001178"	"yidC"	"+"	3883099	3884745	1647	"M-P2h"	748	32.5673953514633	4	148	0	1	-Inf	"SD"	7	11.2903225806452
"ECK120001179"	"glmU"	"-"	3911853	3913223	1371	"M-P2h"	828	43.3079782109122	5	105	0	1	-Inf	"SD"	8	16.3265306122449
"ECK120001180"	"mioC"	"-"	3924035	3924478	444	"M-P2h"	398	64.2798906912617	2	100	0	1	-Inf	"SD"	NA	NA
"ECK120001181"	"yigA"	"+"	3993606	3994313	708	"M-P2h"	676	68.4681298854372	1	100	0	1	-Inf	"SD"	2	7.40740740740741
"ECK120001182"	"yigB"	"+"	3995206	3995922	717	"M-P2h"	191	19.1024573711716	0	0	0	1	-Inf	"SD"	NA	NA
"ECK120001184"	"murI"	"+"	4163451	4164308	858	"M-P2h"	477	39.8663172790553	5	204	0	1	-Inf	"SD"	1	3.2258064516129
"ECK120001185"	"murB"	"+"	4170080	4171108	1029	"M-P2h"	715	49.8271095488324	18	384	44.2708333333333	1	-3.8733242347972	"SD"	5	13.1578947368421
"ECK120001192"	"nsrR"	"+"	4404213	4404638	426	"M-P2h"	600	100.9989081567	4	144	0	1	-Inf	"SD"	1	6.25
"ECK120001194"	"yjjA"	"-"	4597718	4598212	495	"M-P2h"	187	27.0901515878081	87	642	135.514018691589	1	-0.638681160347693	"SD"	NA	NA
"ECK120001195"	"yjjB"	"-"	4599647	4599973	327	"M-P2h"	15	3.28941398125031	2	100	0	0.932721712538226	-Inf	"SD"	NA	NA
"ECK120001197"	"creB"	"+"	4634030	4634719	690	"M-P2h"	221	22.9677372157503	4	102	0	1	-Inf	"SD"	NA	NA
"ECK120001201"	"argH"	"+"	4154873	4156246	1374	"M-P2h"	681	35.5414716760159	1	87	0	1	-Inf	"SD"	8	16
"ECK120001202"	"fliO"	"+"	2019528	2019893	366	"M-P2h"	3	0.587780531075875	2	100	0	0.377049180327869	-Inf	"SD"	NA	NA
"ECK120001203"	"dcuA"	"-"	4363495	4364796	1302	"M-P2h"	1546	85.1478199134278	7	181	0	1	-Inf	"SD"	NA	NA
"ECK120001204"	"leuA"	"-"	81958	83529	1572	"M-P2h"	5414	246.968029910855	14	316	31.6455696202532	1	-6.94818048634475	"SD"	27	47.3684210526316
"ECK120001206"	"fdnH"	"+"	1548485	1549369	885	"M-P2h"	14	1.13438321703683	1	95	0	0.509604519774011	-Inf	"SD"	NA	NA
"ECK120001207"	"fdnI"	"+"	1549362	1550015	654	"M-P2h"	103	11.2936546689594	1	45	0	0.912844036697248	-Inf	"SD"	NA	NA
"ECK120001209"	"rpmI"	"-"	1797826	1798023	198	"M-P2h"	1182	428.082341935684	1	55	0	1	-Inf	"SD"	NA	NA
"ECK120001210"	"rpmJ"	"-"	3440640	3440756	117	"M-P2h"	1794	1099.54144679927	0	0	0	1	-Inf	"SD"	NA	NA
"ECK120001211"	"rstB"	"+"	1680906	1682207	1302	"M-P2h"	515	28.3642479013036	20	248	36.2903225806452	1	-3.97800479873839	"SD"	0	0
"ECK120001212"	"ydiB"	"+"	1771813	1772679	867	"M-P2h"	65	5.37612411929837	2	123	0	0.615916955017301	-Inf	"SD"	NA	NA
"ECK120001215"	"chiA"	"-"	3465182	3467875	2694	"M-P2h"	149	3.96610040604946	44	360	44.4444444444444	0.801410541945063	-0.309649296275614	"SD"	NA	NA
"ECK120001216"	"ybhB"	"-"	806656	807132	477	"M-P2h"	149	22.3997368844806	40	922	43.3839479392625	1	-1.48540988084504	"SD"	0	0
"ECK120001221"	"yggF"	"-"	3073239	3074204	966	"M-P2h"	120	8.90797823493873	1	54	0	0.691511387163561	-Inf	"SD"	NA	NA
"ECK120001224"	"mazF"	"-"	2908778	2909113	336	"M-P2h"	143	30.5191045986599	2	101	0	1	-Inf	"SD"	NA	NA
"ECK120001226"	"ychA"	"+"	1266543	1267352	810	"M-P2h"	641	56.7476704829575	1	38	0	1	-Inf	"SD"	NA	NA
"ECK120001227"	"mukE"	"+"	974872	975549	678	"M-P2h"	538	56.9020102325902	1	71	0	1	-Inf	"SD"	0	0
"ECK120001228"	"ycbB"	"+"	980270	982117	1848	"M-P2h"	490	19.0138096037423	24	187	48.1283422459893	0.982142857142857	-3.40097880741996	"SD"	1	1.47058823529412
"ECK120001229"	"rlmH"	"-"	667471	667938	468	"M-P2h"	189	28.9594946272383	1	100	0	1	-Inf	"SD"	4	23.5294117647059
"ECK120001230"	"rsfS"	"-"	667942	668259	318	"M-P2h"	223	50.286657636636	1	49	0	1	-Inf	"SD"	NA	NA
"ECK120001233"	"focA"	"-"	952832	953689	858	"M-P2h"	1913	159.883155041578	16	364	21.978021978022	1	-6.64280223212232	"SD"	NA	NA
"ECK120001234"	"rnr"	"+"	4404677	4407118	2442	"M-P2h"	6088	178.773857710553	11	278	32.3741007194245	1	-6.63399506834958	"SD"	18	19.5652173913043
"ECK120001236"	"nfsA"	"+"	890407	891129	723	"M-P2h"	128	12.6954090916748	5	302	0	1	-Inf	"SD"	7	25.9259259259259
"ECK120001238"	"gspB"	"-"	3451530	3451949	420	"M-P2h"	127	21.68350368688	1	69	0	0.957142857142857	-Inf	"SD"	NA	NA
"ECK120001239"	"cmk"	"+"	960424	961107	684	"M-P2h"	142	14.8870028075416	16	489	32.719836400818	0.985380116959064	-2.21790951589454	"SD"	4	16
"ECK120001241"	"yiaB"	"-"	3725430	3725771	342	"M-P2h"	12	2.51611315057041	0	0	0	0.505847953216374	-Inf	"SD"	NA	NA
"ECK120001242"	"fmt"	"+"	3432236	3433183	948	"M-P2h"	888	67.1706662601646	36	368	81.5217391304348	1	-3.48479693311909	"SD"	10	29.4117647058824
"ECK120001245"	"pheL"	"+"	2735621	2735668	48	"M-P2h"	16	23.9030749304189	0	0	0	1	-Inf	"SD"	NA	NA
"ECK120001246"	"pheM"	"-"	1797250	1797294	45	"M-P2h"	22	35.0578432312811	0	0	0	1	-Inf	"SD"	NA	NA
"ECK120001247"	"fruL"	"+"	87860	87946	87	"M-P2h"	56	46.157661934602	1	55	0	1	-Inf	"SD"	NA	NA
"ECK120001249"	"ivbL"	"-"	3850913	3851011	99	"M-P2h"	115	83.2985944544902	0	0	0	1	-Inf	"SD"	NA	NA
"ECK120001250"	"tnaC"	"+"	3886458	3886532	75	"M-P2h"	6	5.73673798330054	0	0	0	0.786666666666667	-Inf	"SD"	NA	NA
"ECK120001251"	"thrL"	"+"	190	255	66	"M-P2h"	240	260.760817422752	0	0	0	1	-Inf	"SD"	NA	NA
"ECK120001254"	"mutL"	"+"	4395435	4397282	1848	"M-P2h"	432	16.7631954057483	3	100	0	0.993506493506494	-Inf	"SD"	6	8.82352941176471
"ECK120001255"	"hyfB"	"+"	2599840	2601858	2019	"M-P2h"	9	0.319654791045721	8	91	0	0.346706290242694	-Inf	"SD"	NA	NA
"ECK120001256"	"phnE_1"	"-"	4320684	4321304	621	"M-P2h"	2524	291.455850842403	0	0	0	1	-Inf	"SD"	NA	NA
"ECK120001257"	"fabZ"	"+"	202101	202556	456	"M-P2h"	2436	383.078227174345	0	0	0	1	-Inf	"SD"	12	70.5882352941177
"ECK120001258"	"glrR"	"-"	2685491	2686825	1335	"M-P2h"	257	13.804697207006	0	0	0	0.964044943820225	-Inf	"SD"	0	0
"ECK120001263"	"yeiB"	"-"	2239832	2240989	1158	"M-P2h"	317	19.6302454739451	2	97	0	1	-Inf	"SD"	NA	NA
"ECK120001267"	"ispE"	"-"	1261249	1262100	852	"M-P2h"	500	42.0828783986248	13	357	16.8067226890756	1	-5.13212707499085	"SD"	1	3.2258064516129
"ECK120001268"	"wzzE"	"+"	3967054	3968100	1047	"M-P2h"	367	25.1358982792657	0	0	0	1	-Inf	"SD"	4	10.2564102564103
"ECK120001269"	"radA"	"+"	4623935	4625317	1383	"M-P2h"	129	6.68871294148382	2	110	0	1	-Inf	"SD"	NA	NA
"ECK120001270"	"dsbA"	"+"	4041441	4042067	627	"M-P2h"	1227	140.330492534086	0	0	0	1	-Inf	"SD"	16	69.5652173913043
"ECK120001271"	"yhdE"	"-"	3395807	3396400	594	"M-P2h"	288	34.7681089897002	2	100	0	1	-Inf	"SD"	3	13.6363636363636
"ECK120001272"	"rng"	"-"	3394348	3395817	1470	"M-P2h"	778	37.9522291752366	3	162	0	1	-Inf	"SD"	7	12.7272727272727
"ECK120001273"	"ydfA"	"+"	1646532	1646687	156	"M-P2h"	19	8.73381583996076	0	0	0	1	-Inf	"SD"	NA	NA
"ECK120001274"	"ydfB"	"+"	1646689	1646817	129	"M-P2h"	24	13.3412511239547	0	0	0	1	-Inf	"SD"	NA	NA
"ECK120001275"	"ydfC"	"+"	1646847	1647065	219	"M-P2h"	39	12.7701359217307	10	418	23.9234449760766	0.990867579908676	-2.67470197564947	"SD"	NA	NA
"ECK120001276"	"ydfD"	"+"	1647818	1648009	192	"M-P2h"	2	0.746971091575591	2	160	0	0.708333333333333	-Inf	"SD"	NA	NA
"ECK120001277"	"ydfE"	"+"	1648102	1649022	921	"M-P2h"	35	2.72510626242561	3	158	0	0.818675352877307	-Inf	"SD"	NA	NA
"ECK120001280"	"ydbC"	"+"	1472245	1473105	861	"M-P2h"	112	9.32802924113909	4	204	0	1	-Inf	"SD"	6	19.3548387096774
"ECK120001281"	"ydbD"	"+"	1473168	1475474	2307	"M-P2h"	33	1.02574963940679	3	105	0	0.609449501517122	-Inf	"SD"	NA	NA
"ECK120001282"	"dusB"	"+"	3408302	3409267	966	"M-P2h"	352	26.1300694891536	4	59	0	1	-Inf	"SD"	NA	NA
"ECK120001285"	"purB"	"-"	1189839	1191209	1371	"M-P2h"	337	17.6265563491273	6	216	0	1	-Inf	"SD"	12	23.0769230769231
"ECK120001288"	"fabD"	"+"	1148951	1149880	930	"M-P2h"	3489	269.025253007199	1	38	0	1	-Inf	"SD"	29	90.625
"ECK120001289"	"fabG"	"+"	1149893	1150627	735	"M-P2h"	2822	275.324397769968	4	160	0	1	-Inf	"SD"	25	96.1538461538462
"ECK120001292"	"ribD"	"+"	432679	433782	1104	"M-P2h"	965	62.6806176843866	5	151	0	1	-Inf	"SD"	7	17.5
"ECK120001293"	"ribE"	"+"	433871	434341	471	"M-P2h"	750	114.186663680345	0	0	0	1	-Inf	"SD"	13	81.25
"ECK120001295"	"ubiH"	"-"	3050362	3051540	1179	"M-P2h"	547	33.2696742670207	0	0	0	1	-Inf	"SD"	1	2.38095238095238
"ECK120001298"	"codB"	"+"	354146	355405	1260	"M-P2h"	47	2.67486790888021	1	46	0	0.51031746031746	-Inf	"SD"	NA	NA
"ECK120001299"	"fdx"	"-"	2654770	2655105	336	"M-P2h"	697	148.753957379482	1	100	0	1	-Inf	"SD"	NA	NA
"ECK120001300"	"gabD"	"+"	2789295	2790743	1449	"M-P2h"	85	4.20654527760995	1	42	0	0.685990338164251	-Inf	"SD"	2	3.84615384615385
"ECK120001301"	"gabP"	"+"	2792275	2793675	1401	"M-P2h"	42	2.14974121429892	14	123	0	0.714489650249822	-Inf	"SD"	NA	NA
"ECK120001304"	"ubiI"	"-"	3049137	3050339	1203	"M-P2h"	370	22.0552062949002	13	293	44.3686006825939	0.935162094763092	-3.0845357264749	"SD"	NA	NA
"ECK120001307"	"endA"	"+"	3088369	3089076	708	"M-P2h"	5	0.506421079034299	2	81	0	0.464689265536723	-Inf	"SD"	NA	NA
"ECK120001308"	"lysP"	"-"	2245085	2246554	1470	"M-P2h"	127	6.19528676768001	29	208	91.3461538461538	0.983673469387755	-0.705171644880612	"SD"	NA	NA
"ECK120001310"	"waaG"	"-"	3803966	3805090	1125	"M-P2h"	473	30.1497451789017	11	138	43.4782608695652	1	-4.6510394977896	"SD"	2	4.76190476190476
"ECK120001311"	"waaP"	"-"	3803176	3803973	798	"M-P2h"	248	22.2855736193379	0	0	0	1	-Inf	"SD"	NA	NA
"ECK120001314"	"mdtG"	"-"	1113487	1114713	1227	"M-P2h"	73	4.26631899736083	26	299	43.4782608695652	0.866340668296659	-0.714480218351776	"SD"	NA	NA
"ECK120001315"	"mnmA"	"-"	1191890	1192996	1107	"M-P2h"	658	42.6239113935383	1	45	0	1	-Inf	"SD"	7	17.0731707317073
"ECK120001316"	"hflD"	"-"	1191213	1191854	642	"M-P2h"	213	23.7913783185945	4	215	0	1	-Inf	"SD"	4	17.3913043478261
"ECK120001319"	"waaS"	"-"	3802204	3803139	936	"M-P2h"	169	12.9474989206436	0	0	0	0.993589743589744	-Inf	"SD"	NA	NA
"ECK120001320"	"waaB"	"-"	3801081	3802190	1110	"M-P2h"	332	21.4481645321597	0	0	0	1	-Inf	"SD"	NA	NA
"ECK120001321"	"waaI"	"-"	3800062	3801081	1020	"M-P2h"	380	26.7152013928211	1	48	0	1	-Inf	"SD"	1	2.56410256410256
"ECK120001322"	"waaJ"	"-"	3799006	3800022	1017	"M-P2h"	308	21.7172480193777	1	56	0	0.92330383480826	-Inf	"SD"	NA	NA
"ECK120001323"	"emrA"	"+"	2809449	2810621	1173	"M-P2h"	163	9.96470898633832	5	100	0	0.982097186700767	-Inf	"SD"	4	9.30232558139535
"ECK120001324"	"fliA"	"-"	1999094	1999813	720	"M-P2h"	80	7.96769164347297	4	267	0	0.954166666666667	-Inf	"SD"	4	14.2857142857143
"ECK120001325"	"fliZ"	"-"	1998497	1999048	552	"M-P2h"	32	4.15705650963807	33	112	214.285714285714	0.784420289855073	0.207472046223569	"AD"	NA	NA
"ECK120001331"	"gluQ"	"-"	159186	160112	927	"M-P2h"	80	6.1884983638625	12	329	18.2370820668693	0.899676375404531	-2.36655497681643	"SD"	NA	NA
"ECK120001332"	"amiB"	"+"	4394088	4395425	1338	"M-P2h"	261	13.9881223247519	1	67	0	0.979073243647235	-Inf	"SD"	0	0
"ECK120001333"	"bglH"	"-"	3898627	3900243	1617	"M-P2h"	17	0.753900322480745	4	100	0	0.338280766852195	-Inf	"SD"	NA	NA
"ECK120001336"	"menB"	"-"	2373984	2374841	858	"M-P2h"	394	32.9294109181296	0	0	0	1	-Inf	"SD"	7	21.875
"ECK120001337"	"ubiC"	"+"	4250529	4251026	498	"M-P2h"	467	67.2453975452147	0	0	0	1	-Inf	"SD"	8	42.1052631578947
"ECK120001342"	"folK"	"-"	157253	157732	480	"M-P2h"	53	7.91789357070127	0	0	0	0.945833333333333	-Inf	"SD"	1	5.55555555555556
"ECK120001344"	"ftsP"	"-"	3159279	3160691	1413	"M-P2h"	504	25.5778126643973	9	168	35.7142857142857	1	-4.41378658372058	"SD"	1	1.92307692307692
"ECK120001345"	"plsC"	"-"	3160766	3161503	738	"M-P2h"	408	39.6441242748411	53	431	85.84686774942	1	-2.42150988155791	"SD"	NA	NA
"ECK120001346"	"sufA"	"-"	1762042	1762410	369	"M-P2h"	42	8.1620255859967	0	0	0	1	-Inf	"SD"	NA	NA
"ECK120001347"	"appB"	"+"	1038519	1039655	1137	"M-P2h"	97	6.11767353100431	11	152	0	0.975373790677221	-Inf	"SD"	NA	NA
"ECK120001348"	"appC"	"+"	1036963	1038507	1545	"M-P2h"	111	5.15192488791553	4	93	0	0.976051779935275	-Inf	"SD"	NA	NA
"ECK120001350"	"elbB"	"-"	3347828	3348481	654	"M-P2h"	379	41.5562632964622	2	100	0	1	-Inf	"SD"	7	30.4347826086957
"ECK120001355"	"fliS"	"+"	2003327	2003737	411	"M-P2h"	65	11.3408749669871	0	0	0	1	-Inf	"SD"	NA	NA
"ECK120001356"	"fliT"	"+"	2003737	2004102	366	"M-P2h"	67	13.1270985273612	1	60	0	1	-Inf	"SD"	NA	NA
"ECK120001358"	"osmY"	"+"	4609419	4610024	606	"M-P2h"	146	17.2764799002038	1	50	0	1	-Inf	"SD"	1	4.76190476190476
"ECK120001365"	"hdeB"	"-"	3653989	3654315	327	"M-P2h"	1035	226.969564706271	0	0	0	1	-Inf	"SD"	NA	NA
"ECK120001367"	"psiF"	"+"	402505	402825	321	"M-P2h"	21090	4711.36308675266	4	156	0	1	-Inf	"SD"	NA	NA
"ECK120001368"	"treC"	"-"	4461077	4462732	1656	"M-P2h"	17	0.736145423581742	5	98	0	0.441425120772947	-Inf	"SD"	26	40.625
"ECK120001370"	"ychF"	"-"	1255944	1257035	1092	"M-P2h"	559	36.7082936431433	5	145	0	0.972527472527473	-Inf	"SD"	14	35
"ECK120001371"	"cydD"	"-"	928419	930185	1767	"M-P2h"	502	20.3724000255862	7	207	0	1	-Inf	"SD"	21	32.3076923076923
"ECK120001375"	"lpxK"	"+"	967589	968575	987	"M-P2h"	127	9.22702284548086	0	0	0	0.991894630192503	-Inf	"SD"	NA	NA
"ECK120001377"	"glnD"	"-"	185978	188650	2673	"M-P2h"	1087	29.1612148702193	41	875	27.4285714285714	0.991769547325103	-2.60294451333883	"SD"	6	5.88235294117647
"ECK120001378"	"holA"	"-"	669797	670828	1032	"M-P2h"	421	29.2534725165883	27	214	126.168224299065	1	-2.43757657675543	"SD"	NA	NA
"ECK120001379"	"holC"	"-"	4481860	4482303	444	"M-P2h"	832	134.374042852085	1	73	0	1	-Inf	"SD"	NA	NA
"ECK120001381"	"dps"	"-"	847631	848134	504	"M-P2h"	2001	284.70269604624	206	645	319.37984496124	1	-2.78873991249837	"SD"	10	52.6315789473684
"ECK120001382"	"nrdD"	"-"	4458545	4460683	2139	"M-P2h"	105	3.52008817348385	7	211	0	0.810191678354371	-Inf	"SD"	10	12.5
"ECK120001383"	"dcd"	"-"	2139658	2140239	582	"M-P2h"	420	51.7489251070925	11	190	52.6315789473684	1	-4.69345699114623	"SD"	4	19.047619047619
"ECK120001384"	"bcr"	"-"	2276592	2277782	1191	"M-P2h"	338	20.3507287820695	37	1009	35.6788899900892	1	-1.49901164825151	"SD"	NA	NA
"ECK120001389"	"waaY"	"-"	3798290	3798988	699	"M-P2h"	82	8.4122409626367	1	100	0	0.925608011444921	-Inf	"SD"	2	7.40740740740741
"ECK120001390"	"waaZ"	"-"	3797368	3798219	852	"M-P2h"	110	9.25823324769747	1	54	0	1	-Inf	"SD"	NA	NA
"ECK120001401"	"plsX"	"+"	1146844	1147914	1071	"M-P2h"	497	33.276829805093	7	184	0	1	-Inf	"SD"	NA	NA
"ECK120001406"	"gcvT"	"-"	3047595	3048689	1095	"M-P2h"	133	8.70988757738552	3	117	0	0.954337899543379	-Inf	"SD"	29	72.5
"ECK120001407"	"rpiA"	"-"	3056688	3057347	660	"M-P2h"	2317	251.742839153548	1	100	0	1	-Inf	"SD"	7	30.4347826086957
"ECK120001408"	"scpA"	"+"	3058872	3061016	2145	"M-P2h"	24	0.80234097668539	34	198	95.959595959596	0.428438228438228	2.24371203383358	"AD"	NA	NA
"ECK120001409"	"argK"	"+"	3061009	3062004	996	"M-P2h"	9	0.647974922812561	4	224	0	0.592369477911647	-Inf	"SD"	NA	NA
"ECK120001410"	"csrA"	"-"	2816983	2817168	186	"M-P2h"	910	350.835454623891	19	273	69.5970695970696	1	-6.5286513218102	"SD"	3	42.8571428571429
"ECK120001414"	"rffE"	"+"	3968156	3969286	1131	"M-P2h"	199	12.6172729738816	3	103	0	0.954022988505747	-Inf	"SD"	3	7.14285714285714
"ECK120001415"	"rffD"	"+"	3969283	3970545	1263	"M-P2h"	161	9.14108091163289	3	164	0	1	-Inf	"SD"	3	6.52173913043478
"ECK120001416"	"rffG"	"+"	3970545	3971612	1068	"M-P2h"	192	12.8915460298889	4	164	0	1	-Inf	"SD"	6	15
"ECK120001417"	"rffH"	"+"	3971631	3972512	882	"M-P2h"	99	8.04899461942678	1	36	0	0.990929705215419	-Inf	"SD"	5	15.1515151515152
"ECK120001418"	"rffC"	"+"	3972619	3973164	546	"M-P2h"	60	7.8801345924458	0	0	0	0.976190476190476	-Inf	"SD"	NA	NA
"ECK120001419"	"rffA"	"+"	3973169	3974299	1131	"M-P2h"	150	9.51050726674493	5	157	0	0.961980548187445	-Inf	"SD"	4	9.52380952380952
"ECK120001420"	"wzyE"	"+"	3976624	3977976	1353	"M-P2h"	278	14.7340461877083	3	144	0	0.983739837398374	-Inf	"SD"	NA	NA
"ECK120001421"	"rffM"	"+"	3977979	3978719	741	"M-P2h"	142	13.741848745423	8	312	25.6410256410256	0.93387314439946	-3.1024322984746	"SD"	NA	NA
"ECK120001422"	"yifK"	"+"	3978910	3980295	1386	"M-P2h"	103	5.32904051479037	5	249	0	0.984848484848485	-Inf	"SD"	NA	NA
"ECK120001428"	"rarD"	"-"	4001311	4002201	891	"M-P2h"	48	3.8631232210778	2	54	0	0.910213243546577	-Inf	"SD"	NA	NA
"ECK120001432"	"yigL"	"+"	4008223	4009023	801	"M-P2h"	355	31.7812419486843	13	225	31.1111111111111	1	-4.50467677120149	"SD"	5	16.6666666666667
"ECK120001434"	"rmuC"	"+"	4015356	4016783	1428	"M-P2h"	123	6.1766349084906	2	40	0	0.9796918767507	-Inf	"SD"	2	3.63636363636364
"ECK120001435"	"ubiE"	"+"	4016878	4017633	756	"M-P2h"	425	40.3127255770954	12	184	65.2173913043478	1	-4.07012901735859	"SD"	10	35.7142857142857
"ECK120001436"	"ubiJ"	"+"	4017647	4018252	606	"M-P2h"	179	21.1814376858663	1	44	0	1	-Inf	"SD"	1	4.54545454545455
"ECK120001437"	"ubiB"	"+"	4018249	4019889	1641	"M-P2h"	525	22.9417081142046	21	118	101.694915254237	1	-3.25686649959437	"SD"	NA	NA
"ECK120001438"	"tatC"	"+"	4020759	4021535	777	"M-P2h"	339	31.2862640981159	2	58	0	1	-Inf	"SD"	NA	NA
"ECK120001440"	"yigZ"	"+"	4030515	4031129	615	"M-P2h"	302	35.2133103853001	2	36	0	1	-Inf	"SD"	NA	NA
"ECK120001441"	"hemG"	"+"	4032631	4033176	546	"M-P2h"	278	36.5112902783322	10	426	23.4741784037559	1	-4.19027074819205	"SD"	5	23.8095238095238
"ECK120001442"	"wzxE"	"+"	3974301	3975551	1251	"M-P2h"	125	7.16519032686418	1	98	0	0.860911270983213	-Inf	"SD"	NA	NA
"ECK120001443"	"pdxH"	"-"	1715375	1716031	657	"M-P2h"	418	45.623220643448	7	207	0	1	-Inf	"SD"	8	30.7692307692308
"ECK120001444"	"mliC"	"-"	1716090	1716419	330	"M-P2h"	43	9.34392929098194	6	352	17.0454545454545	0.996969696969697	-2.96099495101088	"SD"	NA	NA
"ECK120001445"	"csgA"	"+"	1103670	1104125	456	"M-P2h"	1673	263.091081306519	108	697	154.949784791966	1	-3.6064591249859	"SD"	NA	NA
"ECK120001446"	"gadB"	"-"	1568669	1570069	1401	"M-P2h"	75	0	0	0	0	0.215560314061385	NA	"NO"	0	0
"ECK120001447"	"dinF"	"+"	4255765	4257144	1380	"M-P2h"	118	6.13165835171616	0	0	0	0.866666666666667	-Inf	"SD"	NA	NA
"ECK120001449"	"pabC"	"+"	1152523	1153332	810	"M-P2h"	134	11.8630075580598	3	98	0	1	-Inf	"SD"	NA	NA
"ECK120001450"	"yceG"	"+"	1153335	1154357	1023	"M-P2h"	201	14.0894957801003	10	281	0	0.976539589442815	-Inf	"SD"	NA	NA
"ECK120001453"	"prmA"	"+"	3407092	3407973	882	"M-P2h"	212	17.2362309022068	9	175	34.2857142857143	1	-3.84433801956028	"SD"	3	9.375
"ECK120001454"	"yhdJ"	"+"	3409675	3410559	885	"M-P2h"	20	1.62054745290976	12	345	26.0869565217391	0.661016949152542	0.15151564024955	"AD"	NA	NA
"ECK120001455"	"yhbE"	"-"	3329792	3330757	966	"M-P2h"	168	12.4711695289142	6	92	0	0.971014492753623	-Inf	"SD"	NA	NA
"ECK120001456"	"holB"	"+"	1154985	1155989	1005	"M-P2h"	192	13.6996727959416	13	385	23.3766233766234	0.996019900497512	-2.92807262448831	"SD"	1	2.7027027027027
"ECK120001457"	"adiA"	"-"	4336277	4338544	2268	"M-P2h"	28	0.885299071496997	16	247	0	0.480599647266314	-Inf	"SD"	NA	NA
"ECK120001458"	"rcsF"	"-"	219591	219995	405	"M-P2h"	438	77.5521986631369	4	286	0	1	-Inf	"SD"	NA	NA
"ECK120001459"	"yaeB"	"-"	218887	219594	708	"M-P2h"	74	7.49503196970763	2	63	0	0.872881355932203	-Inf	"SD"	NA	NA
"ECK120001460"	"metQ"	"-"	220113	220928	816	"M-P2h"	7346	645.558781025211	2	121	0	1	-Inf	"SD"	41	141.379310344828
"ECK120001462"	"ftsH"	"-"	3323023	3324957	1935	"M-P2h"	4883	180.959247884086	32	240	112.5	1	-5.06656162071798	"SD"	45	63.3802816901408
"ECK120001464"	"sra"	"-"	1553850	1553987	138	"M-P2h"	1002	520.671327832169	3	71	0	1	-Inf	"SD"	NA	NA
"ECK120001466"	"ppk"	"+"	2621066	2623132	2067	"M-P2h"	1089	37.7800415083109	58	714	67.2268907563025	1	-1.97651797584606	"SD"	21	26.25
"ECK120001469"	"gltF"	"+"	3359198	3359962	765	"M-P2h"	64	5.99920311979141	3	90	0	1	-Inf	"SD"	NA	NA
"ECK120001470"	"yhcA"	"+"	3360134	3360808	675	"M-P2h"	12	1.27483066295568	7	245	24.4897959183673	0.801481481481481	-0.0872712193375689	"SD"	NA	NA
"ECK120001472"	"glpX"	"-"	4112592	4113602	1011	"M-P2h"	128	9.07891273321549	0	0	0	0.975272007912957	-Inf	"SD"	2	5.55555555555556
"ECK120001473"	"nikR"	"+"	3616611	3617012	402	"M-P2h"	56	9.98934474704074	31	532	58.2706766917293	1	-0.688121831767557	"SD"	3	20
"ECK120001474"	"yhhH"	"+"	3621422	3621805	384	"M-P2h"	34	6.34925427839253	0	0	0	0.799479166666667	-Inf	"SD"	NA	NA
"ECK120001476"	"ybfB"	"+"	732999	733325	327	"M-P2h"	11	2.41223691958356	0	0	0	1	-Inf	"SD"	NA	NA
"ECK120001477"	"ybfC"	"+"	734873	735442	570	"M-P2h"	12	1.50966789034225	2	37	0	0.536842105263158	-Inf	"SD"	NA	NA
"ECK120001478"	"ybfD"	"+"	737315	738076	762	"M-P2h"	0	0	0	0	0	0	NA	"NO"	NA	NA
"ECK120001480"	"ydcC"	"+"	1529840	1530976	1137	"M-P2h"	0	0	0	0	0	0	NA	"NO"	NA	NA
"ECK120001482"	"fabI"	"-"	1348275	1349063	789	"M-P2h"	3352	304.650597592259	25	501	45.9081836327345	1	-6.04937789890463	"SD"	30	107.142857142857
"ECK120001483"	"ftsN"	"-"	4120403	4121362	960	"M-P2h"	216	16.1345755780328	28	246	109.756097560976	0.992708333333333	-1.57912431566724	"SD"	NA	NA
"ECK120001484"	"fadD"	"-"	1886085	1887770	1686	"M-P2h"	208	8.84668965396287	8	115	0	0.986951364175564	-Inf	"SD"	5	8.06451612903226
"ECK120001486"	"menC"	"-"	2373022	2373984	963	"M-P2h"	327	24.3498613777165	1	52	0	1	-Inf	"SD"	2	5.71428571428571
"ECK120001489"	"ibpB"	"-"	3864492	3864920	429	"M-P2h"	196	32.7622565479868	0	0	0	1	-Inf	"SD"	NA	NA
"ECK120001491"	"yceH"	"+"	1125380	1126027	648	"M-P2h"	732	81.0048650419752	3	78	0	1	-Inf	"SD"	14	58.3333333333333
"ECK120001493"	"pyrH"	"+"	191855	192580	726	"M-P2h"	695	68.6472606472775	1	36	0	1	-Inf	"SD"	6	23.0769230769231
"ECK120001497"	"hemE"	"+"	4195739	4196803	1065	"M-P2h"	842	56.6940537786274	3	100	0	1	-Inf	"SD"	8	20.5128205128205
"ECK120001498"	"gadE"	"+"	3656389	3656916	528	"M-P2h"	93	12.6306020939145	1	100	0	0.748106060606061	-Inf	"SD"	NA	NA
"ECK120001501"	"rnt"	"+"	1726371	1727018	648	"M-P2h"	85	9.40630263465559	1	59	0	1	-Inf	"SD"	4	16.6666666666667
"ECK120001505"	"hydN"	"-"	2835600	2836127	528	"M-P2h"	24	3.2595102177844	1	100	0	0.84280303030303	-Inf	"SD"	NA	NA
"ECK120001506"	"glmM"	"-"	3320755	3322092	1338	"M-P2h"	666	35.6938293804013	1	73	0	1	-Inf	"SD"	11	22.9166666666667
"ECK120001510"	"caiD"	"-"	35377	36162	786	"M-P2h"	8	0.72986488337157	1	101	0	0.274809160305344	-Inf	"SD"	NA	NA
"ECK120001511"	"caiC"	"-"	36271	37824	1554	"M-P2h"	54	2.49182634409772	8	201	0	0.71042471042471	-Inf	"SD"	NA	NA
"ECK120001512"	"caiB"	"-"	37898	39115	1218	"M-P2h"	64	3.76797240282466	2	74	0	0.701970443349754	-Inf	"SD"	NA	NA
"ECK120001513"	"caiA"	"-"	39244	40386	1143	"M-P2h"	76	4.76806744018855	5	131	0	0.89238845144357	-Inf	"SD"	NA	NA
"ECK120001516"	"fixB"	"+"	43188	44129	942	"M-P2h"	6	0.456746654721381	1	37	0	0.383227176220807	-Inf	"SD"	NA	NA
"ECK120001517"	"fixC"	"+"	44180	45466	1287	"M-P2h"	3	0	21	291	65.2920962199313	0.150738150738151	Inf	"AD"	NA	NA
"ECK120001518"	"fixX"	"+"	45463	45750	288	"M-P2h"	5	1.24495181929265	0	0	0	0.795138888888889	-Inf	"SD"	NA	NA
"ECK120001519"	"yaaU"	"+"	45807	47138	1332	"M-P2h"	9	0.484521789130113	5	100	0	0.276276276276276	-Inf	"SD"	NA	NA
"ECK120001520"	"kefF"	"+"	47246	47776	531	"M-P2h"	37	4.99668797980508	1	62	0	1	-Inf	"SD"	NA	NA
"ECK120001525"	"thiP"	"-"	72911	74521	1611	"M-P2h"	30	1.33536731454854	2	58	0	0.741154562383613	-Inf	"SD"	NA	NA
"ECK120001526"	"tbpA"	"-"	74497	75480	984	"M-P2h"	59	4.29963847833755	0	0	0	0.828252032520325	-Inf	"SD"	4	11.1111111111111
"ECK120001528"	"leuC"	"-"	79464	80864	1401	"M-P2h"	12794	654.852121327151	1	83	0	1	-Inf	"SD"	15	30
"ECK120001529"	"leuB"	"-"	80867	81958	1092	"M-P2h"	8392	551.084079165043	3	166	0	1	-Inf	"SD"	18	45
"ECK120001532"	"ybiB"	"+"	834471	835433	963	"M-P2h"	419	31.2005869029456	10	165	36.3636363636364	0.991692627206646	-4.70046685641049	"SD"	12	34.2857142857143
"ECK120001534"	"gcl"	"+"	533140	534921	1782	"M-P2h"	43	1.73035727610777	0	0	0	0.708193041526375	-Inf	"SD"	NA	NA
"ECK120001535"	"thiC"	"-"	4192227	4194122	1896	"M-P2h"	128	4.84112909983168	0	0	0	0.743670886075949	-Inf	"SD"	NA	NA
"ECK120001536"	"thiE"	"-"	4191592	4192227	636	"M-P2h"	34	3.83351201714266	1	46	0	0.891509433962264	-Inf	"SD"	NA	NA
"ECK120001537"	"thiF"	"-"	4190844	4191599	756	"M-P2h"	67	6.35518262038916	1	95	0	0.994708994708995	-Inf	"SD"	NA	NA
"ECK120001538"	"thiG"	"-"	4189888	4190658	771	"M-P2h"	92	8.55674277664802	1	100	0	0.972762645914397	-Inf	"SD"	NA	NA
"ECK120001539"	"thiH"	"-"	4188758	4189891	1134	"M-P2h"	143	9.04269765886218	4	264	0	1	-Inf	"SD"	NA	NA
"ECK120001540"	"lipB"	"-"	660860	661501	642	"M-P2h"	199	22.2276257530531	8	147	40.8163265306122	1	-4.21124754397595	"SD"	2	8.33333333333333
"ECK120001541"	"ybeD"	"-"	661602	661865	264	"M-P2h"	1705	463.122076776866	5	140	0	1	-Inf	"SD"	4	40
"ECK120001542"	"ybeF"	"-"	659648	660601	954	"M-P2h"	2	0	184	1014	181.459566074951	0.134171907756813	Inf	"AD"	NA	NA
"ECK120001544"	"moaB"	"+"	817278	817790	513	"M-P2h"	791	110.569194561178	0	0	0	1	-Inf	"SD"	7	36.8421052631579
"ECK120001545"	"moaD"	"+"	818271	818516	246	"M-P2h"	262	76.3732394118263	0	0	0	1	-Inf	"SD"	NA	NA
"ECK120001546"	"moaE"	"+"	818518	818970	453	"M-P2h"	362	57.3040604292162	0	0	0	1	-Inf	"SD"	2	11.7647058823529
"ECK120001549"	"sseB"	"-"	2652179	2652955	777	"M-P2h"	337	31.1016843689235	1	100	0	1	-Inf	"SD"	4	13.7931034482759
"ECK120001550"	"glnE"	"-"	3194823	3197663	2841	"M-P2h"	972	24.5340959159104	3	122	0	1	-Inf	"SD"	7	6.48148148148148
"ECK120001553"	"smg"	"-"	3430013	3430486	474	"M-P2h"	2131	322.388940991916	5	153	0	1	-Inf	"SD"	NA	NA
"ECK120001561"	"eptA"	"-"	4331970	4333613	1644	"M-P2h"	1287	56.137331086586	8	162	0	1	-Inf	"SD"	1	1.61290322580645
"ECK120001563"	"basR"	"-"	4331305	4331973	669	"M-P2h"	2405	257.788767747343	3	112	0	1	-Inf	"SD"	4	16
"ECK120001565"	"baeS"	"+"	2160900	2162303	1404	"M-P2h"	176	8.98919057212335	11	278	28.7769784172662	0.8497150997151	-2.49011930960849	"SD"	NA	NA
"ECK120001566"	"baeR"	"+"	2162300	2163022	723	"M-P2h"	335	33.2262659821176	5	112	0	1	-Inf	"SD"	7	25
"ECK120001567"	"mfd"	"-"	1169741	1173187	3447	"M-P2h"	1391	28.9374910602373	8	115	0	1	-Inf	"SD"	23	17.6923076923077
"ECK120001568"	"rnb"	"-"	1345002	1346936	1935	"M-P2h"	826	30.6107595232962	17	269	29.7397769516729	0.997932816537468	-4.25789503166343	"SD"	20	27.7777777777778
"ECK120001570"	"mdlB"	"+"	469860	471641	1782	"M-P2h"	73	2.93758328269458	12	178	56.1797752808989	0.833894500561167	-0.554629753746489	"SD"	NA	NA
"ECK120001571"	"sdaB"	"+"	2927598	2928965	1368	"M-P2h"	43	2.25401803071933	7	50	0	0.899122807017544	-Inf	"SD"	NA	NA
"ECK120001572"	"artP"	"-"	902229	902957	729	"M-P2h"	387	38.0678600743709	8	256	0	1	-Inf	"SD"	1	3.7037037037037
"ECK120001573"	"artI"	"-"	901480	902211	732	"M-P2h"	868	85.0322501623099	3	112	0	1	-Inf	"SD"	9	33.3333333333333
"ECK120001574"	"artQ"	"-"	900757	901473	717	"M-P2h"	178	17.8022901155421	0	0	0	1	-Inf	"SD"	1	3.84615384615385
"ECK120001575"	"artM"	"-"	900089	900757	669	"M-P2h"	126	13.5057732790708	0	0	0	1	-Inf	"SD"	NA	NA
"ECK120001577"	"potF"	"+"	893007	894119	1113	"M-P2h"	1080	69.583075269144	0	0	0	1	-Inf	"SD"	21	51.219512195122
"ECK120001578"	"potG"	"+"	894214	895347	1134	"M-P2h"	364	23.0177758589219	0	0	0	0.986772486772487	-Inf	"SD"	NA	NA
"ECK120001579"	"potH"	"+"	895357	896310	954	"M-P2h"	177	13.3045417065539	3	87	0	1	-Inf	"SD"	NA	NA
"ECK120001580"	"potI"	"+"	896307	897152	846	"M-P2h"	139	11.782012111093	0	0	0	1	-Inf	"SD"	NA	NA
"ECK120001590"	"psuK"	"-"	2256377	2257318	942	"M-P2h"	4	0	0	0	0	0.186836518046709	NA	"NO"	NA	NA
"ECK120001591"	"accA"	"+"	208621	209580	960	"M-P2h"	1154	86.2004639678232	2	100	0	1	-Inf	"SD"	23	65.7142857142857
"ECK120001598"	"fliG"	"+"	2012904	2013899	996	"M-P2h"	52	3.74385510958369	1	61	0	0.858433734939759	-Inf	"SD"	11	29.7297297297297
"ECK120001599"	"fliH"	"+"	2013892	2014578	687	"M-P2h"	23	2.40074551702897	0	0	0	0.775836972343523	-Inf	"SD"	4	16
"ECK120001601"	"uidB"	"-"	1690914	1692287	1374	"M-P2h"	21	1.09599251864366	8	100	0	0.52037845705968	-Inf	"SD"	NA	NA
"ECK120001604"	"yedF"	"+"	2007503	2007736	234	"M-P2h"	18	5.51609421471206	20	234	85.4700854700855	0.769230769230769	-0.463647098247303	"SD"	NA	NA
"ECK120001605"	"yedK"	"+"	2007845	2008513	669	"M-P2h"	25	2.67971692045055	2	37	0	0.853512705530643	-Inf	"SD"	NA	NA
"ECK120001609"	"moaC"	"+"	817793	818278	486	"M-P2h"	297	43.8223040391013	0	0	0	1	-Inf	"SD"	NA	NA
"ECK120001611"	"atoC"	"+"	2319888	2321273	1386	"M-P2h"	97	5.01861097023947	24	135	103.703703703704	0.956709956709957	-0.841861289268067	"SD"	NA	NA
"ECK120001612"	"atoD"	"+"	2321469	2322131	663	"M-P2h"	6	0.64895226055436	7	168	41.6666666666667	0.440422322775264	1.10924257017328	"AD"	NA	NA
"ECK120001613"	"atoA"	"+"	2322131	2322781	651	"M-P2h"	6	0.660914514205131	2	147	0	0.301075268817204	-Inf	"SD"	NA	NA
"ECK120001614"	"atoE"	"+"	2322778	2324100	1323	"M-P2h"	31	1.68026150304532	10	130	0	0.729402872260015	-Inf	"SD"	NA	NA
"ECK120001618"	"panB"	"-"	148807	149601	795	"M-P2h"	524	47.2649481643	1	70	0	1	-Inf	"SD"	8	28.5714285714286
"ECK120001619"	"hslV"	"-"	4119780	4120310	531	"M-P2h"	771	104.120173849452	3	149	0	1	-Inf	"SD"	18	94.7368421052632
"ECK120001620"	"modF"	"-"	791539	793011	1473	"M-P2h"	528	25.704324976092	24	476	42.0168067226891	1	-2.683939220711	"SD"	NA	NA
"ECK120001621"	"yadC"	"-"	149715	150953	1239	"M-P2h"	28	1.62054745290976	12	111	0	0.560936238902341	-Inf	"SD"	NA	NA
"ECK120001622"	"aas"	"-"	2971877	2974036	2160	"M-P2h"	166	5.51098672006881	16	141	49.645390070922	0.945833333333333	-1.97688382351425	"SD"	3	3.7037037037037
"ECK120001623"	"lptB"	"+"	3341966	3342691	726	"M-P2h"	963	95.1184345371629	6	146	0	1	-Inf	"SD"	8	29.6296296296296
"ECK120001624"	"hpf"	"+"	3344195	3344482	288	"M-P2h"	2688	669.28609805173	5	340	0	1	-Inf	"SD"	1	9.09090909090909
"ECK120001625"	"ptsN"	"+"	3344600	3345091	492	"M-P2h"	1115	162.51175943547	6	176	0	1	-Inf	"SD"	2	11.1111111111111
"ECK120001630"	"setC"	"+"	3834976	3836160	1185	"M-P2h"	9	0.544627023731064	2	59	0	0.349367088607595	-Inf	"SD"	NA	NA
"ECK120001633"	"yicN"	"-"	3839973	3840425	453	"M-P2h"	111	17.5711345515	1	100	0	0.845474613686534	-Inf	"SD"	NA	NA
"ECK120001638"	"yidG"	"-"	3853631	3853993	363	"M-P2h"	134	26.4711738898854	23	233	98.7124463519313	1	-2.52471640768076	"SD"	NA	NA
"ECK120001641"	"galM"	"-"	787020	788060	1041	"M-P2h"	1490	102.63856382226	33	207	67.6328502415459	1	-5.19600225126826	"SD"	12	31.5789473684211
"ECK120001647"	"acrB"	"-"	480478	483627	3150	"M-P2h"	5892	134.130397609551	15	179	0	1	-Inf	"SD"	43	37.719298245614
"ECK120001652"	"glvB"	"-"	3860010	3860495	486	"M-P2h"	0	0	3	100	0	0	NA	"NO"	NA	NA
"ECK120001659"	"mdtL"	"+"	3889638	3890813	1176	"M-P2h"	34	0	3	100	0	0.18452380952381	NA	"NO"	NA	NA
"ECK120001660"	"yidZ"	"+"	3890788	3891747	960	"M-P2h"	95	7.09622536996812	39	496	78.6290322580645	0.913541666666667	0.136422294864061	"AD"	NA	NA
"ECK120001661"	"yieE"	"+"	3891892	3892653	762	"M-P2h"	98	9.22244623299627	1	63	0	0.874015748031496	-Inf	"SD"	NA	NA
"ECK120001665"	"cbrB"	"+"	3895529	3895996	468	"M-P2h"	72	11.0321884294241	82	992	82.6612903225806	1	0.571976811483421	"AD"	NA	NA
"ECK120001668"	"yieL"	"-"	3897431	3898627	1197	"M-P2h"	33	1.97694604687675	9	223	0	0.865497076023392	-Inf	"SD"	NA	NA
"ECK120001674"	"efeB"	"+"	1082599	1083870	1272	"M-P2h"	36	2.0295063620167	9	189	42.3280423280423	0.838836477987421	-0.343056957433714	"SD"	NA	NA
"ECK120001676"	"metI"	"-"	220968	221621	654	"M-P2h"	811	88.9238246264667	1	75	0	1	-Inf	"SD"	NA	NA
"ECK120001678"	"nfrB"	"-"	590164	592401	2238	"M-P2h"	57	1.82637435795426	18	351	22.7920227920228	0.521447721179625	-0.190910604464104	"SD"	NA	NA
"ECK120001679"	"nfrA"	"-"	587205	590177	2973	"M-P2h"	128	3.08738001119437	9	118	0	0.906828119744366	-Inf	"SD"	NA	NA
"ECK120001681"	"yddA"	"-"	1575681	1577366	1686	"M-P2h"	12	0.510385941574781	3	63	0	0.308422301304864	-Inf	"SD"	NA	NA
"ECK120001682"	"yddB"	"-"	1573271	1575643	2373	"M-P2h"	95	2.87078649606801	25	158	37.9746835443038	0.682258744205647	-1.2584116336916	"SD"	NA	NA
"ECK120001683"	"pqqL"	"-"	1570431	1573226	2796	"M-P2h"	223	5.71929797154873	15	228	0	0.954577968526466	-Inf	"SD"	5	4.76190476190476
"ECK120001690"	"otsB"	"-"	1979611	1980411	801	"M-P2h"	149	13.3391691559267	6	222	27.027027027027	1	-3.47456249860806	"SD"	NA	NA
"ECK120001693"	"tsaE"	"+"	4393608	4394069	462	"M-P2h"	176	27.3177999204788	1	60	0	1	-Inf	"SD"	3	17.6470588235294
"ECK120001696"	"ydcD"	"+"	1527946	1528428	483	"M-P2h"	77	11.4319054015047	3	100	0	1	-Inf	"SD"	NA	NA
"ECK120001699"	"yibG"	"+"	3766200	3766661	462	"M-P2h"	8	1.24171817820358	0	0	0	0.467532467532468	-Inf	"SD"	NA	NA
"ECK120001702"	"yibJ"	"+"	3765244	3765945	702	"M-P2h"	10	1.02149892865038	4	124	0	0.458689458689459	-Inf	"SD"	NA	NA
"ECK120001704"	"ybbB"	"-"	529356	530450	1095	"M-P2h"	108	7.07269066434313	1	73	0	0.928767123287671	-Inf	"SD"	NA	NA
"ECK120001705"	"ybbC"	"+"	526805	527173	369	"M-P2h"	133	25.8464143556562	0	0	0	1	-Inf	"SD"	NA	NA
"ECK120001706"	"ybbD"	"+"	527864	528124	261	"M-P2h"	4	0	0	0	0	0.160919540229885	NA	"NO"	NA	NA
"ECK120001707"	"nuoM"	"-"	2389534	2391063	1530	"M-P2h"	3160	148.105327019851	6	193	0	1	-Inf	"SD"	NA	NA
"ECK120001708"	"nuoF"	"-"	2398240	2399577	1338	"M-P2h"	2960	158.639241690673	2	42	0	1	-Inf	"SD"	16	32.6530612244898
"ECK120001709"	"ybfE"	"-"	710828	711121	294	"M-P2h"	45	10.9759017537638	7	303	23.1023102310231	1	-2.97084074071146	"SD"	NA	NA
"ECK120001712"	"ybfH"	"-"	715611	715820	210	"M-P2h"	5	1.70736249502992	0	0	0	0.780952380952381	-Inf	"SD"	NA	NA
"ECK120001714"	"ydeK"	"-"	1592133	1596110	3978	"M-P2h"	370	6.66978712236425	3	100	0	0.778280542986425	-Inf	"SD"	NA	NA
"ECK120001721"	"gmd"	"-"	2125217	2126338	1122	"M-P2h"	14	0.894767510764344	27	195	107.692307692308	0.664884135472371	2.23080455005419	"AD"	NA	NA
"ECK120001722"	"fcl"	"-"	2124249	2125214	966	"M-P2h"	10	0.742331519578227	8	194	36.0824742268041	0.487577639751553	0.915291294730258	"AD"	NA	NA
"ECK120001723"	"gmm"	"-"	2123767	2124246	480	"M-P2h"	1	0	3	78	0	0.10625	NA	"NO"	NA	NA
"ECK120001724"	"wcaI"	"-"	2122547	2123770	1224	"M-P2h"	4	0	0	0	0	0.227941176470588	NA	"NO"	NA	NA
"ECK120001725"	"cmtB"	"-"	3076909	3077352	444	"M-P2h"	3	0.484521789130113	0	0	0	0.425675675675676	-Inf	"SD"	NA	NA
"ECK120001726"	"cmtA"	"-"	3075493	3076881	1389	"M-P2h"	3	0	1	91	0	0.12167026637869	NA	"NO"	NA	NA
"ECK120001727"	"ygdD"	"-"	2939258	2939653	396	"M-P2h"	89	16.116467187934	0	0	0	1	-Inf	"SD"	NA	NA
"ECK120001729"	"gcvA"	"-"	2939672	2940589	918	"M-P2h"	181	14.1387469359667	10	227	30.8370044052863	1	-3.33615553288755	"SD"	1	2.94117647058824
"ECK120001733"	"hybA"	"-"	3142176	3143162	987	"M-P2h"	40	2.90614892771051	2	107	0	0.952380952380952	-Inf	"SD"	NA	NA
"ECK120001734"	"hybB"	"-"	3141008	3142186	1179	"M-P2h"	37	2.25041672372901	10	237	29.535864978903	0.803223070398643	-0.684765351867342	"SD"	NA	NA
"ECK120001735"	"hybC"	"-"	3139308	3141011	1704	"M-P2h"	256	10.773216870048	18	172	52.3255813953488	1	-2.58138028960761	"SD"	1	1.61290322580645
"ECK120001736"	"hybD"	"-"	3138814	3139308	495	"M-P2h"	142	20.5711311522393	1	100	0	1	-Inf	"SD"	NA	NA
"ECK120001737"	"hybE"	"-"	3138333	3138821	489	"M-P2h"	59	8.6520332570228	1	100	0	0.985685071574642	-Inf	"SD"	NA	NA
"ECK120001738"	"hybF"	"-"	3137999	3138340	342	"M-P2h"	22	4.61287410937909	0	0	0	0.807017543859649	-Inf	"SD"	NA	NA
"ECK120001740"	"yebE"	"-"	1927072	1927731	660	"M-P2h"	1724	187.31318718201	3	121	0	1	-Inf	"SD"	4	16.6666666666667
"ECK120001741"	"yebF"	"-"	1928058	1928414	357	"M-P2h"	316	63.4737115799359	6	104	0	1	-Inf	"SD"	NA	NA
"ECK120001744"	"gcvP"	"-"	3044190	3047063	2874	"M-P2h"	807	20.1354712618456	1	95	0	1	-Inf	"SD"	57	54.8076923076923
"ECK120001746"	"yjfC"	"+"	4411051	4412214	1164	"M-P2h"	8	0.492846905781833	8	66	0	0.347938144329897	-Inf	"SD"	NA	NA
"ECK120001747"	"torA"	"+"	1058479	1061025	2547	"M-P2h"	62	1.74557202083153	3	139	0	0.673733804475854	-Inf	"SD"	NA	NA
"ECK120001749"	"ispF"	"-"	2869323	2869802	480	"M-P2h"	129	19.2718541626502	1	77	0	1	-Inf	"SD"	2	11.7647058823529
"ECK120001750"	"umpG"	"-"	2867535	2868296	762	"M-P2h"	337	31.7139222502015	1	64	0	1	-Inf	"SD"	1	3.7037037037037
"ECK120001751"	"purU"	"-"	1287005	1287847	843	"M-P2h"	640	54.44116710131	7	165	0	1	-Inf	"SD"	8	25
"ECK120001754"	"puuB"	"+"	1362256	1363536	1281	"M-P2h"	708	39.6332015239733	1	100	0	1	-Inf	"SD"	NA	NA
"ECK120001763"	"rdoA"	"+"	4040438	4041424	987	"M-P2h"	1874	136.153077263237	5	140	0	1	-Inf	"SD"	1	2.63157894736842
"ECK120001766"	"yihI"	"+"	4049370	4049879	510	"M-P2h"	536	75.3649891923797	0	0	0	1	-Inf	"SD"	NA	NA
"ECK120001768"	"typA"	"+"	4056430	4058253	1824	"M-P2h"	4859	191.028028103463	27	379	29.023746701847	1	-6.440136995591	"SD"	35	52.2388059701493
"ECK120001769"	"yihL"	"+"	4058470	4059180	711	"M-P2h"	11	1.10942541871143	8	291	24.0549828178694	0.632911392405063	0.335614141763961	"AD"	1	3.7037037037037
"ECK120001770"	"yihM"	"+"	4059188	4060168	981	"M-P2h"	28	2.04674647722241	1	100	0	0.724770642201835	-Inf	"SD"	NA	NA
"ECK120001772"	"yihO"	"-"	4062386	4063789	1404	"M-P2h"	19	0.970423982217862	4	132	0	0.485754985754986	-Inf	"SD"	NA	NA
"ECK120001773"	"yihP"	"-"	4063832	4065238	1407	"M-P2h"	20	1.01932089255518	17	244	45.0819672131148	0.599857853589197	1.10989522571071	"AD"	NA	NA
"ECK120001774"	"yihQ"	"-"	4065263	4067299	2037	"M-P2h"	56	1.97138762312733	4	105	0	0.750122729504173	-Inf	"SD"	NA	NA
"ECK120001775"	"yihR"	"-"	4067498	4068424	927	"M-P2h"	6	0.464137377289688	1	44	0	0.251348435814455	-Inf	"SD"	NA	NA
"ECK120001776"	"yihS"	"-"	4068538	4069779	1242	"M-P2h"	37	2.13626515078623	13	174	51.7241379310345	0.893719806763285	-0.247093817241912	"SD"	NA	NA
"ECK120001777"	"yihT"	"-"	4069796	4070674	879	"M-P2h"	22	1.79477013129425	4	111	0	0.516496018202503	-Inf	"SD"	NA	NA
"ECK120001780"	"yihW"	"+"	4072692	4073477	786	"M-P2h"	97	8.84961171088029	0	0	0	0.933842239185751	-Inf	"SD"	6	20.6896551724138
"ECK120001781"	"yihX"	"+"	4073576	4074175	600	"M-P2h"	173	20.6761598148124	1	94	0	1	-Inf	"SD"	4	17.3913043478261
"ECK120001782"	"yihY"	"+"	4074169	4075041	873	"M-P2h"	465	38.1956351980921	9	223	0	0.953035509736541	-Inf	"SD"	NA	NA
"ECK120001783"	"dtd"	"+"	4075038	4075475	438	"M-P2h"	383	62.7046417695236	0	0	0	1	-Inf	"SD"	NA	NA
"ECK120001784"	"yiiD"	"+"	4075472	4076461	990	"M-P2h"	322	23.3236064472572	12	336	32.7380952380952	1	-3.4062154557861	"SD"	2	5.40540540540541
"ECK120001785"	"yiiE"	"+"	4077314	4077532	219	"M-P2h"	14	4.5841513565187	0	0	0	0.872146118721461	-Inf	"SD"	NA	NA
"ECK120001787"	"fdoI"	"-"	4079248	4079883	636	"M-P2h"	273	30.7808464905866	3	111	0	1	-Inf	"SD"	3	12
"ECK120001788"	"fdoH"	"-"	4079880	4080782	903	"M-P2h"	241	19.1383423861494	0	0	0	1	-Inf	"SD"	3	9.09090909090909
"ECK120001793"	"frvX"	"-"	4087878	4088948	1071	"M-P2h"	24	1.60692940708699	2	100	0	0.779645191409897	-Inf	"SD"	NA	NA
"ECK120001794"	"frvB"	"-"	4088938	4090389	1452	"M-P2h"	8	0.39509214761023	2	60	0	0.292011019283747	-Inf	"SD"	NA	NA
"ECK120001795"	"frvA"	"-"	4090400	4090846	447	"M-P2h"	1	0	3	69	0	0.0805369127516778	NA	"NO"	NA	NA
"ECK120001796"	"rhaM"	"-"	4091147	4091461	315	"M-P2h"	2	0.455296665341313	2	152	0	0.444444444444444	-Inf	"SD"	NA	NA
"ECK120001797"	"rhaD"	"-"	4091471	4092295	825	"M-P2h"	5	0.434601362371253	3	137	0	0.343030303030303	-Inf	"SD"	NA	NA
"ECK120001798"	"rhaA"	"-"	4092746	4094005	1260	"M-P2h"	5	0	3	151	0	0.238888888888889	NA	"NO"	NA	NA
"ECK120001800"	"kdgT"	"+"	4099713	4100696	984	"M-P2h"	30	2.18625685339197	1	64	0	0.746951219512195	-Inf	"SD"	NA	NA
"ECK120001802"	"gph"	"-"	3511653	3512411	759	"M-P2h"	390	36.8466372445193	0	0	0	1	-Inf	"SD"	8	29.6296296296296
"ECK120001803"	"fieF"	"+"	4104492	4105394	903	"M-P2h"	631	50.1091039239015	7	217	0	1	-Inf	"SD"	NA	NA
"ECK120001806"	"yiiS"	"+"	4110990	4111289	300	"M-P2h"	227	54.2599800920509	0	0	0	1	-Inf	"SD"	NA	NA
"ECK120001810"	"menA"	"-"	4117446	4118372	927	"M-P2h"	127	9.82424115263172	1	54	0	1	-Inf	"SD"	NA	NA
"ECK120001811"	"hslU"	"-"	4118439	4119770	1332	"M-P2h"	1611	86.7294002542903	10	140	0	1	-Inf	"SD"	20	40
"ECK120001814"	"tehB"	"+"	1499586	1500179	594	"M-P2h"	548	66.1559851609574	1	59	0	0.976430976430976	-Inf	"SD"	4	17.3913043478261
"ECK120001816"	"opgH"	"+"	1110086	1112629	2544	"M-P2h"	1342	37.8277435809224	18	382	36.6492146596859	1	-3.75594599013398	"SD"	16	16.4948453608247
"ECK120001820"	"slp"	"+"	3651984	3652550	567	"M-P2h"	77	9.73828978646697	2	44	0	0.954144620811287	-Inf	"SD"	NA	NA
"ECK120001821"	"yeeA"	"-"	2077557	2078615	1059	"M-P2h"	149	10.0893998998085	10	219	31.9634703196347	0.906515580736544	-2.84934163568797	"SD"	NA	NA
"ECK120001822"	"sbmC"	"-"	2078813	2079286	474	"M-P2h"	298	45.0830147421825	4	184	0	1	-Inf	"SD"	1	5.55555555555556
"ECK120001825"	"yeeE"	"-"	2082491	2083549	1059	"M-P2h"	526	35.6176130691228	1	82	0	1	-Inf	"SD"	NA	NA
"ECK120001826"	"plaP"	"-"	2083728	2085086	1359	"M-P2h"	137	7.22896526593243	18	275	54.5454545454545	1	-1.26882665786037	"SD"	NA	NA
"ECK120001828"	"recT"	"-"	1412008	1412817	810	"M-P2h"	92	8.14475145777237	5	108	0	0.932098765432099	-Inf	"SD"	NA	NA
"ECK120001829"	"lar"	"-"	1411757	1411951	195	"M-P2h"	7	2.57417730019896	0	0	0	1	-Inf	"SD"	NA	NA
"ECK120001830"	"rcbA"	"-"	1411555	1411764	210	"M-P2h"	8	2.73177999204788	4	235	0	0.819047619047619	-Inf	"SD"	NA	NA
"ECK120001833"	"gldA"	"-"	4135955	4137058	1104	"M-P2h"	2370	153.940998872535	0	0	0	1	-Inf	"SD"	6	15.3846153846154
"ECK120001834"	"fsaB"	"-"	4137069	4137731	663	"M-P2h"	685	74.0887164132894	1	49	0	0.740573152337858	-Inf	"SD"	NA	NA
"ECK120001837"	"frwB"	"+"	4141647	4141967	321	"M-P2h"	29	6.47840348581447	0	0	0	0.897196261682243	-Inf	"SD"	NA	NA
"ECK120001838"	"pflD"	"+"	4142018	4144315	2298	"M-P2h"	83	2.59001986843965	17	172	52.3255813953488	0.869016536118364	-0.524966258534257	"SD"	NA	NA
"ECK120001839"	"pflC"	"+"	4144281	4145159	879	"M-P2h"	27	2.20267243386113	0	0	0	0.731513083048919	-Inf	"SD"	NA	NA
"ECK120001842"	"eptC"	"-"	4146555	4148288	1734	"M-P2h"	1151	47.5993758562494	111	940	94.6808510638298	1	-1.41906541521975	"SD"	11	16.4179104477612
"ECK120001843"	"nfi"	"+"	4196813	4197484	672	"M-P2h"	252	26.8909592967213	1	62	0	1	-Inf	"SD"	2	8
"ECK120001844"	"yjaG"	"+"	4197527	4198117	591	"M-P2h"	537	65.1571128813957	8	106	0	1	-Inf	"SD"	4	17.3913043478261
"ECK120001851"	"yjbE"	"+"	4233929	4234171	243	"M-P2h"	6	1.77059814299399	2	144	0	0.835390946502058	-Inf	"SD"	NA	NA
"ECK120001852"	"yjbF"	"+"	4234285	4234923	639	"M-P2h"	1	0	0	0	0	0.0641627543035994	NA	"NO"	NA	NA
"ECK120001853"	"yjbG"	"+"	4234920	4235657	738	"M-P2h"	3	0.291500913785597	1	100	0	0.303523035230352	-Inf	"SD"	NA	NA
"ECK120001855"	"yjbI"	"+"	4248978	4250306	1329	"M-P2h"	4	0	25	206	111.650485436893	0.124905944319037	Inf	"AD"	NA	NA
"ECK120001859"	"yjbM"	"+"	4258622	4259329	708	"M-P2h"	2	0.20256843161372	1	100	0	0.282485875706215	-Inf	"SD"	NA	NA
"ECK120001860"	"dusA"	"+"	4259692	4260729	1038	"M-P2h"	172	11.8824534336187	2	100	0	0.970134874759152	-Inf	"SD"	6	16.2162162162162
"ECK120001863"	"yjbQ"	"+"	4268261	4268677	417	"M-P2h"	358	61.5633152884171	2	100	0	1	-Inf	"SD"	1	6.25
"ECK120001867"	"ghxP"	"+"	4276502	4277851	1350	"M-P2h"	42	2.23095366017243	1	41	0	0.77037037037037	-Inf	"SD"	NA	NA
"ECK120001870"	"actP"	"-"	4281276	4282925	1650	"M-P2h"	144	6.25825961814604	9	259	30.8880308880309	0.92969696969697	-1.96768960358489	"SD"	NA	NA
"ECK120001871"	"yjcH"	"-"	4282922	4283236	315	"M-P2h"	74	16.8459766176286	2	152	0	1	-Inf	"SD"	NA	NA
"ECK120001872"	"nrfB"	"+"	4287268	4287834	567	"M-P2h"	5	0.632356479640712	0	0	0	0.55026455026455	-Inf	"SD"	NA	NA
"ECK120001873"	"nrfC"	"+"	4287831	4288502	672	"M-P2h"	9	0.960391403454331	1	100	0	0.75297619047619	-Inf	"SD"	NA	NA
"ECK120001874"	"nrfD"	"+"	4288499	4289455	957	"M-P2h"	9	0.674381424369186	1	82	0	0.507836990595611	-Inf	"SD"	NA	NA
"ECK120001875"	"nrfE"	"+"	4289535	4291193	1659	"M-P2h"	12	0.518692403553394	2	77	0	0.332730560578662	-Inf	"SD"	NA	NA
"ECK120001876"	"nrfF"	"+"	4291186	4291569	384	"M-P2h"	7	1.30719941025728	33	130	253.846153846154	0.640625	2.33598678674625	"AD"	NA	NA
"ECK120001877"	"nrfG"	"+"	4291566	4292162	597	"M-P2h"	8	0.960927635393725	0	0	0	0.50251256281407	-Inf	"SD"	NA	NA
"ECK120001879"	"mdtP"	"-"	4297587	4299053	1467	"M-P2h"	3	0	4	100	0	0.115882753919564	NA	"NO"	NA	NA
"ECK120001880"	"mdtO"	"-"	4299050	4301101	2052	"M-P2h"	7	0	18	125	64	0.206140350877193	Inf	"AD"	NA	NA
"ECK120001881"	"mdtN"	"-"	4301101	4302132	1032	"M-P2h"	1	0	6	156	0	0.0968992248062016	NA	"NO"	NA	NA
"ECK120001882"	"yjcS"	"-"	4302635	4304620	1986	"M-P2h"	9	0.324966275489079	6	148	0	0.290030211480363	-Inf	"SD"	NA	NA
"ECK120001883"	"alsK"	"-"	4304893	4305822	930	"M-P2h"	25	1.9276673330983	7	361	19.3905817174515	0.751612903225806	-0.461429272997484	"SD"	NA	NA
"ECK120001884"	"alsE"	"-"	4305806	4306501	696	"M-P2h"	43	4.43031130175868	4	181	0	1	-Inf	"SD"	NA	NA
"ECK120001885"	"alsC"	"-"	4306512	4307492	981	"M-P2h"	22	1.60815794638904	18	145	41.3793103448276	0.610601427115189	-0.422374702972659	"SD"	NA	NA
"ECK120001886"	"alsA"	"-"	4307471	4309003	1533	"M-P2h"	27	1.26298047577556	5	120	0	0.603392041748206	-Inf	"SD"	NA	NA
"ECK120001887"	"lldP"	"+"	3775422	3777077	1656	"M-P2h"	303	13.1207096085452	6	103	0	0.978864734299517	-Inf	"SD"	NA	NA
"ECK120001888"	"lldR"	"+"	3777077	3777853	777	"M-P2h"	127	11.7208128037189	7	220	0	1	-Inf	"SD"	NA	NA
"ECK120001889"	"lldD"	"+"	3777850	3779040	1191	"M-P2h"	603	36.306181821266	1	100	0	1	-Inf	"SD"	11	25.5813953488372
"ECK120001892"	"adiY"	"-"	4335191	4335952	762	"M-P2h"	42	3.9524769569984	7	225	0	0.933070866141732	-Inf	"SD"	NA	NA
"ECK120001893"	"flgK"	"+"	1137601	1139244	1644	"M-P2h"	141	6.15024373209684	2	47	0	0.930656934306569	-Inf	"SD"	2	3.44827586206897
"ECK120001894"	"zntR"	"-"	3436727	3437152	426	"M-P2h"	154	25.9230530935529	12	290	37.9310344827586	1	-3.55866021310752	"SD"	NA	NA
"ECK120001895"	"yhdN"	"-"	3437163	3437531	369	"M-P2h"	191	37.1177830220326	2	100	0	1	-Inf	"SD"	NA	NA
"ECK120001897"	"htrE"	"-"	152829	155426	2598	"M-P2h"	24	0.662440875669808	21	196	35.7142857142857	0.284449576597383	1.07956322550857	"AD"	NA	NA
"ECK120001898"	"yadV"	"-"	155461	156201	741	"M-P2h"	3	0	15	137	87.5912408759124	0.179487179487179	Inf	"AD"	NA	NA
"ECK120001899"	"fimI"	"+"	4541751	4542290	540	"M-P2h"	581	77.1538140809633	2	89	0	1	-Inf	"SD"	NA	NA
"ECK120001900"	"fliP"	"+"	2019893	2020630	738	"M-P2h"	9	0.87450274135679	3	144	0	0.570460704607046	-Inf	"SD"	0	0
"ECK120001901"	"fliQ"	"+"	2020640	2020909	270	"M-P2h"	15	3.98384582173649	4	195	0	0.996296296296296	-Inf	"SD"	NA	NA
"ECK120001902"	"fliR"	"+"	2020917	2021702	786	"M-P2h"	9	0.821097993793016	7	109	0	0.549618320610687	-Inf	"SD"	NA	NA
"ECK120001903"	"rfbA"	"-"	2108162	2109043	882	"M-P2h"	601	48.8630885482373	1	64	0	1	-Inf	"SD"	15	45.4545454545455
"ECK120001904"	"rfbC"	"-"	2107605	2108162	558	"M-P2h"	678	87.1305634560431	1	100	0	1	-Inf	"SD"	4	19.047619047619
"ECK120001905"	"rfbX"	"-"	2106361	2107608	1248	"M-P2h"	456	26.2014475198823	3	100	0	1	-Inf	"SD"	NA	NA
"ECK120001906"	"glf"	"-"	2105250	2106353	1104	"M-P2h"	1129	73.3330749903341	0	0	0	1	-Inf	"SD"	28	65.1162790697674
"ECK120001907"	"wbbH"	"-"	2104084	2105250	1167	"M-P2h"	312	19.1716179390506	0	0	0	1	-Inf	"SD"	NA	NA
"ECK120001908"	"wbbI"	"-"	2103089	2104081	993	"M-P2h"	876	63.2601016285407	4	200	0	1	-Inf	"SD"	10	26.3157894736842
"ECK120001909"	"wbbJ"	"-"	2102518	2103108	591	"M-P2h"	743	90.1522064634582	1	89	0	1	-Inf	"SD"	3	13.6363636363636
"ECK120001910"	"wbbK"	"-"	2101415	2102533	1119	"M-P2h"	569	36.4634038482798	0	0	0	1	-Inf	"SD"	7	16.2790697674419
"ECK120001911"	"wbbL_1"	"-"	2100940	2101413	474	"M-P2h"	560	84.7197592470544	0	0	0	1	-Inf	"SD"	NA	NA
"ECK120001913"	"yehB"	"-"	2186452	2188932	2481	"M-P2h"	20	0.578067108353541	3	41	0	0.411527609834744	-Inf	"SD"	NA	NA
"ECK120001914"	"yehC"	"-"	2188948	2189667	720	"M-P2h"	4	0	0	0	0	0.104166666666667	NA	"NO"	NA	NA
"ECK120001915"	"yehD"	"-"	2189702	2190244	543	"M-P2h"	11	1.45267306206966	1	100	0	0.681399631675875	-Inf	"SD"	NA	NA
"ECK120001916"	"yehE"	"-"	2190537	2190818	282	"M-P2h"	20	5.08576062349339	21	476	44.1176470588235	0.982269503546099	-0.276074230985566	"SD"	NA	NA
"ECK120001917"	"molR_1"	"+"	2194496	2195320	825	"M-P2h"	11	0.956122997216757	1	75	0	0.506666666666667	-Inf	"SD"	NA	NA
"ECK120001918"	"yehI"	"+"	2198301	2201933	3633	"M-P2h"	146	2.88179103207363	37	391	28.1329923273657	0.784750894577484	-0.389462201102994	"SD"	NA	NA
"ECK120001919"	"yehL"	"+"	2202618	2203706	1089	"M-P2h"	4	0	1	100	0	0.203856749311295	NA	"NO"	NA	NA
"ECK120001920"	"yehM"	"+"	2203717	2205996	2280	"M-P2h"	13	0	7	93	0	0.221052631578947	NA	"NO"	NA	NA
"ECK120001921"	"yehP"	"+"	2205989	2207125	1137	"M-P2h"	15	0.946031989330564	5	104	0	0.491644678979771	-Inf	"SD"	NA	NA
"ECK120001922"	"yehQ"	"+"	2207122	2208966	1845	"M-P2h"	19	0.738468981590178	14	296	30.4054054054054	0.358807588075881	1.28538767767073	"AD"	NA	NA
"ECK120001925"	"yehT"	"-"	2210265	2210984	720	"M-P2h"	152	15.1386141225986	1	100	0	1	-Inf	"SD"	1	3.7037037037037
"ECK120001929"	"yehX"	"-"	2214503	2215429	927	"M-P2h"	37	2.86218049328641	1	97	0	0.854368932038835	-Inf	"SD"	NA	NA
"ECK120001930"	"yehY"	"-"	2215422	2216579	1158	"M-P2h"	33	2.04352713135706	10	107	93.4579439252336	0.835924006908463	-0.0310613977576131	"SD"	NA	NA
"ECK120001931"	"osmF"	"-"	2216586	2217503	918	"M-P2h"	47	3.67138732591402	0	0	0	0.96078431372549	-Inf	"SD"	NA	NA
"ECK120001937"	"mdtQ"	"-"	2225345	2226433	1089	"M-P2h"	2	0	3	65	0	0.0918273645546373	NA	"NO"	NA	NA
"ECK120001941"	"yohK"	"+"	2229041	2229736	696	"M-P2h"	74	7.62425665884052	2	84	0	1	-Inf	"SD"	NA	NA
"ECK120001942"	"sanA"	"+"	2230900	2231619	720	"M-P2h"	119	11.851941319666	5	187	0	0.959722222222222	-Inf	"SD"	0	0
"ECK120001950"	"psuG"	"-"	2255451	2256389	939	"M-P2h"	11	0.840044166883732	0	0	0	0.533546325878594	-Inf	"SD"	NA	NA
"ECK120001953"	"yeiQ"	"+"	2264267	2265733	1467	"M-P2h"	62	3.03065571714923	18	383	28.7206266318538	0.789366053169734	-0.462126447351946	"SD"	NA	NA
"ECK120001954"	"yejA"	"+"	2270386	2272200	1815	"M-P2h"	206	8.13889824077074	25	148	60.8108108108108	0.99228650137741	-2.17683660413355	"SD"	1	1.42857142857143
"ECK120001955"	"yejB"	"+"	2272201	2273295	1095	"M-P2h"	100	6.54878765216957	0	0	0	0.912328767123288	-Inf	"SD"	NA	NA
"ECK120001956"	"yejE"	"+"	2273295	2274320	1026	"M-P2h"	225	15.7257071910651	6	136	0	1	-Inf	"SD"	NA	NA
"ECK120001963"	"yejM"	"+"	2282398	2284158	1761	"M-P2h"	404	16.4511793388232	38	236	110.169491525424	1	-1.66160748205525	"SD"	3	4.47761194029851
"ECK120001966"	"ccmG"	"-"	2290429	2290986	558	"M-P2h"	67	8.6102474211724	0	0	0	1	-Inf	"SD"	NA	NA
"ECK120001967"	"ccmF"	"-"	2290983	2292926	1944	"M-P2h"	133	4.90603235454586	1	100	0	0.99022633744856	-Inf	"SD"	NA	NA
"ECK120001968"	"ccmE"	"-"	2292923	2293402	480	"M-P2h"	35	5.22879764102914	3	125	0	0.958333333333333	-Inf	"SD"	NA	NA
"ECK120001969"	"ccmC"	"-"	2293605	2294342	738	"M-P2h"	72	6.99602193085432	0	0	0	0.769647696476965	-Inf	"SD"	NA	NA
"ECK120001970"	"ccmB"	"-"	2294384	2295046	663	"M-P2h"	25	2.70396775230983	0	0	0	0.942684766214178	-Inf	"SD"	NA	NA
"ECK120001971"	"ccmA"	"-"	2295043	2295666	624	"M-P2h"	67	7.69954817470225	0	0	0	1	-Inf	"SD"	NA	NA
"ECK120001972"	"napC"	"-"	2295679	2296281	603	"M-P2h"	56	6.65956316469383	2	165	0	0.830845771144279	-Inf	"SD"	NA	NA
"ECK120001973"	"napB"	"-"	2296291	2296740	450	"M-P2h"	2	0.318707665738919	0	0	0	0.291111111111111	-Inf	"SD"	NA	NA
"ECK120001974"	"napH"	"-"	2296737	2297600	864	"M-P2h"	14	1.16195503133981	0	0	0	0.777777777777778	-Inf	"SD"	NA	NA
"ECK120001975"	"napG"	"-"	2297587	2298282	696	"M-P2h"	6	0.61818297233842	0	0	0	0.489942528735632	-Inf	"SD"	NA	NA
"ECK120001976"	"napA"	"-"	2298289	2300775	2487	"M-P2h"	46	1.32634673920298	15	207	48.3091787439614	0.694008845999196	0.592542019771499	"AD"	7	7.52688172043011
"ECK120001979"	"yojI"	"-"	2304994	2306637	1644	"M-P2h"	29	1.26494374631779	15	459	26.1437908496732	0.458029197080292	0.923961177999509	"AD"	4	6.45161290322581
"ECK120001980"	"apbE"	"-"	2308501	2309556	1056	"M-P2h"	26	1.76556803463322	1	92	0	0.809659090909091	-Inf	"SD"	NA	NA
"ECK120001981"	"nikA"	"+"	3611690	3613264	1575	"M-P2h"	5	0	6	134	0	0.144761904761905	NA	"NO"	2	3.38983050847458
"ECK120001982"	"nikB"	"+"	3613264	3614208	945	"M-P2h"	7	0.531179442898198	0	0	0	0.353439153439153	-Inf	"SD"	NA	NA
"ECK120001983"	"nikC"	"+"	3614205	3615038	834	"M-P2h"	2	0	1	100	0	0.0371702637889688	NA	"NO"	NA	NA
"ECK120001984"	"nikD"	"+"	3615038	3615802	765	"M-P2h"	3	0.281212646240223	3	100	0	0.277124183006536	-Inf	"SD"	NA	NA
"ECK120001985"	"nikE"	"+"	3615799	3616605	807	"M-P2h"	25	2.22147536528057	1	100	0	0.438661710037175	-Inf	"SD"	NA	NA
"ECK120001986"	"recX"	"-"	2820161	2820661	501	"M-P2h"	15	2.14698277818134	0	0	0	0.29940119760479	-Inf	"SD"	NA	NA
"ECK120001987"	"ppdA"	"-"	2961729	2962199	471	"M-P2h"	1	0	0	0	0	0.193205944798301	NA	"NO"	NA	NA
"ECK120001988"	"nuoA"	"-"	2402651	2403094	444	"M-P2h"	573	92.5436617238516	18	441	40.8163265306122	1	-4.68406537224024	"SD"	1	6.25
"ECK120001989"	"nuoB"	"-"	2401973	2402635	663	"M-P2h"	1096	118.541946261263	5	100	0	1	-Inf	"SD"	5	20
"ECK120001990"	"nuoC"	"-"	2400077	2401867	1791	"M-P2h"	6951	278.308666400908	10	223	0	1	-Inf	"SD"	39	57.3529411764706
"ECK120001991"	"nuoE"	"-"	2399574	2400074	501	"M-P2h"	5110	731.405466433776	11	165	66.6666666666667	1	-8.37702407526823	"SD"	6	31.5789473684211
"ECK120001992"	"nuoG"	"-"	2395461	2398187	2727	"M-P2h"	4355	114.519132367409	1	100	0	1	-Inf	"SD"	45	45
"ECK120001993"	"nuoH"	"-"	2394487	2395464	978	"M-P2h"	1807	132.493424537629	1	100	0	1	-Inf	"SD"	15	41.6666666666667
"ECK120001994"	"nuoI"	"-"	2393930	2394472	543	"M-P2h"	1581	208.788737375648	0	0	0	1	-Inf	"SD"	9	42.8571428571429
"ECK120001995"	"nuoJ"	"-"	2393364	2393918	555	"M-P2h"	966	124.812812879917	0	0	0	1	-Inf	"SD"	NA	NA
"ECK120001996"	"nuoK"	"-"	2393065	2393367	303	"M-P2h"	723	171.108150244484	3	235	0	1	-Inf	"SD"	2	18.1818181818182
"ECK120001997"	"nuoL"	"-"	2391227	2393068	1842	"M-P2h"	4599	179.039481441363	34	195	164.102564102564	1	-4.80606204756436	"SD"	13	19.6969696969697
"ECK120002000"	"secG"	"-"	3320195	3320527	333	"M-P2h"	624	134.374042852085	3	132	0	1	-Inf	"SD"	2	18.1818181818182
"ECK120002002"	"yfiH"	"-"	2732325	2733056	732	"M-P2h"	203	19.8865746347338	0	0	0	1	-Inf	"SD"	NA	NA
"ECK120002006"	"feoA"	"+"	3538185	3538412	228	"M-P2h"	14	4.40319801349822	0	0	0	0.929824561403509	-Inf	"SD"	NA	NA
"ECK120002007"	"feoB"	"+"	3538429	3540750	2322	"M-P2h"	304	9.38828782796815	2	100	0	0.996124031007752	-Inf	"SD"	NA	NA
"ECK120002009"	"yeiR"	"+"	2265851	2266837	987	"M-P2h"	74	5.37637551626444	3	140	0	0.799392097264438	-Inf	"SD"	2	5.55555555555556
"ECK120002011"	"hofB"	"-"	115714	117099	1386	"M-P2h"	55	2.8456041583832	9	267	0	0.784271284271284	-Inf	"SD"	NA	NA
"ECK120002012"	"ppdD"	"-"	117109	117549	441	"M-P2h"	4	0.650423807630447	0	0	0	0.482993197278912	-Inf	"SD"	NA	NA
"ECK120002014"	"ydcF"	"+"	1485259	1486059	801	"M-P2h"	169	15.1296616600779	21	310	48.3870967741936	1	-2.33434531954071	"SD"	5	16.6666666666667
"ECK120002015"	"nlpD"	"-"	2865636	2866775	1140	"M-P2h"	8568	538.951436852182	6	168	0	1	-Inf	"SD"	2	5
"ECK120002017"	"hofQ"	"-"	3517487	3518725	1239	"M-P2h"	38	2.19931440037753	5	123	0	0.722356739305892	-Inf	"SD"	NA	NA
"ECK120002018"	"prfC"	"+"	4607437	4609026	1590	"M-P2h"	370	16.6870523099151	2	100	0	1	-Inf	"SD"	10	16.6666666666667
"ECK120002019"	"yjjG"	"+"	4606669	4607346	678	"M-P2h"	59	6.2401832782952	11	269	37.1747211895911	0.921828908554572	-1.64158840261389	"SD"	NA	NA
"ECK120002024"	"rssB"	"+"	1289465	1290478	1014	"M-P2h"	371	26.2368070981817	3	37	0	1	-Inf	"SD"	NA	NA
"ECK120002025"	"yggI"	"+"	3087777	3088274	498	"M-P2h"	6	0.863966563750081	9	135	44.4444444444444	0.29718875502008	0.473987020792325	"AD"	NA	NA
"ECK120002027"	"hisJ"	"-"	2424028	2424810	783	"M-P2h"	2401	219.88997282734	2	44	0	1	-Inf	"SD"	32	114.285714285714
"ECK120002028"	"hisQ"	"-"	2423252	2423938	687	"M-P2h"	380	39.6644911509135	5	164	0	1	-Inf	"SD"	1	4
"ECK120002029"	"treB"	"-"	4462782	4464203	1422	"M-P2h"	23	1.15985384683467	2	67	0	0.571026722925457	-Inf	"SD"	32	62.7450980392157
"ECK120002030"	"lgt"	"-"	2963184	2964059	876	"M-P2h"	559	45.7596537195348	7	123	0	1	-Inf	"SD"	13	39.3939393939394
"ECK120002031"	"uraA"	"-"	2616893	2618182	1290	"M-P2h"	37	2.05677621494302	3	98	0	0.689922480620155	-Inf	"SD"	NA	NA
"ECK120002032"	"hscA"	"-"	2655107	2656957	1851	"M-P2h"	1709	66.2080308850663	0	0	0	1	-Inf	"SD"	11	16.6666666666667
"ECK120002033"	"hscB"	"-"	2656974	2657489	516	"M-P2h"	515	71.5702534253822	17	433	20.7852193995381	1	-5.31329127648077	"SD"	7	35
"ECK120002034"	"iscA"	"-"	2657585	2657908	324	"M-P2h"	3224	713.551051626579	1	35	0	1	-Inf	"SD"	NA	NA
"ECK120002035"	"ucpA"	"-"	2541854	2542645	792	"M-P2h"	251	22.7260295739968	1	48	0	0.991161616161616	-Inf	"SD"	10	35.7142857142857
"ECK120002037"	"mdtD"	"+"	2159488	2160903	1416	"M-P2h"	80	4.05136863227439	17	278	28.7769784172662	0.907485875706215	-1.34033745608012	"SD"	NA	NA
"ECK120002040"	"yfhG"	"-"	2686815	2687528	714	"M-P2h"	158	15.868427894984	3	152	0	1	-Inf	"SD"	NA	NA
"ECK120002043"	"sdaC"	"+"	2926251	2927540	1290	"M-P2h"	186	10.3394696210649	13	359	19.4986072423398	1	-2.88466345001556	"SD"	NA	NA
"ECK120002044"	"napD"	"-"	2300772	2301035	264	"M-P2h"	1	0	0	0	0	0.25	NA	"NO"	NA	NA
"ECK120002045"	"pgm"	"+"	712781	714421	1641	"M-P2h"	2120	92.6408022897406	1	100	0	1	-Inf	"SD"	20	34.4827586206897
"ECK120002046"	"rapZ"	"+"	3345137	3345991	855	"M-P2h"	1161	97.3735789270749	2	100	0	1	-Inf	"SD"	7	21.875
"ECK120002047"	"npr"	"+"	3345988	3346260	273	"M-P2h"	264	69.345184413523	9	172	40.6976744186046	1	-5.63029696765675	"SD"	NA	NA
"ECK120002048"	"galP"	"+"	3086306	3087700	1395	"M-P2h"	339	17.4261126912086	3	139	0	1	-Inf	"SD"	NA	NA
"ECK120002049"	"cobS"	"-"	2062503	2063246	744	"M-P2h"	391	37.6858963620718	0	0	0	1	-Inf	"SD"	NA	NA
"ECK120002050"	"cobT"	"-"	2061412	2062491	1080	"M-P2h"	323	21.4463700070147	4	122	0	1	-Inf	"SD"	2	5.40540540540541
"ECK120002052"	"narU"	"-"	1540696	1542084	1389	"M-P2h"	26	1.34228930494793	22	171	64.327485380117	0.596112311015119	0.712807873201841	"AD"	NA	NA
"ECK120002056"	"yaiE"	"+"	407401	407685	285	"M-P2h"	100	25.1611315057041	11	326	33.7423312883436	1	-3.51562137336108	"SD"	NA	NA
"ECK120002059"	"rsmB"	"+"	3433229	3434518	1290	"M-P2h"	354	19.6783454078332	45	368	81.5217391304348	0.986046511627907	-1.71357451543962	"SD"	1	2.08333333333333
"ECK120002061"	"mukF"	"+"	973542	974864	1323	"M-P2h"	705	38.2123986982887	2	75	0	1	-Inf	"SD"	5	9.80392156862745
"ECK120002064"	"brnQ"	"+"	418815	420134	1320	"M-P2h"	434	23.5771239086405	12	327	33.6391437308869	1	-3.42181231083712	"SD"	5	10.8695652173913
"ECK120002065"	"ccmD"	"-"	2293399	2293608	210	"M-P2h"	26	8.8782849741556	0	0	0	0.942857142857143	-Inf	"SD"	NA	NA
"ECK120002068"	"gspM"	"+"	3463104	3463565	462	"M-P2h"	17	2.63865112868261	24	543	44.1988950276243	0.519480519480519	0.863233789611116	"AD"	NA	NA
"ECK120002069"	"yjdC"	"-"	4360756	4361331	576	"M-P2h"	373	46.4367028596159	1	50	0	1	-Inf	"SD"	2	9.09090909090909
"ECK120002070"	"cutA"	"-"	4363041	4363379	339	"M-P2h"	71	15.018746195219	12	405	29.6296296296296	1	-2.64565806692294	"SD"	NA	NA
"ECK120002071"	"dipZ"	"-"	4361368	4363065	1698	"M-P2h"	335	14.1475796849653	4	171	0	0.958775029446408	-Inf	"SD"	NA	NA
"ECK120002076"	"ampG"	"-"	451294	452769	1476	"M-P2h"	84	4.08101279299835	3	168	0	0.862466124661247	-Inf	"SD"	NA	NA
"ECK120002077"	"ptsP"	"-"	2964210	2966456	2247	"M-P2h"	2135	68.1349332128763	6	117	0	1	-Inf	"SD"	6	7.14285714285714
"ECK120002080"	"glnK"	"+"	471822	472160	339	"M-P2h"	14	2.96144291173332	0	0	0	0.589970501474926	-Inf	"SD"	NA	NA
"ECK120002092"	"cspC"	"-"	1905250	1905459	210	"M-P2h"	3301	1127.20071921875	1	54	0	1	-Inf	"SD"	NA	NA
"ECK120002097"	"waaF"	"+"	3792952	3793998	1047	"M-P2h"	756	51.7785806515665	4	100	0	1	-Inf	"SD"	7	17.9487179487179
"ECK120002107"	"acpT"	"+"	3610992	3611579	588	"M-P2h"	44	5.36599641295119	5	232	0	0.981292517006803	-Inf	"SD"	NA	NA
"ECK120002108"	"rbbA"	"-"	3624826	3627561	2736	"M-P2h"	635	16.6430401105439	3	85	0	1	-Inf	"SD"	NA	NA
"ECK120002109"	"yhiI"	"-"	3627558	3628625	1068	"M-P2h"	315	21.1501927052864	3	83	0	1	-Inf	"SD"	4	10.2564102564103
"ECK120002110"	"yhiJ"	"-"	3628991	3630613	1623	"M-P2h"	26	1.14876145691477	10	74	94.5945945945946	0.361059765865681	0.28534757718873	"AD"	NA	NA
"ECK120002111"	"yhiK"	"-"	3630875	3631267	393	"M-P2h"	1	0	0	0	0	0.127226463104326	NA	"NO"	NA	NA
"ECK120002119"	"arsR"	"+"	3646551	3646904	354	"M-P2h"	6	1.21541058968232	0	0	0	0.449152542372881	-Inf	"SD"	NA	NA
"ECK120002120"	"arsB"	"+"	3646958	3648247	1290	"M-P2h"	15	0.833828195247171	7	112	0	0.529457364341085	-Inf	"SD"	NA	NA
"ECK120002121"	"arsC"	"+"	3648260	3648685	426	"M-P2h"	45	7.57491811175247	0	0	0	1	-Inf	"SD"	NA	NA
"ECK120002123"	"mdtE"	"+"	3657255	3658412	1158	"M-P2h"	80	4.9540051669262	14	264	37.8787878787879	0.981865284974093	-1.30859537328652	"SD"	NA	NA
"ECK120002126"	"gadX"	"-"	3663009	3663833	825	"M-P2h"	188	16.3410112251591	2	87	0	1	-Inf	"SD"	NA	NA
"ECK120002131"	"yhjD"	"+"	3671385	3672398	1014	"M-P2h"	166	11.7393799954128	4	175	0	0.905325443786982	-Inf	"SD"	NA	NA
"ECK120002137"	"yhjK"	"-"	3681653	3683602	1950	"M-P2h"	307	11.289606159444	6	149	0	0.941538461538462	-Inf	"SD"	1	1.35135135135135
"ECK120002138"	"bcsC"	"-"	3683723	3687196	3474	"M-P2h"	149	3.07561154113335	7	100	0	0.798503166378814	-Inf	"SD"	NA	NA
"ECK120002139"	"bcsZ"	"-"	3687178	3688284	1107	"M-P2h"	18	1.16600365514239	0	0	0	0.496838301716351	-Inf	"SD"	NA	NA
"ECK120002140"	"bcsB"	"-"	3688291	3690630	2340	"M-P2h"	50	1.53224839297557	2	43	0	0.708547008547009	-Inf	"SD"	NA	NA
"ECK120002141"	"bcsA"	"-"	3690641	3693259	2619	"M-P2h"	29	0.794031125981843	3	103	0	0.49331806032837	-Inf	"SD"	NA	NA
"ECK120002142"	"bcsQ"	"-"	3693256	3693984	729	"M-P2h"	48	4.72159504798398	1	64	0	0.962962962962963	-Inf	"SD"	NA	NA
"ECK120002145"	"bcsF"	"+"	3696049	3696240	192	"M-P2h"	28	10.4575952820583	0	0	0	1	-Inf	"SD"	NA	NA
"ECK120002148"	"eptB"	"-"	3706807	3708498	1692	"M-P2h"	369	15.6387139172422	19	452	35.3982300884956	0.969858156028369	-2.28897806421621	"SD"	1	1.5625
"ECK120002149"	"yhjX"	"-"	3708822	3710030	1209	"M-P2h"	32	1.8980109125891	12	381	23.6220472440945	0.832092638544251	-0.0764913805843249	"SD"	NA	NA
"ECK120002156"	"xylG"	"+"	3730224	3731765	1542	"M-P2h"	36	1.67414532586592	120	384	307.291666666667	0.54863813229572	3.8172901865588	"AD"	NA	NA
"ECK120002157"	"xylH"	"+"	3731743	3732924	1182	"M-P2h"	50	3.03338514345418	0	0	0	0.868020304568528	-Inf	"SD"	NA	NA
"ECK120002161"	"yiaL"	"+"	3741766	3742233	468	"M-P2h"	2	0.306449678595114	0	0	0	0.427350427350427	-Inf	"SD"	NA	NA
"ECK120002162"	"yiaM"	"+"	3742351	3742824	474	"M-P2h"	4	0.60514113747896	0	0	0	0.362869198312236	-Inf	"SD"	NA	NA
"ECK120002163"	"yiaN"	"+"	3742827	3744104	1278	"M-P2h"	2	0	4	70	0	0.125978090766823	NA	"NO"	NA	NA
"ECK120002164"	"yiaO"	"+"	3744117	3745103	987	"M-P2h"	8	0.581229785542101	5	119	0	0.360688956433637	-Inf	"SD"	NA	NA
"ECK120002165"	"lyxK"	"+"	3745107	3746603	1497	"M-P2h"	15	0.718529306525619	1	100	0	0.430861723446894	-Inf	"SD"	NA	NA
"ECK120002166"	"sgbH"	"+"	3746600	3747262	663	"M-P2h"	12	1.29790452110872	0	0	0	0.613876319758673	-Inf	"SD"	NA	NA
"ECK120002167"	"sgbU"	"+"	3747255	3748115	861	"M-P2h"	19	1.58243353197895	0	0	0	0.749128919860627	-Inf	"SD"	NA	NA
"ECK120002172"	"yiaW"	"-"	3752128	3752451	324	"M-P2h"	1	0	0	0	0	0.191358024691358	NA	"NO"	NA	NA
"ECK120002173"	"aldB"	"-"	3752996	3754534	1539	"M-P2h"	45	2.09676095880868	0	0	0	0.84535412605588	-Inf	"SD"	NA	NA
"ECK120002174"	"yiaY"	"-"	3754699	3755850	1152	"M-P2h"	38	2.36540845665604	31	320	90.625	0.816840277777778	1.29396357185054	"AD"	NA	NA
"ECK120002175"	"grxC"	"-"	3782214	3782465	252	"M-P2h"	326	92.7666955632925	4	112	0	1	-Inf	"SD"	NA	NA
"ECK120002178"	"envC"	"+"	3784861	3786120	1260	"M-P2h"	326	18.5533391126585	3	117	0	1	-Inf	"SD"	NA	NA
"ECK120002181"	"tmk"	"+"	1154347	1154988	642	"M-P2h"	397	44.3435548942818	3	38	0	1	-Inf	"SD"	2	8.33333333333333
"ECK120002182"	"ycfH"	"+"	1156000	1156797	798	"M-P2h"	392	35.2255841079858	37	604	61.2582781456954	1	-2.25102645353967	"SD"	4	13.3333333333333
"ECK120002183"	"sapD"	"-"	1350660	1351652	993	"M-P2h"	182	13.1430804753361	3	80	0	1	-Inf	"SD"	2	5.26315789473684
"ECK120002184"	"sapF"	"-"	1349852	1350658	807	"M-P2h"	171	15.1948914985191	15	118	0	1	-Inf	"SD"	2	6.45161290322581
"ECK120002186"	"yjtD"	"+"	4638965	4639651	687	"M-P2h"	103	10.751164706695	1	70	0	1	-Inf	"SD"	NA	NA
"ECK120002187"	"pepB"	"-"	2653097	2654380	1284	"M-P2h"	1148	64.1138551871984	14	132	83.3333333333333	1	-4.86506073219184	"SD"	22	47.8260869565217
"ECK120002188"	"iscX"	"-"	2654558	2654758	201	"M-P2h"	1176	419.552479375711	5	185	0	1	-Inf	"SD"	NA	NA
"ECK120002190"	"zapD"	"-"	111856	112599	744	"M-P2h"	426	41.0593141949938	5	180	0	1	-Inf	"SD"	4	14.2857142857143
"ECK120002197"	"yadH"	"+"	143702	144472	771	"M-P2h"	380	35.3430679905027	1	40	0	1	-Inf	"SD"	NA	NA
"ECK120002198"	"yadI"	"+"	144577	145017	441	"M-P2h"	195	31.7081606219843	12	274	25.5474452554745	1	-4.50135545741024	"SD"	NA	NA
"ECK120002199"	"yfaD"	"+"	2354926	2355825	900	"M-P2h"	227	18.0866600306836	24	308	64.9350649350649	0.46	-2.17685411246227	"SD"	NA	NA
"ECK120002200"	"yadK"	"-"	151003	151599	597	"M-P2h"	10	1.20115954424216	2	186	0	0.688442211055276	-Inf	"SD"	NA	NA
"ECK120002201"	"yadL"	"-"	151626	152231	606	"M-P2h"	13	1.5383167034428	0	0	0	0.811881188118812	-Inf	"SD"	NA	NA
"ECK120002202"	"yadM"	"-"	152243	152812	570	"M-P2h"	20	2.51611315057041	1	63	0	0.743859649122807	-Inf	"SD"	NA	NA
"ECK120002203"	"yadN"	"-"	156299	156883	585	"M-P2h"	2	0	4	115	0	0.241025641025641	NA	"NO"	NA	NA
"ECK120002209"	"btuF"	"-"	177662	178462	801	"M-P2h"	149	13.3391691559267	5	199	0	0.925093632958802	-Inf	"SD"	1	3.44827586206897
"ECK120002212"	"yaeI"	"-"	184257	185069	813	"M-P2h"	56	4.93938079742974	37	240	150	0.954489544895449	0.543666710183979	"AD"	NA	NA
"ECK120002214"	"yagB"	"-"	279609	279959	351	"M-P2h"	124	25.3331734305294	2	63	0	1	-Inf	"SD"	NA	NA
"ECK120002216"	"rseA"	"-"	2706776	2707426	651	"M-P2h"	7549	831.540611289089	2	100	0	1	-Inf	"SD"	5	20.8333333333333
"ECK120002223"	"arfB"	"+"	214833	215255	423	"M-P2h"	133	22.5468720974873	2	100	0	1	-Inf	"SD"	NA	NA
"ECK120002227"	"ybgD"	"-"	751452	752018	567	"M-P2h"	10	1.26471295928142	2	63	0	0.751322751322751	-Inf	"SD"	NA	NA
"ECK120002229"	"kduD"	"-"	2980519	2981280	762	"M-P2h"	98	9.22244623299627	17	230	60.8695652173913	0.99737532808399	-1.71972264584004	"SD"	NA	NA
"ECK120002230"	"menF"	"-"	2377370	2378665	1296	"M-P2h"	194	10.7342512419011	8	110	0	1	-Inf	"SD"	NA	NA
"ECK120002231"	"ygiL"	"+"	3183436	3183987	552	"M-P2h"	9	1.16917214333571	8	180	33.3333333333333	0.648550724637681	0.0375470447812531	"AD"	NA	NA
"ECK120002232"	"intB"	"+"	4494773	4495963	1191	"M-P2h"	276	16.617754863465	8	137	0	0.947103274559194	-Inf	"SD"	NA	NA
"ECK120002234"	"rsmE"	"+"	3089156	3089887	732	"M-P2h"	413	40.4588932223894	4	165	0	1	-Inf	"SD"	5	18.5185185185185
"ECK120002235"	"cusA"	"+"	597937	601080	3144	"M-P2h"	382	8.71276204524812	2	100	0	0.99618320610687	-Inf	"SD"	NA	NA
"ECK120002239"	"nlpI"	"-"	3306062	3306946	885	"M-P2h"	5571	451.403493008013	5	117	0	1	-Inf	"SD"	NA	NA
"ECK120002241"	"ygdH"	"+"	2924330	2925694	1365	"M-P2h"	818	42.9730006441377	27	389	38.560411311054	1	-3.84039611280177	"SD"	7	13.7254901960784
"ECK120002242"	"yhfG"	"-"	3489475	3489642	168	"M-P2h"	19	8.10997185139213	3	131	0	1	-Inf	"SD"	NA	NA
"ECK120002243"	"ycaI"	"+"	963543	965807	2265	"M-P2h"	66	2.08954032504324	44	365	79.4520547945205	0.593377483443709	1.47286729942696	"AD"	NA	NA
"ECK120002246"	"yecE"	"+"	1949419	1950237	819	"M-P2h"	97	8.49303394963603	35	249	76.3052208835341	1	-1.16028059837829	"SD"	NA	NA
"ECK120002248"	"nrdF"	"+"	2801524	2802483	960	"M-P2h"	19	1.41924507399362	10	250	24	0.7	-0.242089328389665	"SD"	NA	NA
"ECK120002250"	"rcsD"	"+"	2311510	2314182	2673	"M-P2h"	1313	35.2241721477441	26	454	35.2422907488987	0.995510662177329	-3.46042198992556	"SD"	11	11
"ECK120002252"	"lhgO"	"+"	2788004	2789272	1269	"M-P2h"	18	1.01715212469868	3	48	0	0.60441292356186	-Inf	"SD"	NA	NA
"ECK120002258"	"ybgE"	"+"	773532	773825	294	"M-P2h"	418	101.953931846073	8	291	27.4914089347079	1	-5.99370169852028	"SD"	NA	NA
"ECK120002260"	"ycbF"	"+"	1003170	1003880	711	"M-P2h"	54	5.44627023731064	22	274	76.6423357664234	0.907172995780591	-0.37487924104105	"SD"	NA	NA
"ECK120002261"	"dhaM"	"-"	1246919	1248337	1419	"M-P2h"	902	45.5826080068454	17	308	35.7142857142857	1	-4.37290804183329	"SD"	5	9.80392156862745
"ECK120002263"	"rlmN"	"-"	2641151	2642305	1155	"M-P2h"	296	18.377429037413	26	283	63.6042402826855	1	-2.35186613915898	"SD"	1	2.32558139534884
"ECK120002271"	"nudK"	"-"	2580925	2581500	576	"M-P2h"	292	36.3525931233454	0	0	0	1	-Inf	"SD"	4	18.1818181818182
"ECK120002272"	"rfbD"	"-"	2109101	2110000	900	"M-P2h"	437	34.8188124819769	7	198	0	1	-Inf	"SD"	6	18.1818181818182
"ECK120002273"	"rfbB"	"-"	2110000	2111085	1086	"M-P2h"	865	57.1164635768297	1	74	0	1	-Inf	"SD"	13	31.7073170731707
"ECK120002274"	"gatA"	"-"	2172619	2173071	453	"M-P2h"	1410	223.200898356892	1	96	0	1	-Inf	"SD"	9	52.9411764705882
"ECK120002275"	"gatB"	"-"	2172304	2172588	285	"M-P2h"	398	100.141303392702	0	0	0	1	-Inf	"SD"	NA	NA
"ECK120002276"	"gatC"	"-"	2170945	2172300	1356	"M-P2h"	898	47.4888524060093	2	131	0	1	-Inf	"SD"	NA	NA
"ECK120002277"	"gatD"	"-"	2169857	2170897	1041	"M-P2h"	115	7.92176834869791	1	63	0	0.998078770413064	-Inf	"SD"	1	2.7027027027027
"ECK120002278"	"gatY"	"-"	2174372	2175226	855	"M-P2h"	5211	437.048854254081	3	100	0	1	-Inf	"SD"	13	41.9354838709677
"ECK120002279"	"ybiI"	"-"	837413	837679	267	"M-P2h"	18	4.83432976120832	0	0	0	0.868913857677903	-Inf	"SD"	NA	NA
"ECK120002282"	"prmC"	"+"	1265317	1266150	834	"M-P2h"	191	16.4226162291727	8	233	25.7510729613734	0.902877697841727	-3.77457766514569	"SD"	NA	NA
"ECK120002283"	"modA"	"+"	794312	795085	774	"M-P2h"	73	6.76327313922706	1	39	0	1	-Inf	"SD"	11	40.7407407407407
"ECK120002285"	"tomB"	"-"	479558	479932	375	"M-P2h"	434	82.9914761584145	4	109	0	1	-Inf	"SD"	NA	NA
"ECK120002286"	"puuR"	"+"	1359935	1360492	558	"M-P2h"	1728	222.067276772924	2	45	0	1	-Inf	"SD"	0	0
"ECK120002287"	"ydiF"	"+"	1773611	1775206	1596	"M-P2h"	27	1.21312598331073	0	0	0	0.736215538847118	-Inf	"SD"	NA	NA
"ECK120002290"	"rseP"	"+"	196546	197898	1353	"M-P2h"	1383	73.2992297755418	4	163	0	1	-Inf	"SD"	9	18.3673469387755
"ECK120002291"	"menE"	"-"	2371670	2373025	1356	"M-P2h"	106	5.60558836863806	21	166	84.3373493975904	0.976401179941003	-1.00143898064501	"SD"	NA	NA
"ECK120002292"	"menH"	"-"	2374856	2375614	759	"M-P2h"	152	14.3607406696588	1	100	0	0.951251646903821	-Inf	"SD"	NA	NA
"ECK120002296"	"yggL"	"-"	3099829	3100155	327	"M-P2h"	1815	398.019091731287	1	61	0	1	-Inf	"SD"	6	46.1538461538462
"ECK120002300"	"ybcH"	"-"	586314	587204	891	"M-P2h"	39	3.13878761712572	9	256	0	0.801346801346801	-Inf	"SD"	NA	NA
"ECK120002305"	"alsB"	"-"	4309130	4310065	936	"M-P2h"	46	3.52417130384381	0	0	0	0.825854700854701	-Inf	"SD"	3	9.09090909090909
"ECK120002306"	"adiC"	"-"	4333717	4335054	1338	"M-P2h"	21	1.12548110658923	2	64	0	0.592675635276532	-Inf	"SD"	NA	NA
"ECK120002307"	"yjdL"	"-"	4352977	4354434	1458	"M-P2h"	38	1.86896470649366	10	141	0	0.598765432098765	-Inf	"SD"	NA	NA
"ECK120002308"	"yjeM"	"+"	4381862	4383364	1503	"M-P2h"	8	0.381685827232238	0	0	0	0.277445109780439	-Inf	"SD"	NA	NA
"ECK120002309"	"ulaB"	"+"	4419416	4419721	306	"M-P2h"	29	6.79597228413871	0	0	0	0.862745098039216	-Inf	"SD"	NA	NA
"ECK120002310"	"ulaC"	"+"	4419731	4420195	465	"M-P2h"	56	8.63594965228038	6	310	19.3548387096774	0.810752688172043	-2.84732042661681	"SD"	NA	NA
"ECK120002313"	"ytfR"	"+"	4449081	4450583	1503	"M-P2h"	57	2.7195115190297	3	38	0	0.698602794411178	-Inf	"SD"	NA	NA
"ECK120002314"	"ytfT"	"+"	4450597	4451619	1023	"M-P2h"	35	2.45339478757965	1	42	0	0.840664711632454	-Inf	"SD"	NA	NA
"ECK120002317"	"idnT"	"-"	4489229	4490548	1320	"M-P2h"	96	5.21521634845504	21	544	36.7647058823529	0.754545454545455	-0.382727102863736	"SD"	NA	NA
"ECK120002319"	"yjhF"	"-"	4518694	4520043	1350	"M-P2h"	15	0.796769164347297	125	870	141.379310344828	0.360740740740741	4.94835269039316	"AD"	NA	NA
"ECK120002320"	"sgcA"	"-"	4525572	4526003	432	"M-P2h"	24	3.98384582173649	3	55	0	1	-Inf	"SD"	NA	NA
"ECK120002321"	"sgcC"	"-"	4526953	4528266	1314	"M-P2h"	50	2.72866152173732	5	99	0	0.840182648401826	-Inf	"SD"	NA	NA
"ECK120002322"	"sgcX"	"-"	4528553	4529674	1122	"M-P2h"	25	1.5977991263649	51	344	81.3953488372093	0.754901960784314	1.80934078161592	"AD"	NA	NA
"ECK120002329"	"fabF"	"+"	1151162	1152403	1242	"M-P2h"	4364	251.963814000841	30	271	70.1107011070111	1	-6.0510733259353	"SD"	19	44.1860465116279
"ECK120002332"	"yabP"	"+"	58474	59124	651	"M-P2h"	135	14.8705765696155	2	56	0	1	-Inf	"SD"	NA	NA
"ECK120002337"	"dppB"	"-"	3702794	3703813	1020	"M-P2h"	515	36.2061282034287	9	260	0	1	-Inf	"SD"	2	5.40540540540541
"ECK120002338"	"dppC"	"-"	3701882	3702784	903	"M-P2h"	593	47.0914399791974	0	0	0	1	-Inf	"SD"	NA	NA
"ECK120002339"	"dppD"	"-"	3700888	3701871	984	"M-P2h"	633	46.1300196065707	3	100	0	1	-Inf	"SD"	2	5.55555555555556
"ECK120002341"	"gntK"	"-"	3575088	3575615	528	"M-P2h"	24	3.2595102177844	2	126	0	0.964015151515151	-Inf	"SD"	NA	NA
"ECK120002342"	"gntR"	"-"	3575754	3576749	996	"M-P2h"	290	20.8791919572936	1	71	0	1	-Inf	"SD"	3	8.33333333333333
"ECK120002345"	"cas3"	"-"	2882575	2885241	2667	"M-P2h"	50	1.3443799173464	18	205	63.4146341463415	0.478815148106487	0.951570726641532	"AD"	NA	NA
"ECK120002349"	"gltJ"	"-"	685152	685892	741	"M-P2h"	246	23.8063013477047	4	103	0	0.970310391363023	-Inf	"SD"	1	3.57142857142857
"ECK120002350"	"gltK"	"-"	684478	685152	675	"M-P2h"	222	23.58436726468	8	244	24.5901639344262	1	-4.29672458496651	"SD"	NA	NA
"ECK120002351"	"gltL"	"-"	683753	684478	726	"M-P2h"	448	44.2503205323458	0	0	0	1	-Inf	"SD"	NA	NA
"ECK120002352"	"lpxH"	"-"	552441	553163	723	"M-P2h"	297	29.4573164080266	0	0	0	1	-Inf	"SD"	NA	NA
"ECK120002353"	"grxB"	"-"	1122630	1123277	648	"M-P2h"	669	74.0331348539364	17	505	31.6831683168317	1	-4.53202730903259	"SD"	9	37.5
"ECK120002355"	"rarA"	"+"	937217	938560	1344	"M-P2h"	1066	56.8765131156843	0	0	0	1	-Inf	"SD"	2	4
"ECK120002356"	"yciM"	"+"	1338582	1339751	1170	"M-P2h"	254	15.5676436726318	3	52	0	1	-Inf	"SD"	NA	NA
"ECK120002358"	"nudL"	"+"	1894194	1894772	579	"M-P2h"	122	15.1097157591249	2	113	0	1	-Inf	"SD"	NA	NA
"ECK120002364"	"yggN"	"-"	3098926	3099645	720	"M-P2h"	260	25.8949978412872	0	0	0	1	-Inf	"SD"	5	19.2307692307692
"ECK120002365"	"ygbE"	"-"	2871036	2871359	324	"M-P2h"	77	17.0420071263172	2	100	0	1	-Inf	"SD"	NA	NA
"ECK120002368"	"yedJ"	"-"	2030408	2031103	696	"M-P2h"	424	43.6849300452484	1	39	0	0.994252873563218	-Inf	"SD"	NA	NA
"ECK120002371"	"dxr"	"+"	193521	194717	1197	"M-P2h"	240	14.3777894318309	6	180	0	1	-Inf	"SD"	NA	NA
"ECK120002373"	"ygjI"	"+"	3224256	3225689	1434	"M-P2h"	5	0.250032164544131	5	67	0	0.260808926080893	-Inf	"SD"	NA	NA
"ECK120002375"	"uxaA"	"-"	3239849	3241336	1488	"M-P2h"	58	2.79511763299253	3	160	0	0.793682795698925	-Inf	"SD"	NA	NA
"ECK120002377"	"exuR"	"+"	3244674	3245450	777	"M-P2h"	268	24.7336837117848	72	585	63.2478632478633	1	-1.74087994769687	"SD"	4	13.3333333333333
"ECK120002378"	"yhaO"	"-"	3254701	3255969	1269	"M-P2h"	33	1.86477889528091	10	119	0	0.761229314420804	-Inf	"SD"	NA	NA
"ECK120002380"	"agaA"	"+"	3279144	3279647	504	"M-P2h"	6	0.853681247514961	61	555	109.90990990991	0.688492063492063	3.83703984906589	"AD"	NA	NA
"ECK120002381"	"kbaY"	"+"	3281165	3282025	861	"M-P2h"	3	0.24985792610194	9	126	47.6190476190476	0.271777003484321	2.26385451612109	"AD"	NA	NA
"ECK120002382"	"agaB"	"+"	3282192	3282668	477	"M-P2h"	18	2.70600848268893	0	0	0	0.983228511530398	-Inf	"SD"	NA	NA
"ECK120002383"	"agaC"	"+"	3282707	3283510	804	"M-P2h"	51	4.54871948302748	5	192	0	0.507462686567164	-Inf	"SD"	NA	NA
"ECK120002384"	"diaA"	"+"	3293831	3294421	591	"M-P2h"	264	32.0325471148761	2	64	0	1	-Inf	"SD"	1	4.76190476190476
"ECK120002386"	"mlaD"	"-"	3335932	3336483	552	"M-P2h"	439	57.0296189915973	0	0	0	1	-Inf	"SD"	10	50
"ECK120002387"	"mlaE"	"-"	3336488	3337270	783	"M-P2h"	245	22.4377523293204	0	0	0	1	-Inf	"SD"	3	10.7142857142857
"ECK120002391"	"yhdW"	"+"	3417171	3418088	918	"M-P2h"	30	2.34343871866852	19	259	54.0540540540541	0.696078431372549	0.256799758587137	"AD"	NA	NA
"ECK120002392"	"yhdX"	"+"	3418156	3419337	1182	"M-P2h"	14	0.84934784016717	13	199	0	0.5	-Inf	"SD"	NA	NA
"ECK120002393"	"yhdY"	"+"	3419347	3420450	1104	"M-P2h"	15	0.974310119446423	8	238	29.4117647058824	0.617753623188406	0.522973871951498	"AD"	NA	NA
"ECK120002401"	"abgT"	"-"	1398271	1399797	1527	"M-P2h"	111	5.21265484730157	6	100	0	0.482645710543549	-Inf	"SD"	NA	NA
"ECK120002402"	"ybgF"	"+"	778821	779612	792	"M-P2h"	2652	240.117252710117	18	488	34.8360655737705	1	-6.14206051005839	"SD"	8	28.5714285714286
"ECK120002409"	"proQ"	"-"	1912860	1913558	699	"M-P2h"	911	93.4579453288053	3	80	0	1	-Inf	"SD"	10	38.4615384615385
"ECK120002412"	"ycjF"	"+"	1383535	1384596	1062	"M-P2h"	295	19.9192291086824	2	57	0	0.954802259887006	-Inf	"SD"	4	10.2564102564103
"ECK120002416"	"ycfK"	"+"	1206724	1207353	630	"M-P2h"	6	0.682944998011969	0	0	0	0.287301587301587	-Inf	"SD"	NA	NA
"ECK120002418"	"ybcJ"	"-"	555884	556096	213	"M-P2h"	236	79.4524744166037	0	0	0	1	-Inf	"SD"	NA	NA
"ECK120002424"	"frlA"	"+"	3497932	3499269	1338	"M-P2h"	2	0	9	209	0	0.00747384155455904	NA	"NO"	NA	NA
"ECK120002425"	"feoC"	"+"	3540750	3540986	237	"M-P2h"	19	5.74884080605012	0	0	0	1	-Inf	"SD"	NA	NA
"ECK120002428"	"xapB"	"-"	2520751	2522007	1257	"M-P2h"	36	2.05372481502406	7	109	0	0.700079554494829	-Inf	"SD"	NA	NA
"ECK120002433"	"mngB"	"+"	767201	769834	2634	"M-P2h"	159	4.32868896803714	8	208	0	0.83788914198937	-Inf	"SD"	NA	NA
"ECK120002434"	"cobU"	"-"	2063243	2063788	546	"M-P2h"	171	22.4583835884705	0	0	0	1	-Inf	"SD"	NA	NA
"ECK120002437"	"dctA"	"-"	3680184	3681470	1287	"M-P2h"	69	3.84455051328416	12	224	31.25	0.801864801864802	-1.45738810777562	"SD"	7	15.5555555555556
"ECK120002438"	"dgoA"	"-"	3871018	3871635	618	"M-P2h"	18	2.08861819780359	0	0	0	0.574433656957929	-Inf	"SD"	NA	NA
"ECK120002439"	"dgoK"	"-"	3871619	3872497	879	"M-P2h"	59	4.81324717028913	4	130	0	0.812286689419795	-Inf	"SD"	NA	NA
"ECK120002441"	"glcB"	"-"	3119656	3121827	2172	"M-P2h"	2286	75.4729686338918	9	158	0	1	-Inf	"SD"	42	52.5
"ECK120002442"	"gpsA"	"-"	3780665	3781684	1020	"M-P2h"	849	59.6873841644872	4	143	0	1	-Inf	"SD"	5	13.8888888888889
"ECK120002444"	"kefB"	"-"	3476824	3478629	1806	"M-P2h"	1299	51.5782297917179	5	222	0	1	-Inf	"SD"	1	1.51515151515152
"ECK120002445"	"pta"	"+"	2412769	2414913	2145	"M-P2h"	2398	80.1672359204819	20	251	31.8725099601594	1	-5.64686892230307	"SD"	53	68.8311688311688
"ECK120002446"	"uxuB"	"+"	4550924	4552384	1461	"M-P2h"	95	4.66281749156016	5	134	0	0.90485968514716	-Inf	"SD"	1	1.85185185185185
"ECK120002450"	"nrdE"	"+"	2799370	2801514	2145	"M-P2h"	17	0.568324858485485	30	122	65.5737704918033	0.406060606060606	1.49328417986081	"AD"	NA	NA
"ECK120002451"	"alaT"	"+"	4035283	4035358	76	"M-P2h"	0	0	0	0	0	0	NA	"NO"	NA	NA
"ECK120002452"	"alaU"	"-"	3424980	3425055	76	"M-P2h"	0	0	0	0	0	0	NA	"NO"	NA	NA
"ECK120002453"	"alaV"	"+"	225500	225575	76	"M-P2h"	0	0	0	0	0	0	NA	"NO"	NA	NA
"ECK120002455"	"alaX"	"-"	2516063	2516138	76	"M-P2h"	18	16.9837637663503	0	0	0	0.802631578947368	-Inf	"SD"	NA	NA
"ECK120002456"	"argQ"	"-"	2815806	2815882	77	"M-P2h"	1	0	0	0	0	0.12987012987013	NA	"NO"	NA	NA
"ECK120002458"	"argV"	"-"	2816495	2816571	77	"M-P2h"	12	11.1754636038322	0	0	0	1	-Inf	"SD"	NA	NA
"ECK120002459"	"argW"	"+"	2464331	2464405	75	"M-P2h"	21	20.0785829415519	4	293	0	1	-Inf	"SD"	NA	NA
"ECK120002460"	"argX"	"+"	3980398	3980474	77	"M-P2h"	27	25.1447931086225	0	0	0	1	-Inf	"SD"	NA	NA
"ECK120002461"	"argY"	"-"	2816220	2816296	77	"M-P2h"	11	10.2441749701795	0	0	0	0.896103896103896	-Inf	"SD"	NA	NA
"ECK120002462"	"argZ"	"-"	2816081	2816157	77	"M-P2h"	2	1.86257726730537	0	0	0	0.74025974025974	-Inf	"SD"	NA	NA
"ECK120002463"	"asnT"	"+"	2042573	2042648	76	"M-P2h"	21	19.814391060742	0	0	0	1	-Inf	"SD"	NA	NA
"ECK120002467"	"aspU"	"+"	228928	229004	77	"M-P2h"	1	0.931288633652685	0	0	0	0.727272727272727	-Inf	"SD"	NA	NA
"ECK120002468"	"aspV"	"+"	236931	237007	77	"M-P2h"	43	40.0454112470655	0	0	0	1	-Inf	"SD"	NA	NA
"ECK120002470"	"glnU"	"-"	696088	696162	75	"M-P2h"	9	8.60510697495081	0	0	0	1	-Inf	"SD"	NA	NA
"ECK120002472"	"glnW"	"-"	695979	696053	75	"M-P2h"	8	7.64898397773405	6	155	38.7096774193548	1	-2.67223372005872	"SD"	NA	NA
"ECK120002474"	"gltT"	"+"	4166395	4166470	76	"M-P2h"	0	0	0	0	0	0	NA	"NO"	NA	NA
"ECK120002475"	"gltU"	"+"	3941458	3941533	76	"M-P2h"	0	0	0	0	0	0	NA	"NO"	NA	NA
"ECK120002476"	"gltV"	"+"	4207797	4207872	76	"M-P2h"	0	0	0	0	0	0	NA	"NO"	NA	NA
"ECK120002477"	"gltW"	"-"	2727391	2727466	76	"M-P2h"	3	0	0	0	0	0.0526315789473684	NA	"NO"	NA	NA
"ECK120002478"	"glyT"	"+"	4173696	4173770	75	"M-P2h"	2586	2472.53407080253	0	0	0	1	-Inf	"SD"	NA	NA
"ECK120002479"	"glyU"	"-"	2997006	2997079	74	"M-P2h"	460	445.760045999704	0	0	0	1	-Inf	"SD"	NA	NA
"ECK120002480"	"glyV"	"+"	4390383	4390458	76	"M-P2h"	5	4.71771215731952	0	0	0	0.631578947368421	-Inf	"SD"	NA	NA
"ECK120002481"	"glyW"	"-"	1990066	1990141	76	"M-P2h"	54	50.9512912990509	0	0	0	1	-Inf	"SD"	NA	NA
"ECK120002482"	"glyX"	"+"	4390495	4390570	76	"M-P2h"	1	0.943542431463905	0	0	0	0.460526315789474	-Inf	"SD"	NA	NA
"ECK120002484"	"hisR"	"+"	3980532	3980608	77	"M-P2h"	153	142.487160948861	0	0	0	1	-Inf	"SD"	NA	NA
"ECK120002485"	"ileT"	"+"	4035164	4035240	77	"M-P2h"	0	0	0	0	0	0	NA	"NO"	NA	NA
"ECK120002486"	"ileU"	"-"	3425098	3425174	77	"M-P2h"	0	0	0	0	0	0	NA	"NO"	NA	NA
"ECK120002487"	"ileV"	"+"	225381	225457	77	"M-P2h"	0	0	0	0	0	0	NA	"NO"	NA	NA
"ECK120002490"	"leuQ"	"-"	4604338	4604424	87	"M-P2h"	31	25.5515628566547	0	0	0	1	-Inf	"SD"	NA	NA
"ECK120002491"	"leuT"	"+"	3980629	3980715	87	"M-P2h"	27	22.2545870041831	0	0	0	1	-Inf	"SD"	NA	NA
"ECK120002492"	"leuU"	"-"	3320094	3320180	87	"M-P2h"	2301	1896.58535913427	0	0	0	1	-Inf	"SD"	NA	NA
"ECK120002494"	"leuW"	"-"	696186	696270	85	"M-P2h"	30	25.30913816162	1	51	0	1	-Inf	"SD"	NA	NA
"ECK120002496"	"leuZ"	"-"	1989839	1989925	87	"M-P2h"	276	227.491333820539	0	0	0	1	-Inf	"SD"	NA	NA
"ECK120002497"	"lysT"	"+"	779777	779852	76	"M-P2h"	93	87.7494461261431	0	0	0	1	-Inf	"SD"	NA	NA
"ECK120002499"	"lysW"	"+"	780066	780141	76	"M-P2h"	2	0	0	0	0	0.0921052631578947	NA	"NO"	NA	NA
"ECK120002500"	"metT"	"-"	696280	696356	77	"M-P2h"	14	13.0380408711376	0	0	0	1	-Inf	"SD"	NA	NA
"ECK120002501"	"metU"	"-"	695887	695963	77	"M-P2h"	36	33.5263908114967	0	0	0	1	-Inf	"SD"	NA	NA
"ECK120002506"	"pheU"	"-"	4360574	4360649	76	"M-P2h"	22	20.7579334922059	0	0	0	1	-Inf	"SD"	NA	NA
"ECK120002508"	"proK"	"-"	3706639	3706715	77	"M-P2h"	46	42.8392771480235	0	0	0	1	-Inf	"SD"	NA	NA
"ECK120002510"	"proM"	"+"	3980758	3980834	77	"M-P2h"	53	49.3582975835923	0	0	0	1	-Inf	"SD"	NA	NA
"ECK120002513"	"rrfB"	"+"	4169660	4169779	120	"M-P2h"	13	7.76849935238615	0	0	0	0.75	-Inf	"SD"	NA	NA
"ECK120002514"	"rrfC"	"+"	3944723	3944842	120	"M-P2h"	0	0	0	0	0	0	NA	"NO"	NA	NA
"ECK120002515"	"rrfD"	"-"	3421690	3421809	120	"M-P2h"	29	17.3297293245537	0	0	0	0.733333333333333	-Inf	"SD"	NA	NA
"ECK120002516"	"rrfE"	"+"	4211063	4211182	120	"M-P2h"	4	2.39030749304189	0	0	0	0.7	-Inf	"SD"	NA	NA
"ECK120002517"	"rrfG"	"-"	2724091	2724210	120	"M-P2h"	23	13.7442680849909	0	0	0	0.758333333333333	-Inf	"SD"	NA	NA
"ECK120002518"	"rrfH"	"+"	228756	228875	120	"M-P2h"	1	0	0	0	0	0.116666666666667	NA	"NO"	NA	NA
"ECK120002519"	"rrlA"	"+"	4035542	4038446	2905	"M-P2h"	1527	37.6936269384678	0	0	0	0.202065404475043	-Inf	"SD"	NA	NA
"ECK120002520"	"rrlB"	"+"	4166664	4169567	2904	"M-P2h"	0	0	0	0	0	0	NA	"NO"	NA	NA
"ECK120002521"	"rrlC"	"+"	3941727	3944630	2904	"M-P2h"	1327	32.7679549924235	0	0	0	0.295110192837466	-Inf	"SD"	NA	NA
"ECK120002522"	"rrlD"	"-"	3421902	3424805	2904	"M-P2h"	106	0	0	0	0	0.131198347107438	NA	"NO"	NA	NA
"ECK120002523"	"rrlE"	"+"	4208066	4210969	2904	"M-P2h"	1	0	0	0	0	0.00929752066115703	NA	"NO"	NA	NA
"ECK120002524"	"rrlG"	"-"	2724303	2727206	2904	"M-P2h"	0	0	0	0	0	0	NA	"NO"	NA	NA
"ECK120002525"	"rrlH"	"+"	225759	228662	2904	"M-P2h"	1530	37.7806866152282	0	0	0	0.299586776859504	-Inf	"SD"	NA	NA
"ECK120002526"	"rrsA"	"+"	4033554	4035095	1542	"M-P2h"	22	0	0	0	0	0.11284046692607	NA	"NO"	NA	NA
"ECK120002527"	"rrsB"	"+"	4164682	4166223	1542	"M-P2h"	0	0	0	0	0	0	NA	"NO"	NA	NA
"ECK120002531"	"rrsG"	"-"	2727638	2729179	1542	"M-P2h"	1417	65.8962201875557	0	0	0	0.186770428015564	-Inf	"SD"	NA	NA
"ECK120002532"	"rrsH"	"+"	223771	225312	1542	"M-P2h"	1278	59.43215906824	0	0	0	0.176394293125811	-Inf	"SD"	NA	NA
"ECK120002537"	"serV"	"-"	2816575	2816667	93	"M-P2h"	1633	1259.15230197981	0	0	0	1	-Inf	"SD"	NA	NA
"ECK120002541"	"ssrS"	"+"	3054005	3054187	183	"M-P2h"	2261	885.981187175036	0	0	0	1	-Inf	"SD"	NA	NA
"ECK120002542"	"ssrA"	"+"	2753615	2753977	363	"M-P2h"	2930414	578891.780323542	0	0	0	1	-Inf	"SD"	NA	NA
"ECK120002543"	"thrT"	"+"	4173777	4173852	76	"M-P2h"	38	35.8546123956284	0	0	0	1	-Inf	"SD"	NA	NA
"ECK120002545"	"thrV"	"-"	3421602	3421677	76	"M-P2h"	36	33.9675275327006	0	0	0	1	-Inf	"SD"	NA	NA
"ECK120002548"	"tyrT"	"-"	1286761	1286845	85	"M-P2h"	11	9.28001732592734	0	0	0	1	-Inf	"SD"	NA	NA
"ECK120002550"	"tyrV"	"-"	1286467	1286551	85	"M-P2h"	12	10.123655264648	0	0	0	1	-Inf	"SD"	NA	NA
"ECK120002551"	"valT"	"+"	779988	780063	76	"M-P2h"	24	22.6450183551337	0	0	0	0.842105263157895	-Inf	"SD"	NA	NA
"ECK120002554"	"valW"	"+"	1744540	1744616	77	"M-P2h"	3	2.79386590095806	2	100	0	0.987012987012987	-Inf	"SD"	NA	NA
"ECK120002555"	"valX"	"+"	2519073	2519148	76	"M-P2h"	9	8.49188188317514	0	0	0	1	-Inf	"SD"	NA	NA
"ECK120002556"	"valY"	"+"	2519195	2519270	76	"M-P2h"	3	2.83062729439171	0	0	0	0.815789473684211	-Inf	"SD"	NA	NA
"ECK120002557"	"dicF"	"+"	1647406	1647458	53	"M-P2h"	5	6.76502120672234	0	0	0	1	-Inf	"SD"	NA	NA
"ECK120002561"	"rpmA"	"-"	3330884	3331141	258	"M-P2h"	1124	312.40763048594	0	0	0	1	-Inf	"SD"	19	211.111111111111
"ECK120002562"	"acpP"	"+"	1150838	1151074	237	"M-P2h"	27674	8373.33791929637	0	0	0	1	-Inf	"SD"	3	33.3333333333333
"ECK120002564"	"nfsB"	"-"	603994	604647	654	"M-P2h"	236	25.8767233191691	1	58	0	1	-Inf	"SD"	7	29.1666666666667
"ECK120002566"	"eutC"	"-"	2554432	2555319	888	"M-P2h"	285	23.0147849836804	13	102	107.843137254902	1	-3.38698553534046	"SD"	NA	NA
"ECK120002568"	"gadA"	"-"	3664203	3665603	1401	"M-P2h"	25	0	2	101	0	0.0842255531763026	NA	"NO"	NA	NA
"ECK120002569"	"frmA"	"-"	377686	378795	1110	"M-P2h"	180	11.6285229391227	3	76	0	1	-Inf	"SD"	5	12.8205128205128
"ECK120002570"	"folP"	"-"	3322085	3322933	849	"M-P2h"	233	19.6799168155039	0	0	0	0.949352179034158	-Inf	"SD"	2	6.45161290322581
"ECK120002572"	"glcF"	"-"	3122258	3123481	1224	"M-P2h"	605	35.4445106198614	0	0	0	1	-Inf	"SD"	NA	NA
"ECK120002581"	"sraF"	"+"	3236396	3236583	188	"M-P2h"	25	9.5358011690501	1	100	0	0.877659574468085	-Inf	"SD"	NA	NA
"ECK120002628"	"ydaE"	"-"	1415862	1416032	171	"M-P2h"	9	3.77416972585562	0	0	0	0.625730994152047	-Inf	"SD"	NA	NA
"ECK120002629"	"yoeB"	"-"	2087235	2087489	255	"M-P2h"	1278	359.389761895004	2	101	0	1	-Inf	"SD"	NA	NA
"ECK120002651"	"ecnB"	"+"	4374576	4374722	147	"M-P2h"	11	5.36599641295119	0	0	0	0.91156462585034	-Inf	"SD"	NA	NA
"ECK120002669"	"tisB"	"+"	3851576	3851665	90	"M-P2h"	56	44.6190732034486	1	100	0	1	-Inf	"SD"	NA	NA
"ECK120002671"	"thiS"	"-"	4190660	4190860	201	"M-P2h"	38	13.5569678709839	0	0	0	1	-Inf	"SD"	NA	NA
"ECK120002674"	"sapC"	"-"	1351652	1352542	891	"M-P2h"	164	13.1990043386825	6	280	0	1	-Inf	"SD"	NA	NA
"ECK120002675"	"sapB"	"-"	1352529	1353494	966	"M-P2h"	158	11.728838009336	40	568	70.4225352112676	1	-0.551988185729726	"SD"	NA	NA
"ECK120002676"	"sapA"	"-"	1353491	1355134	1644	"M-P2h"	207	9.02908122371663	52	568	70.4225352112676	0.87712895377129	-0.174579190206036	"SD"	1	1.61290322580645
"ECK120002680"	"flgC"	"+"	1130661	1131065	405	"M-P2h"	58	10.2694692293652	1	100	0	0.950617283950617	-Inf	"SD"	NA	NA
"ECK120002682"	"flgD"	"+"	1131077	1131772	696	"M-P2h"	93	9.58183607124551	1	83	0	0.975574712643678	-Inf	"SD"	NA	NA
"ECK120002683"	"flgE"	"+"	1131797	1133005	1209	"M-P2h"	195	11.5660039985898	16	440	15.9090909090909	1	-3.04639177371864	"SD"	7	16.6666666666667
"ECK120002684"	"flgF"	"+"	1133025	1133780	756	"M-P2h"	31	2.94045763032931	1	100	0	0.845238095238095	-Inf	"SD"	NA	NA
"ECK120002685"	"flgG"	"+"	1133952	1134734	783	"M-P2h"	69	6.31920371723718	2	100	0	0.946360153256705	-Inf	"SD"	1	3.57142857142857
"ECK120002686"	"flgH"	"+"	1134787	1135485	699	"M-P2h"	18	1.84658947960318	3	149	0	0.67238912732475	-Inf	"SD"	5	20
"ECK120002687"	"flgI"	"+"	1135497	1136594	1098	"M-P2h"	34	2.22050422850886	2	100	0	0.810564663023679	-Inf	"SD"	3	7.89473684210526
"ECK120002688"	"flgJ"	"+"	1136594	1137535	942	"M-P2h"	23	1.75086217643196	9	311	0	0.606157112526539	-Inf	"SD"	NA	NA
"ECK120002689"	"flgM"	"-"	1129058	1129351	294	"M-P2h"	265	64.6358658832756	0	0	0	1	-Inf	"SD"	2	20
"ECK120002690"	"flhA"	"-"	1960996	1963074	2079	"M-P2h"	100	3.44921716167661	0	0	0	0.70995670995671	-Inf	"SD"	1	1.33333333333333
"ECK120002692"	"fliI"	"+"	2014578	2015951	1374	"M-P2h"	26	1.35694311832072	0	0	0	0.635371179039301	-Inf	"SD"	NA	NA
"ECK120002693"	"fliJ"	"+"	2015970	2016413	444	"M-P2h"	14	2.26110168260719	0	0	0	0.68018018018018	-Inf	"SD"	NA	NA
"ECK120002694"	"fliK"	"+"	2016410	2017537	1128	"M-P2h"	15	0.95358011690501	7	58	0	0.441489361702128	-Inf	"SD"	NA	NA
"ECK120002695"	"nanT"	"-"	3369106	3370596	1491	"M-P2h"	28	1.346652108756	4	38	0	0.73775989268947	-Inf	"SD"	NA	NA
"ECK120002699"	"maa"	"-"	478591	479142	552	"M-P2h"	68	8.8337450829809	38	501	75.8483033932136	0.943840579710145	-0.217025782304341	"SD"	7	35
"ECK120002706"	"insA-1"	"-"	20233	20508	276	"M-P2h"	0	0	0	0	0	0	NA	"NO"	NA	NA
"ECK120002711"	"b0165"	"-"	184987	185118	132	"M-P2h"	86	46.7196464549097	36	240	150	1	-2.69796054517709	"SD"	NA	NA
"ECK120002712"	"ispU"	"+"	194903	195664	762	"M-P2h"	508	47.8061498608378	1	62	0	1	-Inf	"SD"	NA	NA
"ECK120002713"	"bamA"	"+"	197928	200360	2433	"M-P2h"	4439	130.833230106202	27	139	79.136690647482	1	-5.89408168102513	"SD"	14	15.3846153846154
"ECK120002714"	"ldcC"	"+"	209679	211820	2142	"M-P2h"	171	5.72468601274739	28	386	49.2227979274611	0.905228758169935	-0.591197147967814	"SD"	NA	NA
"ECK120002715"	"yaeR"	"+"	211877	212266	390	"M-P2h"	79	14.5257147654084	0	0	0	1	-Inf	"SD"	1	6.66666666666667
"ECK120002729"	"yafQ"	"-"	245961	246239	279	"M-P2h"	3065	787.773383459505	3	101	0	1	-Inf	"SD"	NA	NA
"ECK120002735"	"dinB"	"+"	250898	251953	1056	"M-P2h"	86	5.83995580686371	1	40	0	0.795454545454545	-Inf	"SD"	NA	NA
"ECK120002736"	"yafN"	"+"	252005	252298	294	"M-P2h"	76	18.5370785174677	0	0	0	1	-Inf	"SD"	NA	NA
"ECK120002737"	"yafO"	"+"	252301	252699	399	"M-P2h"	86	15.4561236392182	1	49	0	1	-Inf	"SD"	NA	NA
"ECK120002738"	"yafP"	"+"	252709	253161	453	"M-P2h"	21	3.32426869893243	0	0	0	0.573951434878587	-Inf	"SD"	NA	NA
"ECK120002739"	"ykfJ"	"+"	253467	253733	267	"M-P2h"	3	0.805721626868053	0	0	0	0.595505617977528	-Inf	"SD"	NA	NA
"ECK120002742"	"ykfG"	"-"	263480	263956	477	"M-P2h"	1	0	2	142	0	0.157232704402516	NA	"NO"	NA	NA
"ECK120002743"	"yafX"	"-"	263972	264430	459	"M-P2h"	1	0	108	1201	89.92506244796	0.0217864923747277	Inf	"AD"	NA	NA
"ECK120002744"	"ykfF"	"-"	264528	264767	240	"M-P2h"	0	0	108	1201	89.92506244796	0	Inf	"AD"	NA	NA
"ECK120002745"	"ykfB"	"-"	264844	265311	468	"M-P2h"	204	31.2578672167017	0	0	0	1	-Inf	"SD"	NA	NA
"ECK120002746"	"yafY"	"-"	265334	265777	444	"M-P2h"	46	7.42933409999507	1	58	0	0.844594594594595	-Inf	"SD"	NA	NA
"ECK120002747"	"yafZ"	"-"	266408	267229	822	"M-P2h"	0	0	13	292	44.5205479452055	0	Inf	"AD"	NA	NA
"ECK120002748"	"ykfA"	"-"	267321	268184	864	"M-P2h"	28	2.32391006267962	9	304	26.3157894736842	0.71875	-0.538482331169894	"SD"	NA	NA
"ECK120002751"	"insI-1"	"+"	269827	270978	1152	"M-P2h"	23	0	0	0	0	0.0642361111111111	NA	"NO"	NA	NA
"ECK120002752"	"insO-1"	"+"	271054	271479	426	"M-P2h"	64	10.773216870048	6	200	30	0.711267605633803	-3.16634279032877	"SD"	NA	NA
"ECK120002757"	"afuB"	"-"	278038	278400	363	"M-P2h"	5	0.987730369025575	2	97	0	0.619834710743802	-Inf	"SD"	NA	NA
"ECK120002758"	"insB-2"	"-"	278402	278905	504	"M-P2h"	2	0	0	0	0	0.0595238095238095	NA	"NO"	NA	NA
"ECK120002759"	"insA-2"	"-"	278824	279099	276	"M-P2h"	0	0	0	0	0	0	NA	"NO"	NA	NA
"ECK120002761"	"yagF"	"+"	282425	284392	1968	"M-P2h"	17	0.619439441794393	1	95	0	0.42479674796748	-Inf	"SD"	NA	NA
"ECK120002762"	"yagG"	"+"	284619	286001	1383	"M-P2h"	27	1.39996317379894	6	177	0	0.417208966015907	-Inf	"SD"	NA	NA
"ECK120002765"	"insB-3"	"-"	289873	290376	504	"M-P2h"	0	0	2	123	0	0	NA	"NO"	NA	NA
"ECK120002770"	"yagM"	"-"	293169	294023	855	"M-P2h"	10	0.838704383523471	3	105	0	0.352046783625731	-Inf	"SD"	NA	NA
"ECK120002771"	"yagN"	"-"	294363	294803	441	"M-P2h"	228	37.0741570349355	30	414	72.463768115942	0.963718820861678	-2.62737948427446	"SD"	NA	NA
"ECK120002772"	"intF"	"-"	294920	296320	1401	"M-P2h"	287	14.6898982977093	46	223	71.7488789237668	0.9593147751606	-2.19868059752063	"SD"	NA	NA
"ECK120002773"	"yagP"	"-"	296605	297015	411	"M-P2h"	10	1.74474999492109	15	224	58.0357142857143	0.574209245742092	0.575491295659655	"AD"	NA	NA
"ECK120002774"	"paoD"	"-"	296994	297950	957	"M-P2h"	30	2.24793808123062	1	44	0	0.819226750261233	-Inf	"SD"	NA	NA
"ECK120002775"	"paoC"	"-"	297960	300158	2199	"M-P2h"	58	1.89137564251609	3	81	0	0.66894042746703	-Inf	"SD"	NA	NA
"ECK120002776"	"paoB"	"-"	300155	301111	957	"M-P2h"	7	0	0	0	0	0.241379310344828	NA	"NO"	NA	NA
"ECK120002780"	"ecpE"	"-"	303719	304429	711	"M-P2h"	39	3.93341739361324	7	151	0	0.808720112517581	-Inf	"SD"	NA	NA
"ECK120002781"	"ecpD"	"-"	304398	306041	1644	"M-P2h"	80	3.48949998984218	42	778	41.1311053984576	0.746350364963504	0.875051577518563	"AD"	NA	NA
"ECK120002782"	"ecpC"	"-"	306031	308556	2526	"M-P2h"	33	0.93681885119219	27	503	41.7495029821074	0.482581155977831	2.1645473159321	"AD"	NA	NA
"ECK120002783"	"ecpB"	"-"	308582	309250	669	"M-P2h"	10	1.07188676818022	1	39	0	0.705530642750374	-Inf	"SD"	NA	NA
"ECK120002784"	"ecpA"	"-"	309308	309895	588	"M-P2h"	42	5.12208748508977	5	253	0	0.959183673469388	-Inf	"SD"	NA	NA
"ECK120002788"	"insE-1"	"+"	314506	314814	309	"M-P2h"	0	0	0	0	0	0	NA	"NO"	NA	NA
"ECK120002792"	"rclB"	"-"	317555	317791	237	"M-P2h"	3	0.90771170621844	0	0	0	0.472573839662447	-Inf	"SD"	NA	NA
"ECK120002795"	"ykgE"	"+"	320832	321551	720	"M-P2h"	17	1.69313447423801	0	0	0	0.694444444444444	-Inf	"SD"	3	11.5384615384615
"ECK120002796"	"ykgF"	"+"	321562	322989	1428	"M-P2h"	55	2.76190991843076	2	128	0	0.839635854341737	-Inf	"SD"	NA	NA
"ECK120002799"	"ykgH"	"-"	323920	324588	669	"M-P2h"	8	0.857509414544176	1	100	0	0.263079222720478	-Inf	"SD"	NA	NA
"ECK120002803"	"yahE"	"+"	335149	336012	864	"M-P2h"	3	0	0	0	0	0.185185185185185	NA	"NO"	NA	NA
"ECK120002804"	"yahF"	"+"	336002	337549	1548	"M-P2h"	11	0.509561674873272	1	95	0	0.381136950904393	-Inf	"SD"	NA	NA
"ECK120002805"	"yahG"	"+"	337549	338967	1419	"M-P2h"	11	0.555885463498114	1	100	0	0.306553911205074	-Inf	"SD"	NA	NA
"ECK120002806"	"yahI"	"+"	339389	340339	951	"M-P2h"	10	0.754040218625202	2	124	0	0.251314405888538	-Inf	"SD"	NA	NA
"ECK120002807"	"yahJ"	"+"	340349	341731	1383	"M-P2h"	159	8.24422757903819	2	128	0	0.937093275488069	-Inf	"SD"	0	0
"ECK120002808"	"yahK"	"+"	342108	343157	1050	"M-P2h"	319	21.7859454365818	2	100	0	0.957142857142857	-Inf	"SD"	1	2.63157894736842
"ECK120002809"	"yahL"	"+"	343400	344215	816	"M-P2h"	7	0.615152663650487	0	0	0	0.42156862745098	-Inf	"SD"	NA	NA
"ECK120002815"	"prpC"	"+"	349236	350405	1170	"M-P2h"	4	0	1	59	0	0.147008547008547	NA	"NO"	NA	NA
"ECK120002816"	"prpD"	"+"	350439	351890	1452	"M-P2h"	7	0	9	244	28.6885245901639	0.236225895316804	Inf	"AD"	NA	NA
"ECK120002817"	"prpE"	"+"	351930	353816	1887	"M-P2h"	11	0.418018798465196	2	49	0	0.319554848966614	-Inf	"SD"	NA	NA
"ECK120002819"	"mhpE"	"+"	373092	374105	1014	"M-P2h"	97	6.85975819009064	0	0	0	0.999013806706114	-Inf	"SD"	NA	NA
"ECK120002820"	"mhpT"	"+"	374683	375894	1212	"M-P2h"	36	2.12997697399772	1	76	0	0.705445544554455	-Inf	"SD"	NA	NA
"ECK120002823"	"frmR"	"-"	378830	379105	276	"M-P2h"	56	14.5496977837333	0	0	0	1	-Inf	"SD"	NA	NA
"ECK120002824"	"yaiO"	"-"	379293	380066	774	"M-P2h"	81	7.50445375722454	6	265	22.6415094339623	0.94702842377261	-2.64471265729481	"SD"	NA	NA
"ECK120002832"	"tauB"	"+"	385431	386198	768	"M-P2h"	14	1.30719941025728	1	100	0	0.58984375	-Inf	"SD"	NA	NA
"ECK120002833"	"tauC"	"+"	386195	387022	828	"M-P2h"	27	2.33834428667142	1	47	0	0.673913043478261	-Inf	"SD"	NA	NA
"ECK120002845"	"proY"	"+"	420210	421583	1374	"M-P2h"	172	8.97670062889095	9	104	0	0.97962154294032	-Inf	"SD"	NA	NA
"ECK120002846"	"thiL"	"+"	434858	435835	978	"M-P2h"	548	40.1806290241398	3	135	0	1	-Inf	"SD"	3	8.57142857142857
"ECK120002848"	"dxs"	"-"	437539	439401	1863	"M-P2h"	894	34.4111899964485	35	360	36.1111111111111	1	-3.72629425537635	"SD"	9	13.2352941176471
"ECK120002853"	"ppiD"	"+"	461139	463010	1872	"M-P2h"	1867	71.5176937421348	1	59	0	1	-Inf	"SD"	36	52.9411764705882
"ECK120002854"	"ybaV"	"+"	463161	463532	372	"M-P2h"	14	2.69873426633762	2	122	0	0.994623655913978	-Inf	"SD"	NA	NA
"ECK120002858"	"ybaO"	"+"	467607	468065	459	"M-P2h"	82	12.8107983287212	0	0	0	0.986928104575163	-Inf	"SD"	NA	NA
"ECK120002859"	"mdlA"	"+"	468095	469867	1773	"M-P2h"	172	6.95656326232158	6	100	0	0.942470389170897	-Inf	"SD"	NA	NA
"ECK120002863"	"ylaC"	"-"	478005	478475	471	"M-P2h"	390	59.3770651137795	24	442	54.2986425339367	1	-3.62879947469143	"SD"	NA	NA
"ECK120002870"	"ybaT"	"+"	511800	513092	1293	"M-P2h"	30	1.66378711812661	13	100	80	0.737819025522042	-0.056398947074024	"SD"	NA	NA
"ECK120002877"	"ybbO"	"-"	517564	518373	810	"M-P2h"	187	16.5550926369938	3	100	0	1	-Inf	"SD"	7	24.1379310344828
"ECK120002878"	"ybbP"	"+"	519640	522054	2415	"M-P2h"	266	7.89840736831234	0	0	0	0.95527950310559	-Inf	"SD"	NA	NA
"ECK120002879"	"ylbH"	"+"	527173	527883	711	"M-P2h"	65	6.55569565602207	8	246	28.4552845528455	0.954992967651195	-2.22732205262719	"SD"	NA	NA
"ECK120002884"	"allR"	"+"	532235	533050	816	"M-P2h"	1249	109.760810985637	1	74	0	1	-Inf	"SD"	3	10.3448275862069
"ECK120002885"	"hyi"	"+"	534934	535710	777	"M-P2h"	10	0.92289864596212	0	0	0	0.821106821106821	-Inf	"SD"	NA	NA
"ECK120002886"	"glxR"	"+"	535810	536688	879	"M-P2h"	14	1.14212644718725	0	0	0	0.499431171786121	-Inf	"SD"	NA	NA
"ECK120002888"	"ybbW"	"+"	536857	538311	1455	"M-P2h"	7	0	0	0	0	0.226116838487973	NA	"NO"	NA	NA
"ECK120002889"	"allB"	"+"	538371	539732	1362	"M-P2h"	57	3.00104685249753	7	188	0	0.924375917767988	-Inf	"SD"	NA	NA
"ECK120002890"	"ybbY"	"+"	539789	541090	1302	"M-P2h"	5	0.275381047585471	1	65	0	0.334101382488479	-Inf	"SD"	NA	NA
"ECK120002893"	"allC"	"-"	543281	544516	1236	"M-P2h"	177	10.2690394725343	1	71	0	0.681229773462783	-Inf	"SD"	NA	NA
"ECK120002896"	"ylbE_2"	"+"	547838	548839	1002	"M-P2h"	19	1.35975575951485	0	0	0	0.665668662674651	-Inf	"SD"	NA	NA
"ECK120002897"	"ylbF"	"+"	548850	549665	816	"M-P2h"	13	1.1424263753509	1	100	0	0.716911764705882	-Inf	"SD"	NA	NA
"ECK120002899"	"sfmC"	"+"	558197	558889	693	"M-P2h"	0	0	4	222	0	0	NA	"NO"	NA	NA
"ECK120002900"	"sfmD"	"+"	558920	561523	2604	"M-P2h"	20	0.550762095170943	1	100	0	0.394777265745008	-Inf	"SD"	NA	NA
"ECK120002901"	"sfmH"	"+"	561565	562542	978	"M-P2h"	2	0	3	123	0	0.127811860940695	NA	"NO"	NA	NA
"ECK120002904"	"insE-3"	"+"	566056	566364	309	"M-P2h"	0	0	0	0	0	0	NA	"NO"	NA	NA
"ECK120002905"	"insF-3"	"+"	566361	567227	867	"M-P2h"	9	0	0	0	0	0.0461361014994233	NA	"NO"	NA	NA
"ECK120002906"	"renD"	"+"	567285	567470	186	"M-P2h"	41	15.8068721314061	1	100	0	1	-Inf	"SD"	NA	NA
"ECK120002908"	"ybcK"	"+"	568125	569651	1527	"M-P2h"	62	2.91157297777205	0	0	0	0.763588736083824	-Inf	"SD"	NA	NA
"ECK120002909"	"ybcL"	"+"	570116	570667	552	"M-P2h"	137	17.797398181888	10	309	19.4174757281553	0.994565217391304	-3.89056003673696	"SD"	NA	NA
"ECK120002910"	"ybcM"	"+"	570677	571474	798	"M-P2h"	263	23.6334913785721	12	477	23.0607966457023	1	-3.42525734570842	"SD"	NA	NA
"ECK120002911"	"ybcN"	"+"	571689	572144	456	"M-P2h"	2	0	2	120	0	0.179824561403509	NA	"NO"	NA	NA
"ECK120002912"	"ninE"	"+"	572144	572314	171	"M-P2h"	4	1.67740876704694	2	120	0	1	-Inf	"SD"	NA	NA
"ECK120002913"	"ybcO"	"+"	572307	572597	291	"M-P2h"	4	0.985693811563667	0	0	0	0.487972508591065	-Inf	"SD"	NA	NA
"ECK120002914"	"rusA"	"+"	572594	572956	363	"M-P2h"	3	0.592638221415345	0	0	0	0.465564738292011	-Inf	"SD"	NA	NA
"ECK120002916"	"insH-2"	"-"	573960	574976	1017	"M-P2h"	5	0	1	96	0	0.0363815142576204	NA	"NO"	NA	NA
"ECK120002918"	"rrrD"	"+"	576836	577333	498	"M-P2h"	32	4.60782167333377	8	105	66.6666666666667	0.831325301204819	-1.71865805715007	"SD"	NA	NA
"ECK120002926"	"cusS"	"-"	592551	593993	1443	"M-P2h"	160	7.95112679598134	13	124	56.4516129032258	0.933471933471933	-2.50573249961432	"SD"	NA	NA
"ECK120002929"	"cusF"	"+"	596354	596686	333	"M-P2h"	233	50.1749230521406	1	51	0	1	-Inf	"SD"	NA	NA
"ECK120002930"	"cusB"	"+"	596702	597925	1224	"M-P2h"	426	24.9576223538198	3	168	0	0.997549019607843	-Inf	"SD"	NA	NA
"ECK120002932"	"ybdF"	"-"	604741	605109	369	"M-P2h"	105	20.4050639649918	3	75	0	1	-Inf	"SD"	1	7.14285714285714
"ECK120002933"	"ybdJ"	"-"	605174	605422	249	"M-P2h"	27	7.77569907375073	0	0	0	1	-Inf	"SD"	NA	NA
"ECK120002934"	"ybdK"	"-"	605488	606606	1119	"M-P2h"	52	3.33233216188146	3	177	0	0.787310098302055	-Inf	"SD"	NA	NA
"ECK120002938"	"ybdN"	"-"	634572	635792	1221	"M-P2h"	35	2.05554698418836	13	347	23.0547550432277	0.754299754299754	-0.361450443233321	"SD"	NA	NA
"ECK120002939"	"ybdO"	"-"	635939	636841	903	"M-P2h"	38	3.01766394470405	23	192	119.791666666667	0.69656699889258	0.608201708818528	"AD"	NA	NA
"ECK120002945"	"citT"	"-"	644340	645803	1464	"M-P2h"	45	2.20417699153453	3	286	0	0.346994535519126	-Inf	"SD"	NA	NA
"ECK120002946"	"citG"	"-"	645854	646732	879	"M-P2h"	0	0	8	109	0	0	NA	"NO"	NA	NA
"ECK120002947"	"citX"	"-"	646707	647258	552	"M-P2h"	0	0	1	69	0	0	NA	"NO"	NA	NA
"ECK120002948"	"citF"	"-"	647262	648794	1533	"M-P2h"	6	0	1	54	0	0.228962818003914	NA	"NO"	NA	NA
"ECK120002949"	"citE"	"-"	648805	649713	909	"M-P2h"	1	0	9	150	46.6666666666667	0.11001100110011	Inf	"AD"	NA	NA
"ECK120002950"	"citD"	"-"	649710	650006	297	"M-P2h"	0	0	0	0	0	0	NA	"NO"	NA	NA
"ECK120002955"	"ybeM_2"	"+"	657478	658041	564	"M-P2h"	39	4.95861660790605	2	48	0	0.879432624113475	-Inf	"SD"	NA	NA
"ECK120002956"	"cobC"	"-"	668519	669130	612	"M-P2h"	48	5.62425292480445	3	95	0	0.830065359477124	-Inf	"SD"	NA	NA
"ECK120002957"	"nadD"	"-"	669154	669795	642	"M-P2h"	261	29.1528156861651	6	302	0	1	-Inf	"SD"	1	4
"ECK120002965"	"rihA"	"-"	682700	683635	936	"M-P2h"	185	14.173297635024	2	100	0	1	-Inf	"SD"	3	8.82352941176471
"ECK120002966"	"gltI"	"-"	686062	686970	909	"M-P2h"	7117	561.446152738586	2	67	0	1	-Inf	"SD"	26	78.7878787878788
"ECK120002967"	"insH-3"	"-"	687220	688236	1017	"M-P2h"	0	0	0	0	0	0	NA	"NO"	NA	NA
"ECK120002968"	"ybeX"	"-"	690129	691007	879	"M-P2h"	2052	167.403104973446	5	143	0	1	-Inf	"SD"	9	27.2727272727273
"ECK120002969"	"ybeY"	"-"	691097	691564	468	"M-P2h"	284	43.5158543605062	3	133	0	1	-Inf	"SD"	NA	NA
"ECK120002970"	"ybeZ"	"-"	691561	692640	1080	"M-P2h"	1198	79.5441215740052	0	0	0	1	-Inf	"SD"	14	35.8974358974359
"ECK120002973"	"chiP"	"+"	707557	708963	1407	"M-P2h"	14	0.713524624788624	1	36	0	0.515280739161336	-Inf	"SD"	NA	NA
"ECK120002976"	"ybfO"	"+"	733443	734876	1434	"M-P2h"	12	0	1	37	0	0.188284518828452	NA	"NO"	NA	NA
"ECK120002977"	"ybfL"	"+"	736123	737184	1062	"M-P2h"	0	0	0	0	0	0	NA	"NO"	NA	NA
"ECK120002980"	"ybgJ"	"+"	742816	743472	657	"M-P2h"	599	65.3787300608262	0	0	0	1	-Inf	"SD"	3	12.5
"ECK120002981"	"ybgK"	"+"	743466	744398	933	"M-P2h"	1187	91.2313502971294	9	233	0	1	-Inf	"SD"	NA	NA
"ECK120002982"	"ybgL"	"+"	744388	745122	735	"M-P2h"	435	42.4401534478866	6	210	28.5714285714286	1	-5.14432356156696	"SD"	NA	NA
"ECK120002985"	"ybgO"	"-"	747144	748205	1062	"M-P2h"	10	0.675228105379065	81	788	96.4467005076142	0.580979284369115	4.49255255808462	"AD"	NA	NA
"ECK120002986"	"ybgP"	"-"	748202	748930	729	"M-P2h"	4	0.393466253998665	8	262	0	0.388203017832647	-Inf	"SD"	NA	NA
"ECK120002987"	"ybgQ"	"-"	748945	751392	2448	"M-P2h"	7	0	15	199	35.1758793969849	0.182598039215686	Inf	"AD"	NA	NA
"ECK120002988"	"b0725"	"+"	757687	757947	261	"M-P2h"	1429	392.614874431823	1	36	0	1	-Inf	"SD"	NA	NA
"ECK120002989"	"valZ"	"+"	780291	780366	76	"M-P2h"	13	12.2660516090308	0	0	0	0.618421052631579	-Inf	"SD"	NA	NA
"ECK120002990"	"lysY"	"+"	780370	780445	76	"M-P2h"	1	0	0	0	0	0.0921052631578947	NA	"NO"	NA	NA
"ECK120002991"	"lysZ"	"+"	780592	780667	76	"M-P2h"	36	33.9675275327006	0	0	0	1	-Inf	"SD"	NA	NA
"ECK120002992"	"lysQ"	"+"	780800	780875	76	"M-P2h"	16	15.0966789034225	0	0	0	0.947368421052632	-Inf	"SD"	NA	NA
"ECK120003000"	"ybhI"	"+"	801110	802543	1434	"M-P2h"	7	0.350045030361783	0	0	0	0.304741980474198	-Inf	"SD"	NA	NA
"ECK120003003"	"ybhL"	"+"	819107	819811	705	"M-P2h"	972	98.8671865207114	15	482	31.1203319502075	1	-5.04245737198686	"SD"	NA	NA
"ECK120003006"	"clsB"	"-"	821721	822962	1242	"M-P2h"	27	1.55889619111428	5	236	0	0.698067632850242	-Inf	"SD"	NA	NA
"ECK120003010"	"ybhS"	"-"	825342	826475	1134	"M-P2h"	67	4.23678841359277	4	174	0	0.96031746031746	-Inf	"SD"	NA	NA
"ECK120003011"	"ybhF"	"-"	826468	828204	1737	"M-P2h"	200	8.25667527821033	2	63	0	1	-Inf	"SD"	2	3.17460317460317
"ECK120003012"	"ybhG"	"-"	828197	829195	999	"M-P2h"	140	10.0493408115875	3	173	0	1	-Inf	"SD"	2	5.55555555555556
"ECK120003013"	"ybiX"	"-"	837753	838430	678	"M-P2h"	25	2.64414545690475	26	950	27.3684210526316	0.848082595870207	0.975710080226953	"AD"	NA	NA
"ECK120003014"	"fiu"	"-"	838472	840754	2283	"M-P2h"	11	0.345510938547448	39	603	44.7761194029851	0.260621988611476	3.96615611647512	"AD"	NA	NA
"ECK120003025"	"ybiV"	"-"	858436	859251	816	"M-P2h"	280	24.6061065460195	33	791	41.7193426042984	1	-1.89847846689078	"SD"	7	23.3333333333333
"ECK120003026"	"ybiW"	"-"	859397	861829	2433	"M-P2h"	80	2.35788655293898	44	791	41.7193426042984	0.677764077270859	1.48497171813376	"AD"	NA	NA
"ECK120003029"	"gsiA"	"+"	866776	868614	1839	"M-P2h"	913	35.6011540154526	5	76	0	1	-Inf	"SD"	3	4.34782608695652
"ECK120003030"	"gsiB"	"+"	868634	870172	1539	"M-P2h"	1548	72.1285769830185	18	204	68.6274509803922	1	-4.68707222903435	"SD"	5	8.92857142857143
"ECK120003031"	"gsiC"	"+"	870190	871110	921	"M-P2h"	351	27.3289228031825	0	0	0	1	-Inf	"SD"	NA	NA
"ECK120003032"	"gsiD"	"+"	871113	872024	912	"M-P2h"	175	13.7599937921819	0	0	0	0.967105263157895	-Inf	"SD"	NA	NA
"ECK120003033"	"yliE"	"+"	872202	874550	2349	"M-P2h"	293	8.94457337753862	2	71	0	0.980417198808003	-Inf	"SD"	NA	NA
"ECK120003042"	"ybjI"	"-"	884539	885354	816	"M-P2h"	222	19.5091273329154	2	46	0	1	-Inf	"SD"	4	13.3333333333333
"ECK120003047"	"ybjN"	"+"	892180	892656	477	"M-P2h"	195	29.3150918957968	3	126	0	1	-Inf	"SD"	NA	NA
"ECK120003048"	"ybjO"	"+"	897212	897700	489	"M-P2h"	15	2.19966947212444	19	191	94.2408376963351	0.893660531697341	0.710710149510271	"AD"	NA	NA
"ECK120003054"	"ybjT"	"-"	906075	907505	1431	"M-P2h"	317	15.885272018748	8	303	0	1	-Inf	"SD"	NA	NA
"ECK120003055"	"ltaE"	"-"	907516	908517	1002	"M-P2h"	453	32.4194399505382	5	105	0	1	-Inf	"SD"	10	27.7777777777778
"ECK120003056"	"hcr"	"-"	910405	911373	969	"M-P2h"	191	14.1346356399691	5	170	0	0.972136222910217	-Inf	"SD"	NA	NA
"ECK120003057"	"hcp"	"-"	911385	913037	1653	"M-P2h"	54	2.34258810570349	5	89	0	0.578342407743497	-Inf	"SD"	NA	NA
"ECK120003058"	"ybjE"	"-"	913181	914080	900	"M-P2h"	50	3.98384582173649	14	347	40.3458213256484	0.983333333333333	-0.508734987775842	"SD"	NA	NA
"ECK120003064"	"ftsK"	"+"	932447	936436	3990	"M-P2h"	1947	34.9919450297185	8	136	0	0.994736842105263	-Inf	"SD"	5	3.40136054421769
"ECK120003065"	"lolA"	"+"	936592	937206	615	"M-P2h"	1197	139.570637520544	2	86	0	1	-Inf	"SD"	11	50
"ECK120003070"	"ycaL"	"+"	959487	960251	765	"M-P2h"	36	3.37455175488267	17	195	46.1538461538462	0.890196078431372	-0.906698973695743	"SD"	NA	NA
"ECK120003071"	"ycaQ"	"+"	968612	969844	1233	"M-P2h"	64	3.72213332249832	3	119	0	1	-Inf	"SD"	NA	NA
"ECK120003072"	"ycaR"	"+"	969896	970078	183	"M-P2h"	623	244.12484724018	0	0	0	1	-Inf	"SD"	NA	NA
"ECK120003074"	"ycbK"	"+"	982298	982846	549	"M-P2h"	3166	413.536258085827	6	241	0	1	-Inf	"SD"	NA	NA
"ECK120003076"	"ssuC"	"-"	993264	994055	792	"M-P2h"	18	1.6297551088922	0	0	0	0.592171717171717	-Inf	"SD"	NA	NA
"ECK120003077"	"ssuD"	"-"	994066	995211	1146	"M-P2h"	17	1.06374940789822	0	0	0	0.643106457242583	-Inf	"SD"	NA	NA
"ECK120003078"	"ssuA"	"-"	995208	996167	960	"M-P2h"	12	0.896365309890709	1	40	0	0.521875	-Inf	"SD"	NA	NA
"ECK120003081"	"elfD"	"+"	997713	998414	702	"M-P2h"	4	0.408599571460152	2	100	0	0.433048433048433	-Inf	"SD"	NA	NA
"ECK120003082"	"elfC"	"+"	998439	1001039	2601	"M-P2h"	52	1.43363309847957	8	193	0	0.594771241830065	-Inf	"SD"	NA	NA
"ECK120003083"	"elfG"	"+"	1001030	1002100	1071	"M-P2h"	27	1.80779558297286	5	100	0	0.782446311858077	-Inf	"SD"	NA	NA
"ECK120003084"	"ycbU"	"+"	1002112	1002654	543	"M-P2h"	37	4.88626393605249	5	102	0	0.904235727440147	-Inf	"SD"	NA	NA
"ECK120003085"	"ycbV"	"+"	1002662	1003177	516	"M-P2h"	54	7.50445375722454	1	100	0	0.972868217054264	-Inf	"SD"	NA	NA
"ECK120003089"	"uup"	"+"	1009187	1011094	1908	"M-P2h"	555	20.8588153873939	6	80	0	0.980083857442348	-Inf	"SD"	9	12.5
"ECK120003090"	"pqiA"	"+"	1011224	1012477	1254	"M-P2h"	190	10.8650340592813	10	189	0	0.985645933014354	-Inf	"SD"	NA	NA
"ECK120003091"	"pqiB"	"+"	1012482	1014122	1641	"M-P2h"	641	28.0107331451527	3	74	0	1	-Inf	"SD"	NA	NA
"ECK120003092"	"ymbA"	"+"	1014134	1014682	549	"M-P2h"	112	14.6292043289996	4	98	0	0.974499089253188	-Inf	"SD"	3	14.2857142857143
"ECK120003103"	"etp"	"-"	1043453	1043899	447	"M-P2h"	321	51.4958862594931	10	125	80	1	-4.68638528232738	"SD"	NA	NA
"ECK120003104"	"gfcE"	"-"	1043887	1045026	1140	"M-P2h"	1082	68.0608607229296	5	63	0	1	-Inf	"SD"	NA	NA
"ECK120003105"	"gfcD"	"-"	1045072	1047168	2097	"M-P2h"	53	1.81239337812905	13	176	0	0.694802098235575	-Inf	"SD"	NA	NA
"ECK120003106"	"gfcC"	"-"	1047168	1047914	747	"M-P2h"	20	1.9199256972224	5	240	0	0.661311914323963	-Inf	"SD"	NA	NA
"ECK120003107"	"gfcB"	"-"	1047911	1048555	645	"M-P2h"	13	1.4453022050951	6	240	0	0.767441860465116	-Inf	"SD"	NA	NA
"ECK120003112"	"ymcE"	"+"	1051070	1051300	231	"M-P2h"	29	9.00245679197596	0	0	0	0.424242424242424	-Inf	"SD"	NA	NA
"ECK120003118"	"rutF"	"-"	1069083	1069577	495	"M-P2h"	15	2.17300681185627	4	196	0	0.84040404040404	-Inf	"SD"	NA	NA
"ECK120003119"	"rutE"	"-"	1069588	1070178	591	"M-P2h"	16	1.94136649181067	1	93	0	0.815566835871404	-Inf	"SD"	NA	NA
"ECK120003120"	"rutD"	"-"	1070188	1070988	801	"M-P2h"	5	0.447623126037807	5	121	0	0.379525593008739	-Inf	"SD"	NA	NA
"ECK120003121"	"rutC"	"-"	1070996	1071382	387	"M-P2h"	1	0.185295154499371	0	0	0	0.258397932816537	-Inf	"SD"	NA	NA
"ECK120003122"	"rutB"	"-"	1071394	1072086	693	"M-P2h"	1	0	9	248	32.258064516129	0.0952380952380952	Inf	"AD"	NA	NA
"ECK120003124"	"efeU_1"	"+"	1080579	1080689	111	"M-P2h"	6	3.87617431304091	0	0	0	1	-Inf	"SD"	NA	NA
"ECK120003125"	"efeO"	"+"	1081466	1082593	1128	"M-P2h"	35	2.22502027277836	1	94	0	0.716312056737589	-Inf	"SD"	7	17.0731707317073
"ECK120003127"	"pgaC"	"-"	1085744	1087069	1326	"M-P2h"	55	2.97436452754082	4	126	0	0.699095022624434	-Inf	"SD"	NA	NA
"ECK120003128"	"pgaB"	"-"	1087062	1089080	2019	"M-P2h"	108	3.83585749254865	11	132	0	0.736998514115899	-Inf	"SD"	NA	NA
"ECK120003136"	"ycdX"	"+"	1098102	1098839	738	"M-P2h"	483	46.931647119481	26	143	125.874125874126	1	-3.70449228260882	"SD"	3	11.1111111111111
"ECK120003137"	"ycdY"	"+"	1098863	1099417	555	"M-P2h"	553	71.4508131703874	5	185	0	1	-Inf	"SD"	3	14.2857142857143
"ECK120003140"	"csgF"	"-"	1100934	1101350	417	"M-P2h"	170	29.2339765336059	0	0	0	1	-Inf	"SD"	NA	NA
"ECK120003141"	"csgE"	"-"	1101375	1101764	390	"M-P2h"	173	31.8094766381729	0	0	0	1	-Inf	"SD"	NA	NA
"ECK120003144"	"csgC"	"+"	1104184	1104516	333	"M-P2h"	3	0.646029052173484	3	120	0	0.597597597597598	-Inf	"SD"	NA	NA
"ECK120003145"	"ymdA"	"+"	1104637	1104948	312	"M-P2h"	31	7.12495502733641	3	130	0	1	-Inf	"SD"	NA	NA
"ECK120003146"	"ymdB"	"+"	1105043	1105576	534	"M-P2h"	79	10.608668087096	5	103	0	0.960674157303371	-Inf	"SD"	2	10.5263157894737
"ECK120003149"	"b1052"	"-"	1113434	1113532	99	"M-P2h"	111	80.4012520386818	2	117	0	0.97979797979798	-Inf	"SD"	NA	NA
"ECK120003150"	"yceJ"	"-"	1117703	1118269	567	"M-P2h"	106	13.4059573683831	3	93	0	0.904761904761905	-Inf	"SD"	NA	NA
"ECK120003151"	"yceO"	"-"	1118530	1118670	141	"M-P2h"	16	8.13721699758942	0	0	0	1	-Inf	"SD"	NA	NA
"ECK120003152"	"solA"	"-"	1118691	1119809	1119	"M-P2h"	525	33.6437381728416	0	0	0	1	-Inf	"SD"	14	34.1463414634146
"ECK120003153"	"bssS"	"-"	1119924	1120178	255	"M-P2h"	33	9.28001732592734	1	52	0	0.96078431372549	-Inf	"SD"	NA	NA
"ECK120003154"	"dinI"	"-"	1120465	1120710	246	"M-P2h"	22	6.41302010328312	0	0	0	1	-Inf	"SD"	NA	NA
"ECK120003156"	"yceM"	"+"	1126029	1126952	924	"M-P2h"	360	27.9386590095806	1	83	0	1	-Inf	"SD"	NA	NA
"ECK120003160"	"ycfL"	"+"	1161470	1161847	378	"M-P2h"	478	90.6799191804781	1	72	0	1	-Inf	"SD"	NA	NA
"ECK120003161"	"lpoB"	"+"	1161861	1162502	642	"M-P2h"	470	52.4974075574621	2	83	0	1	-Inf	"SD"	7	30.4347826086957
"ECK120003162"	"thiK"	"+"	1162483	1163307	825	"M-P2h"	120	10.4304326969101	2	90	0	0.945454545454545	-Inf	"SD"	NA	NA
"ECK120003163"	"nagZ"	"+"	1163318	1164343	1026	"M-P2h"	1483	103.649883397109	3	124	0	1	-Inf	"SD"	5	13.1578947368421
"ECK120003164"	"ycfP"	"+"	1164366	1164908	543	"M-P2h"	1716	226.616997682867	73	528	138.257575757576	1	-3.95621580209093	"SD"	11	52.3809523809524
"ECK120003170"	"lolD"	"+"	1175842	1176543	702	"M-P2h"	458	46.7846509321875	0	0	0	1	-Inf	"SD"	3	12
"ECK120003171"	"lolE"	"+"	1176543	1177787	1245	"M-P2h"	447	25.7462035997524	6	203	0	1	-Inf	"SD"	1	2.22222222222222
"ECK120003172"	"nagK"	"+"	1177816	1178727	912	"M-P2h"	654	51.4230625147828	3	77	0	1	-Inf	"SD"	2	6.06060606060606
"ECK120003175"	"ymfA"	"-"	1180487	1180948	462	"M-P2h"	5	0.776073861377237	0	0	0	0.318181818181818	-Inf	"SD"	NA	NA
"ECK120003176"	"nudJ"	"-"	1193050	1193511	462	"M-P2h"	111	17.2288397225747	0	0	0	1	-Inf	"SD"	2	11.7647058823529
"ECK120003180"	"xisE"	"-"	1200010	1200255	246	"M-P2h"	60	17.4900548271358	3	108	0	1	-Inf	"SD"	NA	NA
"ECK120003186"	"ymfL"	"+"	1202479	1203048	570	"M-P2h"	19	2.39030749304189	37	544	68.0147058823529	0.863157894736842	1.63032904996171	"AD"	NA	NA
"ECK120003187"	"ymfM"	"+"	1203045	1203383	339	"M-P2h"	12	2.53837963862856	0	0	0	0.716814159292035	-Inf	"SD"	NA	NA
"ECK120003188"	"ymfN"	"+"	1203393	1204760	1368	"M-P2h"	50	2.62095119851085	1	73	0	0.75219298245614	-Inf	"SD"	NA	NA
"ECK120003189"	"ymfR"	"+"	1204772	1204954	183	"M-P2h"	1	0.391853687383917	0	0	0	0.306010928961749	-Inf	"SD"	NA	NA
"ECK120003190"	"ymfO"	"+"	1204954	1205427	474	"M-P2h"	12	1.81542341243688	0	0	0	0.637130801687764	-Inf	"SD"	NA	NA
"ECK120003191"	"ymfP"	"+"	1205483	1206145	663	"M-P2h"	11	1.18974581101633	0	0	0	0.644042232277526	-Inf	"SD"	NA	NA
"ECK120003192"	"ymfQ"	"+"	1206136	1206720	585	"M-P2h"	4	0.490319485752183	3	137	0	0.316239316239316	-Inf	"SD"	NA	NA
"ECK120003196"	"ycgX"	"-"	1211926	1212330	405	"M-P2h"	10	1.77059814299399	0	0	0	0.85679012345679	-Inf	"SD"	NA	NA
"ECK120003197"	"bluR"	"-"	1212551	1213282	732	"M-P2h"	924	90.5182017856848	2	100	0	1	-Inf	"SD"	2	7.14285714285714
"ECK120003200"	"ymgA"	"+"	1215291	1215563	273	"M-P2h"	155	40.7140287276366	0	0	0	1	-Inf	"SD"	NA	NA
"ECK120003201"	"ariR"	"+"	1215592	1215858	267	"M-P2h"	24	6.44577301494443	0	0	0	1	-Inf	"SD"	NA	NA
"ECK120003202"	"ymgC"	"+"	1215971	1216219	249	"M-P2h"	19	5.47178823708385	0	0	0	0.987951807228916	-Inf	"SD"	NA	NA
"ECK120003203"	"ycgG"	"+"	1216551	1218074	1524	"M-P2h"	30	1.41159891321372	13	461	21.6919739696312	0.714566929133858	0.502669775496404	"AD"	NA	NA
"ECK120003204"	"ycgH_1"	"+"	1220024	1220344	321	"M-P2h"	43	9.60590861689732	19	424	44.811320754717	1	-1.33792266541197	"SD"	NA	NA
"ECK120003207"	"ymgG"	"-"	1221867	1222142	276	"M-P2h"	6	1.55889619111428	0	0	0	0.851449275362319	-Inf	"SD"	NA	NA
"ECK120003212"	"ycgM"	"+"	1227302	1227961	660	"M-P2h"	827	89.8538316702566	1	51	0	1	-Inf	"SD"	6	25
"ECK120003221"	"dhaL"	"-"	1248348	1248980	633	"M-P2h"	387	43.8411848249863	0	0	0	1	-Inf	"SD"	10	43.4782608695652
"ECK120003225"	"ychQ"	"+"	1266147	1266539	393	"M-P2h"	292	53.2801364861246	5	190	0	1	-Inf	"SD"	NA	NA
"ECK120003227"	"ychG_1"	"-"	1294191	1294421	231	"M-P2h"	4	1.24171817820358	1	67	0	0.61038961038961	-Inf	"SD"	NA	NA
"ECK120003230"	"yciO"	"+"	1322122	1322742	621	"M-P2h"	339	39.1456154657585	7	124	0	1	-Inf	"SD"	10	43.4782608695652
"ECK120003231"	"yciQ"	"+"	1322770	1324665	1896	"M-P2h"	143	5.4084489162182	6	56	0	0.782700421940928	-Inf	"SD"	NA	NA
"ECK120003232"	"yciS"	"+"	1338267	1338575	309	"M-P2h"	269	62.426477245463	1	72	0	1	-Inf	"SD"	2	18.1818181818182
"ECK120003233"	"yciT"	"-"	1341621	1342370	750	"M-P2h"	276	26.3889947231825	2	72	0	1	-Inf	"SD"	3	10.7142857142857
"ECK120003234"	"gmr"	"-"	1342781	1344766	1986	"M-P2h"	94	3.39409221066371	122	796	110.552763819095	0.91742195367573	2.37447776321228	"AD"	NA	NA
"ECK120003235"	"yciW"	"-"	1347004	1348131	1128	"M-P2h"	360	22.8859228057202	5	104	0	1	-Inf	"SD"	2	4.76190476190476
"ECK120003236"	"ycjD"	"-"	1349431	1349784	354	"M-P2h"	128	25.9287592465561	0	0	0	1	-Inf	"SD"	NA	NA
"ECK120003237"	"ymjA"	"-"	1355447	1355692	246	"M-P2h"	63	18.3645575684926	0	0	0	1	-Inf	"SD"	1	11.1111111111111
"ECK120003238"	"puuP"	"-"	1355826	1357211	1386	"M-P2h"	540	27.9386590095806	5	100	0	0.996392496392496	-Inf	"SD"	NA	NA
"ECK120003242"	"ycjM"	"+"	1368240	1369919	1680	"M-P2h"	11	0.469524686133229	0	0	0	0.323809523809524	-Inf	"SD"	NA	NA
"ECK120003243"	"ycjN"	"+"	1369933	1371225	1293	"M-P2h"	11	0.610055276646422	5	95	0	0.471771075019335	-Inf	"SD"	NA	NA
"ECK120003244"	"ycjO"	"+"	1371246	1372127	882	"M-P2h"	1	0	12	227	48.4581497797357	0.0555555555555556	Inf	"AD"	NA	NA
"ECK120003245"	"ycjP"	"+"	1372114	1372956	843	"M-P2h"	14	1.19090053034116	6	140	0	0.651245551601424	-Inf	"SD"	NA	NA
"ECK120003246"	"ycjQ"	"+"	1372987	1374039	1053	"M-P2h"	16	1.08959885722707	0	0	0	0.661918328584995	-Inf	"SD"	NA	NA
"ECK120003247"	"ycjR"	"+"	1374058	1374846	789	"M-P2h"	19	1.72683811284395	9	241	37.344398340249	0.679340937896071	0.05986406673643	"AD"	NA	NA
"ECK120003248"	"ycjS"	"+"	1374856	1375911	1056	"M-P2h"	31	2.10510034898576	1	100	0	0.517045454545455	-Inf	"SD"	NA	NA
"ECK120003249"	"ycjT"	"+"	1375908	1378175	2268	"M-P2h"	31	0.980152543443104	2	142	0	0.645061728395062	-Inf	"SD"	NA	NA
"ECK120003250"	"ycjU"	"+"	1378172	1378831	660	"M-P2h"	7	0.760552384149693	7	101	0	0.486363636363636	-Inf	"SD"	NA	NA
"ECK120003251"	"ycjV"	"+"	1378845	1379813	969	"M-P2h"	12	0.88803993549544	0	0	0	0.450980392156863	-Inf	"SD"	NA	NA
"ECK120003264"	"abgB"	"-"	1399834	1401279	1446	"M-P2h"	35	1.73570046175241	20	300	43.3333333333333	0.714384508990318	0.582993626871487	"AD"	NA	NA
"ECK120003271"	"intR"	"-"	1410024	1411259	1236	"M-P2h"	84	4.87344246154172	8	165	48.4848484848485	0.864077669902913	-1.60686930615014	"SD"	NA	NA
"ECK120003272"	"ydaQ"	"-"	1411261	1411476	216	"M-P2h"	3	0.995961455434122	4	235	0	0.578703703703704	-Inf	"SD"	NA	NA
"ECK120003277"	"ydaT"	"+"	1418708	1419130	423	"M-P2h"	19	3.22098172821248	16	187	53.475935828877	0.75886524822695	-0.687500476712031	"SD"	NA	NA
"ECK120003278"	"ydaU"	"+"	1419143	1420000	858	"M-P2h"	27	2.25658399692766	14	187	53.475935828877	0.84965034965035	-0.174140481052317	"SD"	NA	NA
"ECK120003279"	"ydaV"	"+"	1420007	1420753	747	"M-P2h"	66	6.33575480083393	0	0	0	0.912985274431058	-Inf	"SD"	NA	NA
"ECK120003280"	"ydaW"	"+"	1420776	1421336	561	"M-P2h"	105	13.4215126614652	1	54	0	0.973262032085562	-Inf	"SD"	NA	NA
"ECK120003281"	"rzpR"	"+"	1421369	1421668	300	"M-P2h"	2	0.478061498608378	39	230	169.565217391304	0.333333333333333	4.02820599808237	"AD"	NA	NA
"ECK120003282"	"b1364"	"+"	1423202	1423483	282	"M-P2h"	30	7.62864093524008	2	142	0	0.99645390070922	-Inf	"SD"	NA	NA
"ECK120003283"	"ynaK"	"+"	1423401	1423664	264	"M-P2h"	27	7.3338979900149	3	217	0	1	-Inf	"SD"	NA	NA
"ECK120003284"	"ydaY"	"+"	1423645	1424004	360	"M-P2h"	19	3.78465353064966	6	217	0	0.772222222222222	-Inf	"SD"	NA	NA
"ECK120003285"	""	"+"	1424079	1424312	234	"M-P2h"	3	0.919349035785343	0	0	0	0.598290598290598	-Inf	"SD"	NA	NA
"ECK120003286"	"ynaA"	"+"	1424478	1425506	1029	"M-P2h"	94	6.55069691970664	7	139	43.1654676258993	0.882410106899903	-2.44861399533827	"SD"	NA	NA
"ECK120003290"	"stfR"	"+"	1427073	1430435	3363	"M-P2h"	33	0.703658762447658	8	111	0	0.408563782337199	-Inf	"SD"	NA	NA
"ECK120003293"	"ynaE"	"-"	1432015	1432248	234	"M-P2h"	0	0	0	0	0	0	NA	"NO"	NA	NA
"ECK120003294"	"uspF"	"-"	1433209	1433643	435	"M-P2h"	99	16.3200304697343	245	1143	214.348206474191	1	1.58613799838329	"AD"	NA	NA
"ECK120003295"	"ompN"	"-"	1433784	1434917	1134	"M-P2h"	7	0.442649535748498	8	255	31.3725490196078	0.261022927689594	1.85383509160887	"AD"	NA	NA
"ECK120003299"	"ynbE"	"+"	1443711	1443896	186	"M-P2h"	142	54.7457522599917	0	0	0	1	-Inf	"SD"	NA	NA
"ECK120003304"	"paaB"	"+"	1452892	1453179	288	"M-P2h"	3	0.746971091575591	0	0	0	0.6875	-Inf	"SD"	NA	NA
"ECK120003305"	"paaC"	"+"	1453188	1453934	747	"M-P2h"	82	7.87169535861185	2	84	0	0.998661311914324	-Inf	"SD"	NA	NA
"ECK120003306"	"paaD"	"+"	1453949	1454446	498	"M-P2h"	42	6.04776594625057	31	256	117.1875	0.757028112449799	-0.0114398063779181	"SD"	NA	NA
"ECK120003307"	"paaE"	"+"	1454454	1455524	1071	"M-P2h"	29	1.94170636689677	1	100	0	0.641456582633053	-Inf	"SD"	NA	NA
"ECK120003308"	"paaF"	"+"	1455521	1456288	768	"M-P2h"	16	1.49394218315118	0	0	0	0.68359375	-Inf	"SD"	NA	NA
"ECK120003309"	"paaG"	"+"	1456288	1457076	789	"M-P2h"	44	3.99899352448073	1	96	0	0.994930291508238	-Inf	"SD"	NA	NA
"ECK120003310"	"paaH"	"+"	1457078	1458505	1428	"M-P2h"	49	2.46061065460195	1	100	0	0.831232492997199	-Inf	"SD"	NA	NA
"ECK120003311"	"paaI"	"+"	1458495	1458917	423	"M-P2h"	7	1.18667747881512	0	0	0	0.832151300236407	-Inf	"SD"	NA	NA
"ECK120003312"	"paaJ"	"+"	1458917	1460122	1206	"M-P2h"	108	6.42172162309762	1	40	0	0.964344941956882	-Inf	"SD"	NA	NA
"ECK120003313"	"paaK"	"+"	1460149	1461462	1314	"M-P2h"	427	23.3027693956367	11	172	0	0.942161339421613	-Inf	"SD"	NA	NA
"ECK120003314"	"paaX"	"+"	1461563	1462513	951	"M-P2h"	352	26.5422156956071	1	60	0	1	-Inf	"SD"	1	2.85714285714286
"ECK120003320"	"ynbA"	"+"	1475645	1476250	606	"M-P2h"	2	0	1	82	0	0.138613861386139	NA	"NO"	NA	NA
"ECK120003321"	"ynbB"	"+"	1476250	1477146	897	"M-P2h"	1	0	0	0	0	0.0379041248606466	NA	"NO"	NA	NA
"ECK120003322"	"ynbC"	"+"	1477162	1478919	1758	"M-P2h"	60	2.44741381540125	3	270	0	0.751422070534699	-Inf	"SD"	NA	NA
"ECK120003339"	"ydcR"	"+"	1508027	1509433	1407	"M-P2h"	242	12.3337827999176	16	367	29.9727520435967	1	-2.48703991667652	"SD"	NA	NA
"ECK120003340"	"ydcS"	"+"	1509678	1510823	1146	"M-P2h"	21	1.31404338622722	2	100	0	0.670157068062827	-Inf	"SD"	NA	NA
"ECK120003341"	"ydcT"	"+"	1510841	1511854	1014	"M-P2h"	22	1.5558214451752	0	0	0	0.652859960552268	-Inf	"SD"	NA	NA
"ECK120003342"	"ydcU"	"+"	1511855	1512796	942	"M-P2h"	22	1.6747377339784	29	261	99.6168582375479	0.567940552016985	1.63457643784082	"AD"	NA	NA
"ECK120003343"	"ydcV"	"+"	1512786	1513580	795	"M-P2h"	30	2.70600848268893	0	0	0	0.676729559748428	-Inf	"SD"	NA	NA
"ECK120003355"	"yncH"	"+"	1524964	1525176	213	"M-P2h"	0	0	0	0	0	0	NA	"NO"	NA	NA
"ECK120003356"	"yncI"	"+"	1528610	1529356	747	"M-P2h"	8	0.767970278888961	0	0	0	0.388219544846051	-Inf	"SD"	NA	NA
"ECK120003357"	"yncM"	"+"	1529400	1529600	201	"M-P2h"	1	0.356762312394312	0	0	0	0.497512437810945	-Inf	"SD"	NA	NA
"ECK120003360"	"yddJ"	"-"	1542408	1542743	336	"M-P2h"	0	0	0	0	0	0	NA	"NO"	NA	NA
"ECK120003361"	"yddK"	"-"	1542782	1543738	957	"M-P2h"	0	0	1	57	0	0	NA	"NO"	NA	NA
"ECK120003362"	"yddL"	"-"	1543762	1544052	291	"M-P2h"	0	0	1	100	0	0	NA	"NO"	NA	NA
"ECK120003364"	"adhP"	"-"	1550852	1551862	1011	"M-P2h"	72	5.10688841243372	0	0	0	0.978239366963403	-Inf	"SD"	NA	NA
"ECK120003367"	"ddpD"	"-"	1556055	1557041	987	"M-P2h"	12	0.871844678313152	3	62	0	0.617021276595745	-Inf	"SD"	NA	NA
"ECK120003368"	"ddpC"	"-"	1557038	1557934	897	"M-P2h"	32	2.55818862131574	0	0	0	0.862876254180602	-Inf	"SD"	NA	NA
"ECK120003369"	"ddpB"	"-"	1557931	1558953	1023	"M-P2h"	12	0.841163927170167	0	0	0	0.411534701857283	-Inf	"SD"	NA	NA
"ECK120003370"	"ddpA"	"-"	1558955	1560505	1551	"M-P2h"	40	1.84936749945214	16	290	27.5862068965517	0.629271437782076	-0.208960035127028	"SD"	NA	NA
"ECK120003371"	"ddpX"	"-"	1560519	1561100	582	"M-P2h"	3	0	0	0	0	0.185567010309278	NA	"NO"	NA	NA
"ECK120003372"	"dosP"	"-"	1561358	1563757	2400	"M-P2h"	617	18.4352465400856	12	85	0	1	-Inf	"SD"	NA	NA
"ECK120003373"	"dosC"	"-"	1563782	1565164	1383	"M-P2h"	811	42.0507457018866	12	296	30.4054054054054	1	-4.54606257290022	"SD"	NA	NA
"ECK120003374"	"yddW"	"-"	1565528	1566847	1320	"M-P2h"	205	11.1366599107634	22	195	66.6666666666667	0.848484848484849	-2.0987330783943	"SD"	NA	NA
"ECK120003375"	"gadC"	"-"	1566978	1568513	1536	"M-P2h"	374	17.4604492655794	22	273	32.967032967033	0.98828125	-3.27802186899992	"SD"	NA	NA
"ECK120003376"	"ydeM"	"-"	1577657	1578814	1158	"M-P2h"	6	0	3	153	0	0.208981001727116	NA	"NO"	NA	NA
"ECK120003377"	"ydeN"	"-"	1578866	1580548	1683	"M-P2h"	8	0.340863813624512	32	580	39.6551724137931	0.281045751633987	3.75436650611121	"AD"	6	9.52380952380952
"ECK120003378"	"ydeO"	"-"	1580950	1581711	762	"M-P2h"	10	0.941065942142477	1	96	0	0.586614173228346	-Inf	"SD"	NA	NA
"ECK120003379"	"safA"	"-"	1581786	1581983	198	"M-P2h"	0	0	0	0	0	0	NA	"NO"	NA	NA
"ECK120003380"	"ydeP"	"-"	1582231	1584510	2280	"M-P2h"	114	3.58546123956284	14	248	28.2258064516129	0.883771929824561	-1.35673189433079	"SD"	NA	NA
"ECK120003381"	"ydeQ"	"-"	1584844	1585758	915	"M-P2h"	6	0.4702244248607	2	100	0	0.296174863387978	-Inf	"SD"	NA	NA
"ECK120003382"	"ydeR"	"-"	1585817	1586320	504	"M-P2h"	2	0	8	286	27.972027972028	0.113095238095238	Inf	"AD"	NA	NA
"ECK120003383"	"ydeS"	"-"	1586333	1586863	531	"M-P2h"	3	0.405136863227439	11	286	27.972027972028	0.44256120527307	1.98159063880724	"AD"	NA	NA
"ECK120003384"	"ydeT"	"-"	1586877	1588025	1149	"M-P2h"	3	0	0	0	0	0.145343777197563	NA	"NO"	NA	NA
"ECK120003385"	"yneL"	"-"	1588381	1588560	180	"M-P2h"	13	5.17899956825743	2	100	0	0.761111111111111	-Inf	"SD"	NA	NA
"ECK120003386"	"ydeU"	"-"	1590689	1592089	1401	"M-P2h"	418	21.3950435137368	8	102	68.6274509803922	0.998572448251249	-3.93377788086821	"SD"	NA	NA
"ECK120003387"	"lsrK"	"-"	1596641	1598233	1593	"M-P2h"	129	5.80696170625996	5	49	0	0.947897049591965	-Inf	"SD"	NA	NA
"ECK120003390"	"lsrC"	"+"	1601043	1602071	1029	"M-P2h"	22	1.53314183227177	6	97	0	0.810495626822157	-Inf	"SD"	NA	NA
"ECK120003391"	"lsrD"	"+"	1602071	1603063	993	"M-P2h"	18	1.29986510195632	4	101	0	0.517623363544814	-Inf	"SD"	NA	NA
"ECK120003392"	"lsrB"	"+"	1603075	1604097	1023	"M-P2h"	88	6.16853546591456	16	468	27.7777777777778	0.950146627565982	-1.24641638202663	"SD"	NA	NA
"ECK120003393"	"lsrF"	"+"	1604124	1604999	876	"M-P2h"	143	11.7059579282531	0	0	0	1	-Inf	"SD"	NA	NA
"ECK120003394"	"lsrG"	"+"	1605023	1605313	291	"M-P2h"	63	15.5246775321278	2	82	0	1	-Inf	"SD"	NA	NA
"ECK120003397"	"yneF"	"-"	1608931	1609878	948	"M-P2h"	162	12.2541080339489	12	137	65.6934306569343	0.957805907172996	-2.76719666381981	"SD"	NA	NA
"ECK120003398"	"yneG"	"-"	1609990	1610349	360	"M-P2h"	20	3.98384582173649	55	579	94.9913644214162	0.933333333333333	1.46526980369121	"AD"	NA	NA
"ECK120003399"	"yneH"	"-"	1610349	1611275	927	"M-P2h"	124	9.59217246398688	0	0	0	1	-Inf	"SD"	NA	NA
"ECK120003402"	"yneK"	"+"	1613787	1614902	1116	"M-P2h"	10	0.642555777699433	19	265	56.6037735849057	0.304659498207885	2.22306890127459	"AD"	NA	NA
"ECK120003403"	"ydfH"	"+"	1626376	1627062	687	"M-P2h"	559	58.3485540877912	6	191	0	1	-Inf	"SD"	NA	NA
"ECK120003410"	"ydfN"	"-"	1632909	1633871	963	"M-P2h"	8	0.5957152630634	1	53	0	0.359293873312565	-Inf	"SD"	NA	NA
"ECK120003413"	"ynfN"	"-"	1635978	1636133	156	"M-P2h"	3	1.37902355367801	5	100	0	0.647435897435897	-Inf	"SD"	NA	NA
"ECK120003414"	"cspI"	"-"	1636479	1636691	213	"M-P2h"	8	2.69330421751199	3	150	0	0.727699530516432	-Inf	"SD"	NA	NA
"ECK120003415"	"ydfP"	"-"	1637054	1637551	498	"M-P2h"	21	3.02388297312528	0	0	0	0.839357429718876	-Inf	"SD"	NA	NA
"ECK120003416"	"rrrQ"	"-"	1637548	1638081	534	"M-P2h"	14	1.88001712935879	2	57	0	0.709737827715356	-Inf	"SD"	NA	NA
"ECK120003417"	"ydfR"	"-"	1638078	1638389	312	"M-P2h"	17	3.90723340208771	1	61	0	0.923076923076923	-Inf	"SD"	NA	NA
"ECK120003418"	"essQ"	"-"	1638394	1638609	216	"M-P2h"	9	2.98788436630236	1	100	0	1	-Inf	"SD"	NA	NA
"ECK120003420"	"ydfU"	"-"	1641279	1642328	1050	"M-P2h"	12	0	12	227	48.4581497797357	0.175238095238095	Inf	"AD"	NA	NA
"ECK120003425"	"insD"	"+"	1648905	1649561	657	"M-P2h"	4	0	0	0	0	0.091324200913242	NA	"NO"	NA	NA
"ECK120003428"	"rspA"	"-"	1651951	1653165	1215	"M-P2h"	17	1.0033389476966	24	119	67.2268907563025	0.550617283950617	0.673262845967042	"AD"	NA	NA
"ECK120003434"	"ynfE"	"+"	1656093	1658519	2427	"M-P2h"	193	5.70246410577361	29	112	62.5	0.940255459414916	-2.0261586333351	"SD"	NA	NA
"ECK120003435"	"ynfF"	"+"	1658580	1661003	2424	"M-P2h"	578	17.0989818190373	18	354	36.7231638418079	0.997524752475248	-2.71732689216239	"SD"	NA	NA
"ECK120003436"	"ynfG"	"+"	1661014	1661631	618	"M-P2h"	94	10.9072283663077	4	210	0	0.982200647249191	-Inf	"SD"	NA	NA
"ECK120003437"	"ynfH"	"+"	1661633	1662487	855	"M-P2h"	295	24.7417793139424	0	0	0	1	-Inf	"SD"	NA	NA
"ECK120003438"	"dmsD"	"+"	1662530	1663144	615	"M-P2h"	201	23.436673468362	2	133	0	1	-Inf	"SD"	2	8.69565217391304
"ECK120003441"	"mlc"	"-"	1665368	1666588	1221	"M-P2h"	237	13.9189895786469	51	561	80.2139037433155	1	-0.629057578856939	"SD"	NA	NA
"ECK120003450"	"ydgI"	"+"	1677581	1678963	1383	"M-P2h"	53	2.7480758596794	40	497	74.4466800804829	0.628344179320318	1.42910344094049	"AD"	NA	NA
"ECK120003456"	"uidR"	"-"	1694486	1695076	591	"M-P2h"	384	46.5927958034562	23	473	42.2832980972516	1	-3.54203499693202	"SD"	1	4.54545454545455
"ECK120003458"	"cnu"	"+"	1702973	1703188	216	"M-P2h"	53	17.5953190460028	1	97	0	1	-Inf	"SD"	NA	NA
"ECK120003459"	"ydgK"	"+"	1703274	1703714	441	"M-P2h"	67	10.89459877781	0	0	0	0.981859410430839	-Inf	"SD"	NA	NA
"ECK120003460"	"rsxA"	"+"	1703791	1704372	582	"M-P2h"	52	6.40700977516383	0	0	0	0.850515463917526	-Inf	"SD"	NA	NA
"ECK120003461"	"rsxB"	"+"	1704372	1704950	579	"M-P2h"	58	7.18330749204299	1	59	0	0.90846286701209	-Inf	"SD"	NA	NA
"ECK120003462"	"rsxC"	"+"	1704943	1707165	2223	"M-P2h"	94	3.03223892504639	17	232	43.1034482758621	0.702204228520018	-0.60038343503904	"SD"	NA	NA
"ECK120003463"	"rsxD"	"+"	1707166	1708224	1059	"M-P2h"	76	5.14627108983523	45	364	112.637362637363	0.847025495750708	0.672096453891079	"AD"	NA	NA
"ECK120003464"	"rsxG"	"+"	1708228	1708848	621	"M-P2h"	39	4.50347788544124	1	47	0	0.974235104669887	-Inf	"SD"	NA	NA
"ECK120003465"	"rsxE"	"+"	1708852	1709547	696	"M-P2h"	119	12.2606289513787	5	192	0	1	-Inf	"SD"	NA	NA
"ECK120003466"	"tppB"	"+"	1710793	1712295	1503	"M-P2h"	27	1.2881896669088	5	85	0	0.666001330671989	-Inf	"SD"	NA	NA
"ECK120003473"	"ydhJ"	"+"	1719288	1720145	858	"M-P2h"	105	8.77560443249646	12	221	40.7239819004525	0.909090909090909	-2.28550159000002	"SD"	3	9.67741935483871
"ECK120003476"	"ydhF"	"-"	1722760	1723656	897	"M-P2h"	282	22.5440372253449	1	100	0	1	-Inf	"SD"	4	11.7647058823529
"ECK120003479"	"nemA"	"+"	1724683	1725780	1098	"M-P2h"	347	22.6622049203698	6	181	0	1	-Inf	"SD"	3	7.5
"ECK120003480"	"gloA"	"+"	1725861	1726268	408	"M-P2h"	829	145.703302333215	0	0	0	1	-Inf	"SD"	3	20
"ECK120003484"	"ydhR"	"+"	1744724	1745029	306	"M-P2h"	980	229.656994429515	1	100	0	1	-Inf	"SD"	4	36.3636363636364
"ECK120003487"	"ydhU"	"-"	1747587	1748372	786	"M-P2h"	63	5.74768595655111	1	100	0	0.984732824427481	-Inf	"SD"	NA	NA
"ECK120003488"	"ydhX"	"-"	1748369	1749088	720	"M-P2h"	34	3.38626894847601	18	270	59.2592592592593	0.847222222222222	-0.0816246561964201	"SD"	NA	NA
"ECK120003489"	"ydhW"	"-"	1749101	1749748	648	"M-P2h"	34	3.76252105386224	1	63	0	0.970679012345679	-Inf	"SD"	NA	NA
"ECK120003490"	"ydhV"	"-"	1749752	1751854	2103	"M-P2h"	117	3.9895289113538	7	205	0	0.877318116975749	-Inf	"SD"	NA	NA
"ECK120003491"	"ydhY"	"-"	1751875	1752501	627	"M-P2h"	33	3.77416972585562	0	0	0	0.736842105263158	-Inf	"SD"	NA	NA
"ECK120003494"	"sufE"	"-"	1756898	1757314	417	"M-P2h"	45	7.73840555301332	8	78	76.9230769230769	0.980815347721823	-2.68900193343961	"SD"	NA	NA
"ECK120003495"	"sufS"	"-"	1757327	1758547	1221	"M-P2h"	121	7.10631957390833	13	227	0	0.941031941031941	-Inf	"SD"	NA	NA
"ECK120003496"	"sufD"	"-"	1758544	1759815	1272	"M-P2h"	77	4.34088860764683	3	168	0	1	-Inf	"SD"	NA	NA
"ECK120003497"	"sufC"	"-"	1759790	1760536	747	"M-P2h"	58	5.56778452194497	1	52	0	0.947791164658635	-Inf	"SD"	NA	NA
"ECK120003498"	"sufB"	"-"	1760546	1762033	1488	"M-P2h"	113	5.4456602160027	6	101	0	0.883064516129032	-Inf	"SD"	NA	NA
"ECK120003499"	"ydiH"	"-"	1762958	1763227	270	"M-P2h"	744	197.59875275813	42	586	71.6723549488055	1	-4.5560407025542	"SD"	NA	NA
"ECK120003500"	"menI"	"-"	1763246	1763656	411	"M-P2h"	417	72.7560747882094	0	0	0	1	-Inf	"SD"	1	6.66666666666667
"ECK120003503"	"ydiL"	"+"	1768639	1768995	357	"M-P2h"	8	1.60692940708699	1	100	0	0.492997198879552	-Inf	"SD"	NA	NA
"ECK120003504"	"ydiM"	"+"	1769095	1770309	1215	"M-P2h"	5	0	5	90	0	0.130041152263374	NA	"NO"	NA	NA
"ECK120003505"	"ydiN"	"+"	1770536	1771801	1266	"M-P2h"	15	0.849635364825317	1	100	0	0.497630331753554	-Inf	"SD"	NA	NA
"ECK120003509"	"ydiR"	"+"	1778425	1779363	939	"M-P2h"	28	2.13829424297677	4	115	0	0.728434504792332	-Inf	"SD"	NA	NA
"ECK120003510"	"ydiS"	"+"	1779419	1780708	1290	"M-P2h"	48	2.66825022479095	1	100	0	0.79922480620155	-Inf	"SD"	NA	NA
"ECK120003511"	"ydiT"	"+"	1780705	1780998	294	"M-P2h"	21	5.12208748508977	0	0	0	0.833333333333333	-Inf	"SD"	NA	NA
"ECK120003513"	"ydiV"	"-"	1789331	1790044	714	"M-P2h"	167	16.7723256864704	9	136	0	0.983193277310924	-Inf	"SD"	NA	NA
"ECK120003515"	"arpB_2"	"+"	1801602	1803017	1416	"M-P2h"	9	0.455778971130869	3	37	0	0.327683615819209	-Inf	"SD"	NA	NA
"ECK120003517"	"ydiZ"	"+"	1805424	1805714	291	"M-P2h"	377	92.9016417398756	14	184	76.0869565217391	1	-5.05220535957853	"SD"	NA	NA
"ECK120003521"	"ydjM"	"+"	1808235	1808825	591	"M-P2h"	4	0.485341622952668	5	142	0	0.313028764805415	-Inf	"SD"	NA	NA
"ECK120003527"	"spy"	"-"	1823164	1823649	486	"M-P2h"	253	37.3301108481234	7	134	0	1	-Inf	"SD"	NA	NA
"ECK120003528"	"astE"	"-"	1823979	1824947	969	"M-P2h"	110	8.14036607537486	2	64	0	0.926728586171311	-Inf	"SD"	NA	NA
"ECK120003529"	"astB"	"-"	1824940	1826283	1344	"M-P2h"	76	4.05498592569607	3	49	0	0.875744047619048	-Inf	"SD"	NA	NA
"ECK120003530"	"astD"	"-"	1826280	1827758	1479	"M-P2h"	92	4.46061438863801	0	0	0	0.939148073022312	-Inf	"SD"	NA	NA
"ECK120003531"	"astA"	"-"	1827755	1828789	1035	"M-P2h"	46	3.18707665738919	2	52	0	0.896618357487923	-Inf	"SD"	NA	NA
"ECK120003533"	"ydjX"	"+"	1831425	1832135	711	"M-P2h"	37	3.73170368112025	32	897	28.9855072463768	0.582278481012658	0.478677190855802	"AD"	NA	NA
"ECK120003534"	"ydjY"	"+"	1832140	1832817	678	"M-P2h"	77	8.14396800726662	1	40	0	1	-Inf	"SD"	2	8.33333333333333
"ECK120003535"	"ydjZ"	"+"	1832832	1833539	708	"M-P2h"	36	3.64623176904695	1	60	0	0.953389830508475	-Inf	"SD"	NA	NA
"ECK120003536"	"ynjA"	"+"	1833539	1834087	549	"M-P2h"	89	11.6249927257229	0	0	0	0.983606557377049	-Inf	"SD"	NA	NA
"ECK120003537"	"ynjB"	"+"	1834097	1835263	1167	"M-P2h"	161	9.89304643649729	0	0	0	1	-Inf	"SD"	3	6.97674418604651
"ECK120003538"	"ynjC"	"+"	1835281	1836771	1491	"M-P2h"	56	2.69330421751199	1	91	0	0.735077129443327	-Inf	"SD"	NA	NA
"ECK120003539"	"ynjD"	"+"	1836771	1837424	654	"M-P2h"	90	9.86824194375093	3	133	0	0.813455657492355	-Inf	"SD"	NA	NA
"ECK120003545"	"ydjF"	"-"	1852120	1852878	759	"M-P2h"	54	5.10184208001036	1	61	0	0.866930171277997	-Inf	"SD"	4	14.2857142857143
"ECK120003546"	"ydjG"	"-"	1853015	1853995	981	"M-P2h"	87	6.35953369708393	1	100	0	1	-Inf	"SD"	NA	NA
"ECK120003547"	"ydjH"	"-"	1854005	1854952	948	"M-P2h"	44	3.32827625613428	0	0	0	0.85126582278481	-Inf	"SD"	NA	NA
"ECK120003548"	"ydjI"	"-"	1854957	1855793	837	"M-P2h"	60	5.14044622159547	0	0	0	0.949820788530466	-Inf	"SD"	NA	NA
"ECK120003549"	"ydjJ"	"-"	1855814	1856857	1044	"M-P2h"	35	2.40404489242719	4	50	0	0.790229885057471	-Inf	"SD"	NA	NA
"ECK120003550"	"ydjK"	"-"	1856874	1858253	1380	"M-P2h"	7	0.363742444593331	0	0	0	0.306521739130435	-Inf	"SD"	NA	NA
"ECK120003551"	"ydjL"	"-"	1858280	1859356	1077	"M-P2h"	9	0.599241432796017	7	117	0	0.465181058495822	-Inf	"SD"	NA	NA
"ECK120003552"	"yeaC"	"-"	1859726	1859998	273	"M-P2h"	1949	511.946077355895	1	35	0	1	-Inf	"SD"	NA	NA
"ECK120003557"	"yeaH"	"+"	1866979	1868262	1284	"M-P2h"	177	9.88515014645829	14	244	36.8852459016393	0.997663551401869	-2.45726597279414	"SD"	NA	NA
"ECK120003558"	"yeaI"	"+"	1868409	1869884	1476	"M-P2h"	10	0	1	63	0	0.240514905149051	NA	"NO"	NA	NA
"ECK120003569"	"yoaG"	"-"	1877427	1877609	183	"M-P2h"	5	1.95926843691958	1	54	0	0.825136612021858	-Inf	"SD"	NA	NA
"ECK120003570"	"yeaR"	"-"	1877613	1877972	360	"M-P2h"	11	2.19111520195507	0	0	0	0.894444444444444	-Inf	"SD"	NA	NA
"ECK120003571"	"leuE"	"-"	1878145	1878783	639	"M-P2h"	28	3.14218825376399	7	176	34.0909090909091	0.604068857589984	-1.38873521166521	"SD"	NA	NA
"ECK120003574"	"yeaV"	"+"	1881212	1882657	1446	"M-P2h"	9	0.446322975879191	9	127	0	0.342323651452282	-Inf	"SD"	NA	NA
"ECK120003575"	"yeaW"	"+"	1882689	1883813	1125	"M-P2h"	16	1.01986453036454	7	245	0	0.614222222222222	-Inf	"SD"	NA	NA
"ECK120003577"	"yeaY"	"-"	1887975	1888556	582	"M-P2h"	325	40.043811094774	2	40	0	1	-Inf	"SD"	5	23.8095238095238
"ECK120003578"	"tsaB"	"-"	1888596	1889291	696	"M-P2h"	148	15.248513317681	6	338	17.7514792899408	1	-3.66756228033482	"SD"	4	16
"ECK120003585"	"yobD"	"+"	1902825	1903283	459	"M-P2h"	31	4.84310668524828	2	111	0	0.932461873638344	-Inf	"SD"	NA	NA
"ECK120003587"	"yobF"	"-"	1905472	1905615	144	"M-P2h"	1226	610.524372181117	10	143	69.9300699300699	1	-8.25390507863687	"SD"	NA	NA
"ECK120003588"	"yebO"	"-"	1906285	1906572	288	"M-P2h"	130	32.3687473016089	4	244	0	1	-Inf	"SD"	NA	NA
"ECK120003594"	"yebT"	"+"	1915534	1918167	2634	"M-P2h"	465	12.6593733970897	33	118	118.64406779661	0.9958238420653	-2.17670726495703	"SD"	0	0
"ECK120003595"	"rsmF"	"+"	1918247	1919686	1440	"M-P2h"	94	4.68101884054037	9	100	60	0.821527777777778	-1.96378816590256	"SD"	2	3.77358490566038
"ECK120003596"	"yebV"	"+"	1919804	1920040	237	"M-P2h"	200	60.514113747896	28	367	76.2942779291553	1	-3.43377293009462	"SD"	NA	NA
"ECK120003599"	"yebY"	"-"	1921389	1921730	342	"M-P2h"	276	57.8706024631195	209	617	338.735818476499	1	-0.469327721087146	"SD"	1	8.33333333333333
"ECK120003600"	"yebZ"	"-"	1921743	1922615	873	"M-P2h"	414	34.0064364989465	4	151	0	1	-Inf	"SD"	NA	NA
"ECK120003602"	"yobB"	"+"	1923464	1924120	657	"M-P2h"	74	8.07683810434246	18	362	27.6243093922652	0.989345509893455	-2.01379062169501	"SD"	NA	NA
"ECK120003606"	"yecN"	"+"	1950290	1950685	396	"M-P2h"	185	33.5005216827841	12	394	27.9187817258883	1	-3.92860813307516	"SD"	NA	NA
"ECK120003607"	"cmoA"	"+"	1950726	1951469	744	"M-P2h"	189	18.2164562977789	11	394	27.9187817258883	1	-3.0496669057515	"SD"	3	10.7142857142857
"ECK120003610"	"torY"	"-"	1955056	1956156	1101	"M-P2h"	13	0.846702926690588	1	94	0	0.425976385104451	-Inf	"SD"	NA	NA
"ECK120003611"	"cutC"	"-"	1956544	1956984	441	"M-P2h"	276	44.8792427265008	0	0	0	1	-Inf	"SD"	2	7.40740740740741
"ECK120003615"	"flhB"	"-"	1963067	1964215	1149	"M-P2h"	15	0.936151759676981	1	95	0	0.358572671888599	-Inf	"SD"	NA	NA
"ECK120003616"	"insB-5"	"-"	1976542	1977045	504	"M-P2h"	0	0	9	250	36	0	Inf	"AD"	NA	NA
"ECK120003623"	"yecS"	"-"	1995835	1996503	669	"M-P2h"	289	30.9775276004084	0	0	0	1	-Inf	"SD"	0	0
"ECK120003624"	"dcyD"	"-"	1996518	1997504	987	"M-P2h"	376	27.3177999204788	3	123	0	1	-Inf	"SD"	7	20
"ECK120003625"	"fliY"	"-"	1997609	1998409	801	"M-P2h"	3024	270.722466627666	0	0	0	1	-Inf	"SD"	37	127.586206896552
"ECK120003628"	"yedN_1"	"-"	2009573	2009893	321	"M-P2h"	1	0.223393223648775	0	0	0	0.283489096573209	-Inf	"SD"	NA	NA
"ECK120003636"	"yodC"	"-"	2026212	2026394	183	"M-P2h"	70	27.4297581168742	0	0	0	1	-Inf	"SD"	NA	NA
"ECK120003638"	"yedS_1"	"+"	2032075	2032560	486	"M-P2h"	39	5.75444396473048	2	157	0	0.991769547325103	-Inf	"SD"	NA	NA
"ECK120003639"	"yedS_2"	"+"	2032570	2032779	210	"M-P2h"	23	7.85386747713764	17	242	70.2479338842975	1	-1.20786850841631	"SD"	NA	NA
"ECK120003640"	"yedS_3"	"+"	2032863	2033267	405	"M-P2h"	21	3.71825610028739	19	440	43.1818181818182	0.898765432098765	0.0313732771610541	"AD"	NA	NA
"ECK120003645"	"yedY"	"+"	2037502	2038506	1005	"M-P2h"	185	13.2002055585896	3	100	0	1	-Inf	"SD"	0	0
"ECK120003646"	"yedZ"	"+"	2038507	2039142	636	"M-P2h"	61	6.87777156016771	19	304	49.3421052631579	0.992138364779874	-1.19697869794577	"SD"	NA	NA
"ECK120003647"	"zinT"	"+"	2039399	2040049	651	"M-P2h"	24	2.64365805682053	2	100	0	0.806451612903226	-Inf	"SD"	NA	NA
"ECK120003665"	"yeeP"	"+"	2068810	2069235	426	"M-P2h"	10	1.68331513594499	10	131	0	0.856807511737089	-Inf	"SD"	NA	NA
"ECK120003666"	"flu"	"+"	2069563	2072682	3120	"M-P2h"	27650	635.500020986618	28	491	38.6965376782077	1	-7.38574894409199	"SD"	26	24.2990654205607
"ECK120003667"	"yeeR"	"+"	2072803	2074335	1533	"M-P2h"	1854	86.7246593365884	17	106	0	1	-Inf	"SD"	NA	NA
"ECK120003668"	"yeeS"	"+"	2074332	2074778	447	"M-P2h"	423	67.8590650709208	5	141	0	1	-Inf	"SD"	NA	NA
"ECK120003669"	"yeeT"	"+"	2074841	2075062	222	"M-P2h"	3	0.969043578260226	28	605	46.2809917355372	0.36036036036036	2.5307933764108	"AD"	NA	NA
"ECK120003670"	"cbeA"	"+"	2075136	2075504	369	"M-P2h"	3	0.583001827571193	40	605	46.2809917355372	0.411924119241192	3.26385451612109	"AD"	NA	NA
"ECK120003671"	"cbtA"	"+"	2075593	2075967	375	"M-P2h"	16	3.05959359109362	2	106	0	0.84	-Inf	"SD"	NA	NA
"ECK120003672"	"yeeW"	"+"	2075964	2076158	195	"M-P2h"	24	8.82575074353929	1	62	0	1	-Inf	"SD"	NA	NA
"ECK120003674"	"yeeY"	"-"	2085353	2086282	930	"M-P2h"	305	23.5175414637993	1	100	0	1	-Inf	"SD"	NA	NA
"ECK120003675"	"yeeZ"	"-"	2086328	2087152	825	"M-P2h"	1687	146.634499664061	5	183	0	1	-Inf	"SD"	11	36.6666666666667
"ECK120003677"	"ugd"	"-"	2096471	2097637	1167	"M-P2h"	1444	88.7301804615036	55	505	89.1089108910891	1	-3.3014279961259	"SD"	1	2.27272727272727
"ECK120003678"	"insH-7"	"-"	2099919	2100935	1017	"M-P2h"	13	0	0	0	0	0.0432645034414946	NA	"NO"	NA	NA
"ECK120003679"	"galF"	"-"	2111458	2112351	894	"M-P2h"	1589	127.456329075287	15	297	23.5690235690236	1	-6.50843237738335	"SD"	20	60.6060606060606
"ECK120003680"	"wcaM"	"-"	2112526	2113920	1395	"M-P2h"	317	16.2952145224576	9	101	0	1	-Inf	"SD"	NA	NA
"ECK120003681"	"wcaL"	"-"	2113931	2115151	1221	"M-P2h"	286	16.7967553565106	3	126	0	1	-Inf	"SD"	NA	NA
"ECK120003682"	"wcaK"	"-"	2115148	2116428	1281	"M-P2h"	273	15.2822938079727	6	159	0	1	-Inf	"SD"	NA	NA
"ECK120003683"	"wzxC"	"-"	2116704	2118182	1479	"M-P2h"	222	10.7636564595396	2	65	0	0.973630831643002	-Inf	"SD"	NA	NA
"ECK120003684"	"wcaJ"	"-"	2118184	2119578	1395	"M-P2h"	285	14.6502717315471	4	100	0	1	-Inf	"SD"	NA	NA
"ECK120003685"	"wcaF"	"-"	2126364	2126912	549	"M-P2h"	0	0	2	46	0	0	NA	"NO"	NA	NA
"ECK120003686"	"wcaE"	"-"	2126928	2127674	747	"M-P2h"	4	0.383985139444481	1	40	0	0.271753681392236	-Inf	"SD"	NA	NA
"ECK120003687"	"wcaD"	"-"	2127685	2128902	1218	"M-P2h"	8	0.470996550353082	4	63	0	0.426108374384236	-Inf	"SD"	NA	NA
"ECK120003688"	"wcaC"	"-"	2128877	2130094	1218	"M-P2h"	2	0	8	297	20.2020202020202	0.110837438423645	Inf	"AD"	NA	NA
"ECK120003689"	"wcaB"	"-"	2130091	2130579	489	"M-P2h"	0	0	10	305	29.5081967213115	0	Inf	"AD"	NA	NA
"ECK120003690"	"wcaA"	"-"	2130582	2131421	840	"M-P2h"	1	0	3	111	0	0.119047619047619	NA	"NO"	NA	NA
"ECK120003691"	"wzc"	"-"	2131514	2133676	2163	"M-P2h"	8	0.26522135845125	3	172	0	0.301433194637078	-Inf	"SD"	NA	NA
"ECK120003692"	"wzb"	"-"	2133679	2134122	444	"M-P2h"	0	0	2	120	0	0	NA	"NO"	NA	NA
"ECK120003698"	"yegL"	"-"	2150493	2151152	660	"M-P2h"	5	0.543251702964066	0	0	0	0.413636363636364	-Inf	"SD"	NA	NA
"ECK120003700"	"mdtB"	"+"	2153287	2156409	3123	"M-P2h"	298	6.84257092148399	20	327	39.7553516819572	0.958693563880884	-1.39602685957625	"SD"	NA	NA
"ECK120003701"	"mdtC"	"+"	2156410	2159487	3078	"M-P2h"	205	4.77595551728643	2	45	0	0.886939571150097	-Inf	"SD"	NA	NA
"ECK120003702"	"yegP"	"+"	2163213	2163545	333	"M-P2h"	48	10.3364648347757	3	151	0	0.834834834834835	-Inf	"SD"	0	0
"ECK120003703"	"yegQ"	"+"	2163692	2165053	1362	"M-P2h"	137	7.2130424349502	31	218	82.5688073394495	0.972099853157122	-1.0026110047819	"SD"	6	11.7647058823529
"ECK120003705"	"yegZ"	"-"	2165626	2165844	219	"M-P2h"	8	2.61951506086783	1	100	0	1	-Inf	"SD"	NA	NA
"ECK120003706"	""	"-"	2165759	2166025	267	"M-P2h"	21	5.64005138807637	1	100	0	0.98501872659176	-Inf	"SD"	NA	NA
"ECK120003711"	"gatZ"	"-"	2173081	2174343	1263	"M-P2h"	3633	206.270477962499	3	100	0	1	-Inf	"SD"	8	17.0212765957447
"ECK120003714"	"yegU"	"+"	2178117	2179121	1005	"M-P2h"	26	1.85516402445042	3	100	0	0.854726368159204	-Inf	"SD"	1	2.77777777777778
"ECK120003717"	"yegX"	"-"	2180855	2181673	819	"M-P2h"	42	3.67739614314137	9	304	29.6052631578947	0.765567765567766	-1.0306876909712	"SD"	NA	NA
"ECK120003718"	"thiD"	"-"	2181738	2182538	801	"M-P2h"	49	4.38670663517051	13	304	29.6052631578947	0.951310861423221	-1.28514132153994	"SD"	1	3.44827586206897
"ECK120003722"	"yeiS"	"+"	2231622	2231861	240	"M-P2h"	39	11.6527490285792	1	77	0	1	-Inf	"SD"	NA	NA
"ECK120003723"	"preT"	"+"	2232055	2233293	1239	"M-P2h"	50	2.89383473733885	13	285	38.5964912280702	0.734463276836158	-0.395479010272582	"SD"	3	6.81818181818182
"ECK120003724"	"lpxT"	"+"	2266876	2267589	714	"M-P2h"	27	2.71169337445929	2	100	0	0.791316526610644	-Inf	"SD"	NA	NA
"ECK120003725"	"mepS"	"+"	2268001	2268567	567	"M-P2h"	244	30.8589962064667	11	387	28.4237726098191	1	-3.81011570525912	"SD"	NA	NA
"ECK120003726"	"rtn"	"+"	2268748	2270304	1557	"M-P2h"	159	7.32290734862545	5	50	0	0.94155427103404	-Inf	"SD"	NA	NA
"ECK120003730"	"yfaQ"	"-"	2326170	2327819	1650	"M-P2h"	20	0.869202724742506	8	223	31.390134529148	0.448484848484848	0.687662225027663	"AD"	NA	NA
"ECK120003731"	"yfaS_2"	"-"	2327820	2328305	486	"M-P2h"	5	0.737749226247498	0	0	0	0.493827160493827	-Inf	"SD"	NA	NA
"ECK120003732"	"yfaS_1"	"-"	2328321	2332424	4104	"M-P2h"	22	0.384406175781591	170	121	1099.17355371901	0.3067738791423	6.11265092119519	"AD"	NA	NA
"ECK120003733"	"yfaT"	"-"	2332358	2332981	624	"M-P2h"	3	0.344755888419504	1	97	0	0.407051282051282	-Inf	"SD"	NA	NA
"ECK120003735"	"yfaV"	"-"	2356885	2358174	1290	"M-P2h"	28	1.55647929779472	3	113	0	0.661240310077519	-Inf	"SD"	NA	NA
"ECK120003736"	"yfaW"	"-"	2358231	2359448	1218	"M-P2h"	13	0.765369394323759	4	99	0	0.43431855500821	-Inf	"SD"	NA	NA
"ECK120003737"	"yfaX"	"-"	2359451	2360233	783	"M-P2h"	6	0.549495975411929	6	136	44.1176470588235	0.550446998722861	1.12685358601528	"AD"	NA	NA
"ECK120003738"	"yfaY"	"-"	2360453	2361655	1203	"M-P2h"	448	26.7046822165279	6	208	0	1	-Inf	"SD"	2	4.54545454545455
"ECK120003743"	"arnC"	"+"	2365093	2366061	969	"M-P2h"	6140	454.380433661833	23	368	57.0652173913044	1	-6.75736757333946	"SD"	4	11.1111111111111
"ECK120003744"	"arnA"	"+"	2366061	2368043	1983	"M-P2h"	18892	683.172301944742	7	106	0	1	-Inf	"SD"	22	29.7297297297297
"ECK120003745"	"arnD"	"+"	2368040	2368930	891	"M-P2h"	3871	311.54479143317	1	100	0	1	-Inf	"SD"	0	0
"ECK120003746"	"arnT"	"+"	2368930	2370582	1653	"M-P2h"	1938	84.0728842380251	9	194	30.9278350515464	1	-6.13053425667737	"SD"	NA	NA
"ECK120003749"	"elaB"	"-"	2378744	2379049	306	"M-P2h"	586	137.325508913975	0	0	0	1	-Inf	"SD"	NA	NA
"ECK120003762"	"yfbT"	"-"	2409461	2410111	651	"M-P2h"	400	44.0609676136754	1	100	0	1	-Inf	"SD"	6	26.0869565217391
"ECK120003763"	"yfbU"	"-"	2410122	2410616	495	"M-P2h"	1135	164.424182097124	3	87	0	1	-Inf	"SD"	7	35
"ECK120003767"	"yfcE"	"-"	2417256	2417810	555	"M-P2h"	343	44.317592979101	6	180	0	1	-Inf	"SD"	3	15
"ECK120003770"	"folX"	"+"	2419347	2419709	363	"M-P2h"	1428	282.095793393704	2	210	0	1	-Inf	"SD"	3	21.4285714285714
"ECK120003776"	"epmC"	"-"	2442225	2442773	549	"M-P2h"	487	63.6109152519891	0	0	0	1	-Inf	"SD"	NA	NA
"ECK120003779"	"yfcP"	"-"	2448073	2448612	540	"M-P2h"	8	1.0623588857964	5	100	0	0.585185185185185	-Inf	"SD"	NA	NA
"ECK120003780"	"yfcQ"	"-"	2448609	2449097	489	"M-P2h"	12	1.75973557769955	2	92	0	0.411042944785276	-Inf	"SD"	NA	NA
"ECK120003781"	"yfcR"	"-"	2449094	2449606	513	"M-P2h"	8	1.11827251136463	0	0	0	0.768031189083821	-Inf	"SD"	NA	NA
"ECK120003782"	"yfcS"	"-"	2449606	2450358	753	"M-P2h"	2	0	2	55	0	0.207171314741036	NA	"NO"	NA	NA
"ECK120003783"	"yfcT"	"-"	2450378	2451274	897	"M-P2h"	3	0.23983018324835	2	58	0	0.253065774804905	-Inf	"SD"	NA	NA
"ECK120003784"	"yfcU"	"-"	2451287	2453023	1737	"M-P2h"	47	1.94031869037943	14	207	28.9855072463768	0.555555555555556	-0.693259223521846	"SD"	NA	NA
"ECK120003785"	"yfcV"	"-"	2453105	2453668	564	"M-P2h"	1	0	1	100	0	0.122340425531915	NA	"NO"	NA	NA
"ECK120003786"	"sixA"	"-"	2454349	2454834	486	"M-P2h"	216	31.8707665738919	1	49	0	1	-Inf	"SD"	NA	NA
"ECK120003787"	"fadJ"	"-"	2455037	2457181	2145	"M-P2h"	184	6.15128082125466	1	100	0	1	-Inf	"SD"	4	5.19480519480519
"ECK120003788"	"fadI"	"-"	2457181	2458491	1311	"M-P2h"	91	4.9775281891719	0	0	0	0.949656750572082	-Inf	"SD"	1	2.12765957446809
"ECK120003793"	"intS"	"+"	2464567	2465724	1158	"M-P2h"	43	2.66277777722283	14	114	96.4912280701754	0.746977547495682	-0.27542850935132	"SD"	NA	NA
"ECK120003794"	"yfdG"	"+"	2465877	2466239	363	"M-P2h"	100	19.7546073805115	10	168	53.5714285714286	1	-3.45612036161242	"SD"	NA	NA
"ECK120003795"	"yfdH"	"+"	2466236	2467156	921	"M-P2h"	599	46.6382471769411	49	327	122.324159021407	1	-2.54344166308584	"SD"	4	11.4285714285714
"ECK120003796"	"yfdI"	"+"	2467153	2468484	1332	"M-P2h"	267	14.37414641086	2	100	0	0.869369369369369	-Inf	"SD"	5	9.80392156862745
"ECK120003799"	"yfdL"	"-"	2469566	2470084	519	"M-P2h"	1	0	1	95	0	0.121387283236994	NA	"NO"	NA	NA
"ECK120003800"	"yfdM"	"-"	2470134	2470409	276	"M-P2h"	1	0.25981603185238	2	47	0	0.36231884057971	-Inf	"SD"	NA	NA
"ECK120003801"	"yfdN"	"-"	2470409	2470903	495	"M-P2h"	0	0	0	0	0	0	NA	"NO"	NA	NA
"ECK120003804"	"yfdQ"	"+"	2472054	2472878	825	"M-P2h"	127	11.0388746042298	4	212	0	0.993939393939394	-Inf	"SD"	NA	NA
"ECK120003805"	"yfdR"	"+"	2473006	2473542	537	"M-P2h"	5	0	1	37	0	0.197392923649907	NA	"NO"	NA	NA
"ECK120003806"	"yfdS"	"+"	2473533	2473895	363	"M-P2h"	8	1.58036859044092	1	58	0	0.658402203856749	-Inf	"SD"	NA	NA
"ECK120003807"	"yfdT"	"+"	2473895	2474200	306	"M-P2h"	16	3.74950194986963	14	309	45.3074433656958	1	-0.4212721465255	"SD"	NA	NA
"ECK120003810"	"yfdV"	"-"	2487264	2488208	945	"M-P2h"	11	0.83471055312574	4	144	0	0.558730158730159	-Inf	"SD"	NA	NA
"ECK120003811"	"oxc"	"-"	2488278	2489972	1695	"M-P2h"	39	1.64994676510856	2	44	0	0.615929203539823	-Inf	"SD"	NA	NA
"ECK120003812"	"frc"	"-"	2490026	2491276	1251	"M-P2h"	21	1.20375197491318	4	168	0	0.751398880895284	-Inf	"SD"	NA	NA
"ECK120003819"	"ypdB"	"+"	2498405	2499139	735	"M-P2h"	196	19.1224599443351	30	323	68.1114551083591	1	-2.11969269702994	"SD"	1	3.44827586206897
"ECK120003822"	"ypdE"	"-"	2502532	2503569	1038	"M-P2h"	7	0.483588221135643	5	112	0	0.342967244701349	-Inf	"SD"	NA	NA
"ECK120003823"	"ypdF"	"-"	2503569	2504654	1086	"M-P2h"	6	0	4	78	0	0.232044198895028	NA	"NO"	NA	NA
"ECK120003824"	"fryC"	"-"	2504669	2505916	1248	"M-P2h"	34	1.95361670104385	5	142	0	0.594551282051282	-Inf	"SD"	NA	NA
"ECK120003825"	"fryB"	"-"	2505938	2506264	327	"M-P2h"	1	0	1	38	0	0.0917431192660551	NA	"NO"	NA	NA
"ECK120003832"	"zipA"	"-"	2528269	2529255	987	"M-P2h"	440	31.9676382048156	2	203	0	1	-Inf	"SD"	3	8.33333333333333
"ECK120003838"	"murP"	"+"	2544695	2546119	1425	"M-P2h"	33	1.66063467937647	27	266	67.6691729323308	0.449122807017544	1.11626217474757	"AD"	NA	NA
"ECK120003841"	"yfeY"	"-"	2548663	2549238	576	"M-P2h"	91	11.3290615555631	0	0	0	1	-Inf	"SD"	8	38.0952380952381
"ECK120003842"	"yfeZ"	"-"	2549299	2549748	450	"M-P2h"	137	21.8314751031159	1	100	0	1	-Inf	"SD"	NA	NA
"ECK120003844"	"eutK"	"-"	2553250	2553750	501	"M-P2h"	154	22.0423565226618	0	0	0	1	-Inf	"SD"	NA	NA
"ECK120003845"	"eutL"	"-"	2553763	2554422	660	"M-P2h"	81	8.80067758801787	3	77	0	1	-Inf	"SD"	NA	NA
"ECK120003847"	"yffL"	"+"	2558279	2558920	642	"M-P2h"	386	43.1148921642136	10	250	36	1	-4.58211745997922	"SD"	NA	NA
"ECK120003848"	"yffM"	"+"	2559390	2559635	246	"M-P2h"	2	0	1	44	0	0.16260162601626	NA	"NO"	NA	NA
"ECK120003849"	"yffN"	"+"	2559632	2560015	384	"M-P2h"	11	2.05417050183288	1	58	0	1	-Inf	"SD"	NA	NA
"ECK120003850"	"yffO"	"+"	2560133	2560549	417	"M-P2h"	42	7.2225118494791	0	0	0	0.92326139088729	-Inf	"SD"	NA	NA
"ECK120003851"	"yffP"	"+"	2560546	2561139	594	"M-P2h"	44	5.31179442898198	2	51	0	0.897306397306397	-Inf	"SD"	NA	NA
"ECK120003852"	"yffQ"	"+"	2561599	2561991	393	"M-P2h"	82	14.9622301091172	1	100	0	1	-Inf	"SD"	NA	NA
"ECK120003853"	"yffR"	"+"	2562002	2562394	393	"M-P2h"	291	53.0976702652817	1	55	0	1	-Inf	"SD"	NA	NA
"ECK120003856"	"eutH"	"-"	2564903	2566129	1227	"M-P2h"	21	1.22729724581613	0	0	0	0.650366748166259	-Inf	"SD"	NA	NA
"ECK120003857"	"eutG"	"-"	2566346	2567533	1188	"M-P2h"	10	0.603613003293407	1	100	0	0.372053872053872	-Inf	"SD"	NA	NA
"ECK120003858"	"eutJ"	"-"	2567523	2568359	837	"M-P2h"	2	0	0	0	0	0.20310633213859	NA	"NO"	NA	NA
"ECK120003859"	"eutE"	"-"	2568370	2569773	1404	"M-P2h"	8	0.408599571460152	1	100	0	0.311965811965812	-Inf	"SD"	NA	NA
"ECK120003860"	"eutN"	"-"	2569785	2570072	288	"M-P2h"	3	0	1	53	0	0.197916666666667	NA	"NO"	NA	NA
"ECK120003861"	"eutM"	"-"	2570179	2570472	294	"M-P2h"	74	18.0492606617449	4	185	0	1	-Inf	"SD"	NA	NA
"ECK120003862"	"eutD"	"-"	2570511	2571527	1017	"M-P2h"	32	2.25633745655872	3	128	0	0.406096361848574	-Inf	"SD"	NA	NA
"ECK120003863"	"eutT"	"-"	2571524	2572327	804	"M-P2h"	8	0.713524624788624	3	102	0	0.509950248756219	-Inf	"SD"	NA	NA
"ECK120003864"	"eutQ"	"-"	2572324	2573025	702	"M-P2h"	5	0.510749464325191	9	146	61.6438356164384	0.397435897435897	1.81730921558375	"AD"	NA	NA
"ECK120003865"	"eutP"	"-"	2573000	2573479	480	"M-P2h"	3	0.448182654945355	0	0	0	0.483333333333333	-Inf	"SD"	NA	NA
"ECK120003866"	"eutS"	"-"	2573492	2573827	336	"M-P2h"	4	0	1	36	0	0.196428571428571	NA	"NO"	NA	NA
"ECK120003870"	"tmcA"	"-"	2591866	2593881	2016	"M-P2h"	166	5.90462862864515	4	133	0	0.936507936507937	-Inf	"SD"	NA	NA
"ECK120003871"	"ypfJ"	"-"	2593896	2594759	864	"M-P2h"	272	22.5751263231734	7	201	0	1	-Inf	"SD"	NA	NA
"ECK120003872"	"hyfC"	"+"	2601869	2602816	948	"M-P2h"	7	0.52949849529409	6	259	23.1660231660232	0.282700421940928	1.18033591628605	"AD"	NA	NA
"ECK120003873"	"hyfD"	"+"	2602833	2604272	1440	"M-P2h"	13	0.647374946032179	0	0	0	0.413194444444444	-Inf	"SD"	NA	NA
"ECK120003874"	"hyfE"	"+"	2604284	2604934	651	"M-P2h"	4	0	4	188	0	0.221198156682028	NA	"NO"	NA	NA
"ECK120003875"	"hyfF"	"+"	2604939	2606519	1581	"M-P2h"	24	1.08856508222022	15	217	36.8663594470046	0.524351676154333	0.555644240361453	"AD"	NA	NA
"ECK120003876"	"hyfG"	"+"	2606509	2608176	1668	"M-P2h"	53	2.27853052394281	6	184	0	0.702637889688249	-Inf	"SD"	NA	NA
"ECK120003877"	"hyfH"	"+"	2608186	2608731	546	"M-P2h"	15	1.97003364811145	6	346	17.3410404624277	0.798534798534799	-0.715185865243268	"SD"	NA	NA
"ECK120003878"	"hyfI"	"+"	2608728	2609486	759	"M-P2h"	18	1.70061402667012	13	121	74.3801652892562	0.820816864295125	0.0819411641397099	"AD"	NA	NA
"ECK120003879"	"hyfJ"	"+"	2609479	2609892	414	"M-P2h"	14	2.42494963062221	0	0	0	0.956521739130435	-Inf	"SD"	NA	NA
"ECK120003880"	"hyfR"	"+"	2609922	2611934	2013	"M-P2h"	37	1.31805331210954	44	744	45.6989247311828	0.57625434674615	2.36712602126697	"AD"	NA	NA
"ECK120003888"	"yfgH"	"+"	2627814	2628332	519	"M-P2h"	3	0.414504189544837	1	39	0	0.456647398843931	-Inf	"SD"	NA	NA
"ECK120003892"	"bamB"	"-"	2635496	2636674	1179	"M-P2h"	1812	110.209597389107	3	130	0	1	-Inf	"SD"	5	11.9047619047619
"ECK120003893"	"yfgM"	"-"	2636685	2637305	621	"M-P2h"	1733	200.116081422299	0	0	0	1	-Inf	"SD"	15	68.1818181818182
"ECK120003894"	"pbpC"	"-"	2643035	2645347	2313	"M-P2h"	215	6.66557861224393	7	180	0	0.901426718547341	-Inf	"SD"	NA	NA
"ECK120003896"	"iscU"	"-"	2657925	2658311	387	"M-P2h"	4431	821.042829586715	1	41	0	1	-Inf	"SD"	1	7.14285714285714
"ECK120003897"	"iscS"	"-"	2658339	2659553	1215	"M-P2h"	12464	735.624508475905	13	246	48.780487804878	1	-8.25979133012313	"SD"	27	60
"ECK120003898"	"iscR"	"-"	2659665	2660153	489	"M-P2h"	1920	281.557692431928	6	168	0	1	-Inf	"SD"	3	17.6470588235294
"ECK120003900"	"yfhR"	"+"	2662385	2663266	882	"M-P2h"	2	0	11	224	0	0.0839002267573696	NA	"NO"	NA	NA
"ECK120003904"	"hcaC"	"+"	2668930	2669250	321	"M-P2h"	290	64.7840348581447	2	73	0	1	-Inf	"SD"	NA	NA
"ECK120003905"	"hcaB"	"+"	2669247	2670059	813	"M-P2h"	967	85.2925219841885	7	232	25.8620689655172	1	-6.15131294795641	"SD"	NA	NA
"ECK120003906"	"hcaD"	"+"	2670069	2671271	1203	"M-P2h"	1288	76.7759613725176	13	232	25.8620689655172	1	-5.99954836149314	"SD"	NA	NA
"ECK120003909"	"yphC"	"-"	2672722	2673783	1062	"M-P2h"	63	4.25393706388811	0	0	0	0.995291902071563	-Inf	"SD"	NA	NA
"ECK120003910"	"yphD"	"-"	2673849	2674847	999	"M-P2h"	17	1.22027709854991	2	100	0	0.566566566566567	-Inf	"SD"	NA	NA
"ECK120003911"	"yphE"	"-"	2674872	2676383	1512	"M-P2h"	22	1.04338819140717	10	110	0	0.529100529100529	-Inf	"SD"	NA	NA
"ECK120003912"	"yphF"	"-"	2676406	2677389	984	"M-P2h"	10	0.728752284463991	6	133	0	0.541666666666667	-Inf	"SD"	NA	NA
"ECK120003915"	"glrK"	"-"	2687693	2689120	1428	"M-P2h"	276	13.8597661361253	8	186	0	0.983893557422969	-Inf	"SD"	NA	NA
"ECK120003917"	"rseC"	"-"	2705344	2705823	480	"M-P2h"	391	58.4131393612112	6	123	0	1	-Inf	"SD"	NA	NA
"ECK120003918"	"rseB"	"-"	2705820	2706776	957	"M-P2h"	2851	213.629048986283	14	226	30.9734513274336	1	-7.25353719867008	"SD"	4	11.1111111111111
"ECK120003919"	"yfiP"	"+"	2717245	2717943	699	"M-P2h"	41	4.20612048131835	11	312	19.2307692307692	0.878397711015737	-1.80945576979725	"SD"	NA	NA
"ECK120003920"	"pka"	"+"	2717975	2720635	2661	"M-P2h"	408	10.9948755035072	13	184	0	0.890642615558061	-Inf	"SD"	1	1.02040816326531
"ECK120003928"	"yfjI"	"+"	2757007	2758416	1410	"M-P2h"	57	2.89888355539123	1	100	0	0.568794326241135	-Inf	"SD"	NA	NA
"ECK120003931"	"yfjL"	"-"	2761559	2763175	1617	"M-P2h"	505	22.3952742854574	78	410	148.780487804878	0.98886827458256	-0.876313187878365	"SD"	NA	NA
"ECK120003934"	"rnlB"	"+"	2765006	2765377	372	"M-P2h"	235	45.30018232781	158	681	232.01174743025	1	-0.519592298555621	"SD"	NA	NA
"ECK120003935"	"yfjP"	"+"	2765732	2766595	864	"M-P2h"	14	1.16195503133981	6	97	0	0.640046296296296	-Inf	"SD"	NA	NA
"ECK120003936"	"yfjQ"	"+"	2766687	2767508	822	"M-P2h"	4	0.348949998984218	2	73	0	0.262773722627737	-Inf	"SD"	NA	NA
"ECK120003937"	"yfjR"	"+"	2767725	2768426	702	"M-P2h"	0	0	8	233	30.0429184549356	0	Inf	"AD"	NA	NA
"ECK120003938"	"ypjK"	"+"	2768467	2768703	237	"M-P2h"	0	0	1	41	0	0	NA	"NO"	NA	NA
"ECK120003939"	"yfjS"	"+"	2768703	2769146	444	"M-P2h"	16	2.58411620869394	4	97	0	0.283783783783784	-Inf	"SD"	NA	NA
"ECK120003942"	"ypjM_3"	"-"	2770189	2770707	519	"M-P2h"	28	3.86870576908514	6	97	0	0.982658959537572	-Inf	"SD"	NA	NA
"ECK120003943"	"ypjM_2"	"-"	2770858	2771058	201	"M-P2h"	8	2.8540984991545	0	0	0	0.736318407960199	-Inf	"SD"	NA	NA
"ECK120003946"	"yfjX"	"+"	2773941	2774399	459	"M-P2h"	0	0	12	294	37.4149659863946	0	Inf	"AD"	NA	NA
"ECK120003947"	"yfjY"	"+"	2774408	2774890	483	"M-P2h"	0	0	2	49	0	0	NA	"NO"	NA	NA
"ECK120003948"	"yfjZ"	"+"	2775137	2775454	318	"M-P2h"	1	0	1	35	0	0.128930817610063	NA	"NO"	NA	NA
"ECK120003951"	"pinH"	"-"	2781087	2781230	144	"M-P2h"	3	1.49394218315118	0	0	0	0.729166666666667	-Inf	"SD"	NA	NA
"ECK120003952"	"ypjB"	"-"	2781660	2782451	792	"M-P2h"	9	0.814877554446099	8	107	56.0747663551402	0.304292929292929	0.558379208082697	"AD"	NA	NA
"ECK120003958"	"ygaQ_2"	"+"	2784770	2785456	687	"M-P2h"	2	0	4	141	0	0.181950509461426	NA	"NO"	NA	NA
"ECK120003959"	"ygaQ_3"	"+"	2785664	2786260	597	"M-P2h"	6	0.720695726545294	1	100	0	0.412060301507538	-Inf	"SD"	NA	NA
"ECK120003960"	"ygaQ_4"	"+"	2786399	2786671	273	"M-P2h"	1	0.262671153081527	3	57	0	0.263736263736264	-Inf	"SD"	NA	NA
"ECK120003961"	"csiD"	"+"	2787007	2787984	978	"M-P2h"	40	2.93289262949925	0	0	0	0.919222903885481	-Inf	"SD"	NA	NA
"ECK120003968"	"nrdH"	"+"	2798745	2798990	246	"M-P2h"	4	1.16600365514239	0	0	0	0.731707317073171	-Inf	"SD"	NA	NA
"ECK120003969"	"nrdI"	"+"	2798987	2799397	411	"M-P2h"	11	1.9192249944132	1	100	0	0.399026763990268	-Inf	"SD"	NA	NA
"ECK120003970"	"ygaX"	"+"	2806338	2806604	267	"M-P2h"	34	9.13151177117127	3	191	0	1	-Inf	"SD"	NA	NA
"ECK120003971"	"ygaY"	"+"	2806634	2807515	882	"M-P2h"	48	3.90254284578268	19	334	38.9221556886228	0.808390022675737	-0.5859028482983	"SD"	NA	NA
"ECK120003972"	"ygaZ"	"+"	2807639	2808376	738	"M-P2h"	174	16.9070529995646	18	292	44.5205479452055	1	-2.701041682923	"SD"	NA	NA
"ECK120003973"	"ygaH"	"+"	2808366	2808701	336	"M-P2h"	34	7.25629060387717	3	191	0	1	-Inf	"SD"	NA	NA
"ECK120003974"	"yqaA"	"-"	2814534	2814962	429	"M-P2h"	137	22.9001487095622	3	116	0	1	-Inf	"SD"	NA	NA
"ECK120003975"	"yqaB"	"-"	2814959	2815525	567	"M-P2h"	121	15.3030268073052	1	100	0	1	-Inf	"SD"	1	4.76190476190476
"ECK120003976"	"pncC"	"-"	2821871	2822368	498	"M-P2h"	76	10.9435764741677	1	77	0	1	-Inf	"SD"	5	27.7777777777778
"ECK120003983"	"ygbK"	"+"	2860357	2861523	1167	"M-P2h"	14	0.860264907521503	19	149	67.1140939597315	0.483290488431877	1.21714710726135	"AD"	NA	NA
"ECK120003984"	"ygbL"	"+"	2861615	2862253	639	"M-P2h"	14	1.57109412688199	7	110	0	0.84037558685446	-Inf	"SD"	NA	NA
"ECK120003985"	"ygbM"	"+"	2862258	2863034	777	"M-P2h"	26	2.39953647950151	2	69	0	0.93951093951094	-Inf	"SD"	NA	NA
"ECK120003987"	"truD"	"-"	2868277	2869326	1050	"M-P2h"	373	25.4738484258464	0	0	0	1	-Inf	"SD"	7	17.9487179487179
"ECK120003988"	"ispD"	"-"	2869802	2870512	711	"M-P2h"	240	24.2056454991584	0	0	0	1	-Inf	"SD"	NA	NA
"ECK120003989"	"ftsB"	"-"	2870531	2870842	312	"M-P2h"	139	31.9473789935407	0	0	0	1	-Inf	"SD"	NA	NA
"ECK120003990"	"cas1"	"-"	2876877	2877794	918	"M-P2h"	103	8.04580626742859	0	0	0	0.925925925925926	-Inf	"SD"	NA	NA
"ECK120003991"	"casE"	"-"	2877810	2878409	600	"M-P2h"	21	2.50982286769399	10	136	51.4705882352941	0.821666666666667	-0.842158721501035	"SD"	NA	NA
"ECK120003992"	"casD"	"-"	2878396	2879070	675	"M-P2h"	68	7.2240404234155	6	107	0	0.860740740740741	-Inf	"SD"	NA	NA
"ECK120003993"	"casC"	"-"	2879073	2880164	1092	"M-P2h"	38	2.4953759542745	3	119	0	0.745421245421245	-Inf	"SD"	NA	NA
"ECK120003994"	"casB"	"-"	2880177	2880659	483	"M-P2h"	18	2.67239347048162	0	0	0	0.873706004140787	-Inf	"SD"	NA	NA
"ECK120003995"	"casA"	"-"	2880652	2882160	1509	"M-P2h"	26	1.23554661668169	1	83	0	0.652087475149105	-Inf	"SD"	NA	NA
"ECK120003997"	"ygcN"	"+"	2890679	2891950	1272	"M-P2h"	16	0	9	109	55.045871559633	0.202830188679245	Inf	"AD"	NA	NA
"ECK120003998"	"ygcO"	"+"	2891941	2892201	261	"M-P2h"	3	0	6	117	0	0.164750957854406	NA	"NO"	NA	NA
"ECK120004001"	"ygcR"	"-"	2893798	2894577	780	"M-P2h"	16	1.47095845725655	0	0	0	0.578205128205128	-Inf	"SD"	NA	NA
"ECK120004002"	"ygcS"	"-"	2894555	2895892	1338	"M-P2h"	16	0.857509414544176	7	169	0	0.503736920777279	-Inf	"SD"	NA	NA
"ECK120004003"	"ygcU"	"-"	2895986	2897440	1455	"M-P2h"	20	0.985693811563667	0	0	0	0.514089347079038	-Inf	"SD"	NA	NA
"ECK120004009"	"gudX"	"-"	2917428	2918768	1341	"M-P2h"	59	3.15499199305306	2	36	0	0.855331841909023	-Inf	"SD"	NA	NA
"ECK120004010"	"gudP"	"-"	2918770	2920122	1353	"M-P2h"	23	1.21900382128522	5	37	0	0.696969696969697	-Inf	"SD"	NA	NA
"ECK120004011"	"yqcA"	"-"	2920557	2921006	450	"M-P2h"	563	89.7162079055057	3	77	0	1	-Inf	"SD"	3	18.75
"ECK120004012"	"truC"	"-"	2921024	2921806	783	"M-P2h"	426	39.014214254247	1	98	0	1	-Inf	"SD"	NA	NA
"ECK120004013"	"yqcC"	"-"	2921806	2922135	330	"M-P2h"	229	49.7618559915085	1	98	0	1	-Inf	"SD"	NA	NA
"ECK120004022"	"rppH"	"-"	2966469	2966999	531	"M-P2h"	454	61.3107119684191	0	0	0	1	-Inf	"SD"	1	4.76190476190476
"ECK120004023"	"ygdQ"	"+"	2968442	2969155	714	"M-P2h"	125	12.5541359928671	40	987	40.5268490374873	1	-0.650090837021384	"SD"	NA	NA
"ECK120004024"	"ygdR"	"+"	2969293	2969511	219	"M-P2h"	513	167.976403278149	0	0	0	1	-Inf	"SD"	NA	NA
"ECK120004026"	"kduI"	"-"	2981310	2982146	837	"M-P2h"	36	3.08426773295728	3	62	0	0.790919952210275	-Inf	"SD"	1	3.2258064516129
"ECK120004029"	"yqeH"	"+"	2985558	2986190	633	"M-P2h"	8	0.906277722480338	2	96	0	0.355450236966825	-Inf	"SD"	NA	NA
"ECK120004030"	"yqeI"	"+"	2986524	2987333	810	"M-P2h"	37	3.27560656453889	4	124	0	0.638271604938272	-Inf	"SD"	NA	NA
"ECK120004034"	"ygeG"	"+"	2989290	2989781	492	"M-P2h"	3	0.437251370678395	0	0	0	0.302845528455285	-Inf	"SD"	NA	NA
"ECK120004035"	"ygeH"	"+"	2990116	2991492	1377	"M-P2h"	14	0.729069823585762	0	0	0	0.400145243282498	-Inf	"SD"	NA	NA
"ECK120004036"	"ygeI"	"+"	2991660	2991878	219	"M-P2h"	2	0	3	157	0	0.200913242009132	NA	"NO"	NA	NA
"ECK120004039"	"ygeL"	"-"	2992959	2993114	156	"M-P2h"	4	1.83869807157069	0	0	0	0.442307692307692	-Inf	"SD"	NA	NA
"ECK120004040"	"ygeM"	"-"	2993336	2993767	432	"M-P2h"	6	0.995961455434122	0	0	0	0.465277777777778	-Inf	"SD"	NA	NA
"ECK120004041"	"ygeN"	"-"	2993770	2994042	273	"M-P2h"	7	1.83869807157069	0	0	0	0.864468864468865	-Inf	"SD"	NA	NA
"ECK120004042"	"ygeO"	"-"	2993984	2994409	426	"M-P2h"	12	2.01997816313399	0	0	0	0.699530516431925	-Inf	"SD"	NA	NA
"ECK120004043"	"insD-4"	"-"	2994394	2995299	906	"M-P2h"	0	0	0	0	0	0	NA	"NO"	NA	NA
"ECK120004044"	"insC-4"	"-"	2995257	2995667	411	"M-P2h"	2	0	0	0	0	0.072992700729927	NA	"NO"	NA	NA
"ECK120004045"	"ygeP"	"-"	2995711	2996010	300	"M-P2h"	32	7.64898397773405	5	121	0	1	-Inf	"SD"	NA	NA
"ECK120004046"	"ygeQ"	"-"	2996056	2996850	795	"M-P2h"	33	2.97660933095783	14	227	44.0528634361233	0.835220125786164	-0.573669885575132	"SD"	NA	NA
"ECK120004049"	"xdhB"	"+"	3000636	3001514	879	"M-P2h"	16	1.305287368214	1	58	0	0.698521046643914	-Inf	"SD"	NA	NA
"ECK120004053"	"ygeX"	"+"	3005532	3006728	1197	"M-P2h"	15	0.898611839489433	10	134	44.7761194029851	0.52046783625731	0.417264430780383	"AD"	NA	NA
"ECK120004054"	"ygeY"	"+"	3006786	3007997	1212	"M-P2h"	73	4.31911997505094	2	150	0	0.928217821782178	-Inf	"SD"	NA	NA
"ECK120004055"	"hyuA"	"+"	3008050	3009435	1386	"M-P2h"	20	1.03476514850298	5	69	0	0.425685425685426	-Inf	"SD"	NA	NA
"ECK120004060"	"ygfK"	"+"	3014082	3017180	3099	"M-P2h"	21	0.485928919205031	52	741	31.0391363022942	0.32946111648919	3.24281666158871	"AD"	NA	NA
"ECK120004061"	"ssnA"	"+"	3017183	3018511	1329	"M-P2h"	10	0.539572797526386	1	96	0	0.514672686230248	-Inf	"SD"	NA	NA
"ECK120004062"	"ygfM"	"+"	3018562	3019341	780	"M-P2h"	18	1.65482826441362	5	225	0	0.716666666666667	-Inf	"SD"	NA	NA
"ECK120004063"	"xdhD"	"+"	3019338	3022208	2871	"M-P2h"	120	2.99725077497416	14	332	27.1084337349398	0.693138279345176	-0.735642890234782	"SD"	NA	NA
"ECK120004064"	"xanQ"	"+"	3022373	3023773	1401	"M-P2h"	16	0.818949034018635	19	403	34.7394540942928	0.494646680942184	1.77358125121267	"AD"	NA	NA
"ECK120004065"	"guaD"	"+"	3023788	3025107	1320	"M-P2h"	111	6.03009390290114	27	636	42.4528301886792	1	-0.15922106121658	"SD"	NA	NA
"ECK120004078"	"scpB"	"+"	3062015	3062800	786	"M-P2h"	27	2.46329398137905	5	224	0	0.868956743002545	-Inf	"SD"	NA	NA
"ECK120004081"	"yggP"	"-"	3074201	3075478	1278	"M-P2h"	12	0.673326054377998	1	100	0	0.485915492957746	-Inf	"SD"	NA	NA
"ECK120004085"	"yqgE"	"+"	3090959	3091522	564	"M-P2h"	924	117.481070402697	3	136	0	1	-Inf	"SD"	5	23.8095238095238
"ECK120004089"	"yggT"	"+"	3093842	3094408	567	"M-P2h"	169	21.3736490118561	8	222	0	1	-Inf	"SD"	3	14.2857142857143
"ECK120004090"	"yggU"	"+"	3094405	3094695	291	"M-P2h"	44	10.8426319272003	0	0	0	1	-Inf	"SD"	NA	NA
"ECK120004091"	"rdgB"	"+"	3094703	3095296	594	"M-P2h"	203	24.5066879337123	1	98	0	1	-Inf	"SD"	2	9.52380952380952
"ECK120004093"	"yggX"	"+"	3102115	3102390	276	"M-P2h"	607	157.708331334394	0	0	0	1	-Inf	"SD"	7	63.6363636363636
"ECK120004094"	"mltC"	"+"	3102455	3103534	1080	"M-P2h"	142	9.42843511144302	12	117	51.2820512820513	0.988888888888889	-2.97398393300845	"SD"	NA	NA
"ECK120004097"	"yghE"	"-"	3109150	3110010	861	"M-P2h"	5	0	114	272	411.764705882353	0.220673635307782	Inf	"AD"	NA	NA
"ECK120004098"	"yghF"	"-"	3110076	3110942	867	"M-P2h"	11	0.909805620188955	1	100	0	0.340253748558247	-Inf	"SD"	NA	NA
"ECK120004099"	"yghG"	"-"	3111089	3111499	411	"M-P2h"	14	2.44264999288952	3	131	0	0.510948905109489	-Inf	"SD"	NA	NA
"ECK120004100"	"pppA"	"-"	3111565	3112374	810	"M-P2h"	41	3.62972619313769	2	102	0	0.898765432098765	-Inf	"SD"	NA	NA
"ECK120004101"	"yghJ"	"-"	3112572	3117134	4563	"M-P2h"	387	6.08184746750304	17	143	0	0.943458251150559	-Inf	"SD"	19	11.377245508982
"ECK120004102"	"glcA"	"-"	3117619	3119301	1683	"M-P2h"	319	13.5919445682774	13	326	27.6073619631902	0.919191919191919	-2.91668306226836	"SD"	NA	NA
"ECK120004103"	"glcG"	"-"	3121849	3122253	405	"M-P2h"	633	112.07886245152	1	81	0	1	-Inf	"SD"	3	21.4285714285714
"ECK120004104"	"glcE"	"-"	3123492	3124544	1053	"M-P2h"	268	18.2507808585535	2	118	0	1	-Inf	"SD"	NA	NA
"ECK120004110"	"yghR"	"-"	3130476	3131234	759	"M-P2h"	4	0.377914228148916	1	101	0	0.292490118577075	-Inf	"SD"	NA	NA
"ECK120004114"	"hybO"	"-"	3143165	3144283	1119	"M-P2h"	49	3.14008222946522	1	100	0	0.920464700625559	-Inf	"SD"	NA	NA
"ECK120004115"	"yghW"	"-"	3144472	3144759	288	"M-P2h"	10	2.4899036385853	5	144	0	0.8125	-Inf	"SD"	NA	NA
"ECK120004116"	"yghX_1"	"-"	3144878	3145288	411	"M-P2h"	68	11.8642999654634	1	99	0	1	-Inf	"SD"	NA	NA
"ECK120004124"	"dkgA"	"+"	3154645	3155472	828	"M-P2h"	521	45.1213841983632	4	135	0	1	-Inf	"SD"	1	3.2258064516129
"ECK120004125"	"yqhG"	"+"	3155672	3156598	927	"M-P2h"	23	1.77919327961047	33	859	36.0884749708964	0.659115426105717	1.80104497167964	"AD"	NA	NA
"ECK120004128"	"ygiS"	"-"	3164133	3165740	1608	"M-P2h"	64	2.8540984991545	25	200	55	0.779850746268657	-0.375531601459532	"SD"	5	8.19672131147541
"ECK120004129"	"mqsA"	"-"	3165873	3166268	396	"M-P2h"	302	54.6873380983827	0	0	0	1	-Inf	"SD"	NA	NA
"ECK120004130"	"mqsR"	"-"	3166270	3166566	297	"M-P2h"	362	87.4031628768853	1	46	0	1	-Inf	"SD"	NA	NA
"ECK120004131"	"ygiV"	"-"	3166771	3167253	483	"M-P2h"	69	10.2441749701795	4	75	0	1	-Inf	"SD"	NA	NA
"ECK120004135"	"yqiA"	"-"	3173447	3174028	582	"M-P2h"	290	35.7314006691829	2	116	0	1	-Inf	"SD"	1	4.54545454545455
"ECK120004136"	"cpdA"	"-"	3174028	3174855	828	"M-P2h"	531	45.9874376378712	2	72	0	1	-Inf	"SD"	3	9.67741935483871
"ECK120004137"	"yqiB"	"-"	3174880	3175302	423	"M-P2h"	525	89.0008109111343	74	410	180.487804878049	1	-2.58822130508034	"SD"	NA	NA
"ECK120004139"	"insC-5"	"+"	3184164	3184574	411	"M-P2h"	1	0	0	0	0	0.0267639902676399	NA	"NO"	NA	NA
"ECK120004140"	"insD-5"	"+"	3184532	3185437	906	"M-P2h"	0	0	0	0	0	0	NA	"NO"	NA	NA
"ECK120004141"	"yqiG"	"+"	3185422	3187887	2466	"M-P2h"	57	1.65751249517503	24	194	51.5463917525773	0.550689375506894	0.270980253849707	"AD"	NA	NA
"ECK120004142"	"yqiH"	"+"	3187903	3188652	750	"M-P2h"	14	1.33857219610346	11	163	67.4846625766871	0.656	0.716808570687179	"AD"	NA	NA
"ECK120004145"	"yqiK"	"+"	3190886	3192547	1662	"M-P2h"	31	1.33753668383211	3	148	0	0.578219013237064	-Inf	"SD"	NA	NA
"ECK120004152"	"ygjJ"	"+"	3225823	3226893	1071	"M-P2h"	5	0.334776959809789	3	100	0	0.258636788048553	-Inf	"SD"	NA	NA
"ECK120004153"	"ygjK"	"+"	3226910	3229261	2352	"M-P2h"	9	0.274397543844095	10	155	0	0.290391156462585	-Inf	"SD"	NA	NA
"ECK120004155"	"higB"	"-"	3232163	3232477	315	"M-P2h"	52	11.8377132988741	2	127	0	0.977777777777778	-Inf	"SD"	NA	NA
"ECK120004158"	"ygjQ"	"+"	3234562	3235254	693	"M-P2h"	5	0.517382574251492	12	438	25.1141552511416	0.311688311688312	2.08820015461139	"AD"	NA	NA
"ECK120004159"	"ygjR"	"+"	3235315	3236319	1005	"M-P2h"	203	14.4845498832091	1	100	0	0.997014925373134	-Inf	"SD"	1	2.77777777777778
"ECK120004160"	"alx"	"+"	3236602	3237567	966	"M-P2h"	17	1.26196358328299	4	118	0	0.667701863354037	-Inf	"SD"	NA	NA
"ECK120004162"	"yqjA"	"+"	3245795	3246457	663	"M-P2h"	438	47.3735150204683	2	100	0	1	-Inf	"SD"	NA	NA
"ECK120004163"	"mzrA"	"+"	3246461	3246844	384	"M-P2h"	95	17.7405634249203	6	192	0	1	-Inf	"SD"	NA	NA
"ECK120004164"	"yqjC"	"+"	3246991	3247359	369	"M-P2h"	302	58.6888506421668	5	130	0	1	-Inf	"SD"	NA	NA
"ECK120004165"	"yqjD"	"+"	3247397	3247702	306	"M-P2h"	712	166.852836769199	0	0	0	1	-Inf	"SD"	NA	NA
"ECK120004166"	"yqjE"	"+"	3247705	3248109	405	"M-P2h"	398	70.4698060911609	0	0	0	1	-Inf	"SD"	NA	NA
"ECK120004167"	"yqjK"	"+"	3248099	3248398	300	"M-P2h"	278	66.4505483065646	0	0	0	1	-Inf	"SD"	NA	NA
"ECK120004168"	"yqjF"	"+"	3248584	3248976	393	"M-P2h"	8	1.45972976674314	2	100	0	0.636132315521629	-Inf	"SD"	NA	NA
"ECK120004169"	"yqjG"	"+"	3249046	3250032	987	"M-P2h"	82	5.95760530180654	4	103	0	1	-Inf	"SD"	0	0
"ECK120004170"	"yhaH"	"+"	3250326	3250691	366	"M-P2h"	269	52.7043209531368	2	120	0	1	-Inf	"SD"	NA	NA
"ECK120004176"	"tdcG"	"-"	3256307	3257671	1365	"M-P2h"	63	3.30965652882723	0	0	0	0.96043956043956	-Inf	"SD"	NA	NA
"ECK120004177"	"tdcF"	"-"	3257743	3258132	390	"M-P2h"	14	2.57417730019896	0	0	0	0.946153846153846	-Inf	"SD"	NA	NA
"ECK120004178"	"tdcE"	"-"	3258146	3260440	2295	"M-P2h"	72	2.24970116992178	2	100	0	0.731590413943355	-Inf	"SD"	NA	NA
"ECK120004182"	"agaV"	"+"	3278239	3278712	474	"M-P2h"	3	0.45385585310922	2	196	0	0.50210970464135	-Inf	"SD"	0	0
"ECK120004183"	"agaW"	"+"	3278723	3279124	402	"M-P2h"	3	0.535143468591468	0	0	0	0.353233830845771	-Inf	"SD"	NA	NA
"ECK120004184"	"agaS"	"+"	3279998	3281152	1155	"M-P2h"	2	0	6	53	0	0.108225108225108	NA	"NO"	NA	NA
"ECK120004185"	"agaD"	"+"	3283500	3284291	792	"M-P2h"	50	4.52709752470055	2	125	0	0.747474747474748	-Inf	"SD"	NA	NA
"ECK120004186"	"agaI"	"+"	3284292	3285047	756	"M-P2h"	16	1.51765555113771	1	38	0	0.771164021164021	-Inf	"SD"	NA	NA
"ECK120004187"	"yraH"	"+"	3285448	3286032	585	"M-P2h"	30	3.67739614314137	7	222	31.5315315315315	0.92991452991453	-1.3932577703559	"SD"	NA	NA
"ECK120004188"	"yraI"	"+"	3286112	3286807	696	"M-P2h"	2	0	3	75	0	0.209770114942529	NA	"NO"	NA	NA
"ECK120004193"	"yraN"	"+"	3293416	3293811	396	"M-P2h"	324	58.6711839201192	0	0	0	1	-Inf	"SD"	NA	NA
"ECK120004203"	"yhbV"	"+"	3300511	3301389	879	"M-P2h"	34	2.77373565745475	7	173	0	0.777019340159272	-Inf	"SD"	NA	NA
"ECK120004207"	"ibaG"	"-"	3334571	3334825	255	"M-P2h"	294	82.6765179946254	1	95	0	1	-Inf	"SD"	NA	NA
"ECK120004208"	"mlaB"	"-"	3334985	3335278	294	"M-P2h"	164	40.0010641692725	0	0	0	1	-Inf	"SD"	NA	NA
"ECK120004209"	"mlaC"	"-"	3335278	3335913	636	"M-P2h"	705	79.4889991789874	3	97	0	1	-Inf	"SD"	11	45.8333333333333
"ECK120004210"	"kdsD"	"+"	3339288	3340274	987	"M-P2h"	638	46.3530753969826	2	55	0	1	-Inf	"SD"	1	2.85714285714286
"ECK120004211"	"kdsC"	"+"	3340295	3340861	567	"M-P2h"	636	80.4357442102986	1	56	0	1	-Inf	"SD"	2	10
"ECK120004212"	"lptC"	"+"	3340858	3341433	576	"M-P2h"	588	73.2031669744079	2	100	0	1	-Inf	"SD"	3	13.6363636363636
"ECK120004213"	"lptA"	"+"	3341402	3341959	558	"M-P2h"	663	85.2028961229448	3	160	0	1	-Inf	"SD"	4	20
"ECK120004217"	"yhcD"	"+"	3360829	3363210	2382	"M-P2h"	61	1.83638233092639	64	706	48.1586402266289	0.76112510495382	1.88866829027581	"AD"	NA	NA
"ECK120004223"	"nanK"	"-"	3367497	3368372	876	"M-P2h"	42	3.43811351738902	1	100	0	0.703196347031963	-Inf	"SD"	0	0
"ECK120004224"	"nanE"	"-"	3368369	3369058	690	"M-P2h"	33	3.42957162045141	0	0	0	0.944927536231884	-Inf	"SD"	4	16.6666666666667
"ECK120004229"	"degQ"	"+"	3378765	3380132	1368	"M-P2h"	278	14.5724886637203	0	0	0	1	-Inf	"SD"	7	14.8936170212766
"ECK120004232"	"aaeB"	"-"	3384243	3386210	1968	"M-P2h"	40	1.45750456892798	8	127	0	0.590955284552846	-Inf	"SD"	NA	NA
"ECK120004233"	"aaeA"	"-"	3386216	3387148	933	"M-P2h"	54	4.1503731390438	2	100	0	0.718113612004287	-Inf	"SD"	NA	NA
"ECK120004237"	"yhdP"	"-"	3390480	3394280	3801	"M-P2h"	597	11.2629327020206	17	186	0	0.991054985530124	-Inf	"SD"	1	0.719424460431655
"ECK120004239"	"yhdT"	"+"	3405397	3405639	243	"M-P2h"	5	1.475498452495	0	0	0	0.724279835390947	-Inf	"SD"	NA	NA
"ECK120004241"	"yhdV"	"+"	3416412	3416633	222	"M-P2h"	38	12.2745519912962	2	155	0	1	-Inf	"SD"	NA	NA
"ECK120004244"	"tsaC"	"-"	3428865	3429437	573	"M-P2h"	214	26.7814556812023	10	154	64.9350649350649	1	-3.74316247403263	"SD"	3	14.2857142857143
"ECK120004245"	"yrdD"	"-"	3429442	3429984	543	"M-P2h"	546	72.1054083536394	8	352	22.7272727272727	1	-5.49396366439125	"SD"	NA	NA
"ECK120004248"	"gspD"	"+"	3454399	3456351	1953	"M-P2h"	21	0.77106693323932	35	405	37.037037037037	0.440348182283666	1.96003449544079	"AD"	NA	NA
"ECK120004249"	"gspE"	"+"	3456361	3457842	1482	"M-P2h"	11	0.532254704928356	8	100	0	0.325910931174089	-Inf	"SD"	NA	NA
"ECK120004250"	"gspF"	"+"	3457839	3459035	1197	"M-P2h"	16	0.958519295455395	24	282	35.4609929078014	0.43859649122807	1.06112062055511	"AD"	NA	NA
"ECK120004251"	"gspG"	"+"	3459045	3459482	438	"M-P2h"	4	0.654878765216957	1	100	0	0.541095890410959	-Inf	"SD"	NA	NA
"ECK120004252"	"gspH"	"+"	3459490	3459999	510	"M-P2h"	0	0	1	55	0	0	NA	"NO"	NA	NA
"ECK120004253"	"gspI"	"+"	3459996	3460373	378	"M-P2h"	2	0.379413887784427	1	100	0	0.35978835978836	-Inf	"SD"	NA	NA
"ECK120004254"	"gspJ"	"+"	3460366	3460953	588	"M-P2h"	3	0	6	175	0	0.239795918367347	NA	"NO"	NA	NA
"ECK120004255"	"gspK"	"+"	3460946	3461929	984	"M-P2h"	15	1.09312842669599	32	495	42.4242424242424	0.628048780487805	1.94192642123372	"AD"	NA	NA
"ECK120004256"	"gspL"	"+"	3461944	3463107	1164	"M-P2h"	46	2.83386970824554	102	717	107.391910739191	0.741408934707904	2.44208501627042	"AD"	NA	NA
"ECK120004257"	"tusB"	"-"	3472700	3472987	288	"M-P2h"	133	33.1157183931845	12	154	71.4285714285714	1	-3.91194072669734	"SD"	NA	NA
"ECK120004258"	"tusC"	"-"	3472995	3473354	360	"M-P2h"	107	21.3135751462902	4	257	0	1	-Inf	"SD"	NA	NA
"ECK120004259"	"tusD"	"-"	3473354	3473740	387	"M-P2h"	246	45.5826080068454	3	257	0	1	-Inf	"SD"	NA	NA
"ECK120004260"	"yheO"	"-"	3473740	3474462	723	"M-P2h"	316	31.3417911950721	8	236	0	1	-Inf	"SD"	1	3.7037037037037
"ECK120004263"	"yheT"	"+"	3481224	3482246	1023	"M-P2h"	116	8.13125129597828	2	35	0	0.992179863147605	-Inf	"SD"	NA	NA
"ECK120004264"	"yheU"	"+"	3482240	3482458	219	"M-P2h"	143	46.8238317130124	1	100	0	1	-Inf	"SD"	NA	NA
"ECK120004266"	"yhfL"	"+"	3497470	3497637	168	"M-P2h"	9	3.84156561381733	0	0	0	1	-Inf	"SD"	NA	NA
"ECK120004267"	"frlB"	"+"	3499290	3500312	1023	"M-P2h"	42	2.94407374509559	3	100	0	0.926686217008798	-Inf	"SD"	NA	NA
"ECK120004268"	"frlC"	"+"	3500362	3501192	831	"M-P2h"	17	1.46697571775134	0	0	0	0.762936221419976	-Inf	"SD"	NA	NA
"ECK120004269"	"frlD"	"+"	3501189	3501974	786	"M-P2h"	12	1.09479732505735	1	83	0	0.603053435114504	-Inf	"SD"	NA	NA
"ECK120004272"	"yhfT"	"-"	3504054	3505358	1305	"M-P2h"	36	1.97818551148294	3	152	0	0.76551724137931	-Inf	"SD"	NA	NA
"ECK120004273"	"yhfU"	"-"	3505370	3505723	354	"M-P2h"	17	3.44366333743323	34	564	58.5106382978723	0.88135593220339	0.938521916915356	"AD"	NA	NA
"ECK120004274"	"php"	"-"	3505734	3506612	879	"M-P2h"	14	1.14212644718725	34	564	58.5106382978723	0.42320819112628	2.5307436411685	"AD"	NA	NA
"ECK120004275"	"yhfW"	"-"	3506609	3507835	1227	"M-P2h"	6	0	4	100	0	0.214343928280359	NA	"NO"	NA	NA
"ECK120004276"	"yhfX"	"-"	3507835	3508998	1164	"M-P2h"	5	0.308029316113646	0	0	0	0.324742268041237	-Inf	"SD"	NA	NA
"ECK120004277"	"yhfY"	"-"	3509082	3509444	363	"M-P2h"	8	1.58036859044092	0	0	0	0.721763085399449	-Inf	"SD"	NA	NA
"ECK120004278"	"yhfZ"	"-"	3509461	3510366	906	"M-P2h"	11	0.870641802101351	0	0	0	0.483443708609272	-Inf	"SD"	NA	NA
"ECK120004279"	"hofP"	"-"	3518637	3519041	405	"M-P2h"	16	2.83295702879039	0	0	0	1	-Inf	"SD"	NA	NA
"ECK120004280"	"hofO"	"-"	3519031	3519471	441	"M-P2h"	1	0	0	0	0	0.0385487528344671	NA	"NO"	NA	NA
"ECK120004281"	"hofN"	"-"	3519455	3519994	540	"M-P2h"	8	1.0623588857964	0	0	0	0.755555555555556	-Inf	"SD"	NA	NA
"ECK120004285"	"yrfG"	"+"	3526691	3527359	669	"M-P2h"	130	13.9345279863429	3	160	0	1	-Inf	"SD"	NA	NA
"ECK120004286"	"hslR"	"+"	3527370	3527771	402	"M-P2h"	139	24.7949807114047	3	160	0	1	-Inf	"SD"	2	13.3333333333333
"ECK120004289"	"yhgF"	"+"	3535407	3537728	2322	"M-P2h"	557	17.2015668426917	4	167	0	0.997416020671835	-Inf	"SD"	13	15.2941176470588
"ECK120004291"	"nfuA"	"+"	3543646	3544221	576	"M-P2h"	558	69.46831151653	17	229	69.8689956331878	1	-4.44021122166263	"SD"	5	23.8095238095238
"ECK120004296"	"yhhW"	"-"	3576973	3577668	696	"M-P2h"	178	18.3394281793731	4	106	0	1	-Inf	"SD"	2	7.69230769230769
"ECK120004297"	"yhhX"	"-"	3577791	3578828	1038	"M-P2h"	480	33.1603351635869	1	100	0	1	-Inf	"SD"	8	20.5128205128205
"ECK120004299"	"yhhZ"	"+"	3579886	3581064	1179	"M-P2h"	6	0	5	178	0	0.223918575063613	NA	"NO"	NA	NA
"ECK120004300"	"yrhA"	"+"	3581064	3581477	414	"M-P2h"	1	0	1	43	0	0.185990338164251	NA	"NO"	NA	NA
"ECK120004301"	"insA-6"	"+"	3581506	3581781	276	"M-P2h"	0	0	0	0	0	0	NA	"NO"	NA	NA
"ECK120004302"	"insB-6"	"+"	3581700	3582203	504	"M-P2h"	0	0	0	0	0	0	NA	"NO"	NA	NA
"ECK120004307"	"insK"	"+"	3719177	3720072	896	"M-P2h"	8	0.640260935636221	4	302	0	0.59375	-Inf	"SD"	NA	NA
"ECK120004311"	"rffT"	"+"	3975548	3976627	1080	"M-P2h"	223	14.8066269707873	2	100	0	1	-Inf	"SD"	NA	NA
"ECK120004314"	"tatA"	"+"	4019968	4020237	270	"M-P2h"	671	178.210703092345	0	0	0	1	-Inf	"SD"	NA	NA
"ECK120004315"	"tatB"	"+"	4020241	4020756	516	"M-P2h"	748	103.950581674147	0	0	0	1	-Inf	"SD"	3	16.6666666666667
"ECK120004320"	"phnE_2"	"-"	4320466	4320834	369	"M-P2h"	789	153.329480651224	1	63	0	1	-Inf	"SD"	NA	NA
"ECK120004321"	"yjcZ"	"+"	4327383	4328261	879	"M-P2h"	78	6.36327592004326	0	0	0	0.970420932878271	-Inf	"SD"	4	12.1212121212121
"ECK120004323"	"dcuR"	"-"	4347338	4348057	720	"M-P2h"	143	14.2422488127079	30	371	75.4716981132076	0.969444444444444	-1.34667822966686	"SD"	0	0
"ECK120004326"	"yjdJ"	"+"	4350108	4350380	273	"M-P2h"	55	14.446913419484	0	0	0	0.996336996336996	-Inf	"SD"	NA	NA
"ECK120004327"	"ghoS"	"+"	4350607	4350903	297	"M-P2h"	8	1.9315616105389	1	46	0	0.569023569023569	-Inf	"SD"	NA	NA
"ECK120004334"	"yjeN"	"+"	4383416	4383730	315	"M-P2h"	8	1.82118666136525	0	0	0	0.793650793650794	-Inf	"SD"	NA	NA
"ECK120004340"	"yjeT"	"+"	4402409	4402606	198	"M-P2h"	64	23.1787393264668	1	100	0	1	-Inf	"SD"	NA	NA
"ECK120004341"	"rlmB"	"+"	4407298	4408029	732	"M-P2h"	919	90.0283846764549	1	45	0	1	-Inf	"SD"	4	14.8148148148148
"ECK120004342"	"yjfI"	"+"	4408156	4408557	402	"M-P2h"	10	1.78381156197156	0	0	0	0.654228855721393	-Inf	"SD"	NA	NA
"ECK120004343"	"yjfJ"	"+"	4408576	4409274	699	"M-P2h"	13	1.33364795749118	1	100	0	0.781115879828326	-Inf	"SD"	NA	NA
"ECK120004344"	"yjfK"	"+"	4409325	4409984	660	"M-P2h"	8	0.869202724742506	1	52	0	0.643939393939394	-Inf	"SD"	NA	NA
"ECK120004345"	"yjfL"	"+"	4410002	4410400	399	"M-P2h"	0	0	1	100	0	0	NA	"NO"	NA	NA
"ECK120004346"	"yjfM"	"+"	4410410	4411048	639	"M-P2h"	4	0.448884036251998	0	0	0	0.45226917057903	-Inf	"SD"	NA	NA
"ECK120004353"	"ulaD"	"+"	4420209	4420859	651	"M-P2h"	38	4.18579192329917	0	0	0	0.866359447004608	-Inf	"SD"	NA	NA
"ECK120004354"	"ulaE"	"+"	4420869	4421723	855	"M-P2h"	42	3.52255841079858	0	0	0	0.966081871345029	-Inf	"SD"	NA	NA
"ECK120004362"	"ytfF"	"-"	4430114	4431088	975	"M-P2h"	50	3.67739614314137	0	0	0	0.876923076923077	-Inf	"SD"	NA	NA
"ECK120004378"	"tabA"	"+"	4472885	4473337	453	"M-P2h"	328	51.9219111071351	0	0	0	1	-Inf	"SD"	5	29.4117647058824
"ECK120004386"	"idnR"	"-"	4488164	4489162	999	"M-P2h"	159	11.4131799217316	100	528	145.833333333333	0.942942942942943	0.432229541927202	"AD"	NA	NA
"ECK120004387"	"idnO"	"-"	4490610	4491374	765	"M-P2h"	26	2.43717626741526	8	221	0	0.847058823529412	-Inf	"SD"	NA	NA
"ECK120004389"	"insC-6"	"+"	4496250	4496660	411	"M-P2h"	1	0	0	0	0	0.0267639902676399	NA	"NO"	NA	NA
"ECK120004396"	"yjhC"	"+"	4503310	4504428	1119	"M-P2h"	350	22.4291587818944	0	0	0	0.995531724754245	-Inf	"SD"	2	4.8780487804878
"ECK120004405"	"yjhG"	"-"	4520150	4522117	1968	"M-P2h"	144	5.24701644814074	34	436	36.697247706422	0.827235772357724	-0.71342540737883	"SD"	NA	NA
"ECK120004406"	"yjhH"	"-"	4522128	4523033	906	"M-P2h"	44	3.4825672084054	19	406	29.5566502463054	0.854304635761589	-0.537116789145661	"SD"	NA	NA
"ECK120004407"	"yjhI"	"-"	4523038	4523826	789	"M-P2h"	20	1.81772432930942	1	100	0	0.643852978453739	-Inf	"SD"	NA	NA
"ECK120004408"	"sgcR"	"-"	4524129	4524911	783	"M-P2h"	61	5.58654241668795	22	234	81.1965811965812	0.957854406130268	-0.555956238104018	"SD"	NA	NA
"ECK120004409"	"sgcE"	"-"	4524928	4525560	633	"M-P2h"	30	3.39854145930127	244	741	327.935222672065	0.872037914691943	3.83796868614985	"AD"	NA	NA
"ECK120004410"	"sgcQ"	"-"	4526134	4526940	807	"M-P2h"	36	3.19892452600402	122	865	141.040462427746	0.915737298636927	2.9312222881226	"AD"	NA	NA
"ECK120004411"	"yjhP"	"-"	4530460	4531206	747	"M-P2h"	12	1.15195541833344	3	225	0	0.440428380187416	-Inf	"SD"	NA	NA
"ECK120004412"	"yjhQ"	"-"	4531262	4531807	546	"M-P2h"	9	1.18202018886687	2	101	0	0.600732600732601	-Inf	"SD"	NA	NA
"ECK120004415"	"nanM"	"-"	4535682	4536788	1107	"M-P2h"	102	6.60735404580686	1	53	0	0.914182475158085	-Inf	"SD"	8	20
"ECK120004420"	"iadA"	"-"	4556377	4557549	1173	"M-P2h"	173	10.576040825991	3	55	0	0.999147485080989	-Inf	"SD"	8	19.5121951219512
"ECK120004421"	"yjiG"	"-"	4557562	4558023	462	"M-P2h"	20	3.10429544550895	6	102	0	0.967532467532468	-Inf	"SD"	NA	NA
"ECK120004425"	"yjiK"	"-"	4560766	4561734	969	"M-P2h"	25	1.85008319894883	32	289	58.8235294117647	0.668730650154799	0.877944595614941	"AD"	NA	NA
"ECK120004426"	"yjiL"	"-"	4561945	4562712	768	"M-P2h"	12	1.12045663736339	1	76	0	0.52734375	-Inf	"SD"	NA	NA
"ECK120004427"	"yjiM"	"-"	4562722	4563873	1152	"M-P2h"	21	1.30719941025728	2	100	0	0.688368055555556	-Inf	"SD"	NA	NA
"ECK120004428"	"yjiN"	"-"	4563989	4565269	1281	"M-P2h"	17	0.95164466936094	7	157	0	0.633099141295863	-Inf	"SD"	NA	NA
"ECK120004433"	"yjiT"	"+"	4570437	4571954	1518	"M-P2h"	190	8.97546291853675	3	126	0	0.991436100131752	-Inf	"SD"	NA	NA
"ECK120004434"	"symE"	"-"	4577522	4577863	342	"M-P2h"	8	1.67740876704694	0	0	0	0.798245614035088	-Inf	"SD"	NA	NA
"ECK120004435"	"yjiX"	"-"	4586899	4587102	204	"M-P2h"	163	57.2970766714453	2	97	0	1	-Inf	"SD"	NA	NA
"ECK120004444"	"yjjU"	"+"	4610434	4611507	1074	"M-P2h"	131	8.74665591029296	10	307	0	1	-Inf	"SD"	NA	NA
"ECK120004450"	"cysT"	"-"	1989938	1990011	74	"M-P2h"	210	203.499151434648	0	0	0	1	-Inf	"SD"	NA	NA
"ECK120004454"	""	"+"	732593	732814	222	"M-P2h"	10	3.23014526086742	1	67	0	0.630630630630631	-Inf	"SD"	NA	NA
"ECK120004455"	"ydbA_2"	"+"	1468714	1472037	3324	"M-P2h"	603	13.0086229088832	10	182	0	0.979542719614922	-Inf	"SD"	NA	NA
"ECK120004458"	"molR_2"	"+"	2195432	2197369	1938	"M-P2h"	44	1.62807321507497	30	129	62.015503875969	0.588235294117647	-0.0250936744979707	"SD"	NA	NA
"ECK120004459"	"molR_3"	"+"	2197344	2198291	948	"M-P2h"	2	0	0	0	0	0.19831223628692	NA	"NO"	NA	NA
"ECK120004461"	"ilvG_1"	"+"	3948583	3949566	984	"M-P2h"	1219	88.8349034761605	0	0	0	1	-Inf	"SD"	NA	NA
"ECK120004465"	"dgoD"	"-"	3869873	3871021	1149	"M-P2h"	60	3.74460703870792	4	110	0	0.996518711923412	-Inf	"SD"	NA	NA
"ECK120004466"	"rpe"	"-"	3512404	3513081	678	"M-P2h"	749	79.2185978888662	5	166	0	1	-Inf	"SD"	13	52
"ECK120004467"	"thiM"	"-"	2182535	2183323	789	"M-P2h"	28	2.54481406103319	0	0	0	0.903675538656527	-Inf	"SD"	NA	NA
"ECK120004470"	"mhpB"	"+"	369501	370445	945	"M-P2h"	37	2.80766276960476	1	65	0	0.414814814814815	-Inf	"SD"	NA	NA
"ECK120004471"	"mhpC"	"+"	370463	371329	867	"M-P2h"	74	6.12051053581661	10	128	46.875	0.878892733564014	-2.35061759296172	"SD"	NA	NA
"ECK120004472"	"mhpD"	"+"	371339	372148	810	"M-P2h"	59	5.22326452183228	0	0	0	0.983950617283951	-Inf	"SD"	NA	NA
"ECK120004473"	"mhpF"	"+"	372145	373095	951	"M-P2h"	38	2.86535283077577	0	0	0	0.80651945320715	-Inf	"SD"	NA	NA
"ECK120004474"	"hcaF"	"+"	2668412	2668930	519	"M-P2h"	407	56.2344017149162	5	100	0	1	-Inf	"SD"	NA	NA
"ECK120004475"	"ruvA"	"-"	1943389	1944000	612	"M-P2h"	261	30.5818752786242	3	177	0	1	-Inf	"SD"	NA	NA
"ECK120015144"	"sgcB"	"-"	4528278	4528556	279	"M-P2h"	11	2.82724542187751	30	344	81.3953488372093	0.896057347670251	0.986029703973736	"AD"	NA	NA
"ECK120015304"	"ymgF"	"+"	1218206	1218424	219	"M-P2h"	9	2.9469544434763	1	100	0	0.949771689497717	-Inf	"SD"	NA	NA
"ECK120016284"	"ykfH"	"-"	263250	263471	222	"M-P2h"	0	0	0	0	0	0	NA	"NO"	NA	NA
"ECK120016285"	"ykgN"	"-"	279248	279586	339	"M-P2h"	72	15.2302778317713	28	450	62.2222222222222	0.849557522123894	-1.44344352752412	"SD"	NA	NA
"ECK120016287"	"ylcG"	"+"	572953	573093	141	"M-P2h"	2	1.01715212469868	0	0	0	0.858156028368794	-Inf	"SD"	NA	NA
"ECK120016289"	"ybdZ"	"+"	613165	613383	219	"M-P2h"	2	0.654878765216957	0	0	0	0.474885844748858	-Inf	"SD"	NA	NA
"ECK120016292"	"ybfQ"	"+"	735668	735922	255	"M-P2h"	0	0	0	0	0	0	NA	"NO"	NA	NA
"ECK120016293"	"cydX"	"+"	773419	773532	114	"M-P2h"	477	300.046493205522	0	0	0	1	-Inf	"SD"	NA	NA
"ECK120016296"	"ymgH"	"+"	1222688	1222909	222	"M-P2h"	2	0.646029052173484	5	118	0	0.252252252252252	-Inf	"SD"	NA	NA
"ECK120016297"	"ymjB"	"+"	1379813	1379926	114	"M-P2h"	0	0	0	0	0	0	NA	"NO"	NA	NA
"ECK120016301"	"rzoR"	"+"	1421424	1421609	186	"M-P2h"	2	0.77106693323932	39	230	169.565217391304	0.301075268817204	3.33854611869452	"AD"	NA	NA
"ECK120016310"	"yehK"	"+"	2201994	2202311	318	"M-P2h"	10	2.25500706890745	1	81	0	0.462264150943396	-Inf	"SD"	NA	NA
"ECK120016312"	"arnE"	"+"	2370579	2370914	336	"M-P2h"	494	105.429634068098	1	100	0	1	-Inf	"SD"	NA	NA
"ECK120016313"	"ypdJ"	"+"	2474116	2474256	141	"M-P2h"	10	5.08576062349339	0	0	0	1	-Inf	"SD"	NA	NA
"ECK120016316"	"ypjJ"	"+"	2774899	2775099	201	"M-P2h"	1	0	2	103	0	0.109452736318408	NA	"NO"	NA	NA
"ECK120016318"	"yheV"	"-"	3476614	3476814	201	"M-P2h"	1160	413.844282377402	0	0	0	1	-Inf	"SD"	NA	NA
"ECK120016322"	"yidD"	"+"	3882839	3883096	258	"M-P2h"	53	14.7309647827	0	0	0	0.98062015503876	-Inf	"SD"	NA	NA
"ECK120016323"	"yifL"	"+"	3992545	3992748	204	"M-P2h"	276	97.0183629528768	8	132	60.6060606060606	1	-5.92211402608243	"SD"	NA	NA
"ECK120016327"	"ytjA"	"+"	4610133	4610312	180	"M-P2h"	42	16.7321524512932	1	80	0	1	-Inf	"SD"	NA	NA
"ECK120016545"	"efeU_2"	"+"	1080677	1081408	732	"M-P2h"	12	1.17556106215175	0	0	0	0.561475409836066	-Inf	"SD"	NA	NA
"ECK120016922"	"ymiA"	"+"	1333184	1333312	129	"M-P2h"	214	118.959489188596	2	132	0	1	-Inf	"SD"	NA	NA
"ECK120016923"	"yciX"	"+"	1333315	1333482	168	"M-P2h"	265	113.112765295732	0	0	0	1	-Inf	"SD"	NA	NA
"ECK120016925"	"yjhW"	"+"	4507574	4507816	243	"M-P2h"	25	7.37749226247497	1	94	0	1	-Inf	"SD"	NA	NA
"ECK120023909"	"insEF-3"	"+"	566056	567227	1172	"M-P2h"	9	0	0	0	0	0.0341296928327645	NA	"NO"	NA	NA
"ECK120023913"	"insAB-2"	"-"	278402	279099	698	"M-P2h"	2	0	0	0	0	0.0429799426934097	NA	"NO"	NA	NA
"ECK120023915"	"insAB-5"	"-"	1976542	1977239	698	"M-P2h"	0	0	9	250	36	0	Inf	"AD"	NA	NA
"ECK120023916"	"insAB-6"	"+"	3581506	3582203	698	"M-P2h"	0	0	0	0	0	0	NA	"NO"	NA	NA
"ECK120023920"	"insCD-4"	"-"	2994394	2995667	1274	"M-P2h"	2	0	0	0	0	0.0235478806907378	NA	"NO"	NA	NA
"ECK120023921"	"insCD-5"	"+"	3184164	3185437	1274	"M-P2h"	1	0	0	0	0	0.0086342229199372	NA	"NO"	NA	NA
"ECK120026444"	"yahH"	"+"	339017	339313	297	"M-P2h"	0	0	0	0	0	0	NA	"NO"	NA	NA
"ECK120026445"	"ylbE_1"	"+"	547581	547841	261	"M-P2h"	8	2.19798390164772	0	0	0	0.969348659003831	-Inf	"SD"	NA	NA
"ECK120026451"	"wbbL_2"	"-"	2099420	2099701	282	"M-P2h"	110	27.9716834292136	3	205	0	1	-Inf	"SD"	NA	NA
"ECK120026454"	"yrhC"	"+"	3621910	3622155	246	"M-P2h"	0	0	0	0	0	0	NA	"NO"	NA	NA
"ECK120026458"	"insB-7_1"	"+"	4516744	4517037	294	"M-P2h"	9	2.19518035075276	0	0	0	0.646258503401361	-Inf	"SD"	NA	NA
"ECK120029856"	"uof"	"-"	709862	709948	87	"M-P2h"	334	275.297483681376	0	0	0	1	-Inf	"SD"	NA	NA
"ECK120030068"	"ylcH"	"+"	571591	571692	102	"M-P2h"	3	2.10909484680167	4	113	0	0.656862745098039	-Inf	"SD"	NA	NA
"ECK120030072"	"appX"	"+"	1039668	1039760	93	"M-P2h"	63	48.5772167940771	0	0	0	1	-Inf	"SD"	NA	NA
"ECK120030075"	"yciZ"	"-"	1342460	1342633	174	"M-P2h"	454	187.103379627762	88	796	110.552763819095	1	-3.41018828408065	"SD"	NA	NA
"ECK120030077"	"ydgU"	"+"	1669801	1669884	84	"M-P2h"	0	0	6	123	48.780487804878	0	Inf	"AD"	NA	NA
"ECK120030086"	"yrhD"	"+"	3582427	3582582	156	"M-P2h"	5	2.29837258946336	2	165	0	0.91025641025641	-Inf	"SD"	NA	NA
"ECK120030091"	"ytcA"	"-"	4302151	4302426	276	"M-P2h"	0	0	1	94	0	0	NA	"NO"	NA	NA
"ECK120033231"	"ykfL"	"-"	265777	265998	222	"M-P2h"	3	0.969043578260226	5	108	0	0.518018018018018	-Inf	"SD"	NA	NA
"ECK120033232"	"ykfK"	"-"	266000	266191	192	"M-P2h"	0	0	5	108	0	0	NA	"NO"	NA	NA
"ECK120035075"	"ibsA"	"-"	2151373	2151432	60	"M-P2h"	1	1.19515374652095	18	337	53.4124629080119	0.5	1.59080068577507	"AD"	NA	NA
"ECK120048853"	"ilvX"	"+"	3948530	3948580	51	"M-P2h"	611	859.10463426388	0	0	0	1	-Inf	"SD"	NA	NA
"ECK120048855"	"yoeI"	"-"	2085076	2085138	63	"M-P2h"	4	4.55296665341313	0	0	0	1	-Inf	"SD"	NA	NA
"ECK120048857"	"ymjD"	"-"	1388892	1388957	66	"M-P2h"	17	18.4705579007783	6	347	17.2910662824208	1	-3.94412113244649	"SD"	NA	NA
"ECK120048863"	"yrbN"	"-"	3305875	3305955	81	"M-P2h"	746	660.43310733676	0	0	0	1	-Inf	"SD"	NA	NA
"ECK120048868"	"yqfG"	"+"	3030839	3030964	126	"M-P2h"	3	1.70736249502992	1	35	0	0.579365079365079	-Inf	"SD"	NA	NA
"ECK125121987"	"rpsP5"	"-"	2744205	2744454	250	"M-P2h"	424	121.618845245971	0	0	0	1	-Inf	"SD"	NA	NA
"ECK125121997"	"fimA3"	"+"	4541230	4541277	48	"M-P2h"	614	917.280500454826	0	0	0	1	-Inf	"SD"	NA	NA
"ECK125121999"	"spy3"	"-"	1823084	1823131	48	"M-P2h"	9	13.4454796483606	0	0	0	1	-Inf	"SD"	NA	NA
"ECK125122001"	"rpsI3"	"-"	3375389	3375473	85	"M-P2h"	368	310.458761449206	0	0	0	1	-Inf	"SD"	NA	NA
"ECK125122003"	"glnA3"	"-"	4054007	4054201	195	"M-P2h"	29	10.66444881511	7	355	19.7183098591549	1	-2.92931067059612	"SD"	NA	NA
"ECK125122010"	"ryeF"	"-"	1956157	1956543	387	"M-P2h"	46	8.52357710697109	0	0	0	0.354005167958656	-Inf	"SD"	NA	NA
"ECK125135293"	""	"+"	1298697	1298951	255	"M-P2h"	1436	403.82136000096	2	189	0	0.968627450980392	-Inf	"SD"	NA	NA
"ECK125135299"	""	"-"	2276280	2276520	241	"M-P2h"	215	63.9729598760174	0	0	0	0.950207468879668	-Inf	"SD"	NA	NA
"ECK125135311"	""	"-"	4439248	4439353	106	"M-P2h"	27	18.2655572581503	118	1317	89.5975702353834	1	0.369661090485815	"AD"	NA	NA
"ECK125145757"	"esrE"	"+"	4018001	4018252	252	"M-P2h"	77	21.9111520195507	0	0	0	1	-Inf	"SD"	NA	NA
"ECK125146691"	"nc1"	"-"	296361	296528	168	"M-P2h"	1	0	10	209	47.8468899521531	0.130952380952381	Inf	"AD"	NA	NA
"ECK125158035"	"agrB"	"+"	3646317	3646400	84	"M-P2h"	18	15.3662624552693	0	0	0	1	-Inf	"SD"	NA	NA
