bnum,gene_name_keio,COG_id,keio_call,PEC,MG_Tn5,y_essential_in_silico_iML1515,b_wt,b_ko,delta_b,kV,log10_kV
b0870,ltaE,COG2008,N,,,0,0.9259332133632957,0.9259332133632575,3.8191672047105385e-14,0.0,0.0
b2551,glyA,COG0112,N,,,0,0.9259332133632957,0.9259332133632597,3.597122599785507e-14,659.929672388436,2.8194976559645615
b3368,cysG,COG0007,N,,,1,0.9259332133632957,-3.668529914506607e-15,0.9259332133632994,3955.031594655419,3.5971499571964514
b2436,hemF,COG0408,N,,,0,0.9259332133632957,0.9259332133632364,5.928590951498336e-14,29.155301310526916,1.4647175340720346
b3500,gor,COG1249,N,,,0,0.9259332133632957,0.9259332133632859,9.769962616701378e-15,29.155301310485832,1.4647175340714227
b0945,pyrD,COG0167,N,,,0,0.9259332133632957,0.9259332133632859,9.769962616701378e-15,29.155301310485832,1.4647175340714227
b2979,glcD,COG0277,N,,,0,0.9259332133632957,0.9259332133632859,9.769962616701378e-15,29.155301310485832,1.4647175340714227
b3916,pfkA,COG0205,N,,,0,0.9259332133632957,0.9259332133633028,-7.105427357601002e-15,1254.1175156763748,3.098338233479193
b1260,trpA,COG0159,N,,,1,0.9259332133632957,-1.4269617035349306e-16,0.9259332133632958,6067.235836734629,3.7829908765332756
b1261,trpB,COG0133,N,,,1,0.9259332133632957,0.0,0.9259332133632957,6067.235836734539,3.7829908765332694
b3426,glpD,COG0578,N,,,0,0.9259332133632957,0.9259332133632303,6.539213615042172e-14,1272.7224529751163,3.104733705866226
b2243,glpC,COG0247,N,,,0,0.9259332133632957,0.9259332133632524,4.3298697960381105e-14,1272.7224529751356,3.1047337058662325
b2242,glpB,COG3075,N,,,0,0.9259332133632957,0.9259332133632524,4.3298697960381105e-14,1272.7224529751356,3.1047337058662325
b2241,glpA,COG0578,N,,,0,0.9259332133632957,0.9259332133632524,4.3298697960381105e-14,1272.7224529751356,3.1047337058662325
b4054,tyrB,COG1448,N,,,1,0.9259332133632957,2.210868370054814e-15,0.9259332133632935,4293.39742767491,3.6328010917539193
b3281,aroE,COG0169,N,,,1,0.9259332133632957,2.1626143363220526e-14,0.925933213363274,4293.397427674869,3.6328010917539153
b1692,ydiB,COG0169,N,,,1,0.9259332133632957,0.0,0.9259332133632957,4293.397427674946,3.632801091753923
b0243,proA,COG0014,N,,,1,0.9259332133632957,1.1336740221183747e-29,0.9259332133632957,4293.397427674954,3.6328010917539237
b0414,ribD,COG0117,E,N,u,1,0.9259332133632957,4.058783943723746e-15,0.9259332133632916,5744.156584658629,3.7592262701838086
b3041,ribB,COG0108,E,E,u,1,0.9259332133632957,0.0,0.9259332133632957,5744.156584658673,3.7592262701838117
b0025,ribF,COG0196,E,,,1,0.9259332133632957,0.0,0.9259332133632957,5744.156584658638,3.759226270183809
b0446,cof,COG0561,N,,,0,0.9259332133632957,0.9259332133632351,6.061817714453355e-14,1258.424895293219,3.0998273013042996
b3812,yigB,COG1011,N,,,1,0.9259332133632957,-9.936883456088956e-16,0.9259332133632967,5744.156584658769,3.759226270183819
b1662,ribC,COG0307,E,N,u,1,0.9259332133632957,0.0,0.9259332133632957,5744.156584658638,3.759226270183809
b0421,ispA,COG0142,E,E,u,1,0.9259332133632957,0.0,0.9259332133632957,5744.156584658688,3.759226270183813
b3804,hemD,COG1587,E,u,u,1,0.9259332133632957,0.0,0.9259332133632957,5744.156584658676,3.759226270183812
b3997,hemE,COG0407,N,,,1,0.9259332133632957,0.0,0.9259332133632957,5744.156584658644,3.7592262701838095
b4382,deoA,COG0213,N,,,0,0.9259332133632957,0.9259332133632766,1.9095836023552692e-14,1258.4248952934574,3.0998273013043818
b0126,can,COG0288,E,E,u,1,0.9259332133632957,3.166118520542972e-13,0.9259332133629791,6050.559922092018,3.7817955663587366
b0339,cynT,COG0288,N,,,1,0.9259332133632957,-1.2187003625989282e-13,0.9259332133634176,6050.559922096071,3.7817955663590275
b4006,purH,COG0138,N,,,1,0.9259332133632957,-1.2187003625989282e-13,0.9259332133634176,6050.559922096071,3.7817955663590275
b2508,guaB,COG0516,N,,,0,0.9259332133632957,0.92593321336326,3.574918139293004e-14,1244.7800505667528,3.0950926194928163
b3846,fadB,COG1024,N,,,0,0.9259332133632957,0.9259332133632627,3.297362383136715e-14,1311.9126323287142,3.1179049138803903
b2341,yfcX,COG1024,N,,,0,0.9259332133632957,0.9259332133633822,-8.64863736182997e-14,1311.9126323298633,3.117904913880771
b2400,gltX,COG0008,E,E,u,1,0.9259332133632957,-1.6917252572964106e-15,0.9259332133632974,5474.888518254738,3.7383752803341235
b3993,thiE,COG0352,N,,,1,0.9259332133632957,0.0,0.9259332133632957,5474.888518254691,3.7383752803341195
b2066,udk,COG0572,N,,,0,0.9259332133632957,0.9259332133633035,-7.771561172376096e-15,1311.9126323291366,3.11790491388053
b0238,gpt,COG0503,N,,,0,0.9259332133632957,0.9259332133633048,-9.103828801926284e-15,1254.9432919018711,3.098624101458068
b2518,ndk,COG0105,N,,,0,0.9259332133632957,0.9259332133633222,-2.653433028854124e-14,1533.9678604549108,3.1858162604126323
b0474,adk,COG0563,E,E,u,0,0.9259332133632957,0.9259332133632863,9.43689570931383e-15,1531.2084749794858,3.185034324185798
b1062,pyrC,COG0418,N,,,1,0.9259332133632957,-1.4931157166137148e-15,0.9259332133632971,5740.843109119518,3.758975678242868
b1281,pyrF,COG0284,N,,,1,0.9259332133632957,0.0,0.9259332133632957,5740.8431091196,3.758975678242874
b0720,gltA,COG0372,N,,,1,0.9259332133632957,-2.9854113983557763e-15,0.9259332133632987,5740.843109119622,3.7589756782428756
b1136,icd,COG0538,N,,,1,0.9259332133632957,7.668193846052201e-16,0.9259332133632949,5740.843109119582,3.7589756782428725
b0351,mhpF,COG0119,N,,,0,0.9259332133632957,0.9259332133632447,5.0959236830294685e-14,1469.0550019329894,3.1670380562319287
b1241,adhE,COG1012,N,,,0,0.9259332133632957,0.9259332133632996,-3.885780586188048e-15,1468.6376896593122,3.166914669317139
b4069,acs,COG0365,N,,,0,0.9259332133632957,0.9259332133632717,2.398081733190338e-14,1481.641204752667,3.1707430473264373
b4226,ppa,COG0221,E,E,u,1,0.9259332133632957,-4.423294303134895e-15,0.9259332133633001,8144.408409214899,3.910859543654413
b2502,ppx,COG0248,N,,,1,0.9259332133632957,1.024778872854738e-14,0.9259332133632855,8144.408409214793,3.910859543654407
b2744,surE,COG0496,N,,,1,0.9259332133632957,1.2031236602985413e-14,0.9259332133632837,8980.298474165276,3.9532907713587067
b3403,pck,COG1866,N,,,0,0.9259332133632957,0.925933213363284,1.1657341758564144e-14,1674.2053234813807,3.2238087185239177
b1479,sfcA,COG0281,N,,,0,0.9259332133632957,0.9259332133632648,3.086420008457935e-14,1674.20532348138,3.2238087185239177
b1190,dadX,COG0787,N,,,1,0.9259332133632957,-1.368591339226362e-16,0.9259332133632958,6204.1756075146,3.7926840819035315
b4053,alr,COG0787,N,,,1,0.9259332133632957,0.0,0.9259332133632957,6204.175607514634,3.792684081903534
b2379,yfdZ,COG0436,N,,,0,0.9259332133632957,0.925933213363289,6.661338147750939e-15,3071.88266031572,3.4874046225083473
b2290,yfbQ,COG0436,N,,,0,0.9259332133632957,0.9259332133632957,0.0,3071.882660315822,3.4874046225083615
b3564,xylB,COG1070,N,,,0,0.9259332133632957,0.9259332133632957,0.0,3071.882660315822,3.4874046225083615
b0063,araB,COG1069,u,,,0,0.9259332133632957,0.9259332133632957,0.0,3071.882660315822,3.4874046225083615
b3752,rbsK,COG0524,N,,,0,0.9259332133632957,0.9259332133632957,0.0,3071.882660315822,3.4874046225083615
b3926,glpK,COG0554,N,,,0,0.9259332133632957,0.9259332133632957,0.0,3071.882660315822,3.4874046225083615
b4383,deoB,COG1015,N,,,0,0.9259332133632957,0.9259332133632957,0.0,3033.241167893436,3.4819069417058017
b0928,aspC,COG1448,N,,,1,0.9259332133632957,-7.984193065359245e-15,0.9259332133633037,6498.155717105577,3.812790114252639
b3925,glpX,COG1494,N,,,0,0.9259332133632957,0.9259332133632093,8.637535131583718e-14,3118.8801912976005,3.4939986920839448
b2930,yggF,COG1494,N,,,0,0.9259332133632957,0.9259332133632631,3.26405569239796e-14,3118.8801912977046,3.4939986920839594
b4232,fbp,COG0158,N,,,0,0.9259332133632957,0.9259332133632631,3.26405569239796e-14,3118.8801912977046,3.4939986920839594
b3697,yidA,COG0561,N,,,0,0.9259332133632957,0.9259332133632631,3.26405569239796e-14,3118.8801912977046,3.4939986920839594
b3430,glgC,COG0448,N,,,0,0.9259332133632957,0.9259332133632631,3.26405569239796e-14,3118.8801912977046,3.4939986920839594
b1676,pykF,COG0469,N,,,0,0.9259332133632957,0.9259332133632631,3.26405569239796e-14,3118.8801912977046,3.4939986920839594
b1854,pykA,COG0469,N,,,0,0.9259332133632957,0.9259332133632631,3.26405569239796e-14,3075.5034810226853,3.487916222918241
b3197,kdsD,COG0794,N,,,1,0.9259332133632957,1.7112974987765007e-16,0.9259332133632955,4851.354274076701,3.6858629904905467
b2708,gutQ,COG0794,N,,,1,0.9259332133632957,0.0,0.9259332133632957,4851.354274076706,3.685862990490547
b0072,leuC,COG0065,N,,,1,0.9259332133632957,0.0,0.9259332133632957,4851.354274076706,3.685862990490547
b0071,leuD,COG0066,N,,,1,0.9259332133632957,0.0,0.9259332133632957,4851.354274076701,3.6858629904905467
b3671,ilvB,COG0028,N,,,1,0.9259332133632957,0.0,0.9259332133632957,4851.354274076701,3.6858629904905467
b3670,ilvN,COG0440,N,,,1,0.9259332133632957,0.0,0.9259332133632957,4851.354274076705,3.6858629904905467
b0078,ilvH,COG0440,N,,,1,0.9259332133632957,0.0,0.9259332133632957,4851.354274076705,3.6858629904905467
b0908,aroA,COG0128,N,,,1,0.9259332133632957,0.0,0.9259332133632957,4851.354274076705,3.6858629904905467
b1264,trpE,COG0147,N,,,1,0.9259332133632957,0.0,0.9259332133632957,4851.354274076711,3.6858629904905476
b1263,trpD,COG0512,N,,,1,0.9259332133632957,0.0,0.9259332133632957,4851.354274076703,3.6858629904905467
b2599,pheA,COG0077,N,,,1,0.9259332133632957,0.0,0.9259332133632957,4851.354274076703,3.6858629904905467
b2600,tyrA,COG0287,N,,,1,0.9259332133632957,0.0,0.9259332133632957,4851.354274076706,3.685862990490547
b2329,aroC,COG0082,N,,,1,0.9259332133632957,0.0,0.9259332133632957,4851.354274076706,3.685862990490547
b1262,trpC,COG0134,N,,,1,0.9259332133632957,0.0,0.9259332133632957,4851.354274076697,3.685862990490546
b2779,eno,COG0148,E,E,u,0,0.9259332133632957,0.8042306786411496,0.1217025347221461,50246.96282549949,4.70110981598328
b2925,fbaA,COG0191,E,E,u,0,0.9259332133632957,0.9259332133632749,2.0761170560490427e-14,44557.729980499804,4.648923057343975
b0963,mgsA,COG1803,N,,,0,0.9259332133632957,0.9259332133632753,2.042810365310288e-14,36266.68690238289,4.559507882965773
b1702,pps,COG0574,N,,,0,0.9259332133632957,0.9259332133632339,6.183942247162122e-14,36266.68690238258,4.55950788296577
b4025,pgi,COG0166,N,,,0,0.9259332133632957,0.9259332133632779,1.7763568394002505e-14,30397.722196435385,4.482841041681731
b2926,pgk,COG0126,E,N,N,0,0.9259332133632957,0.6099109000583411,0.31602231330495456,21245.496202742368,4.327266878781445
b1850,eda,COG0800,N,,,0,0.9259332133632957,0.9259332133632431,5.262457136723242e-14,8399.46128618072,3.9242514327355003
b0767,ybhE,COG2706,N,,,0,0.9259332133632957,0.92593321336325,4.574118861455645e-14,7917.875823185882,3.898608686387133
b3386,rpe,COG0036,N,,,0,0.9259332133632957,0.9259332133632213,7.438494264988549e-14,7917.875823185547,3.898608686387115
b2464,talA,COG0176,N,,,0,0.9259332133632957,0.9259332133632131,8.260059303211165e-14,7515.361057344833,3.875949850052107
b0008,talB,COG0176,N,,,0,0.9259332133632957,0.9259332133632558,3.985700658404312e-14,7515.361057344829,3.875949850052107
b2465,tktB,COG0021,N,,,1,0.9259332133632957,1.860785700941666e-14,0.925933213363277,13782.131054671056,4.1393163753167235
b0678,nagB,COG0363,N,,,0,0.9259332133632957,0.9259332133632412,5.4511950509095186e-14,7515.38636089199,3.8759513122802445
b3011,yqhD,COG1979,N,,,0,0.9259332133632957,0.9259332133632842,1.1546319456101628e-14,7520.159658889162,3.876227061102079
b3003,yghA,COG1028,N,,,0,0.9259332133632957,0.9259332133632842,1.1546319456101628e-14,7520.159658889162,3.876227061102079
b0493,ybbO,COG1028,N,,,0,0.9259332133632957,0.9259332133632842,1.1546319456101628e-14,7520.159658889162,3.876227061102079
b2411,ligA,COG0272,E,E,u,0,0.9259332133632957,0.9259332133632842,1.1546319456101628e-14,7520.159658889162,3.876227061102079
b0639,nadD,COG1057,E,u,u,1,0.9259332133632957,-5.4401131002643966e-12,0.9259332133687358,13782.131054741636,4.1393163753189475
b4390,nadR,COG1056,N,,,0,0.9259332133632957,0.9259332133632477,4.796163466380676e-14,7519.162862350208,3.876169491589028
b2103,thiD,COG0351,N,,,1,0.9259332133632957,0.0,0.9259332133632957,13782.131054671308,4.1393163753167315
b2418,pdxK,COG2240,N,,,0,0.9259332133632957,0.9259332133632592,3.652633751016765e-14,7519.162862350223,3.876169491589029
b3831,udp,COG2820,N,,,0,0.9259332133632957,0.9259332133632773,1.84297022087776e-14,7519.989654966238,3.8762172431456094
b4384,deoD,COG0813,N,,,0,0.9259332133632957,0.925933213363284,1.1657341758564144e-14,7519.995483665446,3.8762175797645457
b3008,metC,COG0626,N,,,1,0.9259332133632957,1.9307222334103236e-16,0.9259332133632955,12696.902274525553,4.10369777692608
b1134,ymfB,COG0494,N,,,0,0.9259332133632957,0.9259332133633044,-8.659739592076221e-15,7521.1066529879145,3.8762817472306934
b3642,pyrE,COG0461,N,,,1,0.9259332133632957,-6.162613536163589e-17,0.9259332133632958,13782.131054671332,4.139316375316732
b0415,ribE,COG0054,E,N,u,1,0.9259332133632957,0.0,0.9259332133632957,13782.131054671232,4.139316375316729
b2293,yfbT,COG0637,N,,,0,0.9259332133632957,0.9259332133632693,2.6423307986078726e-14,7521.10072472882,3.876281404912555
b3951,pflD,COG1882,N,,,0,0.9259332133632957,0.925933213363256,3.9745984281580604e-14,7508.545727839121,3.8755558300089805
b0902,pflA,COG1180,N,,,0,0.9259332133632957,0.925933213363256,3.9745984281580604e-14,7508.545727839121,3.8755558300089805
b0903,pflB,COG1882,N,,,0,0.9259332133632957,0.925933213363256,3.9745984281580604e-14,7508.545727839121,3.8755558300089805
b2579,yfiD,COG3445,N,,,0,0.9259332133632957,0.925933213363256,3.9745984281580604e-14,7508.545727839121,3.8755558300089805
b4154,frdA,COG1053,N,,,0,0.9259332133632957,0.925933213363256,3.9745984281580604e-14,7508.545727839121,3.8755558300089805
b4151,frdD,COG3080,N,,,0,0.9259332133632957,0.925933213363256,3.9745984281580604e-14,7508.545727839121,3.8755558300089805
b4153,frdB,COG0479,N,,,0,0.9259332133632957,0.925933213363256,3.9745984281580604e-14,7508.545727839121,3.8755558300089805
b4152,frdC,COG3029,N,,,0,0.9259332133632957,0.925933213363256,3.9745984281580604e-14,7508.545727839121,3.8755558300089805
b0871,poxB,COG0028,N,,,0,0.9259332133632957,0.925933213363256,3.9745984281580604e-14,7508.545727839121,3.8755558300089805
b2458,eutI,COG0280,N,,,0,0.9259332133632957,0.9259332133632613,3.441691376337985e-14,7696.063288953757,3.8862686304864047
b2297,pta,COG0280,N,,,0,0.9259332133632957,0.9259332133632402,5.551115123125783e-14,7696.063288953475,3.886268630486389
b3115,tdcD,COG0282,N,,,0,0.9259332133632957,0.9259332133632402,5.551115123125783e-14,7696.063288953475,3.886268630486389
b2296,ackA,COG0282,N,,,0,0.9259332133632957,0.9259332133632402,5.551115123125783e-14,7696.063288953475,3.886268630486389
b1849,purT,COG0027,N,,,0,0.9259332133632957,0.9259332133632399,5.5844218138645374e-14,7695.781052267768,3.8862527033716794
b3633,kdtA,COG1519,E,E,u,1,0.9259332133632957,-1.4680400859420777e-16,0.9259332133632958,11215.771854119022,4.0498291665012465
b0174,ispU,COG0020,E,E,u,1,0.9259332133632957,0.0,0.9259332133632957,11215.77185411909,4.049829166501249
b0524,lpxH,COG2908,E,E,u,1,0.9259332133632957,0.0,0.9259332133632957,11215.771854119015,4.0498291665012465
b0182,lpxB,COG0763,E,E,u,1,0.9259332133632957,0.0,0.9259332133632957,11215.771854119068,4.049829166501248
b0915,lpxK,COG1663,E,u,u,1,0.9259332133632957,0.0,0.9259332133632957,11215.771854119084,4.049829166501249
b0099,mutT,COG0494,N,,,1,0.9259332133632957,-1.1700505196599012e-12,0.9259332133644658,11215.771854129871,4.049829166501667
b2781,mazG,COG1694,N,,,0,0.9259332133632957,0.9259332133632577,3.7969627442180354e-14,7696.228552344306,3.8862779563203116
b0160,dgt,COG0232,N,,,0,0.9259332133632957,0.9259332133632513,4.440892098500626e-14,7696.228552344187,3.886277956320305
b1800,yeaU,COG0473,N,,,1,0.9259332133632957,4.873486925309949e-16,0.9259332133632953,10189.137636608953,4.008137428804217
b0523,purE,COG0041,N,,,1,0.9259332133632957,1.462311526451747e-13,0.9259332133631495,9845.993665542905,3.993259552031837
b1131,purB,COG0015,E,N,u,1,0.9259332133632957,-1.78472642808294e-15,0.9259332133632975,9845.993665543669,3.9932595520318706
b2407,xapA,COG0005,N,,,0,0.9259332133632957,0.9259332133633096,-1.3877787807814457e-14,7683.1579703484,3.8855397626356156
b2234,nrdA,COG0209,E,E,u,0,0.9259332133632957,0.9259332133632513,4.440892098500626e-14,7683.157970348717,3.8855397626356334
b2235,nrdB,COG0208,E,E,u,0,0.9259332133632957,0.9259332133632513,4.440892098500626e-14,7683.157970348717,3.8855397626356334
b3781,trxA,COG0526,N,,,0,0.9259332133632957,0.9259332133632513,4.440892098500626e-14,7683.420523093975,3.8855546033119146
b2582,trxC,COG0526,N,,,0,0.9259332133632957,0.9259332133632651,3.064215547965432e-14,7683.4205230942625,3.885554603311931
b2827,thyA,COG0207,N,,,1,0.9259332133632957,-4.438899113764189e-16,0.9259332133632961,10882.746788361148,4.0367385244495315
b1238,tdk,COG1435,N,,,0,0.9259332133632957,0.9259332133632361,5.96189764223709e-14,7683.157970348251,3.885539762635607
b1232,purU,COG0788,N,,,0,0.9259332133632957,0.9259332133632923,3.4416913763379853e-15,6305.133302332449,3.799694272805282
b1851,edd,COG0129,N,,,0,0.9259332133632957,0.9259332133632793,1.6431300764452317e-14,6305.13330233234,3.7996942728052745
b1693,aroD,COG0710,N,,,1,0.9259332133632957,2.6120530617737614e-15,0.925933213363293,9868.908514746243,3.99426912306122
b4146,yjeK,COG1509,N,,,0,0.9259332133632957,0.925933213363352,-5.6288307348495437e-14,7681.548963406254,3.8854488031605166
b1109,ndh,COG1252,N,,,0,0.9259332133632957,0.9259332133632782,1.7541523789077473e-14,7681.54896340464,3.8854488031604255
b1004,wrbA,COG0655,N,,,0,0.9259332133632957,0.9259332133632782,1.7541523789077473e-14,7681.54896340464,3.8854488031604255
b0046,kefF,COG2249,N,,,0,0.9259332133632957,0.9259332133632782,1.7541523789077473e-14,7681.54896340464,3.8854488031604255
b3713,yieF,COG0431,N,,,0,0.9259332133632957,0.9259332133632782,1.7541523789077473e-14,7681.54896340464,3.8854488031604255
b3236,mdh,COG0039,N,,,0,0.9259332133632957,0.9259332133632782,1.7541523789077473e-14,7681.54896340464,3.8854488031604255
b4122,fumB,COG1838,N,,,0,0.9259332133632957,0.9259332133632778,1.787459069646502e-14,7686.36453310257,3.885720977443025
b1611,fumC,COG0114,N,,,0,0.9259332133632957,0.9259332133632624,3.3306690738754696e-14,7686.364533102198,3.885720977443004
b1612,fumA,COG1838,N,,,0,0.9259332133632957,0.9259332133632624,3.3306690738754696e-14,7686.364533102198,3.885720977443004
b1638,pdxH,COG0259,N,,,0,0.9259332133632957,0.9259332133632624,3.3306690738754696e-14,7686.364533102198,3.885720977443004
b0907,serC,COG1932,N,,,1,0.9259332133632957,-3.898789540247959e-15,0.9259332133632996,8411.293243822387,3.924862774094775
b1210,hemA,COG0373,E,N,u,1,0.9259332133632957,0.0,0.9259332133632957,8411.293243822485,3.92486277409478
b3429,glgA,COG0297,N,,,0,0.9259332133632957,0.925933213363206,8.970602038971265e-14,7681.843385800009,3.8854654487057276
b3428,glgP,COG0058,N,,,0,0.9259332133632957,0.9259332133632707,2.4980018054066022e-14,7681.8433858016015,3.885465448705818
b0428,cyoE,COG0109,N,,,0,0.9259332133632957,0.9259332133632707,2.4980018054066022e-14,7681.8433858016015,3.885465448705818
b0120,speD,COG1586,N,,,0,0.9259332133632957,0.9259332133632707,2.4980018054066022e-14,7681.8433858016015,3.885465448705818
b2937,speB,COG0010,N,,,0,0.9259332133632957,0.9259332133632707,2.4980018054066022e-14,7681.8433858016015,3.885465448705818
b4117,adiA,COG1982,N,,,0,0.9259332133632957,0.9259332133632707,2.4980018054066022e-14,7681.8433858016015,3.885465448705818
b3172,argG,COG0137,N,,,1,0.9259332133632957,7.310230387964922e-16,0.9259332133632949,9868.908514746257,3.994269123061221
b3958,argC,COG0002,N,,,1,0.9259332133632957,-4.642784111742947e-16,0.9259332133632961,10917.280044032805,4.038114450730761
b0121,speE,COG0421,N,,,0,0.9259332133632957,0.9259332133632533,4.241051954068098e-14,7681.84338580123,3.885465448705797
b0154,hemL,COG0001,E,N,u,1,0.9259332133632957,2.888612247744947e-16,0.9259332133632954,10862.722198027175,4.035938673082972
b0918,kdsB,COG1212,E,E,u,1,0.9259332133632957,0.0,0.9259332133632957,10862.722198027186,4.035938673082972
b4322,uxuA,COG1312,N,,,0,0.9259332133632957,0.9259332133632666,2.90878432451791e-14,7681.843385801358,3.885465448705804
b3091,uxaA,COG2721,N,,,0,0.9259332133632957,0.9259332133632585,3.7192471324942744e-14,7681.843385801314,3.8854654487058014
b3092,uxaC,COG1904,N,,,0,0.9259332133632957,0.9259332133632585,3.7192471324942744e-14,7681.843385801314,3.8854654487058014
b3176,glmM,COG1109,N,,,1,0.9259332133632957,3.309187670800203e-16,0.9259332133632954,10829.33715950571,4.034601875205305
b3730,glmU,COG1207,E,E,u,1,0.9259332133632957,0.0,0.9259332133632957,10829.337159505712,4.034601875205305
b3189,murA,COG0766,E,E,u,1,0.9259332133632957,0.0,0.9259332133632957,10829.337159505712,4.034601875205305
b3967,murI,COG0796,E,E,u,1,0.9259332133632957,0.0,0.9259332133632957,10829.3371595057,4.034601875205305
b2323,fabB,COG0304,E,E,u,1,0.9259332133632957,4.873486925309949e-16,0.9259332133632953,9868.908514746228,3.9942691230612195
b2232,ubiG,COG2227,N,,,0,0.9259332133632957,0.9259332133632431,5.262457136723242e-14,7659.187343469164,3.884182692482499
b0593,entC,COG1169,N,,,0,0.9259332133632957,0.9259332133633,-4.3298697960381105e-15,7659.187343470553,3.8841826924825775
b0142,folK,COG0801,E,N,u,1,0.9259332133632957,-7.78642354321417e-13,0.9259332133640743,21577.46132480541,4.334000346858267
b3634,coaD,COG0669,E,E,u,1,0.9259332133632957,5.288448622220074e-13,0.9259332133627669,21577.46132479229,4.334000346858003
b0394,mak,COG1940,N,,,0,0.9259332133632957,0.9259332133695333,-6.237566019251517e-12,5440.432384259399,3.735633417094435
b0173,dxr,COG0743,E,E,u,1,0.9259332133632957,1.9271493611738186e-16,0.9259332133632955,10044.064032199634,4.001909472732873
b3843,ubiD,COG0043,E,u,u,1,0.9259332133632957,0.0,0.9259332133632957,10044.06403219964,4.001909472732873
b0477,gsk,COG0524,N,,,0,0.9259332133632957,0.9259332133632308,6.494804694057166e-14,5440.432384248193,3.7356334170935406
b1302,puuE,COG0160,N,,,1,0.9259332133632957,-3.2798332316931044e-22,0.9259332133632957,10044.064032199654,4.001909472732873
b2662,gabT,COG0160,N,,,1,0.9259332133632957,0.0,0.9259332133632957,10044.06403219965,4.001909472732873
b1525,yneI,COG1012,N,,,0,0.9259332133632957,0.9259332133629068,3.8891112552619234e-13,1179.4192222229112,3.071668201648767
b3117,tdcB,COG1171,N,,,1,0.9259332133632957,1.3633936000659005e-16,0.9259332133632956,8706.693993859833,3.9398532809803
b2797,sdaB,COG1760,N,,,0,0.9259332133632957,0.9259332133632368,5.895284260759581e-14,4673.072524229309,3.6696025211544616
b1814,sdaA,COG1760,N,,,0,0.9259332133632957,0.9259332133632334,6.228351168147128e-14,4673.0725242292765,3.6696025211544585
b3616,tdh,COG1063,N,,,0,0.9259332133632957,0.9259332133632334,6.228351168147128e-14,4673.0725242292765,3.6696025211544585
b3774,ilvC,COG0059,N,,,1,0.9259332133632957,0.0,0.9259332133632957,10044.064032199634,4.001909472732873
b0185,accA,COG0825,E,E,u,1,0.9259332133632957,0.0,0.9259332133632957,10044.064032199629,4.001909472732872
b3256,accC,COG0439,E,E,u,1,0.9259332133632957,0.0,0.9259332133632957,10044.064032199649,4.001909472732873
b3255,accB,COG0511,E,E,u,1,0.9259332133632957,0.0,0.9259332133632957,10044.064032199649,4.001909472732873
b2316,accD,COG0777,E,E,u,1,0.9259332133632957,0.0,0.9259332133632957,10044.064032199649,4.001909472732873
b2615,yfjB,COG0061,E,u,u,1,0.9259332133632957,3.0026979033378843e-12,0.925933213360293,10044.06403218019,4.001909472732032
b2261,menC,COG1441,N,,,0,0.9259332133632957,0.9259332133632907,4.9960036108132044e-15,1641.3519358313108,3.215201711706415
b0596,entA,COG1028,N,,,0,0.9259332133632957,0.9259332133632907,4.9960036108132044e-15,1641.3519358313108,3.215201711706415
b0595,entB,COG1535,N,,,0,0.9259332133632957,0.9259332133632907,4.9960036108132044e-15,1641.3519358313108,3.215201711706415
b4198,ulaF,COG0235,N,,,0,0.9259332133632957,0.9259332133632907,4.9960036108132044e-15,1641.3519358313108,3.215201711706415
b0061,araD,COG0235,u,,,0,0.9259332133632957,0.9259332133632907,4.9960036108132044e-15,1641.3519358313108,3.215201711706415
b3583,sgbE,COG0235,N,,,0,0.9259332133632957,0.9259332133632907,4.9960036108132044e-15,1641.3519358313108,3.215201711706415
b4374,yjjG,COG1011,N,,,0,0.9259332133632957,0.9259332133632907,4.9960036108132044e-15,1625.9982376733888,3.2111200705513228
b0675,nagD,COG0647,N,,,0,0.9259332133632957,0.9259332133632925,3.219646771412954e-15,1633.4738940396546,3.2131121980308497
b2291,yfbR,COG1896,N,,,0,0.9259332133632957,0.9259332133632705,2.5202062658991053e-14,1642.960942776403,3.2156272393094967
b2361,yfdR,COG1896,N,,,0,0.9259332133632957,0.9259332133632785,1.7208456881689926e-14,1642.9609427762473,3.2156272393094554
b1651,gloA,COG0346,N,,,0,0.9259332133632957,0.9259332133632785,1.7208456881689926e-14,1642.9609427762473,3.2156272393094554
b0766,ybhA,COG0561,N,,,0,0.9259332133632957,0.9259332133632785,1.7208456881689926e-14,1642.9609427762473,3.2156272393094554
b0758,galT,COG1085,N,,,0,0.9259332133632957,0.9259332133632785,1.7208456881689926e-14,1642.9609427762473,3.2156272393094554
b0420,dxs,COG1154,E,E,u,1,0.9259332133632957,-5.063592605987697e-16,0.9259332133632963,10077.449070721106,4.003350611998924
b1208,ispE,COG1947,E,E,u,1,0.9259332133632957,0.0,0.9259332133632957,10077.449070721113,4.003350611998924
b2746,ispF,COG0245,E,E,u,1,0.9259332133632957,0.0,0.9259332133632957,10077.449070721119,4.003350611998924
b3526,kdgK,COG0524,N,,,0,0.9259332133632957,0.92593321336328,1.5654144647214707e-14,4661.897869087474,3.6685627549465503
b3565,xylA,COG2115,N,,,0,0.9259332133632957,0.925933213363255,4.0745185003743245e-14,4661.897869087537,3.668562754946556
b2048,cpsG,COG1109,N,,,0,0.9259332133632957,0.925933213363255,4.0745185003743245e-14,4661.897869087537,3.668562754946556
b4015,aceA,COG2224,N,,,0,0.9259332133632957,0.925933213363255,4.0745185003743245e-14,4661.897869087537,3.668562754946556
b0116,lpd,COG1249,N,,,0,0.9259332133632957,0.9259332133633177,-2.19824158875781e-14,4535.255006934853,3.6566017114602904
b2903,gcvP,COG0403,N,,,0,0.9259332133632957,0.9259332133632749,2.0761170560490427e-14,4535.25500693508,3.656601711460312
b2904,gcvH,COG0509,N,,,0,0.9259332133632957,0.9259332133632749,2.0761170560490427e-14,4535.25500693508,3.656601711460312
b2905,gcvT,COG0404,N,,,0,0.9259332133632957,0.9259332133632749,2.0761170560490427e-14,4535.25500693508,3.656601711460312
b0261,mmuM,COG2040,N,,,0,0.9259332133632957,0.9259332133632749,2.0761170560490427e-14,4535.25500693508,3.656601711460312
b0344,lacZ,COG3250,u,,,0,0.9259332133632957,0.9259332133632749,2.0761170560490427e-14,4535.25500693508,3.656601711460312
b4239,treC,COG0366,N,,,0,0.9259332133632957,0.9259332133632749,2.0761170560490427e-14,4535.25500693508,3.656601711460312
b3956,ppc,COG2352,N,,,0,0.9259332133632957,0.9259332133633068,-1.1102230246251565e-14,4864.17806144717,3.687009464638139
b0822,ybiV,COG0561,N,,,0,0.9259332133632957,0.925933213363259,3.674838211509268e-14,4864.178061446353,3.687009464638066
b2540,hcaC,COG2146,N,,,0,0.9259332133632957,0.925933213363259,3.674838211509268e-14,4864.178061446353,3.687009464638066
b2542,hcaD,COG0446,N,,,0,0.9259332133632957,0.925933213363259,3.674838211509268e-14,4864.178061446353,3.687009464638066
b2538,hcaE,COG4638,N,,,0,0.9259332133632957,0.925933213363259,3.674838211509268e-14,4864.178061446353,3.687009464638066
b2541,hcaB,COG1028,N,,,0,0.9259332133632957,0.925933213363259,3.674838211509268e-14,4864.178061446353,3.687009464638066
b0617,citD,COG3052,N,,,0,0.9259332133632957,0.925933213363259,3.674838211509268e-14,4864.178061446353,3.687009464638066
b0614,citX,COG3697,N,,,0,0.9259332133632957,0.925933213363259,3.674838211509268e-14,4864.178061446353,3.687009464638066
b0615,citF,COG3051,N,,,0,0.9259332133632957,0.925933213363259,3.674838211509268e-14,4864.178061446353,3.687009464638066
b2052,fcl,COG0451,N,,,0,0.9259332133632957,0.925933213363259,3.674838211509268e-14,4864.178061446353,3.687009464638066
b1636,pdxY,COG2240,N,,,0,0.9259332133632957,0.925933213363259,3.674838211509268e-14,4864.178061446353,3.687009464638066
b1277,ribA,COG0807,E,N,u,1,0.9259332133632957,-1.055755007411455e-12,0.9259332133643514,4938.285869337625,3.693576226924861
b2751,cysN,COG2895,N,,,1,0.9259332133632957,1.1062664038997636e-14,0.9259332133632846,3782.181361595364,3.577742350117595
b2752,cysD,COG0175,N,,,1,0.9259332133632957,3.1112815792122936e-16,0.9259332133632954,3782.181361595393,3.5777423501175987
b2799,fucO,COG1454,N,,,0,0.9259332133632957,0.9259332133632582,3.752553823233029e-14,2666.5114508524407,3.4259434530222146
b3902,rhaD,COG0235,u,,,0,0.9259332133632957,0.9259332133633079,-1.2212453270876722e-14,2666.511450852462,3.425943453022218
b2705,srlD,COG1028,N,,,0,0.9259332133632957,0.9259332133633079,-1.2212453270876722e-14,2666.511450852462,3.425943453022218
b2091,gatD,COG1063,N,,,0,0.9259332133632957,0.9259332133633079,-1.2212453270876722e-14,2666.511450852462,3.425943453022218
b3137,kbaY,COG0191,N,,,0,0.9259332133632957,0.9259332133633079,-1.2212453270876722e-14,2666.511450852462,3.425943453022218
b3132,kbaZ,COG4573,N,,,0,0.9259332133632957,0.9259332133633079,-1.2212453270876722e-14,2666.511450852462,3.425943453022218
b2096,gatY,COG0191,N,,,0,0.9259332133632957,0.9259332133633079,-1.2212453270876722e-14,2666.511450852462,3.425943453022218
b2095,gatZ,COG4573,N,,,0,0.9259332133632957,0.9259332133633079,-1.2212453270876722e-14,2666.511450852462,3.425943453022218
b4323,uxuB,COG0246,N,,,0,0.9259332133632957,0.9259332133633079,-1.2212453270876722e-14,2666.511450852462,3.425943453022218
b3385,gph,COG0546,N,,,0,0.9259332133632957,0.9259332133633079,-1.2212453270876722e-14,2666.511450852462,3.425943453022218
b0507,gcl,COG3960,N,,,0,0.9259332133632957,0.9259332133633079,-1.2212453270876722e-14,2666.511450852462,3.425943453022218
b3061,ttdA,COG1951,N,,,0,0.9259332133632957,0.9259332133633079,-1.2212453270876722e-14,2666.511450852462,3.425943453022218
b3062,ttdB,COG1838,N,,,0,0.9259332133632957,0.9259332133633079,-1.2212453270876722e-14,2666.511450852462,3.425943453022218
b3126,garL,COG3836,N,,,0,0.9259332133632957,0.9259332133633079,-1.2212453270876722e-14,2666.511450852462,3.425943453022218
b1095,fabF,COG0304,N,,,1,0.9259332133632957,3.56951284368737e-15,0.9259332133632922,12154.799274117708,4.084747791244936
b1054,lpxL,COG1560,N,,,0,0.9259332133632957,0.9259332133632681,2.7644553313166398e-14,2637.1038606203547,3.421127234535967
b1855,lpxM,COG1560,N,,,0,0.9259332133632957,0.9259332133632872,8.548717289613705e-15,2637.103860620358,3.4211272345359673
b0109,nadC,COG0157,N,,,1,0.9259332133632957,9.366672109091908e-13,0.925933213362359,8531.859505727887,3.9310436953018297
b1094,acpP,COG0236,E,E,u,1,0.9259332133632957,2.042780272857486e-14,0.9259332133632753,3803.0289288844215,3.580129629015865
b2836,aas,COG0204,N,,,0,0.9259332133632957,0.9259332133631627,1.3300471835009375e-13,2144.286744490417,3.3312828608822294
b2472,dapE,COG0624,E,N,u,1,0.9259332133632957,6.414064443568985e-16,0.925933213363295,9243.79605400654,3.9658503550679276
b1589,ynfG,COG0437,N,,,0,0.9259332133632957,0.9259332133632582,3.752553823233029e-14,4050.874881625538,3.6075488294440743
b1588,ynfF,COG0243,N,,,0,0.9259332133632957,0.9259332133631757,1.2001510896197942e-13,4050.8748816258194,3.6075488294441045
b1587,ynfE,COG0243,N,,,0,0.9259332133632957,0.9259332133631757,1.2001510896197942e-13,4050.8748816258194,3.6075488294441045
b1590,ynfH,COG3302,N,,,0,0.9259332133632957,0.9259332133631757,1.2001510896197942e-13,4050.8748816258194,3.6075488294441045
b0895,dmsB,COG0437,N,,,0,0.9259332133632957,0.9259332133631757,1.2001510896197942e-13,4050.8748816258194,3.6075488294441045
b0896,dmsC,COG3302,N,,,0,0.9259332133632957,0.9259332133631757,1.2001510896197942e-13,4050.8748816258194,3.6075488294441045
b3553,tiaE,COG1052,N,,,0,0.9259332133632957,0.9259332133631757,1.2001510896197942e-13,4050.8748816258194,3.6075488294441045
b0638,cobC,COG0406,N,,,0,0.9259332133632957,0.9259332133631757,1.2001510896197942e-13,4050.8748816258194,3.6075488294441045
b0469,apt,COG0503,N,,,0,0.9259332133632957,0.9259332133631757,1.2001510896197942e-13,4050.8748816258194,3.6075488294441045
b3187,ispB,COG0142,E,N,u,1,0.9259332133632957,0.0,0.9259332133632957,9243.796054006405,3.9658503550679214
b3225,nanA,COG0329,N,,,0,0.9259332133632957,0.9259332133633361,-4.04121180963557e-14,916.7733497273895,2.962261980021917
b3942,katG,COG0376,N,,,0,0.9259332133632957,0.9259332133633104,-1.4654943925052066e-14,961.0321015263185,2.9827378947267063
b0586,entF,COG1020,N,,,0,0.9259332133632957,0.9259332133633104,-1.4654943925052066e-14,961.0321015263185,2.9827378947267063
b3794,rffM,COG1922,N,,,0,0.9259332133632957,0.9259332133633104,-1.4654943925052066e-14,961.0321015263185,2.9827378947267063
b3693,dgoK,COG3734,N,,,0,0.9259332133632957,0.9259332133633104,-1.4654943925052066e-14,961.0321015263185,2.9827378947267063
b2901,bglA,COG2723,N,,,0,0.9259332133632957,0.9259332133633104,-1.4654943925052066e-14,961.0321015263185,2.9827378947267063
b3721,bglB,COG2723,N,,,0,0.9259332133632957,0.9259332133633104,-1.4654943925052066e-14,961.0321015263185,2.9827378947267063
b2716,ascB,COG2723,N,,,0,0.9259332133632957,0.9259332133633104,-1.4654943925052066e-14,961.0321015263185,2.9827378947267063
b3416,malQ,COG1640,N,,,0,0.9259332133632957,0.9259332133633104,-1.4654943925052066e-14,961.0321015263185,2.9827378947267063
b1398,paaK,COG1541,N,,,0,0.9259332133632957,0.9259332133633104,-1.4654943925052066e-14,961.0321015263185,2.9827378947267063
b0049,apaH,COG0639,N,,,0,0.9259332133632957,0.9259332133633104,-1.4654943925052066e-14,961.0321015263185,2.9827378947267063
b3784,rfe,COG0472,N,,,0,0.9259332133632957,0.9259332133633104,-1.4654943925052066e-14,961.0321015263185,2.9827378947267063
b3052,rfaE,COG2870,N,,,0,0.9259332133632957,0.9259332133633104,-1.4654943925052066e-14,961.0321015263185,2.9827378947267063
b1896,otsA,COG0380,N,,,0,0.9259332133632957,0.9259332133633104,-1.4654943925052066e-14,961.0321015263185,2.9827378947267063
b0841,ybjG,COG0671,N,,,1,0.9259332133632957,3.655115193982461e-16,0.9259332133632954,8423.056869523021,3.925469732905317
b1278,pgpB,COG0671,N,,,1,0.9259332133632957,0.0,0.9259332133632957,8423.056869522907,3.9254697329053108
b3057,bacA,COG1968,N,,,1,0.9259332133632957,0.0,0.9259332133632957,8423.056869522907,3.9254697329053108
b3519,treF,COG1626,N,,,0,0.9259332133632957,0.925933213363247,4.873879078104437e-14,670.5965073213728,2.8264612871557224
b0910,cmk,COG0283,N,,,1,0.9259332133632957,1.4330202843668948e-32,0.9259332133632957,5879.402481326607,3.769333191339986
b3648,gmk,COG0194,E,E,u,1,0.9259332133632957,-4.731226361941224e-15,0.9259332133633005,5879.40248132663,3.769333191339988
b1694,ydiF,COG4670,N,,,0,0.9259332133632957,0.9259332133633131,-1.7430501486614958e-14,2486.955905991694,3.3956680852481207
b2221,atoD,COG1788,N,,,0,0.9259332133632957,0.9259332133632965,-7.771561172376096e-16,2486.955905991592,3.3956680852481025
b2222,atoA,COG2057,N,,,0,0.9259332133632957,0.9259332133632965,-7.771561172376096e-16,2486.955905991592,3.3956680852481025
b2039,rfbA,COG1209,N,,,0,0.9259332133632957,0.9259332133632965,-7.771561172376096e-16,2486.955905991592,3.3956680852481025
b3789,rffH,COG1209,N,,,0,0.9259332133632957,0.9259332133632965,-7.771561172376096e-16,2486.955905991592,3.3956680852481025
b2041,rfbB,COG1088,N,,,0,0.9259332133632957,0.9259332133632965,-7.771561172376096e-16,2486.955905991592,3.3956680852481025
b2036,glf,COG0562,N,,,0,0.9259332133632957,0.9259332133632965,-7.771561172376096e-16,2486.955905991592,3.3956680852481025
b2038,rfbC,COG1898,N,,,0,0.9259332133632957,0.9259332133632965,-7.771561172376096e-16,2486.955905991592,3.3956680852481025
b2040,rfbD,COG1091,N,,,0,0.9259332133632957,0.9259332133632965,-7.771561172376096e-16,2486.955905991592,3.3956680852481025
b0512,allB,COG0044,N,,,0,0.9259332133632957,0.9259332133632965,-7.771561172376096e-16,2486.955905991592,3.3956680852481025
b3972,murB,COG0812,E,E,u,1,0.9259332133632957,4.435522445999165e-31,0.9259332133632957,6229.135139127959,3.7944277528585566
b3617,kbl,COG0156,N,,,0,0.9259332133632957,0.9259332133633368,-4.107825191113079e-14,23696.284114801565,4.374680248332385
b0030,rihC,COG1957,N,,,0,0.9259332133632957,0.9259332133632738,2.1871393585115584e-14,23696.284116903393,4.374680248370906
b0200,gmhB,COG0241,N,,,0,0.9259332133632957,0.9259332133632738,2.1871393585115584e-14,23696.284116903393,4.374680248370906
b0222,lpcA,COG0279,N,,,0,0.9259332133632957,0.9259332133632738,2.1871393585115584e-14,23696.284116903393,4.374680248370906
b0038,caiB,COG1804,N,,,0,0.9259332133632957,0.9259332133632738,2.1871393585115584e-14,23696.284116903393,4.374680248370906
b0036,caiD,COG1024,N,,,0,0.9259332133632957,0.9259332133632738,2.1871393585115584e-14,23696.284116903393,4.374680248370906
b3844,fre,COG0543,N,,,0,0.9259332133632957,0.9259332133632738,2.1871393585115584e-14,23696.284116903393,4.374680248370906
b2784,relA,COG0317,N,,,0,0.9259332133632957,0.9259332133632738,2.1871393585115584e-14,23696.284116903393,4.374680248370906
b1019,ycdB,COG2837,N,,,1,0.9259332133632957,0.0,0.9259332133632957,19870.542145764437,4.298209716516048
b0475,hemH,COG0276,E,N,u,1,0.9259332133632957,0.0,0.9259332133632957,19870.542145764437,4.298209716516048
b4040,ubiA,COG0382,E,N,u,1,0.9259332133632957,0.0,0.9259332133632957,19870.542145764437,4.298209716516048
b3974,coaA,COG1072,N,,,1,0.9259332133632957,0.0,0.9259332133632957,19870.5421457644,4.298209716516047
b0103,coaE,COG0237,N,,,1,0.9259332133632957,0.0,0.9259332133632957,19870.542145764397,4.298209716516047
b2104,thiM,COG2145,N,,,0,0.9259332133632957,0.92593321337269,-9.394263145168225e-12,24718.752701113703,4.393026552634811
b1215,kdsA,COG2877,E,E,u,1,0.9259332133632957,2.4367434626549745e-16,0.9259332133632955,26460.294533727596,4.422594674079022
b3198,kdsC,COG1778,N,,,1,0.9259332133632957,0.0,0.9259332133632957,26460.294533727538,4.422594674079021
b1747,astA,COG3138,N,,,0,0.9259332133632957,0.92593321336298,3.157474282033945e-13,24455.46279117884,4.388375885752824
b1744,astE,COG2988,N,,,0,0.9259332133632957,0.9259332133632133,8.237854842718662e-14,24455.46279119709,4.388375885753148
b0340,cynS,COG1513,N,,,0,0.9259332133632957,0.9259332133632133,8.237854842718662e-14,24455.46279119709,4.388375885753148
b2988,gss,COG0754,N,,,0,0.9259332133632957,0.9259332133632133,8.237854842718662e-14,24455.46279119709,4.388375885753148
b2883,guaD,COG0402,N,,,0,0.9259332133632957,0.9259332133632133,8.237854842718662e-14,24455.46279119709,4.388375885753148
b1098,tmk,COG0125,E,E,u,1,0.9259332133632957,-4.78448746884188e-15,0.9259332133633005,23795.03073702436,4.376486270131265
b0888,trxB,COG0492,N,,,0,0.9259332133632957,0.925933213363247,4.873879078104437e-14,33295.628988931414,4.522387223578822
b2690,yqaB,COG0637,N,,,0,0.9259332133632957,0.9259332133632429,5.284661597215745e-14,33295.62898893138,4.522387223578822
b0688,pgm,COG0033,N,,,0,0.9259332133632957,0.9259332133632429,5.284661597215745e-14,33295.62898893138,4.522387223578822
b1317,ycjU,COG0637,N,,,0,0.9259332133632957,0.9259332133632429,5.284661597215745e-14,33295.62898893138,4.522387223578822
b2168,fruK,COG1105,N,,,0,0.9259332133632957,0.9259332133632429,5.284661597215745e-14,33295.62898893138,4.522387223578822
b2687,luxS,COG1854,N,,,1,0.9259332133632957,1.6340801660564258e-12,0.9259332133616617,27526.041049727683,4.439743753206088
b3581,sgbH,COG0269,N,,,0,0.9259332133632957,0.9259332133632397,5.595524044110789e-14,33325.615511832264,4.522778179418941
b4196,ulaD,COG0269,N,,,0,0.9259332133632957,0.9259332133632445,5.1181281435219717e-14,33325.615511832024,4.522778179418938
b3582,sgbU,COG3623,N,,,0,0.9259332133632957,0.9259332133632445,5.1181281435219717e-14,33325.615511832024,4.522778179418938
b4197,ulaE,COG3623,N,,,0,0.9259332133632957,0.9259332133632445,5.1181281435219717e-14,33325.615511832024,4.522778179418938
b3575,yiaK,COG2055,N,,,0,0.9259332133632957,0.9259332133632445,5.1181281435219717e-14,33325.615511832024,4.522778179418938
b0312,betB,COG1012,N,,,0,0.9259332133632957,0.9259332133632445,5.1181281435219717e-14,33325.615511832024,4.522778179418938
b0403,malZ,COG0366,N,,,0,0.9259332133632957,0.9259332133632445,5.1181281435219717e-14,33325.615511832024,4.522778179418938
b0207,dkgB,COG0656,N,,,0,0.9259332133632957,0.9259332133632445,5.1181281435219717e-14,33325.615511832024,4.522778179418938
b3962,sthA,COG1249,N,,,0,0.9259332133632957,0.9259332133632445,5.1181281435219717e-14,33325.615511832024,4.522778179418938
b2764,cysJ,COG0369,N,,,1,0.9259332133632957,8.890110434557421e-15,0.9259332133632868,27149.727371487723,4.43376547290634
b2763,cysI,COG0155,N,,,1,0.9259332133632957,0.0,0.9259332133632957,27149.727371487785,4.433765472906342
b0937,ssuE,COG0431,N,,,0,0.9259332133632957,0.9259332133633298,-3.4083846855992306e-14,29869.34522908426,4.475225702466452
b2563,acpS,COG0736,E,E,u,0,0.9259332133632957,0.9259332133631193,1.7641443861293737e-13,29869.345229084953,4.475225702466463
b3475,acpT,COG2091,N,,,0,0.9259332133632957,0.9259332133631193,1.7641443861293737e-13,29869.345229084953,4.475225702466463
b2507,guaA,COG0518,N,,,1,0.9259332133632957,-8.456145991585856e-16,0.9259332133632966,30586.11772658267,4.485524355803823
b1982,amn,COG0775,N,,,0,0.9259332133632957,0.9259332133632392,5.651035195342047e-14,29496.55917917939,4.469771357786631
b3360,pabA,COG0512,N,,,1,0.9259332133632957,-3.6721723982210464e-13,0.925933213363663,30114.33781481059,4.478773317895589
b1812,pabB,COG0147,N,,,1,0.9259332133632957,0.0,0.9259332133632957,30114.337814808885,4.478773317895564
b1096,pabC,COG0115,N,,,1,0.9259332133632957,0.0,0.9259332133632957,30114.337814808885,4.478773317895564
b2416,ptsI,COG1080,N,,,0,0.9259332133632957,0.9259332133621475,1.1481926520673369e-12,33520.276145048294,4.525307587755873
b2415,ptsH,COG1925,N,,,0,0.9259332133632957,0.9259332133632676,2.808864252301646e-14,33520.276145060285,4.525307587756028
b1199,dhaL,COG2376,N,,,0,0.9259332133632957,0.9259332133632676,2.808864252301646e-14,33520.276145060285,4.525307587756028
b1198,dhaH,COG1080,N,,,0,0.9259332133632957,0.9259332133632676,2.808864252301646e-14,33520.276145060285,4.525307587756028
b0171,pyrH,COG0528,E,E,u,1,0.9259332133632957,-9.08489948724911e-16,0.9259332133632966,40401.92925002756,4.606402103789721
b2498,upp,COG0035,N,,,0,0.9259332133632957,0.9259332133632311,6.461498003318411e-14,26346.662214752134,4.420725603475215
b2780,pyrG,COG0504,E,u,u,1,0.9259332133632957,3.411440847716964e-15,0.9259332133632923,25791.146565304818,4.411470649463124
b0087,mraY,COG0472,E,E,u,1,0.9259332133632957,6.0581722565877895e-12,0.9259332133572376,30832.00745033963,4.489001802255624
b0090,murG,COG0707,E,E,u,1,0.9259332133632957,0.0,0.9259332133632957,30832.007450408313,4.489001802256591
b3946,fsaB,COG0176,N,,,0,0.9259332133632957,0.9259332133605371,2.7585711492861265e-12,27829.86872725538,4.444511157783447
b3619,rfaD,COG0451,N,,,0,0.9259332133632957,0.9259332133633885,-9.281464485866309e-14,27829.86872726801,4.444511157783644
b4267,idnD,COG1063,N,,,0,0.9259332133632957,0.9259332133633885,-9.281464485866309e-14,27829.86872726801,4.444511157783644
b1033,ycdW,COG0111,N,,,0,0.9259332133632957,0.9259332133633885,-9.281464485866309e-14,27829.86872726801,4.444511157783644
b3957,argE,COG0624,N,,,1,0.9259332133632957,-4.76054349664159e-16,0.9259332133632961,28750.077515465702,4.458639019964559
b1623,add,COG1816,N,,,0,0.9259332133632957,0.9259332133632829,1.27675647831893e-14,27897.38161493063,4.445563443289704
b3665,ade,COG1001,N,,,0,0.9259332133632957,0.9259332133632567,3.8968828164342995e-14,27897.3816149306,4.4455634432897035
b4177,purA,COG0104,N,,,1,0.9259332133632957,-5.695162394561387e-14,0.9259332133633527,29862.78779782476,4.475130348221473
b0677,nagA,COG1820,N,,,0,0.9259332133632957,0.9259332133632822,1.354472090042691e-14,27496.82092126276,4.439282485242511
b0828,iaaA,COG1446,N,,,0,0.9259332133632957,0.9259332133632879,7.771561172376096e-15,27496.820921262755,4.439282485242511
b1767,ansA,COG0252,N,,,0,0.9259332133632957,0.9259332133632879,7.771561172376096e-15,27496.820921262755,4.439282485242511
b0674,asnB,COG0367,N,,,1,0.9259332133632957,1.0895301854955424e-15,0.9259332133632946,31763.70413014845,4.501931142038485
b3744,asnA,COG2502,N,,,0,0.9259332133632957,0.9259332133632125,8.315570454442422e-14,27498.11699479678,4.439302955402325
b4245,pyrB,COG0540,N,,,1,0.9259332133632957,-1.2140466910847534e-15,0.9259332133632969,31763.704130148548,4.501931142038487
b4244,pyrI,COG1781,N,,,1,0.9259332133632957,0.0,0.9259332133632957,31763.70413014847,4.501931142038486
b0029,ispH,COG0761,E,E,u,1,0.9259332133632957,0.0,0.9259332133632957,31763.70413014847,4.501931142038486
b1092,fabD,COG0331,E,E,u,1,0.9259332133632957,-1.0213492104719337e-15,0.9259332133632967,30211.03125642749,4.480165550209784
b3809,dapF,COG0253,N,,,1,0.9259332133632957,8.137564869343551e-45,0.9259332133632957,30211.031256427457,4.480165550209784
b0031,dapB,COG0289,E,N,u,1,0.9259332133632957,0.0,0.9259332133632957,30211.03125642732,4.480165550209781
b0003,thrB,COG0083,N,,,1,0.9259332133632957,0.0,0.9259332133632957,30211.03125642733,4.480165550209782
b1748,astC,COG4992,N,,,1,0.9259332133632957,0.0,0.9259332133632957,28585.61144648875,4.456147486212561
b3359,argD,COG4992,N,,,1,0.9259332133632957,0.0,0.9259332133632957,28585.61144648867,4.4561474862125605
b0004,thrC,COG0498,N,,,1,0.9259332133632957,0.0,0.9259332133632957,28585.61144648867,4.4561474862125605
b4013,metA,COG1897,N,,,1,0.9259332133632957,-4.839812274055242e-14,0.9259332133633441,26344.813595583626,4.420695130041248
b1704,aroH,COG0722,N,,,1,0.9259332133632957,0.0,0.9259332133632957,26344.813595583586,4.420695130041247
b2601,aroF,COG0722,N,,,1,0.9259332133632957,1.7483530583039723e-15,0.9259332133632939,26344.813595583626,4.420695130041248
b0754,aroG,COG0722,N,,,1,0.9259332133632957,1.7483530583039723e-15,0.9259332133632939,26344.813595583626,4.420695130041248
b2700,ygaD,COG1546,N,,,0,0.9259332133632957,0.9259332133632795,1.6209256159527285e-14,27979.763811077413,4.446844044109393
b1014,putA,COG4230,N,,,0,0.9259332133632957,0.9259332133632466,4.907185768843192e-14,27979.76381107744,4.446844044109394
b1584,speG,COG1670,N,,,0,0.9259332133632957,0.9259332133632466,4.907185768843192e-14,27979.76381107744,4.446844044109394
b4014,aceB,COG2225,N,,,0,0.9259332133632957,0.9259332133632466,4.907185768843192e-14,27979.76381107744,4.446844044109394
b2976,glcB,COG2225,N,,,0,0.9259332133632957,0.9259332133632466,4.907185768843192e-14,27979.76381107744,4.446844044109394
b1897,otsB,COG1877,N,,,0,0.9259332133632957,0.9259332133632466,4.907185768843192e-14,27979.76381107744,4.446844044109394
b3034,nudF,COG0494,N,,,0,0.9259332133632957,0.9259332133632466,4.907185768843192e-14,27979.76381107744,4.446844044109394
b3397,nudE,COG0494,N,,,0,0.9259332133632957,0.9259332133632466,4.907185768843192e-14,27979.76381107744,4.446844044109394
b0062,araA,COG2160,u,,,0,0.9259332133632957,0.9259332133632466,4.907185768843192e-14,27979.76381107744,4.446844044109394
b3600,mtlD,COG0246,N,,,0,0.9259332133632957,0.9259332133632466,4.907185768843192e-14,27979.76381107744,4.446844044109394
b3608,gpsA,COG0240,E,N,N,0,0.9259332133632957,0.9259332133632466,4.907185768843192e-14,27979.76381107744,4.446844044109394
b4119,melA,COG1486,N,,,0,0.9259332133632957,0.9259332133632466,4.907185768843192e-14,27979.76381107744,4.446844044109394
b2802,fucI,COG2407,N,,,0,0.9259332133632957,0.9259332133632466,4.907185768843192e-14,27979.76381107744,4.446844044109394
b2803,fucK,COG1070,N,,,0,0.9259332133632957,0.9259332133632466,4.907185768843192e-14,27979.76381107744,4.446844044109394
b2800,fucA,COG0235,N,,,0,0.9259332133632957,0.9259332133632466,4.907185768843192e-14,27979.76381107744,4.446844044109394
b2738,ygbL,COG0235,N,,,0,0.9259332133632957,0.9259332133632466,4.907185768843192e-14,27979.76381107744,4.446844044109394
b0335,prpE,COG0365,N,,,0,0.9259332133632957,0.9259332133632466,4.907185768843192e-14,27446.27753939861,4.438483450654098
b1236,galU,COG1210,N,,,0,0.9259332133632957,0.9259332133632455,5.0182080713057076e-14,27446.27753939864,4.438483450654099
b0179,lpxD,COG1044,E,E,u,1,0.9259332133632957,-4.4752877052348596e-17,0.9259332133632957,34476.11814122765,4.537518360263129
b0085,murE,COG0769,E,E,u,1,0.9259332133632957,0.0,0.9259332133632957,34476.11814122784,4.537518360263132
b0091,murC,COG0773,E,E,u,1,0.9259332133632957,0.0,0.9259332133632957,34476.11814122781,4.537518360263131
b0088,murD,COG0771,E,E,u,1,0.9259332133632957,0.0,0.9259332133632957,34476.11814122781,4.537518360263131
b0505,allA,COG3194,N,,,0,0.9259332133632957,0.9259332133632496,4.6074255521943996e-14,27451.869707227648,4.4385719289638494
b0350,mhpD,COG3971,N,,,0,0.9259332133632957,0.9259332133632321,6.361577931102147e-14,27451.869707227546,4.438571928963848
b0352,mhpE,COG4569,N,,,0,0.9259332133632957,0.9259332133632872,8.548717289613705e-15,27451.86970722741,4.438571928963845
b0347,mhpA,COG0654,N,,,0,0.9259332133632957,0.9259332133632872,8.548717289613705e-15,27451.86970722741,4.438571928963845
b0726,sucA,COG0567,N,,,0,0.9259332133632957,0.925933213363288,7.66053886991358e-15,27986.06756113459,4.446941878227446
b0727,sucB,COG0508,N,,,0,0.9259332133632957,0.9259332133632797,1.5987211554602254e-14,27986.067561134616,4.446941878227447
b0131,panD,COG0853,N,,,1,0.9259332133632957,-2.3331203585873413e-16,0.9259332133632959,35815.12140516464,4.554066427657246
b0086,murF,COG0770,E,E,u,1,0.9259332133632957,0.0,0.9259332133632957,35815.12140516482,4.554066427657248
b0096,lpxC,COG0774,E,E,u,1,0.9259332133632957,3.003802244560785e-14,0.9259332133632656,33744.1337940365,4.528198284357733
b0181,lpxA,COG1043,E,E,u,1,0.9259332133632957,0.0,0.9259332133632957,33744.13379403694,4.528198284357738
b2019,hisG,COG0040,N,,,1,0.9259332133632957,0.0,0.9259332133632957,33744.13379403694,4.528198284357738
b2020,hisD,COG0141,N,,,1,0.9259332133632957,0.0,0.9259332133632957,33744.1337940368,4.528198284357736
b2022,hisB,COG0131,N,,,1,0.9259332133632957,0.0,0.9259332133632957,33744.133794036825,4.528198284357737
b1207,prsA,COG0462,E,E,u,0,0.9259332133632957,0.9259332133632607,3.497202527569243e-14,27937.358112164355,4.446185334793308
b2026,hisI,COG0139,N,,,1,0.9259332133632957,-9.931893488979909e-16,0.9259332133632967,35791.66367419444,4.55378188580911
b2024,hisA,COG0106,N,,,1,0.9259332133632957,0.0,0.9259332133632957,35791.663674194424,4.55378188580911
b3607,cysE,COG1045,N,,,1,0.9259332133632957,0.0,0.9259332133632957,35791.663674194366,4.5537818858091095
b2421,cysM,COG0031,N,,,1,0.9259332133632957,2.509998328224827e-15,0.9259332133632932,35791.66367419431,4.5537818858091095
b2414,cysK,COG0031,N,,,1,0.9259332133632957,2.509998328224827e-15,0.9259332133632932,35791.66367419431,4.5537818858091095
b4214,cysQ,COG1218,N,,,1,0.9259332133632957,2.509998328224827e-15,0.9259332133632932,35791.66367419431,4.5537818858091095
b2762,cysH,COG0175,N,,,1,0.9259332133632957,0.0,0.9259332133632957,35791.66367419432,4.5537818858091095
b4024,lysC,COG0527,N,,,1,0.9259332133632957,0.0,0.9259332133632957,35791.66367419425,4.553781885809109
b0002,thrA,COG0460,N,,,1,0.9259332133632957,0.0,0.9259332133632957,35791.663674194344,4.5537818858091095
b3940,metL,COG0460,N,,,1,0.9259332133632957,0.0,0.9259332133632957,35791.663674194344,4.5537818858091095
b3433,asd,COG0136,E,N,u,1,0.9259332133632957,0.0,0.9259332133632957,35791.663674194344,4.5537818858091095
b2838,lysA,COG0019,N,,,1,0.9259332133632957,0.0,0.9259332133632957,35791.663674194344,4.5537818858091095
b2942,metK,COG0192,E,E,u,1,0.9259332133632957,1.099586019128128e-11,0.9259332133522998,35791.66367404772,4.5537818858073305
b4192,ulaG,COG2220,N,,,0,0.9259332133632957,0.9259332133633262,-3.0531133177191805e-14,27937.35811216417,4.446185334793305
b1993,cobU,COG2087,N,,,0,0.9259332133632957,0.9259332133631945,1.0125233984581428e-13,27937.358112164486,4.446185334793309
b1992,cobS,COG0368,N,,,0,0.9259332133632957,0.9259332133631945,1.0125233984581428e-13,27937.358112164486,4.446185334793309
b0417,thiL,COG0611,E,u,u,1,0.9259332133632957,1.930123233619092e-15,0.9259332133632938,32096.141774542295,4.506452829702905
b0583,entD,COG2977,E,N,u,0,0.9259332133632957,0.9259332133632754,2.0317081350640365e-14,27538.275068427723,4.439936733607005
b0732,mngB,COG0383,N,,,0,0.9259332133632957,0.9259332133632754,2.0317081350640365e-14,27538.275068427723,4.439936733607005
b0517,allD,COG2055,N,,,0,0.9259332133632957,0.9259332133632754,2.0317081350640365e-14,27538.275068427723,4.439936733607005
b0521,ybcF,COG0549,N,,,0,0.9259332133632957,0.9259332133632762,1.9539925233402755e-14,27547.024999949732,4.440074703156205
b3223,nanE,COG3010,N,,,0,0.9259332133632957,0.9259332133633309,-3.519406988061746e-14,27547.024999949852,4.440074703156207
b2428,yfeU,COG2103,N,,,0,0.9259332133632957,0.9259332133633309,-3.519406988061746e-14,27547.024999949852,4.440074703156207
b2162,rihB,COG1957,N,,,0,0.9259332133632957,0.9259332133633309,-3.519406988061746e-14,27547.024999949852,4.440074703156207
b0651,rihA,COG1957,N,,,0,0.9259332133632957,0.9259332133633309,-3.519406988061746e-14,27547.024999949852,4.440074703156207
b0522,purK,COG0026,N,,,1,0.9259332133632957,1.1425329936131133e-13,0.9259332133631815,28543.11235215306,4.455501327001103
b1779,gapA,COG0057,E,N,u,0,0.9259332133632957,0.6099077685509104,0.31602544481238526,22403.331698264836,4.3503126089848845
b2388,glk,COG0837,N,,,0,0.9259332133632957,0.9259332133633539,-5.81756864903582e-14,15500.629628080129,4.190349339360433
b2029,gnd,COG0362,N,,,0,0.9259332133632957,0.9259332133632749,2.0761170560490427e-14,15500.6296280813,4.190349339360466
b0368,tauD,COG2175,N,,,0,0.9259332133632957,0.9259332133632749,2.0761170560490427e-14,15500.6296280813,4.190349339360466
b2463,maeB,COG0280,N,,,0,0.9259332133632957,0.9259332133632749,2.0761170560490427e-14,15500.6296280813,4.190349339360466
b3960,argH,COG0165,N,,,1,0.9259332133632957,-2.863173568619595e-15,0.9259332133632986,21410.835238480817,4.330633609489111
b0032,carA,COG0505,N,,,0,0.9259332133632957,0.9259332133632494,4.629630012686903e-14,15208.241546181627,4.182079001630976
b0033,carB,COG0458,N,,,0,0.9259332133632957,0.9259332133632575,3.8191672047105385e-14,15208.241546181622,4.182079001630975
b0242,proB,COG0263,N,,,1,0.9259332133632957,-2.005133054321859e-16,0.9259332133632959,19289.07539016268,4.285311410506808
b0074,leuA,COG0119,N,,,1,0.9259332133632957,0.0,0.9259332133632957,19289.07539016269,4.285311410506808
b1091,fabH,COG0332,N,,,1,0.9259332133632957,-3.390495738388067e-24,0.9259332133632957,19289.075390162667,4.285311410506808
b1656,sodB,COG0605,N,,,0,0.9259332133632957,0.92593321336326,3.574918139293004e-14,15208.241546181618,4.182079001630975
b0159,pfs,COG0775,N,,,1,0.9259332133632957,4.926047188368104e-11,0.9259332133140352,21481.291512255204,4.332060388749311
b1106,ycfN,COG0510,N,,,0,0.9259332133632957,0.9259332133632646,3.108624468950438e-14,15208.236108385472,4.182078846346403
b1759,nudG,COG0494,N,,,0,0.9259332133632957,0.9259332133632632,3.2529534621517087e-14,15208.23610838548,4.182078846346403
b2251,yfaO,COG0494,N,,,0,0.9259332133632957,0.9259332133632632,3.2529534621517087e-14,15207.999768915615,4.182072097258316
b3248,yhdE,COG0424,N,,,0,0.9259332133632957,0.9259332133632305,6.517009154549669e-14,15207.99976891565,4.182072097258317
b0386,proC,COG0345,N,,,1,0.9259332133632957,-4.3087563810277523e-16,0.9259332133632961,21481.291512852706,4.33206038876139
b3425,glpE,COG0607,N,,,0,0.9259332133632957,0.9259332133632356,6.006306563222097e-14,15207.999768915644,4.182072097258317
b2668,ygaP,COG0607,N,,,0,0.9259332133632957,0.9259332133632667,2.8976820942716586e-14,15207.999768915626,4.182072097258316
b2053,gmd,COG1089,N,,,0,0.9259332133632957,0.9259332133632667,2.8976820942716586e-14,15207.999768915626,4.182072097258316
b2920,ygfH,COG0427,N,,,0,0.9259332133632957,0.9259332133632667,2.8976820942716586e-14,15207.999768915626,4.182072097258316
b2143,cdd,COG0295,N,,,0,0.9259332133632957,0.9259332133632667,2.8976820942716586e-14,15208.033508825718,4.182073060767045
b0778,bioD,COG0132,N,,,1,0.9259332133632957,-4.0318110797266107e-16,0.9259332133632961,21481.29151285273,4.332060388761391
b2065,dcd,COG0717,N,,,0,0.9259332133632957,0.9259332133632469,4.884981308350689e-14,15208.005206711769,4.182072252545301
b2478,dapA,COG0329,E,N,u,1,0.9259332133632957,-4.700937506787271e-17,0.9259332133632957,21481.291512852724,4.332060388761391
b0337,codA,COG0402,N,,,0,0.9259332133632957,0.9259332133632521,4.363176486776865e-14,15208.005206711758,4.182072252545301
b3729,glmS,COG0449,E,N,u,1,0.9259332133632957,7.870759700334125e-16,0.9259332133632949,21481.29151285273,4.332060388761391
b2688,gshA,COG2918,N,,,0,0.9259332133632957,0.9259332133632694,2.631228568361621e-14,15208.005206711747,4.182072252545301
b0485,ybaS,COG2066,N,,,0,0.9259332133632957,0.925933213363284,1.1657341758564144e-14,15208.005206711723,4.1820722525453
b1524,yneH,COG2066,N,,,0,0.9259332133632957,0.925933213363284,1.1657341758564144e-14,15208.005206711723,4.1820722525453
b2312,purF,COG0034,N,,,1,0.9259332133632957,-3.5937247474306494e-14,0.9259332133633317,18994.52139699592,4.278628355155161
b0104,guaC,COG0516,N,,,0,0.9259332133632957,0.9259332133632776,1.8096635301390052e-14,15208.005206711732,4.1820722525453
b1740,nadE,COG0171,E,E,u,1,0.9259332133632957,-7.857432360428222e-13,0.9259332133640814,21481.29151286238,4.332060388761587
b3366,nirD,COG2146,N,,,0,0.9259332133632957,0.9259332133632733,2.2426505097428162e-14,15208.005206711734,4.1820722525453
b3365,nirB,COG1251,N,,,0,0.9259332133632957,0.9259332133632555,4.0190073491430667e-14,15208.005206711783,4.182072252545302
b4254,argI,COG0078,N,,,1,0.9259332133632957,-2.1300150769248426e-16,0.9259332133632959,21481.291512852742,4.332060388761391
b0273,argF,COG0078,N,,,1,0.9259332133632957,0.0,0.9259332133632957,21481.29151285274,4.332060388761391
b2500,purN,COG0299,N,,,0,0.9259332133632957,0.9259332133631821,1.1357581541915351e-13,15207.999768915708,4.1820720972583185
b3449,ugpQ,COG0584,N,,,0,0.9259332133632957,0.9259332133632446,5.10702591327572e-14,15207.999768915633,4.182072097258316
b0331,prpB,COG2513,N,,,0,0.9259332133632957,0.9259332133632446,5.10702591327572e-14,15207.999768915633,4.182072097258316
b2210,mqo,COG0579,N,,,0,0.9259332133632957,0.9259332133632446,5.10702591327572e-14,15207.999768915633,4.182072097258316
b1746,astD,COG1012,N,,,0,0.9259332133632957,0.9259332133632446,5.10702591327572e-14,15207.999768915633,4.182072097258316
b0052,pdxA,COG1995,N,,,1,0.9259332133632957,7.491654619668733e-16,0.9259332133632949,21481.291512852746,4.332060388761391
b2564,pdxJ,COG0854,N,,,1,0.9259332133632957,0.0,0.9259332133632957,21481.291512852767,4.332060388761392
b4005,purD,COG0151,N,,,1,0.9259332133632957,-1.0146060644168974e-14,0.9259332133633058,18219.674246594725,4.260540607863594
b2557,purL,COG0046,N,,,1,0.9259332133632957,8.625839754301486e-16,0.9259332133632948,18219.674246594645,4.260540607863592
b2440,eutC,COG4302,N,,,0,0.9259332133632957,0.9259332133632838,1.1879386363489175e-14,15204.540873316015,4.181973310425835
b2049,cpsB,COG0662,N,,,0,0.9259332133632957,0.9259332133632838,1.1879386363489175e-14,15204.540873316015,4.181973310425835
b3806,cyaA,COG3072,N,,,0,0.9259332133632957,0.9259332133632838,1.1879386363489175e-14,15204.540873316015,4.181973310425835
b2533,suhB,COG0483,E,N,N,0,0.9259332133632957,0.9259332133632838,1.1879386363489175e-14,15204.540873316015,4.181973310425835
b0333,prpC,COG0372,N,,,0,0.9259332133632957,0.9259332133632838,1.1879386363489175e-14,15204.540873316015,4.181973310425835
b3590,selB,COG3276,N,,,0,0.9259332133632957,0.9259332133632838,1.1879386363489175e-14,15204.540873316015,4.181973310425835
b2173,yeiR,COG0523,N,,,0,0.9259332133632957,0.9259332133632838,1.1879386363489175e-14,15204.540873316015,4.181973310425835
b2918,argK,COG1703,N,,,0,0.9259332133632957,0.9259332133632838,1.1879386363489175e-14,15204.540873316015,4.181973310425835
b2727,hypB,COG0378,N,,,0,0.9259332133632957,0.9259332133632838,1.1879386363489175e-14,15204.540873316015,4.181973310425835
b4173,hflX,COG2262,N,,,0,0.9259332133632957,0.9259332133632838,1.1879386363489175e-14,15204.540873316015,4.181973310425835
b1852,zwf,COG0364,N,,,0,0.9259332133632957,0.9259332133633186,-2.2870594307278225e-14,12205.79871346583,4.08656620370415
b0134,panB,COG0413,N,,,1,0.9259332133632957,3.043029212324372e-12,0.9259332133602527,14198.78626042954,4.152251221641725
b2028,ugd,COG1004,N,,,0,0.9259332133632957,0.9259332133632429,5.284661597215745e-14,12911.875559066975,4.110989331793193
b2787,gudD,COG4948,N,,,0,0.9259332133632957,0.9259332133632183,7.738254481637341e-14,12911.875559066548,4.110989331793179
b2788,gudX,COG4948,N,,,0,0.9259332133632957,0.9259332133632183,7.738254481637341e-14,12911.875559066548,4.110989331793179
b3791,rffA,COG0399,N,,,0,0.9259332133632957,0.9259332133632183,7.738254481637341e-14,12911.875559066548,4.110989331793179
b1415,aldA,COG1012,N,,,0,0.9259332133632957,0.9259332133632183,7.738254481637341e-14,12911.875559066548,4.110989331793179
b1493,gadB,COG0076,N,,,0,0.9259332133632957,0.9259332133632183,7.738254481637341e-14,12911.875559066548,4.110989331793179
b3517,gadA,COG0076,N,,,0,0.9259332133632957,0.9259332133632183,7.738254481637341e-14,12911.875559066548,4.110989331793179
b3551,bisC,COG0243,N,,,0,0.9259332133632957,0.9259332133632183,7.738254481637341e-14,12911.875559066548,4.110989331793179
b2750,cysC,COG0529,N,,,1,0.9259332133632957,3.1845970192186047e-14,0.9259332133632638,19615.771446175677,4.292605392670959
b1622,malY,COG1168,N,,,1,0.9259332133632957,7.892485485499817e-15,0.9259332133632878,19615.771446176062,4.292605392670967
b3939,metB,COG0626,N,,,1,0.9259332133632957,5.968086336131654e-15,0.9259332133632897,19615.77144617628,4.292605392670972
b2661,gabD,COG1012,N,,,0,0.9259332133632957,0.9259332133632459,4.984901380566953e-14,14367.672687337468,4.157386425691383
b0241,phoE,COG3203,N,,,1,0.9259332133632957,0.0,0.9259332133632957,32132.56209432416,4.506945355463287
b2215,ompC,COG3203,N,,,1,0.9259332133632957,0.0,0.9259332133632957,32132.56209432416,4.506945355463287
b0929,ompF,COG3203,N,,,1,0.9259332133632957,0.0,0.9259332133632957,32132.56209432416,4.506945355463287
b1377,ompN,COG3203,N,,,1,0.9259332133632957,0.0,0.9259332133632957,32132.56209432416,4.506945355463287
b0411,tsx,COG3248,N,,,0,0.9259332133632957,0.9259332133632314,6.428191312579656e-14,12544.472844287407,4.098452415700259
b0957,ompA,COG2885,N,,,0,0.9259332133632957,0.9259332133632926,3.1086244689504383e-15,44512.559444205384,4.648482566660364
b1805,fadD,COG0318,N,,,0,0.9259332133632957,0.9259332133632926,3.1086244689504383e-15,44512.559444205384,4.648482566660364
b1646,sodC,COG2032,N,,,0,0.9259332133632957,0.9259332133632926,3.1086244689504383e-15,44512.559444205384,4.648482566660364
b2202,napC,COG3005,N,,,0,0.9259332133632957,0.9259332133632926,3.1086244689504383e-15,44512.559444205384,4.648482566660364
b2206,napA,COG0243,N,,,0,0.9259332133632957,0.9259332133632926,3.1086244689504383e-15,44512.559444205384,4.648482566660364
b2205,napG,COG1145,N,,,0,0.9259332133632957,0.9259332133632926,3.1086244689504383e-15,44512.559444205384,4.648482566660364
b2204,napH,COG0348,N,,,0,0.9259332133632957,0.9259332133632926,3.1086244689504383e-15,44512.559444205384,4.648482566660364
b1468,narZ,COG5013,N,,,0,0.9259332133632957,0.9259332133632926,3.1086244689504383e-15,44512.559444205384,4.648482566660364
b1224,narG,COG5013,N,,,0,0.9259332133632957,0.9259332133632926,3.1086244689504383e-15,44512.559444205384,4.648482566660364
b1225,narH,COG1140,N,,,0,0.9259332133632957,0.9259332133632926,3.1086244689504383e-15,44512.559444205384,4.648482566660364
b1226,narJ,COG2180,N,,,0,0.9259332133632957,0.9259332133632926,3.1086244689504383e-15,44512.559444205384,4.648482566660364
b1227,narI,COG2181,N,,,0,0.9259332133632957,0.9259332133632926,3.1086244689504383e-15,44512.559444205384,4.648482566660364
b1466,narW,COG2180,N,,,0,0.9259332133632957,0.9259332133632926,3.1086244689504383e-15,44512.559444205384,4.648482566660364
b1467,narY,COG1140,N,,,0,0.9259332133632957,0.9259332133632926,3.1086244689504383e-15,44512.559444205384,4.648482566660364
b1465,narV,COG2181,N,,,0,0.9259332133632957,0.9259332133632926,3.1086244689504383e-15,44512.559444205384,4.648482566660364
b1602,pntB,COG1282,N,,,0,0.9259332133632957,0.9259332133632926,3.1086244689504383e-15,44512.559444205384,4.648482566660364
b1603,pntA,COG3288,N,,,0,0.9259332133632957,0.9259332133632926,3.1086244689504383e-15,44512.559444205384,4.648482566660364
b0997,torA,COG0243,N,,,0,0.9259332133632957,0.9259332133632926,3.1086244689504383e-15,44512.559444205384,4.648482566660364
b0996,torC,COG3005,N,,,0,0.9259332133632957,0.9259332133632926,3.1086244689504383e-15,44512.559444205384,4.648482566660364
b1873,torY,COG3005,N,,,0,0.9259332133632957,0.9259332133632926,3.1086244689504383e-15,44512.559444205384,4.648482566660364
b2342,yfcY,COG0183,N,,,0,0.9259332133632957,0.9259332133632259,6.983302824892235e-14,45391.03707785517,4.656970105458084
b4388,serB,COG0560,N,,,0,0.9259332133632957,0.9259332133632011,9.459100169806334e-14,49494.77884426316,4.694559388050323
b0010,yaaH,COG1584,N,,,0,0.9259332133632957,0.9259332133633389,-4.318767565791859e-14,39950.80599191811,4.601525545460061
b3528,dctA,COG1301,N,,,0,0.9259332133632957,0.9259332133632782,1.7541523789077473e-14,39950.80599192402,4.601525545460126
b4123,dcuB,COG2704,N,,,0,0.9259332133632957,0.9259332133632782,1.7541523789077473e-14,39950.80599192402,4.601525545460126
b0621,dcuC,COG3069,N,,,0,0.9259332133632957,0.9259332133632782,1.7541523789077473e-14,39950.80599192402,4.601525545460126
b4138,dcuA,COG2704,N,,,0,0.9259332133632957,0.9259332133632782,1.7541523789077473e-14,39950.80599192402,4.601525545460126
b2417,crr,COG2190,N,,,0,0.9259332133632957,0.9259332133632752,2.0539125955565396e-14,18260.938931189565,4.261523104093736
b2429,murP,COG1263,N,,,0,0.9259332133632957,0.9259332133633289,-3.319566843629218e-14,18260.93893119243,4.261523104093804
b2422,cysA,COG1118,N,,,1,0.9259332133632957,0.0,0.9259332133632957,27197.955317766915,4.434536255961075
b0764,modB,COG4149,N,,,1,0.9259332133632957,0.0,0.9259332133632957,27197.955317766915,4.434536255961075
b0765,modC,COG4148,N,,,1,0.9259332133632957,0.0,0.9259332133632957,27197.955317766915,4.434536255961075
b0763,modA,COG0725,N,,,1,0.9259332133632957,0.0,0.9259332133632957,27197.955317766915,4.434536255961075
b2425,cysP,COG4150,N,,,1,0.9259332133632957,0.0,0.9259332133632957,27197.955317766915,4.434536255961075
b2424,cysU,COG0555,N,,,1,0.9259332133632957,0.0,0.9259332133632957,27197.955317766915,4.434536255961075
b3917,sbp,COG1613,N,,,1,0.9259332133632957,0.0,0.9259332133632957,27197.955317766915,4.434536255961075
b3063,ygjE,COG0471,N,,,0,0.9259332133632957,0.9259332133632927,2.9976021664879227e-15,13941.60822064349,4.144312874268848
b2913,serA,COG0111,N,,,0,0.9259332133632957,0.9259332133633239,-2.8199664825478976e-14,14105.617043124264,4.149392088900643
b0366,tauB,COG4525,N,,,0,0.9259332133632957,0.9259332133633177,-2.19824158875781e-14,14105.617043123955,4.149392088900634
b0367,tauC,COG0600,N,,,0,0.9259332133632957,0.9259332133633177,-2.19824158875781e-14,14105.617043123955,4.149392088900634
b0365,tauA,COG4521,N,,,0,0.9259332133632957,0.9259332133633177,-2.19824158875781e-14,14105.617043123955,4.149392088900634
b2393,nupC,COG1972,N,,,0,0.9259332133632957,0.9259332133633177,-2.19824158875781e-14,14105.617043123955,4.149392088900634
b1291,sapD,COG4170,N,,,0,0.9259332133632957,0.9259332133633178,-2.2093438190040615e-14,14217.602731021252,4.152826374983249
b1250,kch,COG1226,N,,,0,0.9259332133632957,0.9259332133632765,1.9206858326015208e-14,14217.602731018524,4.152826374983166
b1363,trkG,COG0168,N,,,0,0.9259332133632957,0.9259332133632765,1.9206858326015208e-14,14217.602731018524,4.152826374983166
b3290,trkA,COG0569,N,,,0,0.9259332133632957,0.9259332133632765,1.9206858326015208e-14,14217.602731018524,4.152826374983166
b2587,kgtP,COG0477,N,,,0,0.9259332133632957,0.9259332133632765,1.9206858326015208e-14,14217.602731018524,4.152826374983166
b4031,xylE,COG0477,N,,,0,0.9259332133632957,0.9259332133632765,1.9206858326015208e-14,14217.602731018524,4.152826374983166
b0067,thiP,COG1178,N,,,0,0.9259332133632957,0.9259332133632765,1.9206858326015208e-14,14217.602731018524,4.152826374983166
b0066,thiQ,COG3840,N,,,0,0.9259332133632957,0.9259332133632765,1.9206858326015208e-14,14217.602731018524,4.152826374983166
b0068,tbpA,COG4143,N,,,0,0.9259332133632957,0.9259332133632765,1.9206858326015208e-14,14217.602731018524,4.152826374983166
b2406,xapB,COG0477,N,,,0,0.9259332133632957,0.9259332133632765,1.9206858326015208e-14,14217.602731018524,4.152826374983166
b3455,livG,COG0411,N,,,0,0.9259332133632957,0.9259332133632765,1.9206858326015208e-14,14217.602731018524,4.152826374983166
b3457,livH,COG0559,N,,,0,0.9259332133632957,0.9259332133632765,1.9206858326015208e-14,14217.602731018524,4.152826374983166
b3456,livM,COG4177,N,,,0,0.9259332133632957,0.9259332133632765,1.9206858326015208e-14,14217.602731018524,4.152826374983166
b4240,treB,COG1263,N,,,0,0.9259332133632957,0.9259332133632765,1.9206858326015208e-14,14217.602731018524,4.152826374983166
b3161,mtr,COG0814,N,,,0,0.9259332133632957,0.9259332133632765,1.9206858326015208e-14,14217.602731018524,4.152826374983166
b3709,tnaB,COG0814,E,N,u,0,0.9259332133632957,0.9259332133632765,1.9206858326015208e-14,14217.602731018524,4.152826374983166
b0112,aroP,COG1113,N,,,0,0.9259332133632957,0.9259332133632765,1.9206858326015208e-14,14217.602731018524,4.152826374983166
b1907,tyrP,COG0814,N,,,0,0.9259332133632957,0.9259332133632765,1.9206858326015208e-14,14217.602731018524,4.152826374983166
b3567,xylG,COG1129,N,,,0,0.9259332133632957,0.9259332133632765,1.9206858326015208e-14,14217.602731018524,4.152826374983166
b3566,xylF,COG4213,N,,,0,0.9259332133632957,0.9259332133632765,1.9206858326015208e-14,14217.602731018524,4.152826374983166
b3568,xylH,COG4214,N,,,0,0.9259332133632957,0.9259332133632765,1.9206858326015208e-14,14217.602731018524,4.152826374983166
b3577,yiaM,COG3090,N,,,0,0.9259332133632957,0.9259332133632765,1.9206858326015208e-14,14217.602731018524,4.152826374983166
b3579,yiaO,COG1638,N,,,0,0.9259332133632957,0.9259332133632765,1.9206858326015208e-14,14217.602731018524,4.152826374983166
b3089,sstT,COG3633,N,,,0,0.9259332133632957,0.9259332133632765,1.9206858326015208e-14,14217.602731018524,4.152826374983166
b2153,folE,COG0302,E,N,u,1,0.9259332133632957,2.618992334594468e-16,0.9259332133632955,19417.365796864375,4.288190312210366
b0935,ssuD,COG2141,N,,,0,0.9259332133632957,0.9259332133632574,3.83026943495679e-14,14106.11393501694,4.149407387317269
b0151,fhuC,COG1120,N,,,0,0.9259332133632957,0.9259332133632502,4.551914400963142e-14,14106.11393501671,4.149407387317262
b0153,fhuB,COG0609,N,,,0,0.9259332133632957,0.9259332133632502,4.551914400963142e-14,14106.11393501671,4.149407387317262
b0152,fhuD,COG0614,N,,,0,0.9259332133632957,0.9259332133632502,4.551914400963142e-14,14106.11393501671,4.149407387317262
b0158,btuF,COG0614,N,,,0,0.9259332133632957,0.9259332133632502,4.551914400963142e-14,14106.11393501671,4.149407387317262
b1709,btuD,COG4138,N,,,0,0.9259332133632957,0.9259332133632502,4.551914400963142e-14,14106.11393501671,4.149407387317262
b1711,btuC,COG4139,N,,,0,0.9259332133632957,0.9259332133632502,4.551914400963142e-14,14106.11393501671,4.149407387317262
b2223,atoE,COG2031,N,,,0,0.9259332133632957,0.9259332133632502,4.551914400963142e-14,14106.11393501671,4.149407387317262
b1101,ptsG,COG1263,N,,,0,0.9259332133632957,0.9259332133632431,5.262457136723242e-14,21906.661410447563,4.3405761958400495
b0679,nagE,COG1263,N,,,0,0.9259332133632957,0.9259332133632977,-1.9984014443252818e-15,21906.66141044783,4.340576195840055
b1817,manX,COG2893,N,,,0,0.9259332133632957,0.9259332133632977,-1.9984014443252818e-15,21906.66141044783,4.340576195840055
b1818,manY,COG3715,N,,,0,0.9259332133632957,0.9259332133632977,-1.9984014443252818e-15,21906.66141044783,4.340576195840055
b0311,betA,COG2303,N,,,0,0.9259332133632957,0.9259332133632977,-1.9984014443252818e-15,21906.66141044783,4.340576195840055
b4381,deoC,COG0274,N,,,0,0.9259332133632957,0.9259332133632977,-1.9984014443252818e-15,21906.66141044783,4.340576195840055
b0592,fepB,COG4592,N,,,0,0.9259332133632957,0.9259332133632977,-1.9984014443252818e-15,21906.66141044783,4.340576195840055
b0590,fepD,COG0609,N,,,0,0.9259332133632957,0.9259332133632977,-1.9984014443252818e-15,21906.66141044783,4.340576195840055
b0588,fepC,COG1120,N,,,0,0.9259332133632957,0.9259332133632977,-1.9984014443252818e-15,21906.66141044783,4.340576195840055
b0589,fepG,COG4779,N,,,0,0.9259332133632957,0.9259332133632977,-1.9984014443252818e-15,21906.66141044783,4.340576195840055
b2841,araE,COG0477,N,,,0,0.9259332133632957,0.9259332133632977,-1.9984014443252818e-15,21906.66141044783,4.340576195840055
b2310,argT,COG0834,N,,,0,0.9259332133632957,0.9259332133632977,-1.9984014443252818e-15,21906.66141044783,4.340576195840055
b2306,hisP,COG4598,N,,,0,0.9259332133632957,0.9259332133632977,-1.9984014443252818e-15,21906.66141044783,4.340576195840055
b2307,hisM,COG4160,N,,,0,0.9259332133632957,0.9259332133632977,-1.9984014443252818e-15,21906.66141044783,4.340576195840055
b2308,hisQ,COG4215,N,,,0,0.9259332133632957,0.9259332133632977,-1.9984014443252818e-15,21906.66141044783,4.340576195840055
b0864,artP,COG4161,N,,,0,0.9259332133632957,0.9259332133632977,-1.9984014443252818e-15,21906.66141044783,4.340576195840055
b0861,artM,COG4160,N,,,0,0.9259332133632957,0.9259332133632977,-1.9984014443252818e-15,21906.66141044783,4.340576195840055
b0860,artJ,COG0834,N,,,0,0.9259332133632957,0.9259332133632977,-1.9984014443252818e-15,21906.66141044783,4.340576195840055
b0863,artI,COG0834,N,,,0,0.9259332133632957,0.9259332133632977,-1.9984014443252818e-15,21906.66141044783,4.340576195840055
b0862,artQ,COG4215,N,,,0,0.9259332133632957,0.9259332133632977,-1.9984014443252818e-15,21906.66141044783,4.340576195840055
b4115,adiC,COG0531,N,,,0,0.9259332133632957,0.9259332133632977,-1.9984014443252818e-15,21906.66141044783,4.340576195840055
b4195,ulaC,COG1762,N,,,0,0.9259332133632957,0.9259332133632977,-1.9984014443252818e-15,21906.66141044783,4.340576195840055
b4194,ulaB,COG3414,N,,,0,0.9259332133632957,0.9259332133632977,-1.9984014443252818e-15,21906.66141044783,4.340576195840055
b0654,gltJ,COG0765,N,,,0,0.9259332133632957,0.9259332133632977,-1.9984014443252818e-15,21906.66141044783,4.340576195840055
b0655,gltI,COG0834,N,,,0,0.9259332133632957,0.9259332133632977,-1.9984014443252818e-15,21906.66141044783,4.340576195840055
b0652,gltL,COG1126,N,,,0,0.9259332133632957,0.9259332133632977,-1.9984014443252818e-15,21906.66141044783,4.340576195840055
b0653,gltK,COG0765,N,,,0,0.9259332133632957,0.9259332133632977,-1.9984014443252818e-15,21906.66141044783,4.340576195840055
b4077,gltP,COG1301,N,,,0,0.9259332133632957,0.9259332133632977,-1.9984014443252818e-15,21906.66141044783,4.340576195840055
b0480,ushA,COG0737,N,,,0,0.9259332133632957,0.9259332133632977,-1.9984014443252818e-15,21906.66141044783,4.340576195840055
b4055,aphA,COG3700,N,,,0,0.9259332133632957,0.9259332133632977,-1.9984014443252818e-15,21906.66141044783,4.340576195840055
b3127,garP,COG0477,N,,,0,0.9259332133632957,0.9259332133632977,-1.9984014443252818e-15,21906.66141044783,4.340576195840055
b2789,gudP,COG0477,N,,,0,0.9259332133632957,0.9259332133632977,-1.9984014443252818e-15,21906.66141044783,4.340576195840055
b2943,galP,COG0477,N,,,0,0.9259332133632957,0.9259332133633011,-5.440092820663267e-15,15338.439243073288,4.185781170394855
b2663,gabP,COG1113,N,,,0,0.9259332133632957,0.9259332133632812,1.454392162258955e-14,15338.439243073308,4.185781170394856
b1918,yecS,COG0765,N,,,0,0.9259332133632957,0.9259332133632812,1.454392162258955e-14,15338.439243073308,4.185781170394856
b1917,yecC,COG1126,N,,,0,0.9259332133632957,0.9259332133632812,1.454392162258955e-14,15338.439243073308,4.185781170394856
b1920,fliY,COG0834,N,,,0,0.9259332133632957,0.9259332133632812,1.454392162258955e-14,15338.439243073308,4.185781170394856
b2704,srlB,COG3731,N,,,0,0.9259332133632957,0.9259332133632812,1.454392162258955e-14,15338.439243073308,4.185781170394856
b1197,treA,COG1626,N,,,0,0.9259332133632957,0.9259332133632812,1.454392162258955e-14,16857.797188486933,4.226800824654908
b0733,cydA,COG1271,E,N,N,0,0.9259332133632957,0.9259332133633,-4.3298697960381105e-15,16857.797188486962,4.226800824654909
b0734,cydB,COG1294,N,,,0,0.9259332133632957,0.9259332133633,-4.3298697960381105e-15,16857.797188486962,4.226800824654909
b0979,appB,COG1294,N,,,0,0.9259332133632957,0.9259332133633,-4.3298697960381105e-15,16857.797188486962,4.226800824654909
b0978,appC,COG1271,N,,,0,0.9259332133632957,0.9259332133633,-4.3298697960381105e-15,16857.797188486962,4.226800824654909
b3734,atpA,COG0056,N,,,0,0.9259332133632957,0.9259332133630955,2.0017321133991572e-13,66003.36572930485,4.819566082214522
b3735,atpH,COG0712,N,,,0,0.9259332133632957,0.9259332133632625,3.319566843629218e-14,66003.36572937653,4.819566082214994
b3736,atpF,COG0711,N,,,0,0.9259332133632957,0.9259332133632625,3.319566843629218e-14,66003.36572937653,4.819566082214994
b3737,atpE,COG0636,N,,,0,0.9259332133632957,0.9259332133632625,3.319566843629218e-14,66003.36572937653,4.819566082214994
b3731,atpC,COG0355,N,,,0,0.9259332133632957,0.9259332133632625,3.319566843629218e-14,66003.36572937653,4.819566082214994
b3732,atpD,COG0055,N,,,0,0.9259332133632957,0.9259332133632625,3.319566843629218e-14,66003.36572937653,4.819566082214994
b3733,atpG,COG0224,N,,,0,0.9259332133632957,0.9259332133632625,3.319566843629218e-14,66003.36572937653,4.819566082214994
b3738,atpB,COG0356,N,,,0,0.9259332133632957,0.9259332133632625,3.319566843629218e-14,66003.36572937653,4.819566082214994
b3739,atpI,COG3312,N,,,0,0.9259332133632957,0.9259332133632625,3.319566843629218e-14,66003.36572937653,4.819566082214994
b4067,actP,COG4147,N,,,0,0.9259332133632957,0.9259332133632625,3.319566843629218e-14,66003.36572937653,4.819566082214994
b3714,yieG,COG2252,N,,,0,0.9259332133632957,0.9259332133632625,3.319566843629218e-14,66003.36572937653,4.819566082214994
b3654,yicE,COG2233,N,,,0,0.9259332133632957,0.9259332133632625,3.319566843629218e-14,66003.36572937653,4.819566082214994
b3664,yicO,COG2252,N,,,0,0.9259332133632957,0.9259332133632625,3.319566843629218e-14,66003.36572937653,4.819566082214994
b4088,alsB,COG1879,N,,,0,0.9259332133632957,0.9259332133632625,3.319566843629218e-14,66003.36572937653,4.819566082214994
b4087,alsA,COG1129,N,,,0,0.9259332133632957,0.9259332133632625,3.319566843629218e-14,66003.36572937653,4.819566082214994
b4086,alsC,COG1172,N,,,0,0.9259332133632957,0.9259332133632625,3.319566843629218e-14,66003.36572937653,4.819566082214994
b1901,araF,COG1879,N,,,0,0.9259332133632957,0.9259332133632625,3.319566843629218e-14,66003.36572937653,4.819566082214994
b1900,araG,COG1129,N,,,0,0.9259332133632957,0.9259332133632625,3.319566843629218e-14,66003.36572937653,4.819566082214994
b0124,gcd,COG4993,N,,,0,0.9259332133632957,0.9259332133632625,3.319566843629218e-14,66003.36572937653,4.819566082214994
b0837,yliI,COG2133,N,,,0,0.9259332133632957,0.9259332133632625,3.319566843629218e-14,66003.36572937653,4.819566082214994
b4064,yjcD,COG2252,N,,,0,0.9259332133632957,0.9259332133632625,3.319566843629218e-14,66003.36572937653,4.819566082214994
b0974,hyaC,COG1969,N,,,0,0.9259332133632957,0.9259332133632625,3.319566843629218e-14,66003.36572937653,4.819566082214994
b0973,hyaB,COG0374,N,,,0,0.9259332133632957,0.9259332133632625,3.319566843629218e-14,66003.36572937653,4.819566082214994
b0972,hyaA,COG1740,N,,,0,0.9259332133632957,0.9259332133632625,3.319566843629218e-14,66003.36572937653,4.819566082214994
b2997,hybO,COG1740,N,,,0,0.9259332133632957,0.9259332133632625,3.319566843629218e-14,66003.36572937653,4.819566082214994
b2996,hybA,COG0437,N,,,0,0.9259332133632957,0.9259332133632625,3.319566843629218e-14,66003.36572937653,4.819566082214994
b2994,hybC,COG0374,N,,,0,0.9259332133632957,0.9259332133632625,3.319566843629218e-14,66003.36572937653,4.819566082214994
b4289,fecC,COG0609,N,,,0,0.9259332133632957,0.9259332133632625,3.319566843629218e-14,66003.36572937653,4.819566082214994
b4288,fecD,COG0609,N,,,0,0.9259332133632957,0.9259332133632625,3.319566843629218e-14,66003.36572937653,4.819566082214994
b4290,fecB,COG4594,N,,,0,0.9259332133632957,0.9259332133632625,3.319566843629218e-14,66003.36572937653,4.819566082214994
b4287,fecE,COG1120,N,,,0,0.9259332133632957,0.9259332133632625,3.319566843629218e-14,66003.36572937653,4.819566082214994
b1102,fhuE,COG4773,N,,,0,0.9259332133632957,0.9259332133632625,3.319566843629218e-14,66003.36572937653,4.819566082214994
b3006,exbB,COG0811,N,,,0,0.9259332133632957,0.9259332133632625,3.319566843629218e-14,66003.36572937653,4.819566082214994
b3005,exbD,COG0848,N,,,0,0.9259332133632957,0.9259332133632625,3.319566843629218e-14,66003.36572937653,4.819566082214994
b1252,tonB,COG0810,N,,,0,0.9259332133632957,0.9259332133632625,3.319566843629218e-14,66003.36572937653,4.819566082214994
b2315,folC,COG0285,E,N,u,1,0.9259332133632957,0.0,0.9259332133632957,62076.92203011192,4.79293017509167
b0612,citT,COG0471,N,,,0,0.9259332133632957,0.9259332133632523,4.340972026284362e-14,67812.78452251754,4.8313115777044775
b0040,caiT,COG1292,N,,,0,0.9259332133632957,0.9259332133632657,2.9976021664879227e-14,67812.78452251697,4.831311577704474
b2131,yehZ,COG1732,N,,,0,0.9259332133632957,0.9259332133632657,2.9976021664879227e-14,67812.78452251697,4.831311577704474
b2130,yehY,COG1174,N,,,0,0.9259332133632957,0.9259332133632657,2.9976021664879227e-14,67812.78452251697,4.831311577704474
b2128,yehW,COG1174,N,,,0,0.9259332133632957,0.9259332133632657,2.9976021664879227e-14,67812.78452251697,4.831311577704474
b2129,yehX,COG1125,N,,,0,0.9259332133632957,0.9259332133632657,2.9976021664879227e-14,67812.78452251697,4.831311577704474
b3409,feoB,COG0370,N,,,0,0.9259332133632957,0.9259332133632657,2.9976021664879227e-14,67812.78452251697,4.831311577704474
b2167,fruA,COG1299,N,,,0,0.9259332133632957,0.9259332133632657,2.9976021664879227e-14,67812.78452251697,4.831311577704474
b2169,fruB,COG1925,N,,,0,0.9259332133632957,0.9259332133632657,2.9976021664879227e-14,67812.78452251697,4.831311577704474
b2801,fucP,COG0738,N,,,0,0.9259332133632957,0.9259332133632657,2.9976021664879227e-14,67812.78452251697,4.831311577704474
b0584,fepA,COG4771,N,,,0,0.9259332133632957,0.9259332133632657,2.9976021664879227e-14,67812.78452251697,4.831311577704474
b0336,codB,COG1457,N,,,0,0.9259332133632957,0.9259332133632657,2.9976021664879227e-14,67812.78452251697,4.831311577704474
b0341,cynX,COG2807,N,,,0,0.9259332133632957,0.9259332133632657,2.9976021664879227e-14,67812.78452251697,4.831311577704474
b4036,lamB,COG4580,N,,,0,0.9259332133632957,0.9259332133632666,2.90878432451791e-14,57214.72336937266,4.757507802486489
b4291,fecA,COG4772,N,,,0,0.9259332133632957,0.9259332133632537,4.196643033083092e-14,57214.72336937276,4.757507802486489
b1119,ycfX,COG1940,N,,,0,0.9259332133632957,0.9259332133632537,4.196643033083092e-14,57214.72336937276,4.757507802486489
b3829,metE,COG0620,N,,,1,0.9259332133632957,-1.1173146140385386e-16,0.9259332133632958,52934.07637934026,4.723735339690981
b4019,metH,COG0646,N,,,1,0.9259332133632957,0.0,0.9259332133632957,52934.07637934026,4.723735339690981
b0887,cydD,COG4988,N,,,0,0.9259332133632957,0.925933213363258,3.774758283725532e-14,67747.68973860062,4.83089448993929
b0886,cydC,COG4987,E,N,u,0,0.9259332133632957,0.9259332133632668,2.886579864025407e-14,67747.68973860014,4.830894489939287
b2476,purC,COG0152,N,,,1,0.9259332133632957,5.4182890046447947e-14,0.9259332133632415,66747.22733927766,4.824433229942806
b3125,garR,COG2084,N,,,0,0.9259332133632957,0.9259332133632794,1.63202784619898e-14,67747.68973859954,4.830894489939283
b0509,glxR,COG2084,N,,,0,0.9259332133632957,0.9259332133632475,4.8183679268731794e-14,67747.68973860111,4.830894489939293
b2501,ppk,COG0855,N,,,0,0.9259332133632957,0.9259332133632475,4.8183679268731794e-14,67747.68973860111,4.830894489939293
b3941,metF,COG0685,N,,,1,0.9259332133632957,0.0,0.9259332133632957,78983.66754868142,4.897537296014526
b2574,nadB,COG0029,N,,,1,0.9259332133632957,5.2002667497764174e-12,0.9259332133580954,78983.66754858402,4.89753729601399
b0529,folD,COG0190,E,N,u,0,0.9259332133632957,0.925933213363262,3.375077994860476e-14,67486.68353630893,4.829218086353415
b4132,cadB,COG0531,N,,,0,0.9259332133632957,0.9259332133632624,3.3306690738754696e-14,67486.6835363087,4.829218086353413
b0750,nadA,COG0379,N,,,1,0.9259332133632957,0.0,0.9259332133632957,77560.9243658792,4.889642976329932
b3605,lldD,COG1304,N,,,0,0.9259332133632957,0.9259332133632525,4.318767565791859e-14,67486.68353630914,4.829218086353416
b0306,ykgE,COG0247,N,,,0,0.9259332133632957,0.9259332133632624,3.3306690738754696e-14,67486.6835363087,4.829218086353413
b0307,ykgF,COG1139,N,,,0,0.9259332133632957,0.9259332133632624,3.3306690738754696e-14,67486.6835363087,4.829218086353413
b0904,focA,COG2116,N,,,0,0.9259332133632957,0.9259332133632352,6.050715484207103e-14,24611.94365144138,4.391145912108495
b2492,focB,COG2116,N,,,0,0.9259332133632957,0.9259332133632762,1.9539925233402755e-14,24611.943651441325,4.391145912108494
b3631,rfaG,COG0438,N,,,0,0.9259332133632957,0.9259332133632762,1.9539925233402755e-14,24611.943651441325,4.391145912108494
b0914,msbA,COG1132,E,E,u,1,0.9259332133632957,7.172576894167201e-30,0.9259332133632957,37937.787051051346,4.57907199446127
b1300,puuC,COG1012,N,,,0,0.9259332133632957,0.9259332133632476,4.807265696626928e-14,24662.966209056758,4.392045307894594
b1967,hchA,COG0693,N,,,0,0.9259332133632957,0.9259332133632856,1.0103029524088925e-14,24662.96620905688,4.3920453078945965
b0933,ssuB,COG1116,N,,,0,0.9259332133632957,0.9259332133632856,1.0103029524088925e-14,24662.96620905688,4.3920453078945965
b2032,wbbK,COG0438,N,,,0,0.9259332133632957,0.9259332133632856,1.0103029524088925e-14,24662.96620905688,4.3920453078945965
b3622,rfaL,COG3307,N,,,0,0.9259332133632957,0.9259332133632856,1.0103029524088925e-14,24662.96620905688,4.3920453078945965
b0459,maa,COG0110,N,,,0,0.9259332133632957,0.9259332133632856,1.0103029524088925e-14,24662.96620905688,4.3920453078945965
b0585,fes,COG2382,N,,,0,0.9259332133632957,0.9259332133632856,1.0103029524088925e-14,24662.96620905688,4.3920453078945965
b1326,mpaA,COG2866,N,,,0,0.9259332133632957,0.9259332133632856,1.0103029524088925e-14,24662.96620905688,4.3920453078945965
b0591,ybdA,COG0477,N,,,0,0.9259332133632957,0.9259332133632856,1.0103029524088925e-14,24662.96620905688,4.3920453078945965
b3035,tolC,COG1538,N,,,0,0.9259332133632957,0.9259332133632856,1.0103029524088925e-14,24662.96620905688,4.3920453078945965
b0692,potE,COG0531,N,,,0,0.9259332133632957,0.9259332133632856,1.0103029524088925e-14,24662.96620905688,4.3920453078945965
b2014,yeeF,COG0531,N,,,0,0.9259332133632957,0.9259332133632856,1.0103029524088925e-14,24662.96620905688,4.3920453078945965
b3374,frlD,COG0524,N,,,0,0.9259332133632957,0.9259332133632856,1.0103029524088925e-14,24662.96620905688,4.3920453078945965
b1308,pspE,COG0607,N,,,0,0.9259332133632957,0.9259332133632856,1.0103029524088925e-14,24662.96620905688,4.3920453078945965
b2197,ccmE,COG2332,N,,,0,0.9259332133632957,0.9259332133632856,1.0103029524088925e-14,24662.96620905688,4.3920453078945965
b2201,ccmA,COG4133,N,,,0,0.9259332133632957,0.9259332133632856,1.0103029524088925e-14,24662.96620905688,4.3920453078945965
b2200,ccmB,COG2386,N,,,0,0.9259332133632957,0.9259332133632856,1.0103029524088925e-14,24662.96620905688,4.3920453078945965
b2199,ccmC,COG0755,N,,,0,0.9259332133632957,0.9259332133632856,1.0103029524088925e-14,24662.96620905688,4.3920453078945965
b2198,ccmD,COG3114,N,,,0,0.9259332133632957,0.9259332133632856,1.0103029524088925e-14,24662.96620905688,4.3920453078945965
b3785,wzzE,COG3765,N,,,0,0.9259332133632957,0.9259332133632856,1.0103029524088925e-14,24662.96620905688,4.3920453078945965
b2552,hmp,COG1017,N,,,0,0.9259332133632957,0.9259332133632856,1.0103029524088925e-14,24662.96620905688,4.3920453078945965
b0756,galM,COG2017,N,,,0,0.9259332133632957,0.9259332133632856,1.0103029524088925e-14,24662.96620905688,4.3920453078945965
b0484,copA,COG2217,N,,,0,0.9259332133632957,0.9259332133632856,1.0103029524088925e-14,24662.96620905688,4.3920453078945965
b3469,zntA,COG2217,N,,,0,0.9259332133632957,0.9259332133632856,1.0103029524088925e-14,24662.96620905688,4.3920453078945965
b3626,rfaJ,COG1442,N,,,0,0.9259332133632957,0.9259332133632856,1.0103029524088925e-14,24662.96620905688,4.3920453078945965
b3623,rfaK,COG0859,E,N,u,0,0.9259332133632957,0.9259332133632856,1.0103029524088925e-14,24662.96620905688,4.3920453078945965
b2257,arnT,COG1807,N,,,0,0.9259332133632957,0.9259332133632856,1.0103029524088925e-14,24662.96620905688,4.3920453078945965
b2711,norW,COG0446,N,,,0,0.9259332133632957,0.9259332133632856,1.0103029524088925e-14,24662.96620905688,4.3920453078945965
b2710,norV,COG0426,N,,,0,0.9259332133632957,0.9259332133632856,1.0103029524088925e-14,24662.96620905688,4.3920453078945965
b4111,proP,COG0477,N,,,0,0.9259332133632957,0.9259332133632874,8.326672684688674e-15,24663.25985869104,4.392050478791536
b1386,tynA,COG3733,N,,,0,0.9259332133632957,0.9259332133632165,7.915890165577366e-14,24663.259858690817,4.392050478791533
b4072,nrfC,COG0437,N,,,0,0.9259332133632957,0.9259332133632165,7.915890165577366e-14,24663.259858690817,4.392050478791533
b4073,nrfD,COG3301,N,,,0,0.9259332133632957,0.9259332133632165,7.915890165577366e-14,24663.259858690817,4.392050478791533
b4070,nrfA,COG3303,N,,,0,0.9259332133632957,0.9259332133632165,7.915890165577366e-14,24663.259858690817,4.392050478791533
b3679,yidK,COG4146,N,,,0,0.9259332133632957,0.9259332133632165,7.915890165577366e-14,24663.259858690817,4.392050478791533
b0110,ampD,COG3023,N,,,0,0.9259332133632957,0.9259332133632165,7.915890165577366e-14,24663.259858690817,4.392050478791533
b1463,nhoA,COG2162,N,,,0,0.9259332133632957,0.9259332133632165,7.915890165577366e-14,24663.259858690817,4.392050478791533
b4219,msrA,COG0225,N,,,0,0.9259332133632957,0.9259332133632165,7.915890165577366e-14,24663.259858690817,4.392050478791533
b1778,yeaA,COG0229,N,,,0,0.9259332133632957,0.9259332133632165,7.915890165577366e-14,24663.259858690817,4.392050478791533
b2871,ygeX,COG1171,N,,,0,0.9259332133632957,0.9259332133632165,7.915890165577366e-14,24663.259858690817,4.392050478791533
b0932,pepN,COG0308,N,,,0,0.9259332133632957,0.9259332133632165,7.915890165577366e-14,24663.259858690817,4.392050478791533
b4260,pepA,COG0260,N,,,0,0.9259332133632957,0.9259332133632165,7.915890165577366e-14,24663.259858690817,4.392050478791533
b0237,pepD,COG2195,N,,,0,0.9259332133632957,0.9259332133632165,7.915890165577366e-14,24663.259858690817,4.392050478791533
b2132,bglX,COG1472,N,,,0,0.9259332133632957,0.9259332133632165,7.915890165577366e-14,24663.259858690817,4.392050478791533
b2239,glpQ,COG0584,N,,,0,0.9259332133632957,0.9259332133632165,7.915890165577366e-14,24663.259858690817,4.392050478791533
b2435,amiA,COG0860,N,,,0,0.9259332133632957,0.9259332133632165,7.915890165577366e-14,24663.259858690817,4.392050478791533
b0867,ybjR,COG3023,N,,,0,0.9259332133632957,0.9259332133632165,7.915890165577366e-14,24663.259858690817,4.392050478791533
b4169,amiB,COG0860,N,,,0,0.9259332133632957,0.9259332133632165,7.915890165577366e-14,24663.259858690817,4.392050478791533
b3610,grxC,COG0695,N,,,0,0.9259332133632957,0.9259332133632165,7.915890165577366e-14,24663.259858690817,4.392050478791533
b2676,nrdF,COG0208,N,,,0,0.9259332133632957,0.9259332133632165,7.915890165577366e-14,24663.259858690817,4.392050478791533
b1064,grxB,COG2999,N,,,0,0.9259332133632957,0.9259332133632165,7.915890165577366e-14,24663.259858690817,4.392050478791533
b2675,nrdE,COG0209,N,,,0,0.9259332133632957,0.9259332133632165,7.915890165577366e-14,24663.259858690817,4.392050478791533
b0849,grxA,COG0695,N,,,0,0.9259332133632957,0.9259332133632165,7.915890165577366e-14,24663.259858690817,4.392050478791533
b1654,ydhD,COG0278,N,,,0,0.9259332133632957,0.9259332133632165,7.915890165577366e-14,24663.259858690817,4.392050478791533
b3336,bfr,COG2193,N,,,0,0.9259332133632957,0.9259332133632165,7.915890165577366e-14,24663.259858690817,4.392050478791533
b0123,cueO,COG2132,N,,,0,0.9259332133632957,0.9259332133632165,7.915890165577366e-14,24663.259858690817,4.392050478791533
b1192,ldcA,COG1619,N,,,0,0.9259332133632957,0.9259332133632165,7.915890165577366e-14,24663.259858690817,4.392050478791533
b1270,btuR,COG2109,N,,,0,0.9259332133632957,0.9259332133632165,7.915890165577366e-14,24663.259858690817,4.392050478791533
b1247,oppF,COG4608,N,,,0,0.9259332133632957,0.9259332133632165,7.915890165577366e-14,24663.259858690817,4.392050478791533
b1244,oppB,COG0601,N,,,0,0.9259332133632957,0.9259332133632165,7.915890165577366e-14,24663.259858690817,4.392050478791533
b1245,oppC,COG1173,N,,,0,0.9259332133632957,0.9259332133632165,7.915890165577366e-14,24663.259858690817,4.392050478791533
b1243,oppA,COG4166,N,,,0,0.9259332133632957,0.9259332133632165,7.915890165577366e-14,24663.259858690817,4.392050478791533
b2180,yejF,COG4172,N,,,0,0.9259332133632957,0.9259332133632165,7.915890165577366e-14,24663.259858690817,4.392050478791533
b2179,yejE,COG4239,N,,,0,0.9259332133632957,0.9259332133632165,7.915890165577366e-14,24663.259858690817,4.392050478791533
b1329,mppA,COG4166,N,,,0,0.9259332133632957,0.9259332133632165,7.915890165577366e-14,24663.259858690817,4.392050478791533
b2178,yejB,COG4174,N,,,0,0.9259332133632957,0.9259332133632165,7.915890165577366e-14,24663.259858690817,4.392050478791533
b0433,ampG,COG0477,N,,,0,0.9259332133632957,0.9259332133632165,7.915890165577366e-14,24663.259858690817,4.392050478791533
b4367,fhuF,COG4114,N,,,0,0.9259332133632957,0.9259332133632165,7.915890165577366e-14,24663.259858690817,4.392050478791533
b0572,cusC,COG1538,N,,,0,0.9259332133632957,0.9259332133632165,7.915890165577366e-14,24663.259858690817,4.392050478791533
b0575,cusA,COG3696,N,,,0,0.9259332133632957,0.9259332133632165,7.915890165577366e-14,24663.259858690817,4.392050478791533
b0574,cusB,COG0845,N,,,0,0.9259332133632957,0.9259332133632165,7.915890165577366e-14,24663.259858690817,4.392050478791533
b3915,fieF,COG0053,N,,,0,0.9259332133632957,0.9259332133632165,7.915890165577366e-14,24663.259858690817,4.392050478791533
b0752,zitB,COG1230,N,,,0,0.9259332133632957,0.9259332133632165,7.915890165577366e-14,24663.259858690817,4.392050478791533
b1859,znuB,COG1108,N,,,0,0.9259332133632957,0.9259332133632165,7.915890165577366e-14,24663.259858690817,4.392050478791533
b1858,znuC,COG1121,N,,,0,0.9259332133632957,0.9259332133632165,7.915890165577366e-14,24663.259858690817,4.392050478791533
b1981,shiA,COG0477,N,,,0,0.9259332133632957,0.9259332133632165,7.915890165577366e-14,24663.259858690817,4.392050478791533
b2392,mntH,COG1914,N,,,0,0.9259332133632957,0.9259332133632165,7.915890165577366e-14,24663.259858690817,4.392050478791533
b0452,tesB,COG1946,N,,,0,0.9259332133632957,0.9259332133632374,5.828670879282072e-14,24996.903187547636,4.397886208197387
b1927,amyA,COG0366,N,,,0,0.9259332133632957,0.9259332133632886,7.105427357601002e-15,24996.90318754795,4.397886208197392
b3571,malS,COG0366,N,,,0,0.9259332133632957,0.9259332133632886,7.105427357601002e-15,24996.90318754795,4.397886208197392
b3650,spoT,COG0317,E,E,u,0,0.9259332133632957,0.9259332133632886,7.105427357601002e-15,24996.90318754795,4.397886208197392
b2344,fadL,COG2067,N,,,0,0.9259332133632957,0.9259332133632886,7.105427357601002e-15,24996.90318754795,4.397886208197392
b4213,cpdB,COG0737,N,,,0,0.9259332133632957,0.9259332133632886,7.105427357601002e-15,24996.90318754795,4.397886208197392
b1059,solA,COG0665,N,,,0,0.9259332133632957,0.9259332133632886,7.105427357601002e-15,24996.90318754795,4.397886208197392
b1727,yniC,COG0637,N,,,0,0.9259332133632957,0.9259332133632886,7.105427357601002e-15,24996.90318754795,4.397886208197392
b3580,lyxK,COG1070,N,,,0,0.9259332133632957,0.9259332133632886,7.105427357601002e-15,24996.90318754795,4.397886208197392
b2051,nudD,COG0494,N,,,0,0.9259332133632957,0.9259332133632886,7.105427357601002e-15,24996.90318754795,4.397886208197392
b4265,idnT,COG2610,N,,,0,0.9259332133632957,0.9259332133632886,7.105427357601002e-15,24996.90318754795,4.397886208197392
b3266,acrF,COG0841,N,,,0,0.9259332133632957,0.9259332133632886,7.105427357601002e-15,24996.90318754795,4.397886208197392
b3265,acrE,COG0845,N,,,0,0.9259332133632957,0.9259332133632886,7.105427357601002e-15,24996.90318754795,4.397886208197392
b3907,rhaT,COG0697,N,,,0,0.9259332133632957,0.9259332133632886,7.105427357601002e-15,24996.90318754795,4.397886208197392
b3477,nikB,COG0601,N,,,0,0.9259332133632957,0.9259332133632886,7.105427357601002e-15,24996.90318754795,4.397886208197392
b3476,nikA,COG0747,N,,,0,0.9259332133632957,0.9259332133632886,7.105427357601002e-15,24996.90318754795,4.397886208197392
b3480,nikE,COG1124,N,,,0,0.9259332133632957,0.9259332133632886,7.105427357601002e-15,24996.90318754795,4.397886208197392
b3478,nikC,COG1173,N,,,0,0.9259332133632957,0.9259332133632886,7.105427357601002e-15,24996.90318754795,4.397886208197392
b3479,nikD,COG0444,N,,,0,0.9259332133632957,0.9259332133632886,7.105427357601002e-15,24996.90318754795,4.397886208197392
b4242,mgtA,COG0474,N,,,0,0.9259332133632957,0.9259332133632886,7.105427357601002e-15,24996.90318754795,4.397886208197392
b4094,phnN,COG3709,N,,,0,0.9259332133632957,0.9259332133632886,7.105427357601002e-15,25007.935006418185,4.398077831980669
b0698,kdpA,COG2060,N,,,0,0.9259332133632957,0.9259332133632986,-2.886579864025407e-15,25007.935006418273,4.398077831980671
b0696,kdpC,COG2156,N,,,0,0.9259332133632957,0.9259332133632986,-2.886579864025407e-15,25007.935006418273,4.398077831980671
b0697,kdpB,COG2216,N,,,0,0.9259332133632957,0.9259332133632986,-2.886579864025407e-15,25007.935006418273,4.398077831980671
b3458,livK,COG0683,N,,,0,0.9259332133632957,0.9259332133632986,-2.886579864025407e-15,25007.935006418273,4.398077831980671
b2975,yghK,COG1620,N,,,0,0.9259332133632957,0.9259332133632986,-2.886579864025407e-15,25007.69029773776,4.398073582283542
b3603,lldP,COG1620,N,,,0,0.9259332133632957,0.9259332133633033,-7.549516567451064e-15,25007.69029773777,4.398073582283542
b4034,malE,COG2182,N,,,0,0.9259332133632957,0.9259332133633033,-7.549516567451064e-15,25007.69029773777,4.398073582283542
b4035,malK,COG3839,N,,,0,0.9259332133632957,0.9259332133633033,-7.549516567451064e-15,25007.69029773777,4.398073582283542
b4032,malG,COG3833,N,,,0,0.9259332133632957,0.9259332133633033,-7.549516567451064e-15,25007.69029773777,4.398073582283542
b4033,malF,COG1175,N,,,0,0.9259332133632957,0.9259332133633033,-7.549516567451064e-15,25007.69029773777,4.398073582283542
b3666,uhpT,COG2271,N,,,0,0.9259332133632957,0.9259332133633033,-7.549516567451064e-15,25007.69029773777,4.398073582283542
b0731,mngA,COG1445,N,,,0,0.9259332133632957,0.9259332133633033,-7.549516567451064e-15,25007.69029773777,4.398073582283542
b4120,melB,COG2211,N,,,0,0.9259332133632957,0.9259332133633033,-7.549516567451064e-15,25007.69029773777,4.398073582283542
b0343,lacY,COG0477,N,,,0,0.9259332133632957,0.9259332133633033,-7.549516567451064e-15,25007.69029773777,4.398073582283542
b0197,metQ,COG1464,N,,,0,0.9259332133632957,0.9259332133633033,-7.549516567451064e-15,25007.69029773777,4.398073582283542
b0199,metN,COG1135,N,,,0,0.9259332133632957,0.9259332133633033,-7.549516567451064e-15,25007.69029773777,4.398073582283542
b0198,metI,COG2011,N,,,0,0.9259332133632957,0.9259332133633033,-7.549516567451064e-15,25007.69029773777,4.398073582283542
b2933,cmtA,COG2213,N,,,0,0.9259332133632957,0.9259332133633033,-7.549516567451064e-15,25007.69029773777,4.398073582283542
b2934,cmtB,COG1762,N,,,0,0.9259332133632957,0.9259332133633033,-7.549516567451064e-15,25007.69029773777,4.398073582283542
b3599,mtlA,COG2213,N,,,0,0.9259332133632957,0.9259332133633033,-7.549516567451064e-15,25007.69029773777,4.398073582283542
b1186,nhaB,COG3067,N,,,0,0.9259332133632957,0.9259332133633033,-7.549516567451064e-15,25007.69029773777,4.398073582283542
b0019,nhaA,COG3004,N,,,0,0.9259332133632957,0.9259332133633033,-7.549516567451064e-15,25007.69029773777,4.398073582283542
b0451,amtB,COG0004,N,,,1,0.9259332133632957,-5.5554598738191144e-14,0.9259332133633512,48167.791909876694,4.682756738003537
b0751,pnuC,COG3201,N,,,0,0.9259332133632957,0.9259332133632105,8.515410598874951e-14,25025.10830688887,4.398375965751052
b1223,narK,COG2223,N,,,0,0.9259332133632957,0.9259332133632706,2.5091040356528538e-14,25025.108306888797,4.398375965751051
b1469,narU,COG2223,N,,,0,0.9259332133632957,0.9259332133632706,2.5091040356528538e-14,25025.108306888797,4.398375965751051
b3728,pstS,COG0226,N,,,0,0.9259332133632957,0.9259332133632706,2.5091040356528538e-14,25025.108306888797,4.398375965751051
b3727,pstC,COG0573,N,,,0,0.9259332133632957,0.9259332133632706,2.5091040356528538e-14,25025.108306888797,4.398375965751051
b3726,pstA,COG0581,N,,,0,0.9259332133632957,0.9259332133632706,2.5091040356528538e-14,25025.108306888797,4.398375965751051
b3725,pstB,COG1117,N,,,0,0.9259332133632957,0.9259332133632706,2.5091040356528538e-14,25025.108306888797,4.398375965751051
b3371,frlB,COG2222,N,,,0,0.9259332133632957,0.9259332133632706,2.5091040356528538e-14,25025.108306888797,4.398375965751051
b2677,proV,COG4175,N,,,0,0.9259332133632957,0.9259332133632706,2.5091040356528538e-14,25025.108306888797,4.398375965751051
b2678,proW,COG4176,N,,,0,0.9259332133632957,0.9259332133632706,2.5091040356528538e-14,25025.108306888797,4.398375965751051
b2679,proX,COG2113,N,,,0,0.9259332133632957,0.9259332133632706,2.5091040356528538e-14,25025.108306888797,4.398375965751051
b0402,proY,COG1113,N,,,0,0.9259332133632957,0.9259332133632706,2.5091040356528538e-14,25025.108306888797,4.398375965751051
b1015,putP,COG0591,N,,,0,0.9259332133632957,0.9259332133632706,2.5091040356528538e-14,25025.108306888797,4.398375965751051
b0854,potF,COG0687,N,,,0,0.9259332133632957,0.9259332133632706,2.5091040356528538e-14,25025.108306888797,4.398375965751051
b0856,potH,COG1176,N,,,0,0.9259332133632957,0.9259332133632706,2.5091040356528538e-14,25025.108306888797,4.398375965751051
b0857,potI,COG1177,N,,,0,0.9259332133632957,0.9259332133632706,2.5091040356528538e-14,25025.108306888797,4.398375965751051
b1440,ydcS,COG0687,N,,,0,0.9259332133632957,0.9259332133632706,2.5091040356528538e-14,25025.108306888797,4.398375965751051
b1441,ydcT,COG3842,N,,,0,0.9259332133632957,0.9259332133632706,2.5091040356528538e-14,25025.108306888797,4.398375965751051
b1442,ydcU,COG1176,N,,,0,0.9259332133632957,0.9259332133632706,2.5091040356528538e-14,25025.108306888797,4.398375965751051
b1443,ydcV,COG1177,N,,,0,0.9259332133632957,0.9259332133632706,2.5091040356528538e-14,25025.108306888797,4.398375965751051
b1126,potA,COG3842,N,,,0,0.9259332133632957,0.9259332133632706,2.5091040356528538e-14,25025.108306888797,4.398375965751051
b1125,potB,COG1176,N,,,0,0.9259332133632957,0.9259332133632706,2.5091040356528538e-14,25025.108306888797,4.398375965751051
b1124,potC,COG1177,N,,,0,0.9259332133632957,0.9259332133632706,2.5091040356528538e-14,25025.108306888797,4.398375965751051
b1123,potD,COG0687,N,,,0,0.9259332133632957,0.9259332133632706,2.5091040356528538e-14,25025.108306888797,4.398375965751051
b2957,ansB,COG0252,N,,,0,0.9259332133632957,0.9259332133632706,2.5091040356528538e-14,25025.108306888797,4.398375965751051
b0150,fhuA,COG1629,N,,,0,0.9259332133632957,0.9259332133632706,2.5091040356528538e-14,25025.108306888797,4.398375965751051
b1865,nudB,COG0494,N,,,1,0.9259332133632957,-7.821542521666102e-14,0.925933213363374,21834.496915533535,4.33914318987656
b2954,yggV,COG0127,N,,,0,0.9259332133632957,0.9259332133632519,4.3853809472693683e-14,17849.73061008596,4.25163166608205
b2938,speA,COG1166,N,,,0,0.9259332133632957,0.9259332133632824,1.3322676295501878e-14,17849.730610085422,4.251631666082037
b4090,rpiB,COG0698,N,,,0,0.9259332133632957,0.7687888930301326,0.15714432033316306,19720.027388308452,4.294907513778771
b4084,alsK,COG1940,E,N,u,0,0.9259332133632957,0.9259332133632733,2.2426505097428162e-14,12565.53180156162,4.099180873636614
b4085,alsE,COG0036,N,,,0,0.9259332133632957,0.9259332133633011,-5.440092820663267e-15,12565.531801561498,4.099180873636611
b4230,ytfT,COG1172,N,,,0,0.9259332133632957,0.9259332133633011,-5.440092820663267e-15,12565.531801561498,4.099180873636611
b4231,yjfF,COG1172,N,,,0,0.9259332133632957,0.9259332133633011,-5.440092820663267e-15,12565.531801561498,4.099180873636611
b4227,ytfQ,COG1879,N,,,0,0.9259332133632957,0.9259332133633011,-5.440092820663267e-15,12565.531801561498,4.099180873636611
b3750,rbsC,COG1172,N,,,0,0.9259332133632957,0.9259332133633011,-5.440092820663267e-15,12565.531801561498,4.099180873636611
b3751,rbsB,COG1879,N,,,0,0.9259332133632957,0.9259332133633011,-5.440092820663267e-15,12565.531801561498,4.099180873636611
b3749,rbsA,COG1129,N,,,0,0.9259332133632957,0.9259332133633011,-5.440092820663267e-15,12565.531801561498,4.099180873636611
b3748,rbsD,COG1869,N,,,0,0.9259332133632957,0.9259332133633011,-5.440092820663267e-15,12565.531801561498,4.099180873636611
b0810,glnP,COG0765,N,,,0,0.9259332133632957,0.9259332133633011,-5.440092820663267e-15,12565.531801561498,4.099180873636611
b0811,glnH,COG0834,N,,,0,0.9259332133632957,0.9259332133633011,-5.440092820663267e-15,12565.531801561498,4.099180873636611
b0809,glnQ,COG1126,N,,,0,0.9259332133632957,0.9259332133633011,-5.440092820663267e-15,12565.531801561498,4.099180873636611
b1492,gadC,COG0531,N,,,0,0.9259332133632957,0.9259332133633011,-5.440092820663267e-15,12565.531801561498,4.099180873636611
b3653,gltS,COG0786,N,,,0,0.9259332133632957,0.9259332133633011,-5.440092820663267e-15,12565.531801561498,4.099180873636611
b3927,glpF,COG0580,N,,,0,0.9259332133632957,0.9259332133633011,-5.440092820663267e-15,12565.531801561498,4.099180873636611
b3959,argB,COG0548,N,,,1,0.9259332133632957,-9.959322326798697e-16,0.9259332133632967,20551.91464150838,4.312852287502019
b1528,ydeA,COG2814,N,,,0,0.9259332133632957,0.9259332133632656,3.008704396734174e-14,12565.064112627631,4.099164708900689
b2170,setB,COG0477,N,,,0,0.9259332133632957,0.925933213363279,1.6653345369377348e-14,12565.064112627577,4.0991647089006875
b2303,folX,COG1539,N,,,0,0.9259332133632957,0.925933213363279,1.6653345369377348e-14,12565.064112627577,4.0991647089006875
b3028,mdaB,COG2249,N,,,0,0.9259332133632957,0.925933213363279,1.6653345369377348e-14,12565.064112627577,4.0991647089006875
b3432,glgB,COG0296,N,,,0,0.9259332133632957,0.925933213363279,1.6653345369377348e-14,12565.064112627577,4.0991647089006875
b3503,arsC,COG1393,N,,,0,0.9259332133632957,0.925933213363279,1.6653345369377348e-14,12565.064112627577,4.0991647089006875
b4321,gntP,COG2610,N,,,0,0.9259332133632957,0.925933213363279,1.6653345369377348e-14,12565.064112627577,4.0991647089006875
b3792,wzxE,COG2244,N,,,0,0.9259332133632957,0.925933213363279,1.6653345369377348e-14,12565.064112627577,4.0991647089006875
b2033,wbbJ,COG0110,N,,,0,0.9259332133632957,0.925933213363279,1.6653345369377348e-14,12565.064112627577,4.0991647089006875
b2037,rfbX,COG2244,N,,,0,0.9259332133632957,0.925933213363279,1.6653345369377348e-14,12565.064112627577,4.0991647089006875
b2175,spr,COG0791,N,,,0,0.9259332133632957,0.925933213363279,1.6653345369377348e-14,12565.064112627577,4.0991647089006875
b0356,frmA,COG1062,N,,,0,0.9259332133632957,0.925933213363279,1.6653345369377348e-14,12565.064112627577,4.0991647089006875
b2240,glpT,COG2271,N,,,0,0.9259332133632957,0.925933213363279,1.6653345369377348e-14,12565.064112627577,4.0991647089006875
b0875,aqpZ,COG0580,N,,,0,0.9259332133632957,0.9259332133632739,2.1760371282653068e-14,49113.715176278434,4.69120278730876
b0353,mhpT,COG0477,N,,,0,0.9259332133632957,0.9259332133633162,-2.0539125955565396e-14,49113.71517628041,4.691202787308777
b2309,hisJ,COG0834,N,,,0,0.9259332133632957,0.9259332133633162,-2.0539125955565396e-14,49113.71517628041,4.691202787308777
b0325,yahK,COG1064,N,,,0,0.9259332133632957,0.9259332133633162,-2.0539125955565396e-14,49113.71517628041,4.691202787308777
b2092,gatC,COG3775,N,,,0,0.9259332133632957,0.9259332133633162,-2.0539125955565396e-14,49113.71517628041,4.691202787308777
b2093,gatB,COG3414,N,,,0,0.9259332133632957,0.9259332133633162,-2.0539125955565396e-14,49113.71517628041,4.691202787308777
b2094,gatA,COG1762,N,,,0,0.9259332133632957,0.9259332133633162,-2.0539125955565396e-14,49113.71517628041,4.691202787308777
b3093,exuT,COG0477,N,,,0,0.9259332133632957,0.9259332133633162,-2.0539125955565396e-14,49113.71517628041,4.691202787308777
b1621,malX,COG1263,N,,,0,0.9259332133632957,0.9259332133633157,-1.9984014443252818e-14,52296.461398281455,4.718472303643719
b2021,hisC,COG0079,N,,,1,0.9259332133632957,0.0,0.9259332133632957,56752.05225276212,4.753981570991763
b0166,dapD,COG2171,E,N,u,1,0.9259332133632957,0.0,0.9259332133632957,56752.052252762056,4.753981570991763
b1519,tam,COG4106,N,,,0,0.9259332133632957,0.9259332133632975,-1.7763568394002505e-15,44088.81076852781,4.6443283845230425
b4268,idnK,COG3265,N,,,0,0.9259332133632957,0.9259332133632572,3.852473895449293e-14,44088.81076852842,4.644328384523049
b3437,gntK,COG3265,N,,,0,0.9259332133632957,0.9259332133632572,3.852473895449293e-14,44088.81076852842,4.644328384523049
b3904,rhaB,COG1070,u,,,0,0.9259332133632957,0.9259332133632339,6.183942247162122e-14,44088.81076852901,4.644328384523054
b2486,hyfF,COG0651,N,,,0,0.9259332133632957,0.9259332133632975,-1.7763568394002505e-15,44088.81076852759,4.644328384523041
b2724,hycB,COG1142,N,,,0,0.9259332133632957,0.9259332133632975,-1.7763568394002505e-15,44088.81076852759,4.644328384523041
b2719,hycG,COG3260,N,,,0,0.9259332133632957,0.9259332133632975,-1.7763568394002505e-15,44088.81076852759,4.644328384523041
b2720,hycF,COG1143,N,,,0,0.9259332133632957,0.9259332133632975,-1.7763568394002505e-15,44088.81076852759,4.644328384523041
b2721,hycE,COG3261,N,,,0,0.9259332133632957,0.9259332133632975,-1.7763568394002505e-15,44088.81076852759,4.644328384523041
b2722,hycD,COG0650,N,,,0,0.9259332133632957,0.9259332133632975,-1.7763568394002505e-15,44088.81076852759,4.644328384523041
b2723,hycC,COG0651,N,,,0,0.9259332133632957,0.9259332133632975,-1.7763568394002505e-15,44088.81076852759,4.644328384523041
b2485,hyfE,COG4237,N,,,0,0.9259332133632957,0.9259332133632975,-1.7763568394002505e-15,44088.81076852759,4.644328384523041
b2484,hyfD,COG1009,N,,,0,0.9259332133632957,0.9259332133632975,-1.7763568394002505e-15,44088.81076852759,4.644328384523041
b2487,hyfG,COG3261,N,,,0,0.9259332133632957,0.9259332133632975,-1.7763568394002505e-15,44088.81076852759,4.644328384523041
b4079,fdhF,COG0243,N,,,0,0.9259332133632957,0.9259332133632975,-1.7763568394002505e-15,44088.81076852759,4.644328384523041
b2482,hyfB,COG0651,N,,,0,0.9259332133632957,0.9259332133632975,-1.7763568394002505e-15,44088.81076852759,4.644328384523041
b2489,hyfI,COG3260,N,,,0,0.9259332133632957,0.9259332133632975,-1.7763568394002505e-15,44088.81076852759,4.644328384523041
b2488,hyfH,COG1143,N,,,0,0.9259332133632957,0.9259332133632975,-1.7763568394002505e-15,44088.81076852759,4.644328384523041
b2747,ispD,COG1211,E,E,u,1,0.9259332133632957,1.5643197889793223e-12,0.9259332133617314,53374.83908620232,4.727336578729479
b3213,gltD,COG0493,N,,,1,0.9259332133632957,8.470663877856454e-13,0.9259332133624486,42963.00577620791,4.633094657848761
b1761,gdhA,COG0334,N,,,0,0.9259332133632957,0.9259332133632778,1.787459069646502e-14,42926.04273650622,4.632720853610716
b3212,gltB,COG0067,N,,,1,0.9259332133632957,1.67206577214171e-15,0.925933213363294,31626.362405052438,4.500049243187886
b0186,ldcC,COG1982,N,,,0,0.9259332133632957,0.9259332133626449,6.508127370352668e-13,41138.428204459706,4.614247694379359
b4131,cadA,COG1982,N,,,0,0.9259332133632957,0.9259332133633358,-4.007905118896815e-14,41138.428204476586,4.614247694379538
b1189,dadA,COG0665,N,,,0,0.9259332133632957,0.9259332133633358,-4.007905118896815e-14,41138.428204476586,4.614247694379538
b2888,ygfU,COG2233,N,,,0,0.9259332133632957,0.9259332133633358,-4.007905118896815e-14,41138.428204476586,4.614247694379538
b2882,ygfO,COG2233,N,,,0,0.9259332133632957,0.9259332133633358,-4.007905118896815e-14,41138.428204476586,4.614247694379538
b3451,ugpE,COG0395,N,,,0,0.9259332133632957,0.9259332133633358,-4.007905118896815e-14,41138.428204476586,4.614247694379538
b3450,ugpC,COG3839,N,,,0,0.9259332133632957,0.9259332133633358,-4.007905118896815e-14,41138.428204476586,4.614247694379538
b3453,ugpB,COG1653,N,,,0,0.9259332133632957,0.9259332133633358,-4.007905118896815e-14,41138.428204476586,4.614247694379538
b3452,ugpA,COG1175,N,,,0,0.9259332133632957,0.9259332133633358,-4.007905118896815e-14,41138.428204476586,4.614247694379538
b2536,hcaT,COG0477,N,,,0,0.9259332133632957,0.9259332133633358,-4.007905118896815e-14,41138.428204476586,4.614247694379538
b0212,gloB,COG0491,N,,,0,0.9259332133632957,0.9259332133633358,-4.007905118896815e-14,41138.428204476586,4.614247694379538
b2868,xdhC,COG2080,N,,,0,0.9259332133632957,0.9259332133633358,-4.007905118896815e-14,41138.428204476586,4.614247694379538
b2867,xdhB,COG1319,N,,,0,0.9259332133632957,0.9259332133633358,-4.007905118896815e-14,41138.428204476586,4.614247694379538
b2866,xdhA,COG1529,N,,,0,0.9259332133632957,0.9259332133633358,-4.007905118896815e-14,41138.428204476586,4.614247694379538
b1991,cobT,COG2038,N,,,0,0.9259332133632957,0.9259332133633358,-4.007905118896815e-14,41138.428204476586,4.614247694379538
b1444,ydcW,COG1012,N,,,0,0.9259332133632957,0.9259332133633358,-4.007905118896815e-14,41138.428204476586,4.614247694379538
b2927,epd,COG0057,N,,,0,0.9259332133632957,0.9259332133633358,-4.007905118896815e-14,41138.428204476586,4.614247694379538
b2025,hisF,COG0107,N,,,1,0.9259332133632957,-2.8187173811709053e-15,0.9259332133632985,44840.249864391204,4.651668023959153
b2023,hisH,COG0118,N,,,1,0.9259332133632957,0.0,0.9259332133632957,44840.249864390404,4.651668023959145
b3640,dut,COG0756,E,E,u,0,0.9259332133632957,0.9259332133632819,1.3766765505351941e-14,38027.88819516987,4.5801022083816045
b0425,panE,COG1893,N,,,1,0.9259332133632957,-5.224123750011333e-16,0.9259332133632963,28342.888833966204,4.4524441134030095
b3772,ilvA,COG1171,N,,,1,0.9259332133632957,0.0,0.9259332133632957,28342.888833966244,4.4524441134030095
b0931,pncB,COG1488,N,,,0,0.9259332133632957,0.9259332133632793,1.6431300764452317e-14,38027.88390265762,4.580102159359306
b1764,selD,COG0709,N,,,0,0.9259332133632957,0.9259332133632703,2.5424107263916085e-14,38027.88390265748,4.5801021593593045
b2150,mglB,COG1879,N,,,0,0.9259332133632957,0.9259332133632703,2.5424107263916085e-14,38027.88390265748,4.5801021593593045
b2148,mglC,COG4211,N,,,0,0.9259332133632957,0.9259332133632703,2.5424107263916085e-14,38027.88390265748,4.5801021593593045
b2149,mglA,COG1129,N,,,0,0.9259332133632957,0.9259332133632703,2.5424107263916085e-14,38027.88390265748,4.5801021593593045
b1640,ydhH,COG2377,N,,,0,0.9259332133632957,0.9259332133632703,2.5424107263916085e-14,38027.88390265748,4.5801021593593045
b1606,folM,COG1028,N,,,1,0.9259332133632957,-5.6045099641064415e-15,0.9259332133633013,41048.63392561073,4.613298708631075
b0048,folA,COG0262,E,N,u,1,0.9259332133632957,6.654972427359007e-15,0.925933213363289,41048.63392561069,4.613298708631074
b0388,aroL,COG0703,N,,,1,0.9259332133632957,4.8515556860558685e-15,0.9259332133632908,41048.633925610775,4.613298708631075
b1745,astB,COG3724,N,,,0,0.9259332133632957,0.9259332133632814,1.432187701766452e-14,38027.883902658694,4.580102159359319
b0115,aceF,COG0508,N,,,0,0.9259332133632957,0.9259332133632506,4.5075054799781356e-14,38027.88390265577,4.580102159359285
b0114,aceE,COG2609,N,,,0,0.9259332133632957,0.9259332133632506,4.5075054799781356e-14,38027.88390265577,4.580102159359285
b3128,garD,COG2721,N,,,0,0.9259332133632957,0.9259332133632506,4.5075054799781356e-14,38027.88390265577,4.580102159359285
b2255,yfbG,COG0451,N,,,0,0.9259332133632957,0.9259332133632506,4.5075054799781356e-14,38027.88390265577,4.580102159359285
b0774,bioA,COG0161,N,,,1,0.9259332133632957,7.698107489946023e-16,0.9259332133632949,28342.88883396622,4.4524441134030095
b1605,ydgI,COG0531,N,,,0,0.9259332133632957,0.9259332133632857,9.992007221626409e-15,38027.88390265824,4.580102159359313
b2818,argA,COG0548,N,,,1,0.9259332133632957,9.47459383377972e-16,0.9259332133632947,28342.888833966266,4.45244411340301
b1489,dos,COG2199,N,,,0,0.9259332133632957,0.9259332133632633,3.241851231905457e-14,38027.883902656045,4.5801021593592885
b3032,cpdA,COG1409,N,,,0,0.9259332133632957,0.9259332133632853,1.0436096431476471e-14,38027.883902658985,4.580102159359322
b0334,prpD,COG2079,N,,,0,0.9259332133632957,0.9259332133632853,1.0436096431476471e-14,38027.883902658985,4.580102159359322
b0092,ddlB,COG1181,N,,,1,0.9259332133632957,2.4055438425464957e-32,0.9259332133632957,28342.888833966234,4.4524441134030095
b0381,ddlA,COG1181,N,,,1,0.9259332133632957,0.0,0.9259332133632957,28342.888833966128,4.452444113403008
b2715,ascF,COG1263,N,,,0,0.9259332133632957,0.9259332133632792,1.6542323066914832e-14,38333.2952582806,4.5835761542654225
b1738,chbB,COG1440,N,,,0,0.9259332133632957,0.925933213363272,2.375877272697835e-14,38333.29525828073,4.583576154265424
b1736,chbA,COG1447,N,,,0,0.9259332133632957,0.925933213363272,2.375877272697835e-14,38333.29525828073,4.583576154265424
b1737,chbC,COG1455,N,,,0,0.9259332133632957,0.925933213363272,2.375877272697835e-14,38333.29525828073,4.583576154265424
b2224,atoB,COG0183,N,,,0,0.9259332133632957,0.9259332133632732,2.2537527399890678e-14,38044.91378790724,4.580296604299927
b0842,cmr,COG0477,N,,,0,0.9259332133632957,0.9259332133632694,2.631228568361621e-14,38044.91378790729,4.580296604299928
b0047,kefC,COG0475,N,,,0,0.9259332133632957,0.9259332133632694,2.631228568361621e-14,38044.91378790729,4.580296604299928
b3350,kefB,COG0475,N,,,0,0.9259332133632957,0.9259332133632694,2.631228568361621e-14,38044.91378790729,4.580296604299928
b1216,chaA,COG0387,N,,,0,0.9259332133632957,0.9259332133632694,2.631228568361621e-14,38044.91378790729,4.580296604299928
b0728,sucC,COG0045,N,,,0,0.9259332133632957,0.925933213363269,2.6756374893466273e-14,37213.02338619934,4.570694955874863
b0729,sucD,COG0074,N,,,0,0.9259332133632957,0.9259332133632812,1.454392162258955e-14,37213.02338619945,4.570694955874864
b0650,hscC,COG0443,N,,,0,0.9259332133632957,0.9259332133632812,1.454392162258955e-14,37213.02338619945,4.570694955874864
b0757,galK,COG0153,N,,,0,0.9259332133632957,0.9259332133632812,1.454392162258955e-14,37213.02338619945,4.570694955874864
b0133,panC,COG0414,N,,,1,0.9259332133632957,2.2022762771924455e-16,0.9259332133632955,43684.87313670275,4.640331078834321
b2165,yeiN,COG2313,N,,,0,0.9259332133632957,0.9259332133632785,1.7208456881689926e-14,36374.95705413996,4.560802489247268
b3389,aroB,COG0337,N,,,1,0.9259332133632957,1.3402089044602359e-15,0.9259332133632944,38953.65318439015,4.5905481932903225
b2366,dsdA,COG3048,N,,,0,0.9259332133632957,0.925933213363276,1.965094753586527e-14,36374.957054139624,4.560802489247264
b3612,gpmI,COG0696,N,,,0,0.9259332133632957,0.9259332133632416,5.4067861299245124e-14,43683.43243771366,4.64031675584575
b0755,gpmA,COG0588,N,,,0,0.9259332133632957,0.9259332133632877,7.993605777301127e-15,43683.432437731375,4.640316755845927
b3919,tpiA,COG0149,N,,,0,0.9259332133632957,0.925933213363287,8.659739592076221e-15,43649.436118631864,4.6399786376830905
b2914,rpiA,COG0120,N,,,0,0.9259332133632957,0.768788893030092,0.1571443203332037,20523.2868107698,4.312246914406226
b2320,pdxB,COG0111,N,,,0,0.9259332133632957,0.9259332133632932,2.55351295663786e-15,12820.170103115597,4.1078937876129356
b1107,nagZ,COG1472,N,,,0,0.9259332133632957,0.9259332133632809,1.4765966227514582e-14,12820.170103115659,4.107893787612937
b1539,ydfG,COG4221,N,,,0,0.9259332133632957,0.9259332133632809,1.4765966227514582e-14,12820.170103115659,4.107893787612937
b0813,rhtA,COG5006,N,,,0,0.9259332133632957,0.9259332133632809,1.4765966227514582e-14,12820.170103115659,4.107893787612937
b3870,glnA,COG0174,N,,,1,0.9259332133632957,1.5758994424347963e-14,0.9259332133632799,26930.954448091234,4.430251745323651
b2947,gshB,COG0189,N,,,0,0.9259332133632957,0.925933213363258,3.774758283725532e-14,12820.17010311574,4.107893787612941
b2254,yfbF,COG0463,N,,,0,0.9259332133632957,0.9259332133632923,3.4416913763379853e-15,12820.170103115606,4.1078937876129356
b2256,yfbH,COG0726,N,,,0,0.9259332133632957,0.9259332133632923,3.4416913763379853e-15,12820.170103115606,4.1078937876129356
b3621,rfaC,COG0859,N,,,0,0.9259332133632957,0.9259332133632923,3.4416913763379853e-15,12820.170103115606,4.1078937876129356
b3001,yghZ,COG0667,N,,,0,0.9259332133632957,0.9259332133632923,3.4416913763379853e-15,12820.170103115606,4.1078937876129356
b1781,yeaE,COG0656,N,,,0,0.9259332133632957,0.9259332133632923,3.4416913763379853e-15,12820.170103115606,4.1078937876129356
b3620,rfaF,COG0859,N,,,0,0.9259332133632957,0.9259332133632923,3.4416913763379853e-15,12820.170103115606,4.1078937876129356
b3628,rfaB,COG0438,N,,,0,0.9259332133632957,0.9259332133632923,3.4416913763379853e-15,12820.170103115606,4.1078937876129356
b3627,rfaI,COG1442,N,,,0,0.9259332133632957,0.9259332133632923,3.4416913763379853e-15,12820.170103115606,4.1078937876129356
b3850,hemG,COG4635,E,N,u,1,0.9259332133632957,-1.7004304373441974e-15,0.9259332133632974,30511.664886074468,4.484465905810481
b3632,rfaQ,COG0859,N,,,0,0.9259332133632957,0.9259332133632814,1.432187701766452e-14,12821.196107026666,4.107928543002611
b2810,csdA,COG0520,N,,,0,0.9259332133632957,0.9259332133632814,1.432187701766452e-14,12821.196107026666,4.107928543002611
b1680,sufS,COG0520,N,,,0,0.9259332133632957,0.9259332133632814,1.432187701766452e-14,12821.196107026666,4.107928543002611
b3867,hemN,COG0635,N,,,0,0.9259332133632957,0.9259332133632814,1.432187701766452e-14,12821.196107026666,4.107928543002611
b2133,dld,COG0277,N,,,0,0.9259332133632957,0.9259332133632814,1.432187701766452e-14,12821.196107026666,4.107928543002611
b2260,menE,COG0318,N,,,0,0.9259332133632957,0.9259332133632814,1.432187701766452e-14,12821.196107026666,4.107928543002611
b2578,yfiK,COG1280,N,,,0,0.9259332133632957,0.9259332133632814,1.432187701766452e-14,12821.196107026666,4.107928543002611
b4394,yjjX,COG1986,N,,,0,0.9259332133632957,0.9259332133632814,1.432187701766452e-14,12821.196107026666,4.107928543002611
b2499,purM,COG0150,N,,,1,0.9259332133632957,-2.1818824291806855e-14,0.9259332133633176,26930.95444809211,4.430251745323665
b2835,ygeD,COG0477,N,,,0,0.9259332133632957,0.9259332133632701,2.5646151868841116e-14,12821.196107026713,4.107928543002613
b3029,ygiN,COG1359,N,,,0,0.9259332133632957,0.9259332133632701,2.5646151868841116e-14,12821.196107026713,4.107928543002613
b2889,idi,COG1443,N,,,0,0.9259332133632957,0.9259332133632701,2.5646151868841116e-14,12821.196095564803,4.107928542614362
b3821,pldA,COG2829,N,,,0,0.9259332133632957,0.9259332133632808,1.4876988529977098e-14,12821.196095564777,4.107928542614361
b2146,yeiT,COG0493,N,,,0,0.9259332133632957,0.9259332133632808,1.4876988529977098e-14,12821.196095564777,4.107928542614361
b2147,yeiA,COG1146,N,,,0,0.9259332133632957,0.9259332133632808,1.4876988529977098e-14,12821.196095564777,4.107928542614361
b1380,ldhA,COG1052,N,,,0,0.9259332133632957,0.9259332133632808,1.4876988529977098e-14,12821.196095564777,4.107928542614361
b0693,speF,COG1982,N,,,0,0.9259332133632957,0.9259332133632808,1.4876988529977098e-14,12821.196095564777,4.107928542614361
b0954,fabA,COG0764,E,E,u,0,0.9259332133632957,0.9259332133632808,1.4876988529977098e-14,12821.196095564777,4.107928542614361
b1288,fabI,COG0623,E,E,u,1,0.9259332133632957,1.5302952057581747e-15,0.9259332133632941,29286.530712487238,4.466667928128818
b0175,cdsA,COG0575,E,E,u,1,0.9259332133632957,0.0,0.9259332133632957,29286.530712487445,4.466667928128822
b3918,cdh,COG2134,N,,,0,0.9259332133632957,0.9259332133632417,5.395683899678261e-14,12820.465128913325,4.107903781755033
b1912,pgsA,COG0558,E,E,u,0,0.9259332133632957,0.9259332133632738,2.1871393585115584e-14,12820.465128913143,4.107903781755026
b1093,fabG,COG1028,E,E,u,1,0.9259332133632957,0.0,0.9259332133632957,29286.530712487474,4.466667928128822
b1661,cfa,COG2230,N,,,0,0.9259332133632957,0.9259332133632254,7.027711745877241e-14,12820.465128913387,4.107903781755034
b2497,uraA,COG2233,N,,,0,0.9259332133632957,0.9259332133632845,1.1213252548714081e-14,12820.465128913118,4.1079037817550255
b1488,ddpX,COG2173,N,,,0,0.9259332133632957,0.9259332133632845,1.1213252548714081e-14,12820.465128913118,4.1079037817550255
b3543,dppB,COG0601,N,,,0,0.9259332133632957,0.9259332133632845,1.1213252548714081e-14,12820.465128913118,4.1079037817550255
b3542,dppC,COG1173,N,,,0,0.9259332133632957,0.9259332133632845,1.1213252548714081e-14,12820.465128913118,4.1079037817550255
b3541,dppD,COG0444,N,,,0,0.9259332133632957,0.9259332133632845,1.1213252548714081e-14,12820.465128913118,4.1079037817550255
b3540,dppF,COG4608,N,,,0,0.9259332133632957,0.9259332133632845,1.1213252548714081e-14,12820.465128913118,4.1079037817550255
b3544,dppA,COG0747,N,,,0,0.9259332133632957,0.9259332133632845,1.1213252548714081e-14,12820.465128913118,4.1079037817550255
b1484,ddpD,COG0444,N,,,0,0.9259332133632957,0.9259332133632845,1.1213252548714081e-14,12820.465128913118,4.1079037817550255
b1485,ddpC,COG1173,N,,,0,0.9259332133632957,0.9259332133632845,1.1213252548714081e-14,12820.465128913118,4.1079037817550255
b1486,ddpB,COG0601,N,,,0,0.9259332133632957,0.9259332133632845,1.1213252548714081e-14,12820.465128913118,4.1079037817550255
b1487,ddpA,COG0747,N,,,0,0.9259332133632957,0.9259332133632845,1.1213252548714081e-14,12820.465128913118,4.1079037817550255
b1483,ddpF,COG1124,N,,,0,0.9259332133632957,0.9259332133632845,1.1213252548714081e-14,12820.465128913118,4.1079037817550255
b0829,yliA,COG1123,N,,,0,0.9259332133632957,0.9259332133632845,1.1213252548714081e-14,12820.465128913118,4.1079037817550255
b0832,yliD,COG1173,N,,,0,0.9259332133632957,0.9259332133632845,1.1213252548714081e-14,12820.465128913118,4.1079037817550255
b0830,yliB,COG0747,N,,,0,0.9259332133632957,0.9259332133632845,1.1213252548714081e-14,12820.465128913118,4.1079037817550255
b0831,yliC,COG0601,N,,,0,0.9259332133632957,0.9259332133632845,1.1213252548714081e-14,12820.465128913118,4.1079037817550255
b0789,ybhO,COG1502,N,,,0,0.9259332133632957,0.9259332133632845,1.1213252548714081e-14,12820.465128913118,4.1079037817550255
b1249,cls,COG1502,N,,,0,0.9259332133632957,0.9259332133632845,1.1213252548714081e-14,12820.465128913118,4.1079037817550255
b1677,lpp,COG4238,N,,,0,0.9259332133632957,0.9259332133632845,1.1213252548714081e-14,12820.465128913118,4.1079037817550255
b0657,lnt,COG0815,E,E,u,0,0.9259332133632957,0.9259332133632845,1.1213252548714081e-14,12820.465128913118,4.1079037817550255
b0418,pgpA,COG1267,N,,,0,0.9259332133632957,0.9259332133632845,1.1213252548714081e-14,12820.465128913118,4.1079037817550255
b0508,hyi,COG3622,N,,,0,0.9259332133632957,0.9259332133632845,1.1213252548714081e-14,12820.465128913118,4.1079037817550255
b0613,citG,COG1767,N,,,0,0.9259332133632957,0.9259332133632845,1.1213252548714081e-14,12820.465128913118,4.1079037817550255
b1301,puuB,COG0665,N,,,0,0.9259332133632957,0.9259332133632845,1.1213252548714081e-14,12820.465128913118,4.1079037817550255
b0805,fiu,COG4774,N,,,0,0.9259332133632957,0.9259332133632845,1.1213252548714081e-14,12820.465128913118,4.1079037817550255
b2155,cirA,COG4771,N,,,0,0.9259332133632957,0.9259332133632845,1.1213252548714081e-14,12820.465128913118,4.1079037817550255
b0576,pheP,COG1113,N,,,0,0.9259332133632957,0.9259332133632845,1.1213252548714081e-14,12820.465128913118,4.1079037817550255
b0594,entE,COG1021,N,,,0,0.9259332133632957,0.9259332133632845,1.1213252548714081e-14,12820.465128913118,4.1079037817550255
b3182,dacB,COG2027,N,,,0,0.9259332133632957,0.9259332133632845,1.1213252548714081e-14,12820.465128913118,4.1079037817550255
b2010,dacD,COG1686,N,,,0,0.9259332133632957,0.9259332133632845,1.1213252548714081e-14,12820.465128913118,4.1079037817550255
b0839,dacC,COG1686,N,,,0,0.9259332133632957,0.9259332133632845,1.1213252548714081e-14,12820.465128913118,4.1079037817550255
b2430,yfeW,COG1680,N,,,0,0.9259332133632957,0.9259332133632845,1.1213252548714081e-14,12820.465128913118,4.1079037817550255
b0632,dacA,COG1686,N,,,0,0.9259332133632957,0.9259332133632845,1.1213252548714081e-14,12820.465128913118,4.1079037817550255
b0376,ampH,COG1680,N,,,0,0.9259332133632957,0.9259332133632845,1.1213252548714081e-14,12820.465128913118,4.1079037817550255
b0514,glxK,COG1929,N,,,0,0.9259332133632957,0.9259332133632845,1.1213252548714081e-14,12820.465128913118,4.1079037817550255
b2519,pbpC,COG4953,N,,,1,0.9259332133632957,1.6454416978659276e-15,0.925933213363294,29286.530712487347,4.46666792812882
b3396,mrcA,COG5009,N,,,1,0.9259332133632957,0.0,0.9259332133632957,29286.53071248751,4.466667928128823
b1069,mviN,COG0728,E,u,u,1,0.9259332133632957,0.0,0.9259332133632957,29286.53071248751,4.466667928128823
b0089,ftsW,COG0772,E,E,u,1,0.9259332133632957,0.0,0.9259332133632957,29286.53071248751,4.466667928128823
b3208,mtgA,COG0744,N,,,1,0.9259332133632957,0.0,0.9259332133632957,29286.53071248751,4.466667928128823
b0149,mrcB,COG0744,N,,,1,0.9259332133632957,0.0,0.9259332133632957,29286.53071248751,4.466667928128823
b0084,ftsI,COG0768,E,E,u,1,0.9259332133632957,0.0,0.9259332133632957,29286.53071248751,4.466667928128823
b0635,mrdA,COG0768,E,E,u,1,0.9259332133632957,0.0,0.9259332133632957,29286.530712487463,4.466667928128822
b0925,ycbB,COG2989,N,,,0,0.9259332133632957,0.9259332133632164,7.926992395823618e-14,12820.465128913398,4.107903781755034
b1678,ynhG,COG1376,N,,,0,0.9259332133632957,0.9259332133632685,2.7200464103316335e-14,12820.465128913158,4.107903781755026
b0355,frmB,COG0627,N,,,0,0.9259332133632957,0.9259332133632685,2.7200464103316335e-14,12820.465128913158,4.107903781755026
b2154,yeiG,COG0627,N,,,0,0.9259332133632957,0.9259332133632685,2.7200464103316335e-14,12820.465128913158,4.107903781755026
b2893,dsbC,COG1651,N,,,0,0.9259332133632957,0.9259332133632685,2.7200464103316335e-14,12820.465128913158,4.107903781755026
b0604,dsbG,COG1651,N,,,0,0.9259332133632957,0.9259332133632685,2.7200464103316335e-14,12820.465128913158,4.107903781755026
b3930,menA,COG1575,N,,,0,0.9259332133632957,0.9259332133632685,2.7200464103316335e-14,12820.465128913158,4.107903781755026
b3994,thiC,COG0422,N,,,1,0.9259332133632957,2.271176274420015e-16,0.9259332133632955,29286.53071248721,4.466667928128818
b1710,btuE,COG0386,N,,,0,0.9259332133632957,0.9259332133632572,3.852473895449293e-14,12820.46512891327,4.10790378175503
b2480,bcp,COG1225,N,,,0,0.9259332133632957,0.9259332133632685,2.7200464103316335e-14,12820.465128913158,4.107903781755026
b0429,cyoD,COG3125,N,,,0,0.9259332133632957,0.9259332133633233,-2.7644553313166398e-14,27624.50083326686,4.4412944391885025
b0432,cyoA,COG1622,N,,,0,0.9259332133632957,0.9259332133632402,5.551115123125783e-14,27624.500833264217,4.441294439188461
b0430,cyoC,COG1845,N,,,0,0.9259332133632957,0.9259332133632402,5.551115123125783e-14,27624.500833264217,4.441294439188461
b0431,cyoB,COG0843,N,,,0,0.9259332133632957,0.9259332133632402,5.551115123125783e-14,27624.500833264217,4.441294439188461
b0180,fabZ,COG0764,E,E,u,1,0.9259332133632957,0.0,0.9259332133632957,19580.11960219976,4.291815340297392
b2413,cysZ,COG2981,N,,,0,0.9259332133632957,0.9259332133632707,2.4980018054066022e-14,28657.45927283087,4.457237683873535
b3018,plsC,COG0204,E,E,u,1,0.9259332133632957,-4.063968351657087e-16,0.9259332133632961,15958.123351366587,4.2029818177123
b4042,dgkA,COG0818,N,,,0,0.9259332133632957,0.9259332133632253,7.038813976123492e-14,28657.459272829416,4.4572376838735135
b4160,psd,COG0688,E,N,u,1,0.9259332133632957,1.5700911487786414e-16,0.9259332133632956,15958.123351366583,4.2029818177123
b0722,sdhD,COG2142,N,,,0,0.9259332133632957,0.9259332133632577,3.7969627442180354e-14,27941.022000490284,4.44624228728482
b0723,sdhA,COG1053,N,,,0,0.9259332133632957,0.9259332133632452,5.051514762044462e-14,27941.02200048987,4.4462422872848135
b0721,sdhC,COG2009,N,,,0,0.9259332133632957,0.9259332133632452,5.051514762044462e-14,27941.02200048987,4.4462422872848135
b0724,sdhB,COG0479,N,,,0,0.9259332133632957,0.9259332133632452,5.051514762044462e-14,27941.02200048987,4.4462422872848135
b0494,tesA,COG2755,N,,,0,0.9259332133632957,0.9259332133632452,5.051514762044462e-14,27941.02200048987,4.4462422872848135
b0118,acnB,COG1049,N,,,1,0.9259332133632957,2.9011208801099916e-15,0.9259332133632928,17218.601712011598,4.235997880368836
b1276,acnA,COG1048,N,,,1,0.9259332133632957,-4.329959436745402e-16,0.9259332133632961,17218.601712011594,4.235997880368835
b3447,ggt,COG0405,N,,,0,0.9259332133632957,0.9259332133632389,5.684341886080802e-14,31608.5100677378,4.499804024956628
b1990,erfK,COG1376,N,,,0,0.9259332133632957,0.925933213363278,1.765254609153999e-14,31608.51006773894,4.499804024956643
b0819,ybiS,COG1376,N,,,0,0.9259332133632957,0.925933213363278,1.765254609153999e-14,31608.51006773894,4.499804024956643
b1113,ycfS,COG1376,N,,,0,0.9259332133632957,0.925933213363278,1.765254609153999e-14,31608.51006773894,4.499804024956643
b1097,yceG,COG1559,N,,,0,0.9259332133632957,0.925933213363278,1.765254609153999e-14,31608.51006773894,4.499804024956643
b2813,mltA,COG2821,N,,,0,0.9259332133632957,0.925933213363278,1.765254609153999e-14,31608.51006773894,4.499804024956643
b2701,mltB,COG2951,N,,,0,0.9259332133632957,0.925933213363278,1.765254609153999e-14,31608.51006773894,4.499804024956643
b0211,mltD,COG0741,N,,,0,0.9259332133632957,0.925933213363278,1.765254609153999e-14,31608.51006773894,4.499804024956643
b2558,yfhD,COG4623,N,,,0,0.9259332133632957,0.925933213363278,1.765254609153999e-14,31608.51006773894,4.499804024956643
b1193,emtA,COG0741,N,,,0,0.9259332133632957,0.925933213363278,1.765254609153999e-14,31608.51006773894,4.499804024956643
b2963,mltC,COG0741,N,,,0,0.9259332133632957,0.925933213363278,1.765254609153999e-14,31608.51006773894,4.499804024956643
b3546,eptB,COG2194,N,,,0,0.9259332133632957,0.925933213363278,1.765254609153999e-14,31608.51006773894,4.499804024956643
b2328,mepA,COG3770,N,,,0,0.9259332133632957,0.925933213363278,1.765254609153999e-14,31608.51006773894,4.499804024956643
b2134,pbpG,COG1686,N,,,0,0.9259332133632957,0.925933213363278,1.765254609153999e-14,31608.51006773894,4.499804024956643
b1655,ydhO,COG0791,N,,,0,0.9259332133632957,0.925933213363278,1.765254609153999e-14,31608.51006773894,4.499804024956643
b1856,yebA,COG0739,N,,,0,0.9259332133632957,0.925933213363278,1.765254609153999e-14,31608.51006773894,4.499804024956643
b3860,dsbA,COG0526,N,,,0,0.9259332133632957,0.925933213363278,1.765254609153999e-14,31608.51006773894,4.499804024956643
b4136,dipZ,COG4232,N,,,0,0.9259332133632957,0.925933213363278,1.765254609153999e-14,31608.51006773894,4.499804024956643
b0605,ahpC,COG0450,N,,,0,0.9259332133632957,0.925933213363278,1.765254609153999e-14,31608.51006773894,4.499804024956643
b0606,ahpF,COG3634,N,,,0,0.9259332133632957,0.925933213363278,1.765254609153999e-14,31608.51006773894,4.499804024956643
b0221,fadE,COG1960,N,,,0,0.9259332133632957,0.9259332133632775,1.8207657603852567e-14,32806.59653235429,4.515961177539746
b2282,nuoH,COG1005,N,,,0,0.9259332133632957,0.9259332133633009,-5.218048215738236e-15,44826.60286225882,4.6515358275546586
b2281,nuoI,COG1143,N,,,0,0.9259332133632957,0.9259332133633009,-5.218048215738236e-15,44826.60286225882,4.6515358275546586
b2276,nuoN,COG1007,N,,,0,0.9259332133632957,0.9259332133633009,-5.218048215738236e-15,44826.60286225882,4.6515358275546586
b2277,nuoM,COG1008,N,,,0,0.9259332133632957,0.9259332133633009,-5.218048215738236e-15,44826.60286225882,4.6515358275546586
b2285,nuoE,COG1905,N,,,0,0.9259332133632957,0.9259332133633009,-5.218048215738236e-15,44826.60286225882,4.6515358275546586
b2284,nuoF,COG1894,N,,,0,0.9259332133632957,0.9259332133633009,-5.218048215738236e-15,44826.60286225882,4.6515358275546586
b2278,nuoL,COG1009,N,,,0,0.9259332133632957,0.9259332133633009,-5.218048215738236e-15,44826.60286225882,4.6515358275546586
b2279,nuoK,COG0713,N,,,0,0.9259332133632957,0.9259332133633009,-5.218048215738236e-15,44826.60286225882,4.6515358275546586
b2280,nuoJ,COG0839,N,,,0,0.9259332133632957,0.9259332133633009,-5.218048215738236e-15,44826.60286225882,4.6515358275546586
b2287,nuoB,COG0377,N,,,0,0.9259332133632957,0.9259332133633009,-5.218048215738236e-15,44826.60286225882,4.6515358275546586
b2286,nuoC,COG0649,N,,,0,0.9259332133632957,0.9259332133633009,-5.218048215738236e-15,44826.60286225882,4.6515358275546586
b1801,yeaV,COG1292,N,,,0,0.9259332133632957,0.9259332133633009,-5.218048215738236e-15,44826.60286225882,4.6515358275546586
b4208,cycA,COG1113,N,,,0,0.9259332133632957,0.9247435385626405,0.0011896748006552382,44862.530102078366,4.651883762746415
b0007,yaaJ,COG1115,N,,,0,0.9259332133632957,0.9259332133633001,-4.440892098500626e-15,44826.60286225881,4.6515358275546586
b2923,argO,COG1279,N,,,0,0.9259332133632957,0.9259332133633009,-5.218048215738236e-15,44826.60286225882,4.6515358275546586
b0874,ybjE,COG2431,N,,,0,0.9259332133632957,0.9259332133633009,-5.218048215738236e-15,44826.60286225882,4.6515358275546586
b1734,chbF,COG1486,N,,,0,0.9259332133632957,0.9259332133633009,-5.218048215738236e-15,44826.60286225882,4.6515358275546586
b2467,yffH,COG0494,N,,,0,0.9259332133632957,0.9259332133633009,-5.218048215738236e-15,44826.60286225882,4.6515358275546586
b0404,yajB,COG3124,N,,,0,0.9259332133632957,0.9259332133633009,-5.218048215738236e-15,44826.60286225882,4.6515358275546586
b0314,betT,COG1292,N,,,0,0.9259332133632957,0.9259332133633009,-5.218048215738236e-15,44826.60286225882,4.6515358275546586
b3370,frlA,COG0531,N,,,0,0.9259332133632957,0.9259332133633009,-5.218048215738236e-15,44826.60286225882,4.6515358275546586
b3040,ygiE,COG0428,N,,,1,0.9259332133632957,0.0,0.9259332133632957,43402.47836113687,4.637514529232208
b3816,corA,COG0598,N,,,1,0.9259332133632957,0.0,0.9259332133632957,43402.478361136884,4.637514529232209
b2373,oxc,COG0028,N,,,0,0.9259332133632957,0.9259332133632913,4.440892098500626e-15,44832.17904320701,4.651589848021311
b4233,mpl,COG0773,N,,,0,0.9259332133632957,0.9259332133632159,7.982503547054876e-14,44832.17904320193,4.6515898480212625
b3196,yrbG,COG0530,N,,,1,0.9259332133632957,0.0,0.9259332133632957,35629.204156253814,4.551806121694054
b2843,kduI,COG3717,N,,,0,0.9259332133632957,0.9259332133632607,3.497202527569243e-14,46256.244562003485,4.665170370496762
b2156,lysP,COG0833,N,,,0,0.9259332133632957,0.9259332133632607,3.497202527569243e-14,46256.244562003485,4.665170370496762
b4130,yjdL,COG3104,N,,,0,0.9259332133632957,0.9259332133632607,3.497202527569243e-14,46256.244562003485,4.665170370496762
b4356,yjiZ,COG0477,N,,,0,0.9259332133632957,0.9259332133632607,3.497202527569243e-14,46256.244562003485,4.665170370496762
b4358,yjjN,COG1063,N,,,0,0.9259332133632957,0.9259332133632607,3.497202527569243e-14,46256.244562003485,4.665170370496762
b3431,glgX,COG1523,N,,,0,0.9259332133632957,0.9259332133632607,3.497202527569243e-14,46256.244562003485,4.665170370496762
b0155,clcA,COG0038,N,,,0,0.9259332133632957,0.9259332133632607,3.497202527569243e-14,46256.19064600403,4.66516986428544
b1378,ydbK,COG0674,N,,,0,0.9259332133632957,0.9259332133633142,-1.8540724511240114e-14,46261.247920499074,4.665217343905345
b0684,fldA,COG0716,E,E,u,1,0.9259332133632957,1.692562891596589e-12,0.9259332133616032,42823.05004105449,4.631677596373319
b2895,fldB,COG0716,N,,,1,0.9259332133632957,0.0,0.9259332133632957,42823.05004105481,4.631677596373323
b0777,bioC,COG0500,N,,,1,0.9259332133632957,0.0,0.9259332133632957,42823.05004105481,4.631677596373323
b3199,yrbK,COG3117,E,E,u,1,0.9259332133632957,0.0,0.9259332133632957,42823.05004105479,4.631677596373322
b0641,rlpB,COG2980,E,N,u,1,0.9259332133632957,0.0,0.9259332133632957,42823.050041054834,4.631677596373323
b3200,yhbN,COG1934,E,u,u,1,0.9259332133632957,0.0,0.9259332133632957,42823.050041054834,4.631677596373323
b3201,yhbG,COG1137,N,,,1,0.9259332133632957,0.0,0.9259332133632957,42823.050041054834,4.631677596373323
b0054,imp,COG1452,E,E,u,1,0.9259332133632957,0.0,0.9259332133632957,42823.050041054834,4.631677596373323
b4261,yjgP,COG0795,E,u,u,1,0.9259332133632957,0.0,0.9259332133632957,42823.050041054834,4.631677596373323
b1535,ydeH,COG2199,N,,,0,0.9259332133632957,0.9259332133632406,5.5067062021407764e-14,46260.84189679615,4.6652135321917525
b1490,yddV,COG2199,N,,,0,0.9259332133632957,0.9259332133632528,4.285460875053104e-14,46260.84189679585,4.66521353219175
b1794,yeaP,COG2199,N,,,0,0.9259332133632957,0.9259332133632528,4.285460875053104e-14,46260.84189679585,4.66521353219175
b1341,ydaM,COG2199,N,,,0,0.9259332133632957,0.9259332133632528,4.285460875053104e-14,46260.84189679585,4.66521353219175
b1025,ycdT,COG2199,N,,,0,0.9259332133632957,0.9259332133632528,4.285460875053104e-14,46260.84189679585,4.66521353219175
b1285,gmr,COG2200,N,,,0,0.9259332133632957,0.9259332133632528,4.285460875053104e-14,46260.84189679585,4.66521353219175
b3525,yhjH,COG2200,N,,,0,0.9259332133632957,0.9259332133632528,4.285460875053104e-14,46260.84189679585,4.66521353219175
b0315,yahA,COG2771,N,,,0,0.9259332133632957,0.9259332133632528,4.285460875053104e-14,46260.84189679585,4.66521353219175
b2503,yfgF,COG2199,N,,,0,0.9259332133632957,0.9259332133632528,4.285460875053104e-14,46260.84189679585,4.66521353219175
b0009,mog,COG0521,N,,,0,0.9259332133632957,0.9259332133632528,4.285460875053104e-14,46260.84189679585,4.66521353219175
b0784,moaD,COG1977,N,,,0,0.9259332133632957,0.9259332133632528,4.285460875053104e-14,46260.84189679585,4.66521353219175
b2470,acrD,COG0841,N,,,0,0.9259332133632957,0.92593321336326,3.574918139293004e-14,46260.729497029664,4.6652124769870555
b0463,acrA,COG0845,N,,,0,0.9259332133632957,0.9259332133633322,-3.652633751016765e-14,46260.72949702818,4.665212476987041
b0462,acrB,COG0841,N,,,0,0.9259332133632957,0.9259332133633322,-3.652633751016765e-14,46260.72949702818,4.665212476987041
b1394,paaG,COG1024,N,,,0,0.9259332133632957,0.9259332133633322,-3.652633751016765e-14,46260.72949702818,4.665212476987041
b1090,plsX,COG0416,N,,,0,0.9259332133632957,0.9259332133633322,-3.652633751016765e-14,46260.72542052574,4.665212438716945
b3059,ygiH,COG0344,N,,,0,0.9259332133632957,0.9259332133632733,2.2426505097428162e-14,46260.72542052694,4.665212438716956
b2529,iscU,COG0822,N,,,0,0.9259332133632957,0.9259332133632733,2.2426505097428162e-14,46260.72542052694,4.665212438716956
b1684,sufA,COG0316,N,,,0,0.9259332133632957,0.925933213363273,2.2648549702353193e-14,46260.83782029308,4.665213493921742
b1682,sufC,COG0396,N,,,0,0.9259332133632957,0.925933213363293,2.6645352591003757e-15,46260.837820292705,4.665213493921739
b1683,sufB,COG0719,N,,,0,0.9259332133632957,0.925933213363293,2.6645352591003757e-15,46260.837820292705,4.665213493921739
b1681,sufD,COG0719,N,,,0,0.9259332133632957,0.925933213363293,2.6645352591003757e-15,46260.837820292705,4.665213493921739
b0827,moeA,COG0303,N,,,0,0.9259332133632957,0.925933213363293,2.6645352591003757e-15,46260.837820292705,4.665213493921739
b3857,mobA,COG0746,N,,,0,0.9259332133632957,0.925933213363293,2.6645352591003757e-15,46260.837820292705,4.665213493921739
b3856,mobB,COG1763,N,,,0,0.9259332133632957,0.925933213363293,2.6645352591003757e-15,46260.837820292705,4.665213493921739
b3058,folB,COG1539,N,,,1,0.9259332133632957,6.572163640335322e-13,0.9259332133626385,43438.2061252728,4.637871881820622
b0709,ybgH,COG3104,N,,,0,0.9259332133632957,0.9259332133631737,1.220135104063047e-13,46260.837820288885,4.665213493921703
b3496,yhiP,COG3104,N,,,0,0.9259332133632957,0.9259332133632533,4.241051954068098e-14,46260.83782029346,4.665213493921746
b1634,ydgR,COG3104,N,,,0,0.9259332133632957,0.9259332133632533,4.241051954068098e-14,46260.83782029346,4.665213493921746
b2528,iscA,COG0316,N,,,0,0.9259332133632957,0.9259332133632533,4.241051954068098e-14,46260.72542052732,4.665212438716959
b1679,sufE,COG2166,N,,,0,0.9259332133632957,0.9259332133632712,2.453592884421596e-14,46260.83782029315,4.665213493921743
b0775,bioB,COG0502,N,,,1,0.9259332133632957,0.0,0.9259332133632957,43402.478361136906,4.637514529232209
b1009,rarA,COG0596,N,,,0,0.9259332133632957,0.92593321336325,4.574118861455645e-14,46260.83782029352,4.665213493921747
b0444,ybaX,COG0603,N,,,0,0.9259332133632957,0.925933213363293,2.6645352591003757e-15,46260.837820292705,4.665213493921739
b2794,yqcD,COG0780,N,,,0,0.9259332133632957,0.925933213363293,2.6645352591003757e-15,46260.837820292705,4.665213493921739
b1008,ycdI,COG0778,N,,,0,0.9259332133632957,0.925933213363293,2.6645352591003757e-15,46260.837820292705,4.665213493921739
b2765,ygcM,COG0720,N,,,0,0.9259332133632957,0.925933213363293,2.6645352591003757e-15,46260.837820292705,4.665213493921739
b2263,yfbB,COG0596,N,,,0,0.9259332133632957,0.925933213363293,2.6645352591003757e-15,46260.837820292705,4.665213493921739
b1011,ycdL,COG1335,N,,,0,0.9259332133632957,0.925933213363293,2.6645352591003757e-15,46260.837820292705,4.665213493921739
b1010,ycdK,COG0251,N,,,0,0.9259332133632957,0.925933213363293,2.6645352591003757e-15,46260.837820292705,4.665213493921739
b0968,yccX,COG1254,N,,,0,0.9259332133632957,0.925933213363293,2.6645352591003757e-15,46260.837820292705,4.665213493921739
b2264,menD,COG1165,N,,,0,0.9259332133632957,0.925933213363293,2.6645352591003757e-15,46260.837820292705,4.665213493921739
b2262,menB,COG0447,N,,,0,0.9259332133632957,0.925933213363293,2.6645352591003757e-15,46260.837820292705,4.665213493921739
b1686,ydiI,COG2050,N,,,0,0.9259332133632957,0.925933213363293,2.6645352591003757e-15,46260.837820292705,4.665213493921739
b3990,thiH,COG1060,N,,,1,0.9259332133632957,0.0,0.9259332133632957,43402.47836113687,4.637514529232208
b0423,thiI,COG0301,N,,,1,0.9259332133632957,0.0,0.9259332133632957,43402.47836113687,4.637514529232208
b2877,ygfJ,COG2068,N,,,0,0.9259332133632957,0.9259332133632459,4.984901380566953e-14,46260.83782029357,4.665213493921748
b2374,frc,COG1804,N,,,0,0.9259332133632957,0.9259332133632533,4.241051954068098e-14,46260.83782029346,4.665213493921746
b1389,paaB,COG3460,N,,,0,0.9259332133632957,0.9259332133632533,4.241051954068098e-14,46260.83782029346,4.665213493921746
b1388,paaA,COG3396,N,,,0,0.9259332133632957,0.9259332133632533,4.241051954068098e-14,46260.83782029346,4.665213493921746
b1390,paaC,COG3396,N,,,0,0.9259332133632957,0.9259332133632533,4.241051954068098e-14,46260.83782029346,4.665213493921746
b1391,paaD,COG2151,N,,,0,0.9259332133632957,0.9259332133632533,4.241051954068098e-14,46260.83782029346,4.665213493921746
b1392,paaE,COG1018,N,,,0,0.9259332133632957,0.9259332133632533,4.241051954068098e-14,46260.83782029346,4.665213493921746
b1397,paaJ,COG0183,N,,,0,0.9259332133632957,0.9259332133632533,4.241051954068098e-14,46260.83782029346,4.665213493921746
b1395,paaH,COG1250,N,,,0,0.9259332133632957,0.9259332133632533,4.241051954068098e-14,46260.83782029346,4.665213493921746
b0785,moaE,COG0314,N,,,0,0.9259332133632957,0.9259332133632533,4.241051954068098e-14,46260.83782029346,4.665213493921746
b3893,fdoH,COG0437,N,,,0,0.9259332133632957,0.9259332133632534,4.2299497238218464e-14,44477.873217995075,4.648144012571944
b3892,fdoI,COG2864,N,,,0,0.9259332133632957,0.9259332133632894,6.328271240363392e-15,44477.8732179948,4.648144012571941
b3894,fdoG,COG0243,N,,,0,0.9259332133632957,0.9259332133632894,6.328271240363392e-15,44477.8732179948,4.648144012571941
b1475,fdnH,COG0437,N,,,0,0.9259332133632957,0.9259332133632894,6.328271240363392e-15,44477.8732179948,4.648144012571941
b1474,fdnG,COG0243,N,,,0,0.9259332133632957,0.9259332133632894,6.328271240363392e-15,44477.8732179948,4.648144012571941
b1476,fdnI,COG2864,N,,,0,0.9259332133632957,0.9259332133632894,6.328271240363392e-15,44477.8732179948,4.648144012571941
b0776,bioF,COG0156,N,,,1,0.9259332133632957,2.5506456560162963e-15,0.9259332133632932,40236.76065110562,4.604623009622963
b3412,bioH,COG0596,N,,,1,0.9259332133632957,0.0,0.9259332133632957,40236.760651105484,4.604623009622961
b2515,ispG,COG0821,E,E,u,1,0.9259332133632957,0.0,0.9259332133632957,40236.76065110548,4.604623009622961
b4238,nrdD,COG1328,N,,,0,0.9259332133632957,0.9259332133632605,3.519406988061746e-14,46271.242040089695,4.665311157246117
b3924,fpr,COG1018,N,,,0,0.9259332133632957,0.9259332133632536,4.207745263329343e-14,46271.24204009,4.66531115724612
b4237,nrdG,COG0602,N,,,0,0.9259332133632957,0.9259332133632536,4.207745263329343e-14,46271.24204009,4.66531115724612
b4209,ytfE,COG2846,N,,,0,0.9259332133632957,0.9259332133632536,4.207745263329343e-14,46271.42756660757,4.665312898564869
b1387,maoC,COG1012,N,,,0,0.9259332133632957,0.9259332133632935,2.220446049250313e-15,46271.427566606784,4.665312898564862
b1393,paaF,COG1024,N,,,0,0.9259332133632957,0.9259332133632935,2.220446049250313e-15,46271.427566606784,4.665312898564862
b0826,moeB,COG0476,N,,,0,0.9259332133632957,0.9259332133632935,2.220446049250313e-15,46271.427566606784,4.665312898564862
b0781,moaA,COG2896,N,,,0,0.9259332133632957,0.9259332133632935,2.220446049250313e-15,46271.427566606784,4.665312898564862
b0783,moaC,COG0315,N,,,0,0.9259332133632957,0.9259332133632935,2.220446049250313e-15,46271.427566606784,4.665312898564862
b0630,lipB,COG0321,N,,,0,0.9259332133632957,0.9259332133632935,2.220446049250313e-15,46271.427566606784,4.665312898564862
b0628,lipA,COG0320,N,,,0,0.9259332133632957,0.9259332133632935,2.220446049250313e-15,46271.427566606784,4.665312898564862
b4386,lplA,COG0095,N,,,0,0.9259332133632957,0.9259332133632935,2.220446049250313e-15,46271.427566606784,4.665312898564862
b2917,yliK,COG1884,N,,,0,0.9259332133632957,0.9259332133632935,2.220446049250313e-15,46271.427566606784,4.665312898564862
b4129,lysU,COG1190,N,,,0,0.9259332133632957,0.9259332133632927,2.9976021664879227e-15,46270.97057746769,4.665308609333863
b3722,bglF,COG1263,N,,,0,0.9259332133632957,0.9259332133632927,2.9976021664879227e-15,46270.97057746769,4.665308609333863
b3882,yihU,COG2084,N,,,0,0.9259332133632957,0.9259332133632927,2.9976021664879227e-15,46270.97057746769,4.665308609333863
b1600,mdtJ,COG2076,N,,,0,0.9259332133632957,0.9259332133632927,2.9976021664879227e-15,46270.97057746769,4.665308609333863
b1599,mdtI,COG2076,N,,,0,0.9259332133632957,0.9259332133632927,2.9976021664879227e-15,46270.97057746769,4.665308609333863
b2660,ygaF,COG0579,N,,,0,0.9259332133632957,0.9259332133632927,2.9976021664879227e-15,46270.97057746769,4.665308609333863
b4167,yjeF,COG0063,N,,,0,0.9259332133632957,0.9259332133632927,2.9976021664879227e-15,46270.97057746769,4.665308609333863
b3070,yqjH,COG2375,N,,,0,0.9259332133632957,0.9259332133632927,2.9976021664879227e-15,46270.97057746769,4.665308609333863
b4297,yjhG,COG0129,N,,,0,0.9259332133632957,0.9259332133632927,2.9976021664879227e-15,46270.97057746769,4.665308609333863
b0269,yagF,COG0129,N,,,0,0.9259332133632957,0.9259332133632927,2.9976021664879227e-15,46270.97057746769,4.665308609333863
b0268,yagE,COG0329,N,,,0,0.9259332133632957,0.9259332133632927,2.9976021664879227e-15,46270.97057746769,4.665308609333863
b3715,yieH,COG0637,N,,,0,0.9259332133632957,0.9259332133632927,2.9976021664879227e-15,46270.97057746769,4.665308609333863
b0516,allC,COG0624,N,,,0,0.9259332133632957,0.9259332133632927,2.9976021664879227e-15,46270.97057746769,4.665308609333863
b0515,ylbA,COG3257,N,,,0,0.9259332133632957,0.9259332133632927,2.9976021664879227e-15,46270.97057746769,4.665308609333863
b1617,uidA,COG3250,N,,,0,0.9259332133632957,0.9259332133632927,2.9976021664879227e-15,46270.97057746769,4.665308609333863
b1771,ydjG,COG0667,N,,,0,0.9259332133632957,0.9259332133632382,5.750955267558311e-14,45801.71359538651,4.660881726717816
b2907,ubiH,COG0654,N,,,0,0.9259332133632957,0.9259332133632382,5.750955267558311e-14,45801.71359538651,4.660881726717816
b0543,emrE,COG2076,N,,,0,0.9259332133632957,0.9259332133632382,5.750955267558311e-14,45801.71359538651,4.660881726717816
b1601,ydgG,COG0628,N,,,0,0.9259332133632957,0.9259332133632382,5.750955267558311e-14,45801.71359538651,4.660881726717816
b0624,crcB,COG0239,N,,,0,0.9259332133632957,0.9259332133632382,5.750955267558311e-14,45801.71359538651,4.660881726717816
b3881,yihT,COG3684,N,,,0,0.9259332133632957,0.9259332133632382,5.750955267558311e-14,45801.71359538651,4.660881726717816
b2371,yfdE,COG1804,N,,,0,0.9259332133632957,0.9259332133632482,4.75175454539567e-14,45800.671377119594,4.660871844231844
b2302,yfcG,COG0625,N,,,0,0.9259332133632957,0.9259332133632482,4.75175454539567e-14,45800.671377119594,4.660871844231844
b1619,hdhA,COG1028,N,,,0,0.9259332133632957,0.9259332133632482,4.75175454539567e-14,45800.671377119594,4.660871844231844
b4337,yjiO,COG0477,N,,,0,0.9259332133632957,0.9259332133632482,4.75175454539567e-14,45800.671377119594,4.660871844231844
b1337,abgB,COG1473,N,,,0,0.9259332133632957,0.9259332133632482,4.75175454539567e-14,45800.671377119594,4.660871844231844
b1336,abgT,COG2978,N,,,0,0.9259332133632957,0.9259332133632482,4.75175454539567e-14,45800.671377119594,4.660871844231844
b1430,tehB,COG0500,N,,,0,0.9259332133632957,0.9259332133632482,4.75175454539567e-14,45800.671377119594,4.660871844231844
b1396,paaI,COG2050,N,,,0,0.9259332133632957,0.9259332133632482,4.75175454539567e-14,45800.671377119594,4.660871844231844
b0578,nfnB,COG0778,N,,,0,0.9259332133632957,0.9259332133632482,4.75175454539567e-14,45800.671377119594,4.660871844231844
b3253,yhdH,COG0604,N,,,0,0.9259332133632957,0.9259332133632482,4.75175454539567e-14,45800.671377119594,4.660871844231844
b1022,ycdQ,COG1215,N,,,0,0.9259332133632957,0.9259332133632482,4.75175454539567e-14,45800.671377119594,4.660871844231844
b1733,chbG,COG3394,N,,,0,0.9259332133632957,0.9259332133632482,4.75175454539567e-14,45800.671377119594,4.660871844231844
b4266,idnO,COG1028,N,,,0,0.9259332133632957,0.9259332133632482,4.75175454539567e-14,45800.671377119594,4.660871844231844
b3493,pitA,COG0306,N,,,0,0.9259332133632957,0.9259332133632482,4.75175454539567e-14,45632.83613621773,4.65927746154128
b2987,pitB,COG0306,N,,,0,0.9259332133632957,0.9259332133632623,3.341771304121721e-14,45632.83613621741,4.6592774615412775
b0401,brnQ,COG1114,N,,,0,0.9259332133632957,0.9259332133632623,3.341771304121721e-14,45632.83613621741,4.6592774615412775
b4141,yjeH,COG0531,N,,,0,0.9259332133632957,0.9259332133632623,3.341771304121721e-14,45632.83613621741,4.6592774615412775
b1798,yeaS,COG1280,N,,,0,0.9259332133632957,0.9259332133632623,3.341771304121721e-14,45632.83613621741,4.6592774615412775
b3662,yicM,COG2814,N,,,0,0.9259332133632957,0.9259332133632623,3.341771304121721e-14,45632.83613621741,4.6592774615412775
b1592,clcB,COG0038,N,,,0,0.9259332133632957,0.9259332133632623,3.341771304121721e-14,45632.87554002001,4.65927783655296
b2842,kduD,COG1028,N,,,0,0.9259332133632957,0.92593321336325,4.574118861455645e-14,45632.875540020184,4.6592778365529615
b4020,yjbB,COG1283,N,,,0,0.9259332133632957,0.92593321336325,4.574118861455645e-14,45632.875540020184,4.6592778365529615
b1985,yeeO,COG0534,N,,,0,0.9259332133632957,0.92593321336325,4.574118861455645e-14,45632.875540020184,4.6592778365529615
b1516,lsrB,COG1879,N,,,0,0.9259332133632957,0.92593321336325,4.574118861455645e-14,45632.875540020184,4.6592778365529615
b1514,lsrC,COG1172,N,,,0,0.9259332133632957,0.92593321336325,4.574118861455645e-14,45632.875540020184,4.6592778365529615
b1515,lsrD,COG1172,N,,,0,0.9259332133632957,0.92593321336325,4.574118861455645e-14,45632.875540020184,4.6592778365529615
b1513,ego,COG1129,N,,,0,0.9259332133632957,0.92593321336325,4.574118861455645e-14,45632.875540020184,4.6592778365529615
b1518,lsrG,COG1359,N,,,0,0.9259332133632957,0.92593321336325,4.574118861455645e-14,45632.875540020184,4.6592778365529615
b3240,aaeB,COG1289,N,,,0,0.9259332133632957,0.92593321336325,4.574118861455645e-14,45632.875540020184,4.6592778365529615
b3241,aaeA,COG1566,N,,,0,0.9259332133632957,0.92593321336325,4.574118861455645e-14,45632.875540020184,4.6592778365529615
b2245,yfaU,COG3836,N,,,0,0.9259332133632957,0.92593321336325,4.574118861455645e-14,45632.875540020184,4.6592778365529615
b1448,yncA,COG1247,N,,,0,0.9259332133632957,0.92593321336325,4.574118861455645e-14,45632.875540020184,4.6592778365529615
b3656,yicI,COG1501,N,,,0,0.9259332133632957,0.92593321336325,4.574118861455645e-14,45632.875540020184,4.6592778365529615
b3883,yihV,COG0524,N,,,0,0.9259332133632957,0.92593321336325,4.574118861455645e-14,45632.875540020184,4.6592778365529615
b3966,btuB,COG4206,N,,,0,0.9259332133632957,0.92593321336325,4.574118861455645e-14,45632.875540020184,4.6592778365529615
b4098,phnJ,COG3627,N,,,0,0.9259332133632957,0.92593321336325,4.574118861455645e-14,45632.875540020184,4.6592778365529615
b1813,yeaB,COG0494,N,,,0,0.9259332133632957,0.92593321336325,4.574118861455645e-14,45632.875540020184,4.6592778365529615
b2166,yeiC,COG0524,N,,,0,0.9259332133632957,0.92593321336325,4.574118861455645e-14,45632.875540020184,4.6592778365529615
b4096,phnL,COG4778,N,,,0,0.9259332133632957,0.92593321336325,4.574118861455645e-14,45632.875540020184,4.6592778365529615
b4101,phnG,COG3624,N,,,0,0.9259332133632957,0.92593321336325,4.574118861455645e-14,45632.875540020184,4.6592778365529615
b4100,phnH,COG3625,N,,,0,0.9259332133632957,0.92593321336325,4.574118861455645e-14,45632.875540020184,4.6592778365529615
b4099,phnI,COG3626,N,,,0,0.9259332133632957,0.92593321336325,4.574118861455645e-14,45632.875540020184,4.6592778365529615
b4095,phnM,COG3454,N,,,0,0.9259332133632957,0.92593321336325,4.574118861455645e-14,45632.875540020184,4.6592778365529615
b4092,phnP,COG1235,N,,,0,0.9259332133632957,0.92593321336325,4.574118861455645e-14,45632.875540020184,4.6592778365529615
b2047,wcaJ,COG2148,N,,,0,0.9259332133632957,0.92593321336325,4.574118861455645e-14,45632.875540020184,4.6592778365529615
b4106,phnC,COG3638,N,,,0,0.9259332133632957,0.92593321336325,4.574118861455645e-14,45632.875540020184,4.6592778365529615
b4104,phnE,COG3639,N,,,0,0.9259332133632957,0.92593321336325,4.574118861455645e-14,45632.875540020184,4.6592778365529615
b4105,phnD,COG3221,N,,,0,0.9259332133632957,0.92593321336325,4.574118861455645e-14,45632.875540020184,4.6592778365529615
b0662,ubiF,COG0654,N,,,0,0.9259332133632957,0.92593321336325,4.574118861455645e-14,45632.875540020184,4.6592778365529615
b2906,visC,COG0654,N,,,0,0.9259332133632957,0.92593321336325,4.574118861455645e-14,45632.83673411344,4.659277467231543
b1400,paaY,COG0663,N,,,0,0.9259332133632957,0.9259332133632443,5.140332604014475e-14,45632.83673411353,4.659277467231544
b2682,ygaZ,COG1296,N,,,0,0.9259332133632957,0.9259332133632443,5.140332604014475e-14,45632.83673411353,4.659277467231544
b1821,yebN,COG1971,N,,,0,0.9259332133632957,0.9259332133632443,5.140332604014475e-14,45632.83673411353,4.659277467231544
b2164,yeiM,COG1972,N,,,0,0.9259332133632957,0.9259332133632443,5.140332604014475e-14,45632.83673411353,4.659277467231544
b1616,uidB,COG2211,N,,,0,0.9259332133632957,0.9259332133632443,5.140332604014475e-14,45632.83673411353,4.659277467231544
b1517,lsrF,COG1830,N,,,0,0.9259332133632957,0.9259332133632443,5.140332604014475e-14,45632.83673411353,4.659277467231544
b0577,ybdG,COG0668,N,,,0,0.9259332133632957,0.9259332133632443,5.140332604014475e-14,45632.83673411353,4.659277467231544
b2924,mscS,COG0668,N,,,0,0.9259332133632957,0.9259332133632443,5.140332604014475e-14,45632.83673411353,4.659277467231544
b1330,ynaI,COG0668,N,,,0,0.9259332133632957,0.9259332133632443,5.140332604014475e-14,45632.83673411353,4.659277467231544
b0465,kefA,COG3264,N,,,0,0.9259332133632957,0.9259332133632443,5.140332604014475e-14,45632.83673411353,4.659277467231544
b3291,mscL,COG1970,N,,,0,0.9259332133632957,0.9259332133632443,5.140332604014475e-14,45632.83673411353,4.659277467231544
b4159,yjeP,COG3264,N,,,0,0.9259332133632957,0.9259332133632443,5.140332604014475e-14,45632.83673411353,4.659277467231544
b2247,yfaW,COG4948,N,,,0,0.9259332133632957,0.9259332133632443,5.140332604014475e-14,45632.83673411353,4.659277467231544
b0597,ybdB,COG2050,N,,,0,0.9259332133632957,0.9259332133632443,5.140332604014475e-14,45632.83673411353,4.659277467231544
b1870,yecO,COG0500,N,,,0,0.9259332133632957,0.9259332133632443,5.140332604014475e-14,45632.83673411353,4.659277467231544
b3116,tdcC,COG0814,N,,,0,0.9259332133632957,0.9259332133632443,5.140332604014475e-14,45632.83673411353,4.659277467231544
b2796,sdaC,COG0814,N,,,0,0.9259332133632957,0.9259332133632443,5.140332604014475e-14,45632.83673411353,4.659277467231544
b4093,phnO,COG0454,N,,,0,0.9259332133632957,0.9259332133632443,5.140332604014475e-14,45632.83673411353,4.659277467231544
b3878,yihQ,COG1501,N,,,0,0.9259332133632957,0.9259332133632443,5.140332604014475e-14,45632.83673411353,4.659277467231544
b1206,ychM,COG0659,N,,,0,0.9259332133632957,0.9259332133632443,5.140332604014475e-14,45632.83673411353,4.659277467231544
