gene_bnumber,kappa_V_max,gpr_class,array_switch_glycerol,array_switch_acetate,array_switch_proline,array_stress_heatShock,array_stress_acidShock,array_stress_cipro,array_switch_max,array_stress_max,seq_carbonstarve_1h,seq_carbonstarve_2h,seq_carbonstarve_4h,seq_carbonstarve_6h,seq_carbonstarve_max,seq_carbonstarve_max_PEmerged,seq_phosphorus_max,seq_heatshock_max,seq_carbonstarve_mean,seq_carbonstarve_6h_only
b3735,466.6299963622043,mixed,0.2893799999999995,-0.020369999999999777,-0.022470000000000212,-1.5113199999999996,-0.46122000000000085,-0.008020000000000138,0.2893799999999995,1.5113199999999996,-4.632190137874295,-7.267004228039325,-9.127210376686683,-3.9799158234084677,9.127210376686683,9.127210376686683,2.4839864188290353,4.812688292434539,6.251580141502193,-3.9799158234084677
b3736,466.6299963622043,mixed,0.17149999999999999,-0.09274999999999878,-0.3009000000000004,-1.3408999999999995,-0.46064999999999934,-0.048500000000000654,0.3009000000000004,1.3408999999999995,-3.8309528673023134,-6.968099428091195,-7.310402672441293,-4.201473903234907,7.310402672441293,7.310402672441293,2.776137670927146,4.624474852475517,5.5777322177674264,-4.201473903234907
b3737,466.6299963622043,mixed,0.42699000000000176,0.11369000000000007,0.10894000000000226,-0.9945599999999999,-0.39175999999999966,-0.37270999999999965,0.42699000000000176,0.9945599999999999,-3.2516859317522666,-6.850578063201627,-8.146769662777453,-3.55138566612718,8.146769662777453,8.146769662777453,2.4061877771549005,4.226710027956152,5.450104830964632,-3.55138566612718
b3738,466.6299963622043,mixed,0.13548000000000116,0.18808000000000114,-0.15216999999999814,-1.41132,-0.474219999999999,-0.24616999999999933,0.18808000000000114,1.41132,-3.66288884395793,-7.021009386695816,-9.12128009778543,-2.8825202725135513,9.12128009778543,9.12128009778543,3.2872395726383346,3.2114992507640707,5.671924650238182,-2.8825202725135513
b3739,466.6299963622043,mixed,0.28757000000000055,0.17881999999999998,-0.08192999999999984,-0.5890799999999992,-0.243780000000001,0.06582000000000043,0.28757000000000055,0.5890799999999992,-1.8068726768864538,-5.41342346821596,-7.462098806324669,-2.4969597742224083,7.462098806324669,7.462098806324669,3.2323782840859923,2.065720048082526,4.294838681412373,-2.4969597742224083
b3732,466.6299963622043,mixed,0.2837500000000013,-0.04540000000000077,-0.21798499999999876,-1.9201599999999992,-0.6026099999999985,-0.14849999999999852,0.2837500000000013,1.9201599999999992,-4.155915806413704,-6.122728378846732,-6.897702259474409,-2.5180622659112535,6.897702259474409,6.897702259474409,2.773765065011088,4.801794585139017,4.923602177661525,-2.5180622659112535
b3733,466.6299963622043,mixed,0.10940999999999867,-0.23014000000000223,-0.23584000000000138,-2.0326600000000017,-0.7743900000000021,-0.35454000000000185,0.23584000000000138,2.0326600000000017,-4.423029976936799,-6.554237304529754,-6.874431619374176,-3.1132380643366195,6.874431619374176,6.874431619374176,2.9089961448292305,5.172604544243392,5.241234241294338,-3.1132380643366195
b3734,466.6299963622043,mixed,0.41176999999999886,-0.056880000000001374,-0.023730000000000473,-1.7733500000000006,-0.6935800000000008,-0.3397800000000011,0.41176999999999886,1.7733500000000006,-4.651023839555385,-6.771433318569409,-8.817349976814963,-2.5989147920258526,8.817349976814963,8.817349976814963,2.997460714609219,5.10038580117583,5.709680481741402,-2.5989147920258526
b3731,466.6299963622043,mixed,-0.06543999999999883,-0.5230399999999982,-0.70519,-0.5586400000000005,-0.6163899999999991,0.26951000000000036,0.70519,0.6163899999999991,-3.6382929739814722,-4.4459756090470695,-8.443415071980967,-4.232490804055711,8.443415071980967,8.443415071980967,2.8455495475045582,4.464756633729925,5.190043614766306,-4.232490804055711
s0001,330.19505587154964,single,,,,,,,,,,,,,,,,,,
b0875,330.19505587154964,isozyme-or,-0.01978999999999953,0.41032500000000116,0.32347000000000126,0.7216400000000016,-0.2102049999999993,-0.39510499999999915,0.41032500000000116,0.7216400000000016,,,,,,,,,,
b0241,330.1950558715495,isozyme-or,0.1062100000000008,0.09488500000000055,0.1201800000000004,1.3551800000000007,0.5251150000000004,0.35092500000000015,0.1201800000000004,1.3551800000000007,,,,,,,,,,
b0957,330.1950558715495,isozyme-or,0.06525000000000247,-0.027399999999996538,0.24120000000000275,0.5787000000000031,-0.24444999999999695,-0.6960499999999978,0.24120000000000275,0.6960499999999978,,,,,,,,,,
b3875,330.1950558715495,isozyme-or,-0.093217000000001,-0.2399520000000006,-0.2655220000000007,0.19471799999999995,0.14209299999999914,0.05105799999999938,0.2655220000000007,0.19471799999999995,,,,,,,,,,
b2215,330.1950558715495,isozyme-or,-1.1194949999999988,0.8536200000000012,0.8525200000000002,2.24972,-0.6018300000000014,-0.7378800000000005,1.1194949999999988,2.24972,,,,,,,,,,
b0929,330.1950558715495,isozyme-or,0.4648500000000002,0.5442999999999998,0.34525000000000006,-1.7109000000000005,-0.3706499999999995,-0.6826500000000006,0.5442999999999998,1.7109000000000005,-0.02348391068738387,-0.6777671866196435,-4.492430707058294,-0.03435013914842333,4.492430707058294,4.492430707058294,1.9799143414606393,6.526738762647996,1.3070079858784363,-0.03435013914842333
b1377,330.1950558715495,isozyme-or,0.025463000000000235,0.17440299999999986,-0.14419199999999943,0.39875799999999995,-0.16538699999999995,-0.14736199999999933,0.17440299999999986,0.39875799999999995,0.771291446858174,-0.8794358494846637,0.0,0.0,0.8794358494846637,0.8794358494846637,1.4830428176833363,3.2099183050931184,0.4126818240857094,0.0
b1319,330.1950558715495,isozyme-or,-0.07242800000000038,0.0836219999999992,0.10545199999999966,0.11103199999999891,0.10491199999999878,-0.031193000000000026,0.10545199999999966,0.11103199999999891,,,,,,,,,,
b0431,185.1892689286952,complex-and,-0.09515999999999991,-0.08581000000000039,-0.6690100000000001,-3.02726,-0.5217100000000006,-0.7416100000000014,0.6690100000000001,3.02726,-0.7302716582643933,-1.7428605833224333,-3.924750513394154,-3.2371900952798733,3.924750513394154,3.924750513394154,1.2072777226759879,5.509508317770427,2.4087682125652132,-3.2371900952798733
b0432,185.1892689286952,complex-and,-0.15071000000000012,-0.190059999999999,-0.7894599999999983,-3.062899999999999,-0.29010999999999854,-0.6085599999999989,0.7894599999999983,3.062899999999999,0.7538756615948579,-1.5460048762871272,-3.0336936685694793,-3.6476052999950275,3.6476052999950275,3.6476052999950275,0.5635886669177808,1.3604613865908641,2.2452948766116227,-3.6476052999950275
b0430,185.1892689286952,complex-and,-0.2044200000000007,-0.08761999999999937,-0.7208699999999997,-2.0763999999999996,-0.6382700000000003,-1.1185200000000002,0.7208699999999997,2.0763999999999996,-0.7609794299800372,-1.6499097668366636,-3.408738985568081,-2.3432946666437653,3.408738985568081,3.408738985568081,1.5403569575175826,5.470845733873233,2.0407307122571368,-2.3432946666437653
b0429,185.1892689286952,complex-and,-0.15501000000000076,-0.03755999999999915,-0.7846100000000007,-1.68046,-0.8218600000000009,-0.9126599999999989,0.7846100000000007,1.68046,-0.13730751042718925,-1.4035839665183207,-3.34046960644403,-1.9993613161464427,3.34046960644403,3.34046960644403,2.167423765769624,4.123332159337355,1.7201805998839956,-1.9993613161464427
b2285,145.5163626409395,complex-and,0.4840700000000009,0.5759699999999999,0.06631999999999927,-2.4528499999999998,-0.22842999999999947,-0.3920300000000001,0.5759699999999999,2.4528499999999998,-2.0547963589561364,-5.771706807709518,-6.210245184750586,-2.1284924614438054,6.210245184750586,6.210245184750586,2.4607209142630673,7.580145460472034,4.041310203215011,-2.1284924614438054
b2283,145.5163626409395,complex-and,0.1002200000000002,0.26911999999999914,-0.27543000000000006,-1.8762899999999991,-0.39883000000000024,-0.7140350000000009,0.27543000000000006,1.8762899999999991,-1.925640556803482,-3.675925173451115,-5.749239144693027,-1.6943055069410229,5.749239144693027,5.749239144693027,2.196596374244442,6.273797070116598,3.2612775954721616,-1.6943055069410229
b2286,145.5163626409395,complex-and,0.6105,0.6843500000000002,0.05180000000000007,-2.3388100000000005,-0.3304500000000008,-0.5929800000000007,0.6843500000000002,2.3388100000000005,-2.324850750082713,-5.599648583322373,-5.741359320831279,-2.6488644392527765,5.741359320831279,5.741359320831279,2.098183757966818,6.593374007417038,4.078680773372286,-2.6488644392527765
b2276,145.5163626409395,complex-and,0.24816399999999916,0.2012640000000001,-0.36561600000000105,-1.126246,-0.2868960000000005,-0.6582860000000004,0.36561600000000105,1.126246,,,,,,,,,,
b2281,145.5163626409395,complex-and,0.31586999999999676,0.3015699999999981,-0.2743800000000025,-1.9039600000000014,-0.6248550000000019,-0.6670550000000013,0.31586999999999676,1.9039600000000014,-0.49668753442867253,-3.7814818820256484,-5.509609645868383,-1.4946228501304586,5.509609645868383,5.509609645868383,2.2691822741074086,5.19046215348351,2.8206004781132905,-1.4946228501304586
b2277,145.5163626409395,complex-and,0.3142940000000003,0.34251900000000113,-0.13770099999999985,-1.117595999999999,-0.5664160000000003,-0.6102460000000001,0.34251900000000113,1.117595999999999,-1.0809128835879935,-4.150317095563347,-7.354800590694873,-1.3300262679091013,7.354800590694873,7.354800590694873,2.0124940055082847,5.035965240684334,3.4790142094388283,-1.3300262679091013
b2278,145.5163626409395,complex-and,0.34058999999999884,0.31444000000000116,-0.32138000000000133,-1.72241,-0.6692500000000017,-0.7701799999999999,0.34058999999999884,1.72241,-0.4915289283699318,-3.5855197662832157,-4.9940165948528215,-1.5443227831109834,4.9940165948528215,4.9940165948528215,1.7218820603717546,5.326803876715019,2.653847018154238,-1.5443227831109834
b2279,145.5163626409395,complex-and,0.2734380000000005,0.20163800000000087,-0.30997699999999995,-1.7648020000000013,-0.3613070000000018,-0.6945619999999995,0.30997699999999995,1.7648020000000013,-1.5597184668594402,-3.8373815335168393,-5.691367451979357,-1.839532637477252,5.691367451979357,5.691367451979357,2.05994957629487,5.655758635937438,3.232000022458222,-1.839532637477252
b2287,145.5163626409395,complex-and,0.7183200000000003,0.7892700000000001,0.07136999999999993,-0.7691800000000004,-0.6129299999999986,-0.74925,0.7892700000000001,0.7691800000000004,-1.3730978446868152,-4.186582970026578,-4.9491251693821185,-2.318424185028235,4.9491251693821185,4.9491251693821185,1.653154063122436,3.550963789867378,3.2068075422809366,-2.318424185028235
b2288,145.5163626409395,complex-and,0.6935780000000005,0.7563779999999998,0.16857800000000012,-0.4834820000000004,-0.4811519999999998,-0.41044199999999975,0.7563779999999998,0.4834820000000004,-0.4397545326225627,-4.0083290998532775,-5.1009994014506574,-2.6996729007848015,5.1009994014506574,5.1009994014506574,1.0839467907716465,2.930271422032628,3.0621889836778244,-2.6996729007848015
b2284,145.5163626409395,complex-and,0.46871999999999936,0.6298699999999986,-0.06873000000000218,-2.3530900000000017,-0.5018800000000017,-0.5975300000000008,0.6298699999999986,2.3530900000000017,-1.790110020517897,-4.853936822252779,-5.652662328954776,-1.6808755345618023,5.652662328954776,5.652662328954776,2.445358852857847,6.616648515134989,3.4943961765718132,-1.6808755345618023
b2282,145.5163626409395,complex-and,0.22621000000000002,0.2552599999999998,-0.3716899999999992,-1.5936900000000005,-0.7013300000000005,-0.8553550000000012,0.3716899999999992,1.5936900000000005,-1.1368165544993012,-3.9887457492703264,-5.2831956821432335,-1.7963253767033391,5.2831956821432335,5.2831956821432335,2.31916587197699,5.427777752648231,3.05127084065405,-1.7963253767033391
b2280,145.5163626409395,complex-and,0.23485000000000156,0.2576500000000017,-0.381949999999998,-1.4360899999999983,-0.33594999999999864,-0.5932699999999986,0.381949999999998,1.4360899999999983,-1.0248567936420976,-3.402997169458803,-5.508078953806919,-1.9973688742581654,5.508078953806919,5.508078953806919,2.3920328794950914,4.8599093562842,2.9833254477914966,-1.9973688742581654
b1779,41.845541949642005,isozyme-or,-0.16886000000000045,-0.9726099999999995,-1.1087100000000003,-1.337860000000001,-0.1511099999999992,-0.17806000000000033,1.1087100000000003,1.337860000000001,,,,,,,,,,
b2926,41.845541949642005,single,0.24362999999999957,-0.19442000000000093,-0.3792700000000018,-2.6090099999999996,-0.5083699999999993,-0.6502200000000009,0.3792700000000018,2.6090099999999996,-2.7831536094828033,-3.9952920128716505,-7.2786003274660604,-2.9865257794430944,7.2786003274660604,7.2786003274660604,2.5187023534863764,5.557638400595626,4.260892932315902,-2.9865257794430944
b2779,33.46252370443901,single,0.23282000000000025,-0.38007999999999953,-0.4463299999999979,-1.1902799999999996,-0.4183799999999991,-0.4590799999999984,0.4463299999999979,1.1902799999999996,,,,,,,,,,
b0755,33.46252370443899,isozyme-or,0.22424,0.24334000000000167,-0.08180999999999905,0.20644000000000062,-0.3715099999999989,-0.035459999999998715,0.24334000000000167,0.3715099999999989,,,,,,,,,,
b3612,33.46252370443899,isozyme-or,0.021829999999999572,-1.104000000000001,-1.0141400000000012,-0.7774800000000006,-0.37227500000000013,-0.3880499999999998,1.104000000000001,0.7774800000000006,,,,,,,,,,
b4395,33.46252370443899,isozyme-or,0.3132559999999973,0.25334599999999874,0.15045600000000015,-0.8555240000000008,-0.1512790000000006,-0.18799900000000136,0.3132559999999973,0.8555240000000008,,,,,,,,,,
b0451,18.495294543147853,isozyme-or,-0.5521810000000009,-0.3361160000000005,-0.4150360000000006,-0.13677600000000112,0.007048999999998529,-0.29572600000000016,0.5521810000000009,0.29572600000000016,,,,,,,,,,
b2417,16.0,mixed,-0.261099999999999,-0.009249999999999758,-0.29499999999999993,0.6054999999999993,-0.2975500000000011,-0.3009999999999984,0.29499999999999993,0.6054999999999993,,,,,,,,,,
b1101,16.0,mixed,-2.059614999999999,-1.4866499999999991,-1.9046149999999997,-0.8440999999999992,-0.30925000000000047,-0.2414500000000004,2.059614999999999,0.8440999999999992,,,,,,,,,,
b2415,16.0,mixed,-0.5236900000000002,-1.1028899999999986,-1.2285399999999989,-2.27515,-0.48644,-0.6521399999999993,1.2285399999999989,2.27515,-3.4776893706761056,-4.187155989209313,-9.063334908252749,-3.1208950341715824,9.063334908252749,9.063334908252749,2.0640525928044493,5.446812237865623,4.962268825577437,-3.1208950341715824
b2416,16.0,mixed,-0.3578399999999995,-0.20219000000000165,-0.46769000000000105,0.3224599999999995,-0.19804000000000066,-0.5884900000000002,0.46769000000000105,0.5884900000000002,-2.823240385015401,-3.3826703657426442,-6.829610457842916,-2.483760699941957,6.829610457842916,6.829610457842916,1.614622528842169,4.7306277915646096,3.8798204771357296,-2.483760699941957
b1819,16.0,mixed,0.009000999999999593,-0.2716840000000005,-0.4690740000000009,0.5095759999999991,-0.5095340000000004,-0.6424140000000005,0.4690740000000009,0.6424140000000005,-0.9536923179674925,-1.16123447761362,-5.474127264218522,0.10919706847061539,5.474127264218522,5.474127264218522,3.900056746661831,4.516026560903905,1.9245627820675626,0.10919706847061539
b1817,16.0,mixed,0.1137150000000009,-0.059749999999999304,-0.24065500000000029,0.5715500000000002,-0.31108000000000047,-1.101844999999999,0.24065500000000029,1.101844999999999,,,,,,,,,,
b1621,16.0,mixed,0.3842100000000004,0.5632999999999999,0.3173250000000003,-0.16425999999999963,-0.002889999999999837,-0.033004999999999285,0.5632999999999999,0.16425999999999963,,,,,,,,,,
b1818,16.0,mixed,0.12174000000000085,-0.05300999999999867,-0.4866099999999971,0.6852400000000021,-0.7204099999999976,-1.539814999999999,0.4866099999999971,1.539814999999999,-0.7318860607341975,-1.053360716174887,-5.126041388596622,-0.22406463898099727,5.126041388596622,5.126041388596622,4.121965253246101,5.400935639695947,1.783838201121676,-0.22406463898099727
b1761,11.594530020086626,single,-0.2406600000000001,-0.6739099999999993,-1.1719100000000005,-1.9438399999999998,-0.3504100000000001,-0.8148099999999996,1.1719100000000005,1.9438399999999998,,,,,,,,,,
b0116,9.624846505736867,complex-and,-0.12350999999999956,-0.37795999999999985,-0.5012099999999986,-1.6673399999999994,-0.3613099999999996,-0.29696000000000033,0.5012099999999986,1.6673399999999994,,,,,,,,,,
b0115,9.624846505736867,complex-and,-0.2250099999999975,-0.592609999999997,-0.5209099999999989,-1.1133599999999984,-0.45960999999999785,-0.6888099999999984,0.592609999999997,1.1133599999999984,-1.4236734757854057,-1.506824927604117,-5.004502421821142,-2.5444955012307977,5.004502421821142,5.004502421821142,1.881666464411719,4.40015144258805,2.619874081610366,-2.5444955012307977
b0114,9.624846505736867,complex-and,-0.2870500000000007,-0.44534999999999947,-0.5089000000000006,-1.5700899999999987,-0.642949999999999,-0.7490999999999985,0.5089000000000006,1.5700899999999987,-1.5761471549709407,-2.3184434376270735,-4.834766657987769,-2.9879175818865544,4.834766657987769,4.834766657987769,1.7040661186695756,3.593192956146358,2.9293187081180845,-2.9879175818865544
b3916,9.490141723290314,isozyme-or,0.10372999999999877,-0.3083349999999996,-0.4915300000000009,0.40077999999999925,-0.29764000000000124,-0.3637049999999995,0.4915300000000009,0.40077999999999925,-4.172916108071364,-5.990260487176276,-7.822914072358477,-2.7684029152752756,7.822914072358477,7.822914072358477,2.834942564877778,3.5736778457644425,5.188623395720349,-2.7684029152752756
b1723,9.490141723290314,isozyme-or,-0.31186899999999973,-0.13292399999999915,0.16553599999999946,2.3158060000000003,0.057021000000000654,-0.06619899999999923,0.31186899999999973,2.3158060000000003,,,,,,,,,,
b1773,9.490141723290312,isozyme-or,0.051571000000000033,0.3601360000000007,-0.008744000000000085,-0.20060399999999934,-0.23942399999999964,-0.2096789999999995,0.3601360000000007,0.23942399999999964,-0.864142346029979,-0.6496605933710548,0.0,0.0,0.864142346029979,0.864142346029979,2.2712881519084265,4.546148545899144,0.37845073485025843,0.0
b2925,9.490141723290312,isozyme-or,0.06688000000000294,-0.44508999999999865,-0.5807049999999965,-2.3249499999999976,-0.3923699999999979,-0.26111999999999824,0.5807049999999965,2.3249499999999976,-2.232526622765201,-3.7219766586514726,-6.970645218638136,-3.2294041472910013,6.970645218638136,6.970645218638136,2.0153157694880033,5.856506950251538,4.038638161836452,-3.2294041472910013
b2097,9.490141723290312,isozyme-or,0.25817200000000007,1.3834619999999997,1.6173620000000017,0.12156200000000084,0.07571700000000092,0.14236200000000032,1.6173620000000017,0.14236200000000032,,,,,,,,,,
b3919,9.146649848720998,single,-0.26971900000000026,-0.5783089999999991,-0.5439039999999995,-1.1601039999999987,-0.29270399999999874,-0.31705399999999884,0.5783089999999991,1.1601039999999987,,,,,,,,,,
b4025,5.20603175623541,single,0.09712300000000162,-0.16339699999999802,-0.40299699999999916,-2.0928319999999987,-0.884466999999999,-0.9706069999999976,0.40299699999999916,2.0928319999999987,,,,,,,,,,
b0720,3.390302551686155,single,0.8453800000000005,1.5560299999999998,-0.2000200000000003,-0.48722000000000065,-0.43857000000000035,-0.6754200000000008,1.5560299999999998,0.6754200000000008,,,,,,,,,,
b0118,3.390302551686155,isozyme-or,0.1791299999999989,0.6092799999999983,0.4031299999999973,-1.5806400000000007,-0.42736500000000177,-0.21392000000000166,0.6092799999999983,1.5806400000000007,,,,,,,,,,
b1276,3.390302551686155,isozyme-or,0.02517700000000289,0.7746720000000025,0.4765370000000022,0.40589200000000325,-0.026207999999998677,-0.11694299999999735,0.7746720000000025,0.40589200000000325,,,,,,,,,,
b1136,3.390302551686154,single,-0.061650000000000205,-0.04470000000000063,-0.43294999999999995,-0.8727999999999998,-0.4753999999999987,-0.25865000000000116,0.43294999999999995,0.8727999999999998,,,,,,,,,,
b4122,3.3430365639747155,isozyme-or,0.03944899999999851,-0.1263910000000008,0.06678399999999929,-0.7221160000000015,-0.47626100000000093,-0.3300110000000016,0.1263910000000008,0.7221160000000015,-2.269375429084045,-1.8942090057508973,-2.7385901062806877,0.0,2.7385901062806877,2.7385901062806877,1.829046042130146,1.8358115595940356,1.7255436352789075,0.0
b1611,3.3430365639747155,isozyme-or,0.38914399999999993,1.1225889999999996,1.1757040000000014,-0.20087599999999917,-0.3660160000000001,-0.42400099999999963,1.1757040000000014,0.42400099999999963,,,,,,,,,,
b1612,3.3430365639747155,isozyme-or,0.6370700000000014,1.0605200000000004,0.8718200000000014,-0.4749099999999995,-0.28999999999999915,-0.1840099999999989,1.0605200000000004,0.4749099999999995,,,,,,,,,,
b3236,3.341643275720806,single,0.262909999999998,0.7306599999999968,-0.24909000000000248,-0.09154000000000195,-0.4235900000000026,-0.5810400000000016,0.7306599999999968,0.5810400000000016,,,,,,,,,,
b1852,2.952647620709575,single,-0.12627900000000025,-0.4128190000000007,-0.5766939999999998,-0.42002399999999973,-0.212788999999999,-0.37633899999999976,0.5766939999999998,0.42002399999999973,,,,,,,,,,
b0767,2.9526476207095738,single,-0.012597999999998777,0.38134700000000166,0.40123700000000184,0.10346200000000039,-0.02616300000000038,-0.011992999999998588,0.40123700000000184,0.10346200000000039,,,,,,,,,,
b2029,2.9526476207095738,single,-0.3733000000000004,-0.7874000000000017,-0.9397349999999989,-0.9068299999999994,-0.6678500000000014,-0.8684000000000012,0.9397349999999989,0.9068299999999994,-0.8462481445709606,-1.884503431954724,-5.173862637176491,-1.5094005381606541,5.173862637176491,5.173862637176491,4.122711924298722,3.8810275070795175,2.3535036879657074,-1.5094005381606541
b2501,2.64715310087908,single,-0.027639999999999887,-0.00835000000000008,-0.05289499999999947,-0.9314099999999996,-0.19180999999999848,-0.3241499999999995,0.05289499999999947,0.9314099999999996,-0.46120361819696054,-1.3582909213930678,-3.2606386496891235,-3.992550224965626,3.992550224965626,3.992550224965626,1.2672348138609788,2.6085949837979414,2.2681708535611946,-3.992550224965626
b0722,2.3874690515788184,complex-and,0.7552099999999999,1.3487100000000005,0.3335600000000003,-1.9382399999999986,-0.6403400000000001,-0.8854099999999985,1.3487100000000005,1.9382399999999986,4.30859229831004,2.830322454843059,0.5689815974446315,-2.614188851251951,4.30859229831004,4.30859229831004,2.070582526250922,2.0962562053620526,2.5805213004624203,-2.614188851251951
b0723,2.3874690515788184,complex-and,0.5999199999999973,1.1770699999999987,0.30586999999999875,-1.3008800000000011,-0.48558000000000057,-0.8117800000000024,1.1770699999999987,1.3008800000000011,2.5893008062068628,2.0090383155184455,-0.4710769968015516,-1.7455739196732871,2.5893008062068628,2.5893008062068628,1.5730485482153442,3.6437339441065513,1.7037475095500367,-1.7455739196732871
b0724,2.3874690515788184,complex-and,0.5885800000000003,1.0382800000000003,0.03662999999999883,-1.1295800000000007,-0.49991499999999967,-0.47176999999999936,1.0382800000000003,1.1295800000000007,2.1251428115378452,1.4692402335969126,-1.1738211437137194,-1.4253678961095009,2.1251428115378452,2.1251428115378452,1.190114778406894,3.526939626066701,1.5483930212394945,-1.4253678961095009
b0721,2.3874690515788184,complex-and,0.8868700000000018,1.6181700000000028,0.2917700000000014,-2.972979999999999,-0.6312299999999986,-0.8146299999999975,1.6181700000000028,2.972979999999999,,,,,,,,,,
b0726,1.997029940758318,complex-and,0.4445239999999995,1.1359239999999993,0.28417400000000015,-2.1535660000000014,-0.3990310000000008,-0.8375860000000017,1.1359239999999993,2.1535660000000014,1.1398221446059162,0.48779042094939395,-1.5950198467505183,-1.7399027583419793,1.7399027583419793,1.7399027583419793,1.6759277250813414,5.2229680122422755,1.240633792661952,-1.7399027583419793
b0727,1.997029940758318,complex-and,0.6478800000000007,1.1429300000000016,0.45958000000000077,-0.9123199999999994,-0.5944199999999995,-0.8879699999999993,1.1429300000000016,0.9123199999999994,0.9831525679911772,-0.043100967117949196,-2.2236748755753712,-1.9116446108431004,2.2236748755753712,2.2236748755753712,1.6797618488017836,4.898958045711545,1.2903932553818995,-1.9116446108431004
b3380,1.6318250334497593,isozyme-or,-0.25602400000000003,-0.07145899999999994,-0.19285899999999945,-0.37774399999999986,-0.14743899999999943,-0.16721400000000042,0.25602400000000003,0.37774399999999986,0.0,0.0,0.0,0.0,0.0,0.0,0.0,1.1764423790055143,0.0,0.0
b4383,1.6318250334497593,isozyme-or,0.23793400000000098,0.40094400000000086,0.5978040000000018,-1.156915999999999,-0.4206059999999976,-0.5687859999999976,0.5978040000000018,1.156915999999999,1.1552802170025034,0.712529467696803,-2.6277728253722765,-2.7729859913559833,2.7729859913559833,2.7729859913559833,1.9111903392928165,2.124372914911894,1.8171421253568916,-2.7729859913559833
b4094,1.631140475784241,single,-0.01942899999999881,-0.2025439999999996,-0.05088899999999974,-0.21728400000000025,0.0887209999999996,0.047581000000000984,0.2025439999999996,0.21728400000000025,-1.2841884636306686,-0.44032772510222207,-1.1144180723868469,-0.8775569129259357,1.2841884636306686,1.2841884636306686,4.906006551868735,0.6226291048091177,0.9291227935114184,-0.8775569129259357
b0728,1.450042460463684,complex-and,0.6607500000000037,1.2312500000000028,0.39935000000000187,-0.6880999999999968,-0.23554999999999637,-0.7543499999999987,1.2312500000000028,0.7543499999999987,1.028167326126768,0.4274504588048451,-2.0252716291210415,-1.9783860551479329,2.0252716291210415,2.0252716291210415,1.9982902642256342,5.152828386783572,1.364818867300147,-1.9783860551479329
b0729,1.450042460463684,complex-and,0.7186700000000013,1.2075700000000005,0.3463200000000022,-0.6192999999999991,-0.24842999999999904,-0.49195999999999884,1.2075700000000005,0.6192999999999991,,,,,,,,,,
b3956,1.3884891333019085,single,-0.33684400000000103,-1.1338589999999993,-1.0233439999999998,-1.8798639999999995,-0.3335840000000001,-0.4751290000000008,1.1338589999999993,1.8798639999999995,-1.9671338977691644,-2.4145583436495848,-6.083991025226189,-1.7065203930307584,6.083991025226189,6.083991025226189,3.6085220496424433,5.290860079496405,3.0430509149189238,-1.7065203930307584
b0928,1.3589215586029115,isozyme-or,0.26616000000000106,-0.19608999999999988,-0.13058999999999976,-1.1251099999999994,-0.44449000000000005,-0.2841900000000006,0.26616000000000106,1.1251099999999994,,,,,,,,,,
b1207,0.8203052488796222,single,-0.26198999999999906,-0.37233999999999945,-0.7729399999999984,-2.147549999999999,-0.41518999999999906,0.18406000000000056,0.7729399999999984,2.147549999999999,-3.7326402246525214,-7.952118023267428,-7.320082129644916,-4.6594284033699775,7.952118023267428,7.952118023267428,3.1144728636790235,3.9065365154656213,5.91606719523371,-4.6594284033699775
b3844,0.7575374015895484,single,0.1762940000000004,0.1197739999999996,-0.13631600000000077,0.20264399999999938,-0.3044060000000002,-0.0955560000000002,0.1762940000000004,0.3044060000000002,,,,,,,,,,
b4090,0.7498190937323724,isozyme-or,0.32322800000000207,0.2115480000000005,0.09690300000000107,0.9372480000000021,-0.03383199999999853,0.044873000000002605,0.32322800000000207,0.9372480000000021,,,,,,,,,,
b2914,0.7498190937323724,isozyme-or,-0.14954499999999982,-0.13840499999999878,-0.5019199999999984,-0.3446599999999993,-0.37497499999999917,-0.0945999999999998,0.5019199999999984,0.37497499999999917,-2.0506631157515125,-2.459779618889981,-4.921844417378578,-2.7125454521867476,4.921844417378578,4.921844417378578,2.2032443918516433,2.603057755696657,3.0362081510517047,-2.7125454521867476
b4301,0.69982775370912,isozyme-or,-0.17099200000000003,0.17041299999999904,0.13778299999999977,-0.2968820000000001,0.01869799999999966,-0.14543199999999956,0.17099200000000003,0.2968820000000001,2.6808149863528703,2.0418889374799027,-1.0660717306424559,-0.550120414088541,2.6808149863528703,2.6808149863528703,0.5020117602720713,1.2190341640881037,1.5847240171409425,-0.550120414088541
b3386,0.69982775370912,isozyme-or,-0.1397510000000004,-0.18165100000000045,-0.282471000000001,-0.29181600000000074,-0.36358599999999974,-0.2842160000000007,0.282471000000001,0.36358599999999974,-2.3071039458316043,-3.3590963018750126,-6.13500613274229,-2.430684915476835,6.13500613274229,6.13500613274229,2.3779071935826144,2.435613659582197,3.5579728239814354,-2.430684915476835
b3870,0.5197562271973608,isozyme-or,-0.6583950000000023,-1.4027750000000019,-1.4128700000000016,-1.6297900000000016,-0.2467700000000015,-0.8006950000000028,1.4128700000000016,1.6297900000000016,,,,,,,,,,
b1297,0.5197562271973608,isozyme-or,0.34722599999999915,0.985081000000001,1.3950059999999986,-0.6849340000000002,-0.15704400000000085,-0.12338399999999972,1.3950059999999986,0.6849340000000002,,,,,,,,,,
b2913,0.4680378770954553,single,-0.7174999999999994,-1.5325000000000006,-1.4399999999999995,-1.08,-0.40440000000000076,-0.292250000000001,1.5325000000000006,1.08,,,,,,,,,,
b4388,0.4680378770954553,single,-0.0635570000000012,-0.26153200000000076,-0.03545200000000115,-0.3076920000000012,-0.24553200000000253,-0.20981700000000103,0.26153200000000076,0.3076920000000012,,,,,,,,,,
b0907,0.4680378770954553,single,-0.5526100000000014,-0.9554050000000025,-1.2586400000000015,-2.3379400000000015,-0.6127100000000016,-0.443010000000001,1.2586400000000015,2.3379400000000015,-2.6371578295959752,-4.022092251036517,-5.403468818419652,-1.2172721304950573,5.403468818419652,5.403468818419652,4.898927200642349,4.614904387050718,3.3199977573868003,-1.2172721304950573
b2465,0.2442325755378905,isozyme-or,0.1582789999999985,0.7779839999999982,1.0252739999999978,0.1881739999999983,-0.08472100000000005,0.12300399999999811,1.0252739999999978,0.1881739999999983,,,,,,,,,,
b2464,0.2442325755378905,isozyme-or,0.09409199999999807,1.414171999999997,1.6986219999999967,-0.09290800000000132,-0.32432300000000325,-0.3274080000000019,1.6986219999999967,0.3274080000000019,,,,,,,,,,
b2935,0.2442325755378905,isozyme-or,-0.31025999999999954,-0.73123,-0.8582899999999984,-3.56121,-0.32094999999999985,-0.2779000000000007,0.8582899999999984,3.56121,,,,,,,,,,
b0008,0.2442325755378905,isozyme-or,-0.0482699999999987,-0.34186999999999834,-0.5871199999999988,-0.20661999999999914,-0.20561999999999792,0.1309300000000011,0.5871199999999988,0.20661999999999914,,,,,,,,,,
b2551,0.1972747214145404,single,-0.31829000000000107,-0.6479900000000001,-0.7259899999999995,-2.1685099999999995,-0.40874000000000166,-0.20259000000000071,0.7259899999999995,2.1685099999999995,,,,,,,,,,
b3433,0.1812026870433115,single,-0.1342800000000004,-0.42888000000000126,-0.401880000000002,-1.849400000000001,-0.7111800000000006,-0.43493000000000137,0.42888000000000126,1.849400000000001,,,,,,,,,,
b0002,0.1812026870433114,isozyme-or,-0.26272999999999946,-1.1572300000000002,-1.2233300000000007,-2.3016199999999998,-0.786480000000001,-1.015979999999999,1.2233300000000007,2.3016199999999998,2.814569740454557,-1.2266556205620738,-7.923687024120063,-0.8474959328694243,7.923687024120063,7.923687024120063,7.310612194764438,5.7262858807126245,3.2031020795015297,-0.8474959328694243
b4024,0.1812026870433114,isozyme-or,-0.714855,-0.963709999999999,-1.6144749999999997,-2.324,-0.7155050000000003,-0.8523700000000005,1.6144749999999997,2.324,-1.9916722578559098,-2.320201201648997,-5.149425746029752,-1.1448544287227802,5.149425746029752,5.149425746029752,3.8961169445774733,2.336257210018369,2.6515384085643596,-1.1448544287227802
b3940,0.1812026870433114,isozyme-or,0.11203199999999924,-0.17184300000000086,-0.1591730000000009,0.3686019999999992,0.1278819999999996,0.09150199999999842,0.17184300000000086,0.3686019999999992,-7.055606288460129,-2.6652645847476326,-4.035426734195733,-1.039928882516283,7.055606288460129,7.055606288460129,5.844019761834109,3.4473983608586396,3.6990566224799446,-1.039928882516283
b2290,0.1599789787217618,isozyme-or,0.028548000000000684,0.12508300000000006,-0.1428419999999999,-0.861612,-0.3695170000000001,-0.35380699999999976,0.1428419999999999,0.861612,,,,,,,,,,
b2379,0.1599789787217618,isozyme-or,-0.022856000000000876,0.045228999999999075,0.008663999999999561,-0.757206,-0.3200509999999994,-0.2876960000000004,0.045228999999999075,0.757206,,,,,,,,,,
b0529,0.1549994401620578,single,-0.004054000000000002,-0.38886400000000165,-0.5098839999999996,-1.1541940000000004,-0.0017690000000012418,0.027395999999999532,0.5098839999999996,1.1541940000000004,,,,,,,,,,
b3493,0.1475264536211723,isozyme-or,-0.2164830000000002,-0.4693380000000005,-0.6310479999999998,-1.3335280000000012,-0.4827730000000017,-0.24111300000000213,0.6310479999999998,1.3335280000000012,,,,,,,,,,
b2987,0.1475264536211723,isozyme-or,-0.009661999999999615,0.050058000000000824,-0.08670699999999965,-1.2699919999999993,-0.13173199999999863,0.13361300000000131,0.08670699999999965,1.2699919999999993,,,,,,,,,,
b0078,0.1211818650259794,mixed,-0.07919199999999904,-0.011731999999998521,-0.165716999999999,-0.7816719999999986,-0.00035699999999927456,-0.06794199999999861,0.165716999999999,0.7816719999999986,-0.5735041356558188,-3.6691936309500375,-6.150406760765523,-1.6491777223811082,6.150406760765523,6.150406760765523,5.131796612602026,4.767935481277018,3.0105705624381214,-1.6491777223811082
b0077,0.1211818650259794,mixed,-0.058992999999999185,0.006967000000001278,-0.3816979999999983,-1.631207999999999,-0.5240729999999996,-0.6133079999999982,0.3816979999999983,1.631207999999999,-1.5202841298781755,-3.602791068309547,-6.137349188753532,-1.464894650867778,6.137349188753532,6.137349188753532,5.372683157603296,4.245217088366358,3.1813297594522583,-1.464894650867778
b3774,0.1211818650259794,single,-0.16548000000000052,-0.7134300000000007,-0.8836800000000018,-3.1787400000000012,-0.4940300000000022,0.36086999999999847,0.8836800000000018,3.1787400000000012,,,,,,,,,,
b3671,0.1211818650259794,mixed,0.6743459999999999,1.069846,1.2618459999999985,-1.6193739999999996,-0.3249840000000006,-0.3052740000000007,1.2618459999999985,1.6193739999999996,-1.739073343830205,1.8804884134466036,-4.824187388036877,-4.328117741508642,4.824187388036877,4.824187388036877,2.0624552196328136,3.6820987728487213,3.1929667217055817,-4.328117741508642
b3670,0.1211818650259794,mixed,0.6141939999999995,1.1585139999999985,1.0835139999999992,-1.074046000000001,-0.5407360000000008,-0.3516510000000004,1.1585139999999985,1.074046000000001,-2.2567877715470703,1.3310140721296753,-4.868146607043655,-3.791164211474245,4.868146607043655,4.868146607043655,3.1427769828510743,3.484574472013036,3.0617781655486613,-3.791164211474245
b3771,0.1211818650259794,single,0.06959199999999832,-0.2285629999999994,-0.09786800000000007,0.25296200000000013,-0.13392799999999916,-0.18061300000000102,0.2285629999999994,0.25296200000000013,-2.183087926224587,-6.075768244423131,-7.301742360838406,-2.010348953138715,7.301742360838406,7.301742360838406,4.361594008534537,6.177396313172294,4.39273687115621,-2.010348953138715
b0474,0.0991034010905592,isozyme-or,-0.525780000000001,-0.47927999999999926,-0.971779999999999,-0.07277999999999984,-0.48088000000000086,-0.31803000000000026,0.971779999999999,0.48088000000000086,-4.128877375087377,-6.4410483720102,-8.458441495947838,-3.986295677923457,8.458441495947838,8.458441495947838,3.794094937766122,2.363015505533834,5.7536657302422185,-3.986295677923457
b2518,0.0991034010905592,isozyme-or,0.28462999999999994,0.023679999999998813,-0.23967000000000027,-2.462530000000001,-0.5165700000000015,-0.8629700000000007,0.28462999999999994,2.462530000000001,-1.0938330890254946,-1.1199590684203873,-2.0425707368833894,-2.888816739800078,2.888816739800078,2.888816739800078,2.2589688754512833,3.4526007161562697,1.7862949085323372,-2.888816739800078
b1676,0.0763285398807885,isozyme-or,-0.06654400000000038,-0.49553900000000084,-0.5070140000000016,-1.7353640000000006,-0.7429790000000018,-0.6413140000000013,0.5070140000000016,1.7353640000000006,,,,,,,,,,
b1854,0.0763285398807885,isozyme-or,0.3080419999999986,0.14248699999999914,-0.1935380000000002,-0.4920580000000019,-0.31751799999999974,-0.46177800000000246,0.3080419999999986,0.4920580000000019,,,,,,,,,,
b0323,0.0622458259153863,isozyme-or,-0.05866199999999999,0.2499779999999987,0.07472800000000035,0.41828800000000044,0.1255430000000004,0.1136330000000001,0.2499779999999987,0.41828800000000044,0.0,0.0,0.0,0.0,0.0,0.0,0.8106818279114454,1.7997783682050539,0.0,0.0
b0521,0.0622458259153863,isozyme-or,-0.003345999999998739,-0.042435999999998586,0.013484000000001828,-0.057125999999998456,0.21098399999999984,0.15156900000000206,0.042435999999998586,0.21098399999999984,,,,,,,,,,
b2874,0.0622458259153863,isozyme-or,0.1609090000000002,0.1287490000000009,-0.09744099999999989,-0.46782599999999963,-0.07084599999999952,0.028279000000000387,0.1609090000000002,0.46782599999999963,,,,,,,,,,
b4069,0.0538087188670391,single,1.8753320000000002,3.6568320000000014,3.6442820000000005,-0.6337979999999996,-0.006693000000000282,-0.4233829999999994,3.6568320000000014,0.6337979999999996,,,,,,,,,,
b0004,0.0469558909414078,single,-0.07299999999999862,-0.8472649999999984,-1.046084999999998,-1.6477299999999993,-0.6479749999999989,-0.8020849999999982,1.046084999999998,1.6477299999999993,2.44475286977384,-1.5586278741364525,-6.49780528181701,-1.0841618207905066,6.49780528181701,6.49780528181701,4.943461506930014,5.0341417173819965,2.8963369616294523,-1.0841618207905066
b0003,0.0469558909414077,single,-0.4242299999999979,-1.1794599999999988,-1.1158699999999975,-1.6887399999999992,-0.6501299999999972,-1.0598049999999972,1.1794599999999988,1.6887399999999992,2.318989869824385,-1.297082534149391,-6.00981608778439,-1.395147569742361,6.00981608778439,6.00981608778439,4.726155131938464,5.570199115433302,2.755259015375132,-1.395147569742361
b4006,0.0467037699780858,single,-0.3229210000000009,-0.8235159999999979,-0.7657759999999989,-1.4389759999999994,-0.2735209999999988,-0.47533599999999865,0.8235159999999979,1.4389759999999994,,,,,,,,,,
b0126,0.0438392353963408,isozyme-or,-0.6004299999999994,-0.9348799999999997,-1.1247799999999994,-1.230879999999999,-0.26312999999999853,-0.06772999999999918,1.1247799999999994,1.230879999999999,,,,,,,,,,
b0339,0.0438392353963408,isozyme-or,0.01373899999999928,0.10817899999999891,0.11126899999999917,0.28502399999999906,-0.2010360000000011,0.052668999999999855,0.11126899999999917,0.28502399999999906,,,,,,,,,,
b0071,0.0321807996622632,complex-and,0.48870000000000147,0.8005000000000031,1.2855500000000006,-0.4207099999999979,-0.36957499999999754,-0.19856499999999855,1.2855500000000006,0.4207099999999979,,,,,,,,,,
b0072,0.0321807996622632,complex-and,0.6112699999999993,0.7781199999999995,1.38992,-0.48428000000000004,-0.13673000000000002,-0.47377999999999965,1.38992,0.48428000000000004,-5.5953067881595295,-7.03000782879408,-9.783541792145304,-2.8418121912352654,9.783541792145304,9.783541792145304,6.330713286437714,6.855951846073575,6.312667150083545,-2.8418121912352654
b0074,0.0321807996622632,single,0.9251240000000003,1.2851239999999997,2.020924000000001,-1.063326,-0.08102600000000137,-0.1470760000000002,2.020924000000001,1.063326,-5.566745287848132,-7.489857105043955,-9.18448320164903,-1.5517733990904905,9.18448320164903,9.18448320164903,7.730875570263238,5.5392628438432325,5.948214748407902,-1.5517733990904905
b4054,0.0321807996622632,isozyme-or,0.11021000000000036,-0.041214999999999336,-0.005964999999999776,-2.16566,-0.3221000000000007,-0.27444999999999986,0.11021000000000036,2.16566,,,,,,,,,,
b3770,0.0321807996622632,isozyme-or,-0.10809599999999975,-0.5801060000000007,-0.3835160000000002,0.025573999999998875,-0.2960810000000009,-0.28301599999999993,0.5801060000000007,0.2960810000000009,-1.5762675193475464,-4.977834269872439,-7.730463502391236,-1.3965210788356772,7.730463502391236,7.730463502391236,4.716806739438239,5.86061929872012,3.920271592611724,-1.3965210788356772
b0073,0.0321807996622632,single,0.5296700000000012,0.8121700000000018,1.6120200000000011,-1.2673099999999984,-0.3937799999999996,-0.416129999999999,1.6120200000000011,1.2673099999999984,-5.661716510546513,-7.050441789559173,-9.452907853478289,-1.877330473183057,9.452907853478289,9.452907853478289,7.066300365374594,6.4782684354319,6.010599156691757,-1.877330473183057
b4005,0.0318540616876491,single,-0.059451999999998506,-0.4823969999999971,-0.4718119999999981,-1.580601999999998,-0.1790869999999991,-0.2724869999999999,0.4823969999999971,1.580601999999998,,,,,,,,,,
b2312,0.0318540616876491,single,-0.3391660000000005,-0.6958310000000001,-0.7774160000000006,-1.6702659999999998,-0.4215309999999999,-0.3730960000000003,0.7774160000000006,1.6702659999999998,-5.760639996422069,-5.260953278615022,-6.285058162242396,-1.6573547317049389,6.285058162242396,6.285058162242396,2.7592185307368697,3.242853045252952,4.7410015422461065,-1.6573547317049389
b2499,0.0318540616876491,single,-0.2113879999999977,-0.6925329999999992,-0.913987999999998,-2.561067999999999,-0.19283800000000006,-0.4521379999999997,0.913987999999998,2.561067999999999,,,,,,,,,,
b2557,0.0318540616876491,single,0.028409999999999158,-0.22751000000000055,-0.37682500000000196,-2.076430000000001,-0.36935000000000073,-0.4331600000000009,0.37682500000000196,2.076430000000001,,,,,,,,,,
b2476,0.0318223745537645,single,-0.1718799999999998,-0.8902800000000006,-0.8176799999999993,-0.5981799999999993,-0.44277999999999906,-0.21873000000000076,0.8902800000000006,0.5981799999999993,-6.624103319310578,-7.441325990183703,-8.411557216153938,-2.749618046523765,8.411557216153938,8.411557216153938,2.9986391639339898,1.8337571175446818,6.306651143042996,-2.749618046523765
b1131,0.0318223745537645,single,-0.1704629999999998,-0.3357829999999993,-0.6653330000000004,-1.5036880000000004,-0.33864799999999917,-0.23822299999999963,0.6653330000000004,1.5036880000000004,-4.683407035687936,-6.484616607639522,-6.186650942570828,-2.1400169566205,6.484616607639522,6.484616607639522,2.3592063132495036,5.3292430100922985,4.873672885629697,-2.1400169566205
b0523,0.0318223745537645,single,-0.17003500000000038,-0.3878850000000007,-0.45321999999999996,-0.67136,-0.16597499999999954,-0.18186999999999998,0.45321999999999996,0.67136,-6.948402346458394,-8.299342146634498,-6.848594833473145,-1.3802359175238188,8.299342146634498,8.299342146634498,5.840067307669049,2.2825750797066497,5.8691438110224645,-1.3802359175238188
b0522,0.0318223745537645,single,-0.350026999999999,-0.5721670000000003,-0.662032,-1.0692219999999981,-0.00026699999999912905,-0.010876999999998915,0.662032,1.0692219999999981,,,,,,,,,,
b2500,0.0315063704760534,single,-0.19540700000000122,-0.5399720000000006,-0.6709970000000016,-1.503922000000001,-0.30358700000000205,-0.2590620000000019,0.6709970000000016,1.503922000000001,-3.775233318834112,-5.387057262369872,-5.913200982015816,-2.6130383619058666,5.913200982015816,5.913200982015816,2.7803100143893076,1.2148652290794129,4.422132481281416,-2.6130383619058666
b3572,0.0283896994967888,single,-0.202928,-0.2665879999999987,-0.2849079999999997,-1.9279379999999993,-0.22945299999999946,-0.013587999999998601,0.2849079999999997,1.9279379999999993,,,,,,,,,,
b1704,0.0230286603263399,isozyme-or,-0.38229699999999944,-0.5838219999999996,-0.6013719999999996,-1.7268619999999997,-0.2554920000000003,-0.339302,0.6013719999999996,1.7268619999999997,-3.983350403158253,-6.277367083697833,-4.351176979279353,-1.5442861897648021,6.277367083697833,6.277367083697833,4.203631064977921,1.5542208562486906,4.03904516397506,-1.5442861897648021
b0754,0.0230286603263399,isozyme-or,-0.7220299999999966,-1.5335199999999976,-1.803869999999998,-1.9671899999999987,-0.3932299999999991,-0.6091799999999985,1.803869999999998,1.9671899999999987,,,,,,,,,,
b2601,0.0230286603263399,isozyme-or,-0.6202740000000002,-0.39464399999999955,-0.4016189999999984,-0.9152539999999991,-0.4398490000000006,-0.6423989999999993,0.6202740000000002,0.9152539999999991,,,,,,,,,,
b1693,0.0230286603263399,single,0.13868099999999828,-0.018354000000000426,-0.2318990000000003,-0.25530400000000064,-0.37601899999999944,-0.40179400000000065,0.2318990000000003,0.40179400000000065,-1.7444092639537478,-3.0967105445472676,-3.7804162156261976,-1.726072716867743,3.7804162156261976,3.7804162156261976,3.377476831454061,2.579578467295848,2.586902185248739,-1.726072716867743
b3389,0.0230286603263399,single,0.019011000000000777,0.09689100000000117,0.0019860000000004874,-0.5397639999999999,-0.6039339999999989,-0.4463139999999992,0.09689100000000117,0.6039339999999989,-2.8199022704138317,-4.308628600619157,-6.237896933133273,-2.4606389868769547,6.237896933133273,6.237896933133273,3.371823629143152,2.575923180684448,3.956766697760804,-2.4606389868769547
b3281,0.0230286603263399,isozyme-or,-0.19934499999999922,-0.27454499999999893,-0.2840599999999993,-0.47077999999999864,-0.42792999999999903,-0.4634849999999995,0.2840599999999993,0.47077999999999864,-0.662001802333064,-3.2498914561403383,-5.166984202704753,-1.6841403532229549,5.166984202704753,5.166984202704753,2.05819245208162,1.2961871867993926,2.6907544536002774,-1.6841403532229549
b0908,0.0230286603263399,single,-0.5659200000000002,-0.9244050000000001,-1.1869700000000005,-2.012080000000001,-0.555220000000002,-0.29077000000000197,1.1869700000000005,2.012080000000001,-2.990132925218754,-5.7614017177381935,-6.13420107301055,-2.033081492232569,6.13420107301055,6.13420107301055,4.133334740647438,3.5782967913005512,4.229704302050017,-2.033081492232569
b2329,0.0230286603263399,single,0.03215699999999977,-0.12123300000000015,-0.20857800000000104,-0.7861080000000005,-0.4775179999999999,-0.534832999999999,0.20857800000000104,0.7861080000000005,-3.4075553480351295,-5.239449045021233,-5.91681289794388,-3.9459387063507707,5.91681289794388,5.91681289794388,1.987056226389698,3.424785209902008,4.627438999337754,-3.9459387063507707
b3390,0.0230286603263399,isozyme-or,-0.304079999999999,-0.7290949999999992,-0.8385649999999991,-0.3558799999999991,-0.4086800000000004,-0.22582999999999842,0.8385649999999991,0.4086800000000004,-3.254574964445883,-6.7996342105808045,-8.794106746525156,-4.084009092977092,8.794106746525156,8.794106746525156,2.1935903300272326,0.8632485323103882,5.733081253632234,-4.084009092977092
b0388,0.0230286603263399,isozyme-or,-0.06737199999999888,0.014198000000000377,-0.05773199999999967,-1.0364819999999995,-0.08461199999999991,-0.05926200000000037,0.06737199999999888,1.0364819999999995,-1.5825671009223665,-3.136491668402428,-4.49285533330855,-3.9914669999630465,4.49285533330855,4.49285533330855,1.560548412397873,0.43562770818568364,3.3008452756490976,-3.9914669999630465
b1692,0.0230286603263399,isozyme-or,-0.09689199999999953,-0.00278199999999984,-0.08089199999999952,0.08850800000000092,0.0029479999999999507,-0.09471199999999946,0.09689199999999953,0.09471199999999946,-1.9647831742386852,0.0,-2.3573068810795035,-0.7429335140016861,2.3573068810795035,2.3573068810795035,2.6726797134804157,1.2615157547471485,1.2662558923299687,-0.7429335140016861
b0171,0.0226579536881984,isozyme-or,-0.6216600000000021,-0.6886600000000023,-0.7671950000000027,0.3385399999999983,-0.4136600000000019,-0.4542600000000032,0.7671950000000027,0.4542600000000032,-1.95587740916761,-2.0826012525310293,-6.644744635504683,-1.9135169641152978,6.644744635504683,6.644744635504683,1.65090015371922,1.9382435691689723,3.149185065329655,-1.9135169641152978
b0910,0.0226579536881984,single,-0.3322000000000003,-0.37898999999999816,-0.5092349999999985,0.07882000000000211,-0.05877999999999872,-0.20990499999999912,0.5092349999999985,0.20990499999999912,-2.117536695577211,-3.5641748905171133,-3.7159350084496605,-2.499342605017965,3.7159350084496605,3.7159350084496605,1.900850411458288,0.9330869376754771,2.9742472998904876,-2.499342605017965
b2472,0.0218160380658343,single,-0.02288399999999946,0.09162599999999976,0.06138099999999902,-0.13462400000000052,0.06255099999999914,-0.12633400000000172,0.09162599999999976,0.13462400000000052,-0.349697034240549,-1.8007285218885665,-4.384310097764014,-1.2958420565040607,4.384310097764014,4.384310097764014,2.023044598806897,1.279018415615111,1.9576444275992975,-1.2958420565040607
b3359,0.0218160380658343,isozyme-or,-0.6601970000000001,-0.8982269999999986,-0.8305819999999997,-0.046181999999999945,-0.35299699999999845,-0.41758199999999945,0.8982269999999986,0.41758199999999945,,,,,,,,,,
b3809,0.0218160380658343,single,-0.05478899999999953,-0.3761340000000004,-0.13408899999999946,-0.5339139999999993,-0.10528399999999927,0.016450999999999993,0.3761340000000004,0.5339139999999993,-2.045686373520925,-3.0198250192652765,-6.845072668778984,-1.9762107982131374,6.845072668778984,6.845072668778984,0.9396939996194584,2.60822618450322,3.471698714944581,-1.9762107982131374
b0031,0.0218160380658343,single,-1.259084999999999,-1.425934999999999,-1.8037399999999995,-1.6436799999999998,-0.4887499999999996,-0.4059500000000007,1.8037399999999995,1.6436799999999998,-2.0331359549770434,-1.6637724851222693,-4.744313568680308,-0.008625265625262779,4.744313568680308,4.744313568680308,2.5286092819371295,1.8804047881024886,2.1124618186012207,-0.008625265625262779
b0166,0.0218160380658343,single,-0.6359999999999992,-1.0185999999999993,-1.428725,-0.7913999999999977,-0.3288999999999973,-0.18744999999999834,1.428725,0.7913999999999977,-1.578258024824689,-3.475944942890771,-5.135136609432511,-2.5944101992436543,5.135136609432511,5.135136609432511,2.9254386028021306,3.433812792078818,3.1959374440979063,-2.5944101992436543
b2478,0.0218160380658342,single,0.07408999999999999,-0.1742600000000003,-0.3294599999999992,-0.2647600000000008,-0.4378100000000007,-0.23266000000000098,0.3294599999999992,0.4378100000000007,,,,,,,,,,
b0221,0.0200795805859571,single,0.25466600000000206,0.718961000000002,0.5121360000000017,-0.14394399999999763,0.028886000000001744,-0.16220899999999716,0.718961000000002,0.16220899999999716,,,,,,,,,,
b3846,0.0200795805859571,isozyme-or,0.6013710000000003,1.4963509999999989,1.3642760000000003,-1.0279739999999995,-0.2016239999999998,-0.17480899999999977,1.4963509999999989,1.0279739999999995,,,,,,,,,,
b2341,0.0200795805859571,isozyme-or,0.7686269999999986,1.502901999999997,1.214801999999997,-0.11594800000000127,-0.1411030000000011,-0.1518530000000009,1.502901999999997,0.1518530000000009,6.473971295394233,4.521251602804627,1.2874211531075845,-2.4374745839662304,6.473971295394233,6.473971295394233,3.022778276227493,0.3651679766135747,3.6800296588181687,-2.4374745839662304
b2342,0.0200795805859571,isozyme-or,0.295361999999999,0.6737419999999972,0.3916119999999985,-0.44710800000000184,-0.048378000000001364,-0.05623800000000223,0.6737419999999972,0.44710800000000184,7.291138024188904,5.602323153469414,2.7170335581087715,-2.5453763075505265,7.291138024188904,7.291138024188904,4.241781155823261,1.4095045005612383,4.538967760829404,-2.5453763075505265
b3845,0.0200795805859571,isozyme-or,0.36503000000000085,1.3247049999999998,1.2477999999999998,-0.7439100000000005,-0.11411000000000016,-0.1828050000000001,1.3247049999999998,0.7439100000000005,,,,,,,,,,
b2224,0.020079580585957,isozyme-or,0.09177400000000002,0.19071399999999983,-0.03917099999999962,-0.30126600000000003,-0.09176599999999979,-0.012451000000000434,0.19071399999999983,0.30126600000000003,,,,,,,,,,
b2838,0.0186699572220611,single,-0.20230399999999804,-0.4207289999999979,-0.3806139999999978,-0.8631339999999987,-0.10704899999999995,-0.126849,0.4207289999999979,0.8631339999999987,,,,,,,,,,
b4244,0.0173486364586207,mixed,0.09391000000000105,-2.7042649999999995,-1.3545399999999983,-1.9421399999999984,-0.29803999999999853,-0.6761900000000001,2.7042649999999995,1.9421399999999984,-8.77771405341882,-4.753190717796368,-8.745867582470854,-3.2623611986590975,8.77771405341882,8.77771405341882,4.273002251654775,6.0153756575443875,6.3847833880862845,-3.2623611986590975
b4245,0.0173486364586207,mixed,0.12558000000000114,-2.3758099999999978,-1.1490199999999984,-2.1702199999999987,-0.38196999999999903,-0.8759199999999989,2.3758099999999978,2.1702199999999987,,,,,,,,,,
b3642,0.0173486364586207,single,0.025878999999999763,-0.23071100000000122,0.022473999999998995,-0.17371600000000065,0.22117399999999954,0.01791899999999913,0.23071100000000122,0.22117399999999954,,,,,,,,,,
b1062,0.0173486364586207,single,-0.23117399999999932,-1.0906289999999998,-1.0042989999999996,-1.8257440000000003,-0.29218400000000067,-0.35357899999999987,1.0906289999999998,1.8257440000000003,-3.4785504916439542,-5.1667950365931805,-5.5020381710089135,-0.8325937188485797,5.5020381710089135,5.5020381710089135,4.4009340167327595,2.6196447462696986,3.7449943545236573,-0.8325937188485797
b1281,0.0173486364586207,single,-0.4485229999999998,-0.8735229999999987,-0.9584580000000003,-1.3909879999999983,-0.06159800000000004,-0.2577779999999983,0.9584580000000003,1.3909879999999983,-4.098036878673725,-3.885316764184575,-3.7007082878293875,-1.3688400095427697,4.098036878673725,4.098036878673725,1.6401736099470097,0.7771448432400456,3.263225485057615,-1.3688400095427697
b2599,0.0165800001684432,single,-0.07693699999999914,-0.20120700000000014,-0.6203520000000005,-2.5412619999999997,-0.23881699999999917,-0.2960969999999996,0.6203520000000005,2.5412619999999997,,,,,,,,,,
b2600,0.0165800001684432,isozyme-or,-0.4743069999999996,-0.4853419999999993,-0.41294199999999925,-1.0978519999999996,-0.23625200000000035,-0.3059320000000003,0.4853419999999993,1.0978519999999996,,,,,,,,,,
b4177,0.0141774239932306,single,0.09038099999999893,-0.14220400000000133,-0.1568340000000017,-1.2392640000000004,-0.20886400000000016,0.2519359999999988,0.1568340000000017,1.2392640000000004,-2.751511817227893,-3.821117212566609,-6.6163645136321705,-3.8900158812768963,6.6163645136321705,6.6163645136321705,1.1642063078222016,3.4889578270764456,4.269752356175892,-3.8900158812768963
b3960,0.0138714008241178,single,-0.2638719999999992,-0.7013920000000002,-0.6814669999999996,1.6302280000000007,-0.33367199999999997,-0.36650700000000036,0.7013920000000002,1.6302280000000007,-5.6777605639797075,-3.1839704137261995,-7.246757550409462,-1.8278897157618148,7.246757550409462,7.246757550409462,3.9866983529115028,3.058053151774102,4.484094560969296,-1.8278897157618148
b2818,0.0138714008241178,single,-0.6368630000000017,-1.191708000000002,-1.4243780000000008,2.0693019999999986,-0.28274800000000155,-0.6364030000000014,1.4243780000000008,2.0693019999999986,,,,,,,,,,
b4254,0.0138714008241178,isozyme-or,-0.11113000000000106,-0.6955000000000027,-0.6402150000000013,3.119389999999999,-0.05766000000000204,-0.3360650000000014,0.6955000000000027,3.119389999999999,,,,,,,,,,
b3957,0.0138714008241178,single,-0.3051580000000005,-0.6891130000000008,-0.7535830000000008,0.8158820000000002,-0.2322380000000006,-0.29733300000000007,0.7535830000000008,0.8158820000000002,,,,,,,,,,
b0273,0.0138714008241178,isozyme-or,-0.3426899999999993,-0.5384799999999998,-0.6398899999999994,1.117700000000001,-0.19684999999999775,-0.3484449999999999,0.6398899999999994,1.117700000000001,-7.857652867863182,-4.701992538540221,-9.118577521351273,-1.6817284528415943,9.118577521351273,9.118577521351273,6.05501279483291,3.2384226060626258,5.839987845149067,-1.6817284528415943
b1748,0.0138714008241178,isozyme-or,0.20255200000000073,1.5250020000000006,1.6019370000000013,0.24326199999999965,0.2518320000000003,0.003662000000000276,1.6019370000000013,0.2518320000000003,,,,,,,,,,
b3959,0.0138714008241178,single,-0.4172999999999991,-1.0065049999999989,-1.0531500000000005,1.4918999999999993,-0.4447150000000004,-0.792745,1.0531500000000005,1.4918999999999993,-6.806235689679371,-3.7213668721622533,-8.445551802842227,-1.7064317506993534,8.445551802842227,8.445551802842227,5.321278053282217,3.610245757360703,5.1698965288458005,-1.7064317506993534
b3172,0.0138714008241178,single,-0.8360699999999994,-1.485915000000002,-1.7135449999999999,1.2005199999999991,-0.19998000000000005,-0.6254450000000009,1.7135449999999999,1.2005199999999991,,,,,,,,,,
b3958,0.0138714008241178,single,-0.6194880000000005,-1.3149180000000023,-1.2354580000000013,1.4183519999999987,-0.29331800000000285,-0.6979580000000016,1.3149180000000023,1.4183519999999987,,,,,,,,,,
b3772,0.0133821672054278,isozyme-or,-0.13060199999999966,-0.5091519999999985,-0.5279219999999984,-0.3584119999999995,-0.30308199999999985,-0.3736569999999997,0.5279219999999984,0.3736569999999997,,,,,,,,,,
b3117,0.0133821672054278,isozyme-or,-0.011333000000000482,0.06683699999999959,-0.05185800000000018,-0.026218000000000075,-0.048028000000000404,-0.12990300000000055,0.06683699999999959,0.12990300000000055,1.3891304039055064,0.0,0.0,-1.798064053171292,1.798064053171292,1.798064053171292,1.798064053171292,2.8737498165507818,0.7967986142691996,-1.798064053171292
b1206,0.0100849111810213,single,-0.06930600000000009,0.0760740000000002,-0.052666000000000324,0.09690399999999944,-0.2709659999999996,-0.3364060000000002,0.0760740000000002,0.3364060000000002,,,,,,,,,,
b3781,0.0097409746996797,mixed,0.0023599999999976973,-0.11139000000000188,-0.49704000000000015,-0.3572400000000009,-0.3646900000000013,0.06660999999999895,0.49704000000000015,0.3646900000000013,,,,,,,,,,
b0888,0.0097409746996797,mixed,-0.07241000000000142,-0.2437400000000025,-0.5161500000000014,-0.03955000000000197,-0.3847900000000024,-0.13904000000000138,0.5161500000000014,0.3847900000000024,,,,,,,,,,
b2582,0.0097409746996797,mixed,0.07684599999999797,-0.05101400000000034,-0.08263900000000213,1.1860359999999979,-0.18126400000000054,0.09843099999999971,0.08263900000000213,1.1860359999999979,,,,,,,,,,
b3607,0.0097409746996797,single,0.239393999999999,0.22314399999999956,0.3019439999999989,0.16684399999999933,-0.2536410000000018,-0.19586600000000054,0.3019439999999989,0.2536410000000018,,,,,,,,,,
b2421,0.0097409746996797,isozyme-or,-0.2268270000000001,-0.5378370000000015,-0.4233720000000005,-1.965892000000002,-0.533157000000001,-0.4927170000000025,0.5378370000000015,1.965892000000002,,,,,,,,,,
b2414,0.0097409746996797,isozyme-or,-0.3355099999999993,-0.6916599999999988,-0.6378599999999999,-2.4288600000000002,-0.3667099999999994,-0.007110000000000838,0.6916599999999988,2.4288600000000002,-5.214368723130197,-6.33386146444771,-8.761519560632353,-3.4077608087879274,8.761519560632353,8.761519560632353,7.544749731763405,7.173757684670056,5.929377639249546,-3.4077608087879274
b2764,0.0097409746996797,complex-and,-0.41030999999999906,-0.68215,-0.4523399999999995,-2.117610000000001,-0.5103749999999998,-0.2305400000000013,0.68215,2.117610000000001,,,,,,,,,,
b2762,0.0097409746996797,mixed,-0.5382800000000003,-0.9623300000000015,-0.7438299999999991,-2.8019099999999995,-0.6184799999999999,-0.07113000000000014,0.9623300000000015,2.8019099999999995,-5.506675886775111,-5.985402001788517,-6.494334749904475,-1.5394842135027569,6.494334749904475,6.494334749904475,9.358010647003105,6.914466138825805,4.881474212992715,-1.5394842135027569
b4214,0.0097409746996797,single,0.10789499999999919,0.27713500000000124,0.41903999999999897,0.97269,-0.011974999999999625,-0.08248999999999995,0.41903999999999897,0.97269,,,,,,,,,,
b2763,0.0097409746996797,complex-and,-0.2602499999999992,-0.5169149999999973,-0.42774999999999963,-1.9295399999999976,-0.5828399999999991,-0.48880499999999927,0.5169149999999973,1.9295399999999976,-6.747144786716749,-7.066817601963685,-7.714050317587833,-0.9156223951945777,7.714050317587833,7.714050317587833,9.425373127497267,8.23111039897734,5.610908775365711,-0.9156223951945777
b2750,0.0097409746996797,single,-0.4262239999999995,-0.6805489999999992,-0.8285489999999989,-2.5648839999999993,-0.7102190000000004,-0.495139,0.8285489999999989,2.5648839999999993,-6.9681672503046235,-6.144658383695959,-7.207879037651323,-0.8245183290823098,7.207879037651323,7.207879037651323,8.895137786912937,7.524815775209897,5.286305750183554,-0.8245183290823098
b2751,0.0097409746996797,complex-and,-0.5627499999999994,-0.8228750000000016,-0.6948950000000007,-2.74087,-0.42935000000000123,-0.4415999999999993,0.8228750000000016,2.74087,-6.238057796217463,-6.456079459088914,-6.784055542090257,-1.4851220025684717,6.784055542090257,6.784055542090257,9.032652447904018,7.840502624272207,5.240828699991276,-1.4851220025684717
b2752,0.0097409746996797,complex-and,-1.0345899999999997,-1.025739999999999,-1.0210899999999992,-2.4185299999999987,-0.6003399999999992,-0.768089999999999,1.0345899999999997,2.4185299999999987,,,,,,,,,,
b2507,0.0094170647525435,single,-0.719144,-1.251774000000001,-1.1938640000000014,-1.8413640000000004,-0.5608240000000002,-0.449739000000001,1.251774000000001,1.8413640000000004,,,,,,,,,,
b3648,0.0094170647525435,single,-0.10115599999999958,-0.2237259999999992,-0.3706309999999995,0.38769400000000154,-0.025300999999998908,-0.01544099999999915,0.3706309999999995,0.38769400000000154,,,,,,,,,,
b2508,0.0094170647525435,single,-0.45918999999999777,-1.3923449999999988,-0.9517099999999985,-2.0509899999999988,-0.37653999999999854,-0.3799899999999976,1.3923449999999988,2.0509899999999988,,,,,,,,,,
b3744,0.0092125479569482,single,-0.02486399999999911,-0.28967399999999977,-0.22598399999999863,-0.48350399999999993,0.11880600000000108,-0.12382400000000082,0.28967399999999977,0.48350399999999993,,,,,,,,,,
b0242,0.0077472604873042,single,0.014723000000000042,0.08795300000000061,0.1177229999999998,0.6925480000000004,-0.20772199999999863,-0.4396520000000006,0.1177229999999998,0.6925480000000004,,,,,,,,,,
b0243,0.0077472604873042,single,-0.06629600000000124,0.06827899999999865,-0.02635100000000179,0.35509399999999935,-0.08095600000000047,-0.12933100000000053,0.06827899999999865,0.35509399999999935,-2.857991190051658,-4.560776238156256,-5.0813808027022995,-2.8373905578461525,5.0813808027022995,5.0813808027022995,3.619760817258613,2.1177081119982075,3.8343846971890914,-2.8373905578461525
b0386,0.0077472604873042,single,0.05797899999999956,0.016154000000000224,-0.027961000000001235,0.5720340000000004,-0.2486909999999991,-0.15372599999999892,0.05797899999999956,0.5720340000000004,,,,,,,,,,
b3290,0.0060405425982499,mixed,-0.004631000000000718,-0.12551600000000018,-0.14120600000000127,-0.5346960000000003,0.05658399999999908,0.17581899999999973,0.14120600000000127,0.5346960000000003,-1.5411271778654407,-2.48169538241424,-4.030687682045818,-2.078330702949827,4.030687682045818,4.030687682045818,1.1695346718869466,1.7868718669175312,2.5329602363188317,-2.078330702949827
b3849,0.0060405425982499,mixed,-0.13120399999999854,-0.23565400000000025,-0.3440340000000006,-0.29845399999999955,-0.21141399999999955,-0.011979000000000184,0.3440340000000006,0.29845399999999955,-2.434890705112364,-3.7416448027735454,-4.890208685651394,-3.084210827483142,4.890208685651394,4.890208685651394,1.4854252774188872,0.3405908667482045,3.5377387552551114,-3.084210827483142
b1291,0.0060405425982499,mixed,-0.07955299999999976,0.07661699999999971,-0.11605799999999977,-0.276548,-0.22474299999999925,-0.24990800000000046,0.11605799999999977,0.276548,-1.6462714843020108,-2.092386898667356,-3.520438573928476,-1.7452056266233538,3.520438573928476,3.520438573928476,1.474372507331027,2.1639043106834466,2.251075645880299,-1.7452056266233538
b1363,0.0060405425982499,mixed,-0.1470950000000002,-0.330070000000001,-0.46098500000000087,0.6203999999999992,0.05702999999999925,-0.00021000000000093166,0.46098500000000087,0.6203999999999992,0.4778482426749773,-1.121359017237079,-1.7159830781911551,-1.8332815802696185,1.8332815802696185,1.8332815802696185,3.071883518698227,2.749349034217353,1.2871179795932075,-1.8332815802696185
b1250,0.0060405425982499,mixed,-0.05128300000000152,-0.10853300000000132,-0.2844080000000009,-0.6747680000000011,-0.038978000000001956,-0.0955780000000015,0.2844080000000009,0.6747680000000011,,,,,,,,,,
b3747,0.0060405425982499,mixed,-0.03505999999999965,-0.10335500000000053,-0.09476000000000084,-0.6748800000000008,0.012469999999999537,0.06736499999999879,0.10335500000000053,0.6748800000000008,,,,,,,,,,
b2780,0.0040853835004268,single,-0.1691199999999995,-0.1417199999999994,-0.18332000000000015,-0.005919999999999703,-0.34762000000000093,-0.3803699999999992,0.18332000000000015,0.3803699999999992,-4.018529698184408,-4.765780667085263,-7.778665237320526,-2.105563032030978,7.778665237320526,7.778665237320526,2.453266170814956,3.7083314545507555,4.667134658655295,-2.105563032030978
b4019,0.0037775601311251,isozyme-or,-0.0929909999999996,-0.37318100000000065,-0.24645100000000042,-0.9205860000000001,0.09554399999999852,-0.030276000000000636,0.37318100000000065,0.9205860000000001,,,,,,,,,,
b3941,0.0037775601311251,single,-0.024230000000001084,-0.8982900000000011,-0.9618750000000009,1.8356199999999987,-0.6382349999999999,-0.634665,0.9618750000000009,1.8356199999999987,-10.69309767172348,-2.965475111477536,-6.666751729612576,0.0,10.69309767172348,10.69309767172348,9.576604655305559,4.333335556625487,5.081331128203399,0.0
b3829,0.0037775601311251,isozyme-or,-0.4946400000000004,-1.8968900000000026,-1.69219,-1.1683400000000006,-0.7968399999999995,-0.8134900000000016,1.8968900000000026,1.1683400000000006,,,,,,,,,,
b3939,0.0037556645362035,single,-0.034000000000000696,-0.36073999999999984,-0.1473999999999993,2.1426300000000005,-0.4495549999999984,-0.20606999999999864,0.36073999999999984,2.1426300000000005,,,,,,,,,,
b1622,0.0037556645362035,isozyme-or,0.11392000000000024,0.13640000000000008,0.00958499999999951,-0.9237900000000003,-0.5422450000000003,-0.4038050000000002,0.13640000000000008,0.9237900000000003,-0.8178175424459551,-2.6706478643828153,-3.6755229401158793,-2.165114524153296,3.6755229401158793,3.6755229401158793,1.8981798943791546,2.1591612714356527,2.332275717774486,-2.165114524153296
b3008,0.0037556645362035,isozyme-or,0.05656899999999965,-0.05359100000000083,-0.1838110000000004,0.12269399999999919,-0.2064010000000014,-0.0383760000000013,0.1838110000000004,0.2064010000000014,,,,,,,,,,
b4013,0.0037556645362035,single,-0.8061349999999994,-1.30612,-1.2184150000000002,0.7823000000000011,-0.5795749999999984,-0.9742049999999995,1.30612,0.9742049999999995,,,,,,,,,,
b0452,0.0035876067814277,single,-0.15236300000000025,0.08354700000000026,0.00790700000000033,0.32922200000000057,-0.26656299999999966,-0.436763,0.15236300000000025,0.436763,,,,,,,,,,
b1094,0.0035876067814277,complex-and,-0.42814000000000263,-0.5199900000000035,-0.8188900000000032,-1.024440000000002,0.06740999999999886,0.30395999999999646,0.8188900000000032,1.024440000000002,0.5092439498933103,-2.2755553364895267,-3.5863246557098822,-2.175833356018696,3.5863246557098822,3.5863246557098822,1.6544731741490502,2.373332491489304,2.136739324527854,-2.175833356018696
b2836,0.0035876067814277,complex-and,-0.04780100000000154,0.0035639999999990124,-0.01979099999999967,-0.5441260000000003,-0.09095100000000045,-0.3140310000000017,0.04780100000000154,0.5441260000000003,-3.1266990564695094,-3.048500949349324,-3.0723778946652183,0.0,3.1266990564695094,3.1266990564695094,2.7792382624191045,2.2173770799186956,2.311894475121013,0.0
b3608,0.003064446359897,single,0.022158000000002787,-0.18476699999999902,-0.167291999999998,-1.1238119999999991,-0.18070199999999836,0.12845800000000018,0.18476699999999902,1.1238119999999991,-0.38944043971722664,-1.8007021642500538,-3.3348370393930993,-1.1027261692442227,3.3348370393930993,3.3348370393930993,1.313073868643813,1.7230215388729242,1.6569264531511507,-1.1027261692442227
b2895,0.0018751928520229,mixed,-0.1827039999999993,-0.4000239999999984,-0.4483789999999992,-0.17520399999999903,-0.2554090000000002,-0.1954439999999984,0.4483789999999992,0.2554090000000002,,,,,,,,,,
b1378,0.0018751928520229,mixed,-0.07343999999999973,0.24966000000000044,-0.12162000000000006,-0.056219999999999715,-0.20845000000000002,-0.08931500000000092,0.24966000000000044,0.20845000000000002,,,,,,,,,,
b0684,0.0018751928520229,mixed,-0.03281000000000134,-0.18331000000000053,-0.5541100000000014,-0.5775600000000018,-0.47831000000000046,-0.2852100000000011,0.5541100000000014,0.5775600000000018,-1.803936102337211,-3.3996088599351206,-4.7540357545587,-5.085827860266541,5.085827860266541,5.085827860266541,1.1698803833314884,0.9346887606698608,3.760852144274393,-5.085827860266541
b2026,0.0014229705033964,single,-0.08030200000000143,-0.7097519999999999,-0.786487000000001,-0.7840420000000012,-0.23565200000000175,-0.6980820000000012,0.786487000000001,0.7840420000000012,,,,,,,,,,
b2023,0.0014229705033964,complex-and,-0.11580999999999975,-0.7521149999999999,-0.6286349999999992,-1.0460700000000003,-0.3330599999999997,-0.7227300000000003,0.7521149999999999,1.0460700000000003,-2.7192589203773347,-1.7991740452502878,-6.0925207586518155,-2.617843866434886,6.0925207586518155,6.0925207586518155,4.864334815101493,3.6578398747443743,3.3071993976785814,-2.617843866434886
b2025,0.0014229705033964,complex-and,-0.13939399999999935,-0.9264390000000002,-0.8869089999999993,-1.239744,-0.46076400000000106,-0.9872690000000013,0.9264390000000002,1.239744,-1.4506898061657214,-2.160601914680183,-6.056931250452866,-2.3809886415702253,6.056931250452866,6.056931250452866,5.027234737941285,3.970526579391406,3.012302903217249,-2.3809886415702253
b2021,0.0014229705033964,single,0.09842199999999934,-0.6855530000000005,-0.5085480000000011,-1.6021680000000007,-0.28245300000000206,-0.4978580000000008,0.6855530000000005,1.6021680000000007,-1.7395833888652268,-2.254080785946835,-6.263073016352932,-2.6403069015155056,6.263073016352932,6.263073016352932,5.71757683279881,4.694765050675127,3.2242610231701248,-2.6403069015155056
b2024,0.0014229705033964,single,-0.05803599999999953,-0.5097360000000002,-0.2922459999999987,-1.1269159999999996,-0.14948599999999956,-0.42779599999999895,0.5097360000000002,1.1269159999999996,-1.8812420293065566,-2.6571084371183153,-5.872572561691189,-1.6022386652067602,5.872572561691189,5.872572561691189,4.21242596001702,3.591746944393501,3.003290423330705,-1.6022386652067602
b2020,0.0014229705033964,single,-0.008599000000000245,-0.5501590000000007,-0.4052889999999998,-1.2183540000000015,-0.2668090000000021,-0.45806400000000025,0.5501590000000007,1.2183540000000015,-2.0841293909066665,-2.5477072927883366,-7.334038052847345,-2.015430545287641,7.334038052847345,7.334038052847345,5.657530057261271,5.943703103504854,3.495326320457497,-2.015430545287641
b2022,0.0014229705033964,single,-0.19982799999999834,-0.7873929999999998,-0.6043129999999994,-1.0082879999999985,-0.27685799999999894,-0.605757999999998,0.7873929999999998,1.0082879999999985,-1.900739813304713,-2.0665653230864547,-7.248293839017767,-3.6544707813090835,7.248293839017767,7.248293839017767,4.7341354733410075,3.821546447963049,3.7175174391795043,-3.6544707813090835
b2019,0.0014229705033964,single,0.08218800000000037,-0.5406020000000016,-0.6005520000000004,-1.2755720000000004,-0.1824969999999997,-0.4915420000000008,0.6005520000000004,1.2755720000000004,-2.107131839050707,-3.2313441397221023,-7.5690495255696275,-1.7931612874103113,7.5690495255696275,7.5690495255696275,5.451782684654733,5.510788802779494,3.6751716979381874,-1.7931612874103113
b3176,0.0014154703820311,single,-0.10732100000000067,-0.26690599999999876,-0.4101959999999991,-0.20485600000000126,-0.4534760000000002,-0.5276510000000005,0.4101959999999991,0.5276510000000005,-1.0785841546627744,-3.1159173976963634,-5.479233340602544,-0.9886741320548544,5.479233340602544,5.479233340602544,2.9142890689176437,2.6674527192875783,2.665602256254134,-0.9886741320548544
b3729,0.0014154703820311,single,-0.1171799999999994,-0.7608899999999998,-0.705569999999998,-1.0663999999999998,-0.5010849999999998,0.16506000000000043,0.7608899999999998,1.0663999999999998,-2.428014409562901,-3.2134865830582804,-5.82519986633285,-2.335735409782548,5.82519986633285,5.82519986633285,2.513996706894705,2.6612192542188744,3.4506090671841445,-2.335735409782548
b3730,0.0014154703820311,single,-0.23891999999999847,-0.5461949999999991,-0.7164549999999998,-0.3300199999999993,-0.36885499999999993,0.24432999999999971,0.7164549999999998,0.36885499999999993,-1.9187069216417107,-2.9665759048204015,-6.364268462203093,-1.950191453490974,6.364268462203093,6.364268462203093,2.3460047825648545,0.8223842094446967,3.2999356855390447,-1.950191453490974
b0185,0.0009603765216535,complex-and,-0.12705700000000064,-0.24021700000000124,-0.5358120000000017,0.10928799999999761,-0.07492200000000082,-0.11088700000000173,0.5358120000000017,0.11088700000000173,-3.1053820570001385,-5.469532571444077,-5.621781612238867,-3.894687169018904,5.621781612238867,5.621781612238867,1.9857820369748644,1.8941331401434702,4.522845852425497,-3.894687169018904
b2316,0.0009603765216535,complex-and,-0.0808099999999996,-0.25910999999999973,-0.4627100000000013,-0.20176000000000016,-0.21666000000000096,-0.25061,0.4627100000000013,0.25061,-2.12999212286051,-4.071190933437972,-3.858344271543462,-1.4882813683895453,4.071190933437972,4.071190933437972,2.1485552012385245,1.2413718212759441,2.8869521740578725,-1.4882813683895453
b3256,0.0009603765216535,complex-and,-0.5419200000000011,-0.8685550000000006,-0.9627100000000013,-1.9284500000000016,-0.4500750000000018,-0.4715100000000021,0.9627100000000013,1.9284500000000016,-2.367753248768972,-1.567076038578949,-4.6879309060253265,-2.7374893509473246,4.6879309060253265,4.6879309060253265,1.3866441347420437,2.423882865011331,2.840062386080143,-2.7374893509473246
b3255,0.0009603765216535,complex-and,-0.19125999999999976,-0.33315999999999946,-0.4368099999999995,-1.6386900000000004,-0.20411,-0.3277099999999997,0.4368099999999995,1.6386900000000004,,,,,,,,,,
b1092,0.0009603271646353,complex-and,-0.48611000000000004,-0.43021000000000065,-0.63476,-0.8348600000000008,-0.6398600000000005,-0.5948100000000007,0.63476,0.8348600000000008,-2.2740701637719427,-4.569693021924899,-5.265475823307771,-2.6338054703092912,5.265475823307771,5.265475823307771,2.6401698301146714,2.798279237959547,3.685761119828476,-2.6338054703092912
b1093,0.0009602284544039,single,-0.22665000000000113,-0.01255000000000095,-0.3232500000000016,-1.6849000000000007,0.11849999999999916,-0.05035000000000167,0.3232500000000016,1.6849000000000007,-1.5127010866841486,-3.2525225797021244,-4.114651785281046,-1.6415046767635886,4.114651785281046,4.114651785281046,1.6795118981341268,3.537831742478332,2.630345032107727,-1.6415046767635886
b1095,0.0009602284544039,isozyme-or,-0.34409899999999993,-0.2953539999999997,-0.42955399999999955,-0.3651339999999994,0.07555100000000081,0.3560110000000005,0.42955399999999955,0.3651339999999994,-5.423457979296165,-6.8127736921229864,-6.783549168036766,-2.1510428305532683,6.8127736921229864,6.8127736921229864,1.8242856110745151,2.8500611788894252,5.292705917502297,-2.1510428305532683
b2323,0.0009602284544039,single,0.1316899999999972,0.2610399999999977,-0.07466000000000328,-0.12146000000000257,-0.3013600000000025,-0.03831000000000273,0.2610399999999977,0.3013600000000025,,,,,,,,,,
b3018,0.0008969016953569,single,-0.2025079999999999,-0.01812800000000081,-0.20775800000000189,-0.4665879999999998,-0.17301300000000097,0.16128699999999974,0.20775800000000189,0.4665879999999998,-1.4468604833732814,-3.6088813897952012,-4.982385686333412,-3.076961425771487,4.982385686333412,4.982385686333412,1.8209377380296918,0.5070418729609454,3.2787722463183453,-3.076961425771487
b4041,0.0008969016953569,complex-and,-0.29162900000000036,-0.13768400000000014,-0.03752400000000122,-0.854184,-0.02335899999999924,-0.23810899999999968,0.29162900000000036,0.854184,,,,,,,,,,
b4160,0.0008969016953569,single,0.028864000000000445,0.047738999999999976,-0.14611099999999944,-1.263636,-0.5278510000000001,-0.37665100000000074,0.14611099999999944,1.263636,-2.2668397552290744,-3.5784875798369473,-5.175483201533481,-3.652063733813438,5.175483201533481,5.175483201533481,1.7231276077613926,1.6661932907572679,3.6682185676032355,-3.652063733813438
b2585,0.0008969016953569,single,0.14170000000000016,0.6065000000000005,0.23350499999999919,-1.172229999999999,-0.6520799999999998,-0.7782,0.6065000000000005,1.172229999999999,,,,,,,,,,
b0175,0.0008969016953569,single,0.02509200000000078,0.034442000000000306,-0.06279299999999921,-0.010107999999998896,-0.15887299999999982,-0.3129179999999998,0.06279299999999921,0.3129179999999998,-0.8953979541406891,-3.5625296431658753,-4.152657679876207,-1.6881409126082794,4.152657679876207,4.152657679876207,1.846283938065672,1.3213662365300634,2.5746815474477627,-1.6881409126082794
b1262,0.0005122729860436,single,-0.24151400000000223,-0.3453840000000028,-0.2017490000000013,-1.4568840000000023,-0.4506590000000017,-0.286284000000002,0.3453840000000028,1.4568840000000023,-0.06274649921521025,0.7644882161407844,-1.6146021075799255,1.4151508360233342,1.6146021075799255,1.6146021075799255,5.592683967548501,6.1709296747755715,0.9642469147398136,1.4151508360233342
b1260,0.0005122729860436,complex-and,-0.23371900000000068,-0.2902389999999997,-0.5778490000000005,-0.9132540000000002,-0.4706140000000012,-0.5705340000000021,0.5778490000000005,0.9132540000000002,0.5665534897095128,1.006869378748207,-2.1926877496140804,1.5433339923851483,2.1926877496140804,2.1926877496140804,6.408874905895571,5.138866165468211,1.327361152614237,1.5433339923851483
b1261,0.0005122729860436,complex-and,-0.4659500000000012,-0.41110000000000113,-0.6633450000000014,-1.7163100000000018,-0.5887050000000009,-0.9458800000000025,0.6633450000000014,1.7163100000000018,0.1394863329526661,0.729657554230883,-2.165694477211737,1.0630434623933112,2.165694477211737,2.165694477211737,5.989662120417611,5.798716010384498,1.0244704566971494,1.0630434623933112
b1263,0.0005122729860436,single,-0.2829809999999995,-0.2400209999999987,-0.29100099999999784,-1.3586859999999987,-0.10114599999999996,-0.3808209999999992,0.29100099999999784,1.3586859999999987,-0.12539887094048296,0.19286011486584087,-0.6744979061885585,1.7863538424839014,1.7863538424839014,1.7863538424839014,6.3577644950468954,5.924001913987707,0.6947776836196959,1.7863538424839014
b3708,0.0005122729860436,single,0.825137999999999,1.806137999999999,1.7562479999999994,-0.08995200000000114,-0.04614200000000057,0.009947999999999624,1.806137999999999,0.08995200000000114,3.5279742567653525,3.546128306971708,0.19792348401477966,-3.4480626141091317,3.546128306971708,3.546128306971708,2.5558355789247535,4.142631556503485,2.680022165465243,-3.4480626141091317
b1264,0.0005122729860436,complex-and,-0.23073800000000055,-0.3112030000000008,-0.30819800000000086,-0.8815880000000007,-0.40853300000000026,-0.4982380000000006,0.3112030000000008,0.8815880000000007,-0.5815652058413328,-0.21762306693676425,0.5388714439456934,2.1178944652447953,2.1178944652447953,2.1178944652447953,6.942970275755475,2.389086056224254,0.8639885454921464,2.1178944652447953
b2903,0.0004727203982757,complex-and,-0.025757000000000474,-0.12319700000000111,-0.09974200000000089,-1.0507220000000013,-0.33695699999999995,-0.23114200000000018,0.12319700000000111,1.0507220000000013,-0.4700952377780674,-1.034161171031749,-3.7023398045952214,-2.6514850353066604,3.7023398045952214,3.7023398045952214,5.417652910856544,1.7327388148297658,1.9645203121779247,-2.6514850353066604
b2904,0.0004727203982757,complex-and,-0.3000399999999992,-0.6930399999999999,-0.6558899999999994,-1.865829999999999,-0.4996900000000011,-0.5940899999999996,0.6930399999999999,1.865829999999999,1.919361196141204,-0.23443230570942486,-3.2554245182577484,-3.698138301599412,3.698138301599412,3.698138301599412,5.721493802297469,1.5442759568373683,2.276839080426947,-3.698138301599412
b2905,0.0004727203982757,complex-and,-0.14615499999999848,-0.3694149999999983,-0.347785,-1.327449999999999,-0.32326999999999906,-0.5286150000000003,0.3694149999999983,1.327449999999999,0.4857064896221641,-0.6157823674771692,-3.836355131765356,-3.2529582637794845,3.836355131765356,3.836355131765356,5.626177692372355,1.2385062762193053,2.0477005631610434,-3.2529582637794845
b0914,0.0003346901181965,single,0.03487600000000057,0.17046099999999953,-0.2725490000000015,-1.376354,-0.32780900000000024,-0.41118400000000044,0.2725490000000015,1.376354,-3.6289927999202787,-5.595290229030178,-5.637677878425985,-4.240085406082931,5.637677878425985,5.637677878425985,1.6552979206373655,1.3673736297906869,4.775511578364844,-4.240085406082931
b1190,0.0002754511386134,isozyme-or,0.21312099999999923,0.3353559999999991,0.343731,0.24695600000000084,-0.10153399999999912,-0.12864899999999935,0.343731,0.24695600000000084,,,,,,,,,,
b4053,0.0002754511386134,isozyme-or,0.05218000000000167,0.030585000000002083,0.0017750000000020805,-0.5558899999999989,0.036035000000001816,-0.1777949999999997,0.05218000000000167,0.5558899999999989,-1.6473675390434206,-3.7231507579181815,-4.489882107044799,-1.1870109940576568,4.489882107044799,4.489882107044799,1.7962543175319485,1.1199409622851917,2.7618528495160146,-1.1870109940576568
b1215,0.0002400571136009,single,0.024077999999999378,-0.20762200000000064,-0.3388120000000008,0.5571780000000004,-0.22179700000000047,0.10356300000000118,0.3388120000000008,0.5571780000000004,,,,,,,,,,
b3198,0.0002400571136009,single,0.19819400000000087,0.05048900000000067,-0.06430599999999842,0.25439400000000134,0.007094000000002154,-0.128740999999998,0.19819400000000087,0.25439400000000134,-1.6563037840225237,-4.2560104994300065,-6.311024129255015,-4.318414146995164,6.311024129255015,6.311024129255015,1.4852969482818397,1.2426298451778628,4.135438139925677,-4.318414146995164
b2708,0.0002400571136009,isozyme-or,0.156760000000002,0.02353000000000094,0.19497000000000142,-0.308349999999999,0.1328800000000001,0.03126500000000121,0.19497000000000142,0.308349999999999,,,,,,,,,,
b0918,0.0002400571136009,single,-0.28285699999999814,-0.39625699999999675,-0.8461669999999994,-1.0372019999999988,-0.4033119999999979,-0.36490699999999876,0.8461669999999994,1.0372019999999988,-0.9912298704329787,-1.9777379690754895,-5.078600761826851,-2.7978010522678805,5.078600761826851,5.078600761826851,0.9944345135542552,1.802721410195895,2.7113424134008,-2.7978010522678805
b0096,0.0002400571136009,single,-0.15090000000000003,0.2364999999999995,0.34384999999999977,1.3956999999999997,-0.20420000000000016,0.03589999999999982,0.34384999999999977,1.3956999999999997,0.4144228311019713,-1.7741332771320621,-3.0502974082919874,-1.5794337100599574,3.0502974082919874,3.0502974082919874,1.3214871952655223,0.5807013439945052,1.7045718066464945,-1.5794337100599574
b3197,0.0002400571136009,isozyme-or,0.15076499999999982,-0.05564500000000194,-0.2951100000000011,0.034549999999999415,-0.3998000000000008,-0.14560499999999976,0.2951100000000011,0.3998000000000008,-2.003112376229337,-3.685032277155373,-4.342991301691093,-4.3085558616998405,4.342991301691093,4.342991301691093,0.8913025529751,1.0183236784249141,3.5849229541939107,-4.3085558616998405
b0181,0.0002400571136009,complex-and,-0.16223300000000052,-0.275542999999999,-0.4674030000000009,-0.13477799999999895,0.013076999999999117,0.3042020000000001,0.4674030000000009,0.3042020000000001,-3.853657097184803,-5.302090253042772,-6.065664216229271,-4.684902659592551,6.065664216229271,6.065664216229271,2.5774923970396557,1.399568608415385,4.976578556512349,-4.684902659592551
b0179,0.0002400571136009,single,-0.27200999999999986,-0.5064600000000006,-0.57681,-0.57606,-0.17745999999999995,-0.11195999999999984,0.57681,0.57606,-2.399201722005767,-2.7674897343113756,-5.778210742662413,-2.3587460837257828,5.778210742662413,5.778210742662413,2.5643087590706184,1.5046408932922128,3.3259120706763348,-2.3587460837257828
b0085,0.0001224227282726,single,-0.08379899999999729,-0.1857289999999967,-0.21104399999999934,-0.6388939999999987,-0.0913239999999984,-0.4948789999999992,0.21104399999999934,0.6388939999999987,-0.3272931252356246,-2.194271403908098,-4.00259388561926,-1.258629672237051,4.00259388561926,4.00259388561926,2.8317889263010065,4.509222006071541,1.9456970217500085,-1.258629672237051
b0088,0.0001224227282726,single,-0.15737600000000107,-0.060710999999999515,-0.0981860000000001,0.14771400000000057,0.10663900000000126,-0.06095099999999931,0.15737600000000107,0.14771400000000057,-0.3706998731238187,-1.7126311142516077,-4.7824707769658215,-0.8800585499564426,4.7824707769658215,4.7824707769658215,3.1411258663556922,3.660729472828519,1.9364650785744226,-0.8800585499564426
b3967,0.0001224227282726,single,0.03701200000000071,-0.14247300000000074,-0.1520880000000009,-1.1928980000000005,-0.4401779999999995,-0.11254800000000031,0.1520880000000009,1.1928980000000005,-0.592772818698224,-1.8808957902573704,-5.6124992998736785,-1.8799561818035637,5.6124992998736785,5.6124992998736785,1.015545470894117,1.3274069403993787,2.4915310226582092,-1.8799561818035637
b0381,0.0001224227282726,isozyme-or,0.2308009999999978,0.16903600000000019,0.1600559999999991,0.43615599999999866,0.2330009999999998,0.23797599999999797,0.2308009999999978,0.43615599999999866,,,,,,,,,,
b1278,0.0001224227282726,isozyme-or,0.05892700000000062,0.37956699999999977,0.28604699999999994,0.3523019999999999,-0.07392799999999866,-0.05462800000000101,0.37956699999999977,0.3523019999999999,,,,,,,,,,
b0086,0.0001224227282726,single,-0.3716760000000008,-0.2716510000000003,-0.2797760000000018,-0.4673759999999998,-0.0945210000000003,-0.30108099999999993,0.3716760000000008,0.4673759999999998,-1.0345184531278546,-2.684903588360866,-4.397426463156122,-1.3908038516173191,4.397426463156122,4.397426463156122,2.9279509417583163,4.2242614138320995,2.3769130890655403,-1.3908038516173191
b0092,0.0001224227282726,isozyme-or,-0.07280599999999815,0.21642400000000173,-0.22894599999999876,0.22245400000000082,-0.3024709999999988,-0.32038099999999936,0.22894599999999876,0.32038099999999936,0.6111882082472357,-1.2115993971284729,-3.3439445881142174,-1.1474444457377078,3.3439445881142174,3.3439445881142174,2.4516137471627655,1.687965594807297,1.5785441598069085,-1.1474444457377078
b3057,0.0001224227282726,isozyme-or,-0.06788599999999967,-0.20587099999999836,-0.23705599999999905,-0.5615859999999993,-0.2117609999999992,-0.23244099999999968,0.23705599999999905,0.5615859999999993,,,,,,,,,,
b0841,0.0001224227282726,isozyme-or,0.0032820000000004512,-0.043067999999999884,-0.12192300000000067,0.2513519999999989,0.17983199999999933,0.019676999999999722,0.12192300000000067,0.2513519999999989,,,,,,,,,,
b3189,0.0001224227282726,single,-0.22180799999999934,-0.5402529999999999,-0.7576679999999989,-0.09109799999999879,-0.2587529999999987,-0.296047999999999,0.7576679999999989,0.296047999999999,,,,,,,,,,
b3972,0.0001224227282726,single,-0.05200100000000063,-0.20407100000000078,-0.4412810000000009,-0.8438760000000007,-0.15111600000000003,-0.08636100000000191,0.4412810000000009,0.8438760000000007,-1.8863557113521248,-3.5530164587100828,-5.533905630542906,-3.8811027450366495,5.533905630542906,5.533905630542906,1.4845582605055307,0.637244346037698,3.713595136410441,-3.8811027450366495
b0090,0.0001224227282726,single,0.02155700000000138,0.03594200000000214,0.08340700000000112,-0.11218799999999796,0.0722270000000016,-0.21900799999999876,0.08340700000000112,0.21900799999999876,-0.5951734888269176,-2.033959422335596,-4.565281097724559,-1.7209741357041852,4.565281097724559,4.565281097724559,2.6869393597651032,1.509530538895071,2.2288470361478145,-1.7209741357041852
b0087,0.0001224227282726,single,-0.23132899999999879,-0.1037239999999997,-0.2811489999999992,-0.5692239999999993,-0.1812889999999996,-0.4490090000000002,0.2811489999999992,0.5692239999999993,-0.7568437092155342,-2.1601921099037935,-4.584789897783547,-1.0334471536356433,4.584789897783547,4.584789897783547,2.789456381862001,3.8751150694697913,2.1338182176346296,-1.0334471536356433
b0091,0.0001224227282726,single,-0.08061099999999932,-0.1387609999999988,-0.0990259999999985,-0.11564599999999992,-0.061166000000000054,-0.08195100000000011,0.1387609999999988,0.11564599999999992,-1.4079283926335293,-2.712446609228731,-4.505994193606519,-0.6316678070967181,4.505994193606519,4.505994193606519,2.9702057446762553,2.091167401515724,2.3145092506413745,-0.6316678070967181
b4238,0.0001157235423098,mixed,0.04319199999999768,0.7029419999999984,0.6660719999999998,0.2744319999999991,-0.012413000000002228,0.04607199999999878,0.7029419999999984,0.2744319999999991,-2.3826996426548694,-1.8155208510461547,-4.225282555722915,-0.7738715112935223,4.225282555722915,4.225282555722915,2.373701723424386,3.051812111917374,2.2993436401793654,-0.7738715112935223
b3924,0.0001157235423098,mixed,0.15967999999999805,0.29017499999999785,0.23022999999999882,0.5591599999999985,-0.03298000000000201,0.0741399999999981,0.29017499999999785,0.5591599999999985,,,,,,,,,,
b4237,0.0001157235423098,mixed,0.24555499999999864,0.3751199999999999,0.42825499999999916,-0.9822200000000008,0.03444499999999895,0.14059999999999917,0.42825499999999916,0.9822200000000008,,,,,,,,,,
b1606,0.000114169650783,isozyme-or,-0.17942800000000148,-0.057958000000001064,-0.019723000000000823,-0.08122800000000119,-0.23928800000000194,-0.2238130000000016,0.17942800000000148,0.23928800000000194,,,,,,,,,,
b0048,0.000114169650783,isozyme-or,0.07852399999999982,0.1271590000000007,0.07051900000000089,-0.41233599999999804,0.11360400000000226,-0.13743599999999923,0.1271590000000007,0.41233599999999804,,,,,,,,,,
b2827,0.0001085480803681,single,-0.03786299999999976,-0.29171299999999967,-0.5065429999999989,-1.336748,-0.2139129999999998,0.005657000000001133,0.5065429999999989,1.336748,-4.058988541846344,-5.705576677844672,-5.9380317053974965,-2.6528225018540694,5.9380317053974965,5.9380317053974965,2.9975745100091813,3.8716244560468853,4.588854856735645,-2.6528225018540694
b3640,0.0001085480803681,isozyme-or,-0.28515400000000035,-0.7335290000000008,-0.8253040000000009,-0.36803399999999975,-0.2149390000000011,-0.030654000000001957,0.8253040000000009,0.36803399999999975,-4.173694068239117,-6.622941266378766,-6.436626725279663,-3.773945656006556,6.622941266378766,6.622941266378766,3.2666757841993315,1.0711942837191906,5.251801928976025,-3.773945656006556
b1098,0.0001085480803681,single,-0.3160059999999998,-0.12534599999999863,-0.23920099999999955,-0.3737559999999984,-0.16804099999999877,0.04399400000000142,0.3160059999999998,0.3737559999999984,-2.241647301281508,-1.7890668800352048,-3.1564882598716104,-2.5075714198710584,3.1564882598716104,3.1564882598716104,0.8132833554264334,0.811904322626054,2.4236934652648454,-2.5075714198710584
b2251,0.0001085480803681,isozyme-or,0.09649100000000033,-0.17827400000000004,-0.2632539999999999,0.030236000000000374,0.036766000000000076,0.04404599999999981,0.2632539999999999,0.04404599999999981,,,,,,,,,,
b4261,6.001427840024629e-05,complex-and,-0.24583400000000033,-0.25767899999999955,-0.16580899999999943,-0.3538440000000005,-0.24998399999999954,-0.38121399999999994,0.25767899999999955,0.38121399999999994,,,,,,,,,,
b3200,6.001427840024629e-05,complex-and,0.08354600000000012,0.048470999999999265,-0.2993440000000014,-0.08141400000000054,-0.36823900000000087,-0.04856900000000053,0.2993440000000014,0.36823900000000087,-1.051650006818786,-2.885811492277262,-3.093740898670725,-1.8916550485778059,3.093740898670725,3.093740898670725,2.3515638003475,2.275103804929614,2.230714361586145,-1.8916550485778059
b3201,6.001427840024629e-05,complex-and,0.02878899999999973,-0.11358099999999993,-0.45143600000000106,-0.17921600000000026,-0.2866560000000007,-0.2414959999999997,0.45143600000000106,0.2866560000000007,-0.7672334493786579,-3.614934230492569,-3.7372757516787445,-4.161264364327824,4.161264364327824,4.161264364327824,2.212893731630622,1.0907351007472048,3.070176948969449,-4.161264364327824
b4262,6.001427840024629e-05,complex-and,-0.19853599999999894,-0.34575099999999814,-0.21522599999999947,-0.9328759999999985,-0.1474859999999989,-0.1412709999999997,0.34575099999999814,0.9328759999999985,,,,,,,,,,
b3633,6.001427840024629e-05,single,-0.43498500000000107,-0.4923549999999999,-0.3977250000000012,-0.5568100000000005,-0.2496950000000009,-0.347175,0.4923549999999999,0.5568100000000005,,,,,,,,,,
b3199,6.001427840024629e-05,complex-and,0.15134199999999964,0.025126999999999455,-0.31301800000000135,0.36130199999999846,-0.3193230000000007,-0.160088,0.31301800000000135,0.36130199999999846,-1.5779483677080544,-3.2754889649284653,-5.956269356789324,-1.5348374701729466,5.956269356789324,5.956269356789324,2.353342895458753,0.9827258452812684,3.086136039899698,-1.5348374701729466
b0915,6.001427840024628e-05,single,0.16469800000000134,0.0521729999999998,0.0134830000000008,-0.20668199999999892,0.14700299999999977,0.2686130000000002,0.16469800000000134,0.2686130000000002,-2.5455848301784347,-3.1358369961340333,-3.850050672087519,-1.4072760466746785,3.850050672087519,3.850050672087519,1.173716929798203,1.1811428902226955,2.734687136268666,-1.4072760466746785
b0182,6.001427840024628e-05,single,0.20221999999999873,0.26832499999999904,0.23421500000000073,-0.1468000000000007,0.01624499999999962,-0.08246999999999893,0.26832499999999904,0.1468000000000007,-4.063682838587785,-4.949895980263491,-5.849285482599077,-2.7425459190582937,5.849285482599077,5.849285482599077,1.8910439443377673,1.1436957749223131,4.401352555127161,-2.7425459190582937
b0524,6.001427840024625e-05,single,-0.07579099999999883,-0.177581,-0.025405999999998485,-0.4667659999999998,0.20549400000000162,0.19087400000000088,0.177581,0.4667659999999998,-1.675903650575223,-2.7621631176195836,-4.1495334973629605,-2.135033112932808,4.1495334973629605,4.1495334973629605,1.174912387971311,2.9872135168079,2.680658344622644,-2.135033112932808
b3040,4.089711169464834e-05,single,0.08110799999999863,0.138973,0.043457999999997554,1.3292779999999986,-0.14933200000000113,-0.2474570000000007,0.138973,1.3292779999999986,,,,,,,,,,
b0149,3.060568206815759e-05,isozyme-or,-0.06780200000000036,-0.05057199999999895,-0.17927699999999902,-0.01855199999999968,-0.006062000000000012,-0.07762699999999967,0.17927699999999902,0.07762699999999967,-2.0424133370724626,-3.354377437457854,-5.090966050492421,-2.8052180142184486,5.090966050492421,5.090966050492421,2.207252459963482,0.89083744733888,3.3232437098102965,-2.8052180142184486
b1069,3.060568206815759e-05,mixed,0.003520000000001744,0.30675000000000097,0.012430000000000163,-0.35504999999999853,-0.3098749999999981,-0.2163499999999985,0.30675000000000097,0.35504999999999853,,,,,,,,,,
b0635,3.060568206815759e-05,isozyme-or,-0.14445200000000114,-0.12680699999999945,-0.2779620000000005,-0.20200200000000024,-0.09421700000000044,-0.12686700000000073,0.2779620000000005,0.20200200000000024,-2.442447405617634,-3.595842509377972,-3.853852402898531,-1.6828820606387451,3.853852402898531,3.853852402898531,1.4134602029972736,0.8818989497756933,2.8937560946332206,-1.6828820606387451
b3396,3.060568206815759e-05,isozyme-or,-0.061014000000000124,-0.3388390000000001,-0.3235290000000006,-0.5413440000000005,0.252165999999999,-0.01489400000000174,0.3388390000000001,0.5413440000000005,,,,,,,,,,
b2519,3.060568206815759e-05,mixed,0.08965900000000104,-0.18720099999999817,0.01871900000000082,-0.6342459999999992,-0.2027809999999981,-0.30394099999999824,0.18720099999999817,0.6342459999999992,-0.5081992064434498,-1.25873612360561,-2.2184395416213025,0.0,2.2184395416213025,2.2184395416213025,2.063014681194443,0.9509774637117825,0.9963437179175906,0.0
b0084,3.060568206815759e-05,isozyme-or,-0.1368659999999995,-0.053575999999999624,-0.21446599999999982,-0.39441599999999966,0.16008899999999926,-0.15424600000000055,0.21446599999999982,0.39441599999999966,-0.03527040704937168,-0.8755548743271566,-2.009381307850717,-0.7744631030173879,2.009381307850717,2.009381307850717,3.637018091133809,2.4985399615626624,0.9236674230611582,-0.7744631030173879
b4208,3.060568206815759e-05,single,0.061949999999999505,0.5739900000000002,0.41723,0.5059900000000006,-0.44038999999999895,-0.09118999999999922,0.5739900000000002,0.5059900000000006,,,,,,,,,,
b4209,9.665561371507808e-06,single,0.03535799999999867,-0.16240700000000174,-0.40800700000000134,-0.8015120000000016,-0.053957000000001365,0.1656329999999988,0.40800700000000134,0.8015120000000016,,,,,,,,,,
b0007,4.295254891668811e-06,single,0.17918199999999995,0.4605870000000003,0.44737700000000036,0.9935619999999998,0.4843269999999995,0.4725670000000006,0.4605870000000003,0.9935619999999998,,,,,,,,,,
b3196,4.295254891668811e-06,single,-0.028693000000000524,-0.14811300000000038,-0.44466800000000006,-0.13312800000000102,-0.23291299999999993,-0.21158800000000078,0.44466800000000006,0.23291299999999993,,,,,,,,,,
b2400,2.018353187330823e-06,single,0.03925999999999874,-0.2038600000000006,-0.11186999999999969,-0.2738800000000001,-0.27239000000000146,-0.21566500000000133,0.2038600000000006,0.2738800000000001,,,,,,,,,,
b0154,2.018353187330823e-06,single,0.00449300000000008,-0.12983700000000198,-0.08037700000000036,-0.13084200000000124,-0.237012,-0.29497700000000115,0.12983700000000198,0.29497700000000115,,,,,,,,,,
b1210,2.018353187330823e-06,single,-0.07697899999999969,0.002560999999998259,-0.19278899999999943,-0.2497240000000005,-0.2737540000000003,-0.3705240000000014,0.19278899999999943,0.3705240000000014,,,,,,,,,,
b0420,1.2742469415517724e-06,single,0.152254000000001,0.10498899999999978,0.277493999999999,-0.49121599999999965,-0.09631599999999985,-0.1765409999999985,0.277493999999999,0.49121599999999965,-3.2041901340852403,-5.064483556136917,-5.721836380606902,-1.7848237076244544,5.721836380606902,5.721836380606902,1.9659379265493122,3.567718824246963,3.9438334446133787,-1.7848237076244544
b0155,1.073813722917203e-06,isozyme-or,0.051879999999998816,0.2345050000000004,0.1730350000000005,0.9656400000000005,-0.19104999999999883,-0.610009999999999,0.2345050000000004,0.9656400000000005,,,,,,,,,,
b1592,1.073813722917203e-06,isozyme-or,-0.09354199999999935,0.023438000000000514,-0.15738199999999924,0.21193800000000085,0.13373800000000013,0.16244300000000056,0.15738199999999924,0.21193800000000085,,,,,,,,,,
b1849,9.53987248699832e-07,single,-0.03616300000000017,-0.5317279999999993,-0.9727979999999992,-1.8962779999999988,-0.27479799999999877,-0.3159779999999994,0.9727979999999992,1.8962779999999988,,,,,,,,,,
b0029,9.048566300811854e-07,single,-0.18648600000000037,-0.1879609999999996,-0.3274109999999997,0.03128399999999942,-0.21686599999999956,0.00546400000000169,0.3274109999999997,0.21686599999999956,-2.9312299749361284,-4.393626103325613,-5.637860501219548,-2.533518992915817,5.637860501219548,5.637860501219548,2.872131396897366,2.639614819755824,3.874058893099277,-2.533518992915817
b1208,9.048566300811854e-07,single,0.00943900000000042,-0.0017310000000012593,0.005513999999999797,-0.8068460000000002,-0.14546600000000076,-0.1443310000000011,0.00943900000000042,0.8068460000000002,-2.8036771543084873,-5.4661336232533495,-6.391990037045153,-3.3866716749084107,6.391990037045153,6.391990037045153,2.0990682994981267,2.1538302824749866,4.51211812237885,-3.3866716749084107
b2746,9.048566300811854e-07,single,-0.34518499999999896,-0.38406999999999947,-0.49264999999999937,-0.08231999999999928,-0.5460750000000001,-0.4884649999999997,0.49264999999999937,0.5460750000000001,-2.5370724582081543,-4.990320247877077,-4.722194354434787,-1.9708349488899501,4.990320247877077,4.990320247877077,3.0017646733470804,2.708777979433573,3.555105502352492,-1.9708349488899501
b2515,9.048566300811854e-07,mixed,-0.13530700000000095,-0.17606699999999975,-0.21795200000000037,-1.4891819999999996,-0.48338199999999887,0.00037299999999973465,0.21795200000000037,1.4891819999999996,-1.6454374119746484,-2.8196400512371627,-3.7840969629667502,-1.3060553411247708,3.7840969629667502,3.7840969629667502,2.0772197549758555,2.424571153069472,2.3888074418258327,-1.3060553411247708
b0173,9.048566300811852e-07,single,0.010609999999999786,0.3009650000000015,0.057185000000000485,0.3568300000000004,-0.21487500000000015,-0.4042949999999994,0.3009650000000015,0.4042949999999994,-1.4531965602389771,-2.296312664901794,-4.370725249588505,-2.4305264198086607,4.370725249588505,4.370725249588505,1.2610943588821364,0.9120508002193533,2.6376902236344844,-2.4305264198086607
b2747,9.04856630081185e-07,single,-0.23019799999999968,-0.04273300000000013,-0.2316830000000003,-0.45864800000000017,-0.1605180000000015,-0.4670329999999989,0.2316830000000003,0.4670329999999989,-4.37817832550744,-5.510550905919038,-5.145797367102669,-2.3981021536746234,5.510550905919038,5.510550905919038,2.8762681728406334,1.6078294906138018,4.358157188050943,-2.3981021536746234
b0750,8.227254140392701e-07,single,-0.1105280000000004,-0.5412630000000007,-0.5162030000000009,-0.0004380000000008266,-0.41384800000000155,-0.6529729999999994,0.5412630000000007,0.6529729999999994,-0.9815557723144499,-1.951872329823905,-6.363555402244754,-1.8816688223864648,6.363555402244754,6.363555402244754,2.8285318461995255,2.0916330767176445,2.794663081692393,-1.8816688223864648
b1740,8.227254140392699e-07,single,-0.17495800000000017,-0.21148299999999765,-0.43764799999999937,-0.6942779999999988,-0.11910299999999907,0.2226120000000016,0.43764799999999937,0.6942779999999988,,,,,,,,,,
b0109,8.227254140392699e-07,single,0.044171999999999656,0.062221999999998445,0.18465199999999982,-0.42270800000000186,-0.10788800000000087,-0.17457800000000034,0.18465199999999982,0.42270800000000186,,,,,,,,,,
b0639,8.227254140392699e-07,single,-0.11684800000000095,-0.08721800000000002,-0.2379029999999993,-0.11950799999999973,0.04874200000000073,-0.1395230000000005,0.2379029999999993,0.1395230000000005,-1.9754835369163166,-4.037782395976882,-4.197032101778457,-2.269181074299249,4.197032101778457,4.197032101778457,1.7759585537259568,2.227821089730361,3.119869777242726,-2.269181074299249
b2574,8.227254140392692e-07,single,-0.28086900000000004,-0.5051189999999997,-0.4209689999999995,-0.4278740000000001,-0.1671339999999999,-0.19398400000000038,0.5051189999999997,0.4278740000000001,,,,,,,,,,
b2530,5.165375352499223e-07,complex-and,0.3426140000000011,0.6167639999999999,0.5063139999999997,1.6436640000000011,-0.8596409999999999,-0.8956859999999995,0.6167639999999999,1.6436640000000011,3.3584768803354423,-0.3095950499873936,-1.566373827948781,-2.898563105775171,3.3584768803354423,3.3584768803354423,1.459677729520978,2.363746307446081,2.033252216011697,-2.898563105775171
b0369,5.045882968327057e-07,single,-0.08780499999999769,-0.28279499999999835,-0.1393949999999986,-0.2934399999999986,-0.14997999999999756,-0.2513349999999992,0.28279499999999835,0.2934399999999986,,,,,,,,,,
b2942,1.2784982760282022e-07,single,-0.7208849999999991,-1.025879999999999,-1.0698249999999998,0.5541,-0.6823300000000003,-0.32760000000000034,1.0698249999999998,0.6823300000000003,,,,,,,,,,
b1662,1.2614707420816142e-07,single,-0.10942499999999811,-0.4554299999999998,-0.6919249999999995,0.35717,-0.07282999999999973,0.18057500000000104,0.6919249999999995,0.35717,,,,,,,,,,
b3041,1.2614707420816142e-07,single,0.5059669999999983,0.2741069999999972,0.15199199999999813,-1.4181580000000018,-0.13578800000000157,-0.2966430000000031,0.5059669999999983,1.4181580000000018,,,,,,,,,,
b4384,7.18087888531248e-08,single,0.27098099999999903,0.3103459999999991,0.0671759999999999,-1.8966840000000014,-0.4640990000000009,-0.14522400000000246,0.3103459999999991,1.8966840000000014,0.9415418061933902,0.8248775015291407,-2.3074455026869125,-2.4683115731907934,2.4683115731907934,2.4683115731907934,2.230336503133149,3.56530218678861,1.6355440959000591,-2.4683115731907934
b3360,7.095772924225186e-08,complex-and,0.03094299999999972,-0.027762000000000064,-0.052817000000001,-0.7670420000000009,0.08813799999999894,-0.15227199999999996,0.052817000000001,0.7670420000000009,-2.1534834215049563,-2.985828406330637,-2.9582873441025686,-0.8705457240111253,2.985828406330637,2.985828406330637,1.3844626545987477,0.8966982560584267,2.2420362239873217,-0.8705457240111253
b1812,7.095772924225186e-08,complex-and,-0.03535499999999914,-0.12748500000000007,-0.33194500000000104,-0.5773800000000007,0.08967499999999973,-0.08530499999999996,0.33194500000000104,0.5773800000000007,,,,,,,,,,
b1096,7.095772924225186e-08,single,-0.16912699999999958,0.04062800000000166,-0.16129199999999955,0.14723800000000153,-0.3070069999999987,-0.33442699999999803,0.16912699999999958,0.33442699999999803,-1.0883860948919342,-2.0807657069720555,-3.340515233352033,-2.290797582674721,3.340515233352033,3.340515233352033,1.1387955959250053,0.7313507252553824,2.2001161544726857,-2.290797582674721
b3177,7.095772924225186e-08,single,0.09138899999999772,-0.205306000000002,-0.2027610000000024,-0.3537460000000028,-0.040976000000002344,-0.027391000000001497,0.205306000000002,0.3537460000000028,-0.6030343239845037,-3.043221973236794,-4.934360057983572,-2.5052358607164287,4.934360057983572,4.934360057983572,1.9131939386596866,1.7561414543514777,2.7714630539803244,-2.5052358607164287
b1865,7.095772924225182e-08,isozyme-or,-0.01794800000000052,0.006351999999999691,-0.09804300000000055,-0.7541479999999989,0.15245200000000025,0.07145200000000074,0.09804300000000055,0.7541479999999989,-2.906753780294263,-4.549276507864313,-5.811314799507287,-2.8964276240323166,5.811314799507287,5.811314799507287,2.9783194159690183,3.776687324213266,4.040943177924545,-2.8964276240323166
b4468,7.095772924225182e-08,complex-and,,,,,,,,,1.3272261389717583,0.35572523509253906,-1.2091138928620155,-2.8686487009448465,2.8686487009448465,2.8686487009448465,2.8730771865864964,1.453472758225134,1.4401784919677898,-2.8686487009448465
b2979,7.095772924225182e-08,complex-and,0.19966799999999818,1.6673079999999993,0.8109080000000004,-0.9424420000000007,-0.18112700000000093,-0.07045200000000129,1.6673079999999993,0.9424420000000007,,,,,,,,,,
b0142,7.095772924225182e-08,single,-0.1112540000000024,-0.049324000000002144,-0.19329400000000163,-0.6029340000000012,-0.2182840000000006,-0.30457400000000234,0.19329400000000163,0.6029340000000012,-3.3303742329871544,-3.1911071296535423,-3.5231368692876175,-1.5590672794583746,3.5231368692876175,3.5231368692876175,1.4949024289652526,2.394305942763034,2.9009213778466725,-1.5590672794583746
b0099,7.095772924225182e-08,isozyme-or,0.21797699999999942,0.2184620000000006,0.2055220000000002,0.3024819999999995,0.10286699999999982,0.05817200000000078,0.2184620000000006,0.3024819999999995,,,,,,,,,,
b2976,7.095772924225182e-08,isozyme-or,0.7749680000000003,2.5320579999999984,1.1653930000000008,0.46227799999999863,-0.2691720000000002,-0.27574200000000015,2.5320579999999984,0.46227799999999863,1.6245012749214975,-0.42292269877126865,-1.8897600870774065,-2.5957561353013903,2.5957561353013903,2.5957561353013903,2.5796488533277673,1.7852429621245345,1.6332350490178906,-2.5957561353013903
b1415,7.095772924225182e-08,single,1.9612999999999996,3.3904999999999994,2.69055,-0.7932299999999994,-0.41830000000000034,-0.94285,3.3904999999999994,0.94285,,,,,,,,,,
b4014,7.095772924225182e-08,isozyme-or,1.2017099999999985,2.463609999999999,2.537309999999998,-1.2001100000000005,-0.5625900000000001,-1.2765550000000019,2.537309999999998,1.2765550000000019,0.6682819719716449,-0.28763332388398943,-3.7529132426108394,-4.004448018852735,4.004448018852735,4.004448018852735,4.309570809783698,2.412303562685758,2.178319139329802,-4.004448018852735
b2315,7.095772924225182e-08,single,-0.08654899999999977,-0.021254000000000772,0.05070599999999814,-0.6252240000000011,-0.2912339999999993,-0.19067400000000134,0.08654899999999977,0.6252240000000011,0.5364719191089549,0.1510487776660714,-2.056691127111416,-3.4270930614198925,3.4270930614198925,3.4270930614198925,1.0424807986208977,1.265438980468125,1.5428262213265835,-3.4270930614198925
b4467,7.095772924225182e-08,complex-and,0.4530709999999978,1.8635659999999987,0.8200009999999978,0.5663259999999983,-0.11532900000000268,-0.24665900000000107,1.8635659999999987,0.5663259999999983,1.6846519151588133,-0.07802656314443768,-2.02652445200727,-3.0292730402968577,3.0292730402968577,3.0292730402968577,2.3349653220557105,1.3881093114752534,1.7046189926518447,-3.0292730402968577
b3058,7.09577292422518e-08,single,-0.28312500000000007,-0.5439100000000021,-0.5626500000000014,-0.6534500000000012,-0.2910200000000014,-0.1082800000000006,0.5626500000000014,0.6534500000000012,,,,,,,,,,
b2153,7.09577292422518e-08,single,-0.46384000000000114,-1.1683100000000017,-1.0037900000000004,-3.4053500000000003,-0.33244000000000007,-0.28139000000000003,1.1683100000000017,3.4053500000000003,,,,,,,,,,
b0425,5.2600811011116584e-08,isozyme-or,-0.20397600000000082,-0.14099099999999964,-0.13391600000000103,0.5836740000000002,0.029788999999999177,-0.14736100000000008,0.20397600000000082,0.5836740000000002,,,,,,,,,,
b0131,5.2600811011116584e-08,single,-0.43229000000000184,-0.6154250000000019,-0.7515850000000022,-0.4014400000000027,-0.20759000000000327,-0.32214000000000276,0.7515850000000022,0.4014400000000027,,,,,,,,,,
b0134,5.260081101111657e-08,single,0.12722500000000103,0.15486499999999914,0.08685999999999972,0.077160000000001,-0.14175499999999808,-0.24049999999999905,0.15486499999999914,0.24049999999999905,-1.9869953958476971,-2.1896204956449123,-4.433544042842595,-1.8761334110919243,4.433544042842595,4.433544042842595,2.888882973774638,2.3808710906467114,2.621573336356782,-1.8761334110919243
b3639,5.260081101111655e-08,single,-0.07515800000000006,-0.40253300000000003,-0.4481830000000002,-0.5930780000000002,-0.04520800000000058,0.13079199999999958,0.4481830000000002,0.5930780000000002,,,,,,,,,,
b0133,5.260081101111655e-08,single,0.3066259999999996,0.2402660000000001,0.11042100000000055,0.1286859999999983,-0.09343400000000024,0.0826159999999998,0.3066259999999996,0.1286859999999983,,,,,,,,,,
b3974,5.260081101111655e-08,single,-0.0332069999999991,0.04211800000000032,-0.29763199999999923,-0.9633719999999988,-0.3620569999999983,-0.49021199999999876,0.29763199999999923,0.9633719999999988,,,,,,,,,,
b3634,5.260081101111655e-08,single,-0.07572800000000157,-0.2684730000000002,-0.13244800000000012,-0.2808080000000004,0.17705699999999958,-0.029462999999999795,0.2684730000000002,0.2808080000000004,,,,,,,,,,
b0103,5.2600811011116545e-08,single,0.05890199999999801,0.27470199999999956,0.15377199999999824,0.9934319999999985,-0.04862300000000097,-0.2799930000000028,0.27470199999999956,0.9934319999999985,,,,,,,,,,
b0826,3.775609910745236e-08,single,0.10647199999999835,0.10402700000000031,0.06190699999999971,0.2623319999999989,0.14194700000000005,0.13902199999999887,0.10647199999999835,0.2623319999999989,,,,,,,,,,
b0784,3.775609910745236e-08,complex-and,-0.15652800000000155,-0.19010300000000058,-0.23405300000000295,-0.32547800000000215,-0.1860480000000031,-0.07033300000000153,0.23405300000000295,0.32547800000000215,0.4074915800845087,0.28486762648272723,-2.7903765460296803,-4.9500799015614785,4.9500799015614785,4.9500799015614785,2.040733831191285,1.7128043153012569,2.1082039135395987,-4.9500799015614785
b2687,3.18202436981855e-08,single,-0.38211500000000065,-0.4318749999999998,-0.43917500000000054,0.7167000000000012,-0.2947249999999997,0.07354999999999912,0.43917500000000054,0.7167000000000012,,,,,,,,,,
b0159,3.18202436981855e-08,single,-0.38587400000000116,-0.4221339999999998,-0.5222090000000001,-0.2533840000000005,-0.4217290000000009,-0.17426400000000086,0.5222090000000001,0.4217290000000009,,,,,,,,,,
b2615,3.1678347581933296e-08,single,-0.07451099999999933,0.057774000000000214,-0.16150600000000104,-0.292936000000001,-0.02653600000000189,-0.03563600000000022,0.16150600000000104,0.292936000000001,,,,,,,,,,
b3804,3.1536768552044127e-08,single,0.018653999999999726,0.134663999999999,0.050214000000000425,-0.4754459999999998,-0.079070999999999,0.09284399999999948,0.134663999999999,0.4754459999999998,-0.46876126230965287,-2.5063566808107147,-3.6240540154887166,-2.518883713930626,3.6240540154887166,3.6240540154887166,0.7223758973665433,2.8289166820035385,2.2795139181349273,-2.518883713930626
b3805,3.1536768552044113e-08,single,0.017657000000001588,0.35406700000000235,0.3142420000000019,-1.0573279999999983,-0.23336299999999888,-0.37745799999999896,0.35406700000000235,1.0573279999999983,,,,,,,,,,
b0414,3.153676855204036e-08,single,0.002636000000000749,0.11119099999999982,-0.12853399999999837,-0.37369399999999864,-0.05317899999999831,0.05070599999999992,0.12853399999999837,0.37369399999999864,-1.0743690347593304,-1.930536109714109,-5.721016383885863,-5.114487494501876,5.721016383885863,5.721016383885863,0.42751791258550753,1.260890262794435,3.4601022557152947,-5.114487494501876
b0415,3.153676855204036e-08,single,-0.07571800000000195,-0.3072430000000015,-0.32691800000000093,1.1813819999999975,-0.24596300000000149,0.16743199999999803,0.32691800000000093,1.1813819999999975,-2.208789628749682,-4.407216697415544,-4.971422165510525,-4.3426953905167345,4.971422165510525,4.971422165510525,1.033401949532343,1.7457288173330623,3.9825309705481216,-4.3426953905167345
b1277,3.1536768552040355e-08,single,-0.16217199999999998,-0.34787700000000044,-0.6534970000000015,-1.063262,-0.3567120000000017,-0.18826699999999974,0.6534970000000015,1.063262,,,,,,,,,,
b3816,1.6540647943183114e-08,isozyme-or,-0.01440700000000028,-0.1700820000000025,-0.17008700000000054,1.6214179999999985,-0.17240200000000172,0.02668799999999827,0.17008700000000054,1.6214179999999985,,,,,,,,,,
b3807,1.2968195220510177e-08,complex-and,-0.16059999999999874,-0.39386499999999813,-0.28219999999999956,-0.34955999999999854,-0.11219999999999786,-0.09356000000000009,0.39386499999999813,0.34955999999999854,,,,,,,,,,
b2529,1.2968195220510177e-08,complex-and,0.5225799999999996,0.6020299999999992,0.6364299999999989,1.470979999999999,-0.44395500000000077,-0.4829750000000015,0.6364299999999989,1.470979999999999,4.3366539703566955,0.7959010775063824,-1.676607951149916,-2.7870194548758027,4.3366539703566955,4.3366539703566955,1.437368158296108,1.8130873203206237,2.3990456134721994,-2.7870194548758027
b0421,1.2252848542984292e-08,single,0.22585600000000028,0.4068259999999988,0.18873599999999868,-0.7213340000000006,-0.09557900000000075,-0.22122399999999942,0.4068259999999988,0.7213340000000006,-2.1689575441120317,-4.25129672711536,-6.539298610756483,-3.1139376084005823,6.539298610756483,6.539298610756483,0.9410238578094843,2.6396114022454857,4.0183726225961145,-3.1139376084005823
b2889,1.2252848542984292e-08,single,0.05826400000000209,0.6268440000000011,0.6158989999999998,0.8849740000000006,-0.014335999999999238,-0.06196099999999927,0.6268440000000011,0.8849740000000006,,,,,,,,,,
b2528,1.0717516711165426e-08,complex-and,0.21909000000000134,0.35748999999999853,0.21783999999999892,1.0183400000000002,-0.6263100000000001,-0.51431,0.35748999999999853,1.0183400000000002,4.246884787813546,0.881335855138591,-1.561630170043757,-2.478462470122582,4.246884787813546,4.246884787813546,1.2498805606250372,1.738073460238244,2.292078320779619,-2.478462470122582
b0781,9.439024776863096e-09,complex-and,-0.015911999999998372,-0.03176200000000051,0.04935299999999998,-0.5219819999999995,-0.34103700000000003,-0.18016199999999927,0.04935299999999998,0.5219819999999995,,,,,,,,,,
b0783,9.439024776863096e-09,complex-and,-0.06896600000000142,-0.061500999999999806,-0.111676000000001,-0.5880460000000003,-0.26904099999999964,-0.16918100000000003,0.111676000000001,0.5880460000000003,0.4785495541508915,-0.15384934432670017,-3.3194880304282623,-2.8507761224298136,3.3194880304282623,3.3194880304282623,1.6263285672295567,1.6309721986395886,1.7006657628339168,-2.8507761224298136
b0785,9.439024776863094e-09,complex-and,0.07004000000000055,0.05118000000000045,0.0754400000000004,-0.007279999999999731,0.011860000000000426,0.07291999999999987,0.0754400000000004,0.07291999999999987,-1.3728915814901144,-1.8385190810616918,-2.4018176668334577,-1.9057718688382494,2.4018176668334577,2.4018176668334577,1.0308562611850176,2.032373100434219,1.879750049555878,-1.9057718688382494
b0009,9.43902477686309e-09,single,0.19523200000000074,0.45566200000000023,0.23202200000000062,0.4105419999999995,0.13583700000000043,0.17106700000000075,0.45566200000000023,0.4105419999999995,,,,,,,,,,
b3803,7.884192138011033e-09,isozyme-or,-0.03374200000000016,0.11911300000000047,0.06001800000000124,-0.8522920000000003,-0.14752700000000019,-0.1998420000000003,0.11911300000000047,0.8522920000000003,-1.010714490839833,-3.408232650543367,-4.080184662092635,-2.568430262710545,4.080184662092635,4.080184662092635,1.753084890481118,2.908696392419187,2.766890516546595,-2.568430262710545
b3368,7.884192138011033e-09,single,0.09237399999999951,-0.19266100000000108,0.10119399999999956,-0.11434599999999939,0.2874939999999988,0.48399900000000073,0.19266100000000108,0.48399900000000073,-0.15683206949451023,-1.5218037789003822,-2.7778675212281367,-2.8146348471442,2.8146348471442,2.8146348471442,2.2871796718768813,1.0996058753937081,1.8177845541918072,-2.8146348471442
b3187,7.884192138011032e-09,single,-0.20423200000000108,-0.43108199999999997,-0.5152370000000008,-0.5002220000000008,-0.34251700000000085,-0.19005699999999948,0.5152370000000008,0.5002220000000008,,,,,,,,,,
b3994,7.884192138011032e-09,single,0.225321000000001,0.1848559999999999,0.33562599999999776,-2.869694000000001,-0.25855900000000176,-0.4617090000000008,0.33562599999999776,2.869694000000001,-2.1892619471793,-1.986583939284749,-3.08757172200627,0.0,3.08757172200627,3.08757172200627,2.268439397850374,1.578798710892552,1.81585440211758,0.0
b4407,7.884192138011032e-09,complex-and,0.4050400000000014,0.12004000000000126,0.5287900000000008,-2.9963099999999994,-0.32940999999999754,-0.28510999999999953,0.5287900000000008,2.9963099999999994,-0.8798426711302525,-2.520337375601341,-4.168365792696298,-0.6609143941915698,4.168365792696298,4.168365792696298,1.9394911233072458,3.0212868438136393,2.0573650584048653,-0.6609143941915698
b0417,7.884192138011032e-09,single,-0.12365699999999791,0.009703000000001794,-0.060701999999999146,0.7896880000000017,-0.09043199999999985,-0.08020699999999792,0.12365699999999791,0.7896880000000017,-1.6008692151681392,-1.6158018119470938,-2.742750868069222,-4.7048342408063135,4.7048342408063135,4.7048342408063135,1.2875491410612323,2.7475349253747536,2.666064033997692,-4.7048342408063135
b3993,7.884192138011032e-09,single,-0.06578600000000101,-0.07866600000000012,-0.049580999999999875,-1.144616000000001,-0.1523059999999994,-0.28460600000000014,0.07866600000000012,1.144616000000001,-1.1920634968223518,-1.168128006776836,-3.0277430734978785,-0.45131842921969706,3.0277430734978785,3.0277430734978785,0.9681963985029021,2.559029073667061,1.4598132515791908,-0.45131842921969706
b3843,7.884192138011032e-09,complex-and,0.2139950000000006,0.07241000000000142,-0.0338750000000001,0.30594000000000143,0.0955950000000012,0.22013000000000105,0.2139950000000006,0.30594000000000143,,,,,,,,,,
b2311,7.884192138011032e-09,complex-and,-0.29583900000000085,-0.14967400000000097,-0.4298940000000009,-0.5086240000000002,-0.5486690000000003,-0.33836900000000014,0.4298940000000009,0.5486690000000003,-1.451164483540799,-2.4800677665549564,-3.5822887574357054,-2.8373905578461525,3.5822887574357054,3.5822887574357054,1.095396019124701,0.8212795375575181,2.5877278913444033,-2.8373905578461525
b3992,7.884192138011032e-09,complex-and,0.08297299999999908,-0.12477699999999992,-0.024696999999999747,-1.476222,-0.139602,-0.344417,0.12477699999999992,1.476222,-2.3031324488965517,-1.6450771623466482,-3.7283678173479258,0.0,3.7283678173479258,3.7283678173479258,1.697872160030602,2.283509240540851,1.9191443571477813,0.0
b3990,7.884192138011032e-09,complex-and,-0.15983199999999975,-0.33037200000000055,-0.3761620000000008,-1.949922,-0.5672819999999987,-0.6506369999999997,0.3761620000000008,1.949922,-2.00975555823193,-1.5514954938975363,-3.7819617962696976,-0.6941925809986769,3.7819617962696976,3.7819617962696976,1.7765794575590643,2.7278247056334886,2.00935135734946,-0.6941925809986769
b4039,7.884192138011032e-09,single,0.25026800000000016,0.019702999999999804,0.3566780000000005,0.06349799999999917,-0.09952700000000014,0.011283000000000598,0.3566780000000005,0.09952700000000014,2.5208921806197946,0.9377875611197144,-0.6560213811411275,-2.2624330433024022,2.5208921806197946,2.5208921806197946,1.009469982108362,1.467600213065138,1.5942835415457597,-2.2624330433024022
b0423,7.884192138011032e-09,complex-and,-0.22627999999999915,-0.4004449999999995,-0.46419499999999836,-0.5737499999999986,-0.2629900000000003,-0.10306999999999888,0.46419499999999836,0.5737499999999986,,,,,,,,,,
b3835,7.884192138011032e-09,single,-0.13547499999999957,-0.3410449999999994,-0.806894999999999,-0.47213999999999956,0.3609800000000014,0.5156850000000013,0.806894999999999,0.5156850000000013,-1.8509422564821327,-2.9802121196032334,-4.788807915533375,-3.711465000968654,4.788807915533375,4.788807915533375,1.2779001537514514,1.1494940829921436,3.332856823146849,-3.711465000968654
b4040,7.884192138011032e-09,single,0.028651999999999234,-0.26834300000000155,-0.0944730000000007,0.9331419999999984,-0.28061300000000067,-0.09968800000000044,0.26834300000000155,0.9331419999999984,,,,,,,,,,
b2103,7.884192138011032e-09,single,0.07326199999999972,0.1549169999999993,0.12290199999999807,-0.43129800000000174,-0.19442800000000204,-0.11770300000000056,0.1549169999999993,0.43129800000000174,-0.2444087676869271,-1.8638875460548747,-3.296668414465356,-0.5235073276105685,3.296668414465356,3.296668414465356,1.6560787185590344,1.3537602017553074,1.4821180139544317,-0.5235073276105685
b3850,7.88419213801103e-09,single,-0.13355700000000148,-0.3291320000000013,-0.4597370000000005,-0.7522720000000014,-0.4442219999999999,-0.019847000000000392,0.4597370000000005,0.7522720000000014,-2.2237547211020257,-3.14743218066337,-5.082898800519654,-2.971829001445657,5.082898800519654,5.082898800519654,1.9549560961105352,1.341842660051137,3.3564786759326766,-2.971829001445657
b2436,7.88419213801103e-09,single,0.006193999999998923,-0.015921000000000518,-0.11799099999999996,0.23166400000000031,-0.06726600000000005,-0.10859600000000036,0.11799099999999996,0.23166400000000031,,,,,,,,,,
b0052,7.88419213801103e-09,complex-and,-0.02415200000000084,-0.142177000000002,-0.0036370000000012226,-0.43492200000000203,-0.2942520000000002,-0.37919700000000134,0.142177000000002,0.43492200000000203,-2.8702934620258773,-4.386569835557589,-4.905735245205053,-2.602419586847155,4.905735245205053,4.905735245205053,1.8881015401106138,1.8503211756943307,3.6912545324089185,-2.602419586847155
b2564,7.88419213801103e-09,complex-and,-0.059901999999999234,-0.19697199999999881,-0.24391699999999972,-0.020092,-0.18068699999999893,-0.23064199999999957,0.24391699999999972,0.23064199999999957,-1.0639968743015071,-1.5357900216861937,-4.553703288829606,-1.3296644064560479,4.553703288829606,4.553703288829606,3.4100317456302016,2.859131061203044,2.1207886478183386,-1.3296644064560479
b3991,7.884192138011027e-09,single,0.07223699999999944,-0.04285800000000073,0.04080699999999915,-0.830718000000001,-0.11529800000000101,-0.1074029999999997,0.07223699999999944,0.830718000000001,-1.2075568940840211,-2.540132042667562,-4.273497722636369,0.0,4.273497722636369,4.273497722636369,1.9211982898576287,2.9644695199331697,2.005296664846988,0.0
b0475,7.884192138011027e-09,single,0.15604899999999944,0.1244840000000007,-0.01844600000000085,0.2005839999999992,-0.15737099999999948,-0.2571360000000009,0.15604899999999944,0.2571360000000009,,,,,,,,,,
b2927,7.884192138011027e-09,isozyme-or,-0.10558199999999829,-0.4514119999999995,-0.668647,-1.0429119999999994,-0.37168199999999985,-0.23453199999999974,0.668647,1.0429119999999994,-2.1067653709702006,-3.427684864272339,-2.9325941028089266,-0.2536391955628048,3.427684864272339,3.427684864272339,2.186539060729607,4.280365843516945,2.1801708834035676,-0.2536391955628048
b3997,7.884192138011027e-09,single,0.010657000000000139,0.05634200000000078,0.15300700000000056,-0.7062080000000002,-0.0655380000000001,-0.15192300000000003,0.15300700000000056,0.7062080000000002,-2.0056709106625368,-3.53568676254298,-4.80675537024174,-3.8999509652758153,4.80675537024174,4.80675537024174,1.470145291239791,2.1451227131186132,3.562016002180768,-3.8999509652758153
b2320,7.884192138011025e-09,single,-0.12006200000000078,-0.23928700000000092,-0.3733719999999998,-0.8647119999999999,-0.1604019999999995,-0.17759200000000064,0.3733719999999998,0.8647119999999999,,,,,,,,,,
b0025,7.884192138009159e-09,single,-0.05685299999999849,0.03778700000000157,-0.273952999999997,-0.23643799999999793,-0.4569529999999986,-0.09361799999999754,0.273952999999997,0.4569529999999986,-1.370785372230328,-5.990023855077599,-7.084462929678648,-4.993148449071099,7.084462929678648,7.084462929678648,2.085601043819329,2.1202785584710018,4.859605151514419,-4.993148449071099
b3917,2.638316502818105e-09,mixed,-0.09849999999999959,-0.9110099999999992,-0.7096449999999983,-0.8290699999999998,-0.09816000000000003,0.4297650000000015,0.9110099999999992,0.8290699999999998,-8.167585308372253,-5.824432880385047,-3.584888239067313,-0.9588960813032399,8.167585308372253,8.167585308372253,9.887659334721164,6.323547806475148,4.633950627281963,-0.9588960813032399
b0763,2.638316502818105e-09,mixed,0.6386450000000004,0.8176199999999998,0.6638249999999992,1.0482200000000006,-0.006244999999999834,-0.2813750000000006,0.8176199999999998,1.0482200000000006,-0.1767505547076711,-0.8217439400056818,-1.0091006932728583,-1.4113825453339088,1.4113825453339088,1.4113825453339088,2.3192973691731793,2.4223717974921253,0.85474443333003,-1.4113825453339088
b0765,2.638316502818105e-09,mixed,0.3116560000000028,0.38136100000000184,0.31947600000000165,-0.15620399999999712,-0.3818889999999975,-0.37638899999999786,0.38136100000000184,0.3818889999999975,,,,,,,,,,
b0764,2.638316502818105e-09,mixed,0.4597599999999993,0.6146750000000001,0.3510200000000001,-0.08506999999999998,-0.4699150000000003,-0.6530999999999985,0.6146750000000001,0.6530999999999985,-1.694721633287943,-2.3357767511441114,-2.289858923985479,-2.187362600285889,2.3357767511441114,2.3357767511441114,1.597790969248341,2.761218923851473,2.1269299771758554,-2.187362600285889
b2425,2.638316502818105e-09,mixed,-0.11643999999999899,0.007960000000000633,-0.03183999999999898,-1.7638299999999987,-0.3506549999999997,-0.0673699999999986,0.11643999999999899,1.7638299999999987,-5.9930884813790435,-6.31921400001504,-4.895595916435512,-1.178428789611339,6.31921400001504,6.31921400001504,8.565360306514801,7.775853907719121,4.596581796860233,-1.178428789611339
b2424,2.638316502818105e-09,mixed,-0.04623699999999964,-0.003021999999999636,-0.18984199999999873,-2.0804719999999994,-0.477112,-0.17616699999999952,0.18984199999999873,2.0804719999999994,-5.626820386115053,-5.946193474848679,-4.449689303846513,-0.7657279017421638,5.946193474848679,5.946193474848679,7.649065513214163,6.815805523950017,4.197107766638102,-0.7657279017421638
b2423,2.638316502818105e-09,mixed,-0.2652859999999997,-0.19384599999999885,-0.3386110000000002,-1.0505159999999982,-0.17724600000000024,-0.1985910000000004,0.3386110000000002,1.0505159999999982,-6.098376071320782,-6.235258956387,-6.607003546726725,-1.1374898266318494,6.607003546726725,6.607003546726725,8.289952343118408,7.312045791265938,5.01953210026659,-1.1374898266318494
b2422,2.638316502818105e-09,mixed,-0.11114700000000077,-0.08059200000000111,0.027317999999999287,-0.4289620000000003,-0.13138200000000033,-0.13487199999999966,0.11114700000000077,0.4289620000000003,-4.890816792252472,-4.675470010785551,-7.094470325475209,-1.1177662698546478,7.094470325475209,7.094470325475209,8.063263056748497,7.300177334433654,4.44463084959197,-1.1177662698546478
b0827,2.3597561942157726e-09,single,0.07197000000000031,0.0750300000000017,0.09495500000000057,-0.027759999999998897,0.1274949999999997,-0.13698499999999925,0.09495500000000057,0.13698499999999925,,,,,,,,,,
b3857,2.3597561942157726e-09,mixed,-0.03586400000000012,-0.22691899999999965,-0.14539400000000047,-0.26727399999999957,-0.06284899999999993,-0.14704400000000017,0.22691899999999965,0.26727399999999957,,,,,,,,,,
b3856,2.3597561942157726e-09,mixed,0.10187599999999897,-0.14696400000000054,-0.058129000000000985,0.029835999999997753,0.014815999999997942,0.2026760000000003,0.14696400000000054,0.2026760000000003,,,,,,,,,,
b0174,4.795930185100763e-10,single,0.2929750000000002,0.4931600000000014,0.22945499999999974,-0.30978999999999957,0.0101899999999997,0.03551500000000196,0.4931600000000014,0.30978999999999957,-2.586215071417024,-5.082535762853779,-6.356569157993371,-3.326410058719884,6.356569157993371,6.356569157993371,1.077307067019551,0.954543703424636,4.337932512746014,-3.326410058719884
b0776,6.341725864594927e-13,single,0.054260999999996784,0.158160999999998,0.06804599999999716,-0.15393400000000224,-0.16974400000000234,-0.3383090000000024,0.158160999999998,0.3383090000000024,-3.2358729385604437,-1.4053272753510166,-5.385705156117372,0.0,5.385705156117372,5.385705156117372,4.603315167931139,2.999552473022007,2.506726342507208,0.0
b1091,6.341725864594923e-13,single,-0.14706000000000152,-0.10496000000000194,-0.2591600000000014,-0.4291600000000013,-0.37646000000000157,-0.6114100000000011,0.2591600000000014,0.6114100000000011,-1.2574505609975315,-3.5690285911501443,-4.7593041713562965,-2.195488449479094,4.7593041713562965,4.7593041713562965,2.26383577160013,2.060843638379577,2.945317943245766,-2.195488449479094
b0774,6.341725864594923e-13,single,0.08605799999999952,0.21420300000000125,0.1002080000000003,0.29096799999999945,0.2557779999999994,0.04390800000000006,0.21420300000000125,0.29096799999999945,,,,,,,,,,
b0775,6.341725864594923e-13,single,-0.028331999999998914,0.23726300000000045,-0.0159470000000006,0.00726799999999983,-0.149737,-0.3022419999999997,0.23726300000000045,0.3022419999999997,,,,,,,,,,
b3412,6.341725864594923e-13,single,-0.12203700000000062,-0.23928700000000092,-0.08424699999999952,-0.12042200000000136,-0.09969700000000081,-0.22605200000000103,0.23928700000000092,0.22605200000000103,,,,,,,,,,
b0777,6.341725864594923e-13,single,-0.16484799999999922,-0.02873799999999882,-0.2783529999999992,-0.6464279999999984,-0.3033729999999988,-0.3874329999999979,0.2783529999999992,0.6464279999999984,-2.619680083497191,-1.3284805760650489,-5.026919671868328,0.0,5.026919671868328,5.026919671868328,3.4820483165212863,3.1013617849861026,2.243770082857642,0.0
b0778,6.341725864594923e-13,single,-0.15578000000000003,-0.11603999999999814,-0.34219500000000025,-0.6721299999999992,-0.2287499999999998,-0.2881599999999995,0.34219500000000025,0.6721299999999992,,,,,,,,,,
b1288,6.341725864594923e-13,single,-0.19683999999999813,-0.5000099999999996,-0.6949199999999998,-0.4200400000000002,-0.3498400000000004,0.04205999999999932,0.6949199999999998,0.4200400000000002,-2.842526480824789,-5.235173421698265,-8.304550863444147,-5.207541574670414,8.304550863444147,8.304550863444147,1.1870542777478832,3.426361237685515,5.397448085159404,-5.207541574670414
b0180,6.341725864594923e-13,single,-0.07113999999999798,-0.30133999999999794,-0.4927899999999994,-0.07563999999999815,-0.045839999999998327,0.0777100000000015,0.4927899999999994,0.0777100000000015,-3.236096854874706,-5.987512517935429,-7.0490179475912855,-3.798847455888441,7.0490179475912855,7.0490179475912855,1.6953032872935507,1.414912082452462,5.017868694072465,-3.798847455888441
