tau,beta,D,L,structure,mdl,sse,nll,bic_penalty,scale,kappa_V_uncalibrated,kappa_V_calibrated,abs_err_calibrated,abs_err_uncalibrated
0.02,0.5,0.02,4,uniform,-462.95260934054386,74.67017855248635,-475.38182553738824,12.429216196844383,0.3453899752947236,0.16352102202638494,0.05647852175786105,0.2642168873001563,0.15717438703163242
0.02,0.5,0.02,4,kmeans,-465.6932058927239,73.85608557046561,-478.12242208956826,12.429216196844383,0.42686057252395543,0.16134591346661836,0.06887220899676129,0.2518232000612561,0.159349495591399
0.02,0.5,0.02,8,uniform,-451.755253596841,78.09064124385795,-464.18446979368537,12.429216196844383,0.2877988828285372,0.16482801078909842,0.047437317363952604,0.27325809169406473,0.15586739826891893
0.02,0.5,0.02,8,kmeans,-453.303160792349,77.60862674921661,-465.73237698919337,12.429216196844383,0.3455656103906486,0.16451230242491666,0.0568497942042373,0.26384561485378005,0.1561831066331007
0.02,0.5,0.02,16,uniform,-451.755253596841,78.09064124385795,-464.18446979368537,12.429216196844383,0.2877988828285372,0.16482801078909842,0.047437317363952604,0.27325809169406473,0.15586739826891893
0.02,0.5,0.02,16,kmeans,-453.303160792349,77.60862674921661,-465.73237698919337,12.429216196844383,0.3455656103906486,0.16451230242491666,0.0568497942042373,0.26384561485378005,0.1561831066331007
0.02,0.5,0.02,32,uniform,-451.755253596841,78.09064124385795,-464.18446979368537,12.429216196844383,0.2877988828285372,0.16482801078909842,0.047437317363952604,0.27325809169406473,0.15586739826891893
0.02,0.5,0.02,32,kmeans,-453.303160792349,77.60862674921661,-465.73237698919337,12.429216196844383,0.3455656103906486,0.16451230242491666,0.0568497942042373,0.26384561485378005,0.1561831066331007
0.02,0.5,0.05,4,uniform,-466.0507504562729,73.75053369992834,-478.4799666531173,12.429216196844383,0.36429497591472787,0.1629275466283269,0.05935368667481205,0.2613417223832053,0.15776786242969046
0.02,0.5,0.05,4,kmeans,-468.9699528987024,72.89437109937721,-481.39916909554677,12.429216196844383,0.4506352061882516,0.16028996102735,0.07223229963746668,0.24846310942055067,0.16040544803066736
0.02,0.5,0.05,8,uniform,-454.4801510245914,77.24410711212734,-466.9093672214358,12.429216196844383,0.3031975417790503,0.1645982783862144,0.04990579338776399,0.2707896156702534,0.15609713067180295
0.02,0.5,0.05,8,kmeans,-456.161239990718,76.72643271154885,-468.5904561875624,12.429216196844383,0.3648508055363917,0.16409843233437807,0.05987144522445691,0.26082396383356043,0.1565969767236393
0.02,0.5,0.05,16,uniform,-454.4801510245914,77.24410711212734,-466.9093672214358,12.429216196844383,0.3031975417790503,0.1645982783862144,0.04990579338776399,0.2707896156702534,0.15609713067180295
0.02,0.5,0.05,16,kmeans,-456.161239990718,76.72643271154885,-468.5904561875624,12.429216196844383,0.3648508055363917,0.16409843233437807,0.05987144522445691,0.26082396383356043,0.1565969767236393
0.02,0.5,0.05,32,uniform,-454.4801510245914,77.24410711212734,-466.9093672214358,12.429216196844383,0.3031975417790503,0.1645982783862144,0.04990579338776399,0.2707896156702534,0.15609713067180295
0.02,0.5,0.05,32,kmeans,-456.161239990718,76.72643271154885,-468.5904561875624,12.429216196844383,0.3648508055363917,0.16409843233437807,0.05987144522445691,0.26082396383356043,0.1565969767236393
0.02,0.5,0.1,4,uniform,-471.67723111998004,72.1092484893092,-484.1064473168244,12.429216196844383,0.3988574482677296,0.16179721298235794,0.06453402350697367,0.2561613855510437,0.15889819607565941
0.02,0.5,0.1,4,kmeans,-474.93284550713685,71.17629670893311,-487.3620617039812,12.429216196844383,0.49422951147130273,0.15835078263877816,0.07826162994466178,0.24243377911335556,0.1623446264192392
0.02,0.5,0.1,8,uniform,-459.47577977132346,75.71589519390535,-471.90499596816784,12.429216196844383,0.3313746945249717,0.16415007789589622,0.05439518191900292,0.2663002271390144,0.15654533116212113
0.02,0.5,0.1,8,kmeans,-461.40900592173284,75.13264939798805,-473.8382221185772,12.429216196844383,0.40019264450844794,0.16329589505905273,0.0653498160810563,0.255345592976961,0.15739951399896462
0.02,0.5,0.1,16,uniform,-459.47577977132346,75.71589519390535,-471.90499596816784,12.429216196844383,0.3313746945249717,0.16415007789589622,0.05439518191900292,0.2663002271390144,0.15654533116212113
0.02,0.5,0.1,16,kmeans,-461.40900592173284,75.13264939798805,-473.8382221185772,12.429216196844383,0.40019264450844794,0.16329589505905273,0.0653498160810563,0.255345592976961,0.15739951399896462
0.02,0.5,0.1,32,uniform,-459.47577977132346,75.71589519390535,-471.90499596816784,12.429216196844383,0.3313746945249717,0.16415007789589622,0.05439518191900292,0.2663002271390144,0.15654533116212113
0.02,0.5,0.1,32,kmeans,-461.40900592173284,75.13264939798805,-473.8382221185772,12.429216196844383,0.40019264450844794,0.16329589505905273,0.0653498160810563,0.255345592976961,0.15739951399896462
0.02,0.5,0.2,4,uniform,-484.56218739951265,68.48689985796254,-496.99140359635703,12.429216196844383,0.4805593070303068,0.15874841628565117,0.0762880289223912,0.24440738013562616,0.16194699277236618
0.02,0.5,0.2,4,kmeans,-488.64170539791115,67.37839462710853,-501.07092159475553,12.429216196844383,0.5977038317086082,0.1534522000528936,0.09171896795573038,0.228976441102287,0.16724320900512377
0.02,0.5,0.2,8,uniform,-471.13287989516715,72.26643058268112,-483.56209609201153,12.429216196844383,0.3981308421108494,0.16278356487013157,0.06480915776355156,0.2558862512944658,0.15791184418788579
0.02,0.5,0.2,8,kmeans,-473.67771798623113,71.53453654516466,-486.1069341830755,12.429216196844383,0.48379682604966884,0.1609517175458247,0.0778679300959128,0.24282747896210455,0.15974369151219264
0.02,0.5,0.2,16,uniform,-471.13287989516715,72.26643058268112,-483.56209609201153,12.429216196844383,0.3981308421108494,0.16278356487013157,0.06480915776355156,0.2558862512944658,0.15791184418788579
0.02,0.5,0.2,16,kmeans,-473.67771798623113,71.53453654516466,-486.1069341830755,12.429216196844383,0.48379682604966884,0.1609517175458247,0.0778679300959128,0.24282747896210455,0.15974369151219264
0.02,0.5,0.2,32,uniform,-471.13287989516715,72.26643058268112,-483.56209609201153,12.429216196844383,0.3981308421108494,0.16278356487013157,0.06480915776355156,0.2558862512944658,0.15791184418788579
0.02,0.5,0.2,32,kmeans,-473.67771798623113,71.53453654516466,-486.1069341830755,12.429216196844383,0.48379682604966884,0.1609517175458247,0.0778679300959128,0.24282747896210455,0.15974369151219264
0.02,0.5,0.5,4,uniform,-531.7983266083235,56.69567488819452,-544.2275428051679,12.429216196844383,0.8621727685977865,0.1391118333923563,0.11993843454060184,0.20075697451741553,0.18158357566566105
0.02,0.5,0.5,4,kmeans,-539.7033193776207,54.93100570943186,-552.1325355744651,12.429216196844383,1.0882397462539377,0.12594584245208165,0.13705927163179174,0.18363613742622562,0.1947495666059357
0.02,0.5,0.5,8,uniform,-518.7217165279833,59.740152619558906,-531.1509327248277,12.429216196844383,0.7111827473536603,0.15110113072340814,0.10746051727611797,0.2132348917818994,0.16959427833460922
0.02,0.5,0.5,8,kmeans,-524.0954208385921,58.46975139101843,-536.5246370354365,12.429216196844383,0.8742795458692773,0.14338067535584628,0.12535479173653957,0.19534061732147778,0.17731473370217107
0.02,0.5,0.5,16,uniform,-518.7217165279833,59.740152619558906,-531.1509327248277,12.429216196844383,0.7111827473536603,0.15110113072340814,0.10746051727611797,0.2132348917818994,0.16959427833460922
0.02,0.5,0.5,16,kmeans,-524.0954208385921,58.46975139101843,-536.5246370354365,12.429216196844383,0.8742795458692773,0.14338067535584628,0.12535479173653957,0.19534061732147778,0.17731473370217107
0.02,0.5,0.5,32,uniform,-518.7217165279833,59.740152619558906,-531.1509327248277,12.429216196844383,0.7111827473536603,0.15110113072340814,0.10746051727611797,0.2132348917818994,0.16959427833460922
0.02,0.5,0.5,32,kmeans,-524.0954208385921,58.46975139101843,-536.5246370354365,12.429216196844383,0.8742795458692773,0.14338067535584628,0.12535479173653957,0.19534061732147778,0.17731473370217107
0.02,1.0,0.02,4,uniform,-442.5678041923865,81.01384101953903,-454.9970203892309,12.429216196844383,0.14871884139137923,0.17582841495412221,0.026148998155659714,0.29454641090235767,0.14486699410389514
0.02,1.0,0.02,4,kmeans,-447.27819300091284,79.5017044954568,-459.7074091977572,12.429216196844383,0.21490474918326707,0.2540622153808328,0.05459917667336305,0.2660962323846543,0.06663319367718457
0.02,1.0,0.02,8,uniform,-451.8857345729185,78.0498945057629,-464.3149507697629,12.429216196844383,0.14400107336797643,0.32231428421840097,0.046413602889280765,0.2742818061687366,0.001618875160383615
0.02,1.0,0.02,8,kmeans,-453.50191901643075,77.54694985873898,-465.9311352132751,12.429216196844383,0.17354798939335003,0.32866803097429403,0.057039675953460024,0.2636557331045573,0.007972621916276679
0.02,1.0,0.02,16,uniform,-451.8857345729185,78.0498945057629,-464.3149507697629,12.429216196844383,0.14400107336797643,0.32231428421840097,0.046413602889280765,0.2742818061687366,0.001618875160383615
0.02,1.0,0.02,16,kmeans,-453.50191901643075,77.54694985873898,-465.9311352132751,12.429216196844383,0.17354798939335003,0.32866803097429403,0.057039675953460024,0.2636557331045573,0.007972621916276679
0.02,1.0,0.02,32,uniform,-451.8857345729185,78.0498945057629,-464.3149507697629,12.429216196844383,0.14400107336797643,0.32231428421840097,0.046413602889280765,0.2742818061687366,0.001618875160383615
0.02,1.0,0.02,32,kmeans,-453.50191901643075,77.54694985873898,-465.9311352132751,12.429216196844383,0.17354798939335003,0.32866803097429403,0.057039675953460024,0.2636557331045573,0.007972621916276679
0.02,1.0,0.05,4,uniform,-449.0980368659374,78.92508300709785,-461.52725306278177,12.429216196844383,0.16674822203121795,0.19340256046106663,0.03224953309316799,0.2884458759648494,0.12729284859695073
0.02,1.0,0.05,4,kmeans,-453.48910756751985,77.55092391571024,-465.91832376436423,12.429216196844383,0.23029490310827355,0.2649147901653475,0.061008525933077325,0.25968688312494004,0.05578061889266983
0.02,1.0,0.05,8,uniform,-454.6800285354611,77.1823743539597,-467.10924473230546,12.429216196844383,0.15233785762859617,0.32634964550527357,0.0497154058341252,0.27098000322389215,0.005654236447256211
0.02,1.0,0.05,8,kmeans,-456.3650000363406,76.66392306322737,-468.79421623318495,12.429216196844383,0.1832293273750486,0.3277962483139265,0.060061886094625164,0.2606335229633922,0.007100839255909153
0.02,1.0,0.05,16,uniform,-454.6800285354611,77.1823743539597,-467.10924473230546,12.429216196844383,0.15233785762859617,0.32634964550527357,0.0497154058341252,0.27098000322389215,0.005654236447256211
0.02,1.0,0.05,16,kmeans,-456.3650000363406,76.66392306322737,-468.79421623318495,12.429216196844383,0.1832293273750486,0.3277962483139265,0.060061886094625164,0.2606335229633922,0.007100839255909153
0.02,1.0,0.05,32,uniform,-454.6800285354611,77.1823743539597,-467.10924473230546,12.429216196844383,0.15233785762859617,0.32634964550527357,0.0497154058341252,0.27098000322389215,0.005654236447256211
0.02,1.0,0.05,32,kmeans,-456.3650000363406,76.66392306322737,-468.79421623318495,12.429216196844383,0.1832293273750486,0.3277962483139265,0.060061886094625164,0.2606335229633922,0.007100839255909153
0.02,1.0,0.1,4,uniform,-460.22153899924774,75.49036842830907,-472.6507551960921,12.429216196844383,0.1958323209958794,0.2194755073379679,0.04298039800374241,0.27771501105427493,0.10121990172004947
0.02,1.0,0.1,4,kmeans,-464.1906486071184,74.30131419108152,-476.6198648039628,12.429216196844383,0.25593216958255127,0.27976814692602536,0.07160166882286764,0.2490937402351497,0.04092726213199199
0.02,1.0,0.1,8,uniform,-459.7169709913758,75.64288238310921,-472.14618718822015,12.429216196844383,0.16685130902580256,0.3282937334141302,0.05477623916511548,0.2659191698929019,0.007598324356112851
0.02,1.0,0.1,8,kmeans,-461.6138822569465,75.07110301277362,-474.0430984537909,12.429216196844383,0.20096948608189286,0.3261001480480322,0.06553617916444221,0.25515922989357515,0.005404738990014868
0.02,1.0,0.1,16,uniform,-459.7169709913758,75.64288238310921,-472.14618718822015,12.429216196844383,0.16685130902580256,0.3282937334141302,0.05477623916511548,0.2659191698929019,0.007598324356112851
0.02,1.0,0.1,16,kmeans,-461.6138822569465,75.07110301277362,-474.0430984537909,12.429216196844383,0.20096948608189286,0.3261001480480322,0.06553617916444221,0.25515922989357515,0.005404738990014868
0.02,1.0,0.1,32,uniform,-459.7169709913758,75.64288238310921,-472.14618718822015,12.429216196844383,0.16685130902580256,0.3282937334141302,0.05477623916511548,0.2659191698929019,0.007598324356112851
0.02,1.0,0.1,32,kmeans,-461.6138822569465,75.07110301277362,-474.0430984537909,12.429216196844383,0.20096948608189286,0.3261001480480322,0.06553617916444221,0.25515922989357515,0.005404738990014868
0.02,1.0,0.2,4,uniform,-481.7236292486559,69.2689474225324,-494.1528454455003,12.429216196844383,0.2510264979303491,0.2578585219533009,0.06472932172743316,0.2559660873305842,0.06283688710471647
0.02,1.0,0.2,4,kmeans,-485.41876670339917,68.252643561303,-497.84798290024355,12.429216196844383,0.31005806463825425,0.29399652534717957,0.09115599365951796,0.2295394153984994,0.026698883710837784
0.02,1.0,0.2,8,uniform,-471.3838327805828,72.19392510259411,-483.8130489774272,12.429216196844383,0.20047180198485864,0.32555626253134934,0.06526485059711531,0.255430558460902,0.004860853473331983
0.02,1.0,0.2,8,kmeans,-473.8783111588484,71.47716220749402,-486.3075273556928,12.429216196844383,0.2429360337367358,0.32123077148711227,0.07803852953927078,0.2426568795187466,0.0005353624290949099
0.02,1.0,0.2,16,uniform,-471.3838327805828,72.19392510259411,-483.8130489774272,12.429216196844383,0.20047180198485864,0.32555626253134934,0.06526485059711531,0.255430558460902,0.004860853473331983
0.02,1.0,0.2,16,kmeans,-473.8783111588484,71.47716220749402,-486.3075273556928,12.429216196844383,0.2429360337367358,0.32123077148711227,0.07803852953927078,0.2426568795187466,0.0005353624290949099
0.02,1.0,0.2,32,uniform,-471.3838327805828,72.19392510259411,-483.8130489774272,12.429216196844383,0.20047180198485864,0.32555626253134934,0.06526485059711531,0.255430558460902,0.004860853473331983
0.02,1.0,0.2,32,kmeans,-473.8783111588484,71.47716220749402,-486.3075273556928,12.429216196844383,0.2429360337367358,0.32123077148711227,0.07803852953927078,0.2426568795187466,0.0005353624290949099
0.02,1.0,0.5,4,uniform,-536.4715065835329,55.64572232499391,-548.9007227803774,12.429216196844383,0.4431358752288126,0.2780508172638943,0.12321429226632244,0.19748111679169492,0.042644591794123055
0.02,1.0,0.5,4,kmeans,-544.091247694122,53.97528425728965,-556.5204638909664,12.429216196844383,0.5535396560509311,0.2544220927909398,0.1408327177352549,0.17986269132276245,0.06627331626707755
0.02,1.0,0.5,8,uniform,-518.9459914063225,59.686583789593854,-531.3752076031669,12.429216196844383,0.3580211289705784,0.30107773988498715,0.10779219234153324,0.2129032167164841,0.019617669173030206
0.02,1.0,0.5,8,kmeans,-524.2229137874893,58.439941068771496,-536.6521299843338,12.429216196844383,0.43903245967336013,0.28568341148681714,0.125424290832934,0.19527111822508336,0.035011997571200215
0.02,1.0,0.5,16,uniform,-518.9459914063225,59.686583789593854,-531.3752076031669,12.429216196844383,0.3580211289705784,0.30107773988498715,0.10779219234153324,0.2129032167164841,0.019617669173030206
0.02,1.0,0.5,16,kmeans,-524.2229137874893,58.439941068771496,-536.6521299843338,12.429216196844383,0.43903245967336013,0.28568341148681714,0.125424290832934,0.19527111822508336,0.035011997571200215
0.02,1.0,0.5,32,uniform,-518.9459914063225,59.686583789593854,-531.3752076031669,12.429216196844383,0.3580211289705784,0.30107773988498715,0.10779219234153324,0.2129032167164841,0.019617669173030206
0.02,1.0,0.5,32,kmeans,-524.2229137874893,58.439941068771496,-536.6521299843338,12.429216196844383,0.43903245967336013,0.28568341148681714,0.125424290832934,0.19527111822508336,0.035011997571200215
0.02,5.0,0.02,4,uniform,-420.16081290761207,88.61028921815218,-432.59002910445645,12.429216196844383,-0.13445963939952102,0.0932119054255131,-0.012533239191256748,0.3332286482492741,0.22748350363250425
0.02,5.0,0.02,4,kmeans,-420.1622962110205,88.60976347593576,-432.59151240786485,12.429216196844383,-0.13250938843559745,0.17091558060338669,-0.02264791905986983,0.3433433281178872,0.14977982845463067
0.02,5.0,0.02,8,uniform,-458.66352737889014,75.96229692601307,-471.0927435757345,12.429216196844383,-0.1479016238757034,0.4776670170543391,-0.07064772749420006,0.3913431365522174,0.15697160799632176
0.02,5.0,0.02,8,kmeans,-459.47436749919905,75.71632292090612,-471.9035836960434,12.429216196844383,-0.13294799258698942,0.632937756731257,-0.08414780418993287,0.40484321324795025,0.3122423476732396
0.02,5.0,0.02,16,uniform,-458.66352737889014,75.96229692601307,-471.0927435757345,12.429216196844383,-0.1479016238757034,0.4776670170543391,-0.07064772749420006,0.3913431365522174,0.15697160799632176
0.02,5.0,0.02,16,kmeans,-459.47436749919905,75.71632292090612,-471.9035836960434,12.429216196844383,-0.13294799258698942,0.632937756731257,-0.08414780418993287,0.40484321324795025,0.3122423476732396
0.02,5.0,0.02,32,uniform,-458.66352737889014,75.96229692601307,-471.0927435757345,12.429216196844383,-0.1479016238757034,0.4776670170543391,-0.07064772749420006,0.3913431365522174,0.15697160799632176
0.02,5.0,0.02,32,kmeans,-459.47436749919905,75.71632292090612,-471.9035836960434,12.429216196844383,-0.13294799258698942,0.632937756731257,-0.08414780418993287,0.40484321324795025,0.3122423476732396
0.02,5.0,0.05,4,uniform,-420.96171702880207,88.32687006043277,-433.39093322564645,12.429216196844383,-0.13647348201527854,0.11992888890150197,-0.016367113062611467,0.3370625221206288,0.2007665201565154
0.02,5.0,0.05,4,kmeans,-420.96717834312494,88.32494055830585,-433.3963945399693,12.429216196844383,-0.13420488206572745,0.2027100400433654,-0.027204677017558743,0.3479000860755761,0.11798536901465195
0.02,5.0,0.05,8,uniform,-457.76947720097706,76.23443967484556,-470.19869339782144,12.429216196844383,-0.14456172834187753,0.5284895460201294,-0.07639936218328414,0.3970947712413015,0.20779413696211207
0.02,5.0,0.05,8,kmeans,-458.6455449076874,75.96776108179665,-471.0747611045318,12.429216196844383,-0.12949440217656152,0.681112940433701,-0.08820031303618206,0.40889572209419944,0.3604175313756836
0.02,5.0,0.05,16,uniform,-457.76947720097706,76.23443967484556,-470.19869339782144,12.429216196844383,-0.14456172834187753,0.5284895460201294,-0.07639936218328414,0.3970947712413015,0.20779413696211207
0.02,5.0,0.05,16,kmeans,-458.6455449076874,75.96776108179665,-471.0747611045318,12.429216196844383,-0.12949440217656152,0.681112940433701,-0.08820031303618206,0.40889572209419944,0.3604175313756836
0.02,5.0,0.05,32,uniform,-457.76947720097706,76.23443967484556,-470.19869339782144,12.429216196844383,-0.14456172834187753,0.5284895460201294,-0.07639936218328414,0.3970947712413015,0.20779413696211207
0.02,5.0,0.05,32,kmeans,-458.6455449076874,75.96776108179665,-471.0747611045318,12.429216196844383,-0.12949440217656152,0.681112940433701,-0.08820031303618206,0.40889572209419944,0.3604175313756836
0.02,5.0,0.1,4,uniform,-422.246593455536,87.87407816762696,-434.6758096523804,12.429216196844383,-0.14248603107887015,0.1739928941773438,-0.02479155692725557,0.34548696598527295,0.14670251488067357
0.02,5.0,0.1,4,kmeans,-422.29846596696575,87.85584706258216,-434.72768216381013,12.429216196844383,-0.13601583547068807,0.25832505376950227,-0.03513629801146927,0.35583170706948664,0.06237035528851509
0.02,5.0,0.1,8,uniform,-445.0470168021224,80.21440934841144,-457.4762329989668,12.429216196844383,-0.13852531950152322,0.613927853582449,-0.0850445520683931,0.4057399611264105,0.2932324445244316
0.02,5.0,0.1,8,kmeans,-446.87157020126256,79.63111853496126,-459.30078639810694,12.429216196844383,-0.11589841507956132,0.6399914363432108,-0.07417399313667009,0.39486940219468747,0.3192960272851934
0.02,5.0,0.1,16,uniform,-445.0470168021224,80.21440934841144,-457.4762329989668,12.429216196844383,-0.13852531950152322,0.613927853582449,-0.0850445520683931,0.4057399611264105,0.2932324445244316
0.02,5.0,0.1,16,kmeans,-446.87157020126256,79.63111853496126,-459.30078639810694,12.429216196844383,-0.11589841507956132,0.6399914363432108,-0.07417399313667009,0.39486940219468747,0.3192960272851934
0.02,5.0,0.1,32,uniform,-445.0470168021224,80.21440934841144,-457.4762329989668,12.429216196844383,-0.13852531950152322,0.613927853582449,-0.0850445520683931,0.4057399611264105,0.2932324445244316
0.02,5.0,0.1,32,kmeans,-446.87157020126256,79.63111853496126,-459.30078639810694,12.429216196844383,-0.11589841507956132,0.6399914363432108,-0.07417399313667009,0.39486940219468747,0.3192960272851934
0.02,5.0,0.2,4,uniform,-397.93037562652756,96.8506141539987,-410.35959182337194,12.429216196844383,-0.1440772040354704,0.2701723710900146,-0.03892567983428285,0.3596210888923002,0.05052303796800278
0.02,5.0,0.2,4,kmeans,-406.004889234405,93.77250381060827,-418.4341054312494,12.429216196844383,-0.052589576680154355,0.1308275672586863,-0.006880166380228735,0.3275755754382461,0.18986784179933106
0.02,5.0,0.2,8,uniform,-413.2052358365855,91.11024805252573,-425.63445203342985,12.429216196844383,-0.11896914081605697,0.65434365186766,-0.0778467020611366,0.39854211111915394,0.3336482428096426
0.02,5.0,0.2,8,kmeans,-419.23165666029155,88.94023319257873,-431.6608728571359,12.429216196844383,-0.07449900923342219,0.42830761611300416,-0.03190849304754775,0.3526039021055651,0.10761220705498681
0.02,5.0,0.2,16,uniform,-413.2052358365855,91.11024805252573,-425.63445203342985,12.429216196844383,-0.11896914081605697,0.65434365186766,-0.0778467020611366,0.39854211111915394,0.3336482428096426
0.02,5.0,0.2,16,kmeans,-419.23165666029155,88.94023319257873,-431.6608728571359,12.429216196844383,-0.07449900923342219,0.42830761611300416,-0.03190849304754775,0.3526039021055651,0.10761220705498681
0.02,5.0,0.2,32,uniform,-413.2052358365855,91.11024805252573,-425.63445203342985,12.429216196844383,-0.11896914081605697,0.65434365186766,-0.0778467020611366,0.39854211111915394,0.3336482428096426
0.02,5.0,0.2,32,kmeans,-419.23165666029155,88.94023319257873,-431.6608728571359,12.429216196844383,-0.07449900923342219,0.42830761611300416,-0.03190849304754775,0.3526039021055651,0.10761220705498681
0.02,5.0,0.5,4,uniform,-459.20015096299926,75.79941915651989,-471.62936715984364,12.429216196844383,0.13294748038693974,0.11130144146792217,0.014797246206594705,0.30589816285142263,0.20939396759009518
0.02,5.0,0.5,4,kmeans,-479.4779404985572,69.89397644486884,-491.90715669540157,12.429216196844383,0.2574003442395421,0.38061605586469816,0.09797070380267009,0.22272470525534727,0.0599206468066808
0.02,5.0,0.5,8,uniform,-451.62402340054257,78.13164340507807,-464.05323959738695,12.429216196844383,0.08410591149040393,0.32470434062901404,0.027309554533493825,0.29338585452452354,0.004008931570996688
0.02,5.0,0.5,8,kmeans,-460.5784048372816,75.3826855688905,-473.007621034126,12.429216196844383,0.13497468920204234,0.5927373505435299,0.08000453966805497,0.24069086938996237,0.2720419414855126
0.02,5.0,0.5,16,uniform,-451.62402340054257,78.13164340507807,-464.05323959738695,12.429216196844383,0.08410591149040393,0.32470434062901404,0.027309554533493825,0.29338585452452354,0.004008931570996688
0.02,5.0,0.5,16,kmeans,-460.5784048372816,75.3826855688905,-473.007621034126,12.429216196844383,0.13497468920204234,0.5927373505435299,0.08000453966805497,0.24069086938996237,0.2720419414855126
0.02,5.0,0.5,32,uniform,-451.62402340054257,78.13164340507807,-464.05323959738695,12.429216196844383,0.08410591149040393,0.32470434062901404,0.027309554533493825,0.29338585452452354,0.004008931570996688
0.02,5.0,0.5,32,kmeans,-460.5784048372816,75.3826855688905,-473.007621034126,12.429216196844383,0.13497468920204234,0.5927373505435299,0.08000453966805497,0.24069086938996237,0.2720419414855126
0.02,10.0,0.02,4,uniform,-417.7696232246044,89.46189144827252,-430.1988394214488,12.429216196844383,-0.12290694761483897,0.01599914799481398,-0.001966406444480658,0.322661815502498,0.30469626106320336
0.02,10.0,0.02,4,kmeans,-417.7873779034813,89.4555382052572,-430.21659410032566,12.429216196844383,-0.12612800501243382,0.08968619865990497,-0.01131194131412263,0.33200735037213996,0.2310092103981124
0.02,10.0,0.02,8,uniform,-458.13262358743555,76.12378301826553,-470.5618397842799,12.429216196844383,-0.15888861626337514,0.284250483590583,-0.04516416600990296,0.36585957506792033,0.03644492546743433
0.02,10.0,0.02,8,kmeans,-458.51514231999596,76.00739698865263,-470.94435851684034,12.429216196844383,-0.14751444266553532,0.42712935720404666,-0.0630077490740433,0.3837031581320607,0.1064339481460293
0.02,10.0,0.02,16,uniform,-458.13262358743555,76.12378301826553,-470.5618397842799,12.429216196844383,-0.15888861626337514,0.284250483590583,-0.04516416600990296,0.36585957506792033,0.03644492546743433
0.02,10.0,0.02,16,kmeans,-458.51514231999596,76.00739698865263,-470.94435851684034,12.429216196844383,-0.14751444266553532,0.42712935720404666,-0.0630077490740433,0.3837031581320607,0.1064339481460293
0.02,10.0,0.02,32,uniform,-458.13262358743555,76.12378301826553,-470.5618397842799,12.429216196844383,-0.15888861626337514,0.284250483590583,-0.04516416600990296,0.36585957506792033,0.03644492546743433
0.02,10.0,0.02,32,kmeans,-458.51514231999596,76.00739698865263,-470.94435851684034,12.429216196844383,-0.14751444266553532,0.42712935720404666,-0.0630077490740433,0.3837031581320607,0.1064339481460293
0.02,10.0,0.05,4,uniform,-418.52391145354335,89.19237802769331,-430.9531276503877,12.429216196844383,-0.12277107938609202,0.035529104198848416,-0.004361946472113554,0.32505735553013093,0.28516630485916894
0.02,10.0,0.05,4,kmeans,-418.5581718165145,89.18015581220548,-430.9873880133589,12.429216196844383,-0.12872759986285295,0.12042126645920855,-0.015501540603738992,0.33619694966175634,0.20027414259880882
0.02,10.0,0.05,8,uniform,-459.68452419216095,75.65270049789514,-472.11374038900533,12.429216196844383,-0.15719213973563462,0.3327434698875419,-0.05230465801468241,0.3730000670726998,0.012048060829524532
0.02,10.0,0.05,8,kmeans,-460.13188176253567,75.51744631480261,-472.56109795938005,12.429216196844383,-0.14520547906709616,0.47937817385993037,-0.06960833738964091,0.39030374644765825,0.158682764801913
0.02,10.0,0.05,16,uniform,-459.68452419216095,75.65270049789514,-472.11374038900533,12.429216196844383,-0.15719213973563462,0.3327434698875419,-0.05230465801468241,0.3730000670726998,0.012048060829524532
0.02,10.0,0.05,16,kmeans,-460.13188176253567,75.51744631480261,-472.56109795938005,12.429216196844383,-0.14520547906709616,0.47937817385993037,-0.06960833738964091,0.39030374644765825,0.158682764801913
0.02,10.0,0.05,32,uniform,-459.68452419216095,75.65270049789514,-472.11374038900533,12.429216196844383,-0.15719213973563462,0.3327434698875419,-0.05230465801468241,0.3730000670726998,0.012048060829524532
0.02,10.0,0.05,32,kmeans,-460.13188176253567,75.51744631480261,-472.56109795938005,12.429216196844383,-0.14520547906709616,0.47937817385993037,-0.06960833738964091,0.39030374644765825,0.158682764801913
0.02,10.0,0.1,4,uniform,-420.60319221230077,88.45363043170835,-433.03240840914515,12.429216196844383,-0.133902221698428,0.09439495147877469,-0.012639693720123243,0.3333351027781406,0.22630045757924266
0.02,10.0,0.1,4,kmeans,-420.603055046252,88.45367896306159,-433.0322712430964,12.429216196844383,-0.1342847233942603,0.178318492944171,-0.02394544950108936,0.3446408585591067,0.14237691611384637
0.02,10.0,0.1,8,uniform,-460.77271003770414,75.32411933997255,-473.2019262345485,12.429216196844383,-0.15348892159524954,0.4142224528716041,-0.06357855759180159,0.38427396664981894,0.09352704381358673
0.02,10.0,0.1,8,kmeans,-461.37784862037995,75.14201370390393,-473.80706481722433,12.429216196844383,-0.14011353188013298,0.5645211722413525,-0.07909705526384878,0.3997924643218661,0.2438257631833351
0.02,10.0,0.1,16,uniform,-460.77271003770414,75.32411933997255,-473.2019262345485,12.429216196844383,-0.15348892159524954,0.4142224528716041,-0.06357855759180159,0.38427396664981894,0.09352704381358673
0.02,10.0,0.1,16,kmeans,-461.37784862037995,75.14201370390393,-473.80706481722433,12.429216196844383,-0.14011353188013298,0.5645211722413525,-0.07909705526384878,0.3997924643218661,0.2438257631833351
0.02,10.0,0.1,32,uniform,-460.77271003770414,75.32411933997255,-473.2019262345485,12.429216196844383,-0.15348892159524954,0.4142224528716041,-0.06357855759180159,0.38427396664981894,0.09352704381358673
0.02,10.0,0.1,32,kmeans,-461.37784862037995,75.14201370390393,-473.80706481722433,12.429216196844383,-0.14011353188013298,0.5645211722413525,-0.07909705526384878,0.3997924643218661,0.2438257631833351
0.02,10.0,0.2,4,uniform,-422.40548718916193,87.81824535099955,-434.8347033860063,12.429216196844383,-0.14071940556848075,0.19453208507738054,-0.027374439376086114,0.3480698484341035,0.12616332398063682
0.02,10.0,0.2,4,kmeans,-422.45304014673127,87.80154287037458,-434.88225634357565,12.429216196844383,-0.13380893556489654,0.2761894991583231,-0.0369566228965771,0.35765203195459444,0.044505909899694274
0.02,10.0,0.2,8,uniform,-445.15141564200684,80.18091917645614,-457.5806318388512,12.429216196844383,-0.14298305477715947,0.5806982267717149,-0.08303000636749948,0.4037254154255168,0.26000281771369754
0.02,10.0,0.2,8,kmeans,-447.1991784827317,79.52683562219663,-459.6283946795761,12.429216196844383,-0.11854127992815224,0.6036927941541594,-0.0715625165024366,0.39225792556045397,0.2829973850961421
0.02,10.0,0.2,16,uniform,-445.15141564200684,80.18091917645614,-457.5806318388512,12.429216196844383,-0.14298305477715947,0.5806982267717149,-0.08303000636749948,0.4037254154255168,0.26000281771369754
0.02,10.0,0.2,16,kmeans,-447.1991784827317,79.52683562219663,-459.6283946795761,12.429216196844383,-0.11854127992815224,0.6036927941541594,-0.0715625165024366,0.39225792556045397,0.2829973850961421
0.02,10.0,0.2,32,uniform,-445.15141564200684,80.18091917645614,-457.5806318388512,12.429216196844383,-0.14298305477715947,0.5806982267717149,-0.08303000636749948,0.4037254154255168,0.26000281771369754
0.02,10.0,0.2,32,kmeans,-447.1991784827317,79.52683562219663,-459.6283946795761,12.429216196844383,-0.11854127992815224,0.6036927941541594,-0.0715625165024366,0.39225792556045397,0.2829973850961421
0.02,10.0,0.5,4,uniform,-421.4150593300319,88.16684596952732,-433.8442755268763,12.429216196844383,0.08417523062728671,0.06474085049198833,0.005449576021169806,0.31524583303684756,0.255954558566029
0.02,10.0,0.5,4,kmeans,-426.59180430715315,86.35994911271361,-439.02102050399753,12.429216196844383,0.15009540336858945,0.14304930626073126,0.021471043324801348,0.299224365733216,0.1776461027972861
0.02,10.0,0.5,8,uniform,-378.38363596891867,104.72697124898191,-390.81285216576305,12.429216196844383,-0.0673320455281825,0.4717762199945406,-0.03176565792378625,0.35246106698180363,0.15108081093652326
0.02,10.0,0.5,8,kmeans,-408.86326317602555,92.70646218960196,-421.29247937286993,12.429216196844383,0.0442585222427061,0.10989326078203246,0.0048637133266450855,0.31583169573137226,0.2108021482759849
0.02,10.0,0.5,16,uniform,-378.38363596891867,104.72697124898191,-390.81285216576305,12.429216196844383,-0.0673320455281825,0.4717762199945406,-0.03176565792378625,0.35246106698180363,0.15108081093652326
0.02,10.0,0.5,16,kmeans,-408.86326317602555,92.70646218960196,-421.29247937286993,12.429216196844383,0.0442585222427061,0.10989326078203246,0.0048637133266450855,0.31583169573137226,0.2108021482759849
0.02,10.0,0.5,32,uniform,-378.38363596891867,104.72697124898191,-390.81285216576305,12.429216196844383,-0.0673320455281825,0.4717762199945406,-0.03176565792378625,0.35246106698180363,0.15108081093652326
0.02,10.0,0.5,32,kmeans,-408.86326317602555,92.70646218960196,-421.29247937286993,12.429216196844383,0.0442585222427061,0.10989326078203246,0.0048637133266450855,0.31583169573137226,0.2108021482759849
0.02,50.0,0.02,4,uniform,-414.50907870513095,90.63631121641245,-426.9382949019753,12.429216196844383,-0.1344098957067791,0.022778742787354193,0.003061688442379824,0.31763372061563755,0.29791666627066316
0.02,50.0,0.02,4,kmeans,-414.5999885821079,90.60335826466364,-427.0292047789523,12.429216196844383,-0.11001997913629653,0.013829554860784458,0.0015215273372477744,0.3191738817207696,0.3068658541972329
0.02,50.0,0.02,8,uniform,-445.912287059187,79.93726067169996,-458.3415032560314,12.429216196844383,-0.1549763000546754,0.08253787661215645,-0.012791414731721332,0.3334868237897387,0.2381575324458609
0.02,50.0,0.02,8,kmeans,-445.92467362489754,79.93330017728647,-458.3538898217419,12.429216196844383,-0.15280655432915205,0.2095865399883271,-0.032026197009385304,0.35272160606740266,0.11110886906969025
0.02,50.0,0.02,16,uniform,-445.912287059187,79.93726067169996,-458.3415032560314,12.429216196844383,-0.1549763000546754,0.08253787661215645,-0.012791414731721332,0.3334868237897387,0.2381575324458609
0.02,50.0,0.02,16,kmeans,-445.92467362489754,79.93330017728647,-458.3538898217419,12.429216196844383,-0.15280655432915205,0.2095865399883271,-0.032026197009385304,0.35272160606740266,0.11110886906969025
0.02,50.0,0.02,32,uniform,-445.912287059187,79.93726067169996,-458.3415032560314,12.429216196844383,-0.1549763000546754,0.08253787661215645,-0.012791414731721332,0.3334868237897387,0.2381575324458609
0.02,50.0,0.02,32,kmeans,-445.92467362489754,79.93330017728647,-458.3538898217419,12.429216196844383,-0.15280655432915205,0.2095865399883271,-0.032026197009385304,0.35272160606740266,0.11110886906969025
0.02,50.0,0.05,4,uniform,-413.9265127085425,90.84776402304254,-426.35572890538685,12.429216196844383,-0.09619904894794554,0.06728139471661304,0.006472406183629502,0.31422300287438787,0.2534140143414043
0.02,50.0,0.05,4,kmeans,-414.1857834614309,90.75359618870682,-426.6149996582753,12.429216196844383,-0.11187290636285467,0.00527011785240229,-0.0005895834010230101,0.32128499245904035,0.3154252912056151
0.02,50.0,0.05,8,uniform,-451.56126295748084,78.1512601735183,-463.9904791543252,12.429216196844383,-0.15811634763473265,0.13092682883605128,-0.020701671982954223,0.34139708104097155,0.18976858022196608
0.02,50.0,0.05,8,kmeans,-451.58130640958217,78.14499474052364,-464.01052260642655,12.429216196844383,-0.155718758430756,0.273110469445686,-0.04252842321652315,0.3632238322745405,0.047584939612331345
0.02,50.0,0.05,16,uniform,-451.56126295748084,78.1512601735183,-463.9904791543252,12.429216196844383,-0.15811634763473265,0.13092682883605128,-0.020701671982954223,0.34139708104097155,0.18976858022196608
0.02,50.0,0.05,16,kmeans,-451.58130640958217,78.14499474052364,-464.01052260642655,12.429216196844383,-0.155718758430756,0.273110469445686,-0.04252842321652315,0.3632238322745405,0.047584939612331345
0.02,50.0,0.05,32,uniform,-451.56126295748084,78.1512601735183,-463.9904791543252,12.429216196844383,-0.15811634763473265,0.13092682883605128,-0.020701671982954223,0.34139708104097155,0.18976858022196608
0.02,50.0,0.05,32,kmeans,-451.58130640958217,78.14499474052364,-464.01052260642655,12.429216196844383,-0.155718758430756,0.273110469445686,-0.04252842321652315,0.3632238322745405,0.047584939612331345
0.02,50.0,0.1,4,uniform,-417.0820223049926,89.70828645112942,-429.511238501837,12.429216196844383,-0.10963791816338932,0.019606322127910254,0.0021495963409448736,0.3185458127170725,0.3010890869301071
0.02,50.0,0.1,4,kmeans,-417.29702887545375,89.63116813372501,-429.7262450722981,12.429216196844383,-0.1255578699251498,0.07211496921185778,-0.009054601923958622,0.329750010981976,0.24858043984615957
0.02,50.0,0.1,8,uniform,-456.49538754265905,76.62394941725005,-468.9246037395034,12.429216196844383,-0.16032071952899243,0.20783518527500622,-0.03332028644673045,0.3540156955047478,0.11286022378301114
0.02,50.0,0.1,8,kmeans,-456.66000415987907,76.57351172343276,-469.08922035672344,12.429216196844383,-0.15283543272492398,0.362127989917806,-0.055345988040894786,0.37604139709891216,0.041432580859788626
0.02,50.0,0.1,16,uniform,-456.49538754265905,76.62394941725005,-468.9246037395034,12.429216196844383,-0.16032071952899243,0.20783518527500622,-0.03332028644673045,0.3540156955047478,0.11286022378301114
0.02,50.0,0.1,16,kmeans,-456.66000415987907,76.57351172343276,-469.08922035672344,12.429216196844383,-0.15283543272492398,0.362127989917806,-0.055345988040894786,0.37604139709891216,0.041432580859788626
0.02,50.0,0.1,32,uniform,-456.49538754265905,76.62394941725005,-468.9246037395034,12.429216196844383,-0.16032071952899243,0.20783518527500622,-0.03332028644673045,0.3540156955047478,0.11286022378301114
0.02,50.0,0.1,32,kmeans,-456.66000415987907,76.57351172343276,-469.08922035672344,12.429216196844383,-0.15283543272492398,0.362127989917806,-0.055345988040894786,0.37604139709891216,0.041432580859788626
0.02,50.0,0.2,4,uniform,-420.2043324811476,88.59486543267363,-432.633548677992,12.429216196844383,-0.1290458557359167,0.08949939856884986,-0.01154952647616711,0.33224493553418444,0.2311960104891675
0.02,50.0,0.2,4,kmeans,-420.20739836519726,88.59377895299642,-432.63661456204164,12.429216196844383,-0.12999501732687369,0.1749625775579028,-0.022744263301194053,0.3434396723592114,0.14573283150011457
0.02,50.0,0.2,8,uniform,-461.05169305301587,75.24010962350152,-473.48090924986025,12.429216196844383,-0.15620285533066225,0.37870779724405507,-0.059155239265506906,0.3798506483235243,0.05801238818603771
0.02,50.0,0.2,8,kmeans,-461.54372671001846,75.09217258609179,-473.97294290686284,12.429216196844383,-0.1437690270909714,0.5304923437084881,-0.07626836813417853,0.3969637771921959,0.20979693465047072
0.02,50.0,0.2,16,uniform,-461.05169305301587,75.24010962350152,-473.48090924986025,12.429216196844383,-0.15620285533066225,0.37870779724405507,-0.059155239265506906,0.3798506483235243,0.05801238818603771
0.02,50.0,0.2,16,kmeans,-461.54372671001846,75.09217258609179,-473.97294290686284,12.429216196844383,-0.1437690270909714,0.5304923437084881,-0.07626836813417853,0.3969637771921959,0.20979693465047072
0.02,50.0,0.2,32,uniform,-461.05169305301587,75.24010962350152,-473.48090924986025,12.429216196844383,-0.15620285533066225,0.37870779724405507,-0.059155239265506906,0.3798506483235243,0.05801238818603771
0.02,50.0,0.2,32,kmeans,-461.54372671001846,75.09217258609179,-473.97294290686284,12.429216196844383,-0.1437690270909714,0.5304923437084881,-0.07626836813417853,0.3969637771921959,0.20979693465047072
0.02,50.0,0.5,4,uniform,-376.5208981372346,105.51020109456377,-388.950114334079,12.429216196844383,-0.08728469120404714,0.23448591089437065,-0.020467030324114854,0.3411624393821322,0.0862094981636467
0.02,50.0,0.5,4,kmeans,-419.71009149111603,88.77018753432324,-432.1393076879604,12.429216196844383,0.12843738494531534,0.1792272865292466,0.023019483992661176,0.2976759250653562,0.14146812252877075
0.02,50.0,0.5,8,uniform,-413.2257727034526,91.10276388379474,-425.654988900297,12.429216196844383,-0.06762545654953377,0.28268988056719413,-0.019117032235289676,0.339812441293307,0.038005528490823226
0.02,50.0,0.5,8,kmeans,-413.43674355232304,91.02591620387132,-425.8659597491674,12.429216196844383,-0.0593074079939298,0.4013623834744335,-0.023803762630134333,0.3444991716881517,0.08066697441641613
0.02,50.0,0.5,16,uniform,-413.2257727034526,91.10276388379474,-425.654988900297,12.429216196844383,-0.06762545654953377,0.28268988056719413,-0.019117032235289676,0.339812441293307,0.038005528490823226
0.02,50.0,0.5,16,kmeans,-413.43674355232304,91.02591620387132,-425.8659597491674,12.429216196844383,-0.0593074079939298,0.4013623834744335,-0.023803762630134333,0.3444991716881517,0.08066697441641613
0.02,50.0,0.5,32,uniform,-413.2257727034526,91.10276388379474,-425.654988900297,12.429216196844383,-0.06762545654953377,0.28268988056719413,-0.019117032235289676,0.339812441293307,0.038005528490823226
0.02,50.0,0.5,32,kmeans,-413.43674355232304,91.02591620387132,-425.8659597491674,12.429216196844383,-0.0593074079939298,0.4013623834744335,-0.023803762630134333,0.3444991716881517,0.08066697441641613
0.05,0.5,0.02,4,uniform,-459.7257726549993,75.64021929716365,-472.15498885184365,12.429216196844383,0.33414441571264925,0.16047662796271775,0.05362236908613851,0.26707303997187887,0.1602187810952996
0.05,0.5,0.02,4,kmeans,-462.2550239786669,74.87882480836667,-474.68424017551126,12.429216196844383,0.4122508895491899,0.15842810953123598,0.06531212908384854,0.2553832799741688,0.16226729952678137
0.05,0.5,0.02,8,uniform,-451.65460512085787,78.12208638936433,-464.08382131770225,12.429216196844383,0.2859080220019772,0.1653172792841006,0.047265536322865634,0.27342987273515174,0.15537812977391677
0.05,0.5,0.02,8,kmeans,-453.2457085208399,77.62646396629728,-465.6749247176843,12.429216196844383,0.3444033119661866,0.16492744101698936,0.05680155692035903,0.2638938521376583,0.155767968041028
0.05,0.5,0.02,16,uniform,-451.65460512085787,78.12208638936433,-464.08382131770225,12.429216196844383,0.2859080220019772,0.1653172792841006,0.047265536322865634,0.27342987273515174,0.15537812977391677
0.05,0.5,0.02,16,kmeans,-453.2457085208399,77.62646396629728,-465.6749247176843,12.429216196844383,0.3444033119661866,0.16492744101698936,0.05680155692035903,0.2638938521376583,0.155767968041028
0.05,0.5,0.02,32,uniform,-451.65460512085787,78.12208638936433,-464.08382131770225,12.429216196844383,0.2859080220019772,0.1653172792841006,0.047265536322865634,0.27342987273515174,0.15537812977391677
0.05,0.5,0.02,32,kmeans,-453.2457085208399,77.62646396629728,-465.6749247176843,12.429216196844383,0.3444033119661866,0.16492744101698936,0.05680155692035903,0.2638938521376583,0.155767968041028
0.05,0.5,0.05,4,uniform,-462.62069227098095,74.76938161969312,-475.04990846782533,12.429216196844383,0.3522137374034662,0.15990665646033483,0.05632132110758665,0.2643740879504307,0.16078875259768252
0.05,0.5,0.05,4,kmeans,-465.31025877216376,73.96930416301683,-477.73947496900814,12.429216196844383,0.4349356462911911,0.15744588462928927,0.06847882758712824,0.2522165814708891,0.1632495244287281
0.05,0.5,0.05,8,uniform,-454.3774744912789,77.27583825631763,-466.8066906881233,12.429216196844383,0.3012161085244883,0.16511582078802053,0.04973554499359436,0.270959864064423,0.15557958826999682
0.05,0.5,0.05,8,kmeans,-456.1046233177206,76.74381066064235,-468.533839514565,12.429216196844383,0.3636273273186451,0.16452187934222384,0.059824651270653464,0.2608707577873639,0.1561735297157935
0.05,0.5,0.05,16,uniform,-454.3774744912789,77.27583825631763,-466.8066906881233,12.429216196844383,0.3012161085244883,0.16511582078802053,0.04973554499359436,0.270959864064423,0.15557958826999682
0.05,0.5,0.05,16,kmeans,-456.1046233177206,76.74381066064235,-468.533839514565,12.429216196844383,0.3636273273186451,0.16452187934222384,0.059824651270653464,0.2608707577873639,0.1561735297157935
0.05,0.5,0.05,32,uniform,-454.3774744912789,77.27583825631763,-466.8066906881233,12.429216196844383,0.3012161085244883,0.16511582078802053,0.04973554499359436,0.270959864064423,0.15557958826999682
0.05,0.5,0.05,32,kmeans,-456.1046233177206,76.74381066064235,-468.533839514565,12.429216196844383,0.3636273273186451,0.16452187934222384,0.059824651270653464,0.2608707577873639,0.1561735297157935
0.05,0.5,0.1,4,uniform,-467.9257953064583,73.19946062302074,-480.3550115033027,12.429216196844383,0.3853042946788016,0.15885815840521827,0.06120873067829597,0.2594866783797214,0.16183725065279908
0.05,0.5,0.1,4,kmeans,-470.92343641319866,72.32699888181259,-483.35265261004304,12.429216196844383,0.47666862447505187,0.15570560151246582,0.07421997489600764,0.24647543416200973,0.16498980754555154
0.05,0.5,0.1,8,uniform,-459.36953027360784,75.74808113623529,-471.7987464704522,12.429216196844383,0.3292283624646289,0.164714489409018,0.05422868162232845,0.2664667274356889,0.15598091964899935
0.05,0.5,0.1,8,kmeans,-461.3541203877525,75.14914599109682,-473.7833365845969,12.429216196844383,0.3988567427529087,0.16373236693913534,0.06530575856056756,0.25538965049744977,0.156963042118882
0.05,0.5,0.1,16,uniform,-459.36953027360784,75.74808113623529,-471.7987464704522,12.429216196844383,0.3292283624646289,0.164714489409018,0.05422868162232845,0.2664667274356889,0.15598091964899935
0.05,0.5,0.1,16,kmeans,-461.3541203877525,75.14914599109682,-473.7833365845969,12.429216196844383,0.3988567427529087,0.16373236693913534,0.06530575856056756,0.25538965049744977,0.156963042118882
0.05,0.5,0.1,32,uniform,-459.36953027360784,75.74808113623529,-471.7987464704522,12.429216196844383,0.3292283624646289,0.164714489409018,0.05422868162232845,0.2664667274356889,0.15598091964899935
0.05,0.5,0.1,32,kmeans,-461.3541203877525,75.14914599109682,-473.7833365845969,12.429216196844383,0.3988567427529087,0.16373236693913534,0.06530575856056756,0.25538965049744977,0.156963042118882
0.05,0.5,0.2,4,uniform,-480.27058198842303,69.67272391559334,-492.6997981852674,12.429216196844383,0.46371760268622797,0.15616443167408986,0.0724161958807662,0.24827921317725116,0.1645309773839275
0.05,0.5,0.2,4,kmeans,-484.04365812694374,68.62909712333087,-496.4728743237881,12.429216196844383,0.5761439142085107,0.15149071896339955,0.08728045578983448,0.23341495326818287,0.1692046900946178
0.05,0.5,0.2,8,uniform,-471.01873510207685,72.29943346338693,-483.4479512989212,12.429216196844383,0.3955930862892224,0.16343794519943464,0.06465492115821315,0.2560404878998042,0.15725746385858272
0.05,0.5,0.2,8,kmeans,-473.6275776049059,71.54888505975784,-486.0567938017503,12.429216196844383,0.4821920829629328,0.16140977005822824,0.0778305132349451,0.24286489582307225,0.15928563899978912
0.05,0.5,0.2,16,uniform,-471.01873510207685,72.29943346338693,-483.4479512989212,12.429216196844383,0.3955930862892224,0.16343794519943464,0.06465492115821315,0.2560404878998042,0.15725746385858272
0.05,0.5,0.2,16,kmeans,-473.6275776049059,71.54888505975784,-486.0567938017503,12.429216196844383,0.4821920829629328,0.16140977005822824,0.0778305132349451,0.24286489582307225,0.15928563899978912
0.05,0.5,0.2,32,uniform,-471.01873510207685,72.29943346338693,-483.4479512989212,12.429216196844383,0.3955930862892224,0.16343794519943464,0.06465492115821315,0.2560404878998042,0.15725746385858272
0.05,0.5,0.2,32,kmeans,-473.6275776049059,71.54888505975784,-486.0567938017503,12.429216196844383,0.4821920829629328,0.16140977005822824,0.0778305132349451,0.24286489582307225,0.15928563899978912
0.05,0.5,0.5,4,uniform,-527.968924541796,57.57080234551057,-540.3981407386404,12.429216196844383,0.8312393944867003,0.1395495311105896,0.11599906774126943,0.2046963413167479,0.18114587794742776
0.05,0.5,0.5,4,kmeans,-535.4187911485285,55.88053279839035,-547.8480073453729,12.429216196844383,1.0471841673476183,0.12807169251863337,0.1341146486909253,0.18658076036709206,0.19262371653938398
0.05,0.5,0.5,8,uniform,-518.5707782714504,59.77623180784842,-530.9999944682949,12.429216196844383,0.7067100056090949,0.15194354891882106,0.10738002630868582,0.21331538274933154,0.1687518601391963
0.05,0.5,0.5,8,kmeans,-524.068902365477,58.47595383409254,-536.4981185623215,12.429216196844383,0.8713619253480801,0.14384685472818468,0.12534267229121657,0.1953527367668008,0.17684855432983268
0.05,0.5,0.5,16,uniform,-518.5707782714504,59.77623180784842,-530.9999944682949,12.429216196844383,0.7067100056090949,0.15194354891882106,0.10738002630868582,0.21331538274933154,0.1687518601391963
0.05,0.5,0.5,16,kmeans,-524.068902365477,58.47595383409254,-536.4981185623215,12.429216196844383,0.8713619253480801,0.14384685472818468,0.12534267229121657,0.1953527367668008,0.17684855432983268
0.05,0.5,0.5,32,uniform,-518.5707782714504,59.77623180784842,-530.9999944682949,12.429216196844383,0.7067100056090949,0.15194354891882106,0.10738002630868582,0.21331538274933154,0.1687518601391963
0.05,0.5,0.5,32,kmeans,-524.068902365477,58.47595383409254,-536.4981185623215,12.429216196844383,0.8713619253480801,0.14384685472818468,0.12534267229121657,0.1953527367668008,0.17684855432983268
0.05,1.0,0.02,4,uniform,-439.26774458055644,82.09033237867652,-451.6969607774008,12.429216196844383,0.1412304447122098,0.16572563822389827,0.023405505586575948,0.2972899034714414,0.15496977083411909
0.05,1.0,0.02,4,kmeans,-444.10601823581794,80.51690486374353,-456.5352344326623,12.429216196844383,0.20932854880966617,0.2440866708878445,0.05109430860073508,0.26960110045728225,0.07660873817017286
0.05,1.0,0.02,8,uniform,-451.47097071161966,78.17949108246776,-463.90018690846404,12.429216196844383,0.14212452318353597,0.31751874375638556,0.045127200058211636,0.2755682089998057,0.003176665301631798
0.05,1.0,0.02,8,kmeans,-453.18860812359685,77.64419599894873,-465.61782432044123,12.429216196844383,0.1725821932829253,0.32894922676230043,0.056770779033360155,0.2639246300246572,0.008253817704283073
0.05,1.0,0.02,16,uniform,-451.47097071161966,78.17949108246776,-463.90018690846404,12.429216196844383,0.14212452318353597,0.31751874375638556,0.045127200058211636,0.2755682089998057,0.003176665301631798
0.05,1.0,0.02,16,kmeans,-453.18860812359685,77.64419599894873,-465.61782432044123,12.429216196844383,0.1725821932829253,0.32894922676230043,0.056770779033360155,0.2639246300246572,0.008253817704283073
0.05,1.0,0.02,32,uniform,-451.47097071161966,78.17949108246776,-463.90018690846404,12.429216196844383,0.14212452318353597,0.31751874375638556,0.045127200058211636,0.2755682089998057,0.003176665301631798
0.05,1.0,0.02,32,kmeans,-453.18860812359685,77.64419599894873,-465.61782432044123,12.429216196844383,0.1725821932829253,0.32894922676230043,0.056770779033360155,0.2639246300246572,0.008253817704283073
0.05,1.0,0.05,4,uniform,-445.46443727660585,80.08058855133855,-457.89365347345023,12.429216196844383,0.15942763831125553,0.18334335644931604,0.029229998318773157,0.2914654107392442,0.1373520526087013
0.05,1.0,0.05,4,kmeans,-449.94144139147716,78.65926854869281,-462.37065758832154,12.429216196844383,0.22461445035347177,0.2548292063787656,0.057238322124777856,0.2634570869332395,0.06586620267925175
0.05,1.0,0.05,8,uniform,-454.3497938462268,77.28439491021585,-466.7790100430712,12.429216196844383,0.15060607730961745,0.3227927906645148,0.04861455598580707,0.2720808530722103,0.002097381606497417
0.05,1.0,0.05,8,kmeans,-456.1188090078036,76.73945612853232,-468.54802520464796,12.429216196844383,0.18222929728729553,0.3283732496610601,0.05983922653368064,0.26085618252433673,0.007677840603042718
0.05,1.0,0.05,16,uniform,-454.3497938462268,77.28439491021585,-466.7790100430712,12.429216196844383,0.15060607730961745,0.3227927906645148,0.04861455598580707,0.2720808530722103,0.002097381606497417
0.05,1.0,0.05,16,kmeans,-456.1188090078036,76.73945612853232,-468.54802520464796,12.429216196844383,0.18222929728729553,0.3283732496610601,0.05983922653368064,0.26085618252433673,0.007677840603042718
0.05,1.0,0.05,32,uniform,-454.3497938462268,77.28439491021585,-466.7790100430712,12.429216196844383,0.15060607730961745,0.3227927906645148,0.04861455598580707,0.2720808530722103,0.002097381606497417
0.05,1.0,0.05,32,kmeans,-456.1188090078036,76.73945612853232,-468.54802520464796,12.429216196844383,0.18222929728729553,0.3283732496610601,0.05983922653368064,0.26085618252433673,0.007677840603042718
0.05,1.0,0.1,4,uniform,-456.0568232909379,76.75848548833201,-468.4860394877823,12.429216196844383,0.18873864864635967,0.20951253597720426,0.039543112914809345,0.281152296143208,0.1111828730808131
0.05,1.0,0.1,4,kmeans,-460.07084996599895,75.53588442700722,-472.5000661628433,12.429216196844383,0.2502240855688097,0.2694811445027915,0.06743067296124727,0.2532647360967701,0.051214264555225875
0.05,1.0,0.1,8,uniform,-459.42278631431975,75.731946683239,-471.85200251116413,12.429216196844383,0.16525233863393485,0.32708279494884973,0.05405119679222119,0.26664421226579615,0.0063873858908323755
0.05,1.0,0.1,8,kmeans,-461.3825123727956,75.14061194198719,-473.81172856963997,12.429216196844383,0.19988410809790952,0.3268293608122107,0.0653279952861586,0.2553674137718588,0.006133951754193345
0.05,1.0,0.1,16,uniform,-459.42278631431975,75.731946683239,-471.85200251116413,12.429216196844383,0.16525233863393485,0.32708279494884973,0.05405119679222119,0.26664421226579615,0.0063873858908323755
0.05,1.0,0.1,16,kmeans,-461.3825123727956,75.14061194198719,-473.81172856963997,12.429216196844383,0.19988410809790952,0.3268293608122107,0.0653279952861586,0.2553674137718588,0.006133951754193345
0.05,1.0,0.1,32,uniform,-459.42278631431975,75.731946683239,-471.85200251116413,12.429216196844383,0.16525233863393485,0.32708279494884973,0.05405119679222119,0.26664421226579615,0.0063873858908323755
0.05,1.0,0.1,32,kmeans,-461.3825123727956,75.14061194198719,-473.81172856963997,12.429216196844383,0.19988410809790952,0.3268293608122107,0.0653279952861586,0.2553674137718588,0.006133951754193345
0.05,1.0,0.2,4,uniform,-477.0869767259028,70.56563902952364,-489.51619292274717,12.429216196844383,0.24433815193711636,0.24892211654672203,0.060821169933301555,0.2598742391247158,0.07177329251129533
0.05,1.0,0.2,4,kmeans,-480.73308665735635,69.54394723152356,-493.16230285420073,12.429216196844383,0.30379910168704366,0.2855097584257419,0.08673760813262522,0.23395780092539215,0.03518565063227547
0.05,1.0,0.2,8,uniform,-471.09088162436746,72.27857186296355,-483.52009782121183,12.429216196844383,0.19867834111903432,0.3258425064484987,0.06473784864725597,0.2559575604107614,0.005147097390481359
0.05,1.0,0.2,8,kmeans,-473.6539076347694,71.54134991944439,-486.08312383161376,12.429216196844383,0.2416442553235025,0.3221658696364906,0.07784953165895835,0.242845877399059,0.0014704605784732205
0.05,1.0,0.2,16,uniform,-471.09088162436746,72.27857186296355,-483.52009782121183,12.429216196844383,0.19867834111903432,0.3258425064484987,0.06473784864725597,0.2559575604107614,0.005147097390481359
0.05,1.0,0.2,16,kmeans,-473.6539076347694,71.54134991944439,-486.08312383161376,12.429216196844383,0.2416442553235025,0.3221658696364906,0.07784953165895835,0.242845877399059,0.0014704605784732205
0.05,1.0,0.2,32,uniform,-471.09088162436746,72.27857186296355,-483.52009782121183,12.429216196844383,0.19867834111903432,0.3258425064484987,0.06473784864725597,0.2559575604107614,0.005147097390481359
0.05,1.0,0.2,32,kmeans,-473.6539076347694,71.54134991944439,-486.08312383161376,12.429216196844383,0.2416442553235025,0.3221658696364906,0.07784953165895835,0.242845877399059,0.0014704605784732205
0.05,1.0,0.5,4,uniform,-531.2688281718391,56.81588322834996,-543.6980443686836,12.429216196844383,0.4343536335563352,0.2719484257859941,0.1181217868800719,0.20257362217794544,0.04874698327202326
0.05,1.0,0.5,4,kmeans,-538.2523630766854,55.25074261588484,-550.6815792735298,12.429216196844383,0.5404006448584058,0.2516832347328898,0.13600978234970315,0.1846856267083142,0.06901217432512757
0.05,1.0,0.5,8,uniform,-518.6738041304448,59.75160289250928,-531.1030203272892,12.429216196844383,0.35491399074132607,0.3026696058781276,0.10742167769831058,0.2132737313597068,0.018025803179889777
0.05,1.0,0.5,8,kmeans,-524.082503309042,58.47277260803664,-536.5117195058864,12.429216196844383,0.43667651649035055,0.2870514763188346,0.12534863873232105,0.1953467703256963,0.03364393273918276
0.05,1.0,0.5,16,uniform,-518.6738041304448,59.75160289250928,-531.1030203272892,12.429216196844383,0.35491399074132607,0.3026696058781276,0.10742167769831058,0.2132737313597068,0.018025803179889777
0.05,1.0,0.5,16,kmeans,-524.082503309042,58.47277260803664,-536.5117195058864,12.429216196844383,0.43667651649035055,0.2870514763188346,0.12534863873232105,0.1953467703256963,0.03364393273918276
0.05,1.0,0.5,32,uniform,-518.6738041304448,59.75160289250928,-531.1030203272892,12.429216196844383,0.35491399074132607,0.3026696058781276,0.10742167769831058,0.2132737313597068,0.018025803179889777
0.05,1.0,0.5,32,kmeans,-524.082503309042,58.47277260803664,-536.5117195058864,12.429216196844383,0.43667651649035055,0.2870514763188346,0.12534863873232105,0.1953467703256963,0.03364393273918276
0.05,5.0,0.02,4,uniform,-421.35566587939235,88.18779459070723,-433.7848820762367,12.429216196844383,-0.14260785881090202,0.10208262175788729,-0.014557784110695506,0.3352531931687129,0.21861278730013006
0.05,5.0,0.02,4,kmeans,-421.3731144468566,88.1816398027604,-433.802330643701,12.429216196844383,-0.13826020753208343,0.17933842611358722,-0.024795368012941778,0.34549077707095915,0.14135698294443014
0.05,5.0,0.02,8,uniform,-458.5316442555066,76.00238007757817,-470.96086045235097,12.429216196844383,-0.15120858514235494,0.465075394715008,-0.07032339241937861,0.391018801477396,0.14437998565699062
0.05,5.0,0.02,8,kmeans,-459.4649504874545,75.71917506063187,-471.89416668429885,12.429216196844383,-0.13495304945807074,0.6154229119640813,-0.08305319867591858,0.40374860773393595,0.2947275029060639
0.05,5.0,0.02,16,uniform,-458.5316442555066,76.00238007757817,-470.96086045235097,12.429216196844383,-0.15120858514235494,0.465075394715008,-0.07032339241937861,0.391018801477396,0.14437998565699062
0.05,5.0,0.02,16,kmeans,-459.4649504874545,75.71917506063187,-471.89416668429885,12.429216196844383,-0.13495304945807074,0.6154229119640813,-0.08305319867591858,0.40374860773393595,0.2947275029060639
0.05,5.0,0.02,32,uniform,-458.5316442555066,76.00238007757817,-470.96086045235097,12.429216196844383,-0.15120858514235494,0.465075394715008,-0.07032339241937861,0.391018801477396,0.14437998565699062
0.05,5.0,0.02,32,kmeans,-459.4649504874545,75.71917506063187,-471.89416668429885,12.429216196844383,-0.13495304945807074,0.6154229119640813,-0.08305319867591858,0.40374860773393595,0.2947275029060639
0.05,5.0,0.05,4,uniform,-422.22177232309866,87.88280313727513,-434.65098851994304,12.429216196844383,-0.14504393126297815,0.12801933562748186,-0.01856842771708461,0.33926383677510197,0.1926760734305355
0.05,5.0,0.05,4,kmeans,-422.2504293254226,87.87272988384964,-434.679645522267,12.429216196844383,-0.14027975733375606,0.21031069377312656,-0.029502333087188075,0.35019774214520544,0.1103847152848908
0.05,5.0,0.05,8,uniform,-457.35827670199916,76.35993341126255,-469.78749289884354,12.429216196844383,-0.14783437430569682,0.5116209697879875,-0.07563516595028096,0.3963305750082983,0.1909255607299702
0.05,5.0,0.05,8,kmeans,-458.3685087291674,76.051991015539,-470.79772492601177,12.429216196844383,-0.13121739002852098,0.6547905522902767,-0.0859199072868639,0.40661531634488124,0.33409514323225936
0.05,5.0,0.05,16,uniform,-457.35827670199916,76.35993341126255,-469.78749289884354,12.429216196844383,-0.14783437430569682,0.5116209697879875,-0.07563516595028096,0.3963305750082983,0.1909255607299702
0.05,5.0,0.05,16,kmeans,-458.3685087291674,76.051991015539,-470.79772492601177,12.429216196844383,-0.13121739002852098,0.6547905522902767,-0.0859199072868639,0.40661531634488124,0.33409514323225936
0.05,5.0,0.05,32,uniform,-457.35827670199916,76.35993341126255,-469.78749289884354,12.429216196844383,-0.14783437430569682,0.5116209697879875,-0.07563516595028096,0.3963305750082983,0.1909255607299702
0.05,5.0,0.05,32,kmeans,-458.3685087291674,76.051991015539,-470.79772492601177,12.429216196844383,-0.13121739002852098,0.6547905522902767,-0.0859199072868639,0.40661531634488124,0.33409514323225936
0.05,5.0,0.1,4,uniform,-422.62762044946487,87.7402505939742,-435.05683664630925,12.429216196844383,-0.14886817906400063,0.1751242832412781,-0.026070433156017352,0.3467658422140347,0.14557112581673926
0.05,5.0,0.1,4,kmeans,-422.73834735793463,87.70139837179545,-435.167563554779,12.429216196844383,-0.13960938700279796,0.25509859282398123,-0.03561415816943237,0.3563095672274497,0.06559681623403613
0.05,5.0,0.1,8,uniform,-448.5247981913091,79.10626228556829,-460.9540143881535,12.429216196844383,-0.1417063288191422,0.590456332197035,-0.08367139916365769,0.40436680822167503,0.2697609231390176
0.05,5.0,0.1,8,kmeans,-450.11630705662003,78.60426856489465,-462.5455232534644,12.429216196844383,-0.1205035723298548,0.6521824888738729,-0.07859031972027747,0.3992857287782948,0.3314870798158555
0.05,5.0,0.1,16,uniform,-448.5247981913091,79.10626228556829,-460.9540143881535,12.429216196844383,-0.1417063288191422,0.590456332197035,-0.08367139916365769,0.40436680822167503,0.2697609231390176
0.05,5.0,0.1,16,kmeans,-450.11630705662003,78.60426856489465,-462.5455232534644,12.429216196844383,-0.1205035723298548,0.6521824888738729,-0.07859031972027747,0.3992857287782948,0.3314870798158555
0.05,5.0,0.1,32,uniform,-448.5247981913091,79.10626228556829,-460.9540143881535,12.429216196844383,-0.1417063288191422,0.590456332197035,-0.08367139916365769,0.40436680822167503,0.2697609231390176
0.05,5.0,0.1,32,kmeans,-450.11630705662003,78.60426856489465,-462.5455232534644,12.429216196844383,-0.1205035723298548,0.6521824888738729,-0.07859031972027747,0.3992857287782948,0.3314870798158555
0.05,5.0,0.2,4,uniform,-400.5414394019746,95.84434564269156,-412.970655598819,12.429216196844383,-0.14760465509238385,0.26027444896762486,-0.03841772026922653,0.3591131293272439,0.060420960090392495
0.05,5.0,0.2,4,kmeans,-407.2076181819507,93.32245563131127,-419.6368343787951,12.429216196844383,-0.06448591837289813,0.14617855258373655,-0.009426458209783233,0.3301218672678006,0.1745168564742808
0.05,5.0,0.2,8,uniform,-415.85516257654984,90.1496063765472,-428.2843787733942,12.429216196844383,-0.12481853267373354,0.6705614987440317,-0.08369850234072965,0.40439391139874703,0.34986608968601435
0.05,5.0,0.2,8,kmeans,-421.76157670440074,88.04472524709524,-434.1907929012451,12.429216196844383,-0.08079891431930783,0.450359937931204,-0.036388594037752145,0.3570840030957695,0.12966452887318664
0.05,5.0,0.2,16,uniform,-415.85516257654984,90.1496063765472,-428.2843787733942,12.429216196844383,-0.12481853267373354,0.6705614987440317,-0.08369850234072965,0.40439391139874703,0.34986608968601435
0.05,5.0,0.2,16,kmeans,-421.76157670440074,88.04472524709524,-434.1907929012451,12.429216196844383,-0.08079891431930783,0.450359937931204,-0.036388594037752145,0.3570840030957695,0.12966452887318664
0.05,5.0,0.2,32,uniform,-415.85516257654984,90.1496063765472,-428.2843787733942,12.429216196844383,-0.12481853267373354,0.6705614987440317,-0.08369850234072965,0.40439391139874703,0.34986608968601435
0.05,5.0,0.2,32,kmeans,-421.76157670440074,88.04472524709524,-434.1907929012451,12.429216196844383,-0.08079891431930783,0.450359937931204,-0.036388594037752145,0.3570840030957695,0.12966452887318664
0.05,5.0,0.5,4,uniform,-454.7236560438389,77.1689064304027,-467.1528722406833,12.429216196844383,0.1272933720153538,0.10651443903444636,0.013558582113018502,0.30713682694499883,0.214180970023571
0.05,5.0,0.5,4,kmeans,-474.41697727706116,71.32331870554748,-486.84619347390554,12.429216196844383,0.25221351519248875,0.36630314783970525,0.09238660454272594,0.2283088045152914,0.04560773878168789
0.05,5.0,0.5,8,uniform,-448.5280603347884,79.10523006839205,-460.9572765316328,12.429216196844383,0.08018994101025037,0.30218134826684795,0.02423190449191646,0.2964635045661009,0.018514060791169407
0.05,5.0,0.5,8,kmeans,-458.12503821483784,76.12609276233685,-470.5542544116822,12.429216196844383,0.13371451996979633,0.5779250991300198,0.07727697720866755,0.2434184318493498,0.2572296900720024
0.05,5.0,0.5,16,uniform,-448.5280603347884,79.10523006839205,-460.9572765316328,12.429216196844383,0.08018994101025037,0.30218134826684795,0.02423190449191646,0.2964635045661009,0.018514060791169407
0.05,5.0,0.5,16,kmeans,-458.12503821483784,76.12609276233685,-470.5542544116822,12.429216196844383,0.13371451996979633,0.5779250991300198,0.07727697720866755,0.2434184318493498,0.2572296900720024
0.05,5.0,0.5,32,uniform,-448.5280603347884,79.10523006839205,-460.9572765316328,12.429216196844383,0.08018994101025037,0.30218134826684795,0.02423190449191646,0.2964635045661009,0.018514060791169407
0.05,5.0,0.5,32,kmeans,-458.12503821483784,76.12609276233685,-470.5542544116822,12.429216196844383,0.13371451996979633,0.5779250991300198,0.07727697720866755,0.2434184318493498,0.2572296900720024
0.05,10.0,0.02,4,uniform,-418.6839558279077,89.13529734716798,-431.1131720247521,12.429216196844383,-0.1297705973433721,0.024870022784407596,-0.003227397712675848,0.3239228067706932,0.29582538627360977
0.05,10.0,0.02,4,kmeans,-418.6872181556492,89.13413420054398,-431.11643435249357,12.429216196844383,-0.13083269862202432,0.09747498947170968,-0.012752915920737186,0.33344832497875454,0.22322041958630767
0.05,10.0,0.02,8,uniform,-458.2201576585219,76.09713398539795,-470.64937385536626,12.429216196844383,-0.16273637249938142,0.28100126709765333,-0.045729126875201885,0.3664245359332192,0.03969414196036403
0.05,10.0,0.02,8,kmeans,-458.72082928692265,75.9448877830338,-471.15004548376703,12.429216196844383,-0.14958566834612033,0.4192451614790822,-0.06271306768072565,0.383408476738743,0.09854975242106484
0.05,10.0,0.02,16,uniform,-458.2201576585219,76.09713398539795,-470.64937385536626,12.429216196844383,-0.16273637249938142,0.28100126709765333,-0.045729126875201885,0.3664245359332192,0.03969414196036403
0.05,10.0,0.02,16,kmeans,-458.72082928692265,75.9448877830338,-471.15004548376703,12.429216196844383,-0.14958566834612033,0.4192451614790822,-0.06271306768072565,0.383408476738743,0.09854975242106484
0.05,10.0,0.02,32,uniform,-458.2201576585219,76.09713398539795,-470.64937385536626,12.429216196844383,-0.16273637249938142,0.28100126709765333,-0.045729126875201885,0.3664245359332192,0.03969414196036403
0.05,10.0,0.02,32,kmeans,-458.72082928692265,75.9448877830338,-471.15004548376703,12.429216196844383,-0.14958566834612033,0.4192451614790822,-0.06271306768072565,0.383408476738743,0.09854975242106484
0.05,10.0,0.05,4,uniform,-419.8097616522732,88.73480363264008,-432.2389778491176,12.429216196844383,-0.13226421471444866,0.04731223026077014,-0.006257714981829937,0.3269531240398473,0.2733831787972472
0.05,10.0,0.05,4,kmeans,-419.8153378736758,88.73282443506835,-432.24455407052017,12.429216196844383,-0.13521261759387918,0.13055857281286376,-0.017653166379348377,0.33834857543736574,0.1901368362451536
0.05,10.0,0.05,8,uniform,-459.65049484299647,75.66299884741348,-472.07971103984084,12.429216196844383,-0.1608443785306456,0.32434722386777604,-0.052169427651152615,0.37286483670917,0.00365181480975868
0.05,10.0,0.05,8,kmeans,-460.20173551197945,75.4963485553609,-472.63095170882383,12.429216196844383,-0.14734926679309282,0.4665271706723108,-0.06874243653762108,0.38943784559563843,0.14583176161429345
0.05,10.0,0.05,16,uniform,-459.65049484299647,75.66299884741348,-472.07971103984084,12.429216196844383,-0.1608443785306456,0.32434722386777604,-0.052169427651152615,0.37286483670917,0.00365181480975868
0.05,10.0,0.05,16,kmeans,-460.20173551197945,75.4963485553609,-472.63095170882383,12.429216196844383,-0.14734926679309282,0.4665271706723108,-0.06874243653762108,0.38943784559563843,0.14583176161429345
0.05,10.0,0.05,32,uniform,-459.65049484299647,75.66299884741348,-472.07971103984084,12.429216196844383,-0.1608443785306456,0.32434722386777604,-0.052169427651152615,0.37286483670917,0.00365181480975868
0.05,10.0,0.05,32,kmeans,-460.20173551197945,75.4963485553609,-472.63095170882383,12.429216196844383,-0.14734926679309282,0.4665271706723108,-0.06874243653762108,0.38943784559563843,0.14583176161429345
0.05,10.0,0.1,4,uniform,-422.03168221070734,87.94965115605217,-434.4608984075517,12.429216196844383,-0.14337694412907728,0.10381892009267048,-0.014885239505667953,0.3355806485636853,0.2168764889653469
0.05,10.0,0.1,4,kmeans,-422.0397146236809,87.94682540977165,-434.46893082052526,12.429216196844383,-0.14139532658660042,0.18721466412713858,-0.026471278576057466,0.3471666876340748,0.13348074493087878
0.05,10.0,0.1,8,uniform,-460.6428482915733,75.36325639055731,-473.07206448841765,12.429216196844383,-0.1569040290530001,0.39876466143008,-0.06256778202233503,0.3832631910803524,0.07806925237206264
0.05,10.0,0.1,8,kmeans,-461.3272770391338,75.1572154432083,-473.75649323597816,12.429216196844383,-0.142437039882494,0.5458605624702068,-0.07775076270684946,0.3984461717648668,0.2251651534121894
0.05,10.0,0.1,16,uniform,-460.6428482915733,75.36325639055731,-473.07206448841765,12.429216196844383,-0.1569040290530001,0.39876466143008,-0.06256778202233503,0.3832631910803524,0.07806925237206264
0.05,10.0,0.1,16,kmeans,-461.3272770391338,75.1572154432083,-473.75649323597816,12.429216196844383,-0.142437039882494,0.5458605624702068,-0.07775076270684946,0.3984461717648668,0.2251651534121894
0.05,10.0,0.1,32,uniform,-460.6428482915733,75.36325639055731,-473.07206448841765,12.429216196844383,-0.1569040290530001,0.39876466143008,-0.06256778202233503,0.3832631910803524,0.07806925237206264
0.05,10.0,0.1,32,kmeans,-461.3272770391338,75.1572154432083,-473.75649323597816,12.429216196844383,-0.142437039882494,0.5458605624702068,-0.07775076270684946,0.3984461717648668,0.2251651534121894
0.05,10.0,0.2,4,uniform,-422.7871823549867,87.68426845480492,-435.2163985518311,12.429216196844383,-0.14644428095690365,0.1918171323788668,-0.02809052202643835,0.3487859310844557,0.12887827667915056
0.05,10.0,0.2,4,kmeans,-422.87561852806164,87.65325609579277,-435.304834724906,12.429216196844383,-0.13732420265344322,0.26929850009292616,-0.03698120180102929,0.3576766108590467,0.05139690896509119
0.05,10.0,0.2,8,uniform,-449.666910309744,78.74569364909316,-462.0961265065884,12.429216196844383,-0.14620470011988967,0.5541821424588393,-0.08102403394999258,0.40171944300800994,0.233486733400822
0.05,10.0,0.2,8,kmeans,-451.31128650471845,78.22944315400139,-463.74050270156283,12.429216196844383,-0.1243949883414046,0.6237036618374311,-0.07758560974275859,0.39828101880077593,0.30300825277941373
0.05,10.0,0.2,16,uniform,-449.666910309744,78.74569364909316,-462.0961265065884,12.429216196844383,-0.14620470011988967,0.5541821424588393,-0.08102403394999258,0.40171944300800994,0.233486733400822
0.05,10.0,0.2,16,kmeans,-451.31128650471845,78.22944315400139,-463.74050270156283,12.429216196844383,-0.1243949883414046,0.6237036618374311,-0.07758560974275859,0.39828101880077593,0.30300825277941373
0.05,10.0,0.2,32,uniform,-449.666910309744,78.74569364909316,-462.0961265065884,12.429216196844383,-0.14620470011988967,0.5541821424588393,-0.08102403394999258,0.40171944300800994,0.233486733400822
0.05,10.0,0.2,32,kmeans,-451.31128650471845,78.22944315400139,-463.74050270156283,12.429216196844383,-0.1243949883414046,0.6237036618374311,-0.07758560974275859,0.39828101880077593,0.30300825277941373
0.05,10.0,0.5,4,uniform,-418.6328729371271,89.15351236269234,-431.0620891339715,12.429216196844383,0.07157538968858396,0.04657405867037628,0.0033335563987111545,0.3173618526593062,0.27412135038764107
0.05,10.0,0.5,4,kmeans,-424.8373136758615,86.96815167440451,-437.26652987270586,12.429216196844383,0.14585476187196236,0.1393210950561096,0.020320645143149896,0.30037476391486745,0.18137431400190776
0.05,10.0,0.5,8,uniform,-379.1838807315627,104.39227836621444,-391.61309692840706,12.429216196844383,-0.07014145531956695,0.4663952710638985,-0.03271364306658575,0.3534090521246031,0.14569986200588114
0.05,10.0,0.5,8,kmeans,-407.5844234208237,93.18190401834097,-420.0136396176681,12.429216196844383,0.03880205611906247,0.08474540789873146,0.003288296073119418,0.31740711298489793,0.23595000115928588
0.05,10.0,0.5,16,uniform,-379.1838807315627,104.39227836621444,-391.61309692840706,12.429216196844383,-0.07014145531956695,0.4663952710638985,-0.03271364306658575,0.3534090521246031,0.14569986200588114
0.05,10.0,0.5,16,kmeans,-407.5844234208237,93.18190401834097,-420.0136396176681,12.429216196844383,0.03880205611906247,0.08474540789873146,0.003288296073119418,0.31740711298489793,0.23595000115928588
0.05,10.0,0.5,32,uniform,-379.1838807315627,104.39227836621444,-391.61309692840706,12.429216196844383,-0.07014145531956695,0.4663952710638985,-0.03271364306658575,0.3534090521246031,0.14569986200588114
0.05,10.0,0.5,32,kmeans,-407.5844234208237,93.18190401834097,-420.0136396176681,12.429216196844383,0.03880205611906247,0.08474540789873146,0.003288296073119418,0.31740711298489793,0.23595000115928588
0.05,50.0,0.02,4,uniform,-414.729606687152,90.55639509783322,-427.1588228839964,12.429216196844383,-0.13656276227621145,0.020025209645522474,0.002734697944352782,0.3179607111136646,0.3006701994124949
0.05,50.0,0.02,4,kmeans,-414.83840009506036,90.51699591587496,-427.26761629190474,12.429216196844383,-0.1115327647756751,0.01063828772568165,0.001186517642524403,0.31950889141549293,0.3100571213323357
0.05,50.0,0.02,8,uniform,-446.1698527845643,79.85494668738424,-458.59906898140866,12.429216196844383,-0.1605463215249661,0.09311847425264555,-0.014949828507279508,0.33564523756529685,0.2275769348053718
0.05,50.0,0.02,8,kmeans,-446.2489787927038,79.82967627404264,-458.67819498954816,12.429216196844383,-0.15479528599391187,0.21306333570533847,-0.03298119998532473,0.3536766090433421,0.10763207335267888
0.05,50.0,0.02,16,uniform,-446.1698527845643,79.85494668738424,-458.59906898140866,12.429216196844383,-0.1605463215249661,0.09311847425264555,-0.014949828507279508,0.33564523756529685,0.2275769348053718
0.05,50.0,0.02,16,kmeans,-446.2489787927038,79.82967627404264,-458.67819498954816,12.429216196844383,-0.15479528599391187,0.21306333570533847,-0.03298119998532473,0.3536766090433421,0.10763207335267888
0.05,50.0,0.02,32,uniform,-446.1698527845643,79.85494668738424,-458.59906898140866,12.429216196844383,-0.1605463215249661,0.09311847425264555,-0.014949828507279508,0.33564523756529685,0.2275769348053718
0.05,50.0,0.02,32,kmeans,-446.2489787927038,79.82967627404264,-458.67819498954816,12.429216196844383,-0.15479528599391187,0.21306333570533847,-0.03298119998532473,0.3536766090433421,0.10763207335267888
0.05,50.0,0.05,4,uniform,-414.5092407347175,90.63625247337536,-426.93845693156186,12.429216196844383,-0.10096941681623706,0.06067834317935346,0.006126656924194814,0.3145687521338225,0.2600170658786639
0.05,50.0,0.05,4,kmeans,-414.7244305265203,90.55827005503235,-427.15364672336466,12.429216196844383,-0.11538242212354531,0.012363671588082461,-0.0014265503741730144,0.32212195943219035,0.3083317374699349
0.05,50.0,0.05,8,uniform,-451.65531470346923,78.12186465338276,-464.0845309003136,12.429216196844383,-0.16301389868189964,0.13632861886703404,-0.022223459663434,0.34291886872145133,0.18436679019098332
0.05,50.0,0.05,8,kmeans,-451.73418154119815,78.09722364261334,-464.16339773804253,12.429216196844383,-0.15772441112719035,0.2711708811582423,-0.042770267545525084,0.36346567660354245,0.04952452789977507
0.05,50.0,0.05,16,uniform,-451.65531470346923,78.12186465338276,-464.0845309003136,12.429216196844383,-0.16301389868189964,0.13632861886703404,-0.022223459663434,0.34291886872145133,0.18436679019098332
0.05,50.0,0.05,16,kmeans,-451.73418154119815,78.09722364261334,-464.16339773804253,12.429216196844383,-0.15772441112719035,0.2711708811582423,-0.042770267545525084,0.36346567660354245,0.04952452789977507
0.05,50.0,0.05,32,uniform,-451.65531470346923,78.12186465338276,-464.0845309003136,12.429216196844383,-0.16301389868189964,0.13632861886703404,-0.022223459663434,0.34291886872145133,0.18436679019098332
0.05,50.0,0.05,32,kmeans,-451.73418154119815,78.09722364261334,-464.16339773804253,12.429216196844383,-0.15772441112719035,0.2711708811582423,-0.042770267545525084,0.36346567660354245,0.04952452789977507
0.05,50.0,0.1,4,uniform,-418.6187742964662,89.15854027780239,-431.0479904933106,12.429216196844383,-0.12126028681381983,0.004288525358812955,0.0005200278150179985,0.3201753812429994,0.3164068836992044
0.05,50.0,0.1,4,kmeans,-418.72368415098447,89.12113368903228,-431.15290034782885,12.429216196844383,-0.13296944230203908,0.08542363549143099,-0.01135873317070825,0.3320541422287256,0.23527177356658635
0.05,50.0,0.1,8,uniform,-456.67519951398856,76.56885761837152,-469.10441571083294,12.429216196844383,-0.1645022420255078,0.20594936839958056,-0.03387913284546827,0.35457454190348564,0.1147460406584368
0.05,50.0,0.1,8,kmeans,-456.9055586690903,76.49833676421714,-469.33477486593466,12.429216196844383,-0.1554804511943248,0.35565674717057366,-0.05529767152038669,0.375993080578404,0.034961338112556306
0.05,50.0,0.1,16,uniform,-456.67519951398856,76.56885761837152,-469.10441571083294,12.429216196844383,-0.1645022420255078,0.20594936839958056,-0.03387913284546827,0.35457454190348564,0.1147460406584368
0.05,50.0,0.1,16,kmeans,-456.9055586690903,76.49833676421714,-469.33477486593466,12.429216196844383,-0.1554804511943248,0.35565674717057366,-0.05529767152038669,0.375993080578404,0.034961338112556306
0.05,50.0,0.1,32,uniform,-456.67519951398856,76.56885761837152,-469.10441571083294,12.429216196844383,-0.1645022420255078,0.20594936839958056,-0.03387913284546827,0.35457454190348564,0.1147460406584368
0.05,50.0,0.1,32,kmeans,-456.9055586690903,76.49833676421714,-469.33477486593466,12.429216196844383,-0.1554804511943248,0.35565674717057366,-0.05529767152038669,0.375993080578404,0.034961338112556306
0.05,50.0,0.2,4,uniform,-420.9508219293719,88.33071946443812,-433.3800381262163,12.429216196844383,-0.13424496445672918,0.09021063820778479,-0.012110323919822924,0.3328057329778403,0.23048477085023256
0.05,50.0,0.2,4,kmeans,-420.95095799947694,88.3306713877701,-433.3801741963213,12.429216196844383,-0.1343055621936444,0.17469514445503234,-0.023462529588533038,0.3441579386465504,0.146000264602985
0.05,50.0,0.2,8,uniform,-460.8753813035744,75.29319120053674,-473.30459750041877,12.429216196844383,-0.15981683135476293,0.3629259450905658,-0.05800167456080691,0.37869708361882426,0.04223053603254845
0.05,50.0,0.2,8,kmeans,-461.4247723186012,75.12791126272352,-473.85398851544556,12.429216196844383,-0.14641937359690196,0.5116155846562894,-0.07491043342778667,0.395605842485804,0.19092017559827207
0.05,50.0,0.2,16,uniform,-460.8753813035744,75.29319120053674,-473.30459750041877,12.429216196844383,-0.15981683135476293,0.3629259450905658,-0.05800167456080691,0.37869708361882426,0.04223053603254845
0.05,50.0,0.2,16,kmeans,-461.4247723186012,75.12791126272352,-473.85398851544556,12.429216196844383,-0.14641937359690196,0.5116155846562894,-0.07491043342778667,0.395605842485804,0.19092017559827207
0.05,50.0,0.2,32,uniform,-460.8753813035744,75.29319120053674,-473.30459750041877,12.429216196844383,-0.15981683135476293,0.3629259450905658,-0.05800167456080691,0.37869708361882426,0.04223053603254845
0.05,50.0,0.2,32,kmeans,-461.4247723186012,75.12791126272352,-473.85398851544556,12.429216196844383,-0.14641937359690196,0.5116155846562894,-0.07491043342778667,0.395605842485804,0.19092017559827207
0.05,50.0,0.5,4,uniform,-373.8783083502445,106.63139709663814,-386.30752454708886,12.429216196844383,-0.10148191580593684,0.2545993383819394,-0.025837228621923194,0.3465326376799405,0.06609607067607798
0.05,50.0,0.5,4,kmeans,-416.76469264180787,89.82222715065717,-429.19390883865225,12.429216196844383,0.1187271698459783,0.15687361871570227,0.018625160773612422,0.30207024828440493,0.1638217903423151
0.05,50.0,0.5,8,uniform,-413.4734675347722,91.01254584932427,-425.9026837316166,12.429216196844383,-0.07728471514548892,0.31977912146169274,-0.024714038311641623,0.34540944736965895,0.0009162875963246164
0.05,50.0,0.5,8,kmeans,-414.1238528904391,90.77608066167056,-426.55306908728346,12.429216196844383,-0.06218175240360595,0.3966040929534345,-0.024661537510287185,0.3453569465683045,0.07590868389541716
0.05,50.0,0.5,16,uniform,-413.4734675347722,91.01254584932427,-425.9026837316166,12.429216196844383,-0.07728471514548892,0.31977912146169274,-0.024714038311641623,0.34540944736965895,0.0009162875963246164
0.05,50.0,0.5,16,kmeans,-414.1238528904391,90.77608066167056,-426.55306908728346,12.429216196844383,-0.06218175240360595,0.3966040929534345,-0.024661537510287185,0.3453569465683045,0.07590868389541716
0.05,50.0,0.5,32,uniform,-413.4734675347722,91.01254584932427,-425.9026837316166,12.429216196844383,-0.07728471514548892,0.31977912146169274,-0.024714038311641623,0.34540944736965895,0.0009162875963246164
0.05,50.0,0.5,32,kmeans,-414.1238528904391,90.77608066167056,-426.55306908728346,12.429216196844383,-0.06218175240360595,0.3966040929534345,-0.024661537510287185,0.3453569465683045,0.07590868389541716
0.1,0.5,0.02,4,uniform,-457.81146699885113,76.22163647523114,-470.2406831956955,12.429216196844383,0.3246646468908779,0.15857835071976015,0.051484784240968716,0.26921062481704866,0.1621170583382572
0.1,0.5,0.02,4,kmeans,-460.2238850512522,75.48966001431235,-472.65310124809656,12.429216196844383,0.40064368659025884,0.1582471890410871,0.06340073720996674,0.2572946718480506,0.16244822001693027
0.1,0.5,0.02,8,uniform,-451.63621967838213,78.12783183712855,-464.0654358752265,12.429216196844383,0.285248034902401,0.16565529977072443,0.04725284873076731,0.27344256032725006,0.15504010928729292
0.1,0.5,0.02,8,kmeans,-453.24500532218644,77.6266823139041,-465.6742215190308,12.429216196844383,0.344036524971157,0.16510561913145924,0.05680236345919861,0.26389304559881877,0.15558978992655811
0.1,0.5,0.02,16,uniform,-451.63621967838213,78.12783183712855,-464.0654358752265,12.429216196844383,0.285248034902401,0.16565529977072443,0.04725284873076731,0.27344256032725006,0.15504010928729292
0.1,0.5,0.02,16,kmeans,-453.24500532218644,77.6266823139041,-465.6742215190308,12.429216196844383,0.344036524971157,0.16510561913145924,0.05680236345919861,0.26389304559881877,0.15558978992655811
0.1,0.5,0.02,32,uniform,-451.63621967838213,78.12783183712855,-464.0654358752265,12.429216196844383,0.285248034902401,0.16565529977072443,0.04725284873076731,0.27344256032725006,0.15504010928729292
0.1,0.5,0.02,32,kmeans,-453.24500532218644,77.6266823139041,-465.6742215190308,12.429216196844383,0.344036524971157,0.16510561913145924,0.05680236345919861,0.26389304559881877,0.15558978992655811
0.1,0.5,0.05,4,uniform,-460.7183765822328,75.34049159776723,-473.1475927790772,12.429216196844383,0.34238120994832144,0.15845182429003415,0.054250927318940725,0.26644448173907664,0.1622435847679832
0.1,0.5,0.05,4,kmeans,-463.2811685485071,74.5721087112054,-475.71038474535146,12.429216196844383,0.4227388215702035,0.15753661053753565,0.06659684109280192,0.25409856796521546,0.1631587985204817
0.1,0.5,0.05,8,uniform,-454.3582252789765,77.28178848145481,-466.78744147582086,12.429216196844383,0.30052276699868896,0.165457022347818,0.04972360217533018,0.2709718068826872,0.15523838671019935
0.1,0.5,0.05,8,kmeans,-456.1042584825377,76.74392265609288,-468.5334746793821,12.429216196844383,0.3632404052069047,0.16470033639278386,0.05982581692902832,0.260869592128989,0.1559950726652335
0.1,0.5,0.05,16,uniform,-454.3582252789765,77.28178848145481,-466.78744147582086,12.429216196844383,0.30052276699868896,0.165457022347818,0.04972360217533018,0.2709718068826872,0.15523838671019935
0.1,0.5,0.05,16,kmeans,-456.1042584825377,76.74392265609288,-468.5334746793821,12.429216196844383,0.3632404052069047,0.16470033639278386,0.05982581692902832,0.260869592128989,0.1559950726652335
0.1,0.5,0.05,32,uniform,-454.3582252789765,77.28178848145481,-466.78744147582086,12.429216196844383,0.30052276699868896,0.165457022347818,0.04972360217533018,0.2709718068826872,0.15523838671019935
0.1,0.5,0.05,32,kmeans,-456.1042584825377,76.74392265609288,-468.5334746793821,12.429216196844383,0.3632404052069047,0.16470033639278386,0.05982581692902832,0.260869592128989,0.1559950726652335
0.1,0.5,0.1,4,uniform,-466.05205611788693,73.75014852797068,-478.4812723147313,12.429216196844383,0.3747726758561171,0.15804631594457538,0.059231440735749825,0.26146396832226754,0.16264909311344197
0.1,0.5,0.1,4,kmeans,-468.90941115038794,72.91202584766425,-481.3386273472323,12.429216196844383,0.4634058784561084,0.1562425685099401,0.07240372471258749,0.24829168434542986,0.16445284054807727
0.1,0.5,0.1,8,uniform,-459.3486799876962,75.75439887628083,-471.77789618454057,12.429216196844383,0.3284738711289226,0.16506058441618426,0.05421808913398636,0.266477319924031,0.1556348246418331
0.1,0.5,0.1,8,kmeans,-461.35441632222745,75.1490570342572,-473.78363251907183,12.429216196844383,0.39843303199645047,0.16391110077023238,0.06530759685775941,0.25538781220025797,0.15678430828778497
0.1,0.5,0.1,16,uniform,-459.3486799876962,75.75439887628083,-471.77789618454057,12.429216196844383,0.3284738711289226,0.16506058441618426,0.05421808913398636,0.266477319924031,0.1556348246418331
0.1,0.5,0.1,16,kmeans,-461.35441632222745,75.1490570342572,-473.78363251907183,12.429216196844383,0.39843303199645047,0.16391110077023238,0.06530759685775941,0.25538781220025797,0.15678430828778497
0.1,0.5,0.1,32,uniform,-459.3486799876962,75.75439887628083,-471.77789618454057,12.429216196844383,0.3284738711289226,0.16506058441618426,0.05421808913398636,0.266477319924031,0.1556348246418331
0.1,0.5,0.1,32,kmeans,-461.35441632222745,75.1490570342572,-473.78363251907183,12.429216196844383,0.39843303199645047,0.16391110077023238,0.06530759685775941,0.25538781220025797,0.15678430828778497
0.1,0.5,0.2,4,uniform,-478.5090798710349,70.16537208180321,-490.93829606787926,12.429216196844383,0.4514012829034457,0.15643086542759949,0.07061309333971469,0.25008231571830264,0.16426454363041787
0.1,0.5,0.2,4,kmeans,-482.1214006930892,69.15882221800476,-494.55061688993356,12.429216196844383,0.5603369311404485,0.15289071366860002,0.08567031329693635,0.235025095761081,0.16780469538941734
0.1,0.5,0.2,8,uniform,-470.99403111019103,72.30657815485648,-483.4232473070354,12.429216196844383,0.39469270305552795,0.16379163890260293,0.06464736469636331,0.25604804436165407,0.15690377015541443
0.1,0.5,0.2,8,kmeans,-473.6295294681607,71.54832644737982,-486.05874566500506,12.429216196844383,0.48168160048384995,0.16158790353055233,0.07783391999142639,0.24286148906659097,0.15910750552746503
0.1,0.5,0.2,16,uniform,-470.99403111019103,72.30657815485648,-483.4232473070354,12.429216196844383,0.39469270305552795,0.16379163890260293,0.06464736469636331,0.25604804436165407,0.15690377015541443
0.1,0.5,0.2,16,kmeans,-473.6295294681607,71.54832644737982,-486.05874566500506,12.429216196844383,0.48168160048384995,0.16158790353055233,0.07783391999142639,0.24286148906659097,0.15910750552746503
0.1,0.5,0.2,32,uniform,-470.99403111019103,72.30657815485648,-483.4232473070354,12.429216196844383,0.39469270305552795,0.16379163890260293,0.06464736469636331,0.25604804436165407,0.15690377015541443
0.1,0.5,0.2,32,kmeans,-473.6295294681607,71.54832644737982,-486.05874566500506,12.429216196844383,0.48168160048384995,0.16158790353055233,0.07783391999142639,0.24286148906659097,0.15910750552746503
0.1,0.5,0.5,4,uniform,-527.1586773639099,57.75769135502334,-539.5878935607543,12.429216196844383,0.8092489292978963,0.1422201633840467,0.11509151494311166,0.2056038941149057,0.17847524567397066
0.1,0.5,0.5,4,kmeans,-534.3820844993926,56.11274080844855,-546.811300696237,12.429216196844383,1.0171241395690958,0.13139024289564458,0.13364018775300698,0.18705522130501037,0.18930516616237278
0.1,0.5,0.5,8,uniform,-518.5254620293518,59.78706812671072,-530.9546782261963,12.429216196844383,0.7051103124671729,0.1522923753377694,0.10738292436078256,0.2133124846972348,0.16840303372024795
0.1,0.5,0.5,8,kmeans,-524.0759801191455,58.47429834393987,-536.5051963159899,12.429216196844383,0.8704411991932726,0.14400707138663024,0.12534968791008963,0.19534572114792773,0.1766883376713871
0.1,0.5,0.5,16,uniform,-518.5254620293518,59.78706812671072,-530.9546782261963,12.429216196844383,0.7051103124671729,0.1522923753377694,0.10738292436078256,0.2133124846972348,0.16840303372024795
0.1,0.5,0.5,16,kmeans,-524.0759801191455,58.47429834393987,-536.5051963159899,12.429216196844383,0.8704411991932726,0.14400707138663024,0.12534968791008963,0.19534572114792773,0.1766883376713871
0.1,0.5,0.5,32,uniform,-518.5254620293518,59.78706812671072,-530.9546782261963,12.429216196844383,0.7051103124671729,0.1522923753377694,0.10738292436078256,0.2133124846972348,0.16840303372024795
0.1,0.5,0.5,32,kmeans,-524.0759801191455,58.47429834393987,-536.5051963159899,12.429216196844383,0.8704411991932726,0.14400707138663024,0.12534968791008963,0.19534572114792773,0.1766883376713871
0.1,1.0,0.02,4,uniform,-433.643112298314,83.958177204794,-446.0723284951584,12.429216196844383,0.12857355839567658,0.14208001135162948,0.018267732636377123,0.30242767642164026,0.17861539770638787
0.1,1.0,0.02,4,kmeans,-438.7445970819218,82.26229364632502,-451.1738132787662,12.429216196844383,0.20144997969111259,0.22181536625042103,0.04468470102632402,0.27601070803169336,0.09888004280759632
0.1,1.0,0.02,8,uniform,-450.67057138458597,78.43019143731638,-463.09978758143035,12.429216196844383,0.14027113188218715,0.3083444910028687,0.043251830762609265,0.2774435782954081,0.012350918055148652
0.1,1.0,0.02,8,kmeans,-452.52685363705075,77.84999383429435,-464.9560698338951,12.429216196844383,0.17212214791561292,0.3270745746157027,0.05629677831144016,0.2643986307465772,0.006379165557685362
0.1,1.0,0.02,16,uniform,-450.67057138458597,78.43019143731638,-463.09978758143035,12.429216196844383,0.14027113188218715,0.3083444910028687,0.043251830762609265,0.2774435782954081,0.012350918055148652
0.1,1.0,0.02,16,kmeans,-452.52685363705075,77.84999383429435,-464.9560698338951,12.429216196844383,0.17212214791561292,0.3270745746157027,0.05629677831144016,0.2643986307465772,0.006379165557685362
0.1,1.0,0.02,32,uniform,-450.67057138458597,78.43019143731638,-463.09978758143035,12.429216196844383,0.14027113188218715,0.3083444910028687,0.043251830762609265,0.2774435782954081,0.012350918055148652
0.1,1.0,0.02,32,kmeans,-452.52685363705075,77.84999383429435,-464.9560698338951,12.429216196844383,0.17212214791561292,0.3270745746157027,0.05629677831144016,0.2643986307465772,0.006379165557685362
0.1,1.0,0.05,4,uniform,-439.4849567821992,82.01903926731015,-451.9141729790436,12.429216196844383,0.14754723922437132,0.15997439738089558,0.02360378068013364,0.2970916283778837,0.16072101167712177
0.1,1.0,0.05,4,kmeans,-444.19537335059005,80.4881316170224,-456.6245895474344,12.429216196844383,0.21729110325268827,0.23325937181024214,0.05068518624467653,0.2700102228133408,0.08743603724777521
0.1,1.0,0.05,8,uniform,-453.85855763630707,77.43640377879538,-466.28777383315145,12.429216196844383,0.14908355129709916,0.3150417727522397,0.046967546288837585,0.27372786276917976,0.005653636305777643
0.1,1.0,0.05,8,kmeans,-455.74449724135883,76.85444011228672,-468.1737134382032,12.429216196844383,0.1818302351675691,0.3276800503502759,0.05958214061491156,0.2611132684431058,0.006984641292258564
0.1,1.0,0.05,16,uniform,-453.85855763630707,77.43640377879538,-466.28777383315145,12.429216196844383,0.14908355129709916,0.3150417727522397,0.046967546288837585,0.27372786276917976,0.005653636305777643
0.1,1.0,0.05,16,kmeans,-455.74449724135883,76.85444011228672,-468.1737134382032,12.429216196844383,0.1818302351675691,0.3276800503502759,0.05958214061491156,0.2611132684431058,0.006984641292258564
0.1,1.0,0.05,32,uniform,-453.85855763630707,77.43640377879538,-466.28777383315145,12.429216196844383,0.14908355129709916,0.3150417727522397,0.046967546288837585,0.27372786276917976,0.005653636305777643
0.1,1.0,0.05,32,kmeans,-455.74449724135883,76.85444011228672,-468.1737134382032,12.429216196844383,0.1818302351675691,0.3276800503502759,0.05958214061491156,0.2611132684431058,0.006984641292258564
0.1,1.0,0.1,4,uniform,-449.60575419435895,78.76495912830848,-462.03497039120333,12.429216196844383,0.1782199171188004,0.1869656803692347,0.03332100805946513,0.2873744009985522,0.13372972868878266
0.1,1.0,0.1,4,kmeans,-453.8045713099341,77.45312761231739,-466.23378750677847,12.429216196844383,0.24385702205484402,0.24938564049245313,0.060814439633729546,0.2598809694242878,0.07130976856556423
0.1,1.0,0.1,8,uniform,-459.22325174200824,75.79241537758656,-471.6524679388526,12.429216196844383,0.16421157566908573,0.32270957149995927,0.052992647219503794,0.26770276183851355,0.0020141624419419135
0.1,1.0,0.1,8,kmeans,-461.2549816778218,75.17895265823928,-473.68419787466615,12.429216196844383,0.19948105552457088,0.32706506051195267,0.06524328349613197,0.2554521255618854,0.00636965145393531
0.1,1.0,0.1,16,uniform,-459.22325174200824,75.79241537758656,-471.6524679388526,12.429216196844383,0.16421157566908573,0.32270957149995927,0.052992647219503794,0.26770276183851355,0.0020141624419419135
0.1,1.0,0.1,16,kmeans,-461.2549816778218,75.17895265823928,-473.68419787466615,12.429216196844383,0.19948105552457088,0.32706506051195267,0.06524328349613197,0.2554521255618854,0.00636965145393531
0.1,1.0,0.1,32,uniform,-459.22325174200824,75.79241537758656,-471.6524679388526,12.429216196844383,0.16421157566908573,0.32270957149995927,0.052992647219503794,0.26770276183851355,0.0020141624419419135
0.1,1.0,0.1,32,kmeans,-461.2549816778218,75.17895265823928,-473.68419787466615,12.429216196844383,0.19948105552457088,0.32706506051195267,0.06524328349613197,0.2554521255618854,0.00636965145393531
0.1,1.0,0.2,4,uniform,-470.4370064698427,72.46786395122491,-482.86622266668707,12.429216196844383,0.23664808350159672,0.22929211134357996,0.054261538711492925,0.26643387034652444,0.09140329771443739
0.1,1.0,0.2,4,kmeans,-474.14114135054234,71.4020562696484,-486.5703575473867,12.429216196844383,0.2989763924743694,0.27008941429263833,0.0807503587307284,0.23994505032728897,0.050605994765379025
0.1,1.0,0.2,8,uniform,-471.015430489085,72.3003891562918,-483.4446466859294,12.429216196844383,0.19786531889280365,0.32615494439714393,0.06453475208160553,0.2561606569764118,0.0054595353391265755
0.1,1.0,0.2,8,kmeans,-473.62137773503554,71.55065945686677,-486.0505939318799,12.429216196844383,0.24114959644357337,0.32273748850638273,0.07782801511052659,0.24286739394749077,0.002042079448365375
0.1,1.0,0.2,16,uniform,-471.015430489085,72.3003891562918,-483.4446466859294,12.429216196844383,0.19786531889280365,0.32615494439714393,0.06453475208160553,0.2561606569764118,0.0054595353391265755
0.1,1.0,0.2,16,kmeans,-473.62137773503554,71.55065945686677,-486.0505939318799,12.429216196844383,0.24114959644357337,0.32273748850638273,0.07782801511052659,0.24286739394749077,0.002042079448365375
0.1,1.0,0.2,32,uniform,-471.015430489085,72.3003891562918,-483.4446466859294,12.429216196844383,0.19786531889280365,0.32615494439714393,0.06453475208160553,0.2561606569764118,0.0054595353391265755
0.1,1.0,0.2,32,kmeans,-473.62137773503554,71.55065945686677,-486.0505939318799,12.429216196844383,0.24114959644357337,0.32273748850638273,0.07782801511052659,0.24286739394749077,0.002042079448365375
0.1,1.0,0.5,4,uniform,-528.275263007358,57.500300943906964,-540.7044792042025,12.429216196844383,0.42978321945956727,0.26604418249820033,0.1143413252725652,0.20635408378545217,0.05465122655981702
0.1,1.0,0.5,4,kmeans,-534.5465219247342,56.075844805436304,-546.9757381215786,12.429216196844383,0.5301618476256212,0.2526411291740193,0.13394068782912133,0.18675472122889603,0.06805427988399804
0.1,1.0,0.5,8,uniform,-518.5791727454541,59.774224681450335,-531.0083889422986,12.429216196844383,0.3534439936201234,0.3038271964031126,0.10738589766712171,0.21330951139089566,0.016868212654904735
0.1,1.0,0.5,8,kmeans,-524.0758818949075,58.474321318317976,-536.505098091752,12.429216196844383,0.43576935840131004,0.28765012742919976,0.12534911147387745,0.1953462975841399,0.03304528162881759
0.1,1.0,0.5,16,uniform,-518.5791727454541,59.774224681450335,-531.0083889422986,12.429216196844383,0.3534439936201234,0.3038271964031126,0.10738589766712171,0.21330951139089566,0.016868212654904735
0.1,1.0,0.5,16,kmeans,-524.0758818949075,58.474321318317976,-536.505098091752,12.429216196844383,0.43576935840131004,0.28765012742919976,0.12534911147387745,0.1953462975841399,0.03304528162881759
0.1,1.0,0.5,32,uniform,-518.5791727454541,59.774224681450335,-531.0083889422986,12.429216196844383,0.3534439936201234,0.3038271964031126,0.10738589766712171,0.21330951139089566,0.016868212654904735
0.1,1.0,0.5,32,kmeans,-524.0758818949075,58.474321318317976,-536.505098091752,12.429216196844383,0.43576935840131004,0.28765012742919976,0.12534911147387745,0.1953462975841399,0.03304528162881759
0.1,5.0,0.02,4,uniform,-423.2220324237829,87.53188298221123,-435.65124862062726,12.429216196844383,-0.15625731562007578,0.11578244065155849,-0.018091853372153268,0.3387872624301706,0.20491296840645887
0.1,5.0,0.02,4,kmeans,-423.30175187978534,87.50397545561638,-435.7309680766297,12.429216196844383,-0.14764985914438922,0.19107285431225654,-0.02821188002552108,0.3489072890835384,0.12962255474576082
0.1,5.0,0.02,8,uniform,-457.7058308599442,76.25385031815767,-470.13504705678855,12.429216196844383,-0.15705321303939926,0.44807331932764816,-0.0703713544776359,0.3910667635356533,0.1273779102696308
0.1,5.0,0.02,8,kmeans,-458.8614584324373,75.90217953750731,-471.2906746292817,12.429216196844383,-0.1383542368317652,0.5848506598506301,-0.08091656670418823,0.4016119757622056,0.26415525079261276
0.1,5.0,0.02,16,uniform,-457.7058308599442,76.25385031815767,-470.13504705678855,12.429216196844383,-0.15705321303939926,0.44807331932764816,-0.0703713544776359,0.3910667635356533,0.1273779102696308
0.1,5.0,0.02,16,kmeans,-458.8614584324373,75.90217953750731,-471.2906746292817,12.429216196844383,-0.1383542368317652,0.5848506598506301,-0.08091656670418823,0.4016119757622056,0.26415525079261276
0.1,5.0,0.02,32,uniform,-457.7058308599442,76.25385031815767,-470.13504705678855,12.429216196844383,-0.15705321303939926,0.44807331932764816,-0.0703713544776359,0.3910667635356533,0.1273779102696308
0.1,5.0,0.02,32,kmeans,-458.8614584324373,75.90217953750731,-471.2906746292817,12.429216196844383,-0.1383542368317652,0.5848506598506301,-0.08091656670418823,0.4016119757622056,0.26415525079261276
0.1,5.0,0.05,4,uniform,-423.47480981673783,87.44342338619647,-435.9040260135822,12.429216196844383,-0.15727545833445697,0.13703919783358892,-0.02155290264906402,0.34224831170708137,0.18365621122442843
0.1,5.0,0.05,4,kmeans,-423.58672461455245,87.40428729447146,-436.01594081139683,12.429216196844383,-0.14756894159313533,0.21393584015408681,-0.03157028550037677,0.3522656945583941,0.10675956890393054
0.1,5.0,0.05,8,uniform,-455.91516983788733,76.80199023044366,-468.3443860347317,12.429216196844383,-0.15356777175871344,0.4885879832302675,-0.07503136789275583,0.3957267769507732,0.16789257417225012
0.1,5.0,0.05,8,kmeans,-457.1740387498016,76.41622774286643,-469.60325494664596,12.429216196844383,-0.13422324409824252,0.6131739349637277,-0.08230219474731632,0.40299760380533367,0.2924785259057104
0.1,5.0,0.05,16,uniform,-455.91516983788733,76.80199023044366,-468.3443860347317,12.429216196844383,-0.15356777175871344,0.4885879832302675,-0.07503136789275583,0.3957267769507732,0.16789257417225012
0.1,5.0,0.05,16,kmeans,-457.1740387498016,76.41622774286643,-469.60325494664596,12.429216196844383,-0.13422324409824252,0.6131739349637277,-0.08230219474731632,0.40299760380533367,0.2924785259057104
0.1,5.0,0.05,32,uniform,-455.91516983788733,76.80199023044366,-468.3443860347317,12.429216196844383,-0.15356777175871344,0.4885879832302675,-0.07503136789275583,0.3957267769507732,0.16789257417225012
0.1,5.0,0.05,32,kmeans,-457.1740387498016,76.41622774286643,-469.60325494664596,12.429216196844383,-0.13422324409824252,0.6131739349637277,-0.08230219474731632,0.40299760380533367,0.2924785259057104
0.1,5.0,0.1,4,uniform,-421.7363606904585,88.05360624305187,-434.1655768873029,12.429216196844383,-0.15842626110245733,0.17559767384833855,-0.027819282926081025,0.3485146919840984,0.1450977352096788
0.1,5.0,0.1,4,kmeans,-422.0940604388482,87.9277093199327,-434.5232766356926,12.429216196844383,-0.14057887157341203,0.2362869457188109,-0.0332169521966785,0.35391236125469583,0.08440846333920646
0.1,5.0,0.1,8,uniform,-449.12166815204046,78.91762295481563,-461.55088434888484,12.429216196844383,-0.14713588643009104,0.5565376730988864,-0.08188666386314487,0.4025820729211622,0.235842264040869
0.1,5.0,0.1,8,kmeans,-450.7849089177711,78.3943295801891,-463.21412511461546,12.429216196844383,-0.12478317019970528,0.6257226179119455,-0.07807965192871145,0.3987750609867288,0.30502720885392814
0.1,5.0,0.1,16,uniform,-449.12166815204046,78.91762295481563,-461.55088434888484,12.429216196844383,-0.14713588643009104,0.5565376730988864,-0.08188666386314487,0.4025820729211622,0.235842264040869
0.1,5.0,0.1,16,kmeans,-450.7849089177711,78.3943295801891,-463.21412511461546,12.429216196844383,-0.12478317019970528,0.6257226179119455,-0.07807965192871145,0.3987750609867288,0.30502720885392814
0.1,5.0,0.1,32,uniform,-449.12166815204046,78.91762295481563,-461.55088434888484,12.429216196844383,-0.14713588643009104,0.5565376730988864,-0.08188666386314487,0.4025820729211622,0.235842264040869
0.1,5.0,0.1,32,kmeans,-450.7849089177711,78.3943295801891,-463.21412511461546,12.429216196844383,-0.12478317019970528,0.6257226179119455,-0.07807965192871145,0.3987750609867288,0.30502720885392814
0.1,5.0,0.2,4,uniform,-403.69121616969124,94.64436766870091,-416.1204323665356,12.429216196844383,-0.15044013379546262,0.23856923617092426,-0.03589038780903517,0.3565857968670525,0.08212617288709309
0.1,5.0,0.2,4,kmeans,-408.7249084404068,92.75778190120829,-421.1541246372512,12.429216196844383,-0.07780074973811756,0.1589139937857815,-0.012363627860412355,0.3330590369184297,0.16178141527223586
0.1,5.0,0.2,8,uniform,-418.7658772763446,89.10609376156705,-431.195093473189,12.429216196844383,-0.1305265824759587,0.6408579266399049,-0.08364899501693543,0.40434440407495276,0.3201625175818876
0.1,5.0,0.2,8,kmeans,-424.14135270984,87.21059473505551,-436.5705689066844,12.429216196844383,-0.0875023696355933,0.4569122371316972,-0.039980903464523626,0.36067631252254095,0.13621682807367985
0.1,5.0,0.2,16,uniform,-418.7658772763446,89.10609376156705,-431.195093473189,12.429216196844383,-0.1305265824759587,0.6408579266399049,-0.08364899501693543,0.40434440407495276,0.3201625175818876
0.1,5.0,0.2,16,kmeans,-424.14135270984,87.21059473505551,-436.5705689066844,12.429216196844383,-0.0875023696355933,0.4569122371316972,-0.039980903464523626,0.36067631252254095,0.13621682807367985
0.1,5.0,0.2,32,uniform,-418.7658772763446,89.10609376156705,-431.195093473189,12.429216196844383,-0.1305265824759587,0.6408579266399049,-0.08364899501693543,0.40434440407495276,0.3201625175818876
0.1,5.0,0.2,32,kmeans,-424.14135270984,87.21059473505551,-436.5705689066844,12.429216196844383,-0.0875023696355933,0.4569122371316972,-0.039980903464523626,0.36067631252254095,0.13621682807367985
0.1,5.0,0.5,4,uniform,-449.1221346214942,78.91747570431112,-461.55135081833856,12.429216196844383,0.12334244132765475,0.10478338681364052,0.012924238740174409,0.30777117031784296,0.21591202224437683
0.1,5.0,0.5,4,kmeans,-466.6189800873288,73.58309510493591,-479.0481962841732,12.429216196844383,0.24526614037295877,0.33808979292212404,0.08292197860950223,0.23777343044851512,0.01739438386410669
0.1,5.0,0.5,8,uniform,-444.0921528405259,80.52137058243481,-456.5213690373703,12.429216196844383,0.07462866027168685,0.2620596153526089,0.019557158005078783,0.30113825105293857,0.058635793705408445
0.1,5.0,0.5,8,kmeans,-455.00931700335906,77.08078021300605,-467.43853320020344,12.429216196844383,0.13371859592641697,0.5515220190630478,0.07374875001161332,0.24694665904640403,0.2308266100050304
0.1,5.0,0.5,16,uniform,-444.0921528405259,80.52137058243481,-456.5213690373703,12.429216196844383,0.07462866027168685,0.2620596153526089,0.019557158005078783,0.30113825105293857,0.058635793705408445
0.1,5.0,0.5,16,kmeans,-455.00931700335906,77.08078021300605,-467.43853320020344,12.429216196844383,0.13371859592641697,0.5515220190630478,0.07374875001161332,0.24694665904640403,0.2308266100050304
0.1,5.0,0.5,32,uniform,-444.0921528405259,80.52137058243481,-456.5213690373703,12.429216196844383,0.07462866027168685,0.2620596153526089,0.019557158005078783,0.30113825105293857,0.058635793705408445
0.1,5.0,0.5,32,kmeans,-455.00931700335906,77.08078021300605,-467.43853320020344,12.429216196844383,0.13371859592641697,0.5515220190630478,0.07374875001161332,0.24694665904640403,0.2308266100050304
0.1,10.0,0.02,4,uniform,-421.0031738237989,88.31222427902134,-433.43239002064325,12.429216196844383,-0.14663812591445693,0.04693744690727489,-0.0068828192496921126,0.32757822830770944,0.27375796215074244
0.1,10.0,0.02,4,kmeans,-421.01506937145416,88.30802228990221,-433.44428556829854,12.429216196844383,-0.14275591436888807,0.11787617565478574,-0.016827521237906602,0.33752293029592395,0.2028192334032316
0.1,10.0,0.02,8,uniform,-458.46827867736636,76.02164625811508,-470.89749487421074,12.429216196844383,-0.16938544968677502,0.27945448563304354,-0.047335523715939486,0.3680309327739568,0.04124092342497382
0.1,10.0,0.02,8,kmeans,-459.17496824578205,75.80705488244153,-471.60418444262643,12.429216196844383,-0.15344153211484807,0.4114982565923211,-0.06314092295411462,0.38383633201213196,0.09080284753430373
0.1,10.0,0.02,16,uniform,-458.46827867736636,76.02164625811508,-470.89749487421074,12.429216196844383,-0.16938544968677502,0.27945448563304354,-0.047335523715939486,0.3680309327739568,0.04124092342497382
0.1,10.0,0.02,16,kmeans,-459.17496824578205,75.80705488244153,-471.60418444262643,12.429216196844383,-0.15344153211484807,0.4114982565923211,-0.06314092295411462,0.38383633201213196,0.09080284753430373
0.1,10.0,0.02,32,uniform,-458.46827867736636,76.02164625811508,-470.89749487421074,12.429216196844383,-0.16938544968677502,0.27945448563304354,-0.047335523715939486,0.3680309327739568,0.04124092342497382
0.1,10.0,0.02,32,kmeans,-459.17496824578205,75.80705488244153,-471.60418444262643,12.429216196844383,-0.15344153211484807,0.4114982565923211,-0.06314092295411462,0.38383633201213196,0.09080284753430373
0.1,10.0,0.05,4,uniform,-422.29353347107656,87.8575804741001,-434.72274966792094,12.429216196844383,-0.1494592679600888,0.0681989146955715,-0.01019295986607266,0.33088836892409,0.25249649436244587
0.1,10.0,0.05,4,kmeans,-422.30155532301814,87.85476139731875,-434.7307715198625,12.429216196844383,-0.1476241702571363,0.1495899077176819,-0.022083086005664384,0.34277849506368174,0.17110550134033545
0.1,10.0,0.05,8,uniform,-459.6776132219249,75.65479186104739,-472.1068294187693,12.429216196844383,-0.1671986299333058,0.31638609259306866,-0.05289932121151311,0.3735947302695305,0.004309316464948698
0.1,10.0,0.05,8,kmeans,-460.411371684242,75.43306802871949,-472.8405878810864,12.429216196844383,-0.1512467978985475,0.45247736389744336,-0.06843575241106414,0.3891311614690815,0.131781954839426
0.1,10.0,0.05,16,uniform,-459.6776132219249,75.65479186104739,-472.1068294187693,12.429216196844383,-0.1671986299333058,0.31638609259306866,-0.05289932121151311,0.3735947302695305,0.004309316464948698
0.1,10.0,0.05,16,kmeans,-460.411371684242,75.43306802871949,-472.8405878810864,12.429216196844383,-0.1512467978985475,0.45247736389744336,-0.06843575241106414,0.3891311614690815,0.131781954839426
0.1,10.0,0.05,32,uniform,-459.6776132219249,75.65479186104739,-472.1068294187693,12.429216196844383,-0.1671986299333058,0.31638609259306866,-0.05289932121151311,0.3735947302695305,0.004309316464948698
0.1,10.0,0.05,32,kmeans,-460.411371684242,75.43306802871949,-472.8405878810864,12.429216196844383,-0.1512467978985475,0.45247736389744336,-0.06843575241106414,0.3891311614690815,0.131781954839426
0.1,10.0,0.1,4,uniform,-423.96453004266607,87.27229979405722,-436.39374623951045,12.429216196844383,-0.1560228239012994,0.11290297411553328,-0.017615440848360815,0.33831084990637816,0.20779243494248406
0.1,10.0,0.1,4,kmeans,-424.00335876721704,87.25874615826663,-436.4325749640614,12.429216196844383,-0.15080411535481297,0.19460103050273975,-0.02934663625210064,0.350042045310118,0.1260943785552776
0.1,10.0,0.1,8,uniform,-460.32663341660833,75.45864063245929,-472.7558496134527,12.429216196844383,-0.16278287201923752,0.3808616273923003,-0.06199774954883935,0.3826931586068567,0.06016621833428293
0.1,10.0,0.1,8,kmeans,-461.1534306127173,75.20949687227797,-473.58264680956165,12.429216196844383,-0.14639520561966665,0.5216342253770622,-0.07636474968233055,0.3970601587403479,0.2009388163190448
0.1,10.0,0.1,16,uniform,-460.32663341660833,75.45864063245929,-472.7558496134527,12.429216196844383,-0.16278287201923752,0.3808616273923003,-0.06199774954883935,0.3826931586068567,0.06016621833428293
0.1,10.0,0.1,16,kmeans,-461.1534306127173,75.20949687227797,-473.58264680956165,12.429216196844383,-0.14639520561966665,0.5216342253770622,-0.07636474968233055,0.3970601587403479,0.2009388163190448
0.1,10.0,0.1,32,uniform,-460.32663341660833,75.45864063245929,-472.7558496134527,12.429216196844383,-0.16278287201923752,0.3808616273923003,-0.06199774954883935,0.3826931586068567,0.06016621833428293
0.1,10.0,0.1,32,kmeans,-461.1534306127173,75.20949687227797,-473.58264680956165,12.429216196844383,-0.14639520561966665,0.5216342253770622,-0.07636474968233055,0.3970601587403479,0.2009388163190448
0.1,10.0,0.2,4,uniform,-422.374878536319,87.8289980019754,-434.80409473316337,12.429216196844383,-0.15586423407930175,0.18805152426261051,-0.029310506796637017,0.35000591585465435,0.13264388479540684
0.1,10.0,0.2,4,kmeans,-422.6282125044044,87.74004280602519,-435.0574287012488,12.429216196844383,-0.14040396810820524,0.2518260256266144,-0.03535737327089524,0.3560527823289126,0.06886938343140298
0.1,10.0,0.2,8,uniform,-451.06993860941856,78.30500166573196,-463.49915480626294,12.429216196844383,-0.15161100128886454,0.5193026203767401,-0.07873199024724868,0.39942739930526605,0.19860721131872278
0.1,10.0,0.2,8,kmeans,-452.66560645342474,77.80679819883822,-465.0948226502691,12.429216196844383,-0.1294225532924913,0.6015810378278655,-0.07785815392802915,0.3985535629860465,0.2808856287698482
0.1,10.0,0.2,16,uniform,-451.06993860941856,78.30500166573196,-463.49915480626294,12.429216196844383,-0.15161100128886454,0.5193026203767401,-0.07873199024724868,0.39942739930526605,0.19860721131872278
0.1,10.0,0.2,16,kmeans,-452.66560645342474,77.80679819883822,-465.0948226502691,12.429216196844383,-0.1294225532924913,0.6015810378278655,-0.07785815392802915,0.3985535629860465,0.2808856287698482
0.1,10.0,0.2,32,uniform,-451.06993860941856,78.30500166573196,-463.49915480626294,12.429216196844383,-0.15161100128886454,0.5193026203767401,-0.07873199024724868,0.39942739930526605,0.19860721131872278
0.1,10.0,0.2,32,kmeans,-452.66560645342474,77.80679819883822,-465.0948226502691,12.429216196844383,-0.1294225532924913,0.6015810378278655,-0.07785815392802915,0.3985535629860465,0.2808856287698482
0.1,10.0,0.5,4,uniform,-413.98435666726095,90.82674647736502,-426.41357286410533,12.429216196844383,0.04809384119827194,0.01183054030682623,0.000568976126806256,0.3201264329312111,0.3088648687511911
0.1,10.0,0.5,4,kmeans,-423.22308045347745,87.53151603893002,-435.65229665032183,12.429216196844383,0.14395964110002535,0.14039001200909496,0.02021049574285756,0.3004849133151598,0.1803053970489224
0.1,10.0,0.5,8,uniform,-381.08902976482045,103.5997704998697,-393.51824596166483,12.429216196844383,-0.07312901430821299,0.44312207002682547,-0.032405080199276674,0.35310048925729404,0.12242666096880811
0.1,10.0,0.5,8,kmeans,-406.18959266906967,93.70324898284353,-418.61880886591405,12.429216196844383,0.03168968449131801,0.049495175644539466,0.0015684865000178232,0.3191269225579995,0.2712002334134779
0.1,10.0,0.5,16,uniform,-381.08902976482045,103.5997704998697,-393.51824596166483,12.429216196844383,-0.07312901430821299,0.44312207002682547,-0.032405080199276674,0.35310048925729404,0.12242666096880811
0.1,10.0,0.5,16,kmeans,-406.18959266906967,93.70324898284353,-418.61880886591405,12.429216196844383,0.03168968449131801,0.049495175644539466,0.0015684865000178232,0.3191269225579995,0.2712002334134779
0.1,10.0,0.5,32,uniform,-381.08902976482045,103.5997704998697,-393.51824596166483,12.429216196844383,-0.07312901430821299,0.44312207002682547,-0.032405080199276674,0.35310048925729404,0.12242666096880811
0.1,10.0,0.5,32,kmeans,-406.18959266906967,93.70324898284353,-418.61880886591405,12.429216196844383,0.03168968449131801,0.049495175644539466,0.0015684865000178232,0.3191269225579995,0.2712002334134779
0.1,50.0,0.02,4,uniform,-415.53666026854677,90.26453099930453,-427.96587646539115,12.429216196844383,-0.14392406373163105,0.010062439040803181,0.0014482271178042096,0.3192471819402131,0.3106329700172142
0.1,50.0,0.02,4,kmeans,-415.71093179720765,90.20163077408364,-428.14014799405203,12.429216196844383,-0.11682703142998042,0.000546934103203693,-6.3896687665106e-05,0.32075930574568245,0.3201484749548137
0.1,50.0,0.02,8,uniform,-446.8451583179278,79.63953181062462,-459.2743745147722,12.429216196844383,-0.1700150210270676,0.11104785239224003,-0.018879802959477388,0.33957521201749474,0.20964755666577733
0.1,50.0,0.02,8,kmeans,-447.1414585651408,79.5451988715592,-459.5706747619852,12.429216196844383,-0.1586314814851435,0.22271647328202437,-0.0353298441078739,0.3560252531658913,0.09797893577599298
0.1,50.0,0.02,16,uniform,-446.8451583179278,79.63953181062462,-459.2743745147722,12.429216196844383,-0.1700150210270676,0.11104785239224003,-0.018879802959477388,0.33957521201749474,0.20964755666577733
0.1,50.0,0.02,16,kmeans,-447.1414585651408,79.5451988715592,-459.5706747619852,12.429216196844383,-0.1586314814851435,0.22271647328202437,-0.0353298441078739,0.3560252531658913,0.09797893577599298
0.1,50.0,0.02,32,uniform,-446.8451583179278,79.63953181062462,-459.2743745147722,12.429216196844383,-0.1700150210270676,0.11104785239224003,-0.018879802959477388,0.33957521201749474,0.20964755666577733
0.1,50.0,0.02,32,kmeans,-447.1414585651408,79.5451988715592,-459.5706747619852,12.429216196844383,-0.1586314814851435,0.22271647328202437,-0.0353298441078739,0.3560252531658913,0.09797893577599298
0.1,50.0,0.05,4,uniform,-416.1775559824793,90.0334267491669,-428.6067721793237,12.429216196844383,-0.11440364135025234,0.04210703757251153,0.004817198424767209,0.31587821063325017,0.2785883714855058
0.1,50.0,0.05,4,kmeans,-416.2849995738493,89.99474100397985,-428.71421577069367,12.429216196844383,-0.12459958176808475,0.030879112965616125,-0.0038475245608852126,0.3245429336189026,0.2898162960924012
0.1,50.0,0.05,8,uniform,-452.1437617401463,77.96938008999595,-464.5729779369907,12.429216196844383,-0.17140340852723296,0.14705115899788648,-0.025205069880117826,0.3459004789381352,0.17364425006013087
0.1,50.0,0.05,8,kmeans,-452.38841461167016,77.893115681775,-464.81763080851454,12.429216196844383,-0.16141582132965793,0.2725037823698676,-0.04398642184667054,0.36468183090468786,0.04819162668814975
0.1,50.0,0.05,16,uniform,-452.1437617401463,77.96938008999595,-464.5729779369907,12.429216196844383,-0.17140340852723296,0.14705115899788648,-0.025205069880117826,0.3459004789381352,0.17364425006013087
0.1,50.0,0.05,16,kmeans,-452.38841461167016,77.893115681775,-464.81763080851454,12.429216196844383,-0.16141582132965793,0.2725037823698676,-0.04398642184667054,0.36468183090468786,0.04819162668814975
0.1,50.0,0.05,32,uniform,-452.1437617401463,77.96938008999595,-464.5729779369907,12.429216196844383,-0.17140340852723296,0.14705115899788648,-0.025205069880117826,0.3459004789381352,0.17364425006013087
0.1,50.0,0.05,32,kmeans,-452.38841461167016,77.893115681775,-464.81763080851454,12.429216196844383,-0.16141582132965793,0.2725037823698676,-0.04398642184667054,0.36468183090468786,0.04819162668814975
0.1,50.0,0.1,4,uniform,-421.5368216082527,88.1239148410446,-433.9660378050971,12.429216196844383,-0.1436271098654115,0.025792718350509534,-0.003704533592256248,0.3243999426502736,0.2949026907075078
0.1,50.0,0.1,4,kmeans,-421.53326610648685,88.12516814889617,-433.9624823033312,12.429216196844383,-0.14766267315066073,0.1124753813985061,-0.016608415480943512,0.33730382453896085,0.20822002765951125
0.1,50.0,0.1,8,uniform,-456.8900077933436,76.50309537673621,-469.319223990188,12.429216196844383,-0.17169130220726803,0.20656310683665988,-0.03546508880076516,0.3561604978587825,0.11413230222135748
0.1,50.0,0.1,8,kmeans,-457.2679444172983,76.38752946557032,-469.69716061414266,12.429216196844383,-0.15972313543534006,0.34814773351636796,-0.05560724759194152,0.3763026566499589,0.027452324458350608
0.1,50.0,0.1,16,uniform,-456.8900077933436,76.50309537673621,-469.319223990188,12.429216196844383,-0.17169130220726803,0.20656310683665988,-0.03546508880076516,0.3561604978587825,0.11413230222135748
0.1,50.0,0.1,16,kmeans,-457.2679444172983,76.38752946557032,-469.69716061414266,12.429216196844383,-0.15972313543534006,0.34814773351636796,-0.05560724759194152,0.3763026566499589,0.027452324458350608
0.1,50.0,0.1,32,uniform,-456.8900077933436,76.50309537673621,-469.319223990188,12.429216196844383,-0.17169130220726803,0.20656310683665988,-0.03546508880076516,0.3561604978587825,0.11413230222135748
0.1,50.0,0.1,32,kmeans,-457.2679444172983,76.38752946557032,-469.69716061414266,12.429216196844383,-0.15972313543534006,0.34814773351636796,-0.05560724759194152,0.3763026566499589,0.027452324458350608
0.1,50.0,0.2,4,uniform,-422.48573491857235,87.79006101553836,-434.9149511154167,12.429216196844383,-0.14484114596764136,0.09546146373771386,-0.013826747803518915,0.33452215686153625,0.2252339453203035
0.1,50.0,0.2,4,kmeans,-422.48629200116255,87.78986539049797,-434.91550819800693,12.429216196844383,-0.14280030746552924,0.17755478175841824,-0.025354877427077066,0.3460502864850944,0.14314062729959912
0.1,50.0,0.2,8,uniform,-460.4329983374301,75.42654285175432,-472.8622145342745,12.429216196844383,-0.16599236491625735,0.3429983445036119,-0.0569351063665157,0.3776305154245331,0.02230293544559453
0.1,50.0,0.2,8,kmeans,-461.10316483141094,75.22462024909159,-473.5323810282553,12.429216196844383,-0.15070039746732172,0.4848895018301033,-0.0730730406535282,0.39376844971154557,0.16419409277208596
0.1,50.0,0.2,16,uniform,-460.4329983374301,75.42654285175432,-472.8622145342745,12.429216196844383,-0.16599236491625735,0.3429983445036119,-0.0569351063665157,0.3776305154245331,0.02230293544559453
0.1,50.0,0.2,16,kmeans,-461.10316483141094,75.22462024909159,-473.5323810282553,12.429216196844383,-0.15070039746732172,0.4848895018301033,-0.0730730406535282,0.39376844971154557,0.16419409277208596
0.1,50.0,0.2,32,uniform,-460.4329983374301,75.42654285175432,-472.8622145342745,12.429216196844383,-0.16599236491625735,0.3429983445036119,-0.0569351063665157,0.3776305154245331,0.02230293544559453
0.1,50.0,0.2,32,kmeans,-461.10316483141094,75.22462024909159,-473.5323810282553,12.429216196844383,-0.15070039746732172,0.4848895018301033,-0.0730730406535282,0.39376844971154557,0.16419409277208596
0.1,50.0,0.5,4,uniform,-374.86310380273466,106.21218285945537,-387.29231999957904,12.429216196844383,-0.11295728482725215,0.255864272161734,-0.028901733467690552,0.3495971425257079,0.06483113689628334
0.1,50.0,0.5,4,kmeans,-412.2773209325149,91.44904664442694,-424.7065371293593,12.429216196844383,0.10008342627688253,0.11682727463577926,0.011692473928139123,0.30900293512987825,0.2038681344222381
0.1,50.0,0.5,8,uniform,-413.6569385079246,90.94577771092703,-426.086154704769,12.429216196844383,-0.09189565092375647,0.3712861466688326,-0.03411958212710568,0.35481499118512305,0.05059073761081523
0.1,50.0,0.5,8,kmeans,-415.281599643913,90.35666970385971,-427.7108158407574,12.429216196844383,-0.06720157278159929,0.3920702475690039,-0.026347737277508065,0.3470431463355254,0.07137483851098653
0.1,50.0,0.5,16,uniform,-413.6569385079246,90.94577771092703,-426.086154704769,12.429216196844383,-0.09189565092375647,0.3712861466688326,-0.03411958212710568,0.35481499118512305,0.05059073761081523
0.1,50.0,0.5,16,kmeans,-415.281599643913,90.35666970385971,-427.7108158407574,12.429216196844383,-0.06720157278159929,0.3920702475690039,-0.026347737277508065,0.3470431463355254,0.07137483851098653
0.1,50.0,0.5,32,uniform,-413.6569385079246,90.94577771092703,-426.086154704769,12.429216196844383,-0.09189565092375647,0.3712861466688326,-0.03411958212710568,0.35481499118512305,0.05059073761081523
0.1,50.0,0.5,32,kmeans,-415.281599643913,90.35666970385971,-427.7108158407574,12.429216196844383,-0.06720157278159929,0.3920702475690039,-0.026347737277508065,0.3470431463355254,0.07137483851098653
0.2,0.5,0.02,4,uniform,-456.0760786237226,76.75257367527426,-468.505294820567,12.429216196844383,0.32689107904072623,0.14713719200142716,0.04809783546036904,0.2725975735976483,0.1735582170565902
0.2,0.5,0.02,4,kmeans,-458.4621602245227,76.02350682031343,-470.89137642136706,12.429216196844383,0.404947081077213,0.15296154518875665,0.06194133124124722,0.2587540778167701,0.1677338638692607
0.2,0.5,0.02,8,uniform,-451.77615821040956,78.08411169814288,-464.20537440725394,12.429216196844383,0.2862201280522334,0.16546344385401687,0.04735896808786024,0.27333644097015714,0.15523196520400048
0.2,0.5,0.02,8,kmeans,-453.39986768036863,77.57861139986719,-465.829083877213,12.429216196844383,0.34536554059975777,0.16490902889799225,0.05695389591513617,0.2637415131428812,0.1557863801600251
0.2,0.5,0.02,16,uniform,-451.77615821040956,78.08411169814288,-464.20537440725394,12.429216196844383,0.2862201280522334,0.16546344385401687,0.04735896808786024,0.27333644097015714,0.15523196520400048
0.2,0.5,0.02,16,kmeans,-453.39986768036863,77.57861139986719,-465.829083877213,12.429216196844383,0.34536554059975777,0.16490902889799225,0.05695389591513617,0.2637415131428812,0.1557863801600251
0.2,0.5,0.02,32,uniform,-451.77615821040956,78.08411169814288,-464.20537440725394,12.429216196844383,0.2862201280522334,0.16546344385401687,0.04735896808786024,0.27333644097015714,0.15523196520400048
0.2,0.5,0.02,32,kmeans,-453.39986768036863,77.57861139986719,-465.829083877213,12.429216196844383,0.34536554059975777,0.16490902889799225,0.05695389591513617,0.2637415131428812,0.1557863801600251
0.2,0.5,0.05,4,uniform,-459.18558583359214,75.80383539856093,-471.6148020304365,12.429216196844383,0.3454671989145915,0.14819803897797726,0.05119756141035725,0.2694978476476601,0.1724973700800401
0.2,0.5,0.05,4,kmeans,-461.69410686597104,75.04701667806076,-474.1233230628154,12.429216196844383,0.4273790075413243,0.15284594371056578,0.06532314772973873,0.2553722613282786,0.16784946534745157
0.2,0.5,0.05,8,uniform,-454.50811942390396,77.23546601936235,-466.93733562074834,12.429216196844383,0.30157192772173486,0.16528581376147347,0.04984556148110321,0.27084984757691416,0.15540959529654388
0.2,0.5,0.05,8,kmeans,-456.26885568278624,76.69341194653877,-468.6980718796306,12.429216196844383,0.36464465573204635,0.1645073748295826,0.059986735060115856,0.2607086739979015,0.15618803422843475
0.2,0.5,0.05,16,uniform,-454.50811942390396,77.23546601936235,-466.93733562074834,12.429216196844383,0.30157192772173486,0.16528581376147347,0.04984556148110321,0.27084984757691416,0.15540959529654388
0.2,0.5,0.05,16,kmeans,-456.26885568278624,76.69341194653877,-468.6980718796306,12.429216196844383,0.36464465573204635,0.1645073748295826,0.059986735060115856,0.2607086739979015,0.15618803422843475
0.2,0.5,0.05,32,uniform,-454.50811942390396,77.23546601936235,-466.93733562074834,12.429216196844383,0.30157192772173486,0.16528581376147347,0.04984556148110321,0.27084984757691416,0.15540959529654388
0.2,0.5,0.05,32,kmeans,-456.26885568278624,76.69341194653877,-468.6980718796306,12.429216196844383,0.36464465573204635,0.1645073748295826,0.059986735060115856,0.2607086739979015,0.15618803422843475
0.2,0.5,0.1,4,uniform,-464.82593492914606,74.11274345092043,-477.25515112599044,12.429216196844383,0.3791423494490692,0.14953254688186063,0.056694121143891725,0.26400128791412564,0.17116286217615673
0.2,0.5,0.1,4,kmeans,-467.5869388935916,73.29874432025827,-480.016155090436,12.429216196844383,0.4685642544192959,0.15240558973092805,0.0714118115216054,0.24928359753641194,0.1682898193270893
0.2,0.5,0.1,8,uniform,-459.51654581335305,75.70354965102733,-471.9457620101974,12.429216196844383,0.3296589640641227,0.1649155796992191,0.05436589916167883,0.2663295098963385,0.15577982935879825
0.2,0.5,0.1,8,kmeans,-461.53701749288336,75.09418785189749,-473.96623368972774,12.429216196844383,0.3999790499299191,0.1637221453680196,0.0654854281567886,0.25520998090122876,0.15697326368999776
0.2,0.5,0.1,16,uniform,-459.51654581335305,75.70354965102733,-471.9457620101974,12.429216196844383,0.3296589640641227,0.1649155796992191,0.05436589916167883,0.2663295098963385,0.15577982935879825
0.2,0.5,0.1,16,kmeans,-461.53701749288336,75.09418785189749,-473.96623368972774,12.429216196844383,0.3999790499299191,0.1637221453680196,0.0654854281567886,0.25520998090122876,0.15697326368999776
0.2,0.5,0.1,32,uniform,-459.51654581335305,75.70354965102733,-471.9457620101974,12.429216196844383,0.3296589640641227,0.1649155796992191,0.05436589916167883,0.2663295098963385,0.15577982935879825
0.2,0.5,0.1,32,kmeans,-461.53701749288336,75.09418785189749,-473.96623368972774,12.429216196844383,0.3999790499299191,0.1637221453680196,0.0654854281567886,0.25520998090122876,0.15697326368999776
0.2,0.5,0.2,4,uniform,-477.8037339378494,70.36361504943545,-490.2329501346938,12.429216196844383,0.45786835724963665,0.15059873219380884,0.06895439411345722,0.25174101494456014,0.1700966768642085
0.2,0.5,0.2,4,kmeans,-481.2497894051463,69.40036147044339,-493.6790056019907,12.429216196844383,0.5663919095543369,0.15034330373887814,0.08515323089337087,0.23554217816464648,0.17035210531913922
0.2,0.5,0.2,8,uniform,-471.2026736692986,72.24625841086251,-483.63188986614296,12.429216196844383,0.3961789368274497,0.16367429692351732,0.0648443089411394,0.25585110011687795,0.15702111213450004
0.2,0.5,0.2,8,kmeans,-473.85479276966686,71.48388663465806,-486.28400896651124,12.429216196844383,0.48357836340252547,0.16139943375496021,0.07804927402931798,0.24264613502869936,0.15929597530305714
0.2,0.5,0.2,16,uniform,-471.2026736692986,72.24625841086251,-483.63188986614296,12.429216196844383,0.3961789368274497,0.16367429692351732,0.0648443089411394,0.25585110011687795,0.15702111213450004
0.2,0.5,0.2,16,kmeans,-473.85479276966686,71.48388663465806,-486.28400896651124,12.429216196844383,0.48357836340252547,0.16139943375496021,0.07804927402931798,0.24264613502869936,0.15929597530305714
0.2,0.5,0.2,32,uniform,-471.2026736692986,72.24625841086251,-483.63188986614296,12.429216196844383,0.3961789368274497,0.16367429692351732,0.0648443089411394,0.25585110011687795,0.15702111213450004
0.2,0.5,0.2,32,kmeans,-473.85479276966686,71.48388663465806,-486.28400896651124,12.429216196844383,0.48357836340252547,0.16139943375496021,0.07804927402931798,0.24264613502869936,0.15929597530305714
0.2,0.5,0.5,4,uniform,-527.4491130245332,57.69063074317222,-539.8783292213776,12.429216196844383,0.8198732938488216,0.14031838572242014,0.11504329708979005,0.2056521119682273,0.18037702333559721
0.2,0.5,0.5,4,kmeans,-534.3712985823721,56.11516177013742,-546.8005147792165,12.429216196844383,1.0251623671180277,0.13055863203697504,0.13384379626671689,0.18685161279130047,0.1901367770210423
0.2,0.5,0.5,8,uniform,-518.8241718034582,59.715674860478195,-531.2533880003026,12.429216196844383,0.7078930478221754,0.152128815787725,0.10769093106955092,0.21300447798846645,0.16856659327029236
0.2,0.5,0.5,8,kmeans,-524.401604872736,58.398185207383904,-536.8308210695805,12.429216196844383,0.8739622299025849,0.14373843282238533,0.12562196127215478,0.19507344778586258,0.17695697623563203
0.2,0.5,0.5,16,uniform,-518.8241718034582,59.715674860478195,-531.2533880003026,12.429216196844383,0.7078930478221754,0.152128815787725,0.10769093106955092,0.21300447798846645,0.16856659327029236
0.2,0.5,0.5,16,kmeans,-524.401604872736,58.398185207383904,-536.8308210695805,12.429216196844383,0.8739622299025849,0.14373843282238533,0.12562196127215478,0.19507344778586258,0.17695697623563203
0.2,0.5,0.5,32,uniform,-518.8241718034582,59.715674860478195,-531.2533880003026,12.429216196844383,0.7078930478221754,0.152128815787725,0.10769093106955092,0.21300447798846645,0.16856659327029236
0.2,0.5,0.5,32,kmeans,-524.401604872736,58.398185207383904,-536.8308210695805,12.429216196844383,0.8739622299025849,0.14373843282238533,0.12562196127215478,0.19507344778586258,0.17695697623563203
0.2,1.0,0.02,4,uniform,-428.3476676805094,85.75552906906849,-440.7768838773538,12.429216196844383,0.12211668897065968,0.1098845598073598,0.013418738612673209,0.3072766704453441,0.21081084925065757
0.2,1.0,0.02,4,kmeans,-433.4474414576911,84.02391559605435,-445.8766576545355,12.429216196844383,0.20217839271223043,0.18595935082927992,0.03759696266047359,0.2830984463975438,0.13473605822873744
0.2,1.0,0.02,8,uniform,-446.7506945000338,79.66962971351286,-459.17991069687815,12.429216196844383,0.13693783208922108,0.27577395640703684,0.03776388773704698,0.2829315213209704,0.04492145265098052
0.2,1.0,0.02,8,kmeans,-448.854892506506,79.00188110209523,-461.2841087033504,12.429216196844383,0.17238120260619272,0.3093523435737477,0.05332652901428674,0.2673688800437306,0.011343065484269665
0.2,1.0,0.02,16,uniform,-446.7506945000338,79.66962971351286,-459.17991069687815,12.429216196844383,0.13693783208922108,0.27577395640703684,0.03776388773704698,0.2829315213209704,0.04492145265098052
0.2,1.0,0.02,16,kmeans,-448.854892506506,79.00188110209523,-461.2841087033504,12.429216196844383,0.17238120260619272,0.3093523435737477,0.05332652901428674,0.2673688800437306,0.011343065484269665
0.2,1.0,0.02,32,uniform,-446.7506945000338,79.66962971351286,-459.17991069687815,12.429216196844383,0.13693783208922108,0.27577395640703684,0.03776388773704698,0.2829315213209704,0.04492145265098052
0.2,1.0,0.02,32,kmeans,-448.854892506506,79.00188110209523,-461.2841087033504,12.429216196844383,0.17238120260619272,0.3093523435737477,0.05332652901428674,0.2673688800437306,0.011343065484269665
0.2,1.0,0.05,4,uniform,-433.5855024078582,83.9775267197219,-446.0147186047026,12.429216196844383,0.1419913413971135,0.12591693103571142,0.017879113942368498,0.30281629511564884,0.19477847802230594
0.2,1.0,0.05,4,kmeans,-438.36109589954805,82.3885812319505,-450.7903120963924,12.429216196844383,0.21936930211571237,0.19736618748333376,0.04329608280945777,0.27739932624855956,0.1233292215746836
0.2,1.0,0.05,8,uniform,-450.57274182389756,78.46088860779834,-463.00195802074194,12.429216196844383,0.14671508657726343,0.2853858602814143,0.041870411199114506,0.27882499785890286,0.03530954877660303
0.2,1.0,0.05,8,kmeans,-452.6748985258296,77.80390630697208,-465.10411472267396,12.429216196844383,0.18261760062952198,0.31321118292042277,0.05719787471526192,0.2634975343427554,0.007484226137594585
0.2,1.0,0.05,16,uniform,-450.57274182389756,78.46088860779834,-463.00195802074194,12.429216196844383,0.14671508657726343,0.2853858602814143,0.041870411199114506,0.27882499785890286,0.03530954877660303
0.2,1.0,0.05,16,kmeans,-452.6748985258296,77.80390630697208,-465.10411472267396,12.429216196844383,0.18261760062952198,0.31321118292042277,0.05719787471526192,0.2634975343427554,0.007484226137594585
0.2,1.0,0.05,32,uniform,-450.57274182389756,78.46088860779834,-463.00195802074194,12.429216196844383,0.14671508657726343,0.2853858602814143,0.041870411199114506,0.27882499785890286,0.03530954877660303
0.2,1.0,0.05,32,kmeans,-452.6748985258296,77.80390630697208,-465.10411472267396,12.429216196844383,0.18261760062952198,0.31321118292042277,0.05719787471526192,0.2634975343427554,0.007484226137594585
0.2,1.0,0.1,4,uniform,-442.913118586686,80.90201728424182,-455.34233478353036,12.429216196844383,0.1749275377050029,0.151007789327964,0.026415420761416557,0.2942799882966008,0.16968761973005336
0.2,1.0,0.1,4,kmeans,-447.22810061119714,79.51763581293773,-459.6573168080415,12.429216196844383,0.24847804279265878,0.21425499781970675,0.053237662516786105,0.2674577465412312,0.1064404112383106
0.2,1.0,0.1,8,uniform,-457.01132786005326,76.46597894086294,-469.44054405689764,12.429216196844383,0.16337108317665328,0.29843512568611424,0.04875566974130115,0.2719397393167162,0.02226028337190311
0.2,1.0,0.1,8,kmeans,-459.18540526782465,75.8038901488916,-471.614621464669,12.429216196844383,0.20085792048557305,0.31734887910301474,0.06374203592505907,0.2569533731329583,0.0033465299550026195
0.2,1.0,0.1,16,uniform,-457.01132786005326,76.46597894086294,-469.44054405689764,12.429216196844383,0.16337108317665328,0.29843512568611424,0.04875566974130115,0.2719397393167162,0.02226028337190311
0.2,1.0,0.1,16,kmeans,-459.18540526782465,75.8038901488916,-471.614621464669,12.429216196844383,0.20085792048557305,0.31734887910301474,0.06374203592505907,0.2569533731329583,0.0033465299550026195
0.2,1.0,0.1,32,uniform,-457.01132786005326,76.46597894086294,-469.44054405689764,12.429216196844383,0.16337108317665328,0.29843512568611424,0.04875566974130115,0.2719397393167162,0.02226028337190311
0.2,1.0,0.1,32,kmeans,-459.18540526782465,75.8038901488916,-471.614621464669,12.429216196844383,0.20085792048557305,0.31734887910301474,0.06374203592505907,0.2569533731329583,0.0033465299550026195
0.2,1.0,0.2,4,uniform,-463.1078633341012,74.62382157450816,-475.53707953094556,12.429216196844383,0.23966043684560684,0.19333676652940304,0.04633517392475383,0.2743602351332635,0.1273586425286143
0.2,1.0,0.2,4,kmeans,-466.8774643397186,73.50705413718802,-479.30668053656296,12.429216196844383,0.3091527373865067,0.23908032521681488,0.0739123369960346,0.24678307206198274,0.08161508384120247
0.2,1.0,0.2,8,uniform,-470.29291221154307,72.50964480325672,-482.72212840838745,12.429216196844383,0.19913164426969412,0.31369748014347715,0.062467095024230326,0.25822831403378704,0.006997928914540208
0.2,1.0,0.2,8,kmeans,-472.8944194654301,71.75901962269538,-485.32363566227446,12.429216196844383,0.2429408434915339,0.31857316403951697,0.07739443318552704,0.24330097587249033,0.0021222450185003905
0.2,1.0,0.2,16,uniform,-470.29291221154307,72.50964480325672,-482.72212840838745,12.429216196844383,0.19913164426969412,0.31369748014347715,0.062467095024230326,0.25822831403378704,0.006997928914540208
0.2,1.0,0.2,16,kmeans,-472.8944194654301,71.75901962269538,-485.32363566227446,12.429216196844383,0.2429408434915339,0.31857316403951697,0.07739443318552704,0.24330097587249033,0.0021222450185003905
0.2,1.0,0.2,32,uniform,-470.29291221154307,72.50964480325672,-482.72212840838745,12.429216196844383,0.19913164426969412,0.31369748014347715,0.062467095024230326,0.25822831403378704,0.006997928914540208
0.2,1.0,0.2,32,kmeans,-472.8944194654301,71.75901962269538,-485.32363566227446,12.429216196844383,0.2429408434915339,0.31857316403951697,0.07739443318552704,0.24330097587249033,0.0021222450185003905
0.2,1.0,0.5,4,uniform,-525.8948901960623,58.05040430212979,-538.3241063929067,12.429216196844383,0.4505446554064956,0.24590932651647532,0.11079313277660878,0.20990227628140856,0.07478608254154204
0.2,1.0,0.5,4,kmeans,-531.3187239818883,56.804544861792095,-543.7479401787327,12.429216196844383,0.5487987169387241,0.24197184877123842,0.1327938401409466,0.18790156891707074,0.07872356028677893
0.2,1.0,0.5,8,uniform,-518.7844838682776,59.725155580331254,-531.213700065122,12.429216196844383,0.3554210049950313,0.3026064180776493,0.10755267723110473,0.21314273182691262,0.018088990980368036
0.2,1.0,0.5,8,kmeans,-524.288615389949,58.42458469563294,-536.7178315867934,12.429216196844383,0.43813652496582917,0.28660277807270274,0.12557114523032673,0.19512426382769063,0.03409263098531462
0.2,1.0,0.5,16,uniform,-518.7844838682776,59.725155580331254,-531.213700065122,12.429216196844383,0.3554210049950313,0.3026064180776493,0.10755267723110473,0.21314273182691262,0.018088990980368036
0.2,1.0,0.5,16,kmeans,-524.288615389949,58.42458469563294,-536.7178315867934,12.429216196844383,0.43813652496582917,0.28660277807270274,0.12557114523032673,0.19512426382769063,0.03409263098531462
0.2,1.0,0.5,32,uniform,-518.7844838682776,59.725155580331254,-531.213700065122,12.429216196844383,0.3554210049950313,0.3026064180776493,0.10755267723110473,0.21314273182691262,0.018088990980368036
0.2,1.0,0.5,32,kmeans,-524.288615389949,58.42458469563294,-536.7178315867934,12.429216196844383,0.43813652496582917,0.28660277807270274,0.12557114523032673,0.19512426382769063,0.03409263098531462
0.2,5.0,0.02,4,uniform,-423.3193295660693,87.49782320218699,-435.7485457629137,12.429216196844383,-0.17822191581543848,0.1432196106626114,-0.025524873394631806,0.3462202824526492,0.17747579839540595
0.2,5.0,0.02,4,kmeans,-423.8562728558178,87.31009939228504,-436.2854890526622,12.429216196844383,-0.15475699699191392,0.19656316770579585,-0.03041952555336692,0.35111493461138427,0.1241322413522215
0.2,5.0,0.02,8,uniform,-453.29246397200274,77.61194748240932,-465.7216801688471,12.429216196844383,-0.16837801486732276,0.4252762923227466,-0.07160717787143933,0.3923025869294567,0.10458088326472925
0.2,5.0,0.02,8,kmeans,-454.9639683616526,77.09476351595274,-467.39318455849696,12.429216196844383,-0.14392644199439844,0.5208287402369135,-0.07496102747072375,0.3956564365287411,0.20013333117889615
0.2,5.0,0.02,16,uniform,-453.29246397200274,77.61194748240932,-465.7216801688471,12.429216196844383,-0.16837801486732276,0.4252762923227466,-0.07160717787143933,0.3923025869294567,0.10458088326472925
0.2,5.0,0.02,16,kmeans,-454.9639683616526,77.09476351595274,-467.39318455849696,12.429216196844383,-0.14392644199439844,0.5208287402369135,-0.07496102747072375,0.3956564365287411,0.20013333117889615
0.2,5.0,0.02,32,uniform,-453.29246397200274,77.61194748240932,-465.7216801688471,12.429216196844383,-0.16837801486732276,0.4252762923227466,-0.07160717787143933,0.3923025869294567,0.10458088326472925
0.2,5.0,0.02,32,kmeans,-454.9639683616526,77.09476351595274,-467.39318455849696,12.429216196844383,-0.14392644199439844,0.5208287402369135,-0.07496102747072375,0.3956564365287411,0.20013333117889615
0.2,5.0,0.05,4,uniform,-421.8337356086685,88.0193160706666,-434.2629518055129,12.429216196844383,-0.17656459800761762,0.1569563124304974,-0.02771292820904881,0.34840833726706616,0.16373909662751995
0.2,5.0,0.05,4,kmeans,-422.5479864165402,87.76820348575947,-434.9772026133846,12.429216196844383,-0.14962046546901434,0.20273622141923622,-0.03033348781617528,0.35102889687419264,0.11795918763878113
0.2,5.0,0.05,8,uniform,-450.4565900553076,78.49735056129119,-462.88580625215195,12.429216196844383,-0.16449241305095713,0.4538026828794175,-0.07464709835583365,0.395342507413851,0.13310727382140014
0.2,5.0,0.05,8,kmeans,-452.2665550190847,77.93109303020049,-464.6957712159291,12.429216196844383,-0.13906759742430955,0.5324825112599818,-0.07405106351138853,0.39474647256940587,0.21178710220196445
0.2,5.0,0.05,16,uniform,-450.4565900553076,78.49735056129119,-462.88580625215195,12.429216196844383,-0.16449241305095713,0.4538026828794175,-0.07464709835583365,0.395342507413851,0.13310727382140014
0.2,5.0,0.05,16,kmeans,-452.2665550190847,77.93109303020049,-464.6957712159291,12.429216196844383,-0.13906759742430955,0.5324825112599818,-0.07405106351138853,0.39474647256940587,0.21178710220196445
0.2,5.0,0.05,32,uniform,-450.4565900553076,78.49735056129119,-462.88580625215195,12.429216196844383,-0.16449241305095713,0.4538026828794175,-0.07464709835583365,0.395342507413851,0.13310727382140014
0.2,5.0,0.05,32,kmeans,-452.2665550190847,77.93109303020049,-464.6957712159291,12.429216196844383,-0.13906759742430955,0.5324825112599818,-0.07405106351138853,0.39474647256940587,0.21178710220196445
0.2,5.0,0.1,4,uniform,-417.42445346492934,89.58549491528113,-429.8536696617737,12.429216196844383,-0.17258748367603577,0.18062478928721123,-0.03117357787259397,0.3518689869306113,0.14007061977080612
0.2,5.0,0.1,4,kmeans,-418.7923905004425,89.09664430331753,-431.22160669728686,12.429216196844383,-0.13449690076925672,0.19915981443846437,-0.02678637779975372,0.3474817868577711,0.12153559461955299
0.2,5.0,0.1,8,uniform,-443.1820244943791,80.81504394634736,-455.6112406912235,12.429216196844383,-0.15713385269092298,0.4989564871978891,-0.0784029551585335,0.39909836421655087,0.17826107813987174
0.2,5.0,0.1,8,kmeans,-445.4155368283461,80.09625399009093,-457.84475302519047,12.429216196844383,-0.12865280790325484,0.5307528048154054,-0.06828283864203007,0.3889782477000474,0.21005739575738808
0.2,5.0,0.1,16,uniform,-443.1820244943791,80.81504394634736,-455.6112406912235,12.429216196844383,-0.15713385269092298,0.4989564871978891,-0.0784029551585335,0.39909836421655087,0.17826107813987174
0.2,5.0,0.1,16,kmeans,-445.4155368283461,80.09625399009093,-457.84475302519047,12.429216196844383,-0.12865280790325484,0.5307528048154054,-0.06828283864203007,0.3889782477000474,0.21005739575738808
0.2,5.0,0.1,32,uniform,-443.1820244943791,80.81504394634736,-455.6112406912235,12.429216196844383,-0.15713385269092298,0.4989564871978891,-0.0784029551585335,0.39909836421655087,0.17826107813987174
0.2,5.0,0.1,32,kmeans,-445.4155368283461,80.09625399009093,-457.84475302519047,12.429216196844383,-0.12865280790325484,0.5307528048154054,-0.06828283864203007,0.3889782477000474,0.21005739575738808
0.2,5.0,0.2,4,uniform,-402.73022297261497,95.00887817798935,-415.15943916945935,12.429216196844383,-0.15091475715111474,0.20407994931977874,-0.030798675991006212,0.3514940850490236,0.11661545973823861
0.2,5.0,0.2,4,kmeans,-407.7791110700457,93.10936680283297,-420.2083272668901,12.429216196844383,-0.07415175601190745,0.13358101222833982,-0.009905266626579479,0.33060067568459683,0.18711439682967754
0.2,5.0,0.2,8,uniform,-417.52293689179027,89.55021111933036,-429.95215308863465,12.429216196844383,-0.1380407707740593,0.5464196269545625,-0.07542818647088174,0.3961235955288991,0.22572421789654512
0.2,5.0,0.2,8,kmeans,-422.7930495595307,87.68221063279907,-435.22226575637507,12.429216196844383,-0.09147507065504905,0.4006701891140732,-0.036651333858581714,0.35734674291659907,0.07997478005605585
0.2,5.0,0.2,16,uniform,-417.52293689179027,89.55021111933036,-429.95215308863465,12.429216196844383,-0.1380407707740593,0.5464196269545625,-0.07542818647088174,0.3961235955288991,0.22572421789654512
0.2,5.0,0.2,16,kmeans,-422.7930495595307,87.68221063279907,-435.22226575637507,12.429216196844383,-0.09147507065504905,0.4006701891140732,-0.036651333858581714,0.35734674291659907,0.07997478005605585
0.2,5.0,0.2,32,uniform,-417.52293689179027,89.55021111933036,-429.95215308863465,12.429216196844383,-0.1380407707740593,0.5464196269545625,-0.07542818647088174,0.3961235955288991,0.22572421789654512
0.2,5.0,0.2,32,kmeans,-422.7930495595307,87.68221063279907,-435.22226575637507,12.429216196844383,-0.09147507065504905,0.4006701891140732,-0.036651333858581714,0.35734674291659907,0.07997478005605585
0.2,5.0,0.5,4,uniform,-444.32703031277754,80.44575548462386,-456.7562465096219,12.429216196844383,0.1266487086527546,0.10136061507134982,0.01283719100703539,0.30785821805098196,0.21933479398666755
0.2,5.0,0.5,4,kmeans,-459.0099909890267,75.85709715212741,-471.43920718587106,12.429216196844383,0.24728862482468278,0.29463100799508757,0.07285889679781532,0.24783651226020204,0.026064401062929787
0.2,5.0,0.5,8,uniform,-436.83788739212866,82.89209353414438,-449.26710358897304,12.429216196844383,0.06735137686974442,0.18751196220663344,0.01262918883416424,0.3080662202238531,0.13318344685138392
0.2,5.0,0.5,8,kmeans,-450.0409816518801,78.62795572658145,-462.47019784872447,12.429216196844383,0.13885304006187987,0.4813048449715235,0.06683064092080783,0.25386476813720954,0.16060943591350613
0.2,5.0,0.5,16,uniform,-436.83788739212866,82.89209353414438,-449.26710358897304,12.429216196844383,0.06735137686974442,0.18751196220663344,0.01262918883416424,0.3080662202238531,0.13318344685138392
0.2,5.0,0.5,16,kmeans,-450.0409816518801,78.62795572658145,-462.47019784872447,12.429216196844383,0.13885304006187987,0.4813048449715235,0.06683064092080783,0.25386476813720954,0.16060943591350613
0.2,5.0,0.5,32,uniform,-436.83788739212866,82.89209353414438,-449.26710358897304,12.429216196844383,0.06735137686974442,0.18751196220663344,0.01262918883416424,0.3080662202238531,0.13318344685138392
0.2,5.0,0.5,32,kmeans,-450.0409816518801,78.62795572658145,-462.47019784872447,12.429216196844383,0.13885304006187987,0.4813048449715235,0.06683064092080783,0.25386476813720954,0.16060943591350613
0.2,10.0,0.02,4,uniform,-425.18561913435354,86.84707011295434,-437.6148353311979,12.429216196844383,-0.17744182049501053,0.0898439985850315,-0.015942082669479142,0.3366374917274965,0.23085141047298585
0.2,10.0,0.02,4,kmeans,-425.3832587925692,86.7784395437562,-437.8124749894136,12.429216196844383,-0.1633677665976353,0.15757183346517337,-0.025742158511899902,0.3464375675699173,0.163123575592844
0.2,10.0,0.02,8,uniform,-458.145587444639,76.11983568920026,-470.57480364148336,12.429216196844383,-0.18223590603406287,0.2885350942338818,-0.052581454320335154,0.37327686337835253,0.03216031482413556
0.2,10.0,0.02,8,kmeans,-459.29892360559614,75.76947743600529,-471.7281398024405,12.429216196844383,-0.16090558868016772,0.4073911280167656,-0.06555150927661524,0.3862469183346326,0.08669571895874822
0.2,10.0,0.02,16,uniform,-458.145587444639,76.11983568920026,-470.57480364148336,12.429216196844383,-0.18223590603406287,0.2885350942338818,-0.052581454320335154,0.37327686337835253,0.03216031482413556
0.2,10.0,0.02,16,kmeans,-459.29892360559614,75.76947743600529,-471.7281398024405,12.429216196844383,-0.16090558868016772,0.4073911280167656,-0.06555150927661524,0.3862469183346326,0.08669571895874822
0.2,10.0,0.02,32,uniform,-458.145587444639,76.11983568920026,-470.57480364148336,12.429216196844383,-0.18223590603406287,0.2885350942338818,-0.052581454320335154,0.37327686337835253,0.03216031482413556
0.2,10.0,0.02,32,kmeans,-459.29892360559614,75.76947743600529,-471.7281398024405,12.429216196844383,-0.16090558868016772,0.4073911280167656,-0.06555150927661524,0.3862469183346326,0.08669571895874822
0.2,10.0,0.05,4,uniform,-425.8363181236334,86.62131882968595,-438.2655343204778,12.429216196844383,-0.17748804572485222,0.10431560975307429,-0.01851477371366949,0.33921018277168685,0.21637979930494305
0.2,10.0,0.05,4,kmeans,-426.0148814735192,86.55947134825485,-438.4440976703636,12.429216196844383,-0.16511785405050414,0.17848069190894508,-0.02947034883745419,0.35016575789547155,0.14221471714907227
0.2,10.0,0.05,8,uniform,-458.65270207320066,75.96558625756902,-471.08191827004504,12.429216196844383,-0.1795481675181072,0.3162830190361666,-0.056788036485038336,0.3774834455430557,0.004412390021850732
0.2,10.0,0.05,8,kmeans,-459.7918294603132,75.62023573242061,-472.22104565715756,12.429216196844383,-0.15859805648677672,0.43690826510840136,-0.06929280170920185,0.38998821076721923,0.116212856050384
0.2,10.0,0.05,16,uniform,-458.65270207320066,75.96558625756902,-471.08191827004504,12.429216196844383,-0.1795481675181072,0.3162830190361666,-0.056788036485038336,0.3774834455430557,0.004412390021850732
0.2,10.0,0.05,16,kmeans,-459.7918294603132,75.62023573242061,-472.22104565715756,12.429216196844383,-0.15859805648677672,0.43690826510840136,-0.06929280170920185,0.38998821076721923,0.116212856050384
0.2,10.0,0.05,32,uniform,-458.65270207320066,75.96558625756902,-471.08191827004504,12.429216196844383,-0.1795481675181072,0.3162830190361666,-0.056788036485038336,0.3774834455430557,0.004412390021850732
0.2,10.0,0.05,32,kmeans,-459.7918294603132,75.62023573242061,-472.22104565715756,12.429216196844383,-0.15859805648677672,0.43690826510840136,-0.06929280170920185,0.38998821076721923,0.116212856050384
0.2,10.0,0.1,4,uniform,-425.6399587483578,86.6893811877553,-438.0691749452022,12.429216196844383,-0.1782477571518216,0.13403641193711474,-0.02389168980446835,0.34458709886248573,0.18665899712090261
0.2,10.0,0.1,4,kmeans,-425.9102391404295,86.59571007206677,-438.3394553372739,12.429216196844383,-0.16211955317585341,0.2019386640687459,-0.03273820598775385,0.3534336150457712,0.11875674498927147
0.2,10.0,0.1,8,uniform,-457.6474267835912,76.27166654194171,-470.07664298043557,12.429216196844383,-0.1743624025031135,0.36559321890501495,-0.0637457119871251,0.38444112104514244,0.044897809846997594
0.2,10.0,0.1,8,kmeans,-458.86454410990035,75.90124270470965,-471.29376030674473,12.429216196844383,-0.1530863086595196,0.4822191348717561,-0.07382114732250417,0.3945165563805215,0.16152372581373875
0.2,10.0,0.1,16,uniform,-457.6474267835912,76.27166654194171,-470.07664298043557,12.429216196844383,-0.1743624025031135,0.36559321890501495,-0.0637457119871251,0.38444112104514244,0.044897809846997594
0.2,10.0,0.1,16,kmeans,-458.86454410990035,75.90124270470965,-471.29376030674473,12.429216196844383,-0.1530863086595196,0.4822191348717561,-0.07382114732250417,0.3945165563805215,0.16152372581373875
0.2,10.0,0.1,32,uniform,-457.6474267835912,76.27166654194171,-470.07664298043557,12.429216196844383,-0.1743624025031135,0.36559321890501495,-0.0637457119871251,0.38444112104514244,0.044897809846997594
0.2,10.0,0.1,32,kmeans,-458.86454410990035,75.90124270470965,-471.29376030674473,12.429216196844383,-0.1530863086595196,0.4822191348717561,-0.07382114732250417,0.3945165563805215,0.16152372581373875
0.2,10.0,0.2,4,uniform,-419.04164012744076,89.00785934846759,-431.47085632428514,12.429216196844383,-0.17134248916847944,0.18665154642095905,-0.03198134057091311,0.3526767496289305,0.1340438626370583
0.2,10.0,0.2,4,kmeans,-420.0602736128502,88.64593164854817,-432.4894898096946,12.429216196844383,-0.13824988331326268,0.21468728812804325,-0.029680492532542783,0.35037590159056015,0.10600812092997411
0.2,10.0,0.2,8,uniform,-446.7588461258977,79.66703200780755,-459.1880623227421,12.429216196844383,-0.1616859357817028,0.470467799723958,-0.07606802645352688,0.39676343551154425,0.14977239066594067
0.2,10.0,0.2,8,kmeans,-448.74596170171077,79.0363115565801,-461.17517789855515,12.429216196844383,-0.1345900440139316,0.5241601320864431,-0.07054673524786258,0.39124214430587995,0.20346472302842572
0.2,10.0,0.2,16,uniform,-446.7588461258977,79.66703200780755,-459.1880623227421,12.429216196844383,-0.1616859357817028,0.470467799723958,-0.07606802645352688,0.39676343551154425,0.14977239066594067
0.2,10.0,0.2,16,kmeans,-448.74596170171077,79.0363115565801,-461.17517789855515,12.429216196844383,-0.1345900440139316,0.5241601320864431,-0.07054673524786258,0.39124214430587995,0.20346472302842572
0.2,10.0,0.2,32,uniform,-446.7588461258977,79.66703200780755,-459.1880623227421,12.429216196844383,-0.1616859357817028,0.470467799723958,-0.07606802645352688,0.39676343551154425,0.14977239066594067
0.2,10.0,0.2,32,kmeans,-448.74596170171077,79.0363115565801,-461.17517789855515,12.429216196844383,-0.1345900440139316,0.5241601320864431,-0.07054673524786258,0.39124214430587995,0.20346472302842572
0.2,10.0,0.5,4,uniform,-407.5575135934723,93.1919345939711,-419.9867297903167,12.429216196844383,0.0174922594365925,0.03138059763420429,-0.0005489175550928223,0.3212443266131102,0.28931481142381305
0.2,10.0,0.5,4,kmeans,-422.5336083042481,87.77325139525851,-434.9628245010925,12.429216196844383,0.14974087337395592,0.14175142036215413,0.021225981487027718,0.29946942757098965,0.17894398869586323
0.2,10.0,0.5,8,uniform,-383.7041219780972,102.52172688415041,-396.13333817494157,12.429216196844383,-0.07614590382347045,0.3820493807692934,-0.029091495403875053,0.3497869044618924,0.061353971711276045
0.2,10.0,0.5,8,kmeans,-405.4609167334529,93.97676460820743,-417.8901329302973,12.429216196844383,0.02848666022256229,0.024728808515527917,0.0007044411658906488,0.3199909678921267,0.29596660054248947
0.2,10.0,0.5,16,uniform,-383.7041219780972,102.52172688415041,-396.13333817494157,12.429216196844383,-0.07614590382347045,0.3820493807692934,-0.029091495403875053,0.3497869044618924,0.061353971711276045
0.2,10.0,0.5,16,kmeans,-405.4609167334529,93.97676460820743,-417.8901329302973,12.429216196844383,0.02848666022256229,0.024728808515527917,0.0007044411658906488,0.3199909678921267,0.29596660054248947
0.2,10.0,0.5,32,uniform,-383.7041219780972,102.52172688415041,-396.13333817494157,12.429216196844383,-0.07614590382347045,0.3820493807692934,-0.029091495403875053,0.3497869044618924,0.061353971711276045
0.2,10.0,0.5,32,kmeans,-405.4609167334529,93.97676460820743,-417.8901329302973,12.429216196844383,0.02848666022256229,0.024728808515527917,0.0007044411658906488,0.3199909678921267,0.29596660054248947
0.2,50.0,0.02,4,uniform,-418.1630939841549,89.32119964002352,-430.5923101809993,12.429216196844383,-0.16644093617150205,0.02188289324141431,-0.0036422092372420324,0.32433761829525937,0.29881251581660306
0.2,50.0,0.02,4,kmeans,-418.60095134362734,89.16489677821717,-431.0301675404717,12.429216196844383,-0.133063339950683,0.03623416342637012,-0.004821438805831692,0.32551684786384905,0.2844612456316472
0.2,50.0,0.02,8,uniform,-447.9849639495996,79.27726392066239,-460.414180146444,12.429216196844383,-0.18817401410044424,0.15022616189273993,-0.02826865990626006,0.3489640689642774,0.17046924716527742
0.2,50.0,0.02,8,kmeans,-449.0422793824023,78.94268762626864,-461.47149557924666,12.429216196844383,-0.16595669797629983,0.2479544696364736,-0.041149705029333856,0.3618451140873512,0.07274093942154375
0.2,50.0,0.02,16,uniform,-447.9849639495996,79.27726392066239,-460.414180146444,12.429216196844383,-0.18817401410044424,0.15022616189273993,-0.02826865990626006,0.3489640689642774,0.17046924716527742
0.2,50.0,0.02,16,kmeans,-449.0422793824023,78.94268762626864,-461.47149557924666,12.429216196844383,-0.16595669797629983,0.2479544696364736,-0.041149705029333856,0.3618451140873512,0.07274093942154375
0.2,50.0,0.02,32,uniform,-447.9849639495996,79.27726392066239,-460.414180146444,12.429216196844383,-0.18817401410044424,0.15022616189273993,-0.02826865990626006,0.3489640689642774,0.17046924716527742
0.2,50.0,0.02,32,kmeans,-449.0422793824023,78.94268762626864,-461.47149557924666,12.429216196844383,-0.16595669797629983,0.2479544696364736,-0.041149705029333856,0.3618451140873512,0.07274093942154375
0.2,50.0,0.05,4,uniform,-420.57636214094174,88.46312380998111,-433.0055783377861,12.429216196844383,-0.15036130059306077,0.007397231308785665,-0.0011122573203767216,0.3218076663783941,0.3132981777492317
0.2,50.0,0.05,4,kmeans,-420.5840251839781,88.46041226463915,-433.0132413808225,12.429216196844383,-0.14775834153959022,0.07937030129560518,-0.01172762408693621,0.3324230331449536,0.24132510776241217
0.2,50.0,0.05,8,uniform,-452.87710186160984,77.74100291138565,-465.3063180584542,12.429216196844383,-0.18772412693532975,0.17538137374685903,-0.032923315267347875,0.35361872432536523,0.14531403531115833
0.2,50.0,0.05,8,kmeans,-453.6919295658846,77.48803329690682,-466.121145762729,12.429216196844383,-0.168621987335091,0.28708875084979435,-0.048409475709841124,0.36910488476785847,0.033606658208223006
0.2,50.0,0.05,16,uniform,-452.87710186160984,77.74100291138565,-465.3063180584542,12.429216196844383,-0.18772412693532975,0.17538137374685903,-0.032923315267347875,0.35361872432536523,0.14531403531115833
0.2,50.0,0.05,16,kmeans,-453.6919295658846,77.48803329690682,-466.121145762729,12.429216196844383,-0.168621987335091,0.28708875084979435,-0.048409475709841124,0.36910488476785847,0.033606658208223006
0.2,50.0,0.05,32,uniform,-452.87710186160984,77.74100291138565,-465.3063180584542,12.429216196844383,-0.18772412693532975,0.17538137374685903,-0.032923315267347875,0.35361872432536523,0.14531403531115833
0.2,50.0,0.05,32,kmeans,-453.6919295658846,77.48803329690682,-466.121145762729,12.429216196844383,-0.168621987335091,0.28708875084979435,-0.048409475709841124,0.36910488476785847,0.033606658208223006
0.2,50.0,0.1,4,uniform,-427.1260226106209,86.17560587990658,-439.5552388074653,12.429216196844383,-0.18409479280427585,0.08138092416319498,-0.014981804372043866,0.33567721343006124,0.23931448489482238
0.2,50.0,0.1,4,kmeans,-427.2936586137598,86.11784071256308,-439.7228748106042,12.429216196844383,-0.17457821828402534,0.1652582658358503,-0.02885049360633056,0.34954590266434793,0.15543714322216706
0.2,50.0,0.1,8,uniform,-456.885488391411,76.5044783821853,-469.3147045882554,12.429216196844383,-0.18583180114561554,0.21902746981530846,-0.04070226921614571,0.3613976782741631,0.1016679392427089
0.2,50.0,0.1,8,kmeans,-457.69338076070716,76.25764788473172,-470.12259695755154,12.429216196844383,-0.1674235747926198,0.3459175203508848,-0.05791474784054394,0.3786101568985613,0.025222111292867444
0.2,50.0,0.1,16,uniform,-456.885488391411,76.5044783821853,-469.3147045882554,12.429216196844383,-0.18583180114561554,0.21902746981530846,-0.04070226921614571,0.3613976782741631,0.1016679392427089
0.2,50.0,0.1,16,kmeans,-457.69338076070716,76.25764788473172,-470.12259695755154,12.429216196844383,-0.1674235747926198,0.3459175203508848,-0.05791474784054394,0.3786101568985613,0.025222111292867444
0.2,50.0,0.1,32,uniform,-456.885488391411,76.5044783821853,-469.3147045882554,12.429216196844383,-0.18583180114561554,0.21902746981530846,-0.04070226921614571,0.3613976782741631,0.1016679392427089
0.2,50.0,0.1,32,kmeans,-457.69338076070716,76.25764788473172,-470.12259695755154,12.429216196844383,-0.1674235747926198,0.3459175203508848,-0.05791474784054394,0.3786101568985613,0.025222111292867444
0.2,50.0,0.2,4,uniform,-424.85690153006027,86.96133786344409,-437.28611772690465,12.429216196844383,-0.16831688120495614,0.1143044124098026,-0.019239362204783058,0.3399347712628004,0.20639099664821475
0.2,50.0,0.2,4,kmeans,-424.95545304858643,86.92706393178572,-437.3846692454308,12.429216196844383,-0.15717907950271492,0.18438406711816838,-0.028981317944600512,0.34967672700261787,0.13631134193984898
0.2,50.0,0.2,8,uniform,-458.58481763730407,75.98621658228087,-471.01403383414845,12.429216196844383,-0.17794888426241803,0.32226403747335425,-0.057346525906285466,0.37804193496430283,0.0015686284153368923
0.2,50.0,0.2,8,kmeans,-459.5542447473607,75.69213473921916,-471.9834609442051,12.429216196844383,-0.15838407334061738,0.44640799549419447,-0.07070391669819048,0.39139932575620784,0.1257125864361771
0.2,50.0,0.2,16,uniform,-458.58481763730407,75.98621658228087,-471.01403383414845,12.429216196844383,-0.17794888426241803,0.32226403747335425,-0.057346525906285466,0.37804193496430283,0.0015686284153368923
0.2,50.0,0.2,16,kmeans,-459.5542447473607,75.69213473921916,-471.9834609442051,12.429216196844383,-0.15838407334061738,0.44640799549419447,-0.07070391669819048,0.39139932575620784,0.1257125864361771
0.2,50.0,0.2,32,uniform,-458.58481763730407,75.98621658228087,-471.01403383414845,12.429216196844383,-0.17794888426241803,0.32226403747335425,-0.057346525906285466,0.37804193496430283,0.0015686284153368923
0.2,50.0,0.2,32,kmeans,-459.5542447473607,75.69213473921916,-471.9834609442051,12.429216196844383,-0.15838407334061738,0.44640799549419447,-0.07070391669819048,0.39139932575620784,0.1257125864361771
0.2,50.0,0.5,4,uniform,-382.98168559477506,102.81841705957252,-395.41090179161944,12.429216196844383,-0.11628147105186767,0.21722382103642696,-0.025259105457623367,0.34595451451564074,0.1034715880215904
0.2,50.0,0.5,4,kmeans,-406.64155659343277,93.53400006520616,-419.07077279027715,12.429216196844383,0.062306387083078105,0.04284425669114361,0.002669470841685153,0.3180259382163322,0.27785115236687374
0.2,50.0,0.5,8,uniform,-413.79436952620966,90.89579636680132,-426.22358572305404,12.429216196844383,-0.11274713768581991,0.4191520266800153,-0.04725819126338214,0.3679536003213995,0.09845661762199792
0.2,50.0,0.5,8,kmeans,-416.87561862248015,89.78238151661131,-429.3048348193245,12.429216196844383,-0.07624569592546582,0.3802198383147884,-0.028990126176979134,0.3496855352349965,0.05952442925677104
0.2,50.0,0.5,16,uniform,-413.79436952620966,90.89579636680132,-426.22358572305404,12.429216196844383,-0.11274713768581991,0.4191520266800153,-0.04725819126338214,0.3679536003213995,0.09845661762199792
0.2,50.0,0.5,16,kmeans,-416.87561862248015,89.78238151661131,-429.3048348193245,12.429216196844383,-0.07624569592546582,0.3802198383147884,-0.028990126176979134,0.3496855352349965,0.05952442925677104
0.2,50.0,0.5,32,uniform,-413.79436952620966,90.89579636680132,-426.22358572305404,12.429216196844383,-0.11274713768581991,0.4191520266800153,-0.04725819126338214,0.3679536003213995,0.09845661762199792
0.2,50.0,0.5,32,kmeans,-416.87561862248015,89.78238151661131,-429.3048348193245,12.429216196844383,-0.07624569592546582,0.3802198383147884,-0.028990126176979134,0.3496855352349965,0.05952442925677104
0.5,0.5,0.02,4,uniform,-463.1797318081834,74.6023722569682,-475.6089480050278,12.429216196844383,0.447872557844488,0.11206529128082296,0.05019096865152978,0.2705044404064876,0.2086301177771944
0.5,0.5,0.02,4,kmeans,-466.04795322357006,73.75135889416372,-478.47716942041444,12.429216196844383,0.5573153798630525,0.12463843412336316,0.06946291625899818,0.25123249279901916,0.19605697493465418
0.5,0.5,0.02,8,uniform,-452.9340886315725,77.72328409634002,-465.36330482841686,12.429216196844383,0.3256216548550876,0.14109119653728405,0.04594234890195484,0.2747530601560625,0.1796042125207333
0.5,0.5,0.02,8,kmeans,-454.8273252356318,77.13691291170069,-467.2565414324762,12.429216196844383,0.39756622726603785,0.14706466930797765,0.05846794574090015,0.2622274633171172,0.1736307397500397
0.5,0.5,0.02,16,uniform,-452.9340886315725,77.72328409634002,-465.36330482841686,12.429216196844383,0.3256216548550876,0.14109119653728405,0.04594234890195484,0.2747530601560625,0.1796042125207333
0.5,0.5,0.02,16,kmeans,-454.8273252356318,77.13691291170069,-467.2565414324762,12.429216196844383,0.39756622726603785,0.14706466930797765,0.05846794574090015,0.2622274633171172,0.1736307397500397
0.5,0.5,0.02,32,uniform,-452.9340886315725,77.72328409634002,-465.36330482841686,12.429216196844383,0.3256216548550876,0.14109119653728405,0.04594234890195484,0.2747530601560625,0.1796042125207333
0.5,0.5,0.02,32,kmeans,-454.8273252356318,77.13691291170069,-467.2565414324762,12.429216196844383,0.39756622726603785,0.14706466930797765,0.05846794574090015,0.2622274633171172,0.1736307397500397
0.5,0.5,0.05,4,uniform,-466.7431726869794,73.54655027939529,-479.17238888382377,12.429216196844383,0.4732013302379964,0.11346081888669851,0.05368981042707812,0.26700559863093926,0.20723459017131884
0.5,0.5,0.05,4,kmeans,-469.69374335327814,72.68363530371256,-482.1229595501225,12.429216196844383,0.586442164897194,0.12487632924208487,0.07323274486514303,0.24746266419287433,0.1958190798159325
0.5,0.5,0.05,8,uniform,-455.98033264669243,76.78197430552369,-468.4095488435368,12.429216196844383,0.3439498773280451,0.14208609093231792,0.04887049354619221,0.27182491551182514,0.17860931812569944
0.5,0.5,0.05,8,kmeans,-457.9911334883382,76.16687825862681,-470.4203496851826,12.429216196844383,0.4197236805040117,0.1472779699948112,0.06181605162338155,0.2588793574346358,0.17341743906320617
0.5,0.5,0.05,16,uniform,-455.98033264669243,76.78197430552369,-468.4095488435368,12.429216196844383,0.3439498773280451,0.14208609093231792,0.04887049354619221,0.27182491551182514,0.17860931812569944
0.5,0.5,0.05,16,kmeans,-457.9911334883382,76.16687825862681,-470.4203496851826,12.429216196844383,0.4197236805040117,0.1472779699948112,0.06181605162338155,0.2588793574346358,0.17341743906320617
0.5,0.5,0.05,32,uniform,-455.98033264669243,76.78197430552369,-468.4095488435368,12.429216196844383,0.3439498773280451,0.14208609093231792,0.04887049354619221,0.27182491551182514,0.17860931812569944
0.5,0.5,0.05,32,kmeans,-457.9911334883382,76.16687825862681,-470.4203496851826,12.429216196844383,0.4197236805040117,0.1472779699948112,0.06181605162338155,0.2588793574346358,0.17341743906320617
0.5,0.5,0.1,4,uniform,-473.1835071675438,71.67608898003888,-485.61272336438816,12.429216196844383,0.5190028451629213,0.11548425851235813,0.05993665873944418,0.26075875031857315,0.20521115054565922
0.5,0.5,0.1,4,kmeans,-476.31141081370055,70.78489216100958,-488.7406270105449,12.429216196844383,0.6396849471448596,0.12501866492219418,0.07997255806287469,0.24072285099514268,0.19567674413582317
0.5,0.5,0.1,8,uniform,-461.5237822362465,75.09816352052718,-473.9529984330909,12.429216196844383,0.37725235219072983,0.14348017831735688,0.054128234762968234,0.2665671742950491,0.17721523074066048
0.5,0.5,0.1,8,kmeans,-463.7640068426273,74.42822262431976,-476.19322303947166,12.429216196844383,0.46023289465959755,0.14740187366162122,0.06783919099353622,0.2528562180644811,0.17329353539639614
0.5,0.5,0.1,16,uniform,-461.5237822362465,75.09816352052718,-473.9529984330909,12.429216196844383,0.37725235219072983,0.14348017831735688,0.054128234762968234,0.2665671742950491,0.17721523074066048
0.5,0.5,0.1,16,kmeans,-463.7640068426273,74.42822262431976,-476.19322303947166,12.429216196844383,0.46023289465959755,0.14740187366162122,0.06783919099353622,0.2528562180644811,0.17329353539639614
0.5,0.5,0.1,32,uniform,-461.5237822362465,75.09816352052718,-473.9529984330909,12.429216196844383,0.37725235219072983,0.14348017831735688,0.054128234762968234,0.2665671742950491,0.17721523074066048
0.5,0.5,0.1,32,kmeans,-463.7640068426273,74.42822262431976,-476.19322303947166,12.429216196844383,0.46023289465959755,0.14740187366162122,0.06783919099353622,0.2528562180644811,0.17329353539639614
0.5,0.5,0.2,4,uniform,-487.82858391404267,67.5978986814094,-500.25780011088705,12.429216196844383,0.6252093446295552,0.11824850354802184,0.07393006940668437,0.246765339651333,0.2024469055099955
0.5,0.5,0.2,4,kmeans,-491.46293852340034,66.62230820768148,-503.8921547202447,12.429216196844383,0.7651274801076167,0.12401988821479393,0.09489102455301358,0.22580438450500379,0.19667552084322343
0.5,0.5,0.2,8,uniform,-474.3024512123162,71.35599970669267,-486.7316674091606,12.429216196844383,0.45517888824334996,0.14510270787903168,0.06604768925347722,0.25464771980454015,0.17559270117898568
0.5,0.5,0.2,8,kmeans,-477.1259784657968,70.55463115740268,-489.55519466264116,12.429216196844383,0.555707928885964,0.14650124746481596,0.08141190480788296,0.2392835042501344,0.1741941615932014
0.5,0.5,0.2,16,uniform,-474.3024512123162,71.35599970669267,-486.7316674091606,12.429216196844383,0.45517888824334996,0.14510270787903168,0.06604768925347722,0.25464771980454015,0.17559270117898568
0.5,0.5,0.2,16,kmeans,-477.1259784657968,70.55463115740268,-489.55519466264116,12.429216196844383,0.555707928885964,0.14650124746481596,0.08141190480788296,0.2392835042501344,0.1741941615932014
0.5,0.5,0.2,32,uniform,-474.3024512123162,71.35599970669267,-486.7316674091606,12.429216196844383,0.45517888824334996,0.14510270787903168,0.06604768925347722,0.25464771980454015,0.17559270117898568
0.5,0.5,0.2,32,kmeans,-477.1259784657968,70.55463115740268,-489.55519466264116,12.429216196844383,0.555707928885964,0.14650124746481596,0.08141190480788296,0.2392835042501344,0.1741941615932014
0.5,0.5,0.5,4,uniform,-540.5012896121557,54.7559520033094,-552.9305058090001,12.429216196844383,1.099393070017832,0.11273674455626896,0.12394199570153265,0.19675341335648472,0.20795866450174838
0.5,0.5,0.5,4,kmeans,-547.1354996866113,53.32201231176323,-559.5647158834557,12.429216196844383,1.3483191725131933,0.106510598637567,0.1436102822188892,0.17708512683912817,0.21418481042045034
0.5,0.5,0.5,8,uniform,-524.133096565029,58.460940493516006,-536.5623127618734,12.429216196844383,0.8120125821493882,0.1379463982819518,0.1120142110671356,0.20868119799088175,0.18274901077606556
0.5,0.5,0.5,8,kmeans,-529.8180120603237,57.14655939604834,-542.2472282571681,12.429216196844383,0.99785296401957,0.13050230355789524,0.13022211041662746,0.1904732986413899,0.1901931055001221
0.5,0.5,0.5,16,uniform,-524.133096565029,58.460940493516006,-536.5623127618734,12.429216196844383,0.8120125821493882,0.1379463982819518,0.1120142110671356,0.20868119799088175,0.18274901077606556
0.5,0.5,0.5,16,kmeans,-529.8180120603237,57.14655939604834,-542.2472282571681,12.429216196844383,0.99785296401957,0.13050230355789524,0.13022211041662746,0.1904732986413899,0.1901931055001221
0.5,0.5,0.5,32,uniform,-524.133096565029,58.460940493516006,-536.5623127618734,12.429216196844383,0.8120125821493882,0.1379463982819518,0.1120142110671356,0.20868119799088175,0.18274901077606556
0.5,0.5,0.5,32,kmeans,-529.8180120603237,57.14655939604834,-542.2472282571681,12.429216196844383,0.99785296401957,0.13050230355789524,0.13022211041662746,0.1904732986413899,0.1901931055001221
0.5,1.0,0.02,4,uniform,-438.87207506471475,82.22035781400824,-451.30129126155913,12.429216196844383,0.20720097999208467,0.10239128848742499,0.021215575317246715,0.29947983374077064,0.21830412057059237
0.5,1.0,0.02,4,kmeans,-443.0961281305839,80.84281559070062,-455.5253443274283,12.429216196844383,0.2995584204192847,0.1532474899207218,0.04590657601387167,0.2747888330441457,0.16744791913729556
0.5,1.0,0.02,8,uniform,-435.9482919588301,83.18758066181293,-448.3775081556745,12.429216196844383,0.14771890097062984,0.15873604221917284,0.02344831370104371,0.29724709535697363,0.16195936683884452
0.5,1.0,0.02,8,kmeans,-438.68008271836857,82.28352478371006,-451.10929891521295,12.429216196844383,0.201688260850322,0.20866134081874246,0.04208454293642847,0.27861086612158886,0.11203406823927489
0.5,1.0,0.02,16,uniform,-435.9482919588301,83.18758066181293,-448.3775081556745,12.429216196844383,0.14771890097062984,0.15873604221917284,0.02344831370104371,0.29724709535697363,0.16195936683884452
0.5,1.0,0.02,16,kmeans,-438.68008271836857,82.28352478371006,-451.10929891521295,12.429216196844383,0.201688260850322,0.20866134081874246,0.04208454293642847,0.27861086612158886,0.11203406823927489
0.5,1.0,0.02,32,uniform,-435.9482919588301,83.18758066181293,-448.3775081556745,12.429216196844383,0.14771890097062984,0.15873604221917284,0.02344831370104371,0.29724709535697363,0.16195936683884452
0.5,1.0,0.02,32,kmeans,-438.68008271836857,82.28352478371006,-451.10929891521295,12.429216196844383,0.201688260850322,0.20866134081874246,0.04208454293642847,0.27861086612158886,0.11203406823927489
0.5,1.0,0.05,4,uniform,-443.4039451750809,80.74333765901764,-455.83316137192526,12.429216196844383,0.22807832029309733,0.11082594285079615,0.025276994890308383,0.295418414167709,0.2098694662072212
0.5,1.0,0.05,4,kmeans,-447.48848446074345,79.4348584956941,-459.91770065758783,12.429216196844383,0.3195235476801801,0.1592824703512631,0.05089450000989869,0.26980090904811865,0.16141293870675424
0.5,1.0,0.05,8,uniform,-439.9675217346238,81.86087391140536,-452.3967379314682,12.429216196844383,0.16161342612850782,0.16963272897922715,0.027414926513861515,0.29328048254415584,0.1510626800787902
0.5,1.0,0.05,8,kmeans,-442.6573270159483,80.9848358619134,-455.08654321279266,12.429216196844383,0.2156796227925064,0.2159609634311887,0.04657837913074505,0.2741170299272723,0.10473444562682865
0.5,1.0,0.05,16,uniform,-439.9675217346238,81.86087391140536,-452.3967379314682,12.429216196844383,0.16161342612850782,0.16963272897922715,0.027414926513861515,0.29328048254415584,0.1510626800787902
0.5,1.0,0.05,16,kmeans,-442.6573270159483,80.9848358619134,-455.08654321279266,12.429216196844383,0.2156796227925064,0.2159609634311887,0.04657837913074505,0.2741170299272723,0.10473444562682865
0.5,1.0,0.05,32,uniform,-439.9675217346238,81.86087391140536,-452.3967379314682,12.429216196844383,0.16161342612850782,0.16963272897922715,0.027414926513861515,0.29328048254415584,0.1510626800787902
0.5,1.0,0.05,32,kmeans,-442.6573270159483,80.9848358619134,-455.08654321279266,12.429216196844383,0.2156796227925064,0.2159609634311887,0.04657837913074505,0.2741170299272723,0.10473444562682865
0.5,1.0,0.1,4,uniform,-451.5950216414832,78.14070775121972,-464.02423783832756,12.429216196844383,0.26436736128419763,0.12431962170013877,0.03286605034471536,0.287829358713302,0.19637578735787858
0.5,1.0,0.1,4,kmeans,-455.4931670325543,76.9317423324668,-467.9223832293987,12.429216196844383,0.3548473467134477,0.16856044334288958,0.059813226081066796,0.26088218297695054,0.15213496571512777
0.5,1.0,0.1,8,uniform,-447.16212750593763,79.53862268338398,-459.591343702782,12.429216196844383,0.18555318857685943,0.18648744410669588,0.034603339883546275,0.28609206917447105,0.13420796495132148
0.5,1.0,0.1,8,kmeans,-449.8341859791549,78.69302231784879,-462.26340217599926,12.429216196844383,0.24037556106924035,0.2267966781214942,0.05451637875209408,0.26617903030592327,0.09389873093652315
0.5,1.0,0.1,16,uniform,-447.16212750593763,79.53862268338398,-459.591343702782,12.429216196844383,0.18555318857685943,0.18648744410669588,0.034603339883546275,0.28609206917447105,0.13420796495132148
0.5,1.0,0.1,16,kmeans,-449.8341859791549,78.69302231784879,-462.26340217599926,12.429216196844383,0.24037556106924035,0.2267966781214942,0.05451637875209408,0.26617903030592327,0.09389873093652315
0.5,1.0,0.1,32,uniform,-447.16212750593763,79.53862268338398,-459.591343702782,12.429216196844383,0.18555318857685943,0.18648744410669588,0.034603339883546275,0.28609206917447105,0.13420796495132148
0.5,1.0,0.1,32,kmeans,-449.8341859791549,78.69302231784879,-462.26340217599926,12.429216196844383,0.24037556106924035,0.2267966781214942,0.05451637875209408,0.26617903030592327,0.09389873093652315
0.5,1.0,0.2,4,uniform,-470.1111877902306,72.56237105719721,-482.54040398707497,12.429216196844383,0.34226868041307923,0.14844047966123747,0.05080652709353627,0.2698888819644811,0.1722549293967799
0.5,1.0,0.2,4,kmeans,-473.81804668292824,71.49439441927392,-486.2472628797726,12.429216196844383,0.43322574770469163,0.18318641925360177,0.07936107345048675,0.2413343356075306,0.1375089898044156
0.5,1.0,0.2,8,uniform,-463.2173464500682,74.59114853527703,-475.64656264691257,12.429216196844383,0.23664416671644076,0.2145283738629358,0.05076688826982751,0.26992852078818985,0.10616703519508155
0.5,1.0,0.2,8,kmeans,-466.0452353374343,73.75216068970545,-478.47445153427867,12.429216196844383,0.29534730853199226,0.24290829758779972,0.07174231191264488,0.24895309714537248,0.07778711147021763
0.5,1.0,0.2,16,uniform,-463.2173464500682,74.59114853527703,-475.64656264691257,12.429216196844383,0.23664416671644076,0.2145283738629358,0.05076688826982751,0.26992852078818985,0.10616703519508155
0.5,1.0,0.2,16,kmeans,-466.0452353374343,73.75216068970545,-478.47445153427867,12.429216196844383,0.29534730853199226,0.24290829758779972,0.07174231191264488,0.24895309714537248,0.07778711147021763
0.5,1.0,0.2,32,uniform,-463.2173464500682,74.59114853527703,-475.64656264691257,12.429216196844383,0.23664416671644076,0.2145283738629358,0.05076688826982751,0.26992852078818985,0.10616703519508155
0.5,1.0,0.2,32,kmeans,-466.0452353374343,73.75216068970545,-478.47445153427867,12.429216196844383,0.29534730853199226,0.24290829758779972,0.07174231191264488,0.24895309714537248,0.07778711147021763
0.5,1.0,0.5,4,uniform,-534.2056792515855,56.152349108819394,-546.6348954484299,12.429216196844383,0.630179232838079,0.18336111961774015,0.11555036969303872,0.20514503936497863,0.1373342894402772
0.5,1.0,0.5,4,kmeans,-539.2699287408416,55.02631463172624,-551.699144937686,12.429216196844383,0.7562455487768944,0.18475903038269326,0.13972319432324679,0.18097221473477057,0.1359363786753241
0.5,1.0,0.5,8,uniform,-520.8111406503183,59.24294321260597,-533.2403568471627,12.429216196844383,0.4342892499904661,0.2476125358522081,0.10753546248349286,0.2131599465745245,0.07308287320580925
0.5,1.0,0.5,8,kmeans,-525.7282779240817,58.089104835666035,-538.1574941209261,12.429216196844383,0.5275551879020007,0.24291327855925096,0.1281501603142167,0.19254524874380066,0.0777821304987664
0.5,1.0,0.5,16,uniform,-520.8111406503183,59.24294321260597,-533.2403568471627,12.429216196844383,0.4342892499904661,0.2476125358522081,0.10753546248349286,0.2131599465745245,0.07308287320580925
0.5,1.0,0.5,16,kmeans,-525.7282779240817,58.089104835666035,-538.1574941209261,12.429216196844383,0.5275551879020007,0.24291327855925096,0.1281501603142167,0.19254524874380066,0.0777821304987664
0.5,1.0,0.5,32,uniform,-520.8111406503183,59.24294321260597,-533.2403568471627,12.429216196844383,0.4342892499904661,0.2476125358522081,0.10753546248349286,0.2131599465745245,0.07308287320580925
0.5,1.0,0.5,32,kmeans,-525.7282779240817,58.089104835666035,-538.1574941209261,12.429216196844383,0.5275551879020007,0.24291327855925096,0.1281501603142167,0.19254524874380066,0.0777821304987664
0.5,5.0,0.02,4,uniform,-405.2986094561871,94.03779686918348,-417.72782565303146,12.429216196844383,-0.1790724855373355,0.1565424751132656,-0.02803245011069896,0.3487278591687163,0.16415293394475175
0.5,5.0,0.02,4,kmeans,-409.8330757582964,92.34752726497683,-422.26229195514077,12.429216196844383,-0.09926455073896298,0.12791533462119148,-0.01269745822379669,0.33339286728181405,0.19278007443682588
0.5,5.0,0.02,8,uniform,-424.05311214800474,87.24138221565487,-436.4823283448491,12.429216196844383,-0.1777470826296243,0.3305175987299281,-0.058748538931993534,0.3794439479900109,0.00982218967191073
0.5,5.0,0.02,8,kmeans,-427.873150483624,85.91845353416201,-440.30236668046837,12.429216196844383,-0.12877458525548863,0.31214887998354096,-0.04019684255784578,0.36089225161586314,0.008546529074476394
0.5,5.0,0.02,16,uniform,-424.05311214800474,87.24138221565487,-436.4823283448491,12.429216196844383,-0.1777470826296243,0.3305175987299281,-0.058748538931993534,0.3794439479900109,0.00982218967191073
0.5,5.0,0.02,16,kmeans,-427.873150483624,85.91845353416201,-440.30236668046837,12.429216196844383,-0.12877458525548863,0.31214887998354096,-0.04019684255784578,0.36089225161586314,0.008546529074476394
0.5,5.0,0.02,32,uniform,-424.05311214800474,87.24138221565487,-436.4823283448491,12.429216196844383,-0.1777470826296243,0.3305175987299281,-0.058748538931993534,0.3794439479900109,0.00982218967191073
0.5,5.0,0.02,32,kmeans,-427.873150483624,85.91845353416201,-440.30236668046837,12.429216196844383,-0.12877458525548863,0.31214887998354096,-0.04019684255784578,0.36089225161586314,0.008546529074476394
0.5,5.0,0.05,4,uniform,-402.9713844566423,94.91727244041499,-415.40060065348666,12.429216196844383,-0.17001308440848206,0.15447360913841449,-0.026262534749332128,0.34695794380734946,0.16622179991960287
0.5,5.0,0.05,4,kmeans,-408.0171225053857,93.02076461004961,-420.4463387022301,12.429216196844383,-0.08489515729873498,0.11564770006266684,-0.009817929688057024,0.33051333874607436,0.20504770899535052
0.5,5.0,0.05,8,uniform,-420.3630066359089,88.53865241211255,-432.7922228327533,12.429216196844383,-0.17197251811678543,0.3325533751084123,-0.05719004132562958,0.37788545038364696,0.011857966050394964
0.5,5.0,0.05,8,kmeans,-424.4692170320593,87.09629672978025,-436.8984332289037,12.429216196844383,-0.1204475457722852,0.2977751797094674,-0.035866289587906525,0.3565616986459239,0.02292022934854998
0.5,5.0,0.05,16,uniform,-420.3630066359089,88.53865241211255,-432.7922228327533,12.429216196844383,-0.17197251811678543,0.3325533751084123,-0.05719004132562958,0.37788545038364696,0.011857966050394964
0.5,5.0,0.05,16,kmeans,-424.4692170320593,87.09629672978025,-436.8984332289037,12.429216196844383,-0.1204475457722852,0.2977751797094674,-0.035866289587906525,0.3565616986459239,0.02292022934854998
0.5,5.0,0.05,32,uniform,-420.3630066359089,88.53865241211255,-432.7922228327533,12.429216196844383,-0.17197251811678543,0.3325533751084123,-0.05719004132562958,0.37788545038364696,0.011857966050394964
0.5,5.0,0.05,32,kmeans,-424.4692170320593,87.09629672978025,-436.8984332289037,12.429216196844383,-0.1204475457722852,0.2977751797094674,-0.035866289587906525,0.3565616986459239,0.02292022934854998
0.5,5.0,0.1,4,uniform,-399.09169798834915,96.40175835779428,-411.52091418519353,12.429216196844383,-0.1519937456733162,0.14832023314758105,-0.022543747795240397,0.34323915685325773,0.1723751759104363
0.5,5.0,0.1,4,kmeans,-405.3400274815252,94.02221872023748,-417.7692436783696,12.429216196844383,-0.05499671936900196,0.08884147966299828,-0.004885989925352811,0.3255813989833702,0.2318539293950191
0.5,5.0,0.1,8,uniform,-413.4172340397246,91.03301996608548,-425.84645023656896,12.429216196844383,-0.16056819815656118,0.33039052415267817,-0.05305021115119734,0.3737456202092147,0.009695115094660811
0.5,5.0,0.1,8,kmeans,-418.28237439823755,89.27859272645448,-430.71159059508193,12.429216196844383,-0.10294237204142058,0.2641493052519604,-0.02719215605573008,0.3478875651137474,0.05654610380605696
0.5,5.0,0.1,16,uniform,-413.4172340397246,91.03301996608548,-425.84645023656896,12.429216196844383,-0.16056819815656118,0.33039052415267817,-0.05305021115119734,0.3737456202092147,0.009695115094660811
0.5,5.0,0.1,16,kmeans,-418.28237439823755,89.27859272645448,-430.71159059508193,12.429216196844383,-0.10294237204142058,0.2641493052519604,-0.02719215605573008,0.3478875651137474,0.05654610380605696
0.5,5.0,0.1,32,uniform,-413.4172340397246,91.03301996608548,-425.84645023656896,12.429216196844383,-0.16056819815656118,0.33039052415267817,-0.05305021115119734,0.3737456202092147,0.009695115094660811
0.5,5.0,0.1,32,kmeans,-418.28237439823755,89.27859272645448,-430.71159059508193,12.429216196844383,-0.10294237204142058,0.2641493052519604,-0.02719215605573008,0.3478875651137474,0.05654610380605696
0.5,5.0,0.2,4,uniform,-394.5420659241045,98.17218923787863,-406.9712821209489,12.429216196844383,-0.09856522489959542,0.11545840139221283,-0.011380183299771219,0.33207559235778855,0.20523700766580452
0.5,5.0,0.2,4,kmeans,-404.21037246088935,94.44803072277101,-416.6395886577337,12.429216196844383,0.026752173705957102,0.01523128554665674,-0.00040746999670919487,0.32110287905472656,0.3054641235113606
0.5,5.0,0.2,8,uniform,-399.0512414853685,96.41735993222798,-411.4804576822129,12.429216196844383,-0.1287010350678532,0.29431530907747244,-0.03787868491458583,0.3585740939726032,0.026380099980544913
0.5,5.0,0.2,8,kmeans,-406.88897784461625,93.44147665997376,-419.31819404146063,12.429216196844383,-0.05118817035091941,0.15719099443241594,-0.008046319400636931,0.3287417284586543,0.16350441462560142
0.5,5.0,0.2,16,uniform,-399.0512414853685,96.41735993222798,-411.4804576822129,12.429216196844383,-0.1287010350678532,0.29431530907747244,-0.03787868491458583,0.3585740939726032,0.026380099980544913
0.5,5.0,0.2,16,kmeans,-406.88897784461625,93.44147665997376,-419.31819404146063,12.429216196844383,-0.05118817035091941,0.15719099443241594,-0.008046319400636931,0.3287417284586543,0.16350441462560142
0.5,5.0,0.2,32,uniform,-399.0512414853685,96.41735993222798,-411.4804576822129,12.429216196844383,-0.1287010350678532,0.29431530907747244,-0.03787868491458583,0.3585740939726032,0.026380099980544913
0.5,5.0,0.2,32,kmeans,-406.88897784461625,93.44147665997376,-419.31819404146063,12.429216196844383,-0.05118817035091941,0.15719099443241594,-0.008046319400636931,0.3287417284586543,0.16350441462560142
0.5,5.0,0.5,4,uniform,-465.3085755634215,73.96980218781108,-477.7377917602659,12.429216196844383,0.2209584834830149,0.133544484122101,0.029507786689140995,0.29118762236887635,0.18715092493591637
0.5,5.0,0.5,4,kmeans,-474.80566960918907,71.21251355775911,-487.23488580603345,12.429216196844383,0.33382904427250437,0.2621197750573393,0.0875031939923154,0.23319221506570195,0.058575634000678056
0.5,5.0,0.5,8,uniform,-441.13781091445236,81.47856585154872,-453.56702711129674,12.429216196844383,0.10190227940555224,0.13670087382984708,0.013930130639992221,0.30676527841802514,0.18399453522817028
0.5,5.0,0.5,8,kmeans,-453.10297339968344,77.6707967117296,-465.5321895965278,12.429216196844383,0.19285683470244472,0.3401080788011967,0.06559216753432844,0.2551032415236889,0.019412669743179345
0.5,5.0,0.5,16,uniform,-441.13781091445236,81.47856585154872,-453.56702711129674,12.429216196844383,0.10190227940555224,0.13670087382984708,0.013930130639992221,0.30676527841802514,0.18399453522817028
0.5,5.0,0.5,16,kmeans,-453.10297339968344,77.6707967117296,-465.5321895965278,12.429216196844383,0.19285683470244472,0.3401080788011967,0.06559216753432844,0.2551032415236889,0.019412669743179345
0.5,5.0,0.5,32,uniform,-441.13781091445236,81.47856585154872,-453.56702711129674,12.429216196844383,0.10190227940555224,0.13670087382984708,0.013930130639992221,0.30676527841802514,0.18399453522817028
0.5,5.0,0.5,32,kmeans,-453.10297339968344,77.6707967117296,-465.5321895965278,12.429216196844383,0.19285683470244472,0.3401080788011967,0.06559216753432844,0.2551032415236889,0.019412669743179345
0.5,10.0,0.02,4,uniform,-417.8920684873003,89.4180854376263,-430.3212846841447,12.429216196844383,-0.2092412765084366,0.15060367668726424,-0.031512505556907044,0.3522079146149244,0.17009173237075312
0.5,10.0,0.02,4,kmeans,-420.36068136042724,88.53947592297287,-432.7898975572716,12.429216196844383,-0.15389013861797537,0.17541999597708258,-0.02699540749727792,0.34769081655529527,0.14527541308093478
0.5,10.0,0.02,8,uniform,-440.12046394996935,81.81080929332917,-452.5496801468137,12.429216196844383,-0.20004707262566956,0.2909616571002691,-0.0582060277492227,0.37890143680724003,0.029733751957748245
0.5,10.0,0.02,8,kmeans,-442.9774394476347,80.88120521204047,-455.4066556444791,12.429216196844383,-0.1600011132828359,0.34573220331030324,-0.05531753742737628,0.37601294648539363,0.025036794252285888
0.5,10.0,0.02,16,uniform,-440.12046394996935,81.81080929332917,-452.5496801468137,12.429216196844383,-0.20004707262566956,0.2909616571002691,-0.0582060277492227,0.37890143680724003,0.029733751957748245
0.5,10.0,0.02,16,kmeans,-442.9774394476347,80.88120521204047,-455.4066556444791,12.429216196844383,-0.1600011132828359,0.34573220331030324,-0.05531753742737628,0.37601294648539363,0.025036794252285888
0.5,10.0,0.02,32,uniform,-440.12046394996935,81.81080929332917,-452.5496801468137,12.429216196844383,-0.20004707262566956,0.2909616571002691,-0.0582060277492227,0.37890143680724003,0.029733751957748245
0.5,10.0,0.02,32,kmeans,-442.9774394476347,80.88120521204047,-455.4066556444791,12.429216196844383,-0.1600011132828359,0.34573220331030324,-0.05531753742737628,0.37601294648539363,0.025036794252285888
0.5,10.0,0.05,4,uniform,-416.15736482114403,90.04069856059589,-428.5865810179884,12.429216196844383,-0.2042127129426341,0.1546395771892103,-0.03157936758611051,0.3522747766441279,0.16605583186880707
0.5,10.0,0.05,4,kmeans,-418.7422185233992,89.11452671682018,-431.17143472024355,12.429216196844383,-0.1474076489522487,0.17423812633316263,-0.025684032560616396,0.34637944161863377,0.14645728272485473
0.5,10.0,0.05,8,uniform,-438.3038818434127,82.40743852931932,-450.73309804025706,12.429216196844383,-0.1963856694197233,0.30152508680793294,-0.059215206019616086,0.37991061507763346,0.019170322250084415
0.5,10.0,0.05,8,kmeans,-441.12245818645636,81.48356967822806,-453.55167438330074,12.429216196844383,-0.15622805470730305,0.34757093078843854,-0.05430033038988442,0.37499573944790177,0.02687552173042118
0.5,10.0,0.05,16,uniform,-438.3038818434127,82.40743852931932,-450.73309804025706,12.429216196844383,-0.1963856694197233,0.30152508680793294,-0.059215206019616086,0.37991061507763346,0.019170322250084415
0.5,10.0,0.05,16,kmeans,-441.12245818645636,81.48356967822806,-453.55167438330074,12.429216196844383,-0.15622805470730305,0.34757093078843854,-0.05430033038988442,0.37499573944790177,0.02687552173042118
0.5,10.0,0.05,32,uniform,-438.3038818434127,82.40743852931932,-450.73309804025706,12.429216196844383,-0.1963856694197233,0.30152508680793294,-0.059215206019616086,0.37991061507763346,0.019170322250084415
0.5,10.0,0.05,32,kmeans,-441.12245818645636,81.48356967822806,-453.55167438330074,12.429216196844383,-0.15622805470730305,0.34757093078843854,-0.05430033038988442,0.37499573944790177,0.02687552173042118
0.5,10.0,0.1,4,uniform,-412.1473253304323,91.49661090515862,-424.5765415272767,12.429216196844383,-0.1954472308593912,0.16343398666304076,-0.03194272012160199,0.35263812917961934,0.1572614223949766
0.5,10.0,0.1,4,kmeans,-415.2880104669871,90.3543526910756,-427.71722666383147,12.429216196844383,-0.13099930654357708,0.16359206287434752,-0.021430446792572787,0.34212585585059013,0.15710334618366983
0.5,10.0,0.1,8,uniform,-433.8393157133358,83.89231152996865,-446.2685319101802,12.429216196844383,-0.18932865574133398,0.3189749643853824,-0.06039110122222433,0.3810865102802417,0.0017204446726349354
0.5,10.0,0.1,8,kmeans,-436.77413220603125,82.91323543323844,-449.20334840287563,12.429216196844383,-0.14757465562222227,0.3446075855983379,-0.0508553457694802,0.37155075482749755,0.023912176540320518
0.5,10.0,0.1,16,uniform,-433.8393157133358,83.89231152996865,-446.2685319101802,12.429216196844383,-0.18932865574133398,0.3189749643853824,-0.06039110122222433,0.3810865102802417,0.0017204446726349354
0.5,10.0,0.1,16,kmeans,-436.77413220603125,82.91323543323844,-449.20334840287563,12.429216196844383,-0.14757465562222227,0.3446075855983379,-0.0508553457694802,0.37155075482749755,0.023912176540320518
0.5,10.0,0.1,32,uniform,-433.8393157133358,83.89231152996865,-446.2685319101802,12.429216196844383,-0.18932865574133398,0.3189749643853824,-0.06039110122222433,0.3810865102802417,0.0017204446726349354
0.5,10.0,0.1,32,kmeans,-436.77413220603125,82.91323543323844,-449.20334840287563,12.429216196844383,-0.14757465562222227,0.3446075855983379,-0.0508553457694802,0.37155075482749755,0.023912176540320518
0.5,10.0,0.2,4,uniform,-401.9758327380944,95.2960062529088,-414.4050489349388,12.429216196844383,-0.16697484702759138,0.16699981202568231,-0.02788476806662482,0.3485801771246422,0.15369559703233504
0.5,10.0,0.2,4,kmeans,-407.3690161308978,93.26222686328366,-419.7982323277422,12.429216196844383,-0.07779280449167564,0.11822063159123859,-0.009196714480259636,0.329892123538277,0.20247477746677878
0.5,10.0,0.2,8,uniform,-421.2376600069225,88.22943112721352,-433.6668762037669,12.429216196844383,-0.17124086329585766,0.34551726925719184,-0.05916667547122883,0.3798620845292462,0.024821860199174484
0.5,10.0,0.2,8,kmeans,-425.0746997183901,86.88561076731635,-437.5039159152345,12.429216196844383,-0.12126270336050972,0.3136735949552531,-0.03803690809708354,0.3587323171551009,0.007021814102764257
0.5,10.0,0.2,16,uniform,-421.2376600069225,88.22943112721352,-433.6668762037669,12.429216196844383,-0.17124086329585766,0.34551726925719184,-0.05916667547122883,0.3798620845292462,0.024821860199174484
0.5,10.0,0.2,16,kmeans,-425.0746997183901,86.88561076731635,-437.5039159152345,12.429216196844383,-0.12126270336050972,0.3136735949552531,-0.03803690809708354,0.3587323171551009,0.007021814102764257
0.5,10.0,0.2,32,uniform,-421.2376600069225,88.22943112721352,-433.6668762037669,12.429216196844383,-0.17124086329585766,0.34551726925719184,-0.05916667547122883,0.3798620845292462,0.024821860199174484
0.5,10.0,0.2,32,kmeans,-425.0746997183901,86.88561076731635,-437.5039159152345,12.429216196844383,-0.12126270336050972,0.3136735949552531,-0.03803690809708354,0.3587323171551009,0.007021814102764257
0.5,10.0,0.5,4,uniform,-421.66540784974126,88.07860040369101,-434.09462404658564,12.429216196844383,0.07672699825414785,0.012261533415023337,0.0009407906529276711,0.3197546184050897,0.308433875642994
0.5,10.0,0.5,4,kmeans,-438.2333601034397,82.43068787214074,-450.66257630028406,12.429216196844383,0.2350572580629577,0.17295587467984283,0.04065453366812439,0.280040875389893,0.14773953437817453
0.5,10.0,0.5,8,uniform,-393.43753093191646,98.60688728226756,-405.86674712876084,12.429216196844383,-0.041347584090983616,0.1579430554948811,-0.006530563768661488,0.32722597282667887,0.16275235356313625
0.5,10.0,0.5,8,kmeans,-412.53775275108745,91.35383128116013,-424.96696894793183,12.429216196844383,0.08398643810785619,0.10233024177240933,0.008594352517180416,0.3121010565408369,0.218365167285608
0.5,10.0,0.5,16,uniform,-393.43753093191646,98.60688728226756,-405.86674712876084,12.429216196844383,-0.041347584090983616,0.1579430554948811,-0.006530563768661488,0.32722597282667887,0.16275235356313625
0.5,10.0,0.5,16,kmeans,-412.53775275108745,91.35383128116013,-424.96696894793183,12.429216196844383,0.08398643810785619,0.10233024177240933,0.008594352517180416,0.3121010565408369,0.218365167285608
0.5,10.0,0.5,32,uniform,-393.43753093191646,98.60688728226756,-405.86674712876084,12.429216196844383,-0.041347584090983616,0.1579430554948811,-0.006530563768661488,0.32722597282667887,0.16275235356313625
0.5,10.0,0.5,32,kmeans,-412.53775275108745,91.35383128116013,-424.96696894793183,12.429216196844383,0.08398643810785619,0.10233024177240933,0.008594352517180416,0.3121010565408369,0.218365167285608
0.5,50.0,0.02,4,uniform,-420.50344269872073,88.48893029996941,-432.9326588955651,12.429216196844383,-0.21936758643777673,0.1027738203878485,-0.022545244927471897,0.34324065398548925,0.21792158867016886
0.5,50.0,0.02,4,kmeans,-422.96913899127986,87.62047273555429,-435.39835518812424,12.429216196844383,-0.16092554856779412,0.12814675447124096,-0.020622086760466875,0.34131749581848425,0.1925486545867764
0.5,50.0,0.02,8,uniform,-439.98914167753657,81.85379490782204,-452.41835787438094,12.429216196844383,-0.21594263113076204,0.21433958132946906,-0.046285053147751505,0.36698046220576885,0.10635582772854829
0.5,50.0,0.02,8,kmeans,-444.11849870159074,80.51288541017252,-456.5477148984351,12.429216196844383,-0.16906950171797108,0.2866049441471531,-0.048456155096866106,0.3691515641548835,0.03409046491086426
0.5,50.0,0.02,16,uniform,-439.98914167753657,81.85379490782204,-452.41835787438094,12.429216196844383,-0.21594263113076204,0.21433958132946906,-0.046285053147751505,0.36698046220576885,0.10635582772854829
0.5,50.0,0.02,16,kmeans,-444.11849870159074,80.51288541017252,-456.5477148984351,12.429216196844383,-0.16906950171797108,0.2866049441471531,-0.048456155096866106,0.3691515641548835,0.03409046491086426
0.5,50.0,0.02,32,uniform,-439.98914167753657,81.85379490782204,-452.41835787438094,12.429216196844383,-0.21594263113076204,0.21433958132946906,-0.046285053147751505,0.36698046220576885,0.10635582772854829
0.5,50.0,0.02,32,kmeans,-444.11849870159074,80.51288541017252,-456.5477148984351,12.429216196844383,-0.16906950171797108,0.2866049441471531,-0.048456155096866106,0.3691515641548835,0.03409046491086426
0.5,50.0,0.05,4,uniform,-423.78185413332756,87.33609328518692,-436.21107033017194,12.429216196844383,-0.21715224036590408,0.10716973169869697,-0.023272147337784894,0.34396755639580223,0.21352567735932038
0.5,50.0,0.05,4,kmeans,-425.4838751269183,86.74352125697769,-437.91309132376267,12.429216196844383,-0.1758350613372809,0.1732038591222738,-0.030455311192618774,0.35115072025063615,0.14749154993574357
0.5,50.0,0.05,8,uniform,-443.5497771668598,80.69625154666083,-455.9789933637042,12.429216196844383,-0.2133216549259367,0.22385693898242828,-0.04775353269038603,0.36844894174840337,0.09683847007558907
0.5,50.0,0.05,8,kmeans,-446.82201448036716,79.64690480944891,-459.25123067721154,12.429216196844383,-0.17152715736074486,0.30732480326173595,-0.052714549889935736,0.3734099589479531,0.01337060579628141
0.5,50.0,0.05,16,uniform,-443.5497771668598,80.69625154666083,-455.9789933637042,12.429216196844383,-0.2133216549259367,0.22385693898242828,-0.04775353269038603,0.36844894174840337,0.09683847007558907
0.5,50.0,0.05,16,kmeans,-446.82201448036716,79.64690480944891,-459.25123067721154,12.429216196844383,-0.17152715736074486,0.30732480326173595,-0.052714549889935736,0.3734099589479531,0.01337060579628141
0.5,50.0,0.05,32,uniform,-443.5497771668598,80.69625154666083,-455.9789933637042,12.429216196844383,-0.2133216549259367,0.22385693898242828,-0.04775353269038603,0.36844894174840337,0.09683847007558907
0.5,50.0,0.05,32,kmeans,-446.82201448036716,79.64690480944891,-459.25123067721154,12.429216196844383,-0.17152715736074486,0.30732480326173595,-0.052714549889935736,0.3734099589479531,0.01337060579628141
0.5,50.0,0.1,4,uniform,-426.5964346445501,86.3583496247181,-439.02565084139445,12.429216196844383,-0.22852261353858055,0.14811529915861635,-0.03384769526877573,0.3545431043267931,0.172580109899401
0.5,50.0,0.1,4,kmeans,-428.5053124700852,85.70147046563356,-440.93452866692957,12.429216196844383,-0.18544162589853752,0.21454425136022187,-0.03978543479942406,0.3604808438574414,0.10615115769779548
0.5,50.0,0.1,8,uniform,-445.9287696103468,79.93199056547702,-458.3579858071912,12.429216196844383,-0.2082477644528824,0.24138204012074965,-0.05026727023422208,0.3709626792922394,0.0793133689372677
0.5,50.0,0.1,8,kmeans,-448.40871897227305,79.14300118674228,-460.83793516911743,12.429216196844383,-0.17171390897250738,0.3346236536115386,-0.057459535596299585,0.3781549446543169,0.013928244553521263
0.5,50.0,0.1,16,uniform,-445.9287696103468,79.93199056547702,-458.3579858071912,12.429216196844383,-0.2082477644528824,0.24138204012074965,-0.05026727023422208,0.3709626792922394,0.0793133689372677
0.5,50.0,0.1,16,kmeans,-448.40871897227305,79.14300118674228,-460.83793516911743,12.429216196844383,-0.17171390897250738,0.3346236536115386,-0.057459535596299585,0.3781549446543169,0.013928244553521263
0.5,50.0,0.1,32,uniform,-445.9287696103468,79.93199056547702,-458.3579858071912,12.429216196844383,-0.2082477644528824,0.24138204012074965,-0.05026727023422208,0.3709626792922394,0.0793133689372677
0.5,50.0,0.1,32,kmeans,-448.40871897227305,79.14300118674228,-460.83793516911743,12.429216196844383,-0.17171390897250738,0.3346236536115386,-0.057459535596299585,0.3781549446543169,0.013928244553521263
0.5,50.0,0.2,4,uniform,-417.53166433429726,89.54708499662064,-429.96088053114164,12.429216196844383,-0.1999013164402468,0.15022416840999547,-0.030030009026299435,0.3507254180843168,0.17047124064802188
0.5,50.0,0.2,4,kmeans,-419.5319306465672,88.83347156744637,-431.9611468434116,12.429216196844383,-0.14786459236947677,0.17068681154943105,-0.02523853581260232,0.3459339448706197,0.1500085975085863
0.5,50.0,0.2,8,uniform,-440.8078440667299,81.58617775477217,-453.2370602635743,12.429216196844383,-0.19615153434970845,0.2862411823753575,-0.0561466471170011,0.3768420561750184,0.03445422668265985
0.5,50.0,0.2,8,kmeans,-443.02086401786863,80.86715750580156,-455.450080214713,12.429216196844383,-0.16050089986713612,0.3483616445128419,-0.055912357423506504,0.37660776648152383,0.02766623545482455
0.5,50.0,0.2,16,uniform,-440.8078440667299,81.58617775477217,-453.2370602635743,12.429216196844383,-0.19615153434970845,0.2862411823753575,-0.0561466471170011,0.3768420561750184,0.03445422668265985
0.5,50.0,0.2,16,kmeans,-443.02086401786863,80.86715750580156,-455.450080214713,12.429216196844383,-0.16050089986713612,0.3483616445128419,-0.055912357423506504,0.37660776648152383,0.02766623545482455
0.5,50.0,0.2,32,uniform,-440.8078440667299,81.58617775477217,-453.2370602635743,12.429216196844383,-0.19615153434970845,0.2862411823753575,-0.0561466471170011,0.3768420561750184,0.03445422668265985
0.5,50.0,0.2,32,kmeans,-443.02086401786863,80.86715750580156,-455.450080214713,12.429216196844383,-0.16050089986713612,0.3483616445128419,-0.055912357423506504,0.37660776648152383,0.02766623545482455
0.5,50.0,0.5,4,uniform,-393.12942056283754,98.72848941837141,-405.5586367596819,12.429216196844383,-0.08114518917989505,0.1275836585728933,-0.010352800111160566,0.33104820916917793,0.19311175048512405
0.5,50.0,0.5,4,kmeans,-406.7557583833963,93.4912828218005,-419.1849745802407,12.429216196844383,0.06886503205521613,0.008396303443059914,0.0005782117057516426,0.32011719735226574,0.31229910561495744
0.5,50.0,0.5,8,uniform,-403.948041024432,94.54718948887643,-416.37725722127635,12.429216196844383,-0.12294908093565206,0.30926223236106354,-0.03802350723690084,0.3587189162949182,0.011433176696953817
0.5,50.0,0.5,8,kmeans,-408.9077267383357,92.6899754175341,-421.3369429351801,12.429216196844383,-0.06233203323755,0.23005457514703556,-0.014339769424515465,0.33503517848253284,0.0906408339109818
0.5,50.0,0.5,16,uniform,-403.948041024432,94.54718948887643,-416.37725722127635,12.429216196844383,-0.12294908093565206,0.30926223236106354,-0.03802350723690084,0.3587189162949182,0.011433176696953817
0.5,50.0,0.5,16,kmeans,-408.9077267383357,92.6899754175341,-421.3369429351801,12.429216196844383,-0.06233203323755,0.23005457514703556,-0.014339769424515465,0.33503517848253284,0.0906408339109818
0.5,50.0,0.5,32,uniform,-403.948041024432,94.54718948887643,-416.37725722127635,12.429216196844383,-0.12294908093565206,0.30926223236106354,-0.03802350723690084,0.3587189162949182,0.011433176696953817
0.5,50.0,0.5,32,kmeans,-408.9077267383357,92.6899754175341,-421.3369429351801,12.429216196844383,-0.06233203323755,0.23005457514703556,-0.014339769424515465,0.33503517848253284,0.0906408339109818
1.0,0.5,0.02,4,uniform,-540.993012568816,54.648358815620725,-553.4222287656604,12.429216196844383,0.9501787167795896,0.1131569338337255,0.10751931018484223,0.21317609887317512,0.20753847522429186
1.0,0.5,0.02,4,kmeans,-544.996313463852,53.780232810326524,-557.4255296606964,12.429216196844383,1.1066799355941237,0.12293476028148112,0.13604943259058858,0.18464597646742878,0.19776064877653624
1.0,0.5,0.02,8,uniform,-497.1848553726474,65.11479649750758,-509.6140715694918,12.429216196844383,0.6624748599281711,0.11897685336167935,0.07881917426547308,0.24187623479254428,0.201718555696338
1.0,0.5,0.02,8,kmeans,-500.5059630518643,64.25550373935815,-512.9351792487087,12.429216196844383,0.7940619388437303,0.12766318546345634,0.10137247656807888,0.21932293248993848,0.19303222359456101
1.0,0.5,0.02,16,uniform,-497.1848553726474,65.11479649750758,-509.6140715694918,12.429216196844383,0.6624748599281711,0.11897685336167935,0.07881917426547308,0.24187623479254428,0.201718555696338
1.0,0.5,0.02,16,kmeans,-500.5059630518643,64.25550373935815,-512.9351792487087,12.429216196844383,0.7940619388437303,0.12766318546345634,0.10137247656807888,0.21932293248993848,0.19303222359456101
1.0,0.5,0.02,32,uniform,-497.1848553726474,65.11479649750758,-509.6140715694918,12.429216196844383,0.6624748599281711,0.11897685336167935,0.07881917426547308,0.24187623479254428,0.201718555696338
1.0,0.5,0.02,32,kmeans,-500.5059630518643,64.25550373935815,-512.9351792487087,12.429216196844383,0.7940619388437303,0.12766318546345634,0.10137247656807888,0.21932293248993848,0.19303222359456101
1.0,0.5,0.05,4,uniform,-545.6284617214517,53.644416273207554,-558.0576779182961,12.429216196844383,0.9888929331256492,0.11275224019289593,0.11149989352084057,0.2091955155371768,0.20794316886512143
1.0,0.5,0.05,4,kmeans,-549.7191170668227,52.773795246190204,-562.1483332636672,12.429216196844383,1.1500492730355483,0.12151773765655462,0.1397513858528451,0.18094402320517225,0.19917767140146275
1.0,0.5,0.05,8,uniform,-501.16217602157263,64.08706372140048,-513.591392218417,12.429216196844383,0.6931691774224488,0.11896484449314125,0.08246276339950026,0.2382326456585171,0.2017305645648761
1.0,0.5,0.05,8,kmeans,-504.5809889898521,63.21662230126971,-517.0102051866965,12.429216196844383,0.8293048110646237,0.12672483154129277,0.10509351247854808,0.21560189657946927,0.19397057751672458
1.0,0.5,0.05,16,uniform,-501.16217602157263,64.08706372140048,-513.591392218417,12.429216196844383,0.6931691774224488,0.11896484449314125,0.08246276339950026,0.2382326456585171,0.2017305645648761
1.0,0.5,0.05,16,kmeans,-504.5809889898521,63.21662230126971,-517.0102051866965,12.429216196844383,0.8293048110646237,0.12672483154129277,0.10509351247854808,0.21560189657946927,0.19397057751672458
1.0,0.5,0.05,32,uniform,-501.16217602157263,64.08706372140048,-513.591392218417,12.429216196844383,0.6931691774224488,0.11896484449314125,0.08246276339950026,0.2382326456585171,0.2017305645648761
1.0,0.5,0.05,32,kmeans,-504.5809889898521,63.21662230126971,-517.0102051866965,12.429216196844383,0.8293048110646237,0.12672483154129277,0.10509351247854808,0.21560189657946927,0.19397057751672458
1.0,0.5,0.1,4,uniform,-553.84465258449,51.910060913725815,-566.2738687813344,12.429216196844383,1.0585355577928934,0.11185990091136476,0.11840768260586929,0.20228772645214807,0.20883550814665258
1.0,0.5,0.1,4,kmeans,-558.1288605281607,51.028065817810635,-570.5580767250051,12.429216196844383,1.2288221308811278,0.11898359510153816,0.14620967487256945,0.1744857341854479,0.2017118139564792
1.0,0.5,0.1,8,uniform,-508.2774699428898,62.28878252825767,-520.7066861397342,12.429216196844383,0.7485916966114012,0.11874519625859412,0.08889166793167479,0.23180374112634256,0.20195021279942324
1.0,0.5,0.1,8,kmeans,-511.89476973849054,61.39400271141791,-524.3239859353349,12.429216196844383,0.8933570194824648,0.12496488241420041,0.11163825489352676,0.2090571541644906,0.19573052664381696
1.0,0.5,0.1,16,uniform,-508.2774699428898,62.28878252825767,-520.7066861397342,12.429216196844383,0.7485916966114012,0.11874519625859412,0.08889166793167479,0.23180374112634256,0.20195021279942324
1.0,0.5,0.1,16,kmeans,-511.89476973849054,61.39400271141791,-524.3239859353349,12.429216196844383,0.8933570194824648,0.12496488241420041,0.11163825489352676,0.2090571541644906,0.19573052664381696
1.0,0.5,0.1,32,uniform,-508.2774699428898,62.28878252825767,-520.7066861397342,12.429216196844383,0.7485916966114012,0.11874519625859412,0.08889166793167479,0.23180374112634256,0.20195021279942324
1.0,0.5,0.1,32,kmeans,-511.89476973849054,61.39400271141791,-524.3239859353349,12.429216196844383,0.8933570194824648,0.12496488241420041,0.11163825489352676,0.2090571541644906,0.19573052664381696
1.0,0.5,0.2,4,uniform,-571.7807841407597,48.31625744371742,-584.2100003376041,12.429216196844383,1.2188782226348835,0.10925045944508402,0.13316300583046844,0.1875324032275489,0.21144494961293334
1.0,0.5,0.2,4,kmeans,-576.6521670656906,47.38390269169372,-589.081383262535,12.429216196844383,1.4134070271241554,0.11304532988130318,0.1597790636378022,0.16091634542021516,0.2076500791767142
1.0,0.5,0.2,8,uniform,-524.0817958661747,58.472938072854376,-536.5110120630192,12.429216196844383,0.8766769121392045,0.11737209565435709,0.10289740638956912,0.21779800266844823,0.20332331340366028
1.0,0.5,0.2,8,kmeans,-528.2425471521357,57.507826122365266,-540.6717633489801,12.429216196844383,1.043249462694344,0.12049012981603885,0.1257012631905543,0.19499414586746305,0.2002052792419785
1.0,0.5,0.2,16,uniform,-524.0817958661747,58.472938072854376,-536.5110120630192,12.429216196844383,0.8766769121392045,0.11737209565435709,0.10289740638956912,0.21779800266844823,0.20332331340366028
1.0,0.5,0.2,16,kmeans,-528.2425471521357,57.507826122365266,-540.6717633489801,12.429216196844383,1.043249462694344,0.12049012981603885,0.1257012631905543,0.19499414586746305,0.2002052792419785
1.0,0.5,0.2,32,uniform,-524.0817958661747,58.472938072854376,-536.5110120630192,12.429216196844383,0.8766769121392045,0.11737209565435709,0.10289740638956912,0.21779800266844823,0.20332331340366028
1.0,0.5,0.2,32,kmeans,-528.2425471521357,57.507826122365266,-540.6717633489801,12.429216196844383,1.043249462694344,0.12049012981603885,0.1257012631905543,0.19499414586746305,0.2002052792419785
1.0,0.5,0.5,4,uniform,-627.6901830175966,38.633914378164,-640.119399214441,12.429216196844383,1.9358491769034227,0.092203405876395,0.17849188737351146,0.1422035216845059,0.22849200318162236
1.0,0.5,0.5,4,kmeans,-637.141420341909,37.200624629500524,-649.5706365387534,12.429216196844383,2.2960455160314517,0.08593179662680106,0.1973033163294932,0.12339209272852417,0.2347636124312163
1.0,0.5,0.5,8,uniform,-577.3944671742681,47.24341905249242,-589.8236833711126,12.429216196844383,1.449301661438794,0.10326436465488598,0.14966121526174772,0.17103419379626963,0.21743104440313138
1.0,0.5,0.5,8,kmeans,-584.8735590835473,45.85099947611876,-597.3027752803918,12.429216196844383,1.7426674807739828,0.09660995868972463,0.168359033327501,0.15233637573051637,0.22408545036829272
1.0,0.5,0.5,16,uniform,-577.3944671742681,47.24341905249242,-589.8236833711126,12.429216196844383,1.449301661438794,0.10326436465488598,0.14966121526174772,0.17103419379626963,0.21743104440313138
1.0,0.5,0.5,16,kmeans,-584.8735590835473,45.85099947611876,-597.3027752803918,12.429216196844383,1.7426674807739828,0.09660995868972463,0.168359033327501,0.15233637573051637,0.22408545036829272
1.0,0.5,0.5,32,uniform,-577.3944671742681,47.24341905249242,-589.8236833711126,12.429216196844383,1.449301661438794,0.10326436465488598,0.14966121526174772,0.17103419379626963,0.21743104440313138
1.0,0.5,0.5,32,kmeans,-584.8735590835473,45.85099947611876,-597.3027752803918,12.429216196844383,1.7426674807739828,0.09660995868972463,0.168359033327501,0.15233637573051637,0.22408545036829272
1.0,1.0,0.02,4,uniform,-513.0397631846851,61.11346271176421,-525.4689793815295,12.429216196844383,0.5260438257599667,0.1485047941875357,0.07812003007810775,0.2425753789799096,0.17219061487048165
1.0,1.0,0.02,4,kmeans,-516.9025711235628,60.17644213902385,-529.3317873204072,12.429216196844383,0.6255535472991656,0.182173952666866,0.11395956231626832,0.20673584674174905,0.13852145639115135
1.0,1.0,0.02,8,uniform,-476.2612020767764,70.799109668763,-488.69041827362076,12.429216196844383,0.3493549050998267,0.1563318301941841,0.0546152917015714,0.26608011735644593,0.16436357886383327
1.0,1.0,0.02,8,kmeans,-479.674135935583,69.83914644545762,-492.1033521324274,12.429216196844383,0.43326052072315374,0.19008392083024853,0.0823558585200122,0.23833955053800515,0.13061148822776883
1.0,1.0,0.02,16,uniform,-476.2612020767764,70.799109668763,-488.69041827362076,12.429216196844383,0.3493549050998267,0.1563318301941841,0.0546152917015714,0.26608011735644593,0.16436357886383327
1.0,1.0,0.02,16,kmeans,-479.674135935583,69.83914644545762,-492.1033521324274,12.429216196844383,0.43326052072315374,0.19008392083024853,0.0823558585200122,0.23833955053800515,0.13061148822776883
1.0,1.0,0.02,32,uniform,-476.2612020767764,70.799109668763,-488.69041827362076,12.429216196844383,0.3493549050998267,0.1563318301941841,0.0546152917015714,0.26608011735644593,0.16436357886383327
1.0,1.0,0.02,32,kmeans,-479.674135935583,69.83914644545762,-492.1033521324274,12.429216196844383,0.43326052072315374,0.19008392083024853,0.0823558585200122,0.23833955053800515,0.13061148822776883
1.0,1.0,0.05,4,uniform,-518.7089573933266,59.74320162797042,-531.138173590171,12.429216196844383,0.550909561385949,0.15130999132568704,0.083358120954546,0.23733728810347135,0.16938541773233032
1.0,1.0,0.05,4,kmeans,-522.4956361570871,58.845107137326195,-534.9248523539316,12.429216196844383,0.650409754820385,0.18277016768480975,0.11887549995235776,0.2018199091056596,0.1379252413732076
1.0,1.0,0.05,8,uniform,-480.9906335121969,69.47234082233618,-493.4198497090413,12.429216196844383,0.3690558486081786,0.16033412871122693,0.059172247932374786,0.26152316112564256,0.16036128034679042
1.0,1.0,0.05,8,kmeans,-484.39001982242655,68.53408099666558,-496.81923601927093,12.429216196844383,0.45381938261597565,0.19183035377368793,0.08705633271657925,0.2336390763414381,0.12886505528432943
1.0,1.0,0.05,16,uniform,-480.9906335121969,69.47234082233618,-493.4198497090413,12.429216196844383,0.3690558486081786,0.16033412871122693,0.059172247932374786,0.26152316112564256,0.16036128034679042
1.0,1.0,0.05,16,kmeans,-484.39001982242655,68.53408099666558,-496.81923601927093,12.429216196844383,0.45381938261597565,0.19183035377368793,0.08705633271657925,0.2336390763414381,0.12886505528432943
1.0,1.0,0.05,32,uniform,-480.9906335121969,69.47234082233618,-493.4198497090413,12.429216196844383,0.3690558486081786,0.16033412871122693,0.059172247932374786,0.26152316112564256,0.16036128034679042
1.0,1.0,0.05,32,kmeans,-484.39001982242655,68.53408099666558,-496.81923601927093,12.429216196844383,0.45381938261597565,0.19183035377368793,0.08705633271657925,0.2336390763414381,0.12886505528432943
1.0,1.0,0.1,4,uniform,-528.7049185592834,57.40156451936317,-541.1341347561279,12.429216196844383,0.5947421701341292,0.15546531702547042,0.09246178002831866,0.22823362902969868,0.16523009203254693
1.0,1.0,0.1,4,kmeans,-532.4235254752866,56.55406774044335,-544.8527416721311,12.429216196844383,0.6951239798096128,0.18326844446750087,0.12739429049176623,0.19330111856625112,0.13742696459051648
1.0,1.0,0.1,8,uniform,-489.41766349569775,67.16958760203717,-501.84687969254213,12.429216196844383,0.40393879854205134,0.16646755775504693,0.0672427052758032,0.2534527037822142,0.15422785130297043
1.0,1.0,0.1,8,kmeans,-492.83662727625773,66.25723884765353,-505.2658434731021,12.429216196844383,0.4907550515276775,0.19415073218165457,0.09528045257594421,0.22541495648207316,0.12654467687636278
1.0,1.0,0.1,16,uniform,-489.41766349569775,67.16958760203717,-501.84687969254213,12.429216196844383,0.40393879854205134,0.16646755775504693,0.0672427052758032,0.2534527037822142,0.15422785130297043
1.0,1.0,0.1,16,kmeans,-492.83662727625773,66.25723884765353,-505.2658434731021,12.429216196844383,0.4907550515276775,0.19415073218165457,0.09528045257594421,0.22541495648207316,0.12654467687636278
1.0,1.0,0.1,32,uniform,-489.41766349569775,67.16958760203717,-501.84687969254213,12.429216196844383,0.40393879854205134,0.16646755775504693,0.0672427052758032,0.2534527037822142,0.15422785130297043
1.0,1.0,0.1,32,kmeans,-492.83662727625773,66.25723884765353,-505.2658434731021,12.429216196844383,0.4907550515276775,0.19415073218165457,0.09528045257594421,0.22541495648207316,0.12654467687636278
1.0,1.0,0.2,4,uniform,-550.365740723103,52.63747248348332,-562.7949569199475,12.429216196844383,0.6919471417050763,0.16171491405146857,0.11189817254899576,0.2087972365090216,0.1589804950065488
1.0,1.0,0.2,4,kmeans,-554.1682448692322,51.842913598957246,-566.5974610660767,12.429216196844383,0.7977672036346952,0.18183052481636913,0.14505842931818386,0.1756369797398335,0.13886488424164822
1.0,1.0,0.2,8,uniform,-508.0163429834818,62.35387764006453,-520.4455591803262,12.429216196844383,0.4815945384288635,0.1761994068579782,0.08485667201720754,0.23583873704080982,0.14449600220003916
1.0,1.0,0.2,8,kmeans,-511.6409610748107,61.45636368071527,-524.0701772716551,12.429216196844383,0.5752120100356439,0.1960387117239776,0.11276382141554732,0.20793158764247005,0.12465669733403975
1.0,1.0,0.2,16,uniform,-508.0163429834818,62.35387764006453,-520.4455591803262,12.429216196844383,0.4815945384288635,0.1761994068579782,0.08485667201720754,0.23583873704080982,0.14449600220003916
1.0,1.0,0.2,16,kmeans,-511.6409610748107,61.45636368071527,-524.0701772716551,12.429216196844383,0.5752120100356439,0.1960387117239776,0.11276382141554732,0.20793158764247005,0.12465669733403975
1.0,1.0,0.2,32,uniform,-508.0163429834818,62.35387764006453,-520.4455591803262,12.429216196844383,0.4815945384288635,0.1761994068579782,0.08485667201720754,0.23583873704080982,0.14449600220003916
1.0,1.0,0.2,32,kmeans,-511.6409610748107,61.45636368071527,-524.0701772716551,12.429216196844383,0.5752120100356439,0.1960387117239776,0.11276382141554732,0.20793158764247005,0.12465669733403975
1.0,1.0,0.5,4,uniform,-617.4473912075197,40.24966451473969,-629.8766074043641,12.429216196844383,1.0892934773269611,0.1563512669238504,0.1703124152319569,0.15038299382606046,0.16434414213416695
1.0,1.0,0.5,4,kmeans,-624.4116545432786,39.14390063159871,-636.840870740123,12.429216196844383,1.2664577355099242,0.1520122136228619,0.19251704383466056,0.1281783652233568,0.16868319543515545
1.0,1.0,0.5,8,uniform,-570.0201991746347,48.657717878623146,-582.4494153714792,12.429216196844383,0.7998374031636457,0.1782236365442294,0.14254993063591787,0.1781454784220995,0.14247177251378795
1.0,1.0,0.5,8,kmeans,-576.0882170421801,47.49091195421751,-588.5174332390245,12.429216196844383,0.9486541640207347,0.17316699838074767,0.16427559408486808,0.15641981497314927,0.14752841067726968
1.0,1.0,0.5,16,uniform,-570.0201991746347,48.657717878623146,-582.4494153714792,12.429216196844383,0.7998374031636457,0.1782236365442294,0.14254993063591787,0.1781454784220995,0.14247177251378795
1.0,1.0,0.5,16,kmeans,-576.0882170421801,47.49091195421751,-588.5174332390245,12.429216196844383,0.9486541640207347,0.17316699838074767,0.16427559408486808,0.15641981497314927,0.14752841067726968
1.0,1.0,0.5,32,uniform,-570.0201991746347,48.657717878623146,-582.4494153714792,12.429216196844383,0.7998374031636457,0.1782236365442294,0.14254993063591787,0.1781454784220995,0.14247177251378795
1.0,1.0,0.5,32,kmeans,-576.0882170421801,47.49091195421751,-588.5174332390245,12.429216196844383,0.9486541640207347,0.17316699838074767,0.16427559408486808,0.15641981497314927,0.14752841067726968
1.0,5.0,0.02,4,uniform,-397.96966216440615,96.83539564850864,-410.3988783612505,12.429216196844383,-0.03475843484842945,0.05565616743685484,-0.0019345212697671997,0.32262993032778453,0.2650392416211625
1.0,5.0,0.02,4,kmeans,-414.3641366558466,90.68887450295044,-426.793352852691,12.429216196844383,0.135438304146588,0.04930965255189158,0.0066784157196856705,0.31401699333833166,0.2713857565061258
1.0,5.0,0.02,8,uniform,-392.54334808510697,98.96020912299778,-404.97256428195135,12.429216196844383,-0.08737922305272193,0.13325895976375374,-0.011644064368970735,0.3323394734269881,0.18743644929426362
1.0,5.0,0.02,8,kmeans,-404.6311654952347,94.28919214286312,-417.0603816920791,12.429216196844383,0.0312556063818621,0.02085601565632111,-0.000651867416047926,0.3213472764740653,0.29983939340169624
1.0,5.0,0.02,16,uniform,-392.54334808510697,98.96020912299778,-404.97256428195135,12.429216196844383,-0.08737922305272193,0.13325895976375374,-0.011644064368970735,0.3323394734269881,0.18743644929426362
1.0,5.0,0.02,16,kmeans,-404.6311654952347,94.28919214286312,-417.0603816920791,12.429216196844383,0.0312556063818621,0.02085601565632111,-0.000651867416047926,0.3213472764740653,0.29983939340169624
1.0,5.0,0.02,32,uniform,-392.54334808510697,98.96020912299778,-404.97256428195135,12.429216196844383,-0.08737922305272193,0.13325895976375374,-0.011644064368970735,0.3323394734269881,0.18743644929426362
1.0,5.0,0.02,32,kmeans,-404.6311654952347,94.28919214286312,-417.0603816920791,12.429216196844383,0.0312556063818621,0.02085601565632111,-0.000651867416047926,0.3213472764740653,0.29983939340169624
1.0,5.0,0.05,4,uniform,-401.66994401486676,95.41267750992311,-414.09916021171114,12.429216196844383,-0.01136256972631837,0.04275762073615446,-0.0004858364469460312,0.3211812455049634,0.2779377883218629
1.0,5.0,0.05,4,kmeans,-418.17090648064374,89.31840839740264,-430.6001226774881,12.429216196844383,0.15913451792478717,0.06658639164625815,0.010596193334978367,0.310099215723039,0.2541090174117592
1.0,5.0,0.05,8,uniform,-393.4975431600034,98.58321964703407,-405.92675935684775,12.429216196844383,-0.07184998168163727,0.11825527416922885,-0.008496639282816085,0.32919204834083343,0.2024401348887885
1.0,5.0,0.05,8,kmeans,-405.8909443313189,93.81525314744191,-418.3201605281633,12.429216196844383,0.049364838508748204,0.0007789313029684095,3.845181798044436e-05,0.3206569572400369,0.31991647775504894
1.0,5.0,0.05,16,uniform,-393.4975431600034,98.58321964703407,-405.92675935684775,12.429216196844383,-0.07184998168163727,0.11825527416922885,-0.008496639282816085,0.32919204834083343,0.2024401348887885
1.0,5.0,0.05,16,kmeans,-405.8909443313189,93.81525314744191,-418.3201605281633,12.429216196844383,0.049364838508748204,0.0007789313029684095,3.845181798044436e-05,0.3206569572400369,0.31991647775504894
1.0,5.0,0.05,32,uniform,-393.4975431600034,98.58321964703407,-405.92675935684775,12.429216196844383,-0.07184998168163727,0.11825527416922885,-0.008496639282816085,0.32919204834083343,0.2024401348887885
1.0,5.0,0.05,32,kmeans,-405.8909443313189,93.81525314744191,-418.3201605281633,12.429216196844383,0.049364838508748204,0.0007789313029684095,3.845181798044436e-05,0.3206569572400369,0.31991647775504894
1.0,5.0,0.1,4,uniform,-409.88102521094163,92.32981690989271,-422.310241407786,12.429216196844383,0.03175588996798346,0.019291400149995547,-0.0006126155804915982,0.32130802463850894,0.3014040089080218
1.0,5.0,0.1,4,kmeans,-426.41543591039846,86.4208952712141,-438.84465210724284,12.429216196844383,0.20143770967023886,0.09765196834382187,0.019670788847970144,0.3010246202100472,0.2230434407141955
1.0,5.0,0.1,8,uniform,-396.6097096581859,97.3635971599382,-409.0389258550303,12.429216196844383,-0.04224236240307975,0.08954880072637735,-0.003782752893044803,0.32447816195106216,0.23114660833164002
1.0,5.0,0.1,8,kmeans,-409.5079097720389,92.46771851136982,-421.93712596888327,12.429216196844383,0.08272233511938148,0.03966656577339097,0.0032813109469414354,0.3174140981110759,0.2810288432846264
1.0,5.0,0.1,16,uniform,-396.6097096581859,97.3635971599382,-409.0389258550303,12.429216196844383,-0.04224236240307975,0.08954880072637735,-0.003782752893044803,0.32447816195106216,0.23114660833164002
1.0,5.0,0.1,16,kmeans,-409.5079097720389,92.46771851136982,-421.93712596888327,12.429216196844383,0.08272233511938148,0.03966656577339097,0.0032813109469414354,0.3174140981110759,0.2810288432846264
1.0,5.0,0.1,32,uniform,-396.6097096581859,97.3635971599382,-409.0389258550303,12.429216196844383,-0.04224236240307975,0.08954880072637735,-0.003782752893044803,0.32447816195106216,0.23114660833164002
1.0,5.0,0.1,32,kmeans,-409.5079097720389,92.46771851136982,-421.93712596888327,12.429216196844383,0.08272233511938148,0.03966656577339097,0.0032813109469414354,0.3174140981110759,0.2810288432846264
1.0,5.0,0.2,4,uniform,-435.72835352031876,83.26079744984035,-448.15756971716314,12.429216196844383,0.13447059031919575,0.03820984221676408,0.005138100038891593,0.31555730901912576,0.28248556684125325
1.0,5.0,0.2,4,kmeans,-450.55112520757876,78.46767313681156,-462.98034140442314,12.429216196844383,0.2895638768795431,0.16371520741470152,0.04740601016313949,0.27328939889487786,0.15698020164331583
1.0,5.0,0.2,8,uniform,-410.4758054765772,92.11041419408062,-422.9050216734216,12.429216196844383,0.030786368933770767,0.018787697578027576,-0.0005784049890532685,0.3212738140470706,0.3019077114799898
1.0,5.0,0.2,8,kmeans,-423.7219122410674,87.35703615857412,-436.1511284379118,12.429216196844383,0.15739353757184602,0.1245045111310001,0.019596205450561385,0.30109920360745596,0.19619089792701727
1.0,5.0,0.2,16,uniform,-410.4758054765772,92.11041419408062,-422.9050216734216,12.429216196844383,0.030786368933770767,0.018787697578027576,-0.0005784049890532685,0.3212738140470706,0.3019077114799898
1.0,5.0,0.2,16,kmeans,-423.7219122410674,87.35703615857412,-436.1511284379118,12.429216196844383,0.15739353757184602,0.1245045111310001,0.019596205450561385,0.30109920360745596,0.19619089792701727
1.0,5.0,0.2,32,uniform,-410.4758054765772,92.11041419408062,-422.9050216734216,12.429216196844383,0.030786368933770767,0.018787697578027576,-0.0005784049890532685,0.3212738140470706,0.3019077114799898
1.0,5.0,0.2,32,kmeans,-423.7219122410674,87.35703615857412,-436.1511284379118,12.429216196844383,0.15739353757184602,0.1245045111310001,0.019596205450561385,0.30109920360745596,0.19619089792701727
1.0,5.0,0.5,4,uniform,-559.3377414233005,50.78191401832379,-571.7669576201449,12.429216196844383,0.4545084814155682,0.2326215710421385,0.10572847699886607,0.2149669320591513,0.08807383801587887
1.0,5.0,0.5,4,kmeans,-562.2470793374737,50.194372372242945,-574.6762955343181,12.429216196844383,0.5119398401430856,0.3144959581166796,0.16100301052389948,0.15969239853411787,0.006199450941337781
1.0,5.0,0.5,8,uniform,-513.6771296150858,60.95785447666636,-526.1063458119303,12.429216196844383,0.3010334982688778,0.24614009936505976,0.07409641517611314,0.2465989938819042,0.0745553096929576
1.0,5.0,0.5,8,kmeans,-518.4376983637338,59.808060340223946,-530.8669145605783,12.429216196844383,0.3675289429871088,0.3477252635509478,0.12779909856279367,0.19289631049522368,0.02702985449293044
1.0,5.0,0.5,16,uniform,-513.6771296150858,60.95785447666636,-526.1063458119303,12.429216196844383,0.3010334982688778,0.24614009936505976,0.07409641517611314,0.2465989938819042,0.0745553096929576
1.0,5.0,0.5,16,kmeans,-518.4376983637338,59.808060340223946,-530.8669145605783,12.429216196844383,0.3675289429871088,0.3477252635509478,0.12779909856279367,0.19289631049522368,0.02702985449293044
1.0,5.0,0.5,32,uniform,-513.6771296150858,60.95785447666636,-526.1063458119303,12.429216196844383,0.3010334982688778,0.24614009936505976,0.07409641517611314,0.2465989938819042,0.0745553096929576
1.0,5.0,0.5,32,kmeans,-518.4376983637338,59.808060340223946,-530.8669145605783,12.429216196844383,0.3675289429871088,0.3477252635509478,0.12779909856279367,0.19289631049522368,0.02702985449293044
1.0,10.0,0.02,4,uniform,-390.3020145129793,99.85140946419689,-402.7312307098237,12.429216196844383,-0.15493886272775018,0.12929585250398526,-0.020032952342382407,0.34072836140039975,0.1913995565540321
1.0,10.0,0.02,4,kmeans,-403.64202750206016,94.66299122215412,-416.07124369890454,12.429216196844383,-0.0074054814805855585,0.06601346284624608,-0.0004888614765771982,0.32118427053459453,0.25468194621177126
1.0,10.0,0.02,8,uniform,-398.038014989041,96.80892337631371,-410.4672311858854,12.429216196844383,-0.16472996545023721,0.21399957470734,-0.035252142547905575,0.35594755160592295,0.10669583435067737
1.0,10.0,0.02,8,kmeans,-407.70896106371043,93.1354969594073,-420.1381772605548,12.429216196844383,-0.06779759043372571,0.15876566696603794,-0.010763929663900737,0.3314593387219181,0.1619297420919794
1.0,10.0,0.02,16,uniform,-398.038014989041,96.80892337631371,-410.4672311858854,12.429216196844383,-0.16472996545023721,0.21399957470734,-0.035252142547905575,0.35594755160592295,0.10669583435067737
1.0,10.0,0.02,16,kmeans,-407.70896106371043,93.1354969594073,-420.1381772605548,12.429216196844383,-0.06779759043372571,0.15876566696603794,-0.010763929663900737,0.3314593387219181,0.1619297420919794
1.0,10.0,0.02,32,uniform,-398.038014989041,96.80892337631371,-410.4672311858854,12.429216196844383,-0.16472996545023721,0.21399957470734,-0.035252142547905575,0.35594755160592295,0.10669583435067737
1.0,10.0,0.02,32,kmeans,-407.70896106371043,93.1354969594073,-420.1381772605548,12.429216196844383,-0.06779759043372571,0.15876566696603794,-0.010763929663900737,0.3314593387219181,0.1619297420919794
1.0,10.0,0.05,4,uniform,-389.96447263610906,99.98631664598489,-402.39368883295344,12.429216196844383,-0.13993164919158416,0.12298886556234226,-0.017210034790340584,0.33790544384835797,0.1977065434956751
1.0,10.0,0.05,4,kmeans,-403.823067062198,94.59446505187508,-416.2522832590424,12.429216196844383,0.011631630973828746,0.051744826756216014,-0.0006018767296330046,0.3212972857876504,0.26895058230180136
1.0,10.0,0.05,8,uniform,-396.48486678229256,97.41222990773907,-408.91408297913694,12.429216196844383,-0.15557577041639797,0.20871542080962974,-0.03247106239024085,0.3531664714482582,0.11197998824838762
1.0,10.0,0.05,8,kmeans,-406.3288213565689,93.65107878988545,-418.75803755341326,12.429216196844383,-0.055955274656300055,0.14277096036548775,-0.007988788300194597,0.32868419735821197,0.1779244486925296
1.0,10.0,0.05,16,uniform,-396.48486678229256,97.41222990773907,-408.91408297913694,12.429216196844383,-0.15557577041639797,0.20871542080962974,-0.03247106239024085,0.3531664714482582,0.11197998824838762
1.0,10.0,0.05,16,kmeans,-406.3288213565689,93.65107878988545,-418.75803755341326,12.429216196844383,-0.055955274656300055,0.14277096036548775,-0.007988788300194597,0.32868419735821197,0.1779244486925296
1.0,10.0,0.05,32,uniform,-396.48486678229256,97.41222990773907,-408.91408297913694,12.429216196844383,-0.15557577041639797,0.20871542080962974,-0.03247106239024085,0.3531664714482582,0.11197998824838762
1.0,10.0,0.05,32,kmeans,-406.3288213565689,93.65107878988545,-418.75803755341326,12.429216196844383,-0.055955274656300055,0.14277096036548775,-0.007988788300194597,0.32868419735821197,0.1779244486925296
1.0,10.0,0.1,4,uniform,-390.1279018737684,99.92097525567543,-402.5571180706128,12.429216196844383,-0.11209712976757728,0.1117260014891813,-0.012524164087345288,0.33321957314536266,0.20896940756883606
1.0,10.0,0.1,4,kmeans,-405.3659562468533,94.01246770573043,-417.79517244369765,12.429216196844383,0.04951755634308161,0.022682478836469355,-0.0011231809237856275,0.32181858998180296,0.298012930221548
1.0,10.0,0.1,8,uniform,-393.982005602718,98.39236516081648,-406.4112217995624,12.429216196844383,-0.13786755736918913,0.1969697377542372,-0.027155736619826436,0.3478511456778438,0.12372567130378015
1.0,10.0,0.1,8,kmeans,-404.45408711609497,94.35600211053202,-416.88330331293935,12.429216196844383,-0.03208220635912101,0.11164043063239865,-0.003581671333569748,0.3242770803915871,0.2090549784256187
1.0,10.0,0.1,16,uniform,-393.982005602718,98.39236516081648,-406.4112217995624,12.429216196844383,-0.13786755736918913,0.1969697377542372,-0.027155736619826436,0.3478511456778438,0.12372567130378015
1.0,10.0,0.1,16,kmeans,-404.45408711609497,94.35600211053202,-416.88330331293935,12.429216196844383,-0.03208220635912101,0.11164043063239865,-0.003581671333569748,0.3242770803915871,0.2090549784256187
1.0,10.0,0.1,32,uniform,-393.982005602718,98.39236516081648,-406.4112217995624,12.429216196844383,-0.13786755736918913,0.1969697377542372,-0.027155736619826436,0.3478511456778438,0.12372567130378015
1.0,10.0,0.1,32,kmeans,-404.45408711609497,94.35600211053202,-416.88330331293935,12.429216196844383,-0.03208220635912101,0.11164043063239865,-0.003581671333569748,0.3242770803915871,0.2090549784256187
1.0,10.0,0.2,4,uniform,-397.3882398171503,97.0608667869406,-409.8174560139947,12.429216196844383,-0.03613413713543537,0.07223004496892389,-0.0026099703502057594,0.3233053794082231,0.24846536408909348
1.0,10.0,0.2,4,kmeans,-415.5599950974237,90.25610616295671,-427.9892112942681,12.429216196844383,0.14233319244748108,0.0487204882785826,0.006934542634290743,0.31376086642372664,0.27197492077943475
1.0,10.0,0.2,8,uniform,-391.7352232075525,99.2806155282994,-404.1644394043969,12.429216196844383,-0.09211390362059221,0.15934140860279655,-0.014677559154807404,0.33537296821282475,0.1613540004552208
1.0,10.0,0.2,8,kmeans,-404.5505715105401,94.31959360978443,-416.9797877073845,12.429216196844383,0.030396615320011113,0.0341198150384352,-0.001037126892513245,0.3217325359505306,0.28657559401958216
1.0,10.0,0.2,16,uniform,-391.7352232075525,99.2806155282994,-404.1644394043969,12.429216196844383,-0.09211390362059221,0.15934140860279655,-0.014677559154807404,0.33537296821282475,0.1613540004552208
1.0,10.0,0.2,16,kmeans,-404.5505715105401,94.31959360978443,-416.9797877073845,12.429216196844383,0.030396615320011113,0.0341198150384352,-0.001037126892513245,0.3217325359505306,0.28657559401958216
1.0,10.0,0.2,32,uniform,-391.7352232075525,99.2806155282994,-404.1644394043969,12.429216196844383,-0.09211390362059221,0.15934140860279655,-0.014677559154807404,0.33537296821282475,0.1613540004552208
1.0,10.0,0.2,32,kmeans,-404.5505715105401,94.31959360978443,-416.9797877073845,12.429216196844383,0.030396615320011113,0.0341198150384352,-0.001037126892513245,0.3217325359505306,0.28657559401958216
1.0,10.0,0.5,4,uniform,-511.20642984712305,61.56327540340224,-523.6356460439674,12.429216196844383,0.3211970329213311,0.15288828630239687,0.04910726392875686,0.2715881451292605,0.16780712275562049
1.0,10.0,0.5,4,kmeans,-519.670653930711,59.513823774049264,-532.0998701275554,12.429216196844383,0.42054991572692196,0.29355135209855393,0.12345299638657085,0.1972424126714465,0.027144056959463425
1.0,10.0,0.5,8,uniform,-461.860590462372,74.99705692592224,-474.28980665921637,12.429216196844383,0.17028292975523285,0.11294993466915053,0.019233445791125098,0.30146196326689223,0.2077454743888668
1.0,10.0,0.5,8,kmeans,-474.6514092522243,71.25646818832591,-487.0806254490687,12.429216196844383,0.2824556440630859,0.2887118303186881,0.0815482859812974,0.23914712307671995,0.03198357873932928
1.0,10.0,0.5,16,uniform,-461.860590462372,74.99705692592224,-474.28980665921637,12.429216196844383,0.17028292975523285,0.11294993466915053,0.019233445791125098,0.30146196326689223,0.2077454743888668
1.0,10.0,0.5,16,kmeans,-474.6514092522243,71.25646818832591,-487.0806254490687,12.429216196844383,0.2824556440630859,0.2887118303186881,0.0815482859812974,0.23914712307671995,0.03198357873932928
1.0,10.0,0.5,32,uniform,-461.860590462372,74.99705692592224,-474.28980665921637,12.429216196844383,0.17028292975523285,0.11294993466915053,0.019233445791125098,0.30146196326689223,0.2077454743888668
1.0,10.0,0.5,32,kmeans,-474.6514092522243,71.25646818832591,-487.0806254490687,12.429216196844383,0.2824556440630859,0.2887118303186881,0.0815482859812974,0.23914712307671995,0.03198357873932928
1.0,50.0,0.02,4,uniform,-402.4961508128138,95.09787556837269,-414.9253670096582,12.429216196844383,-0.23576357412331894,0.14453391981339025,-0.03407583351725807,0.3547712425752754,0.1761614892446271
1.0,50.0,0.02,4,kmeans,-412.70602370101915,91.29236318619158,-425.1352398978635,12.429216196844383,-0.11954018182546007,0.1560288392877404,-0.018651715818471973,0.3393471248764893,0.16466656977027697
1.0,50.0,0.02,8,uniform,-409.6794392539787,92.40429651193328,-422.1086554508231,12.429216196844383,-0.21701106116840915,0.22371224494713043,-0.04854803167234385,0.3692434407303612,0.09698316411088692
1.0,50.0,0.02,8,kmeans,-421.0888757369467,88.28195536122571,-433.5180919337911,12.429216196844383,-0.12792628236162656,0.25487215286326814,-0.032604846993302086,0.35330025605131943,0.06582325619474921
1.0,50.0,0.02,16,uniform,-409.6794392539787,92.40429651193328,-422.1086554508231,12.429216196844383,-0.21701106116840915,0.22371224494713043,-0.04854803167234385,0.3692434407303612,0.09698316411088692
1.0,50.0,0.02,16,kmeans,-421.0888757369467,88.28195536122571,-433.5180919337911,12.429216196844383,-0.12792628236162656,0.25487215286326814,-0.032604846993302086,0.35330025605131943,0.06582325619474921
1.0,50.0,0.02,32,uniform,-409.6794392539787,92.40429651193328,-422.1086554508231,12.429216196844383,-0.21701106116840915,0.22371224494713043,-0.04854803167234385,0.3692434407303612,0.09698316411088692
1.0,50.0,0.02,32,kmeans,-421.0888757369467,88.28195536122571,-433.5180919337911,12.429216196844383,-0.12792628236162656,0.25487215286326814,-0.032604846993302086,0.35330025605131943,0.06582325619474921
1.0,50.0,0.05,4,uniform,-403.50833442278736,94.71362790765511,-415.93755061963174,12.429216196844383,-0.22767833923001654,0.14344555647997978,-0.032659446069287335,0.3533548551273047,0.17724985257803758
1.0,50.0,0.05,4,kmeans,-412.5355691169163,91.35462921803553,-424.9647853137607,12.429216196844383,-0.12234214637606221,0.17417207830018122,-0.02130858589802374,0.3420039949560411,0.14652333075783613
1.0,50.0,0.05,8,uniform,-411.8419254443104,91.60845142161678,-424.27114164115477,12.429216196844383,-0.21098137982716653,0.22291526314127447,-0.047030969802082004,0.36772637886009935,0.09778014591674289
1.0,50.0,0.05,8,kmeans,-421.3544886635931,88.18820985594532,-433.78370486043747,12.429216196844383,-0.12804616676860192,0.25759278702766175,-0.032983768966132934,0.3536791780241503,0.0631026220303556
1.0,50.0,0.05,16,uniform,-411.8419254443104,91.60845142161678,-424.27114164115477,12.429216196844383,-0.21098137982716653,0.22291526314127447,-0.047030969802082004,0.36772637886009935,0.09778014591674289
1.0,50.0,0.05,16,kmeans,-421.3544886635931,88.18820985594532,-433.78370486043747,12.429216196844383,-0.12804616676860192,0.25759278702766175,-0.032983768966132934,0.3536791780241503,0.0631026220303556
1.0,50.0,0.05,32,uniform,-411.8419254443104,91.60845142161678,-424.27114164115477,12.429216196844383,-0.21098137982716653,0.22291526314127447,-0.047030969802082004,0.36772637886009935,0.09778014591674289
1.0,50.0,0.05,32,kmeans,-421.3544886635931,88.18820985594532,-433.78370486043747,12.429216196844383,-0.12804616676860192,0.25759278702766175,-0.032983768966132934,0.3536791780241503,0.0631026220303556
1.0,50.0,0.1,4,uniform,-401.6547346482149,95.41848235207924,-414.0839508450593,12.429216196844383,-0.22015042384005176,0.15932114558184787,-0.0350746177265264,0.3557700267845437,0.16137426347616948
1.0,50.0,0.1,4,kmeans,-410.81772545613865,91.98452273955631,-423.246941652983,12.429216196844383,-0.1106891606044649,0.1700931060479312,-0.01882746313305174,0.3395228721910691,0.15060230301008615
1.0,50.0,0.1,8,uniform,-411.8155187520582,91.61812823741076,-424.2447349489026,12.429216196844383,-0.19941022193962,0.22177447971115935,-0.04422409821974604,0.3649195072777634,0.098920929346858
1.0,50.0,0.1,8,kmeans,-419.4764139477018,88.8532007223212,-431.9056301445462,12.429216196844383,-0.12226134995820322,0.24979993717991386,-0.030540877539090627,0.351236286597108,0.0708954718781035
1.0,50.0,0.1,16,uniform,-411.8155187520582,91.61812823741076,-424.2447349489026,12.429216196844383,-0.19941022193962,0.22177447971115935,-0.04422409821974604,0.3649195072777634,0.098920929346858
1.0,50.0,0.1,16,kmeans,-419.4764139477018,88.8532007223212,-431.9056301445462,12.429216196844383,-0.12226134995820322,0.24979993717991386,-0.030540877539090627,0.351236286597108,0.0708954718781035
1.0,50.0,0.1,32,uniform,-411.8155187520582,91.61812823741076,-424.2447349489026,12.429216196844383,-0.19941022193962,0.22177447971115935,-0.04422409821974604,0.3649195072777634,0.098920929346858
1.0,50.0,0.1,32,kmeans,-419.4764139477018,88.8532007223212,-431.9056301445462,12.429216196844383,-0.12226134995820322,0.24979993717991386,-0.030540877539090627,0.351236286597108,0.0708954718781035
1.0,50.0,0.2,4,uniform,-393.04394183578876,98.76225193239182,-405.47315803263314,12.429216196844383,-0.16905147180590557,0.14103568372173134,-0.02384228991031088,0.34453769896832825,0.17965972533628602
1.0,50.0,0.2,4,kmeans,-404.2630330534737,94.42813806089805,-416.69224925031807,12.429216196844383,-0.033861418808051665,0.08855726135418512,-0.002998674515208151,0.3236940835732255,0.23213814770383223
1.0,50.0,0.2,8,uniform,-402.49497541107604,95.09832268225657,-414.9241916079204,12.429216196844383,-0.1732478523152958,0.22226825673064693,-0.03850749811644937,0.35920290717446673,0.09842715232737043
1.0,50.0,0.2,8,kmeans,-410.6480928357938,92.04695822184406,-423.0773090326382,12.429216196844383,-0.0861753839614546,0.18707105664542445,-0.016120920134494475,0.3368163291925118,0.1336243524125929
1.0,50.0,0.2,16,uniform,-402.49497541107604,95.09832268225657,-414.9241916079204,12.429216196844383,-0.1732478523152958,0.22226825673064693,-0.03850749811644937,0.35920290717446673,0.09842715232737043
1.0,50.0,0.2,16,kmeans,-410.6480928357938,92.04695822184406,-423.0773090326382,12.429216196844383,-0.0861753839614546,0.18707105664542445,-0.016120920134494475,0.3368163291925118,0.1336243524125929
1.0,50.0,0.2,32,uniform,-402.49497541107604,95.09832268225657,-414.9241916079204,12.429216196844383,-0.1732478523152958,0.22226825673064693,-0.03850749811644937,0.35920290717446673,0.09842715232737043
1.0,50.0,0.2,32,kmeans,-410.6480928357938,92.04695822184406,-423.0773090326382,12.429216196844383,-0.0861753839614546,0.18707105664542445,-0.016120920134494475,0.3368163291925118,0.1336243524125929
1.0,50.0,0.5,4,uniform,-421.2305056078022,88.23195607760012,-433.65972180464655,12.429216196844383,0.07385472991100717,0.020917541026412686,-0.0015448593429081205,0.32224026840092546,0.29977786803160467
1.0,50.0,0.5,4,kmeans,-440.8102707187069,81.58538583357743,-453.23948691555125,12.429216196844383,0.25121028129794687,0.12684029811832293,0.03186358697021934,0.288831822087798,0.19385511093969443
1.0,50.0,0.5,8,uniform,-399.05377216351854,96.41638393194361,-411.4829883603629,12.429216196844383,-0.024942267176607975,0.1101220514458121,-0.002746693629197614,0.32344210268721496,0.21057335761220525
1.0,50.0,0.5,8,kmeans,-412.4016959133951,91.40356206594036,-424.83091211023947,12.429216196844383,0.10181773964169312,0.03216756396081718,0.0032752286522699943,0.3174201804057474,0.2885278450972002
1.0,50.0,0.5,16,uniform,-399.05377216351854,96.41638393194361,-411.4829883603629,12.429216196844383,-0.024942267176607975,0.1101220514458121,-0.002746693629197614,0.32344210268721496,0.21057335761220525
1.0,50.0,0.5,16,kmeans,-412.4016959133951,91.40356206594036,-424.83091211023947,12.429216196844383,0.10181773964169312,0.03216756396081718,0.0032752286522699943,0.3174201804057474,0.2885278450972002
1.0,50.0,0.5,32,uniform,-399.05377216351854,96.41638393194361,-411.4829883603629,12.429216196844383,-0.024942267176607975,0.1101220514458121,-0.002746693629197614,0.32344210268721496,0.21057335761220525
1.0,50.0,0.5,32,kmeans,-412.4016959133951,91.40356206594036,-424.83091211023947,12.429216196844383,0.10181773964169312,0.03216756396081718,0.0032752286522699943,0.3174201804057474,0.2885278450972002
